replicate,step,stage,subphase,stream_key_posthoc,family,branch,route_margin,active_k_before,active_k_after
0,1,A_STORY_ONLY,story-only,STORY,STORY,0,0.0,1,1
0,2,A_STORY_ONLY,story-only,STORY,STORY,0,0.0,1,1
0,3,A_STORY_ONLY,story-only,STORY,STORY,0,0.0,1,1
0,4,A_STORY_ONLY,story-only,STORY,STORY,0,0.0,1,1
0,5,A_STORY_ONLY,story-only,STORY,STORY,0,0.0,1,1
0,6,A_STORY_ONLY,story-only,STORY,STORY,0,0.0,1,1
0,7,A_STORY_ONLY,story-only,STORY,STORY,0,0.0,1,1
0,8,A_STORY_ONLY,story-only,STORY,STORY,0,0.0,1,1
0,9,A_STORY_ONLY,story-only,STORY,STORY,0,0.0,1,1
0,10,A_STORY_ONLY,story-only,STORY,STORY,0,0.0,1,1
0,11,A_STORY_ONLY,story-only,STORY,STORY,0,0.0,1,1
0,12,A_STORY_ONLY,story-only,STORY,STORY,0,0.0,1,1
0,13,A_STORY_ONLY,story-only,STORY,STORY,0,0.0,1,1
0,14,A_STORY_ONLY,story-only,STORY,STORY,0,0.0,1,1
0,15,A_STORY_ONLY,story-only,STORY,STORY,0,0.0,1,1
0,16,A_STORY_ONLY,story-only,STORY,STORY,0,0.0,1,1
0,17,A_STORY_ONLY,story-only,STORY,STORY,0,0.0,1,1
0,18,A_STORY_ONLY,story-only,STORY,STORY,0,0.0,1,1
0,19,A_STORY_ONLY,story-only,STORY,STORY,0,0.0,1,1
0,20,A_STORY_ONLY,story-only,STORY,STORY,0,0.0,1,1
0,21,A_STORY_ONLY,story-only,STORY,STORY,0,0.0,1,1
0,22,A_STORY_ONLY,story-only,STORY,STORY,0,0.0,1,1
0,23,A_STORY_ONLY,story-only,STORY,STORY,0,0.0,1,1
0,24,A_STORY_ONLY,story-only,STORY,STORY,0,0.0,1,1
0,25,A_STORY_ONLY,story-only,STORY,STORY,0,0.0,1,1
0,26,A_STORY_ONLY,story-only,STORY,STORY,0,0.0,1,1
0,27,A_STORY_ONLY,story-only,STORY,STORY,0,0.0,1,1
0,28,A_STORY_ONLY,story-only,STORY,STORY,0,0.0,1,1
0,29,A_STORY_ONLY,story-only,STORY,STORY,0,0.0,1,1
0,30,A_STORY_ONLY,story-only,STORY,STORY,0,0.0,1,1
0,31,A_STORY_ONLY,story-only,STORY,STORY,0,0.0,1,1
0,32,A_STORY_ONLY,story-only,STORY,STORY,0,0.0,1,1
0,33,A_STORY_ONLY,story-only,STORY,STORY,0,0.0,1,1
0,34,A_STORY_ONLY,story-only,STORY,STORY,0,0.0,1,1
0,35,A_STORY_ONLY,story-only,STORY,STORY,0,0.0,1,1
0,36,A_STORY_ONLY,story-only,STORY,STORY,0,0.0,1,1
0,37,A_STORY_ONLY,story-only,STORY,STORY,0,0.0,1,1
0,38,A_STORY_ONLY,story-only,STORY,STORY,0,0.0,1,1
0,39,A_STORY_ONLY,story-only,STORY,STORY,0,0.0,1,1
0,40,A_STORY_ONLY,story-only,STORY,STORY,0,0.0,1,1
0,41,A_STORY_ONLY,story-only,STORY,STORY,0,0.0,1,1
0,42,A_STORY_ONLY,story-only,STORY,STORY,0,0.0,1,1
0,43,A_STORY_ONLY,story-only,STORY,STORY,0,0.0,1,1
0,44,A_STORY_ONLY,story-only,STORY,STORY,0,0.0,1,1
0,45,A_STORY_ONLY,story-only,STORY,STORY,0,0.0,1,1
0,46,A_STORY_ONLY,story-only,STORY,STORY,0,0.0,1,1
0,47,A_STORY_ONLY,story-only,STORY,STORY,0,0.0,1,1
0,48,A_STORY_ONLY,story-only,STORY,STORY,0,0.0,1,1
0,49,A_STORY_ONLY,story-only,STORY,STORY,0,0.0,1,1
0,50,A_STORY_ONLY,story-only,STORY,STORY,0,0.0,1,1
0,51,A_STORY_ONLY,story-only,STORY,STORY,0,0.0,1,1
0,52,A_STORY_ONLY,story-only,STORY,STORY,0,0.0,1,1
0,53,A_STORY_ONLY,story-only,STORY,STORY,0,0.0,1,1
0,54,A_STORY_ONLY,story-only,STORY,STORY,0,0.0,1,1
0,55,A_STORY_ONLY,story-only,STORY,STORY,0,0.0,1,1
0,56,A_STORY_ONLY,story-only,STORY,STORY,0,0.0,1,1
0,57,A_STORY_ONLY,story-only,STORY,STORY,0,0.0,1,1
0,58,A_STORY_ONLY,story-only,STORY,STORY,0,0.0,1,1
0,59,A_STORY_ONLY,story-only,STORY,STORY,0,0.0,1,1
0,60,A_STORY_ONLY,story-only,STORY,STORY,0,0.0,1,1
0,61,A_STORY_ONLY,story-only,STORY,STORY,0,0.0,1,1
0,62,A_STORY_ONLY,story-only,STORY,STORY,0,0.0,1,1
0,63,A_STORY_ONLY,story-only,STORY,STORY,0,0.0,1,1
0,64,A_STORY_ONLY,story-only,STORY,STORY,0,0.0,1,1
0,65,A_STORY_ONLY,story-only,STORY,STORY,0,0.0,1,1
0,66,A_STORY_ONLY,story-only,STORY,STORY,0,0.0,1,1
0,67,A_STORY_ONLY,story-only,STORY,STORY,0,0.0,1,1
0,68,A_STORY_ONLY,story-only,STORY,STORY,0,0.0,1,1
0,69,A_STORY_ONLY,story-only,STORY,STORY,0,0.0,1,1
0,70,A_STORY_ONLY,story-only,STORY,STORY,0,0.0,1,1
0,71,A_STORY_ONLY,story-only,STORY,STORY,0,0.0,1,1
0,72,A_STORY_ONLY,story-only,STORY,STORY,0,0.0,1,1
0,73,A_STORY_ONLY,story-only,STORY,STORY,0,0.0,1,1
0,74,A_STORY_ONLY,story-only,STORY,STORY,0,0.0,1,1
0,75,A_STORY_ONLY,story-only,STORY,STORY,0,0.0,1,1
0,76,A_STORY_ONLY,story-only,STORY,STORY,0,0.0,1,1
0,77,A_STORY_ONLY,story-only,STORY,STORY,0,0.0,1,1
0,78,A_STORY_ONLY,story-only,STORY,STORY,0,0.0,1,1
0,79,A_STORY_ONLY,story-only,STORY,STORY,0,0.0,1,1
0,80,A_STORY_ONLY,story-only,STORY,STORY,0,0.0,1,1
0,81,A_STORY_ONLY,story-only,STORY,STORY,0,0.0,1,1
0,82,A_STORY_ONLY,story-only,STORY,STORY,0,0.0,1,1
0,83,A_STORY_ONLY,story-only,STORY,STORY,0,0.0,1,1
0,84,A_STORY_ONLY,story-only,STORY,STORY,0,0.0,1,1
0,85,A_STORY_ONLY,story-only,STORY,STORY,0,0.0,1,1
0,86,A_STORY_ONLY,story-only,STORY,STORY,0,0.0,1,1
0,87,A_STORY_ONLY,story-only,STORY,STORY,0,0.0,1,1
0,88,A_STORY_ONLY,story-only,STORY,STORY,0,0.0,1,1
0,89,A_STORY_ONLY,story-only,STORY,STORY,0,0.0,1,1
0,90,A_STORY_ONLY,story-only,STORY,STORY,0,0.0,1,1
0,91,A_STORY_ONLY,story-only,STORY,STORY,0,0.0,1,1
0,92,A_STORY_ONLY,story-only,STORY,STORY,0,0.0,1,1
0,93,A_STORY_ONLY,story-only,STORY,STORY,0,0.0,1,1
0,94,A_STORY_ONLY,story-only,STORY,STORY,0,0.0,1,1
0,95,A_STORY_ONLY,story-only,STORY,STORY,0,0.0,1,1
0,96,A_STORY_ONLY,story-only,STORY,STORY,0,0.0,1,1
0,97,A_STORY_ONLY,story-only,STORY,STORY,0,0.0,1,1
0,98,A_STORY_ONLY,story-only,STORY,STORY,0,0.0,1,1
0,99,A_STORY_ONLY,story-only,STORY,STORY,0,0.0,1,1
0,100,A_STORY_ONLY,story-only,STORY,STORY,0,0.0,1,1
0,101,A_STORY_ONLY,story-only,STORY,STORY,0,0.0,1,1
0,102,A_STORY_ONLY,story-only,STORY,STORY,0,0.0,1,1
0,103,A_STORY_ONLY,story-only,STORY,STORY,0,0.0,1,1
0,104,A_STORY_ONLY,story-only,STORY,STORY,0,0.0,1,1
0,105,A_STORY_ONLY,story-only,STORY,STORY,0,0.0,1,1
0,106,A_STORY_ONLY,story-only,STORY,STORY,0,0.0,1,1
0,107,A_STORY_ONLY,story-only,STORY,STORY,0,0.0,1,1
0,108,A_STORY_ONLY,story-only,STORY,STORY,0,0.0,1,1
0,109,A_STORY_ONLY,story-only,STORY,STORY,0,0.0,1,1
0,110,A_STORY_ONLY,story-only,STORY,STORY,0,0.0,1,1
0,111,A_STORY_ONLY,story-only,STORY,STORY,0,0.0,1,1
0,112,A_STORY_ONLY,story-only,STORY,STORY,0,0.0,1,1
0,113,A_STORY_ONLY,story-only,STORY,STORY,0,0.0,1,1
0,114,A_STORY_ONLY,story-only,STORY,STORY,0,0.0,1,1
0,115,A_STORY_ONLY,story-only,STORY,STORY,0,0.0,1,1
0,116,A_STORY_ONLY,story-only,STORY,STORY,0,0.0,1,1
0,117,A_STORY_ONLY,story-only,STORY,STORY,0,0.0,1,1
0,118,A_STORY_ONLY,story-only,STORY,STORY,0,0.0,1,1
0,119,A_STORY_ONLY,story-only,STORY,STORY,0,0.0,1,1
0,120,A_STORY_ONLY,story-only,STORY,STORY,0,0.0,1,1
0,121,A_STORY_ONLY,story-only,STORY,STORY,0,0.0,1,1
0,122,A_STORY_ONLY,story-only,STORY,STORY,0,0.0,1,1
0,123,A_STORY_ONLY,story-only,STORY,STORY,0,0.0,1,1
0,124,A_STORY_ONLY,story-only,STORY,STORY,0,0.0,1,1
0,125,A_STORY_ONLY,story-only,STORY,STORY,0,0.0,1,1
0,126,A_STORY_ONLY,story-only,STORY,STORY,0,0.0,1,1
0,127,A_STORY_ONLY,story-only,STORY,STORY,0,0.0,1,1
0,128,A_STORY_ONLY,story-only,STORY,STORY,0,0.0,1,1
0,129,A_STORY_ONLY,story-only,STORY,STORY,0,0.0,1,1
0,130,A_STORY_ONLY,story-only,STORY,STORY,0,0.0,1,1
0,131,A_STORY_ONLY,story-only,STORY,STORY,0,0.0,1,1
0,132,A_STORY_ONLY,story-only,STORY,STORY,0,0.0,1,1
0,133,A_STORY_ONLY,story-only,STORY,STORY,0,0.0,1,1
0,134,A_STORY_ONLY,story-only,STORY,STORY,0,0.0,1,1
0,135,A_STORY_ONLY,story-only,STORY,STORY,0,0.0,1,1
0,136,A_STORY_ONLY,story-only,STORY,STORY,0,0.0,1,1
0,137,A_STORY_ONLY,story-only,STORY,STORY,0,0.0,1,1
0,138,A_STORY_ONLY,story-only,STORY,STORY,0,0.0,1,1
0,139,A_STORY_ONLY,story-only,STORY,STORY,0,0.0,1,1
0,140,A_STORY_ONLY,story-only,STORY,STORY,0,0.0,1,1
0,141,A_STORY_ONLY,story-only,STORY,STORY,0,0.0,1,1
0,142,A_STORY_ONLY,story-only,STORY,STORY,0,0.0,1,1
0,143,A_STORY_ONLY,story-only,STORY,STORY,0,0.0,1,1
0,144,A_STORY_ONLY,story-only,STORY,STORY,0,0.0,1,1
0,145,A_STORY_ONLY,story-only,STORY,STORY,0,0.0,1,1
0,146,A_STORY_ONLY,story-only,STORY,STORY,0,0.0,1,1
0,147,A_STORY_ONLY,story-only,STORY,STORY,0,0.0,1,1
0,148,A_STORY_ONLY,story-only,STORY,STORY,0,0.0,1,1
0,149,A_STORY_ONLY,story-only,STORY,STORY,0,0.0,1,1
0,150,A_STORY_ONLY,story-only,STORY,STORY,0,0.0,1,1
0,151,A_STORY_ONLY,story-only,STORY,STORY,0,0.0,1,1
0,152,A_STORY_ONLY,story-only,STORY,STORY,0,0.0,1,1
0,153,A_STORY_ONLY,story-only,STORY,STORY,0,0.0,1,1
0,154,A_STORY_ONLY,story-only,STORY,STORY,0,0.0,1,1
0,155,A_STORY_ONLY,story-only,STORY,STORY,0,0.0,1,1
0,156,A_STORY_ONLY,story-only,STORY,STORY,0,0.0,1,1
0,157,A_STORY_ONLY,story-only,STORY,STORY,0,0.0,1,1
0,158,A_STORY_ONLY,story-only,STORY,STORY,0,0.0,1,1
0,159,A_STORY_ONLY,story-only,STORY,STORY,0,0.0,1,1
0,160,A_STORY_ONLY,story-only,STORY,STORY,0,0.0,1,1
0,161,A_STORY_ONLY,story-only,STORY,STORY,0,0.0,1,1
0,162,A_STORY_ONLY,story-only,STORY,STORY,0,0.0,1,1
0,163,A_STORY_ONLY,story-only,STORY,STORY,0,0.0,1,1
0,164,A_STORY_ONLY,story-only,STORY,STORY,0,0.0,1,1
0,165,A_STORY_ONLY,story-only,STORY,STORY,0,0.0,1,1
0,166,A_STORY_ONLY,story-only,STORY,STORY,0,0.0,1,1
0,167,A_STORY_ONLY,story-only,STORY,STORY,0,0.0,1,1
0,168,A_STORY_ONLY,story-only,STORY,STORY,0,0.0,1,1
0,169,A_STORY_ONLY,story-only,STORY,STORY,0,0.0,1,1
0,170,A_STORY_ONLY,story-only,STORY,STORY,0,0.0,1,1
0,171,A_STORY_ONLY,story-only,STORY,STORY,0,0.0,1,1
0,172,A_STORY_ONLY,story-only,STORY,STORY,0,0.0,1,1
0,173,A_STORY_ONLY,story-only,STORY,STORY,0,0.0,1,1
0,174,A_STORY_ONLY,story-only,STORY,STORY,0,0.0,1,1
0,175,A_STORY_ONLY,story-only,STORY,STORY,0,0.0,1,1
0,176,A_STORY_ONLY,story-only,STORY,STORY,0,0.0,1,1
0,177,A_STORY_ONLY,story-only,STORY,STORY,0,0.0,1,1
0,178,A_STORY_ONLY,story-only,STORY,STORY,0,0.0,1,1
0,179,A_STORY_ONLY,story-only,STORY,STORY,0,0.0,1,1
0,180,A_STORY_ONLY,story-only,STORY,STORY,0,0.0,1,1
0,181,A_STORY_ONLY,story-only,STORY,STORY,0,0.0,1,1
0,182,A_STORY_ONLY,story-only,STORY,STORY,0,0.0,1,1
0,183,A_STORY_ONLY,story-only,STORY,STORY,0,0.0,1,1
0,184,A_STORY_ONLY,story-only,STORY,STORY,0,0.0,1,1
0,185,A_STORY_ONLY,story-only,STORY,STORY,0,0.0,1,1
0,186,A_STORY_ONLY,story-only,STORY,STORY,0,0.0,1,1
0,187,A_STORY_ONLY,story-only,STORY,STORY,0,0.0,1,1
0,188,A_STORY_ONLY,story-only,STORY,STORY,0,0.0,1,1
0,189,A_STORY_ONLY,story-only,STORY,STORY,0,0.0,1,1
0,190,A_STORY_ONLY,story-only,STORY,STORY,0,0.0,1,1
0,191,A_STORY_ONLY,story-only,STORY,STORY,0,0.0,1,1
0,192,A_STORY_ONLY,story-only,STORY,STORY,0,0.0,1,1
0,193,B_EMERGING_MATH,math-10,STORY,STORY,0,0.0,1,1
0,194,B_EMERGING_MATH,math-10,STORY,STORY,0,0.0,1,1
0,195,B_EMERGING_MATH,math-10,STORY,STORY,0,0.0,1,1
0,196,B_EMERGING_MATH,math-10,ARITH_A,ARITHMETIC,0,0.0,1,1
0,197,B_EMERGING_MATH,math-10,STORY,STORY,0,0.0,1,1
0,198,B_EMERGING_MATH,math-10,STORY,STORY,0,0.0,1,1
0,199,B_EMERGING_MATH,math-10,STORY,STORY,0,0.0,1,1
0,200,B_EMERGING_MATH,math-10,STORY,STORY,0,0.0,1,1
0,201,B_EMERGING_MATH,math-10,ARITH_A,ARITHMETIC,0,0.0,1,1
0,202,B_EMERGING_MATH,math-10,STORY,STORY,0,0.0,1,1
0,203,B_EMERGING_MATH,math-10,STORY,STORY,0,0.0,1,1
0,204,B_EMERGING_MATH,math-10,STORY,STORY,0,0.0,1,1
0,205,B_EMERGING_MATH,math-10,STORY,STORY,0,0.0,1,1
0,206,B_EMERGING_MATH,math-10,STORY,STORY,0,0.0,1,1
0,207,B_EMERGING_MATH,math-10,STORY,STORY,0,0.0,1,1
0,208,B_EMERGING_MATH,math-10,STORY,STORY,0,0.0,1,1
0,209,B_EMERGING_MATH,math-10,STORY,STORY,0,0.0,1,1
0,210,B_EMERGING_MATH,math-10,ARITH_A,ARITHMETIC,0,0.0,1,1
0,211,B_EMERGING_MATH,math-10,STORY,STORY,0,0.0,1,1
0,212,B_EMERGING_MATH,math-10,STORY,STORY,0,0.0,1,1
0,213,B_EMERGING_MATH,math-10,STORY,STORY,0,0.0,1,1
0,214,B_EMERGING_MATH,math-10,STORY,STORY,0,0.0,1,1
0,215,B_EMERGING_MATH,math-10,STORY,STORY,0,0.0,1,1
0,216,B_EMERGING_MATH,math-10,STORY,STORY,0,0.0,1,1
0,217,B_EMERGING_MATH,math-10,STORY,STORY,0,0.0,1,1
0,218,B_EMERGING_MATH,math-10,STORY,STORY,0,0.0,1,1
0,219,B_EMERGING_MATH,math-10,STORY,STORY,0,0.0,1,1
0,220,B_EMERGING_MATH,math-10,STORY,STORY,0,0.0,1,1
0,221,B_EMERGING_MATH,math-10,STORY,STORY,0,0.0,1,1
0,222,B_EMERGING_MATH,math-10,STORY,STORY,0,0.0,1,1
0,223,B_EMERGING_MATH,math-10,STORY,STORY,0,0.0,1,1
0,224,B_EMERGING_MATH,math-10,STORY,STORY,0,0.0,1,1
0,225,B_EMERGING_MATH,math-10,ARITH_A,ARITHMETIC,0,0.0,1,1
0,226,B_EMERGING_MATH,math-10,STORY,STORY,0,0.0,1,1
0,227,B_EMERGING_MATH,math-10,ARITH_A,ARITHMETIC,0,0.0,1,1
0,228,B_EMERGING_MATH,math-10,STORY,STORY,0,0.0,1,1
0,229,B_EMERGING_MATH,math-10,STORY,STORY,0,0.0,1,1
0,230,B_EMERGING_MATH,math-10,STORY,STORY,0,0.0,1,1
0,231,B_EMERGING_MATH,math-10,STORY,STORY,0,0.0,1,1
0,232,B_EMERGING_MATH,math-10,STORY,STORY,0,0.0,1,1
0,233,B_EMERGING_MATH,math-10,STORY,STORY,0,0.0,1,1
0,234,B_EMERGING_MATH,math-10,STORY,STORY,0,0.0,1,1
0,235,B_EMERGING_MATH,math-10,STORY,STORY,0,0.0,1,1
0,236,B_EMERGING_MATH,math-10,STORY,STORY,0,0.0,1,1
0,237,B_EMERGING_MATH,math-10,ARITH_A,ARITHMETIC,0,0.0,1,1
0,238,B_EMERGING_MATH,math-10,STORY,STORY,0,0.0,1,1
0,239,B_EMERGING_MATH,math-10,STORY,STORY,0,0.0,1,1
0,240,B_EMERGING_MATH,math-10,STORY,STORY,0,0.0,1,1
0,241,B_EMERGING_MATH,math-10,STORY,STORY,0,0.0,1,1
0,242,B_EMERGING_MATH,math-10,STORY,STORY,0,0.0,1,1
0,243,B_EMERGING_MATH,math-10,STORY,STORY,0,0.0,1,1
0,244,B_EMERGING_MATH,math-10,STORY,STORY,0,0.0,1,1
0,245,B_EMERGING_MATH,math-10,STORY,STORY,0,0.0,1,1
0,246,B_EMERGING_MATH,math-10,STORY,STORY,0,0.0,1,1
0,247,B_EMERGING_MATH,math-10,STORY,STORY,0,0.0,1,1
0,248,B_EMERGING_MATH,math-10,ARITH_A,ARITHMETIC,0,0.0,1,1
0,249,B_EMERGING_MATH,math-10,STORY,STORY,0,0.0,1,1
0,250,B_EMERGING_MATH,math-10,STORY,STORY,0,0.0,1,1
0,251,B_EMERGING_MATH,math-10,STORY,STORY,0,0.0,1,1
0,252,B_EMERGING_MATH,math-10,ARITH_A,ARITHMETIC,0,0.0,1,1
0,253,B_EMERGING_MATH,math-10,STORY,STORY,0,0.0,1,1
0,254,B_EMERGING_MATH,math-10,STORY,STORY,0,0.0,1,1
0,255,B_EMERGING_MATH,math-10,STORY,STORY,0,0.0,1,1
0,256,B_EMERGING_MATH,math-10,STORY,STORY,0,0.0,1,1
0,257,B_EMERGING_MATH,math-10,STORY,STORY,0,0.0,1,1
0,258,B_EMERGING_MATH,math-10,STORY,STORY,0,0.0,1,1
0,259,B_EMERGING_MATH,math-10,STORY,STORY,0,0.0,1,1
0,260,B_EMERGING_MATH,math-10,STORY,STORY,0,0.0,1,1
0,261,B_EMERGING_MATH,math-10,STORY,STORY,0,0.0,1,1
0,262,B_EMERGING_MATH,math-10,STORY,STORY,0,0.0,1,1
0,263,B_EMERGING_MATH,math-10,STORY,STORY,0,0.0,1,1
0,264,B_EMERGING_MATH,math-10,STORY,STORY,0,0.0,1,1
0,265,B_EMERGING_MATH,math-10,STORY,STORY,0,0.0,1,1
0,266,B_EMERGING_MATH,math-10,STORY,STORY,0,0.0,1,1
0,267,B_EMERGING_MATH,math-10,STORY,STORY,0,0.0,1,1
0,268,B_EMERGING_MATH,math-10,STORY,STORY,0,0.0,1,1
0,269,B_EMERGING_MATH,math-10,STORY,STORY,0,0.0,1,1
0,270,B_EMERGING_MATH,math-10,STORY,STORY,0,0.0,1,1
0,271,B_EMERGING_MATH,math-10,STORY,STORY,0,0.0,1,1
0,272,B_EMERGING_MATH,math-10,STORY,STORY,0,0.0,1,1
0,273,B_EMERGING_MATH,math-10,STORY,STORY,0,0.0,1,1
0,274,B_EMERGING_MATH,math-10,STORY,STORY,0,0.0,1,1
0,275,B_EMERGING_MATH,math-10,STORY,STORY,0,0.0,1,1
0,276,B_EMERGING_MATH,math-10,STORY,STORY,0,0.0,1,1
0,277,B_EMERGING_MATH,math-10,STORY,STORY,0,0.0,1,1
0,278,B_EMERGING_MATH,math-10,STORY,STORY,0,0.0,1,1
0,279,B_EMERGING_MATH,math-10,STORY,STORY,0,0.0,1,1
0,280,B_EMERGING_MATH,math-10,STORY,STORY,0,0.0,1,1
0,281,B_EMERGING_MATH,math-10,STORY,STORY,0,0.0,1,1
0,282,B_EMERGING_MATH,math-10,STORY,STORY,0,0.0,1,1
0,283,B_EMERGING_MATH,math-10,STORY,STORY,0,0.0,1,1
0,284,B_EMERGING_MATH,math-10,STORY,STORY,0,0.0,1,1
0,285,B_EMERGING_MATH,math-10,STORY,STORY,0,0.0,1,1
0,286,B_EMERGING_MATH,math-10,STORY,STORY,0,0.0,1,1
0,287,B_EMERGING_MATH,math-10,STORY,STORY,0,0.0,1,1
0,288,B_EMERGING_MATH,math-10,ARITH_A,ARITHMETIC,0,0.0,1,1
0,289,B_EMERGING_MATH,math-10,STORY,STORY,0,0.0,1,1
0,290,B_EMERGING_MATH,math-10,STORY,STORY,0,0.0,1,1
0,291,B_EMERGING_MATH,math-10,STORY,STORY,0,0.0,1,1
0,292,B_EMERGING_MATH,math-10,STORY,STORY,0,0.0,1,1
0,293,B_EMERGING_MATH,math-10,STORY,STORY,0,0.0,1,1
0,294,B_EMERGING_MATH,math-10,STORY,STORY,0,0.0,1,1
0,295,B_EMERGING_MATH,math-10,STORY,STORY,0,0.0,1,1
0,296,B_EMERGING_MATH,math-10,STORY,STORY,0,0.0,1,1
0,297,B_EMERGING_MATH,math-10,STORY,STORY,0,0.0,1,1
0,298,B_EMERGING_MATH,math-10,STORY,STORY,0,0.0,1,1
0,299,B_EMERGING_MATH,math-10,STORY,STORY,0,0.0,1,1
0,300,B_EMERGING_MATH,math-10,STORY,STORY,0,0.0,1,1
0,301,B_EMERGING_MATH,math-10,STORY,STORY,0,0.0,1,1
0,302,B_EMERGING_MATH,math-10,STORY,STORY,0,0.0,1,1
0,303,B_EMERGING_MATH,math-10,STORY,STORY,0,0.0,1,1
0,304,B_EMERGING_MATH,math-10,STORY,STORY,0,0.0,1,1
0,305,B_EMERGING_MATH,math-10,STORY,STORY,0,0.0,1,1
0,306,B_EMERGING_MATH,math-10,STORY,STORY,0,0.0,1,1
0,307,B_EMERGING_MATH,math-10,ARITH_A,ARITHMETIC,0,0.0,1,1
0,308,B_EMERGING_MATH,math-10,STORY,STORY,0,0.0,1,1
0,309,B_EMERGING_MATH,math-10,STORY,STORY,0,0.0,1,1
0,310,B_EMERGING_MATH,math-10,STORY,STORY,0,0.0,1,1
0,311,B_EMERGING_MATH,math-10,STORY,STORY,0,0.0,1,1
0,312,B_EMERGING_MATH,math-10,STORY,STORY,0,0.0,1,1
0,313,B_EMERGING_MATH,math-10,STORY,STORY,0,0.0,1,1
0,314,B_EMERGING_MATH,math-10,ARITH_A,ARITHMETIC,0,0.0,1,1
0,315,B_EMERGING_MATH,math-10,ARITH_A,ARITHMETIC,0,0.0,1,1
0,316,B_EMERGING_MATH,math-10,STORY,STORY,0,0.0,1,1
0,317,B_EMERGING_MATH,math-10,STORY,STORY,0,0.0,1,1
0,318,B_EMERGING_MATH,math-10,STORY,STORY,0,0.0,1,1
0,319,B_EMERGING_MATH,math-10,ARITH_A,ARITHMETIC,0,0.0,1,1
0,320,B_EMERGING_MATH,math-10,STORY,STORY,0,0.0,1,1
0,321,B_EMERGING_MATH,math-30,STORY,STORY,0,0.0,1,1
0,322,B_EMERGING_MATH,math-30,STORY,STORY,0,0.0,1,1
0,323,B_EMERGING_MATH,math-30,STORY,STORY,0,0.0,1,1
0,324,B_EMERGING_MATH,math-30,ARITH_A,ARITHMETIC,0,0.0,1,1
0,325,B_EMERGING_MATH,math-30,ARITH_A,ARITHMETIC,0,0.0,1,1
0,326,B_EMERGING_MATH,math-30,ARITH_A,ARITHMETIC,0,0.0,1,1
0,327,B_EMERGING_MATH,math-30,STORY,STORY,0,0.0,1,1
0,328,B_EMERGING_MATH,math-30,STORY,STORY,0,0.0,1,1
0,329,B_EMERGING_MATH,math-30,ARITH_A,ARITHMETIC,0,0.0,1,1
0,330,B_EMERGING_MATH,math-30,STORY,STORY,0,0.0,1,1
0,331,B_EMERGING_MATH,math-30,STORY,STORY,0,0.0,1,1
0,332,B_EMERGING_MATH,math-30,ARITH_A,ARITHMETIC,0,0.0,1,1
0,333,B_EMERGING_MATH,math-30,ARITH_A,ARITHMETIC,0,0.0,1,1
0,334,B_EMERGING_MATH,math-30,STORY,STORY,0,0.0,1,1
0,335,B_EMERGING_MATH,math-30,STORY,STORY,0,0.0,1,1
0,336,B_EMERGING_MATH,math-30,STORY,STORY,0,0.0,1,1
0,337,B_EMERGING_MATH,math-30,STORY,STORY,0,0.0,1,1
0,338,B_EMERGING_MATH,math-30,STORY,STORY,0,0.0,1,1
0,339,B_EMERGING_MATH,math-30,ARITH_A,ARITHMETIC,0,0.0,1,1
0,340,B_EMERGING_MATH,math-30,STORY,STORY,0,0.0,1,1
0,341,B_EMERGING_MATH,math-30,STORY,STORY,0,0.0,1,1
0,342,B_EMERGING_MATH,math-30,STORY,STORY,0,0.0,1,1
0,343,B_EMERGING_MATH,math-30,STORY,STORY,0,0.0,1,1
0,344,B_EMERGING_MATH,math-30,STORY,STORY,0,0.0,1,1
0,345,B_EMERGING_MATH,math-30,STORY,STORY,0,0.0,1,1
0,346,B_EMERGING_MATH,math-30,STORY,STORY,0,0.0,1,1
0,347,B_EMERGING_MATH,math-30,STORY,STORY,0,0.0,1,1
0,348,B_EMERGING_MATH,math-30,ARITH_A,ARITHMETIC,0,0.0,1,1
0,349,B_EMERGING_MATH,math-30,ARITH_A,ARITHMETIC,0,0.0,1,1
0,350,B_EMERGING_MATH,math-30,STORY,STORY,0,0.0,1,1
0,351,B_EMERGING_MATH,math-30,STORY,STORY,0,0.0,1,1
0,352,B_EMERGING_MATH,math-30,STORY,STORY,0,0.0,1,1
0,353,B_EMERGING_MATH,math-30,STORY,STORY,0,0.0,1,1
0,354,B_EMERGING_MATH,math-30,ARITH_A,ARITHMETIC,0,0.0,1,1
0,355,B_EMERGING_MATH,math-30,STORY,STORY,0,0.0,1,1
0,356,B_EMERGING_MATH,math-30,STORY,STORY,0,0.0,1,1
0,357,B_EMERGING_MATH,math-30,STORY,STORY,0,0.0,1,1
0,358,B_EMERGING_MATH,math-30,STORY,STORY,0,0.0,1,1
0,359,B_EMERGING_MATH,math-30,STORY,STORY,0,0.0,1,1
0,360,B_EMERGING_MATH,math-30,STORY,STORY,0,0.0,1,1
0,361,B_EMERGING_MATH,math-30,STORY,STORY,0,0.0,1,1
0,362,B_EMERGING_MATH,math-30,STORY,STORY,0,0.0,1,1
0,363,B_EMERGING_MATH,math-30,ARITH_A,ARITHMETIC,0,0.0,1,1
0,364,B_EMERGING_MATH,math-30,STORY,STORY,0,0.0,1,1
0,365,B_EMERGING_MATH,math-30,STORY,STORY,0,0.0,1,1
0,366,B_EMERGING_MATH,math-30,STORY,STORY,0,0.0,1,1
0,367,B_EMERGING_MATH,math-30,STORY,STORY,0,0.0,1,1
0,368,B_EMERGING_MATH,math-30,STORY,STORY,0,0.0,1,1
0,369,B_EMERGING_MATH,math-30,STORY,STORY,0,0.0,1,1
0,370,B_EMERGING_MATH,math-30,ARITH_A,ARITHMETIC,0,0.0,1,1
0,371,B_EMERGING_MATH,math-30,ARITH_A,ARITHMETIC,0,0.0,1,1
0,372,B_EMERGING_MATH,math-30,ARITH_A,ARITHMETIC,0,0.0,1,1
0,373,B_EMERGING_MATH,math-30,STORY,STORY,0,0.0,1,1
0,374,B_EMERGING_MATH,math-30,STORY,STORY,0,0.0,1,1
0,375,B_EMERGING_MATH,math-30,ARITH_A,ARITHMETIC,0,0.0,1,1
0,376,B_EMERGING_MATH,math-30,STORY,STORY,0,0.0,1,1
0,377,B_EMERGING_MATH,math-30,ARITH_A,ARITHMETIC,0,0.0,1,1
0,378,B_EMERGING_MATH,math-30,ARITH_A,ARITHMETIC,0,0.0,1,1
0,379,B_EMERGING_MATH,math-30,STORY,STORY,0,0.0,1,1
0,380,B_EMERGING_MATH,math-30,STORY,STORY,0,0.0,1,1
0,381,B_EMERGING_MATH,math-30,STORY,STORY,0,0.0,1,1
0,382,B_EMERGING_MATH,math-30,ARITH_A,ARITHMETIC,0,0.0,1,1
0,383,B_EMERGING_MATH,math-30,STORY,STORY,0,0.0,1,1
0,384,B_EMERGING_MATH,math-30,ARITH_A,ARITHMETIC,0,0.0,1,1
0,385,B_EMERGING_MATH,math-30,STORY,STORY,0,0.0,1,1
0,386,B_EMERGING_MATH,math-30,ARITH_A,ARITHMETIC,0,0.0,1,1
0,387,B_EMERGING_MATH,math-30,ARITH_A,ARITHMETIC,0,0.0,1,1
0,388,B_EMERGING_MATH,math-30,STORY,STORY,0,0.0,1,1
0,389,B_EMERGING_MATH,math-30,ARITH_A,ARITHMETIC,0,0.0,1,1
0,390,B_EMERGING_MATH,math-30,ARITH_A,ARITHMETIC,0,0.0,1,1
0,391,B_EMERGING_MATH,math-30,STORY,STORY,0,0.0,1,1
0,392,B_EMERGING_MATH,math-30,ARITH_A,ARITHMETIC,0,0.0,1,1
0,393,B_EMERGING_MATH,math-30,ARITH_A,ARITHMETIC,0,0.0,1,1
0,394,B_EMERGING_MATH,math-30,ARITH_A,ARITHMETIC,0,0.0,1,1
0,395,B_EMERGING_MATH,math-30,STORY,STORY,0,0.0,1,1
0,396,B_EMERGING_MATH,math-30,STORY,STORY,0,0.0,1,1
0,397,B_EMERGING_MATH,math-30,STORY,STORY,0,0.0,1,1
0,398,B_EMERGING_MATH,math-30,STORY,STORY,0,0.0,1,1
0,399,B_EMERGING_MATH,math-30,STORY,STORY,0,0.0,1,1
0,400,B_EMERGING_MATH,math-30,STORY,STORY,0,0.0,1,1
0,401,B_EMERGING_MATH,math-30,STORY,STORY,0,0.0,1,1
0,402,B_EMERGING_MATH,math-30,STORY,STORY,0,0.0,1,1
0,403,B_EMERGING_MATH,math-30,STORY,STORY,0,0.0,1,1
0,404,B_EMERGING_MATH,math-30,ARITH_A,ARITHMETIC,0,0.0,1,1
0,405,B_EMERGING_MATH,math-30,ARITH_A,ARITHMETIC,0,0.0,1,1
0,406,B_EMERGING_MATH,math-30,STORY,STORY,0,0.0,1,1
0,407,B_EMERGING_MATH,math-30,STORY,STORY,0,0.0,1,1
0,408,B_EMERGING_MATH,math-30,STORY,STORY,0,0.0,1,1
0,409,B_EMERGING_MATH,math-30,STORY,STORY,0,0.0,1,1
0,410,B_EMERGING_MATH,math-30,STORY,STORY,0,0.0,1,1
0,411,B_EMERGING_MATH,math-30,STORY,STORY,0,0.0,1,1
0,412,B_EMERGING_MATH,math-30,STORY,STORY,0,0.0,1,1
0,413,B_EMERGING_MATH,math-30,ARITH_A,ARITHMETIC,0,0.0,1,1
0,414,B_EMERGING_MATH,math-30,STORY,STORY,0,0.0,1,1
0,415,B_EMERGING_MATH,math-30,STORY,STORY,0,0.0,1,1
0,416,B_EMERGING_MATH,math-30,ARITH_A,ARITHMETIC,0,0.0,1,1
0,417,B_EMERGING_MATH,math-30,ARITH_A,ARITHMETIC,0,0.0,1,1
0,418,B_EMERGING_MATH,math-30,STORY,STORY,0,0.0,1,1
0,419,B_EMERGING_MATH,math-30,ARITH_A,ARITHMETIC,0,0.0,1,1
0,420,B_EMERGING_MATH,math-30,STORY,STORY,0,0.0,1,1
0,421,B_EMERGING_MATH,math-30,STORY,STORY,0,0.0,1,1
0,422,B_EMERGING_MATH,math-30,STORY,STORY,0,0.0,1,1
0,423,B_EMERGING_MATH,math-30,STORY,STORY,0,0.0,1,1
0,424,B_EMERGING_MATH,math-30,STORY,STORY,0,0.0,1,1
0,425,B_EMERGING_MATH,math-30,ARITH_A,ARITHMETIC,0,0.0,1,1
0,426,B_EMERGING_MATH,math-30,ARITH_A,ARITHMETIC,0,0.0,1,1
0,427,B_EMERGING_MATH,math-30,STORY,STORY,0,0.0,1,1
0,428,B_EMERGING_MATH,math-30,ARITH_A,ARITHMETIC,0,0.0,1,1
0,429,B_EMERGING_MATH,math-30,STORY,STORY,0,0.0,1,1
0,430,B_EMERGING_MATH,math-30,STORY,STORY,0,0.0,1,1
0,431,B_EMERGING_MATH,math-30,STORY,STORY,0,0.0,1,1
0,432,B_EMERGING_MATH,math-30,ARITH_A,ARITHMETIC,0,0.0,1,1
0,433,B_EMERGING_MATH,math-30,STORY,STORY,0,0.0,1,1
0,434,B_EMERGING_MATH,math-30,STORY,STORY,0,0.0,1,1
0,435,B_EMERGING_MATH,math-30,ARITH_A,ARITHMETIC,0,0.0,1,1
0,436,B_EMERGING_MATH,math-30,STORY,STORY,0,0.0,1,1
0,437,B_EMERGING_MATH,math-30,STORY,STORY,0,0.0,1,1
0,438,B_EMERGING_MATH,math-30,STORY,STORY,0,0.0,1,1
0,439,B_EMERGING_MATH,math-30,STORY,STORY,0,0.0,1,1
0,440,B_EMERGING_MATH,math-30,STORY,STORY,0,0.0,1,1
0,441,B_EMERGING_MATH,math-30,STORY,STORY,0,0.0,1,1
0,442,B_EMERGING_MATH,math-30,STORY,STORY,0,0.0,1,1
0,443,B_EMERGING_MATH,math-30,STORY,STORY,0,0.0,1,1
0,444,B_EMERGING_MATH,math-30,STORY,STORY,0,0.0,1,1
0,445,B_EMERGING_MATH,math-30,ARITH_A,ARITHMETIC,0,0.0,1,1
0,446,B_EMERGING_MATH,math-30,STORY,STORY,0,0.0,1,1
0,447,B_EMERGING_MATH,math-30,STORY,STORY,0,0.0,1,1
0,448,B_EMERGING_MATH,math-30,STORY,STORY,0,0.0,1,1
0,449,B_EMERGING_MATH,math-50,ARITH_A,ARITHMETIC,0,0.0,1,1
0,450,B_EMERGING_MATH,math-50,ARITH_A,ARITHMETIC,0,0.0,1,1
0,451,B_EMERGING_MATH,math-50,STORY,STORY,0,0.0,1,1
0,452,B_EMERGING_MATH,math-50,STORY,STORY,0,0.0,1,1
0,453,B_EMERGING_MATH,math-50,ARITH_A,ARITHMETIC,0,0.0,1,1
0,454,B_EMERGING_MATH,math-50,ARITH_A,ARITHMETIC,0,0.0,1,1
0,455,B_EMERGING_MATH,math-50,STORY,STORY,0,0.0,1,1
0,456,B_EMERGING_MATH,math-50,ARITH_A,ARITHMETIC,0,0.0,1,1
0,457,B_EMERGING_MATH,math-50,ARITH_A,ARITHMETIC,0,0.0,1,1
0,458,B_EMERGING_MATH,math-50,STORY,STORY,0,0.0,1,1
0,459,B_EMERGING_MATH,math-50,STORY,STORY,0,0.0,1,1
0,460,B_EMERGING_MATH,math-50,STORY,STORY,0,0.0,1,1
0,461,B_EMERGING_MATH,math-50,ARITH_A,ARITHMETIC,0,0.0,1,1
0,462,B_EMERGING_MATH,math-50,STORY,STORY,0,0.0,1,1
0,463,B_EMERGING_MATH,math-50,ARITH_A,ARITHMETIC,0,0.0,1,1
0,464,B_EMERGING_MATH,math-50,STORY,STORY,0,0.0,1,1
0,465,B_EMERGING_MATH,math-50,ARITH_A,ARITHMETIC,0,0.0,1,1
0,466,B_EMERGING_MATH,math-50,ARITH_A,ARITHMETIC,0,0.0,1,1
0,467,B_EMERGING_MATH,math-50,ARITH_A,ARITHMETIC,0,0.0,1,1
0,468,B_EMERGING_MATH,math-50,STORY,STORY,0,0.0,1,1
0,469,B_EMERGING_MATH,math-50,STORY,STORY,0,0.0,1,1
0,470,B_EMERGING_MATH,math-50,STORY,STORY,0,0.0,1,1
0,471,B_EMERGING_MATH,math-50,ARITH_A,ARITHMETIC,0,0.0,1,1
0,472,B_EMERGING_MATH,math-50,ARITH_A,ARITHMETIC,0,0.0,1,1
0,473,B_EMERGING_MATH,math-50,ARITH_A,ARITHMETIC,0,0.0,1,1
0,474,B_EMERGING_MATH,math-50,ARITH_A,ARITHMETIC,0,0.0,1,1
0,475,B_EMERGING_MATH,math-50,ARITH_A,ARITHMETIC,0,0.0,1,1
0,476,B_EMERGING_MATH,math-50,ARITH_A,ARITHMETIC,0,0.0,1,1
0,477,B_EMERGING_MATH,math-50,STORY,STORY,0,0.0,1,1
0,478,B_EMERGING_MATH,math-50,ARITH_A,ARITHMETIC,0,0.0,1,1
0,479,B_EMERGING_MATH,math-50,ARITH_A,ARITHMETIC,0,0.0,1,1
0,480,B_EMERGING_MATH,math-50,STORY,STORY,0,0.0,1,1
0,481,B_EMERGING_MATH,math-50,STORY,STORY,0,0.0,1,1
0,482,B_EMERGING_MATH,math-50,ARITH_A,ARITHMETIC,0,0.0,1,1
0,483,B_EMERGING_MATH,math-50,ARITH_A,ARITHMETIC,0,0.0,1,1
0,484,B_EMERGING_MATH,math-50,ARITH_A,ARITHMETIC,0,0.0,1,1
0,485,B_EMERGING_MATH,math-50,STORY,STORY,0,0.0,1,1
0,486,B_EMERGING_MATH,math-50,ARITH_A,ARITHMETIC,0,0.0,1,1
0,487,B_EMERGING_MATH,math-50,STORY,STORY,0,0.0,1,1
0,488,B_EMERGING_MATH,math-50,ARITH_A,ARITHMETIC,0,0.0,1,1
0,489,B_EMERGING_MATH,math-50,STORY,STORY,0,0.0,1,1
0,490,B_EMERGING_MATH,math-50,ARITH_A,ARITHMETIC,0,0.0,1,1
0,491,B_EMERGING_MATH,math-50,ARITH_A,ARITHMETIC,0,0.0,1,1
0,492,B_EMERGING_MATH,math-50,STORY,STORY,0,0.0,1,1
0,493,B_EMERGING_MATH,math-50,ARITH_A,ARITHMETIC,0,0.0,1,1
0,494,B_EMERGING_MATH,math-50,STORY,STORY,0,0.0,1,1
0,495,B_EMERGING_MATH,math-50,STORY,STORY,0,0.0,1,1
0,496,B_EMERGING_MATH,math-50,ARITH_A,ARITHMETIC,0,0.0,1,1
0,497,B_EMERGING_MATH,math-50,ARITH_A,ARITHMETIC,0,0.0,1,1
0,498,B_EMERGING_MATH,math-50,STORY,STORY,0,0.0,1,1
0,499,B_EMERGING_MATH,math-50,ARITH_A,ARITHMETIC,0,0.0,1,1
0,500,B_EMERGING_MATH,math-50,ARITH_A,ARITHMETIC,0,0.0,1,1
0,501,B_EMERGING_MATH,math-50,ARITH_A,ARITHMETIC,0,0.0,1,1
0,502,B_EMERGING_MATH,math-50,ARITH_A,ARITHMETIC,0,0.0,1,1
0,503,B_EMERGING_MATH,math-50,ARITH_A,ARITHMETIC,0,0.0,1,1
0,504,B_EMERGING_MATH,math-50,STORY,STORY,0,0.0,1,1
0,505,B_EMERGING_MATH,math-50,STORY,STORY,0,0.0,1,1
0,506,B_EMERGING_MATH,math-50,STORY,STORY,0,0.0,1,1
0,507,B_EMERGING_MATH,math-50,ARITH_A,ARITHMETIC,0,0.0,1,1
0,508,B_EMERGING_MATH,math-50,STORY,STORY,0,0.0,1,1
0,509,B_EMERGING_MATH,math-50,ARITH_A,ARITHMETIC,0,0.0,1,1
0,510,B_EMERGING_MATH,math-50,STORY,STORY,0,0.0,1,1
0,511,B_EMERGING_MATH,math-50,ARITH_A,ARITHMETIC,0,0.0,1,1
0,512,B_EMERGING_MATH,math-50,STORY,STORY,0,0.0,1,1
0,513,B_EMERGING_MATH,math-50,ARITH_A,ARITHMETIC,0,0.0,1,1
0,514,B_EMERGING_MATH,math-50,ARITH_A,ARITHMETIC,0,0.0,1,1
0,515,B_EMERGING_MATH,math-50,STORY,STORY,0,0.0,1,1
0,516,B_EMERGING_MATH,math-50,STORY,STORY,0,0.0,1,1
0,517,B_EMERGING_MATH,math-50,ARITH_A,ARITHMETIC,0,0.0,1,1
0,518,B_EMERGING_MATH,math-50,ARITH_A,ARITHMETIC,0,0.0,1,1
0,519,B_EMERGING_MATH,math-50,STORY,STORY,0,0.0,1,1
0,520,B_EMERGING_MATH,math-50,ARITH_A,ARITHMETIC,0,0.0,1,1
0,521,B_EMERGING_MATH,math-50,ARITH_A,ARITHMETIC,0,0.0,1,1
0,522,B_EMERGING_MATH,math-50,STORY,STORY,0,0.0,1,1
0,523,B_EMERGING_MATH,math-50,ARITH_A,ARITHMETIC,0,0.0,1,1
0,524,B_EMERGING_MATH,math-50,ARITH_A,ARITHMETIC,0,0.0,1,1
0,525,B_EMERGING_MATH,math-50,ARITH_A,ARITHMETIC,0,0.0,1,1
0,526,B_EMERGING_MATH,math-50,ARITH_A,ARITHMETIC,0,0.0,1,1
0,527,B_EMERGING_MATH,math-50,STORY,STORY,0,0.0,1,1
0,528,B_EMERGING_MATH,math-50,STORY,STORY,0,0.0,1,1
0,529,B_EMERGING_MATH,math-50,ARITH_A,ARITHMETIC,0,0.0,1,1
0,530,B_EMERGING_MATH,math-50,STORY,STORY,0,0.0,1,1
0,531,B_EMERGING_MATH,math-50,STORY,STORY,0,0.0,1,1
0,532,B_EMERGING_MATH,math-50,STORY,STORY,0,0.0,1,1
0,533,B_EMERGING_MATH,math-50,STORY,STORY,0,0.0,1,1
0,534,B_EMERGING_MATH,math-50,STORY,STORY,0,0.0,1,1
0,535,B_EMERGING_MATH,math-50,ARITH_A,ARITHMETIC,0,0.0,1,1
0,536,B_EMERGING_MATH,math-50,STORY,STORY,0,0.0,1,1
0,537,B_EMERGING_MATH,math-50,ARITH_A,ARITHMETIC,0,0.0,1,1
0,538,B_EMERGING_MATH,math-50,STORY,STORY,0,0.0,1,1
0,539,B_EMERGING_MATH,math-50,ARITH_A,ARITHMETIC,0,0.0,1,1
0,540,B_EMERGING_MATH,math-50,STORY,STORY,0,0.0,1,1
0,541,B_EMERGING_MATH,math-50,STORY,STORY,0,0.0,1,1
0,542,B_EMERGING_MATH,math-50,STORY,STORY,0,0.0,1,1
0,543,B_EMERGING_MATH,math-50,STORY,STORY,0,0.0,1,1
0,544,B_EMERGING_MATH,math-50,STORY,STORY,0,0.0,1,1
0,545,B_EMERGING_MATH,math-50,STORY,STORY,0,0.0,1,1
0,546,B_EMERGING_MATH,math-50,STORY,STORY,0,0.0,1,1
0,547,B_EMERGING_MATH,math-50,ARITH_A,ARITHMETIC,0,0.0,1,1
0,548,B_EMERGING_MATH,math-50,ARITH_A,ARITHMETIC,0,0.0,1,1
0,549,B_EMERGING_MATH,math-50,STORY,STORY,0,0.0,1,1
0,550,B_EMERGING_MATH,math-50,STORY,STORY,0,0.0,1,1
0,551,B_EMERGING_MATH,math-50,STORY,STORY,0,0.0,1,1
0,552,B_EMERGING_MATH,math-50,ARITH_A,ARITHMETIC,0,0.0,1,1
0,553,B_EMERGING_MATH,math-50,STORY,STORY,0,0.0,1,1
0,554,B_EMERGING_MATH,math-50,STORY,STORY,0,0.0,1,1
0,555,B_EMERGING_MATH,math-50,STORY,STORY,0,0.0,1,1
0,556,B_EMERGING_MATH,math-50,STORY,STORY,0,0.0,1,1
0,557,B_EMERGING_MATH,math-50,ARITH_A,ARITHMETIC,0,0.0,1,1
0,558,B_EMERGING_MATH,math-50,ARITH_A,ARITHMETIC,0,0.0,1,1
0,559,B_EMERGING_MATH,math-50,ARITH_A,ARITHMETIC,0,0.0,1,1
0,560,B_EMERGING_MATH,math-50,STORY,STORY,0,0.0,1,1
0,561,B_EMERGING_MATH,math-50,STORY,STORY,0,0.0,1,1
0,562,B_EMERGING_MATH,math-50,ARITH_A,ARITHMETIC,0,0.0,1,1
0,563,B_EMERGING_MATH,math-50,ARITH_A,ARITHMETIC,0,0.0,1,1
0,564,B_EMERGING_MATH,math-50,STORY,STORY,0,0.0,1,1
0,565,B_EMERGING_MATH,math-50,STORY,STORY,0,0.0,1,1
0,566,B_EMERGING_MATH,math-50,ARITH_A,ARITHMETIC,0,0.0,1,1
0,567,B_EMERGING_MATH,math-50,ARITH_A,ARITHMETIC,0,0.0,1,1
0,568,B_EMERGING_MATH,math-50,STORY,STORY,0,0.0,1,1
0,569,B_EMERGING_MATH,math-50,STORY,STORY,0,0.0,1,1
0,570,B_EMERGING_MATH,math-50,ARITH_A,ARITHMETIC,0,0.0,1,1
0,571,B_EMERGING_MATH,math-50,ARITH_A,ARITHMETIC,0,0.0,1,1
0,572,B_EMERGING_MATH,math-50,ARITH_A,ARITHMETIC,0,0.0,1,1
0,573,B_EMERGING_MATH,math-50,STORY,STORY,0,0.0,1,1
0,574,B_EMERGING_MATH,math-50,STORY,STORY,0,0.0,1,1
0,575,B_EMERGING_MATH,math-50,STORY,STORY,0,0.0,1,1
0,576,B_EMERGING_MATH,math-50,STORY,STORY,0,0.0,1,1
0,577,C_DUPLICATE_CONTROL,duplicate-arithmetic,ARITH_A,ARITHMETIC,0,0.0,1,1
0,578,C_DUPLICATE_CONTROL,duplicate-arithmetic,ARITH_A,ARITHMETIC,0,0.0,1,1
0,579,C_DUPLICATE_CONTROL,duplicate-arithmetic,STORY,STORY,0,0.0,1,1
0,580,C_DUPLICATE_CONTROL,duplicate-arithmetic,STORY,STORY,0,0.0,1,1
0,581,C_DUPLICATE_CONTROL,duplicate-arithmetic,STORY,STORY,0,0.0,1,1
0,582,C_DUPLICATE_CONTROL,duplicate-arithmetic,ARITH_B,ARITHMETIC,0,0.0,1,1
0,583,C_DUPLICATE_CONTROL,duplicate-arithmetic,STORY,STORY,0,0.0,1,1
0,584,C_DUPLICATE_CONTROL,duplicate-arithmetic,ARITH_B,ARITHMETIC,0,0.0,1,1
0,585,C_DUPLICATE_CONTROL,duplicate-arithmetic,STORY,STORY,0,0.0,1,1
0,586,C_DUPLICATE_CONTROL,duplicate-arithmetic,ARITH_B,ARITHMETIC,0,0.0,1,1
0,587,C_DUPLICATE_CONTROL,duplicate-arithmetic,STORY,STORY,0,0.0,1,1
0,588,C_DUPLICATE_CONTROL,duplicate-arithmetic,ARITH_B,ARITHMETIC,0,0.0,1,1
0,589,C_DUPLICATE_CONTROL,duplicate-arithmetic,ARITH_A,ARITHMETIC,0,0.0,1,1
0,590,C_DUPLICATE_CONTROL,duplicate-arithmetic,ARITH_A,ARITHMETIC,0,0.0,1,1
0,591,C_DUPLICATE_CONTROL,duplicate-arithmetic,STORY,STORY,0,0.0,1,1
0,592,C_DUPLICATE_CONTROL,duplicate-arithmetic,STORY,STORY,0,0.0,1,1
0,593,C_DUPLICATE_CONTROL,duplicate-arithmetic,STORY,STORY,0,0.0,1,1
0,594,C_DUPLICATE_CONTROL,duplicate-arithmetic,STORY,STORY,0,0.0,1,1
0,595,C_DUPLICATE_CONTROL,duplicate-arithmetic,ARITH_A,ARITHMETIC,0,0.0,1,1
0,596,C_DUPLICATE_CONTROL,duplicate-arithmetic,STORY,STORY,0,0.0,1,1
0,597,C_DUPLICATE_CONTROL,duplicate-arithmetic,ARITH_B,ARITHMETIC,0,0.0,1,1
0,598,C_DUPLICATE_CONTROL,duplicate-arithmetic,ARITH_A,ARITHMETIC,0,0.0,1,1
0,599,C_DUPLICATE_CONTROL,duplicate-arithmetic,ARITH_B,ARITHMETIC,0,0.0,1,1
0,600,C_DUPLICATE_CONTROL,duplicate-arithmetic,STORY,STORY,0,0.0,1,1
0,601,C_DUPLICATE_CONTROL,duplicate-arithmetic,ARITH_B,ARITHMETIC,0,0.0,1,1
0,602,C_DUPLICATE_CONTROL,duplicate-arithmetic,ARITH_A,ARITHMETIC,0,0.0,1,1
0,603,C_DUPLICATE_CONTROL,duplicate-arithmetic,ARITH_A,ARITHMETIC,0,0.0,1,1
0,604,C_DUPLICATE_CONTROL,duplicate-arithmetic,ARITH_B,ARITHMETIC,0,0.0,1,1
0,605,C_DUPLICATE_CONTROL,duplicate-arithmetic,STORY,STORY,0,0.0,1,1
0,606,C_DUPLICATE_CONTROL,duplicate-arithmetic,ARITH_A,ARITHMETIC,0,0.0,1,1
0,607,C_DUPLICATE_CONTROL,duplicate-arithmetic,ARITH_A,ARITHMETIC,0,0.0,1,1
0,608,C_DUPLICATE_CONTROL,duplicate-arithmetic,ARITH_B,ARITHMETIC,0,0.0,1,1
0,609,C_DUPLICATE_CONTROL,duplicate-arithmetic,STORY,STORY,0,0.0,1,1
0,610,C_DUPLICATE_CONTROL,duplicate-arithmetic,ARITH_B,ARITHMETIC,0,0.0,1,1
0,611,C_DUPLICATE_CONTROL,duplicate-arithmetic,ARITH_A,ARITHMETIC,0,0.0,1,1
0,612,C_DUPLICATE_CONTROL,duplicate-arithmetic,ARITH_A,ARITHMETIC,0,0.0,1,1
0,613,C_DUPLICATE_CONTROL,duplicate-arithmetic,ARITH_A,ARITHMETIC,0,0.0,1,1
0,614,C_DUPLICATE_CONTROL,duplicate-arithmetic,ARITH_B,ARITHMETIC,0,0.0,1,1
0,615,C_DUPLICATE_CONTROL,duplicate-arithmetic,ARITH_A,ARITHMETIC,0,0.0,1,1
0,616,C_DUPLICATE_CONTROL,duplicate-arithmetic,ARITH_B,ARITHMETIC,0,0.0,1,1
0,617,C_DUPLICATE_CONTROL,duplicate-arithmetic,ARITH_B,ARITHMETIC,0,0.0,1,1
0,618,C_DUPLICATE_CONTROL,duplicate-arithmetic,STORY,STORY,0,0.0,1,1
0,619,C_DUPLICATE_CONTROL,duplicate-arithmetic,ARITH_B,ARITHMETIC,0,0.0,1,1
0,620,C_DUPLICATE_CONTROL,duplicate-arithmetic,STORY,STORY,0,0.0,1,1
0,621,C_DUPLICATE_CONTROL,duplicate-arithmetic,STORY,STORY,0,0.0,1,1
0,622,C_DUPLICATE_CONTROL,duplicate-arithmetic,ARITH_A,ARITHMETIC,0,0.0,1,1
0,623,C_DUPLICATE_CONTROL,duplicate-arithmetic,ARITH_B,ARITHMETIC,0,0.0,1,1
0,624,C_DUPLICATE_CONTROL,duplicate-arithmetic,ARITH_B,ARITHMETIC,0,0.0,1,1
0,625,C_DUPLICATE_CONTROL,duplicate-arithmetic,ARITH_A,ARITHMETIC,0,0.0,1,1
0,626,C_DUPLICATE_CONTROL,duplicate-arithmetic,ARITH_A,ARITHMETIC,0,0.0,1,1
0,627,C_DUPLICATE_CONTROL,duplicate-arithmetic,ARITH_B,ARITHMETIC,0,0.0,1,1
0,628,C_DUPLICATE_CONTROL,duplicate-arithmetic,STORY,STORY,0,0.0,1,1
0,629,C_DUPLICATE_CONTROL,duplicate-arithmetic,STORY,STORY,0,0.0,1,1
0,630,C_DUPLICATE_CONTROL,duplicate-arithmetic,ARITH_B,ARITHMETIC,0,0.0,1,1
0,631,C_DUPLICATE_CONTROL,duplicate-arithmetic,STORY,STORY,0,0.0,1,1
0,632,C_DUPLICATE_CONTROL,duplicate-arithmetic,ARITH_B,ARITHMETIC,0,0.0,1,1
0,633,C_DUPLICATE_CONTROL,duplicate-arithmetic,ARITH_B,ARITHMETIC,0,0.0,1,1
0,634,C_DUPLICATE_CONTROL,duplicate-arithmetic,ARITH_A,ARITHMETIC,0,0.0,1,1
0,635,C_DUPLICATE_CONTROL,duplicate-arithmetic,ARITH_A,ARITHMETIC,0,0.0,1,1
0,636,C_DUPLICATE_CONTROL,duplicate-arithmetic,ARITH_A,ARITHMETIC,0,0.0,1,1
0,637,C_DUPLICATE_CONTROL,duplicate-arithmetic,ARITH_B,ARITHMETIC,0,0.0,1,1
0,638,C_DUPLICATE_CONTROL,duplicate-arithmetic,ARITH_B,ARITHMETIC,0,0.0,1,1
0,639,C_DUPLICATE_CONTROL,duplicate-arithmetic,ARITH_B,ARITHMETIC,0,0.0,1,1
0,640,C_DUPLICATE_CONTROL,duplicate-arithmetic,ARITH_A,ARITHMETIC,0,0.0,1,1
0,641,C_DUPLICATE_CONTROL,duplicate-arithmetic,ARITH_A,ARITHMETIC,0,0.0,1,1
0,642,C_DUPLICATE_CONTROL,duplicate-arithmetic,ARITH_A,ARITHMETIC,0,0.0,1,1
0,643,C_DUPLICATE_CONTROL,duplicate-arithmetic,ARITH_B,ARITHMETIC,0,0.0,1,1
0,644,C_DUPLICATE_CONTROL,duplicate-arithmetic,STORY,STORY,0,0.0,1,1
0,645,C_DUPLICATE_CONTROL,duplicate-arithmetic,ARITH_A,ARITHMETIC,0,0.0,1,1
0,646,C_DUPLICATE_CONTROL,duplicate-arithmetic,ARITH_A,ARITHMETIC,0,0.0,1,1
0,647,C_DUPLICATE_CONTROL,duplicate-arithmetic,ARITH_A,ARITHMETIC,0,0.0,1,1
0,648,C_DUPLICATE_CONTROL,duplicate-arithmetic,STORY,STORY,0,0.0,1,1
0,649,C_DUPLICATE_CONTROL,duplicate-arithmetic,ARITH_B,ARITHMETIC,0,0.0,1,1
0,650,C_DUPLICATE_CONTROL,duplicate-arithmetic,ARITH_A,ARITHMETIC,0,0.0,1,1
0,651,C_DUPLICATE_CONTROL,duplicate-arithmetic,ARITH_B,ARITHMETIC,0,0.0,1,1
0,652,C_DUPLICATE_CONTROL,duplicate-arithmetic,ARITH_B,ARITHMETIC,0,0.0,1,1
0,653,C_DUPLICATE_CONTROL,duplicate-arithmetic,ARITH_B,ARITHMETIC,0,0.0,1,1
0,654,C_DUPLICATE_CONTROL,duplicate-arithmetic,STORY,STORY,0,0.0,1,1
0,655,C_DUPLICATE_CONTROL,duplicate-arithmetic,ARITH_A,ARITHMETIC,0,0.0,1,1
0,656,C_DUPLICATE_CONTROL,duplicate-arithmetic,STORY,STORY,0,0.0,1,1
0,657,C_DUPLICATE_CONTROL,duplicate-arithmetic,ARITH_B,ARITHMETIC,0,0.0,1,1
0,658,C_DUPLICATE_CONTROL,duplicate-arithmetic,ARITH_A,ARITHMETIC,0,0.0,1,1
0,659,C_DUPLICATE_CONTROL,duplicate-arithmetic,STORY,STORY,0,0.0,1,1
0,660,C_DUPLICATE_CONTROL,duplicate-arithmetic,ARITH_B,ARITHMETIC,0,0.0,1,1
0,661,C_DUPLICATE_CONTROL,duplicate-arithmetic,ARITH_A,ARITHMETIC,0,0.0,1,1
0,662,C_DUPLICATE_CONTROL,duplicate-arithmetic,ARITH_A,ARITHMETIC,0,0.0,1,1
0,663,C_DUPLICATE_CONTROL,duplicate-arithmetic,STORY,STORY,0,0.0,1,1
0,664,C_DUPLICATE_CONTROL,duplicate-arithmetic,STORY,STORY,0,0.0,1,1
0,665,C_DUPLICATE_CONTROL,duplicate-arithmetic,ARITH_A,ARITHMETIC,0,0.0,1,1
0,666,C_DUPLICATE_CONTROL,duplicate-arithmetic,ARITH_B,ARITHMETIC,0,0.0,1,1
0,667,C_DUPLICATE_CONTROL,duplicate-arithmetic,ARITH_B,ARITHMETIC,0,0.0,1,1
0,668,C_DUPLICATE_CONTROL,duplicate-arithmetic,STORY,STORY,0,0.0,1,1
0,669,C_DUPLICATE_CONTROL,duplicate-arithmetic,ARITH_B,ARITHMETIC,0,0.0,1,1
0,670,C_DUPLICATE_CONTROL,duplicate-arithmetic,STORY,STORY,0,0.0,1,1
0,671,C_DUPLICATE_CONTROL,duplicate-arithmetic,STORY,STORY,0,0.0,1,1
0,672,C_DUPLICATE_CONTROL,duplicate-arithmetic,STORY,STORY,0,0.0,1,1
0,673,C_DUPLICATE_CONTROL,duplicate-arithmetic,ARITH_A,ARITHMETIC,0,0.0,1,1
0,674,C_DUPLICATE_CONTROL,duplicate-arithmetic,ARITH_B,ARITHMETIC,0,0.0,1,1
0,675,C_DUPLICATE_CONTROL,duplicate-arithmetic,ARITH_A,ARITHMETIC,0,0.0,1,1
0,676,C_DUPLICATE_CONTROL,duplicate-arithmetic,ARITH_B,ARITHMETIC,0,0.0,1,1
0,677,C_DUPLICATE_CONTROL,duplicate-arithmetic,ARITH_B,ARITHMETIC,0,0.0,1,1
0,678,C_DUPLICATE_CONTROL,duplicate-arithmetic,ARITH_B,ARITHMETIC,0,0.0,1,1
0,679,C_DUPLICATE_CONTROL,duplicate-arithmetic,ARITH_B,ARITHMETIC,0,0.0,1,1
0,680,C_DUPLICATE_CONTROL,duplicate-arithmetic,ARITH_B,ARITHMETIC,0,0.0,1,1
0,681,C_DUPLICATE_CONTROL,duplicate-arithmetic,STORY,STORY,0,0.0,1,1
0,682,C_DUPLICATE_CONTROL,duplicate-arithmetic,ARITH_B,ARITHMETIC,0,0.0,1,1
0,683,C_DUPLICATE_CONTROL,duplicate-arithmetic,STORY,STORY,0,0.0,1,1
0,684,C_DUPLICATE_CONTROL,duplicate-arithmetic,STORY,STORY,0,0.0,1,1
0,685,C_DUPLICATE_CONTROL,duplicate-arithmetic,ARITH_A,ARITHMETIC,0,0.0,1,1
0,686,C_DUPLICATE_CONTROL,duplicate-arithmetic,ARITH_A,ARITHMETIC,0,0.0,1,1
0,687,C_DUPLICATE_CONTROL,duplicate-arithmetic,STORY,STORY,0,0.0,1,1
0,688,C_DUPLICATE_CONTROL,duplicate-arithmetic,ARITH_A,ARITHMETIC,0,0.0,1,1
0,689,C_DUPLICATE_CONTROL,duplicate-arithmetic,ARITH_A,ARITHMETIC,0,0.0,1,1
0,690,C_DUPLICATE_CONTROL,duplicate-arithmetic,STORY,STORY,0,0.0,1,1
0,691,C_DUPLICATE_CONTROL,duplicate-arithmetic,ARITH_A,ARITHMETIC,0,0.0,1,1
0,692,C_DUPLICATE_CONTROL,duplicate-arithmetic,ARITH_B,ARITHMETIC,0,0.0,1,1
0,693,C_DUPLICATE_CONTROL,duplicate-arithmetic,STORY,STORY,0,0.0,1,1
0,694,C_DUPLICATE_CONTROL,duplicate-arithmetic,STORY,STORY,0,0.0,1,1
0,695,C_DUPLICATE_CONTROL,duplicate-arithmetic,ARITH_B,ARITHMETIC,0,0.0,1,1
0,696,C_DUPLICATE_CONTROL,duplicate-arithmetic,ARITH_A,ARITHMETIC,0,0.0,1,1
0,697,C_DUPLICATE_CONTROL,duplicate-arithmetic,STORY,STORY,0,0.0,1,1
0,698,C_DUPLICATE_CONTROL,duplicate-arithmetic,STORY,STORY,0,0.0,1,1
0,699,C_DUPLICATE_CONTROL,duplicate-arithmetic,ARITH_B,ARITHMETIC,0,0.0,1,1
0,700,C_DUPLICATE_CONTROL,duplicate-arithmetic,ARITH_B,ARITHMETIC,0,0.0,1,1
0,701,C_DUPLICATE_CONTROL,duplicate-arithmetic,STORY,STORY,0,0.0,1,1
0,702,C_DUPLICATE_CONTROL,duplicate-arithmetic,ARITH_B,ARITHMETIC,0,0.0,1,1
0,703,C_DUPLICATE_CONTROL,duplicate-arithmetic,ARITH_B,ARITHMETIC,0,0.0,1,1
0,704,C_DUPLICATE_CONTROL,duplicate-arithmetic,ARITH_A,ARITHMETIC,0,0.0,1,1
0,705,C_DUPLICATE_CONTROL,duplicate-arithmetic,ARITH_B,ARITHMETIC,0,0.0,1,1
0,706,C_DUPLICATE_CONTROL,duplicate-arithmetic,ARITH_A,ARITHMETIC,0,0.0,1,1
0,707,C_DUPLICATE_CONTROL,duplicate-arithmetic,ARITH_A,ARITHMETIC,0,0.0,1,1
0,708,C_DUPLICATE_CONTROL,duplicate-arithmetic,ARITH_A,ARITHMETIC,0,0.0,1,1
0,709,C_DUPLICATE_CONTROL,duplicate-arithmetic,ARITH_A,ARITHMETIC,0,0.0,1,1
0,710,C_DUPLICATE_CONTROL,duplicate-arithmetic,ARITH_B,ARITHMETIC,0,0.0,1,1
0,711,C_DUPLICATE_CONTROL,duplicate-arithmetic,ARITH_B,ARITHMETIC,0,0.0,1,1
0,712,C_DUPLICATE_CONTROL,duplicate-arithmetic,STORY,STORY,0,0.0,1,1
0,713,C_DUPLICATE_CONTROL,duplicate-arithmetic,ARITH_A,ARITHMETIC,0,0.0,1,1
0,714,C_DUPLICATE_CONTROL,duplicate-arithmetic,STORY,STORY,0,0.0,1,1
0,715,C_DUPLICATE_CONTROL,duplicate-arithmetic,STORY,STORY,0,0.0,1,1
0,716,C_DUPLICATE_CONTROL,duplicate-arithmetic,ARITH_B,ARITHMETIC,0,0.0,1,1
0,717,C_DUPLICATE_CONTROL,duplicate-arithmetic,STORY,STORY,0,0.0,1,1
0,718,C_DUPLICATE_CONTROL,duplicate-arithmetic,ARITH_B,ARITHMETIC,0,0.0,1,1
0,719,C_DUPLICATE_CONTROL,duplicate-arithmetic,STORY,STORY,0,0.0,1,1
0,720,C_DUPLICATE_CONTROL,duplicate-arithmetic,STORY,STORY,0,0.0,1,1
0,721,C_DUPLICATE_CONTROL,duplicate-arithmetic,ARITH_B,ARITHMETIC,0,0.0,1,1
0,722,C_DUPLICATE_CONTROL,duplicate-arithmetic,STORY,STORY,0,0.0,1,1
0,723,C_DUPLICATE_CONTROL,duplicate-arithmetic,ARITH_A,ARITHMETIC,0,0.0,1,1
0,724,C_DUPLICATE_CONTROL,duplicate-arithmetic,ARITH_A,ARITHMETIC,0,0.0,1,1
0,725,C_DUPLICATE_CONTROL,duplicate-arithmetic,ARITH_A,ARITHMETIC,0,0.0,1,1
0,726,C_DUPLICATE_CONTROL,duplicate-arithmetic,ARITH_A,ARITHMETIC,0,0.0,1,1
0,727,C_DUPLICATE_CONTROL,duplicate-arithmetic,STORY,STORY,0,0.0,1,1
0,728,C_DUPLICATE_CONTROL,duplicate-arithmetic,ARITH_B,ARITHMETIC,0,0.0,1,1
0,729,C_DUPLICATE_CONTROL,duplicate-arithmetic,STORY,STORY,0,0.0,1,1
0,730,C_DUPLICATE_CONTROL,duplicate-arithmetic,ARITH_A,ARITHMETIC,0,0.0,1,1
0,731,C_DUPLICATE_CONTROL,duplicate-arithmetic,ARITH_B,ARITHMETIC,0,0.0,1,1
0,732,C_DUPLICATE_CONTROL,duplicate-arithmetic,STORY,STORY,0,0.0,1,1
0,733,C_DUPLICATE_CONTROL,duplicate-arithmetic,STORY,STORY,0,0.0,1,1
0,734,C_DUPLICATE_CONTROL,duplicate-arithmetic,STORY,STORY,0,0.0,1,1
0,735,C_DUPLICATE_CONTROL,duplicate-arithmetic,ARITH_A,ARITHMETIC,0,0.0,1,1
0,736,C_DUPLICATE_CONTROL,duplicate-arithmetic,ARITH_A,ARITHMETIC,0,0.0,1,1
0,737,C_DUPLICATE_CONTROL,duplicate-arithmetic,ARITH_B,ARITHMETIC,0,0.0,1,1
0,738,C_DUPLICATE_CONTROL,duplicate-arithmetic,STORY,STORY,0,0.0,1,1
0,739,C_DUPLICATE_CONTROL,duplicate-arithmetic,STORY,STORY,0,0.0,1,1
0,740,C_DUPLICATE_CONTROL,duplicate-arithmetic,ARITH_B,ARITHMETIC,0,0.0,1,1
0,741,C_DUPLICATE_CONTROL,duplicate-arithmetic,ARITH_A,ARITHMETIC,0,0.0,1,1
0,742,C_DUPLICATE_CONTROL,duplicate-arithmetic,STORY,STORY,0,0.0,1,1
0,743,C_DUPLICATE_CONTROL,duplicate-arithmetic,ARITH_A,ARITHMETIC,0,0.0,1,1
0,744,C_DUPLICATE_CONTROL,duplicate-arithmetic,ARITH_A,ARITHMETIC,0,0.0,1,1
0,745,C_DUPLICATE_CONTROL,duplicate-arithmetic,ARITH_A,ARITHMETIC,0,0.0,1,1
0,746,C_DUPLICATE_CONTROL,duplicate-arithmetic,ARITH_A,ARITHMETIC,0,0.0,1,1
0,747,C_DUPLICATE_CONTROL,duplicate-arithmetic,ARITH_B,ARITHMETIC,0,0.0,1,1
0,748,C_DUPLICATE_CONTROL,duplicate-arithmetic,ARITH_B,ARITHMETIC,0,0.0,1,1
0,749,C_DUPLICATE_CONTROL,duplicate-arithmetic,STORY,STORY,0,0.0,1,1
0,750,C_DUPLICATE_CONTROL,duplicate-arithmetic,ARITH_A,ARITHMETIC,0,0.0,1,1
0,751,C_DUPLICATE_CONTROL,duplicate-arithmetic,ARITH_A,ARITHMETIC,0,0.0,1,1
0,752,C_DUPLICATE_CONTROL,duplicate-arithmetic,ARITH_B,ARITHMETIC,0,0.0,1,1
0,753,C_DUPLICATE_CONTROL,duplicate-arithmetic,ARITH_A,ARITHMETIC,0,0.0,1,1
0,754,C_DUPLICATE_CONTROL,duplicate-arithmetic,ARITH_B,ARITHMETIC,0,0.0,1,1
0,755,C_DUPLICATE_CONTROL,duplicate-arithmetic,STORY,STORY,0,0.0,1,1
0,756,C_DUPLICATE_CONTROL,duplicate-arithmetic,STORY,STORY,0,0.0,1,1
0,757,C_DUPLICATE_CONTROL,duplicate-arithmetic,STORY,STORY,0,0.0,1,1
0,758,C_DUPLICATE_CONTROL,duplicate-arithmetic,ARITH_B,ARITHMETIC,0,0.0,1,1
0,759,C_DUPLICATE_CONTROL,duplicate-arithmetic,STORY,STORY,0,0.0,1,1
0,760,C_DUPLICATE_CONTROL,duplicate-arithmetic,ARITH_B,ARITHMETIC,0,0.0,1,1
0,761,C_DUPLICATE_CONTROL,duplicate-arithmetic,STORY,STORY,0,0.0,1,1
0,762,C_DUPLICATE_CONTROL,duplicate-arithmetic,ARITH_B,ARITHMETIC,0,0.0,1,1
0,763,C_DUPLICATE_CONTROL,duplicate-arithmetic,ARITH_A,ARITHMETIC,0,0.0,1,1
0,764,C_DUPLICATE_CONTROL,duplicate-arithmetic,ARITH_B,ARITHMETIC,0,0.0,1,1
0,765,C_DUPLICATE_CONTROL,duplicate-arithmetic,ARITH_A,ARITHMETIC,0,0.0,1,1
0,766,C_DUPLICATE_CONTROL,duplicate-arithmetic,ARITH_A,ARITHMETIC,0,0.0,1,1
0,767,C_DUPLICATE_CONTROL,duplicate-arithmetic,STORY,STORY,0,0.0,1,1
0,768,C_DUPLICATE_CONTROL,duplicate-arithmetic,STORY,STORY,0,0.0,1,1
0,769,D_THIRD_MODE,three-way,STORY,STORY,0,0.0,1,1
0,770,D_THIRD_MODE,three-way,ARITH_A,ARITHMETIC,0,0.0,1,1
0,771,D_THIRD_MODE,three-way,TRANSFORM,TRANSFORM,0,0.0,1,1
0,772,D_THIRD_MODE,three-way,TRANSFORM,TRANSFORM,0,0.0,1,1
0,773,D_THIRD_MODE,three-way,ARITH_A,ARITHMETIC,0,0.0,1,1
0,774,D_THIRD_MODE,three-way,ARITH_A,ARITHMETIC,0,0.0,1,1
0,775,D_THIRD_MODE,three-way,ARITH_A,ARITHMETIC,0,0.0,1,1
0,776,D_THIRD_MODE,three-way,STORY,STORY,0,0.0,1,1
0,777,D_THIRD_MODE,three-way,TRANSFORM,TRANSFORM,0,0.0,1,1
0,778,D_THIRD_MODE,three-way,TRANSFORM,TRANSFORM,0,0.0,1,1
0,779,D_THIRD_MODE,three-way,ARITH_A,ARITHMETIC,0,0.0,1,1
0,780,D_THIRD_MODE,three-way,STORY,STORY,0,0.0,1,1
0,781,D_THIRD_MODE,three-way,ARITH_A,ARITHMETIC,0,0.0,1,1
0,782,D_THIRD_MODE,three-way,STORY,STORY,0,0.0,1,1
0,783,D_THIRD_MODE,three-way,TRANSFORM,TRANSFORM,0,0.0,1,1
0,784,D_THIRD_MODE,three-way,TRANSFORM,TRANSFORM,0,0.0,1,1
0,785,D_THIRD_MODE,three-way,TRANSFORM,TRANSFORM,0,0.0,1,1
0,786,D_THIRD_MODE,three-way,ARITH_A,ARITHMETIC,0,0.0,1,1
0,787,D_THIRD_MODE,three-way,STORY,STORY,0,0.0,1,1
0,788,D_THIRD_MODE,three-way,TRANSFORM,TRANSFORM,0,0.0,1,1
0,789,D_THIRD_MODE,three-way,STORY,STORY,0,0.0,1,1
0,790,D_THIRD_MODE,three-way,STORY,STORY,0,0.0,1,1
0,791,D_THIRD_MODE,three-way,TRANSFORM,TRANSFORM,0,0.0,1,1
0,792,D_THIRD_MODE,three-way,ARITH_A,ARITHMETIC,0,0.0,1,1
0,793,D_THIRD_MODE,three-way,ARITH_A,ARITHMETIC,0,0.0,1,1
0,794,D_THIRD_MODE,three-way,TRANSFORM,TRANSFORM,0,0.0,1,1
0,795,D_THIRD_MODE,three-way,TRANSFORM,TRANSFORM,0,0.0,1,1
0,796,D_THIRD_MODE,three-way,STORY,STORY,0,0.0,1,1
0,797,D_THIRD_MODE,three-way,STORY,STORY,0,0.0,1,1
0,798,D_THIRD_MODE,three-way,TRANSFORM,TRANSFORM,0,0.0,1,1
0,799,D_THIRD_MODE,three-way,STORY,STORY,0,0.0,1,1
0,800,D_THIRD_MODE,three-way,STORY,STORY,0,0.0,1,1
0,801,D_THIRD_MODE,three-way,TRANSFORM,TRANSFORM,0,0.0,1,1
0,802,D_THIRD_MODE,three-way,TRANSFORM,TRANSFORM,0,0.0,1,1
0,803,D_THIRD_MODE,three-way,STORY,STORY,0,0.0,1,1
0,804,D_THIRD_MODE,three-way,STORY,STORY,0,0.0,1,1
0,805,D_THIRD_MODE,three-way,TRANSFORM,TRANSFORM,0,0.0,1,1
0,806,D_THIRD_MODE,three-way,TRANSFORM,TRANSFORM,0,0.0,1,1
0,807,D_THIRD_MODE,three-way,STORY,STORY,0,0.0,1,1
0,808,D_THIRD_MODE,three-way,ARITH_A,ARITHMETIC,0,0.0,1,1
0,809,D_THIRD_MODE,three-way,STORY,STORY,0,0.0,1,1
0,810,D_THIRD_MODE,three-way,ARITH_A,ARITHMETIC,0,0.0,1,1
0,811,D_THIRD_MODE,three-way,TRANSFORM,TRANSFORM,0,0.0,1,1
0,812,D_THIRD_MODE,three-way,STORY,STORY,0,0.0,1,1
0,813,D_THIRD_MODE,three-way,TRANSFORM,TRANSFORM,0,0.0,1,1
0,814,D_THIRD_MODE,three-way,STORY,STORY,0,0.0,1,1
0,815,D_THIRD_MODE,three-way,STORY,STORY,0,0.0,1,1
0,816,D_THIRD_MODE,three-way,TRANSFORM,TRANSFORM,0,0.0,1,1
0,817,D_THIRD_MODE,three-way,ARITH_A,ARITHMETIC,0,0.0,1,1
0,818,D_THIRD_MODE,three-way,STORY,STORY,0,0.0,1,1
0,819,D_THIRD_MODE,three-way,TRANSFORM,TRANSFORM,0,0.0,1,1
0,820,D_THIRD_MODE,three-way,TRANSFORM,TRANSFORM,0,0.0,1,1
0,821,D_THIRD_MODE,three-way,STORY,STORY,0,0.0,1,1
0,822,D_THIRD_MODE,three-way,ARITH_A,ARITHMETIC,0,0.0,1,1
0,823,D_THIRD_MODE,three-way,TRANSFORM,TRANSFORM,0,0.0,1,1
0,824,D_THIRD_MODE,three-way,STORY,STORY,0,0.0,1,1
0,825,D_THIRD_MODE,three-way,ARITH_A,ARITHMETIC,0,0.0,1,1
0,826,D_THIRD_MODE,three-way,TRANSFORM,TRANSFORM,0,0.0,1,1
0,827,D_THIRD_MODE,three-way,TRANSFORM,TRANSFORM,0,0.0,1,1
0,828,D_THIRD_MODE,three-way,TRANSFORM,TRANSFORM,0,0.0,1,1
0,829,D_THIRD_MODE,three-way,TRANSFORM,TRANSFORM,0,0.0,1,1
0,830,D_THIRD_MODE,three-way,STORY,STORY,0,0.0,1,1
0,831,D_THIRD_MODE,three-way,STORY,STORY,0,0.0,1,1
0,832,D_THIRD_MODE,three-way,ARITH_A,ARITHMETIC,0,0.0,1,1
0,833,D_THIRD_MODE,three-way,STORY,STORY,0,0.0,1,1
0,834,D_THIRD_MODE,three-way,STORY,STORY,0,0.0,1,1
0,835,D_THIRD_MODE,three-way,TRANSFORM,TRANSFORM,0,0.0,1,1
0,836,D_THIRD_MODE,three-way,ARITH_A,ARITHMETIC,0,0.0,1,1
0,837,D_THIRD_MODE,three-way,TRANSFORM,TRANSFORM,0,0.0,1,1
0,838,D_THIRD_MODE,three-way,TRANSFORM,TRANSFORM,0,0.0,1,1
0,839,D_THIRD_MODE,three-way,ARITH_A,ARITHMETIC,0,0.0,1,1
0,840,D_THIRD_MODE,three-way,ARITH_A,ARITHMETIC,0,0.0,1,1
0,841,D_THIRD_MODE,three-way,ARITH_A,ARITHMETIC,0,0.0,1,1
0,842,D_THIRD_MODE,three-way,STORY,STORY,0,0.0,1,1
0,843,D_THIRD_MODE,three-way,STORY,STORY,0,0.0,1,1
0,844,D_THIRD_MODE,three-way,ARITH_A,ARITHMETIC,0,0.0,1,1
0,845,D_THIRD_MODE,three-way,TRANSFORM,TRANSFORM,0,0.0,1,1
0,846,D_THIRD_MODE,three-way,ARITH_A,ARITHMETIC,0,0.0,1,1
0,847,D_THIRD_MODE,three-way,TRANSFORM,TRANSFORM,0,0.0,1,1
0,848,D_THIRD_MODE,three-way,ARITH_A,ARITHMETIC,0,0.0,1,1
0,849,D_THIRD_MODE,three-way,ARITH_A,ARITHMETIC,0,0.0,1,1
0,850,D_THIRD_MODE,three-way,ARITH_A,ARITHMETIC,0,0.0,1,1
0,851,D_THIRD_MODE,three-way,ARITH_A,ARITHMETIC,0,0.0,1,1
0,852,D_THIRD_MODE,three-way,ARITH_A,ARITHMETIC,0,0.0,1,1
0,853,D_THIRD_MODE,three-way,TRANSFORM,TRANSFORM,0,0.0,1,1
0,854,D_THIRD_MODE,three-way,TRANSFORM,TRANSFORM,0,0.0,1,1
0,855,D_THIRD_MODE,three-way,STORY,STORY,0,0.0,1,1
0,856,D_THIRD_MODE,three-way,ARITH_A,ARITHMETIC,0,0.0,1,1
0,857,D_THIRD_MODE,three-way,ARITH_A,ARITHMETIC,0,0.0,1,1
0,858,D_THIRD_MODE,three-way,STORY,STORY,0,0.0,1,1
0,859,D_THIRD_MODE,three-way,ARITH_A,ARITHMETIC,0,0.0,1,1
0,860,D_THIRD_MODE,three-way,STORY,STORY,0,0.0,1,1
0,861,D_THIRD_MODE,three-way,TRANSFORM,TRANSFORM,0,0.0,1,1
0,862,D_THIRD_MODE,three-way,TRANSFORM,TRANSFORM,0,0.0,1,1
0,863,D_THIRD_MODE,three-way,TRANSFORM,TRANSFORM,0,0.0,1,1
0,864,D_THIRD_MODE,three-way,TRANSFORM,TRANSFORM,0,0.0,1,1
0,865,D_THIRD_MODE,three-way,STORY,STORY,0,0.0,1,1
0,866,D_THIRD_MODE,three-way,STORY,STORY,0,0.0,1,1
0,867,D_THIRD_MODE,three-way,TRANSFORM,TRANSFORM,0,0.0,1,1
0,868,D_THIRD_MODE,three-way,STORY,STORY,0,0.0,1,1
0,869,D_THIRD_MODE,three-way,ARITH_A,ARITHMETIC,0,0.0,1,1
0,870,D_THIRD_MODE,three-way,TRANSFORM,TRANSFORM,0,0.0,1,1
0,871,D_THIRD_MODE,three-way,STORY,STORY,0,0.0,1,1
0,872,D_THIRD_MODE,three-way,STORY,STORY,0,0.0,1,1
0,873,D_THIRD_MODE,three-way,ARITH_A,ARITHMETIC,0,0.0,1,1
0,874,D_THIRD_MODE,three-way,TRANSFORM,TRANSFORM,0,0.0,1,1
0,875,D_THIRD_MODE,three-way,STORY,STORY,0,0.0,1,1
0,876,D_THIRD_MODE,three-way,ARITH_A,ARITHMETIC,0,0.0,1,1
0,877,D_THIRD_MODE,three-way,TRANSFORM,TRANSFORM,0,0.0,1,1
0,878,D_THIRD_MODE,three-way,ARITH_A,ARITHMETIC,0,0.0,1,1
0,879,D_THIRD_MODE,three-way,ARITH_A,ARITHMETIC,0,0.0,1,1
0,880,D_THIRD_MODE,three-way,TRANSFORM,TRANSFORM,0,0.0,1,1
0,881,D_THIRD_MODE,three-way,TRANSFORM,TRANSFORM,0,0.0,1,1
0,882,D_THIRD_MODE,three-way,TRANSFORM,TRANSFORM,0,0.0,1,1
0,883,D_THIRD_MODE,three-way,TRANSFORM,TRANSFORM,0,0.0,1,1
0,884,D_THIRD_MODE,three-way,ARITH_A,ARITHMETIC,0,0.0,1,1
0,885,D_THIRD_MODE,three-way,ARITH_A,ARITHMETIC,0,0.0,1,1
0,886,D_THIRD_MODE,three-way,STORY,STORY,0,0.0,1,1
0,887,D_THIRD_MODE,three-way,STORY,STORY,0,0.0,1,1
0,888,D_THIRD_MODE,three-way,STORY,STORY,0,0.0,1,1
0,889,D_THIRD_MODE,three-way,ARITH_A,ARITHMETIC,0,0.0,1,1
0,890,D_THIRD_MODE,three-way,TRANSFORM,TRANSFORM,0,0.0,1,1
0,891,D_THIRD_MODE,three-way,TRANSFORM,TRANSFORM,0,0.0,1,1
0,892,D_THIRD_MODE,three-way,TRANSFORM,TRANSFORM,0,0.0,1,1
0,893,D_THIRD_MODE,three-way,STORY,STORY,0,0.0,1,1
0,894,D_THIRD_MODE,three-way,STORY,STORY,0,0.0,1,1
0,895,D_THIRD_MODE,three-way,TRANSFORM,TRANSFORM,0,0.0,1,1
0,896,D_THIRD_MODE,three-way,STORY,STORY,0,0.0,1,1
0,897,D_THIRD_MODE,three-way,ARITH_A,ARITHMETIC,0,0.0,1,1
0,898,D_THIRD_MODE,three-way,STORY,STORY,0,0.0,1,1
0,899,D_THIRD_MODE,three-way,STORY,STORY,0,0.0,1,1
0,900,D_THIRD_MODE,three-way,TRANSFORM,TRANSFORM,0,0.0,1,1
0,901,D_THIRD_MODE,three-way,TRANSFORM,TRANSFORM,0,0.0,1,1
0,902,D_THIRD_MODE,three-way,TRANSFORM,TRANSFORM,0,0.0,1,1
0,903,D_THIRD_MODE,three-way,ARITH_A,ARITHMETIC,0,0.0,1,1
0,904,D_THIRD_MODE,three-way,ARITH_A,ARITHMETIC,0,0.0,1,1
0,905,D_THIRD_MODE,three-way,TRANSFORM,TRANSFORM,0,0.0,1,1
0,906,D_THIRD_MODE,three-way,STORY,STORY,0,0.0,1,1
0,907,D_THIRD_MODE,three-way,STORY,STORY,0,0.0,1,1
0,908,D_THIRD_MODE,three-way,ARITH_A,ARITHMETIC,0,0.0,1,1
0,909,D_THIRD_MODE,three-way,ARITH_A,ARITHMETIC,0,0.0,1,1
0,910,D_THIRD_MODE,three-way,TRANSFORM,TRANSFORM,0,0.0,1,1
0,911,D_THIRD_MODE,three-way,STORY,STORY,0,0.0,1,1
0,912,D_THIRD_MODE,three-way,TRANSFORM,TRANSFORM,0,0.0,1,1
0,913,D_THIRD_MODE,three-way,STORY,STORY,0,0.0,1,1
0,914,D_THIRD_MODE,three-way,ARITH_A,ARITHMETIC,0,0.0,1,1
0,915,D_THIRD_MODE,three-way,STORY,STORY,0,0.0,1,1
0,916,D_THIRD_MODE,three-way,ARITH_A,ARITHMETIC,0,0.0,1,1
0,917,D_THIRD_MODE,three-way,ARITH_A,ARITHMETIC,0,0.0,1,1
0,918,D_THIRD_MODE,three-way,TRANSFORM,TRANSFORM,0,0.0,1,1
0,919,D_THIRD_MODE,three-way,TRANSFORM,TRANSFORM,0,0.0,1,1
0,920,D_THIRD_MODE,three-way,TRANSFORM,TRANSFORM,0,0.0,1,1
0,921,D_THIRD_MODE,three-way,TRANSFORM,TRANSFORM,0,0.0,1,1
0,922,D_THIRD_MODE,three-way,TRANSFORM,TRANSFORM,0,0.0,1,1
0,923,D_THIRD_MODE,three-way,ARITH_A,ARITHMETIC,0,0.0,1,1
0,924,D_THIRD_MODE,three-way,ARITH_A,ARITHMETIC,0,0.0,1,1
0,925,D_THIRD_MODE,three-way,STORY,STORY,0,0.0,1,1
0,926,D_THIRD_MODE,three-way,TRANSFORM,TRANSFORM,0,0.0,1,1
0,927,D_THIRD_MODE,three-way,ARITH_A,ARITHMETIC,0,0.0,1,1
0,928,D_THIRD_MODE,three-way,TRANSFORM,TRANSFORM,0,0.0,1,1
0,929,D_THIRD_MODE,three-way,STORY,STORY,0,0.0,1,1
0,930,D_THIRD_MODE,three-way,ARITH_A,ARITHMETIC,0,0.0,1,1
0,931,D_THIRD_MODE,three-way,TRANSFORM,TRANSFORM,0,0.0,1,1
0,932,D_THIRD_MODE,three-way,TRANSFORM,TRANSFORM,0,0.0,1,1
0,933,D_THIRD_MODE,three-way,ARITH_A,ARITHMETIC,0,0.0,1,1
0,934,D_THIRD_MODE,three-way,STORY,STORY,0,0.0,1,1
0,935,D_THIRD_MODE,three-way,STORY,STORY,0,0.0,1,1
0,936,D_THIRD_MODE,three-way,STORY,STORY,0,0.0,1,1
0,937,D_THIRD_MODE,three-way,ARITH_A,ARITHMETIC,0,0.0,1,1
0,938,D_THIRD_MODE,three-way,TRANSFORM,TRANSFORM,0,0.0,1,1
0,939,D_THIRD_MODE,three-way,STORY,STORY,0,0.0,1,1
0,940,D_THIRD_MODE,three-way,TRANSFORM,TRANSFORM,0,0.0,1,1
0,941,D_THIRD_MODE,three-way,TRANSFORM,TRANSFORM,0,0.0,1,1
0,942,D_THIRD_MODE,three-way,ARITH_A,ARITHMETIC,0,0.0,1,1
0,943,D_THIRD_MODE,three-way,TRANSFORM,TRANSFORM,0,0.0,1,1
0,944,D_THIRD_MODE,three-way,ARITH_A,ARITHMETIC,0,0.0,1,1
0,945,D_THIRD_MODE,three-way,STORY,STORY,0,0.0,1,1
0,946,D_THIRD_MODE,three-way,ARITH_A,ARITHMETIC,0,0.0,1,1
0,947,D_THIRD_MODE,three-way,TRANSFORM,TRANSFORM,0,0.0,1,1
0,948,D_THIRD_MODE,three-way,ARITH_A,ARITHMETIC,0,0.0,1,1
0,949,D_THIRD_MODE,three-way,STORY,STORY,0,0.0,1,1
0,950,D_THIRD_MODE,three-way,ARITH_A,ARITHMETIC,0,0.0,1,1
0,951,D_THIRD_MODE,three-way,TRANSFORM,TRANSFORM,0,0.0,1,1
0,952,D_THIRD_MODE,three-way,STORY,STORY,0,0.0,1,1
0,953,D_THIRD_MODE,three-way,TRANSFORM,TRANSFORM,0,0.0,1,1
0,954,D_THIRD_MODE,three-way,TRANSFORM,TRANSFORM,0,0.0,1,1
0,955,D_THIRD_MODE,three-way,ARITH_A,ARITHMETIC,0,0.0,1,1
0,956,D_THIRD_MODE,three-way,ARITH_A,ARITHMETIC,0,0.0,1,1
0,957,D_THIRD_MODE,three-way,STORY,STORY,0,0.0,1,1
0,958,D_THIRD_MODE,three-way,TRANSFORM,TRANSFORM,0,0.0,1,1
0,959,D_THIRD_MODE,three-way,ARITH_A,ARITHMETIC,0,0.0,1,1
0,960,D_THIRD_MODE,three-way,ARITH_A,ARITHMETIC,0,0.0,1,1
0,961,D_THIRD_MODE,three-way,ARITH_A,ARITHMETIC,0,0.0,1,1
0,962,D_THIRD_MODE,three-way,ARITH_A,ARITHMETIC,0,0.0,1,1
0,963,D_THIRD_MODE,three-way,STORY,STORY,0,0.0,1,1
0,964,D_THIRD_MODE,three-way,TRANSFORM,TRANSFORM,0,0.0,1,1
0,965,D_THIRD_MODE,three-way,ARITH_A,ARITHMETIC,0,0.0,1,1
0,966,D_THIRD_MODE,three-way,STORY,STORY,0,0.0,1,1
0,967,D_THIRD_MODE,three-way,ARITH_A,ARITHMETIC,0,0.0,1,1
0,968,D_THIRD_MODE,three-way,STORY,STORY,0,0.0,1,1
0,969,D_THIRD_MODE,three-way,ARITH_A,ARITHMETIC,0,0.0,1,1
0,970,D_THIRD_MODE,three-way,STORY,STORY,0,0.0,1,1
0,971,D_THIRD_MODE,three-way,TRANSFORM,TRANSFORM,0,0.0,1,1
0,972,D_THIRD_MODE,three-way,STORY,STORY,0,0.0,1,1
0,973,D_THIRD_MODE,three-way,ARITH_A,ARITHMETIC,0,0.0,1,1
0,974,D_THIRD_MODE,three-way,TRANSFORM,TRANSFORM,0,0.0,1,1
0,975,D_THIRD_MODE,three-way,TRANSFORM,TRANSFORM,0,0.0,1,1
0,976,D_THIRD_MODE,three-way,ARITH_A,ARITHMETIC,0,0.0,1,1
0,977,D_THIRD_MODE,three-way,ARITH_A,ARITHMETIC,0,0.0,1,1
0,978,D_THIRD_MODE,three-way,ARITH_A,ARITHMETIC,0,0.0,1,1
0,979,D_THIRD_MODE,three-way,ARITH_A,ARITHMETIC,0,0.0,1,1
0,980,D_THIRD_MODE,three-way,STORY,STORY,0,0.0,1,1
0,981,D_THIRD_MODE,three-way,ARITH_A,ARITHMETIC,0,0.0,1,1
0,982,D_THIRD_MODE,three-way,STORY,STORY,0,0.0,1,1
0,983,D_THIRD_MODE,three-way,TRANSFORM,TRANSFORM,0,0.0,1,1
0,984,D_THIRD_MODE,three-way,STORY,STORY,0,0.0,1,1
0,985,D_THIRD_MODE,three-way,STORY,STORY,0,0.0,1,1
0,986,D_THIRD_MODE,three-way,TRANSFORM,TRANSFORM,0,0.0,1,1
0,987,D_THIRD_MODE,three-way,STORY,STORY,0,0.0,1,1
0,988,D_THIRD_MODE,three-way,ARITH_A,ARITHMETIC,0,0.0,1,1
0,989,D_THIRD_MODE,three-way,ARITH_A,ARITHMETIC,0,0.0,1,1
0,990,D_THIRD_MODE,three-way,TRANSFORM,TRANSFORM,0,0.0,1,1
0,991,D_THIRD_MODE,three-way,TRANSFORM,TRANSFORM,0,0.0,1,1
0,992,D_THIRD_MODE,three-way,STORY,STORY,0,0.0,1,1
0,993,D_THIRD_MODE,three-way,ARITH_A,ARITHMETIC,0,0.0,1,1
0,994,D_THIRD_MODE,three-way,ARITH_A,ARITHMETIC,0,0.0,1,1
0,995,D_THIRD_MODE,three-way,TRANSFORM,TRANSFORM,0,0.0,1,1
0,996,D_THIRD_MODE,three-way,STORY,STORY,0,0.0,1,1
0,997,D_THIRD_MODE,three-way,STORY,STORY,0,0.0,1,1
0,998,D_THIRD_MODE,three-way,ARITH_A,ARITHMETIC,0,0.0,1,1
0,999,D_THIRD_MODE,three-way,ARITH_A,ARITHMETIC,0,0.0,1,1
0,1000,D_THIRD_MODE,three-way,ARITH_A,ARITHMETIC,0,0.0,1,1
0,1001,D_THIRD_MODE,three-way,ARITH_A,ARITHMETIC,0,0.0,1,1
0,1002,D_THIRD_MODE,three-way,ARITH_A,ARITHMETIC,0,0.0,1,1
0,1003,D_THIRD_MODE,three-way,ARITH_A,ARITHMETIC,0,0.0,1,1
0,1004,D_THIRD_MODE,three-way,STORY,STORY,0,0.0,1,1
0,1005,D_THIRD_MODE,three-way,TRANSFORM,TRANSFORM,0,0.0,1,1
0,1006,D_THIRD_MODE,three-way,STORY,STORY,0,0.0,1,1
0,1007,D_THIRD_MODE,three-way,STORY,STORY,0,0.0,1,1
0,1008,D_THIRD_MODE,three-way,ARITH_A,ARITHMETIC,0,0.0,1,1
0,1009,D_THIRD_MODE,three-way,ARITH_A,ARITHMETIC,0,0.0,1,1
0,1010,D_THIRD_MODE,three-way,ARITH_A,ARITHMETIC,0,0.0,1,1
0,1011,D_THIRD_MODE,three-way,ARITH_A,ARITHMETIC,0,0.0,1,1
0,1012,D_THIRD_MODE,three-way,ARITH_A,ARITHMETIC,0,0.0,1,1
0,1013,D_THIRD_MODE,three-way,STORY,STORY,0,0.0,1,1
0,1014,D_THIRD_MODE,three-way,ARITH_A,ARITHMETIC,0,0.0,1,1
0,1015,D_THIRD_MODE,three-way,STORY,STORY,0,0.0,1,1
0,1016,D_THIRD_MODE,three-way,ARITH_A,ARITHMETIC,0,0.0,1,1
0,1017,D_THIRD_MODE,three-way,ARITH_A,ARITHMETIC,0,0.0,1,1
0,1018,D_THIRD_MODE,three-way,ARITH_A,ARITHMETIC,0,0.0,1,1
0,1019,D_THIRD_MODE,three-way,STORY,STORY,0,0.0,1,1
0,1020,D_THIRD_MODE,three-way,TRANSFORM,TRANSFORM,0,0.0,1,1
0,1021,D_THIRD_MODE,three-way,STORY,STORY,0,0.0,1,1
0,1022,D_THIRD_MODE,three-way,TRANSFORM,TRANSFORM,0,0.0,1,1
0,1023,D_THIRD_MODE,three-way,STORY,STORY,0,0.0,1,1
0,1024,D_THIRD_MODE,three-way,ARITH_A,ARITHMETIC,0,0.0,1,1
0,1025,D_THIRD_MODE,three-way,STORY,STORY,0,0.0,1,1
0,1026,D_THIRD_MODE,three-way,STORY,STORY,0,0.0,1,1
0,1027,D_THIRD_MODE,three-way,STORY,STORY,0,0.0,1,1
0,1028,D_THIRD_MODE,three-way,TRANSFORM,TRANSFORM,0,0.0,1,1
0,1029,D_THIRD_MODE,three-way,ARITH_A,ARITHMETIC,0,0.0,1,1
0,1030,D_THIRD_MODE,three-way,TRANSFORM,TRANSFORM,0,0.0,1,1
0,1031,D_THIRD_MODE,three-way,ARITH_A,ARITHMETIC,0,0.0,1,1
0,1032,D_THIRD_MODE,three-way,STORY,STORY,0,0.0,1,1
0,1033,D_THIRD_MODE,three-way,TRANSFORM,TRANSFORM,0,0.0,1,1
0,1034,D_THIRD_MODE,three-way,STORY,STORY,0,0.0,1,1
0,1035,D_THIRD_MODE,three-way,TRANSFORM,TRANSFORM,0,0.0,1,1
0,1036,D_THIRD_MODE,three-way,TRANSFORM,TRANSFORM,0,0.0,1,1
0,1037,D_THIRD_MODE,three-way,ARITH_A,ARITHMETIC,0,0.0,1,1
0,1038,D_THIRD_MODE,three-way,TRANSFORM,TRANSFORM,0,0.0,1,1
0,1039,D_THIRD_MODE,three-way,STORY,STORY,0,0.0,1,1
0,1040,D_THIRD_MODE,three-way,ARITH_A,ARITHMETIC,0,0.0,1,1
0,1041,D_THIRD_MODE,three-way,TRANSFORM,TRANSFORM,0,0.0,1,1
0,1042,D_THIRD_MODE,three-way,TRANSFORM,TRANSFORM,0,0.0,1,1
0,1043,D_THIRD_MODE,three-way,STORY,STORY,0,0.0,1,1
0,1044,D_THIRD_MODE,three-way,STORY,STORY,0,0.0,1,1
0,1045,D_THIRD_MODE,three-way,TRANSFORM,TRANSFORM,0,0.0,1,1
0,1046,D_THIRD_MODE,three-way,ARITH_A,ARITHMETIC,0,0.0,1,1
0,1047,D_THIRD_MODE,three-way,TRANSFORM,TRANSFORM,0,0.0,1,1
0,1048,D_THIRD_MODE,three-way,STORY,STORY,0,0.0,1,1
0,1049,D_THIRD_MODE,three-way,ARITH_A,ARITHMETIC,0,0.0,1,1
0,1050,D_THIRD_MODE,three-way,STORY,STORY,0,0.0,1,1
0,1051,D_THIRD_MODE,three-way,ARITH_A,ARITHMETIC,0,0.0,1,1
0,1052,D_THIRD_MODE,three-way,TRANSFORM,TRANSFORM,0,0.0,1,1
0,1053,D_THIRD_MODE,three-way,ARITH_A,ARITHMETIC,0,0.0,1,1
0,1054,D_THIRD_MODE,three-way,TRANSFORM,TRANSFORM,0,0.0,1,1
0,1055,D_THIRD_MODE,three-way,ARITH_A,ARITHMETIC,0,0.0,1,1
0,1056,D_THIRD_MODE,three-way,TRANSFORM,TRANSFORM,0,0.0,1,1
0,1057,D_THIRD_MODE,three-way,STORY,STORY,0,0.0,1,1
0,1058,D_THIRD_MODE,three-way,STORY,STORY,0,0.0,1,1
0,1059,D_THIRD_MODE,three-way,ARITH_A,ARITHMETIC,0,0.0,1,1
0,1060,D_THIRD_MODE,three-way,STORY,STORY,0,0.0,1,1
0,1061,D_THIRD_MODE,three-way,ARITH_A,ARITHMETIC,0,0.0,1,1
0,1062,D_THIRD_MODE,three-way,ARITH_A,ARITHMETIC,0,0.0,1,1
0,1063,D_THIRD_MODE,three-way,ARITH_A,ARITHMETIC,0,0.0,1,1
0,1064,D_THIRD_MODE,three-way,TRANSFORM,TRANSFORM,0,0.0,1,1
0,1065,D_THIRD_MODE,three-way,ARITH_A,ARITHMETIC,0,0.0,1,1
0,1066,D_THIRD_MODE,three-way,TRANSFORM,TRANSFORM,0,0.0,1,1
0,1067,D_THIRD_MODE,three-way,STORY,STORY,0,0.0,1,1
0,1068,D_THIRD_MODE,three-way,TRANSFORM,TRANSFORM,0,0.0,1,1
0,1069,D_THIRD_MODE,three-way,ARITH_A,ARITHMETIC,0,0.0,1,1
0,1070,D_THIRD_MODE,three-way,ARITH_A,ARITHMETIC,0,0.0,1,1
0,1071,D_THIRD_MODE,three-way,ARITH_A,ARITHMETIC,0,0.0,1,1
0,1072,D_THIRD_MODE,three-way,STORY,STORY,0,0.0,1,1
0,1073,D_THIRD_MODE,three-way,TRANSFORM,TRANSFORM,0,0.0,1,1
0,1074,D_THIRD_MODE,three-way,STORY,STORY,0,0.0,1,1
0,1075,D_THIRD_MODE,three-way,STORY,STORY,0,0.0,1,1
0,1076,D_THIRD_MODE,three-way,ARITH_A,ARITHMETIC,0,0.0,1,1
0,1077,D_THIRD_MODE,three-way,STORY,STORY,0,0.0,1,1
0,1078,D_THIRD_MODE,three-way,STORY,STORY,0,0.0,1,1
0,1079,D_THIRD_MODE,three-way,TRANSFORM,TRANSFORM,0,0.0,1,1
0,1080,D_THIRD_MODE,three-way,TRANSFORM,TRANSFORM,0,0.0,1,1
0,1081,D_THIRD_MODE,three-way,STORY,STORY,0,0.0,1,1
0,1082,D_THIRD_MODE,three-way,TRANSFORM,TRANSFORM,0,0.0,1,1
0,1083,D_THIRD_MODE,three-way,ARITH_A,ARITHMETIC,0,0.0,1,1
0,1084,D_THIRD_MODE,three-way,STORY,STORY,0,0.0,1,1
0,1085,D_THIRD_MODE,three-way,ARITH_A,ARITHMETIC,0,0.0,1,1
0,1086,D_THIRD_MODE,three-way,TRANSFORM,TRANSFORM,0,0.0,1,1
0,1087,D_THIRD_MODE,three-way,TRANSFORM,TRANSFORM,0,0.0,1,1
0,1088,D_THIRD_MODE,three-way,ARITH_A,ARITHMETIC,0,0.0,1,1
0,1089,D_THIRD_MODE,three-way,STORY,STORY,0,0.0,1,1
0,1090,D_THIRD_MODE,three-way,TRANSFORM,TRANSFORM,0,0.0,1,1
0,1091,D_THIRD_MODE,three-way,STORY,STORY,0,0.0,1,1
0,1092,D_THIRD_MODE,three-way,TRANSFORM,TRANSFORM,0,0.0,1,1
0,1093,D_THIRD_MODE,three-way,TRANSFORM,TRANSFORM,0,0.0,1,1
0,1094,D_THIRD_MODE,three-way,STORY,STORY,0,0.0,1,1
0,1095,D_THIRD_MODE,three-way,STORY,STORY,0,0.0,1,1
0,1096,D_THIRD_MODE,three-way,STORY,STORY,0,0.0,1,1
0,1097,D_THIRD_MODE,three-way,TRANSFORM,TRANSFORM,0,0.0,1,1
0,1098,D_THIRD_MODE,three-way,STORY,STORY,0,0.0,1,1
0,1099,D_THIRD_MODE,three-way,TRANSFORM,TRANSFORM,0,0.0,1,1
0,1100,D_THIRD_MODE,three-way,ARITH_A,ARITHMETIC,0,0.0,1,1
0,1101,D_THIRD_MODE,three-way,ARITH_A,ARITHMETIC,0,0.0,1,1
0,1102,D_THIRD_MODE,three-way,ARITH_A,ARITHMETIC,0,0.0,1,1
0,1103,D_THIRD_MODE,three-way,TRANSFORM,TRANSFORM,0,0.0,1,1
0,1104,D_THIRD_MODE,three-way,STORY,STORY,0,0.0,1,1
0,1105,D_THIRD_MODE,three-way,STORY,STORY,0,0.0,1,1
0,1106,D_THIRD_MODE,three-way,ARITH_A,ARITHMETIC,0,0.0,1,1
0,1107,D_THIRD_MODE,three-way,STORY,STORY,0,0.0,1,1
0,1108,D_THIRD_MODE,three-way,TRANSFORM,TRANSFORM,0,0.0,1,1
0,1109,D_THIRD_MODE,three-way,STORY,STORY,0,0.0,1,1
0,1110,D_THIRD_MODE,three-way,ARITH_A,ARITHMETIC,0,0.0,1,1
0,1111,D_THIRD_MODE,three-way,TRANSFORM,TRANSFORM,0,0.0,1,1
0,1112,D_THIRD_MODE,three-way,ARITH_A,ARITHMETIC,0,0.0,1,1
0,1113,D_THIRD_MODE,three-way,TRANSFORM,TRANSFORM,0,0.0,1,1
0,1114,D_THIRD_MODE,three-way,STORY,STORY,0,0.0,1,1
0,1115,D_THIRD_MODE,three-way,TRANSFORM,TRANSFORM,0,0.0,1,1
0,1116,D_THIRD_MODE,three-way,STORY,STORY,0,0.0,1,1
0,1117,D_THIRD_MODE,three-way,TRANSFORM,TRANSFORM,0,0.0,1,1
0,1118,D_THIRD_MODE,three-way,ARITH_A,ARITHMETIC,0,0.0,1,1
0,1119,D_THIRD_MODE,three-way,TRANSFORM,TRANSFORM,0,0.0,1,1
0,1120,D_THIRD_MODE,three-way,STORY,STORY,0,0.0,1,1
0,1121,D_THIRD_MODE,three-way,TRANSFORM,TRANSFORM,0,0.0,1,1
0,1122,D_THIRD_MODE,three-way,TRANSFORM,TRANSFORM,0,0.0,1,1
0,1123,D_THIRD_MODE,three-way,ARITH_A,ARITHMETIC,0,0.0,1,1
0,1124,D_THIRD_MODE,three-way,ARITH_A,ARITHMETIC,0,0.0,1,1
0,1125,D_THIRD_MODE,three-way,TRANSFORM,TRANSFORM,0,0.0,1,1
0,1126,D_THIRD_MODE,three-way,STORY,STORY,0,0.0,1,1
0,1127,D_THIRD_MODE,three-way,ARITH_A,ARITHMETIC,0,0.0,1,1
0,1128,D_THIRD_MODE,three-way,TRANSFORM,TRANSFORM,0,0.0,1,1
0,1129,D_THIRD_MODE,three-way,TRANSFORM,TRANSFORM,0,0.0,1,1
0,1130,D_THIRD_MODE,three-way,STORY,STORY,0,0.0,1,1
0,1131,D_THIRD_MODE,three-way,STORY,STORY,0,0.0,1,1
0,1132,D_THIRD_MODE,three-way,ARITH_A,ARITHMETIC,0,0.0,1,1
0,1133,D_THIRD_MODE,three-way,STORY,STORY,0,0.0,1,1
0,1134,D_THIRD_MODE,three-way,STORY,STORY,0,0.0,1,1
0,1135,D_THIRD_MODE,three-way,STORY,STORY,0,0.0,1,1
0,1136,D_THIRD_MODE,three-way,STORY,STORY,0,0.0,1,1
0,1137,D_THIRD_MODE,three-way,TRANSFORM,TRANSFORM,0,0.0,1,1
0,1138,D_THIRD_MODE,three-way,STORY,STORY,0,0.0,1,1
0,1139,D_THIRD_MODE,three-way,ARITH_A,ARITHMETIC,0,0.0,1,1
0,1140,D_THIRD_MODE,three-way,STORY,STORY,0,0.0,1,1
0,1141,D_THIRD_MODE,three-way,ARITH_A,ARITHMETIC,0,0.0,1,1
0,1142,D_THIRD_MODE,three-way,TRANSFORM,TRANSFORM,0,0.0,1,1
0,1143,D_THIRD_MODE,three-way,ARITH_A,ARITHMETIC,0,0.0,1,1
0,1144,D_THIRD_MODE,three-way,ARITH_A,ARITHMETIC,0,0.0,1,1
0,1145,D_THIRD_MODE,three-way,STORY,STORY,0,0.0,1,1
0,1146,D_THIRD_MODE,three-way,ARITH_A,ARITHMETIC,0,0.0,1,1
0,1147,D_THIRD_MODE,three-way,STORY,STORY,0,0.0,1,1
0,1148,D_THIRD_MODE,three-way,STORY,STORY,0,0.0,1,1
0,1149,D_THIRD_MODE,three-way,TRANSFORM,TRANSFORM,0,0.0,1,1
0,1150,D_THIRD_MODE,three-way,STORY,STORY,0,0.0,1,1
0,1151,D_THIRD_MODE,three-way,TRANSFORM,TRANSFORM,0,0.0,1,1
0,1152,D_THIRD_MODE,three-way,STORY,STORY,0,0.0,1,1
1,1,A_STORY_ONLY,story-only,STORY,STORY,0,0.0,1,1
1,2,A_STORY_ONLY,story-only,STORY,STORY,0,0.0,1,1
1,3,A_STORY_ONLY,story-only,STORY,STORY,0,0.0,1,1
1,4,A_STORY_ONLY,story-only,STORY,STORY,0,0.0,1,1
1,5,A_STORY_ONLY,story-only,STORY,STORY,0,0.0,1,1
1,6,A_STORY_ONLY,story-only,STORY,STORY,0,0.0,1,1
1,7,A_STORY_ONLY,story-only,STORY,STORY,0,0.0,1,1
1,8,A_STORY_ONLY,story-only,STORY,STORY,0,0.0,1,1
1,9,A_STORY_ONLY,story-only,STORY,STORY,0,0.0,1,1
1,10,A_STORY_ONLY,story-only,STORY,STORY,0,0.0,1,1
1,11,A_STORY_ONLY,story-only,STORY,STORY,0,0.0,1,1
1,12,A_STORY_ONLY,story-only,STORY,STORY,0,0.0,1,1
1,13,A_STORY_ONLY,story-only,STORY,STORY,0,0.0,1,1
1,14,A_STORY_ONLY,story-only,STORY,STORY,0,0.0,1,1
1,15,A_STORY_ONLY,story-only,STORY,STORY,0,0.0,1,1
1,16,A_STORY_ONLY,story-only,STORY,STORY,0,0.0,1,1
1,17,A_STORY_ONLY,story-only,STORY,STORY,0,0.0,1,1
1,18,A_STORY_ONLY,story-only,STORY,STORY,0,0.0,1,1
1,19,A_STORY_ONLY,story-only,STORY,STORY,0,0.0,1,1
1,20,A_STORY_ONLY,story-only,STORY,STORY,0,0.0,1,1
1,21,A_STORY_ONLY,story-only,STORY,STORY,0,0.0,1,1
1,22,A_STORY_ONLY,story-only,STORY,STORY,0,0.0,1,1
1,23,A_STORY_ONLY,story-only,STORY,STORY,0,0.0,1,1
1,24,A_STORY_ONLY,story-only,STORY,STORY,0,0.0,1,1
1,25,A_STORY_ONLY,story-only,STORY,STORY,0,0.0,1,1
1,26,A_STORY_ONLY,story-only,STORY,STORY,0,0.0,1,1
1,27,A_STORY_ONLY,story-only,STORY,STORY,0,0.0,1,1
1,28,A_STORY_ONLY,story-only,STORY,STORY,0,0.0,1,1
1,29,A_STORY_ONLY,story-only,STORY,STORY,0,0.0,1,1
1,30,A_STORY_ONLY,story-only,STORY,STORY,0,0.0,1,1
1,31,A_STORY_ONLY,story-only,STORY,STORY,0,0.0,1,1
1,32,A_STORY_ONLY,story-only,STORY,STORY,0,0.0,1,1
1,33,A_STORY_ONLY,story-only,STORY,STORY,0,0.0,1,1
1,34,A_STORY_ONLY,story-only,STORY,STORY,0,0.0,1,1
1,35,A_STORY_ONLY,story-only,STORY,STORY,0,0.0,1,1
1,36,A_STORY_ONLY,story-only,STORY,STORY,0,0.0,1,1
1,37,A_STORY_ONLY,story-only,STORY,STORY,0,0.0,1,1
1,38,A_STORY_ONLY,story-only,STORY,STORY,0,0.0,1,1
1,39,A_STORY_ONLY,story-only,STORY,STORY,0,0.0,1,1
1,40,A_STORY_ONLY,story-only,STORY,STORY,0,0.0,1,1
1,41,A_STORY_ONLY,story-only,STORY,STORY,0,0.0,1,1
1,42,A_STORY_ONLY,story-only,STORY,STORY,0,0.0,1,1
1,43,A_STORY_ONLY,story-only,STORY,STORY,0,0.0,1,1
1,44,A_STORY_ONLY,story-only,STORY,STORY,0,0.0,1,1
1,45,A_STORY_ONLY,story-only,STORY,STORY,0,0.0,1,1
1,46,A_STORY_ONLY,story-only,STORY,STORY,0,0.0,1,1
1,47,A_STORY_ONLY,story-only,STORY,STORY,0,0.0,1,1
1,48,A_STORY_ONLY,story-only,STORY,STORY,0,0.0,1,1
1,49,A_STORY_ONLY,story-only,STORY,STORY,0,0.0,1,1
1,50,A_STORY_ONLY,story-only,STORY,STORY,0,0.0,1,1
1,51,A_STORY_ONLY,story-only,STORY,STORY,0,0.0,1,1
1,52,A_STORY_ONLY,story-only,STORY,STORY,0,0.0,1,1
1,53,A_STORY_ONLY,story-only,STORY,STORY,0,0.0,1,1
1,54,A_STORY_ONLY,story-only,STORY,STORY,0,0.0,1,1
1,55,A_STORY_ONLY,story-only,STORY,STORY,0,0.0,1,1
1,56,A_STORY_ONLY,story-only,STORY,STORY,0,0.0,1,1
1,57,A_STORY_ONLY,story-only,STORY,STORY,0,0.0,1,1
1,58,A_STORY_ONLY,story-only,STORY,STORY,0,0.0,1,1
1,59,A_STORY_ONLY,story-only,STORY,STORY,0,0.0,1,1
1,60,A_STORY_ONLY,story-only,STORY,STORY,0,0.0,1,1
1,61,A_STORY_ONLY,story-only,STORY,STORY,0,0.0,1,1
1,62,A_STORY_ONLY,story-only,STORY,STORY,0,0.0,1,1
1,63,A_STORY_ONLY,story-only,STORY,STORY,0,0.0,1,1
1,64,A_STORY_ONLY,story-only,STORY,STORY,0,0.0,1,1
1,65,A_STORY_ONLY,story-only,STORY,STORY,0,0.0,1,1
1,66,A_STORY_ONLY,story-only,STORY,STORY,0,0.0,1,1
1,67,A_STORY_ONLY,story-only,STORY,STORY,0,0.0,1,1
1,68,A_STORY_ONLY,story-only,STORY,STORY,0,0.0,1,1
1,69,A_STORY_ONLY,story-only,STORY,STORY,0,0.0,1,1
1,70,A_STORY_ONLY,story-only,STORY,STORY,0,0.0,1,1
1,71,A_STORY_ONLY,story-only,STORY,STORY,0,0.0,1,1
1,72,A_STORY_ONLY,story-only,STORY,STORY,0,0.0,1,1
1,73,A_STORY_ONLY,story-only,STORY,STORY,0,0.0,1,1
1,74,A_STORY_ONLY,story-only,STORY,STORY,0,0.0,1,1
1,75,A_STORY_ONLY,story-only,STORY,STORY,0,0.0,1,1
1,76,A_STORY_ONLY,story-only,STORY,STORY,0,0.0,1,1
1,77,A_STORY_ONLY,story-only,STORY,STORY,0,0.0,1,1
1,78,A_STORY_ONLY,story-only,STORY,STORY,0,0.0,1,1
1,79,A_STORY_ONLY,story-only,STORY,STORY,0,0.0,1,1
1,80,A_STORY_ONLY,story-only,STORY,STORY,0,0.0,1,1
1,81,A_STORY_ONLY,story-only,STORY,STORY,0,0.0,1,1
1,82,A_STORY_ONLY,story-only,STORY,STORY,0,0.0,1,1
1,83,A_STORY_ONLY,story-only,STORY,STORY,0,0.0,1,1
1,84,A_STORY_ONLY,story-only,STORY,STORY,0,0.0,1,1
1,85,A_STORY_ONLY,story-only,STORY,STORY,0,0.0,1,1
1,86,A_STORY_ONLY,story-only,STORY,STORY,0,0.0,1,1
1,87,A_STORY_ONLY,story-only,STORY,STORY,0,0.0,1,1
1,88,A_STORY_ONLY,story-only,STORY,STORY,0,0.0,1,1
1,89,A_STORY_ONLY,story-only,STORY,STORY,0,0.0,1,1
1,90,A_STORY_ONLY,story-only,STORY,STORY,0,0.0,1,1
1,91,A_STORY_ONLY,story-only,STORY,STORY,0,0.0,1,1
1,92,A_STORY_ONLY,story-only,STORY,STORY,0,0.0,1,1
1,93,A_STORY_ONLY,story-only,STORY,STORY,0,0.0,1,1
1,94,A_STORY_ONLY,story-only,STORY,STORY,0,0.0,1,1
1,95,A_STORY_ONLY,story-only,STORY,STORY,0,0.0,1,1
1,96,A_STORY_ONLY,story-only,STORY,STORY,0,0.0,1,1
1,97,A_STORY_ONLY,story-only,STORY,STORY,0,0.0,1,1
1,98,A_STORY_ONLY,story-only,STORY,STORY,0,0.0,1,1
1,99,A_STORY_ONLY,story-only,STORY,STORY,0,0.0,1,1
1,100,A_STORY_ONLY,story-only,STORY,STORY,0,0.0,1,1
1,101,A_STORY_ONLY,story-only,STORY,STORY,0,0.0,1,1
1,102,A_STORY_ONLY,story-only,STORY,STORY,0,0.0,1,1
1,103,A_STORY_ONLY,story-only,STORY,STORY,0,0.0,1,1
1,104,A_STORY_ONLY,story-only,STORY,STORY,0,0.0,1,1
1,105,A_STORY_ONLY,story-only,STORY,STORY,0,0.0,1,1
1,106,A_STORY_ONLY,story-only,STORY,STORY,0,0.0,1,1
1,107,A_STORY_ONLY,story-only,STORY,STORY,0,0.0,1,1
1,108,A_STORY_ONLY,story-only,STORY,STORY,0,0.0,1,1
1,109,A_STORY_ONLY,story-only,STORY,STORY,0,0.0,1,1
1,110,A_STORY_ONLY,story-only,STORY,STORY,0,0.0,1,1
1,111,A_STORY_ONLY,story-only,STORY,STORY,0,0.0,1,1
1,112,A_STORY_ONLY,story-only,STORY,STORY,0,0.0,1,1
1,113,A_STORY_ONLY,story-only,STORY,STORY,0,0.0,1,1
1,114,A_STORY_ONLY,story-only,STORY,STORY,0,0.0,1,1
1,115,A_STORY_ONLY,story-only,STORY,STORY,0,0.0,1,1
1,116,A_STORY_ONLY,story-only,STORY,STORY,0,0.0,1,1
1,117,A_STORY_ONLY,story-only,STORY,STORY,0,0.0,1,1
1,118,A_STORY_ONLY,story-only,STORY,STORY,0,0.0,1,1
1,119,A_STORY_ONLY,story-only,STORY,STORY,0,0.0,1,1
1,120,A_STORY_ONLY,story-only,STORY,STORY,0,0.0,1,1
1,121,A_STORY_ONLY,story-only,STORY,STORY,0,0.0,1,1
1,122,A_STORY_ONLY,story-only,STORY,STORY,0,0.0,1,1
1,123,A_STORY_ONLY,story-only,STORY,STORY,0,0.0,1,1
1,124,A_STORY_ONLY,story-only,STORY,STORY,0,0.0,1,1
1,125,A_STORY_ONLY,story-only,STORY,STORY,0,0.0,1,1
1,126,A_STORY_ONLY,story-only,STORY,STORY,0,0.0,1,1
1,127,A_STORY_ONLY,story-only,STORY,STORY,0,0.0,1,1
1,128,A_STORY_ONLY,story-only,STORY,STORY,0,0.0,1,1
1,129,A_STORY_ONLY,story-only,STORY,STORY,0,0.0,1,1
1,130,A_STORY_ONLY,story-only,STORY,STORY,0,0.0,1,1
1,131,A_STORY_ONLY,story-only,STORY,STORY,0,0.0,1,1
1,132,A_STORY_ONLY,story-only,STORY,STORY,0,0.0,1,1
1,133,A_STORY_ONLY,story-only,STORY,STORY,0,0.0,1,1
1,134,A_STORY_ONLY,story-only,STORY,STORY,0,0.0,1,1
1,135,A_STORY_ONLY,story-only,STORY,STORY,0,0.0,1,1
1,136,A_STORY_ONLY,story-only,STORY,STORY,0,0.0,1,1
1,137,A_STORY_ONLY,story-only,STORY,STORY,0,0.0,1,1
1,138,A_STORY_ONLY,story-only,STORY,STORY,0,0.0,1,1
1,139,A_STORY_ONLY,story-only,STORY,STORY,0,0.0,1,1
1,140,A_STORY_ONLY,story-only,STORY,STORY,0,0.0,1,1
1,141,A_STORY_ONLY,story-only,STORY,STORY,0,0.0,1,1
1,142,A_STORY_ONLY,story-only,STORY,STORY,0,0.0,1,1
1,143,A_STORY_ONLY,story-only,STORY,STORY,0,0.0,1,1
1,144,A_STORY_ONLY,story-only,STORY,STORY,0,0.0,1,1
1,145,A_STORY_ONLY,story-only,STORY,STORY,0,0.0,1,1
1,146,A_STORY_ONLY,story-only,STORY,STORY,0,0.0,1,1
1,147,A_STORY_ONLY,story-only,STORY,STORY,0,0.0,1,1
1,148,A_STORY_ONLY,story-only,STORY,STORY,0,0.0,1,1
1,149,A_STORY_ONLY,story-only,STORY,STORY,0,0.0,1,1
1,150,A_STORY_ONLY,story-only,STORY,STORY,0,0.0,1,1
1,151,A_STORY_ONLY,story-only,STORY,STORY,0,0.0,1,1
1,152,A_STORY_ONLY,story-only,STORY,STORY,0,0.0,1,1
1,153,A_STORY_ONLY,story-only,STORY,STORY,0,0.0,1,1
1,154,A_STORY_ONLY,story-only,STORY,STORY,0,0.0,1,1
1,155,A_STORY_ONLY,story-only,STORY,STORY,0,0.0,1,1
1,156,A_STORY_ONLY,story-only,STORY,STORY,0,0.0,1,1
1,157,A_STORY_ONLY,story-only,STORY,STORY,0,0.0,1,1
1,158,A_STORY_ONLY,story-only,STORY,STORY,0,0.0,1,1
1,159,A_STORY_ONLY,story-only,STORY,STORY,0,0.0,1,1
1,160,A_STORY_ONLY,story-only,STORY,STORY,0,0.0,1,1
1,161,A_STORY_ONLY,story-only,STORY,STORY,0,0.0,1,1
1,162,A_STORY_ONLY,story-only,STORY,STORY,0,0.0,1,1
1,163,A_STORY_ONLY,story-only,STORY,STORY,0,0.0,1,1
1,164,A_STORY_ONLY,story-only,STORY,STORY,0,0.0,1,1
1,165,A_STORY_ONLY,story-only,STORY,STORY,0,0.0,1,1
1,166,A_STORY_ONLY,story-only,STORY,STORY,0,0.0,1,1
1,167,A_STORY_ONLY,story-only,STORY,STORY,0,0.0,1,1
1,168,A_STORY_ONLY,story-only,STORY,STORY,0,0.0,1,1
1,169,A_STORY_ONLY,story-only,STORY,STORY,0,0.0,1,1
1,170,A_STORY_ONLY,story-only,STORY,STORY,0,0.0,1,1
1,171,A_STORY_ONLY,story-only,STORY,STORY,0,0.0,1,1
1,172,A_STORY_ONLY,story-only,STORY,STORY,0,0.0,1,1
1,173,A_STORY_ONLY,story-only,STORY,STORY,0,0.0,1,1
1,174,A_STORY_ONLY,story-only,STORY,STORY,0,0.0,1,1
1,175,A_STORY_ONLY,story-only,STORY,STORY,0,0.0,1,1
1,176,A_STORY_ONLY,story-only,STORY,STORY,0,0.0,1,1
1,177,A_STORY_ONLY,story-only,STORY,STORY,0,0.0,1,1
1,178,A_STORY_ONLY,story-only,STORY,STORY,0,0.0,1,1
1,179,A_STORY_ONLY,story-only,STORY,STORY,0,0.0,1,1
1,180,A_STORY_ONLY,story-only,STORY,STORY,0,0.0,1,1
1,181,A_STORY_ONLY,story-only,STORY,STORY,0,0.0,1,1
1,182,A_STORY_ONLY,story-only,STORY,STORY,0,0.0,1,1
1,183,A_STORY_ONLY,story-only,STORY,STORY,0,0.0,1,1
1,184,A_STORY_ONLY,story-only,STORY,STORY,0,0.0,1,1
1,185,A_STORY_ONLY,story-only,STORY,STORY,0,0.0,1,1
1,186,A_STORY_ONLY,story-only,STORY,STORY,0,0.0,1,1
1,187,A_STORY_ONLY,story-only,STORY,STORY,0,0.0,1,1
1,188,A_STORY_ONLY,story-only,STORY,STORY,0,0.0,1,1
1,189,A_STORY_ONLY,story-only,STORY,STORY,0,0.0,1,1
1,190,A_STORY_ONLY,story-only,STORY,STORY,0,0.0,1,1
1,191,A_STORY_ONLY,story-only,STORY,STORY,0,0.0,1,1
1,192,A_STORY_ONLY,story-only,STORY,STORY,0,0.0,1,1
1,193,B_EMERGING_MATH,math-10,STORY,STORY,0,0.0,1,1
1,194,B_EMERGING_MATH,math-10,STORY,STORY,0,0.0,1,1
1,195,B_EMERGING_MATH,math-10,ARITH_A,ARITHMETIC,0,0.0,1,1
1,196,B_EMERGING_MATH,math-10,STORY,STORY,0,0.0,1,1
1,197,B_EMERGING_MATH,math-10,STORY,STORY,0,0.0,1,1
1,198,B_EMERGING_MATH,math-10,ARITH_A,ARITHMETIC,0,0.0,1,1
1,199,B_EMERGING_MATH,math-10,STORY,STORY,0,0.0,1,1
1,200,B_EMERGING_MATH,math-10,ARITH_A,ARITHMETIC,0,0.0,1,1
1,201,B_EMERGING_MATH,math-10,STORY,STORY,0,0.0,1,1
1,202,B_EMERGING_MATH,math-10,STORY,STORY,0,0.0,1,1
1,203,B_EMERGING_MATH,math-10,STORY,STORY,0,0.0,1,1
1,204,B_EMERGING_MATH,math-10,STORY,STORY,0,0.0,1,1
1,205,B_EMERGING_MATH,math-10,ARITH_A,ARITHMETIC,0,0.0,1,1
1,206,B_EMERGING_MATH,math-10,STORY,STORY,0,0.0,1,1
1,207,B_EMERGING_MATH,math-10,STORY,STORY,0,0.0,1,1
1,208,B_EMERGING_MATH,math-10,STORY,STORY,0,0.0,1,1
1,209,B_EMERGING_MATH,math-10,STORY,STORY,0,0.0,1,1
1,210,B_EMERGING_MATH,math-10,STORY,STORY,0,0.0,1,1
1,211,B_EMERGING_MATH,math-10,STORY,STORY,0,0.0,1,1
1,212,B_EMERGING_MATH,math-10,STORY,STORY,0,0.0,1,1
1,213,B_EMERGING_MATH,math-10,STORY,STORY,0,0.0,1,1
1,214,B_EMERGING_MATH,math-10,STORY,STORY,0,0.0,1,1
1,215,B_EMERGING_MATH,math-10,STORY,STORY,0,0.0,1,1
1,216,B_EMERGING_MATH,math-10,STORY,STORY,0,0.0,1,1
1,217,B_EMERGING_MATH,math-10,STORY,STORY,0,0.0,1,1
1,218,B_EMERGING_MATH,math-10,STORY,STORY,0,0.0,1,1
1,219,B_EMERGING_MATH,math-10,STORY,STORY,0,0.0,1,1
1,220,B_EMERGING_MATH,math-10,STORY,STORY,0,0.0,1,1
1,221,B_EMERGING_MATH,math-10,STORY,STORY,0,0.0,1,1
1,222,B_EMERGING_MATH,math-10,STORY,STORY,0,0.0,1,1
1,223,B_EMERGING_MATH,math-10,STORY,STORY,0,0.0,1,1
1,224,B_EMERGING_MATH,math-10,STORY,STORY,0,0.0,1,1
1,225,B_EMERGING_MATH,math-10,STORY,STORY,0,0.0,1,1
1,226,B_EMERGING_MATH,math-10,STORY,STORY,0,0.0,1,1
1,227,B_EMERGING_MATH,math-10,STORY,STORY,0,0.0,1,1
1,228,B_EMERGING_MATH,math-10,STORY,STORY,0,0.0,1,1
1,229,B_EMERGING_MATH,math-10,STORY,STORY,0,0.0,1,1
1,230,B_EMERGING_MATH,math-10,STORY,STORY,0,0.0,1,1
1,231,B_EMERGING_MATH,math-10,STORY,STORY,0,0.0,1,1
1,232,B_EMERGING_MATH,math-10,STORY,STORY,0,0.0,1,1
1,233,B_EMERGING_MATH,math-10,STORY,STORY,0,0.0,1,1
1,234,B_EMERGING_MATH,math-10,STORY,STORY,0,0.0,1,1
1,235,B_EMERGING_MATH,math-10,STORY,STORY,0,0.0,1,1
1,236,B_EMERGING_MATH,math-10,STORY,STORY,0,0.0,1,1
1,237,B_EMERGING_MATH,math-10,STORY,STORY,0,0.0,1,1
1,238,B_EMERGING_MATH,math-10,STORY,STORY,0,0.0,1,1
1,239,B_EMERGING_MATH,math-10,STORY,STORY,0,0.0,1,1
1,240,B_EMERGING_MATH,math-10,STORY,STORY,0,0.0,1,1
1,241,B_EMERGING_MATH,math-10,STORY,STORY,0,0.0,1,1
1,242,B_EMERGING_MATH,math-10,STORY,STORY,0,0.0,1,1
1,243,B_EMERGING_MATH,math-10,STORY,STORY,0,0.0,1,1
1,244,B_EMERGING_MATH,math-10,STORY,STORY,0,0.0,1,1
1,245,B_EMERGING_MATH,math-10,STORY,STORY,0,0.0,1,1
1,246,B_EMERGING_MATH,math-10,STORY,STORY,0,0.0,1,1
1,247,B_EMERGING_MATH,math-10,STORY,STORY,0,0.0,1,1
1,248,B_EMERGING_MATH,math-10,STORY,STORY,0,0.0,1,1
1,249,B_EMERGING_MATH,math-10,STORY,STORY,0,0.0,1,1
1,250,B_EMERGING_MATH,math-10,STORY,STORY,0,0.0,1,1
1,251,B_EMERGING_MATH,math-10,STORY,STORY,0,0.0,1,1
1,252,B_EMERGING_MATH,math-10,STORY,STORY,0,0.0,1,1
1,253,B_EMERGING_MATH,math-10,STORY,STORY,0,0.0,1,1
1,254,B_EMERGING_MATH,math-10,STORY,STORY,0,0.0,1,1
1,255,B_EMERGING_MATH,math-10,ARITH_A,ARITHMETIC,0,0.0,1,1
1,256,B_EMERGING_MATH,math-10,STORY,STORY,0,0.0,1,1
1,257,B_EMERGING_MATH,math-10,STORY,STORY,0,0.0,1,1
1,258,B_EMERGING_MATH,math-10,STORY,STORY,0,0.0,1,1
1,259,B_EMERGING_MATH,math-10,STORY,STORY,0,0.0,1,1
1,260,B_EMERGING_MATH,math-10,STORY,STORY,0,0.0,1,1
1,261,B_EMERGING_MATH,math-10,STORY,STORY,0,0.0,1,1
1,262,B_EMERGING_MATH,math-10,ARITH_A,ARITHMETIC,0,0.0,1,1
1,263,B_EMERGING_MATH,math-10,ARITH_A,ARITHMETIC,0,0.0,1,1
1,264,B_EMERGING_MATH,math-10,STORY,STORY,0,0.0,1,1
1,265,B_EMERGING_MATH,math-10,STORY,STORY,0,0.0,1,1
1,266,B_EMERGING_MATH,math-10,STORY,STORY,0,0.0,1,1
1,267,B_EMERGING_MATH,math-10,STORY,STORY,0,0.0,1,1
1,268,B_EMERGING_MATH,math-10,STORY,STORY,0,0.0,1,1
1,269,B_EMERGING_MATH,math-10,STORY,STORY,0,0.0,1,1
1,270,B_EMERGING_MATH,math-10,STORY,STORY,0,0.0,1,1
1,271,B_EMERGING_MATH,math-10,STORY,STORY,0,0.0,1,1
1,272,B_EMERGING_MATH,math-10,STORY,STORY,0,0.0,1,1
1,273,B_EMERGING_MATH,math-10,STORY,STORY,0,0.0,1,1
1,274,B_EMERGING_MATH,math-10,STORY,STORY,0,0.0,1,1
1,275,B_EMERGING_MATH,math-10,STORY,STORY,0,0.0,1,1
1,276,B_EMERGING_MATH,math-10,ARITH_A,ARITHMETIC,0,0.0,1,1
1,277,B_EMERGING_MATH,math-10,STORY,STORY,0,0.0,1,1
1,278,B_EMERGING_MATH,math-10,STORY,STORY,0,0.0,1,1
1,279,B_EMERGING_MATH,math-10,STORY,STORY,0,0.0,1,1
1,280,B_EMERGING_MATH,math-10,STORY,STORY,0,0.0,1,1
1,281,B_EMERGING_MATH,math-10,STORY,STORY,0,0.0,1,1
1,282,B_EMERGING_MATH,math-10,ARITH_A,ARITHMETIC,0,0.0,1,1
1,283,B_EMERGING_MATH,math-10,STORY,STORY,0,0.0,1,1
1,284,B_EMERGING_MATH,math-10,STORY,STORY,0,0.0,1,1
1,285,B_EMERGING_MATH,math-10,STORY,STORY,0,0.0,1,1
1,286,B_EMERGING_MATH,math-10,STORY,STORY,0,0.0,1,1
1,287,B_EMERGING_MATH,math-10,STORY,STORY,0,0.0,1,1
1,288,B_EMERGING_MATH,math-10,STORY,STORY,0,0.0,1,1
1,289,B_EMERGING_MATH,math-10,STORY,STORY,0,0.0,1,1
1,290,B_EMERGING_MATH,math-10,STORY,STORY,0,0.0,1,1
1,291,B_EMERGING_MATH,math-10,STORY,STORY,0,0.0,1,1
1,292,B_EMERGING_MATH,math-10,STORY,STORY,0,0.0,1,1
1,293,B_EMERGING_MATH,math-10,STORY,STORY,0,0.0,1,1
1,294,B_EMERGING_MATH,math-10,STORY,STORY,0,0.0,1,1
1,295,B_EMERGING_MATH,math-10,STORY,STORY,0,0.0,1,1
1,296,B_EMERGING_MATH,math-10,STORY,STORY,0,0.0,1,1
1,297,B_EMERGING_MATH,math-10,STORY,STORY,0,0.0,1,1
1,298,B_EMERGING_MATH,math-10,STORY,STORY,0,0.0,1,1
1,299,B_EMERGING_MATH,math-10,STORY,STORY,0,0.0,1,1
1,300,B_EMERGING_MATH,math-10,ARITH_A,ARITHMETIC,0,0.0,1,1
1,301,B_EMERGING_MATH,math-10,STORY,STORY,0,0.0,1,1
1,302,B_EMERGING_MATH,math-10,STORY,STORY,0,0.0,1,1
1,303,B_EMERGING_MATH,math-10,STORY,STORY,0,0.0,1,1
1,304,B_EMERGING_MATH,math-10,STORY,STORY,0,0.0,1,1
1,305,B_EMERGING_MATH,math-10,STORY,STORY,0,0.0,1,1
1,306,B_EMERGING_MATH,math-10,STORY,STORY,0,0.0,1,1
1,307,B_EMERGING_MATH,math-10,STORY,STORY,0,0.0,1,1
1,308,B_EMERGING_MATH,math-10,ARITH_A,ARITHMETIC,0,0.0,1,1
1,309,B_EMERGING_MATH,math-10,STORY,STORY,0,0.0,1,1
1,310,B_EMERGING_MATH,math-10,ARITH_A,ARITHMETIC,0,0.0,1,1
1,311,B_EMERGING_MATH,math-10,STORY,STORY,0,0.0,1,1
1,312,B_EMERGING_MATH,math-10,STORY,STORY,0,0.0,1,1
1,313,B_EMERGING_MATH,math-10,STORY,STORY,0,0.0,1,1
1,314,B_EMERGING_MATH,math-10,STORY,STORY,0,0.0,1,1
1,315,B_EMERGING_MATH,math-10,STORY,STORY,0,0.0,1,1
1,316,B_EMERGING_MATH,math-10,STORY,STORY,0,0.0,1,1
1,317,B_EMERGING_MATH,math-10,STORY,STORY,0,0.0,1,1
1,318,B_EMERGING_MATH,math-10,STORY,STORY,0,0.0,1,1
1,319,B_EMERGING_MATH,math-10,STORY,STORY,0,0.0,1,1
1,320,B_EMERGING_MATH,math-10,ARITH_A,ARITHMETIC,0,0.0,1,1
1,321,B_EMERGING_MATH,math-30,STORY,STORY,0,0.0,1,1
1,322,B_EMERGING_MATH,math-30,ARITH_A,ARITHMETIC,0,0.0,1,1
1,323,B_EMERGING_MATH,math-30,STORY,STORY,0,0.0,1,1
1,324,B_EMERGING_MATH,math-30,ARITH_A,ARITHMETIC,0,0.0,1,1
1,325,B_EMERGING_MATH,math-30,ARITH_A,ARITHMETIC,0,0.0,1,1
1,326,B_EMERGING_MATH,math-30,STORY,STORY,0,0.0,1,1
1,327,B_EMERGING_MATH,math-30,STORY,STORY,0,0.0,1,1
1,328,B_EMERGING_MATH,math-30,STORY,STORY,0,0.0,1,1
1,329,B_EMERGING_MATH,math-30,STORY,STORY,0,0.0,1,1
1,330,B_EMERGING_MATH,math-30,STORY,STORY,0,0.0,1,1
1,331,B_EMERGING_MATH,math-30,STORY,STORY,0,0.0,1,1
1,332,B_EMERGING_MATH,math-30,ARITH_A,ARITHMETIC,0,0.0,1,1
1,333,B_EMERGING_MATH,math-30,STORY,STORY,0,0.0,1,1
1,334,B_EMERGING_MATH,math-30,STORY,STORY,0,0.0,1,1
1,335,B_EMERGING_MATH,math-30,ARITH_A,ARITHMETIC,0,0.0,1,1
1,336,B_EMERGING_MATH,math-30,STORY,STORY,0,0.0,1,1
1,337,B_EMERGING_MATH,math-30,STORY,STORY,0,0.0,1,1
1,338,B_EMERGING_MATH,math-30,STORY,STORY,0,0.0,1,1
1,339,B_EMERGING_MATH,math-30,STORY,STORY,0,0.0,1,1
1,340,B_EMERGING_MATH,math-30,STORY,STORY,0,0.0,1,1
1,341,B_EMERGING_MATH,math-30,STORY,STORY,0,0.0,1,1
1,342,B_EMERGING_MATH,math-30,STORY,STORY,0,0.0,1,1
1,343,B_EMERGING_MATH,math-30,STORY,STORY,0,0.0,1,1
1,344,B_EMERGING_MATH,math-30,STORY,STORY,0,0.0,1,1
1,345,B_EMERGING_MATH,math-30,ARITH_A,ARITHMETIC,0,0.0,1,1
1,346,B_EMERGING_MATH,math-30,ARITH_A,ARITHMETIC,0,0.0,1,1
1,347,B_EMERGING_MATH,math-30,STORY,STORY,0,0.0,1,1
1,348,B_EMERGING_MATH,math-30,ARITH_A,ARITHMETIC,0,0.0,1,1
1,349,B_EMERGING_MATH,math-30,ARITH_A,ARITHMETIC,0,0.0,1,1
1,350,B_EMERGING_MATH,math-30,STORY,STORY,0,0.0,1,1
1,351,B_EMERGING_MATH,math-30,STORY,STORY,0,0.0,1,1
1,352,B_EMERGING_MATH,math-30,STORY,STORY,0,0.0,1,1
1,353,B_EMERGING_MATH,math-30,STORY,STORY,0,0.0,1,1
1,354,B_EMERGING_MATH,math-30,ARITH_A,ARITHMETIC,0,0.0,1,1
1,355,B_EMERGING_MATH,math-30,STORY,STORY,0,0.0,1,1
1,356,B_EMERGING_MATH,math-30,ARITH_A,ARITHMETIC,0,0.0,1,1
1,357,B_EMERGING_MATH,math-30,STORY,STORY,0,0.0,1,1
1,358,B_EMERGING_MATH,math-30,STORY,STORY,0,0.0,1,1
1,359,B_EMERGING_MATH,math-30,STORY,STORY,0,0.0,1,1
1,360,B_EMERGING_MATH,math-30,ARITH_A,ARITHMETIC,0,0.0,1,1
1,361,B_EMERGING_MATH,math-30,STORY,STORY,0,0.0,1,1
1,362,B_EMERGING_MATH,math-30,STORY,STORY,0,0.0,1,1
1,363,B_EMERGING_MATH,math-30,STORY,STORY,0,0.0,1,1
1,364,B_EMERGING_MATH,math-30,ARITH_A,ARITHMETIC,0,0.0,1,1
1,365,B_EMERGING_MATH,math-30,ARITH_A,ARITHMETIC,0,0.0,1,1
1,366,B_EMERGING_MATH,math-30,STORY,STORY,0,0.0,1,1
1,367,B_EMERGING_MATH,math-30,STORY,STORY,0,0.0,1,1
1,368,B_EMERGING_MATH,math-30,STORY,STORY,0,0.0,1,1
1,369,B_EMERGING_MATH,math-30,STORY,STORY,0,0.0,1,1
1,370,B_EMERGING_MATH,math-30,STORY,STORY,0,0.0,1,1
1,371,B_EMERGING_MATH,math-30,STORY,STORY,0,0.0,1,1
1,372,B_EMERGING_MATH,math-30,ARITH_A,ARITHMETIC,0,0.0,1,1
1,373,B_EMERGING_MATH,math-30,ARITH_A,ARITHMETIC,0,0.0,1,1
1,374,B_EMERGING_MATH,math-30,STORY,STORY,0,0.0,1,1
1,375,B_EMERGING_MATH,math-30,STORY,STORY,0,0.0,1,1
1,376,B_EMERGING_MATH,math-30,ARITH_A,ARITHMETIC,0,0.0,1,1
1,377,B_EMERGING_MATH,math-30,STORY,STORY,0,0.0,1,1
1,378,B_EMERGING_MATH,math-30,ARITH_A,ARITHMETIC,0,0.0,1,1
1,379,B_EMERGING_MATH,math-30,STORY,STORY,0,0.0,1,1
1,380,B_EMERGING_MATH,math-30,ARITH_A,ARITHMETIC,0,0.0,1,1
1,381,B_EMERGING_MATH,math-30,STORY,STORY,0,0.0,1,1
1,382,B_EMERGING_MATH,math-30,STORY,STORY,0,0.0,1,1
1,383,B_EMERGING_MATH,math-30,STORY,STORY,0,0.0,1,1
1,384,B_EMERGING_MATH,math-30,STORY,STORY,0,0.0,1,1
1,385,B_EMERGING_MATH,math-30,ARITH_A,ARITHMETIC,0,0.0,1,1
1,386,B_EMERGING_MATH,math-30,STORY,STORY,0,0.0,1,1
1,387,B_EMERGING_MATH,math-30,STORY,STORY,0,0.0,1,1
1,388,B_EMERGING_MATH,math-30,STORY,STORY,0,0.0,1,1
1,389,B_EMERGING_MATH,math-30,STORY,STORY,0,0.0,1,1
1,390,B_EMERGING_MATH,math-30,ARITH_A,ARITHMETIC,0,0.0,1,1
1,391,B_EMERGING_MATH,math-30,STORY,STORY,0,0.0,1,1
1,392,B_EMERGING_MATH,math-30,STORY,STORY,0,0.0,1,1
1,393,B_EMERGING_MATH,math-30,STORY,STORY,0,0.0,1,1
1,394,B_EMERGING_MATH,math-30,STORY,STORY,0,0.0,1,1
1,395,B_EMERGING_MATH,math-30,STORY,STORY,0,0.0,1,1
1,396,B_EMERGING_MATH,math-30,STORY,STORY,0,0.0,1,1
1,397,B_EMERGING_MATH,math-30,ARITH_A,ARITHMETIC,0,0.0,1,1
1,398,B_EMERGING_MATH,math-30,STORY,STORY,0,0.0,1,1
1,399,B_EMERGING_MATH,math-30,STORY,STORY,0,0.0,1,1
1,400,B_EMERGING_MATH,math-30,ARITH_A,ARITHMETIC,0,0.0,1,1
1,401,B_EMERGING_MATH,math-30,STORY,STORY,0,0.0,1,1
1,402,B_EMERGING_MATH,math-30,STORY,STORY,0,0.0,1,1
1,403,B_EMERGING_MATH,math-30,STORY,STORY,0,0.0,1,1
1,404,B_EMERGING_MATH,math-30,ARITH_A,ARITHMETIC,0,0.0,1,1
1,405,B_EMERGING_MATH,math-30,STORY,STORY,0,0.0,1,1
1,406,B_EMERGING_MATH,math-30,STORY,STORY,0,0.0,1,1
1,407,B_EMERGING_MATH,math-30,STORY,STORY,0,0.0,1,1
1,408,B_EMERGING_MATH,math-30,STORY,STORY,0,0.0,1,1
1,409,B_EMERGING_MATH,math-30,ARITH_A,ARITHMETIC,0,0.0,1,1
1,410,B_EMERGING_MATH,math-30,ARITH_A,ARITHMETIC,0,0.0,1,1
1,411,B_EMERGING_MATH,math-30,STORY,STORY,0,0.0,1,1
1,412,B_EMERGING_MATH,math-30,STORY,STORY,0,0.0,1,1
1,413,B_EMERGING_MATH,math-30,STORY,STORY,0,0.0,1,1
1,414,B_EMERGING_MATH,math-30,STORY,STORY,0,0.0,1,1
1,415,B_EMERGING_MATH,math-30,STORY,STORY,0,0.0,1,1
1,416,B_EMERGING_MATH,math-30,STORY,STORY,0,0.0,1,1
1,417,B_EMERGING_MATH,math-30,ARITH_A,ARITHMETIC,0,0.0,1,1
1,418,B_EMERGING_MATH,math-30,ARITH_A,ARITHMETIC,0,0.0,1,1
1,419,B_EMERGING_MATH,math-30,ARITH_A,ARITHMETIC,0,0.0,1,1
1,420,B_EMERGING_MATH,math-30,STORY,STORY,0,0.0,1,1
1,421,B_EMERGING_MATH,math-30,STORY,STORY,0,0.0,1,1
1,422,B_EMERGING_MATH,math-30,ARITH_A,ARITHMETIC,0,0.0,1,1
1,423,B_EMERGING_MATH,math-30,ARITH_A,ARITHMETIC,0,0.0,1,1
1,424,B_EMERGING_MATH,math-30,ARITH_A,ARITHMETIC,0,0.0,1,1
1,425,B_EMERGING_MATH,math-30,STORY,STORY,0,0.0,1,1
1,426,B_EMERGING_MATH,math-30,STORY,STORY,0,0.0,1,1
1,427,B_EMERGING_MATH,math-30,STORY,STORY,0,0.0,1,1
1,428,B_EMERGING_MATH,math-30,STORY,STORY,0,0.0,1,1
1,429,B_EMERGING_MATH,math-30,ARITH_A,ARITHMETIC,0,0.0,1,1
1,430,B_EMERGING_MATH,math-30,STORY,STORY,0,0.0,1,1
1,431,B_EMERGING_MATH,math-30,STORY,STORY,0,0.0,1,1
1,432,B_EMERGING_MATH,math-30,ARITH_A,ARITHMETIC,0,0.0,1,1
1,433,B_EMERGING_MATH,math-30,ARITH_A,ARITHMETIC,0,0.0,1,1
1,434,B_EMERGING_MATH,math-30,STORY,STORY,0,0.0,1,1
1,435,B_EMERGING_MATH,math-30,STORY,STORY,0,0.0,1,1
1,436,B_EMERGING_MATH,math-30,STORY,STORY,0,0.0,1,1
1,437,B_EMERGING_MATH,math-30,STORY,STORY,0,0.0,1,1
1,438,B_EMERGING_MATH,math-30,STORY,STORY,0,0.0,1,1
1,439,B_EMERGING_MATH,math-30,STORY,STORY,0,0.0,1,1
1,440,B_EMERGING_MATH,math-30,STORY,STORY,0,0.0,1,1
1,441,B_EMERGING_MATH,math-30,ARITH_A,ARITHMETIC,0,0.0,1,1
1,442,B_EMERGING_MATH,math-30,STORY,STORY,0,0.0,1,1
1,443,B_EMERGING_MATH,math-30,STORY,STORY,0,0.0,1,1
1,444,B_EMERGING_MATH,math-30,STORY,STORY,0,0.0,1,1
1,445,B_EMERGING_MATH,math-30,ARITH_A,ARITHMETIC,0,0.0,1,1
1,446,B_EMERGING_MATH,math-30,STORY,STORY,0,0.0,1,1
1,447,B_EMERGING_MATH,math-30,STORY,STORY,0,0.0,1,1
1,448,B_EMERGING_MATH,math-30,ARITH_A,ARITHMETIC,0,0.0,1,1
1,449,B_EMERGING_MATH,math-50,STORY,STORY,0,0.0,1,1
1,450,B_EMERGING_MATH,math-50,STORY,STORY,0,0.0,1,1
1,451,B_EMERGING_MATH,math-50,STORY,STORY,0,0.0,1,1
1,452,B_EMERGING_MATH,math-50,ARITH_A,ARITHMETIC,0,0.0,1,1
1,453,B_EMERGING_MATH,math-50,ARITH_A,ARITHMETIC,0,0.0,1,1
1,454,B_EMERGING_MATH,math-50,STORY,STORY,0,0.0,1,1
1,455,B_EMERGING_MATH,math-50,STORY,STORY,0,0.0,1,1
1,456,B_EMERGING_MATH,math-50,ARITH_A,ARITHMETIC,0,0.0,1,1
1,457,B_EMERGING_MATH,math-50,ARITH_A,ARITHMETIC,0,0.0,1,1
1,458,B_EMERGING_MATH,math-50,ARITH_A,ARITHMETIC,0,0.0,1,1
1,459,B_EMERGING_MATH,math-50,ARITH_A,ARITHMETIC,0,0.0,1,1
1,460,B_EMERGING_MATH,math-50,ARITH_A,ARITHMETIC,0,0.0,1,1
1,461,B_EMERGING_MATH,math-50,STORY,STORY,0,0.0,1,1
1,462,B_EMERGING_MATH,math-50,STORY,STORY,0,0.0,1,1
1,463,B_EMERGING_MATH,math-50,ARITH_A,ARITHMETIC,0,0.0,1,1
1,464,B_EMERGING_MATH,math-50,STORY,STORY,0,0.0,1,1
1,465,B_EMERGING_MATH,math-50,ARITH_A,ARITHMETIC,0,0.0,1,1
1,466,B_EMERGING_MATH,math-50,STORY,STORY,0,0.0,1,1
1,467,B_EMERGING_MATH,math-50,STORY,STORY,0,0.0,1,1
1,468,B_EMERGING_MATH,math-50,STORY,STORY,0,0.0,1,1
1,469,B_EMERGING_MATH,math-50,ARITH_A,ARITHMETIC,0,0.0,1,1
1,470,B_EMERGING_MATH,math-50,STORY,STORY,0,0.0,1,1
1,471,B_EMERGING_MATH,math-50,ARITH_A,ARITHMETIC,0,0.0,1,1
1,472,B_EMERGING_MATH,math-50,ARITH_A,ARITHMETIC,0,0.0,1,1
1,473,B_EMERGING_MATH,math-50,STORY,STORY,0,0.0,1,1
1,474,B_EMERGING_MATH,math-50,STORY,STORY,0,0.0,1,1
1,475,B_EMERGING_MATH,math-50,ARITH_A,ARITHMETIC,0,0.0,1,1
1,476,B_EMERGING_MATH,math-50,ARITH_A,ARITHMETIC,0,0.0,1,1
1,477,B_EMERGING_MATH,math-50,STORY,STORY,0,0.0,1,1
1,478,B_EMERGING_MATH,math-50,STORY,STORY,0,0.0,1,1
1,479,B_EMERGING_MATH,math-50,STORY,STORY,0,0.0,1,1
1,480,B_EMERGING_MATH,math-50,ARITH_A,ARITHMETIC,0,0.0,1,1
1,481,B_EMERGING_MATH,math-50,STORY,STORY,0,0.0,1,1
1,482,B_EMERGING_MATH,math-50,STORY,STORY,0,0.0,1,1
1,483,B_EMERGING_MATH,math-50,ARITH_A,ARITHMETIC,0,0.0,1,1
1,484,B_EMERGING_MATH,math-50,ARITH_A,ARITHMETIC,0,0.0,1,1
1,485,B_EMERGING_MATH,math-50,ARITH_A,ARITHMETIC,0,0.0,1,1
1,486,B_EMERGING_MATH,math-50,ARITH_A,ARITHMETIC,0,0.0,1,1
1,487,B_EMERGING_MATH,math-50,STORY,STORY,0,0.0,1,1
1,488,B_EMERGING_MATH,math-50,ARITH_A,ARITHMETIC,0,0.0,1,1
1,489,B_EMERGING_MATH,math-50,STORY,STORY,0,0.0,1,1
1,490,B_EMERGING_MATH,math-50,ARITH_A,ARITHMETIC,0,0.0,1,1
1,491,B_EMERGING_MATH,math-50,ARITH_A,ARITHMETIC,0,0.0,1,1
1,492,B_EMERGING_MATH,math-50,ARITH_A,ARITHMETIC,0,0.0,1,1
1,493,B_EMERGING_MATH,math-50,ARITH_A,ARITHMETIC,0,0.0,1,1
1,494,B_EMERGING_MATH,math-50,STORY,STORY,0,0.0,1,1
1,495,B_EMERGING_MATH,math-50,STORY,STORY,0,0.0,1,1
1,496,B_EMERGING_MATH,math-50,STORY,STORY,0,0.0,1,1
1,497,B_EMERGING_MATH,math-50,STORY,STORY,0,0.0,1,1
1,498,B_EMERGING_MATH,math-50,ARITH_A,ARITHMETIC,0,0.0,1,1
1,499,B_EMERGING_MATH,math-50,ARITH_A,ARITHMETIC,0,0.0,1,1
1,500,B_EMERGING_MATH,math-50,ARITH_A,ARITHMETIC,0,0.0,1,1
1,501,B_EMERGING_MATH,math-50,ARITH_A,ARITHMETIC,0,0.0,1,1
1,502,B_EMERGING_MATH,math-50,ARITH_A,ARITHMETIC,0,0.0,1,1
1,503,B_EMERGING_MATH,math-50,STORY,STORY,0,0.0,1,1
1,504,B_EMERGING_MATH,math-50,STORY,STORY,0,0.0,1,1
1,505,B_EMERGING_MATH,math-50,STORY,STORY,0,0.0,1,1
1,506,B_EMERGING_MATH,math-50,STORY,STORY,0,0.0,1,1
1,507,B_EMERGING_MATH,math-50,ARITH_A,ARITHMETIC,0,0.0,1,1
1,508,B_EMERGING_MATH,math-50,ARITH_A,ARITHMETIC,0,0.0,1,1
1,509,B_EMERGING_MATH,math-50,ARITH_A,ARITHMETIC,0,0.0,1,1
1,510,B_EMERGING_MATH,math-50,ARITH_A,ARITHMETIC,0,0.0,1,1
1,511,B_EMERGING_MATH,math-50,ARITH_A,ARITHMETIC,0,0.0,1,1
1,512,B_EMERGING_MATH,math-50,ARITH_A,ARITHMETIC,0,0.0,1,1
1,513,B_EMERGING_MATH,math-50,STORY,STORY,0,0.0,1,1
1,514,B_EMERGING_MATH,math-50,STORY,STORY,0,0.0,1,1
1,515,B_EMERGING_MATH,math-50,ARITH_A,ARITHMETIC,0,0.0,1,1
1,516,B_EMERGING_MATH,math-50,STORY,STORY,0,0.0,1,1
1,517,B_EMERGING_MATH,math-50,STORY,STORY,0,0.0,1,1
1,518,B_EMERGING_MATH,math-50,ARITH_A,ARITHMETIC,0,0.0,1,1
1,519,B_EMERGING_MATH,math-50,STORY,STORY,0,0.0,1,1
1,520,B_EMERGING_MATH,math-50,ARITH_A,ARITHMETIC,0,0.0,1,1
1,521,B_EMERGING_MATH,math-50,STORY,STORY,0,0.0,1,1
1,522,B_EMERGING_MATH,math-50,ARITH_A,ARITHMETIC,0,0.0,1,1
1,523,B_EMERGING_MATH,math-50,STORY,STORY,0,0.0,1,1
1,524,B_EMERGING_MATH,math-50,ARITH_A,ARITHMETIC,0,0.0,1,1
1,525,B_EMERGING_MATH,math-50,ARITH_A,ARITHMETIC,0,0.0,1,1
1,526,B_EMERGING_MATH,math-50,STORY,STORY,0,0.0,1,1
1,527,B_EMERGING_MATH,math-50,STORY,STORY,0,0.0,1,1
1,528,B_EMERGING_MATH,math-50,ARITH_A,ARITHMETIC,0,0.0,1,1
1,529,B_EMERGING_MATH,math-50,STORY,STORY,0,0.0,1,1
1,530,B_EMERGING_MATH,math-50,STORY,STORY,0,0.0,1,1
1,531,B_EMERGING_MATH,math-50,ARITH_A,ARITHMETIC,0,0.0,1,1
1,532,B_EMERGING_MATH,math-50,STORY,STORY,0,0.0,1,1
1,533,B_EMERGING_MATH,math-50,ARITH_A,ARITHMETIC,0,0.0,1,1
1,534,B_EMERGING_MATH,math-50,ARITH_A,ARITHMETIC,0,0.0,1,1
1,535,B_EMERGING_MATH,math-50,STORY,STORY,0,0.0,1,1
1,536,B_EMERGING_MATH,math-50,ARITH_A,ARITHMETIC,0,0.0,1,1
1,537,B_EMERGING_MATH,math-50,ARITH_A,ARITHMETIC,0,0.0,1,1
1,538,B_EMERGING_MATH,math-50,STORY,STORY,0,0.0,1,1
1,539,B_EMERGING_MATH,math-50,ARITH_A,ARITHMETIC,0,0.0,1,1
1,540,B_EMERGING_MATH,math-50,ARITH_A,ARITHMETIC,0,0.0,1,1
1,541,B_EMERGING_MATH,math-50,STORY,STORY,0,0.0,1,1
1,542,B_EMERGING_MATH,math-50,ARITH_A,ARITHMETIC,0,0.0,1,1
1,543,B_EMERGING_MATH,math-50,STORY,STORY,0,0.0,1,1
1,544,B_EMERGING_MATH,math-50,ARITH_A,ARITHMETIC,0,0.0,1,1
1,545,B_EMERGING_MATH,math-50,STORY,STORY,0,0.0,1,1
1,546,B_EMERGING_MATH,math-50,STORY,STORY,0,0.0,1,1
1,547,B_EMERGING_MATH,math-50,STORY,STORY,0,0.0,1,1
1,548,B_EMERGING_MATH,math-50,ARITH_A,ARITHMETIC,0,0.0,1,1
1,549,B_EMERGING_MATH,math-50,ARITH_A,ARITHMETIC,0,0.0,1,1
1,550,B_EMERGING_MATH,math-50,STORY,STORY,0,0.0,1,1
1,551,B_EMERGING_MATH,math-50,STORY,STORY,0,0.0,1,1
1,552,B_EMERGING_MATH,math-50,ARITH_A,ARITHMETIC,0,0.0,1,1
1,553,B_EMERGING_MATH,math-50,STORY,STORY,0,0.0,1,1
1,554,B_EMERGING_MATH,math-50,ARITH_A,ARITHMETIC,0,0.0,1,1
1,555,B_EMERGING_MATH,math-50,STORY,STORY,0,0.0,1,1
1,556,B_EMERGING_MATH,math-50,STORY,STORY,0,0.0,1,1
1,557,B_EMERGING_MATH,math-50,STORY,STORY,0,0.0,1,1
1,558,B_EMERGING_MATH,math-50,STORY,STORY,0,0.0,1,1
1,559,B_EMERGING_MATH,math-50,ARITH_A,ARITHMETIC,0,0.0,1,1
1,560,B_EMERGING_MATH,math-50,ARITH_A,ARITHMETIC,0,0.0,1,1
1,561,B_EMERGING_MATH,math-50,ARITH_A,ARITHMETIC,0,0.0,1,1
1,562,B_EMERGING_MATH,math-50,ARITH_A,ARITHMETIC,0,0.0,1,1
1,563,B_EMERGING_MATH,math-50,ARITH_A,ARITHMETIC,0,0.0,1,1
1,564,B_EMERGING_MATH,math-50,ARITH_A,ARITHMETIC,0,0.0,1,1
1,565,B_EMERGING_MATH,math-50,STORY,STORY,0,0.0,1,1
1,566,B_EMERGING_MATH,math-50,ARITH_A,ARITHMETIC,0,0.0,1,1
1,567,B_EMERGING_MATH,math-50,STORY,STORY,0,0.0,1,1
1,568,B_EMERGING_MATH,math-50,STORY,STORY,0,0.0,1,1
1,569,B_EMERGING_MATH,math-50,STORY,STORY,0,0.0,1,1
1,570,B_EMERGING_MATH,math-50,STORY,STORY,0,0.0,1,1
1,571,B_EMERGING_MATH,math-50,ARITH_A,ARITHMETIC,0,0.0,1,1
1,572,B_EMERGING_MATH,math-50,ARITH_A,ARITHMETIC,0,0.0,1,1
1,573,B_EMERGING_MATH,math-50,STORY,STORY,0,0.0,1,1
1,574,B_EMERGING_MATH,math-50,STORY,STORY,0,0.0,1,1
1,575,B_EMERGING_MATH,math-50,STORY,STORY,0,0.0,1,1
1,576,B_EMERGING_MATH,math-50,STORY,STORY,0,0.0,1,1
1,577,C_DUPLICATE_CONTROL,duplicate-arithmetic,ARITH_B,ARITHMETIC,0,0.0,1,1
1,578,C_DUPLICATE_CONTROL,duplicate-arithmetic,STORY,STORY,0,0.0,1,1
1,579,C_DUPLICATE_CONTROL,duplicate-arithmetic,ARITH_A,ARITHMETIC,0,0.0,1,1
1,580,C_DUPLICATE_CONTROL,duplicate-arithmetic,ARITH_A,ARITHMETIC,0,0.0,1,1
1,581,C_DUPLICATE_CONTROL,duplicate-arithmetic,ARITH_A,ARITHMETIC,0,0.0,1,1
1,582,C_DUPLICATE_CONTROL,duplicate-arithmetic,ARITH_B,ARITHMETIC,0,0.0,1,1
1,583,C_DUPLICATE_CONTROL,duplicate-arithmetic,ARITH_A,ARITHMETIC,0,0.0,1,1
1,584,C_DUPLICATE_CONTROL,duplicate-arithmetic,STORY,STORY,0,0.0,1,1
1,585,C_DUPLICATE_CONTROL,duplicate-arithmetic,STORY,STORY,0,0.0,1,1
1,586,C_DUPLICATE_CONTROL,duplicate-arithmetic,STORY,STORY,0,0.0,1,1
1,587,C_DUPLICATE_CONTROL,duplicate-arithmetic,STORY,STORY,0,0.0,1,1
1,588,C_DUPLICATE_CONTROL,duplicate-arithmetic,STORY,STORY,0,0.0,1,1
1,589,C_DUPLICATE_CONTROL,duplicate-arithmetic,ARITH_A,ARITHMETIC,0,0.0,1,1
1,590,C_DUPLICATE_CONTROL,duplicate-arithmetic,ARITH_B,ARITHMETIC,0,0.0,1,1
1,591,C_DUPLICATE_CONTROL,duplicate-arithmetic,STORY,STORY,0,0.0,1,1
1,592,C_DUPLICATE_CONTROL,duplicate-arithmetic,ARITH_B,ARITHMETIC,0,0.0,1,1
1,593,C_DUPLICATE_CONTROL,duplicate-arithmetic,ARITH_B,ARITHMETIC,0,0.0,1,1
1,594,C_DUPLICATE_CONTROL,duplicate-arithmetic,STORY,STORY,0,0.0,1,1
1,595,C_DUPLICATE_CONTROL,duplicate-arithmetic,STORY,STORY,0,0.0,1,1
1,596,C_DUPLICATE_CONTROL,duplicate-arithmetic,ARITH_B,ARITHMETIC,0,0.0,1,1
1,597,C_DUPLICATE_CONTROL,duplicate-arithmetic,ARITH_A,ARITHMETIC,0,0.0,1,1
1,598,C_DUPLICATE_CONTROL,duplicate-arithmetic,ARITH_A,ARITHMETIC,0,0.0,1,1
1,599,C_DUPLICATE_CONTROL,duplicate-arithmetic,STORY,STORY,0,0.0,1,1
1,600,C_DUPLICATE_CONTROL,duplicate-arithmetic,ARITH_B,ARITHMETIC,0,0.0,1,1
1,601,C_DUPLICATE_CONTROL,duplicate-arithmetic,STORY,STORY,0,0.0,1,1
1,602,C_DUPLICATE_CONTROL,duplicate-arithmetic,ARITH_A,ARITHMETIC,0,0.0,1,1
1,603,C_DUPLICATE_CONTROL,duplicate-arithmetic,STORY,STORY,0,0.0,1,1
1,604,C_DUPLICATE_CONTROL,duplicate-arithmetic,STORY,STORY,0,0.0,1,1
1,605,C_DUPLICATE_CONTROL,duplicate-arithmetic,STORY,STORY,0,0.0,1,1
1,606,C_DUPLICATE_CONTROL,duplicate-arithmetic,STORY,STORY,0,0.0,1,1
1,607,C_DUPLICATE_CONTROL,duplicate-arithmetic,ARITH_B,ARITHMETIC,0,0.0,1,1
1,608,C_DUPLICATE_CONTROL,duplicate-arithmetic,ARITH_B,ARITHMETIC,0,0.0,1,1
1,609,C_DUPLICATE_CONTROL,duplicate-arithmetic,STORY,STORY,0,0.0,1,1
1,610,C_DUPLICATE_CONTROL,duplicate-arithmetic,ARITH_B,ARITHMETIC,0,0.0,1,1
1,611,C_DUPLICATE_CONTROL,duplicate-arithmetic,ARITH_B,ARITHMETIC,0,0.0,1,1
1,612,C_DUPLICATE_CONTROL,duplicate-arithmetic,STORY,STORY,0,0.0,1,1
1,613,C_DUPLICATE_CONTROL,duplicate-arithmetic,STORY,STORY,0,0.0,1,1
1,614,C_DUPLICATE_CONTROL,duplicate-arithmetic,STORY,STORY,0,0.0,1,1
1,615,C_DUPLICATE_CONTROL,duplicate-arithmetic,ARITH_A,ARITHMETIC,0,0.0,1,1
1,616,C_DUPLICATE_CONTROL,duplicate-arithmetic,ARITH_B,ARITHMETIC,0,0.0,1,1
1,617,C_DUPLICATE_CONTROL,duplicate-arithmetic,ARITH_A,ARITHMETIC,0,0.0,1,1
1,618,C_DUPLICATE_CONTROL,duplicate-arithmetic,STORY,STORY,0,0.0,1,1
1,619,C_DUPLICATE_CONTROL,duplicate-arithmetic,ARITH_B,ARITHMETIC,0,0.0,1,1
1,620,C_DUPLICATE_CONTROL,duplicate-arithmetic,STORY,STORY,0,0.0,1,1
1,621,C_DUPLICATE_CONTROL,duplicate-arithmetic,ARITH_A,ARITHMETIC,0,0.0,1,1
1,622,C_DUPLICATE_CONTROL,duplicate-arithmetic,STORY,STORY,0,0.0,1,1
1,623,C_DUPLICATE_CONTROL,duplicate-arithmetic,STORY,STORY,0,0.0,1,1
1,624,C_DUPLICATE_CONTROL,duplicate-arithmetic,ARITH_B,ARITHMETIC,0,0.0,1,1
1,625,C_DUPLICATE_CONTROL,duplicate-arithmetic,ARITH_B,ARITHMETIC,0,0.0,1,1
1,626,C_DUPLICATE_CONTROL,duplicate-arithmetic,STORY,STORY,0,0.0,1,1
1,627,C_DUPLICATE_CONTROL,duplicate-arithmetic,ARITH_B,ARITHMETIC,0,0.0,1,1
1,628,C_DUPLICATE_CONTROL,duplicate-arithmetic,ARITH_B,ARITHMETIC,0,0.0,1,1
1,629,C_DUPLICATE_CONTROL,duplicate-arithmetic,ARITH_A,ARITHMETIC,0,0.0,1,1
1,630,C_DUPLICATE_CONTROL,duplicate-arithmetic,ARITH_A,ARITHMETIC,0,0.0,1,1
1,631,C_DUPLICATE_CONTROL,duplicate-arithmetic,STORY,STORY,0,0.0,1,1
1,632,C_DUPLICATE_CONTROL,duplicate-arithmetic,STORY,STORY,0,0.0,1,1
1,633,C_DUPLICATE_CONTROL,duplicate-arithmetic,ARITH_B,ARITHMETIC,0,0.0,1,1
1,634,C_DUPLICATE_CONTROL,duplicate-arithmetic,ARITH_A,ARITHMETIC,0,0.0,1,1
1,635,C_DUPLICATE_CONTROL,duplicate-arithmetic,ARITH_A,ARITHMETIC,0,0.0,1,1
1,636,C_DUPLICATE_CONTROL,duplicate-arithmetic,ARITH_B,ARITHMETIC,0,0.0,1,1
1,637,C_DUPLICATE_CONTROL,duplicate-arithmetic,STORY,STORY,0,0.0,1,1
1,638,C_DUPLICATE_CONTROL,duplicate-arithmetic,ARITH_A,ARITHMETIC,0,0.0,1,1
1,639,C_DUPLICATE_CONTROL,duplicate-arithmetic,ARITH_B,ARITHMETIC,0,0.0,1,1
1,640,C_DUPLICATE_CONTROL,duplicate-arithmetic,ARITH_B,ARITHMETIC,0,0.0,1,1
1,641,C_DUPLICATE_CONTROL,duplicate-arithmetic,ARITH_A,ARITHMETIC,0,0.0,1,1
1,642,C_DUPLICATE_CONTROL,duplicate-arithmetic,ARITH_A,ARITHMETIC,0,0.0,1,1
1,643,C_DUPLICATE_CONTROL,duplicate-arithmetic,STORY,STORY,0,0.0,1,1
1,644,C_DUPLICATE_CONTROL,duplicate-arithmetic,ARITH_A,ARITHMETIC,0,0.0,1,1
1,645,C_DUPLICATE_CONTROL,duplicate-arithmetic,ARITH_B,ARITHMETIC,0,0.0,1,1
1,646,C_DUPLICATE_CONTROL,duplicate-arithmetic,STORY,STORY,0,0.0,1,1
1,647,C_DUPLICATE_CONTROL,duplicate-arithmetic,ARITH_A,ARITHMETIC,0,0.0,1,1
1,648,C_DUPLICATE_CONTROL,duplicate-arithmetic,STORY,STORY,0,0.0,1,1
1,649,C_DUPLICATE_CONTROL,duplicate-arithmetic,STORY,STORY,0,0.0,1,1
1,650,C_DUPLICATE_CONTROL,duplicate-arithmetic,ARITH_B,ARITHMETIC,0,0.0,1,1
1,651,C_DUPLICATE_CONTROL,duplicate-arithmetic,ARITH_A,ARITHMETIC,0,0.0,1,1
1,652,C_DUPLICATE_CONTROL,duplicate-arithmetic,ARITH_A,ARITHMETIC,0,0.0,1,1
1,653,C_DUPLICATE_CONTROL,duplicate-arithmetic,ARITH_B,ARITHMETIC,0,0.0,1,1
1,654,C_DUPLICATE_CONTROL,duplicate-arithmetic,ARITH_B,ARITHMETIC,0,0.0,1,1
1,655,C_DUPLICATE_CONTROL,duplicate-arithmetic,ARITH_A,ARITHMETIC,0,0.0,1,1
1,656,C_DUPLICATE_CONTROL,duplicate-arithmetic,STORY,STORY,0,0.0,1,1
1,657,C_DUPLICATE_CONTROL,duplicate-arithmetic,ARITH_B,ARITHMETIC,0,0.0,1,1
1,658,C_DUPLICATE_CONTROL,duplicate-arithmetic,ARITH_A,ARITHMETIC,0,0.0,1,1
1,659,C_DUPLICATE_CONTROL,duplicate-arithmetic,ARITH_A,ARITHMETIC,0,0.0,1,1
1,660,C_DUPLICATE_CONTROL,duplicate-arithmetic,ARITH_A,ARITHMETIC,0,0.0,1,1
1,661,C_DUPLICATE_CONTROL,duplicate-arithmetic,ARITH_B,ARITHMETIC,0,0.0,1,1
1,662,C_DUPLICATE_CONTROL,duplicate-arithmetic,STORY,STORY,0,0.0,1,1
1,663,C_DUPLICATE_CONTROL,duplicate-arithmetic,ARITH_B,ARITHMETIC,0,0.0,1,1
1,664,C_DUPLICATE_CONTROL,duplicate-arithmetic,ARITH_B,ARITHMETIC,0,0.0,1,1
1,665,C_DUPLICATE_CONTROL,duplicate-arithmetic,ARITH_A,ARITHMETIC,0,0.0,1,1
1,666,C_DUPLICATE_CONTROL,duplicate-arithmetic,ARITH_B,ARITHMETIC,0,0.0,1,1
1,667,C_DUPLICATE_CONTROL,duplicate-arithmetic,ARITH_B,ARITHMETIC,0,0.0,1,1
1,668,C_DUPLICATE_CONTROL,duplicate-arithmetic,ARITH_A,ARITHMETIC,0,0.0,1,1
1,669,C_DUPLICATE_CONTROL,duplicate-arithmetic,ARITH_B,ARITHMETIC,0,0.0,1,1
1,670,C_DUPLICATE_CONTROL,duplicate-arithmetic,ARITH_A,ARITHMETIC,0,0.0,1,1
1,671,C_DUPLICATE_CONTROL,duplicate-arithmetic,ARITH_B,ARITHMETIC,0,0.0,1,1
1,672,C_DUPLICATE_CONTROL,duplicate-arithmetic,ARITH_A,ARITHMETIC,0,0.0,1,1
1,673,C_DUPLICATE_CONTROL,duplicate-arithmetic,ARITH_A,ARITHMETIC,0,0.0,1,1
1,674,C_DUPLICATE_CONTROL,duplicate-arithmetic,STORY,STORY,0,0.0,1,1
1,675,C_DUPLICATE_CONTROL,duplicate-arithmetic,STORY,STORY,0,0.0,1,1
1,676,C_DUPLICATE_CONTROL,duplicate-arithmetic,ARITH_B,ARITHMETIC,0,0.0,1,1
1,677,C_DUPLICATE_CONTROL,duplicate-arithmetic,ARITH_B,ARITHMETIC,0,0.0,1,1
1,678,C_DUPLICATE_CONTROL,duplicate-arithmetic,ARITH_A,ARITHMETIC,0,0.0,1,1
1,679,C_DUPLICATE_CONTROL,duplicate-arithmetic,ARITH_A,ARITHMETIC,0,0.0,1,1
1,680,C_DUPLICATE_CONTROL,duplicate-arithmetic,ARITH_A,ARITHMETIC,0,0.0,1,1
1,681,C_DUPLICATE_CONTROL,duplicate-arithmetic,ARITH_B,ARITHMETIC,0,0.0,1,1
1,682,C_DUPLICATE_CONTROL,duplicate-arithmetic,ARITH_B,ARITHMETIC,0,0.0,1,1
1,683,C_DUPLICATE_CONTROL,duplicate-arithmetic,ARITH_B,ARITHMETIC,0,0.0,1,1
1,684,C_DUPLICATE_CONTROL,duplicate-arithmetic,ARITH_B,ARITHMETIC,0,0.0,1,1
1,685,C_DUPLICATE_CONTROL,duplicate-arithmetic,ARITH_A,ARITHMETIC,0,0.0,1,1
1,686,C_DUPLICATE_CONTROL,duplicate-arithmetic,ARITH_A,ARITHMETIC,0,0.0,1,1
1,687,C_DUPLICATE_CONTROL,duplicate-arithmetic,STORY,STORY,0,0.0,1,1
1,688,C_DUPLICATE_CONTROL,duplicate-arithmetic,ARITH_A,ARITHMETIC,0,0.0,1,1
1,689,C_DUPLICATE_CONTROL,duplicate-arithmetic,STORY,STORY,0,0.0,1,1
1,690,C_DUPLICATE_CONTROL,duplicate-arithmetic,ARITH_B,ARITHMETIC,0,0.0,1,1
1,691,C_DUPLICATE_CONTROL,duplicate-arithmetic,ARITH_B,ARITHMETIC,0,0.0,1,1
1,692,C_DUPLICATE_CONTROL,duplicate-arithmetic,ARITH_B,ARITHMETIC,0,0.0,1,1
1,693,C_DUPLICATE_CONTROL,duplicate-arithmetic,STORY,STORY,0,0.0,1,1
1,694,C_DUPLICATE_CONTROL,duplicate-arithmetic,ARITH_A,ARITHMETIC,0,0.0,1,1
1,695,C_DUPLICATE_CONTROL,duplicate-arithmetic,ARITH_A,ARITHMETIC,0,0.0,1,1
1,696,C_DUPLICATE_CONTROL,duplicate-arithmetic,ARITH_A,ARITHMETIC,0,0.0,1,1
1,697,C_DUPLICATE_CONTROL,duplicate-arithmetic,STORY,STORY,0,0.0,1,1
1,698,C_DUPLICATE_CONTROL,duplicate-arithmetic,ARITH_B,ARITHMETIC,0,0.0,1,1
1,699,C_DUPLICATE_CONTROL,duplicate-arithmetic,STORY,STORY,0,0.0,1,1
1,700,C_DUPLICATE_CONTROL,duplicate-arithmetic,STORY,STORY,0,0.0,1,1
1,701,C_DUPLICATE_CONTROL,duplicate-arithmetic,STORY,STORY,0,0.0,1,1
1,702,C_DUPLICATE_CONTROL,duplicate-arithmetic,ARITH_A,ARITHMETIC,0,0.0,1,1
1,703,C_DUPLICATE_CONTROL,duplicate-arithmetic,ARITH_B,ARITHMETIC,0,0.0,1,1
1,704,C_DUPLICATE_CONTROL,duplicate-arithmetic,ARITH_A,ARITHMETIC,0,0.0,1,1
1,705,C_DUPLICATE_CONTROL,duplicate-arithmetic,ARITH_A,ARITHMETIC,0,0.0,1,1
1,706,C_DUPLICATE_CONTROL,duplicate-arithmetic,ARITH_A,ARITHMETIC,0,0.0,1,1
1,707,C_DUPLICATE_CONTROL,duplicate-arithmetic,STORY,STORY,0,0.0,1,1
1,708,C_DUPLICATE_CONTROL,duplicate-arithmetic,ARITH_A,ARITHMETIC,0,0.0,1,1
1,709,C_DUPLICATE_CONTROL,duplicate-arithmetic,ARITH_A,ARITHMETIC,0,0.0,1,1
1,710,C_DUPLICATE_CONTROL,duplicate-arithmetic,ARITH_B,ARITHMETIC,0,0.0,1,1
1,711,C_DUPLICATE_CONTROL,duplicate-arithmetic,ARITH_B,ARITHMETIC,0,0.0,1,1
1,712,C_DUPLICATE_CONTROL,duplicate-arithmetic,ARITH_A,ARITHMETIC,0,0.0,1,1
1,713,C_DUPLICATE_CONTROL,duplicate-arithmetic,ARITH_A,ARITHMETIC,0,0.0,1,1
1,714,C_DUPLICATE_CONTROL,duplicate-arithmetic,STORY,STORY,0,0.0,1,1
1,715,C_DUPLICATE_CONTROL,duplicate-arithmetic,ARITH_A,ARITHMETIC,0,0.0,1,1
1,716,C_DUPLICATE_CONTROL,duplicate-arithmetic,STORY,STORY,0,0.0,1,1
1,717,C_DUPLICATE_CONTROL,duplicate-arithmetic,ARITH_A,ARITHMETIC,0,0.0,1,1
1,718,C_DUPLICATE_CONTROL,duplicate-arithmetic,STORY,STORY,0,0.0,1,1
1,719,C_DUPLICATE_CONTROL,duplicate-arithmetic,ARITH_B,ARITHMETIC,0,0.0,1,1
1,720,C_DUPLICATE_CONTROL,duplicate-arithmetic,ARITH_A,ARITHMETIC,0,0.0,1,1
1,721,C_DUPLICATE_CONTROL,duplicate-arithmetic,ARITH_A,ARITHMETIC,0,0.0,1,1
1,722,C_DUPLICATE_CONTROL,duplicate-arithmetic,STORY,STORY,0,0.0,1,1
1,723,C_DUPLICATE_CONTROL,duplicate-arithmetic,STORY,STORY,0,0.0,1,1
1,724,C_DUPLICATE_CONTROL,duplicate-arithmetic,ARITH_A,ARITHMETIC,0,0.0,1,1
1,725,C_DUPLICATE_CONTROL,duplicate-arithmetic,ARITH_B,ARITHMETIC,0,0.0,1,1
1,726,C_DUPLICATE_CONTROL,duplicate-arithmetic,ARITH_A,ARITHMETIC,0,0.0,1,1
1,727,C_DUPLICATE_CONTROL,duplicate-arithmetic,ARITH_A,ARITHMETIC,0,0.0,1,1
1,728,C_DUPLICATE_CONTROL,duplicate-arithmetic,ARITH_B,ARITHMETIC,0,0.0,1,1
1,729,C_DUPLICATE_CONTROL,duplicate-arithmetic,ARITH_B,ARITHMETIC,0,0.0,1,1
1,730,C_DUPLICATE_CONTROL,duplicate-arithmetic,ARITH_B,ARITHMETIC,0,0.0,1,1
1,731,C_DUPLICATE_CONTROL,duplicate-arithmetic,ARITH_B,ARITHMETIC,0,0.0,1,1
1,732,C_DUPLICATE_CONTROL,duplicate-arithmetic,ARITH_B,ARITHMETIC,0,0.0,1,1
1,733,C_DUPLICATE_CONTROL,duplicate-arithmetic,ARITH_A,ARITHMETIC,0,0.0,1,1
1,734,C_DUPLICATE_CONTROL,duplicate-arithmetic,ARITH_B,ARITHMETIC,0,0.0,1,1
1,735,C_DUPLICATE_CONTROL,duplicate-arithmetic,ARITH_B,ARITHMETIC,0,0.0,1,1
1,736,C_DUPLICATE_CONTROL,duplicate-arithmetic,ARITH_B,ARITHMETIC,0,0.0,1,1
1,737,C_DUPLICATE_CONTROL,duplicate-arithmetic,ARITH_A,ARITHMETIC,0,0.0,1,1
1,738,C_DUPLICATE_CONTROL,duplicate-arithmetic,ARITH_B,ARITHMETIC,0,0.0,1,1
1,739,C_DUPLICATE_CONTROL,duplicate-arithmetic,ARITH_A,ARITHMETIC,0,0.0,1,1
1,740,C_DUPLICATE_CONTROL,duplicate-arithmetic,STORY,STORY,0,0.0,1,1
1,741,C_DUPLICATE_CONTROL,duplicate-arithmetic,STORY,STORY,0,0.0,1,1
1,742,C_DUPLICATE_CONTROL,duplicate-arithmetic,STORY,STORY,0,0.0,1,1
1,743,C_DUPLICATE_CONTROL,duplicate-arithmetic,ARITH_A,ARITHMETIC,0,0.0,1,1
1,744,C_DUPLICATE_CONTROL,duplicate-arithmetic,STORY,STORY,0,0.0,1,1
1,745,C_DUPLICATE_CONTROL,duplicate-arithmetic,STORY,STORY,0,0.0,1,1
1,746,C_DUPLICATE_CONTROL,duplicate-arithmetic,ARITH_B,ARITHMETIC,0,0.0,1,1
1,747,C_DUPLICATE_CONTROL,duplicate-arithmetic,STORY,STORY,0,0.0,1,1
1,748,C_DUPLICATE_CONTROL,duplicate-arithmetic,STORY,STORY,0,0.0,1,1
1,749,C_DUPLICATE_CONTROL,duplicate-arithmetic,STORY,STORY,0,0.0,1,1
1,750,C_DUPLICATE_CONTROL,duplicate-arithmetic,STORY,STORY,0,0.0,1,1
1,751,C_DUPLICATE_CONTROL,duplicate-arithmetic,ARITH_B,ARITHMETIC,0,0.0,1,1
1,752,C_DUPLICATE_CONTROL,duplicate-arithmetic,STORY,STORY,0,0.0,1,1
1,753,C_DUPLICATE_CONTROL,duplicate-arithmetic,ARITH_B,ARITHMETIC,0,0.0,1,1
1,754,C_DUPLICATE_CONTROL,duplicate-arithmetic,STORY,STORY,0,0.0,1,1
1,755,C_DUPLICATE_CONTROL,duplicate-arithmetic,ARITH_A,ARITHMETIC,0,0.0,1,1
1,756,C_DUPLICATE_CONTROL,duplicate-arithmetic,ARITH_A,ARITHMETIC,0,0.0,1,1
1,757,C_DUPLICATE_CONTROL,duplicate-arithmetic,ARITH_B,ARITHMETIC,0,0.0,1,1
1,758,C_DUPLICATE_CONTROL,duplicate-arithmetic,ARITH_A,ARITHMETIC,0,0.0,1,1
1,759,C_DUPLICATE_CONTROL,duplicate-arithmetic,STORY,STORY,0,0.0,1,1
1,760,C_DUPLICATE_CONTROL,duplicate-arithmetic,ARITH_A,ARITHMETIC,0,0.0,1,1
1,761,C_DUPLICATE_CONTROL,duplicate-arithmetic,STORY,STORY,0,0.0,1,1
1,762,C_DUPLICATE_CONTROL,duplicate-arithmetic,STORY,STORY,0,0.0,1,1
1,763,C_DUPLICATE_CONTROL,duplicate-arithmetic,ARITH_B,ARITHMETIC,0,0.0,1,1
1,764,C_DUPLICATE_CONTROL,duplicate-arithmetic,ARITH_B,ARITHMETIC,0,0.0,1,1
1,765,C_DUPLICATE_CONTROL,duplicate-arithmetic,STORY,STORY,0,0.0,1,1
1,766,C_DUPLICATE_CONTROL,duplicate-arithmetic,ARITH_B,ARITHMETIC,0,0.0,1,1
1,767,C_DUPLICATE_CONTROL,duplicate-arithmetic,STORY,STORY,0,0.0,1,1
1,768,C_DUPLICATE_CONTROL,duplicate-arithmetic,ARITH_A,ARITHMETIC,0,0.0,1,1
1,769,D_THIRD_MODE,three-way,STORY,STORY,0,0.0,1,1
1,770,D_THIRD_MODE,three-way,STORY,STORY,0,0.0,1,1
1,771,D_THIRD_MODE,three-way,ARITH_A,ARITHMETIC,0,0.0,1,1
1,772,D_THIRD_MODE,three-way,ARITH_A,ARITHMETIC,0,0.0,1,1
1,773,D_THIRD_MODE,three-way,TRANSFORM,TRANSFORM,0,0.0,1,1
1,774,D_THIRD_MODE,three-way,ARITH_A,ARITHMETIC,0,0.0,1,1
1,775,D_THIRD_MODE,three-way,ARITH_A,ARITHMETIC,0,0.0,1,1
1,776,D_THIRD_MODE,three-way,ARITH_A,ARITHMETIC,0,0.0,1,1
1,777,D_THIRD_MODE,three-way,STORY,STORY,0,0.0,1,1
1,778,D_THIRD_MODE,three-way,ARITH_A,ARITHMETIC,0,0.0,1,1
1,779,D_THIRD_MODE,three-way,ARITH_A,ARITHMETIC,0,0.0,1,1
1,780,D_THIRD_MODE,three-way,STORY,STORY,0,0.0,1,1
1,781,D_THIRD_MODE,three-way,STORY,STORY,0,0.0,1,1
1,782,D_THIRD_MODE,three-way,ARITH_A,ARITHMETIC,0,0.0,1,1
1,783,D_THIRD_MODE,three-way,ARITH_A,ARITHMETIC,0,0.0,1,1
1,784,D_THIRD_MODE,three-way,ARITH_A,ARITHMETIC,0,0.0,1,1
1,785,D_THIRD_MODE,three-way,STORY,STORY,0,0.0,1,1
1,786,D_THIRD_MODE,three-way,TRANSFORM,TRANSFORM,0,0.0,1,1
1,787,D_THIRD_MODE,three-way,ARITH_A,ARITHMETIC,0,0.0,1,1
1,788,D_THIRD_MODE,three-way,STORY,STORY,0,0.0,1,1
1,789,D_THIRD_MODE,three-way,STORY,STORY,0,0.0,1,1
1,790,D_THIRD_MODE,three-way,ARITH_A,ARITHMETIC,0,0.0,1,1
1,791,D_THIRD_MODE,three-way,TRANSFORM,TRANSFORM,0,0.0,1,1
1,792,D_THIRD_MODE,three-way,ARITH_A,ARITHMETIC,0,0.0,1,1
1,793,D_THIRD_MODE,three-way,ARITH_A,ARITHMETIC,0,0.0,1,1
1,794,D_THIRD_MODE,three-way,TRANSFORM,TRANSFORM,0,0.0,1,1
1,795,D_THIRD_MODE,three-way,STORY,STORY,0,0.0,1,1
1,796,D_THIRD_MODE,three-way,STORY,STORY,0,0.0,1,1
1,797,D_THIRD_MODE,three-way,ARITH_A,ARITHMETIC,0,0.0,1,1
1,798,D_THIRD_MODE,three-way,TRANSFORM,TRANSFORM,0,0.0,1,1
1,799,D_THIRD_MODE,three-way,STORY,STORY,0,0.0,1,1
1,800,D_THIRD_MODE,three-way,TRANSFORM,TRANSFORM,0,0.0,1,1
1,801,D_THIRD_MODE,three-way,TRANSFORM,TRANSFORM,0,0.0,1,1
1,802,D_THIRD_MODE,three-way,TRANSFORM,TRANSFORM,0,0.0,1,1
1,803,D_THIRD_MODE,three-way,ARITH_A,ARITHMETIC,0,0.0,1,1
1,804,D_THIRD_MODE,three-way,TRANSFORM,TRANSFORM,0,0.0,1,1
1,805,D_THIRD_MODE,three-way,ARITH_A,ARITHMETIC,0,0.0,1,1
1,806,D_THIRD_MODE,three-way,ARITH_A,ARITHMETIC,0,0.0,1,1
1,807,D_THIRD_MODE,three-way,STORY,STORY,0,0.0,1,1
1,808,D_THIRD_MODE,three-way,ARITH_A,ARITHMETIC,0,0.0,1,1
1,809,D_THIRD_MODE,three-way,TRANSFORM,TRANSFORM,0,0.0,1,1
1,810,D_THIRD_MODE,three-way,TRANSFORM,TRANSFORM,0,0.0,1,1
1,811,D_THIRD_MODE,three-way,ARITH_A,ARITHMETIC,0,0.0,1,1
1,812,D_THIRD_MODE,three-way,STORY,STORY,0,0.0,1,1
1,813,D_THIRD_MODE,three-way,ARITH_A,ARITHMETIC,0,0.0,1,1
1,814,D_THIRD_MODE,three-way,STORY,STORY,0,0.0,1,1
1,815,D_THIRD_MODE,three-way,TRANSFORM,TRANSFORM,0,0.0,1,1
1,816,D_THIRD_MODE,three-way,STORY,STORY,0,0.0,1,1
1,817,D_THIRD_MODE,three-way,TRANSFORM,TRANSFORM,0,0.0,1,1
1,818,D_THIRD_MODE,three-way,TRANSFORM,TRANSFORM,0,0.0,1,1
1,819,D_THIRD_MODE,three-way,STORY,STORY,0,0.0,1,1
1,820,D_THIRD_MODE,three-way,STORY,STORY,0,0.0,1,1
1,821,D_THIRD_MODE,three-way,ARITH_A,ARITHMETIC,0,0.0,1,1
1,822,D_THIRD_MODE,three-way,TRANSFORM,TRANSFORM,0,0.0,1,1
1,823,D_THIRD_MODE,three-way,TRANSFORM,TRANSFORM,0,0.0,1,1
1,824,D_THIRD_MODE,three-way,TRANSFORM,TRANSFORM,0,0.0,1,1
1,825,D_THIRD_MODE,three-way,ARITH_A,ARITHMETIC,0,0.0,1,1
1,826,D_THIRD_MODE,three-way,TRANSFORM,TRANSFORM,0,0.0,1,1
1,827,D_THIRD_MODE,three-way,TRANSFORM,TRANSFORM,0,0.0,1,1
1,828,D_THIRD_MODE,three-way,TRANSFORM,TRANSFORM,0,0.0,1,1
1,829,D_THIRD_MODE,three-way,STORY,STORY,0,0.0,1,1
1,830,D_THIRD_MODE,three-way,STORY,STORY,0,0.0,1,1
1,831,D_THIRD_MODE,three-way,STORY,STORY,0,0.0,1,1
1,832,D_THIRD_MODE,three-way,ARITH_A,ARITHMETIC,0,0.0,1,1
1,833,D_THIRD_MODE,three-way,ARITH_A,ARITHMETIC,0,0.0,1,1
1,834,D_THIRD_MODE,three-way,TRANSFORM,TRANSFORM,0,0.0,1,1
1,835,D_THIRD_MODE,three-way,STORY,STORY,0,0.0,1,1
1,836,D_THIRD_MODE,three-way,TRANSFORM,TRANSFORM,0,0.0,1,1
1,837,D_THIRD_MODE,three-way,STORY,STORY,0,0.0,1,1
1,838,D_THIRD_MODE,three-way,ARITH_A,ARITHMETIC,0,0.0,1,1
1,839,D_THIRD_MODE,three-way,TRANSFORM,TRANSFORM,0,0.0,1,1
1,840,D_THIRD_MODE,three-way,TRANSFORM,TRANSFORM,0,0.0,1,1
1,841,D_THIRD_MODE,three-way,TRANSFORM,TRANSFORM,0,0.0,1,1
1,842,D_THIRD_MODE,three-way,STORY,STORY,0,0.0,1,1
1,843,D_THIRD_MODE,three-way,ARITH_A,ARITHMETIC,0,0.0,1,1
1,844,D_THIRD_MODE,three-way,STORY,STORY,0,0.0,1,1
1,845,D_THIRD_MODE,three-way,STORY,STORY,0,0.0,1,1
1,846,D_THIRD_MODE,three-way,ARITH_A,ARITHMETIC,0,0.0,1,1
1,847,D_THIRD_MODE,three-way,ARITH_A,ARITHMETIC,0,0.0,1,1
1,848,D_THIRD_MODE,three-way,TRANSFORM,TRANSFORM,0,0.0,1,1
1,849,D_THIRD_MODE,three-way,STORY,STORY,0,0.0,1,1
1,850,D_THIRD_MODE,three-way,STORY,STORY,0,0.0,1,1
1,851,D_THIRD_MODE,three-way,ARITH_A,ARITHMETIC,0,0.0,1,1
1,852,D_THIRD_MODE,three-way,TRANSFORM,TRANSFORM,0,0.0,1,1
1,853,D_THIRD_MODE,three-way,STORY,STORY,0,0.0,1,1
1,854,D_THIRD_MODE,three-way,STORY,STORY,0,0.0,1,1
1,855,D_THIRD_MODE,three-way,TRANSFORM,TRANSFORM,0,0.0,1,1
1,856,D_THIRD_MODE,three-way,TRANSFORM,TRANSFORM,0,0.0,1,1
1,857,D_THIRD_MODE,three-way,STORY,STORY,0,0.0,1,1
1,858,D_THIRD_MODE,three-way,ARITH_A,ARITHMETIC,0,0.0,1,1
1,859,D_THIRD_MODE,three-way,STORY,STORY,0,0.0,1,1
1,860,D_THIRD_MODE,three-way,ARITH_A,ARITHMETIC,0,0.0,1,1
1,861,D_THIRD_MODE,three-way,ARITH_A,ARITHMETIC,0,0.0,1,1
1,862,D_THIRD_MODE,three-way,STORY,STORY,0,0.0,1,1
1,863,D_THIRD_MODE,three-way,TRANSFORM,TRANSFORM,0,0.0,1,1
1,864,D_THIRD_MODE,three-way,STORY,STORY,0,0.0,1,1
1,865,D_THIRD_MODE,three-way,ARITH_A,ARITHMETIC,0,0.0,1,1
1,866,D_THIRD_MODE,three-way,ARITH_A,ARITHMETIC,0,0.0,1,1
1,867,D_THIRD_MODE,three-way,ARITH_A,ARITHMETIC,0,0.0,1,1
1,868,D_THIRD_MODE,three-way,ARITH_A,ARITHMETIC,0,0.0,1,1
1,869,D_THIRD_MODE,three-way,ARITH_A,ARITHMETIC,0,0.0,1,1
1,870,D_THIRD_MODE,three-way,ARITH_A,ARITHMETIC,0,0.0,1,1
1,871,D_THIRD_MODE,three-way,TRANSFORM,TRANSFORM,0,0.0,1,1
1,872,D_THIRD_MODE,three-way,ARITH_A,ARITHMETIC,0,0.0,1,1
1,873,D_THIRD_MODE,three-way,STORY,STORY,0,0.0,1,1
1,874,D_THIRD_MODE,three-way,STORY,STORY,0,0.0,1,1
1,875,D_THIRD_MODE,three-way,TRANSFORM,TRANSFORM,0,0.0,1,1
1,876,D_THIRD_MODE,three-way,ARITH_A,ARITHMETIC,0,0.0,1,1
1,877,D_THIRD_MODE,three-way,ARITH_A,ARITHMETIC,0,0.0,1,1
1,878,D_THIRD_MODE,three-way,STORY,STORY,0,0.0,1,1
1,879,D_THIRD_MODE,three-way,ARITH_A,ARITHMETIC,0,0.0,1,1
1,880,D_THIRD_MODE,three-way,TRANSFORM,TRANSFORM,0,0.0,1,1
1,881,D_THIRD_MODE,three-way,ARITH_A,ARITHMETIC,0,0.0,1,1
1,882,D_THIRD_MODE,three-way,STORY,STORY,0,0.0,1,1
1,883,D_THIRD_MODE,three-way,TRANSFORM,TRANSFORM,0,0.0,1,1
1,884,D_THIRD_MODE,three-way,STORY,STORY,0,0.0,1,1
1,885,D_THIRD_MODE,three-way,TRANSFORM,TRANSFORM,0,0.0,1,1
1,886,D_THIRD_MODE,three-way,STORY,STORY,0,0.0,1,1
1,887,D_THIRD_MODE,three-way,STORY,STORY,0,0.0,1,1
1,888,D_THIRD_MODE,three-way,TRANSFORM,TRANSFORM,0,0.0,1,1
1,889,D_THIRD_MODE,three-way,STORY,STORY,0,0.0,1,1
1,890,D_THIRD_MODE,three-way,ARITH_A,ARITHMETIC,0,0.0,1,1
1,891,D_THIRD_MODE,three-way,TRANSFORM,TRANSFORM,0,0.0,1,1
1,892,D_THIRD_MODE,three-way,STORY,STORY,0,0.0,1,1
1,893,D_THIRD_MODE,three-way,TRANSFORM,TRANSFORM,0,0.0,1,1
1,894,D_THIRD_MODE,three-way,ARITH_A,ARITHMETIC,0,0.0,1,1
1,895,D_THIRD_MODE,three-way,ARITH_A,ARITHMETIC,0,0.0,1,1
1,896,D_THIRD_MODE,three-way,STORY,STORY,0,0.0,1,1
1,897,D_THIRD_MODE,three-way,TRANSFORM,TRANSFORM,0,0.0,1,1
1,898,D_THIRD_MODE,three-way,STORY,STORY,0,0.0,1,1
1,899,D_THIRD_MODE,three-way,STORY,STORY,0,0.0,1,1
1,900,D_THIRD_MODE,three-way,STORY,STORY,0,0.0,1,1
1,901,D_THIRD_MODE,three-way,TRANSFORM,TRANSFORM,0,0.0,1,1
1,902,D_THIRD_MODE,three-way,TRANSFORM,TRANSFORM,0,0.0,1,1
1,903,D_THIRD_MODE,three-way,ARITH_A,ARITHMETIC,0,0.0,1,1
1,904,D_THIRD_MODE,three-way,TRANSFORM,TRANSFORM,0,0.0,1,1
1,905,D_THIRD_MODE,three-way,ARITH_A,ARITHMETIC,0,0.0,1,1
1,906,D_THIRD_MODE,three-way,STORY,STORY,0,0.0,1,1
1,907,D_THIRD_MODE,three-way,ARITH_A,ARITHMETIC,0,0.0,1,1
1,908,D_THIRD_MODE,three-way,ARITH_A,ARITHMETIC,0,0.0,1,1
1,909,D_THIRD_MODE,three-way,STORY,STORY,0,0.0,1,1
1,910,D_THIRD_MODE,three-way,STORY,STORY,0,0.0,1,1
1,911,D_THIRD_MODE,three-way,TRANSFORM,TRANSFORM,0,0.0,1,1
1,912,D_THIRD_MODE,three-way,ARITH_A,ARITHMETIC,0,0.0,1,1
1,913,D_THIRD_MODE,three-way,TRANSFORM,TRANSFORM,0,0.0,1,1
1,914,D_THIRD_MODE,three-way,TRANSFORM,TRANSFORM,0,0.0,1,1
1,915,D_THIRD_MODE,three-way,TRANSFORM,TRANSFORM,0,0.0,1,1
1,916,D_THIRD_MODE,three-way,TRANSFORM,TRANSFORM,0,0.0,1,1
1,917,D_THIRD_MODE,three-way,ARITH_A,ARITHMETIC,0,0.0,1,1
1,918,D_THIRD_MODE,three-way,TRANSFORM,TRANSFORM,0,0.0,1,1
1,919,D_THIRD_MODE,three-way,STORY,STORY,0,0.0,1,1
1,920,D_THIRD_MODE,three-way,TRANSFORM,TRANSFORM,0,0.0,1,1
1,921,D_THIRD_MODE,three-way,STORY,STORY,0,0.0,1,1
1,922,D_THIRD_MODE,three-way,TRANSFORM,TRANSFORM,0,0.0,1,1
1,923,D_THIRD_MODE,three-way,STORY,STORY,0,0.0,1,1
1,924,D_THIRD_MODE,three-way,TRANSFORM,TRANSFORM,0,0.0,1,1
1,925,D_THIRD_MODE,three-way,ARITH_A,ARITHMETIC,0,0.0,1,1
1,926,D_THIRD_MODE,three-way,TRANSFORM,TRANSFORM,0,0.0,1,1
1,927,D_THIRD_MODE,three-way,ARITH_A,ARITHMETIC,0,0.0,1,1
1,928,D_THIRD_MODE,three-way,ARITH_A,ARITHMETIC,0,0.0,1,1
1,929,D_THIRD_MODE,three-way,STORY,STORY,0,0.0,1,1
1,930,D_THIRD_MODE,three-way,TRANSFORM,TRANSFORM,0,0.0,1,1
1,931,D_THIRD_MODE,three-way,STORY,STORY,0,0.0,1,1
1,932,D_THIRD_MODE,three-way,TRANSFORM,TRANSFORM,0,0.0,1,1
1,933,D_THIRD_MODE,three-way,STORY,STORY,0,0.0,1,1
1,934,D_THIRD_MODE,three-way,STORY,STORY,0,0.0,1,1
1,935,D_THIRD_MODE,three-way,STORY,STORY,0,0.0,1,1
1,936,D_THIRD_MODE,three-way,STORY,STORY,0,0.0,1,1
1,937,D_THIRD_MODE,three-way,ARITH_A,ARITHMETIC,0,0.0,1,1
1,938,D_THIRD_MODE,three-way,STORY,STORY,0,0.0,1,1
1,939,D_THIRD_MODE,three-way,ARITH_A,ARITHMETIC,0,0.0,1,1
1,940,D_THIRD_MODE,three-way,TRANSFORM,TRANSFORM,0,0.0,1,1
1,941,D_THIRD_MODE,three-way,TRANSFORM,TRANSFORM,0,0.0,1,1
1,942,D_THIRD_MODE,three-way,ARITH_A,ARITHMETIC,0,0.0,1,1
1,943,D_THIRD_MODE,three-way,ARITH_A,ARITHMETIC,0,0.0,1,1
1,944,D_THIRD_MODE,three-way,TRANSFORM,TRANSFORM,0,0.0,1,1
1,945,D_THIRD_MODE,three-way,TRANSFORM,TRANSFORM,0,0.0,1,1
1,946,D_THIRD_MODE,three-way,TRANSFORM,TRANSFORM,0,0.0,1,1
1,947,D_THIRD_MODE,three-way,STORY,STORY,0,0.0,1,1
1,948,D_THIRD_MODE,three-way,STORY,STORY,0,0.0,1,1
1,949,D_THIRD_MODE,three-way,TRANSFORM,TRANSFORM,0,0.0,1,1
1,950,D_THIRD_MODE,three-way,STORY,STORY,0,0.0,1,1
1,951,D_THIRD_MODE,three-way,ARITH_A,ARITHMETIC,0,0.0,1,1
1,952,D_THIRD_MODE,three-way,STORY,STORY,0,0.0,1,1
1,953,D_THIRD_MODE,three-way,STORY,STORY,0,0.0,1,1
1,954,D_THIRD_MODE,three-way,ARITH_A,ARITHMETIC,0,0.0,1,1
1,955,D_THIRD_MODE,three-way,ARITH_A,ARITHMETIC,0,0.0,1,1
1,956,D_THIRD_MODE,three-way,TRANSFORM,TRANSFORM,0,0.0,1,1
1,957,D_THIRD_MODE,three-way,STORY,STORY,0,0.0,1,1
1,958,D_THIRD_MODE,three-way,ARITH_A,ARITHMETIC,0,0.0,1,1
1,959,D_THIRD_MODE,three-way,ARITH_A,ARITHMETIC,0,0.0,1,1
1,960,D_THIRD_MODE,three-way,TRANSFORM,TRANSFORM,0,0.0,1,1
1,961,D_THIRD_MODE,three-way,TRANSFORM,TRANSFORM,0,0.0,1,1
1,962,D_THIRD_MODE,three-way,STORY,STORY,0,0.0,1,1
1,963,D_THIRD_MODE,three-way,STORY,STORY,0,0.0,1,1
1,964,D_THIRD_MODE,three-way,STORY,STORY,0,0.0,1,1
1,965,D_THIRD_MODE,three-way,ARITH_A,ARITHMETIC,0,0.0,1,1
1,966,D_THIRD_MODE,three-way,TRANSFORM,TRANSFORM,0,0.0,1,1
1,967,D_THIRD_MODE,three-way,ARITH_A,ARITHMETIC,0,0.0,1,1
1,968,D_THIRD_MODE,three-way,STORY,STORY,0,0.0,1,1
1,969,D_THIRD_MODE,three-way,STORY,STORY,0,0.0,1,1
1,970,D_THIRD_MODE,three-way,TRANSFORM,TRANSFORM,0,0.0,1,1
1,971,D_THIRD_MODE,three-way,TRANSFORM,TRANSFORM,0,0.0,1,1
1,972,D_THIRD_MODE,three-way,TRANSFORM,TRANSFORM,0,0.0,1,1
1,973,D_THIRD_MODE,three-way,STORY,STORY,0,0.0,1,1
1,974,D_THIRD_MODE,three-way,TRANSFORM,TRANSFORM,0,0.0,1,1
1,975,D_THIRD_MODE,three-way,STORY,STORY,0,0.0,1,1
1,976,D_THIRD_MODE,three-way,STORY,STORY,0,0.0,1,1
1,977,D_THIRD_MODE,three-way,TRANSFORM,TRANSFORM,0,0.0,1,1
1,978,D_THIRD_MODE,three-way,ARITH_A,ARITHMETIC,0,0.0,1,1
1,979,D_THIRD_MODE,three-way,STORY,STORY,0,0.0,1,1
1,980,D_THIRD_MODE,three-way,STORY,STORY,0,0.0,1,1
1,981,D_THIRD_MODE,three-way,STORY,STORY,0,0.0,1,1
1,982,D_THIRD_MODE,three-way,TRANSFORM,TRANSFORM,0,0.0,1,1
1,983,D_THIRD_MODE,three-way,TRANSFORM,TRANSFORM,0,0.0,1,1
1,984,D_THIRD_MODE,three-way,STORY,STORY,0,0.0,1,1
1,985,D_THIRD_MODE,three-way,TRANSFORM,TRANSFORM,0,0.0,1,1
1,986,D_THIRD_MODE,three-way,ARITH_A,ARITHMETIC,0,0.0,1,1
1,987,D_THIRD_MODE,three-way,TRANSFORM,TRANSFORM,0,0.0,1,1
1,988,D_THIRD_MODE,three-way,TRANSFORM,TRANSFORM,0,0.0,1,1
1,989,D_THIRD_MODE,three-way,TRANSFORM,TRANSFORM,0,0.0,1,1
1,990,D_THIRD_MODE,three-way,ARITH_A,ARITHMETIC,0,0.0,1,1
1,991,D_THIRD_MODE,three-way,STORY,STORY,0,0.0,1,1
1,992,D_THIRD_MODE,three-way,STORY,STORY,0,0.0,1,1
1,993,D_THIRD_MODE,three-way,ARITH_A,ARITHMETIC,0,0.0,1,1
1,994,D_THIRD_MODE,three-way,ARITH_A,ARITHMETIC,0,0.0,1,1
1,995,D_THIRD_MODE,three-way,STORY,STORY,0,0.0,1,1
1,996,D_THIRD_MODE,three-way,TRANSFORM,TRANSFORM,0,0.0,1,1
1,997,D_THIRD_MODE,three-way,TRANSFORM,TRANSFORM,0,0.0,1,1
1,998,D_THIRD_MODE,three-way,STORY,STORY,0,0.0,1,1
1,999,D_THIRD_MODE,three-way,STORY,STORY,0,0.0,1,1
1,1000,D_THIRD_MODE,three-way,TRANSFORM,TRANSFORM,0,0.0,1,1
1,1001,D_THIRD_MODE,three-way,ARITH_A,ARITHMETIC,0,0.0,1,1
1,1002,D_THIRD_MODE,three-way,ARITH_A,ARITHMETIC,0,0.0,1,1
1,1003,D_THIRD_MODE,three-way,TRANSFORM,TRANSFORM,0,0.0,1,1
1,1004,D_THIRD_MODE,three-way,ARITH_A,ARITHMETIC,0,0.0,1,1
1,1005,D_THIRD_MODE,three-way,STORY,STORY,0,0.0,1,1
1,1006,D_THIRD_MODE,three-way,TRANSFORM,TRANSFORM,0,0.0,1,1
1,1007,D_THIRD_MODE,three-way,STORY,STORY,0,0.0,1,1
1,1008,D_THIRD_MODE,three-way,ARITH_A,ARITHMETIC,0,0.0,1,1
1,1009,D_THIRD_MODE,three-way,STORY,STORY,0,0.0,1,1
1,1010,D_THIRD_MODE,three-way,ARITH_A,ARITHMETIC,0,0.0,1,1
1,1011,D_THIRD_MODE,three-way,STORY,STORY,0,0.0,1,1
1,1012,D_THIRD_MODE,three-way,ARITH_A,ARITHMETIC,0,0.0,1,1
1,1013,D_THIRD_MODE,three-way,TRANSFORM,TRANSFORM,0,0.0,1,1
1,1014,D_THIRD_MODE,three-way,TRANSFORM,TRANSFORM,0,0.0,1,1
1,1015,D_THIRD_MODE,three-way,ARITH_A,ARITHMETIC,0,0.0,1,1
1,1016,D_THIRD_MODE,three-way,TRANSFORM,TRANSFORM,0,0.0,1,1
1,1017,D_THIRD_MODE,three-way,STORY,STORY,0,0.0,1,1
1,1018,D_THIRD_MODE,three-way,ARITH_A,ARITHMETIC,0,0.0,1,1
1,1019,D_THIRD_MODE,three-way,TRANSFORM,TRANSFORM,0,0.0,1,1
1,1020,D_THIRD_MODE,three-way,ARITH_A,ARITHMETIC,0,0.0,1,1
1,1021,D_THIRD_MODE,three-way,STORY,STORY,0,0.0,1,1
1,1022,D_THIRD_MODE,three-way,STORY,STORY,0,0.0,1,1
1,1023,D_THIRD_MODE,three-way,TRANSFORM,TRANSFORM,0,0.0,1,1
1,1024,D_THIRD_MODE,three-way,TRANSFORM,TRANSFORM,0,0.0,1,1
1,1025,D_THIRD_MODE,three-way,ARITH_A,ARITHMETIC,0,0.0,1,1
1,1026,D_THIRD_MODE,three-way,ARITH_A,ARITHMETIC,0,0.0,1,1
1,1027,D_THIRD_MODE,three-way,ARITH_A,ARITHMETIC,0,0.0,1,1
1,1028,D_THIRD_MODE,three-way,TRANSFORM,TRANSFORM,0,0.0,1,1
1,1029,D_THIRD_MODE,three-way,TRANSFORM,TRANSFORM,0,0.0,1,1
1,1030,D_THIRD_MODE,three-way,TRANSFORM,TRANSFORM,0,0.0,1,1
1,1031,D_THIRD_MODE,three-way,TRANSFORM,TRANSFORM,0,0.0,1,1
1,1032,D_THIRD_MODE,three-way,STORY,STORY,0,0.0,1,1
1,1033,D_THIRD_MODE,three-way,ARITH_A,ARITHMETIC,0,0.0,1,1
1,1034,D_THIRD_MODE,three-way,TRANSFORM,TRANSFORM,0,0.0,1,1
1,1035,D_THIRD_MODE,three-way,TRANSFORM,TRANSFORM,0,0.0,1,1
1,1036,D_THIRD_MODE,three-way,TRANSFORM,TRANSFORM,0,0.0,1,1
1,1037,D_THIRD_MODE,three-way,STORY,STORY,0,0.0,1,1
1,1038,D_THIRD_MODE,three-way,ARITH_A,ARITHMETIC,0,0.0,1,1
1,1039,D_THIRD_MODE,three-way,STORY,STORY,0,0.0,1,1
1,1040,D_THIRD_MODE,three-way,TRANSFORM,TRANSFORM,0,0.0,1,1
1,1041,D_THIRD_MODE,three-way,ARITH_A,ARITHMETIC,0,0.0,1,1
1,1042,D_THIRD_MODE,three-way,TRANSFORM,TRANSFORM,0,0.0,1,1
1,1043,D_THIRD_MODE,three-way,STORY,STORY,0,0.0,1,1
1,1044,D_THIRD_MODE,three-way,TRANSFORM,TRANSFORM,0,0.0,1,1
1,1045,D_THIRD_MODE,three-way,STORY,STORY,0,0.0,1,1
1,1046,D_THIRD_MODE,three-way,STORY,STORY,0,0.0,1,1
1,1047,D_THIRD_MODE,three-way,ARITH_A,ARITHMETIC,0,0.0,1,1
1,1048,D_THIRD_MODE,three-way,STORY,STORY,0,0.0,1,1
1,1049,D_THIRD_MODE,three-way,ARITH_A,ARITHMETIC,0,0.0,1,1
1,1050,D_THIRD_MODE,three-way,STORY,STORY,0,0.0,1,1
1,1051,D_THIRD_MODE,three-way,ARITH_A,ARITHMETIC,0,0.0,1,1
1,1052,D_THIRD_MODE,three-way,ARITH_A,ARITHMETIC,0,0.0,1,1
1,1053,D_THIRD_MODE,three-way,ARITH_A,ARITHMETIC,0,0.0,1,1
1,1054,D_THIRD_MODE,three-way,ARITH_A,ARITHMETIC,0,0.0,1,1
1,1055,D_THIRD_MODE,three-way,STORY,STORY,0,0.0,1,1
1,1056,D_THIRD_MODE,three-way,ARITH_A,ARITHMETIC,0,0.0,1,1
1,1057,D_THIRD_MODE,three-way,ARITH_A,ARITHMETIC,0,0.0,1,1
1,1058,D_THIRD_MODE,three-way,ARITH_A,ARITHMETIC,0,0.0,1,1
1,1059,D_THIRD_MODE,three-way,TRANSFORM,TRANSFORM,0,0.0,1,1
1,1060,D_THIRD_MODE,three-way,ARITH_A,ARITHMETIC,0,0.0,1,1
1,1061,D_THIRD_MODE,three-way,ARITH_A,ARITHMETIC,0,0.0,1,1
1,1062,D_THIRD_MODE,three-way,STORY,STORY,0,0.0,1,1
1,1063,D_THIRD_MODE,three-way,STORY,STORY,0,0.0,1,1
1,1064,D_THIRD_MODE,three-way,TRANSFORM,TRANSFORM,0,0.0,1,1
1,1065,D_THIRD_MODE,three-way,ARITH_A,ARITHMETIC,0,0.0,1,1
1,1066,D_THIRD_MODE,three-way,TRANSFORM,TRANSFORM,0,0.0,1,1
1,1067,D_THIRD_MODE,three-way,ARITH_A,ARITHMETIC,0,0.0,1,1
1,1068,D_THIRD_MODE,three-way,TRANSFORM,TRANSFORM,0,0.0,1,1
1,1069,D_THIRD_MODE,three-way,TRANSFORM,TRANSFORM,0,0.0,1,1
1,1070,D_THIRD_MODE,three-way,STORY,STORY,0,0.0,1,1
1,1071,D_THIRD_MODE,three-way,TRANSFORM,TRANSFORM,0,0.0,1,1
1,1072,D_THIRD_MODE,three-way,TRANSFORM,TRANSFORM,0,0.0,1,1
1,1073,D_THIRD_MODE,three-way,TRANSFORM,TRANSFORM,0,0.0,1,1
1,1074,D_THIRD_MODE,three-way,STORY,STORY,0,0.0,1,1
1,1075,D_THIRD_MODE,three-way,ARITH_A,ARITHMETIC,0,0.0,1,1
1,1076,D_THIRD_MODE,three-way,STORY,STORY,0,0.0,1,1
1,1077,D_THIRD_MODE,three-way,TRANSFORM,TRANSFORM,0,0.0,1,1
1,1078,D_THIRD_MODE,three-way,STORY,STORY,0,0.0,1,1
1,1079,D_THIRD_MODE,three-way,ARITH_A,ARITHMETIC,0,0.0,1,1
1,1080,D_THIRD_MODE,three-way,STORY,STORY,0,0.0,1,1
1,1081,D_THIRD_MODE,three-way,ARITH_A,ARITHMETIC,0,0.0,1,1
1,1082,D_THIRD_MODE,three-way,TRANSFORM,TRANSFORM,0,0.0,1,1
1,1083,D_THIRD_MODE,three-way,STORY,STORY,0,0.0,1,1
1,1084,D_THIRD_MODE,three-way,TRANSFORM,TRANSFORM,0,0.0,1,1
1,1085,D_THIRD_MODE,three-way,STORY,STORY,0,0.0,1,1
1,1086,D_THIRD_MODE,three-way,ARITH_A,ARITHMETIC,0,0.0,1,1
1,1087,D_THIRD_MODE,three-way,STORY,STORY,0,0.0,1,1
1,1088,D_THIRD_MODE,three-way,ARITH_A,ARITHMETIC,0,0.0,1,1
1,1089,D_THIRD_MODE,three-way,TRANSFORM,TRANSFORM,0,0.0,1,1
1,1090,D_THIRD_MODE,three-way,TRANSFORM,TRANSFORM,0,0.0,1,1
1,1091,D_THIRD_MODE,three-way,ARITH_A,ARITHMETIC,0,0.0,1,1
1,1092,D_THIRD_MODE,three-way,TRANSFORM,TRANSFORM,0,0.0,1,1
1,1093,D_THIRD_MODE,three-way,ARITH_A,ARITHMETIC,0,0.0,1,1
1,1094,D_THIRD_MODE,three-way,TRANSFORM,TRANSFORM,0,0.0,1,1
1,1095,D_THIRD_MODE,three-way,STORY,STORY,0,0.0,1,1
1,1096,D_THIRD_MODE,three-way,ARITH_A,ARITHMETIC,0,0.0,1,1
1,1097,D_THIRD_MODE,three-way,ARITH_A,ARITHMETIC,0,0.0,1,1
1,1098,D_THIRD_MODE,three-way,TRANSFORM,TRANSFORM,0,0.0,1,1
1,1099,D_THIRD_MODE,three-way,ARITH_A,ARITHMETIC,0,0.0,1,1
1,1100,D_THIRD_MODE,three-way,ARITH_A,ARITHMETIC,0,0.0,1,1
1,1101,D_THIRD_MODE,three-way,ARITH_A,ARITHMETIC,0,0.0,1,1
1,1102,D_THIRD_MODE,three-way,STORY,STORY,0,0.0,1,1
1,1103,D_THIRD_MODE,three-way,STORY,STORY,0,0.0,1,1
1,1104,D_THIRD_MODE,three-way,STORY,STORY,0,0.0,1,1
1,1105,D_THIRD_MODE,three-way,TRANSFORM,TRANSFORM,0,0.0,1,1
1,1106,D_THIRD_MODE,three-way,TRANSFORM,TRANSFORM,0,0.0,1,1
1,1107,D_THIRD_MODE,three-way,ARITH_A,ARITHMETIC,0,0.0,1,1
1,1108,D_THIRD_MODE,three-way,ARITH_A,ARITHMETIC,0,0.0,1,1
1,1109,D_THIRD_MODE,three-way,STORY,STORY,0,0.0,1,1
1,1110,D_THIRD_MODE,three-way,TRANSFORM,TRANSFORM,0,0.0,1,1
1,1111,D_THIRD_MODE,three-way,ARITH_A,ARITHMETIC,0,0.0,1,1
1,1112,D_THIRD_MODE,three-way,TRANSFORM,TRANSFORM,0,0.0,1,1
1,1113,D_THIRD_MODE,three-way,ARITH_A,ARITHMETIC,0,0.0,1,1
1,1114,D_THIRD_MODE,three-way,TRANSFORM,TRANSFORM,0,0.0,1,1
1,1115,D_THIRD_MODE,three-way,TRANSFORM,TRANSFORM,0,0.0,1,1
1,1116,D_THIRD_MODE,three-way,STORY,STORY,0,0.0,1,1
1,1117,D_THIRD_MODE,three-way,STORY,STORY,0,0.0,1,1
1,1118,D_THIRD_MODE,three-way,ARITH_A,ARITHMETIC,0,0.0,1,1
1,1119,D_THIRD_MODE,three-way,ARITH_A,ARITHMETIC,0,0.0,1,1
1,1120,D_THIRD_MODE,three-way,ARITH_A,ARITHMETIC,0,0.0,1,1
1,1121,D_THIRD_MODE,three-way,ARITH_A,ARITHMETIC,0,0.0,1,1
1,1122,D_THIRD_MODE,three-way,TRANSFORM,TRANSFORM,0,0.0,1,1
1,1123,D_THIRD_MODE,three-way,ARITH_A,ARITHMETIC,0,0.0,1,1
1,1124,D_THIRD_MODE,three-way,STORY,STORY,0,0.0,1,1
1,1125,D_THIRD_MODE,three-way,TRANSFORM,TRANSFORM,0,0.0,1,1
1,1126,D_THIRD_MODE,three-way,ARITH_A,ARITHMETIC,0,0.0,1,1
1,1127,D_THIRD_MODE,three-way,STORY,STORY,0,0.0,1,1
1,1128,D_THIRD_MODE,three-way,ARITH_A,ARITHMETIC,0,0.0,1,1
1,1129,D_THIRD_MODE,three-way,STORY,STORY,0,0.0,1,1
1,1130,D_THIRD_MODE,three-way,ARITH_A,ARITHMETIC,0,0.0,1,1
1,1131,D_THIRD_MODE,three-way,STORY,STORY,0,0.0,1,1
1,1132,D_THIRD_MODE,three-way,STORY,STORY,0,0.0,1,1
1,1133,D_THIRD_MODE,three-way,ARITH_A,ARITHMETIC,0,0.0,1,1
1,1134,D_THIRD_MODE,three-way,STORY,STORY,0,0.0,1,1
1,1135,D_THIRD_MODE,three-way,TRANSFORM,TRANSFORM,0,0.0,1,1
1,1136,D_THIRD_MODE,three-way,STORY,STORY,0,0.0,1,1
1,1137,D_THIRD_MODE,three-way,TRANSFORM,TRANSFORM,0,0.0,1,1
1,1138,D_THIRD_MODE,three-way,TRANSFORM,TRANSFORM,0,0.0,1,1
1,1139,D_THIRD_MODE,three-way,STORY,STORY,0,0.0,1,1
1,1140,D_THIRD_MODE,three-way,STORY,STORY,0,0.0,1,1
1,1141,D_THIRD_MODE,three-way,TRANSFORM,TRANSFORM,0,0.0,1,1
1,1142,D_THIRD_MODE,three-way,TRANSFORM,TRANSFORM,0,0.0,1,1
1,1143,D_THIRD_MODE,three-way,ARITH_A,ARITHMETIC,0,0.0,1,1
1,1144,D_THIRD_MODE,three-way,STORY,STORY,0,0.0,1,1
1,1145,D_THIRD_MODE,three-way,STORY,STORY,0,0.0,1,1
1,1146,D_THIRD_MODE,three-way,TRANSFORM,TRANSFORM,0,0.0,1,1
1,1147,D_THIRD_MODE,three-way,STORY,STORY,0,0.0,1,1
1,1148,D_THIRD_MODE,three-way,ARITH_A,ARITHMETIC,0,0.0,1,1
1,1149,D_THIRD_MODE,three-way,TRANSFORM,TRANSFORM,0,0.0,1,1
1,1150,D_THIRD_MODE,three-way,TRANSFORM,TRANSFORM,0,0.0,1,1
1,1151,D_THIRD_MODE,three-way,ARITH_A,ARITHMETIC,0,0.0,1,1
1,1152,D_THIRD_MODE,three-way,STORY,STORY,0,0.0,1,1
2,1,A_STORY_ONLY,story-only,STORY,STORY,0,0.0,1,1
2,2,A_STORY_ONLY,story-only,STORY,STORY,0,0.0,1,1
2,3,A_STORY_ONLY,story-only,STORY,STORY,0,0.0,1,1
2,4,A_STORY_ONLY,story-only,STORY,STORY,0,0.0,1,1
2,5,A_STORY_ONLY,story-only,STORY,STORY,0,0.0,1,1
2,6,A_STORY_ONLY,story-only,STORY,STORY,0,0.0,1,1
2,7,A_STORY_ONLY,story-only,STORY,STORY,0,0.0,1,1
2,8,A_STORY_ONLY,story-only,STORY,STORY,0,0.0,1,1
2,9,A_STORY_ONLY,story-only,STORY,STORY,0,0.0,1,1
2,10,A_STORY_ONLY,story-only,STORY,STORY,0,0.0,1,1
2,11,A_STORY_ONLY,story-only,STORY,STORY,0,0.0,1,1
2,12,A_STORY_ONLY,story-only,STORY,STORY,0,0.0,1,1
2,13,A_STORY_ONLY,story-only,STORY,STORY,0,0.0,1,1
2,14,A_STORY_ONLY,story-only,STORY,STORY,0,0.0,1,1
2,15,A_STORY_ONLY,story-only,STORY,STORY,0,0.0,1,1
2,16,A_STORY_ONLY,story-only,STORY,STORY,0,0.0,1,1
2,17,A_STORY_ONLY,story-only,STORY,STORY,0,0.0,1,1
2,18,A_STORY_ONLY,story-only,STORY,STORY,0,0.0,1,1
2,19,A_STORY_ONLY,story-only,STORY,STORY,0,0.0,1,1
2,20,A_STORY_ONLY,story-only,STORY,STORY,0,0.0,1,1
2,21,A_STORY_ONLY,story-only,STORY,STORY,0,0.0,1,1
2,22,A_STORY_ONLY,story-only,STORY,STORY,0,0.0,1,1
2,23,A_STORY_ONLY,story-only,STORY,STORY,0,0.0,1,1
2,24,A_STORY_ONLY,story-only,STORY,STORY,0,0.0,1,1
2,25,A_STORY_ONLY,story-only,STORY,STORY,0,0.0,1,1
2,26,A_STORY_ONLY,story-only,STORY,STORY,0,0.0,1,1
2,27,A_STORY_ONLY,story-only,STORY,STORY,0,0.0,1,1
2,28,A_STORY_ONLY,story-only,STORY,STORY,0,0.0,1,1
2,29,A_STORY_ONLY,story-only,STORY,STORY,0,0.0,1,1
2,30,A_STORY_ONLY,story-only,STORY,STORY,0,0.0,1,1
2,31,A_STORY_ONLY,story-only,STORY,STORY,0,0.0,1,1
2,32,A_STORY_ONLY,story-only,STORY,STORY,0,0.0,1,1
2,33,A_STORY_ONLY,story-only,STORY,STORY,0,0.0,1,1
2,34,A_STORY_ONLY,story-only,STORY,STORY,0,0.0,1,1
2,35,A_STORY_ONLY,story-only,STORY,STORY,0,0.0,1,1
2,36,A_STORY_ONLY,story-only,STORY,STORY,0,0.0,1,1
2,37,A_STORY_ONLY,story-only,STORY,STORY,0,0.0,1,1
2,38,A_STORY_ONLY,story-only,STORY,STORY,0,0.0,1,1
2,39,A_STORY_ONLY,story-only,STORY,STORY,0,0.0,1,1
2,40,A_STORY_ONLY,story-only,STORY,STORY,0,0.0,1,1
2,41,A_STORY_ONLY,story-only,STORY,STORY,0,0.0,1,1
2,42,A_STORY_ONLY,story-only,STORY,STORY,0,0.0,1,1
2,43,A_STORY_ONLY,story-only,STORY,STORY,0,0.0,1,1
2,44,A_STORY_ONLY,story-only,STORY,STORY,0,0.0,1,1
2,45,A_STORY_ONLY,story-only,STORY,STORY,0,0.0,1,1
2,46,A_STORY_ONLY,story-only,STORY,STORY,0,0.0,1,1
2,47,A_STORY_ONLY,story-only,STORY,STORY,0,0.0,1,1
2,48,A_STORY_ONLY,story-only,STORY,STORY,0,0.0,1,1
2,49,A_STORY_ONLY,story-only,STORY,STORY,0,0.0,1,1
2,50,A_STORY_ONLY,story-only,STORY,STORY,0,0.0,1,1
2,51,A_STORY_ONLY,story-only,STORY,STORY,0,0.0,1,1
2,52,A_STORY_ONLY,story-only,STORY,STORY,0,0.0,1,1
2,53,A_STORY_ONLY,story-only,STORY,STORY,0,0.0,1,1
2,54,A_STORY_ONLY,story-only,STORY,STORY,0,0.0,1,1
2,55,A_STORY_ONLY,story-only,STORY,STORY,0,0.0,1,1
2,56,A_STORY_ONLY,story-only,STORY,STORY,0,0.0,1,1
2,57,A_STORY_ONLY,story-only,STORY,STORY,0,0.0,1,1
2,58,A_STORY_ONLY,story-only,STORY,STORY,0,0.0,1,1
2,59,A_STORY_ONLY,story-only,STORY,STORY,0,0.0,1,1
2,60,A_STORY_ONLY,story-only,STORY,STORY,0,0.0,1,1
2,61,A_STORY_ONLY,story-only,STORY,STORY,0,0.0,1,1
2,62,A_STORY_ONLY,story-only,STORY,STORY,0,0.0,1,1
2,63,A_STORY_ONLY,story-only,STORY,STORY,0,0.0,1,1
2,64,A_STORY_ONLY,story-only,STORY,STORY,0,0.0,1,1
2,65,A_STORY_ONLY,story-only,STORY,STORY,0,0.0,1,1
2,66,A_STORY_ONLY,story-only,STORY,STORY,0,0.0,1,1
2,67,A_STORY_ONLY,story-only,STORY,STORY,0,0.0,1,1
2,68,A_STORY_ONLY,story-only,STORY,STORY,0,0.0,1,1
2,69,A_STORY_ONLY,story-only,STORY,STORY,0,0.0,1,1
2,70,A_STORY_ONLY,story-only,STORY,STORY,0,0.0,1,1
2,71,A_STORY_ONLY,story-only,STORY,STORY,0,0.0,1,1
2,72,A_STORY_ONLY,story-only,STORY,STORY,0,0.0,1,1
2,73,A_STORY_ONLY,story-only,STORY,STORY,0,0.0,1,1
2,74,A_STORY_ONLY,story-only,STORY,STORY,0,0.0,1,1
2,75,A_STORY_ONLY,story-only,STORY,STORY,0,0.0,1,1
2,76,A_STORY_ONLY,story-only,STORY,STORY,0,0.0,1,1
2,77,A_STORY_ONLY,story-only,STORY,STORY,0,0.0,1,1
2,78,A_STORY_ONLY,story-only,STORY,STORY,0,0.0,1,1
2,79,A_STORY_ONLY,story-only,STORY,STORY,0,0.0,1,1
2,80,A_STORY_ONLY,story-only,STORY,STORY,0,0.0,1,1
2,81,A_STORY_ONLY,story-only,STORY,STORY,0,0.0,1,1
2,82,A_STORY_ONLY,story-only,STORY,STORY,0,0.0,1,1
2,83,A_STORY_ONLY,story-only,STORY,STORY,0,0.0,1,1
2,84,A_STORY_ONLY,story-only,STORY,STORY,0,0.0,1,1
2,85,A_STORY_ONLY,story-only,STORY,STORY,0,0.0,1,1
2,86,A_STORY_ONLY,story-only,STORY,STORY,0,0.0,1,1
2,87,A_STORY_ONLY,story-only,STORY,STORY,0,0.0,1,1
2,88,A_STORY_ONLY,story-only,STORY,STORY,0,0.0,1,1
2,89,A_STORY_ONLY,story-only,STORY,STORY,0,0.0,1,1
2,90,A_STORY_ONLY,story-only,STORY,STORY,0,0.0,1,1
2,91,A_STORY_ONLY,story-only,STORY,STORY,0,0.0,1,1
2,92,A_STORY_ONLY,story-only,STORY,STORY,0,0.0,1,1
2,93,A_STORY_ONLY,story-only,STORY,STORY,0,0.0,1,1
2,94,A_STORY_ONLY,story-only,STORY,STORY,0,0.0,1,1
2,95,A_STORY_ONLY,story-only,STORY,STORY,0,0.0,1,1
2,96,A_STORY_ONLY,story-only,STORY,STORY,0,0.0,1,1
2,97,A_STORY_ONLY,story-only,STORY,STORY,0,0.0,1,1
2,98,A_STORY_ONLY,story-only,STORY,STORY,0,0.0,1,1
2,99,A_STORY_ONLY,story-only,STORY,STORY,0,0.0,1,1
2,100,A_STORY_ONLY,story-only,STORY,STORY,0,0.0,1,1
2,101,A_STORY_ONLY,story-only,STORY,STORY,0,0.0,1,1
2,102,A_STORY_ONLY,story-only,STORY,STORY,0,0.0,1,1
2,103,A_STORY_ONLY,story-only,STORY,STORY,0,0.0,1,1
2,104,A_STORY_ONLY,story-only,STORY,STORY,0,0.0,1,1
2,105,A_STORY_ONLY,story-only,STORY,STORY,0,0.0,1,1
2,106,A_STORY_ONLY,story-only,STORY,STORY,0,0.0,1,1
2,107,A_STORY_ONLY,story-only,STORY,STORY,0,0.0,1,1
2,108,A_STORY_ONLY,story-only,STORY,STORY,0,0.0,1,1
2,109,A_STORY_ONLY,story-only,STORY,STORY,0,0.0,1,1
2,110,A_STORY_ONLY,story-only,STORY,STORY,0,0.0,1,1
2,111,A_STORY_ONLY,story-only,STORY,STORY,0,0.0,1,1
2,112,A_STORY_ONLY,story-only,STORY,STORY,0,0.0,1,1
2,113,A_STORY_ONLY,story-only,STORY,STORY,0,0.0,1,1
2,114,A_STORY_ONLY,story-only,STORY,STORY,0,0.0,1,1
2,115,A_STORY_ONLY,story-only,STORY,STORY,0,0.0,1,1
2,116,A_STORY_ONLY,story-only,STORY,STORY,0,0.0,1,1
2,117,A_STORY_ONLY,story-only,STORY,STORY,0,0.0,1,1
2,118,A_STORY_ONLY,story-only,STORY,STORY,0,0.0,1,1
2,119,A_STORY_ONLY,story-only,STORY,STORY,0,0.0,1,1
2,120,A_STORY_ONLY,story-only,STORY,STORY,0,0.0,1,1
2,121,A_STORY_ONLY,story-only,STORY,STORY,0,0.0,1,1
2,122,A_STORY_ONLY,story-only,STORY,STORY,0,0.0,1,1
2,123,A_STORY_ONLY,story-only,STORY,STORY,0,0.0,1,1
2,124,A_STORY_ONLY,story-only,STORY,STORY,0,0.0,1,1
2,125,A_STORY_ONLY,story-only,STORY,STORY,0,0.0,1,1
2,126,A_STORY_ONLY,story-only,STORY,STORY,0,0.0,1,1
2,127,A_STORY_ONLY,story-only,STORY,STORY,0,0.0,1,1
2,128,A_STORY_ONLY,story-only,STORY,STORY,0,0.0,1,1
2,129,A_STORY_ONLY,story-only,STORY,STORY,0,0.0,1,1
2,130,A_STORY_ONLY,story-only,STORY,STORY,0,0.0,1,1
2,131,A_STORY_ONLY,story-only,STORY,STORY,0,0.0,1,1
2,132,A_STORY_ONLY,story-only,STORY,STORY,0,0.0,1,1
2,133,A_STORY_ONLY,story-only,STORY,STORY,0,0.0,1,1
2,134,A_STORY_ONLY,story-only,STORY,STORY,0,0.0,1,1
2,135,A_STORY_ONLY,story-only,STORY,STORY,0,0.0,1,1
2,136,A_STORY_ONLY,story-only,STORY,STORY,0,0.0,1,1
2,137,A_STORY_ONLY,story-only,STORY,STORY,0,0.0,1,1
2,138,A_STORY_ONLY,story-only,STORY,STORY,0,0.0,1,1
2,139,A_STORY_ONLY,story-only,STORY,STORY,0,0.0,1,1
2,140,A_STORY_ONLY,story-only,STORY,STORY,0,0.0,1,1
2,141,A_STORY_ONLY,story-only,STORY,STORY,0,0.0,1,1
2,142,A_STORY_ONLY,story-only,STORY,STORY,0,0.0,1,1
2,143,A_STORY_ONLY,story-only,STORY,STORY,0,0.0,1,1
2,144,A_STORY_ONLY,story-only,STORY,STORY,0,0.0,1,1
2,145,A_STORY_ONLY,story-only,STORY,STORY,0,0.0,1,1
2,146,A_STORY_ONLY,story-only,STORY,STORY,0,0.0,1,1
2,147,A_STORY_ONLY,story-only,STORY,STORY,0,0.0,1,1
2,148,A_STORY_ONLY,story-only,STORY,STORY,0,0.0,1,1
2,149,A_STORY_ONLY,story-only,STORY,STORY,0,0.0,1,1
2,150,A_STORY_ONLY,story-only,STORY,STORY,0,0.0,1,1
2,151,A_STORY_ONLY,story-only,STORY,STORY,0,0.0,1,1
2,152,A_STORY_ONLY,story-only,STORY,STORY,0,0.0,1,1
2,153,A_STORY_ONLY,story-only,STORY,STORY,0,0.0,1,1
2,154,A_STORY_ONLY,story-only,STORY,STORY,0,0.0,1,1
2,155,A_STORY_ONLY,story-only,STORY,STORY,0,0.0,1,1
2,156,A_STORY_ONLY,story-only,STORY,STORY,0,0.0,1,1
2,157,A_STORY_ONLY,story-only,STORY,STORY,0,0.0,1,1
2,158,A_STORY_ONLY,story-only,STORY,STORY,0,0.0,1,1
2,159,A_STORY_ONLY,story-only,STORY,STORY,0,0.0,1,1
2,160,A_STORY_ONLY,story-only,STORY,STORY,0,0.0,1,1
2,161,A_STORY_ONLY,story-only,STORY,STORY,0,0.0,1,1
2,162,A_STORY_ONLY,story-only,STORY,STORY,0,0.0,1,1
2,163,A_STORY_ONLY,story-only,STORY,STORY,0,0.0,1,1
2,164,A_STORY_ONLY,story-only,STORY,STORY,0,0.0,1,1
2,165,A_STORY_ONLY,story-only,STORY,STORY,0,0.0,1,1
2,166,A_STORY_ONLY,story-only,STORY,STORY,0,0.0,1,1
2,167,A_STORY_ONLY,story-only,STORY,STORY,0,0.0,1,1
2,168,A_STORY_ONLY,story-only,STORY,STORY,0,0.0,1,1
2,169,A_STORY_ONLY,story-only,STORY,STORY,0,0.0,1,1
2,170,A_STORY_ONLY,story-only,STORY,STORY,0,0.0,1,1
2,171,A_STORY_ONLY,story-only,STORY,STORY,0,0.0,1,1
2,172,A_STORY_ONLY,story-only,STORY,STORY,0,0.0,1,1
2,173,A_STORY_ONLY,story-only,STORY,STORY,0,0.0,1,1
2,174,A_STORY_ONLY,story-only,STORY,STORY,0,0.0,1,1
2,175,A_STORY_ONLY,story-only,STORY,STORY,0,0.0,1,1
2,176,A_STORY_ONLY,story-only,STORY,STORY,0,0.0,1,1
2,177,A_STORY_ONLY,story-only,STORY,STORY,0,0.0,1,1
2,178,A_STORY_ONLY,story-only,STORY,STORY,0,0.0,1,1
2,179,A_STORY_ONLY,story-only,STORY,STORY,0,0.0,1,1
2,180,A_STORY_ONLY,story-only,STORY,STORY,0,0.0,1,1
2,181,A_STORY_ONLY,story-only,STORY,STORY,0,0.0,1,1
2,182,A_STORY_ONLY,story-only,STORY,STORY,0,0.0,1,1
2,183,A_STORY_ONLY,story-only,STORY,STORY,0,0.0,1,1
2,184,A_STORY_ONLY,story-only,STORY,STORY,0,0.0,1,1
2,185,A_STORY_ONLY,story-only,STORY,STORY,0,0.0,1,1
2,186,A_STORY_ONLY,story-only,STORY,STORY,0,0.0,1,1
2,187,A_STORY_ONLY,story-only,STORY,STORY,0,0.0,1,1
2,188,A_STORY_ONLY,story-only,STORY,STORY,0,0.0,1,1
2,189,A_STORY_ONLY,story-only,STORY,STORY,0,0.0,1,1
2,190,A_STORY_ONLY,story-only,STORY,STORY,0,0.0,1,1
2,191,A_STORY_ONLY,story-only,STORY,STORY,0,0.0,1,1
2,192,A_STORY_ONLY,story-only,STORY,STORY,0,0.0,1,1
2,193,B_EMERGING_MATH,math-10,STORY,STORY,0,0.0,1,1
2,194,B_EMERGING_MATH,math-10,STORY,STORY,0,0.0,1,1
2,195,B_EMERGING_MATH,math-10,STORY,STORY,0,0.0,1,1
2,196,B_EMERGING_MATH,math-10,STORY,STORY,0,0.0,1,1
2,197,B_EMERGING_MATH,math-10,STORY,STORY,0,0.0,1,1
2,198,B_EMERGING_MATH,math-10,STORY,STORY,0,0.0,1,1
2,199,B_EMERGING_MATH,math-10,STORY,STORY,0,0.0,1,1
2,200,B_EMERGING_MATH,math-10,STORY,STORY,0,0.0,1,1
2,201,B_EMERGING_MATH,math-10,ARITH_A,ARITHMETIC,0,0.0,1,1
2,202,B_EMERGING_MATH,math-10,STORY,STORY,0,0.0,1,1
2,203,B_EMERGING_MATH,math-10,STORY,STORY,0,0.0,1,1
2,204,B_EMERGING_MATH,math-10,STORY,STORY,0,0.0,1,1
2,205,B_EMERGING_MATH,math-10,STORY,STORY,0,0.0,1,1
2,206,B_EMERGING_MATH,math-10,STORY,STORY,0,0.0,1,1
2,207,B_EMERGING_MATH,math-10,STORY,STORY,0,0.0,1,1
2,208,B_EMERGING_MATH,math-10,STORY,STORY,0,0.0,1,1
2,209,B_EMERGING_MATH,math-10,STORY,STORY,0,0.0,1,1
2,210,B_EMERGING_MATH,math-10,STORY,STORY,0,0.0,1,1
2,211,B_EMERGING_MATH,math-10,STORY,STORY,0,0.0,1,1
2,212,B_EMERGING_MATH,math-10,ARITH_A,ARITHMETIC,0,0.0,1,1
2,213,B_EMERGING_MATH,math-10,STORY,STORY,0,0.0,1,1
2,214,B_EMERGING_MATH,math-10,ARITH_A,ARITHMETIC,0,0.0,1,1
2,215,B_EMERGING_MATH,math-10,STORY,STORY,0,0.0,1,1
2,216,B_EMERGING_MATH,math-10,STORY,STORY,0,0.0,1,1
2,217,B_EMERGING_MATH,math-10,ARITH_A,ARITHMETIC,0,0.0,1,1
2,218,B_EMERGING_MATH,math-10,STORY,STORY,0,0.0,1,1
2,219,B_EMERGING_MATH,math-10,STORY,STORY,0,0.0,1,1
2,220,B_EMERGING_MATH,math-10,STORY,STORY,0,0.0,1,1
2,221,B_EMERGING_MATH,math-10,STORY,STORY,0,0.0,1,1
2,222,B_EMERGING_MATH,math-10,ARITH_A,ARITHMETIC,0,0.0,1,1
2,223,B_EMERGING_MATH,math-10,STORY,STORY,0,0.0,1,1
2,224,B_EMERGING_MATH,math-10,STORY,STORY,0,0.0,1,1
2,225,B_EMERGING_MATH,math-10,STORY,STORY,0,0.0,1,1
2,226,B_EMERGING_MATH,math-10,ARITH_A,ARITHMETIC,0,0.0,1,1
2,227,B_EMERGING_MATH,math-10,STORY,STORY,0,0.0,1,1
2,228,B_EMERGING_MATH,math-10,STORY,STORY,0,0.0,1,1
2,229,B_EMERGING_MATH,math-10,STORY,STORY,0,0.0,1,1
2,230,B_EMERGING_MATH,math-10,STORY,STORY,0,0.0,1,1
2,231,B_EMERGING_MATH,math-10,STORY,STORY,0,0.0,1,1
2,232,B_EMERGING_MATH,math-10,STORY,STORY,0,0.0,1,1
2,233,B_EMERGING_MATH,math-10,STORY,STORY,0,0.0,1,1
2,234,B_EMERGING_MATH,math-10,STORY,STORY,0,0.0,1,1
2,235,B_EMERGING_MATH,math-10,STORY,STORY,0,0.0,1,1
2,236,B_EMERGING_MATH,math-10,ARITH_A,ARITHMETIC,0,0.0,1,1
2,237,B_EMERGING_MATH,math-10,STORY,STORY,0,0.0,1,1
2,238,B_EMERGING_MATH,math-10,STORY,STORY,0,0.0,1,1
2,239,B_EMERGING_MATH,math-10,STORY,STORY,0,0.0,1,1
2,240,B_EMERGING_MATH,math-10,STORY,STORY,0,0.0,1,1
2,241,B_EMERGING_MATH,math-10,STORY,STORY,0,0.0,1,1
2,242,B_EMERGING_MATH,math-10,STORY,STORY,0,0.0,1,1
2,243,B_EMERGING_MATH,math-10,STORY,STORY,0,0.0,1,1
2,244,B_EMERGING_MATH,math-10,STORY,STORY,0,0.0,1,1
2,245,B_EMERGING_MATH,math-10,STORY,STORY,0,0.0,1,1
2,246,B_EMERGING_MATH,math-10,STORY,STORY,0,0.0,1,1
2,247,B_EMERGING_MATH,math-10,ARITH_A,ARITHMETIC,0,0.0,1,1
2,248,B_EMERGING_MATH,math-10,STORY,STORY,0,0.0,1,1
2,249,B_EMERGING_MATH,math-10,STORY,STORY,0,0.0,1,1
2,250,B_EMERGING_MATH,math-10,STORY,STORY,0,0.0,1,1
2,251,B_EMERGING_MATH,math-10,STORY,STORY,0,0.0,1,1
2,252,B_EMERGING_MATH,math-10,STORY,STORY,0,0.0,1,1
2,253,B_EMERGING_MATH,math-10,STORY,STORY,0,0.0,1,1
2,254,B_EMERGING_MATH,math-10,STORY,STORY,0,0.0,1,1
2,255,B_EMERGING_MATH,math-10,STORY,STORY,0,0.0,1,1
2,256,B_EMERGING_MATH,math-10,STORY,STORY,0,0.0,1,1
2,257,B_EMERGING_MATH,math-10,STORY,STORY,0,0.0,1,1
2,258,B_EMERGING_MATH,math-10,STORY,STORY,0,0.0,1,1
2,259,B_EMERGING_MATH,math-10,STORY,STORY,0,0.0,1,1
2,260,B_EMERGING_MATH,math-10,STORY,STORY,0,0.0,1,1
2,261,B_EMERGING_MATH,math-10,STORY,STORY,0,0.0,1,1
2,262,B_EMERGING_MATH,math-10,STORY,STORY,0,0.0,1,1
2,263,B_EMERGING_MATH,math-10,STORY,STORY,0,0.0,1,1
2,264,B_EMERGING_MATH,math-10,STORY,STORY,0,0.0,1,1
2,265,B_EMERGING_MATH,math-10,STORY,STORY,0,0.0,1,1
2,266,B_EMERGING_MATH,math-10,STORY,STORY,0,0.0,1,1
2,267,B_EMERGING_MATH,math-10,STORY,STORY,0,0.0,1,1
2,268,B_EMERGING_MATH,math-10,STORY,STORY,0,0.0,1,1
2,269,B_EMERGING_MATH,math-10,STORY,STORY,0,0.0,1,1
2,270,B_EMERGING_MATH,math-10,STORY,STORY,0,0.0,1,1
2,271,B_EMERGING_MATH,math-10,STORY,STORY,0,0.0,1,1
2,272,B_EMERGING_MATH,math-10,ARITH_A,ARITHMETIC,0,0.0,1,1
2,273,B_EMERGING_MATH,math-10,ARITH_A,ARITHMETIC,0,0.0,1,1
2,274,B_EMERGING_MATH,math-10,STORY,STORY,0,0.0,1,1
2,275,B_EMERGING_MATH,math-10,STORY,STORY,0,0.0,1,1
2,276,B_EMERGING_MATH,math-10,STORY,STORY,0,0.0,1,1
2,277,B_EMERGING_MATH,math-10,STORY,STORY,0,0.0,1,1
2,278,B_EMERGING_MATH,math-10,STORY,STORY,0,0.0,1,1
2,279,B_EMERGING_MATH,math-10,STORY,STORY,0,0.0,1,1
2,280,B_EMERGING_MATH,math-10,ARITH_A,ARITHMETIC,0,0.0,1,1
2,281,B_EMERGING_MATH,math-10,STORY,STORY,0,0.0,1,1
2,282,B_EMERGING_MATH,math-10,STORY,STORY,0,0.0,1,1
2,283,B_EMERGING_MATH,math-10,STORY,STORY,0,0.0,1,1
2,284,B_EMERGING_MATH,math-10,STORY,STORY,0,0.0,1,1
2,285,B_EMERGING_MATH,math-10,STORY,STORY,0,0.0,1,1
2,286,B_EMERGING_MATH,math-10,STORY,STORY,0,0.0,1,1
2,287,B_EMERGING_MATH,math-10,STORY,STORY,0,0.0,1,1
2,288,B_EMERGING_MATH,math-10,STORY,STORY,0,0.0,1,1
2,289,B_EMERGING_MATH,math-10,STORY,STORY,0,0.0,1,1
2,290,B_EMERGING_MATH,math-10,STORY,STORY,0,0.0,1,1
2,291,B_EMERGING_MATH,math-10,STORY,STORY,0,0.0,1,1
2,292,B_EMERGING_MATH,math-10,ARITH_A,ARITHMETIC,0,0.0,1,1
2,293,B_EMERGING_MATH,math-10,STORY,STORY,0,0.0,1,1
2,294,B_EMERGING_MATH,math-10,STORY,STORY,0,0.0,1,1
2,295,B_EMERGING_MATH,math-10,STORY,STORY,0,0.0,1,1
2,296,B_EMERGING_MATH,math-10,STORY,STORY,0,0.0,1,1
2,297,B_EMERGING_MATH,math-10,STORY,STORY,0,0.0,1,1
2,298,B_EMERGING_MATH,math-10,STORY,STORY,0,0.0,1,1
2,299,B_EMERGING_MATH,math-10,ARITH_A,ARITHMETIC,0,0.0,1,1
2,300,B_EMERGING_MATH,math-10,STORY,STORY,0,0.0,1,1
2,301,B_EMERGING_MATH,math-10,STORY,STORY,0,0.0,1,1
2,302,B_EMERGING_MATH,math-10,STORY,STORY,0,0.0,1,1
2,303,B_EMERGING_MATH,math-10,STORY,STORY,0,0.0,1,1
2,304,B_EMERGING_MATH,math-10,STORY,STORY,0,0.0,1,1
2,305,B_EMERGING_MATH,math-10,STORY,STORY,0,0.0,1,1
2,306,B_EMERGING_MATH,math-10,STORY,STORY,0,0.0,1,1
2,307,B_EMERGING_MATH,math-10,STORY,STORY,0,0.0,1,1
2,308,B_EMERGING_MATH,math-10,STORY,STORY,0,0.0,1,1
2,309,B_EMERGING_MATH,math-10,STORY,STORY,0,0.0,1,1
2,310,B_EMERGING_MATH,math-10,STORY,STORY,0,0.0,1,1
2,311,B_EMERGING_MATH,math-10,STORY,STORY,0,0.0,1,1
2,312,B_EMERGING_MATH,math-10,STORY,STORY,0,0.0,1,1
2,313,B_EMERGING_MATH,math-10,STORY,STORY,0,0.0,1,1
2,314,B_EMERGING_MATH,math-10,STORY,STORY,0,0.0,1,1
2,315,B_EMERGING_MATH,math-10,STORY,STORY,0,0.0,1,1
2,316,B_EMERGING_MATH,math-10,STORY,STORY,0,0.0,1,1
2,317,B_EMERGING_MATH,math-10,STORY,STORY,0,0.0,1,1
2,318,B_EMERGING_MATH,math-10,STORY,STORY,0,0.0,1,1
2,319,B_EMERGING_MATH,math-10,STORY,STORY,0,0.0,1,1
2,320,B_EMERGING_MATH,math-10,STORY,STORY,0,0.0,1,1
2,321,B_EMERGING_MATH,math-30,ARITH_A,ARITHMETIC,0,0.0,1,1
2,322,B_EMERGING_MATH,math-30,STORY,STORY,0,0.0,1,1
2,323,B_EMERGING_MATH,math-30,ARITH_A,ARITHMETIC,0,0.0,1,1
2,324,B_EMERGING_MATH,math-30,ARITH_A,ARITHMETIC,0,0.0,1,1
2,325,B_EMERGING_MATH,math-30,STORY,STORY,0,0.0,1,1
2,326,B_EMERGING_MATH,math-30,STORY,STORY,0,0.0,1,1
2,327,B_EMERGING_MATH,math-30,ARITH_A,ARITHMETIC,0,0.0,1,1
2,328,B_EMERGING_MATH,math-30,STORY,STORY,0,0.0,1,1
2,329,B_EMERGING_MATH,math-30,STORY,STORY,0,0.0,1,1
2,330,B_EMERGING_MATH,math-30,STORY,STORY,0,0.0,1,1
2,331,B_EMERGING_MATH,math-30,STORY,STORY,0,0.0,1,1
2,332,B_EMERGING_MATH,math-30,STORY,STORY,0,0.0,1,1
2,333,B_EMERGING_MATH,math-30,STORY,STORY,0,0.0,1,1
2,334,B_EMERGING_MATH,math-30,STORY,STORY,0,0.0,1,1
2,335,B_EMERGING_MATH,math-30,STORY,STORY,0,0.0,1,1
2,336,B_EMERGING_MATH,math-30,STORY,STORY,0,0.0,1,1
2,337,B_EMERGING_MATH,math-30,ARITH_A,ARITHMETIC,0,0.0,1,1
2,338,B_EMERGING_MATH,math-30,STORY,STORY,0,0.0,1,1
2,339,B_EMERGING_MATH,math-30,STORY,STORY,0,0.0,1,1
2,340,B_EMERGING_MATH,math-30,STORY,STORY,0,0.0,1,1
2,341,B_EMERGING_MATH,math-30,STORY,STORY,0,0.0,1,1
2,342,B_EMERGING_MATH,math-30,ARITH_A,ARITHMETIC,0,0.0,1,1
2,343,B_EMERGING_MATH,math-30,STORY,STORY,0,0.0,1,1
2,344,B_EMERGING_MATH,math-30,ARITH_A,ARITHMETIC,0,0.0,1,1
2,345,B_EMERGING_MATH,math-30,STORY,STORY,0,0.0,1,1
2,346,B_EMERGING_MATH,math-30,STORY,STORY,0,0.0,1,1
2,347,B_EMERGING_MATH,math-30,STORY,STORY,0,0.0,1,1
2,348,B_EMERGING_MATH,math-30,STORY,STORY,0,0.0,1,1
2,349,B_EMERGING_MATH,math-30,STORY,STORY,0,0.0,1,1
2,350,B_EMERGING_MATH,math-30,STORY,STORY,0,0.0,1,1
2,351,B_EMERGING_MATH,math-30,STORY,STORY,0,0.0,1,1
2,352,B_EMERGING_MATH,math-30,STORY,STORY,0,0.0,1,1
2,353,B_EMERGING_MATH,math-30,STORY,STORY,0,0.0,1,1
2,354,B_EMERGING_MATH,math-30,STORY,STORY,0,0.0,1,1
2,355,B_EMERGING_MATH,math-30,STORY,STORY,0,0.0,1,1
2,356,B_EMERGING_MATH,math-30,STORY,STORY,0,0.0,1,1
2,357,B_EMERGING_MATH,math-30,STORY,STORY,0,0.0,1,1
2,358,B_EMERGING_MATH,math-30,STORY,STORY,0,0.0,1,1
2,359,B_EMERGING_MATH,math-30,ARITH_A,ARITHMETIC,0,0.0,1,1
2,360,B_EMERGING_MATH,math-30,ARITH_A,ARITHMETIC,0,0.0,1,1
2,361,B_EMERGING_MATH,math-30,STORY,STORY,0,0.0,1,1
2,362,B_EMERGING_MATH,math-30,STORY,STORY,0,0.0,1,1
2,363,B_EMERGING_MATH,math-30,ARITH_A,ARITHMETIC,0,0.0,1,1
2,364,B_EMERGING_MATH,math-30,ARITH_A,ARITHMETIC,0,0.0,1,1
2,365,B_EMERGING_MATH,math-30,STORY,STORY,0,0.0,1,1
2,366,B_EMERGING_MATH,math-30,STORY,STORY,0,0.0,1,1
2,367,B_EMERGING_MATH,math-30,STORY,STORY,0,0.0,1,1
2,368,B_EMERGING_MATH,math-30,STORY,STORY,0,0.0,1,1
2,369,B_EMERGING_MATH,math-30,STORY,STORY,0,0.0,1,1
2,370,B_EMERGING_MATH,math-30,ARITH_A,ARITHMETIC,0,0.0,1,1
2,371,B_EMERGING_MATH,math-30,ARITH_A,ARITHMETIC,0,0.0,1,1
2,372,B_EMERGING_MATH,math-30,STORY,STORY,0,0.0,1,1
2,373,B_EMERGING_MATH,math-30,ARITH_A,ARITHMETIC,0,0.0,1,1
2,374,B_EMERGING_MATH,math-30,STORY,STORY,0,0.0,1,1
2,375,B_EMERGING_MATH,math-30,STORY,STORY,0,0.0,1,1
2,376,B_EMERGING_MATH,math-30,STORY,STORY,0,0.0,1,1
2,377,B_EMERGING_MATH,math-30,ARITH_A,ARITHMETIC,0,0.0,1,1
2,378,B_EMERGING_MATH,math-30,STORY,STORY,0,0.0,1,1
2,379,B_EMERGING_MATH,math-30,STORY,STORY,0,0.0,1,1
2,380,B_EMERGING_MATH,math-30,STORY,STORY,0,0.0,1,1
2,381,B_EMERGING_MATH,math-30,STORY,STORY,0,0.0,1,1
2,382,B_EMERGING_MATH,math-30,STORY,STORY,0,0.0,1,1
2,383,B_EMERGING_MATH,math-30,STORY,STORY,0,0.0,1,1
2,384,B_EMERGING_MATH,math-30,ARITH_A,ARITHMETIC,0,0.0,1,1
2,385,B_EMERGING_MATH,math-30,STORY,STORY,0,0.0,1,1
2,386,B_EMERGING_MATH,math-30,ARITH_A,ARITHMETIC,0,0.0,1,1
2,387,B_EMERGING_MATH,math-30,ARITH_A,ARITHMETIC,0,0.0,1,1
2,388,B_EMERGING_MATH,math-30,STORY,STORY,0,0.0,1,1
2,389,B_EMERGING_MATH,math-30,STORY,STORY,0,0.0,1,1
2,390,B_EMERGING_MATH,math-30,STORY,STORY,0,0.0,1,1
2,391,B_EMERGING_MATH,math-30,STORY,STORY,0,0.0,1,1
2,392,B_EMERGING_MATH,math-30,STORY,STORY,0,0.0,1,1
2,393,B_EMERGING_MATH,math-30,STORY,STORY,0,0.0,1,1
2,394,B_EMERGING_MATH,math-30,STORY,STORY,0,0.0,1,1
2,395,B_EMERGING_MATH,math-30,STORY,STORY,0,0.0,1,1
2,396,B_EMERGING_MATH,math-30,STORY,STORY,0,0.0,1,1
2,397,B_EMERGING_MATH,math-30,STORY,STORY,0,0.0,1,1
2,398,B_EMERGING_MATH,math-30,STORY,STORY,0,0.0,1,1
2,399,B_EMERGING_MATH,math-30,STORY,STORY,0,0.0,1,1
2,400,B_EMERGING_MATH,math-30,STORY,STORY,0,0.0,1,1
2,401,B_EMERGING_MATH,math-30,ARITH_A,ARITHMETIC,0,0.0,1,1
2,402,B_EMERGING_MATH,math-30,STORY,STORY,0,0.0,1,1
2,403,B_EMERGING_MATH,math-30,STORY,STORY,0,0.0,1,1
2,404,B_EMERGING_MATH,math-30,ARITH_A,ARITHMETIC,0,0.0,1,1
2,405,B_EMERGING_MATH,math-30,STORY,STORY,0,0.0,1,1
2,406,B_EMERGING_MATH,math-30,ARITH_A,ARITHMETIC,0,0.0,1,1
2,407,B_EMERGING_MATH,math-30,STORY,STORY,0,0.0,1,1
2,408,B_EMERGING_MATH,math-30,ARITH_A,ARITHMETIC,0,0.0,1,1
2,409,B_EMERGING_MATH,math-30,ARITH_A,ARITHMETIC,0,0.0,1,1
2,410,B_EMERGING_MATH,math-30,ARITH_A,ARITHMETIC,0,0.0,1,1
2,411,B_EMERGING_MATH,math-30,ARITH_A,ARITHMETIC,0,0.0,1,1
2,412,B_EMERGING_MATH,math-30,STORY,STORY,0,0.0,1,1
2,413,B_EMERGING_MATH,math-30,STORY,STORY,0,0.0,1,1
2,414,B_EMERGING_MATH,math-30,STORY,STORY,0,0.0,1,1
2,415,B_EMERGING_MATH,math-30,STORY,STORY,0,0.0,1,1
2,416,B_EMERGING_MATH,math-30,STORY,STORY,0,0.0,1,1
2,417,B_EMERGING_MATH,math-30,ARITH_A,ARITHMETIC,0,0.0,1,1
2,418,B_EMERGING_MATH,math-30,STORY,STORY,0,0.0,1,1
2,419,B_EMERGING_MATH,math-30,ARITH_A,ARITHMETIC,0,0.0,1,1
2,420,B_EMERGING_MATH,math-30,STORY,STORY,0,0.0,1,1
2,421,B_EMERGING_MATH,math-30,STORY,STORY,0,0.0,1,1
2,422,B_EMERGING_MATH,math-30,ARITH_A,ARITHMETIC,0,0.0,1,1
2,423,B_EMERGING_MATH,math-30,ARITH_A,ARITHMETIC,0,0.0,1,1
2,424,B_EMERGING_MATH,math-30,STORY,STORY,0,0.0,1,1
2,425,B_EMERGING_MATH,math-30,STORY,STORY,0,0.0,1,1
2,426,B_EMERGING_MATH,math-30,STORY,STORY,0,0.0,1,1
2,427,B_EMERGING_MATH,math-30,STORY,STORY,0,0.0,1,1
2,428,B_EMERGING_MATH,math-30,ARITH_A,ARITHMETIC,0,0.0,1,1
2,429,B_EMERGING_MATH,math-30,ARITH_A,ARITHMETIC,0,0.0,1,1
2,430,B_EMERGING_MATH,math-30,ARITH_A,ARITHMETIC,0,0.0,1,1
2,431,B_EMERGING_MATH,math-30,STORY,STORY,0,0.0,1,1
2,432,B_EMERGING_MATH,math-30,STORY,STORY,0,0.0,1,1
2,433,B_EMERGING_MATH,math-30,STORY,STORY,0,0.0,1,1
2,434,B_EMERGING_MATH,math-30,STORY,STORY,0,0.0,1,1
2,435,B_EMERGING_MATH,math-30,STORY,STORY,0,0.0,1,1
2,436,B_EMERGING_MATH,math-30,ARITH_A,ARITHMETIC,0,0.0,1,1
2,437,B_EMERGING_MATH,math-30,STORY,STORY,0,0.0,1,1
2,438,B_EMERGING_MATH,math-30,ARITH_A,ARITHMETIC,0,0.0,1,1
2,439,B_EMERGING_MATH,math-30,STORY,STORY,0,0.0,1,1
2,440,B_EMERGING_MATH,math-30,ARITH_A,ARITHMETIC,0,0.0,1,1
2,441,B_EMERGING_MATH,math-30,ARITH_A,ARITHMETIC,0,0.0,1,1
2,442,B_EMERGING_MATH,math-30,ARITH_A,ARITHMETIC,0,0.0,1,1
2,443,B_EMERGING_MATH,math-30,STORY,STORY,0,0.0,1,1
2,444,B_EMERGING_MATH,math-30,ARITH_A,ARITHMETIC,0,0.0,1,1
2,445,B_EMERGING_MATH,math-30,STORY,STORY,0,0.0,1,1
2,446,B_EMERGING_MATH,math-30,STORY,STORY,0,0.0,1,1
2,447,B_EMERGING_MATH,math-30,STORY,STORY,0,0.0,1,1
2,448,B_EMERGING_MATH,math-30,STORY,STORY,0,0.0,1,1
2,449,B_EMERGING_MATH,math-50,STORY,STORY,0,0.0,1,1
2,450,B_EMERGING_MATH,math-50,STORY,STORY,0,0.0,1,1
2,451,B_EMERGING_MATH,math-50,ARITH_A,ARITHMETIC,0,0.0,1,1
2,452,B_EMERGING_MATH,math-50,ARITH_A,ARITHMETIC,0,0.0,1,1
2,453,B_EMERGING_MATH,math-50,ARITH_A,ARITHMETIC,0,0.0,1,1
2,454,B_EMERGING_MATH,math-50,ARITH_A,ARITHMETIC,0,0.0,1,1
2,455,B_EMERGING_MATH,math-50,STORY,STORY,0,0.0,1,1
2,456,B_EMERGING_MATH,math-50,ARITH_A,ARITHMETIC,0,0.0,1,1
2,457,B_EMERGING_MATH,math-50,STORY,STORY,0,0.0,1,1
2,458,B_EMERGING_MATH,math-50,STORY,STORY,0,0.0,1,1
2,459,B_EMERGING_MATH,math-50,ARITH_A,ARITHMETIC,0,0.0,1,1
2,460,B_EMERGING_MATH,math-50,STORY,STORY,0,0.0,1,1
2,461,B_EMERGING_MATH,math-50,ARITH_A,ARITHMETIC,0,0.0,1,1
2,462,B_EMERGING_MATH,math-50,ARITH_A,ARITHMETIC,0,0.0,1,1
2,463,B_EMERGING_MATH,math-50,ARITH_A,ARITHMETIC,0,0.0,1,1
2,464,B_EMERGING_MATH,math-50,ARITH_A,ARITHMETIC,0,0.0,1,1
2,465,B_EMERGING_MATH,math-50,STORY,STORY,0,0.0,1,1
2,466,B_EMERGING_MATH,math-50,STORY,STORY,0,0.0,1,1
2,467,B_EMERGING_MATH,math-50,ARITH_A,ARITHMETIC,0,0.0,1,1
2,468,B_EMERGING_MATH,math-50,STORY,STORY,0,0.0,1,1
2,469,B_EMERGING_MATH,math-50,ARITH_A,ARITHMETIC,0,0.0,1,1
2,470,B_EMERGING_MATH,math-50,ARITH_A,ARITHMETIC,0,0.0,1,1
2,471,B_EMERGING_MATH,math-50,ARITH_A,ARITHMETIC,0,0.0,1,1
2,472,B_EMERGING_MATH,math-50,STORY,STORY,0,0.0,1,1
2,473,B_EMERGING_MATH,math-50,STORY,STORY,0,0.0,1,1
2,474,B_EMERGING_MATH,math-50,STORY,STORY,0,0.0,1,1
2,475,B_EMERGING_MATH,math-50,STORY,STORY,0,0.0,1,1
2,476,B_EMERGING_MATH,math-50,STORY,STORY,0,0.0,1,1
2,477,B_EMERGING_MATH,math-50,ARITH_A,ARITHMETIC,0,0.0,1,1
2,478,B_EMERGING_MATH,math-50,STORY,STORY,0,0.0,1,1
2,479,B_EMERGING_MATH,math-50,ARITH_A,ARITHMETIC,0,0.0,1,1
2,480,B_EMERGING_MATH,math-50,ARITH_A,ARITHMETIC,0,0.0,1,1
2,481,B_EMERGING_MATH,math-50,ARITH_A,ARITHMETIC,0,0.0,1,1
2,482,B_EMERGING_MATH,math-50,ARITH_A,ARITHMETIC,0,0.0,1,1
2,483,B_EMERGING_MATH,math-50,STORY,STORY,0,0.0,1,1
2,484,B_EMERGING_MATH,math-50,STORY,STORY,0,0.0,1,1
2,485,B_EMERGING_MATH,math-50,ARITH_A,ARITHMETIC,0,0.0,1,1
2,486,B_EMERGING_MATH,math-50,STORY,STORY,0,0.0,1,1
2,487,B_EMERGING_MATH,math-50,STORY,STORY,0,0.0,1,1
2,488,B_EMERGING_MATH,math-50,STORY,STORY,0,0.0,1,1
2,489,B_EMERGING_MATH,math-50,STORY,STORY,0,0.0,1,1
2,490,B_EMERGING_MATH,math-50,STORY,STORY,0,0.0,1,1
2,491,B_EMERGING_MATH,math-50,ARITH_A,ARITHMETIC,0,0.0,1,1
2,492,B_EMERGING_MATH,math-50,STORY,STORY,0,0.0,1,1
2,493,B_EMERGING_MATH,math-50,ARITH_A,ARITHMETIC,0,0.0,1,1
2,494,B_EMERGING_MATH,math-50,STORY,STORY,0,0.0,1,1
2,495,B_EMERGING_MATH,math-50,STORY,STORY,0,0.0,1,1
2,496,B_EMERGING_MATH,math-50,STORY,STORY,0,0.0,1,1
2,497,B_EMERGING_MATH,math-50,ARITH_A,ARITHMETIC,0,0.0,1,1
2,498,B_EMERGING_MATH,math-50,ARITH_A,ARITHMETIC,0,0.0,1,1
2,499,B_EMERGING_MATH,math-50,ARITH_A,ARITHMETIC,0,0.0,1,1
2,500,B_EMERGING_MATH,math-50,ARITH_A,ARITHMETIC,0,0.0,1,1
2,501,B_EMERGING_MATH,math-50,ARITH_A,ARITHMETIC,0,0.0,1,1
2,502,B_EMERGING_MATH,math-50,STORY,STORY,0,0.0,1,1
2,503,B_EMERGING_MATH,math-50,STORY,STORY,0,0.0,1,1
2,504,B_EMERGING_MATH,math-50,STORY,STORY,0,0.0,1,1
2,505,B_EMERGING_MATH,math-50,ARITH_A,ARITHMETIC,0,0.0,1,1
2,506,B_EMERGING_MATH,math-50,STORY,STORY,0,0.0,1,1
2,507,B_EMERGING_MATH,math-50,ARITH_A,ARITHMETIC,0,0.0,1,1
2,508,B_EMERGING_MATH,math-50,ARITH_A,ARITHMETIC,0,0.0,1,1
2,509,B_EMERGING_MATH,math-50,ARITH_A,ARITHMETIC,0,0.0,1,1
2,510,B_EMERGING_MATH,math-50,STORY,STORY,0,0.0,1,1
2,511,B_EMERGING_MATH,math-50,STORY,STORY,0,0.0,1,1
2,512,B_EMERGING_MATH,math-50,ARITH_A,ARITHMETIC,0,0.0,1,1
2,513,B_EMERGING_MATH,math-50,ARITH_A,ARITHMETIC,0,0.0,1,1
2,514,B_EMERGING_MATH,math-50,STORY,STORY,0,0.0,1,1
2,515,B_EMERGING_MATH,math-50,ARITH_A,ARITHMETIC,0,0.0,1,1
2,516,B_EMERGING_MATH,math-50,ARITH_A,ARITHMETIC,0,0.0,1,1
2,517,B_EMERGING_MATH,math-50,ARITH_A,ARITHMETIC,0,0.0,1,1
2,518,B_EMERGING_MATH,math-50,STORY,STORY,0,0.0,1,1
2,519,B_EMERGING_MATH,math-50,ARITH_A,ARITHMETIC,0,0.0,1,1
2,520,B_EMERGING_MATH,math-50,ARITH_A,ARITHMETIC,0,0.0,1,1
2,521,B_EMERGING_MATH,math-50,ARITH_A,ARITHMETIC,0,0.0,1,1
2,522,B_EMERGING_MATH,math-50,STORY,STORY,0,0.0,1,1
2,523,B_EMERGING_MATH,math-50,STORY,STORY,0,0.0,1,1
2,524,B_EMERGING_MATH,math-50,ARITH_A,ARITHMETIC,0,0.0,1,1
2,525,B_EMERGING_MATH,math-50,ARITH_A,ARITHMETIC,0,0.0,1,1
2,526,B_EMERGING_MATH,math-50,ARITH_A,ARITHMETIC,0,0.0,1,1
2,527,B_EMERGING_MATH,math-50,ARITH_A,ARITHMETIC,0,0.0,1,1
2,528,B_EMERGING_MATH,math-50,STORY,STORY,0,0.0,1,1
2,529,B_EMERGING_MATH,math-50,STORY,STORY,0,0.0,1,1
2,530,B_EMERGING_MATH,math-50,ARITH_A,ARITHMETIC,0,0.0,1,1
2,531,B_EMERGING_MATH,math-50,STORY,STORY,0,0.0,1,1
2,532,B_EMERGING_MATH,math-50,ARITH_A,ARITHMETIC,0,0.0,1,1
2,533,B_EMERGING_MATH,math-50,ARITH_A,ARITHMETIC,0,0.0,1,1
2,534,B_EMERGING_MATH,math-50,ARITH_A,ARITHMETIC,0,0.0,1,1
2,535,B_EMERGING_MATH,math-50,STORY,STORY,0,0.0,1,1
2,536,B_EMERGING_MATH,math-50,STORY,STORY,0,0.0,1,1
2,537,B_EMERGING_MATH,math-50,ARITH_A,ARITHMETIC,0,0.0,1,1
2,538,B_EMERGING_MATH,math-50,ARITH_A,ARITHMETIC,0,0.0,1,1
2,539,B_EMERGING_MATH,math-50,STORY,STORY,0,0.0,1,1
2,540,B_EMERGING_MATH,math-50,ARITH_A,ARITHMETIC,0,0.0,1,1
2,541,B_EMERGING_MATH,math-50,STORY,STORY,0,0.0,1,1
2,542,B_EMERGING_MATH,math-50,ARITH_A,ARITHMETIC,0,0.0,1,1
2,543,B_EMERGING_MATH,math-50,ARITH_A,ARITHMETIC,0,0.0,1,1
2,544,B_EMERGING_MATH,math-50,ARITH_A,ARITHMETIC,0,0.0,1,1
2,545,B_EMERGING_MATH,math-50,ARITH_A,ARITHMETIC,0,0.0,1,1
2,546,B_EMERGING_MATH,math-50,STORY,STORY,0,0.0,1,1
2,547,B_EMERGING_MATH,math-50,STORY,STORY,0,0.0,1,1
2,548,B_EMERGING_MATH,math-50,STORY,STORY,0,0.0,1,1
2,549,B_EMERGING_MATH,math-50,ARITH_A,ARITHMETIC,0,0.0,1,1
2,550,B_EMERGING_MATH,math-50,ARITH_A,ARITHMETIC,0,0.0,1,1
2,551,B_EMERGING_MATH,math-50,STORY,STORY,0,0.0,1,1
2,552,B_EMERGING_MATH,math-50,STORY,STORY,0,0.0,1,1
2,553,B_EMERGING_MATH,math-50,STORY,STORY,0,0.0,1,1
2,554,B_EMERGING_MATH,math-50,ARITH_A,ARITHMETIC,0,0.0,1,1
2,555,B_EMERGING_MATH,math-50,STORY,STORY,0,0.0,1,1
2,556,B_EMERGING_MATH,math-50,STORY,STORY,0,0.0,1,1
2,557,B_EMERGING_MATH,math-50,ARITH_A,ARITHMETIC,0,0.0,1,1
2,558,B_EMERGING_MATH,math-50,STORY,STORY,0,0.0,1,1
2,559,B_EMERGING_MATH,math-50,ARITH_A,ARITHMETIC,0,0.0,1,1
2,560,B_EMERGING_MATH,math-50,ARITH_A,ARITHMETIC,0,0.0,1,1
2,561,B_EMERGING_MATH,math-50,STORY,STORY,0,0.0,1,1
2,562,B_EMERGING_MATH,math-50,STORY,STORY,0,0.0,1,1
2,563,B_EMERGING_MATH,math-50,ARITH_A,ARITHMETIC,0,0.0,1,1
2,564,B_EMERGING_MATH,math-50,STORY,STORY,0,0.0,1,1
2,565,B_EMERGING_MATH,math-50,ARITH_A,ARITHMETIC,0,0.0,1,1
2,566,B_EMERGING_MATH,math-50,ARITH_A,ARITHMETIC,0,0.0,1,1
2,567,B_EMERGING_MATH,math-50,STORY,STORY,0,0.0,1,1
2,568,B_EMERGING_MATH,math-50,STORY,STORY,0,0.0,1,1
2,569,B_EMERGING_MATH,math-50,STORY,STORY,0,0.0,1,1
2,570,B_EMERGING_MATH,math-50,STORY,STORY,0,0.0,1,1
2,571,B_EMERGING_MATH,math-50,ARITH_A,ARITHMETIC,0,0.0,1,1
2,572,B_EMERGING_MATH,math-50,STORY,STORY,0,0.0,1,1
2,573,B_EMERGING_MATH,math-50,STORY,STORY,0,0.0,1,1
2,574,B_EMERGING_MATH,math-50,STORY,STORY,0,0.0,1,1
2,575,B_EMERGING_MATH,math-50,STORY,STORY,0,0.0,1,1
2,576,B_EMERGING_MATH,math-50,STORY,STORY,0,0.0,1,1
2,577,C_DUPLICATE_CONTROL,duplicate-arithmetic,ARITH_A,ARITHMETIC,0,0.0,1,1
2,578,C_DUPLICATE_CONTROL,duplicate-arithmetic,STORY,STORY,0,0.0,1,1
2,579,C_DUPLICATE_CONTROL,duplicate-arithmetic,ARITH_A,ARITHMETIC,0,0.0,1,1
2,580,C_DUPLICATE_CONTROL,duplicate-arithmetic,ARITH_A,ARITHMETIC,0,0.0,1,1
2,581,C_DUPLICATE_CONTROL,duplicate-arithmetic,ARITH_B,ARITHMETIC,0,0.0,1,1
2,582,C_DUPLICATE_CONTROL,duplicate-arithmetic,STORY,STORY,0,0.0,1,1
2,583,C_DUPLICATE_CONTROL,duplicate-arithmetic,STORY,STORY,0,0.0,1,1
2,584,C_DUPLICATE_CONTROL,duplicate-arithmetic,STORY,STORY,0,0.0,1,1
2,585,C_DUPLICATE_CONTROL,duplicate-arithmetic,ARITH_B,ARITHMETIC,0,0.0,1,1
2,586,C_DUPLICATE_CONTROL,duplicate-arithmetic,ARITH_A,ARITHMETIC,0,0.0,1,1
2,587,C_DUPLICATE_CONTROL,duplicate-arithmetic,STORY,STORY,0,0.0,1,1
2,588,C_DUPLICATE_CONTROL,duplicate-arithmetic,STORY,STORY,0,0.0,1,1
2,589,C_DUPLICATE_CONTROL,duplicate-arithmetic,ARITH_B,ARITHMETIC,0,0.0,1,1
2,590,C_DUPLICATE_CONTROL,duplicate-arithmetic,ARITH_B,ARITHMETIC,0,0.0,1,1
2,591,C_DUPLICATE_CONTROL,duplicate-arithmetic,STORY,STORY,0,0.0,1,1
2,592,C_DUPLICATE_CONTROL,duplicate-arithmetic,STORY,STORY,0,0.0,1,1
2,593,C_DUPLICATE_CONTROL,duplicate-arithmetic,ARITH_B,ARITHMETIC,0,0.0,1,1
2,594,C_DUPLICATE_CONTROL,duplicate-arithmetic,ARITH_A,ARITHMETIC,0,0.0,1,1
2,595,C_DUPLICATE_CONTROL,duplicate-arithmetic,ARITH_A,ARITHMETIC,0,0.0,1,1
2,596,C_DUPLICATE_CONTROL,duplicate-arithmetic,ARITH_B,ARITHMETIC,0,0.0,1,1
2,597,C_DUPLICATE_CONTROL,duplicate-arithmetic,ARITH_A,ARITHMETIC,0,0.0,1,1
2,598,C_DUPLICATE_CONTROL,duplicate-arithmetic,ARITH_A,ARITHMETIC,0,0.0,1,1
2,599,C_DUPLICATE_CONTROL,duplicate-arithmetic,STORY,STORY,0,0.0,1,1
2,600,C_DUPLICATE_CONTROL,duplicate-arithmetic,ARITH_A,ARITHMETIC,0,0.0,1,1
2,601,C_DUPLICATE_CONTROL,duplicate-arithmetic,ARITH_B,ARITHMETIC,0,0.0,1,1
2,602,C_DUPLICATE_CONTROL,duplicate-arithmetic,STORY,STORY,0,0.0,1,1
2,603,C_DUPLICATE_CONTROL,duplicate-arithmetic,STORY,STORY,0,0.0,1,1
2,604,C_DUPLICATE_CONTROL,duplicate-arithmetic,STORY,STORY,0,0.0,1,1
2,605,C_DUPLICATE_CONTROL,duplicate-arithmetic,ARITH_B,ARITHMETIC,0,0.0,1,1
2,606,C_DUPLICATE_CONTROL,duplicate-arithmetic,ARITH_B,ARITHMETIC,0,0.0,1,1
2,607,C_DUPLICATE_CONTROL,duplicate-arithmetic,ARITH_A,ARITHMETIC,0,0.0,1,1
2,608,C_DUPLICATE_CONTROL,duplicate-arithmetic,ARITH_A,ARITHMETIC,0,0.0,1,1
2,609,C_DUPLICATE_CONTROL,duplicate-arithmetic,STORY,STORY,0,0.0,1,1
2,610,C_DUPLICATE_CONTROL,duplicate-arithmetic,ARITH_B,ARITHMETIC,0,0.0,1,1
2,611,C_DUPLICATE_CONTROL,duplicate-arithmetic,ARITH_B,ARITHMETIC,0,0.0,1,1
2,612,C_DUPLICATE_CONTROL,duplicate-arithmetic,STORY,STORY,0,0.0,1,1
2,613,C_DUPLICATE_CONTROL,duplicate-arithmetic,STORY,STORY,0,0.0,1,1
2,614,C_DUPLICATE_CONTROL,duplicate-arithmetic,ARITH_B,ARITHMETIC,0,0.0,1,1
2,615,C_DUPLICATE_CONTROL,duplicate-arithmetic,ARITH_B,ARITHMETIC,0,0.0,1,1
2,616,C_DUPLICATE_CONTROL,duplicate-arithmetic,STORY,STORY,0,0.0,1,1
2,617,C_DUPLICATE_CONTROL,duplicate-arithmetic,STORY,STORY,0,0.0,1,1
2,618,C_DUPLICATE_CONTROL,duplicate-arithmetic,ARITH_A,ARITHMETIC,0,0.0,1,1
2,619,C_DUPLICATE_CONTROL,duplicate-arithmetic,STORY,STORY,0,0.0,1,1
2,620,C_DUPLICATE_CONTROL,duplicate-arithmetic,ARITH_B,ARITHMETIC,0,0.0,1,1
2,621,C_DUPLICATE_CONTROL,duplicate-arithmetic,STORY,STORY,0,0.0,1,1
2,622,C_DUPLICATE_CONTROL,duplicate-arithmetic,STORY,STORY,0,0.0,1,1
2,623,C_DUPLICATE_CONTROL,duplicate-arithmetic,ARITH_A,ARITHMETIC,0,0.0,1,1
2,624,C_DUPLICATE_CONTROL,duplicate-arithmetic,ARITH_A,ARITHMETIC,0,0.0,1,1
2,625,C_DUPLICATE_CONTROL,duplicate-arithmetic,STORY,STORY,0,0.0,1,1
2,626,C_DUPLICATE_CONTROL,duplicate-arithmetic,STORY,STORY,0,0.0,1,1
2,627,C_DUPLICATE_CONTROL,duplicate-arithmetic,ARITH_B,ARITHMETIC,0,0.0,1,1
2,628,C_DUPLICATE_CONTROL,duplicate-arithmetic,ARITH_A,ARITHMETIC,0,0.0,1,1
2,629,C_DUPLICATE_CONTROL,duplicate-arithmetic,ARITH_B,ARITHMETIC,0,0.0,1,1
2,630,C_DUPLICATE_CONTROL,duplicate-arithmetic,ARITH_B,ARITHMETIC,0,0.0,1,1
2,631,C_DUPLICATE_CONTROL,duplicate-arithmetic,STORY,STORY,0,0.0,1,1
2,632,C_DUPLICATE_CONTROL,duplicate-arithmetic,ARITH_B,ARITHMETIC,0,0.0,1,1
2,633,C_DUPLICATE_CONTROL,duplicate-arithmetic,STORY,STORY,0,0.0,1,1
2,634,C_DUPLICATE_CONTROL,duplicate-arithmetic,ARITH_B,ARITHMETIC,0,0.0,1,1
2,635,C_DUPLICATE_CONTROL,duplicate-arithmetic,ARITH_A,ARITHMETIC,0,0.0,1,1
2,636,C_DUPLICATE_CONTROL,duplicate-arithmetic,ARITH_A,ARITHMETIC,0,0.0,1,1
2,637,C_DUPLICATE_CONTROL,duplicate-arithmetic,ARITH_A,ARITHMETIC,0,0.0,1,1
2,638,C_DUPLICATE_CONTROL,duplicate-arithmetic,STORY,STORY,0,0.0,1,1
2,639,C_DUPLICATE_CONTROL,duplicate-arithmetic,ARITH_B,ARITHMETIC,0,0.0,1,1
2,640,C_DUPLICATE_CONTROL,duplicate-arithmetic,ARITH_A,ARITHMETIC,0,0.0,1,1
2,641,C_DUPLICATE_CONTROL,duplicate-arithmetic,ARITH_A,ARITHMETIC,0,0.0,1,1
2,642,C_DUPLICATE_CONTROL,duplicate-arithmetic,ARITH_A,ARITHMETIC,0,0.0,1,1
2,643,C_DUPLICATE_CONTROL,duplicate-arithmetic,STORY,STORY,0,0.0,1,1
2,644,C_DUPLICATE_CONTROL,duplicate-arithmetic,ARITH_B,ARITHMETIC,0,0.0,1,1
2,645,C_DUPLICATE_CONTROL,duplicate-arithmetic,STORY,STORY,0,0.0,1,1
2,646,C_DUPLICATE_CONTROL,duplicate-arithmetic,ARITH_A,ARITHMETIC,0,0.0,1,1
2,647,C_DUPLICATE_CONTROL,duplicate-arithmetic,STORY,STORY,0,0.0,1,1
2,648,C_DUPLICATE_CONTROL,duplicate-arithmetic,ARITH_A,ARITHMETIC,0,0.0,1,1
2,649,C_DUPLICATE_CONTROL,duplicate-arithmetic,ARITH_A,ARITHMETIC,0,0.0,1,1
2,650,C_DUPLICATE_CONTROL,duplicate-arithmetic,ARITH_A,ARITHMETIC,0,0.0,1,1
2,651,C_DUPLICATE_CONTROL,duplicate-arithmetic,ARITH_B,ARITHMETIC,0,0.0,1,1
2,652,C_DUPLICATE_CONTROL,duplicate-arithmetic,STORY,STORY,0,0.0,1,1
2,653,C_DUPLICATE_CONTROL,duplicate-arithmetic,ARITH_B,ARITHMETIC,0,0.0,1,1
2,654,C_DUPLICATE_CONTROL,duplicate-arithmetic,ARITH_B,ARITHMETIC,0,0.0,1,1
2,655,C_DUPLICATE_CONTROL,duplicate-arithmetic,ARITH_A,ARITHMETIC,0,0.0,1,1
2,656,C_DUPLICATE_CONTROL,duplicate-arithmetic,STORY,STORY,0,0.0,1,1
2,657,C_DUPLICATE_CONTROL,duplicate-arithmetic,ARITH_B,ARITHMETIC,0,0.0,1,1
2,658,C_DUPLICATE_CONTROL,duplicate-arithmetic,ARITH_B,ARITHMETIC,0,0.0,1,1
2,659,C_DUPLICATE_CONTROL,duplicate-arithmetic,ARITH_A,ARITHMETIC,0,0.0,1,1
2,660,C_DUPLICATE_CONTROL,duplicate-arithmetic,ARITH_A,ARITHMETIC,0,0.0,1,1
2,661,C_DUPLICATE_CONTROL,duplicate-arithmetic,ARITH_B,ARITHMETIC,0,0.0,1,1
2,662,C_DUPLICATE_CONTROL,duplicate-arithmetic,ARITH_A,ARITHMETIC,0,0.0,1,1
2,663,C_DUPLICATE_CONTROL,duplicate-arithmetic,ARITH_B,ARITHMETIC,0,0.0,1,1
2,664,C_DUPLICATE_CONTROL,duplicate-arithmetic,ARITH_A,ARITHMETIC,0,0.0,1,1
2,665,C_DUPLICATE_CONTROL,duplicate-arithmetic,STORY,STORY,0,0.0,1,1
2,666,C_DUPLICATE_CONTROL,duplicate-arithmetic,ARITH_A,ARITHMETIC,0,0.0,1,1
2,667,C_DUPLICATE_CONTROL,duplicate-arithmetic,ARITH_B,ARITHMETIC,0,0.0,1,1
2,668,C_DUPLICATE_CONTROL,duplicate-arithmetic,STORY,STORY,0,0.0,1,1
2,669,C_DUPLICATE_CONTROL,duplicate-arithmetic,STORY,STORY,0,0.0,1,1
2,670,C_DUPLICATE_CONTROL,duplicate-arithmetic,ARITH_A,ARITHMETIC,0,0.0,1,1
2,671,C_DUPLICATE_CONTROL,duplicate-arithmetic,ARITH_A,ARITHMETIC,0,0.0,1,1
2,672,C_DUPLICATE_CONTROL,duplicate-arithmetic,ARITH_B,ARITHMETIC,0,0.0,1,1
2,673,C_DUPLICATE_CONTROL,duplicate-arithmetic,ARITH_B,ARITHMETIC,0,0.0,1,1
2,674,C_DUPLICATE_CONTROL,duplicate-arithmetic,ARITH_A,ARITHMETIC,0,0.0,1,1
2,675,C_DUPLICATE_CONTROL,duplicate-arithmetic,ARITH_A,ARITHMETIC,0,0.0,1,1
2,676,C_DUPLICATE_CONTROL,duplicate-arithmetic,ARITH_B,ARITHMETIC,0,0.0,1,1
2,677,C_DUPLICATE_CONTROL,duplicate-arithmetic,ARITH_A,ARITHMETIC,0,0.0,1,1
2,678,C_DUPLICATE_CONTROL,duplicate-arithmetic,ARITH_A,ARITHMETIC,0,0.0,1,1
2,679,C_DUPLICATE_CONTROL,duplicate-arithmetic,STORY,STORY,0,0.0,1,1
2,680,C_DUPLICATE_CONTROL,duplicate-arithmetic,STORY,STORY,0,0.0,1,1
2,681,C_DUPLICATE_CONTROL,duplicate-arithmetic,STORY,STORY,0,0.0,1,1
2,682,C_DUPLICATE_CONTROL,duplicate-arithmetic,ARITH_A,ARITHMETIC,0,0.0,1,1
2,683,C_DUPLICATE_CONTROL,duplicate-arithmetic,ARITH_B,ARITHMETIC,0,0.0,1,1
2,684,C_DUPLICATE_CONTROL,duplicate-arithmetic,STORY,STORY,0,0.0,1,1
2,685,C_DUPLICATE_CONTROL,duplicate-arithmetic,ARITH_B,ARITHMETIC,0,0.0,1,1
2,686,C_DUPLICATE_CONTROL,duplicate-arithmetic,ARITH_B,ARITHMETIC,0,0.0,1,1
2,687,C_DUPLICATE_CONTROL,duplicate-arithmetic,ARITH_A,ARITHMETIC,0,0.0,1,1
2,688,C_DUPLICATE_CONTROL,duplicate-arithmetic,STORY,STORY,0,0.0,1,1
2,689,C_DUPLICATE_CONTROL,duplicate-arithmetic,ARITH_A,ARITHMETIC,0,0.0,1,1
2,690,C_DUPLICATE_CONTROL,duplicate-arithmetic,STORY,STORY,0,0.0,1,1
2,691,C_DUPLICATE_CONTROL,duplicate-arithmetic,ARITH_B,ARITHMETIC,0,0.0,1,1
2,692,C_DUPLICATE_CONTROL,duplicate-arithmetic,ARITH_A,ARITHMETIC,0,0.0,1,1
2,693,C_DUPLICATE_CONTROL,duplicate-arithmetic,STORY,STORY,0,0.0,1,1
2,694,C_DUPLICATE_CONTROL,duplicate-arithmetic,ARITH_A,ARITHMETIC,0,0.0,1,1
2,695,C_DUPLICATE_CONTROL,duplicate-arithmetic,STORY,STORY,0,0.0,1,1
2,696,C_DUPLICATE_CONTROL,duplicate-arithmetic,ARITH_B,ARITHMETIC,0,0.0,1,1
2,697,C_DUPLICATE_CONTROL,duplicate-arithmetic,ARITH_B,ARITHMETIC,0,0.0,1,1
2,698,C_DUPLICATE_CONTROL,duplicate-arithmetic,ARITH_B,ARITHMETIC,0,0.0,1,1
2,699,C_DUPLICATE_CONTROL,duplicate-arithmetic,ARITH_A,ARITHMETIC,0,0.0,1,1
2,700,C_DUPLICATE_CONTROL,duplicate-arithmetic,STORY,STORY,0,0.0,1,1
2,701,C_DUPLICATE_CONTROL,duplicate-arithmetic,STORY,STORY,0,0.0,1,1
2,702,C_DUPLICATE_CONTROL,duplicate-arithmetic,STORY,STORY,0,0.0,1,1
2,703,C_DUPLICATE_CONTROL,duplicate-arithmetic,STORY,STORY,0,0.0,1,1
2,704,C_DUPLICATE_CONTROL,duplicate-arithmetic,ARITH_A,ARITHMETIC,0,0.0,1,1
2,705,C_DUPLICATE_CONTROL,duplicate-arithmetic,ARITH_A,ARITHMETIC,0,0.0,1,1
2,706,C_DUPLICATE_CONTROL,duplicate-arithmetic,ARITH_A,ARITHMETIC,0,0.0,1,1
2,707,C_DUPLICATE_CONTROL,duplicate-arithmetic,ARITH_B,ARITHMETIC,0,0.0,1,1
2,708,C_DUPLICATE_CONTROL,duplicate-arithmetic,ARITH_B,ARITHMETIC,0,0.0,1,1
2,709,C_DUPLICATE_CONTROL,duplicate-arithmetic,STORY,STORY,0,0.0,1,1
2,710,C_DUPLICATE_CONTROL,duplicate-arithmetic,ARITH_A,ARITHMETIC,0,0.0,1,1
2,711,C_DUPLICATE_CONTROL,duplicate-arithmetic,ARITH_A,ARITHMETIC,0,0.0,1,1
2,712,C_DUPLICATE_CONTROL,duplicate-arithmetic,STORY,STORY,0,0.0,1,1
2,713,C_DUPLICATE_CONTROL,duplicate-arithmetic,ARITH_A,ARITHMETIC,0,0.0,1,1
2,714,C_DUPLICATE_CONTROL,duplicate-arithmetic,STORY,STORY,0,0.0,1,1
2,715,C_DUPLICATE_CONTROL,duplicate-arithmetic,ARITH_A,ARITHMETIC,0,0.0,1,1
2,716,C_DUPLICATE_CONTROL,duplicate-arithmetic,ARITH_B,ARITHMETIC,0,0.0,1,1
2,717,C_DUPLICATE_CONTROL,duplicate-arithmetic,ARITH_B,ARITHMETIC,0,0.0,1,1
2,718,C_DUPLICATE_CONTROL,duplicate-arithmetic,ARITH_A,ARITHMETIC,0,0.0,1,1
2,719,C_DUPLICATE_CONTROL,duplicate-arithmetic,ARITH_A,ARITHMETIC,0,0.0,1,1
2,720,C_DUPLICATE_CONTROL,duplicate-arithmetic,ARITH_A,ARITHMETIC,0,0.0,1,1
2,721,C_DUPLICATE_CONTROL,duplicate-arithmetic,ARITH_A,ARITHMETIC,0,0.0,1,1
2,722,C_DUPLICATE_CONTROL,duplicate-arithmetic,ARITH_B,ARITHMETIC,0,0.0,1,1
2,723,C_DUPLICATE_CONTROL,duplicate-arithmetic,STORY,STORY,0,0.0,1,1
2,724,C_DUPLICATE_CONTROL,duplicate-arithmetic,ARITH_A,ARITHMETIC,0,0.0,1,1
2,725,C_DUPLICATE_CONTROL,duplicate-arithmetic,ARITH_A,ARITHMETIC,0,0.0,1,1
2,726,C_DUPLICATE_CONTROL,duplicate-arithmetic,ARITH_B,ARITHMETIC,0,0.0,1,1
2,727,C_DUPLICATE_CONTROL,duplicate-arithmetic,ARITH_B,ARITHMETIC,0,0.0,1,1
2,728,C_DUPLICATE_CONTROL,duplicate-arithmetic,ARITH_B,ARITHMETIC,0,0.0,1,1
2,729,C_DUPLICATE_CONTROL,duplicate-arithmetic,STORY,STORY,0,0.0,1,1
2,730,C_DUPLICATE_CONTROL,duplicate-arithmetic,STORY,STORY,0,0.0,1,1
2,731,C_DUPLICATE_CONTROL,duplicate-arithmetic,STORY,STORY,0,0.0,1,1
2,732,C_DUPLICATE_CONTROL,duplicate-arithmetic,ARITH_A,ARITHMETIC,0,0.0,1,1
2,733,C_DUPLICATE_CONTROL,duplicate-arithmetic,ARITH_B,ARITHMETIC,0,0.0,1,1
2,734,C_DUPLICATE_CONTROL,duplicate-arithmetic,STORY,STORY,0,0.0,1,1
2,735,C_DUPLICATE_CONTROL,duplicate-arithmetic,ARITH_A,ARITHMETIC,0,0.0,1,1
2,736,C_DUPLICATE_CONTROL,duplicate-arithmetic,ARITH_B,ARITHMETIC,0,0.0,1,1
2,737,C_DUPLICATE_CONTROL,duplicate-arithmetic,ARITH_A,ARITHMETIC,0,0.0,1,1
2,738,C_DUPLICATE_CONTROL,duplicate-arithmetic,ARITH_B,ARITHMETIC,0,0.0,1,1
2,739,C_DUPLICATE_CONTROL,duplicate-arithmetic,STORY,STORY,0,0.0,1,1
2,740,C_DUPLICATE_CONTROL,duplicate-arithmetic,ARITH_B,ARITHMETIC,0,0.0,1,1
2,741,C_DUPLICATE_CONTROL,duplicate-arithmetic,ARITH_A,ARITHMETIC,0,0.0,1,1
2,742,C_DUPLICATE_CONTROL,duplicate-arithmetic,STORY,STORY,0,0.0,1,1
2,743,C_DUPLICATE_CONTROL,duplicate-arithmetic,STORY,STORY,0,0.0,1,1
2,744,C_DUPLICATE_CONTROL,duplicate-arithmetic,ARITH_A,ARITHMETIC,0,0.0,1,1
2,745,C_DUPLICATE_CONTROL,duplicate-arithmetic,ARITH_B,ARITHMETIC,0,0.0,1,1
2,746,C_DUPLICATE_CONTROL,duplicate-arithmetic,STORY,STORY,0,0.0,1,1
2,747,C_DUPLICATE_CONTROL,duplicate-arithmetic,STORY,STORY,0,0.0,1,1
2,748,C_DUPLICATE_CONTROL,duplicate-arithmetic,STORY,STORY,0,0.0,1,1
2,749,C_DUPLICATE_CONTROL,duplicate-arithmetic,ARITH_B,ARITHMETIC,0,0.0,1,1
2,750,C_DUPLICATE_CONTROL,duplicate-arithmetic,STORY,STORY,0,0.0,1,1
2,751,C_DUPLICATE_CONTROL,duplicate-arithmetic,STORY,STORY,0,0.0,1,1
2,752,C_DUPLICATE_CONTROL,duplicate-arithmetic,ARITH_A,ARITHMETIC,0,0.0,1,1
2,753,C_DUPLICATE_CONTROL,duplicate-arithmetic,ARITH_A,ARITHMETIC,0,0.0,1,1
2,754,C_DUPLICATE_CONTROL,duplicate-arithmetic,ARITH_B,ARITHMETIC,0,0.0,1,1
2,755,C_DUPLICATE_CONTROL,duplicate-arithmetic,ARITH_B,ARITHMETIC,0,0.0,1,1
2,756,C_DUPLICATE_CONTROL,duplicate-arithmetic,ARITH_B,ARITHMETIC,0,0.0,1,1
2,757,C_DUPLICATE_CONTROL,duplicate-arithmetic,ARITH_A,ARITHMETIC,0,0.0,1,1
2,758,C_DUPLICATE_CONTROL,duplicate-arithmetic,STORY,STORY,0,0.0,1,1
2,759,C_DUPLICATE_CONTROL,duplicate-arithmetic,STORY,STORY,0,0.0,1,1
2,760,C_DUPLICATE_CONTROL,duplicate-arithmetic,ARITH_B,ARITHMETIC,0,0.0,1,1
2,761,C_DUPLICATE_CONTROL,duplicate-arithmetic,ARITH_B,ARITHMETIC,0,0.0,1,1
2,762,C_DUPLICATE_CONTROL,duplicate-arithmetic,ARITH_B,ARITHMETIC,0,0.0,1,1
2,763,C_DUPLICATE_CONTROL,duplicate-arithmetic,ARITH_B,ARITHMETIC,0,0.0,1,1
2,764,C_DUPLICATE_CONTROL,duplicate-arithmetic,ARITH_B,ARITHMETIC,0,0.0,1,1
2,765,C_DUPLICATE_CONTROL,duplicate-arithmetic,ARITH_B,ARITHMETIC,0,0.0,1,1
2,766,C_DUPLICATE_CONTROL,duplicate-arithmetic,ARITH_B,ARITHMETIC,0,0.0,1,1
2,767,C_DUPLICATE_CONTROL,duplicate-arithmetic,STORY,STORY,0,0.0,1,1
2,768,C_DUPLICATE_CONTROL,duplicate-arithmetic,ARITH_B,ARITHMETIC,0,0.0,1,1
2,769,D_THIRD_MODE,three-way,ARITH_A,ARITHMETIC,0,0.0,1,1
2,770,D_THIRD_MODE,three-way,ARITH_A,ARITHMETIC,0,0.0,1,1
2,771,D_THIRD_MODE,three-way,TRANSFORM,TRANSFORM,0,0.0,1,1
2,772,D_THIRD_MODE,three-way,TRANSFORM,TRANSFORM,0,0.0,1,1
2,773,D_THIRD_MODE,three-way,STORY,STORY,0,0.0,1,1
2,774,D_THIRD_MODE,three-way,ARITH_A,ARITHMETIC,0,0.0,1,1
2,775,D_THIRD_MODE,three-way,STORY,STORY,0,0.0,1,1
2,776,D_THIRD_MODE,three-way,TRANSFORM,TRANSFORM,0,0.0,1,1
2,777,D_THIRD_MODE,three-way,STORY,STORY,0,0.0,1,1
2,778,D_THIRD_MODE,three-way,STORY,STORY,0,0.0,1,1
2,779,D_THIRD_MODE,three-way,ARITH_A,ARITHMETIC,0,0.0,1,1
2,780,D_THIRD_MODE,three-way,STORY,STORY,0,0.0,1,1
2,781,D_THIRD_MODE,three-way,STORY,STORY,0,0.0,1,1
2,782,D_THIRD_MODE,three-way,ARITH_A,ARITHMETIC,0,0.0,1,1
2,783,D_THIRD_MODE,three-way,STORY,STORY,0,0.0,1,1
2,784,D_THIRD_MODE,three-way,STORY,STORY,0,0.0,1,1
2,785,D_THIRD_MODE,three-way,TRANSFORM,TRANSFORM,0,0.0,1,1
2,786,D_THIRD_MODE,three-way,TRANSFORM,TRANSFORM,0,0.0,1,1
2,787,D_THIRD_MODE,three-way,STORY,STORY,0,0.0,1,1
2,788,D_THIRD_MODE,three-way,TRANSFORM,TRANSFORM,0,0.0,1,1
2,789,D_THIRD_MODE,three-way,STORY,STORY,0,0.0,1,1
2,790,D_THIRD_MODE,three-way,ARITH_A,ARITHMETIC,0,0.0,1,1
2,791,D_THIRD_MODE,three-way,STORY,STORY,0,0.0,1,1
2,792,D_THIRD_MODE,three-way,ARITH_A,ARITHMETIC,0,0.0,1,1
2,793,D_THIRD_MODE,three-way,STORY,STORY,0,0.0,1,1
2,794,D_THIRD_MODE,three-way,TRANSFORM,TRANSFORM,0,0.0,1,1
2,795,D_THIRD_MODE,three-way,ARITH_A,ARITHMETIC,0,0.0,1,1
2,796,D_THIRD_MODE,three-way,ARITH_A,ARITHMETIC,0,0.0,1,1
2,797,D_THIRD_MODE,three-way,STORY,STORY,0,0.0,1,1
2,798,D_THIRD_MODE,three-way,TRANSFORM,TRANSFORM,0,0.0,1,1
2,799,D_THIRD_MODE,three-way,TRANSFORM,TRANSFORM,0,0.0,1,1
2,800,D_THIRD_MODE,three-way,TRANSFORM,TRANSFORM,0,0.0,1,1
2,801,D_THIRD_MODE,three-way,TRANSFORM,TRANSFORM,0,0.0,1,1
2,802,D_THIRD_MODE,three-way,STORY,STORY,0,0.0,1,1
2,803,D_THIRD_MODE,three-way,TRANSFORM,TRANSFORM,0,0.0,1,1
2,804,D_THIRD_MODE,three-way,TRANSFORM,TRANSFORM,0,0.0,1,1
2,805,D_THIRD_MODE,three-way,STORY,STORY,0,0.0,1,1
2,806,D_THIRD_MODE,three-way,TRANSFORM,TRANSFORM,0,0.0,1,1
2,807,D_THIRD_MODE,three-way,STORY,STORY,0,0.0,1,1
2,808,D_THIRD_MODE,three-way,TRANSFORM,TRANSFORM,0,0.0,1,1
2,809,D_THIRD_MODE,three-way,TRANSFORM,TRANSFORM,0,0.0,1,1
2,810,D_THIRD_MODE,three-way,TRANSFORM,TRANSFORM,0,0.0,1,1
2,811,D_THIRD_MODE,three-way,STORY,STORY,0,0.0,1,1
2,812,D_THIRD_MODE,three-way,ARITH_A,ARITHMETIC,0,0.0,1,1
2,813,D_THIRD_MODE,three-way,TRANSFORM,TRANSFORM,0,0.0,1,1
2,814,D_THIRD_MODE,three-way,TRANSFORM,TRANSFORM,0,0.0,1,1
2,815,D_THIRD_MODE,three-way,STORY,STORY,0,0.0,1,1
2,816,D_THIRD_MODE,three-way,STORY,STORY,0,0.0,1,1
2,817,D_THIRD_MODE,three-way,ARITH_A,ARITHMETIC,0,0.0,1,1
2,818,D_THIRD_MODE,three-way,ARITH_A,ARITHMETIC,0,0.0,1,1
2,819,D_THIRD_MODE,three-way,ARITH_A,ARITHMETIC,0,0.0,1,1
2,820,D_THIRD_MODE,three-way,STORY,STORY,0,0.0,1,1
2,821,D_THIRD_MODE,three-way,TRANSFORM,TRANSFORM,0,0.0,1,1
2,822,D_THIRD_MODE,three-way,TRANSFORM,TRANSFORM,0,0.0,1,1
2,823,D_THIRD_MODE,three-way,TRANSFORM,TRANSFORM,0,0.0,1,1
2,824,D_THIRD_MODE,three-way,STORY,STORY,0,0.0,1,1
2,825,D_THIRD_MODE,three-way,TRANSFORM,TRANSFORM,0,0.0,1,1
2,826,D_THIRD_MODE,three-way,STORY,STORY,0,0.0,1,1
2,827,D_THIRD_MODE,three-way,TRANSFORM,TRANSFORM,0,0.0,1,1
2,828,D_THIRD_MODE,three-way,STORY,STORY,0,0.0,1,1
2,829,D_THIRD_MODE,three-way,TRANSFORM,TRANSFORM,0,0.0,1,1
2,830,D_THIRD_MODE,three-way,TRANSFORM,TRANSFORM,0,0.0,1,1
2,831,D_THIRD_MODE,three-way,ARITH_A,ARITHMETIC,0,0.0,1,1
2,832,D_THIRD_MODE,three-way,TRANSFORM,TRANSFORM,0,0.0,1,1
2,833,D_THIRD_MODE,three-way,STORY,STORY,0,0.0,1,1
2,834,D_THIRD_MODE,three-way,TRANSFORM,TRANSFORM,0,0.0,1,1
2,835,D_THIRD_MODE,three-way,STORY,STORY,0,0.0,1,1
2,836,D_THIRD_MODE,three-way,TRANSFORM,TRANSFORM,0,0.0,1,1
2,837,D_THIRD_MODE,three-way,TRANSFORM,TRANSFORM,0,0.0,1,1
2,838,D_THIRD_MODE,three-way,ARITH_A,ARITHMETIC,0,0.0,1,1
2,839,D_THIRD_MODE,three-way,TRANSFORM,TRANSFORM,0,0.0,1,1
2,840,D_THIRD_MODE,three-way,STORY,STORY,0,0.0,1,1
2,841,D_THIRD_MODE,three-way,TRANSFORM,TRANSFORM,0,0.0,1,1
2,842,D_THIRD_MODE,three-way,TRANSFORM,TRANSFORM,0,0.0,1,1
2,843,D_THIRD_MODE,three-way,ARITH_A,ARITHMETIC,0,0.0,1,1
2,844,D_THIRD_MODE,three-way,ARITH_A,ARITHMETIC,0,0.0,1,1
2,845,D_THIRD_MODE,three-way,ARITH_A,ARITHMETIC,0,0.0,1,1
2,846,D_THIRD_MODE,three-way,ARITH_A,ARITHMETIC,0,0.0,1,1
2,847,D_THIRD_MODE,three-way,ARITH_A,ARITHMETIC,0,0.0,1,1
2,848,D_THIRD_MODE,three-way,ARITH_A,ARITHMETIC,0,0.0,1,1
2,849,D_THIRD_MODE,three-way,STORY,STORY,0,0.0,1,1
2,850,D_THIRD_MODE,three-way,STORY,STORY,0,0.0,1,1
2,851,D_THIRD_MODE,three-way,ARITH_A,ARITHMETIC,0,0.0,1,1
2,852,D_THIRD_MODE,three-way,ARITH_A,ARITHMETIC,0,0.0,1,1
2,853,D_THIRD_MODE,three-way,TRANSFORM,TRANSFORM,0,0.0,1,1
2,854,D_THIRD_MODE,three-way,STORY,STORY,0,0.0,1,1
2,855,D_THIRD_MODE,three-way,ARITH_A,ARITHMETIC,0,0.0,1,1
2,856,D_THIRD_MODE,three-way,TRANSFORM,TRANSFORM,0,0.0,1,1
2,857,D_THIRD_MODE,three-way,STORY,STORY,0,0.0,1,1
2,858,D_THIRD_MODE,three-way,STORY,STORY,0,0.0,1,1
2,859,D_THIRD_MODE,three-way,STORY,STORY,0,0.0,1,1
2,860,D_THIRD_MODE,three-way,TRANSFORM,TRANSFORM,0,0.0,1,1
2,861,D_THIRD_MODE,three-way,ARITH_A,ARITHMETIC,0,0.0,1,1
2,862,D_THIRD_MODE,three-way,TRANSFORM,TRANSFORM,0,0.0,1,1
2,863,D_THIRD_MODE,three-way,STORY,STORY,0,0.0,1,1
2,864,D_THIRD_MODE,three-way,ARITH_A,ARITHMETIC,0,0.0,1,1
2,865,D_THIRD_MODE,three-way,STORY,STORY,0,0.0,1,1
2,866,D_THIRD_MODE,three-way,ARITH_A,ARITHMETIC,0,0.0,1,1
2,867,D_THIRD_MODE,three-way,ARITH_A,ARITHMETIC,0,0.0,1,1
2,868,D_THIRD_MODE,three-way,ARITH_A,ARITHMETIC,0,0.0,1,1
2,869,D_THIRD_MODE,three-way,STORY,STORY,0,0.0,1,1
2,870,D_THIRD_MODE,three-way,ARITH_A,ARITHMETIC,0,0.0,1,1
2,871,D_THIRD_MODE,three-way,STORY,STORY,0,0.0,1,1
2,872,D_THIRD_MODE,three-way,STORY,STORY,0,0.0,1,1
2,873,D_THIRD_MODE,three-way,TRANSFORM,TRANSFORM,0,0.0,1,1
2,874,D_THIRD_MODE,three-way,TRANSFORM,TRANSFORM,0,0.0,1,1
2,875,D_THIRD_MODE,three-way,TRANSFORM,TRANSFORM,0,0.0,1,1
2,876,D_THIRD_MODE,three-way,TRANSFORM,TRANSFORM,0,0.0,1,1
2,877,D_THIRD_MODE,three-way,STORY,STORY,0,0.0,1,1
2,878,D_THIRD_MODE,three-way,STORY,STORY,0,0.0,1,1
2,879,D_THIRD_MODE,three-way,STORY,STORY,0,0.0,1,1
2,880,D_THIRD_MODE,three-way,ARITH_A,ARITHMETIC,0,0.0,1,1
2,881,D_THIRD_MODE,three-way,ARITH_A,ARITHMETIC,0,0.0,1,1
2,882,D_THIRD_MODE,three-way,TRANSFORM,TRANSFORM,0,0.0,1,1
2,883,D_THIRD_MODE,three-way,TRANSFORM,TRANSFORM,0,0.0,1,1
2,884,D_THIRD_MODE,three-way,TRANSFORM,TRANSFORM,0,0.0,1,1
2,885,D_THIRD_MODE,three-way,STORY,STORY,0,0.0,1,1
2,886,D_THIRD_MODE,three-way,ARITH_A,ARITHMETIC,0,0.0,1,1
2,887,D_THIRD_MODE,three-way,TRANSFORM,TRANSFORM,0,0.0,1,1
2,888,D_THIRD_MODE,three-way,STORY,STORY,0,0.0,1,1
2,889,D_THIRD_MODE,three-way,TRANSFORM,TRANSFORM,0,0.0,1,1
2,890,D_THIRD_MODE,three-way,ARITH_A,ARITHMETIC,0,0.0,1,1
2,891,D_THIRD_MODE,three-way,STORY,STORY,0,0.0,1,1
2,892,D_THIRD_MODE,three-way,ARITH_A,ARITHMETIC,0,0.0,1,1
2,893,D_THIRD_MODE,three-way,ARITH_A,ARITHMETIC,0,0.0,1,1
2,894,D_THIRD_MODE,three-way,ARITH_A,ARITHMETIC,0,0.0,1,1
2,895,D_THIRD_MODE,three-way,TRANSFORM,TRANSFORM,0,0.0,1,1
2,896,D_THIRD_MODE,three-way,STORY,STORY,0,0.0,1,1
2,897,D_THIRD_MODE,three-way,STORY,STORY,0,0.0,1,1
2,898,D_THIRD_MODE,three-way,ARITH_A,ARITHMETIC,0,0.0,1,1
2,899,D_THIRD_MODE,three-way,ARITH_A,ARITHMETIC,0,0.0,1,1
2,900,D_THIRD_MODE,three-way,TRANSFORM,TRANSFORM,0,0.0,1,1
2,901,D_THIRD_MODE,three-way,TRANSFORM,TRANSFORM,0,0.0,1,1
2,902,D_THIRD_MODE,three-way,ARITH_A,ARITHMETIC,0,0.0,1,1
2,903,D_THIRD_MODE,three-way,TRANSFORM,TRANSFORM,0,0.0,1,1
2,904,D_THIRD_MODE,three-way,TRANSFORM,TRANSFORM,0,0.0,1,1
2,905,D_THIRD_MODE,three-way,TRANSFORM,TRANSFORM,0,0.0,1,1
2,906,D_THIRD_MODE,three-way,ARITH_A,ARITHMETIC,0,0.0,1,1
2,907,D_THIRD_MODE,three-way,TRANSFORM,TRANSFORM,0,0.0,1,1
2,908,D_THIRD_MODE,three-way,TRANSFORM,TRANSFORM,0,0.0,1,1
2,909,D_THIRD_MODE,three-way,ARITH_A,ARITHMETIC,0,0.0,1,1
2,910,D_THIRD_MODE,three-way,STORY,STORY,0,0.0,1,1
2,911,D_THIRD_MODE,three-way,STORY,STORY,0,0.0,1,1
2,912,D_THIRD_MODE,three-way,STORY,STORY,0,0.0,1,1
2,913,D_THIRD_MODE,three-way,STORY,STORY,0,0.0,1,1
2,914,D_THIRD_MODE,three-way,TRANSFORM,TRANSFORM,0,0.0,1,1
2,915,D_THIRD_MODE,three-way,STORY,STORY,0,0.0,1,1
2,916,D_THIRD_MODE,three-way,ARITH_A,ARITHMETIC,0,0.0,1,1
2,917,D_THIRD_MODE,three-way,ARITH_A,ARITHMETIC,0,0.0,1,1
2,918,D_THIRD_MODE,three-way,STORY,STORY,0,0.0,1,1
2,919,D_THIRD_MODE,three-way,STORY,STORY,0,0.0,1,1
2,920,D_THIRD_MODE,three-way,STORY,STORY,0,0.0,1,1
2,921,D_THIRD_MODE,three-way,TRANSFORM,TRANSFORM,0,0.0,1,1
2,922,D_THIRD_MODE,three-way,ARITH_A,ARITHMETIC,0,0.0,1,1
2,923,D_THIRD_MODE,three-way,STORY,STORY,0,0.0,1,1
2,924,D_THIRD_MODE,three-way,STORY,STORY,0,0.0,1,1
2,925,D_THIRD_MODE,three-way,STORY,STORY,0,0.0,1,1
2,926,D_THIRD_MODE,three-way,STORY,STORY,0,0.0,1,1
2,927,D_THIRD_MODE,three-way,STORY,STORY,0,0.0,1,1
2,928,D_THIRD_MODE,three-way,STORY,STORY,0,0.0,1,1
2,929,D_THIRD_MODE,three-way,ARITH_A,ARITHMETIC,0,0.0,1,1
2,930,D_THIRD_MODE,three-way,ARITH_A,ARITHMETIC,0,0.0,1,1
2,931,D_THIRD_MODE,three-way,TRANSFORM,TRANSFORM,0,0.0,1,1
2,932,D_THIRD_MODE,three-way,STORY,STORY,0,0.0,1,1
2,933,D_THIRD_MODE,three-way,STORY,STORY,0,0.0,1,1
2,934,D_THIRD_MODE,three-way,STORY,STORY,0,0.0,1,1
2,935,D_THIRD_MODE,three-way,STORY,STORY,0,0.0,1,1
2,936,D_THIRD_MODE,three-way,TRANSFORM,TRANSFORM,0,0.0,1,1
2,937,D_THIRD_MODE,three-way,ARITH_A,ARITHMETIC,0,0.0,1,1
2,938,D_THIRD_MODE,three-way,ARITH_A,ARITHMETIC,0,0.0,1,1
2,939,D_THIRD_MODE,three-way,STORY,STORY,0,0.0,1,1
2,940,D_THIRD_MODE,three-way,STORY,STORY,0,0.0,1,1
2,941,D_THIRD_MODE,three-way,TRANSFORM,TRANSFORM,0,0.0,1,1
2,942,D_THIRD_MODE,three-way,TRANSFORM,TRANSFORM,0,0.0,1,1
2,943,D_THIRD_MODE,three-way,STORY,STORY,0,0.0,1,1
2,944,D_THIRD_MODE,three-way,ARITH_A,ARITHMETIC,0,0.0,1,1
2,945,D_THIRD_MODE,three-way,STORY,STORY,0,0.0,1,1
2,946,D_THIRD_MODE,three-way,ARITH_A,ARITHMETIC,0,0.0,1,1
2,947,D_THIRD_MODE,three-way,TRANSFORM,TRANSFORM,0,0.0,1,1
2,948,D_THIRD_MODE,three-way,STORY,STORY,0,0.0,1,1
2,949,D_THIRD_MODE,three-way,STORY,STORY,0,0.0,1,1
2,950,D_THIRD_MODE,three-way,TRANSFORM,TRANSFORM,0,0.0,1,1
2,951,D_THIRD_MODE,three-way,TRANSFORM,TRANSFORM,0,0.0,1,1
2,952,D_THIRD_MODE,three-way,STORY,STORY,0,0.0,1,1
2,953,D_THIRD_MODE,three-way,ARITH_A,ARITHMETIC,0,0.0,1,1
2,954,D_THIRD_MODE,three-way,ARITH_A,ARITHMETIC,0,0.0,1,1
2,955,D_THIRD_MODE,three-way,STORY,STORY,0,0.0,1,1
2,956,D_THIRD_MODE,three-way,ARITH_A,ARITHMETIC,0,0.0,1,1
2,957,D_THIRD_MODE,three-way,TRANSFORM,TRANSFORM,0,0.0,1,1
2,958,D_THIRD_MODE,three-way,ARITH_A,ARITHMETIC,0,0.0,1,1
2,959,D_THIRD_MODE,three-way,TRANSFORM,TRANSFORM,0,0.0,1,1
2,960,D_THIRD_MODE,three-way,STORY,STORY,0,0.0,1,1
2,961,D_THIRD_MODE,three-way,ARITH_A,ARITHMETIC,0,0.0,1,1
2,962,D_THIRD_MODE,three-way,TRANSFORM,TRANSFORM,0,0.0,1,1
2,963,D_THIRD_MODE,three-way,ARITH_A,ARITHMETIC,0,0.0,1,1
2,964,D_THIRD_MODE,three-way,ARITH_A,ARITHMETIC,0,0.0,1,1
2,965,D_THIRD_MODE,three-way,ARITH_A,ARITHMETIC,0,0.0,1,1
2,966,D_THIRD_MODE,three-way,TRANSFORM,TRANSFORM,0,0.0,1,1
2,967,D_THIRD_MODE,three-way,ARITH_A,ARITHMETIC,0,0.0,1,1
2,968,D_THIRD_MODE,three-way,STORY,STORY,0,0.0,1,1
2,969,D_THIRD_MODE,three-way,STORY,STORY,0,0.0,1,1
2,970,D_THIRD_MODE,three-way,ARITH_A,ARITHMETIC,0,0.0,1,1
2,971,D_THIRD_MODE,three-way,STORY,STORY,0,0.0,1,1
2,972,D_THIRD_MODE,three-way,TRANSFORM,TRANSFORM,0,0.0,1,1
2,973,D_THIRD_MODE,three-way,TRANSFORM,TRANSFORM,0,0.0,1,1
2,974,D_THIRD_MODE,three-way,STORY,STORY,0,0.0,1,1
2,975,D_THIRD_MODE,three-way,ARITH_A,ARITHMETIC,0,0.0,1,1
2,976,D_THIRD_MODE,three-way,ARITH_A,ARITHMETIC,0,0.0,1,1
2,977,D_THIRD_MODE,three-way,TRANSFORM,TRANSFORM,0,0.0,1,1
2,978,D_THIRD_MODE,three-way,STORY,STORY,0,0.0,1,1
2,979,D_THIRD_MODE,three-way,TRANSFORM,TRANSFORM,0,0.0,1,1
2,980,D_THIRD_MODE,three-way,TRANSFORM,TRANSFORM,0,0.0,1,1
2,981,D_THIRD_MODE,three-way,ARITH_A,ARITHMETIC,0,0.0,1,1
2,982,D_THIRD_MODE,three-way,STORY,STORY,0,0.0,1,1
2,983,D_THIRD_MODE,three-way,TRANSFORM,TRANSFORM,0,0.0,1,1
2,984,D_THIRD_MODE,three-way,TRANSFORM,TRANSFORM,0,0.0,1,1
2,985,D_THIRD_MODE,three-way,ARITH_A,ARITHMETIC,0,0.0,1,1
2,986,D_THIRD_MODE,three-way,ARITH_A,ARITHMETIC,0,0.0,1,1
2,987,D_THIRD_MODE,three-way,STORY,STORY,0,0.0,1,1
2,988,D_THIRD_MODE,three-way,TRANSFORM,TRANSFORM,0,0.0,1,1
2,989,D_THIRD_MODE,three-way,ARITH_A,ARITHMETIC,0,0.0,1,1
2,990,D_THIRD_MODE,three-way,TRANSFORM,TRANSFORM,0,0.0,1,1
2,991,D_THIRD_MODE,three-way,TRANSFORM,TRANSFORM,0,0.0,1,1
2,992,D_THIRD_MODE,three-way,ARITH_A,ARITHMETIC,0,0.0,1,1
2,993,D_THIRD_MODE,three-way,ARITH_A,ARITHMETIC,0,0.0,1,1
2,994,D_THIRD_MODE,three-way,TRANSFORM,TRANSFORM,0,0.0,1,1
2,995,D_THIRD_MODE,three-way,ARITH_A,ARITHMETIC,0,0.0,1,1
2,996,D_THIRD_MODE,three-way,TRANSFORM,TRANSFORM,0,0.0,1,1
2,997,D_THIRD_MODE,three-way,ARITH_A,ARITHMETIC,0,0.0,1,1
2,998,D_THIRD_MODE,three-way,ARITH_A,ARITHMETIC,0,0.0,1,1
2,999,D_THIRD_MODE,three-way,ARITH_A,ARITHMETIC,0,0.0,1,1
2,1000,D_THIRD_MODE,three-way,ARITH_A,ARITHMETIC,0,0.0,1,1
2,1001,D_THIRD_MODE,three-way,TRANSFORM,TRANSFORM,0,0.0,1,1
2,1002,D_THIRD_MODE,three-way,TRANSFORM,TRANSFORM,0,0.0,1,1
2,1003,D_THIRD_MODE,three-way,STORY,STORY,0,0.0,1,1
2,1004,D_THIRD_MODE,three-way,TRANSFORM,TRANSFORM,0,0.0,1,1
2,1005,D_THIRD_MODE,three-way,STORY,STORY,0,0.0,1,1
2,1006,D_THIRD_MODE,three-way,STORY,STORY,0,0.0,1,1
2,1007,D_THIRD_MODE,three-way,ARITH_A,ARITHMETIC,0,0.0,1,1
2,1008,D_THIRD_MODE,three-way,STORY,STORY,0,0.0,1,1
2,1009,D_THIRD_MODE,three-way,TRANSFORM,TRANSFORM,0,0.0,1,1
2,1010,D_THIRD_MODE,three-way,STORY,STORY,0,0.0,1,1
2,1011,D_THIRD_MODE,three-way,TRANSFORM,TRANSFORM,0,0.0,1,1
2,1012,D_THIRD_MODE,three-way,ARITH_A,ARITHMETIC,0,0.0,1,1
2,1013,D_THIRD_MODE,three-way,TRANSFORM,TRANSFORM,0,0.0,1,1
2,1014,D_THIRD_MODE,three-way,ARITH_A,ARITHMETIC,0,0.0,1,1
2,1015,D_THIRD_MODE,three-way,TRANSFORM,TRANSFORM,0,0.0,1,1
2,1016,D_THIRD_MODE,three-way,ARITH_A,ARITHMETIC,0,0.0,1,1
2,1017,D_THIRD_MODE,three-way,ARITH_A,ARITHMETIC,0,0.0,1,1
2,1018,D_THIRD_MODE,three-way,TRANSFORM,TRANSFORM,0,0.0,1,1
2,1019,D_THIRD_MODE,three-way,ARITH_A,ARITHMETIC,0,0.0,1,1
2,1020,D_THIRD_MODE,three-way,STORY,STORY,0,0.0,1,1
2,1021,D_THIRD_MODE,three-way,ARITH_A,ARITHMETIC,0,0.0,1,1
2,1022,D_THIRD_MODE,three-way,STORY,STORY,0,0.0,1,1
2,1023,D_THIRD_MODE,three-way,TRANSFORM,TRANSFORM,0,0.0,1,1
2,1024,D_THIRD_MODE,three-way,ARITH_A,ARITHMETIC,0,0.0,1,1
2,1025,D_THIRD_MODE,three-way,ARITH_A,ARITHMETIC,0,0.0,1,1
2,1026,D_THIRD_MODE,three-way,ARITH_A,ARITHMETIC,0,0.0,1,1
2,1027,D_THIRD_MODE,three-way,STORY,STORY,0,0.0,1,1
2,1028,D_THIRD_MODE,three-way,TRANSFORM,TRANSFORM,0,0.0,1,1
2,1029,D_THIRD_MODE,three-way,TRANSFORM,TRANSFORM,0,0.0,1,1
2,1030,D_THIRD_MODE,three-way,ARITH_A,ARITHMETIC,0,0.0,1,1
2,1031,D_THIRD_MODE,three-way,ARITH_A,ARITHMETIC,0,0.0,1,1
2,1032,D_THIRD_MODE,three-way,ARITH_A,ARITHMETIC,0,0.0,1,1
2,1033,D_THIRD_MODE,three-way,TRANSFORM,TRANSFORM,0,0.0,1,1
2,1034,D_THIRD_MODE,three-way,STORY,STORY,0,0.0,1,1
2,1035,D_THIRD_MODE,three-way,TRANSFORM,TRANSFORM,0,0.0,1,1
2,1036,D_THIRD_MODE,three-way,ARITH_A,ARITHMETIC,0,0.0,1,1
2,1037,D_THIRD_MODE,three-way,TRANSFORM,TRANSFORM,0,0.0,1,1
2,1038,D_THIRD_MODE,three-way,STORY,STORY,0,0.0,1,1
2,1039,D_THIRD_MODE,three-way,STORY,STORY,0,0.0,1,1
2,1040,D_THIRD_MODE,three-way,STORY,STORY,0,0.0,1,1
2,1041,D_THIRD_MODE,three-way,TRANSFORM,TRANSFORM,0,0.0,1,1
2,1042,D_THIRD_MODE,three-way,ARITH_A,ARITHMETIC,0,0.0,1,1
2,1043,D_THIRD_MODE,three-way,STORY,STORY,0,0.0,1,1
2,1044,D_THIRD_MODE,three-way,STORY,STORY,0,0.0,1,1
2,1045,D_THIRD_MODE,three-way,TRANSFORM,TRANSFORM,0,0.0,1,1
2,1046,D_THIRD_MODE,three-way,STORY,STORY,0,0.0,1,1
2,1047,D_THIRD_MODE,three-way,STORY,STORY,0,0.0,1,1
2,1048,D_THIRD_MODE,three-way,ARITH_A,ARITHMETIC,0,0.0,1,1
2,1049,D_THIRD_MODE,three-way,ARITH_A,ARITHMETIC,0,0.0,1,1
2,1050,D_THIRD_MODE,three-way,TRANSFORM,TRANSFORM,0,0.0,1,1
2,1051,D_THIRD_MODE,three-way,STORY,STORY,0,0.0,1,1
2,1052,D_THIRD_MODE,three-way,TRANSFORM,TRANSFORM,0,0.0,1,1
2,1053,D_THIRD_MODE,three-way,ARITH_A,ARITHMETIC,0,0.0,1,1
2,1054,D_THIRD_MODE,three-way,ARITH_A,ARITHMETIC,0,0.0,1,1
2,1055,D_THIRD_MODE,three-way,ARITH_A,ARITHMETIC,0,0.0,1,1
2,1056,D_THIRD_MODE,three-way,TRANSFORM,TRANSFORM,0,0.0,1,1
2,1057,D_THIRD_MODE,three-way,ARITH_A,ARITHMETIC,0,0.0,1,1
2,1058,D_THIRD_MODE,three-way,STORY,STORY,0,0.0,1,1
2,1059,D_THIRD_MODE,three-way,TRANSFORM,TRANSFORM,0,0.0,1,1
2,1060,D_THIRD_MODE,three-way,ARITH_A,ARITHMETIC,0,0.0,1,1
2,1061,D_THIRD_MODE,three-way,ARITH_A,ARITHMETIC,0,0.0,1,1
2,1062,D_THIRD_MODE,three-way,ARITH_A,ARITHMETIC,0,0.0,1,1
2,1063,D_THIRD_MODE,three-way,STORY,STORY,0,0.0,1,1
2,1064,D_THIRD_MODE,three-way,TRANSFORM,TRANSFORM,0,0.0,1,1
2,1065,D_THIRD_MODE,three-way,TRANSFORM,TRANSFORM,0,0.0,1,1
2,1066,D_THIRD_MODE,three-way,TRANSFORM,TRANSFORM,0,0.0,1,1
2,1067,D_THIRD_MODE,three-way,STORY,STORY,0,0.0,1,1
2,1068,D_THIRD_MODE,three-way,ARITH_A,ARITHMETIC,0,0.0,1,1
2,1069,D_THIRD_MODE,three-way,ARITH_A,ARITHMETIC,0,0.0,1,1
2,1070,D_THIRD_MODE,three-way,TRANSFORM,TRANSFORM,0,0.0,1,1
2,1071,D_THIRD_MODE,three-way,ARITH_A,ARITHMETIC,0,0.0,1,1
2,1072,D_THIRD_MODE,three-way,STORY,STORY,0,0.0,1,1
2,1073,D_THIRD_MODE,three-way,ARITH_A,ARITHMETIC,0,0.0,1,1
2,1074,D_THIRD_MODE,three-way,TRANSFORM,TRANSFORM,0,0.0,1,1
2,1075,D_THIRD_MODE,three-way,STORY,STORY,0,0.0,1,1
2,1076,D_THIRD_MODE,three-way,STORY,STORY,0,0.0,1,1
2,1077,D_THIRD_MODE,three-way,ARITH_A,ARITHMETIC,0,0.0,1,1
2,1078,D_THIRD_MODE,three-way,TRANSFORM,TRANSFORM,0,0.0,1,1
2,1079,D_THIRD_MODE,three-way,TRANSFORM,TRANSFORM,0,0.0,1,1
2,1080,D_THIRD_MODE,three-way,STORY,STORY,0,0.0,1,1
2,1081,D_THIRD_MODE,three-way,ARITH_A,ARITHMETIC,0,0.0,1,1
2,1082,D_THIRD_MODE,three-way,TRANSFORM,TRANSFORM,0,0.0,1,1
2,1083,D_THIRD_MODE,three-way,TRANSFORM,TRANSFORM,0,0.0,1,1
2,1084,D_THIRD_MODE,three-way,ARITH_A,ARITHMETIC,0,0.0,1,1
2,1085,D_THIRD_MODE,three-way,TRANSFORM,TRANSFORM,0,0.0,1,1
2,1086,D_THIRD_MODE,three-way,ARITH_A,ARITHMETIC,0,0.0,1,1
2,1087,D_THIRD_MODE,three-way,STORY,STORY,0,0.0,1,1
2,1088,D_THIRD_MODE,three-way,STORY,STORY,0,0.0,1,1
2,1089,D_THIRD_MODE,three-way,ARITH_A,ARITHMETIC,0,0.0,1,1
2,1090,D_THIRD_MODE,three-way,STORY,STORY,0,0.0,1,1
2,1091,D_THIRD_MODE,three-way,ARITH_A,ARITHMETIC,0,0.0,1,1
2,1092,D_THIRD_MODE,three-way,TRANSFORM,TRANSFORM,0,0.0,1,1
2,1093,D_THIRD_MODE,three-way,ARITH_A,ARITHMETIC,0,0.0,1,1
2,1094,D_THIRD_MODE,three-way,TRANSFORM,TRANSFORM,0,0.0,1,1
2,1095,D_THIRD_MODE,three-way,TRANSFORM,TRANSFORM,0,0.0,1,1
2,1096,D_THIRD_MODE,three-way,TRANSFORM,TRANSFORM,0,0.0,1,1
2,1097,D_THIRD_MODE,three-way,TRANSFORM,TRANSFORM,0,0.0,1,1
2,1098,D_THIRD_MODE,three-way,STORY,STORY,0,0.0,1,1
2,1099,D_THIRD_MODE,three-way,STORY,STORY,0,0.0,1,1
2,1100,D_THIRD_MODE,three-way,ARITH_A,ARITHMETIC,0,0.0,1,1
2,1101,D_THIRD_MODE,three-way,ARITH_A,ARITHMETIC,0,0.0,1,1
2,1102,D_THIRD_MODE,three-way,STORY,STORY,0,0.0,1,1
2,1103,D_THIRD_MODE,three-way,TRANSFORM,TRANSFORM,0,0.0,1,1
2,1104,D_THIRD_MODE,three-way,ARITH_A,ARITHMETIC,0,0.0,1,1
2,1105,D_THIRD_MODE,three-way,ARITH_A,ARITHMETIC,0,0.0,1,1
2,1106,D_THIRD_MODE,three-way,ARITH_A,ARITHMETIC,0,0.0,1,1
2,1107,D_THIRD_MODE,three-way,TRANSFORM,TRANSFORM,0,0.0,1,1
2,1108,D_THIRD_MODE,three-way,STORY,STORY,0,0.0,1,1
2,1109,D_THIRD_MODE,three-way,ARITH_A,ARITHMETIC,0,0.0,1,1
2,1110,D_THIRD_MODE,three-way,ARITH_A,ARITHMETIC,0,0.0,1,1
2,1111,D_THIRD_MODE,three-way,TRANSFORM,TRANSFORM,0,0.0,1,1
2,1112,D_THIRD_MODE,three-way,TRANSFORM,TRANSFORM,0,0.0,1,1
2,1113,D_THIRD_MODE,three-way,STORY,STORY,0,0.0,1,1
2,1114,D_THIRD_MODE,three-way,STORY,STORY,0,0.0,1,1
2,1115,D_THIRD_MODE,three-way,TRANSFORM,TRANSFORM,0,0.0,1,1
2,1116,D_THIRD_MODE,three-way,STORY,STORY,0,0.0,1,1
2,1117,D_THIRD_MODE,three-way,TRANSFORM,TRANSFORM,0,0.0,1,1
2,1118,D_THIRD_MODE,three-way,ARITH_A,ARITHMETIC,0,0.0,1,1
2,1119,D_THIRD_MODE,three-way,STORY,STORY,0,0.0,1,1
2,1120,D_THIRD_MODE,three-way,TRANSFORM,TRANSFORM,0,0.0,1,1
2,1121,D_THIRD_MODE,three-way,ARITH_A,ARITHMETIC,0,0.0,1,1
2,1122,D_THIRD_MODE,three-way,TRANSFORM,TRANSFORM,0,0.0,1,1
2,1123,D_THIRD_MODE,three-way,ARITH_A,ARITHMETIC,0,0.0,1,1
2,1124,D_THIRD_MODE,three-way,STORY,STORY,0,0.0,1,1
2,1125,D_THIRD_MODE,three-way,ARITH_A,ARITHMETIC,0,0.0,1,1
2,1126,D_THIRD_MODE,three-way,ARITH_A,ARITHMETIC,0,0.0,1,1
2,1127,D_THIRD_MODE,three-way,ARITH_A,ARITHMETIC,0,0.0,1,1
2,1128,D_THIRD_MODE,three-way,STORY,STORY,0,0.0,1,1
2,1129,D_THIRD_MODE,three-way,STORY,STORY,0,0.0,1,1
2,1130,D_THIRD_MODE,three-way,STORY,STORY,0,0.0,1,1
2,1131,D_THIRD_MODE,three-way,ARITH_A,ARITHMETIC,0,0.0,1,1
2,1132,D_THIRD_MODE,three-way,TRANSFORM,TRANSFORM,0,0.0,1,1
2,1133,D_THIRD_MODE,three-way,TRANSFORM,TRANSFORM,0,0.0,1,1
2,1134,D_THIRD_MODE,three-way,ARITH_A,ARITHMETIC,0,0.0,1,1
2,1135,D_THIRD_MODE,three-way,STORY,STORY,0,0.0,1,1
2,1136,D_THIRD_MODE,three-way,STORY,STORY,0,0.0,1,1
2,1137,D_THIRD_MODE,three-way,STORY,STORY,0,0.0,1,1
2,1138,D_THIRD_MODE,three-way,STORY,STORY,0,0.0,1,1
2,1139,D_THIRD_MODE,three-way,ARITH_A,ARITHMETIC,0,0.0,1,1
2,1140,D_THIRD_MODE,three-way,STORY,STORY,0,0.0,1,1
2,1141,D_THIRD_MODE,three-way,STORY,STORY,0,0.0,1,1
2,1142,D_THIRD_MODE,three-way,ARITH_A,ARITHMETIC,0,0.0,1,1
2,1143,D_THIRD_MODE,three-way,STORY,STORY,0,0.0,1,1
2,1144,D_THIRD_MODE,three-way,STORY,STORY,0,0.0,1,1
2,1145,D_THIRD_MODE,three-way,TRANSFORM,TRANSFORM,0,0.0,1,1
2,1146,D_THIRD_MODE,three-way,TRANSFORM,TRANSFORM,0,0.0,1,1
2,1147,D_THIRD_MODE,three-way,STORY,STORY,0,0.0,1,1
2,1148,D_THIRD_MODE,three-way,STORY,STORY,0,0.0,1,1
2,1149,D_THIRD_MODE,three-way,ARITH_A,ARITHMETIC,0,0.0,1,1
2,1150,D_THIRD_MODE,three-way,TRANSFORM,TRANSFORM,0,0.0,1,1
2,1151,D_THIRD_MODE,three-way,ARITH_A,ARITHMETIC,0,0.0,1,1
2,1152,D_THIRD_MODE,three-way,TRANSFORM,TRANSFORM,0,0.0,1,1
