replicate,arm,step,domain_posthoc,branch,routing_source,projection_score
0,unified,1,ARITHMETIC,0,unified,
0,unified,2,ARITHMETIC,0,unified,
0,unified,3,ARITHMETIC,0,unified,
0,unified,4,ARITHMETIC,0,unified,
0,unified,5,ARITHMETIC,0,unified,
0,unified,6,STORY,0,unified,
0,unified,7,STORY,0,unified,
0,unified,8,STORY,0,unified,
0,unified,9,ARITHMETIC,0,unified,
0,unified,10,STORY,0,unified,
0,unified,11,ARITHMETIC,0,unified,
0,unified,12,ARITHMETIC,0,unified,
0,unified,13,STORY,0,unified,
0,unified,14,STORY,0,unified,
0,unified,15,STORY,0,unified,
0,unified,16,STORY,0,unified,
0,unified,17,ARITHMETIC,0,unified,
0,unified,18,STORY,0,unified,
0,unified,19,ARITHMETIC,0,unified,
0,unified,20,STORY,0,unified,
0,unified,21,ARITHMETIC,0,unified,
0,unified,22,STORY,0,unified,
0,unified,23,STORY,0,unified,
0,unified,24,ARITHMETIC,0,unified,
0,unified,25,ARITHMETIC,0,unified,
0,unified,26,STORY,0,unified,
0,unified,27,ARITHMETIC,0,unified,
0,unified,28,STORY,0,unified,
0,unified,29,STORY,0,unified,
0,unified,30,ARITHMETIC,0,unified,
0,unified,31,STORY,0,unified,
0,unified,32,STORY,0,unified,
0,unified,33,ARITHMETIC,0,unified,
0,unified,34,STORY,0,unified,
0,unified,35,STORY,0,unified,
0,unified,36,STORY,0,unified,
0,unified,37,STORY,0,unified,
0,unified,38,ARITHMETIC,0,unified,
0,unified,39,ARITHMETIC,0,unified,
0,unified,40,ARITHMETIC,0,unified,
0,unified,41,STORY,0,unified,
0,unified,42,ARITHMETIC,0,unified,
0,unified,43,ARITHMETIC,0,unified,
0,unified,44,STORY,0,unified,
0,unified,45,STORY,0,unified,
0,unified,46,STORY,0,unified,
0,unified,47,ARITHMETIC,0,unified,
0,unified,48,ARITHMETIC,0,unified,
0,unified,49,STORY,0,unified,
0,unified,50,ARITHMETIC,0,unified,
0,unified,51,ARITHMETIC,0,unified,
0,unified,52,STORY,0,unified,
0,unified,53,ARITHMETIC,0,unified,
0,unified,54,STORY,0,unified,
0,unified,55,STORY,0,unified,
0,unified,56,ARITHMETIC,0,unified,
0,unified,57,STORY,0,unified,
0,unified,58,ARITHMETIC,0,unified,
0,unified,59,ARITHMETIC,0,unified,
0,unified,60,STORY,0,unified,
0,unified,61,ARITHMETIC,0,unified,
0,unified,62,STORY,0,unified,
0,unified,63,ARITHMETIC,0,unified,
0,unified,64,STORY,0,unified,
0,unified,65,ARITHMETIC,0,unified,
0,unified,66,ARITHMETIC,0,unified,
0,unified,67,STORY,0,unified,
0,unified,68,ARITHMETIC,0,unified,
0,unified,69,ARITHMETIC,0,unified,
0,unified,70,STORY,0,unified,
0,unified,71,ARITHMETIC,0,unified,
0,unified,72,STORY,0,unified,
0,unified,73,STORY,0,unified,
0,unified,74,STORY,0,unified,
0,unified,75,ARITHMETIC,0,unified,
0,unified,76,ARITHMETIC,0,unified,
0,unified,77,STORY,0,unified,
0,unified,78,STORY,0,unified,
0,unified,79,STORY,0,unified,
0,unified,80,STORY,0,unified,
0,unified,81,STORY,0,unified,
0,unified,82,ARITHMETIC,0,unified,
0,unified,83,STORY,0,unified,
0,unified,84,STORY,0,unified,
0,unified,85,STORY,0,unified,
0,unified,86,STORY,0,unified,
0,unified,87,ARITHMETIC,0,unified,
0,unified,88,ARITHMETIC,0,unified,
0,unified,89,STORY,0,unified,
0,unified,90,STORY,0,unified,
0,unified,91,STORY,0,unified,
0,unified,92,STORY,0,unified,
0,unified,93,STORY,0,unified,
0,unified,94,STORY,0,unified,
0,unified,95,STORY,0,unified,
0,unified,96,ARITHMETIC,0,unified,
0,unified,97,STORY,0,unified,
0,unified,98,ARITHMETIC,0,unified,
0,unified,99,ARITHMETIC,0,unified,
0,unified,100,ARITHMETIC,0,unified,
0,unified,101,ARITHMETIC,0,unified,
0,unified,102,ARITHMETIC,0,unified,
0,unified,103,STORY,0,unified,
0,unified,104,ARITHMETIC,0,unified,
0,unified,105,ARITHMETIC,0,unified,
0,unified,106,ARITHMETIC,0,unified,
0,unified,107,ARITHMETIC,0,unified,
0,unified,108,STORY,0,unified,
0,unified,109,ARITHMETIC,0,unified,
0,unified,110,STORY,0,unified,
0,unified,111,STORY,0,unified,
0,unified,112,ARITHMETIC,0,unified,
0,unified,113,STORY,0,unified,
0,unified,114,STORY,0,unified,
0,unified,115,ARITHMETIC,0,unified,
0,unified,116,STORY,0,unified,
0,unified,117,ARITHMETIC,0,unified,
0,unified,118,STORY,0,unified,
0,unified,119,ARITHMETIC,0,unified,
0,unified,120,ARITHMETIC,0,unified,
0,unified,121,STORY,0,unified,
0,unified,122,ARITHMETIC,0,unified,
0,unified,123,ARITHMETIC,0,unified,
0,unified,124,STORY,0,unified,
0,unified,125,ARITHMETIC,0,unified,
0,unified,126,ARITHMETIC,0,unified,
0,unified,127,STORY,0,unified,
0,unified,128,STORY,0,unified,
0,unified,129,STORY,0,unified,
0,unified,130,STORY,0,unified,
0,unified,131,STORY,0,unified,
0,unified,132,STORY,0,unified,
0,unified,133,STORY,0,unified,
0,unified,134,ARITHMETIC,0,unified,
0,unified,135,STORY,0,unified,
0,unified,136,STORY,0,unified,
0,unified,137,ARITHMETIC,0,unified,
0,unified,138,ARITHMETIC,0,unified,
0,unified,139,STORY,0,unified,
0,unified,140,ARITHMETIC,0,unified,
0,unified,141,ARITHMETIC,0,unified,
0,unified,142,STORY,0,unified,
0,unified,143,ARITHMETIC,0,unified,
0,unified,144,STORY,0,unified,
0,unified,145,ARITHMETIC,0,unified,
0,unified,146,ARITHMETIC,0,unified,
0,unified,147,STORY,0,unified,
0,unified,148,STORY,0,unified,
0,unified,149,STORY,0,unified,
0,unified,150,STORY,0,unified,
0,unified,151,ARITHMETIC,0,unified,
0,unified,152,STORY,0,unified,
0,unified,153,STORY,0,unified,
0,unified,154,STORY,0,unified,
0,unified,155,ARITHMETIC,0,unified,
0,unified,156,ARITHMETIC,0,unified,
0,unified,157,ARITHMETIC,0,unified,
0,unified,158,ARITHMETIC,0,unified,
0,unified,159,ARITHMETIC,0,unified,
0,unified,160,STORY,0,unified,
0,unified,161,ARITHMETIC,0,unified,
0,unified,162,STORY,0,unified,
0,unified,163,STORY,0,unified,
0,unified,164,STORY,0,unified,
0,unified,165,ARITHMETIC,0,unified,
0,unified,166,STORY,0,unified,
0,unified,167,STORY,0,unified,
0,unified,168,STORY,0,unified,
0,unified,169,STORY,0,unified,
0,unified,170,STORY,0,unified,
0,unified,171,STORY,0,unified,
0,unified,172,STORY,0,unified,
0,unified,173,ARITHMETIC,0,unified,
0,unified,174,ARITHMETIC,0,unified,
0,unified,175,ARITHMETIC,0,unified,
0,unified,176,STORY,0,unified,
0,unified,177,STORY,0,unified,
0,unified,178,STORY,0,unified,
0,unified,179,STORY,0,unified,
0,unified,180,ARITHMETIC,0,unified,
0,unified,181,ARITHMETIC,0,unified,
0,unified,182,ARITHMETIC,0,unified,
0,unified,183,ARITHMETIC,0,unified,
0,unified,184,STORY,0,unified,
0,unified,185,STORY,0,unified,
0,unified,186,ARITHMETIC,0,unified,
0,unified,187,ARITHMETIC,0,unified,
0,unified,188,STORY,0,unified,
0,unified,189,ARITHMETIC,0,unified,
0,unified,190,ARITHMETIC,0,unified,
0,unified,191,STORY,0,unified,
0,unified,192,ARITHMETIC,0,unified,
0,unified,193,ARITHMETIC,0,unified,
0,unified,194,ARITHMETIC,0,unified,
0,unified,195,STORY,0,unified,
0,unified,196,ARITHMETIC,0,unified,
0,unified,197,STORY,0,unified,
0,unified,198,STORY,0,unified,
0,unified,199,STORY,0,unified,
0,unified,200,STORY,0,unified,
0,unified,201,STORY,0,unified,
0,unified,202,ARITHMETIC,0,unified,
0,unified,203,STORY,0,unified,
0,unified,204,STORY,0,unified,
0,unified,205,STORY,0,unified,
0,unified,206,ARITHMETIC,0,unified,
0,unified,207,STORY,0,unified,
0,unified,208,ARITHMETIC,0,unified,
0,unified,209,ARITHMETIC,0,unified,
0,unified,210,ARITHMETIC,0,unified,
0,unified,211,ARITHMETIC,0,unified,
0,unified,212,STORY,0,unified,
0,unified,213,ARITHMETIC,0,unified,
0,unified,214,ARITHMETIC,0,unified,
0,unified,215,STORY,0,unified,
0,unified,216,STORY,0,unified,
0,unified,217,STORY,0,unified,
0,unified,218,STORY,0,unified,
0,unified,219,ARITHMETIC,0,unified,
0,unified,220,ARITHMETIC,0,unified,
0,unified,221,ARITHMETIC,0,unified,
0,unified,222,ARITHMETIC,0,unified,
0,unified,223,ARITHMETIC,0,unified,
0,unified,224,STORY,0,unified,
0,unified,225,ARITHMETIC,0,unified,
0,unified,226,STORY,0,unified,
0,unified,227,STORY,0,unified,
0,unified,228,STORY,0,unified,
0,unified,229,STORY,0,unified,
0,unified,230,STORY,0,unified,
0,unified,231,STORY,0,unified,
0,unified,232,ARITHMETIC,0,unified,
0,unified,233,ARITHMETIC,0,unified,
0,unified,234,STORY,0,unified,
0,unified,235,ARITHMETIC,0,unified,
0,unified,236,STORY,0,unified,
0,unified,237,ARITHMETIC,0,unified,
0,unified,238,STORY,0,unified,
0,unified,239,ARITHMETIC,0,unified,
0,unified,240,ARITHMETIC,0,unified,
0,unified,241,STORY,0,unified,
0,unified,242,STORY,0,unified,
0,unified,243,ARITHMETIC,0,unified,
0,unified,244,ARITHMETIC,0,unified,
0,unified,245,ARITHMETIC,0,unified,
0,unified,246,STORY,0,unified,
0,unified,247,STORY,0,unified,
0,unified,248,ARITHMETIC,0,unified,
0,unified,249,ARITHMETIC,0,unified,
0,unified,250,ARITHMETIC,0,unified,
0,unified,251,ARITHMETIC,0,unified,
0,unified,252,ARITHMETIC,0,unified,
0,unified,253,ARITHMETIC,0,unified,
0,unified,254,STORY,0,unified,
0,unified,255,ARITHMETIC,0,unified,
0,unified,256,ARITHMETIC,0,unified,
0,unified,257,STORY,0,unified,
0,unified,258,ARITHMETIC,0,unified,
0,unified,259,STORY,0,unified,
0,unified,260,ARITHMETIC,0,unified,
0,unified,261,ARITHMETIC,0,unified,
0,unified,262,ARITHMETIC,0,unified,
0,unified,263,STORY,0,unified,
0,unified,264,ARITHMETIC,0,unified,
0,unified,265,ARITHMETIC,0,unified,
0,unified,266,ARITHMETIC,0,unified,
0,unified,267,ARITHMETIC,0,unified,
0,unified,268,STORY,0,unified,
0,unified,269,ARITHMETIC,0,unified,
0,unified,270,STORY,0,unified,
0,unified,271,ARITHMETIC,0,unified,
0,unified,272,STORY,0,unified,
0,unified,273,STORY,0,unified,
0,unified,274,ARITHMETIC,0,unified,
0,unified,275,STORY,0,unified,
0,unified,276,ARITHMETIC,0,unified,
0,unified,277,STORY,0,unified,
0,unified,278,STORY,0,unified,
0,unified,279,STORY,0,unified,
0,unified,280,STORY,0,unified,
0,unified,281,ARITHMETIC,0,unified,
0,unified,282,ARITHMETIC,0,unified,
0,unified,283,ARITHMETIC,0,unified,
0,unified,284,STORY,0,unified,
0,unified,285,STORY,0,unified,
0,unified,286,STORY,0,unified,
0,unified,287,ARITHMETIC,0,unified,
0,unified,288,ARITHMETIC,0,unified,
0,unified,289,ARITHMETIC,0,unified,
0,unified,290,ARITHMETIC,0,unified,
0,unified,291,ARITHMETIC,0,unified,
0,unified,292,STORY,0,unified,
0,unified,293,ARITHMETIC,0,unified,
0,unified,294,ARITHMETIC,0,unified,
0,unified,295,STORY,0,unified,
0,unified,296,ARITHMETIC,0,unified,
0,unified,297,ARITHMETIC,0,unified,
0,unified,298,STORY,0,unified,
0,unified,299,ARITHMETIC,0,unified,
0,unified,300,STORY,0,unified,
0,unified,301,STORY,0,unified,
0,unified,302,ARITHMETIC,0,unified,
0,unified,303,STORY,0,unified,
0,unified,304,STORY,0,unified,
0,unified,305,ARITHMETIC,0,unified,
0,unified,306,STORY,0,unified,
0,unified,307,ARITHMETIC,0,unified,
0,unified,308,ARITHMETIC,0,unified,
0,unified,309,ARITHMETIC,0,unified,
0,unified,310,ARITHMETIC,0,unified,
0,unified,311,ARITHMETIC,0,unified,
0,unified,312,STORY,0,unified,
0,unified,313,STORY,0,unified,
0,unified,314,STORY,0,unified,
0,unified,315,STORY,0,unified,
0,unified,316,ARITHMETIC,0,unified,
0,unified,317,STORY,0,unified,
0,unified,318,STORY,0,unified,
0,unified,319,STORY,0,unified,
0,unified,320,ARITHMETIC,0,unified,
0,unified,321,STORY,0,unified,
0,unified,322,ARITHMETIC,0,unified,
0,unified,323,ARITHMETIC,0,unified,
0,unified,324,ARITHMETIC,0,unified,
0,unified,325,ARITHMETIC,0,unified,
0,unified,326,STORY,0,unified,
0,unified,327,STORY,0,unified,
0,unified,328,STORY,0,unified,
0,unified,329,ARITHMETIC,0,unified,
0,unified,330,STORY,0,unified,
0,unified,331,STORY,0,unified,
0,unified,332,STORY,0,unified,
0,unified,333,ARITHMETIC,0,unified,
0,unified,334,STORY,0,unified,
0,unified,335,STORY,0,unified,
0,unified,336,ARITHMETIC,0,unified,
0,unified,337,STORY,0,unified,
0,unified,338,ARITHMETIC,0,unified,
0,unified,339,STORY,0,unified,
0,unified,340,STORY,0,unified,
0,unified,341,ARITHMETIC,0,unified,
0,unified,342,STORY,0,unified,
0,unified,343,ARITHMETIC,0,unified,
0,unified,344,STORY,0,unified,
0,unified,345,STORY,0,unified,
0,unified,346,STORY,0,unified,
0,unified,347,ARITHMETIC,0,unified,
0,unified,348,ARITHMETIC,0,unified,
0,unified,349,STORY,0,unified,
0,unified,350,STORY,0,unified,
0,unified,351,ARITHMETIC,0,unified,
0,unified,352,STORY,0,unified,
0,unified,353,STORY,0,unified,
0,unified,354,STORY,0,unified,
0,unified,355,ARITHMETIC,0,unified,
0,unified,356,STORY,0,unified,
0,unified,357,STORY,0,unified,
0,unified,358,STORY,0,unified,
0,unified,359,STORY,0,unified,
0,unified,360,ARITHMETIC,0,unified,
0,unified,361,ARITHMETIC,0,unified,
0,unified,362,ARITHMETIC,0,unified,
0,unified,363,ARITHMETIC,0,unified,
0,unified,364,ARITHMETIC,0,unified,
0,unified,365,ARITHMETIC,0,unified,
0,unified,366,STORY,0,unified,
0,unified,367,STORY,0,unified,
0,unified,368,ARITHMETIC,0,unified,
0,unified,369,ARITHMETIC,0,unified,
0,unified,370,ARITHMETIC,0,unified,
0,unified,371,ARITHMETIC,0,unified,
0,unified,372,STORY,0,unified,
0,unified,373,ARITHMETIC,0,unified,
0,unified,374,STORY,0,unified,
0,unified,375,ARITHMETIC,0,unified,
0,unified,376,STORY,0,unified,
0,unified,377,ARITHMETIC,0,unified,
0,unified,378,ARITHMETIC,0,unified,
0,unified,379,ARITHMETIC,0,unified,
0,unified,380,ARITHMETIC,0,unified,
0,unified,381,ARITHMETIC,0,unified,
0,unified,382,ARITHMETIC,0,unified,
0,unified,383,STORY,0,unified,
0,unified,384,ARITHMETIC,0,unified,
0,unified,385,ARITHMETIC,0,unified,
0,unified,386,ARITHMETIC,0,unified,
0,unified,387,ARITHMETIC,0,unified,
0,unified,388,STORY,0,unified,
0,unified,389,ARITHMETIC,0,unified,
0,unified,390,ARITHMETIC,0,unified,
0,unified,391,STORY,0,unified,
0,unified,392,STORY,0,unified,
0,unified,393,ARITHMETIC,0,unified,
0,unified,394,STORY,0,unified,
0,unified,395,ARITHMETIC,0,unified,
0,unified,396,ARITHMETIC,0,unified,
0,unified,397,STORY,0,unified,
0,unified,398,ARITHMETIC,0,unified,
0,unified,399,ARITHMETIC,0,unified,
0,unified,400,STORY,0,unified,
0,capacity-fork,1,ARITHMETIC,1,task-agnostic-balanced,
0,capacity-fork,2,ARITHMETIC,0,task-agnostic-balanced,
0,capacity-fork,3,ARITHMETIC,1,task-agnostic-balanced,
0,capacity-fork,4,ARITHMETIC,0,task-agnostic-balanced,
0,capacity-fork,5,ARITHMETIC,1,task-agnostic-balanced,
0,capacity-fork,6,STORY,0,task-agnostic-balanced,
0,capacity-fork,7,STORY,1,task-agnostic-balanced,
0,capacity-fork,8,STORY,0,task-agnostic-balanced,
0,capacity-fork,9,ARITHMETIC,1,task-agnostic-balanced,
0,capacity-fork,10,STORY,0,task-agnostic-balanced,
0,capacity-fork,11,ARITHMETIC,1,task-agnostic-balanced,
0,capacity-fork,12,ARITHMETIC,0,task-agnostic-balanced,
0,capacity-fork,13,STORY,1,task-agnostic-balanced,
0,capacity-fork,14,STORY,0,task-agnostic-balanced,
0,capacity-fork,15,STORY,1,task-agnostic-balanced,
0,capacity-fork,16,STORY,0,task-agnostic-balanced,
0,capacity-fork,17,ARITHMETIC,1,task-agnostic-balanced,
0,capacity-fork,18,STORY,0,task-agnostic-balanced,
0,capacity-fork,19,ARITHMETIC,1,task-agnostic-balanced,
0,capacity-fork,20,STORY,0,task-agnostic-balanced,
0,capacity-fork,21,ARITHMETIC,1,task-agnostic-balanced,
0,capacity-fork,22,STORY,0,task-agnostic-balanced,
0,capacity-fork,23,STORY,1,task-agnostic-balanced,
0,capacity-fork,24,ARITHMETIC,0,task-agnostic-balanced,
0,capacity-fork,25,ARITHMETIC,1,task-agnostic-balanced,
0,capacity-fork,26,STORY,0,task-agnostic-balanced,
0,capacity-fork,27,ARITHMETIC,1,task-agnostic-balanced,
0,capacity-fork,28,STORY,0,task-agnostic-balanced,
0,capacity-fork,29,STORY,1,task-agnostic-balanced,
0,capacity-fork,30,ARITHMETIC,0,task-agnostic-balanced,
0,capacity-fork,31,STORY,1,task-agnostic-balanced,
0,capacity-fork,32,STORY,0,task-agnostic-balanced,
0,capacity-fork,33,ARITHMETIC,1,task-agnostic-balanced,
0,capacity-fork,34,STORY,0,task-agnostic-balanced,
0,capacity-fork,35,STORY,1,task-agnostic-balanced,
0,capacity-fork,36,STORY,0,task-agnostic-balanced,
0,capacity-fork,37,STORY,1,task-agnostic-balanced,
0,capacity-fork,38,ARITHMETIC,0,task-agnostic-balanced,
0,capacity-fork,39,ARITHMETIC,1,task-agnostic-balanced,
0,capacity-fork,40,ARITHMETIC,0,task-agnostic-balanced,
0,capacity-fork,41,STORY,1,task-agnostic-balanced,
0,capacity-fork,42,ARITHMETIC,0,task-agnostic-balanced,
0,capacity-fork,43,ARITHMETIC,1,task-agnostic-balanced,
0,capacity-fork,44,STORY,0,task-agnostic-balanced,
0,capacity-fork,45,STORY,1,task-agnostic-balanced,
0,capacity-fork,46,STORY,0,task-agnostic-balanced,
0,capacity-fork,47,ARITHMETIC,1,task-agnostic-balanced,
0,capacity-fork,48,ARITHMETIC,0,task-agnostic-balanced,
0,capacity-fork,49,STORY,1,task-agnostic-balanced,
0,capacity-fork,50,ARITHMETIC,0,task-agnostic-balanced,
0,capacity-fork,51,ARITHMETIC,1,task-agnostic-balanced,
0,capacity-fork,52,STORY,0,task-agnostic-balanced,
0,capacity-fork,53,ARITHMETIC,1,task-agnostic-balanced,
0,capacity-fork,54,STORY,0,task-agnostic-balanced,
0,capacity-fork,55,STORY,1,task-agnostic-balanced,
0,capacity-fork,56,ARITHMETIC,0,task-agnostic-balanced,
0,capacity-fork,57,STORY,1,task-agnostic-balanced,
0,capacity-fork,58,ARITHMETIC,0,task-agnostic-balanced,
0,capacity-fork,59,ARITHMETIC,1,task-agnostic-balanced,
0,capacity-fork,60,STORY,0,task-agnostic-balanced,
0,capacity-fork,61,ARITHMETIC,1,task-agnostic-balanced,
0,capacity-fork,62,STORY,0,task-agnostic-balanced,
0,capacity-fork,63,ARITHMETIC,1,task-agnostic-balanced,
0,capacity-fork,64,STORY,0,task-agnostic-balanced,
0,capacity-fork,65,ARITHMETIC,1,task-agnostic-balanced,
0,capacity-fork,66,ARITHMETIC,0,task-agnostic-balanced,
0,capacity-fork,67,STORY,1,task-agnostic-balanced,
0,capacity-fork,68,ARITHMETIC,0,task-agnostic-balanced,
0,capacity-fork,69,ARITHMETIC,1,task-agnostic-balanced,
0,capacity-fork,70,STORY,0,task-agnostic-balanced,
0,capacity-fork,71,ARITHMETIC,1,task-agnostic-balanced,
0,capacity-fork,72,STORY,0,task-agnostic-balanced,
0,capacity-fork,73,STORY,1,task-agnostic-balanced,
0,capacity-fork,74,STORY,0,task-agnostic-balanced,
0,capacity-fork,75,ARITHMETIC,1,task-agnostic-balanced,
0,capacity-fork,76,ARITHMETIC,0,task-agnostic-balanced,
0,capacity-fork,77,STORY,1,task-agnostic-balanced,
0,capacity-fork,78,STORY,0,task-agnostic-balanced,
0,capacity-fork,79,STORY,1,task-agnostic-balanced,
0,capacity-fork,80,STORY,0,task-agnostic-balanced,
0,capacity-fork,81,STORY,1,task-agnostic-balanced,
0,capacity-fork,82,ARITHMETIC,0,task-agnostic-balanced,
0,capacity-fork,83,STORY,1,task-agnostic-balanced,
0,capacity-fork,84,STORY,0,task-agnostic-balanced,
0,capacity-fork,85,STORY,1,task-agnostic-balanced,
0,capacity-fork,86,STORY,0,task-agnostic-balanced,
0,capacity-fork,87,ARITHMETIC,1,task-agnostic-balanced,
0,capacity-fork,88,ARITHMETIC,0,task-agnostic-balanced,
0,capacity-fork,89,STORY,1,task-agnostic-balanced,
0,capacity-fork,90,STORY,0,task-agnostic-balanced,
0,capacity-fork,91,STORY,1,task-agnostic-balanced,
0,capacity-fork,92,STORY,0,task-agnostic-balanced,
0,capacity-fork,93,STORY,1,task-agnostic-balanced,
0,capacity-fork,94,STORY,0,task-agnostic-balanced,
0,capacity-fork,95,STORY,1,task-agnostic-balanced,
0,capacity-fork,96,ARITHMETIC,0,task-agnostic-balanced,
0,capacity-fork,97,STORY,1,task-agnostic-balanced,
0,capacity-fork,98,ARITHMETIC,0,task-agnostic-balanced,
0,capacity-fork,99,ARITHMETIC,1,task-agnostic-balanced,
0,capacity-fork,100,ARITHMETIC,0,task-agnostic-balanced,
0,capacity-fork,101,ARITHMETIC,1,task-agnostic-balanced,
0,capacity-fork,102,ARITHMETIC,0,task-agnostic-balanced,
0,capacity-fork,103,STORY,1,task-agnostic-balanced,
0,capacity-fork,104,ARITHMETIC,0,task-agnostic-balanced,
0,capacity-fork,105,ARITHMETIC,1,task-agnostic-balanced,
0,capacity-fork,106,ARITHMETIC,0,task-agnostic-balanced,
0,capacity-fork,107,ARITHMETIC,1,task-agnostic-balanced,
0,capacity-fork,108,STORY,0,task-agnostic-balanced,
0,capacity-fork,109,ARITHMETIC,1,task-agnostic-balanced,
0,capacity-fork,110,STORY,0,task-agnostic-balanced,
0,capacity-fork,111,STORY,1,task-agnostic-balanced,
0,capacity-fork,112,ARITHMETIC,0,task-agnostic-balanced,
0,capacity-fork,113,STORY,1,task-agnostic-balanced,
0,capacity-fork,114,STORY,0,task-agnostic-balanced,
0,capacity-fork,115,ARITHMETIC,1,task-agnostic-balanced,
0,capacity-fork,116,STORY,0,task-agnostic-balanced,
0,capacity-fork,117,ARITHMETIC,1,task-agnostic-balanced,
0,capacity-fork,118,STORY,0,task-agnostic-balanced,
0,capacity-fork,119,ARITHMETIC,1,task-agnostic-balanced,
0,capacity-fork,120,ARITHMETIC,0,task-agnostic-balanced,
0,capacity-fork,121,STORY,1,task-agnostic-balanced,
0,capacity-fork,122,ARITHMETIC,0,task-agnostic-balanced,
0,capacity-fork,123,ARITHMETIC,1,task-agnostic-balanced,
0,capacity-fork,124,STORY,0,task-agnostic-balanced,
0,capacity-fork,125,ARITHMETIC,1,task-agnostic-balanced,
0,capacity-fork,126,ARITHMETIC,0,task-agnostic-balanced,
0,capacity-fork,127,STORY,1,task-agnostic-balanced,
0,capacity-fork,128,STORY,0,task-agnostic-balanced,
0,capacity-fork,129,STORY,1,task-agnostic-balanced,
0,capacity-fork,130,STORY,0,task-agnostic-balanced,
0,capacity-fork,131,STORY,1,task-agnostic-balanced,
0,capacity-fork,132,STORY,0,task-agnostic-balanced,
0,capacity-fork,133,STORY,1,task-agnostic-balanced,
0,capacity-fork,134,ARITHMETIC,0,task-agnostic-balanced,
0,capacity-fork,135,STORY,1,task-agnostic-balanced,
0,capacity-fork,136,STORY,0,task-agnostic-balanced,
0,capacity-fork,137,ARITHMETIC,1,task-agnostic-balanced,
0,capacity-fork,138,ARITHMETIC,0,task-agnostic-balanced,
0,capacity-fork,139,STORY,1,task-agnostic-balanced,
0,capacity-fork,140,ARITHMETIC,0,task-agnostic-balanced,
0,capacity-fork,141,ARITHMETIC,1,task-agnostic-balanced,
0,capacity-fork,142,STORY,0,task-agnostic-balanced,
0,capacity-fork,143,ARITHMETIC,1,task-agnostic-balanced,
0,capacity-fork,144,STORY,0,task-agnostic-balanced,
0,capacity-fork,145,ARITHMETIC,1,task-agnostic-balanced,
0,capacity-fork,146,ARITHMETIC,0,task-agnostic-balanced,
0,capacity-fork,147,STORY,1,task-agnostic-balanced,
0,capacity-fork,148,STORY,0,task-agnostic-balanced,
0,capacity-fork,149,STORY,1,task-agnostic-balanced,
0,capacity-fork,150,STORY,0,task-agnostic-balanced,
0,capacity-fork,151,ARITHMETIC,1,task-agnostic-balanced,
0,capacity-fork,152,STORY,0,task-agnostic-balanced,
0,capacity-fork,153,STORY,1,task-agnostic-balanced,
0,capacity-fork,154,STORY,0,task-agnostic-balanced,
0,capacity-fork,155,ARITHMETIC,1,task-agnostic-balanced,
0,capacity-fork,156,ARITHMETIC,0,task-agnostic-balanced,
0,capacity-fork,157,ARITHMETIC,1,task-agnostic-balanced,
0,capacity-fork,158,ARITHMETIC,0,task-agnostic-balanced,
0,capacity-fork,159,ARITHMETIC,1,task-agnostic-balanced,
0,capacity-fork,160,STORY,0,task-agnostic-balanced,
0,capacity-fork,161,ARITHMETIC,1,task-agnostic-balanced,
0,capacity-fork,162,STORY,0,task-agnostic-balanced,
0,capacity-fork,163,STORY,1,task-agnostic-balanced,
0,capacity-fork,164,STORY,0,task-agnostic-balanced,
0,capacity-fork,165,ARITHMETIC,1,task-agnostic-balanced,
0,capacity-fork,166,STORY,0,task-agnostic-balanced,
0,capacity-fork,167,STORY,1,task-agnostic-balanced,
0,capacity-fork,168,STORY,0,task-agnostic-balanced,
0,capacity-fork,169,STORY,1,task-agnostic-balanced,
0,capacity-fork,170,STORY,0,task-agnostic-balanced,
0,capacity-fork,171,STORY,1,task-agnostic-balanced,
0,capacity-fork,172,STORY,0,task-agnostic-balanced,
0,capacity-fork,173,ARITHMETIC,1,task-agnostic-balanced,
0,capacity-fork,174,ARITHMETIC,0,task-agnostic-balanced,
0,capacity-fork,175,ARITHMETIC,1,task-agnostic-balanced,
0,capacity-fork,176,STORY,0,task-agnostic-balanced,
0,capacity-fork,177,STORY,1,task-agnostic-balanced,
0,capacity-fork,178,STORY,0,task-agnostic-balanced,
0,capacity-fork,179,STORY,1,task-agnostic-balanced,
0,capacity-fork,180,ARITHMETIC,0,task-agnostic-balanced,
0,capacity-fork,181,ARITHMETIC,1,task-agnostic-balanced,
0,capacity-fork,182,ARITHMETIC,0,task-agnostic-balanced,
0,capacity-fork,183,ARITHMETIC,1,task-agnostic-balanced,
0,capacity-fork,184,STORY,0,task-agnostic-balanced,
0,capacity-fork,185,STORY,1,task-agnostic-balanced,
0,capacity-fork,186,ARITHMETIC,0,task-agnostic-balanced,
0,capacity-fork,187,ARITHMETIC,1,task-agnostic-balanced,
0,capacity-fork,188,STORY,0,task-agnostic-balanced,
0,capacity-fork,189,ARITHMETIC,1,task-agnostic-balanced,
0,capacity-fork,190,ARITHMETIC,0,task-agnostic-balanced,
0,capacity-fork,191,STORY,1,task-agnostic-balanced,
0,capacity-fork,192,ARITHMETIC,0,task-agnostic-balanced,
0,capacity-fork,193,ARITHMETIC,1,task-agnostic-balanced,
0,capacity-fork,194,ARITHMETIC,0,task-agnostic-balanced,
0,capacity-fork,195,STORY,1,task-agnostic-balanced,
0,capacity-fork,196,ARITHMETIC,0,task-agnostic-balanced,
0,capacity-fork,197,STORY,1,task-agnostic-balanced,
0,capacity-fork,198,STORY,0,task-agnostic-balanced,
0,capacity-fork,199,STORY,1,task-agnostic-balanced,
0,capacity-fork,200,STORY,0,task-agnostic-balanced,
0,capacity-fork,201,STORY,1,task-agnostic-balanced,
0,capacity-fork,202,ARITHMETIC,0,task-agnostic-balanced,
0,capacity-fork,203,STORY,1,task-agnostic-balanced,
0,capacity-fork,204,STORY,0,task-agnostic-balanced,
0,capacity-fork,205,STORY,1,task-agnostic-balanced,
0,capacity-fork,206,ARITHMETIC,0,task-agnostic-balanced,
0,capacity-fork,207,STORY,1,task-agnostic-balanced,
0,capacity-fork,208,ARITHMETIC,0,task-agnostic-balanced,
0,capacity-fork,209,ARITHMETIC,1,task-agnostic-balanced,
0,capacity-fork,210,ARITHMETIC,0,task-agnostic-balanced,
0,capacity-fork,211,ARITHMETIC,1,task-agnostic-balanced,
0,capacity-fork,212,STORY,0,task-agnostic-balanced,
0,capacity-fork,213,ARITHMETIC,1,task-agnostic-balanced,
0,capacity-fork,214,ARITHMETIC,0,task-agnostic-balanced,
0,capacity-fork,215,STORY,1,task-agnostic-balanced,
0,capacity-fork,216,STORY,0,task-agnostic-balanced,
0,capacity-fork,217,STORY,1,task-agnostic-balanced,
0,capacity-fork,218,STORY,0,task-agnostic-balanced,
0,capacity-fork,219,ARITHMETIC,1,task-agnostic-balanced,
0,capacity-fork,220,ARITHMETIC,0,task-agnostic-balanced,
0,capacity-fork,221,ARITHMETIC,1,task-agnostic-balanced,
0,capacity-fork,222,ARITHMETIC,0,task-agnostic-balanced,
0,capacity-fork,223,ARITHMETIC,1,task-agnostic-balanced,
0,capacity-fork,224,STORY,0,task-agnostic-balanced,
0,capacity-fork,225,ARITHMETIC,1,task-agnostic-balanced,
0,capacity-fork,226,STORY,0,task-agnostic-balanced,
0,capacity-fork,227,STORY,1,task-agnostic-balanced,
0,capacity-fork,228,STORY,0,task-agnostic-balanced,
0,capacity-fork,229,STORY,1,task-agnostic-balanced,
0,capacity-fork,230,STORY,0,task-agnostic-balanced,
0,capacity-fork,231,STORY,1,task-agnostic-balanced,
0,capacity-fork,232,ARITHMETIC,0,task-agnostic-balanced,
0,capacity-fork,233,ARITHMETIC,1,task-agnostic-balanced,
0,capacity-fork,234,STORY,0,task-agnostic-balanced,
0,capacity-fork,235,ARITHMETIC,1,task-agnostic-balanced,
0,capacity-fork,236,STORY,0,task-agnostic-balanced,
0,capacity-fork,237,ARITHMETIC,1,task-agnostic-balanced,
0,capacity-fork,238,STORY,0,task-agnostic-balanced,
0,capacity-fork,239,ARITHMETIC,1,task-agnostic-balanced,
0,capacity-fork,240,ARITHMETIC,0,task-agnostic-balanced,
0,capacity-fork,241,STORY,1,task-agnostic-balanced,
0,capacity-fork,242,STORY,0,task-agnostic-balanced,
0,capacity-fork,243,ARITHMETIC,1,task-agnostic-balanced,
0,capacity-fork,244,ARITHMETIC,0,task-agnostic-balanced,
0,capacity-fork,245,ARITHMETIC,1,task-agnostic-balanced,
0,capacity-fork,246,STORY,0,task-agnostic-balanced,
0,capacity-fork,247,STORY,1,task-agnostic-balanced,
0,capacity-fork,248,ARITHMETIC,0,task-agnostic-balanced,
0,capacity-fork,249,ARITHMETIC,1,task-agnostic-balanced,
0,capacity-fork,250,ARITHMETIC,0,task-agnostic-balanced,
0,capacity-fork,251,ARITHMETIC,1,task-agnostic-balanced,
0,capacity-fork,252,ARITHMETIC,0,task-agnostic-balanced,
0,capacity-fork,253,ARITHMETIC,1,task-agnostic-balanced,
0,capacity-fork,254,STORY,0,task-agnostic-balanced,
0,capacity-fork,255,ARITHMETIC,1,task-agnostic-balanced,
0,capacity-fork,256,ARITHMETIC,0,task-agnostic-balanced,
0,capacity-fork,257,STORY,1,task-agnostic-balanced,
0,capacity-fork,258,ARITHMETIC,0,task-agnostic-balanced,
0,capacity-fork,259,STORY,1,task-agnostic-balanced,
0,capacity-fork,260,ARITHMETIC,0,task-agnostic-balanced,
0,capacity-fork,261,ARITHMETIC,1,task-agnostic-balanced,
0,capacity-fork,262,ARITHMETIC,0,task-agnostic-balanced,
0,capacity-fork,263,STORY,1,task-agnostic-balanced,
0,capacity-fork,264,ARITHMETIC,0,task-agnostic-balanced,
0,capacity-fork,265,ARITHMETIC,1,task-agnostic-balanced,
0,capacity-fork,266,ARITHMETIC,0,task-agnostic-balanced,
0,capacity-fork,267,ARITHMETIC,1,task-agnostic-balanced,
0,capacity-fork,268,STORY,0,task-agnostic-balanced,
0,capacity-fork,269,ARITHMETIC,1,task-agnostic-balanced,
0,capacity-fork,270,STORY,0,task-agnostic-balanced,
0,capacity-fork,271,ARITHMETIC,1,task-agnostic-balanced,
0,capacity-fork,272,STORY,0,task-agnostic-balanced,
0,capacity-fork,273,STORY,1,task-agnostic-balanced,
0,capacity-fork,274,ARITHMETIC,0,task-agnostic-balanced,
0,capacity-fork,275,STORY,1,task-agnostic-balanced,
0,capacity-fork,276,ARITHMETIC,0,task-agnostic-balanced,
0,capacity-fork,277,STORY,1,task-agnostic-balanced,
0,capacity-fork,278,STORY,0,task-agnostic-balanced,
0,capacity-fork,279,STORY,1,task-agnostic-balanced,
0,capacity-fork,280,STORY,0,task-agnostic-balanced,
0,capacity-fork,281,ARITHMETIC,1,task-agnostic-balanced,
0,capacity-fork,282,ARITHMETIC,0,task-agnostic-balanced,
0,capacity-fork,283,ARITHMETIC,1,task-agnostic-balanced,
0,capacity-fork,284,STORY,0,task-agnostic-balanced,
0,capacity-fork,285,STORY,1,task-agnostic-balanced,
0,capacity-fork,286,STORY,0,task-agnostic-balanced,
0,capacity-fork,287,ARITHMETIC,1,task-agnostic-balanced,
0,capacity-fork,288,ARITHMETIC,0,task-agnostic-balanced,
0,capacity-fork,289,ARITHMETIC,1,task-agnostic-balanced,
0,capacity-fork,290,ARITHMETIC,0,task-agnostic-balanced,
0,capacity-fork,291,ARITHMETIC,1,task-agnostic-balanced,
0,capacity-fork,292,STORY,0,task-agnostic-balanced,
0,capacity-fork,293,ARITHMETIC,1,task-agnostic-balanced,
0,capacity-fork,294,ARITHMETIC,0,task-agnostic-balanced,
0,capacity-fork,295,STORY,1,task-agnostic-balanced,
0,capacity-fork,296,ARITHMETIC,0,task-agnostic-balanced,
0,capacity-fork,297,ARITHMETIC,1,task-agnostic-balanced,
0,capacity-fork,298,STORY,0,task-agnostic-balanced,
0,capacity-fork,299,ARITHMETIC,1,task-agnostic-balanced,
0,capacity-fork,300,STORY,0,task-agnostic-balanced,
0,capacity-fork,301,STORY,1,task-agnostic-balanced,
0,capacity-fork,302,ARITHMETIC,0,task-agnostic-balanced,
0,capacity-fork,303,STORY,1,task-agnostic-balanced,
0,capacity-fork,304,STORY,0,task-agnostic-balanced,
0,capacity-fork,305,ARITHMETIC,1,task-agnostic-balanced,
0,capacity-fork,306,STORY,0,task-agnostic-balanced,
0,capacity-fork,307,ARITHMETIC,1,task-agnostic-balanced,
0,capacity-fork,308,ARITHMETIC,0,task-agnostic-balanced,
0,capacity-fork,309,ARITHMETIC,1,task-agnostic-balanced,
0,capacity-fork,310,ARITHMETIC,0,task-agnostic-balanced,
0,capacity-fork,311,ARITHMETIC,1,task-agnostic-balanced,
0,capacity-fork,312,STORY,0,task-agnostic-balanced,
0,capacity-fork,313,STORY,1,task-agnostic-balanced,
0,capacity-fork,314,STORY,0,task-agnostic-balanced,
0,capacity-fork,315,STORY,1,task-agnostic-balanced,
0,capacity-fork,316,ARITHMETIC,0,task-agnostic-balanced,
0,capacity-fork,317,STORY,1,task-agnostic-balanced,
0,capacity-fork,318,STORY,0,task-agnostic-balanced,
0,capacity-fork,319,STORY,1,task-agnostic-balanced,
0,capacity-fork,320,ARITHMETIC,0,task-agnostic-balanced,
0,capacity-fork,321,STORY,1,task-agnostic-balanced,
0,capacity-fork,322,ARITHMETIC,0,task-agnostic-balanced,
0,capacity-fork,323,ARITHMETIC,1,task-agnostic-balanced,
0,capacity-fork,324,ARITHMETIC,0,task-agnostic-balanced,
0,capacity-fork,325,ARITHMETIC,1,task-agnostic-balanced,
0,capacity-fork,326,STORY,0,task-agnostic-balanced,
0,capacity-fork,327,STORY,1,task-agnostic-balanced,
0,capacity-fork,328,STORY,0,task-agnostic-balanced,
0,capacity-fork,329,ARITHMETIC,1,task-agnostic-balanced,
0,capacity-fork,330,STORY,0,task-agnostic-balanced,
0,capacity-fork,331,STORY,1,task-agnostic-balanced,
0,capacity-fork,332,STORY,0,task-agnostic-balanced,
0,capacity-fork,333,ARITHMETIC,1,task-agnostic-balanced,
0,capacity-fork,334,STORY,0,task-agnostic-balanced,
0,capacity-fork,335,STORY,1,task-agnostic-balanced,
0,capacity-fork,336,ARITHMETIC,0,task-agnostic-balanced,
0,capacity-fork,337,STORY,1,task-agnostic-balanced,
0,capacity-fork,338,ARITHMETIC,0,task-agnostic-balanced,
0,capacity-fork,339,STORY,1,task-agnostic-balanced,
0,capacity-fork,340,STORY,0,task-agnostic-balanced,
0,capacity-fork,341,ARITHMETIC,1,task-agnostic-balanced,
0,capacity-fork,342,STORY,0,task-agnostic-balanced,
0,capacity-fork,343,ARITHMETIC,1,task-agnostic-balanced,
0,capacity-fork,344,STORY,0,task-agnostic-balanced,
0,capacity-fork,345,STORY,1,task-agnostic-balanced,
0,capacity-fork,346,STORY,0,task-agnostic-balanced,
0,capacity-fork,347,ARITHMETIC,1,task-agnostic-balanced,
0,capacity-fork,348,ARITHMETIC,0,task-agnostic-balanced,
0,capacity-fork,349,STORY,1,task-agnostic-balanced,
0,capacity-fork,350,STORY,0,task-agnostic-balanced,
0,capacity-fork,351,ARITHMETIC,1,task-agnostic-balanced,
0,capacity-fork,352,STORY,0,task-agnostic-balanced,
0,capacity-fork,353,STORY,1,task-agnostic-balanced,
0,capacity-fork,354,STORY,0,task-agnostic-balanced,
0,capacity-fork,355,ARITHMETIC,1,task-agnostic-balanced,
0,capacity-fork,356,STORY,0,task-agnostic-balanced,
0,capacity-fork,357,STORY,1,task-agnostic-balanced,
0,capacity-fork,358,STORY,0,task-agnostic-balanced,
0,capacity-fork,359,STORY,1,task-agnostic-balanced,
0,capacity-fork,360,ARITHMETIC,0,task-agnostic-balanced,
0,capacity-fork,361,ARITHMETIC,1,task-agnostic-balanced,
0,capacity-fork,362,ARITHMETIC,0,task-agnostic-balanced,
0,capacity-fork,363,ARITHMETIC,1,task-agnostic-balanced,
0,capacity-fork,364,ARITHMETIC,0,task-agnostic-balanced,
0,capacity-fork,365,ARITHMETIC,1,task-agnostic-balanced,
0,capacity-fork,366,STORY,0,task-agnostic-balanced,
0,capacity-fork,367,STORY,1,task-agnostic-balanced,
0,capacity-fork,368,ARITHMETIC,0,task-agnostic-balanced,
0,capacity-fork,369,ARITHMETIC,1,task-agnostic-balanced,
0,capacity-fork,370,ARITHMETIC,0,task-agnostic-balanced,
0,capacity-fork,371,ARITHMETIC,1,task-agnostic-balanced,
0,capacity-fork,372,STORY,0,task-agnostic-balanced,
0,capacity-fork,373,ARITHMETIC,1,task-agnostic-balanced,
0,capacity-fork,374,STORY,0,task-agnostic-balanced,
0,capacity-fork,375,ARITHMETIC,1,task-agnostic-balanced,
0,capacity-fork,376,STORY,0,task-agnostic-balanced,
0,capacity-fork,377,ARITHMETIC,1,task-agnostic-balanced,
0,capacity-fork,378,ARITHMETIC,0,task-agnostic-balanced,
0,capacity-fork,379,ARITHMETIC,1,task-agnostic-balanced,
0,capacity-fork,380,ARITHMETIC,0,task-agnostic-balanced,
0,capacity-fork,381,ARITHMETIC,1,task-agnostic-balanced,
0,capacity-fork,382,ARITHMETIC,0,task-agnostic-balanced,
0,capacity-fork,383,STORY,1,task-agnostic-balanced,
0,capacity-fork,384,ARITHMETIC,0,task-agnostic-balanced,
0,capacity-fork,385,ARITHMETIC,1,task-agnostic-balanced,
0,capacity-fork,386,ARITHMETIC,0,task-agnostic-balanced,
0,capacity-fork,387,ARITHMETIC,1,task-agnostic-balanced,
0,capacity-fork,388,STORY,0,task-agnostic-balanced,
0,capacity-fork,389,ARITHMETIC,1,task-agnostic-balanced,
0,capacity-fork,390,ARITHMETIC,0,task-agnostic-balanced,
0,capacity-fork,391,STORY,1,task-agnostic-balanced,
0,capacity-fork,392,STORY,0,task-agnostic-balanced,
0,capacity-fork,393,ARITHMETIC,1,task-agnostic-balanced,
0,capacity-fork,394,STORY,0,task-agnostic-balanced,
0,capacity-fork,395,ARITHMETIC,1,task-agnostic-balanced,
0,capacity-fork,396,ARITHMETIC,0,task-agnostic-balanced,
0,capacity-fork,397,STORY,1,task-agnostic-balanced,
0,capacity-fork,398,ARITHMETIC,0,task-agnostic-balanced,
0,capacity-fork,399,ARITHMETIC,1,task-agnostic-balanced,
0,capacity-fork,400,STORY,0,task-agnostic-balanced,
0,differentiation-fork,1,ARITHMETIC,0,gradient-conflict,0.4124248623847961
0,differentiation-fork,2,ARITHMETIC,0,gradient-conflict,0.4332570731639862
0,differentiation-fork,3,ARITHMETIC,0,gradient-conflict,0.4222739338874817
0,differentiation-fork,4,ARITHMETIC,0,gradient-conflict,0.4236140549182892
0,differentiation-fork,5,ARITHMETIC,0,gradient-conflict,0.4262329936027527
0,differentiation-fork,6,STORY,1,gradient-conflict,-0.5582729578018188
0,differentiation-fork,7,STORY,1,gradient-conflict,-0.6136654615402222
0,differentiation-fork,8,STORY,1,gradient-conflict,-0.1457769572734832
0,differentiation-fork,9,ARITHMETIC,0,gradient-conflict,0.4183983206748962
0,differentiation-fork,10,STORY,1,gradient-conflict,-0.5183045864105225
0,differentiation-fork,11,ARITHMETIC,0,gradient-conflict,0.4220539331436157
0,differentiation-fork,12,ARITHMETIC,0,gradient-conflict,0.4311123490333557
0,differentiation-fork,13,STORY,1,gradient-conflict,-0.6002166271209717
0,differentiation-fork,14,STORY,1,gradient-conflict,-0.0172226503491401
0,differentiation-fork,15,STORY,0,gradient-conflict,0.1505428403615951
0,differentiation-fork,16,STORY,1,gradient-conflict,-0.3638769388198852
0,differentiation-fork,17,ARITHMETIC,0,gradient-conflict,0.4267200231552124
0,differentiation-fork,18,STORY,1,gradient-conflict,-0.724129319190979
0,differentiation-fork,19,ARITHMETIC,0,gradient-conflict,0.4323056638240814
0,differentiation-fork,20,STORY,1,gradient-conflict,-0.149495467543602
0,differentiation-fork,21,ARITHMETIC,0,gradient-conflict,0.4239742755889892
0,differentiation-fork,22,STORY,1,gradient-conflict,-0.4533575177192688
0,differentiation-fork,23,STORY,1,gradient-conflict,-0.8796306848526001
0,differentiation-fork,24,ARITHMETIC,0,gradient-conflict,0.4213261902332306
0,differentiation-fork,25,ARITHMETIC,0,gradient-conflict,0.4387267529964447
0,differentiation-fork,26,STORY,1,gradient-conflict,-0.0567621551454067
0,differentiation-fork,27,ARITHMETIC,0,gradient-conflict,0.4289267361164093
0,differentiation-fork,28,STORY,1,gradient-conflict,-0.9623878598213196
0,differentiation-fork,29,STORY,1,gradient-conflict,-0.6784843802452087
0,differentiation-fork,30,ARITHMETIC,0,gradient-conflict,0.4266952574253082
0,differentiation-fork,31,STORY,1,gradient-conflict,-0.0711857676506042
0,differentiation-fork,32,STORY,1,gradient-conflict,-0.6113539338111877
0,differentiation-fork,33,ARITHMETIC,0,gradient-conflict,0.4353649020195007
0,differentiation-fork,34,STORY,1,gradient-conflict,-1.1697094440460205
0,differentiation-fork,35,STORY,1,gradient-conflict,-0.7650684118270874
0,differentiation-fork,36,STORY,1,gradient-conflict,-1.0610215663909912
0,differentiation-fork,37,STORY,1,gradient-conflict,-0.0838500410318374
0,differentiation-fork,38,ARITHMETIC,0,gradient-conflict,0.423340231180191
0,differentiation-fork,39,ARITHMETIC,0,gradient-conflict,0.4210822582244873
0,differentiation-fork,40,ARITHMETIC,0,gradient-conflict,0.4364472925662994
0,differentiation-fork,41,STORY,1,gradient-conflict,-0.4327099025249481
0,differentiation-fork,42,ARITHMETIC,0,gradient-conflict,0.4273829758167267
0,differentiation-fork,43,ARITHMETIC,0,gradient-conflict,0.4206603765487671
0,differentiation-fork,44,STORY,1,gradient-conflict,-0.0947640016674995
0,differentiation-fork,45,STORY,1,gradient-conflict,-0.8300292491912842
0,differentiation-fork,46,STORY,0,gradient-conflict,0.0830559507012367
0,differentiation-fork,47,ARITHMETIC,0,gradient-conflict,0.4157653450965881
0,differentiation-fork,48,ARITHMETIC,0,gradient-conflict,0.4248704314231872
0,differentiation-fork,49,STORY,1,gradient-conflict,-0.0180904529988765
0,differentiation-fork,50,ARITHMETIC,0,gradient-conflict,0.4366380572319031
0,differentiation-fork,51,ARITHMETIC,0,gradient-conflict,0.4230435490608215
0,differentiation-fork,52,STORY,1,gradient-conflict,-0.0655115991830825
0,differentiation-fork,53,ARITHMETIC,0,gradient-conflict,0.4213469624519348
0,differentiation-fork,54,STORY,1,gradient-conflict,-0.8459513187408447
0,differentiation-fork,55,STORY,1,gradient-conflict,-1.2189853191375732
0,differentiation-fork,56,ARITHMETIC,0,gradient-conflict,0.4293923377990722
0,differentiation-fork,57,STORY,1,gradient-conflict,-0.469887912273407
0,differentiation-fork,58,ARITHMETIC,0,gradient-conflict,0.4273542463779449
0,differentiation-fork,59,ARITHMETIC,0,gradient-conflict,0.4247530102729797
0,differentiation-fork,60,STORY,1,gradient-conflict,-0.768803596496582
0,differentiation-fork,61,ARITHMETIC,0,gradient-conflict,0.4326804280281067
0,differentiation-fork,62,STORY,1,gradient-conflict,-0.8858330249786377
0,differentiation-fork,63,ARITHMETIC,0,gradient-conflict,0.4288490414619446
0,differentiation-fork,64,STORY,1,gradient-conflict,-0.9728889465332032
0,differentiation-fork,65,ARITHMETIC,0,gradient-conflict,0.4344815909862518
0,differentiation-fork,66,ARITHMETIC,0,gradient-conflict,0.431757390499115
0,differentiation-fork,67,STORY,1,gradient-conflict,-0.9704896211624146
0,differentiation-fork,68,ARITHMETIC,0,gradient-conflict,0.4259919822216034
0,differentiation-fork,69,ARITHMETIC,0,gradient-conflict,0.4308634400367737
0,differentiation-fork,70,STORY,1,gradient-conflict,-0.7097991704940796
0,differentiation-fork,71,ARITHMETIC,0,gradient-conflict,0.4203420281410217
0,differentiation-fork,72,STORY,1,gradient-conflict,-0.284260094165802
0,differentiation-fork,73,STORY,1,gradient-conflict,-0.6670558452606201
0,differentiation-fork,74,STORY,1,gradient-conflict,-0.3732637763023376
0,differentiation-fork,75,ARITHMETIC,0,gradient-conflict,0.4175771474838257
0,differentiation-fork,76,ARITHMETIC,0,gradient-conflict,0.4216510951519012
0,differentiation-fork,77,STORY,1,gradient-conflict,-0.5520474910736084
0,differentiation-fork,78,STORY,1,gradient-conflict,-0.9980216026306152
0,differentiation-fork,79,STORY,1,gradient-conflict,-1.0153108835220337
0,differentiation-fork,80,STORY,1,gradient-conflict,-0.4226613938808441
0,differentiation-fork,81,STORY,1,gradient-conflict,-0.2706224918365478
0,differentiation-fork,82,ARITHMETIC,0,gradient-conflict,0.4237294793128967
0,differentiation-fork,83,STORY,1,gradient-conflict,-0.943535327911377
0,differentiation-fork,84,STORY,1,gradient-conflict,-0.6226592063903809
0,differentiation-fork,85,STORY,1,gradient-conflict,-0.6478142738342285
0,differentiation-fork,86,STORY,1,gradient-conflict,-0.1426584422588348
0,differentiation-fork,87,ARITHMETIC,0,gradient-conflict,0.4286731481552124
0,differentiation-fork,88,ARITHMETIC,0,gradient-conflict,0.4178975820541382
0,differentiation-fork,89,STORY,1,gradient-conflict,-0.203467771410942
0,differentiation-fork,90,STORY,1,gradient-conflict,-0.9179540872573853
0,differentiation-fork,91,STORY,1,gradient-conflict,-0.243908941745758
0,differentiation-fork,92,STORY,1,gradient-conflict,-0.5897142887115479
0,differentiation-fork,93,STORY,1,gradient-conflict,-0.9176889061927797
0,differentiation-fork,94,STORY,1,gradient-conflict,-0.4948132634162903
0,differentiation-fork,95,STORY,1,gradient-conflict,-0.588874340057373
0,differentiation-fork,96,ARITHMETIC,0,gradient-conflict,0.4219186007976532
0,differentiation-fork,97,STORY,1,gradient-conflict,-0.4963420331478119
0,differentiation-fork,98,ARITHMETIC,0,gradient-conflict,0.4237788319587707
0,differentiation-fork,99,ARITHMETIC,0,gradient-conflict,0.4164889454841614
0,differentiation-fork,100,ARITHMETIC,0,gradient-conflict,0.4346911311149597
0,differentiation-fork,101,ARITHMETIC,0,gradient-conflict,0.4237779974937439
0,differentiation-fork,102,ARITHMETIC,0,gradient-conflict,0.4324454665184021
0,differentiation-fork,103,STORY,1,gradient-conflict,-0.3710218369960785
0,differentiation-fork,104,ARITHMETIC,0,gradient-conflict,0.4257063865661621
0,differentiation-fork,105,ARITHMETIC,0,gradient-conflict,0.4313121438026428
0,differentiation-fork,106,ARITHMETIC,0,gradient-conflict,0.4120398759841919
0,differentiation-fork,107,ARITHMETIC,0,gradient-conflict,0.4231921136379242
0,differentiation-fork,108,STORY,1,gradient-conflict,-0.055927351117134
0,differentiation-fork,109,ARITHMETIC,0,gradient-conflict,0.4316239953041076
0,differentiation-fork,110,STORY,1,gradient-conflict,-1.2462695837020874
0,differentiation-fork,111,STORY,1,gradient-conflict,-0.3676758408546448
0,differentiation-fork,112,ARITHMETIC,0,gradient-conflict,0.4193989038467407
0,differentiation-fork,113,STORY,1,gradient-conflict,-0.5997401475906372
0,differentiation-fork,114,STORY,1,gradient-conflict,-0.2865755259990692
0,differentiation-fork,115,ARITHMETIC,0,gradient-conflict,0.4031805992126465
0,differentiation-fork,116,STORY,1,gradient-conflict,-0.1576206982135772
0,differentiation-fork,117,ARITHMETIC,0,gradient-conflict,0.4165448844432831
0,differentiation-fork,118,STORY,1,gradient-conflict,-0.8340465426445007
0,differentiation-fork,119,ARITHMETIC,0,gradient-conflict,0.4254792928695678
0,differentiation-fork,120,ARITHMETIC,0,gradient-conflict,0.4332441687583923
0,differentiation-fork,121,STORY,1,gradient-conflict,-1.2483397722244265
0,differentiation-fork,122,ARITHMETIC,0,gradient-conflict,0.4313690364360809
0,differentiation-fork,123,ARITHMETIC,0,gradient-conflict,0.4190568923950195
0,differentiation-fork,124,STORY,0,gradient-conflict,0.1279467344284057
0,differentiation-fork,125,ARITHMETIC,0,gradient-conflict,0.423904687166214
0,differentiation-fork,126,ARITHMETIC,0,gradient-conflict,0.4270815253257751
0,differentiation-fork,127,STORY,1,gradient-conflict,-0.1331371963024139
0,differentiation-fork,128,STORY,1,gradient-conflict,-0.7336151003837585
0,differentiation-fork,129,STORY,1,gradient-conflict,-0.2822145819664001
0,differentiation-fork,130,STORY,1,gradient-conflict,-0.3952423632144928
0,differentiation-fork,131,STORY,0,gradient-conflict,0.1114501357078552
0,differentiation-fork,132,STORY,1,gradient-conflict,-0.5613863468170166
0,differentiation-fork,133,STORY,1,gradient-conflict,-0.6327323913574219
0,differentiation-fork,134,ARITHMETIC,0,gradient-conflict,0.420572966337204
0,differentiation-fork,135,STORY,1,gradient-conflict,-0.2554772496223449
0,differentiation-fork,136,STORY,1,gradient-conflict,-0.2937817573547363
0,differentiation-fork,137,ARITHMETIC,0,gradient-conflict,0.4304976165294647
0,differentiation-fork,138,ARITHMETIC,0,gradient-conflict,0.4287347793579101
0,differentiation-fork,139,STORY,1,gradient-conflict,-0.0935164242982864
0,differentiation-fork,140,ARITHMETIC,0,gradient-conflict,0.4300475120544433
0,differentiation-fork,141,ARITHMETIC,0,gradient-conflict,0.4297339916229248
0,differentiation-fork,142,STORY,1,gradient-conflict,-0.6354376673698425
0,differentiation-fork,143,ARITHMETIC,0,gradient-conflict,0.4275137186050415
0,differentiation-fork,144,STORY,1,gradient-conflict,-1.1237595081329346
0,differentiation-fork,145,ARITHMETIC,0,gradient-conflict,0.4281210303306579
0,differentiation-fork,146,ARITHMETIC,0,gradient-conflict,0.42703378200531
0,differentiation-fork,147,STORY,1,gradient-conflict,-0.4527601599693298
0,differentiation-fork,148,STORY,1,gradient-conflict,-0.3089863061904907
0,differentiation-fork,149,STORY,1,gradient-conflict,-1.163661003112793
0,differentiation-fork,150,STORY,1,gradient-conflict,-0.9449304342269896
0,differentiation-fork,151,ARITHMETIC,0,gradient-conflict,0.4159755706787109
0,differentiation-fork,152,STORY,1,gradient-conflict,-0.899372935295105
0,differentiation-fork,153,STORY,1,gradient-conflict,-1.1891368627548218
0,differentiation-fork,154,STORY,1,gradient-conflict,-0.7600749731063843
0,differentiation-fork,155,ARITHMETIC,0,gradient-conflict,0.4056486487388611
0,differentiation-fork,156,ARITHMETIC,0,gradient-conflict,0.4175396561622619
0,differentiation-fork,157,ARITHMETIC,0,gradient-conflict,0.4301684200763702
0,differentiation-fork,158,ARITHMETIC,0,gradient-conflict,0.4276992678642273
0,differentiation-fork,159,ARITHMETIC,0,gradient-conflict,0.4211361408233642
0,differentiation-fork,160,STORY,1,gradient-conflict,-0.3086377084255218
0,differentiation-fork,161,ARITHMETIC,0,gradient-conflict,0.4330069124698639
0,differentiation-fork,162,STORY,1,gradient-conflict,-0.6530012488365173
0,differentiation-fork,163,STORY,1,gradient-conflict,-0.4199829697608948
0,differentiation-fork,164,STORY,0,gradient-conflict,0.0215461514890193
0,differentiation-fork,165,ARITHMETIC,0,gradient-conflict,0.422763466835022
0,differentiation-fork,166,STORY,1,gradient-conflict,-1.0409722328186035
0,differentiation-fork,167,STORY,1,gradient-conflict,-0.1718264669179916
0,differentiation-fork,168,STORY,1,gradient-conflict,-0.1321542263031005
0,differentiation-fork,169,STORY,1,gradient-conflict,-0.9439496994018556
0,differentiation-fork,170,STORY,1,gradient-conflict,-0.0872052833437919
0,differentiation-fork,171,STORY,1,gradient-conflict,-0.1577131152153015
0,differentiation-fork,172,STORY,0,gradient-conflict,0.0022127237170934
0,differentiation-fork,173,ARITHMETIC,0,gradient-conflict,0.4346742331981659
0,differentiation-fork,174,ARITHMETIC,0,gradient-conflict,0.4264696538448334
0,differentiation-fork,175,ARITHMETIC,0,gradient-conflict,0.4212872385978699
0,differentiation-fork,176,STORY,1,gradient-conflict,-0.7947967052459717
0,differentiation-fork,177,STORY,1,gradient-conflict,-0.5706145763397217
0,differentiation-fork,178,STORY,1,gradient-conflict,-0.943695306777954
0,differentiation-fork,179,STORY,0,gradient-conflict,0.1805666089057922
0,differentiation-fork,180,ARITHMETIC,0,gradient-conflict,0.4289561808109283
0,differentiation-fork,181,ARITHMETIC,0,gradient-conflict,0.4205897748470306
0,differentiation-fork,182,ARITHMETIC,0,gradient-conflict,0.430850625038147
0,differentiation-fork,183,ARITHMETIC,0,gradient-conflict,0.4180341362953186
0,differentiation-fork,184,STORY,1,gradient-conflict,-0.5250124931335449
0,differentiation-fork,185,STORY,1,gradient-conflict,-0.743133544921875
0,differentiation-fork,186,ARITHMETIC,0,gradient-conflict,0.4281900525093078
0,differentiation-fork,187,ARITHMETIC,0,gradient-conflict,0.4158651828765869
0,differentiation-fork,188,STORY,1,gradient-conflict,-0.8385456204414368
0,differentiation-fork,189,ARITHMETIC,0,gradient-conflict,0.4241543114185333
0,differentiation-fork,190,ARITHMETIC,0,gradient-conflict,0.416665256023407
0,differentiation-fork,191,STORY,1,gradient-conflict,-0.4323831796646118
0,differentiation-fork,192,ARITHMETIC,0,gradient-conflict,0.4301742315292358
0,differentiation-fork,193,ARITHMETIC,0,gradient-conflict,0.4323318600654602
0,differentiation-fork,194,ARITHMETIC,0,gradient-conflict,0.4180210828781128
0,differentiation-fork,195,STORY,1,gradient-conflict,-0.0993017703294754
0,differentiation-fork,196,ARITHMETIC,0,gradient-conflict,0.4075654447078705
0,differentiation-fork,197,STORY,1,gradient-conflict,-0.9407204389572144
0,differentiation-fork,198,STORY,1,gradient-conflict,-1.0061805248260498
0,differentiation-fork,199,STORY,1,gradient-conflict,-0.556212306022644
0,differentiation-fork,200,STORY,1,gradient-conflict,-0.5575575828552246
0,differentiation-fork,201,STORY,1,gradient-conflict,-0.9559158086776732
0,differentiation-fork,202,ARITHMETIC,0,gradient-conflict,0.4398798942565918
0,differentiation-fork,203,STORY,1,gradient-conflict,-0.2429941147565841
0,differentiation-fork,204,STORY,0,gradient-conflict,0.0133645040914416
0,differentiation-fork,205,STORY,1,gradient-conflict,-0.6699901223182678
0,differentiation-fork,206,ARITHMETIC,0,gradient-conflict,0.427796870470047
0,differentiation-fork,207,STORY,1,gradient-conflict,-0.6755577325820923
0,differentiation-fork,208,ARITHMETIC,0,gradient-conflict,0.428289920091629
0,differentiation-fork,209,ARITHMETIC,0,gradient-conflict,0.4304500222206116
0,differentiation-fork,210,ARITHMETIC,0,gradient-conflict,0.4282182455062866
0,differentiation-fork,211,ARITHMETIC,0,gradient-conflict,0.4271477162837982
0,differentiation-fork,212,STORY,1,gradient-conflict,-0.9454445838928224
0,differentiation-fork,213,ARITHMETIC,0,gradient-conflict,0.4144639670848846
0,differentiation-fork,214,ARITHMETIC,0,gradient-conflict,0.4223420321941376
0,differentiation-fork,215,STORY,1,gradient-conflict,-0.1128476038575172
0,differentiation-fork,216,STORY,1,gradient-conflict,-0.1183577924966812
0,differentiation-fork,217,STORY,0,gradient-conflict,0.0142198745161294
0,differentiation-fork,218,STORY,1,gradient-conflict,-0.6396900415420532
0,differentiation-fork,219,ARITHMETIC,0,gradient-conflict,0.4219115972518921
0,differentiation-fork,220,ARITHMETIC,0,gradient-conflict,0.4330301880836487
0,differentiation-fork,221,ARITHMETIC,0,gradient-conflict,0.4248645305633545
0,differentiation-fork,222,ARITHMETIC,0,gradient-conflict,0.4260516166687011
0,differentiation-fork,223,ARITHMETIC,0,gradient-conflict,0.4244493246078491
0,differentiation-fork,224,STORY,1,gradient-conflict,-0.4275421798229217
0,differentiation-fork,225,ARITHMETIC,0,gradient-conflict,0.4284190535545349
0,differentiation-fork,226,STORY,1,gradient-conflict,-0.1201103627681732
0,differentiation-fork,227,STORY,1,gradient-conflict,-0.4113590717315674
0,differentiation-fork,228,STORY,1,gradient-conflict,-0.4938395619392395
0,differentiation-fork,229,STORY,1,gradient-conflict,-0.0748169422149658
0,differentiation-fork,230,STORY,0,gradient-conflict,0.1339389532804489
0,differentiation-fork,231,STORY,1,gradient-conflict,-0.7493983507156372
0,differentiation-fork,232,ARITHMETIC,0,gradient-conflict,0.4339326620101928
0,differentiation-fork,233,ARITHMETIC,0,gradient-conflict,0.4287704229354858
0,differentiation-fork,234,STORY,1,gradient-conflict,-0.3987019658088684
0,differentiation-fork,235,ARITHMETIC,0,gradient-conflict,0.4241628050804138
0,differentiation-fork,236,STORY,1,gradient-conflict,-0.0552717149257659
0,differentiation-fork,237,ARITHMETIC,0,gradient-conflict,0.4222719669342041
0,differentiation-fork,238,STORY,1,gradient-conflict,-0.3718833923339844
0,differentiation-fork,239,ARITHMETIC,0,gradient-conflict,0.4259225130081177
0,differentiation-fork,240,ARITHMETIC,0,gradient-conflict,0.4194393455982208
0,differentiation-fork,241,STORY,1,gradient-conflict,-0.9030320644378662
0,differentiation-fork,242,STORY,1,gradient-conflict,-0.4494953751564026
0,differentiation-fork,243,ARITHMETIC,0,gradient-conflict,0.4280380010604858
0,differentiation-fork,244,ARITHMETIC,0,gradient-conflict,0.4266318678855896
0,differentiation-fork,245,ARITHMETIC,0,gradient-conflict,0.4266546070575714
0,differentiation-fork,246,STORY,1,gradient-conflict,-0.8451391458511353
0,differentiation-fork,247,STORY,1,gradient-conflict,-0.0326555967330932
0,differentiation-fork,248,ARITHMETIC,0,gradient-conflict,0.4278709590435028
0,differentiation-fork,249,ARITHMETIC,0,gradient-conflict,0.4306739270687103
0,differentiation-fork,250,ARITHMETIC,0,gradient-conflict,0.4291659891605377
0,differentiation-fork,251,ARITHMETIC,0,gradient-conflict,0.4296771287918091
0,differentiation-fork,252,ARITHMETIC,0,gradient-conflict,0.4349986314773559
0,differentiation-fork,253,ARITHMETIC,0,gradient-conflict,0.4352287054061889
0,differentiation-fork,254,STORY,1,gradient-conflict,-0.947563648223877
0,differentiation-fork,255,ARITHMETIC,0,gradient-conflict,0.4273461401462555
0,differentiation-fork,256,ARITHMETIC,0,gradient-conflict,0.4316283166408539
0,differentiation-fork,257,STORY,1,gradient-conflict,-0.1202759370207786
0,differentiation-fork,258,ARITHMETIC,0,gradient-conflict,0.4256077110767364
0,differentiation-fork,259,STORY,1,gradient-conflict,-0.19350665807724
0,differentiation-fork,260,ARITHMETIC,0,gradient-conflict,0.4121608734130859
0,differentiation-fork,261,ARITHMETIC,0,gradient-conflict,0.4264282584190368
0,differentiation-fork,262,ARITHMETIC,0,gradient-conflict,0.4350284337997436
0,differentiation-fork,263,STORY,1,gradient-conflict,-0.1026979312300682
0,differentiation-fork,264,ARITHMETIC,0,gradient-conflict,0.4398141503334045
0,differentiation-fork,265,ARITHMETIC,0,gradient-conflict,0.4224273562431335
0,differentiation-fork,266,ARITHMETIC,0,gradient-conflict,0.4284769296646118
0,differentiation-fork,267,ARITHMETIC,0,gradient-conflict,0.4177129566669464
0,differentiation-fork,268,STORY,0,gradient-conflict,0.0022296980023384
0,differentiation-fork,269,ARITHMETIC,0,gradient-conflict,0.4256340563297272
0,differentiation-fork,270,STORY,1,gradient-conflict,-0.8134998679161072
0,differentiation-fork,271,ARITHMETIC,0,gradient-conflict,0.4251161813735962
0,differentiation-fork,272,STORY,1,gradient-conflict,-1.2101490497589111
0,differentiation-fork,273,STORY,1,gradient-conflict,-0.268764853477478
0,differentiation-fork,274,ARITHMETIC,0,gradient-conflict,0.4138451814651489
0,differentiation-fork,275,STORY,1,gradient-conflict,-0.025522731244564
0,differentiation-fork,276,ARITHMETIC,0,gradient-conflict,0.4339088499546051
0,differentiation-fork,277,STORY,1,gradient-conflict,-0.9357447028160096
0,differentiation-fork,278,STORY,1,gradient-conflict,-1.2381774187088013
0,differentiation-fork,279,STORY,1,gradient-conflict,-0.915529191493988
0,differentiation-fork,280,STORY,1,gradient-conflict,-0.5075180530548096
0,differentiation-fork,281,ARITHMETIC,0,gradient-conflict,0.4365189373493194
0,differentiation-fork,282,ARITHMETIC,0,gradient-conflict,0.427897036075592
0,differentiation-fork,283,ARITHMETIC,0,gradient-conflict,0.4230010211467743
0,differentiation-fork,284,STORY,1,gradient-conflict,-0.1445749551057815
0,differentiation-fork,285,STORY,1,gradient-conflict,-0.7579785585403442
0,differentiation-fork,286,STORY,1,gradient-conflict,-0.2099001556634903
0,differentiation-fork,287,ARITHMETIC,0,gradient-conflict,0.4299118518829345
0,differentiation-fork,288,ARITHMETIC,0,gradient-conflict,0.4175800681114197
0,differentiation-fork,289,ARITHMETIC,0,gradient-conflict,0.4269306063652038
0,differentiation-fork,290,ARITHMETIC,0,gradient-conflict,0.4256297945976257
0,differentiation-fork,291,ARITHMETIC,0,gradient-conflict,0.4274214804172516
0,differentiation-fork,292,STORY,1,gradient-conflict,-1.2838064432144165
0,differentiation-fork,293,ARITHMETIC,0,gradient-conflict,0.4291576147079468
0,differentiation-fork,294,ARITHMETIC,0,gradient-conflict,0.4224961400032043
0,differentiation-fork,295,STORY,1,gradient-conflict,-0.9696385264396667
0,differentiation-fork,296,ARITHMETIC,0,gradient-conflict,0.4201308488845825
0,differentiation-fork,297,ARITHMETIC,0,gradient-conflict,0.4219641983509063
0,differentiation-fork,298,STORY,1,gradient-conflict,-0.0939581468701362
0,differentiation-fork,299,ARITHMETIC,0,gradient-conflict,0.4303388893604278
0,differentiation-fork,300,STORY,1,gradient-conflict,-0.0912223979830741
0,differentiation-fork,301,STORY,1,gradient-conflict,-1.049821853637695
0,differentiation-fork,302,ARITHMETIC,0,gradient-conflict,0.4332085847854614
0,differentiation-fork,303,STORY,1,gradient-conflict,-0.484286367893219
0,differentiation-fork,304,STORY,1,gradient-conflict,-0.617709755897522
0,differentiation-fork,305,ARITHMETIC,0,gradient-conflict,0.4317067861557007
0,differentiation-fork,306,STORY,1,gradient-conflict,-0.103822685778141
0,differentiation-fork,307,ARITHMETIC,0,gradient-conflict,0.4186964631080627
0,differentiation-fork,308,ARITHMETIC,0,gradient-conflict,0.4283825755119324
0,differentiation-fork,309,ARITHMETIC,0,gradient-conflict,0.4273828864097595
0,differentiation-fork,310,ARITHMETIC,0,gradient-conflict,0.4285914003849029
0,differentiation-fork,311,ARITHMETIC,0,gradient-conflict,0.4079566895961761
0,differentiation-fork,312,STORY,0,gradient-conflict,0.1338516473770141
0,differentiation-fork,313,STORY,1,gradient-conflict,-0.2499897480010986
0,differentiation-fork,314,STORY,1,gradient-conflict,-0.6842154860496521
0,differentiation-fork,315,STORY,1,gradient-conflict,-0.401189386844635
0,differentiation-fork,316,ARITHMETIC,0,gradient-conflict,0.4144244790077209
0,differentiation-fork,317,STORY,1,gradient-conflict,-0.7602663636207581
0,differentiation-fork,318,STORY,1,gradient-conflict,-0.771067202091217
0,differentiation-fork,319,STORY,1,gradient-conflict,-0.6391097903251648
0,differentiation-fork,320,ARITHMETIC,0,gradient-conflict,0.4327679276466369
0,differentiation-fork,321,STORY,1,gradient-conflict,-0.4808128476142883
0,differentiation-fork,322,ARITHMETIC,0,gradient-conflict,0.425266832113266
0,differentiation-fork,323,ARITHMETIC,0,gradient-conflict,0.4323662519454956
0,differentiation-fork,324,ARITHMETIC,0,gradient-conflict,0.4206069409847259
0,differentiation-fork,325,ARITHMETIC,0,gradient-conflict,0.4239560067653656
0,differentiation-fork,326,STORY,1,gradient-conflict,-1.0958518981933594
0,differentiation-fork,327,STORY,1,gradient-conflict,-0.3058105111122131
0,differentiation-fork,328,STORY,0,gradient-conflict,0.0542792454361915
0,differentiation-fork,329,ARITHMETIC,0,gradient-conflict,0.4287596344947815
0,differentiation-fork,330,STORY,1,gradient-conflict,-0.5753576159477234
0,differentiation-fork,331,STORY,1,gradient-conflict,-1.152221441268921
0,differentiation-fork,332,STORY,1,gradient-conflict,-0.8827765583992004
0,differentiation-fork,333,ARITHMETIC,0,gradient-conflict,0.4191486239433288
0,differentiation-fork,334,STORY,1,gradient-conflict,-0.0145043283700943
0,differentiation-fork,335,STORY,1,gradient-conflict,-0.4255030155181885
0,differentiation-fork,336,ARITHMETIC,0,gradient-conflict,0.4346655905246734
0,differentiation-fork,337,STORY,1,gradient-conflict,-0.9606130123138428
0,differentiation-fork,338,ARITHMETIC,0,gradient-conflict,0.4087460935115814
0,differentiation-fork,339,STORY,0,gradient-conflict,0.0192974954843521
0,differentiation-fork,340,STORY,1,gradient-conflict,-0.5681511759757996
0,differentiation-fork,341,ARITHMETIC,0,gradient-conflict,0.4370924830436706
0,differentiation-fork,342,STORY,0,gradient-conflict,0.071044310927391
0,differentiation-fork,343,ARITHMETIC,0,gradient-conflict,0.4150313138961792
0,differentiation-fork,344,STORY,1,gradient-conflict,-0.7428800463676453
0,differentiation-fork,345,STORY,1,gradient-conflict,-1.1424081325531006
0,differentiation-fork,346,STORY,1,gradient-conflict,-0.5547827482223511
0,differentiation-fork,347,ARITHMETIC,0,gradient-conflict,0.4199317097663879
0,differentiation-fork,348,ARITHMETIC,0,gradient-conflict,0.3973593711853027
0,differentiation-fork,349,STORY,1,gradient-conflict,-1.244954228401184
0,differentiation-fork,350,STORY,1,gradient-conflict,-0.7606774568557739
0,differentiation-fork,351,ARITHMETIC,0,gradient-conflict,0.4275727868080139
0,differentiation-fork,352,STORY,1,gradient-conflict,-0.5938035249710083
0,differentiation-fork,353,STORY,1,gradient-conflict,-0.4482985138893127
0,differentiation-fork,354,STORY,1,gradient-conflict,-0.0894156843423843
0,differentiation-fork,355,ARITHMETIC,0,gradient-conflict,0.4254655539989471
0,differentiation-fork,356,STORY,1,gradient-conflict,-0.1528240889310836
0,differentiation-fork,357,STORY,1,gradient-conflict,-0.7164137959480286
0,differentiation-fork,358,STORY,1,gradient-conflict,-0.3718963265419006
0,differentiation-fork,359,STORY,1,gradient-conflict,-1.1995444297790527
0,differentiation-fork,360,ARITHMETIC,0,gradient-conflict,0.4301305413246155
0,differentiation-fork,361,ARITHMETIC,0,gradient-conflict,0.4346417188644409
0,differentiation-fork,362,ARITHMETIC,0,gradient-conflict,0.4316748976707458
0,differentiation-fork,363,ARITHMETIC,0,gradient-conflict,0.437510073184967
0,differentiation-fork,364,ARITHMETIC,0,gradient-conflict,0.4314477443695068
0,differentiation-fork,365,ARITHMETIC,0,gradient-conflict,0.4299404323101043
0,differentiation-fork,366,STORY,1,gradient-conflict,-0.539106011390686
0,differentiation-fork,367,STORY,0,gradient-conflict,0.0719284862279892
0,differentiation-fork,368,ARITHMETIC,0,gradient-conflict,0.4187517762184143
0,differentiation-fork,369,ARITHMETIC,0,gradient-conflict,0.4326514005661011
0,differentiation-fork,370,ARITHMETIC,0,gradient-conflict,0.4307853281497955
0,differentiation-fork,371,ARITHMETIC,0,gradient-conflict,0.4021942913532257
0,differentiation-fork,372,STORY,1,gradient-conflict,-0.4913015067577362
0,differentiation-fork,373,ARITHMETIC,0,gradient-conflict,0.4278817772865295
0,differentiation-fork,374,STORY,1,gradient-conflict,-0.6031877994537354
0,differentiation-fork,375,ARITHMETIC,0,gradient-conflict,0.4188138842582702
0,differentiation-fork,376,STORY,1,gradient-conflict,-0.9441978931427002
0,differentiation-fork,377,ARITHMETIC,0,gradient-conflict,0.4287291169166565
0,differentiation-fork,378,ARITHMETIC,0,gradient-conflict,0.4264304041862488
0,differentiation-fork,379,ARITHMETIC,0,gradient-conflict,0.43404021859169
0,differentiation-fork,380,ARITHMETIC,0,gradient-conflict,0.4297068119049072
0,differentiation-fork,381,ARITHMETIC,0,gradient-conflict,0.412945419549942
0,differentiation-fork,382,ARITHMETIC,0,gradient-conflict,0.4231597781181335
0,differentiation-fork,383,STORY,1,gradient-conflict,-0.4689567685127258
0,differentiation-fork,384,ARITHMETIC,0,gradient-conflict,0.4226249754428863
0,differentiation-fork,385,ARITHMETIC,0,gradient-conflict,0.4252803921699524
0,differentiation-fork,386,ARITHMETIC,0,gradient-conflict,0.4260212779045105
0,differentiation-fork,387,ARITHMETIC,0,gradient-conflict,0.4263280630111694
0,differentiation-fork,388,STORY,1,gradient-conflict,-0.9733730554580688
0,differentiation-fork,389,ARITHMETIC,0,gradient-conflict,0.4326608180999756
0,differentiation-fork,390,ARITHMETIC,0,gradient-conflict,0.4350020289421081
0,differentiation-fork,391,STORY,1,gradient-conflict,-1.1106815338134766
0,differentiation-fork,392,STORY,1,gradient-conflict,-0.0374687127768993
0,differentiation-fork,393,ARITHMETIC,0,gradient-conflict,0.4308859407901764
0,differentiation-fork,394,STORY,1,gradient-conflict,-0.2554015517234802
0,differentiation-fork,395,ARITHMETIC,0,gradient-conflict,0.4149039983749389
0,differentiation-fork,396,ARITHMETIC,0,gradient-conflict,0.4286780953407287
0,differentiation-fork,397,STORY,1,gradient-conflict,-1.0239969491958618
0,differentiation-fork,398,ARITHMETIC,0,gradient-conflict,0.4306205511093139
0,differentiation-fork,399,ARITHMETIC,0,gradient-conflict,0.4255617558956146
0,differentiation-fork,400,STORY,1,gradient-conflict,-0.2823048532009125
1,unified,1,STORY,0,unified,
1,unified,2,STORY,0,unified,
1,unified,3,ARITHMETIC,0,unified,
1,unified,4,STORY,0,unified,
1,unified,5,STORY,0,unified,
1,unified,6,STORY,0,unified,
1,unified,7,STORY,0,unified,
1,unified,8,STORY,0,unified,
1,unified,9,ARITHMETIC,0,unified,
1,unified,10,ARITHMETIC,0,unified,
1,unified,11,STORY,0,unified,
1,unified,12,ARITHMETIC,0,unified,
1,unified,13,STORY,0,unified,
1,unified,14,ARITHMETIC,0,unified,
1,unified,15,ARITHMETIC,0,unified,
1,unified,16,ARITHMETIC,0,unified,
1,unified,17,ARITHMETIC,0,unified,
1,unified,18,STORY,0,unified,
1,unified,19,ARITHMETIC,0,unified,
1,unified,20,ARITHMETIC,0,unified,
1,unified,21,ARITHMETIC,0,unified,
1,unified,22,ARITHMETIC,0,unified,
1,unified,23,STORY,0,unified,
1,unified,24,STORY,0,unified,
1,unified,25,STORY,0,unified,
1,unified,26,STORY,0,unified,
1,unified,27,ARITHMETIC,0,unified,
1,unified,28,ARITHMETIC,0,unified,
1,unified,29,ARITHMETIC,0,unified,
1,unified,30,STORY,0,unified,
1,unified,31,STORY,0,unified,
1,unified,32,STORY,0,unified,
1,unified,33,ARITHMETIC,0,unified,
1,unified,34,STORY,0,unified,
1,unified,35,ARITHMETIC,0,unified,
1,unified,36,ARITHMETIC,0,unified,
1,unified,37,ARITHMETIC,0,unified,
1,unified,38,ARITHMETIC,0,unified,
1,unified,39,STORY,0,unified,
1,unified,40,ARITHMETIC,0,unified,
1,unified,41,ARITHMETIC,0,unified,
1,unified,42,ARITHMETIC,0,unified,
1,unified,43,STORY,0,unified,
1,unified,44,ARITHMETIC,0,unified,
1,unified,45,STORY,0,unified,
1,unified,46,STORY,0,unified,
1,unified,47,ARITHMETIC,0,unified,
1,unified,48,STORY,0,unified,
1,unified,49,STORY,0,unified,
1,unified,50,STORY,0,unified,
1,unified,51,ARITHMETIC,0,unified,
1,unified,52,STORY,0,unified,
1,unified,53,STORY,0,unified,
1,unified,54,ARITHMETIC,0,unified,
1,unified,55,ARITHMETIC,0,unified,
1,unified,56,ARITHMETIC,0,unified,
1,unified,57,ARITHMETIC,0,unified,
1,unified,58,STORY,0,unified,
1,unified,59,ARITHMETIC,0,unified,
1,unified,60,ARITHMETIC,0,unified,
1,unified,61,ARITHMETIC,0,unified,
1,unified,62,ARITHMETIC,0,unified,
1,unified,63,STORY,0,unified,
1,unified,64,STORY,0,unified,
1,unified,65,STORY,0,unified,
1,unified,66,STORY,0,unified,
1,unified,67,ARITHMETIC,0,unified,
1,unified,68,ARITHMETIC,0,unified,
1,unified,69,ARITHMETIC,0,unified,
1,unified,70,STORY,0,unified,
1,unified,71,STORY,0,unified,
1,unified,72,STORY,0,unified,
1,unified,73,STORY,0,unified,
1,unified,74,STORY,0,unified,
1,unified,75,ARITHMETIC,0,unified,
1,unified,76,ARITHMETIC,0,unified,
1,unified,77,STORY,0,unified,
1,unified,78,ARITHMETIC,0,unified,
1,unified,79,ARITHMETIC,0,unified,
1,unified,80,ARITHMETIC,0,unified,
1,unified,81,STORY,0,unified,
1,unified,82,ARITHMETIC,0,unified,
1,unified,83,ARITHMETIC,0,unified,
1,unified,84,ARITHMETIC,0,unified,
1,unified,85,ARITHMETIC,0,unified,
1,unified,86,STORY,0,unified,
1,unified,87,ARITHMETIC,0,unified,
1,unified,88,ARITHMETIC,0,unified,
1,unified,89,STORY,0,unified,
1,unified,90,STORY,0,unified,
1,unified,91,STORY,0,unified,
1,unified,92,ARITHMETIC,0,unified,
1,unified,93,ARITHMETIC,0,unified,
1,unified,94,ARITHMETIC,0,unified,
1,unified,95,ARITHMETIC,0,unified,
1,unified,96,ARITHMETIC,0,unified,
1,unified,97,STORY,0,unified,
1,unified,98,ARITHMETIC,0,unified,
1,unified,99,STORY,0,unified,
1,unified,100,ARITHMETIC,0,unified,
1,unified,101,STORY,0,unified,
1,unified,102,ARITHMETIC,0,unified,
1,unified,103,STORY,0,unified,
1,unified,104,STORY,0,unified,
1,unified,105,ARITHMETIC,0,unified,
1,unified,106,ARITHMETIC,0,unified,
1,unified,107,STORY,0,unified,
1,unified,108,ARITHMETIC,0,unified,
1,unified,109,ARITHMETIC,0,unified,
1,unified,110,ARITHMETIC,0,unified,
1,unified,111,ARITHMETIC,0,unified,
1,unified,112,ARITHMETIC,0,unified,
1,unified,113,STORY,0,unified,
1,unified,114,STORY,0,unified,
1,unified,115,STORY,0,unified,
1,unified,116,STORY,0,unified,
1,unified,117,STORY,0,unified,
1,unified,118,STORY,0,unified,
1,unified,119,ARITHMETIC,0,unified,
1,unified,120,ARITHMETIC,0,unified,
1,unified,121,STORY,0,unified,
1,unified,122,STORY,0,unified,
1,unified,123,STORY,0,unified,
1,unified,124,STORY,0,unified,
1,unified,125,ARITHMETIC,0,unified,
1,unified,126,STORY,0,unified,
1,unified,127,STORY,0,unified,
1,unified,128,STORY,0,unified,
1,unified,129,ARITHMETIC,0,unified,
1,unified,130,STORY,0,unified,
1,unified,131,STORY,0,unified,
1,unified,132,ARITHMETIC,0,unified,
1,unified,133,STORY,0,unified,
1,unified,134,STORY,0,unified,
1,unified,135,STORY,0,unified,
1,unified,136,STORY,0,unified,
1,unified,137,STORY,0,unified,
1,unified,138,ARITHMETIC,0,unified,
1,unified,139,ARITHMETIC,0,unified,
1,unified,140,STORY,0,unified,
1,unified,141,ARITHMETIC,0,unified,
1,unified,142,STORY,0,unified,
1,unified,143,STORY,0,unified,
1,unified,144,STORY,0,unified,
1,unified,145,STORY,0,unified,
1,unified,146,ARITHMETIC,0,unified,
1,unified,147,STORY,0,unified,
1,unified,148,ARITHMETIC,0,unified,
1,unified,149,ARITHMETIC,0,unified,
1,unified,150,ARITHMETIC,0,unified,
1,unified,151,STORY,0,unified,
1,unified,152,STORY,0,unified,
1,unified,153,ARITHMETIC,0,unified,
1,unified,154,ARITHMETIC,0,unified,
1,unified,155,ARITHMETIC,0,unified,
1,unified,156,STORY,0,unified,
1,unified,157,STORY,0,unified,
1,unified,158,STORY,0,unified,
1,unified,159,ARITHMETIC,0,unified,
1,unified,160,ARITHMETIC,0,unified,
1,unified,161,STORY,0,unified,
1,unified,162,ARITHMETIC,0,unified,
1,unified,163,STORY,0,unified,
1,unified,164,ARITHMETIC,0,unified,
1,unified,165,STORY,0,unified,
1,unified,166,ARITHMETIC,0,unified,
1,unified,167,ARITHMETIC,0,unified,
1,unified,168,STORY,0,unified,
1,unified,169,STORY,0,unified,
1,unified,170,STORY,0,unified,
1,unified,171,STORY,0,unified,
1,unified,172,STORY,0,unified,
1,unified,173,ARITHMETIC,0,unified,
1,unified,174,STORY,0,unified,
1,unified,175,STORY,0,unified,
1,unified,176,ARITHMETIC,0,unified,
1,unified,177,ARITHMETIC,0,unified,
1,unified,178,STORY,0,unified,
1,unified,179,ARITHMETIC,0,unified,
1,unified,180,ARITHMETIC,0,unified,
1,unified,181,STORY,0,unified,
1,unified,182,ARITHMETIC,0,unified,
1,unified,183,STORY,0,unified,
1,unified,184,STORY,0,unified,
1,unified,185,ARITHMETIC,0,unified,
1,unified,186,ARITHMETIC,0,unified,
1,unified,187,ARITHMETIC,0,unified,
1,unified,188,ARITHMETIC,0,unified,
1,unified,189,STORY,0,unified,
1,unified,190,STORY,0,unified,
1,unified,191,ARITHMETIC,0,unified,
1,unified,192,STORY,0,unified,
1,unified,193,STORY,0,unified,
1,unified,194,STORY,0,unified,
1,unified,195,STORY,0,unified,
1,unified,196,ARITHMETIC,0,unified,
1,unified,197,STORY,0,unified,
1,unified,198,STORY,0,unified,
1,unified,199,STORY,0,unified,
1,unified,200,STORY,0,unified,
1,unified,201,STORY,0,unified,
1,unified,202,ARITHMETIC,0,unified,
1,unified,203,STORY,0,unified,
1,unified,204,STORY,0,unified,
1,unified,205,STORY,0,unified,
1,unified,206,ARITHMETIC,0,unified,
1,unified,207,STORY,0,unified,
1,unified,208,ARITHMETIC,0,unified,
1,unified,209,ARITHMETIC,0,unified,
1,unified,210,ARITHMETIC,0,unified,
1,unified,211,ARITHMETIC,0,unified,
1,unified,212,STORY,0,unified,
1,unified,213,ARITHMETIC,0,unified,
1,unified,214,ARITHMETIC,0,unified,
1,unified,215,ARITHMETIC,0,unified,
1,unified,216,STORY,0,unified,
1,unified,217,STORY,0,unified,
1,unified,218,ARITHMETIC,0,unified,
1,unified,219,STORY,0,unified,
1,unified,220,STORY,0,unified,
1,unified,221,STORY,0,unified,
1,unified,222,STORY,0,unified,
1,unified,223,STORY,0,unified,
1,unified,224,ARITHMETIC,0,unified,
1,unified,225,STORY,0,unified,
1,unified,226,STORY,0,unified,
1,unified,227,ARITHMETIC,0,unified,
1,unified,228,ARITHMETIC,0,unified,
1,unified,229,STORY,0,unified,
1,unified,230,ARITHMETIC,0,unified,
1,unified,231,ARITHMETIC,0,unified,
1,unified,232,STORY,0,unified,
1,unified,233,STORY,0,unified,
1,unified,234,STORY,0,unified,
1,unified,235,ARITHMETIC,0,unified,
1,unified,236,STORY,0,unified,
1,unified,237,STORY,0,unified,
1,unified,238,ARITHMETIC,0,unified,
1,unified,239,STORY,0,unified,
1,unified,240,ARITHMETIC,0,unified,
1,unified,241,ARITHMETIC,0,unified,
1,unified,242,ARITHMETIC,0,unified,
1,unified,243,STORY,0,unified,
1,unified,244,ARITHMETIC,0,unified,
1,unified,245,ARITHMETIC,0,unified,
1,unified,246,ARITHMETIC,0,unified,
1,unified,247,ARITHMETIC,0,unified,
1,unified,248,STORY,0,unified,
1,unified,249,ARITHMETIC,0,unified,
1,unified,250,ARITHMETIC,0,unified,
1,unified,251,STORY,0,unified,
1,unified,252,STORY,0,unified,
1,unified,253,ARITHMETIC,0,unified,
1,unified,254,STORY,0,unified,
1,unified,255,STORY,0,unified,
1,unified,256,STORY,0,unified,
1,unified,257,ARITHMETIC,0,unified,
1,unified,258,ARITHMETIC,0,unified,
1,unified,259,STORY,0,unified,
1,unified,260,STORY,0,unified,
1,unified,261,ARITHMETIC,0,unified,
1,unified,262,ARITHMETIC,0,unified,
1,unified,263,ARITHMETIC,0,unified,
1,unified,264,STORY,0,unified,
1,unified,265,STORY,0,unified,
1,unified,266,ARITHMETIC,0,unified,
1,unified,267,ARITHMETIC,0,unified,
1,unified,268,STORY,0,unified,
1,unified,269,ARITHMETIC,0,unified,
1,unified,270,STORY,0,unified,
1,unified,271,STORY,0,unified,
1,unified,272,ARITHMETIC,0,unified,
1,unified,273,STORY,0,unified,
1,unified,274,STORY,0,unified,
1,unified,275,STORY,0,unified,
1,unified,276,ARITHMETIC,0,unified,
1,unified,277,STORY,0,unified,
1,unified,278,STORY,0,unified,
1,unified,279,STORY,0,unified,
1,unified,280,ARITHMETIC,0,unified,
1,unified,281,ARITHMETIC,0,unified,
1,unified,282,ARITHMETIC,0,unified,
1,unified,283,STORY,0,unified,
1,unified,284,STORY,0,unified,
1,unified,285,STORY,0,unified,
1,unified,286,ARITHMETIC,0,unified,
1,unified,287,STORY,0,unified,
1,unified,288,STORY,0,unified,
1,unified,289,ARITHMETIC,0,unified,
1,unified,290,STORY,0,unified,
1,unified,291,STORY,0,unified,
1,unified,292,ARITHMETIC,0,unified,
1,unified,293,STORY,0,unified,
1,unified,294,ARITHMETIC,0,unified,
1,unified,295,ARITHMETIC,0,unified,
1,unified,296,STORY,0,unified,
1,unified,297,ARITHMETIC,0,unified,
1,unified,298,STORY,0,unified,
1,unified,299,STORY,0,unified,
1,unified,300,STORY,0,unified,
1,unified,301,STORY,0,unified,
1,unified,302,STORY,0,unified,
1,unified,303,ARITHMETIC,0,unified,
1,unified,304,STORY,0,unified,
1,unified,305,ARITHMETIC,0,unified,
1,unified,306,ARITHMETIC,0,unified,
1,unified,307,ARITHMETIC,0,unified,
1,unified,308,STORY,0,unified,
1,unified,309,ARITHMETIC,0,unified,
1,unified,310,STORY,0,unified,
1,unified,311,ARITHMETIC,0,unified,
1,unified,312,ARITHMETIC,0,unified,
1,unified,313,ARITHMETIC,0,unified,
1,unified,314,STORY,0,unified,
1,unified,315,ARITHMETIC,0,unified,
1,unified,316,STORY,0,unified,
1,unified,317,ARITHMETIC,0,unified,
1,unified,318,ARITHMETIC,0,unified,
1,unified,319,ARITHMETIC,0,unified,
1,unified,320,ARITHMETIC,0,unified,
1,unified,321,STORY,0,unified,
1,unified,322,STORY,0,unified,
1,unified,323,ARITHMETIC,0,unified,
1,unified,324,ARITHMETIC,0,unified,
1,unified,325,STORY,0,unified,
1,unified,326,ARITHMETIC,0,unified,
1,unified,327,ARITHMETIC,0,unified,
1,unified,328,ARITHMETIC,0,unified,
1,unified,329,ARITHMETIC,0,unified,
1,unified,330,ARITHMETIC,0,unified,
1,unified,331,STORY,0,unified,
1,unified,332,STORY,0,unified,
1,unified,333,ARITHMETIC,0,unified,
1,unified,334,ARITHMETIC,0,unified,
1,unified,335,STORY,0,unified,
1,unified,336,STORY,0,unified,
1,unified,337,ARITHMETIC,0,unified,
1,unified,338,ARITHMETIC,0,unified,
1,unified,339,STORY,0,unified,
1,unified,340,STORY,0,unified,
1,unified,341,STORY,0,unified,
1,unified,342,ARITHMETIC,0,unified,
1,unified,343,STORY,0,unified,
1,unified,344,ARITHMETIC,0,unified,
1,unified,345,ARITHMETIC,0,unified,
1,unified,346,ARITHMETIC,0,unified,
1,unified,347,ARITHMETIC,0,unified,
1,unified,348,ARITHMETIC,0,unified,
1,unified,349,STORY,0,unified,
1,unified,350,ARITHMETIC,0,unified,
1,unified,351,STORY,0,unified,
1,unified,352,ARITHMETIC,0,unified,
1,unified,353,STORY,0,unified,
1,unified,354,STORY,0,unified,
1,unified,355,ARITHMETIC,0,unified,
1,unified,356,ARITHMETIC,0,unified,
1,unified,357,ARITHMETIC,0,unified,
1,unified,358,ARITHMETIC,0,unified,
1,unified,359,ARITHMETIC,0,unified,
1,unified,360,ARITHMETIC,0,unified,
1,unified,361,ARITHMETIC,0,unified,
1,unified,362,ARITHMETIC,0,unified,
1,unified,363,STORY,0,unified,
1,unified,364,ARITHMETIC,0,unified,
1,unified,365,STORY,0,unified,
1,unified,366,STORY,0,unified,
1,unified,367,ARITHMETIC,0,unified,
1,unified,368,STORY,0,unified,
1,unified,369,ARITHMETIC,0,unified,
1,unified,370,STORY,0,unified,
1,unified,371,STORY,0,unified,
1,unified,372,ARITHMETIC,0,unified,
1,unified,373,ARITHMETIC,0,unified,
1,unified,374,STORY,0,unified,
1,unified,375,ARITHMETIC,0,unified,
1,unified,376,ARITHMETIC,0,unified,
1,unified,377,ARITHMETIC,0,unified,
1,unified,378,ARITHMETIC,0,unified,
1,unified,379,ARITHMETIC,0,unified,
1,unified,380,STORY,0,unified,
1,unified,381,STORY,0,unified,
1,unified,382,ARITHMETIC,0,unified,
1,unified,383,ARITHMETIC,0,unified,
1,unified,384,ARITHMETIC,0,unified,
1,unified,385,STORY,0,unified,
1,unified,386,ARITHMETIC,0,unified,
1,unified,387,STORY,0,unified,
1,unified,388,ARITHMETIC,0,unified,
1,unified,389,ARITHMETIC,0,unified,
1,unified,390,STORY,0,unified,
1,unified,391,STORY,0,unified,
1,unified,392,ARITHMETIC,0,unified,
1,unified,393,STORY,0,unified,
1,unified,394,STORY,0,unified,
1,unified,395,STORY,0,unified,
1,unified,396,STORY,0,unified,
1,unified,397,STORY,0,unified,
1,unified,398,STORY,0,unified,
1,unified,399,STORY,0,unified,
1,unified,400,ARITHMETIC,0,unified,
1,capacity-fork,1,STORY,0,task-agnostic-balanced,
1,capacity-fork,2,STORY,1,task-agnostic-balanced,
1,capacity-fork,3,ARITHMETIC,0,task-agnostic-balanced,
1,capacity-fork,4,STORY,1,task-agnostic-balanced,
1,capacity-fork,5,STORY,0,task-agnostic-balanced,
1,capacity-fork,6,STORY,1,task-agnostic-balanced,
1,capacity-fork,7,STORY,0,task-agnostic-balanced,
1,capacity-fork,8,STORY,1,task-agnostic-balanced,
1,capacity-fork,9,ARITHMETIC,0,task-agnostic-balanced,
1,capacity-fork,10,ARITHMETIC,1,task-agnostic-balanced,
1,capacity-fork,11,STORY,0,task-agnostic-balanced,
1,capacity-fork,12,ARITHMETIC,1,task-agnostic-balanced,
1,capacity-fork,13,STORY,0,task-agnostic-balanced,
1,capacity-fork,14,ARITHMETIC,1,task-agnostic-balanced,
1,capacity-fork,15,ARITHMETIC,0,task-agnostic-balanced,
1,capacity-fork,16,ARITHMETIC,1,task-agnostic-balanced,
1,capacity-fork,17,ARITHMETIC,0,task-agnostic-balanced,
1,capacity-fork,18,STORY,1,task-agnostic-balanced,
1,capacity-fork,19,ARITHMETIC,0,task-agnostic-balanced,
1,capacity-fork,20,ARITHMETIC,1,task-agnostic-balanced,
1,capacity-fork,21,ARITHMETIC,0,task-agnostic-balanced,
1,capacity-fork,22,ARITHMETIC,1,task-agnostic-balanced,
1,capacity-fork,23,STORY,0,task-agnostic-balanced,
1,capacity-fork,24,STORY,1,task-agnostic-balanced,
1,capacity-fork,25,STORY,0,task-agnostic-balanced,
1,capacity-fork,26,STORY,1,task-agnostic-balanced,
1,capacity-fork,27,ARITHMETIC,0,task-agnostic-balanced,
1,capacity-fork,28,ARITHMETIC,1,task-agnostic-balanced,
1,capacity-fork,29,ARITHMETIC,0,task-agnostic-balanced,
1,capacity-fork,30,STORY,1,task-agnostic-balanced,
1,capacity-fork,31,STORY,0,task-agnostic-balanced,
1,capacity-fork,32,STORY,1,task-agnostic-balanced,
1,capacity-fork,33,ARITHMETIC,0,task-agnostic-balanced,
1,capacity-fork,34,STORY,1,task-agnostic-balanced,
1,capacity-fork,35,ARITHMETIC,0,task-agnostic-balanced,
1,capacity-fork,36,ARITHMETIC,1,task-agnostic-balanced,
1,capacity-fork,37,ARITHMETIC,0,task-agnostic-balanced,
1,capacity-fork,38,ARITHMETIC,1,task-agnostic-balanced,
1,capacity-fork,39,STORY,0,task-agnostic-balanced,
1,capacity-fork,40,ARITHMETIC,1,task-agnostic-balanced,
1,capacity-fork,41,ARITHMETIC,0,task-agnostic-balanced,
1,capacity-fork,42,ARITHMETIC,1,task-agnostic-balanced,
1,capacity-fork,43,STORY,0,task-agnostic-balanced,
1,capacity-fork,44,ARITHMETIC,1,task-agnostic-balanced,
1,capacity-fork,45,STORY,0,task-agnostic-balanced,
1,capacity-fork,46,STORY,1,task-agnostic-balanced,
1,capacity-fork,47,ARITHMETIC,0,task-agnostic-balanced,
1,capacity-fork,48,STORY,1,task-agnostic-balanced,
1,capacity-fork,49,STORY,0,task-agnostic-balanced,
1,capacity-fork,50,STORY,1,task-agnostic-balanced,
1,capacity-fork,51,ARITHMETIC,0,task-agnostic-balanced,
1,capacity-fork,52,STORY,1,task-agnostic-balanced,
1,capacity-fork,53,STORY,0,task-agnostic-balanced,
1,capacity-fork,54,ARITHMETIC,1,task-agnostic-balanced,
1,capacity-fork,55,ARITHMETIC,0,task-agnostic-balanced,
1,capacity-fork,56,ARITHMETIC,1,task-agnostic-balanced,
1,capacity-fork,57,ARITHMETIC,0,task-agnostic-balanced,
1,capacity-fork,58,STORY,1,task-agnostic-balanced,
1,capacity-fork,59,ARITHMETIC,0,task-agnostic-balanced,
1,capacity-fork,60,ARITHMETIC,1,task-agnostic-balanced,
1,capacity-fork,61,ARITHMETIC,0,task-agnostic-balanced,
1,capacity-fork,62,ARITHMETIC,1,task-agnostic-balanced,
1,capacity-fork,63,STORY,0,task-agnostic-balanced,
1,capacity-fork,64,STORY,1,task-agnostic-balanced,
1,capacity-fork,65,STORY,0,task-agnostic-balanced,
1,capacity-fork,66,STORY,1,task-agnostic-balanced,
1,capacity-fork,67,ARITHMETIC,0,task-agnostic-balanced,
1,capacity-fork,68,ARITHMETIC,1,task-agnostic-balanced,
1,capacity-fork,69,ARITHMETIC,0,task-agnostic-balanced,
1,capacity-fork,70,STORY,1,task-agnostic-balanced,
1,capacity-fork,71,STORY,0,task-agnostic-balanced,
1,capacity-fork,72,STORY,1,task-agnostic-balanced,
1,capacity-fork,73,STORY,0,task-agnostic-balanced,
1,capacity-fork,74,STORY,1,task-agnostic-balanced,
1,capacity-fork,75,ARITHMETIC,0,task-agnostic-balanced,
1,capacity-fork,76,ARITHMETIC,1,task-agnostic-balanced,
1,capacity-fork,77,STORY,0,task-agnostic-balanced,
1,capacity-fork,78,ARITHMETIC,1,task-agnostic-balanced,
1,capacity-fork,79,ARITHMETIC,0,task-agnostic-balanced,
1,capacity-fork,80,ARITHMETIC,1,task-agnostic-balanced,
1,capacity-fork,81,STORY,0,task-agnostic-balanced,
1,capacity-fork,82,ARITHMETIC,1,task-agnostic-balanced,
1,capacity-fork,83,ARITHMETIC,0,task-agnostic-balanced,
1,capacity-fork,84,ARITHMETIC,1,task-agnostic-balanced,
1,capacity-fork,85,ARITHMETIC,0,task-agnostic-balanced,
1,capacity-fork,86,STORY,1,task-agnostic-balanced,
1,capacity-fork,87,ARITHMETIC,0,task-agnostic-balanced,
1,capacity-fork,88,ARITHMETIC,1,task-agnostic-balanced,
1,capacity-fork,89,STORY,0,task-agnostic-balanced,
1,capacity-fork,90,STORY,1,task-agnostic-balanced,
1,capacity-fork,91,STORY,0,task-agnostic-balanced,
1,capacity-fork,92,ARITHMETIC,1,task-agnostic-balanced,
1,capacity-fork,93,ARITHMETIC,0,task-agnostic-balanced,
1,capacity-fork,94,ARITHMETIC,1,task-agnostic-balanced,
1,capacity-fork,95,ARITHMETIC,0,task-agnostic-balanced,
1,capacity-fork,96,ARITHMETIC,1,task-agnostic-balanced,
1,capacity-fork,97,STORY,0,task-agnostic-balanced,
1,capacity-fork,98,ARITHMETIC,1,task-agnostic-balanced,
1,capacity-fork,99,STORY,0,task-agnostic-balanced,
1,capacity-fork,100,ARITHMETIC,1,task-agnostic-balanced,
1,capacity-fork,101,STORY,0,task-agnostic-balanced,
1,capacity-fork,102,ARITHMETIC,1,task-agnostic-balanced,
1,capacity-fork,103,STORY,0,task-agnostic-balanced,
1,capacity-fork,104,STORY,1,task-agnostic-balanced,
1,capacity-fork,105,ARITHMETIC,0,task-agnostic-balanced,
1,capacity-fork,106,ARITHMETIC,1,task-agnostic-balanced,
1,capacity-fork,107,STORY,0,task-agnostic-balanced,
1,capacity-fork,108,ARITHMETIC,1,task-agnostic-balanced,
1,capacity-fork,109,ARITHMETIC,0,task-agnostic-balanced,
1,capacity-fork,110,ARITHMETIC,1,task-agnostic-balanced,
1,capacity-fork,111,ARITHMETIC,0,task-agnostic-balanced,
1,capacity-fork,112,ARITHMETIC,1,task-agnostic-balanced,
1,capacity-fork,113,STORY,0,task-agnostic-balanced,
1,capacity-fork,114,STORY,1,task-agnostic-balanced,
1,capacity-fork,115,STORY,0,task-agnostic-balanced,
1,capacity-fork,116,STORY,1,task-agnostic-balanced,
1,capacity-fork,117,STORY,0,task-agnostic-balanced,
1,capacity-fork,118,STORY,1,task-agnostic-balanced,
1,capacity-fork,119,ARITHMETIC,0,task-agnostic-balanced,
1,capacity-fork,120,ARITHMETIC,1,task-agnostic-balanced,
1,capacity-fork,121,STORY,0,task-agnostic-balanced,
1,capacity-fork,122,STORY,1,task-agnostic-balanced,
1,capacity-fork,123,STORY,0,task-agnostic-balanced,
1,capacity-fork,124,STORY,1,task-agnostic-balanced,
1,capacity-fork,125,ARITHMETIC,0,task-agnostic-balanced,
1,capacity-fork,126,STORY,1,task-agnostic-balanced,
1,capacity-fork,127,STORY,0,task-agnostic-balanced,
1,capacity-fork,128,STORY,1,task-agnostic-balanced,
1,capacity-fork,129,ARITHMETIC,0,task-agnostic-balanced,
1,capacity-fork,130,STORY,1,task-agnostic-balanced,
1,capacity-fork,131,STORY,0,task-agnostic-balanced,
1,capacity-fork,132,ARITHMETIC,1,task-agnostic-balanced,
1,capacity-fork,133,STORY,0,task-agnostic-balanced,
1,capacity-fork,134,STORY,1,task-agnostic-balanced,
1,capacity-fork,135,STORY,0,task-agnostic-balanced,
1,capacity-fork,136,STORY,1,task-agnostic-balanced,
1,capacity-fork,137,STORY,0,task-agnostic-balanced,
1,capacity-fork,138,ARITHMETIC,1,task-agnostic-balanced,
1,capacity-fork,139,ARITHMETIC,0,task-agnostic-balanced,
1,capacity-fork,140,STORY,1,task-agnostic-balanced,
1,capacity-fork,141,ARITHMETIC,0,task-agnostic-balanced,
1,capacity-fork,142,STORY,1,task-agnostic-balanced,
1,capacity-fork,143,STORY,0,task-agnostic-balanced,
1,capacity-fork,144,STORY,1,task-agnostic-balanced,
1,capacity-fork,145,STORY,0,task-agnostic-balanced,
1,capacity-fork,146,ARITHMETIC,1,task-agnostic-balanced,
1,capacity-fork,147,STORY,0,task-agnostic-balanced,
1,capacity-fork,148,ARITHMETIC,1,task-agnostic-balanced,
1,capacity-fork,149,ARITHMETIC,0,task-agnostic-balanced,
1,capacity-fork,150,ARITHMETIC,1,task-agnostic-balanced,
1,capacity-fork,151,STORY,0,task-agnostic-balanced,
1,capacity-fork,152,STORY,1,task-agnostic-balanced,
1,capacity-fork,153,ARITHMETIC,0,task-agnostic-balanced,
1,capacity-fork,154,ARITHMETIC,1,task-agnostic-balanced,
1,capacity-fork,155,ARITHMETIC,0,task-agnostic-balanced,
1,capacity-fork,156,STORY,1,task-agnostic-balanced,
1,capacity-fork,157,STORY,0,task-agnostic-balanced,
1,capacity-fork,158,STORY,1,task-agnostic-balanced,
1,capacity-fork,159,ARITHMETIC,0,task-agnostic-balanced,
1,capacity-fork,160,ARITHMETIC,1,task-agnostic-balanced,
1,capacity-fork,161,STORY,0,task-agnostic-balanced,
1,capacity-fork,162,ARITHMETIC,1,task-agnostic-balanced,
1,capacity-fork,163,STORY,0,task-agnostic-balanced,
1,capacity-fork,164,ARITHMETIC,1,task-agnostic-balanced,
1,capacity-fork,165,STORY,0,task-agnostic-balanced,
1,capacity-fork,166,ARITHMETIC,1,task-agnostic-balanced,
1,capacity-fork,167,ARITHMETIC,0,task-agnostic-balanced,
1,capacity-fork,168,STORY,1,task-agnostic-balanced,
1,capacity-fork,169,STORY,0,task-agnostic-balanced,
1,capacity-fork,170,STORY,1,task-agnostic-balanced,
1,capacity-fork,171,STORY,0,task-agnostic-balanced,
1,capacity-fork,172,STORY,1,task-agnostic-balanced,
1,capacity-fork,173,ARITHMETIC,0,task-agnostic-balanced,
1,capacity-fork,174,STORY,1,task-agnostic-balanced,
1,capacity-fork,175,STORY,0,task-agnostic-balanced,
1,capacity-fork,176,ARITHMETIC,1,task-agnostic-balanced,
1,capacity-fork,177,ARITHMETIC,0,task-agnostic-balanced,
1,capacity-fork,178,STORY,1,task-agnostic-balanced,
1,capacity-fork,179,ARITHMETIC,0,task-agnostic-balanced,
1,capacity-fork,180,ARITHMETIC,1,task-agnostic-balanced,
1,capacity-fork,181,STORY,0,task-agnostic-balanced,
1,capacity-fork,182,ARITHMETIC,1,task-agnostic-balanced,
1,capacity-fork,183,STORY,0,task-agnostic-balanced,
1,capacity-fork,184,STORY,1,task-agnostic-balanced,
1,capacity-fork,185,ARITHMETIC,0,task-agnostic-balanced,
1,capacity-fork,186,ARITHMETIC,1,task-agnostic-balanced,
1,capacity-fork,187,ARITHMETIC,0,task-agnostic-balanced,
1,capacity-fork,188,ARITHMETIC,1,task-agnostic-balanced,
1,capacity-fork,189,STORY,0,task-agnostic-balanced,
1,capacity-fork,190,STORY,1,task-agnostic-balanced,
1,capacity-fork,191,ARITHMETIC,0,task-agnostic-balanced,
1,capacity-fork,192,STORY,1,task-agnostic-balanced,
1,capacity-fork,193,STORY,0,task-agnostic-balanced,
1,capacity-fork,194,STORY,1,task-agnostic-balanced,
1,capacity-fork,195,STORY,0,task-agnostic-balanced,
1,capacity-fork,196,ARITHMETIC,1,task-agnostic-balanced,
1,capacity-fork,197,STORY,0,task-agnostic-balanced,
1,capacity-fork,198,STORY,1,task-agnostic-balanced,
1,capacity-fork,199,STORY,0,task-agnostic-balanced,
1,capacity-fork,200,STORY,1,task-agnostic-balanced,
1,capacity-fork,201,STORY,0,task-agnostic-balanced,
1,capacity-fork,202,ARITHMETIC,1,task-agnostic-balanced,
1,capacity-fork,203,STORY,0,task-agnostic-balanced,
1,capacity-fork,204,STORY,1,task-agnostic-balanced,
1,capacity-fork,205,STORY,0,task-agnostic-balanced,
1,capacity-fork,206,ARITHMETIC,1,task-agnostic-balanced,
1,capacity-fork,207,STORY,0,task-agnostic-balanced,
1,capacity-fork,208,ARITHMETIC,1,task-agnostic-balanced,
1,capacity-fork,209,ARITHMETIC,0,task-agnostic-balanced,
1,capacity-fork,210,ARITHMETIC,1,task-agnostic-balanced,
1,capacity-fork,211,ARITHMETIC,0,task-agnostic-balanced,
1,capacity-fork,212,STORY,1,task-agnostic-balanced,
1,capacity-fork,213,ARITHMETIC,0,task-agnostic-balanced,
1,capacity-fork,214,ARITHMETIC,1,task-agnostic-balanced,
1,capacity-fork,215,ARITHMETIC,0,task-agnostic-balanced,
1,capacity-fork,216,STORY,1,task-agnostic-balanced,
1,capacity-fork,217,STORY,0,task-agnostic-balanced,
1,capacity-fork,218,ARITHMETIC,1,task-agnostic-balanced,
1,capacity-fork,219,STORY,0,task-agnostic-balanced,
1,capacity-fork,220,STORY,1,task-agnostic-balanced,
1,capacity-fork,221,STORY,0,task-agnostic-balanced,
1,capacity-fork,222,STORY,1,task-agnostic-balanced,
1,capacity-fork,223,STORY,0,task-agnostic-balanced,
1,capacity-fork,224,ARITHMETIC,1,task-agnostic-balanced,
1,capacity-fork,225,STORY,0,task-agnostic-balanced,
1,capacity-fork,226,STORY,1,task-agnostic-balanced,
1,capacity-fork,227,ARITHMETIC,0,task-agnostic-balanced,
1,capacity-fork,228,ARITHMETIC,1,task-agnostic-balanced,
1,capacity-fork,229,STORY,0,task-agnostic-balanced,
1,capacity-fork,230,ARITHMETIC,1,task-agnostic-balanced,
1,capacity-fork,231,ARITHMETIC,0,task-agnostic-balanced,
1,capacity-fork,232,STORY,1,task-agnostic-balanced,
1,capacity-fork,233,STORY,0,task-agnostic-balanced,
1,capacity-fork,234,STORY,1,task-agnostic-balanced,
1,capacity-fork,235,ARITHMETIC,0,task-agnostic-balanced,
1,capacity-fork,236,STORY,1,task-agnostic-balanced,
1,capacity-fork,237,STORY,0,task-agnostic-balanced,
1,capacity-fork,238,ARITHMETIC,1,task-agnostic-balanced,
1,capacity-fork,239,STORY,0,task-agnostic-balanced,
1,capacity-fork,240,ARITHMETIC,1,task-agnostic-balanced,
1,capacity-fork,241,ARITHMETIC,0,task-agnostic-balanced,
1,capacity-fork,242,ARITHMETIC,1,task-agnostic-balanced,
1,capacity-fork,243,STORY,0,task-agnostic-balanced,
1,capacity-fork,244,ARITHMETIC,1,task-agnostic-balanced,
1,capacity-fork,245,ARITHMETIC,0,task-agnostic-balanced,
1,capacity-fork,246,ARITHMETIC,1,task-agnostic-balanced,
1,capacity-fork,247,ARITHMETIC,0,task-agnostic-balanced,
1,capacity-fork,248,STORY,1,task-agnostic-balanced,
1,capacity-fork,249,ARITHMETIC,0,task-agnostic-balanced,
1,capacity-fork,250,ARITHMETIC,1,task-agnostic-balanced,
1,capacity-fork,251,STORY,0,task-agnostic-balanced,
1,capacity-fork,252,STORY,1,task-agnostic-balanced,
1,capacity-fork,253,ARITHMETIC,0,task-agnostic-balanced,
1,capacity-fork,254,STORY,1,task-agnostic-balanced,
1,capacity-fork,255,STORY,0,task-agnostic-balanced,
1,capacity-fork,256,STORY,1,task-agnostic-balanced,
1,capacity-fork,257,ARITHMETIC,0,task-agnostic-balanced,
1,capacity-fork,258,ARITHMETIC,1,task-agnostic-balanced,
1,capacity-fork,259,STORY,0,task-agnostic-balanced,
1,capacity-fork,260,STORY,1,task-agnostic-balanced,
1,capacity-fork,261,ARITHMETIC,0,task-agnostic-balanced,
1,capacity-fork,262,ARITHMETIC,1,task-agnostic-balanced,
1,capacity-fork,263,ARITHMETIC,0,task-agnostic-balanced,
1,capacity-fork,264,STORY,1,task-agnostic-balanced,
1,capacity-fork,265,STORY,0,task-agnostic-balanced,
1,capacity-fork,266,ARITHMETIC,1,task-agnostic-balanced,
1,capacity-fork,267,ARITHMETIC,0,task-agnostic-balanced,
1,capacity-fork,268,STORY,1,task-agnostic-balanced,
1,capacity-fork,269,ARITHMETIC,0,task-agnostic-balanced,
1,capacity-fork,270,STORY,1,task-agnostic-balanced,
1,capacity-fork,271,STORY,0,task-agnostic-balanced,
1,capacity-fork,272,ARITHMETIC,1,task-agnostic-balanced,
1,capacity-fork,273,STORY,0,task-agnostic-balanced,
1,capacity-fork,274,STORY,1,task-agnostic-balanced,
1,capacity-fork,275,STORY,0,task-agnostic-balanced,
1,capacity-fork,276,ARITHMETIC,1,task-agnostic-balanced,
1,capacity-fork,277,STORY,0,task-agnostic-balanced,
1,capacity-fork,278,STORY,1,task-agnostic-balanced,
1,capacity-fork,279,STORY,0,task-agnostic-balanced,
1,capacity-fork,280,ARITHMETIC,1,task-agnostic-balanced,
1,capacity-fork,281,ARITHMETIC,0,task-agnostic-balanced,
1,capacity-fork,282,ARITHMETIC,1,task-agnostic-balanced,
1,capacity-fork,283,STORY,0,task-agnostic-balanced,
1,capacity-fork,284,STORY,1,task-agnostic-balanced,
1,capacity-fork,285,STORY,0,task-agnostic-balanced,
1,capacity-fork,286,ARITHMETIC,1,task-agnostic-balanced,
1,capacity-fork,287,STORY,0,task-agnostic-balanced,
1,capacity-fork,288,STORY,1,task-agnostic-balanced,
1,capacity-fork,289,ARITHMETIC,0,task-agnostic-balanced,
1,capacity-fork,290,STORY,1,task-agnostic-balanced,
1,capacity-fork,291,STORY,0,task-agnostic-balanced,
1,capacity-fork,292,ARITHMETIC,1,task-agnostic-balanced,
1,capacity-fork,293,STORY,0,task-agnostic-balanced,
1,capacity-fork,294,ARITHMETIC,1,task-agnostic-balanced,
1,capacity-fork,295,ARITHMETIC,0,task-agnostic-balanced,
1,capacity-fork,296,STORY,1,task-agnostic-balanced,
1,capacity-fork,297,ARITHMETIC,0,task-agnostic-balanced,
1,capacity-fork,298,STORY,1,task-agnostic-balanced,
1,capacity-fork,299,STORY,0,task-agnostic-balanced,
1,capacity-fork,300,STORY,1,task-agnostic-balanced,
1,capacity-fork,301,STORY,0,task-agnostic-balanced,
1,capacity-fork,302,STORY,1,task-agnostic-balanced,
1,capacity-fork,303,ARITHMETIC,0,task-agnostic-balanced,
1,capacity-fork,304,STORY,1,task-agnostic-balanced,
1,capacity-fork,305,ARITHMETIC,0,task-agnostic-balanced,
1,capacity-fork,306,ARITHMETIC,1,task-agnostic-balanced,
1,capacity-fork,307,ARITHMETIC,0,task-agnostic-balanced,
1,capacity-fork,308,STORY,1,task-agnostic-balanced,
1,capacity-fork,309,ARITHMETIC,0,task-agnostic-balanced,
1,capacity-fork,310,STORY,1,task-agnostic-balanced,
1,capacity-fork,311,ARITHMETIC,0,task-agnostic-balanced,
1,capacity-fork,312,ARITHMETIC,1,task-agnostic-balanced,
1,capacity-fork,313,ARITHMETIC,0,task-agnostic-balanced,
1,capacity-fork,314,STORY,1,task-agnostic-balanced,
1,capacity-fork,315,ARITHMETIC,0,task-agnostic-balanced,
1,capacity-fork,316,STORY,1,task-agnostic-balanced,
1,capacity-fork,317,ARITHMETIC,0,task-agnostic-balanced,
1,capacity-fork,318,ARITHMETIC,1,task-agnostic-balanced,
1,capacity-fork,319,ARITHMETIC,0,task-agnostic-balanced,
1,capacity-fork,320,ARITHMETIC,1,task-agnostic-balanced,
1,capacity-fork,321,STORY,0,task-agnostic-balanced,
1,capacity-fork,322,STORY,1,task-agnostic-balanced,
1,capacity-fork,323,ARITHMETIC,0,task-agnostic-balanced,
1,capacity-fork,324,ARITHMETIC,1,task-agnostic-balanced,
1,capacity-fork,325,STORY,0,task-agnostic-balanced,
1,capacity-fork,326,ARITHMETIC,1,task-agnostic-balanced,
1,capacity-fork,327,ARITHMETIC,0,task-agnostic-balanced,
1,capacity-fork,328,ARITHMETIC,1,task-agnostic-balanced,
1,capacity-fork,329,ARITHMETIC,0,task-agnostic-balanced,
1,capacity-fork,330,ARITHMETIC,1,task-agnostic-balanced,
1,capacity-fork,331,STORY,0,task-agnostic-balanced,
1,capacity-fork,332,STORY,1,task-agnostic-balanced,
1,capacity-fork,333,ARITHMETIC,0,task-agnostic-balanced,
1,capacity-fork,334,ARITHMETIC,1,task-agnostic-balanced,
1,capacity-fork,335,STORY,0,task-agnostic-balanced,
1,capacity-fork,336,STORY,1,task-agnostic-balanced,
1,capacity-fork,337,ARITHMETIC,0,task-agnostic-balanced,
1,capacity-fork,338,ARITHMETIC,1,task-agnostic-balanced,
1,capacity-fork,339,STORY,0,task-agnostic-balanced,
1,capacity-fork,340,STORY,1,task-agnostic-balanced,
1,capacity-fork,341,STORY,0,task-agnostic-balanced,
1,capacity-fork,342,ARITHMETIC,1,task-agnostic-balanced,
1,capacity-fork,343,STORY,0,task-agnostic-balanced,
1,capacity-fork,344,ARITHMETIC,1,task-agnostic-balanced,
1,capacity-fork,345,ARITHMETIC,0,task-agnostic-balanced,
1,capacity-fork,346,ARITHMETIC,1,task-agnostic-balanced,
1,capacity-fork,347,ARITHMETIC,0,task-agnostic-balanced,
1,capacity-fork,348,ARITHMETIC,1,task-agnostic-balanced,
1,capacity-fork,349,STORY,0,task-agnostic-balanced,
1,capacity-fork,350,ARITHMETIC,1,task-agnostic-balanced,
1,capacity-fork,351,STORY,0,task-agnostic-balanced,
1,capacity-fork,352,ARITHMETIC,1,task-agnostic-balanced,
1,capacity-fork,353,STORY,0,task-agnostic-balanced,
1,capacity-fork,354,STORY,1,task-agnostic-balanced,
1,capacity-fork,355,ARITHMETIC,0,task-agnostic-balanced,
1,capacity-fork,356,ARITHMETIC,1,task-agnostic-balanced,
1,capacity-fork,357,ARITHMETIC,0,task-agnostic-balanced,
1,capacity-fork,358,ARITHMETIC,1,task-agnostic-balanced,
1,capacity-fork,359,ARITHMETIC,0,task-agnostic-balanced,
1,capacity-fork,360,ARITHMETIC,1,task-agnostic-balanced,
1,capacity-fork,361,ARITHMETIC,0,task-agnostic-balanced,
1,capacity-fork,362,ARITHMETIC,1,task-agnostic-balanced,
1,capacity-fork,363,STORY,0,task-agnostic-balanced,
1,capacity-fork,364,ARITHMETIC,1,task-agnostic-balanced,
1,capacity-fork,365,STORY,0,task-agnostic-balanced,
1,capacity-fork,366,STORY,1,task-agnostic-balanced,
1,capacity-fork,367,ARITHMETIC,0,task-agnostic-balanced,
1,capacity-fork,368,STORY,1,task-agnostic-balanced,
1,capacity-fork,369,ARITHMETIC,0,task-agnostic-balanced,
1,capacity-fork,370,STORY,1,task-agnostic-balanced,
1,capacity-fork,371,STORY,0,task-agnostic-balanced,
1,capacity-fork,372,ARITHMETIC,1,task-agnostic-balanced,
1,capacity-fork,373,ARITHMETIC,0,task-agnostic-balanced,
1,capacity-fork,374,STORY,1,task-agnostic-balanced,
1,capacity-fork,375,ARITHMETIC,0,task-agnostic-balanced,
1,capacity-fork,376,ARITHMETIC,1,task-agnostic-balanced,
1,capacity-fork,377,ARITHMETIC,0,task-agnostic-balanced,
1,capacity-fork,378,ARITHMETIC,1,task-agnostic-balanced,
1,capacity-fork,379,ARITHMETIC,0,task-agnostic-balanced,
1,capacity-fork,380,STORY,1,task-agnostic-balanced,
1,capacity-fork,381,STORY,0,task-agnostic-balanced,
1,capacity-fork,382,ARITHMETIC,1,task-agnostic-balanced,
1,capacity-fork,383,ARITHMETIC,0,task-agnostic-balanced,
1,capacity-fork,384,ARITHMETIC,1,task-agnostic-balanced,
1,capacity-fork,385,STORY,0,task-agnostic-balanced,
1,capacity-fork,386,ARITHMETIC,1,task-agnostic-balanced,
1,capacity-fork,387,STORY,0,task-agnostic-balanced,
1,capacity-fork,388,ARITHMETIC,1,task-agnostic-balanced,
1,capacity-fork,389,ARITHMETIC,0,task-agnostic-balanced,
1,capacity-fork,390,STORY,1,task-agnostic-balanced,
1,capacity-fork,391,STORY,0,task-agnostic-balanced,
1,capacity-fork,392,ARITHMETIC,1,task-agnostic-balanced,
1,capacity-fork,393,STORY,0,task-agnostic-balanced,
1,capacity-fork,394,STORY,1,task-agnostic-balanced,
1,capacity-fork,395,STORY,0,task-agnostic-balanced,
1,capacity-fork,396,STORY,1,task-agnostic-balanced,
1,capacity-fork,397,STORY,0,task-agnostic-balanced,
1,capacity-fork,398,STORY,1,task-agnostic-balanced,
1,capacity-fork,399,STORY,0,task-agnostic-balanced,
1,capacity-fork,400,ARITHMETIC,1,task-agnostic-balanced,
1,differentiation-fork,1,STORY,0,gradient-conflict,1.1140730381011963
1,differentiation-fork,2,STORY,0,gradient-conflict,0.3159074485301971
1,differentiation-fork,3,ARITHMETIC,1,gradient-conflict,-0.4958248734474182
1,differentiation-fork,4,STORY,0,gradient-conflict,0.2637757956981659
1,differentiation-fork,5,STORY,0,gradient-conflict,0.0086992103606462
1,differentiation-fork,6,STORY,0,gradient-conflict,0.8636592030525208
1,differentiation-fork,7,STORY,0,gradient-conflict,0.5228813290596008
1,differentiation-fork,8,STORY,0,gradient-conflict,0.0739654451608657
1,differentiation-fork,9,ARITHMETIC,1,gradient-conflict,-0.4966087937355041
1,differentiation-fork,10,ARITHMETIC,1,gradient-conflict,-0.4967345595359802
1,differentiation-fork,11,STORY,1,gradient-conflict,-0.0754511505365371
1,differentiation-fork,12,ARITHMETIC,1,gradient-conflict,-0.4896173477172851
1,differentiation-fork,13,STORY,0,gradient-conflict,0.8412786722183228
1,differentiation-fork,14,ARITHMETIC,1,gradient-conflict,-0.49330735206604
1,differentiation-fork,15,ARITHMETIC,1,gradient-conflict,-0.4968959987163543
1,differentiation-fork,16,ARITHMETIC,1,gradient-conflict,-0.4934235215187073
1,differentiation-fork,17,ARITHMETIC,1,gradient-conflict,-0.4952652156352997
1,differentiation-fork,18,STORY,0,gradient-conflict,0.1617274582386016
1,differentiation-fork,19,ARITHMETIC,1,gradient-conflict,-0.4950259029865265
1,differentiation-fork,20,ARITHMETIC,1,gradient-conflict,-0.4932081699371338
1,differentiation-fork,21,ARITHMETIC,1,gradient-conflict,-0.489323228597641
1,differentiation-fork,22,ARITHMETIC,1,gradient-conflict,-0.4962775111198425
1,differentiation-fork,23,STORY,0,gradient-conflict,0.3033843040466308
1,differentiation-fork,24,STORY,0,gradient-conflict,0.9522153735160828
1,differentiation-fork,25,STORY,0,gradient-conflict,0.1302632987499237
1,differentiation-fork,26,STORY,0,gradient-conflict,0.8662989735603333
1,differentiation-fork,27,ARITHMETIC,1,gradient-conflict,-0.4951160550117492
1,differentiation-fork,28,ARITHMETIC,1,gradient-conflict,-0.4862567484378814
1,differentiation-fork,29,ARITHMETIC,1,gradient-conflict,-0.4937554597854614
1,differentiation-fork,30,STORY,0,gradient-conflict,0.1128513664007186
1,differentiation-fork,31,STORY,0,gradient-conflict,0.8517494201660156
1,differentiation-fork,32,STORY,0,gradient-conflict,1.113136887550354
1,differentiation-fork,33,ARITHMETIC,1,gradient-conflict,-0.4948449730873108
1,differentiation-fork,34,STORY,0,gradient-conflict,0.0963394790887832
1,differentiation-fork,35,ARITHMETIC,1,gradient-conflict,-0.4907245635986328
1,differentiation-fork,36,ARITHMETIC,1,gradient-conflict,-0.4924204647541046
1,differentiation-fork,37,ARITHMETIC,1,gradient-conflict,-0.494143545627594
1,differentiation-fork,38,ARITHMETIC,1,gradient-conflict,-0.4890167117118835
1,differentiation-fork,39,STORY,0,gradient-conflict,0.1816224604845047
1,differentiation-fork,40,ARITHMETIC,1,gradient-conflict,-0.4951403141021728
1,differentiation-fork,41,ARITHMETIC,1,gradient-conflict,-0.4964260756969452
1,differentiation-fork,42,ARITHMETIC,1,gradient-conflict,-0.4958862066268921
1,differentiation-fork,43,STORY,1,gradient-conflict,-0.2213114351034164
1,differentiation-fork,44,ARITHMETIC,1,gradient-conflict,-0.4942228198051452
1,differentiation-fork,45,STORY,0,gradient-conflict,0.6510536074638367
1,differentiation-fork,46,STORY,0,gradient-conflict,0.6348434686660767
1,differentiation-fork,47,ARITHMETIC,1,gradient-conflict,-0.493151307106018
1,differentiation-fork,48,STORY,1,gradient-conflict,-0.1604761928319931
1,differentiation-fork,49,STORY,0,gradient-conflict,0.7100585699081421
1,differentiation-fork,50,STORY,0,gradient-conflict,0.4078077971935272
1,differentiation-fork,51,ARITHMETIC,1,gradient-conflict,-0.4961519539356231
1,differentiation-fork,52,STORY,0,gradient-conflict,0.303185224533081
1,differentiation-fork,53,STORY,0,gradient-conflict,0.7299121022224426
1,differentiation-fork,54,ARITHMETIC,1,gradient-conflict,-0.4888690710067749
1,differentiation-fork,55,ARITHMETIC,1,gradient-conflict,-0.4940264225006103
1,differentiation-fork,56,ARITHMETIC,1,gradient-conflict,-0.4933569729328155
1,differentiation-fork,57,ARITHMETIC,1,gradient-conflict,-0.4916868805885315
1,differentiation-fork,58,STORY,0,gradient-conflict,0.8354061245918274
1,differentiation-fork,59,ARITHMETIC,1,gradient-conflict,-0.4969636499881744
1,differentiation-fork,60,ARITHMETIC,1,gradient-conflict,-0.4932480752468109
1,differentiation-fork,61,ARITHMETIC,1,gradient-conflict,-0.4952727854251861
1,differentiation-fork,62,ARITHMETIC,1,gradient-conflict,-0.4931008219718933
1,differentiation-fork,63,STORY,0,gradient-conflict,0.4351993501186371
1,differentiation-fork,64,STORY,0,gradient-conflict,0.9919999241828918
1,differentiation-fork,65,STORY,0,gradient-conflict,0.4454891085624695
1,differentiation-fork,66,STORY,0,gradient-conflict,0.4387242794036865
1,differentiation-fork,67,ARITHMETIC,1,gradient-conflict,-0.4874341785907745
1,differentiation-fork,68,ARITHMETIC,1,gradient-conflict,-0.4955307841300964
1,differentiation-fork,69,ARITHMETIC,1,gradient-conflict,-0.4936341047286987
1,differentiation-fork,70,STORY,0,gradient-conflict,0.4639900922775268
1,differentiation-fork,71,STORY,0,gradient-conflict,0.8373945355415344
1,differentiation-fork,72,STORY,0,gradient-conflict,0.6123548746109009
1,differentiation-fork,73,STORY,0,gradient-conflict,0.8432819843292236
1,differentiation-fork,74,STORY,0,gradient-conflict,1.0311377048492432
1,differentiation-fork,75,ARITHMETIC,1,gradient-conflict,-0.494165301322937
1,differentiation-fork,76,ARITHMETIC,1,gradient-conflict,-0.4942317903041839
1,differentiation-fork,77,STORY,0,gradient-conflict,1.1064188480377195
1,differentiation-fork,78,ARITHMETIC,1,gradient-conflict,-0.492084801197052
1,differentiation-fork,79,ARITHMETIC,1,gradient-conflict,-0.4943575263023376
1,differentiation-fork,80,ARITHMETIC,1,gradient-conflict,-0.4973796606063843
1,differentiation-fork,81,STORY,0,gradient-conflict,0.94817054271698
1,differentiation-fork,82,ARITHMETIC,1,gradient-conflict,-0.4938008189201355
1,differentiation-fork,83,ARITHMETIC,1,gradient-conflict,-0.4918740093708038
1,differentiation-fork,84,ARITHMETIC,1,gradient-conflict,-0.4950438737869262
1,differentiation-fork,85,ARITHMETIC,1,gradient-conflict,-0.4935460984706878
1,differentiation-fork,86,STORY,0,gradient-conflict,0.2685385942459106
1,differentiation-fork,87,ARITHMETIC,1,gradient-conflict,-0.4860767126083374
1,differentiation-fork,88,ARITHMETIC,1,gradient-conflict,-0.4948176443576813
1,differentiation-fork,89,STORY,0,gradient-conflict,1.1236000061035156
1,differentiation-fork,90,STORY,0,gradient-conflict,0.5309674143791199
1,differentiation-fork,91,STORY,1,gradient-conflict,-0.142137736082077
1,differentiation-fork,92,ARITHMETIC,1,gradient-conflict,-0.493598461151123
1,differentiation-fork,93,ARITHMETIC,1,gradient-conflict,-0.4931049346923828
1,differentiation-fork,94,ARITHMETIC,1,gradient-conflict,-0.4933019280433655
1,differentiation-fork,95,ARITHMETIC,1,gradient-conflict,-0.4920456707477569
1,differentiation-fork,96,ARITHMETIC,1,gradient-conflict,-0.4930347800254822
1,differentiation-fork,97,STORY,0,gradient-conflict,0.5196517705917358
1,differentiation-fork,98,ARITHMETIC,1,gradient-conflict,-0.4894515872001648
1,differentiation-fork,99,STORY,0,gradient-conflict,0.1885059773921966
1,differentiation-fork,100,ARITHMETIC,1,gradient-conflict,-0.4966023564338684
1,differentiation-fork,101,STORY,1,gradient-conflict,-0.2009048461914062
1,differentiation-fork,102,ARITHMETIC,1,gradient-conflict,-0.4960477948188782
1,differentiation-fork,103,STORY,0,gradient-conflict,0.0168911777436733
1,differentiation-fork,104,STORY,0,gradient-conflict,0.3680477142333984
1,differentiation-fork,105,ARITHMETIC,1,gradient-conflict,-0.4939574599266052
1,differentiation-fork,106,ARITHMETIC,1,gradient-conflict,-0.4934704303741455
1,differentiation-fork,107,STORY,0,gradient-conflict,0.2843609750270843
1,differentiation-fork,108,ARITHMETIC,1,gradient-conflict,-0.4920465350151062
1,differentiation-fork,109,ARITHMETIC,1,gradient-conflict,-0.4933528304100036
1,differentiation-fork,110,ARITHMETIC,1,gradient-conflict,-0.4968122541904449
1,differentiation-fork,111,ARITHMETIC,1,gradient-conflict,-0.4963131844997406
1,differentiation-fork,112,ARITHMETIC,1,gradient-conflict,-0.4921920299530029
1,differentiation-fork,113,STORY,1,gradient-conflict,-0.1879197359085083
1,differentiation-fork,114,STORY,0,gradient-conflict,0.8729550242424011
1,differentiation-fork,115,STORY,0,gradient-conflict,0.4019672274589538
1,differentiation-fork,116,STORY,0,gradient-conflict,0.8991050720214844
1,differentiation-fork,117,STORY,0,gradient-conflict,0.0587709881365299
1,differentiation-fork,118,STORY,0,gradient-conflict,1.2636526823043823
1,differentiation-fork,119,ARITHMETIC,1,gradient-conflict,-0.4894136190414428
1,differentiation-fork,120,ARITHMETIC,1,gradient-conflict,-0.4928694367408752
1,differentiation-fork,121,STORY,0,gradient-conflict,0.0188707634806633
1,differentiation-fork,122,STORY,1,gradient-conflict,-0.0187330991029739
1,differentiation-fork,123,STORY,0,gradient-conflict,0.4693325757980346
1,differentiation-fork,124,STORY,0,gradient-conflict,0.6005804538726807
1,differentiation-fork,125,ARITHMETIC,1,gradient-conflict,-0.495069682598114
1,differentiation-fork,126,STORY,0,gradient-conflict,0.1128551214933395
1,differentiation-fork,127,STORY,0,gradient-conflict,1.0449790954589844
1,differentiation-fork,128,STORY,1,gradient-conflict,-0.0387970358133316
1,differentiation-fork,129,ARITHMETIC,1,gradient-conflict,-0.4968244731426239
1,differentiation-fork,130,STORY,0,gradient-conflict,0.2359420359134674
1,differentiation-fork,131,STORY,0,gradient-conflict,0.962019383907318
1,differentiation-fork,132,ARITHMETIC,1,gradient-conflict,-0.4939070343971252
1,differentiation-fork,133,STORY,1,gradient-conflict,-0.111035019159317
1,differentiation-fork,134,STORY,0,gradient-conflict,1.0478715896606443
1,differentiation-fork,135,STORY,0,gradient-conflict,0.5153166055679321
1,differentiation-fork,136,STORY,1,gradient-conflict,-0.1599006950855255
1,differentiation-fork,137,STORY,1,gradient-conflict,-0.0864886790513992
1,differentiation-fork,138,ARITHMETIC,1,gradient-conflict,-0.4946382641792297
1,differentiation-fork,139,ARITHMETIC,1,gradient-conflict,-0.4933155477046966
1,differentiation-fork,140,STORY,0,gradient-conflict,0.4868693649768829
1,differentiation-fork,141,ARITHMETIC,1,gradient-conflict,-0.4929676055908203
1,differentiation-fork,142,STORY,0,gradient-conflict,0.6755955219268799
1,differentiation-fork,143,STORY,0,gradient-conflict,0.1136777997016906
1,differentiation-fork,144,STORY,0,gradient-conflict,0.7455641627311707
1,differentiation-fork,145,STORY,0,gradient-conflict,1.018864631652832
1,differentiation-fork,146,ARITHMETIC,1,gradient-conflict,-0.4951328039169311
1,differentiation-fork,147,STORY,0,gradient-conflict,0.1441179364919662
1,differentiation-fork,148,ARITHMETIC,1,gradient-conflict,-0.4904773235321045
1,differentiation-fork,149,ARITHMETIC,1,gradient-conflict,-0.4913742840290069
1,differentiation-fork,150,ARITHMETIC,1,gradient-conflict,-0.4895073473453522
1,differentiation-fork,151,STORY,0,gradient-conflict,0.0255107581615448
1,differentiation-fork,152,STORY,0,gradient-conflict,1.0201791524887085
1,differentiation-fork,153,ARITHMETIC,1,gradient-conflict,-0.4972634017467499
1,differentiation-fork,154,ARITHMETIC,1,gradient-conflict,-0.4951385259628296
1,differentiation-fork,155,ARITHMETIC,1,gradient-conflict,-0.492423802614212
1,differentiation-fork,156,STORY,0,gradient-conflict,0.2329930961132049
1,differentiation-fork,157,STORY,0,gradient-conflict,0.4965375959873199
1,differentiation-fork,158,STORY,0,gradient-conflict,0.3841209411621094
1,differentiation-fork,159,ARITHMETIC,1,gradient-conflict,-0.4926891624927521
1,differentiation-fork,160,ARITHMETIC,1,gradient-conflict,-0.4958690404891968
1,differentiation-fork,161,STORY,1,gradient-conflict,-0.1346202790737152
1,differentiation-fork,162,ARITHMETIC,1,gradient-conflict,-0.4930733442306518
1,differentiation-fork,163,STORY,0,gradient-conflict,0.4067339599132538
1,differentiation-fork,164,ARITHMETIC,1,gradient-conflict,-0.4949725270271301
1,differentiation-fork,165,STORY,0,gradient-conflict,0.5396041870117188
1,differentiation-fork,166,ARITHMETIC,1,gradient-conflict,-0.4929432272911072
1,differentiation-fork,167,ARITHMETIC,1,gradient-conflict,-0.4910831451416015
1,differentiation-fork,168,STORY,1,gradient-conflict,-0.1068705096840858
1,differentiation-fork,169,STORY,0,gradient-conflict,0.0823057889938354
1,differentiation-fork,170,STORY,0,gradient-conflict,0.5581752061843872
1,differentiation-fork,171,STORY,1,gradient-conflict,-0.1040161103010177
1,differentiation-fork,172,STORY,0,gradient-conflict,0.7705985307693481
1,differentiation-fork,173,ARITHMETIC,1,gradient-conflict,-0.4910339713096618
1,differentiation-fork,174,STORY,1,gradient-conflict,-0.0219541043043136
1,differentiation-fork,175,STORY,0,gradient-conflict,0.3788475692272186
1,differentiation-fork,176,ARITHMETIC,1,gradient-conflict,-0.4980580508708954
1,differentiation-fork,177,ARITHMETIC,1,gradient-conflict,-0.492889791727066
1,differentiation-fork,178,STORY,0,gradient-conflict,0.1276874393224716
1,differentiation-fork,179,ARITHMETIC,1,gradient-conflict,-0.4906602203845978
1,differentiation-fork,180,ARITHMETIC,1,gradient-conflict,-0.4929800033569336
1,differentiation-fork,181,STORY,0,gradient-conflict,0.1557840853929519
1,differentiation-fork,182,ARITHMETIC,1,gradient-conflict,-0.4929909408092499
1,differentiation-fork,183,STORY,0,gradient-conflict,0.1416700780391693
1,differentiation-fork,184,STORY,0,gradient-conflict,1.0591555833816528
1,differentiation-fork,185,ARITHMETIC,1,gradient-conflict,-0.4914996922016144
1,differentiation-fork,186,ARITHMETIC,1,gradient-conflict,-0.4947607219219208
1,differentiation-fork,187,ARITHMETIC,1,gradient-conflict,-0.4950025677680969
1,differentiation-fork,188,ARITHMETIC,1,gradient-conflict,-0.4954529106616974
1,differentiation-fork,189,STORY,0,gradient-conflict,1.0193300247192385
1,differentiation-fork,190,STORY,0,gradient-conflict,0.2256459146738052
1,differentiation-fork,191,ARITHMETIC,1,gradient-conflict,-0.4947832226753235
1,differentiation-fork,192,STORY,0,gradient-conflict,0.1562732905149459
1,differentiation-fork,193,STORY,0,gradient-conflict,0.7574054598808289
1,differentiation-fork,194,STORY,0,gradient-conflict,0.2262192368507385
1,differentiation-fork,195,STORY,0,gradient-conflict,1.160282850265503
1,differentiation-fork,196,ARITHMETIC,1,gradient-conflict,-0.4950942993164062
1,differentiation-fork,197,STORY,0,gradient-conflict,0.1416049003601074
1,differentiation-fork,198,STORY,0,gradient-conflict,0.4544743299484253
1,differentiation-fork,199,STORY,0,gradient-conflict,1.2042021751403809
1,differentiation-fork,200,STORY,0,gradient-conflict,0.8143744468688965
1,differentiation-fork,201,STORY,0,gradient-conflict,1.0512416362762451
1,differentiation-fork,202,ARITHMETIC,1,gradient-conflict,-0.4963599145412445
1,differentiation-fork,203,STORY,0,gradient-conflict,0.1771620064973831
1,differentiation-fork,204,STORY,0,gradient-conflict,0.5827217102050781
1,differentiation-fork,205,STORY,0,gradient-conflict,0.6984206438064575
1,differentiation-fork,206,ARITHMETIC,1,gradient-conflict,-0.4958162307739258
1,differentiation-fork,207,STORY,0,gradient-conflict,0.3733983635902405
1,differentiation-fork,208,ARITHMETIC,1,gradient-conflict,-0.4948115944862366
1,differentiation-fork,209,ARITHMETIC,1,gradient-conflict,-0.4968776404857635
1,differentiation-fork,210,ARITHMETIC,1,gradient-conflict,-0.4891972243785858
1,differentiation-fork,211,ARITHMETIC,1,gradient-conflict,-0.4964779019355774
1,differentiation-fork,212,STORY,0,gradient-conflict,0.3045562207698822
1,differentiation-fork,213,ARITHMETIC,1,gradient-conflict,-0.4921349287033081
1,differentiation-fork,214,ARITHMETIC,1,gradient-conflict,-0.4946291446685791
1,differentiation-fork,215,ARITHMETIC,1,gradient-conflict,-0.4946522712707519
1,differentiation-fork,216,STORY,0,gradient-conflict,1.1373915672302246
1,differentiation-fork,217,STORY,1,gradient-conflict,-0.0723242312669754
1,differentiation-fork,218,ARITHMETIC,1,gradient-conflict,-0.4916152358055115
1,differentiation-fork,219,STORY,1,gradient-conflict,-0.2001509070396423
1,differentiation-fork,220,STORY,0,gradient-conflict,0.8815594911575317
1,differentiation-fork,221,STORY,0,gradient-conflict,0.3969923257827759
1,differentiation-fork,222,STORY,0,gradient-conflict,0.6829961538314819
1,differentiation-fork,223,STORY,0,gradient-conflict,0.5090728998184204
1,differentiation-fork,224,ARITHMETIC,1,gradient-conflict,-0.4885070025920868
1,differentiation-fork,225,STORY,0,gradient-conflict,0.9880324602127076
1,differentiation-fork,226,STORY,0,gradient-conflict,0.736849308013916
1,differentiation-fork,227,ARITHMETIC,1,gradient-conflict,-0.4949104785919189
1,differentiation-fork,228,ARITHMETIC,1,gradient-conflict,-0.4956121444702148
1,differentiation-fork,229,STORY,0,gradient-conflict,0.2222052067518234
1,differentiation-fork,230,ARITHMETIC,1,gradient-conflict,-0.4948176145553589
1,differentiation-fork,231,ARITHMETIC,1,gradient-conflict,-0.4936086237430572
1,differentiation-fork,232,STORY,0,gradient-conflict,0.157826691865921
1,differentiation-fork,233,STORY,1,gradient-conflict,-0.0674199014902114
1,differentiation-fork,234,STORY,0,gradient-conflict,0.2244475185871124
1,differentiation-fork,235,ARITHMETIC,1,gradient-conflict,-0.4950592517852783
1,differentiation-fork,236,STORY,0,gradient-conflict,0.6059637069702148
1,differentiation-fork,237,STORY,0,gradient-conflict,1.0649704933166504
1,differentiation-fork,238,ARITHMETIC,1,gradient-conflict,-0.4950747489929199
1,differentiation-fork,239,STORY,0,gradient-conflict,0.6166434288024902
1,differentiation-fork,240,ARITHMETIC,1,gradient-conflict,-0.4945051372051239
1,differentiation-fork,241,ARITHMETIC,1,gradient-conflict,-0.4959778785705566
1,differentiation-fork,242,ARITHMETIC,1,gradient-conflict,-0.4935305714607239
1,differentiation-fork,243,STORY,0,gradient-conflict,0.3183591365814209
1,differentiation-fork,244,ARITHMETIC,1,gradient-conflict,-0.4905525147914886
1,differentiation-fork,245,ARITHMETIC,1,gradient-conflict,-0.4939385652542114
1,differentiation-fork,246,ARITHMETIC,1,gradient-conflict,-0.4949972033500671
1,differentiation-fork,247,ARITHMETIC,1,gradient-conflict,-0.4944674372673034
1,differentiation-fork,248,STORY,0,gradient-conflict,0.2351534962654113
1,differentiation-fork,249,ARITHMETIC,1,gradient-conflict,-0.4950557351112366
1,differentiation-fork,250,ARITHMETIC,1,gradient-conflict,-0.4967604875564575
1,differentiation-fork,251,STORY,0,gradient-conflict,0.5680770874023438
1,differentiation-fork,252,STORY,0,gradient-conflict,0.0585405305027961
1,differentiation-fork,253,ARITHMETIC,1,gradient-conflict,-0.496339350938797
1,differentiation-fork,254,STORY,0,gradient-conflict,0.0325601510703563
1,differentiation-fork,255,STORY,0,gradient-conflict,0.8632941842079163
1,differentiation-fork,256,STORY,0,gradient-conflict,1.1108698844909668
1,differentiation-fork,257,ARITHMETIC,1,gradient-conflict,-0.4896078109741211
1,differentiation-fork,258,ARITHMETIC,1,gradient-conflict,-0.4912877082824707
1,differentiation-fork,259,STORY,0,gradient-conflict,0.4691796600818634
1,differentiation-fork,260,STORY,1,gradient-conflict,-0.0697642713785171
1,differentiation-fork,261,ARITHMETIC,1,gradient-conflict,-0.4938226342201233
1,differentiation-fork,262,ARITHMETIC,1,gradient-conflict,-0.4925975203514099
1,differentiation-fork,263,ARITHMETIC,1,gradient-conflict,-0.4919788539409637
1,differentiation-fork,264,STORY,0,gradient-conflict,0.7960883378982544
1,differentiation-fork,265,STORY,0,gradient-conflict,0.0736916735768318
1,differentiation-fork,266,ARITHMETIC,1,gradient-conflict,-0.492156058549881
1,differentiation-fork,267,ARITHMETIC,1,gradient-conflict,-0.493182510137558
1,differentiation-fork,268,STORY,0,gradient-conflict,0.6742013692855835
1,differentiation-fork,269,ARITHMETIC,1,gradient-conflict,-0.4937333166599273
1,differentiation-fork,270,STORY,0,gradient-conflict,0.4681697189807892
1,differentiation-fork,271,STORY,0,gradient-conflict,0.4661250412464142
1,differentiation-fork,272,ARITHMETIC,1,gradient-conflict,-0.4869627952575683
1,differentiation-fork,273,STORY,0,gradient-conflict,0.4146277904510498
1,differentiation-fork,274,STORY,0,gradient-conflict,0.2245422005653381
1,differentiation-fork,275,STORY,0,gradient-conflict,0.0558860972523689
1,differentiation-fork,276,ARITHMETIC,1,gradient-conflict,-0.4932250380516052
1,differentiation-fork,277,STORY,0,gradient-conflict,0.2173541039228439
1,differentiation-fork,278,STORY,0,gradient-conflict,0.3909868597984314
1,differentiation-fork,279,STORY,0,gradient-conflict,1.2157206535339355
1,differentiation-fork,280,ARITHMETIC,1,gradient-conflict,-0.4884990751743316
1,differentiation-fork,281,ARITHMETIC,1,gradient-conflict,-0.4874119162559509
1,differentiation-fork,282,ARITHMETIC,1,gradient-conflict,-0.4908823072910309
1,differentiation-fork,283,STORY,0,gradient-conflict,0.9411516189575196
1,differentiation-fork,284,STORY,0,gradient-conflict,0.5479981899261475
1,differentiation-fork,285,STORY,0,gradient-conflict,0.8034851551055908
1,differentiation-fork,286,ARITHMETIC,1,gradient-conflict,-0.4905081987380981
1,differentiation-fork,287,STORY,0,gradient-conflict,0.2028289288282394
1,differentiation-fork,288,STORY,0,gradient-conflict,0.5317038297653198
1,differentiation-fork,289,ARITHMETIC,1,gradient-conflict,-0.4974250793457031
1,differentiation-fork,290,STORY,1,gradient-conflict,-0.0849935933947563
1,differentiation-fork,291,STORY,1,gradient-conflict,-0.170403242111206
1,differentiation-fork,292,ARITHMETIC,1,gradient-conflict,-0.4890757203102112
1,differentiation-fork,293,STORY,0,gradient-conflict,0.5090508460998535
1,differentiation-fork,294,ARITHMETIC,1,gradient-conflict,-0.4927120208740234
1,differentiation-fork,295,ARITHMETIC,1,gradient-conflict,-0.4930052757263183
1,differentiation-fork,296,STORY,0,gradient-conflict,0.2769288420677185
1,differentiation-fork,297,ARITHMETIC,1,gradient-conflict,-0.4915983974933624
1,differentiation-fork,298,STORY,0,gradient-conflict,0.8219531774520874
1,differentiation-fork,299,STORY,0,gradient-conflict,0.0889810174703598
1,differentiation-fork,300,STORY,0,gradient-conflict,0.7223541736602783
1,differentiation-fork,301,STORY,0,gradient-conflict,0.1590599715709686
1,differentiation-fork,302,STORY,0,gradient-conflict,0.0717936158180236
1,differentiation-fork,303,ARITHMETIC,1,gradient-conflict,-0.4910545349121094
1,differentiation-fork,304,STORY,0,gradient-conflict,0.1423879414796829
1,differentiation-fork,305,ARITHMETIC,1,gradient-conflict,-0.4860146343708038
1,differentiation-fork,306,ARITHMETIC,1,gradient-conflict,-0.4941021800041199
1,differentiation-fork,307,ARITHMETIC,1,gradient-conflict,-0.496023416519165
1,differentiation-fork,308,STORY,1,gradient-conflict,-0.102561317384243
1,differentiation-fork,309,ARITHMETIC,1,gradient-conflict,-0.4874602556228637
1,differentiation-fork,310,STORY,0,gradient-conflict,0.9150826930999756
1,differentiation-fork,311,ARITHMETIC,1,gradient-conflict,-0.4929263591766357
1,differentiation-fork,312,ARITHMETIC,1,gradient-conflict,-0.494803637266159
1,differentiation-fork,313,ARITHMETIC,1,gradient-conflict,-0.4972513914108276
1,differentiation-fork,314,STORY,0,gradient-conflict,0.3045427799224853
1,differentiation-fork,315,ARITHMETIC,1,gradient-conflict,-0.4959794878959656
1,differentiation-fork,316,STORY,0,gradient-conflict,0.0267572868615388
1,differentiation-fork,317,ARITHMETIC,1,gradient-conflict,-0.4885823726654053
1,differentiation-fork,318,ARITHMETIC,1,gradient-conflict,-0.4919083714485168
1,differentiation-fork,319,ARITHMETIC,1,gradient-conflict,-0.4918604791164398
1,differentiation-fork,320,ARITHMETIC,1,gradient-conflict,-0.4842661321163177
1,differentiation-fork,321,STORY,0,gradient-conflict,1.246811032295227
1,differentiation-fork,322,STORY,0,gradient-conflict,0.6499550342559814
1,differentiation-fork,323,ARITHMETIC,1,gradient-conflict,-0.4938171207904815
1,differentiation-fork,324,ARITHMETIC,1,gradient-conflict,-0.492444097995758
1,differentiation-fork,325,STORY,0,gradient-conflict,0.097971573472023
1,differentiation-fork,326,ARITHMETIC,1,gradient-conflict,-0.4910725653171539
1,differentiation-fork,327,ARITHMETIC,1,gradient-conflict,-0.4897351562976837
1,differentiation-fork,328,ARITHMETIC,1,gradient-conflict,-0.4976349472999573
1,differentiation-fork,329,ARITHMETIC,1,gradient-conflict,-0.4890457391738891
1,differentiation-fork,330,ARITHMETIC,1,gradient-conflict,-0.4908373057842254
1,differentiation-fork,331,STORY,0,gradient-conflict,1.064383029937744
1,differentiation-fork,332,STORY,1,gradient-conflict,-0.1089885085821151
1,differentiation-fork,333,ARITHMETIC,1,gradient-conflict,-0.4935278296470642
1,differentiation-fork,334,ARITHMETIC,1,gradient-conflict,-0.4957683086395263
1,differentiation-fork,335,STORY,0,gradient-conflict,0.2166952341794967
1,differentiation-fork,336,STORY,0,gradient-conflict,0.5733649134635925
1,differentiation-fork,337,ARITHMETIC,1,gradient-conflict,-0.494784414768219
1,differentiation-fork,338,ARITHMETIC,1,gradient-conflict,-0.489266037940979
1,differentiation-fork,339,STORY,0,gradient-conflict,0.9967860579490662
1,differentiation-fork,340,STORY,0,gradient-conflict,1.0209050178527832
1,differentiation-fork,341,STORY,0,gradient-conflict,0.9184324741363524
1,differentiation-fork,342,ARITHMETIC,1,gradient-conflict,-0.4961651265621185
1,differentiation-fork,343,STORY,1,gradient-conflict,-0.1255570948123932
1,differentiation-fork,344,ARITHMETIC,1,gradient-conflict,-0.4986464977264404
1,differentiation-fork,345,ARITHMETIC,1,gradient-conflict,-0.4947212338447571
1,differentiation-fork,346,ARITHMETIC,1,gradient-conflict,-0.4967575669288635
1,differentiation-fork,347,ARITHMETIC,1,gradient-conflict,-0.4908195734024048
1,differentiation-fork,348,ARITHMETIC,1,gradient-conflict,-0.4795682728290558
1,differentiation-fork,349,STORY,0,gradient-conflict,0.8428193926811218
1,differentiation-fork,350,ARITHMETIC,1,gradient-conflict,-0.494012176990509
1,differentiation-fork,351,STORY,0,gradient-conflict,0.0795592814683914
1,differentiation-fork,352,ARITHMETIC,1,gradient-conflict,-0.4954008162021637
1,differentiation-fork,353,STORY,0,gradient-conflict,0.4208508729934692
1,differentiation-fork,354,STORY,0,gradient-conflict,0.5004480481147766
1,differentiation-fork,355,ARITHMETIC,1,gradient-conflict,-0.4946361482143402
1,differentiation-fork,356,ARITHMETIC,1,gradient-conflict,-0.4894654452800751
1,differentiation-fork,357,ARITHMETIC,1,gradient-conflict,-0.4924678206443786
1,differentiation-fork,358,ARITHMETIC,1,gradient-conflict,-0.4913756251335144
1,differentiation-fork,359,ARITHMETIC,1,gradient-conflict,-0.4962993562221527
1,differentiation-fork,360,ARITHMETIC,1,gradient-conflict,-0.4853236079216003
1,differentiation-fork,361,ARITHMETIC,1,gradient-conflict,-0.4897594153881073
1,differentiation-fork,362,ARITHMETIC,1,gradient-conflict,-0.4947613775730133
1,differentiation-fork,363,STORY,0,gradient-conflict,0.1280317306518554
1,differentiation-fork,364,ARITHMETIC,1,gradient-conflict,-0.4907904863357544
1,differentiation-fork,365,STORY,0,gradient-conflict,0.3291457891464233
1,differentiation-fork,366,STORY,0,gradient-conflict,0.4011881947517395
1,differentiation-fork,367,ARITHMETIC,1,gradient-conflict,-0.4956541657447815
1,differentiation-fork,368,STORY,0,gradient-conflict,0.20600526034832
1,differentiation-fork,369,ARITHMETIC,1,gradient-conflict,-0.4959706664085388
1,differentiation-fork,370,STORY,0,gradient-conflict,0.0154846087098121
1,differentiation-fork,371,STORY,0,gradient-conflict,1.1120235919952393
1,differentiation-fork,372,ARITHMETIC,1,gradient-conflict,-0.4932759702205658
1,differentiation-fork,373,ARITHMETIC,1,gradient-conflict,-0.4978997707366943
1,differentiation-fork,374,STORY,0,gradient-conflict,0.2900111079216003
1,differentiation-fork,375,ARITHMETIC,1,gradient-conflict,-0.4972485899925232
1,differentiation-fork,376,ARITHMETIC,1,gradient-conflict,-0.486305296421051
1,differentiation-fork,377,ARITHMETIC,1,gradient-conflict,-0.4890676736831665
1,differentiation-fork,378,ARITHMETIC,1,gradient-conflict,-0.4954677820205688
1,differentiation-fork,379,ARITHMETIC,1,gradient-conflict,-0.4960390925407409
1,differentiation-fork,380,STORY,0,gradient-conflict,1.203076958656311
1,differentiation-fork,381,STORY,0,gradient-conflict,0.3308019638061523
1,differentiation-fork,382,ARITHMETIC,1,gradient-conflict,-0.4896281063556671
1,differentiation-fork,383,ARITHMETIC,1,gradient-conflict,-0.4943641424179077
1,differentiation-fork,384,ARITHMETIC,1,gradient-conflict,-0.4925195872783661
1,differentiation-fork,385,STORY,0,gradient-conflict,0.8850858211517334
1,differentiation-fork,386,ARITHMETIC,1,gradient-conflict,-0.4954702258110046
1,differentiation-fork,387,STORY,1,gradient-conflict,-0.2236461341381073
1,differentiation-fork,388,ARITHMETIC,1,gradient-conflict,-0.4893831014633178
1,differentiation-fork,389,ARITHMETIC,1,gradient-conflict,-0.4969674348831177
1,differentiation-fork,390,STORY,0,gradient-conflict,0.3995717167854309
1,differentiation-fork,391,STORY,0,gradient-conflict,0.3736249506473541
1,differentiation-fork,392,ARITHMETIC,1,gradient-conflict,-0.4911453425884247
1,differentiation-fork,393,STORY,0,gradient-conflict,0.8968583941459656
1,differentiation-fork,394,STORY,0,gradient-conflict,0.0131692737340927
1,differentiation-fork,395,STORY,1,gradient-conflict,-0.0502501055598259
1,differentiation-fork,396,STORY,0,gradient-conflict,0.2431534230709076
1,differentiation-fork,397,STORY,0,gradient-conflict,0.6970154047012329
1,differentiation-fork,398,STORY,0,gradient-conflict,0.3421164155006408
1,differentiation-fork,399,STORY,1,gradient-conflict,-0.0379874296486377
1,differentiation-fork,400,ARITHMETIC,1,gradient-conflict,-0.4917230606079101
2,unified,1,STORY,0,unified,
2,unified,2,ARITHMETIC,0,unified,
2,unified,3,ARITHMETIC,0,unified,
2,unified,4,ARITHMETIC,0,unified,
2,unified,5,ARITHMETIC,0,unified,
2,unified,6,ARITHMETIC,0,unified,
2,unified,7,STORY,0,unified,
2,unified,8,ARITHMETIC,0,unified,
2,unified,9,STORY,0,unified,
2,unified,10,ARITHMETIC,0,unified,
2,unified,11,STORY,0,unified,
2,unified,12,STORY,0,unified,
2,unified,13,ARITHMETIC,0,unified,
2,unified,14,ARITHMETIC,0,unified,
2,unified,15,STORY,0,unified,
2,unified,16,STORY,0,unified,
2,unified,17,STORY,0,unified,
2,unified,18,ARITHMETIC,0,unified,
2,unified,19,ARITHMETIC,0,unified,
2,unified,20,STORY,0,unified,
2,unified,21,ARITHMETIC,0,unified,
2,unified,22,ARITHMETIC,0,unified,
2,unified,23,STORY,0,unified,
2,unified,24,STORY,0,unified,
2,unified,25,STORY,0,unified,
2,unified,26,ARITHMETIC,0,unified,
2,unified,27,STORY,0,unified,
2,unified,28,STORY,0,unified,
2,unified,29,ARITHMETIC,0,unified,
2,unified,30,STORY,0,unified,
2,unified,31,ARITHMETIC,0,unified,
2,unified,32,STORY,0,unified,
2,unified,33,STORY,0,unified,
2,unified,34,STORY,0,unified,
2,unified,35,ARITHMETIC,0,unified,
2,unified,36,ARITHMETIC,0,unified,
2,unified,37,STORY,0,unified,
2,unified,38,ARITHMETIC,0,unified,
2,unified,39,ARITHMETIC,0,unified,
2,unified,40,STORY,0,unified,
2,unified,41,STORY,0,unified,
2,unified,42,ARITHMETIC,0,unified,
2,unified,43,STORY,0,unified,
2,unified,44,ARITHMETIC,0,unified,
2,unified,45,ARITHMETIC,0,unified,
2,unified,46,ARITHMETIC,0,unified,
2,unified,47,ARITHMETIC,0,unified,
2,unified,48,STORY,0,unified,
2,unified,49,ARITHMETIC,0,unified,
2,unified,50,ARITHMETIC,0,unified,
2,unified,51,STORY,0,unified,
2,unified,52,STORY,0,unified,
2,unified,53,STORY,0,unified,
2,unified,54,ARITHMETIC,0,unified,
2,unified,55,ARITHMETIC,0,unified,
2,unified,56,STORY,0,unified,
2,unified,57,ARITHMETIC,0,unified,
2,unified,58,STORY,0,unified,
2,unified,59,STORY,0,unified,
2,unified,60,ARITHMETIC,0,unified,
2,unified,61,ARITHMETIC,0,unified,
2,unified,62,STORY,0,unified,
2,unified,63,ARITHMETIC,0,unified,
2,unified,64,STORY,0,unified,
2,unified,65,ARITHMETIC,0,unified,
2,unified,66,STORY,0,unified,
2,unified,67,STORY,0,unified,
2,unified,68,ARITHMETIC,0,unified,
2,unified,69,ARITHMETIC,0,unified,
2,unified,70,ARITHMETIC,0,unified,
2,unified,71,STORY,0,unified,
2,unified,72,ARITHMETIC,0,unified,
2,unified,73,STORY,0,unified,
2,unified,74,STORY,0,unified,
2,unified,75,STORY,0,unified,
2,unified,76,STORY,0,unified,
2,unified,77,ARITHMETIC,0,unified,
2,unified,78,STORY,0,unified,
2,unified,79,ARITHMETIC,0,unified,
2,unified,80,STORY,0,unified,
2,unified,81,ARITHMETIC,0,unified,
2,unified,82,STORY,0,unified,
2,unified,83,STORY,0,unified,
2,unified,84,ARITHMETIC,0,unified,
2,unified,85,ARITHMETIC,0,unified,
2,unified,86,STORY,0,unified,
2,unified,87,STORY,0,unified,
2,unified,88,STORY,0,unified,
2,unified,89,STORY,0,unified,
2,unified,90,ARITHMETIC,0,unified,
2,unified,91,ARITHMETIC,0,unified,
2,unified,92,STORY,0,unified,
2,unified,93,ARITHMETIC,0,unified,
2,unified,94,ARITHMETIC,0,unified,
2,unified,95,ARITHMETIC,0,unified,
2,unified,96,STORY,0,unified,
2,unified,97,ARITHMETIC,0,unified,
2,unified,98,STORY,0,unified,
2,unified,99,ARITHMETIC,0,unified,
2,unified,100,ARITHMETIC,0,unified,
2,unified,101,ARITHMETIC,0,unified,
2,unified,102,STORY,0,unified,
2,unified,103,STORY,0,unified,
2,unified,104,ARITHMETIC,0,unified,
2,unified,105,ARITHMETIC,0,unified,
2,unified,106,STORY,0,unified,
2,unified,107,ARITHMETIC,0,unified,
2,unified,108,ARITHMETIC,0,unified,
2,unified,109,ARITHMETIC,0,unified,
2,unified,110,STORY,0,unified,
2,unified,111,ARITHMETIC,0,unified,
2,unified,112,ARITHMETIC,0,unified,
2,unified,113,ARITHMETIC,0,unified,
2,unified,114,ARITHMETIC,0,unified,
2,unified,115,ARITHMETIC,0,unified,
2,unified,116,ARITHMETIC,0,unified,
2,unified,117,ARITHMETIC,0,unified,
2,unified,118,STORY,0,unified,
2,unified,119,STORY,0,unified,
2,unified,120,STORY,0,unified,
2,unified,121,ARITHMETIC,0,unified,
2,unified,122,ARITHMETIC,0,unified,
2,unified,123,ARITHMETIC,0,unified,
2,unified,124,ARITHMETIC,0,unified,
2,unified,125,STORY,0,unified,
2,unified,126,ARITHMETIC,0,unified,
2,unified,127,STORY,0,unified,
2,unified,128,STORY,0,unified,
2,unified,129,ARITHMETIC,0,unified,
2,unified,130,STORY,0,unified,
2,unified,131,ARITHMETIC,0,unified,
2,unified,132,ARITHMETIC,0,unified,
2,unified,133,STORY,0,unified,
2,unified,134,ARITHMETIC,0,unified,
2,unified,135,ARITHMETIC,0,unified,
2,unified,136,ARITHMETIC,0,unified,
2,unified,137,STORY,0,unified,
2,unified,138,STORY,0,unified,
2,unified,139,STORY,0,unified,
2,unified,140,STORY,0,unified,
2,unified,141,ARITHMETIC,0,unified,
2,unified,142,ARITHMETIC,0,unified,
2,unified,143,ARITHMETIC,0,unified,
2,unified,144,STORY,0,unified,
2,unified,145,ARITHMETIC,0,unified,
2,unified,146,ARITHMETIC,0,unified,
2,unified,147,ARITHMETIC,0,unified,
2,unified,148,ARITHMETIC,0,unified,
2,unified,149,STORY,0,unified,
2,unified,150,STORY,0,unified,
2,unified,151,STORY,0,unified,
2,unified,152,STORY,0,unified,
2,unified,153,ARITHMETIC,0,unified,
2,unified,154,ARITHMETIC,0,unified,
2,unified,155,ARITHMETIC,0,unified,
2,unified,156,ARITHMETIC,0,unified,
2,unified,157,STORY,0,unified,
2,unified,158,STORY,0,unified,
2,unified,159,STORY,0,unified,
2,unified,160,ARITHMETIC,0,unified,
2,unified,161,ARITHMETIC,0,unified,
2,unified,162,STORY,0,unified,
2,unified,163,STORY,0,unified,
2,unified,164,ARITHMETIC,0,unified,
2,unified,165,ARITHMETIC,0,unified,
2,unified,166,ARITHMETIC,0,unified,
2,unified,167,ARITHMETIC,0,unified,
2,unified,168,STORY,0,unified,
2,unified,169,ARITHMETIC,0,unified,
2,unified,170,ARITHMETIC,0,unified,
2,unified,171,ARITHMETIC,0,unified,
2,unified,172,ARITHMETIC,0,unified,
2,unified,173,STORY,0,unified,
2,unified,174,STORY,0,unified,
2,unified,175,STORY,0,unified,
2,unified,176,STORY,0,unified,
2,unified,177,ARITHMETIC,0,unified,
2,unified,178,STORY,0,unified,
2,unified,179,STORY,0,unified,
2,unified,180,STORY,0,unified,
2,unified,181,ARITHMETIC,0,unified,
2,unified,182,STORY,0,unified,
2,unified,183,STORY,0,unified,
2,unified,184,ARITHMETIC,0,unified,
2,unified,185,STORY,0,unified,
2,unified,186,STORY,0,unified,
2,unified,187,STORY,0,unified,
2,unified,188,STORY,0,unified,
2,unified,189,ARITHMETIC,0,unified,
2,unified,190,STORY,0,unified,
2,unified,191,STORY,0,unified,
2,unified,192,ARITHMETIC,0,unified,
2,unified,193,STORY,0,unified,
2,unified,194,ARITHMETIC,0,unified,
2,unified,195,STORY,0,unified,
2,unified,196,ARITHMETIC,0,unified,
2,unified,197,STORY,0,unified,
2,unified,198,STORY,0,unified,
2,unified,199,STORY,0,unified,
2,unified,200,ARITHMETIC,0,unified,
2,unified,201,STORY,0,unified,
2,unified,202,STORY,0,unified,
2,unified,203,STORY,0,unified,
2,unified,204,STORY,0,unified,
2,unified,205,ARITHMETIC,0,unified,
2,unified,206,STORY,0,unified,
2,unified,207,ARITHMETIC,0,unified,
2,unified,208,STORY,0,unified,
2,unified,209,ARITHMETIC,0,unified,
2,unified,210,ARITHMETIC,0,unified,
2,unified,211,ARITHMETIC,0,unified,
2,unified,212,ARITHMETIC,0,unified,
2,unified,213,ARITHMETIC,0,unified,
2,unified,214,ARITHMETIC,0,unified,
2,unified,215,ARITHMETIC,0,unified,
2,unified,216,STORY,0,unified,
2,unified,217,ARITHMETIC,0,unified,
2,unified,218,STORY,0,unified,
2,unified,219,STORY,0,unified,
2,unified,220,ARITHMETIC,0,unified,
2,unified,221,STORY,0,unified,
2,unified,222,ARITHMETIC,0,unified,
2,unified,223,ARITHMETIC,0,unified,
2,unified,224,ARITHMETIC,0,unified,
2,unified,225,STORY,0,unified,
2,unified,226,ARITHMETIC,0,unified,
2,unified,227,STORY,0,unified,
2,unified,228,STORY,0,unified,
2,unified,229,STORY,0,unified,
2,unified,230,ARITHMETIC,0,unified,
2,unified,231,ARITHMETIC,0,unified,
2,unified,232,ARITHMETIC,0,unified,
2,unified,233,ARITHMETIC,0,unified,
2,unified,234,STORY,0,unified,
2,unified,235,ARITHMETIC,0,unified,
2,unified,236,ARITHMETIC,0,unified,
2,unified,237,STORY,0,unified,
2,unified,238,ARITHMETIC,0,unified,
2,unified,239,STORY,0,unified,
2,unified,240,ARITHMETIC,0,unified,
2,unified,241,STORY,0,unified,
2,unified,242,STORY,0,unified,
2,unified,243,STORY,0,unified,
2,unified,244,ARITHMETIC,0,unified,
2,unified,245,ARITHMETIC,0,unified,
2,unified,246,ARITHMETIC,0,unified,
2,unified,247,STORY,0,unified,
2,unified,248,STORY,0,unified,
2,unified,249,STORY,0,unified,
2,unified,250,STORY,0,unified,
2,unified,251,ARITHMETIC,0,unified,
2,unified,252,ARITHMETIC,0,unified,
2,unified,253,STORY,0,unified,
2,unified,254,ARITHMETIC,0,unified,
2,unified,255,STORY,0,unified,
2,unified,256,STORY,0,unified,
2,unified,257,STORY,0,unified,
2,unified,258,ARITHMETIC,0,unified,
2,unified,259,ARITHMETIC,0,unified,
2,unified,260,STORY,0,unified,
2,unified,261,STORY,0,unified,
2,unified,262,STORY,0,unified,
2,unified,263,STORY,0,unified,
2,unified,264,ARITHMETIC,0,unified,
2,unified,265,ARITHMETIC,0,unified,
2,unified,266,STORY,0,unified,
2,unified,267,ARITHMETIC,0,unified,
2,unified,268,ARITHMETIC,0,unified,
2,unified,269,ARITHMETIC,0,unified,
2,unified,270,ARITHMETIC,0,unified,
2,unified,271,ARITHMETIC,0,unified,
2,unified,272,STORY,0,unified,
2,unified,273,STORY,0,unified,
2,unified,274,ARITHMETIC,0,unified,
2,unified,275,STORY,0,unified,
2,unified,276,STORY,0,unified,
2,unified,277,ARITHMETIC,0,unified,
2,unified,278,STORY,0,unified,
2,unified,279,STORY,0,unified,
2,unified,280,ARITHMETIC,0,unified,
2,unified,281,ARITHMETIC,0,unified,
2,unified,282,ARITHMETIC,0,unified,
2,unified,283,ARITHMETIC,0,unified,
2,unified,284,STORY,0,unified,
2,unified,285,ARITHMETIC,0,unified,
2,unified,286,ARITHMETIC,0,unified,
2,unified,287,ARITHMETIC,0,unified,
2,unified,288,STORY,0,unified,
2,unified,289,ARITHMETIC,0,unified,
2,unified,290,ARITHMETIC,0,unified,
2,unified,291,STORY,0,unified,
2,unified,292,STORY,0,unified,
2,unified,293,STORY,0,unified,
2,unified,294,ARITHMETIC,0,unified,
2,unified,295,STORY,0,unified,
2,unified,296,ARITHMETIC,0,unified,
2,unified,297,ARITHMETIC,0,unified,
2,unified,298,STORY,0,unified,
2,unified,299,STORY,0,unified,
2,unified,300,STORY,0,unified,
2,unified,301,ARITHMETIC,0,unified,
2,unified,302,STORY,0,unified,
2,unified,303,STORY,0,unified,
2,unified,304,STORY,0,unified,
2,unified,305,ARITHMETIC,0,unified,
2,unified,306,STORY,0,unified,
2,unified,307,STORY,0,unified,
2,unified,308,ARITHMETIC,0,unified,
2,unified,309,STORY,0,unified,
2,unified,310,ARITHMETIC,0,unified,
2,unified,311,ARITHMETIC,0,unified,
2,unified,312,STORY,0,unified,
2,unified,313,STORY,0,unified,
2,unified,314,STORY,0,unified,
2,unified,315,ARITHMETIC,0,unified,
2,unified,316,STORY,0,unified,
2,unified,317,STORY,0,unified,
2,unified,318,ARITHMETIC,0,unified,
2,unified,319,ARITHMETIC,0,unified,
2,unified,320,ARITHMETIC,0,unified,
2,unified,321,STORY,0,unified,
2,unified,322,STORY,0,unified,
2,unified,323,STORY,0,unified,
2,unified,324,STORY,0,unified,
2,unified,325,STORY,0,unified,
2,unified,326,STORY,0,unified,
2,unified,327,ARITHMETIC,0,unified,
2,unified,328,ARITHMETIC,0,unified,
2,unified,329,ARITHMETIC,0,unified,
2,unified,330,STORY,0,unified,
2,unified,331,ARITHMETIC,0,unified,
2,unified,332,STORY,0,unified,
2,unified,333,ARITHMETIC,0,unified,
2,unified,334,STORY,0,unified,
2,unified,335,ARITHMETIC,0,unified,
2,unified,336,ARITHMETIC,0,unified,
2,unified,337,ARITHMETIC,0,unified,
2,unified,338,ARITHMETIC,0,unified,
2,unified,339,STORY,0,unified,
2,unified,340,STORY,0,unified,
2,unified,341,STORY,0,unified,
2,unified,342,ARITHMETIC,0,unified,
2,unified,343,ARITHMETIC,0,unified,
2,unified,344,STORY,0,unified,
2,unified,345,ARITHMETIC,0,unified,
2,unified,346,ARITHMETIC,0,unified,
2,unified,347,STORY,0,unified,
2,unified,348,STORY,0,unified,
2,unified,349,STORY,0,unified,
2,unified,350,STORY,0,unified,
2,unified,351,STORY,0,unified,
2,unified,352,ARITHMETIC,0,unified,
2,unified,353,ARITHMETIC,0,unified,
2,unified,354,STORY,0,unified,
2,unified,355,STORY,0,unified,
2,unified,356,STORY,0,unified,
2,unified,357,STORY,0,unified,
2,unified,358,ARITHMETIC,0,unified,
2,unified,359,STORY,0,unified,
2,unified,360,STORY,0,unified,
2,unified,361,STORY,0,unified,
2,unified,362,STORY,0,unified,
2,unified,363,ARITHMETIC,0,unified,
2,unified,364,ARITHMETIC,0,unified,
2,unified,365,STORY,0,unified,
2,unified,366,STORY,0,unified,
2,unified,367,STORY,0,unified,
2,unified,368,ARITHMETIC,0,unified,
2,unified,369,ARITHMETIC,0,unified,
2,unified,370,STORY,0,unified,
2,unified,371,STORY,0,unified,
2,unified,372,ARITHMETIC,0,unified,
2,unified,373,ARITHMETIC,0,unified,
2,unified,374,ARITHMETIC,0,unified,
2,unified,375,STORY,0,unified,
2,unified,376,STORY,0,unified,
2,unified,377,STORY,0,unified,
2,unified,378,ARITHMETIC,0,unified,
2,unified,379,STORY,0,unified,
2,unified,380,STORY,0,unified,
2,unified,381,ARITHMETIC,0,unified,
2,unified,382,ARITHMETIC,0,unified,
2,unified,383,ARITHMETIC,0,unified,
2,unified,384,ARITHMETIC,0,unified,
2,unified,385,ARITHMETIC,0,unified,
2,unified,386,ARITHMETIC,0,unified,
2,unified,387,STORY,0,unified,
2,unified,388,STORY,0,unified,
2,unified,389,ARITHMETIC,0,unified,
2,unified,390,ARITHMETIC,0,unified,
2,unified,391,STORY,0,unified,
2,unified,392,ARITHMETIC,0,unified,
2,unified,393,STORY,0,unified,
2,unified,394,STORY,0,unified,
2,unified,395,ARITHMETIC,0,unified,
2,unified,396,STORY,0,unified,
2,unified,397,STORY,0,unified,
2,unified,398,STORY,0,unified,
2,unified,399,STORY,0,unified,
2,unified,400,ARITHMETIC,0,unified,
2,capacity-fork,1,STORY,1,task-agnostic-balanced,
2,capacity-fork,2,ARITHMETIC,0,task-agnostic-balanced,
2,capacity-fork,3,ARITHMETIC,1,task-agnostic-balanced,
2,capacity-fork,4,ARITHMETIC,0,task-agnostic-balanced,
2,capacity-fork,5,ARITHMETIC,1,task-agnostic-balanced,
2,capacity-fork,6,ARITHMETIC,0,task-agnostic-balanced,
2,capacity-fork,7,STORY,1,task-agnostic-balanced,
2,capacity-fork,8,ARITHMETIC,0,task-agnostic-balanced,
2,capacity-fork,9,STORY,1,task-agnostic-balanced,
2,capacity-fork,10,ARITHMETIC,0,task-agnostic-balanced,
2,capacity-fork,11,STORY,1,task-agnostic-balanced,
2,capacity-fork,12,STORY,0,task-agnostic-balanced,
2,capacity-fork,13,ARITHMETIC,1,task-agnostic-balanced,
2,capacity-fork,14,ARITHMETIC,0,task-agnostic-balanced,
2,capacity-fork,15,STORY,1,task-agnostic-balanced,
2,capacity-fork,16,STORY,0,task-agnostic-balanced,
2,capacity-fork,17,STORY,1,task-agnostic-balanced,
2,capacity-fork,18,ARITHMETIC,0,task-agnostic-balanced,
2,capacity-fork,19,ARITHMETIC,1,task-agnostic-balanced,
2,capacity-fork,20,STORY,0,task-agnostic-balanced,
2,capacity-fork,21,ARITHMETIC,1,task-agnostic-balanced,
2,capacity-fork,22,ARITHMETIC,0,task-agnostic-balanced,
2,capacity-fork,23,STORY,1,task-agnostic-balanced,
2,capacity-fork,24,STORY,0,task-agnostic-balanced,
2,capacity-fork,25,STORY,1,task-agnostic-balanced,
2,capacity-fork,26,ARITHMETIC,0,task-agnostic-balanced,
2,capacity-fork,27,STORY,1,task-agnostic-balanced,
2,capacity-fork,28,STORY,0,task-agnostic-balanced,
2,capacity-fork,29,ARITHMETIC,1,task-agnostic-balanced,
2,capacity-fork,30,STORY,0,task-agnostic-balanced,
2,capacity-fork,31,ARITHMETIC,1,task-agnostic-balanced,
2,capacity-fork,32,STORY,0,task-agnostic-balanced,
2,capacity-fork,33,STORY,1,task-agnostic-balanced,
2,capacity-fork,34,STORY,0,task-agnostic-balanced,
2,capacity-fork,35,ARITHMETIC,1,task-agnostic-balanced,
2,capacity-fork,36,ARITHMETIC,0,task-agnostic-balanced,
2,capacity-fork,37,STORY,1,task-agnostic-balanced,
2,capacity-fork,38,ARITHMETIC,0,task-agnostic-balanced,
2,capacity-fork,39,ARITHMETIC,1,task-agnostic-balanced,
2,capacity-fork,40,STORY,0,task-agnostic-balanced,
2,capacity-fork,41,STORY,1,task-agnostic-balanced,
2,capacity-fork,42,ARITHMETIC,0,task-agnostic-balanced,
2,capacity-fork,43,STORY,1,task-agnostic-balanced,
2,capacity-fork,44,ARITHMETIC,0,task-agnostic-balanced,
2,capacity-fork,45,ARITHMETIC,1,task-agnostic-balanced,
2,capacity-fork,46,ARITHMETIC,0,task-agnostic-balanced,
2,capacity-fork,47,ARITHMETIC,1,task-agnostic-balanced,
2,capacity-fork,48,STORY,0,task-agnostic-balanced,
2,capacity-fork,49,ARITHMETIC,1,task-agnostic-balanced,
2,capacity-fork,50,ARITHMETIC,0,task-agnostic-balanced,
2,capacity-fork,51,STORY,1,task-agnostic-balanced,
2,capacity-fork,52,STORY,0,task-agnostic-balanced,
2,capacity-fork,53,STORY,1,task-agnostic-balanced,
2,capacity-fork,54,ARITHMETIC,0,task-agnostic-balanced,
2,capacity-fork,55,ARITHMETIC,1,task-agnostic-balanced,
2,capacity-fork,56,STORY,0,task-agnostic-balanced,
2,capacity-fork,57,ARITHMETIC,1,task-agnostic-balanced,
2,capacity-fork,58,STORY,0,task-agnostic-balanced,
2,capacity-fork,59,STORY,1,task-agnostic-balanced,
2,capacity-fork,60,ARITHMETIC,0,task-agnostic-balanced,
2,capacity-fork,61,ARITHMETIC,1,task-agnostic-balanced,
2,capacity-fork,62,STORY,0,task-agnostic-balanced,
2,capacity-fork,63,ARITHMETIC,1,task-agnostic-balanced,
2,capacity-fork,64,STORY,0,task-agnostic-balanced,
2,capacity-fork,65,ARITHMETIC,1,task-agnostic-balanced,
2,capacity-fork,66,STORY,0,task-agnostic-balanced,
2,capacity-fork,67,STORY,1,task-agnostic-balanced,
2,capacity-fork,68,ARITHMETIC,0,task-agnostic-balanced,
2,capacity-fork,69,ARITHMETIC,1,task-agnostic-balanced,
2,capacity-fork,70,ARITHMETIC,0,task-agnostic-balanced,
2,capacity-fork,71,STORY,1,task-agnostic-balanced,
2,capacity-fork,72,ARITHMETIC,0,task-agnostic-balanced,
2,capacity-fork,73,STORY,1,task-agnostic-balanced,
2,capacity-fork,74,STORY,0,task-agnostic-balanced,
2,capacity-fork,75,STORY,1,task-agnostic-balanced,
2,capacity-fork,76,STORY,0,task-agnostic-balanced,
2,capacity-fork,77,ARITHMETIC,1,task-agnostic-balanced,
2,capacity-fork,78,STORY,0,task-agnostic-balanced,
2,capacity-fork,79,ARITHMETIC,1,task-agnostic-balanced,
2,capacity-fork,80,STORY,0,task-agnostic-balanced,
2,capacity-fork,81,ARITHMETIC,1,task-agnostic-balanced,
2,capacity-fork,82,STORY,0,task-agnostic-balanced,
2,capacity-fork,83,STORY,1,task-agnostic-balanced,
2,capacity-fork,84,ARITHMETIC,0,task-agnostic-balanced,
2,capacity-fork,85,ARITHMETIC,1,task-agnostic-balanced,
2,capacity-fork,86,STORY,0,task-agnostic-balanced,
2,capacity-fork,87,STORY,1,task-agnostic-balanced,
2,capacity-fork,88,STORY,0,task-agnostic-balanced,
2,capacity-fork,89,STORY,1,task-agnostic-balanced,
2,capacity-fork,90,ARITHMETIC,0,task-agnostic-balanced,
2,capacity-fork,91,ARITHMETIC,1,task-agnostic-balanced,
2,capacity-fork,92,STORY,0,task-agnostic-balanced,
2,capacity-fork,93,ARITHMETIC,1,task-agnostic-balanced,
2,capacity-fork,94,ARITHMETIC,0,task-agnostic-balanced,
2,capacity-fork,95,ARITHMETIC,1,task-agnostic-balanced,
2,capacity-fork,96,STORY,0,task-agnostic-balanced,
2,capacity-fork,97,ARITHMETIC,1,task-agnostic-balanced,
2,capacity-fork,98,STORY,0,task-agnostic-balanced,
2,capacity-fork,99,ARITHMETIC,1,task-agnostic-balanced,
2,capacity-fork,100,ARITHMETIC,0,task-agnostic-balanced,
2,capacity-fork,101,ARITHMETIC,1,task-agnostic-balanced,
2,capacity-fork,102,STORY,0,task-agnostic-balanced,
2,capacity-fork,103,STORY,1,task-agnostic-balanced,
2,capacity-fork,104,ARITHMETIC,0,task-agnostic-balanced,
2,capacity-fork,105,ARITHMETIC,1,task-agnostic-balanced,
2,capacity-fork,106,STORY,0,task-agnostic-balanced,
2,capacity-fork,107,ARITHMETIC,1,task-agnostic-balanced,
2,capacity-fork,108,ARITHMETIC,0,task-agnostic-balanced,
2,capacity-fork,109,ARITHMETIC,1,task-agnostic-balanced,
2,capacity-fork,110,STORY,0,task-agnostic-balanced,
2,capacity-fork,111,ARITHMETIC,1,task-agnostic-balanced,
2,capacity-fork,112,ARITHMETIC,0,task-agnostic-balanced,
2,capacity-fork,113,ARITHMETIC,1,task-agnostic-balanced,
2,capacity-fork,114,ARITHMETIC,0,task-agnostic-balanced,
2,capacity-fork,115,ARITHMETIC,1,task-agnostic-balanced,
2,capacity-fork,116,ARITHMETIC,0,task-agnostic-balanced,
2,capacity-fork,117,ARITHMETIC,1,task-agnostic-balanced,
2,capacity-fork,118,STORY,0,task-agnostic-balanced,
2,capacity-fork,119,STORY,1,task-agnostic-balanced,
2,capacity-fork,120,STORY,0,task-agnostic-balanced,
2,capacity-fork,121,ARITHMETIC,1,task-agnostic-balanced,
2,capacity-fork,122,ARITHMETIC,0,task-agnostic-balanced,
2,capacity-fork,123,ARITHMETIC,1,task-agnostic-balanced,
2,capacity-fork,124,ARITHMETIC,0,task-agnostic-balanced,
2,capacity-fork,125,STORY,1,task-agnostic-balanced,
2,capacity-fork,126,ARITHMETIC,0,task-agnostic-balanced,
2,capacity-fork,127,STORY,1,task-agnostic-balanced,
2,capacity-fork,128,STORY,0,task-agnostic-balanced,
2,capacity-fork,129,ARITHMETIC,1,task-agnostic-balanced,
2,capacity-fork,130,STORY,0,task-agnostic-balanced,
2,capacity-fork,131,ARITHMETIC,1,task-agnostic-balanced,
2,capacity-fork,132,ARITHMETIC,0,task-agnostic-balanced,
2,capacity-fork,133,STORY,1,task-agnostic-balanced,
2,capacity-fork,134,ARITHMETIC,0,task-agnostic-balanced,
2,capacity-fork,135,ARITHMETIC,1,task-agnostic-balanced,
2,capacity-fork,136,ARITHMETIC,0,task-agnostic-balanced,
2,capacity-fork,137,STORY,1,task-agnostic-balanced,
2,capacity-fork,138,STORY,0,task-agnostic-balanced,
2,capacity-fork,139,STORY,1,task-agnostic-balanced,
2,capacity-fork,140,STORY,0,task-agnostic-balanced,
2,capacity-fork,141,ARITHMETIC,1,task-agnostic-balanced,
2,capacity-fork,142,ARITHMETIC,0,task-agnostic-balanced,
2,capacity-fork,143,ARITHMETIC,1,task-agnostic-balanced,
2,capacity-fork,144,STORY,0,task-agnostic-balanced,
2,capacity-fork,145,ARITHMETIC,1,task-agnostic-balanced,
2,capacity-fork,146,ARITHMETIC,0,task-agnostic-balanced,
2,capacity-fork,147,ARITHMETIC,1,task-agnostic-balanced,
2,capacity-fork,148,ARITHMETIC,0,task-agnostic-balanced,
2,capacity-fork,149,STORY,1,task-agnostic-balanced,
2,capacity-fork,150,STORY,0,task-agnostic-balanced,
2,capacity-fork,151,STORY,1,task-agnostic-balanced,
2,capacity-fork,152,STORY,0,task-agnostic-balanced,
2,capacity-fork,153,ARITHMETIC,1,task-agnostic-balanced,
2,capacity-fork,154,ARITHMETIC,0,task-agnostic-balanced,
2,capacity-fork,155,ARITHMETIC,1,task-agnostic-balanced,
2,capacity-fork,156,ARITHMETIC,0,task-agnostic-balanced,
2,capacity-fork,157,STORY,1,task-agnostic-balanced,
2,capacity-fork,158,STORY,0,task-agnostic-balanced,
2,capacity-fork,159,STORY,1,task-agnostic-balanced,
2,capacity-fork,160,ARITHMETIC,0,task-agnostic-balanced,
2,capacity-fork,161,ARITHMETIC,1,task-agnostic-balanced,
2,capacity-fork,162,STORY,0,task-agnostic-balanced,
2,capacity-fork,163,STORY,1,task-agnostic-balanced,
2,capacity-fork,164,ARITHMETIC,0,task-agnostic-balanced,
2,capacity-fork,165,ARITHMETIC,1,task-agnostic-balanced,
2,capacity-fork,166,ARITHMETIC,0,task-agnostic-balanced,
2,capacity-fork,167,ARITHMETIC,1,task-agnostic-balanced,
2,capacity-fork,168,STORY,0,task-agnostic-balanced,
2,capacity-fork,169,ARITHMETIC,1,task-agnostic-balanced,
2,capacity-fork,170,ARITHMETIC,0,task-agnostic-balanced,
2,capacity-fork,171,ARITHMETIC,1,task-agnostic-balanced,
2,capacity-fork,172,ARITHMETIC,0,task-agnostic-balanced,
2,capacity-fork,173,STORY,1,task-agnostic-balanced,
2,capacity-fork,174,STORY,0,task-agnostic-balanced,
2,capacity-fork,175,STORY,1,task-agnostic-balanced,
2,capacity-fork,176,STORY,0,task-agnostic-balanced,
2,capacity-fork,177,ARITHMETIC,1,task-agnostic-balanced,
2,capacity-fork,178,STORY,0,task-agnostic-balanced,
2,capacity-fork,179,STORY,1,task-agnostic-balanced,
2,capacity-fork,180,STORY,0,task-agnostic-balanced,
2,capacity-fork,181,ARITHMETIC,1,task-agnostic-balanced,
2,capacity-fork,182,STORY,0,task-agnostic-balanced,
2,capacity-fork,183,STORY,1,task-agnostic-balanced,
2,capacity-fork,184,ARITHMETIC,0,task-agnostic-balanced,
2,capacity-fork,185,STORY,1,task-agnostic-balanced,
2,capacity-fork,186,STORY,0,task-agnostic-balanced,
2,capacity-fork,187,STORY,1,task-agnostic-balanced,
2,capacity-fork,188,STORY,0,task-agnostic-balanced,
2,capacity-fork,189,ARITHMETIC,1,task-agnostic-balanced,
2,capacity-fork,190,STORY,0,task-agnostic-balanced,
2,capacity-fork,191,STORY,1,task-agnostic-balanced,
2,capacity-fork,192,ARITHMETIC,0,task-agnostic-balanced,
2,capacity-fork,193,STORY,1,task-agnostic-balanced,
2,capacity-fork,194,ARITHMETIC,0,task-agnostic-balanced,
2,capacity-fork,195,STORY,1,task-agnostic-balanced,
2,capacity-fork,196,ARITHMETIC,0,task-agnostic-balanced,
2,capacity-fork,197,STORY,1,task-agnostic-balanced,
2,capacity-fork,198,STORY,0,task-agnostic-balanced,
2,capacity-fork,199,STORY,1,task-agnostic-balanced,
2,capacity-fork,200,ARITHMETIC,0,task-agnostic-balanced,
2,capacity-fork,201,STORY,1,task-agnostic-balanced,
2,capacity-fork,202,STORY,0,task-agnostic-balanced,
2,capacity-fork,203,STORY,1,task-agnostic-balanced,
2,capacity-fork,204,STORY,0,task-agnostic-balanced,
2,capacity-fork,205,ARITHMETIC,1,task-agnostic-balanced,
2,capacity-fork,206,STORY,0,task-agnostic-balanced,
2,capacity-fork,207,ARITHMETIC,1,task-agnostic-balanced,
2,capacity-fork,208,STORY,0,task-agnostic-balanced,
2,capacity-fork,209,ARITHMETIC,1,task-agnostic-balanced,
2,capacity-fork,210,ARITHMETIC,0,task-agnostic-balanced,
2,capacity-fork,211,ARITHMETIC,1,task-agnostic-balanced,
2,capacity-fork,212,ARITHMETIC,0,task-agnostic-balanced,
2,capacity-fork,213,ARITHMETIC,1,task-agnostic-balanced,
2,capacity-fork,214,ARITHMETIC,0,task-agnostic-balanced,
2,capacity-fork,215,ARITHMETIC,1,task-agnostic-balanced,
2,capacity-fork,216,STORY,0,task-agnostic-balanced,
2,capacity-fork,217,ARITHMETIC,1,task-agnostic-balanced,
2,capacity-fork,218,STORY,0,task-agnostic-balanced,
2,capacity-fork,219,STORY,1,task-agnostic-balanced,
2,capacity-fork,220,ARITHMETIC,0,task-agnostic-balanced,
2,capacity-fork,221,STORY,1,task-agnostic-balanced,
2,capacity-fork,222,ARITHMETIC,0,task-agnostic-balanced,
2,capacity-fork,223,ARITHMETIC,1,task-agnostic-balanced,
2,capacity-fork,224,ARITHMETIC,0,task-agnostic-balanced,
2,capacity-fork,225,STORY,1,task-agnostic-balanced,
2,capacity-fork,226,ARITHMETIC,0,task-agnostic-balanced,
2,capacity-fork,227,STORY,1,task-agnostic-balanced,
2,capacity-fork,228,STORY,0,task-agnostic-balanced,
2,capacity-fork,229,STORY,1,task-agnostic-balanced,
2,capacity-fork,230,ARITHMETIC,0,task-agnostic-balanced,
2,capacity-fork,231,ARITHMETIC,1,task-agnostic-balanced,
2,capacity-fork,232,ARITHMETIC,0,task-agnostic-balanced,
2,capacity-fork,233,ARITHMETIC,1,task-agnostic-balanced,
2,capacity-fork,234,STORY,0,task-agnostic-balanced,
2,capacity-fork,235,ARITHMETIC,1,task-agnostic-balanced,
2,capacity-fork,236,ARITHMETIC,0,task-agnostic-balanced,
2,capacity-fork,237,STORY,1,task-agnostic-balanced,
2,capacity-fork,238,ARITHMETIC,0,task-agnostic-balanced,
2,capacity-fork,239,STORY,1,task-agnostic-balanced,
2,capacity-fork,240,ARITHMETIC,0,task-agnostic-balanced,
2,capacity-fork,241,STORY,1,task-agnostic-balanced,
2,capacity-fork,242,STORY,0,task-agnostic-balanced,
2,capacity-fork,243,STORY,1,task-agnostic-balanced,
2,capacity-fork,244,ARITHMETIC,0,task-agnostic-balanced,
2,capacity-fork,245,ARITHMETIC,1,task-agnostic-balanced,
2,capacity-fork,246,ARITHMETIC,0,task-agnostic-balanced,
2,capacity-fork,247,STORY,1,task-agnostic-balanced,
2,capacity-fork,248,STORY,0,task-agnostic-balanced,
2,capacity-fork,249,STORY,1,task-agnostic-balanced,
2,capacity-fork,250,STORY,0,task-agnostic-balanced,
2,capacity-fork,251,ARITHMETIC,1,task-agnostic-balanced,
2,capacity-fork,252,ARITHMETIC,0,task-agnostic-balanced,
2,capacity-fork,253,STORY,1,task-agnostic-balanced,
2,capacity-fork,254,ARITHMETIC,0,task-agnostic-balanced,
2,capacity-fork,255,STORY,1,task-agnostic-balanced,
2,capacity-fork,256,STORY,0,task-agnostic-balanced,
2,capacity-fork,257,STORY,1,task-agnostic-balanced,
2,capacity-fork,258,ARITHMETIC,0,task-agnostic-balanced,
2,capacity-fork,259,ARITHMETIC,1,task-agnostic-balanced,
2,capacity-fork,260,STORY,0,task-agnostic-balanced,
2,capacity-fork,261,STORY,1,task-agnostic-balanced,
2,capacity-fork,262,STORY,0,task-agnostic-balanced,
2,capacity-fork,263,STORY,1,task-agnostic-balanced,
2,capacity-fork,264,ARITHMETIC,0,task-agnostic-balanced,
2,capacity-fork,265,ARITHMETIC,1,task-agnostic-balanced,
2,capacity-fork,266,STORY,0,task-agnostic-balanced,
2,capacity-fork,267,ARITHMETIC,1,task-agnostic-balanced,
2,capacity-fork,268,ARITHMETIC,0,task-agnostic-balanced,
2,capacity-fork,269,ARITHMETIC,1,task-agnostic-balanced,
2,capacity-fork,270,ARITHMETIC,0,task-agnostic-balanced,
2,capacity-fork,271,ARITHMETIC,1,task-agnostic-balanced,
2,capacity-fork,272,STORY,0,task-agnostic-balanced,
2,capacity-fork,273,STORY,1,task-agnostic-balanced,
2,capacity-fork,274,ARITHMETIC,0,task-agnostic-balanced,
2,capacity-fork,275,STORY,1,task-agnostic-balanced,
2,capacity-fork,276,STORY,0,task-agnostic-balanced,
2,capacity-fork,277,ARITHMETIC,1,task-agnostic-balanced,
2,capacity-fork,278,STORY,0,task-agnostic-balanced,
2,capacity-fork,279,STORY,1,task-agnostic-balanced,
2,capacity-fork,280,ARITHMETIC,0,task-agnostic-balanced,
2,capacity-fork,281,ARITHMETIC,1,task-agnostic-balanced,
2,capacity-fork,282,ARITHMETIC,0,task-agnostic-balanced,
2,capacity-fork,283,ARITHMETIC,1,task-agnostic-balanced,
2,capacity-fork,284,STORY,0,task-agnostic-balanced,
2,capacity-fork,285,ARITHMETIC,1,task-agnostic-balanced,
2,capacity-fork,286,ARITHMETIC,0,task-agnostic-balanced,
2,capacity-fork,287,ARITHMETIC,1,task-agnostic-balanced,
2,capacity-fork,288,STORY,0,task-agnostic-balanced,
2,capacity-fork,289,ARITHMETIC,1,task-agnostic-balanced,
2,capacity-fork,290,ARITHMETIC,0,task-agnostic-balanced,
2,capacity-fork,291,STORY,1,task-agnostic-balanced,
2,capacity-fork,292,STORY,0,task-agnostic-balanced,
2,capacity-fork,293,STORY,1,task-agnostic-balanced,
2,capacity-fork,294,ARITHMETIC,0,task-agnostic-balanced,
2,capacity-fork,295,STORY,1,task-agnostic-balanced,
2,capacity-fork,296,ARITHMETIC,0,task-agnostic-balanced,
2,capacity-fork,297,ARITHMETIC,1,task-agnostic-balanced,
2,capacity-fork,298,STORY,0,task-agnostic-balanced,
2,capacity-fork,299,STORY,1,task-agnostic-balanced,
2,capacity-fork,300,STORY,0,task-agnostic-balanced,
2,capacity-fork,301,ARITHMETIC,1,task-agnostic-balanced,
2,capacity-fork,302,STORY,0,task-agnostic-balanced,
2,capacity-fork,303,STORY,1,task-agnostic-balanced,
2,capacity-fork,304,STORY,0,task-agnostic-balanced,
2,capacity-fork,305,ARITHMETIC,1,task-agnostic-balanced,
2,capacity-fork,306,STORY,0,task-agnostic-balanced,
2,capacity-fork,307,STORY,1,task-agnostic-balanced,
2,capacity-fork,308,ARITHMETIC,0,task-agnostic-balanced,
2,capacity-fork,309,STORY,1,task-agnostic-balanced,
2,capacity-fork,310,ARITHMETIC,0,task-agnostic-balanced,
2,capacity-fork,311,ARITHMETIC,1,task-agnostic-balanced,
2,capacity-fork,312,STORY,0,task-agnostic-balanced,
2,capacity-fork,313,STORY,1,task-agnostic-balanced,
2,capacity-fork,314,STORY,0,task-agnostic-balanced,
2,capacity-fork,315,ARITHMETIC,1,task-agnostic-balanced,
2,capacity-fork,316,STORY,0,task-agnostic-balanced,
2,capacity-fork,317,STORY,1,task-agnostic-balanced,
2,capacity-fork,318,ARITHMETIC,0,task-agnostic-balanced,
2,capacity-fork,319,ARITHMETIC,1,task-agnostic-balanced,
2,capacity-fork,320,ARITHMETIC,0,task-agnostic-balanced,
2,capacity-fork,321,STORY,1,task-agnostic-balanced,
2,capacity-fork,322,STORY,0,task-agnostic-balanced,
2,capacity-fork,323,STORY,1,task-agnostic-balanced,
2,capacity-fork,324,STORY,0,task-agnostic-balanced,
2,capacity-fork,325,STORY,1,task-agnostic-balanced,
2,capacity-fork,326,STORY,0,task-agnostic-balanced,
2,capacity-fork,327,ARITHMETIC,1,task-agnostic-balanced,
2,capacity-fork,328,ARITHMETIC,0,task-agnostic-balanced,
2,capacity-fork,329,ARITHMETIC,1,task-agnostic-balanced,
2,capacity-fork,330,STORY,0,task-agnostic-balanced,
2,capacity-fork,331,ARITHMETIC,1,task-agnostic-balanced,
2,capacity-fork,332,STORY,0,task-agnostic-balanced,
2,capacity-fork,333,ARITHMETIC,1,task-agnostic-balanced,
2,capacity-fork,334,STORY,0,task-agnostic-balanced,
2,capacity-fork,335,ARITHMETIC,1,task-agnostic-balanced,
2,capacity-fork,336,ARITHMETIC,0,task-agnostic-balanced,
2,capacity-fork,337,ARITHMETIC,1,task-agnostic-balanced,
2,capacity-fork,338,ARITHMETIC,0,task-agnostic-balanced,
2,capacity-fork,339,STORY,1,task-agnostic-balanced,
2,capacity-fork,340,STORY,0,task-agnostic-balanced,
2,capacity-fork,341,STORY,1,task-agnostic-balanced,
2,capacity-fork,342,ARITHMETIC,0,task-agnostic-balanced,
2,capacity-fork,343,ARITHMETIC,1,task-agnostic-balanced,
2,capacity-fork,344,STORY,0,task-agnostic-balanced,
2,capacity-fork,345,ARITHMETIC,1,task-agnostic-balanced,
2,capacity-fork,346,ARITHMETIC,0,task-agnostic-balanced,
2,capacity-fork,347,STORY,1,task-agnostic-balanced,
2,capacity-fork,348,STORY,0,task-agnostic-balanced,
2,capacity-fork,349,STORY,1,task-agnostic-balanced,
2,capacity-fork,350,STORY,0,task-agnostic-balanced,
2,capacity-fork,351,STORY,1,task-agnostic-balanced,
2,capacity-fork,352,ARITHMETIC,0,task-agnostic-balanced,
2,capacity-fork,353,ARITHMETIC,1,task-agnostic-balanced,
2,capacity-fork,354,STORY,0,task-agnostic-balanced,
2,capacity-fork,355,STORY,1,task-agnostic-balanced,
2,capacity-fork,356,STORY,0,task-agnostic-balanced,
2,capacity-fork,357,STORY,1,task-agnostic-balanced,
2,capacity-fork,358,ARITHMETIC,0,task-agnostic-balanced,
2,capacity-fork,359,STORY,1,task-agnostic-balanced,
2,capacity-fork,360,STORY,0,task-agnostic-balanced,
2,capacity-fork,361,STORY,1,task-agnostic-balanced,
2,capacity-fork,362,STORY,0,task-agnostic-balanced,
2,capacity-fork,363,ARITHMETIC,1,task-agnostic-balanced,
2,capacity-fork,364,ARITHMETIC,0,task-agnostic-balanced,
2,capacity-fork,365,STORY,1,task-agnostic-balanced,
2,capacity-fork,366,STORY,0,task-agnostic-balanced,
2,capacity-fork,367,STORY,1,task-agnostic-balanced,
2,capacity-fork,368,ARITHMETIC,0,task-agnostic-balanced,
2,capacity-fork,369,ARITHMETIC,1,task-agnostic-balanced,
2,capacity-fork,370,STORY,0,task-agnostic-balanced,
2,capacity-fork,371,STORY,1,task-agnostic-balanced,
2,capacity-fork,372,ARITHMETIC,0,task-agnostic-balanced,
2,capacity-fork,373,ARITHMETIC,1,task-agnostic-balanced,
2,capacity-fork,374,ARITHMETIC,0,task-agnostic-balanced,
2,capacity-fork,375,STORY,1,task-agnostic-balanced,
2,capacity-fork,376,STORY,0,task-agnostic-balanced,
2,capacity-fork,377,STORY,1,task-agnostic-balanced,
2,capacity-fork,378,ARITHMETIC,0,task-agnostic-balanced,
2,capacity-fork,379,STORY,1,task-agnostic-balanced,
2,capacity-fork,380,STORY,0,task-agnostic-balanced,
2,capacity-fork,381,ARITHMETIC,1,task-agnostic-balanced,
2,capacity-fork,382,ARITHMETIC,0,task-agnostic-balanced,
2,capacity-fork,383,ARITHMETIC,1,task-agnostic-balanced,
2,capacity-fork,384,ARITHMETIC,0,task-agnostic-balanced,
2,capacity-fork,385,ARITHMETIC,1,task-agnostic-balanced,
2,capacity-fork,386,ARITHMETIC,0,task-agnostic-balanced,
2,capacity-fork,387,STORY,1,task-agnostic-balanced,
2,capacity-fork,388,STORY,0,task-agnostic-balanced,
2,capacity-fork,389,ARITHMETIC,1,task-agnostic-balanced,
2,capacity-fork,390,ARITHMETIC,0,task-agnostic-balanced,
2,capacity-fork,391,STORY,1,task-agnostic-balanced,
2,capacity-fork,392,ARITHMETIC,0,task-agnostic-balanced,
2,capacity-fork,393,STORY,1,task-agnostic-balanced,
2,capacity-fork,394,STORY,0,task-agnostic-balanced,
2,capacity-fork,395,ARITHMETIC,1,task-agnostic-balanced,
2,capacity-fork,396,STORY,0,task-agnostic-balanced,
2,capacity-fork,397,STORY,1,task-agnostic-balanced,
2,capacity-fork,398,STORY,0,task-agnostic-balanced,
2,capacity-fork,399,STORY,1,task-agnostic-balanced,
2,capacity-fork,400,ARITHMETIC,0,task-agnostic-balanced,
2,differentiation-fork,1,STORY,1,gradient-conflict,-0.8026108145713806
2,differentiation-fork,2,ARITHMETIC,0,gradient-conflict,0.4779684543609619
2,differentiation-fork,3,ARITHMETIC,0,gradient-conflict,0.4823692440986633
2,differentiation-fork,4,ARITHMETIC,0,gradient-conflict,0.483576238155365
2,differentiation-fork,5,ARITHMETIC,0,gradient-conflict,0.4754500389099121
2,differentiation-fork,6,ARITHMETIC,0,gradient-conflict,0.4805976748466491
2,differentiation-fork,7,STORY,1,gradient-conflict,-0.1022058799862861
2,differentiation-fork,8,ARITHMETIC,0,gradient-conflict,0.4799495935440063
2,differentiation-fork,9,STORY,1,gradient-conflict,-0.5707536935806274
2,differentiation-fork,10,ARITHMETIC,0,gradient-conflict,0.4677324295043945
2,differentiation-fork,11,STORY,1,gradient-conflict,-0.948894500732422
2,differentiation-fork,12,STORY,1,gradient-conflict,-0.5172709226608276
2,differentiation-fork,13,ARITHMETIC,0,gradient-conflict,0.4777705073356628
2,differentiation-fork,14,ARITHMETIC,0,gradient-conflict,0.4801875948905945
2,differentiation-fork,15,STORY,1,gradient-conflict,-0.0423914492130279
2,differentiation-fork,16,STORY,1,gradient-conflict,-0.6188143491744995
2,differentiation-fork,17,STORY,1,gradient-conflict,-0.5098038911819458
2,differentiation-fork,18,ARITHMETIC,0,gradient-conflict,0.4815505146980285
2,differentiation-fork,19,ARITHMETIC,0,gradient-conflict,0.4820722341537475
2,differentiation-fork,20,STORY,0,gradient-conflict,0.1362708956003189
2,differentiation-fork,21,ARITHMETIC,0,gradient-conflict,0.4786314368247986
2,differentiation-fork,22,ARITHMETIC,0,gradient-conflict,0.4797113835811615
2,differentiation-fork,23,STORY,1,gradient-conflict,-0.6678785085678101
2,differentiation-fork,24,STORY,1,gradient-conflict,-0.7513171434402466
2,differentiation-fork,25,STORY,1,gradient-conflict,-0.9952532052993774
2,differentiation-fork,26,ARITHMETIC,0,gradient-conflict,0.4757353663444519
2,differentiation-fork,27,STORY,1,gradient-conflict,-0.2763858139514923
2,differentiation-fork,28,STORY,1,gradient-conflict,-0.5315426588058472
2,differentiation-fork,29,ARITHMETIC,0,gradient-conflict,0.4774122536182403
2,differentiation-fork,30,STORY,1,gradient-conflict,-0.7815852165222168
2,differentiation-fork,31,ARITHMETIC,0,gradient-conflict,0.4782255887985229
2,differentiation-fork,32,STORY,1,gradient-conflict,-0.6397889852523804
2,differentiation-fork,33,STORY,1,gradient-conflict,-0.9253873825073242
2,differentiation-fork,34,STORY,1,gradient-conflict,-0.0314861759543418
2,differentiation-fork,35,ARITHMETIC,0,gradient-conflict,0.4766946732997894
2,differentiation-fork,36,ARITHMETIC,0,gradient-conflict,0.4804174304008484
2,differentiation-fork,37,STORY,0,gradient-conflict,0.1180268675088882
2,differentiation-fork,38,ARITHMETIC,0,gradient-conflict,0.4741660952568054
2,differentiation-fork,39,ARITHMETIC,0,gradient-conflict,0.4824593961238861
2,differentiation-fork,40,STORY,1,gradient-conflict,-0.4020123481750488
2,differentiation-fork,41,STORY,1,gradient-conflict,-0.4297774136066437
2,differentiation-fork,42,ARITHMETIC,0,gradient-conflict,0.4764986038208008
2,differentiation-fork,43,STORY,0,gradient-conflict,0.0953034460544586
2,differentiation-fork,44,ARITHMETIC,0,gradient-conflict,0.4687497019767761
2,differentiation-fork,45,ARITHMETIC,0,gradient-conflict,0.4830637276172638
2,differentiation-fork,46,ARITHMETIC,0,gradient-conflict,0.4761926233768463
2,differentiation-fork,47,ARITHMETIC,0,gradient-conflict,0.4713116884231567
2,differentiation-fork,48,STORY,0,gradient-conflict,0.0313398018479347
2,differentiation-fork,49,ARITHMETIC,0,gradient-conflict,0.4757444262504577
2,differentiation-fork,50,ARITHMETIC,0,gradient-conflict,0.4767630994319916
2,differentiation-fork,51,STORY,1,gradient-conflict,-0.2194215655326843
2,differentiation-fork,52,STORY,1,gradient-conflict,-0.2446642220020294
2,differentiation-fork,53,STORY,1,gradient-conflict,-0.0226975306868553
2,differentiation-fork,54,ARITHMETIC,0,gradient-conflict,0.4710875153541565
2,differentiation-fork,55,ARITHMETIC,0,gradient-conflict,0.4839393496513366
2,differentiation-fork,56,STORY,0,gradient-conflict,0.1540384441614151
2,differentiation-fork,57,ARITHMETIC,0,gradient-conflict,0.4797475039958954
2,differentiation-fork,58,STORY,1,gradient-conflict,-0.4231439530849457
2,differentiation-fork,59,STORY,1,gradient-conflict,-0.0706931501626968
2,differentiation-fork,60,ARITHMETIC,0,gradient-conflict,0.4822263121604919
2,differentiation-fork,61,ARITHMETIC,0,gradient-conflict,0.4791653752326965
2,differentiation-fork,62,STORY,1,gradient-conflict,-0.8929291367530823
2,differentiation-fork,63,ARITHMETIC,0,gradient-conflict,0.4769988358020782
2,differentiation-fork,64,STORY,1,gradient-conflict,-0.1354322433471679
2,differentiation-fork,65,ARITHMETIC,0,gradient-conflict,0.4797408580780029
2,differentiation-fork,66,STORY,0,gradient-conflict,0.1138241440057754
2,differentiation-fork,67,STORY,1,gradient-conflict,-1.0749037265777588
2,differentiation-fork,68,ARITHMETIC,0,gradient-conflict,0.4762322306632995
2,differentiation-fork,69,ARITHMETIC,0,gradient-conflict,0.4728873670101166
2,differentiation-fork,70,ARITHMETIC,0,gradient-conflict,0.4784486591815948
2,differentiation-fork,71,STORY,1,gradient-conflict,-0.1860405355691909
2,differentiation-fork,72,ARITHMETIC,0,gradient-conflict,0.4743343293666839
2,differentiation-fork,73,STORY,1,gradient-conflict,-0.9841532111167908
2,differentiation-fork,74,STORY,1,gradient-conflict,-0.3892101645469665
2,differentiation-fork,75,STORY,1,gradient-conflict,-0.6188994646072388
2,differentiation-fork,76,STORY,1,gradient-conflict,-0.6389464735984802
2,differentiation-fork,77,ARITHMETIC,0,gradient-conflict,0.4766716659069061
2,differentiation-fork,78,STORY,1,gradient-conflict,-0.4498147368431091
2,differentiation-fork,79,ARITHMETIC,0,gradient-conflict,0.4764917492866516
2,differentiation-fork,80,STORY,1,gradient-conflict,-1.0221539735794067
2,differentiation-fork,81,ARITHMETIC,0,gradient-conflict,0.478543221950531
2,differentiation-fork,82,STORY,1,gradient-conflict,-0.8048134446144104
2,differentiation-fork,83,STORY,1,gradient-conflict,-0.6739659309387207
2,differentiation-fork,84,ARITHMETIC,0,gradient-conflict,0.4804884791374206
2,differentiation-fork,85,ARITHMETIC,0,gradient-conflict,0.4734227657318115
2,differentiation-fork,86,STORY,0,gradient-conflict,0.1456179320812225
2,differentiation-fork,87,STORY,1,gradient-conflict,-0.5359906554222107
2,differentiation-fork,88,STORY,1,gradient-conflict,-0.9670225381851196
2,differentiation-fork,89,STORY,1,gradient-conflict,-0.5973478555679321
2,differentiation-fork,90,ARITHMETIC,0,gradient-conflict,0.478520780801773
2,differentiation-fork,91,ARITHMETIC,0,gradient-conflict,0.4789335429668426
2,differentiation-fork,92,STORY,0,gradient-conflict,0.168691486120224
2,differentiation-fork,93,ARITHMETIC,0,gradient-conflict,0.4687080383300781
2,differentiation-fork,94,ARITHMETIC,0,gradient-conflict,0.4706657230854034
2,differentiation-fork,95,ARITHMETIC,0,gradient-conflict,0.4738509356975555
2,differentiation-fork,96,STORY,1,gradient-conflict,-0.8054937124252319
2,differentiation-fork,97,ARITHMETIC,0,gradient-conflict,0.4712694883346557
2,differentiation-fork,98,STORY,1,gradient-conflict,-0.2160992920398712
2,differentiation-fork,99,ARITHMETIC,0,gradient-conflict,0.4767119884490967
2,differentiation-fork,100,ARITHMETIC,0,gradient-conflict,0.4754997491836548
2,differentiation-fork,101,ARITHMETIC,0,gradient-conflict,0.4795670807361603
2,differentiation-fork,102,STORY,1,gradient-conflict,-1.1253432035446167
2,differentiation-fork,103,STORY,1,gradient-conflict,-0.427422821521759
2,differentiation-fork,104,ARITHMETIC,0,gradient-conflict,0.4807890951633453
2,differentiation-fork,105,ARITHMETIC,0,gradient-conflict,0.4845018684864044
2,differentiation-fork,106,STORY,0,gradient-conflict,0.0309265609830617
2,differentiation-fork,107,ARITHMETIC,0,gradient-conflict,0.4853447079658508
2,differentiation-fork,108,ARITHMETIC,0,gradient-conflict,0.4760120213031769
2,differentiation-fork,109,ARITHMETIC,0,gradient-conflict,0.4851271212100982
2,differentiation-fork,110,STORY,1,gradient-conflict,-1.0880770683288574
2,differentiation-fork,111,ARITHMETIC,0,gradient-conflict,0.478339672088623
2,differentiation-fork,112,ARITHMETIC,0,gradient-conflict,0.4805005490779876
2,differentiation-fork,113,ARITHMETIC,0,gradient-conflict,0.4737591445446014
2,differentiation-fork,114,ARITHMETIC,0,gradient-conflict,0.4771429300308227
2,differentiation-fork,115,ARITHMETIC,0,gradient-conflict,0.4816225171089172
2,differentiation-fork,116,ARITHMETIC,0,gradient-conflict,0.4784468710422516
2,differentiation-fork,117,ARITHMETIC,0,gradient-conflict,0.4760995209217071
2,differentiation-fork,118,STORY,1,gradient-conflict,-0.7991317510604858
2,differentiation-fork,119,STORY,1,gradient-conflict,-0.9002835154533386
2,differentiation-fork,120,STORY,1,gradient-conflict,-0.9713016748428344
2,differentiation-fork,121,ARITHMETIC,0,gradient-conflict,0.4717979431152344
2,differentiation-fork,122,ARITHMETIC,0,gradient-conflict,0.4794497787952423
2,differentiation-fork,123,ARITHMETIC,0,gradient-conflict,0.4775974750518799
2,differentiation-fork,124,ARITHMETIC,0,gradient-conflict,0.4829439520835876
2,differentiation-fork,125,STORY,1,gradient-conflict,-0.5502316951751709
2,differentiation-fork,126,ARITHMETIC,0,gradient-conflict,0.4766320884227752
2,differentiation-fork,127,STORY,1,gradient-conflict,-0.6044557094573975
2,differentiation-fork,128,STORY,1,gradient-conflict,-0.350702702999115
2,differentiation-fork,129,ARITHMETIC,0,gradient-conflict,0.4743736386299133
2,differentiation-fork,130,STORY,1,gradient-conflict,-0.6752907633781433
2,differentiation-fork,131,ARITHMETIC,0,gradient-conflict,0.4745857715606689
2,differentiation-fork,132,ARITHMETIC,0,gradient-conflict,0.4770140051841736
2,differentiation-fork,133,STORY,1,gradient-conflict,-0.7890516519546509
2,differentiation-fork,134,ARITHMETIC,0,gradient-conflict,0.4763076305389404
2,differentiation-fork,135,ARITHMETIC,0,gradient-conflict,0.4782991409301758
2,differentiation-fork,136,ARITHMETIC,0,gradient-conflict,0.4780423045158386
2,differentiation-fork,137,STORY,1,gradient-conflict,-0.908155083656311
2,differentiation-fork,138,STORY,1,gradient-conflict,-0.0233448557555675
2,differentiation-fork,139,STORY,1,gradient-conflict,-0.7605793476104736
2,differentiation-fork,140,STORY,0,gradient-conflict,0.266250729560852
2,differentiation-fork,141,ARITHMETIC,0,gradient-conflict,0.4754387736320495
2,differentiation-fork,142,ARITHMETIC,0,gradient-conflict,0.4811383783817291
2,differentiation-fork,143,ARITHMETIC,0,gradient-conflict,0.4800350964069366
2,differentiation-fork,144,STORY,0,gradient-conflict,0.0351833738386631
2,differentiation-fork,145,ARITHMETIC,0,gradient-conflict,0.4828897714614868
2,differentiation-fork,146,ARITHMETIC,0,gradient-conflict,0.4705323278903961
2,differentiation-fork,147,ARITHMETIC,0,gradient-conflict,0.4812707006931305
2,differentiation-fork,148,ARITHMETIC,0,gradient-conflict,0.4696512222290039
2,differentiation-fork,149,STORY,1,gradient-conflict,-0.5201137065887451
2,differentiation-fork,150,STORY,1,gradient-conflict,-0.8643757104873657
2,differentiation-fork,151,STORY,1,gradient-conflict,-0.1879341751337051
2,differentiation-fork,152,STORY,1,gradient-conflict,-0.929299771785736
2,differentiation-fork,153,ARITHMETIC,0,gradient-conflict,0.4854830801486969
2,differentiation-fork,154,ARITHMETIC,0,gradient-conflict,0.4812443852424621
2,differentiation-fork,155,ARITHMETIC,0,gradient-conflict,0.4796221852302551
2,differentiation-fork,156,ARITHMETIC,0,gradient-conflict,0.4772285223007202
2,differentiation-fork,157,STORY,1,gradient-conflict,-0.3272127509117126
2,differentiation-fork,158,STORY,1,gradient-conflict,-1.059783935546875
2,differentiation-fork,159,STORY,1,gradient-conflict,-0.0479947552084922
2,differentiation-fork,160,ARITHMETIC,0,gradient-conflict,0.4779912829399109
2,differentiation-fork,161,ARITHMETIC,0,gradient-conflict,0.477005124092102
2,differentiation-fork,162,STORY,1,gradient-conflict,-0.5021549463272095
2,differentiation-fork,163,STORY,1,gradient-conflict,-0.4483882188796997
2,differentiation-fork,164,ARITHMETIC,0,gradient-conflict,0.4836522042751312
2,differentiation-fork,165,ARITHMETIC,0,gradient-conflict,0.4791048467159271
2,differentiation-fork,166,ARITHMETIC,0,gradient-conflict,0.4870083034038543
2,differentiation-fork,167,ARITHMETIC,0,gradient-conflict,0.4796138703823089
2,differentiation-fork,168,STORY,1,gradient-conflict,-0.7267181873321533
2,differentiation-fork,169,ARITHMETIC,0,gradient-conflict,0.4789603054523468
2,differentiation-fork,170,ARITHMETIC,0,gradient-conflict,0.4805024266242981
2,differentiation-fork,171,ARITHMETIC,0,gradient-conflict,0.4831351041793823
2,differentiation-fork,172,ARITHMETIC,0,gradient-conflict,0.481842577457428
2,differentiation-fork,173,STORY,0,gradient-conflict,0.1081748008728027
2,differentiation-fork,174,STORY,1,gradient-conflict,-0.1840287148952484
2,differentiation-fork,175,STORY,1,gradient-conflict,-0.3351820409297943
2,differentiation-fork,176,STORY,0,gradient-conflict,0.2849467992782593
2,differentiation-fork,177,ARITHMETIC,0,gradient-conflict,0.4799896776676178
2,differentiation-fork,178,STORY,1,gradient-conflict,-0.8829542398452759
2,differentiation-fork,179,STORY,0,gradient-conflict,0.261676013469696
2,differentiation-fork,180,STORY,0,gradient-conflict,0.2588038444519043
2,differentiation-fork,181,ARITHMETIC,0,gradient-conflict,0.4739565253257751
2,differentiation-fork,182,STORY,1,gradient-conflict,-0.3580307364463806
2,differentiation-fork,183,STORY,1,gradient-conflict,-0.7284122705459595
2,differentiation-fork,184,ARITHMETIC,0,gradient-conflict,0.4695279002189636
2,differentiation-fork,185,STORY,1,gradient-conflict,-0.7789350748062134
2,differentiation-fork,186,STORY,1,gradient-conflict,-0.0234347805380821
2,differentiation-fork,187,STORY,1,gradient-conflict,-0.8763972520828247
2,differentiation-fork,188,STORY,0,gradient-conflict,0.2257128357887268
2,differentiation-fork,189,ARITHMETIC,0,gradient-conflict,0.4812959134578705
2,differentiation-fork,190,STORY,1,gradient-conflict,-0.375517725944519
2,differentiation-fork,191,STORY,1,gradient-conflict,-0.2886959910392761
2,differentiation-fork,192,ARITHMETIC,0,gradient-conflict,0.4595105648040771
2,differentiation-fork,193,STORY,0,gradient-conflict,0.1389927566051483
2,differentiation-fork,194,ARITHMETIC,0,gradient-conflict,0.4744877219200134
2,differentiation-fork,195,STORY,1,gradient-conflict,-0.4888219833374023
2,differentiation-fork,196,ARITHMETIC,0,gradient-conflict,0.4785397350788116
2,differentiation-fork,197,STORY,0,gradient-conflict,0.0981837064027786
2,differentiation-fork,198,STORY,1,gradient-conflict,-0.5394044518470764
2,differentiation-fork,199,STORY,1,gradient-conflict,-0.7841229438781738
2,differentiation-fork,200,ARITHMETIC,0,gradient-conflict,0.4655518233776092
2,differentiation-fork,201,STORY,1,gradient-conflict,-0.3981918394565582
2,differentiation-fork,202,STORY,1,gradient-conflict,-0.4868702888488769
2,differentiation-fork,203,STORY,0,gradient-conflict,0.1486046016216278
2,differentiation-fork,204,STORY,0,gradient-conflict,0.1025970131158828
2,differentiation-fork,205,ARITHMETIC,0,gradient-conflict,0.4796558320522308
2,differentiation-fork,206,STORY,1,gradient-conflict,-0.7131615877151489
2,differentiation-fork,207,ARITHMETIC,0,gradient-conflict,0.4831631779670715
2,differentiation-fork,208,STORY,1,gradient-conflict,-1.03551983833313
2,differentiation-fork,209,ARITHMETIC,0,gradient-conflict,0.4670813083648681
2,differentiation-fork,210,ARITHMETIC,0,gradient-conflict,0.4753806889057159
2,differentiation-fork,211,ARITHMETIC,0,gradient-conflict,0.478381484746933
2,differentiation-fork,212,ARITHMETIC,0,gradient-conflict,0.4778980612754822
2,differentiation-fork,213,ARITHMETIC,0,gradient-conflict,0.4771839678287506
2,differentiation-fork,214,ARITHMETIC,0,gradient-conflict,0.481978565454483
2,differentiation-fork,215,ARITHMETIC,0,gradient-conflict,0.4716103076934814
2,differentiation-fork,216,STORY,0,gradient-conflict,0.0711845085024833
2,differentiation-fork,217,ARITHMETIC,0,gradient-conflict,0.4692497849464416
2,differentiation-fork,218,STORY,1,gradient-conflict,-0.8334208726882935
2,differentiation-fork,219,STORY,1,gradient-conflict,-0.9455216526985168
2,differentiation-fork,220,ARITHMETIC,0,gradient-conflict,0.4798169136047363
2,differentiation-fork,221,STORY,0,gradient-conflict,0.0543635040521621
2,differentiation-fork,222,ARITHMETIC,0,gradient-conflict,0.4864838421344757
2,differentiation-fork,223,ARITHMETIC,0,gradient-conflict,0.4799700379371643
2,differentiation-fork,224,ARITHMETIC,0,gradient-conflict,0.4750359058380127
2,differentiation-fork,225,STORY,0,gradient-conflict,0.0584602244198322
2,differentiation-fork,226,ARITHMETIC,0,gradient-conflict,0.4661473929882049
2,differentiation-fork,227,STORY,1,gradient-conflict,-0.3840076625347137
2,differentiation-fork,228,STORY,1,gradient-conflict,-0.3494099676609039
2,differentiation-fork,229,STORY,1,gradient-conflict,-0.8180462121963501
2,differentiation-fork,230,ARITHMETIC,0,gradient-conflict,0.4619726240634918
2,differentiation-fork,231,ARITHMETIC,0,gradient-conflict,0.4741579294204712
2,differentiation-fork,232,ARITHMETIC,0,gradient-conflict,0.4711365401744842
2,differentiation-fork,233,ARITHMETIC,0,gradient-conflict,0.4799011945724487
2,differentiation-fork,234,STORY,1,gradient-conflict,-0.0420126542448997
2,differentiation-fork,235,ARITHMETIC,0,gradient-conflict,0.4839551746845245
2,differentiation-fork,236,ARITHMETIC,0,gradient-conflict,0.4749399721622467
2,differentiation-fork,237,STORY,1,gradient-conflict,-0.7918717265129089
2,differentiation-fork,238,ARITHMETIC,0,gradient-conflict,0.4806638360023498
2,differentiation-fork,239,STORY,1,gradient-conflict,-0.5596266984939575
2,differentiation-fork,240,ARITHMETIC,0,gradient-conflict,0.480220079421997
2,differentiation-fork,241,STORY,1,gradient-conflict,-0.6362597942352295
2,differentiation-fork,242,STORY,1,gradient-conflict,-0.1749722957611084
2,differentiation-fork,243,STORY,1,gradient-conflict,-0.5735762119293213
2,differentiation-fork,244,ARITHMETIC,0,gradient-conflict,0.4771524369716644
2,differentiation-fork,245,ARITHMETIC,0,gradient-conflict,0.4790145754814148
2,differentiation-fork,246,ARITHMETIC,0,gradient-conflict,0.4748453497886657
2,differentiation-fork,247,STORY,1,gradient-conflict,-0.0603452250361442
2,differentiation-fork,248,STORY,1,gradient-conflict,-0.2193269282579422
2,differentiation-fork,249,STORY,1,gradient-conflict,-0.3780380487442016
2,differentiation-fork,250,STORY,1,gradient-conflict,-0.8321987390518188
2,differentiation-fork,251,ARITHMETIC,0,gradient-conflict,0.4664919078350067
2,differentiation-fork,252,ARITHMETIC,0,gradient-conflict,0.4679396450519562
2,differentiation-fork,253,STORY,1,gradient-conflict,-0.8222363591194153
2,differentiation-fork,254,ARITHMETIC,0,gradient-conflict,0.4734525084495544
2,differentiation-fork,255,STORY,1,gradient-conflict,-0.4409475922584533
2,differentiation-fork,256,STORY,1,gradient-conflict,-0.9513822793960572
2,differentiation-fork,257,STORY,1,gradient-conflict,-1.0253145694732666
2,differentiation-fork,258,ARITHMETIC,0,gradient-conflict,0.4845614433288574
2,differentiation-fork,259,ARITHMETIC,0,gradient-conflict,0.4776467382907867
2,differentiation-fork,260,STORY,1,gradient-conflict,-0.0060814879834651
2,differentiation-fork,261,STORY,1,gradient-conflict,-0.0438230261206626
2,differentiation-fork,262,STORY,1,gradient-conflict,-0.7910975217819214
2,differentiation-fork,263,STORY,1,gradient-conflict,-0.8734792470932007
2,differentiation-fork,264,ARITHMETIC,0,gradient-conflict,0.4617194533348083
2,differentiation-fork,265,ARITHMETIC,0,gradient-conflict,0.478831022977829
2,differentiation-fork,266,STORY,0,gradient-conflict,0.0699687376618385
2,differentiation-fork,267,ARITHMETIC,0,gradient-conflict,0.4819274842739105
2,differentiation-fork,268,ARITHMETIC,0,gradient-conflict,0.4826026260852813
2,differentiation-fork,269,ARITHMETIC,0,gradient-conflict,0.4794063866138458
2,differentiation-fork,270,ARITHMETIC,0,gradient-conflict,0.4784618616104126
2,differentiation-fork,271,ARITHMETIC,0,gradient-conflict,0.4744203984737396
2,differentiation-fork,272,STORY,1,gradient-conflict,-0.5992386341094971
2,differentiation-fork,273,STORY,1,gradient-conflict,-0.6769382953643799
2,differentiation-fork,274,ARITHMETIC,0,gradient-conflict,0.4796566963195801
2,differentiation-fork,275,STORY,1,gradient-conflict,-0.6036697626113892
2,differentiation-fork,276,STORY,1,gradient-conflict,-0.0346684530377388
2,differentiation-fork,277,ARITHMETIC,0,gradient-conflict,0.4753753244876861
2,differentiation-fork,278,STORY,1,gradient-conflict,-0.5966538786888123
2,differentiation-fork,279,STORY,1,gradient-conflict,-1.1442428827285769
2,differentiation-fork,280,ARITHMETIC,0,gradient-conflict,0.4669013619422912
2,differentiation-fork,281,ARITHMETIC,0,gradient-conflict,0.4790493249893188
2,differentiation-fork,282,ARITHMETIC,0,gradient-conflict,0.4803795516490936
2,differentiation-fork,283,ARITHMETIC,0,gradient-conflict,0.4777230620384216
2,differentiation-fork,284,STORY,1,gradient-conflict,-0.8182045817375183
2,differentiation-fork,285,ARITHMETIC,0,gradient-conflict,0.4759984016418457
2,differentiation-fork,286,ARITHMETIC,0,gradient-conflict,0.4822999238967895
2,differentiation-fork,287,ARITHMETIC,0,gradient-conflict,0.4767212271690368
2,differentiation-fork,288,STORY,1,gradient-conflict,-0.5938384532928467
2,differentiation-fork,289,ARITHMETIC,0,gradient-conflict,0.4763985276222229
2,differentiation-fork,290,ARITHMETIC,0,gradient-conflict,0.4783578515052795
2,differentiation-fork,291,STORY,1,gradient-conflict,-0.8297119140625
2,differentiation-fork,292,STORY,1,gradient-conflict,-0.2839180529117584
2,differentiation-fork,293,STORY,1,gradient-conflict,-1.027135968208313
2,differentiation-fork,294,ARITHMETIC,0,gradient-conflict,0.47454434633255
2,differentiation-fork,295,STORY,0,gradient-conflict,0.1583574712276458
2,differentiation-fork,296,ARITHMETIC,0,gradient-conflict,0.4799733757972717
2,differentiation-fork,297,ARITHMETIC,0,gradient-conflict,0.4771404266357422
2,differentiation-fork,298,STORY,0,gradient-conflict,0.027131550014019
2,differentiation-fork,299,STORY,0,gradient-conflict,0.0860886871814727
2,differentiation-fork,300,STORY,1,gradient-conflict,-0.5642508864402771
2,differentiation-fork,301,ARITHMETIC,0,gradient-conflict,0.4696308374404907
2,differentiation-fork,302,STORY,1,gradient-conflict,-0.5523256659507751
2,differentiation-fork,303,STORY,0,gradient-conflict,0.1385199278593063
2,differentiation-fork,304,STORY,0,gradient-conflict,0.052593320608139
2,differentiation-fork,305,ARITHMETIC,0,gradient-conflict,0.4853403866291046
2,differentiation-fork,306,STORY,1,gradient-conflict,-0.8399150371551514
2,differentiation-fork,307,STORY,1,gradient-conflict,-0.2312366068363189
2,differentiation-fork,308,ARITHMETIC,0,gradient-conflict,0.4809284806251526
2,differentiation-fork,309,STORY,1,gradient-conflict,-0.1236747801303863
2,differentiation-fork,310,ARITHMETIC,0,gradient-conflict,0.4666551053524017
2,differentiation-fork,311,ARITHMETIC,0,gradient-conflict,0.4812932312488556
2,differentiation-fork,312,STORY,1,gradient-conflict,-0.2450356930494308
2,differentiation-fork,313,STORY,1,gradient-conflict,-0.017695277929306
2,differentiation-fork,314,STORY,1,gradient-conflict,-0.7955588698387146
2,differentiation-fork,315,ARITHMETIC,0,gradient-conflict,0.4718491435050964
2,differentiation-fork,316,STORY,1,gradient-conflict,-0.2494469135999679
2,differentiation-fork,317,STORY,1,gradient-conflict,-0.9459444880485536
2,differentiation-fork,318,ARITHMETIC,0,gradient-conflict,0.4705418646335602
2,differentiation-fork,319,ARITHMETIC,0,gradient-conflict,0.4769999384880066
2,differentiation-fork,320,ARITHMETIC,0,gradient-conflict,0.4722830355167389
2,differentiation-fork,321,STORY,1,gradient-conflict,-0.3206477165222168
2,differentiation-fork,322,STORY,1,gradient-conflict,-0.773600697517395
2,differentiation-fork,323,STORY,1,gradient-conflict,-0.3417763710021972
2,differentiation-fork,324,STORY,1,gradient-conflict,-0.3417431712150574
2,differentiation-fork,325,STORY,0,gradient-conflict,0.0872444361448288
2,differentiation-fork,326,STORY,1,gradient-conflict,-0.7131074070930481
2,differentiation-fork,327,ARITHMETIC,0,gradient-conflict,0.4789814949035644
2,differentiation-fork,328,ARITHMETIC,0,gradient-conflict,0.4783767461776733
2,differentiation-fork,329,ARITHMETIC,0,gradient-conflict,0.4815992712974548
2,differentiation-fork,330,STORY,1,gradient-conflict,-0.048519629985094
2,differentiation-fork,331,ARITHMETIC,0,gradient-conflict,0.4774519205093384
2,differentiation-fork,332,STORY,0,gradient-conflict,0.2580985128879547
2,differentiation-fork,333,ARITHMETIC,0,gradient-conflict,0.4594829380512237
2,differentiation-fork,334,STORY,1,gradient-conflict,-0.5980226993560791
2,differentiation-fork,335,ARITHMETIC,0,gradient-conflict,0.4784845113754272
2,differentiation-fork,336,ARITHMETIC,0,gradient-conflict,0.4805889725685119
2,differentiation-fork,337,ARITHMETIC,0,gradient-conflict,0.4727263450622558
2,differentiation-fork,338,ARITHMETIC,0,gradient-conflict,0.4709868133068084
2,differentiation-fork,339,STORY,0,gradient-conflict,0.0954906940460205
2,differentiation-fork,340,STORY,0,gradient-conflict,0.0165327526628971
2,differentiation-fork,341,STORY,1,gradient-conflict,-1.1784394979476929
2,differentiation-fork,342,ARITHMETIC,0,gradient-conflict,0.472792387008667
2,differentiation-fork,343,ARITHMETIC,0,gradient-conflict,0.4732579588890075
2,differentiation-fork,344,STORY,0,gradient-conflict,0.179790511727333
2,differentiation-fork,345,ARITHMETIC,0,gradient-conflict,0.4788752794265747
2,differentiation-fork,346,ARITHMETIC,0,gradient-conflict,0.4791945815086365
2,differentiation-fork,347,STORY,1,gradient-conflict,-0.0197934657335281
2,differentiation-fork,348,STORY,1,gradient-conflict,-0.1081829592585563
2,differentiation-fork,349,STORY,1,gradient-conflict,-0.189956247806549
2,differentiation-fork,350,STORY,1,gradient-conflict,-0.525238037109375
2,differentiation-fork,351,STORY,0,gradient-conflict,0.0616642273962497
2,differentiation-fork,352,ARITHMETIC,0,gradient-conflict,0.4820532202720642
2,differentiation-fork,353,ARITHMETIC,0,gradient-conflict,0.4799264371395111
2,differentiation-fork,354,STORY,1,gradient-conflict,-0.7367758750915527
2,differentiation-fork,355,STORY,1,gradient-conflict,-0.4669206738471985
2,differentiation-fork,356,STORY,1,gradient-conflict,-1.139143705368042
2,differentiation-fork,357,STORY,1,gradient-conflict,-0.1381158232688903
2,differentiation-fork,358,ARITHMETIC,0,gradient-conflict,0.4777262806892395
2,differentiation-fork,359,STORY,1,gradient-conflict,-1.0616421699523926
2,differentiation-fork,360,STORY,1,gradient-conflict,-0.8753515481948853
2,differentiation-fork,361,STORY,1,gradient-conflict,-0.2749089896678924
2,differentiation-fork,362,STORY,1,gradient-conflict,-0.9152097702026368
2,differentiation-fork,363,ARITHMETIC,0,gradient-conflict,0.4793426394462585
2,differentiation-fork,364,ARITHMETIC,0,gradient-conflict,0.4721077084541321
2,differentiation-fork,365,STORY,1,gradient-conflict,-0.2948465943336487
2,differentiation-fork,366,STORY,1,gradient-conflict,-0.391778826713562
2,differentiation-fork,367,STORY,1,gradient-conflict,-0.0430344603955745
2,differentiation-fork,368,ARITHMETIC,0,gradient-conflict,0.4718949198722839
2,differentiation-fork,369,ARITHMETIC,0,gradient-conflict,0.4772039651870727
2,differentiation-fork,370,STORY,1,gradient-conflict,-0.3696339726448059
2,differentiation-fork,371,STORY,1,gradient-conflict,-0.022602628916502
2,differentiation-fork,372,ARITHMETIC,0,gradient-conflict,0.4743538498878479
2,differentiation-fork,373,ARITHMETIC,0,gradient-conflict,0.4776827096939087
2,differentiation-fork,374,ARITHMETIC,0,gradient-conflict,0.4766873717308044
2,differentiation-fork,375,STORY,1,gradient-conflict,-0.6401939392089844
2,differentiation-fork,376,STORY,1,gradient-conflict,-0.8416303396224976
2,differentiation-fork,377,STORY,1,gradient-conflict,-0.0839387029409408
2,differentiation-fork,378,ARITHMETIC,0,gradient-conflict,0.4769990742206573
2,differentiation-fork,379,STORY,1,gradient-conflict,-0.0059007070958614
2,differentiation-fork,380,STORY,1,gradient-conflict,-0.227128654718399
2,differentiation-fork,381,ARITHMETIC,0,gradient-conflict,0.4717388451099396
2,differentiation-fork,382,ARITHMETIC,0,gradient-conflict,0.4707860052585602
2,differentiation-fork,383,ARITHMETIC,0,gradient-conflict,0.4810888171195984
2,differentiation-fork,384,ARITHMETIC,0,gradient-conflict,0.4783813953399658
2,differentiation-fork,385,ARITHMETIC,0,gradient-conflict,0.4750131368637085
2,differentiation-fork,386,ARITHMETIC,0,gradient-conflict,0.4816029667854309
2,differentiation-fork,387,STORY,1,gradient-conflict,-0.5958117246627808
2,differentiation-fork,388,STORY,1,gradient-conflict,-0.643601655960083
2,differentiation-fork,389,ARITHMETIC,0,gradient-conflict,0.4754839837551117
2,differentiation-fork,390,ARITHMETIC,0,gradient-conflict,0.4805043637752533
2,differentiation-fork,391,STORY,1,gradient-conflict,-0.3875210583209991
2,differentiation-fork,392,ARITHMETIC,0,gradient-conflict,0.4598858952522278
2,differentiation-fork,393,STORY,1,gradient-conflict,-0.4630066156387329
2,differentiation-fork,394,STORY,0,gradient-conflict,0.1160400584340095
2,differentiation-fork,395,ARITHMETIC,0,gradient-conflict,0.4798494279384613
2,differentiation-fork,396,STORY,1,gradient-conflict,-0.9105885028839112
2,differentiation-fork,397,STORY,1,gradient-conflict,-0.6475493311882019
2,differentiation-fork,398,STORY,1,gradient-conflict,-0.3703250586986542
2,differentiation-fork,399,STORY,1,gradient-conflict,-0.5913136601448059
2,differentiation-fork,400,ARITHMETIC,0,gradient-conflict,0.480013757944107
