arm,step,cell_id,certificate_rank,parameter_dtype,machine_epsilon,basis_orthogonality_error,gradient_analytic_norm,gradient_analytic_violation_norm,gradient_analytic_rho,gradient_safe_ideal_violation_norm,gradient_safe_ideal_rho,gradient_float_commit_violation_norm,gradient_float_commit_rho,optimizer_raw_update_norm,optimizer_raw_violation_norm,optimizer_raw_rho,matched_safe_update_norm,matched_safe_ideal_violation_norm,matched_safe_ideal_rho,matched_safe_float_commit_norm,matched_safe_float_commit_violation_norm,matched_safe_float_commit_rho,roundoff_bound_norm,machine_floor_envelope_norm,committed_update_norm,committed_violation_norm,committed_rho,committed_excess_factor,eligible_for_ratio
sgd_with_decay_grad_projection,1,0,58,torch.float32,1.1920928955078125e-07,4.814231254404896e-06,1.6898202113185475e-06,7.158763965063399e-13,4.2364056939983555e-07,2.4369914802847943e-22,1.4421602156027335e-16,1.0169333807225706e-07,0.059455997174469345,2.68937564041896e-06,9.266407445441199e-07,0.3445560860362983,2.524693697427395e-06,4.798255660218418e-22,1.900529820749238e-16,2.5449858064511155e-06,1.0255238189996616e-07,0.04029585612619644,9.873339123415332e-06,9.873339123415332e-06,2.68937564041896e-06,9.266407445441199e-07,0.3445560860362983,0.09385282253159166,True
sgd_with_decay_grad_projection,1,1,60,torch.float32,1.1920928955078125e-07,3.342961442244951e-06,1.9759991739692844e-06,5.785989471815498e-13,2.9281335478460257e-07,2.8628278543233697e-22,1.4488001270632075e-16,1.0749579989852907e-07,0.05391055708500394,2.930150092410648e-06,9.626375429728948e-07,0.32852840728746713,2.7675094444126543e-06,5.564171773933802e-22,2.010533978544265e-16,2.786012678702565e-06,1.0945365937688171e-07,0.03928684898442524,1.0189281738435074e-05,1.0189281738435074e-05,2.930150092410648e-06,9.626375429728948e-07,0.32852840728746713,0.09447550550513505,True
sgd_with_decay_grad_projection,1,2,60,torch.float32,1.1920928955078125e-07,3.920330339574255e-06,1.8821437493870324e-06,5.988311934302049e-13,3.1816443012136e-07,2.7454886205191466e-22,1.4587029398861927e-16,9.877736811338514e-08,0.052041967851678014,2.7477834559024823e-06,8.691814264008104e-07,0.316320932980993,2.6066909230921955e-06,4.964500714380465e-22,1.9045221934065395e-16,2.6236919801510926e-06,9.964567342206248e-08,0.03797918131240547,9.39589688983519e-06,9.39589688983519e-06,2.7477834559024823e-06,8.691814264008104e-07,0.316320932980993,0.0925064883737838,True
sgd_with_decay_grad_projection,1,3,49,torch.float32,1.1920928955078125e-07,5.138758647397377e-06,1.7122383424116826e-06,7.818982493985917e-13,4.566526925785871e-07,2.247295878557731e-22,1.312490103096661e-16,8.955073136115781e-08,0.05174838832035919,2.6416134266146554e-06,8.573210461274353e-07,0.3245444762998991,2.498624045257265e-06,4.380615443487436e-22,1.753211113053383e-16,2.517907753094585e-06,9.098387576809734e-08,0.036134713694842634,9.51334939749735e-06,9.51334939749735e-06,2.6416134266146554e-06,8.573210461274353e-07,0.3245444762998991,0.09011768729454722,True
sgd_with_decay_grad_projection,1,4,60,torch.float32,1.1920928955078125e-07,8.425881056896194e-06,1.7982256805910066e-06,1.223942646421891e-12,6.806390652921989e-07,2.621892967275371e-22,1.4580444465759516e-16,1.1287146544999135e-07,0.06203808222355939,2.9291454633557004e-06,1.079848506482072e-06,0.36865649725875044,2.7228331473936696e-06,6.104073034415068e-22,2.241809433037777e-16,2.742947217063139e-06,1.1475838584489523e-07,0.04183762091046232,1.0823462170330392e-05,1.0823462170330392e-05,2.9291454633557004e-06,1.079848506482072e-06,0.36865649725875044,0.09976923183066007,True
sgd_with_decay_grad_projection,1,5,53,torch.float32,1.1920928955078125e-07,5.678672305444112e-06,3.4266948330285915e-06,1.1975117189594241e-12,3.4946552795337067e-07,4.484852648559843e-22,1.3087983806822684e-16,9.103429528943168e-08,0.02650669809839464,3.929941605870354e-06,8.283370021930556e-07,0.21077590592077156,3.841653138474201e-06,5.83258407001848e-22,1.518248488288826e-16,3.8531389824920725e-06,9.121568678770308e-08,0.02367308503590702,9.191343344929142e-06,9.191343344929142e-06,3.929941605870354e-06,8.283370021930556e-07,0.21077590592077156,0.09012142960039117,True
sgd_with_decay_grad_projection,1,6,60,torch.float32,1.1920928955078125e-07,3.095485046437789e-06,2.154121089757414e-06,6.023274249500217e-13,2.796163260338594e-07,3.124866133806087e-22,1.4506455317969686e-16,9.848815176639059e-08,0.045402211318071976,2.9263779136246918e-06,8.540812945612388e-07,0.2918561169371834,2.79896995975859e-06,5.270451325593499e-22,1.8829967457200123e-16,2.8147865613257485e-06,9.872602686126044e-08,0.03507407212245643,9.34969307479634e-06,9.34969307479634e-06,2.9263779136246918e-06,8.540812945612388e-07,0.2918561169371834,0.09134859163062342,True
sgd_with_decay_grad_projection,1,7,53,torch.float32,1.1920928955078125e-07,7.079248571757639e-06,1.0540401372707742e-06,5.965963711540287e-13,5.660091585305238e-07,1.4135268681299314e-22,1.3410560168896436e-16,9.771448580313218e-08,0.09023479300172786,2.3803214082227036e-06,1.000134566921427e-06,0.4201678661824874,2.160014086642077e-06,4.828367955250932e-22,2.235340956853219e-16,2.1824257335749614e-06,1.0117218621637901e-07,0.046357676533923614,1.0053104379970135e-05,1.0053104379970135e-05,2.3803214082227036e-06,1.000134566921427e-06,0.4201678661824874,0.09948514698744211,True
sgd_with_decay_grad_projection,2,0,58,torch.float32,1.1920928955078125e-07,4.814231254404896e-06,3.658155551754741e-06,1.5496246111523477e-12,4.236081788290892e-07,5.266384552734419e-22,1.439628380539673e-16,1.0236487872718386e-07,0.02791391321709857,5.536175123514294e-06,1.8449647430819727e-06,0.33325621063641725,5.219706897422783e-06,9.843420058887564e-22,1.8858185435177839e-16,5.225078760422315e-06,1.0139222271356255e-07,0.019404917583551902,9.873339714619423e-06,9.873339714619423e-06,5.536175123514294e-06,1.8449647430819727e-06,0.33325621063641725,0.18686329007297695,True
sgd_with_decay_grad_projection,2,1,60,torch.float32,1.1920928955078125e-07,3.342961442244951e-06,4.331558356583641e-06,1.2868540173759963e-12,2.9708800192431334e-07,6.342910035999609e-22,1.4643482815738002e-16,1.0589178981574447e-07,0.02439519744569249,6.120199911219462e-06,1.912678049567725e-06,0.31251888456477234,5.813648564541247e-06,1.1379548624137484e-21,1.9573850221260217e-16,5.820118060930884e-06,1.0648656516125892e-07,0.01829628953338228,1.0189282596550378e-05,1.0189282596550378e-05,6.120199911219462e-06,1.912678049567725e-06,0.31251888456477234,0.18771469251576844,True
sgd_with_decay_grad_projection,2,2,60,torch.float32,1.1920928955078125e-07,3.920330339574255e-06,4.069391023743121e-06,1.2999308472621337e-12,3.1944112514074084e-07,6.041412982096799e-22,1.4845987880860055e-16,9.774462723112168e-08,0.023970591916195477,5.687070320333557e-06,1.728408269676016e-06,0.3039189199922961,5.4180599555315356e-06,1.020671038689592e-21,1.883831199851423e-16,5.4233732956663556e-06,9.862942433037847e-08,0.018185992177449796,9.395897675439035e-06,9.395897675439035e-06,5.687070320333557e-06,1.728408269676016e-06,0.3039189199922961,0.18395350070638716,True
sgd_with_decay_grad_projection,2,3,49,torch.float32,1.1920928955078125e-07,5.138758647397377e-06,2.990936883899594e-06,1.2539928749873031e-12,4.1926423848581615e-07,3.9180065984701524e-22,1.3099596382529428e-16,8.988578748100648e-08,0.029948452445531407,4.994676677905528e-06,1.7072960259163194e-06,0.341823132109576,4.693818850009419e-06,8.417684875657189e-22,1.7933552922776933e-16,4.70110148718451e-06,9.004639364252053e-08,0.01915431817160138,9.51334958712569e-06,9.51334958712569e-06,4.994676677905528e-06,1.7072960259163194e-06,0.341823132109576,0.1794631859452305,True
sgd_with_decay_grad_projection,2,4,60,torch.float32,1.1920928955078125e-07,8.425881056896194e-06,3.938910257958481e-06,2.7360668181913094e-12,6.94625325028197e-07,5.730338335876121e-22,1.4548029684858851e-16,1.1359989521861989e-07,0.02876404799146432,6.0577420993596925e-06,2.1496358878129276e-06,0.3548576107325773,5.663506413184459e-06,1.237420737726855e-21,2.1849021568090392e-16,5.6714786519019906e-06,1.1433253125379168e-07,0.020159210370200204,1.0823462786956307e-05,1.0823462786956307e-05,6.0577420993596925e-06,2.1496358878129276e-06,0.3548576107325773,0.19860888609544822,True
sgd_with_decay_grad_projection,2,5,53,torch.float32,1.1920928955078125e-07,5.678672305444112e-06,5.829118862416022e-06,2.1679204743763407e-12,3.7191220929706564e-07,7.849074472161456e-22,1.3465284646655423e-16,9.001401951831511e-08,0.015429415807383584,6.984462968641613e-06,1.6484380774435189e-06,0.23601500714436727,6.7871477709830606e-06,1.0944395814770674e-21,1.6125176854938982e-16,6.791627677229141e-06,9.010757961974816e-08,0.013267449851802005,9.191344332108366e-06,9.191344332108366e-06,6.984462968641613e-06,1.6484380774435189e-06,0.23601500714436727,0.1793467873556849,True
sgd_with_decay_grad_projection,2,6,60,torch.float32,1.1920928955078125e-07,3.095485046437789e-06,4.225064371779032e-06,1.2008254597108504e-12,2.8421471344476183e-07,6.215642150331232e-22,1.4711354912953165e-16,9.78663691558962e-08,0.023124756385363397,5.766548418232707e-06,1.702240340703818e-06,0.29519223931627186,5.509578793546988e-06,1.0520992513199339e-21,1.909582003895088e-16,5.5141805699588165e-06,9.784959330796031e-08,0.017745083256983568,9.349693785328907e-06,9.349693785328907e-06,5.766548418232707e-06,1.702240340703818e-06,0.29519223931627186,0.18206375307979525,True
sgd_with_decay_grad_projection,2,7,53,torch.float32,1.1920928955078125e-07,7.079248571757639e-06,2.1964866779470115e-06,1.2950505411630243e-12,5.896009086535723e-07,2.980305279426849e-22,1.3568510609920782e-16,9.94026752162168e-08,0.04491654807924075,4.777225049251178e-06,1.990581864513878e-06,0.41668161830180017,4.342748324720346e-06,9.74786563401472e-22,2.2446305668985414e-16,4.350624021968411e-06,9.894929927820022e-08,0.022743702691512116,1.0053104441578338e-05,1.0053104441578338e-05,4.777225049251178e-06,1.990581864513878e-06,0.41668161830180017,0.19800668301834098,True
sgd_with_decay_grad_projection,3,0,58,torch.float32,1.1920928955078125e-07,4.814231254404896e-06,4.86821707988177e-06,1.907611977718643e-12,3.918502290298385e-07,6.98829140874446e-22,1.4354929729047158e-16,1.0177468130336957e-07,0.02087819265751411,7.914813713307981e-06,2.7666166553860326e-06,0.3495491815220159,7.415531565471802e-06,1.4319775303360232e-21,1.931051763036917e-16,7.42065965720521e-06,1.020532473519217e-07,0.013752584280405778,9.873337853775448e-06,9.873337853775448e-06,7.914813713307981e-06,2.7666166553860326e-06,0.3495491815220159,0.28021087664169325,True
sgd_with_decay_grad_projection,3,1,60,torch.float32,1.1920928955078125e-07,3.342961442244951e-06,7.180496507542665e-06,2.058979805025312e-12,2.8674616063979447e-07,1.0388468364247483e-21,1.4467618434652075e-16,1.0714137137062182e-07,0.014909816773145014,9.68395198581155e-06,2.8657008977684966e-06,0.2959226668995448,9.250226182533717e-06,1.758245354500941e-21,1.9007593109678343e-16,9.252514427873741e-06,1.0748498489255883e-07,0.011616840560524177,1.0189281757660867e-05,1.0189281757660867e-05,9.68395198581155e-06,2.8657008977684966e-06,0.2959226668995448,0.28124660461115464,True
sgd_with_decay_grad_projection,3,2,60,torch.float32,1.1920928955078125e-07,3.920330339574255e-06,5.102895989490401e-06,1.6421075296007084e-12,3.217991377803287e-07,7.537753784640924e-22,1.477152150497598e-16,9.87044759241358e-08,0.019321276863784,7.845749819796317e-06,2.5925322737279683e-06,0.3304377954018514,7.4050365728004905e-06,1.4446143666439298e-21,1.9508537904460277e-16,7.40955332471426e-06,9.83877396616835e-08,0.01327849808888145,9.395895789294252e-06,9.395895789294252e-06,7.845749819796317e-06,2.5925322737279683e-06,0.3304377954018514,0.2759217781748832,True
sgd_with_decay_grad_projection,3,3,49,torch.float32,1.1920928955078125e-07,5.138758647397377e-06,4.3998715311502655e-06,2.0045786008441955e-12,4.555993479928118e-07,5.731516136269696e-22,1.3026553379325352e-16,8.973913542412391e-08,0.02036466504447654,7.449905720772723e-06,2.5589866817464578e-06,0.34349249207425314,6.9966193558779785e-06,1.2557553862224719e-21,1.7948030646650665e-16,7.000262858941065e-06,8.969196292530256e-08,0.012812656429143053,9.513347976283893e-06,9.513347976283893e-06,7.449905720772723e-06,2.5589866817464578e-06,0.34349249207425314,0.26898907599362826,True
sgd_with_decay_grad_projection,3,4,60,torch.float32,1.1920928955078125e-07,8.425881056896194e-06,5.727476618286925e-06,3.694572156303165e-12,6.450610631053441e-07,8.311888968408722e-22,1.4512305369998207e-16,1.1384915178967285e-07,0.019848788526187072,8.96717403593545e-06,3.22048922377014e-06,0.3591420452936687,8.368910284519444e-06,1.8584116260046323e-21,2.2206136316722926e-16,8.372844009841113e-06,1.1402529413712459e-07,0.013618466318386408,1.082346098633891e-05,1.082346098633891e-05,8.96717403593545e-06,3.22048922377014e-06,0.3591420452936687,0.2975470810893999,True
sgd_with_decay_grad_projection,3,5,53,torch.float32,1.1920928955078125e-07,5.678672305444112e-06,1.1549713161729467e-05,4.091926488631826e-12,3.5428814822783845e-07,1.5386326608154883e-21,1.3321825739481725e-16,9.072486275765665e-08,0.007853641848370391,1.2875669760669649e-05,2.471840508200869e-06,0.19197762556410203,1.263617332454094e-05,1.8995924513864608e-21,1.5032972424469898e-16,1.2636040852268222e-05,9.025916528564495e-08,0.007142994102416427,9.19134624663815e-06,9.19134624663815e-06,1.2875669760669649e-05,2.471840508200869e-06,0.19197762556410203,0.2689312796920229,True
sgd_with_decay_grad_projection,3,6,60,torch.float32,1.1920928955078125e-07,3.095485046437789e-06,6.428373547283432e-06,1.7900418593351082e-12,2.784595273078931e-07,9.367410510842768e-22,1.4571976009081968e-16,9.7734176144992e-08,0.015193063403787354,8.774660600634395e-06,2.549235963740662e-06,0.29052245776393404,8.396193462367144e-06,1.6029866628848827e-21,1.9091826195640704e-16,8.398857886017368e-06,9.727583919860136e-08,0.011582031809414068,9.349692802920731e-06,9.349692802920731e-06,8.774660600634395e-06,2.549235963740662e-06,0.29052245776393404,0.2726545157659417,True
sgd_with_decay_grad_projection,3,7,53,torch.float32,1.1920928955078125e-07,7.079248571757639e-06,3.2379429399890634e-06,1.905142010889446e-12,5.883803532670903e-07,4.408650048902614e-22,1.361558906568708e-16,9.922814728497149e-08,0.030541110514483532,7.123159618878238e-06,2.987075252122759e-06,0.4193469488183625,6.466589858199862e-06,1.4504840579862562e-21,2.243043226480479e-16,6.47349240920065e-06,9.939219055331383e-08,0.015353720105093446,1.0053102429216659e-05,1.0053102429216659e-05,7.123159618878238e-06,2.987075252122759e-06,0.4193469488183625,0.29712969435600517,True
sgd_with_decay_grad_projection,4,0,58,torch.float32,1.1920928955078125e-07,4.814231254404896e-06,6.348169115477979e-06,2.58053967982572e-12,4.065014073953858e-07,9.113753389467561e-22,1.4356506929292956e-16,1.0218861915374202e-07,0.016082421248176475,1.0478740307753275e-05,3.6882064154303975e-06,0.351970399791421,9.808217568677362e-06,1.9045879385609255e-21,1.941828803475206e-16,9.80823148755997e-06,1.0066624687080219e-07,0.010263445249888297,9.873334189034253e-06,9.873334189034253e-06,1.0478740307753275e-05,3.6882064154303975e-06,0.351970399791421,0.37355227168616223,True
sgd_with_decay_grad_projection,4,1,60,torch.float32,1.1920928955078125e-07,3.342961442244951e-06,8.79441085931285e-06,2.4930672166813164e-12,2.834831413455377e-07,1.2621968187711715e-21,1.4352261214116666e-16,1.0659292822841839e-07,0.012112520962434772,1.2345272369380501e-05,3.823126149375696e-06,0.3096834184766994,1.1738375369707231e-05,2.284364157198846e-21,1.9460650092124467e-16,1.1741422652780855e-05,1.0780875389217878e-07,0.009181915776334412,1.0189277939047095e-05,1.0189277939047095e-05,1.2345272369380501e-05,3.823126149375696e-06,0.3096834184766994,0.3752107040602758,True
sgd_with_decay_grad_projection,4,2,60,torch.float32,1.1920928955078125e-07,3.920330339574255e-06,7.914351101415168e-06,2.5956776066709086e-12,3.279709951466235e-07,1.1669968461672169e-21,1.4745325690170717e-16,9.886042846856566e-08,0.012484645049664688,1.1256707295123996e-05,3.453373075023531e-06,0.30678358995080285,1.071390094843145e-05,2.0366155249537546e-21,1.900909421093651e-16,1.0717097613845886e-05,9.862197584107101e-08,0.009202302656426025,9.39589326552545e-06,9.39589326552545e-06,1.1256707295123996e-05,3.453373075023531e-06,0.30678358995080285,0.36754068798273076,True
sgd_with_decay_grad_projection,4,3,49,torch.float32,1.1920928955078125e-07,5.138758647397377e-06,6.1478932743386e-06,2.7818478527923956e-12,4.524879871294889e-07,8.05511261657556e-22,1.3102232353639822e-16,9.006656411759036e-08,0.014637450204938698,1.0103498621212161e-05,3.408266000559528e-06,0.33733522696820273,9.511277898277707e-06,1.694541488863217e-21,1.781612846334837e-16,9.514382578939482e-06,9.0435186881271e-08,0.009505103051190457,9.513344646314497e-06,9.513344646314497e-06,1.0103498621212161e-05,3.408266000559528e-06,0.33733522696820273,0.3582615922445217,True
sgd_with_decay_grad_projection,4,4,60,torch.float32,1.1920928955078125e-07,8.425881056896194e-06,6.9158849033123494e-06,5.2571237479454274e-12,7.60152001000991e-07,9.941111588328804e-22,1.437431612485396e-16,1.1464179079172174e-07,0.016565017359800524,1.142700214379532e-05,4.292992754873046e-06,0.37568845274121815,1.058992876278733e-05,2.408161392852842e-21,2.274010946433411e-16,1.059233655019221e-05,1.1205809873599022e-07,0.01057916713701443,1.0823456529691845e-05,1.0823456529691845e-05,1.142700214379532e-05,4.292992754873046e-06,0.37568845274121815,0.39663787100693165,True
sgd_with_decay_grad_projection,4,5,53,torch.float32,1.1920928955078125e-07,5.678672305444112e-06,1.0130177368784639e-05,4.222944126530644e-12,4.1686773812503233e-07,1.3491275935076287e-21,1.3317906926930804e-16,9.027927157481204e-08,0.00890884181918333,1.2720850762927252e-05,3.2940999339085127e-06,0.2589528008227724,1.2286942246063126e-05,2.0527772906419752e-21,1.6706982498430056e-16,1.228904824245863e-05,9.078782855235346e-08,0.0073877021849976755,9.191340487592404e-06,9.191340487592404e-06,1.2720850762927252e-05,3.2940999339085127e-06,0.2589528008227724,0.35839167729182614,True
sgd_with_decay_grad_projection,4,6,60,torch.float32,1.1920928955078125e-07,3.095485046437789e-06,8.941327507108564e-06,2.555973632475272e-12,2.85860643225876e-07,1.299299753838499e-21,1.4531396515848217e-16,9.818316699472944e-08,0.010975987157467013,1.1914279563293959e-05,3.3967764919951186e-06,0.28510129160138714,1.1419805907972054e-05,2.172153699525064e-21,1.9020933604560694e-16,1.1422613727538456e-05,9.77428423201888e-08,0.008556959436047755,9.349689993413396e-06,9.349689993413396e-06,1.1914279563293959e-05,3.3967764919951186e-06,0.28510129160138714,0.36330364903949286,True
sgd_with_decay_grad_projection,4,7,53,torch.float32,1.1920928955078125e-07,7.079248571757639e-06,4.23808658035116e-06,2.459151531823261e-12,5.802504232038366e-07,5.679945217396628e-22,1.3402145307109217e-16,9.94651825483001e-08,0.023420090631527817,9.457187856474999e-06,3.981329051143335e-06,0.42098445241493865,8.578311088972018e-06,1.944356942199925e-21,2.2665964454232995e-16,8.584411945168218e-06,9.85374444396785e-08,0.011478648167058295,1.0053098397632754e-05,1.0053098397632754e-05,9.457187856474999e-06,3.981329051143335e-06,0.42098445241493865,0.3960300490126343,True
sgd_with_decay_grad_projection,5,0,58,torch.float32,1.1920928955078125e-07,4.814231254404896e-06,1.0187286624697773e-05,4.14105163708874e-12,4.0649211018067267e-07,1.4400708606117852e-21,1.4135960964528442e-16,1.0226058468063954e-07,0.010033408844265386,1.4520082473664794e-05,4.607872307464052e-06,0.31734477512930054,1.3769542760750391e-05,2.542404469765043e-21,1.8463971636095862e-16,1.3771855341643468e-05,1.0047203238210264e-07,0.007295460915734015,9.873330019605502e-06,9.873330019605502e-06,1.4520082473664794e-05,4.607872307464052e-06,0.31734477512930054,0.46669890485927096,True
sgd_with_decay_grad_projection,5,1,60,torch.float32,1.1920928955078125e-07,3.342961442244951e-06,1.2025540268617634e-05,3.563805004614497e-12,2.963530057701237e-07,1.7641154921770928e-21,1.4669740009776373e-16,1.072618558394266e-07,0.00891753763258636,1.619399025115873e-05,4.77651432578838e-06,0.2949559837759323,1.5473533247134036e-05,2.949176783963011e-21,1.905949169372321e-16,1.5474340451271065e-05,1.0567580831962049e-07,0.00682909935014001,1.0189273243173193e-05,1.0189273243173193e-05,1.619399025115873e-05,4.77651432578838e-06,0.2949559837759323,0.46877870597774396,True
sgd_with_decay_grad_projection,5,2,60,torch.float32,1.1920928955078125e-07,3.920330339574255e-06,1.0588237315619993e-05,3.392295161371078e-12,3.2038337073978233e-07,1.5519543883424885e-21,1.4657344202637884e-16,9.829738687088242e-08,0.009281439519423541,1.4538459586722104e-05,4.315278403421821e-06,0.29681813108748756,1.3883269768167478e-05,2.604863425866052e-21,1.8762607579942466e-16,1.3887037575569107e-05,9.889535158195792e-08,0.007121414559714337,9.395888657097586e-06,9.395888657097586e-06,1.4538459586722104e-05,4.315278403421821e-06,0.29681813108748756,0.4592730459999748,True
sgd_with_decay_grad_projection,5,3,49,torch.float32,1.1920928955078125e-07,5.138758647397377e-06,8.379367558617296e-06,3.787982082274342e-12,4.520606186297201e-07,1.0817134411999344e-21,1.2909249219979816e-16,8.899556353982197e-08,0.010618464932211549,1.3046046204959931e-05,4.259794999696181e-06,0.32651999945214544,1.2330996234794365e-05,2.1693926890507544e-21,1.7593004228882824e-16,1.2332680133062804e-05,9.080353838482277e-08,0.0073628390102640105,9.513339692922662e-06,9.513339692922662e-06,1.3046046204959931e-05,4.259794999696181e-06,0.32651999945214544,0.44777072376225624,True
sgd_with_decay_grad_projection,5,4,60,torch.float32,1.1920928955078125e-07,8.425881056896194e-06,1.1615519609756521e-05,7.920512100517352e-12,6.818904678069222e-07,1.7132703780959292e-21,1.4749838454555718e-16,1.1456240848164266e-07,0.009859912428979756,1.6256893482493464e-05,5.36755326841322e-06,0.3301709071412302,1.534522588989439e-05,3.231259477875171e-21,2.1057099459207826e-16,1.5346516281456207e-05,1.13325806175852e-07,0.0073844645975313615,1.0823452393154292e-05,1.0823452393154292e-05,1.6256893482493464e-05,5.36755326841322e-06,0.3301709071412302,0.4959187765086984,True
sgd_with_decay_grad_projection,5,5,53,torch.float32,1.1920928955078125e-07,5.678672305444112e-06,2.2655383699095455e-05,7.406466020131812e-12,3.2691858670341234e-07,2.959501118896552e-21,1.3063125119416414e-16,9.034466900412424e-08,0.003987612260347745,2.4596226164432146e-05,4.119359369995502e-06,0.16747932558663745,2.424881893851176e-05,3.531464920574799e-21,1.4563451232530578e-16,2.4249959227418285e-05,9.046913904125192e-08,0.003730692418606739,9.191344560229243e-06,9.191344560229243e-06,2.4596226164432146e-05,4.119359369995502e-06,0.16747932558663745,0.4481781031058159,True
sgd_with_decay_grad_projection,5,6,60,torch.float32,1.1920928955078125e-07,3.095485046437789e-06,1.1172397771516838e-05,3.1871914699142374e-12,2.852737196700725e-07,1.6275038271396644e-21,1.456718477468575e-16,9.822272838616871e-08,0.008789193158322857,1.4886286535217987e-05,4.246221794735094e-06,0.2852438574717328,1.4267835409708405e-05,2.6972237755814293e-21,1.8904225470291944e-16,1.42702753908977e-05,9.815666551781791e-08,0.006878400229082276,9.349685203286385e-06,9.349685203286385e-06,1.4886286535217987e-05,4.246221794735094e-06,0.2852438574717328,0.45415665901163826,True
sgd_with_decay_grad_projection,5,7,53,torch.float32,1.1920928955078125e-07,7.079248571757639e-06,5.857849760187549e-06,3.3831041961398914e-12,5.775334524850592e-07,7.931109217996766e-22,1.3539284110530277e-16,9.947002161518705e-08,0.01696400717743605,1.2028829027556064e-05,4.9763719655284784e-06,0.41370377400230984,1.0951184859862316e-05,2.444035086077617e-21,2.23175402237557e-16,1.0954720793972987e-05,9.921128719213996e-08,0.009056487066902109,1.0053092601491386e-05,1.0053092601491386e-05,1.2028829027556064e-05,4.9763719655284784e-06,0.41370377400230984,0.49500906465242633,True
sgd_with_decay_grad_projection,6,0,58,torch.float32,1.1920928955078125e-07,4.814231254404896e-06,1.075765058431283e-05,4.430395662602693e-12,4.1183673218232667e-07,1.5371634662326958e-21,1.4289025788533882e-16,1.0184078557345408e-07,0.00946410768668427,1.6439231479314134e-05,5.529761301602145e-06,0.33637590106084775,1.5481281328681294e-05,2.938265787615754e-21,1.8979474148384572e-16,1.548350150516422e-05,1.0182741608965133e-07,0.006576510878736879,9.873321787569195e-06,9.873321787569195e-06,1.6439231479314134e-05,5.529761301602145e-06,0.33637590106084775,0.5600710095931725,True
sgd_with_decay_grad_projection,6,1,60,torch.float32,1.1920928955078125e-07,3.342961442244951e-06,1.2349677496114736e-05,3.5149494704302053e-12,2.846187255931197e-07,1.769187080313336e-21,1.432577555867351e-16,1.0612134610767953e-07,0.008590963214483289,1.7992431621359435e-05,5.73091233619732e-06,0.3185179444780525,1.7055328769745727e-05,3.363203906717656e-21,1.9719373060011654e-16,1.7057735920659884e-05,1.0657091054024165e-07,0.006247658601113982,1.018926441026179e-05,1.018926441026179e-05,1.7992431621359435e-05,5.73091233619732e-06,0.3185179444780525,0.5624461301078434,True
sgd_with_decay_grad_projection,6,2,60,torch.float32,1.1920928955078125e-07,3.920330339574255e-06,1.0357126285302015e-05,3.0894578683633866e-12,2.982929611225936e-07,1.523284705911731e-21,1.470760000361799e-16,9.78367275295488e-08,0.009444417657451328,1.5791126779671093e-05,5.179077143945386e-06,0.3279738815480056,1.4917668883197136e-05,2.916609026139271e-21,1.9551372596991086e-16,1.491899820115398e-05,9.834681480228302e-08,0.006592052192530991,9.395880146081477e-06,9.395880146081477e-06,1.5791126779671093e-05,5.179077143945386e-06,0.3279738815480056,0.5512072380047658,True
sgd_with_decay_grad_projection,6,3,49,torch.float32,1.1920928955078125e-07,5.138758647397377e-06,9.837620202835636e-06,4.170120376654505e-12,4.2389523997404296e-07,1.2898442974912312e-21,1.3111344724606843e-16,9.052930698591038e-08,0.009199634126510916,1.5528982475077786e-05,5.113076771841937e-06,0.3292602577179691,1.4663074119587729e-05,2.588465178569171e-21,1.7652950243983005e-16,1.4664966394829133e-05,8.937060448605852e-08,0.006094156786992065,9.513332384115954e-06,9.513332384115954e-06,1.5528982475077786e-05,5.113076771841937e-06,0.3292602577179691,0.5374643253692097,True
sgd_with_decay_grad_projection,6,4,60,torch.float32,1.1920928955078125e-07,8.425881056896194e-06,9.836464993086325e-06,7.182968429461604e-12,7.302388037277861e-07,1.4223366214760955e-21,1.445983513870258e-16,1.1303334891382579e-07,0.011485508282911205,1.6838446090295722e-05,6.440812371482919e-06,0.3825063391802446,1.5557930541403888e-05,3.604931260381416e-21,2.317102040523778e-16,1.5560832448776974e-05,1.1230809156113266e-07,0.007217357550171403,1.0823441753140603e-05,1.0823441753140603e-05,1.6838446090295722e-05,6.440812371482919e-06,0.3825063391802446,0.5950798755501234,True
sgd_with_decay_grad_projection,6,5,53,torch.float32,1.1920928955078125e-07,5.678672305444112e-06,1.6360636437923226e-05,6.5378167148402775e-12,3.996065030627971e-07,2.180596706942767e-21,1.3328312228052539e-16,9.025445429463923e-08,0.005515765348813741,2.0001507875659653e-05,4.940648966786297e-06,0.24701382503259664,1.938170026305919e-05,3.1510119077754695e-21,1.6257665039744642e-16,1.9382956043029013e-05,9.080220501527651e-08,0.004684641744721548,9.191330787142112e-06,9.191330787142112e-06,2.0001507875659653e-05,4.940648966786297e-06,0.24701382503259664,0.5375335825904387,True
sgd_with_decay_grad_projection,6,6,60,torch.float32,1.1920928955078125e-07,3.095485046437789e-06,1.3240452180886034e-05,3.656519218261611e-12,2.761627147100139e-07,1.930442140034047e-21,1.4579880759819621e-16,9.789318655190982e-08,0.007392512402228049,1.772975557854529e-05,5.095494657654168e-06,0.2873979077196195,1.6981759834268522e-05,3.231767917453667e-21,1.9030818648913444e-16,1.698390191827314e-05,9.706868848910429e-08,0.005715334965792942,9.349678412963096e-06,9.349678412963096e-06,1.772975557854529e-05,5.095494657654168e-06,0.2873979077196195,0.5449914352764681,True
sgd_with_decay_grad_projection,6,7,53,torch.float32,1.1920928955078125e-07,7.079248571757639e-06,5.7399437672492716e-06,3.2688112242137935e-12,5.694848863964206e-07,7.846085091991602e-22,1.3669271703950714e-16,9.960386394811511e-08,0.01733552267452262,1.390527084059395e-05,5.971285334610894e-06,0.429426035858201,1.2557878347990686e-05,2.8943948131971822e-21,2.304843806406436e-16,1.2558819175414973e-05,9.823472800547387e-08,0.007821971686460559,1.0053084117663271e-05,1.0053084117663271e-05,1.390527084059395e-05,5.971285334610894e-06,0.429426035858201,0.5939754671026123,True
sgd_with_decay_grad_projection,7,0,58,torch.float32,1.1920928955078125e-07,4.814231254404896e-06,1.3264694580571131e-05,5.456320951986081e-12,4.1134161957848494e-07,1.907998844193698e-21,1.4384039018798934e-16,1.0151533051145077e-07,0.007651949203657176,1.9667025699096087e-05,6.450635499050718e-06,0.3279924274135257,1.8579052761303325e-05,3.477822285569961e-21,1.8719050590208838e-16,1.8581695536999507e-05,1.0135626805388055e-07,0.005454629683930724,9.87331288962658e-06,9.87331288962658e-06,1.9667025699096087e-05,6.450635499050718e-06,0.3279924274135257,0.6533405323179916,True
sgd_with_decay_grad_projection,7,1,60,torch.float32,1.1920928955078125e-07,3.342961442244951e-06,1.5691697918652554e-05,4.464873558504084e-12,2.8453731276567185e-07,2.2785854677672276e-21,1.4520961846065042e-16,1.0701495045522154e-07,0.006818631287572859,2.1849129195748813e-05,6.685415834546577e-06,0.3059808825629242,2.0801193757371644e-05,4.037947617390586e-21,1.941209559648275e-16,2.0802372858068658e-05,1.0734027113843164e-07,0.00516000130710076,1.0189255504391355e-05,1.0189255504391355e-05,2.1849129195748813e-05,6.685415834546577e-06,0.3059808825629242,0.656124074194165,True
sgd_with_decay_grad_projection,7,2,60,torch.float32,1.1920928955078125e-07,3.920330339574255e-06,1.2559000779260148e-05,4.094115053711719e-12,3.259905087730159e-07,1.8350263487762392e-21,1.4611244803859614e-16,9.799372718758478e-08,0.007800771023539978,1.8804113445105714e-05,6.041940817207217e-06,0.32130952809050395,1.780701079961965e-05,3.428538619047745e-21,1.9253869487859113e-16,1.7809025686294033e-05,9.828566889776469e-08,0.005518868388931918,9.395871536893187e-06,9.395871536893187e-06,1.8804113445105714e-05,6.041940817207217e-06,0.32130952809050395,0.6430420843328205,True
sgd_with_decay_grad_projection,7,3,49,torch.float32,1.1920928955078125e-07,5.138758647397377e-06,1.0498620815674457e-05,4.529248356333874e-12,4.3141365288397685e-07,1.3518998911996748e-21,1.2876928455034891e-16,8.956797268127641e-08,0.00852939647008989,1.7477737082106937e-05,5.9645059646753625e-06,0.3412630557752012,1.6428510647913524e-05,2.9481924988326885e-21,1.794558595125675e-16,1.643080478194162e-05,8.925965210435073e-08,0.005432457709098468,9.513322610174332e-06,9.513322610174332e-06,1.7477737082106937e-05,5.9645059646753625e-06,0.3412630557752012,0.6269634920502357,True
sgd_with_decay_grad_projection,7,4,60,torch.float32,1.1920928955078125e-07,8.425881056896194e-06,1.1336976664899597e-05,8.419441708481164e-12,7.426531744171786e-07,1.6419316921971076e-21,1.4482976729423317e-16,1.130409617536512e-07,0.009967751496836739,1.9712626686671365e-05,7.5138070462649785e-06,0.3811672166117475,1.8224443875179478e-05,4.1739444416580835e-21,2.2903000334307744e-16,1.822617623860976e-05,1.1302915558397178e-07,0.006201473863976711,1.0823431265490414e-05,1.0823431265490414e-05,1.9712626686671365e-05,7.5138070462649785e-06,0.3811672166117475,0.694216728684009,True
sgd_with_decay_grad_projection,7,5,53,torch.float32,1.1920928955078125e-07,5.678672305444112e-06,2.4720319294742908e-05,9.827301932563322e-12,3.975394417600918e-07,3.349182151963165e-21,1.354829649257676e-16,9.000041093567729e-08,0.0036406310863646746,2.815444385375716e-05,5.764971088464765e-06,0.20476238559034582,2.755789935868715e-05,4.266481607601362e-21,1.54818825341868e-16,2.7558344687865015e-05,9.095799485575666e-08,0.003300560896743879,9.191327613195248e-06,9.191327613195248e-06,2.815444385375716e-05,5.764971088464765e-06,0.20476238559034582,0.6272185402453135,True
sgd_with_decay_grad_projection,7,6,60,torch.float32,1.1920928955078125e-07,3.095485046437789e-06,1.3885633828287256e-05,3.956940298600692e-12,2.8496648748865697e-07,2.019570113964107e-21,1.4544313489312974e-16,9.687311158990981e-08,0.006975128645603562,1.949990363819101e-05,5.944923868226954e-06,0.3048693972304399,1.857159449535016e-05,3.6307248675067684e-21,1.9549882313098138e-16,1.857359751781394e-05,9.76073251578317e-08,0.00525516529924892,9.349668686070023e-06,9.349668686070023e-06,1.949990363819101e-05,5.944923868226954e-06,0.3048693972304399,0.635843265450062,True
sgd_with_decay_grad_projection,7,7,53,torch.float32,1.1920928955078125e-07,7.079248571757639e-06,7.115893936031899e-06,4.071540846393514e-12,5.72175594942041e-07,9.64665793529923e-22,1.3556494829769994e-16,9.80060477607308e-08,0.013764475162186226,1.638684851952412e-05,6.965424118629814e-06,0.42506184824561327,1.4832790406711744e-05,3.349739802796818e-21,2.258334211532499e-16,1.4836134814773077e-05,9.903808783207705e-08,0.006675464268055848,1.005307421144219e-05,1.005307421144219e-05,1.638684851952412e-05,6.965424118629814e-06,0.42506184824561327,0.6928650850604405,True
sgd_with_decay_grad_projection,8,0,58,torch.float32,1.1920928955078125e-07,4.814231254404896e-06,1.390513597284423e-05,5.6147471987523645e-12,4.037894494320356e-07,1.9922987106835382e-21,1.4327790210570557e-16,1.0091909954472393e-07,0.007257162163732298,2.180734427739318e-05,7.372422708286683e-06,0.3380706341179464,2.0523343973219665e-05,3.974487043496674e-21,1.936568937636513e-16,2.052406032458155e-05,1.0220015060464917e-07,0.00497952885483603,9.87330089841044e-06,9.87330089841044e-06,2.180734427739318e-05,7.372422708286683e-06,0.3380706341179464,0.7467029298654934,True
sgd_with_decay_grad_projection,8,1,60,torch.float32,1.1920928955078125e-07,3.342961442244951e-06,1.546769302471932e-05,4.2814849146037086e-12,2.7680177695286275e-07,2.236001792401203e-21,1.4455948853056988e-16,1.0662258463545058e-07,0.006892455211486076,2.3237964117729965e-05,7.639911182166878e-06,0.3287685247924892,2.1946178106119225e-05,4.428091890278695e-21,2.0177052554968627e-16,2.1946740051926346e-05,1.0655401516378018e-07,0.0048551181137458975,1.0189242096830518e-05,1.0189242096830518e-05,2.3237964117729965e-05,7.639911182166878e-06,0.3287685247924892,0.7498017133721222,True
sgd_with_decay_grad_projection,8,2,60,torch.float32,1.1920928955078125e-07,3.920330339574255e-06,1.595115635257996e-05,5.2455653074058736e-12,3.2885172657450936e-07,2.3407453195024988e-21,1.4674455367143526e-16,9.859971082069334e-08,0.006180412163871951,2.2612993121206826e-05,6.904123982544745e-06,0.3053166799077981,2.1533242438922144e-05,4.0623646686251026e-21,1.8865550230754966e-16,2.1534230339617355e-05,9.781168942710104e-08,0.004542149307614356,9.39586174467995e-06,9.39586174467995e-06,2.2612993121206826e-05,6.904123982544745e-06,0.3053166799077981,0.7348047651354537,True
sgd_with_decay_grad_projection,8,3,49,torch.float32,1.1920928955078125e-07,5.138758647397377e-06,1.3138198952640238e-05,5.960826797190658e-12,4.537019738152753e-07,1.7146161785792486e-21,1.3050618161288062e-16,8.893429527101292e-08,0.0067683962427357485,2.0671677351215955e-05,6.816378044120715e-06,0.3297447966272442,1.9515512672548567e-05,3.4637969266003616e-21,1.7748941494489664e-16,1.9517031484880258e-05,8.924773789183009e-08,0.004572813133030494,9.513312231177047e-06,9.513312231177047e-06,2.0671677351215955e-05,6.816378044120715e-06,0.3297447966272442,0.7165094426084394,True
sgd_with_decay_grad_projection,8,4,60,torch.float32,1.1920928955078125e-07,8.425881056896194e-06,1.7331868089241794e-05,1.1703854790180647e-11,6.752794753524256e-07,2.474610689844099e-21,1.4277807084054025e-16,1.1337989954413368e-07,0.006540773778529531,2.5229902434128224e-05,8.584610590728926e-06,0.3402554018249636,2.372451132987093e-05,5.0683849589553816e-21,2.1363495704857393e-16,2.3726428784839584e-05,1.1427600980725653e-07,0.004816401610354239,1.0823421131588836e-05,1.0823421131588836e-05,2.5229902434128224e-05,8.584610590728926e-06,0.3402554018249636,0.7931513045976007,True
sgd_with_decay_grad_projection,8,5,53,torch.float32,1.1920928955078125e-07,5.678672305444112e-06,3.106620299180353e-05,1.1260823971500872e-11,3.624782846642673e-07,4.09239290681966e-21,1.317313515237012e-16,9.009648688800338e-08,0.0028999807130828345,3.459684577343743e-05,6.5896104609841725e-06,0.1904685330026099,3.396349174398155e-05,5.0907541590075834e-21,1.4988901015778753e-16,3.396408841624453e-05,8.973566281427585e-08,0.002642074820749689,9.191320871131188e-06,9.191320871131188e-06,3.459684577343743e-05,6.5896104609841725e-06,0.1904685330026099,0.7169383544949813,True
sgd_with_decay_grad_projection,8,6,60,torch.float32,1.1920928955078125e-07,3.095485046437789e-06,1.7062338354779233e-05,4.657627772655717e-12,2.7297710758098386e-07,2.4919161490844142e-21,1.460477513263304e-16,9.727642625449378e-08,0.005700553851510968,2.3194286873021203e-05,6.79269623613457e-06,0.2928607494303091,2.2177335759545304e-05,4.254436095517031e-21,1.9183711432451426e-16,2.2179015794877893e-05,9.74316532836768e-08,0.004392965593458752,9.349659070797378e-06,9.349659070797378e-06,2.3194286873021203e-05,6.79269623613457e-06,0.2928607494303091,0.726518067097313,True
sgd_with_decay_grad_projection,8,7,53,torch.float32,1.1920928955078125e-07,7.079248571757639e-06,8.184483590151142e-06,4.657202490904519e-12,5.69028264227788e-07,1.1112816668152046e-21,1.3577908179236298e-16,9.875370174092351e-08,0.012059573013583031,1.865196540333131e-05,7.960290592751857e-06,0.426780257233917,1.6868004834182806e-05,3.864416790098927e-21,2.290974438344797e-16,1.686857868831642e-05,9.851215498800289e-08,0.005839979574345214,1.0053062077353439e-05,1.0053062077353439e-05,1.865196540333131e-05,7.960290592751857e-06,0.426780257233917,0.7918274582909447,True
sgd_with_decay_grad_projection,9,0,58,torch.float32,1.1920928955078125e-07,4.814231254404896e-06,1.8613709820772726e-05,7.703355714874315e-12,4.1385386304225297e-07,2.6686144829459754e-21,1.433682220600675e-16,1.0156336066818005e-07,0.005455908946244407,2.637822951031803e-05,8.293114465015415e-06,0.31439238413523946,2.504067180746485e-05,4.568371866717922e-21,1.8243807122443293e-16,2.504088696690703e-05,1.0127604106914149e-07,0.004044427068537293,9.873289185746911e-06,9.873289185746911e-06,2.637822951031803e-05,8.293114465015415e-06,0.31439238413523946,0.8399545793703037,True
sgd_with_decay_grad_projection,9,1,60,torch.float32,1.1920928955078125e-07,3.342961442244951e-06,1.997125790695785e-05,5.882029200781322e-12,2.945247228884898e-07,2.912242733620567e-21,1.4582169772120802e-16,1.059028942863842e-07,0.0053025336334498714,2.7869646627119332e-05,8.595022037362083e-06,0.3084008259006219,2.651118253299472e-05,5.194763620848337e-21,1.959461300673084e-16,2.6513396359851304e-05,1.0758690265231381e-07,0.004057831791600659,1.0189229913005079e-05,1.0189229913005079e-05,2.7869646627119332e-05,8.595022037362083e-06,0.3084008259006219,0.8435399054438628,True
sgd_with_decay_grad_projection,9,2,60,torch.float32,1.1920928955078125e-07,3.920330339574255e-06,1.7099877011864562e-05,5.733924933791308e-12,3.3531965930590536e-07,2.528626539009024e-21,1.47873960570284e-16,9.898999712403187e-08,0.005788352183194121,2.4773535264050105e-05,7.768553382071943e-06,0.3135827526943726,2.3523979846723065e-05,4.465244064344997e-21,1.898166931547943e-16,2.3525868107964866e-05,9.800170000383997e-08,0.004165699627069691,9.39584835670465e-06,9.39584835670465e-06,2.4773535264050105e-05,7.768553382071943e-06,0.3135827526943726,0.8268070202014799,True
sgd_with_decay_grad_projection,9,3,49,torch.float32,1.1920928955078125e-07,5.138758647397377e-06,1.3415136458341725e-05,5.949056156464255e-12,4.434584899630332e-07,1.744408411086403e-21,1.3003284882740618e-16,9.030364305963418e-08,0.006730269020828212,2.237453078243559e-05,7.667675616338794e-06,0.34269659958000354,2.1019666466829614e-05,3.81448601986321e-21,1.8147224295317503e-16,2.1021667015758742e-05,9.092616350674813e-08,0.004325354570528873,9.513298447572383e-06,9.513298447572383e-06,2.237453078243559e-05,7.667675616338794e-06,0.34269659958000354,0.8059954871168203,True
sgd_with_decay_grad_projection,9,4,60,torch.float32,1.1920928955078125e-07,8.425881056896194e-06,2.203419785994267e-05,1.5576437665506095e-11,7.069210217914701e-07,3.209090972489024e-21,1.4564137949962909e-16,1.1389910274112026e-07,0.0051686739091682775,3.0155496639566943e-05,9.659703161838406e-06,0.3203297653258987,2.856648582524813e-05,5.9022378404116066e-21,2.0661406784571967e-16,2.8568311968272797e-05,1.1386738744342887e-07,0.003985793335283055,1.0823408264062295e-05,1.0823408264062295e-05,3.0155496639566943e-05,9.659703161838406e-06,0.3203297653258987,0.8924825642872755,True
sgd_with_decay_grad_projection,9,5,53,torch.float32,1.1920928955078125e-07,5.678672305444112e-06,5.026571592852375e-05,1.7412986391496938e-11,3.4641874824299037e-07,6.7223841918673545e-21,1.3373696301126547e-16,9.046383513864876e-08,0.0017997030444829893,5.31576181254491e-05,7.414369972508822e-06,0.1394789727976771,5.263800416696889e-05,7.511844849739232e-21,1.4270763051561562e-16,5.2638884640128844e-05,8.980256779292433e-08,0.0017060119796775488,9.191324159895e-06,9.191324159895e-06,5.31576181254491e-05,7.414369972508822e-06,0.1394789727976771,0.8066704909462711,True
sgd_with_decay_grad_projection,9,6,60,torch.float32,1.1920928955078125e-07,3.095485046437789e-06,1.7314571449243953e-05,4.850231293484081e-12,2.801242472389271e-07,2.519328847624423e-21,1.4550339030969945e-16,9.765488663768433e-08,0.005639417565157718,2.4660224573136188e-05,7.641852470021394e-06,0.30988576147624003,2.344629537525999e-05,4.635232360620775e-21,1.9769572490807095e-16,2.344699824485003e-05,9.795082690455211e-08,0.004177542296957621,9.349645300159604e-06,9.349645300159604e-06,2.4660224573136188e-05,7.641852470021394e-06,0.30988576147624003,0.8173414311119314,True
sgd_with_decay_grad_projection,9,7,53,torch.float32,1.1920928955078125e-07,7.079248571757639e-06,8.738816827019717e-06,4.98911234303751e-12,5.709139397008044e-07,1.178681799226106e-21,1.3487887691865895e-16,9.855512347792607e-08,0.011272684506197669,2.0931463115221045e-05,8.956954580549347e-06,0.4279182267978192,1.8918221713095424e-05,4.301969154826692e-21,2.2739817833136063e-16,1.8921339589913716e-05,9.804018486685858e-08,0.005181461090583685,1.0053048050331006e-05,1.0053048050331006e-05,2.0931463115221045e-05,8.956954580549347e-06,0.4279182267978192,0.890969041001891,True
sgd_with_decay_grad_projection,10,0,58,torch.float32,1.1920928955078125e-07,4.814231254404896e-06,1.811629672337455e-05,7.453948464331481e-12,4.114498993999157e-07,2.5836804426495503e-21,1.4261636812981627e-16,1.023975812558757e-07,0.005651643973854929,2.758089082463252e-05,9.214296832162538e-06,0.33408264043209374,2.5996197271314467e-05,4.9179052934617316e-21,1.8917787252247081e-16,2.59974059840645e-05,1.0076446016155051e-07,0.0038759428622730896,9.873272273870125e-06,9.873272273870125e-06,2.758089082463252e-05,9.214296832162538e-06,0.33408264043209374,0.9332566323070435,True
sgd_with_decay_grad_projection,10,1,60,torch.float32,1.1920928955078125e-07,3.342961442244951e-06,2.143968418448979e-05,6.474974199713684e-12,3.0200884229432375e-07,3.1279046403586798e-21,1.458932236801164e-16,1.0663177800561938e-07,0.0049732445774544705,3.0458725188209893e-05,9.550883943764896e-06,0.31356807892478367,2.8922561366234935e-05,5.636472515423834e-21,1.9488151288025344e-16,2.8924371366012292e-05,1.0603424655707396e-07,0.0036659136067402993,1.0189213675274333e-05,1.0189213675274333e-05,3.0458725188209893e-05,9.550883943764896e-06,0.31356807892478367,0.9373524050184128,True
sgd_with_decay_grad_projection,10,2,60,torch.float32,1.1920928955078125e-07,3.920330339574255e-06,2.3449313271857923e-05,7.347871056711139e-12,3.133512257490923e-07,3.538075965192256e-21,1.5088185842263272e-16,9.821034215868973e-08,0.004187973162026777,3.069444922840562e-05,8.630764359463485e-06,0.28118322942495744,2.9456054046775936e-05,5.409926986978318e-21,1.8366095398886098e-16,2.9456458963303205e-05,9.757728092333441e-08,0.003312593718236669,9.395836920369559e-06,9.395836920369559e-06,3.069444922840562e-05,8.630764359463485e-06,0.28118322942495744,0.9185732396815608,True
sgd_with_decay_grad_projection,10,3,49,torch.float32,1.1920928955078125e-07,5.138758647397377e-06,1.6266508634077663e-05,7.277554577214875e-12,4.473949967338842e-07,2.090085198603745e-21,1.2849009247290546e-16,8.938645797647166e-08,0.005493970999578023,2.5738341510457547e-05,8.521235876928443e-06,0.3310716766061343,2.428684341034647e-05,4.311441665976185e-21,1.775216973704974e-16,2.4287809000089575e-05,8.933685414617187e-08,0.0036782590865171243,9.513284487781962e-06,9.513284487781962e-06,2.5738341510457547e-05,8.521235876928443e-06,0.3310716766061343,0.8957196526470306,True
sgd_with_decay_grad_projection,10,4,60,torch.float32,1.1920928955078125e-07,8.425881056896194e-06,1.7307167969177737e-05,1.2287641706642924e-11,7.099741406870225e-07,2.4612265432918393e-21,1.4220850850212166e-16,1.1402232565541892e-07,0.006587046551087176,2.8649928056915703e-05,1.0732212783161845e-05,0.37459824547696324,2.6563847357703725e-05,6.034945389770427e-21,2.271864202690596e-16,2.656615751408223e-05,1.1405528446889856e-07,0.004293254845321156,1.0823386721529843e-05,1.0823386721529843e-05,2.8649928056915703e-05,1.0732212783161845e-05,0.37459824547696324,0.9915762098579888,True
sgd_with_decay_grad_projection,10,5,53,torch.float32,1.1920928955078125e-07,5.678672305444112e-06,2.5371411671835884e-05,9.794707511790965e-12,3.860529180827492e-07,3.394841458399559e-21,1.338057772389675e-16,8.973276851560594e-08,0.0035366326130495894,3.19520078039482e-05,8.235562957591757e-06,0.2577479014190187,3.087241981891133e-05,5.155308281083605e-21,1.6698750248030928e-16,3.0874142766752626e-05,9.039594163223523e-08,0.002927885069235986,9.19128691482218e-06,9.19128691482218e-06,3.19520078039482e-05,8.235562957591757e-06,0.2577479014190187,0.896018482929829,True
sgd_with_decay_grad_projection,10,6,60,torch.float32,1.1920928955078125e-07,3.095485046437789e-06,2.841699825534769e-05,8.05813841389218e-12,2.8356754437903197e-07,4.172133556974276e-21,1.4681823602495754e-16,9.77629412604552e-08,0.0034399713073819064,3.4607088886217054e-05,8.491780759917971e-06,0.24537691649932417,3.3549072426879625e-05,5.9825531434592724e-21,1.7832246052400636e-16,3.355045566146542e-05,9.721028925829295e-08,0.002897435737957635,9.349638190905909e-06,9.349638190905909e-06,3.4607088886217054e-05,8.491780759917971e-06,0.24537691649932417,0.9082469916512548,True
sgd_with_decay_grad_projection,10,7,53,torch.float32,1.1920928955078125e-07,7.079248571757639e-06,1.0058063973041173e-05,6.012456114083737e-12,5.977746940364509e-07,1.388704404779239e-21,1.3806875841132635e-16,9.885714888145249e-08,0.009824858845367523,2.3333207787400166e-05,9.949197372764195e-06,0.426396467361711,2.1105735175249734e-05,4.8491868446928845e-21,2.297568317060771e-16,2.1107481756074476e-05,9.802615364722254e-08,0.004644142526334853,1.0053031998772278e-05,1.0053031998772278e-05,2.3333207787400166e-05,9.949197372764195e-06,0.426396467361711,0.9896713124935081,True
sgd_with_decay_grad_projection,11,0,58,torch.float32,1.1920928955078125e-07,4.814231254404896e-06,1.6922032101514486e-05,7.266335437756729e-12,4.294008777531162e-07,2.367741951851108e-21,1.3992066305319314e-16,1.010862844439871e-07,0.005972756431190112,2.8489871857708382e-05,1.0135574757781272e-05,0.3557606298969342,2.662598210016057e-05,5.2084814860491546e-21,1.9561650219909613e-16,2.662806228205777e-05,1.0179008697838867e-07,0.0038226621937479752,9.8732530438178e-06,9.8732530438178e-06,2.8489871857708382e-05,1.0135574757781272e-05,0.3557606298969342,1.026568924426355,True
sgd_with_decay_grad_projection,11,1,60,torch.float32,1.1920928955078125e-07,3.342961442244951e-06,2.1239654194824727e-05,6.02631942742313e-12,2.8372963948214886e-07,3.0742278720718696e-21,1.4474001525039247e-16,1.0714444272928739e-07,0.005044371386749249,3.194625087342065e-05,1.0504188837563626e-05,0.32880818720118216,3.016993473198664e-05,6.068931067480022e-21,2.0115824317795578e-16,3.0170514059830738e-05,1.0616456380028787e-07,0.0035188185255894005,1.018919423178453e-05,1.018919423178453e-05,3.194625087342065e-05,1.0504188837563626e-05,0.32880818720118216,1.030914574657581,True
sgd_with_decay_grad_projection,11,2,60,torch.float32,1.1920928955078125e-07,3.920330339574255e-06,1.9286448169321002e-05,6.518011564267178e-12,3.3795810960337393e-07,2.8203602830789367e-21,1.462353388409511e-16,9.820774185397416e-08,0.005091666443783171,2.9155577546164865e-05,9.492578793219764e-06,0.3255836307200308,2.7566984780801607e-05,5.343322556482932e-21,1.9383050409648597e-16,2.7569054208372074e-05,9.865182672166244e-08,0.003578353685114965,9.395816232136761e-06,9.395816232136761e-06,2.9155577546164865e-05,9.492578793219764e-06,0.3255836307200308,1.0102984731387192,True
sgd_with_decay_grad_projection,11,3,49,torch.float32,1.1920928955078125e-07,5.138758647397377e-06,1.618204637492221e-05,6.966097733757944e-12,4.3048311519818093e-07,2.1072603609330888e-21,1.302221185201253e-16,9.034072191087262e-08,0.005582620836512787,2.7297619679923853e-05,9.370880394570553e-06,0.34328562359825116,2.5638772217491602e-05,4.700924441924199e-21,1.8335216686846946e-16,2.564103071153369e-05,8.950647576372929e-08,0.003490751864489911,9.5132667560853e-06,9.5132667560853e-06,2.7297619679923853e-05,9.370880394570553e-06,0.34328562359825116,0.9850328635614399,True
sgd_with_decay_grad_projection,11,4,60,torch.float32,1.1920928955078125e-07,8.425881056896194e-06,1.7085841343808746e-05,1.5843598097625025e-11,9.272939961698836e-07,2.5189908726675852e-21,1.474314797837833e-16,1.1305478034474562e-07,0.006615713918311241,3.052725401105301e-05,1.1804746617446784e-05,0.3866953317574072,2.8152463386944146e-05,6.5786287686067264e-21,2.336786191029237e-16,2.8154279488362905e-05,1.1345277742341453e-07,0.004029681436895173,1.082336646387501e-05,1.082336646387501e-05,3.052725401105301e-05,1.1804746617446784e-05,0.3866953317574072,1.0906723575190134,True
sgd_with_decay_grad_projection,11,5,53,torch.float32,1.1920928955078125e-07,5.678672305444112e-06,2.5715605611460354e-05,1.0500156829380448e-11,4.0831847353814503e-07,3.440180209492559e-21,1.3377791919314952e-16,9.103543227326616e-08,0.0035397897393879144,3.3334666087020457e-05,9.05965006690748e-06,0.2717786355878646,3.207994239082008e-05,5.460263921004241e-21,1.702080338699965e-16,3.208112102689636e-05,9.031593696872586e-08,0.0028152363158695805,9.19126954503224e-06,9.19126954503224e-06,3.3334666087020457e-05,9.05965006690748e-06,0.2717786355878646,0.985679945792048,True
sgd_with_decay_grad_projection,11,6,60,torch.float32,1.1920928955078125e-07,3.095485046437789e-06,2.4463121435051325e-05,6.781007756042205e-12,2.771930709678864e-07,3.578733931968989e-21,1.462909768677939e-16,9.68720344839808e-08,0.003959625193050953,3.262005453664031e-05,9.340059904735105e-06,0.2863287642344047,3.1254299527414586e-05,5.93971652447783e-21,1.9004478149535332e-16,3.1255396883076044e-05,9.853063363396775e-08,0.003152435849801013,9.349617167453226e-06,9.349617167453226e-06,3.262005453664031e-05,9.340059904735105e-06,0.2863287642344047,0.9989777910103752,True
sgd_with_decay_grad_projection,11,7,53,torch.float32,1.1920928955078125e-07,7.079248571757639e-06,1.0145920113206443e-05,5.604720203659873e-12,5.524112294521702e-07,1.3597212686265955e-21,1.3401655576382087e-16,9.800204956382576e-08,0.009654915724380009,2.5327434118792526e-05,1.0945325528351289e-05,0.43215295623768074,2.284028826701181e-05,5.330714032999244e-21,2.3339083862169925e-16,2.2841271895076204e-05,9.914553486367792e-08,0.004340631087406753,1.0053013575745173e-05,1.0053013575745173e-05,2.5327434118792526e-05,1.0945325528351289e-05,0.43215295623768074,1.0887606433516601,True
sgd_with_decay_grad_projection,12,0,58,torch.float32,1.1920928955078125e-07,4.814231254404896e-06,2.0303942596693436e-05,8.66230292353355e-12,4.266315708036052e-07,2.9229692088370514e-21,1.4396067142710164e-16,1.0151197314369331e-07,0.004998971273296818,3.215686277576794e-05,1.1058637631480383e-05,0.3438966577241393,3.0195535387125954e-05,5.8235065506487375e-21,1.9285985414690227e-16,3.019768200840841e-05,1.0073371400955231e-07,0.0033358094830425546,9.873234590823721e-06,9.873234590823721e-06,3.215686277576794e-05,1.1058637631480383e-05,0.3438966577241393,1.1200622784511154,True
sgd_with_decay_grad_projection,12,1,60,torch.float32,1.1920928955078125e-07,3.342961442244951e-06,2.685468738051736e-05,7.683307810172035e-12,2.8610676792857213e-07,3.9284136600280795e-21,1.46284095747033e-16,1.0611757711461163e-07,0.003951284661191911,3.7303159682137134e-05,1.1459786520622984e-05,0.3072068591045004,3.5499281896578834e-05,6.862180305346136e-21,1.9330476389178632e-16,3.5500263129029107e-05,1.065358689452359e-07,0.003000988149243319,1.0189176556321485e-05,1.0189176556321485e-05,3.7303159682137134e-05,1.1459786520622984e-05,0.3072068591045004,1.1247019282940187,True
sgd_with_decay_grad_projection,12,2,60,torch.float32,1.1920928955078125e-07,3.920330339574255e-06,2.237239972346974e-05,7.384240069365492e-12,3.300602599916478e-07,3.2704223464287736e-21,1.4618111543028257e-16,9.805991819952753e-08,0.004382929182314045,3.2732788779868655e-05,1.035487005610975e-05,0.31634548848701244,3.105176528683316e-05,5.9267832029125085e-21,1.9086783466786136e-16,3.105385045649189e-05,9.864971881735826e-08,0.003176730658749446,9.395798703406751e-06,9.395798703406751e-06,3.2732788779868655e-05,1.035487005610975e-05,0.31634548848701244,1.1020744891389869,True
sgd_with_decay_grad_projection,12,3,49,torch.float32,1.1920928955078125e-07,5.138758647397377e-06,1.8714975039591615e-05,8.304393558113793e-12,4.4372987623792233e-07,2.433811081211513e-21,1.3004618366110638e-16,9.010257705915815e-08,0.0048141479322941745,3.0454581840615178e-05,1.022431756682048e-05,0.3357234592919287,2.8687015972030517e-05,5.091293519634149e-21,1.7747727838259986e-16,2.8689010867247927e-05,8.952296172123931e-08,0.00312046177316768,9.513248698006252e-06,9.513248698006252e-06,3.0454581840615178e-05,1.022431756682048e-05,0.3357234592919287,1.0747451150902059,True
sgd_with_decay_grad_projection,12,4,60,torch.float32,1.1920928955078125e-07,8.425881056896194e-06,2.3045653715067067e-05,1.6832729735474533e-11,7.30407995520189e-07,3.428226775233385e-21,1.487580616119799e-16,1.1453340710149857e-07,0.004969574840161404,3.585787661869263e-05,1.2878319619032537e-05,0.35914897460267065,3.34654478438796e-05,7.42898497165281e-21,2.2198970730378183e-16,3.3468505137706144e-05,1.1306066138614273e-07,0.0033781210400929086,1.0823347404386774e-05,1.0823347404386774e-05,3.585787661869263e-05,1.2878319619032537e-05,0.35914897460267065,1.1898647560562337,True
sgd_with_decay_grad_projection,12,5,53,torch.float32,1.1920928955078125e-07,5.678672305444112e-06,4.06095607266161e-05,1.491414333091696e-11,3.672569479714172e-07,5.293881787312718e-21,1.303604789756661e-16,9.059227450271397e-08,0.0022307600461970215,4.667532808424248e-05,9.882841680958128e-06,0.21173588031606275,4.56170548378651e-05,7.04517204549267e-21,1.544416243120703e-16,4.561780935084904e-05,9.035520297983924e-08,0.0019807001753396896,9.191262228135027e-06,9.191262228135027e-06,4.667532808424248e-05,9.882841680958128e-06,0.21173588031606275,1.0752431424169504,True
sgd_with_decay_grad_projection,12,6,60,torch.float32,1.1920928955078125e-07,3.095485046437789e-06,2.62342065136327e-05,7.417242583077602e-12,2.8273172963029036e-07,3.858586399963851e-21,1.4708226063398856e-16,9.84359415281697e-08,0.003752030020444408,3.522071391901316e-05,1.0189342155203359e-05,0.28929970524256915,3.371462583819021e-05,6.4548328493218014e-21,1.9145497506930942e-16,3.3715352173356996e-05,9.742837613919135e-08,0.002889733307195958,9.349598936022068e-06,9.349598936022068e-06,3.522071391901316e-05,1.0189342155203359e-05,0.28929970524256915,1.0898159616179828,True
sgd_with_decay_grad_projection,12,7,53,torch.float32,1.1920928955078125e-07,7.079248571757639e-06,1.2160076809003128e-05,6.96859617143145e-12,5.730717232206964e-07,1.636827028350307e-21,1.346066356372597e-16,9.935246814146958e-08,0.008167875371341811,2.7948996327360398e-05,1.19387918362545e-05,0.4271635266046079,2.5270766612775875e-05,5.7744059672615495e-21,2.2850141650796793e-16,2.5274437652564013e-05,9.811231978513492e-08,0.0038818794362050517,1.0052993763821536e-05,1.0052993763821536e-05,2.7948996327360398e-05,1.19387918362545e-05,0.4271635266046079,1.1875857199095783,True
sgd_with_decay_grad_projection,13,0,58,torch.float32,1.1920928955078125e-07,4.814231254404896e-06,2.5017469473376225e-05,1.0645855993045706e-11,4.2553688351154396e-07,3.558951634262292e-21,1.4225865801695395e-16,1.0174245878316373e-07,0.004066571965892626,3.689404488121325e-05,1.1978687585161477e-05,0.3246780780944169,3.489529468902758e-05,6.498885696109561e-21,1.862395991787701e-16,3.4895314921559666e-05,1.0215899535601297e-07,0.0029275848515955137,9.873215292453876e-06,9.873215292453876e-06,3.689404488121325e-05,1.1978687585161477e-05,0.3246780780944169,1.2132509248853125,True
sgd_with_decay_grad_projection,13,1,60,torch.float32,1.1920928955078125e-07,3.342961442244951e-06,3.185590090495106e-05,9.616383786120266e-12,3.0187134919878165e-07,4.55869655462764e-21,1.4310367703081766e-16,1.0748501196197112e-07,0.0033739160493411946,4.238639605333812e-05,1.2413482726328494e-05,0.29286478403843624,4.052791651434331e-05,7.680680875107128e-21,1.8951580874849178e-16,4.053059739069521e-05,1.0583554486694535e-07,0.002611250553421216,1.0189156660673065e-05,1.0189156660673065e-05,4.238639605333812e-05,1.2413482726328494e-05,0.29286478403843624,1.2183032550908386,True
sgd_with_decay_grad_projection,13,2,60,torch.float32,1.1920928955078125e-07,3.920330339574255e-06,2.4435507881282104e-05,7.862841008273673e-12,3.21779315841301e-07,3.602682510363076e-21,1.4743636710424017e-16,9.836539006827731e-08,0.00402530217871723,3.561153953875388e-05,1.1219097170388398e-05,0.315041060164763,3.379813022937236e-05,6.5233460868515714e-21,1.9300908193975887e-16,3.3798583215527925e-05,9.83326309277004e-08,0.002909371386979437,9.395778535176428e-06,9.395778535176428e-06,3.561153953875388e-05,1.1219097170388398e-05,0.315041060164763,1.194057217119979,True
sgd_with_decay_grad_projection,13,3,49,torch.float32,1.1920928955078125e-07,5.138758647397377e-06,2.0506121591900607e-05,8.560015759768118e-12,4.1743709171943584e-07,2.6501539329427173e-21,1.2923720953599006e-16,8.962623518890806e-08,0.004370510102965287,3.3129421771068626e-05,1.1075381638133657e-05,0.33430651807528994,3.1223300729664176e-05,5.587734130350173e-21,1.789603917513263e-16,3.1224235306561e-05,8.986097589532764e-08,0.0028779239911904454,9.513228205869844e-06,9.513228205869844e-06,3.3129421771068626e-05,1.1075381638133657e-05,0.33430651807528994,1.1642085523923345,True
sgd_with_decay_grad_projection,13,4,60,torch.float32,1.1920928955078125e-07,8.425881056896194e-06,2.170015771833981e-05,1.589778665431587e-11,7.326115717988498e-07,3.1306108793757006e-21,1.4426673391091145e-16,1.1387286642252144e-07,0.005246611194479421,3.681575558144573e-05,1.3950462248603903e-05,0.3789264142017122,3.4070287085421364e-05,7.813659000906693e-21,2.2933939421514735e-16,3.4070818586472516e-05,1.1381287470071537e-07,0.003340479607552008,1.0823321782598835e-05,1.0823321782598835e-05,3.681575558144573e-05,1.3950462248603903e-05,0.3789264142017122,1.2889261290404135,True
sgd_with_decay_grad_projection,13,5,53,torch.float32,1.1920928955078125e-07,5.678672305444112e-06,5.013471755405967e-05,1.8105163542344835e-11,3.611302591427238e-07,6.670264596493822e-21,1.3304681709439752e-16,9.030752551353489e-08,0.0018012567191551085,5.6025834310153603e-05,1.0708118851189005e-05,0.19112823544777385,5.499300228954222e-05,8.320742830164954e-21,1.5130548403878057e-16,5.4992354948504275e-05,9.030235998432783e-08,0.0016420893425802261,9.191249229010765e-06,9.191249229010765e-06,5.6025834310153603e-05,1.0708118851189005e-05,0.19112823544777385,1.1650341084637847,True
sgd_with_decay_grad_projection,13,6,60,torch.float32,1.1920928955078125e-07,3.095485046437789e-06,2.563210100075094e-05,6.991404716728715e-12,2.7275972096567066e-07,3.742281844021384e-21,1.4599980875199756e-16,9.755914600202243e-08,0.0038058936209585184,3.625957948982021e-05,1.1038198638543822e-05,0.30442158441585815,3.453860558266126e-05,6.7567030653043224e-21,1.9562755795492386e-16,3.454093550269336e-05,9.769186801117038e-08,0.0028282924764314148,9.349577311413704e-06,9.349577311413704e-06,3.625957948982021e-05,1.1038198638543822e-05,0.30442158441585815,1.1806093763264245,True
sgd_with_decay_grad_projection,13,7,53,torch.float32,1.1920928955078125e-07,7.079248571757639e-06,1.3882251205741408e-05,8.05544891547621e-12,5.802696404272418e-07,1.8751816584159854e-21,1.3507763478885655e-16,9.869788879524936e-08,0.007108558237394668,3.075801942129525e-05,1.2934268401338574e-05,0.42051694630193126,2.7906279931995783e-05,6.308146522908518e-21,2.2604756127583844e-16,2.790665697054206e-05,9.8740572537873e-08,0.003538244392443795,1.00529722783976e-05,1.00529722783976e-05,3.075801942129525e-05,1.2934268401338574e-05,0.42051694630193126,1.286611366583838,True
sgd_with_decay_grad_projection,14,0,58,torch.float32,1.1920928955078125e-07,4.814231254404896e-06,2.7233148658651898e-05,1.0865621749764156e-11,3.989851443899117e-07,3.9273082207125824e-21,1.44210582108551e-16,1.0144600804832552e-07,0.0037249458034229626,3.987101866518925e-05,1.290080389269708e-05,0.3235634384220177,3.7726216194074407e-05,7.041976146831504e-21,1.8666001675348442e-16,3.772839658216426e-05,1.0180820050484236e-07,0.0026984502318598723,9.87319213226002e-06,9.87319213226002e-06,3.987101866518925e-05,1.290080389269708e-05,0.3235634384220177,1.306649735959714,True
sgd_with_decay_grad_projection,14,1,60,torch.float32,1.1920928955078125e-07,3.342961442244951e-06,3.584952628119767e-05,1.0051068897365457e-11,2.803682486213781e-07,5.238694512164041e-21,1.4613009028551186e-16,1.067695920977838e-07,0.0029781443502123668,4.705814595539312e-05,1.3371100888340125e-05,0.28413998505199767,4.511854121969051e-05,8.456121764574292e-21,1.8742010570332657e-16,4.512062321757006e-05,1.0608918427007104e-07,0.0023512349055666345,1.0189134374024549e-05,1.0189134374024549e-05,4.705814595539312e-05,1.3371100888340125e-05,0.28413998505199767,1.3122901708340853,True
sgd_with_decay_grad_projection,14,2,60,torch.float32,1.1920928955078125e-07,3.920330339574255e-06,2.8156077299481733e-05,9.259689725487293e-12,3.288700207417649e-07,4.076979210012405e-21,1.4479926186620005e-16,9.818496771531577e-08,0.0034872194004762188,3.949981299082133e-05,1.2083527657744e-05,0.3059135409211148,3.7606164197567305e-05,7.034763452383003e-21,1.8706410511386515e-16,3.760575623057874e-05,9.849805068597446e-08,0.0026192280267424,9.395757461682357e-06,9.395757461682357e-06,3.949981299082133e-05,1.2083527657744e-05,0.3059135409211148,1.2860621090979487,True
sgd_with_decay_grad_projection,14,3,49,torch.float32,1.1920928955078125e-07,5.138758647397377e-06,2.2866189872072073e-05,9.247243472192279e-12,4.0440683489147985e-07,2.988778262501157e-21,1.3070731412721216e-16,8.988261387105713e-08,0.003930562670346004,3.637760089563257e-05,1.192757892534988e-05,0.3278825054893019,3.436659290505064e-05,6.078267938242383e-21,1.7686559604659264e-16,3.4370479372360456e-05,8.980484023828399e-08,0.0026128480567687955,9.513206389969841e-06,9.513206389969841e-06,3.637760089563257e-05,1.192757892534988e-05,0.3278825054893019,1.2537916698544047,True
sgd_with_decay_grad_projection,14,4,60,torch.float32,1.1920928955078125e-07,8.425881056896194e-06,2.7373226679539177e-05,2.1118267415446963e-11,7.714935350033965e-07,3.9707490672482045e-21,1.450595910279523e-16,1.1320937555937433e-07,0.004135372343779717,4.2338247259279905e-05,1.502204884776492e-05,0.35481036226581897,3.958364851050604e-05,8.756194947303316e-21,2.2120737417571052e-16,3.9582926421981157e-05,1.1379676918701773e-07,0.002874895301420266,1.0823298677830401e-05,1.0823298677830401e-05,4.2338247259279905e-05,1.502204884776492e-05,0.35481036226581897,1.387936274782374,True
sgd_with_decay_grad_projection,14,5,53,torch.float32,1.1920928955078125e-07,5.678672305444112e-06,5.4299159357665555e-05,1.9564053556217714e-11,3.603012235852562e-07,7.080011584699394e-21,1.3038897228710688e-16,9.07205168796203e-08,0.0016706997094890162,6.045817061431584e-05,1.1531431769103054e-05,0.1907340505333209,5.93482642996764e-05,8.887894271938355e-21,1.49758284876864e-16,5.9346954706679744e-05,9.079829615383739e-08,0.0015299571242131092,9.191229533450178e-06,9.191229533450178e-06,6.045817061431584e-05,1.1531431769103054e-05,0.1907340505333209,1.2546125332999292,True
sgd_with_decay_grad_projection,14,6,60,torch.float32,1.1920928955078125e-07,3.095485046437789e-06,3.207499682572423e-05,8.783963971526217e-12,2.7385704881758413e-07,4.659442747610698e-21,1.4526713043581623e-16,9.854485310447537e-08,0.003072192262008463,4.2202797222726555e-05,1.1887377090132428e-05,0.28167272959174794,4.049402868744441e-05,7.717595973953373e-21,1.9058602525133028e-16,4.049570513704667e-05,9.777518838417271e-08,0.0024144582259594998,9.349558532981695e-06,9.349558532981695e-06,4.2202797222726555e-05,1.1887377090132428e-05,0.28167272959174794,1.2714372607218054,True
sgd_with_decay_grad_projection,14,7,53,torch.float32,1.1920928955078125e-07,7.079248571757639e-06,1.3576908524611215e-05,7.873572738549142e-12,5.799238261255507e-07,1.848188938354909e-21,1.3612737649406413e-16,9.864264045544094e-08,0.007264301017307904,3.245461844925351e-05,1.3930202018175226e-05,0.42922094554760154,2.9312995930464922e-05,6.7708176623045994e-21,2.3098347498720544e-16,2.9312941629095128e-05,9.98530301250329e-08,0.003406448639256384,1.005294744615496e-05,1.005294744615496e-05,3.245461844925351e-05,1.3930202018175226e-05,0.42922094554760154,1.3856833622962221,True
sgd_with_decay_grad_projection,15,0,58,torch.float32,1.1920928955078125e-07,4.814231254404896e-06,2.4864667673688026e-05,1.0186757414062624e-11,4.0968805808099843e-07,3.541031014501899e-21,1.424121593327926e-16,1.0243323894934839e-07,0.004119410370246882,3.9895969512307225e-05,1.3821523210889944e-05,0.34643908594892625,3.7425310679509105e-05,7.209373840536812e-21,1.9263364043318544e-16,3.7424681485348465e-05,1.0173103925143585e-07,0.0027182873765074778,9.87316407359338e-06,9.87316407359338e-06,3.9895969512307225e-05,1.3821523210889944e-05,0.34643908594892625,1.3999081862578164,True
sgd_with_decay_grad_projection,15,1,60,torch.float32,1.1920928955078125e-07,3.342961442244951e-06,3.164892949301395e-05,9.319717146364875e-12,2.9447179717159376e-07,4.568410242190077e-21,1.4434643810618258e-16,1.064510806509204e-07,0.003363371560467171,4.5216043014806305e-05,1.432259329984049e-05,0.31675910462024415,4.288768899211262e-05,8.458209869441444e-21,1.972176647474984e-16,4.288845475846175e-05,1.0585579536509557e-07,0.0024681652897324442,1.0189103169936726e-05,1.0189103169936726e-05,4.5216043014806305e-05,1.432259329984049e-05,0.31675910462024415,1.4056775224437572,True
sgd_with_decay_grad_projection,15,2,60,torch.float32,1.1920928955078125e-07,3.920330339574255e-06,2.7455311905692044e-05,9.463204860315977e-12,3.446766473759878e-07,4.076474139796235e-21,1.4847670111339513e-16,9.892715293071514e-08,0.003603013575263665,4.0348553706390275e-05,1.2945128825582811e-05,0.3208325363972737,3.821556523049902e-05,7.454183546967615e-21,1.9505621602107276e-16,3.821706214684213e-05,9.805213946011996e-08,0.002565663971850384,9.395731623564297e-06,9.395731623564297e-06,4.0348553706390275e-05,1.2945128825582811e-05,0.3208325363972737,1.377766984437561,True
sgd_with_decay_grad_projection,15,3,49,torch.float32,1.1920928955078125e-07,5.138758647397377e-06,2.3649936805620128e-05,1.0400710151840119e-11,4.3977750288823234e-07,3.083533001104385e-21,1.3038229346862009e-16,8.953831612886357e-08,0.003785828782792545,3.815642689744575e-05,1.2780181177126712e-05,0.33494177039890066,3.5952466989901234e-05,6.381558045210672e-21,1.7749986522491492e-16,3.595376478531336e-05,9.006097648595513e-08,0.0025049108771703333,9.51318091893933e-06,9.51318091893933e-06,3.815642689744575e-05,1.2780181177126712e-05,0.33494177039890066,1.3434182831195052,True
sgd_with_decay_grad_projection,15,4,60,torch.float32,1.1920928955078125e-07,8.425881056896194e-06,2.5917949436875246e-05,1.9708942509845907e-11,7.604360274661483e-07,3.753745593509119e-21,1.4483188967756428e-16,1.1318413033164848e-07,0.004366864704778282,4.301917375683529e-05,1.6097013756339904e-05,0.3741823087381416,3.989405292583081e-05,9.032855002771165e-21,2.26421091373309e-16,3.989551337220652e-05,1.1362687258475699e-07,0.002848111553915131,1.0823268168625697e-05,1.0823268168625697e-05,4.301917375683529e-05,1.6097013756339904e-05,0.3741823087381416,1.4872599944443443,True
sgd_with_decay_grad_projection,15,5,53,torch.float32,1.1920928955078125e-07,5.678672305444112e-06,3.976143960837328e-05,1.6672676528166692e-11,4.193177282407961e-07,5.367757314294957e-21,1.3499906862439266e-16,9.043968630250688e-08,0.002274538756869671,4.9139804693481484e-05,1.2354096598840435e-05,0.251407116407999,4.7561504418384666e-05,7.913808031227335e-21,1.6639103678495694e-16,4.7562056362713294e-05,9.058859119217023e-08,0.0019046399192947424,9.191192934396036e-06,9.191192934396036e-06,4.9139804693481484e-05,1.2354096598840435e-05,0.251407116407999,1.3441233022764565,True
sgd_with_decay_grad_projection,15,6,60,torch.float32,1.1920928955078125e-07,3.095485046437789e-06,3.3039251834787216e-05,9.159736036292186e-12,2.7723799806652544e-07,4.8191208800248444e-21,1.4586047238972132e-16,9.82073166275015e-08,0.0029723698327681213,4.4340060639733603e-05,1.2736715308842486e-05,0.28725074176892257,4.247136753951715e-05,8.06176113252449e-21,1.8981637746944427e-16,4.247256476296712e-05,9.823105569624253e-08,0.0023128119586009227,9.349534263047663e-06,9.349534263047663e-06,4.4340060639733603e-05,1.2736715308842486e-05,0.28725074176892257,1.3622833983487328,True
sgd_with_decay_grad_projection,15,7,53,torch.float32,1.1920928955078125e-07,7.079248571757639e-06,1.65323950807344e-05,9.408507869930154e-12,5.690952716762809e-07,2.255119431868061e-21,1.364060936637288e-16,9.92092914095077e-08,0.00599967985691647,3.5686536595385316e-05,1.4924360241674254e-05,0.41820702330649107,3.241592765216674e-05,7.36597936718812e-21,2.2723333560672494e-16,3.2416789777382323e-05,9.903201954999714e-08,0.0030549607234425557,1.0052922293412711e-05,1.0052922293412711e-05,3.5686536595385316e-05,1.4924360241674254e-05,0.41820702330649107,1.4845792900889732,True
sgd_with_decay_grad_projection,16,0,58,torch.float32,1.1920928955078125e-07,4.814231254404896e-06,2.8399346296652094e-05,1.1577105567973993e-11,4.076539455184143e-07,4.05706505096478e-21,1.4285769146184154e-16,1.0101481065409436e-07,0.0035568475019338167,4.384042054269172e-05,1.4742317796890443e-05,0.3362722714426154,4.128736537169153e-05,7.913672158112783e-21,1.9167297517944197e-16,4.1289490035861394e-05,1.0250234332400493e-07,0.002482528683085647,9.873138003178413e-06,9.873138003178413e-06,4.384042054269172e-05,1.4742317796890443e-05,0.3362722714426154,1.4931744894221592,True
sgd_with_decay_grad_projection,16,1,60,torch.float32,1.1920928955078125e-07,3.342961442244951e-06,3.3778642985760746e-05,9.848174903668779e-12,2.9155034167063014e-07,4.80429758797711e-21,1.4222885123012628e-16,1.066296828953231e-07,0.0031566701657900955,4.8330902177855676e-05,1.527833151648124e-05,0.3161193114140023,4.585246657921415e-05,8.982653605371576e-21,1.9590338918525257e-16,4.5852835913297675e-05,1.0729107645398367e-07,0.002339900560498777,1.018907520045656e-05,1.018907520045656e-05,4.8330902177855676e-05,1.527833151648124e-05,0.3161193114140023,1.4994816718789785,True
sgd_with_decay_grad_projection,16,2,60,torch.float32,1.1920928955078125e-07,3.920330339574255e-06,3.0849035369673664e-05,9.859241390339552e-12,3.195964240759288e-07,4.532142250428321e-21,1.4691358080142445e-16,9.784760698000945e-08,0.0031717700982968173,4.441723279171047e-05,1.3806521238930074e-05,0.31083704164269255,4.2216946125365015e-05,8.049363612998845e-21,1.9066664815346704e-16,4.2217745087939215e-05,9.863628294421093e-08,0.0023363702333876993,9.395707243317954e-06,9.395707243317954e-06,4.441723279171047e-05,1.3806521238930074e-05,0.31083704164269255,1.4694499180728524,True
sgd_with_decay_grad_projection,16,3,49,torch.float32,1.1920928955078125e-07,5.138758647397377e-06,2.43316580553053e-05,9.903675132370918e-12,4.0702837060508135e-07,3.168874129762166e-21,1.302366703723869e-16,8.986003429888729e-08,0.0036929092380952253,4.019196354520911e-05,1.363165701884352e-05,0.3391637485814852,3.780967945566363e-05,6.802731566524972e-21,1.799203713033851e-16,3.78099963358615e-05,9.023029849403026e-08,0.0023864138386189126,9.513154135569448e-06,9.513154135569448e-06,4.019196354520911e-05,1.363165701884352e-05,0.3391637485814852,1.4329271684850655,True
sgd_with_decay_grad_projection,16,4,60,torch.float32,1.1920928955078125e-07,8.425881056896194e-06,3.28222519971709e-05,2.164942274328976e-11,6.595958968676441e-07,4.7465055678078955e-21,1.4461242842867852e-16,1.1360271261219595e-07,0.0034609500438170125,4.92550963441443e-05,1.717071737416611e-05,0.34860793397285583,4.616525729081825e-05,1.0002852426242392e-20,2.1667489825150063e-16,4.6166270693694366e-05,1.1332961391769803e-07,0.00245481413626891,1.0823241404637645e-05,1.0823241404637645e-05,4.92550963441443e-05,1.717071737416611e-05,0.34860793397285583,1.5864671896543523,True
sgd_with_decay_grad_projection,16,5,53,torch.float32,1.1920928955078125e-07,5.678672305444112e-06,6.180895621568237e-05,2.118568057063862e-11,3.4276069145563924e-07,7.976848612793283e-21,1.2905651706782648e-16,9.027355400431471e-08,0.001460532333551874,6.878351684300291e-05,1.317777736529852e-05,0.1915833613942211,6.750939470179163e-05,1.0238382252083974e-20,1.5165862910354696e-16,6.751003352084186e-05,9.001764018235829e-08,0.001333396466979502,9.19118442085026e-06,9.19118442085026e-06,6.878351684300291e-05,1.317777736529852e-05,0.1915833613942211,1.4337409371750445,True
sgd_with_decay_grad_projection,16,6,60,torch.float32,1.1920928955078125e-07,3.095485046437789e-06,3.178049719271285e-05,8.594181640283673e-12,2.7042313366495373e-07,4.610511943758179e-21,1.4507362536843891e-16,9.754315233533023e-08,0.003069159487241721,4.4773867465517034e-05,1.3586407091447171e-05,0.3034450196179916,4.266273256795864e-05,8.320268580174846e-21,1.9502427714683445e-16,4.266369196677314e-05,9.761706418422979e-08,0.002288059464245495,9.34950624458876e-06,9.34950624458876e-06,4.4773867465517034e-05,1.3586407091447171e-05,0.3034450196179916,1.4531684065466681,True
sgd_with_decay_grad_projection,16,7,53,torch.float32,1.1920928955078125e-07,7.079248571757639e-06,1.618515510776904e-05,8.779827012433917e-12,5.424617159349625e-07,2.1771313271801254e-21,1.3451408483168631e-16,9.8899707136189e-08,0.006109852665795535,3.7539880281742025e-05,1.5918693539651675e-05,0.42404753079071283,3.399761473336292e-05,7.752785022190144e-21,2.28039086947535e-16,3.399959914752895e-05,9.894051837714887e-08,0.002910049555226587,1.00528936416475e-05,1.00528936416475e-05,3.7539880281742025e-05,1.5918693539651675e-05,0.42404753079071283,1.583493679243071,True
sgd_with_decay_grad_projection,17,0,58,torch.float32,1.1920928955078125e-07,4.814231254404896e-06,2.6839335676625044e-05,1.1583699631934022e-11,4.315941263040469e-07,3.8478699838975674e-21,1.4336681169232958e-16,1.0182833605335751e-07,0.0037937812564515228,4.4450985758748835e-05,1.566402569210221e-05,0.35238871365230007,4.1599620599732085e-05,8.075873506890451e-21,1.9413334521955863e-16,4.1598727453407215e-05,1.0206345518041598e-07,0.0024535234952735626,9.873106449786852e-06,9.873106449786852e-06,4.4450985758748835e-05,1.566402569210221e-05,0.35238871365230007,1.5865346709029333,True
sgd_with_decay_grad_projection,17,1,60,torch.float32,1.1920928955078125e-07,3.342961442244951e-06,3.9069096572628e-05,1.1608340522962292e-11,2.9712334149787204e-07,5.65700247754221e-21,1.4479481159812085e-16,1.0634103188726191e-07,0.002721731493551551,5.3923494680483485e-05,1.623299696493007e-05,0.30103755442996677,5.142210699779523e-05,9.860774077952807e-21,1.9176137761868835e-16,5.142275882691693e-05,1.0628911104162383e-07,0.0020669663290408184,1.0189047545822773e-05,1.0189047545822773e-05,5.3923494680483485e-05,1.623299696493007e-05,0.30103755442996677,1.5931810006701903,True
sgd_with_decay_grad_projection,17,2,60,torch.float32,1.1920928955078125e-07,3.920330339574255e-06,3.245045418599986e-05,1.0456385562566456e-11,3.2222616985982486e-07,4.796820789311026e-21,1.4781983518063584e-16,9.850105622319664e-08,0.0030352406765568347,4.7004490608918114e-05,1.4670496567577466e-05,0.31210840448495464,4.465645158165357e-05,8.556463707780062e-21,1.9160643993700916e-16,4.465610822444434e-05,9.836216668446899e-08,0.002202658731255637,9.39567909169584e-06,9.39567909169584e-06,4.7004490608918114e-05,1.4670496567577466e-05,0.31210840448495464,1.5614088587320587,True
sgd_with_decay_grad_projection,17,3,49,torch.float32,1.1920928955078125e-07,5.138758647397377e-06,2.40629416790198e-05,1.099621926178613e-11,4.5697734751082436e-07,3.1598277206421093e-21,1.3131510530973263e-16,8.999708330766377e-08,0.003739757443843072,4.186218785224928e-05,1.4482756995057163e-05,0.3459627348234499,3.927712466053402e-05,7.17178387454964e-21,1.8259442198313226e-16,3.927819703997122e-05,9.005676675899056e-08,0.0022927927844382683,9.513125026862524e-06,9.513125026862524e-06,4.186218785224928e-05,1.4482756995057163e-05,0.3459627348234499,1.5223974197923107,True
sgd_with_decay_grad_projection,17,4,60,torch.float32,1.1920928955078125e-07,8.425881056896194e-06,4.0885790066883483e-05,2.6377926288535563e-11,6.451612221601914e-07,5.972710838610068e-21,1.460828035569518e-16,1.1387383938362825e-07,0.0027850709934976407,5.661533530764111e-05,1.824276430204115e-05,0.3222230196626427,5.359568772407727e-05,1.1195006691927977e-20,2.0887887006063632e-16,5.359761041205916e-05,1.1374719733215543e-07,0.0021222438175445774,1.0823213464523718e-05,1.0823213464523718e-05,5.661533530764111e-05,1.824276430204115e-05,0.3222230196626427,1.6855219904732734,True
sgd_with_decay_grad_projection,17,5,53,torch.float32,1.1920928955078125e-07,5.678672305444112e-06,8.033011041103642e-05,2.809789999080102e-11,3.4978042289533187e-07,1.0527962483023917e-20,1.3105873288552262e-16,9.078854561611444e-08,0.0011301763369790316,8.65263405593593e-05,1.3999597246326874e-05,0.16179578560499494,8.538629215239917e-05,1.228328033555349e-20,1.4385541315730215e-16,8.538645587363436e-05,9.036765203337332e-08,0.001058337075930529,9.191172682814966e-06,9.191172682814966e-06,8.65263405593593e-05,1.3999597246326874e-05,0.16179578560499494,1.5231568081081073,True
sgd_with_decay_grad_projection,17,6,60,torch.float32,1.1920928955078125e-07,3.095485046437789e-06,3.6803465988664607e-05,1.0184173346115095e-11,2.767177784084738e-07,5.3632265851901015e-21,1.4572612771966015e-16,9.838770291902717e-08,0.002673224955184298,4.959083433569201e-05,1.4435083384873799e-05,0.2910836967807262,4.7443431766492086e-05,9.102621002033127e-21,1.9186261750276764e-16,4.7444114894856983e-05,9.755127118192566e-08,0.0020561300679359995,9.349480727094836e-06,9.349480727094836e-06,4.959083433569201e-05,1.4435083384873799e-05,0.2910836967807262,1.543944931940537,True
sgd_with_decay_grad_projection,17,7,53,torch.float32,1.1920928955078125e-07,7.079248571757639e-06,1.632945158493791e-05,9.441068938092848e-12,5.781620337330359e-07,2.2175536188124363e-21,1.3580086307725432e-16,9.849390620780485e-08,0.0060307946928609526,3.943700373220355e-05,1.6913121787897047e-05,0.42886426927221394,3.56261641881581e-05,8.146785095002077e-21,2.2867421404042186e-16,3.562795796600761e-05,9.928145902383969e-08,0.002786616598081862,1.005286289321368e-05,1.005286289321368e-05,3.943700373220355e-05,1.6913121787897047e-05,0.42886426927221394,1.6824184282185404,True
sgd_with_decay_grad_projection,18,0,58,torch.float32,1.1920928955078125e-07,4.814231254404896e-06,2.8206884830911073e-05,1.2122877938922153e-11,4.2978435979704706e-07,4.0225264661549865e-21,1.426079657597351e-16,1.0257459385475686e-07,0.003636415247154359,4.6820136832860136e-05,1.6586025932548555e-05,0.3542498389476696,4.378388923808131e-05,8.480025078156313e-21,1.93679118637564e-16,4.378397426795617e-05,1.0119973696486889e-07,0.0023113419614567317,9.873074740831783e-06,9.873074740831783e-06,4.6820136832860136e-05,1.6586025932548555e-05,0.3542498389476696,1.679925085946551,True
sgd_with_decay_grad_projection,18,1,60,torch.float32,1.1920928955078125e-07,3.342961442244951e-06,3.789256687579384e-05,1.0781899838389795e-11,2.8453865038310147e-07,5.476200737153653e-21,1.4451912838483706e-16,1.0645736003211702e-07,0.00280946157093048,5.42834825914703e-05,1.7188049447669756e-05,0.31663498042350285,5.149045968374062e-05,1.0135278007722506e-20,1.9683797872410468e-16,5.149176932734793e-05,1.0739485103982632e-07,0.002085670242890402,1.0189012157629665e-05,1.0189012157629665e-05,5.42834825914703e-05,1.7188049447669756e-05,0.31663498042350285,1.6869201039081223,True
sgd_with_decay_grad_projection,18,2,60,torch.float32,1.1920928955078125e-07,3.920330339574255e-06,3.350206151965854e-05,1.0625114595801123e-11,3.171480832475475e-07,4.939825466871071e-21,1.4744840295791049e-16,9.799811077920042e-08,0.00292500666702144,4.903961199210287e-05,1.5533773661474883e-05,0.316759717918983,4.651435714024294e-05,8.986220240946089e-21,1.9319239893721888e-16,4.651408149907843e-05,9.88473320166159e-08,0.0021251055343009264,9.395648430563625e-06,9.395648430563625e-06,4.903961199210287e-05,1.5533773661474883e-05,0.316759717918983,1.6532944773608398,True
sgd_with_decay_grad_projection,18,3,49,torch.float32,1.1920928955078125e-07,5.138758647397377e-06,2.6818592485962744e-05,1.1885282344125886e-11,4.43173233283843e-07,3.483507610478276e-21,1.298915150861082e-16,8.89965046910318e-08,0.003318176490129226,4.4783195433721426e-05,1.5335886520098814e-05,0.3424473481977349,4.207547002586589e-05,7.622764248369108e-21,1.8116884359659e-16,4.2078638003868614e-05,8.975456384980313e-08,0.002133019700912166,9.513095026145791e-06,9.513095026145791e-06,4.4783195433721426e-05,1.5335886520098814e-05,0.3424473481977349,1.6120817124132223,True
sgd_with_decay_grad_projection,18,4,60,torch.float32,1.1920928955078125e-07,8.425881056896194e-06,4.465985513064309e-05,3.121582977187672e-11,6.98968451208839e-07,6.242529881913221e-21,1.3977944764159057e-16,1.1408322161073009e-07,0.0025543837245889287,6.076357213294887e-05,1.931631559400638e-05,0.31789302234804206,5.761155830411833e-05,1.1759603007324506e-20,2.041188149302998e-16,5.7609271441680965e-05,1.1273625673635978e-07,0.0019569116899956804,1.0823179944657061e-05,1.0823179944657061e-05,6.076357213294887e-05,1.931631559400638e-05,0.31789302234804206,1.7847172173776906,True
sgd_with_decay_grad_projection,18,5,53,torch.float32,1.1920928955078125e-07,5.678672305444112e-06,7.943658825997697e-05,2.8399549861967782e-11,3.575122054464731e-07,1.0418955733766e-20,1.3116066490252467e-16,8.999463509783356e-08,0.0011329174433453468,8.646682476694254e-05,1.4823866783275877e-05,0.1714399346018688,8.51866465995043e-05,1.2412612137516982e-20,1.4571077314351298e-16,8.518610487276365e-05,9.066133948498714e-08,0.0010642737993526229,9.191141824886356e-06,9.191141824886356e-06,8.646682476694254e-05,1.4823866783275877e-05,0.1714399346018688,1.612842785554467,True
sgd_with_decay_grad_projection,18,6,60,torch.float32,1.1920928955078125e-07,3.095485046437789e-06,3.657786730851635e-05,1.056808307878509e-11,2.889201546292597e-07,5.3343212229148624e-21,1.4583467040116648e-16,9.793598444104253e-08,0.00267739263323452,5.098024079667287e-05,1.528276728862187e-05,0.29977824839186074,4.8635603992225474e-05,9.396300487902696e-21,1.9319798083323318e-16,4.863664314675025e-05,9.798077669384324e-08,0.0020145464479982313,9.349450166870962e-06,9.349450166870962e-06,5.098024079667287e-05,1.528276728862187e-05,0.29977824839186074,1.6346166903777026,True
sgd_with_decay_grad_projection,18,7,53,torch.float32,1.1920928955078125e-07,7.079248571757639e-06,1.842038013568541e-05,1.0629500490352795e-11,5.770510929772014e-07,2.500547687470065e-21,1.357489730967182e-16,9.918711513477223e-08,0.00538402025074741,4.211569876287476e-05,1.7909017738198183e-05,0.4252337789533505,3.811822616463301e-05,8.691939257471377e-21,2.2802580634079877e-16,3.811710314146686e-05,9.997403567099463e-08,0.002622813053236326,1.005283103596398e-05,1.005283103596398e-05,4.211569876287476e-05,1.7909017738198183e-05,0.4252337789533505,1.781489977711623,True
sgd_with_decay_grad_projection,19,0,58,torch.float32,1.1920928955078125e-07,4.814231254404896e-06,3.4714924851570294e-05,1.4028947276316805e-11,4.0411861285311754e-07,4.9402139078591214e-21,1.4230806861839019e-16,1.0227659737827272e-07,0.0029460105013163593,5.2754149103972336e-05,1.7506770783975106e-05,0.33185580814641297,4.9764578008875964e-05,9.42751106790396e-21,1.8944219854978932e-16,4.9765611543883854e-05,1.0157852759122809e-07,0.0020411389399214966,9.873044807749826e-06,9.873044807749826e-06,5.2754149103972336e-05,1.7506770783975106e-05,0.33185580814641297,1.7731886287230463,True
sgd_with_decay_grad_projection,19,1,60,torch.float32,1.1920928955078125e-07,3.342961442244951e-06,4.273115989156838e-05,1.2551507312838256e-11,2.937319591765842e-07,6.155657609841738e-21,1.4405547674020955e-16,1.067566771921938e-07,0.0024983046312234505,5.928505429401522e-05,1.814361737471747e-05,0.30604032653385044,5.6440471394241406e-05,1.0970804516710215e-20,1.9437832898450174e-16,5.64409852646325e-05,1.0658736839449242e-07,0.0018884746234450135,1.018897980776728e-05,1.018897980776728e-05,5.928505429401522e-05,1.814361737471747e-05,0.30604032653385044,1.7807099157156243,True
sgd_with_decay_grad_projection,19,2,60,torch.float32,1.1920928955078125e-07,3.920330339574255e-06,3.559218235464798e-05,1.1466945983239629e-11,3.2217597305443573e-07,5.2045577664929695e-21,1.4622755397895902e-16,9.784228220646876e-08,0.002748975844511858,5.170084436309099e-05,1.639689420410263e-05,0.3171494470950711,4.9031817917715665e-05,9.393249908511103e-21,1.9157457967956013e-16,4.903226716194965e-05,9.726638223715458e-08,0.001983721901251099,9.395616677734896e-06,9.395616677734896e-06,5.170084436309099e-05,1.639689420410263e-05,0.3171494470950711,1.7451642363144608,True
sgd_with_decay_grad_projection,19,3,49,torch.float32,1.1920928955078125e-07,5.138758647397377e-06,2.6461279806494245e-05,1.144842918340944e-11,4.3264835514870734e-07,3.475456456443075e-21,1.313412080541334e-16,8.993120460721805e-08,0.0033984575942541616,4.6040412121843074e-05,1.6187287135614082e-05,0.35158866720774434,4.3100942954166766e-05,7.868404938158617e-21,1.8255760544556584e-16,4.310064953595994e-05,8.947465722158754e-08,0.002075946840358789,9.513061801262137e-06,9.513061801262137e-06,4.6040412121843074e-05,1.6187287135614082e-05,0.35158866720774434,1.7015854068630616,True
sgd_with_decay_grad_projection,19,4,60,torch.float32,1.1920928955078125e-07,8.425881056896194e-06,3.675368293355551e-05,2.6381001097213497e-11,7.17778437195149e-07,5.2323686359824206e-21,1.4236311080560314e-16,1.1385399539351857e-07,0.0030976010144497398,5.692352099846656e-05,2.038892425034644e-05,0.35818101011171966,5.3146768582638196e-05,1.1768915393924745e-20,2.2144178673111979e-16,5.314801697727135e-05,1.1297763020703105e-07,0.002125716755440673,1.0823136392669758e-05,1.0823136392669758e-05,5.692352099846656e-05,2.038892425034644e-05,0.35818101011171966,1.88382771043663,True
sgd_with_decay_grad_projection,19,5,53,torch.float32,1.1920928955078125e-07,5.678672305444112e-06,8.449943959200007e-05,2.946335040866221e-11,3.486810155300916e-07,1.091286042952659e-20,1.291471337824165e-16,8.995562032425054e-08,0.0010645659203845574,9.184444595718725e-05,1.564820693987324e-05,0.17037728059427307,9.050157939367462e-05,1.3165093466961292e-20,1.4546810735417324e-16,9.0502396333893e-05,8.970161120606105e-08,0.000991151779839314,9.191114320102058e-06,9.191114320102058e-06,9.184444595718725e-05,1.564820693987324e-05,0.17037728059427307,1.7025364275633865,True
sgd_with_decay_grad_projection,19,6,60,torch.float32,1.1920928955078125e-07,3.095485046437789e-06,4.284585038221902e-05,1.1920709421150044e-11,2.7822319582428276e-07,6.261041756085264e-21,1.4612947812289967e-16,9.802003170452887e-08,0.0022876481492133415,5.703298296090697e-05,1.6132979048708303e-05,0.28287103726919893,5.470363911508122e-05,1.0339311507760067e-20,1.890059176137996e-16,5.4704600210103254e-05,9.842433369416691e-08,0.0017991966546899135,9.349422087508684e-06,9.349422087508684e-06,5.703298296090697e-05,1.6132979048708303e-05,0.28287103726919893,1.725558959442296,True
sgd_with_decay_grad_projection,19,7,53,torch.float32,1.1920928955078125e-07,7.079248571757639e-06,2.1418091944204106e-05,1.2138400529066988e-11,5.667358493318883e-07,2.907447779254132e-21,1.3574728256974244e-16,9.8904524757969e-08,0.004617333424943017,4.552293155290147e-05,1.8904940842378862e-05,0.41528390631894463,4.141184020200392e-05,9.275739551456908e-21,2.239876205986146e-16,4.14119010961827e-05,9.782397501288813e-08,0.002362218889340133,1.0052798058842067e-05,1.0052798058842067e-05,4.552293155290147e-05,1.8904940842378862e-05,0.41528390631894463,1.8805650657381683,True
sgd_with_decay_grad_projection,20,0,58,torch.float32,1.1920928955078125e-07,4.814231254404896e-06,3.590246958420459e-05,1.4851658991873074e-11,4.136667801372391e-07,5.114249325616923e-21,1.4244839936769672e-16,1.0068294821334207e-07,0.0028043081152259344,5.499536667143999e-05,1.8427813532707364e-05,0.3350793830105916,5.181607900767772e-05,9.831509176445361e-21,1.8973857854023655e-16,5.181675753470641e-05,1.0095798015681481e-07,0.001948365450871642,9.873008881671894e-06,9.873008881671894e-06,5.499536667143999e-05,1.8427813532707364e-05,0.3350793830105916,1.8664840428652385,True
sgd_with_decay_grad_projection,20,1,60,torch.float32,1.1920928955078125e-07,3.342961442244951e-06,4.445170851118357e-05,1.2741211162485815e-11,2.866304038523123e-07,6.4397015872567234e-21,1.4486960800700896e-16,1.0650434584483922e-07,0.002395861290975051,6.205413687584799e-05,1.909868496419367e-05,0.3077745646902559,5.904198621358329e-05,1.1418171965980232e-20,1.9339071562862412e-16,5.904322297528307e-05,1.0648599713989237e-07,0.0018035261588695793,1.0188943095939184e-05,1.0188943095939184e-05,6.205413687584799e-05,1.909868496419367e-05,0.3077745646902559,1.8744520196413184,True
sgd_with_decay_grad_projection,20,2,60,torch.float32,1.1920928955078125e-07,3.920330339574255e-06,3.889521374679849e-05,1.2863415995815476e-11,3.3071976617879567e-07,5.7762936814603596e-21,1.485091126909189e-16,9.791981960350989e-08,0.0025174408574957586,5.5802485301644376e-05,1.725908116285471e-05,0.3092887542474049,5.3066387508989445e-05,1.0102570095130673e-20,1.9037606608174143e-16,5.306747295588567e-05,9.826613087874545e-08,0.0018517205626209648,9.395584764150177e-06,9.395584764150177e-06,5.5802485301644376e-05,1.725908116285471e-05,0.3092887542474049,1.8369352835502601,True
sgd_with_decay_grad_projection,20,3,49,torch.float32,1.1920928955078125e-07,5.138758647397377e-06,3.1497999022763285e-05,1.3628983055058442e-11,4.326936147660972e-07,4.0950736766746984e-21,1.3001059761655379e-16,9.07306404926511e-08,0.0028804681499963332,5.1062628125054546e-05,1.70393973771942e-05,0.33369605135607183,4.813575519361547e-05,8.520177452165333e-21,1.7700309090186277e-16,4.813674861198592e-05,8.946035170463593e-08,0.0018584626981299802,9.513030671380949e-06,9.513030671380949e-06,5.1062628125054546e-05,1.70393973771942e-05,0.33369605135607183,1.791163927228324,True
sgd_with_decay_grad_projection,20,4,60,torch.float32,1.1920928955078125e-07,8.425881056896194e-06,4.123245780054375e-05,3.0471386475814604e-11,7.390145555527074e-07,5.915300404150897e-21,1.4346223144802456e-16,1.1333406297081265e-07,0.0027485179963880626,6.162660130292097e-05,2.1461149706946252e-05,0.3482449016043505,5.776899723385564e-05,1.2571617789167647e-20,2.176187642357071e-16,5.7770820252686686e-05,1.1432330737985003e-07,0.001978910925616178,1.0823099346589438e-05,1.0823099346589438e-05,6.162660130292097e-05,2.1461149706946252e-05,0.3482449016043505,1.982902403432993,True
sgd_with_decay_grad_projection,20,5,53,torch.float32,1.1920928955078125e-07,5.678672305444112e-06,8.370171665518481e-05,3.067600804654076e-11,3.664919821526811e-07,1.0959158527738673e-20,1.3093110829359026e-16,9.048141328153488e-08,0.0010810072461237194,9.199804188898307e-05,1.6472340189377e-05,0.1790509868596409,9.051133476030788e-05,1.344641366324987e-20,1.4856054988978634e-16,9.051089457240775e-05,9.056743175815825e-08,0.0010006246450885012,9.191080001554825e-06,9.191080001554825e-06,9.199804188898307e-05,1.6472340189377e-05,0.1790509868596409,1.792209423331146,True
sgd_with_decay_grad_projection,20,6,60,torch.float32,1.1920928955078125e-07,3.095485046437789e-06,4.33073710704657e-05,1.2250666307095507e-11,2.8287716396274366e-07,6.2984874451716466e-21,1.454368457259525e-16,9.761677450587745e-08,0.002254000472829555,5.857623654811236e-05,1.6983359821075262e-05,0.28993600172871736,5.606015498844344e-05,1.0700165914524032e-20,1.9086936018514085e-16,5.605981036494912e-05,9.785161998717896e-08,0.0017454861040407618,9.349387481956262e-06,9.349387481956262e-06,5.857623654811236e-05,1.6983359821075262e-05,0.28993600172871736,1.8165211201110334,True
sgd_with_decay_grad_projection,20,7,53,torch.float32,1.1920928955078125e-07,7.079248571757639e-06,1.9555609961491247e-05,1.093014381679325e-11,5.589262538124253e-07,2.6281618673381563e-21,1.3439426704224122e-16,9.910147759701432e-08,0.005067361542052859,4.6539860304125806e-05,1.989921047892285e-05,0.42757348966857045,4.207113047498334e-05,9.606798193105477e-21,2.2834656650878314e-16,4.206954776161955e-05,9.959063314121941e-08,0.0023672855649776417,1.0052760379449158e-05,1.0052760379449158e-05,4.6539860304125806e-05,1.989921047892285e-05,0.42757348966857045,1.979477250805935,True
sgd_with_decay_grad_projection,21,0,58,torch.float32,1.1920928955078125e-07,4.814231254404896e-06,3.746156872440691e-05,1.4949995140045046e-11,3.990755232389626e-07,5.365411839834181e-21,1.432244303303546e-16,1.0130958513124626e-07,0.0027041234008205596,5.7662512251839895e-05,1.9349203098592625e-05,0.3355594881833341,5.431918315515246e-05,1.0335810987274229e-20,1.902792050048312e-16,5.431847855887817e-05,1.0171402686511678e-07,0.0018725492606510416,9.87297153953965e-06,9.87297153953965e-06,5.7662512251839895e-05,1.9349203098592625e-05,0.3355594881833341,1.9598155450061012,True
sgd_with_decay_grad_projection,21,1,60,torch.float32,1.1920928955078125e-07,3.342961442244951e-06,4.562342450809104e-05,1.2643609992739809e-11,2.7712978867900503e-07,6.5953159104232385e-21,1.4455986111375423e-16,1.074321925729089e-07,0.0023546948310790602,6.435946231784374e-05,2.0051614662912814e-05,0.311556590760291,6.115613738008647e-05,1.1948324069807534e-20,1.953740798825879e-16,6.115629109190097e-05,1.061591347696261e-07,0.0017358661369784234,1.0188903815824774e-05,1.0188903815824774e-05,6.435946231784374e-05,2.0051614662912814e-05,0.311556590760291,1.9679854698176549,True
sgd_with_decay_grad_projection,21,2,60,torch.float32,1.1920928955078125e-07,3.920330339574255e-06,4.241688044902935e-05,1.3900532108106168e-11,3.277122683458505e-07,6.320232786861619e-21,1.4900277248009142e-16,9.888670249650153e-08,0.002331273812351426,5.9412893868944046e-05,1.812280971576942e-05,0.30503159391201556,5.658140795251053e-05,1.0728647261567545e-20,1.8961435654927905e-16,5.658233046684186e-05,9.770003474612428e-08,0.0017266880656917807,9.395549951979661e-06,9.395549951979661e-06,5.9412893868944046e-05,1.812280971576942e-05,0.30503159391201556,1.9288716262905832,True
sgd_with_decay_grad_projection,21,3,49,torch.float32,1.1920928955078125e-07,5.138758647397377e-06,3.471033403982597e-05,1.4983001299461622e-11,4.316582284189606e-07,4.5227709207831214e-21,1.303004147293484e-16,9.04485039106462e-08,0.002605733788031209,5.443092026512954e-05,1.7892465693527622e-05,0.3287187798107135,5.1406076997907814e-05,9.04474697516299e-21,1.7594703784790082e-16,5.1408750422957545e-05,8.95849697671011e-08,0.0017426015810548714,9.512995461372958e-06,9.512995461372958e-06,5.443092026512954e-05,1.7892465693527622e-05,0.3287187798107135,1.8808445527151867,True
sgd_with_decay_grad_projection,21,4,60,torch.float32,1.1920928955078125e-07,8.425881056896194e-06,3.5105606204741126e-05,2.5834231828964378e-11,7.359004621169419e-07,5.117180682805272e-21,1.4576534166544504e-16,1.1300197449670085e-07,0.0032187481142591195,5.94139588438734e-05,2.2533576810836717e-05,0.3792640189159911,5.497505272040769e-05,1.26964678137546e-20,2.3094962506587014e-16,5.497539127680283e-05,1.1393934786179009e-07,0.0020725518312021077,1.0823053002078271e-05,1.0823053002078271e-05,5.94139588438734e-05,2.2533576810836717e-05,0.3792640189159911,2.081998194641545,True
sgd_with_decay_grad_projection,21,5,53,torch.float32,1.1920928955078125e-07,5.678672305444112e-06,6.470848580626504e-05,2.335951443244983e-11,3.6099615284442613e-07,8.700600990233452e-21,1.344584235255221e-16,8.925674737575391e-08,0.0013793563552316841,7.629356449087719e-05,1.7294597908547313e-05,0.22668488520568883,7.430750208360733e-05,1.1845299712612988e-20,1.5940920338413758e-16,7.430852143601857e-05,9.049287981897751e-08,0.0012177994941925208,9.19102813477906e-06,9.19102813477906e-06,7.629356449087719e-05,1.7294597908547313e-05,0.22668488520568883,1.8816826208054092,True
sgd_with_decay_grad_projection,21,6,60,torch.float32,1.1920928955078125e-07,3.095485046437789e-06,4.9308731913123204e-05,1.3601678155281302e-11,2.758472511368986e-07,7.191834976069183e-21,1.4585317239025154e-16,9.778622359090804e-08,0.001983092718486471,6.447555261973813e-05,1.7831069621656072e-05,0.2765555144105486,6.196087347486538e-05,1.1592516196927339e-20,1.8709413774855643e-16,6.196031164143996e-05,9.772968583818669e-08,0.0015772949368579943,9.34935549520146e-06,9.34935549520146e-06,6.447555261973813e-05,1.7831069621656072e-05,0.2765555144105486,1.9071977347323925,True
sgd_with_decay_grad_projection,21,7,53,torch.float32,1.1920928955078125e-07,7.079248571757639e-06,2.184445672643183e-05,1.2539885979712075e-11,5.740534606447224e-07,2.9337468152610486e-21,1.3430166069141435e-16,9.883087089205482e-08,0.004523976086897562,4.9384990375138324e-05,2.0892800758250614e-05,0.42305973129780317,4.474782844818894e-05,1.0168744495354407e-20,2.2724554124739795e-16,4.4748473045062844e-05,9.91859035848619e-08,0.002216520404729323,1.0052722657364694e-05,1.0052722657364694e-05,4.9384990375138324e-05,2.0892800758250614e-05,0.42305973129780317,2.078322606756131,True
sgd_with_decay_grad_projection,22,0,58,torch.float32,1.1920928955078125e-07,4.814231254404896e-06,4.087373902354987e-05,1.6507987041272775e-11,4.0387758584458133e-07,5.8883496997404316e-21,1.4406192925849707e-16,1.0112073451105612e-07,0.0024740205588854023,6.124147773147494e-05,2.0272416926556445e-05,0.3310242939506582,5.778881991086691e-05,1.0866814951832945e-20,1.880435518253158e-16,5.778880349659192e-05,1.0156344875210598e-07,0.0017574935386591912,9.872933043040531e-06,9.872933043040531e-06,6.124147773147494e-05,2.0272416926556445e-05,0.3310242939506582,2.0533327672921424,True
sgd_with_decay_grad_projection,22,1,60,torch.float32,1.1920928955078125e-07,3.342961442244951e-06,5.151721529099744e-05,1.4814457327950067e-11,2.875632396718243e-07,7.459082377024348e-21,1.4478815158955457e-16,1.063066833844163e-07,0.002063533579572946,7.011600951754031e-05,2.1006432206241583e-05,0.29959537558945915,6.689532567099424e-05,1.282504387635433e-20,1.917180871415543e-16,6.689584935941233e-05,1.0701658987615221e-07,0.0015997493252710281,1.0188865996159372e-05,1.0188865996159372e-05,7.011600951754031e-05,2.1006432206241583e-05,0.29959537558945915,2.061704630737103,True
sgd_with_decay_grad_projection,22,2,60,torch.float32,1.1920928955078125e-07,3.920330339574255e-06,4.287008051013606e-05,1.3764861101032626e-11,3.210831642310097e-07,6.342667345149205e-21,1.4795090817825482e-16,9.833065978484665e-08,0.0022936460315459537,6.141237041351072e-05,1.898565011349746e-05,0.3091502572797714,5.84039752891368e-05,1.1136291976062433e-20,1.9067695171314468e-16,5.840431415153066e-05,9.847110306811738e-08,0.001686024474367304,9.39551201499646e-06,9.39551201499646e-06,6.141237041351072e-05,1.898565011349746e-05,0.3091502572797714,2.020714792679089,True
sgd_with_decay_grad_projection,22,3,49,torch.float32,1.1920928955078125e-07,5.138758647397377e-06,3.4943709261934666e-05,1.4498456180965778e-11,4.149089059861033e-07,4.587534383498358e-21,1.3128355519189558e-16,9.022982066830458e-08,0.002582096291781117,5.609875052842835e-05,1.8744460059055547e-05,0.33413328964531375,5.287452153868923e-05,9.47519323929257e-21,1.792014937167687e-16,5.287651831483905e-05,8.916488905845301e-08,0.0016862851772415231,9.512956877098768e-06,9.512956877098768e-06,5.609875052842835e-05,1.8744460059055547e-05,0.33413328964531375,1.9704136475358622,True
sgd_with_decay_grad_projection,22,4,60,torch.float32,1.1920928955078125e-07,8.425881056896194e-06,4.062311691469848e-05,3.3461711006462955e-11,8.23711067684116e-07,6.0220253203309736e-21,1.482413408350282e-16,1.126526659766137e-07,0.0027730271653162945,6.45755270588956e-05,2.360755676660181e-05,0.3655805510510309,6.010559007651311e-05,1.365604031566388e-20,2.2720083603338784e-16,6.010594880602894e-05,1.135779081999152e-07,0.0018896284054420044,1.0823012182240703e-05,1.0823012182240703e-05,6.45755270588956e-05,2.360755676660181e-05,0.3655805510510309,2.1812371980269085,True
sgd_with_decay_grad_projection,22,5,53,torch.float32,1.1920928955078125e-07,5.678672305444112e-06,7.32140848798062e-05,2.5547843223334216e-11,3.4894710854168975e-07,9.822965765457865e-21,1.3416770532042558e-16,9.126797863370558e-08,0.0012465842251967864,8.459272685782274e-05,1.8116855383911503e-05,0.21416563878311887,8.262995212536821e-05,1.2709793628480191e-20,1.5381581740718641e-16,8.262948046306782e-05,9.100624453436228e-08,0.0011013774263658664,9.190997527507866e-06,9.190997527507866e-06,8.459272685782274e-05,1.8116855383911503e-05,0.21416563878311887,1.971152242146656,True
sgd_with_decay_grad_projection,22,6,60,torch.float32,1.1920928955078125e-07,3.095485046437789e-06,4.7780702048611445e-05,1.3550795343053479e-11,2.836039397091127e-07,6.95185146707028e-21,1.4549496279895261e-16,9.762007481017531e-08,0.002043055364006459,6.421008686680433e-05,1.8678240924511464e-05,0.29089262818250194,6.143336692228794e-05,1.1806466570976823e-20,1.9218329000121028e-16,6.143357249603613e-05,9.806957746100925e-08,0.0015963515302213132,9.34931537219427e-06,9.34931537219427e-06,6.421008686680433e-05,1.8678240924511464e-05,0.29089262818250194,1.9978191109118304,True
sgd_with_decay_grad_projection,22,7,53,torch.float32,1.1920928955078125e-07,7.079248571757639e-06,2.207712982920773e-05,1.2330916202393203e-11,5.585380118605623e-07,3.0267292093089193e-21,1.3709794854334154e-16,9.944031997936203e-08,0.004504028725740083,5.132323885739038e-05,2.18892256511486e-05,0.42649735555410345,4.642129519095567e-05,1.0629980672780123e-20,2.2898931684377425e-16,4.642223562164475e-05,9.924532759292222e-08,0.0021378834143577583,1.0052682015077351e-05,1.0052682015077351e-05,5.132323885739038e-05,2.18892256511486e-05,0.42649735555410345,2.1774513128256126,True
sgd_with_decay_grad_projection,23,0,58,torch.float32,1.1920928955078125e-07,4.814231254404896e-06,4.846200027278483e-05,2.021473060951981e-11,4.1712538681305625e-07,6.94091735230111e-21,1.432239138548224e-16,1.0105325988266169e-07,0.002085161151805731,6.809733217280618e-05,2.1191978132281125e-05,0.3112012975560278,6.471589226684913e-05,1.1898966718573918e-20,1.8386467839321117e-16,6.471715508089109e-05,1.0151739638752197e-07,0.0015686319378630537,9.872896157769169e-06,9.872896157769169e-06,6.809733217280618e-05,2.1191978132281125e-05,0.3112012975560278,2.1464804038888583,True
sgd_with_decay_grad_projection,23,1,60,torch.float32,1.1920928955078125e-07,3.342961442244951e-06,6.40377103756864e-05,1.749389428935487e-11,2.7318113322172876e-07,9.339072223986172e-21,1.4583707270602767e-16,1.0637868092181923e-07,0.0016611875085777072,8.12802108938158e-05,2.1963687196652857e-05,0.2702218283531048,7.825643186135412e-05,1.4398089641426e-20,1.8398602260495218e-16,7.825826350417782e-05,1.0675626158469031e-07,0.001364153212765718,1.0188831469651475e-05,1.0188831469651475e-05,8.12802108938158e-05,2.1963687196652857e-05,0.2702218283531048,2.1556630180874077,True
sgd_with_decay_grad_projection,23,2,60,torch.float32,1.1920928955078125e-07,3.920330339574255e-06,4.1956270480977516e-05,1.3853402142774148e-11,3.301866916187205e-07,6.2027489361505036e-21,1.478384247466203e-16,9.9358567770052e-08,0.0023680850992666112,6.195640969294298e-05,1.9849154030862845e-05,0.32037289005666386,5.869078110145476e-05,1.1390872802736248e-20,1.940828284947447e-16,5.8691706764562955e-05,9.858584833132057e-08,0.0016797236571563636,9.395470349602993e-06,9.395470349602993e-06,6.195640969294298e-05,1.9849154030862845e-05,0.32037289005666386,2.1126301603092785,True
sgd_with_decay_grad_projection,23,3,49,torch.float32,1.1920928955078125e-07,5.138758647397377e-06,3.540783629186217e-05,1.5983177757885917e-11,4.514022722580016e-07,4.627622306217449e-21,1.3069486280022968e-16,8.999544295264403e-08,0.0025416375982550143,5.804755972941888e-05,1.959458377641449e-05,0.3375608529928232,5.464038320847985e-05,9.777113837813904e-21,1.7893567474644935e-16,5.464114449212675e-05,8.898622994986097e-08,0.0016285572122795309,9.512916708923834e-06,9.512916708923834e-06,5.804755972941888e-05,1.959458377641449e-05,0.3375608529928232,2.059787168958737,True
sgd_with_decay_grad_projection,23,4,60,torch.float32,1.1920928955078125e-07,8.425881056896194e-06,7.206101135889096e-05,4.29897875278284e-11,5.965748567380365e-07,1.0417398399785172e-20,1.445635885944545e-16,1.1424786193908778e-07,0.0015854212401790904,8.933098843109152e-05,2.468110265773589e-05,0.27628825216430347,8.585376325866042e-05,1.653169239839793e-20,1.9255640953782313e-16,8.585571088543001e-05,1.1408280677632098e-07,0.0013287736552383635,1.0822988866148184e-05,1.0822988866148184e-05,8.933098843109152e-05,2.468110265773589e-05,0.27628825216430347,2.2804331560325903,True
sgd_with_decay_grad_projection,23,5,53,torch.float32,1.1920928955078125e-07,5.678672305444112e-06,0.00020536342457282361,7.162777381363866e-11,3.4878544688583943e-07,2.72138160720456e-20,1.3251539863368906e-16,9.007418815467036e-08,0.0004386080692233314,0.00020976399812670143,1.894138696552227e-05,0.09029855997539345,0.000208907057731234,2.83352422139295e-20,1.356356387460291e-16,0.00020890607479342172,8.953964017313737e-08,0.0004286119504264263,9.191077545435541e-06,9.191077545435541e-06,0.00020976399812670143,1.894138696552227e-05,0.09029855997539345,2.0608450828411202,True
sgd_with_decay_grad_projection,23,6,60,torch.float32,1.1920928955078125e-07,3.095485046437789e-06,4.794944021610852e-05,1.2687244395270943e-11,2.6459629847792653e-07,7.05524854497128e-21,1.4713933078620864e-16,9.709307202908991e-08,0.0020249054612834078,6.59544251050568e-05,1.9529323627410737e-05,0.29610331067707846,6.299675951661645e-05,1.2226634779655363e-20,1.9408355085995151e-16,6.29961723950349e-05,9.862955395164217e-08,0.0015656435970928253,9.349275955603569e-06,9.349275955603569e-06,6.59544251050568e-05,1.9529323627410737e-05,0.29610331067707846,2.088859471059432,True
sgd_with_decay_grad_projection,23,7,53,torch.float32,1.1920928955078125e-07,7.079248571757639e-06,2.751226256617975e-05,1.539459229390219e-11,5.59553844649129e-07,3.764493744077501e-21,1.3682966768082914e-16,9.900798266156924e-08,0.00359855065851348,5.583110239972592e-05,2.288220025128168e-05,0.4098468285196176,5.0926583498492484e-05,1.1211571072461846e-20,2.201516438422328e-16,5.0927014346818434e-05,9.893910689202348e-08,0.0019427627588422432,1.0052642126445997e-05,1.0052642126445997e-05,5.583110239972592e-05,2.288220025128168e-05,0.4098468285196176,2.2762374272813624,True
sgd_with_decay_grad_projection,24,0,58,torch.float32,1.1920928955078125e-07,4.814231254404896e-06,4.258774344644963e-05,1.7940337446332036e-11,4.212558824322412e-07,6.049381792474252e-21,1.4204513559356244e-16,1.0073553941587878e-07,0.0023653540689824574,6.578093337216796e-05,2.2111125782918232e-05,0.3361327462141711,6.195344471395897e-05,1.1711598375260159e-20,1.8903869557750956e-16,6.195375384216383e-05,1.0103143568574466e-07,0.00163075567532416,9.87284789882796e-06,9.87284789882796e-06,6.578093337216796e-05,2.2111125782918232e-05,0.3361327462141711,2.2395894284508446,True
sgd_with_decay_grad_projection,24,1,60,torch.float32,1.1920928955078125e-07,3.342961442244951e-06,5.054130082561615e-05,1.4242637784551809e-11,2.8180196298653887e-07,7.259486480412133e-21,1.4363473756759842e-16,1.0668497013306791e-07,0.0021108131591723277,7.224106896399002e-05,2.2918270490411112e-05,0.3172471119140717,6.850930537371047e-05,1.3610708723354875e-20,1.9866948948190335e-16,6.851102150336558e-05,1.063696573395742e-07,0.0015525919042726406,1.0188774429003658e-05,1.0188774429003658e-05,7.224106896399002e-05,2.2918270490411112e-05,0.3172471119140717,2.2493647935880596,True
sgd_with_decay_grad_projection,24,2,60,torch.float32,1.1920928955078125e-07,3.920330339574255e-06,4.5669230781557384e-05,1.4912379727119156e-11,3.265301270005455e-07,6.7369332717170685e-21,1.4751580345071206e-16,9.884368041109047e-08,0.0021642981877466124,6.598499593039693e-05,2.0709853712614336e-05,0.31385701280424033,6.265079127302874e-05,1.2108690907909387e-20,1.9327275301504766e-16,6.265243184076444e-05,9.84934019619392e-08,0.0015720603186204665,9.395430650783274e-06,9.395430650783274e-06,6.598499593039693e-05,2.0709853712614336e-05,0.31385701280424033,2.2042474137029373,True
sgd_with_decay_grad_projection,24,3,49,torch.float32,1.1920928955078125e-07,5.138758647397377e-06,3.465653884728563e-05,1.555650520112573e-11,4.4887648099181573e-07,4.578380452607192e-21,1.3210726185850037e-16,8.911485040190317e-08,0.0025712836133458808,5.9014974544167046e-05,2.0448566209905708e-05,0.3464979247699568,5.5359040457795036e-05,1.0064699802446028e-20,1.8180769968582124e-16,5.536030403034476e-05,9.01029600994795e-08,0.0016275734333050479,9.512873528436948e-06,9.512873528436948e-06,5.9014974544167046e-05,2.0448566209905708e-05,0.3464979247699568,2.149567756659285,True
sgd_with_decay_grad_projection,24,4,60,torch.float32,1.1920928955078125e-07,8.425881056896194e-06,3.699701330293814e-05,3.0070678406884214e-11,8.127866474155667e-07,5.29670451391368e-21,1.4316573261049663e-16,1.1447164648159032e-07,0.003094075333467337,6.625088990758036e-05,2.5755070663024822e-05,0.388750561674764,6.103979643387527e-05,1.4299876140432167e-20,2.342713602579474e-16,6.104154970576933e-05,1.132098388632779e-07,0.0018546357261401227,1.0822914849832877e-05,1.0822914849832877e-05,6.625088990758036e-05,2.5755070663024822e-05,0.388750561674764,2.37967969076487,True
sgd_with_decay_grad_projection,24,5,53,torch.float32,1.1920928955078125e-07,5.678672305444112e-06,6.031727340641609e-05,2.21224613840626e-11,3.667682594835161e-07,7.978820858876203e-21,1.3228086099177044e-16,9.034649183546577e-08,0.001497824069955597,7.602689541313217e-05,1.9765171493876186e-05,0.2599760438259608,7.341271566954189e-05,1.2235909424898616e-20,1.6667288920324134e-16,7.34130447475226e-05,9.043106683780209e-08,0.001231811964056344,9.190907536075185e-06,9.190907536075185e-06,7.602689541313217e-05,1.9765171493876186e-05,0.2599760438259608,2.150513582722491,True
sgd_with_decay_grad_projection,24,6,60,torch.float32,1.1920928955078125e-07,3.095485046437789e-06,5.556291073537297e-05,1.5050259262496636e-11,2.70868805527051e-07,8.144865057791182e-21,1.4658816375878275e-16,9.762353127093557e-08,0.0017569608549148023,7.297659483687405e-05,2.0376626710713472e-05,0.27922139634305665,7.007407850180772e-05,1.3210828206075396e-20,1.885266062504781e-16,7.007452803369027e-05,9.776928086803954e-08,0.0013952185424785774,9.349239517547504e-06,9.349239517547504e-06,7.297659483687405e-05,2.0376626710713472e-05,0.27922139634305665,2.1794956341067917,True
sgd_with_decay_grad_projection,24,7,53,torch.float32,1.1920928955078125e-07,7.079248571757639e-06,2.3168098599878553e-05,1.3670047454977953e-11,5.900375206038536e-07,3.1378972515506086e-21,1.3544043064317778e-16,9.916624474915466e-08,0.0042799322514286585,5.5564993944780544e-05,2.3876230019562984e-05,0.42969913833322354,5.017364041143933e-05,1.1594105745142098e-20,2.310796196980497e-16,5.0172634603071935e-05,9.83213797129803e-08,0.001959661486601709,1.0052595077387365e-05,1.0052595077387365e-05,5.5564993944780544e-05,2.3876230019562984e-05,0.42969913833322354,2.375130982175036,True
sgd_with_decay_grad_projection,25,0,58,torch.float32,1.1920928955078125e-07,4.814231254404896e-06,4.311434149211944e-05,1.7858858052548862e-11,4.1422082384844387e-07,6.1706330215917866e-21,1.4312251580417157e-16,1.0155097428592009e-07,0.002355402178956155,6.74211679691555e-05,2.3033681282351075e-05,0.34163871638783755,6.336452806506295e-05,1.2134451664090731e-20,1.9150228108115992e-16,6.336475745312664e-05,1.020750410872426e-07,0.0016109118884066029,9.872801431623954e-06,9.872801431623954e-06,6.74211679691555e-05,2.3033681282351075e-05,0.34163871638783755,2.3330441153785384,True
sgd_with_decay_grad_projection,25,1,60,torch.float32,1.1920928955078125e-07,3.342961442244951e-06,5.260895526477588e-05,1.58213995036184e-11,3.007358618697292e-07,7.69311989535356e-21,1.4623213589084149e-16,1.0622368713530624e-07,0.002019072409127744,7.519514740159725e-05,2.3871389637095028e-05,0.3174591773802144,7.130544824585236e-05,1.401303808117136e-20,1.9652128169584096e-16,7.130656298490836e-05,1.0636420366764893e-07,0.0014916467603432284,1.0188727870230681e-05,1.0188727870230681e-05,7.519514740159725e-05,2.3871389637095028e-05,0.3174591773802144,2.342921505131392,True
sgd_with_decay_grad_projection,25,2,60,torch.float32,1.1920928955078125e-07,3.920330339574255e-06,4.5362578381365564e-05,1.485165039782374e-11,3.273987266104043e-07,6.707459131880183e-21,1.4786326904724383e-16,9.837304543711552e-08,0.002168573638177932,6.717213194543076e-05,2.157430293979328e-05,0.3211793688090739,6.36132436113455e-05,1.2297221925163234e-20,1.9331229201728695e-16,6.361216838114408e-05,9.821429431291936e-08,0.0015439545107855815,9.395386147560397e-06,9.395386147560397e-06,6.717213194543076e-05,2.157430293979328e-05,0.3211793688090739,2.2962656990309287,True
sgd_with_decay_grad_projection,25,3,49,torch.float32,1.1920928955078125e-07,5.138758647397377e-06,3.483752853917175e-05,1.4710816668512313e-11,4.222692391043552e-07,4.641973040952369e-21,1.3324633622426146e-16,9.016414916371318e-08,0.0025880201314777873,6.104329337098025e-05,2.1300233833421084e-05,0.3489365114030223,5.720650054160931e-05,1.0402381548745778e-20,1.818391520239833e-16,5.72055719240298e-05,8.987462313345467e-08,0.0015710816291253946,9.512829737078813e-06,9.512829737078813e-06,6.104329337098025e-05,2.1300233833421084e-05,0.3489365114030223,2.2391059676383875,True
sgd_with_decay_grad_projection,25,4,60,torch.float32,1.1920928955078125e-07,8.425881056896194e-06,4.6186270201103545e-05,3.2550842106643364e-11,7.047731277046401e-07,6.589559273309751e-21,1.4267355308448227e-16,1.1331269998447162e-07,0.0024533332572747014,7.335896756037763e-05,2.6826175434123863e-05,0.36568365567638,6.827806699886974e-05,1.5272663453709535e-20,2.236833016078554e-16,6.827866719717887e-05,1.1364648883218894e-07,0.0016644508965588682,1.0822869339456605e-05,1.0822869339456605e-05,7.335896756037763e-05,2.6826175434123863e-05,0.36568365567638,2.478656499743972,True
sgd_with_decay_grad_projection,25,5,53,torch.float32,1.1920928955078125e-07,5.678672305444112e-06,6.653129852297384e-05,2.6438054667503634e-11,3.973777042450831e-07,8.87763199872964e-21,1.3343542356481765e-16,8.98077575635701e-08,0.0013498406335550194,8.186116946030821e-05,2.0588053205244708e-05,0.25149962236035706,7.922993834799639e-05,1.3094189680600739e-20,1.6526820484307335e-16,7.923059352147044e-05,9.065299014053887e-08,0.0011441664906368916,9.190868945587712e-06,9.190868945587712e-06,8.186116946030821e-05,2.0588053205244708e-05,0.25149962236035706,2.2400551381084024,True
sgd_with_decay_grad_projection,25,6,60,torch.float32,1.1920928955078125e-07,3.095485046437789e-06,5.087459186628125e-05,1.4276749070442674e-11,2.806263116167629e-07,7.491704585388848e-21,1.4725827393525505e-16,9.772292804608456e-08,0.0019208407643203534,7.075526943310638e-05,2.122566021749538e-05,0.2999869887791551,6.749651473137641e-05,1.3198940218638271e-20,1.955499520407476e-16,6.749589219956313e-05,9.814857970254414e-08,0.0014541415263072766,9.349191940149855e-06,9.349191940149855e-06,7.075526943310638e-05,2.122566021749538e-05,0.2999869887791551,2.2703202964891918,True
sgd_with_decay_grad_projection,25,7,53,torch.float32,1.1920928955078125e-07,7.079248571757639e-06,2.539160015925439e-05,1.4038463467591887e-11,5.528782502695221e-07,3.371196684100956e-21,1.3276818565815288e-16,9.888730597400937e-08,0.0038941340018545613,5.866558868665621e-05,2.4871672284868853e-05,0.42395674946198986,5.313239326160653e-05,1.2159425635686588e-20,2.2885145744927303e-16,5.3131080810111935e-05,9.881240924873574e-08,0.0018597854164097809,1.0052549734415485e-05,1.0052549734415485e-05,5.866558868665621e-05,2.4871672284868853e-05,0.42395674946198986,2.4741655542095202,True
sgd_with_decay_grad_projection,26,0,58,torch.float32,1.1920928955078125e-07,4.814231254404896e-06,4.503449837012993e-05,1.849715263746123e-11,4.1073295599823653e-07,6.467730624887081e-21,1.43617245866282e-16,1.017914578331159e-07,0.0022602637592057245,7.023952142843671e-05,2.3954050709752706e-05,0.3410337972498603,6.602873484393303e-05,1.2600317183785077e-20,1.9083081348699872e-16,6.603106435733525e-05,1.0106408305137379e-07,0.0015305535967806462,9.872754539970782e-06,9.872754539970782e-06,7.023952142843671e-05,2.3954050709752706e-05,0.3410337972498603,2.4262783616033867,True
sgd_with_decay_grad_projection,26,1,60,torch.float32,1.1920928955078125e-07,3.342961442244951e-06,5.8405708867895644e-05,1.7611449081504685e-11,3.015364323603873e-07,8.403822847488004e-21,1.4388701054029643e-16,1.0702764040521563e-07,0.001832463940006147,8.131981954740593e-05,2.4827008963905825e-05,0.30530083689416887,7.74372822168289e-05,1.4970288974042286e-20,1.9332146668221912e-16,7.743648239326843e-05,1.0689119674976617e-07,0.0013803725769322682,1.0188682479495236e-05,1.0188682479495236e-05,8.131981954740593e-05,2.4827008963905825e-05,0.30530083689416887,2.4367241803707476,True
sgd_with_decay_grad_projection,26,2,60,torch.float32,1.1920928955078125e-07,3.920330339574255e-06,5.1624556688560286e-05,1.7538194079040157e-11,3.397258050048597e-07,7.618153923455181e-21,1.4756841340864745e-16,9.777141871635524e-08,0.001893865917505559,7.281970289392133e-05,2.2435051978611707e-05,0.3080904080492271,6.92775401719487e-05,1.3079121862981817e-20,1.8879310423723315e-16,6.927894100379326e-05,9.817235754489478e-08,0.0014170591542315796,9.395344303542158e-06,9.395344303542158e-06,7.281970289392133e-05,2.2435051978611707e-05,0.3080904080492271,2.3878903480049605,True
sgd_with_decay_grad_projection,26,3,49,torch.float32,1.1920928955078125e-07,5.138758647397377e-06,4.056248102555444e-05,1.8464135172904467e-11,4.5520231273013173e-07,5.315790290155205e-21,1.310519020472835e-16,9.057029523166073e-08,0.0022327959282692758,6.592450606024216e-05,2.2150385750669264e-05,0.33599623378942156,6.209187475333188e-05,1.1003675085177329e-20,1.7721602269042242e-16,6.209108266219759e-05,8.962823774454264e-08,0.0014434961334489707,9.51278659251232e-06,9.51278659251232e-06,6.592450606024216e-05,2.2150385750669264e-05,0.33599623378942156,2.3284855110808667,True
sgd_with_decay_grad_projection,26,4,60,torch.float32,1.1920928955078125e-07,8.425881056896194e-06,4.862368336706051e-05,3.583754696030075e-11,7.370389176353191e-07,7.000362488355652e-21,1.4397022199062486e-16,1.1378248257113787e-07,0.0023400238865113284,7.658625107946546e-05,2.7898947644006316e-05,0.36428141149066723,7.132392708456201e-05,1.5905635588894983e-20,2.2300560609957976e-16,7.132357195484034e-05,1.1360546991725644e-07,0.0015928180095801645,1.0822817890177106e-05,1.0822817890177106e-05,7.658625107946546e-05,2.7898947644006316e-05,0.36428141149066723,2.5777896225462382,True
sgd_with_decay_grad_projection,26,5,53,torch.float32,1.1920928955078125e-07,5.678672305444112e-06,8.345624468376585e-05,3.1446587789526523e-11,3.7680329265574545e-07,1.1106132169293824e-20,1.3307730549557078e-16,9.066981866857072e-08,0.001086428945500723,9.718219074455148e-05,2.1413411460307205e-05,0.2203429588924733,9.479369181302082e-05,1.4956391002004455e-20,1.5777833646890469e-16,9.479363583749756e-05,9.080400101541313e-08,0.0009579124190475849,9.19083830191117e-06,9.19083830191117e-06,9.718219074455148e-05,2.1413411460307205e-05,0.2203429588924733,2.32986488902263,True
sgd_with_decay_grad_projection,26,6,60,torch.float32,1.1920928955078125e-07,3.095485046437789e-06,6.568412943964722e-05,1.8223505409024735e-11,2.774415306176677e-07,9.543981102070797e-21,1.453011737156461e-16,9.693689292569068e-08,0.0014757797363903226,8.316624309845949e-05,2.2076320664788603e-05,0.26544809338871683,8.018266681158398e-05,1.4763713404356347e-20,1.8412599619626815e-16,8.018274715294583e-05,9.72288492209098e-08,0.0012125906466568066,9.349157143865262e-06,9.349157143865262e-06,8.316624309845949e-05,2.2076320664788603e-05,0.26544809338871683,2.3613166754047623,True
sgd_with_decay_grad_projection,26,7,53,torch.float32,1.1920928955078125e-07,7.079248571757639e-06,2.809800237182224e-05,1.5046505114657525e-11,5.355008842104284e-07,3.755672754100443e-21,1.3366333678821648e-16,1.0005229890935985e-07,0.0035608579705955403,6.17806536027166e-05,2.586606257060982e-05,0.41867576761072733,5.6105222276292227e-05,1.2707962722174309e-20,2.265023148753155e-16,5.6104136639161774e-05,9.917376364239762e-08,0.001767672930790141,1.0052502134421555e-05,1.0052502134421555e-05,6.17806536027166e-05,2.586606257060982e-05,0.41867576761072733,2.5730969488720445,True
sgd_with_decay_grad_projection,27,0,58,torch.float32,1.1920928955078125e-07,4.814231254404896e-06,4.5593760071944655e-05,1.9074214326966726e-11,4.1835142126616835e-07,6.492449763127509e-21,1.4239777006509923e-16,1.0057334473048057e-07,0.0022058194535645947,7.204916988183683e-05,2.4877068627292487e-05,0.3452790457973597,6.761815094465955e-05,1.3005189665933652e-20,1.9233282017098392e-16,6.761783486062596e-05,1.0113539996301073e-07,0.0014956911911106184,9.872704650552292e-06,9.872704650552292e-06,7.204916988183683e-05,2.4877068627292487e-05,0.3452790457973597,2.5197825224013797,True
sgd_with_decay_grad_projection,27,1,60,torch.float32,1.1920928955078125e-07,3.342961442244951e-06,5.8518898216346026e-05,1.75437621504829e-11,2.997965218966207e-07,8.409714580190255e-21,1.437093799869519e-16,1.0620245294957374e-07,0.0018148036403698047,8.270541368186257e-05,2.5780980060974654e-05,0.31172058651619394,7.858451831870987e-05,1.541134017369582e-20,1.9611165791197064e-16,7.858563257873888e-05,1.0544117242463781e-07,0.0013417360014121031,1.0188629602610235e-05,1.0188629602610235e-05,8.270541368186257e-05,2.5780980060974654e-05,0.31172058651619394,2.530367779232037,True
sgd_with_decay_grad_projection,27,2,60,torch.float32,1.1920928955078125e-07,3.920330339574255e-06,4.551344802032932e-05,1.5340262161770076e-11,3.370490004386857e-07,6.718643413233057e-21,1.476188622367712e-16,9.828677865983654e-08,0.0021594430853977714,7.046374617496964e-05,2.3299834777329616e-05,0.3306641506041054,6.650005431847172e-05,1.3055467950665255e-20,1.9632266596568535e-16,6.649959432034817e-05,9.801973624730521e-08,0.001473989988196247,9.395292676745152e-06,9.395292676745152e-06,7.046374617496964e-05,2.3299834777329616e-05,0.3306641506041054,2.4799477332941873,True
sgd_with_decay_grad_projection,27,3,49,torch.float32,1.1920928955078125e-07,5.138758647397377e-06,4.0094284491631715e-05,1.6975346778782896e-11,4.2338570182804755e-07,5.193840338031674e-21,1.295406665535127e-16,8.989924280658402e-08,0.002242177419863874,6.725241769255665e-05,2.3002617711540522e-05,0.34203406361830174,6.319625988862655e-05,1.1357796119572403e-20,1.797225997169568e-16,6.31983132813613e-05,8.944837154434196e-08,0.0014153601085224283,9.512738084983243e-06,9.512738084983243e-06,6.725241769255665e-05,2.3002617711540522e-05,0.34203406361830174,2.4180858871592745,True
sgd_with_decay_grad_projection,27,4,60,torch.float32,1.1920928955078125e-07,8.425881056896194e-06,4.8455790752510884e-05,3.706879967202237e-11,7.650024712495594e-07,7.010204580465536e-21,1.4467217378150688e-16,1.1347977765547939e-07,0.0023418367048587134,7.842380460424478e-05,2.897156366617215e-05,0.36942308285568726,7.287620755323165e-05,1.6495495885540397e-20,2.263495376524833e-16,7.28774633988085e-05,1.1398672553682571e-07,0.0015640874451550864,1.0822762941471168e-05,1.0822762941471168e-05,7.842380460424478e-05,2.897156366617215e-05,0.36942308285568726,2.676910122013073,True
sgd_with_decay_grad_projection,27,5,53,torch.float32,1.1920928955078125e-07,5.678672305444112e-06,9.821347609309281e-05,3.754027865021452e-11,3.822314426039816e-07,1.283058760652482e-20,1.3063978709361772e-16,9.066408199202255e-08,0.0009231316567465871,0.00011097148831941335,2.2236203656067252e-05,0.20037762845951892,0.00010872084651432584,1.6774736623315683e-20,1.5429181395405453e-16,0.00010872128743955515,9.136682499035304e-08,0.0008403765917612912,9.190804098123074e-06,9.190804098123074e-06,0.00011097148831941335,2.2236203656067252e-05,0.20037762845951892,2.419396977529777,True
sgd_with_decay_grad_projection,27,6,60,torch.float32,1.1920928955078125e-07,3.095485046437789e-06,5.2568406813455314e-05,1.525879839034467e-11,2.90265566626209e-07,7.649451349497491e-21,1.4551423208701608e-16,9.753854595383573e-08,0.001855456167882714,7.472227964209725e-05,2.292394252226635e-05,0.3067885861093482,7.111899840512103e-05,1.3927498453461123e-20,1.9583372608996489e-16,7.111959906313815e-05,9.804728998465533e-08,0.0013786254601577757,9.349099853591292e-06,9.349099853591292e-06,7.472227964209725e-05,2.292394252226635e-05,0.3067885861093482,2.451994617798474,True
sgd_with_decay_grad_projection,27,7,53,torch.float32,1.1920928955078125e-07,7.079248571757639e-06,2.8437487138213593e-05,1.6731320710057143e-11,5.883544009616098e-07,3.834007868594191e-21,1.348223156976064e-16,9.997861402781908e-08,0.003515722641434145,6.35709757093236e-05,2.686111283254528e-05,0.42253736918191914,5.761726798480368e-05,1.3010204523718925e-20,2.258039122429462e-16,5.761880670777003e-05,9.88424389369238e-08,0.0017154544598299475,1.0052451103870407e-05,1.0052451103870407e-05,6.35709757093236e-05,2.686111283254528e-05,0.42253736918191914,2.6720958455797095,True
sgd_with_decay_grad_projection,28,0,58,torch.float32,1.1920928955078125e-07,4.814231254404896e-06,4.656654213811099e-05,1.8462849556980702e-11,3.964831552710532e-07,6.6195904574664886e-21,1.421533606217543e-16,1.0188909762009832e-07,0.0021880005807608954,7.491915242130703e-05,2.5798031887358252e-05,0.34434495123868064,7.033733681527814e-05,1.3566824683373735e-20,1.9288226278744822e-16,7.033616118570325e-05,1.0105802722635384e-07,0.0014367862209530879,9.872654041236785e-06,9.872654041236785e-06,7.491915242130703e-05,2.5798031887358252e-05,0.34434495123868064,2.613079702742874,True
sgd_with_decay_grad_projection,28,1,60,torch.float32,1.1920928955078125e-07,3.342961442244951e-06,6.181299860923374e-05,1.7334326759255732e-11,2.804317400752388e-07,8.92704569916846e-21,1.4442020125254487e-16,1.0715418856914338e-07,0.0017334971668139043,8.671439044411498e-05,2.6736394633912702e-05,0.30832707808911564,8.248970064240812e-05,1.588757702329784e-20,1.9260073560177288e-16,8.24904852472236e-05,1.0689285057058965e-07,0.0012958203634059404,1.0188577584560654e-05,1.0188577584560654e-05,8.671439044411498e-05,2.6736394633912702e-05,0.30832707808911564,2.6241538047889943,True
sgd_with_decay_grad_projection,28,2,60,torch.float32,1.1920928955078125e-07,3.920330339574255e-06,5.1701769836292063e-05,1.7583825088351598e-11,3.401010283405933e-07,7.591827761956443e-21,1.46838837161582e-16,9.857718138126422e-08,0.0019066355150828501,7.5897593448466e-05,2.4162593627725752e-05,0.31835783626172554,7.194868838589078e-05,1.381237638418667e-20,1.9197537431266494e-16,7.194815618504528e-05,9.794354569088905e-08,0.0013613072368246042,9.395246569089999e-06,9.395246569089999e-06,7.5897593448466e-05,2.4162593627725752e-05,0.31835783626172554,2.5717891968072193,True
sgd_with_decay_grad_projection,28,3,49,torch.float32,1.1920928955078125e-07,5.138758647397377e-06,4.522165434475198e-05,1.9197240048255176e-11,4.2451432452919616e-07,5.91713323180567e-21,1.3084734111442107e-16,8.964978624265193e-08,0.0019824311159386274,7.181071153067336e-05,2.385472700135783e-05,0.3321889797898532,6.773278593290161e-05,1.2036698908210217e-20,1.7770860510793366e-16,6.773167104775615e-05,8.97157739534509e-08,0.0013245764140411395,9.51269091902063e-06,9.51269091902063e-06,7.181071153067336e-05,2.385472700135783e-05,0.3321889797898532,2.50767392785361,True
sgd_with_decay_grad_projection,28,4,60,torch.float32,1.1920928955078125e-07,8.425881056896194e-06,4.2276237448694496e-05,3.6715905765157096e-11,8.684761932684929e-07,6.159431863231387e-21,1.4569489233067773e-16,1.132222303777466e-07,0.0026781598592249003,7.686008624963586e-05,3.0045849770574035e-05,0.3909161599557323,7.074404405930975e-05,1.6597315010354334e-20,2.3461077509846097e-16,7.074502140689659e-05,1.139908623538009e-07,0.0016112916511562252,1.0822702100991445e-05,1.0822702100991445e-05,7.686008624963586e-05,3.0045849770574035e-05,0.3909161599557323,2.7761874520986396,True
sgd_with_decay_grad_projection,28,5,53,torch.float32,1.1920928955078125e-07,5.678672305444112e-06,6.706065785626602e-05,2.6903511274491055e-11,4.0118173806398535e-07,8.869152553172721e-21,1.3225567473828052e-16,9.053967221688147e-08,0.0013500840402772152,8.615298217472401e-05,2.3058143088756198e-05,0.26764184485213455,8.300998960906306e-05,1.4084678658865225e-20,1.6967450213157785e-16,8.301079476316669e-05,8.976958708660692e-08,0.0010814206434563523,9.190730310111043e-06,9.190730310111043e-06,8.615298217472401e-05,2.3058143088756198e-05,0.26764184485213455,2.508847753196406,True
sgd_with_decay_grad_projection,28,6,60,torch.float32,1.1920928955078125e-07,3.095485046437789e-06,5.2401975945432e-05,1.4501367866070258e-11,2.7673322626557127e-07,7.626860125513418e-21,1.4554527740434493e-16,9.716470066241156e-08,0.0018542051894368063,7.585269807802214e-05,2.3772839030698836e-05,0.3134079555910599,7.20311316732985e-05,1.432644096181011e-20,1.9889234875259963e-16,7.203210524774309e-05,9.74839043080115e-08,0.0013533396528219042,9.349050079947464e-06,9.349050079947464e-06,7.585269807802214e-05,2.3772839030698836e-05,0.3134079555910599,2.5428079673771973,True
sgd_with_decay_grad_projection,28,7,53,torch.float32,1.1920928955078125e-07,7.079248571757639e-06,2.8791678548702126e-05,1.6817102093848216e-11,5.840959242928995e-07,3.9482622676616845e-21,1.37132062689007e-16,9.98494329073998e-08,0.0034680006465468843,6.549732514278452e-05,2.785614015219157e-05,0.42530195075088995,5.9278453561822056e-05,1.3497078360775795e-20,2.2768944784802064e-16,5.9278462369406675e-05,9.895055092519465e-08,0.0016692496223765505,1.005239846661934e-05,1.005239846661934e-05,6.549732514278452e-05,2.785614015219157e-05,0.42530195075088995,2.771093908055129,True
sgd_with_decay_grad_projection,29,0,58,torch.float32,1.1920928955078125e-07,4.814231254404896e-06,5.643594999347147e-05,2.292626982247789e-11,4.06235206904996e-07,8.074369762007362e-21,1.430713891223958e-16,1.0125748275236023e-07,0.0017941883424408514,8.247170346897845e-05,2.671889740702219e-05,0.3239765432645931,7.802360152177119e-05,1.4541525717850146e-20,1.8637342335181201e-16,7.802250691549883e-05,1.0196283664958765e-07,0.0013068387658963208,9.872605397985926e-06,9.872605397985926e-06,8.247170346897845e-05,2.671889740702219e-05,0.3239765432645931,2.706367400491162,True
sgd_with_decay_grad_projection,29,1,60,torch.float32,1.1920928955078125e-07,3.342961442244951e-06,7.136766455896276e-05,2.0041560932029547e-11,2.808213083037283e-07,1.0456130564674938e-20,1.4651075706753262e-16,1.0672054122542267e-07,0.0014953684311126906,9.518143134111292e-05,2.769212206967705e-05,0.2909403827983373,9.106399534075527e-05,1.723715323170382e-20,1.892861516475701e-16,9.106534347244742e-05,1.0677685578263607e-07,0.001172530094447426,1.0188527756595153e-05,1.0188527756595153e-05,9.518143134111292e-05,2.769212206967705e-05,0.2909403827983373,2.717970911131063,True
sgd_with_decay_grad_projection,29,2,60,torch.float32,1.1920928955078125e-07,3.920330339574255e-06,5.77923585186971e-05,1.9800782640010256e-11,3.426193903058008e-07,8.598051893317884e-21,1.4877489193552689e-16,9.907877730159915e-08,0.0017143818266375111,8.150059924607107e-05,2.5024837554587063e-05,0.3070509638712067,7.756355576451617e-05,1.4802580373474337e-20,1.9084453036700815e-16,7.756431394435533e-05,9.771999561096694e-08,0.0012598576670332096,9.395198933604216e-06,9.395198933604216e-06,8.150059924607107e-05,2.5024837554587063e-05,0.3070509638712067,2.6635771878208603,True
sgd_with_decay_grad_projection,29,3,49,torch.float32,1.1920928955078125e-07,5.138758647397377e-06,4.7682718828092504e-05,2.3016401962909072e-11,4.826990265779234e-07,6.253424877550916e-21,1.3114656695849755e-16,9.030545291485391e-08,0.0018938494959074676,7.536685038136236e-05,2.4705789473117784e-05,0.3278071107934655,7.120243045652756e-05,1.2561223477596665e-20,1.764156559973874e-16,7.120131887838e-05,8.969289409431454e-08,0.0012597083243292202,9.51264102992782e-06,9.51264102992782e-06,7.536685038136236e-05,2.4705789473117784e-05,0.3278071107934655,2.5971535555047898,True
sgd_with_decay_grad_projection,29,4,60,torch.float32,1.1920928955078125e-07,8.425881056896194e-06,7.380094512050008e-05,4.6652070650281636e-11,6.321337833019545e-07,1.0845490660455676e-20,1.4695598603445572e-16,1.1375983286778595e-07,0.0015414397194264513,9.900437317736533e-05,3.111793385129996e-05,0.31430868003732015,9.398691452042214e-05,1.9393086221666385e-20,2.063381516525103e-16,9.398608824729916e-05,1.1364922684901653e-07,0.0012092132885664854,1.0822663050066735e-05,1.0822663050066735e-05,9.900437317736533e-05,3.111793385129996e-05,0.31430868003732015,2.8752566449999644,True
sgd_with_decay_grad_projection,29,5,53,torch.float32,1.1920928955078125e-07,5.678672305444112e-06,0.0001534636070931331,5.6231991677168916e-11,3.6641906665886703e-07,2.0103976117507193e-20,1.3100158727083718e-16,8.98573965666171e-08,0.0005855303896342038,0.00016301747937347248,2.3882256666705385e-05,0.14650120194774463,0.00016125860100405848,2.3163243102193898e-20,1.4364035752493559e-16,0.00016125960053578,9.083213359204973e-08,0.0005632665174058648,9.19075335545609e-06,9.19075335545609e-06,0.00016301747937347248,2.3882256666705385e-05,0.14650120194774463,2.5985091475148425,True
sgd_with_decay_grad_projection,29,6,60,torch.float32,1.1920928955078125e-07,3.095485046437789e-06,6.833759598284891e-05,1.907625836965869e-11,2.791473433517675e-07,1.0123422820434147e-20,1.4813841012164488e-16,9.734845600798358e-08,0.0014245216805711487,8.860804860835484e-05,2.4621884653846557e-05,0.27787413266118316,8.5118441446453e-05,1.6030135842975113e-20,1.8832741260963386e-16,8.511750802592213e-05,9.774404695619682e-08,0.001148342441209972,9.349010259587848e-06,9.349010259587848e-06,8.860804860835484e-05,2.4621884653846557e-05,0.27787413266118316,2.6336354298676334,True
sgd_with_decay_grad_projection,29,7,53,torch.float32,1.1920928955078125e-07,7.079248571757639e-06,3.318673740875965e-05,1.8191236743653966e-11,5.481477892687452e-07,4.453431668697107e-21,1.3419311497376335e-16,9.76995393822819e-08,0.0029437779967203454,6.954544281323272e-05,2.8851699679508632e-05,0.414861111129756,6.327833785500425e-05,1.4124393721553545e-20,2.232105677920638e-16,6.327999864165658e-05,9.81632247251792e-08,0.0015512520043032894,1.0052346177783352e-05,1.0052346177783352e-05,6.954544281323272e-05,2.8851699679508632e-05,0.414861111129756,2.8701458514504457,True
sgd_with_decay_grad_projection,30,0,58,torch.float32,1.1920928955078125e-07,4.814231254404896e-06,4.727585883066657e-05,1.9709865148804566e-11,4.169118369568214e-07,6.728344769868768e-21,1.4232094215292942e-16,1.014581489576904e-07,0.002146070581985122,7.840730825674693e-05,2.7638722467482302e-05,0.3525018659865038,7.33744302085817e-05,1.4264935434949462e-20,1.9441289553320537e-16,7.337521624837285e-05,1.0074920948805514e-07,0.0013730686550486224,9.87254361198371e-06,9.87254361198371e-06,7.840730825674693e-05,2.7638722467482302e-05,0.3525018659865038,2.7995543553672686,True
sgd_with_decay_grad_projection,30,1,60,torch.float32,1.1920928955078125e-07,3.342961442244951e-06,6.132602376407324e-05,1.7367902421235773e-11,2.8320607395078575e-07,8.979370192329098e-21,1.464202249093127e-16,1.0631042473320139e-07,0.0017335139339896216,8.908559866029155e-05,2.86455146389003e-05,0.3215504533806155,8.435448049591134e-05,1.6552824049280107e-20,1.9622934018403943e-16,8.435511615200734e-05,1.0720727565960211e-07,0.0012709042503885044,1.0188461289984127e-05,1.0188461289984127e-05,8.908559866029155e-05,2.86455146389003e-05,0.3215504533806155,2.811564359287557,True
sgd_with_decay_grad_projection,30,2,60,torch.float32,1.1920928955078125e-07,3.920330339574255e-06,6.538872289309425e-05,2.0190731707565164e-11,3.087800283326457e-07,9.7399652005304e-21,1.4895481620668735e-16,9.776000142107211e-08,0.0014950519476389704,8.875902891132102e-05,2.5886683861815326e-05,0.2916512740093029,8.490020501694418e-05,1.578934266065557e-20,1.859753184047597e-16,8.490106923845155e-05,9.825282634708963e-08,0.0011572625318903651,9.395151126526756e-06,9.395151126526756e-06,8.875902891132102e-05,2.5886683861815326e-05,0.2916512740093029,2.755323838136624,True
sgd_with_decay_grad_projection,30,3,49,torch.float32,1.1920928955078125e-07,5.138758647397377e-06,4.4954105473167875e-05,2.0650066597977137e-11,4.5935885901016783e-07,5.7910771930088544e-21,1.2882198704779106e-16,8.848222439505502e-08,0.0019682477834964203,7.463362784970047e-05,2.5559684987755293e-05,0.3424687466516861,7.012047425206351e-05,1.2711928686072822e-20,1.812869753330103e-16,7.012002176776641e-05,8.948799946572625e-08,0.0012762118038426387,9.512584334751406e-06,9.512584334751406e-06,7.463362784970047e-05,2.5559684987755293e-05,0.3424687466516861,2.6869338644789265,True
sgd_with_decay_grad_projection,30,4,60,torch.float32,1.1920928955078125e-07,8.425881056896194e-06,4.944672203668782e-05,3.546942720415796e-11,7.17326159211137e-07,7.136226960371165e-21,1.4432153773668067e-16,1.1386811143571942e-07,0.0023028185944951535,8.465966202202055e-05,3.2188358757678e-05,0.3802089210952152,7.830177478301347e-05,1.8013852168396024e-20,2.300567543751753e-16,7.830206651471958e-05,1.1284071242808645e-07,0.001441094947435061,1.0822585154747081e-05,1.0822585154747081e-05,8.465966202202055e-05,3.2188358757678e-05,0.3802089210952152,2.9741839216260924,True
sgd_with_decay_grad_projection,30,5,53,torch.float32,1.1920928955078125e-07,5.678672305444112e-06,6.878403672247304e-05,2.850239911686229e-11,4.1437520208159023e-07,9.209271712945944e-21,1.3388675849461874e-16,9.038652618478441e-08,0.001314086019876044,9.039249680706203e-05,2.4706160558267796e-05,0.2733209218791885,8.695061304834954e-05,1.4889942028954592e-20,1.712459694870113e-16,8.695209982687205e-05,9.021578021019496e-08,0.001037534233098696,9.190630044195394e-06,9.190630044195394e-06,9.039249680706203e-05,2.4706160558267796e-05,0.2733209218791885,2.688190084843169,True
sgd_with_decay_grad_projection,30,6,60,torch.float32,1.1920928955078125e-07,3.095485046437789e-06,7.283527590983997e-05,1.9439394519628665e-11,2.6689532341021066e-07,1.0724422873923187e-20,1.472421534751777e-16,9.832952166632272e-08,0.0013500251897412122,9.390334659177801e-05,2.5471074574338736e-05,0.2712477829471621,9.03828681839875e-05,1.669355710697435e-20,1.8469824472700048e-16,9.038376604962108e-05,9.736691278569159e-08,0.0010772610728815696,9.348961487777693e-06,9.348961487777693e-06,9.390334659177801e-05,2.5471074574338736e-05,0.2712477829471621,2.7244817092934,True
sgd_with_decay_grad_projection,30,7,53,torch.float32,1.1920928955078125e-07,7.079248571757639e-06,2.989678375468093e-05,1.6970252651822605e-11,5.676280362152862e-07,4.0483030772395805e-21,1.3540931728505383e-16,9.979030541687397e-08,0.00333775915543833,6.999385117257951e-05,2.984650059903063e-05,0.42641603653783755,6.331133866821388e-05,1.4373007235218258e-20,2.2702106032760885e-16,6.331277243152686e-05,9.836640459244857e-08,0.0015536581453423546,1.0052287924476732e-05,1.0052287924476732e-05,6.999385117257951e-05,2.984650059903063e-05,0.42641603653783755,2.969125120894732,True
sgd_with_decay_grad_projection,31,0,58,torch.float32,1.1920928955078125e-07,4.814231254404896e-06,5.610527923369656e-05,2.2616065650428264e-11,4.031004917777e-07,8.010191927522048e-21,1.427707345356516e-16,1.0168287930533061e-07,0.001812372710095345,8.55175782379922e-05,2.855973472781237e-05,0.3339633244563089,8.060767792194555e-05,1.5332792106877177e-20,1.902150328871191e-16,8.060831346401463e-05,1.0236011852768508e-07,0.0012698456788006233,9.872490855308129e-06,9.872490855308129e-06,8.55175782379922e-05,2.855973472781237e-05,0.3339633244563089,2.89286008428731,True
sgd_with_decay_grad_projection,31,1,60,torch.float32,1.1920928955078125e-07,3.342961442244951e-06,6.712018197123973e-05,1.9581186446386242e-11,2.9173321453116096e-07,9.794506985913823e-21,1.4592491704076548e-16,1.0640694660523438e-07,0.001585308206631637,9.492461200388456e-05,2.9600520520498636e-05,0.3118318831715352,9.019141394281146e-05,1.7596753340176583e-20,1.951045290334879e-16,9.0191746803262e-05,1.065683132815293e-07,0.001181575000581705,1.0188405231829976e-05,1.0188405231829976e-05,9.492461200388456e-05,2.9600520520498636e-05,0.3118318831715352,2.9053144085810945,True
sgd_with_decay_grad_projection,31,2,60,torch.float32,1.1920928955078125e-07,3.920330339574255e-06,5.6888909328690256e-05,1.901649298717952e-11,3.342741706877672e-07,8.349316927760196e-21,1.4676528388899747e-16,9.779091159215843e-08,0.00171899962149716,8.37601286641576e-05,2.674861213468133e-05,0.3193477918584851,7.937424584022586e-05,1.5289993632675966e-20,1.926316712785344e-16,7.93734752437899e-05,9.819470224701136e-08,0.0012371223755217144,9.395088610516987e-06,9.395088610516987e-06,8.37601286641576e-05,2.674861213468133e-05,0.3193477918584851,2.847084603836368,True
sgd_with_decay_grad_projection,31,3,49,torch.float32,1.1920928955078125e-07,5.138758647397377e-06,4.716164557970912e-05,2.0619113970458897e-11,4.372009016439004e-07,6.181642259975389e-21,1.3107350653251117e-16,9.038008048575835e-08,0.001916327074741937,7.763190472202874e-05,2.641185923228619e-05,0.3402191319001811,7.300086521859893e-05,1.3155242546812906e-20,1.802066661459412e-16,7.300039253671276e-05,8.932822075112713e-08,0.0012236676769402702,9.512530265155952e-06,9.512530265155952e-06,7.763190472202874e-05,2.641185923228619e-05,0.3402191319001811,2.776533529573289,True
sgd_with_decay_grad_projection,31,4,60,torch.float32,1.1920928955078125e-07,8.425881056896194e-06,7.406784140951423e-05,5.1791379498366294e-11,6.992424581677298e-07,1.0618390711761832e-20,1.433603370868651e-16,1.140079298168048e-07,0.0015392243243123457,0.00010258081530556899,3.326293615639958e-05,0.3242607894791588,9.70381406819532e-05,2.0187354988031705e-20,2.0803526166269666e-16,9.703793728272207e-05,1.1452238872386656e-07,0.001180181606604056,1.0822537485001936e-05,1.0822537485001936e-05,0.00010258081530556899,3.326293615639958e-05,0.3242607894791588,3.0734877289633733,True
sgd_with_decay_grad_projection,31,5,53,torch.float32,1.1920928955078125e-07,5.678672305444112e-06,0.0001087154352306498,4.390177225072911e-11,4.0382280729123205e-07,1.465567118631618e-20,1.348076393680807e-16,8.992000350316964e-08,0.0008271190750684233,0.00012411096923986318,2.552994406030645e-05,0.20570255970659596,0.0001214568015466235,1.8801979289747195e-20,1.5480384013347903e-16,0.00012145721265761004,9.052048608697126e-08,0.0007452870365315402,9.190607015592214e-06,9.190607015592214e-06,0.00012411096923986318,2.552994406030645e-05,0.20570255970659596,2.777830018952386,True
sgd_with_decay_grad_projection,31,6,60,torch.float32,1.1920928955078125e-07,3.095485046437789e-06,6.884543298204834e-05,1.8257368348458075e-11,2.6519360192300253e-07,1.0006340416197034e-20,1.4534501393587823e-16,9.684895842200088e-08,0.0014067633417319113,9.209466418051127e-05,2.631891977334683e-05,0.28578115798066334,8.825384769224104e-05,1.675714051112976e-20,1.898743335198856e-16,8.825322101124511e-05,9.802407137332354e-08,0.0011107138102170054,9.348902934337358e-06,9.348902934337358e-06,9.209466418051127e-05,2.631891977334683e-05,0.28578115798066334,2.815188044864677,True
sgd_with_decay_grad_projection,31,7,53,torch.float32,1.1920928955078125e-07,7.079248571757639e-06,3.136833273108791e-05,1.7817174733367788e-11,5.679987803658399e-07,4.269203749739215e-21,1.360991604602837e-16,1.0007210403006421e-07,0.003190178408343999,7.260704834982168e-05,3.084086909011387e-05,0.42476412126715535,6.573145566499955e-05,1.4964331184325186e-20,2.2765860017753023e-16,6.573059964019272e-05,9.90112364252429e-08,0.001506318776448524,1.0052229876782868e-05,1.0052229876782868e-05,7.260704834982168e-05,3.084086909011387e-05,0.42476412126715535,3.0680624566043284,True
sgd_with_decay_grad_projection,32,0,58,torch.float32,1.1920928955078125e-07,4.814231254404896e-06,5.658339314981269e-05,2.302012777835307e-11,4.068354069435879e-07,8.03175342085214e-21,1.4194541850092977e-16,1.0142174986449283e-07,0.001792416279168579,8.72668500961774e-05,2.9481509843498035e-05,0.337831717439168,8.213612909710577e-05,1.5698776828408563e-20,1.9113119891307053e-16,8.213620167679897e-05,1.024253204865264e-07,0.0012470179822724684,9.872430762396029e-06,9.872430762396029e-06,8.72668500961774e-05,2.9481509843498035e-05,0.337831717439168,2.9862463007380873,True
sgd_with_decay_grad_projection,32,1,60,torch.float32,1.1920928955078125e-07,3.342961442244951e-06,7.471854996532296e-05,2.2307275881681985e-11,2.9855070651176773e-07,1.0825033244815843e-20,1.4487745345486824e-16,1.0671043821059258e-07,0.0014281489479180394,0.00010146797729505175,3.0555728812448375e-05,0.3011366701791785,9.67579343159477e-05,1.852781763468596e-20,1.9148628756569265e-16,9.675908114929647e-05,1.063824670713658e-07,0.001099457185907137,1.0188347474459475e-05,1.0188347474459475e-05,0.00010146797729505175,3.0555728812448375e-05,0.3011366701791785,2.9990858565676723,True
sgd_with_decay_grad_projection,32,2,60,torch.float32,1.1920928955078125e-07,3.920330339574255e-06,5.9817345733394144e-05,1.9084548397909542e-11,3.1904706174977e-07,8.857936402788972e-21,1.4808307346616878e-16,9.756936438927118e-08,0.0016311381527824014,8.773139073659845e-05,2.7613819180478247e-05,0.3147541484140492,8.327228777237698e-05,1.6097980410742748e-20,1.9331737894299522e-16,8.327399529425616e-05,9.844634106014503e-08,0.0011821978843728586,9.395033698508785e-06,9.395033698508785e-06,8.773139073659845e-05,2.7613819180478247e-05,0.3147541484140492,2.9391932021341463,True
sgd_with_decay_grad_projection,32,3,49,torch.float32,1.1920928955078125e-07,5.138758647397377e-06,4.7779190563713455e-05,2.050928452839432e-11,4.292514018429264e-07,6.31109051420849e-21,1.3208868630357485e-16,8.96098941060424e-08,0.0018754846942158096,8.00729034485984e-05,2.726255575788947e-05,0.3404716774806381,7.528892959948714e-05,1.3493721533595523e-20,1.7922583845165255e-16,7.529079495660291e-05,8.976522462757074e-08,0.001192247002828311,9.512473640457187e-06,9.512473640457187e-06,8.00729034485984e-05,2.726255575788947e-05,0.3404716774806381,2.8659796377190467,True
sgd_with_decay_grad_projection,32,4,60,torch.float32,1.1920928955078125e-07,8.425881056896194e-06,6.053591235069395e-05,4.5725844398791565e-11,7.553507103997151e-07,8.856542521830128e-21,1.4630228864025916e-16,1.139677415624854e-07,0.0018826141160743028,9.511835855022031e-05,3.433451925574282e-05,0.3609662716962781,8.870537143130224e-05,1.9709425847015745e-20,2.221897674176325e-16,8.870618020345512e-05,1.1276713768411936e-07,0.001271243304868707,1.0822461854178516e-05,1.0822461854178516e-05,9.511835855022031e-05,3.433451925574282e-05,0.3609662716962781,3.1725239338668936,True
sgd_with_decay_grad_projection,32,5,53,torch.float32,1.1920928955078125e-07,5.678672305444112e-06,0.00012557763598798526,4.4536331022185136e-11,3.546517711676479e-07,1.646219378344006e-20,1.3109176370397774e-16,8.987304835595292e-08,0.0007156770691345288,0.0001396111053574298,2.6352051463399336e-05,0.1887532613966009,0.00013710153216792918,2.0612239888547404e-20,1.5034288503282696e-16,0.0001371018756608545,9.054886688146472e-08,0.0006604495120508285,9.190564840332782e-06,9.190564840332782e-06,0.0001396111053574298,2.6352051463399336e-05,0.1887532613966009,2.8672940043634085,True
sgd_with_decay_grad_projection,32,6,60,torch.float32,1.1920928955078125e-07,3.095485046437789e-06,6.547371615211847e-05,1.815189610952576e-11,2.7723943555231416e-07,9.511397945888658e-21,1.4527047653428896e-16,9.753693084748856e-08,0.0014896901989555076,9.068251309026264e-05,2.7167921942302956e-05,0.2995938358618362,8.65171786277303e-05,1.6900613391123798e-20,1.9534401906290146e-16,8.651873954707005e-05,9.701073797841238e-08,0.001121268507681324,9.348842941403615e-06,9.348842941403615e-06,9.068251309026264e-05,2.7167921942302956e-05,0.2995938358618362,2.906019719508094,True
sgd_with_decay_grad_projection,32,7,53,torch.float32,1.1920928955078125e-07,7.079248571757639e-06,3.11233099057508e-05,1.757146961085479e-11,5.645758649727684e-07,4.1929921948256e-21,1.3472192409880895e-16,9.908646261572961e-08,0.0031836684288204975,7.429367099290568e-05,3.183655462622521e-05,0.42852310567969226,6.712662168717783e-05,1.5355216159252562e-20,2.28750021575801e-16,6.712920257684908e-05,9.981866738356357e-08,0.001486963401200719,1.0052168760224595e-05,1.0052168760224595e-05,7.429367099290568e-05,3.183655462622521e-05,0.42852310567969226,3.167132922817532,True
sgd_with_decay_grad_projection,33,0,58,torch.float32,1.1920928955078125e-07,4.814231254404896e-06,5.6306085605346345e-05,2.2891772515733227e-11,4.0655947344987556e-07,8.067754708916986e-21,1.4328388525292207e-16,1.0127127042052039e-07,0.001798585969801997,8.883125691153987e-05,3.0402517123119744e-05,0.3422502188998096,8.346663499304624e-05,1.6045995321863205e-20,1.9224442584992228e-16,8.346715093943544e-05,1.019931051118065e-07,0.0012219550321756361,9.872368672816816e-06,9.872368672816816e-06,8.883125691153987e-05,3.0402517123119744e-05,0.3422502188998096,3.0795565006432444,True
sgd_with_decay_grad_projection,33,1,60,torch.float32,1.1920928955078125e-07,3.342961442244951e-06,7.94674176189345e-05,2.216700896135072e-11,2.7894462442012265e-07,1.1259353983914781e-20,1.4168516256444303e-16,1.0679526227694741e-07,0.001343869692746495,0.00010706839243251877,3.150809376649153e-05,0.2942800676338716,0.00010232732130416501,1.9344659349153796e-20,1.8904686551553865e-16,0.00010232682277438185,1.0619040975191962e-07,0.0010377573237669707,1.0188287316087829e-05,1.0188287316087829e-05,0.00010706839243251877,3.150809376649153e-05,0.2942800676338716,3.0925800175205733,True
sgd_with_decay_grad_projection,33,2,60,torch.float32,1.1920928955078125e-07,3.920330339574255e-06,5.7937407306872296e-05,1.9339433192214014e-11,3.3379873368824444e-07,8.563032767835685e-21,1.4779799728491562e-16,9.88659589109485e-08,0.001706377126961273,8.788031347627676e-05,2.847523657747036e-05,0.32402292903924645,8.313910270471872e-05,1.6177638079894535e-20,1.9458518980355007e-16,8.313885545895689e-05,9.862596269564237e-08,0.0011862800149363493,9.394972357148151e-06,9.394972357148151e-06,8.788031347627676e-05,2.847523657747036e-05,0.32402292903924645,3.03090158171727,True
sgd_with_decay_grad_projection,33,3,49,torch.float32,1.1920928955078125e-07,5.138758647397377e-06,4.917931769881867e-05,2.097114067860338e-11,4.2642195255805926e-07,6.4210474742776644e-21,1.3056398044400863e-16,8.962260123698354e-08,0.0018223183190464536,8.23185747735869e-05,2.811305118682271e-05,0.3415152808967629,7.736927106882747e-05,1.388227973731542e-20,1.794288552229707e-16,7.736989740495099e-05,8.997046828012063e-08,0.001162861413777231,9.512414344558138e-06,9.512414344558138e-06,8.23185747735869e-05,2.811305118682271e-05,0.3415152808967629,2.9554065002336265,True
sgd_with_decay_grad_projection,33,4,60,torch.float32,1.1920928955078125e-07,8.425881056896194e-06,6.451104754668503e-05,5.0773151647832417e-11,7.870458406537137e-07,9.373199433023283e-21,1.4529603516735698e-16,1.1360097846894849e-07,0.00176093710845125,9.900168432423497e-05,3.540928491976554e-05,0.35766345958113743,9.245277735420573e-05,2.0558236575822752e-20,2.2236472677353855e-16,9.245235031070799e-05,1.129577104768426e-07,0.0012217938224092899,1.0822395455429734e-05,1.0822395455429734e-05,9.900168432423497e-05,3.540928491976554e-05,0.35766345958113743,3.271852804269895,True
sgd_with_decay_grad_projection,33,5,53,torch.float32,1.1920928955078125e-07,5.678672305444112e-06,0.00011671725687131603,4.3275847686651465e-11,3.707750580050409e-07,1.528169748416504e-20,1.3092920356254243e-16,9.019341682845753e-08,0.0007727521826492279,0.00013283621392698135,2.7176412535172393e-05,0.20458587106458015,0.00013002654472134867,1.9701797993925048e-20,1.5152135309099134e-16,0.00013002744989551356,9.075164397486488e-08,0.0006979421964192205,9.190499912148461e-06,9.190499912148461e-06,0.00013283621392698135,2.7176412535172393e-05,0.20458587106458015,2.9570113481258247,True
sgd_with_decay_grad_projection,33,6,60,torch.float32,1.1920928955078125e-07,3.095485046437789e-06,6.209594516547222e-05,1.6596576414562438e-11,2.672731105120658e-07,8.995631335758975e-21,1.4486664647406348e-16,9.75753232337261e-08,0.0015713404602477477,8.978127143820416e-05,2.801556113732973e-05,0.3120423746350334,8.529832961565562e-05,1.7010363828895346e-20,1.9942200398931693e-16,8.529860426752245e-05,9.745705445872515e-08,0.0011425398492227387,9.348781944663919e-06,9.348781944663919e-06,8.978127143820416e-05,2.801556113732973e-05,0.3120423746350334,2.996707090095347,True
sgd_with_decay_grad_projection,33,7,53,torch.float32,1.1920928955078125e-07,7.079248571757639e-06,3.172680053624701e-05,1.78772794311855e-11,5.634756461106501e-07,4.321562133495083e-21,1.3621172196542487e-16,9.90985856008758e-08,0.0031232790996349215,7.676145950208594e-05,3.283027394765973e-05,0.4276921538570745,6.938656049561755e-05,1.587102023701331e-20,2.2873334725988796e-16,6.938689941683489e-05,9.938089169965023e-08,0.0014322716901158737,1.0052106580898253e-05,1.0052106580898253e-05,7.676145950208594e-05,3.283027394765973e-05,0.4276921538570745,3.266009336793764,True
sgd_with_decay_grad_projection,34,0,58,torch.float32,1.1920928955078125e-07,4.814231254404896e-06,5.306826237332328e-05,2.127808681467938e-11,4.0095691592449045e-07,7.63533542839779e-21,1.438776226492124e-16,1.0170080724813624e-07,0.0019164266738294319,8.849682610804903e-05,3.132398321957138e-05,0.3539560072055779,8.276772502889203e-05,1.6034886162884924e-20,1.937335616907142e-16,8.276735842421705e-05,1.0125700560595671e-07,0.0012233929840671312,9.872302482388813e-06,9.872302482388813e-06,8.849682610804903e-05,3.132398321957138e-05,0.3539560072055779,3.172915667388655,True
sgd_with_decay_grad_projection,34,1,60,torch.float32,1.1920928955078125e-07,3.342961442244951e-06,7.118150095373766e-05,1.998290953068214e-11,2.807317809112995e-07,1.0401237536412711e-20,1.4612276219313078e-16,1.0672111787393832e-07,0.0014992553608626207,0.00010205271629135084,3.246523943525559e-05,0.3181222471587175,9.675104718221126e-05,1.912550592577739e-20,1.9767750823159902e-16,9.675226443758079e-05,1.0650033633447765e-07,0.0011007529069584287,1.0188213559175389e-05,1.0188213559175389e-05,0.00010205271629135084,3.246523943525559e-05,0.3181222471587175,3.1865487748848533,True
sgd_with_decay_grad_projection,34,2,60,torch.float32,1.1920928955078125e-07,3.920330339574255e-06,6.618898538815548e-05,2.1487997949818516e-11,3.246461299233602e-07,9.83965410931503e-21,1.486599930730522e-16,9.760739125068959e-08,0.0014746717206691525,9.476760363208116e-05,2.933801210743379e-05,0.3095784950027179,9.011203994889535e-05,1.725978453749091e-20,1.9153694164818973e-16,9.011299569445899e-05,9.927291022185705e-08,0.0011016492067188184,9.394915983023521e-06,9.394915983023521e-06,9.476760363208116e-05,2.933801210743379e-05,0.3095784950027179,3.1227540683117505,True
sgd_with_decay_grad_projection,34,3,49,torch.float32,1.1920928955078125e-07,5.138758647397377e-06,5.012015304783962e-05,2.0993713520424374e-11,4.1886770577866953e-07,6.5434957218040306e-21,1.3055617997732066e-16,8.918514744887193e-08,0.0017793657123083384,8.471302013000484e-05,2.896458135236132e-05,0.34191416275692715,7.960746702809384e-05,1.4369973878277623e-20,1.8051037691233657e-16,7.960765646632456e-05,9.010050463934564e-08,0.0011318070225752688,9.51235352469912e-06,9.51235352469912e-06,8.471302013000484e-05,2.896458135236132e-05,0.34191416275692715,3.044943743643872,True
sgd_with_decay_grad_projection,34,4,60,torch.float32,1.1920928955078125e-07,8.425881056896194e-06,4.9787740399412966e-05,4.080121406631992e-11,8.195032298915297e-07,7.36732590676255e-21,1.4797469914605502e-16,1.1368346666377874e-07,0.002283280893742812,9.23587490328799e-05,3.6480895292909914e-05,0.39499122362433303,8.484858750472065e-05,2.0018788712517304e-20,2.3593543865893506e-16,8.484895900760109e-05,1.133469731298868e-07,0.0013358675752254397,1.0822316585758704e-05,1.0822316585758704e-05,9.23587490328799e-05,3.6480895292909914e-05,0.39499122362433303,3.370895224125658,True
sgd_with_decay_grad_projection,34,5,53,torch.float32,1.1920928955078125e-07,5.678672305444112e-06,7.276750206847238e-05,2.985176883936552e-11,4.102348986952411e-07,9.774077117777066e-21,1.3431926120784975e-16,8.95821198462187e-08,0.001231063138031184,9.804486651612049e-05,2.7998132819766e-05,0.2855644952626108,9.396222862816008e-05,1.643801430050163e-20,1.7494278861298983e-16,9.396264361200719e-05,9.003799976707137e-08,0.0009582318707300153,9.190405035767712e-06,9.190405035767712e-06,9.804486651612049e-05,2.7998132819766e-05,0.2855644952626108,3.0464525459760874,True
sgd_with_decay_grad_projection,34,6,60,torch.float32,1.1920928955078125e-07,3.095485046437789e-06,7.29607993349605e-05,2.0122198183803716e-11,2.7579465092512763e-07,1.0584955680489816e-20,1.4507729872715693e-16,9.76529910719333e-08,0.0013384292374420004,9.881487503481978e-05,2.8865795643345478e-05,0.2921199428038939,9.45047372887924e-05,1.808126908028824e-20,1.913265895341794e-16,9.450574615037814e-05,9.74200210911345e-08,0.001030837013191972,9.348728885144284e-06,9.348728885144284e-06,9.881487503481978e-05,2.8865795643345478e-05,0.2921199428038939,3.087670633942015,True
sgd_with_decay_grad_projection,34,7,53,torch.float32,1.1920928955078125e-07,7.079248571757639e-06,3.7671250612140556e-05,2.1782860098566323e-11,5.782356503860326e-07,5.099013136625416e-21,1.353555577202679e-16,9.999918504568838e-08,0.0026544752994582628,8.071248393281977e-05,3.382457932375559e-05,0.4190749395336308,7.328303279870898e-05,1.6510956878727797e-20,2.2530395165384956e-16,7.328171314674927e-05,9.956808499363512e-08,0.0013587030204144715,1.005204363726998e-05,1.005204363726998e-05,8.071248393281977e-05,3.382457932375559e-05,0.4190749395336308,3.3649455319059838,True
sgd_with_decay_grad_projection,35,0,58,torch.float32,1.1920928955078125e-07,4.814231254404896e-06,5.76282216264467e-05,2.4404943485362e-11,4.234894431335723e-07,8.306773343361491e-21,1.4414419027551768e-16,1.0079119376642186e-07,0.0017489912193522598,9.324317117136398e-05,3.224464023378285e-05,0.3458123509605124,8.749041173915113e-05,1.6802668720685934e-20,1.920515446970619e-16,8.749192928271312e-05,1.012351032419568e-07,0.0011570793337387188,9.87223944640316e-06,9.87223944640316e-06,9.324317117136398e-05,3.224464023378285e-05,0.3458123509605124,3.2661930870741616,True
sgd_with_decay_grad_projection,35,1,60,torch.float32,1.1920928955078125e-07,3.342961442244951e-06,6.868954911626905e-05,1.9575721559761855e-11,2.849883542928274e-07,9.826096074116484e-21,1.4305081632555922e-16,1.0582720233384875e-07,0.0015406715296201758,0.00010201859392049847,3.3418639820397826e-05,0.32757400916974466,9.638977133529308e-05,1.9414286904924973e-20,2.0141438905786093e-16,9.639039123484487e-05,1.0625806049839123e-07,0.0011023719183741545,1.0188143472491984e-05,1.0188143472491984e-05,0.00010201859392049847,3.3418639820397826e-05,0.32757400916974466,3.280150099046823,True
sgd_with_decay_grad_projection,35,2,60,torch.float32,1.1920928955078125e-07,3.920330339574255e-06,6.420920243492219e-05,2.1170105968576616e-11,3.297051694425438e-07,9.431361721462046e-21,1.4688489132101438e-16,9.782695155789988e-08,0.0015235489434214109,9.483899706050035e-05,3.0200776029280728e-05,0.31844259181710705,8.990188257578824e-05,1.71565256359052e-20,1.9083611092840095e-16,8.990380704747703e-05,9.853712760278639e-08,0.0010960284201396522,9.394851096738726e-06,9.394851096738726e-06,9.483899706050035e-05,3.0200776029280728e-05,0.31844259181710705,3.214609334230369,True
sgd_with_decay_grad_projection,35,3,49,torch.float32,1.1920928955078125e-07,5.138758647397377e-06,5.684958698518975e-05,2.5480191349279766e-11,4.482036317329407e-07,7.396896026648675e-21,1.301134523382981e-16,8.994865435040089e-08,0.0015822335264771468,9.000935080517076e-05,2.9816508387490404e-05,0.3312601204293714,8.492737520933406e-05,1.5113983675174378e-20,1.7796362642693867e-16,8.492788594711542e-05,9.021568276437989e-08,0.0010622621976079467,9.512293465702185e-06,9.512293465702185e-06,9.000935080517076e-05,2.9816508387490404e-05,0.3312601204293714,3.1345236030614188,True
sgd_with_decay_grad_projection,35,4,60,torch.float32,1.1920928955078125e-07,8.425881056896194e-06,5.265265571612095e-05,3.8511108396841706e-11,7.314181568442815e-07,7.574551445181269e-21,1.4385886793672502e-16,1.1401456356552883e-07,0.002165384400992426,9.588533963498162e-05,3.755355090220311e-05,0.3916506010737698,8.822544514793571e-05,2.095984070880473e-20,2.3757137947742213e-16,8.822626839014174e-05,1.1351008228736466e-07,0.0012865792054744557,1.0822245617100305e-05,1.0822245617100305e-05,9.588533963498162e-05,3.755355090220311e-05,0.3916506010737698,3.4700331364559394,True
sgd_with_decay_grad_projection,35,5,53,torch.float32,1.1920928955078125e-07,5.678672305444112e-06,8.369847703252416e-05,3.22939926583151e-11,3.858372792824661e-07,1.123710573393331e-20,1.342569916722326e-16,8.99991734844191e-08,0.001075279666476841,0.0001074278046932943,2.882208615769531e-05,0.2682926104650671,0.00010348922924990297,1.7632508580882292e-20,1.703801323933314e-16,0.00010348980093934806,9.122050497887301e-08,0.0008814443950117783,9.190351455402689e-06,9.190351455402689e-06,0.0001074278046932943,2.882208615769531e-05,0.2682926104650671,3.136124477671831,True
sgd_with_decay_grad_projection,35,6,60,torch.float32,1.1920928955078125e-07,3.095485046437789e-06,7.132155788839397e-05,1.9771049641206618e-11,2.772100081176708e-07,1.0347899625028902e-20,1.450879640237527e-16,9.873373549782703e-08,0.0013843485864581874,9.907920058867024e-05,2.971467861289861e-05,0.2999083403615642,9.451838902680313e-05,1.843643292007766e-20,1.950565716354892e-16,9.451811579941877e-05,9.72234200230519e-08,0.0010286220710257722,9.348665344325978e-06,9.348665344325978e-06,9.907920058867024e-05,2.971467861289861e-05,0.2999083403615642,3.178494204088015,True
sgd_with_decay_grad_projection,35,7,53,torch.float32,1.1920928955078125e-07,7.079248571757639e-06,3.827381112799512e-05,2.2222306268868258e-11,5.806138875105099e-07,5.124955778856831e-21,1.339024159814877e-16,9.840503442962937e-08,0.0025709805675948943,8.31098389890828e-05,3.4819986953697215e-05,0.4189634750498208,7.546399038836751e-05,1.7057566764351066e-20,2.2603584407034515e-16,7.546602840085705e-05,9.923805240337152e-08,0.001315002982219275,1.005197764153311e-05,1.005197764153311e-05,8.31098389890828e-05,3.4819986953697215e-05,0.4189634750498208,3.4639936732277223,True
sgd_with_decay_grad_projection,36,0,58,torch.float32,1.1920928955078125e-07,4.814231254404896e-06,6.827712342461838e-05,2.7414185278443636e-11,4.015134777713705e-07,9.772174042134785e-21,1.4312515747568919e-16,1.0091086490332519e-07,0.0014779433589887016,0.00010149566545969748,3.316647011934411e-05,0.326777207372605,9.592369554458106e-05,1.801288729094383e-20,1.877835000901549e-16,9.592511217475264e-05,1.0079346214642e-07,0.0010507515692324487,9.872177578427909e-06,9.872177578427909e-06,0.00010149566545969748,3.316647011934411e-05,0.326777207372605,3.3595901062210927,True
sgd_with_decay_grad_projection,36,1,60,torch.float32,1.1920928955078125e-07,3.342961442244951e-06,7.551535087457798e-05,2.2278654270406998e-11,2.9502152889959017e-07,1.0960262805466702e-20,1.45139533598551e-16,1.0647709389131816e-07,0.0014100090645519524,0.00010834031569180231,3.437160702838413e-05,0.3172559246196187,0.0001027434505673511,2.022583327321103e-20,1.9685764067221445e-16,0.0001027432441239931,1.0717938597601541e-07,0.001043176968859078,1.0188077595074636e-05,1.0188077595074636e-05,0.00010834031569180231,3.437160702838413e-05,0.3172559246196187,3.3737087990967867,True
sgd_with_decay_grad_projection,36,2,60,torch.float32,1.1920928955078125e-07,3.920330339574255e-06,6.279942939824998e-05,2.022107919085157e-11,3.219946325087958e-07,9.28203942173477e-21,1.4780451845942906e-16,9.841426138021204e-08,0.001567097269545729,9.492399205009153e-05,3.106413967798948e-05,0.3272527735832779,8.969717661550001e-05,1.7518233827049016e-20,1.9530418334284337e-16,8.969698362211346e-05,9.865311308044084e-08,0.0010998487250815352,9.394784334191343e-06,9.394784334191343e-06,9.492399205009153e-05,3.106413967798948e-05,0.3272527735832779,3.3065303654640332,True
sgd_with_decay_grad_projection,36,3,49,torch.float32,1.1920928955078125e-07,5.138758647397377e-06,5.7052663540306436e-05,2.4522396464182715e-11,4.298203614430409e-07,7.420873396311501e-21,1.3007058629382843e-16,8.897807134314126e-08,0.001559541463269685,9.200064477157721e-05,3.0669188010606216e-05,0.3333584029411193,8.673822424488538e-05,1.5439809286953693e-20,1.780046735031484e-16,8.673811551372042e-05,8.973387840468613e-08,0.001034538021413341,9.51222864133803e-06,9.51222864133803e-06,9.200064477157721e-05,3.0669188010606216e-05,0.3333584029411193,3.224185326803936,True
sgd_with_decay_grad_projection,36,4,60,torch.float32,1.1920928955078125e-07,8.425881056896194e-06,7.33546268339699e-05,5.5652786245989235e-11,7.586813354248692e-07,1.0750330286280772e-20,1.46552859039363e-16,1.140376026686769e-07,0.001554591899054479,0.00011052552479838284,3.862687884762612e-05,0.34948378592264595,0.00010355605179055813,2.2533178474389305e-20,2.1759402840079888e-16,0.00010355595386677999,1.1267700565641083e-07,0.0010880784875137615,1.0822183812291772e-05,1.0822183812291772e-05,0.00011052552479838284,3.862687884762612e-05,0.34948378592264595,3.569231452505357,True
sgd_with_decay_grad_projection,36,5,53,torch.float32,1.1920928955078125e-07,5.678672305444112e-06,0.00012312245777413677,4.714751221151103e-11,3.8293186364100413e-07,1.6455983003329527e-20,1.3365541348694141e-16,9.010893290247607e-08,0.0007318689845538071,0.0001409960852220941,2.964579829802056e-05,0.21025972636987134,0.00013784419716197376,2.1535846847544137e-20,1.5623324950152563e-16,0.0001378449824576883,9.01828379057014e-08,0.0006542337363159601,9.19031999427193e-06,9.19031999427193e-06,0.0001409960852220941,2.964579829802056e-05,0.21025972636987134,3.2257634463759652,True
sgd_with_decay_grad_projection,36,6,60,torch.float32,1.1920928955078125e-07,3.095485046437789e-06,7.757131134141189e-05,2.129205693870758e-11,2.7448365343465186e-07,1.1262843103969854e-20,1.4519340860952478e-16,9.734871816615003e-08,0.0012549458039278838,0.000105014068313236,3.0564484524601174e-05,0.29105133260272725,0.00010046774024253961,1.9254434330870307e-20,1.9164792882161072e-16,0.00010046736850504982,9.771210984435753e-08,0.000972575586464636,9.348605429810455e-06,9.348605429810455e-06,0.000105014068313236,3.0564484524601174e-05,0.29105133260272725,3.2694164658119362,True
sgd_with_decay_grad_projection,36,7,53,torch.float32,1.1920928955078125e-07,7.079248571757639e-06,3.6001539102030774e-05,2.004326439192281e-11,5.567335422832579e-07,4.926825741697458e-21,1.3685041985941953e-16,9.889575459021515e-08,0.002746976311596405,8.382495398286637e-05,3.581267398248956e-05,0.427231656933681,7.578967800732219e-05,1.7375846789603803e-20,2.2926402706084973e-16,7.579167553861327e-05,9.970973887867291e-08,0.0013155763897563422,1.005190759809635e-05,1.005190759809635e-05,8.382495398286637e-05,3.581267398248956e-05,0.427231656933681,3.562773894705502,True
sgd_with_decay_grad_projection,37,0,58,torch.float32,1.1920928955078125e-07,4.814231254404896e-06,6.224531040365982e-05,2.6213324470805955e-11,4.211293075865953e-07,8.847923994875555e-21,1.4214603377343124e-16,1.0073155689173713e-07,0.0016182687917561608,9.88580603499928e-05,3.408721625923961e-05,0.3448096810574545,9.279535432260955e-05,1.7968821981666017e-20,1.936392410248917e-16,9.279535951150563e-05,1.0173279380024854e-07,0.0010963133753216913,9.872102975487817e-06,9.872102975487817e-06,9.88580603499928e-05,3.408721625923961e-05,0.3448096810574545,3.4528829717312823,True
sgd_with_decay_grad_projection,37,1,60,torch.float32,1.1920928955078125e-07,3.342961442244951e-06,7.665009646680901e-05,2.201262082331529e-11,2.8718321095456394e-07,1.1187292686502752e-20,1.4595275416708092e-16,1.0627028353925302e-07,0.0013864173407035197,0.0001109430922010157,3.5327169836215176e-05,0.318426042895997,0.00010516824985938617,2.0675510332678857e-20,1.9659460303202512e-16,0.0001051688413796561,1.0708215283018117e-07,0.0010181927596180135,1.0188005817013024e-05,1.0188005817013024e-05,0.0001109430922010157,3.5327169836215176e-05,0.318426042895997,3.4675254873944104,True
sgd_with_decay_grad_projection,37,2,60,torch.float32,1.1920928955078125e-07,3.920330339574255e-06,6.657240188683819e-05,2.1313896646284997e-11,3.201611484968653e-07,9.786840209477821e-21,1.470104717885092e-16,9.854753800284939e-08,0.0014802821208286549,9.92775953414057e-05,3.1926304043703014e-05,0.3215861940844926,9.400400016425328e-05,1.8233986202614466e-20,1.9397032222835416e-16,9.400514933548937e-05,9.851754217530639e-08,0.0010480015496141918,9.39472055833942e-06,9.39472055833942e-06,9.92775953414057e-05,3.1926304043703014e-05,0.3215861940844926,3.39832396774835,True
sgd_with_decay_grad_projection,37,3,49,torch.float32,1.1920928955078125e-07,5.138758647397377e-06,5.618966198803824e-05,2.3920486616452855e-11,4.257097439302107e-07,7.291284276794307e-21,1.2976202416642317e-16,8.950391004692975e-08,0.001592855366396586,9.295856211245992e-05,3.152252963201865e-05,0.3391030252155057,8.74506969418459e-05,1.5737280869807298e-20,1.7995603717455198e-16,8.745028642791959e-05,8.841289208260432e-08,0.0010110074614275639,9.512160489427865e-06,9.512160489427865e-06,9.295856211245992e-05,3.152252963201865e-05,0.3391030252155057,3.3139190268135033,True
sgd_with_decay_grad_projection,37,4,60,torch.float32,1.1920928955078125e-07,8.425881056896194e-06,6.256248672944664e-05,4.4288144977345706e-11,7.079025673782937e-07,9.072242182510862e-21,1.4501089481539183e-16,1.1388635226114678e-07,0.001820360148488408,0.00010530825270842802,3.969916362263389e-05,0.37698055566975225,9.753873331228718e-05,2.2392001358143868e-20,2.295703521846238e-16,9.753976822219384e-05,1.1399259832811276e-07,0.0011686781751258592,1.0822099224926314e-05,1.0822099224926314e-05,0.00010530825270842802,3.969916362263389e-05,0.37698055566975225,3.6683422317174506,True
sgd_with_decay_grad_projection,37,5,53,torch.float32,1.1920928955078125e-07,5.678672305444112e-06,0.00010912076797505441,4.336344093135655e-11,3.973894404891804e-07,1.4775371764554923e-20,1.3540384693712764e-16,8.991993889770901e-08,0.0008240353749576846,0.00013058543657594606,3.0467950322882177e-05,0.23331813349004338,0.00012698133819129807,2.0582914023829232e-20,1.6209400780468197e-16,0.00012698210309401524,9.04501973078389e-08,0.0007123066566386226,9.190244106595132e-06,9.190244106595132e-06,0.00013058543657594606,3.0467950322882177e-05,0.23331813349004338,3.3152492980047907,True
sgd_with_decay_grad_projection,37,6,60,torch.float32,1.1920928955078125e-07,3.095485046437789e-06,7.605605605442025e-05,2.1736389972669175e-11,2.857943351298176e-07,1.0953398830302772e-20,1.4401744448155126e-16,9.765453297125957e-08,0.001283984780981493,0.00010539748779953419,3.141236229440012e-05,0.2980371064834711,0.00010060762361540157,1.9491940031827264e-20,1.937421770972367e-16,0.00010060774168001194,9.858600586838767e-08,0.0009799047689783703,9.348538057083096e-06,9.348538057083096e-06,0.00010539748779953419,3.141236229440012e-05,0.2980371064834711,3.3601363231976094,True
sgd_with_decay_grad_projection,37,7,53,torch.float32,1.1920928955078125e-07,7.079248571757639e-06,3.728995854234191e-05,2.139835150557091e-11,5.738368274470877e-07,5.002925912791339e-21,1.3416281777603622e-16,9.891689301292768e-08,0.002652523537404135,8.665948030082599e-05,3.680942783790756e-05,0.42475938824152754,7.845337180934369e-05,1.797769567186141e-20,2.2915134502504953e-16,7.845377654100513e-05,9.912340802722526e-08,0.001263462543137319,1.0051837944781036e-05,1.0051837944781036e-05,8.665948030082599e-05,3.680942783790756e-05,0.42475938824152754,3.66195993609499,True
sgd_with_decay_grad_projection,38,0,58,torch.float32,1.1920928955078125e-07,4.814231254404896e-06,6.888874900640948e-05,2.7982806836710073e-11,4.0620285954251435e-07,9.912674176193855e-21,1.4389394958053873e-16,1.0081089392797041e-07,0.001463393196013551,0.00010490160508995475,3.500869509996601e-05,0.33372887926686645,9.888750182832225e-05,1.878869147602368e-20,1.900006687259889e-16,9.88881166838081e-05,1.0167057655978746e-07,0.0010281374544211029,9.872035542536013e-06,9.872035542536013e-06,0.00010490160508995475,3.500869509996601e-05,0.33372887926686645,3.546248891540425,True
sgd_with_decay_grad_projection,38,1,60,torch.float32,1.1920928955078125e-07,3.342961442244951e-06,8.413454641238312e-05,2.4119421983631154e-11,2.8667679344713507e-07,1.220295317694628e-20,1.450409338054115e-16,1.0602092220915787e-07,0.001260137967873332,0.00011741317543672002,3.627996313043465e-05,0.3089939693351346,0.00011166744396370992,2.160721218185599e-20,1.9349607562324052e-16,0.0001116685377303281,1.0581917951066149e-07,0.0009476185652776039,1.0187935516983678e-05,1.0187935516983678e-05,0.00011741317543672002,3.627996313043465e-05,0.3089939693351346,3.5610711385004903,True
sgd_with_decay_grad_projection,38,2,60,torch.float32,1.1920928955078125e-07,3.920330339574255e-06,6.744076574866415e-05,2.1966030071476805e-11,3.257084914091727e-07,9.919874133643495e-21,1.470901764462915e-16,9.823438064654093e-08,0.001456590014214134,0.00010117464433829396,3.278925321307961e-05,0.32408567806221666,9.571401950972923e-05,1.8541739600975938e-20,1.937202062555861e-16,9.571389848869712e-05,9.80755971947909e-08,0.0010246745639179316,9.394651948700002e-06,9.394651948700002e-06,0.00010117464433829396,3.278925321307961e-05,0.32408567806221666,3.4902041493529588,True
sgd_with_decay_grad_projection,38,3,49,torch.float32,1.1920928955078125e-07,5.138758647397377e-06,5.77650731479507e-05,2.4415247334852293e-11,4.226645272709822e-07,7.533251221242843e-21,1.3041187019618218e-16,8.956924405019628e-08,0.0015506037708681421,9.554323699323544e-05,3.237229637191496e-05,0.33882352525074017,8.989184925650632e-05,1.6115305672940905e-20,1.792743814509355e-16,8.989127258292776e-05,9.081004427964182e-08,0.0010102209221241859,9.51209219382104e-06,9.51209219382104e-06,9.554323699323544e-05,3.237229637191496e-05,0.33882352525074017,3.4032782391389858,True
sgd_with_decay_grad_projection,38,4,60,torch.float32,1.1920928955078125e-07,8.425881056896194e-06,9.072417199668578e-05,5.7497299034443885e-11,6.337594245174737e-07,1.298196348558865e-20,1.4309266427987347e-16,1.1311546266924694e-07,0.0012467953633582545,0.00012567246432157464,4.077180471425419e-05,0.32442910174758743,0.00011887484270862433,2.4628026183790942e-20,2.0717609901833492e-16,0.00011887476881201363,1.1306346710251739e-07,0.0009511140861296973,1.0822038783633151e-05,1.0822038783633151e-05,0.00012567246432157464,4.077180471425419e-05,0.32442910174758743,3.767479079442586,True
sgd_with_decay_grad_projection,38,5,53,torch.float32,1.1920928955078125e-07,5.678672305444112e-06,0.00018202960033921213,6.093998690841111e-11,3.347806444383191e-07,2.413393087596724e-20,1.3258245269447944e-16,8.999607581233097e-08,0.0004944062332964303,0.00019566736494066396,3.1292380713579895e-05,0.15992641758664913,0.00019314891822658328,2.836980111044391e-20,1.468804556138557e-16,0.0001931486470572586,9.076610050477353e-08,0.00046992874083071404,9.190238801535278e-06,9.190238801535278e-06,0.00019566736494066396,3.1292380713579895e-05,0.15992641758664913,3.404958390020544,True
sgd_with_decay_grad_projection,38,6,60,torch.float32,1.1920928955078125e-07,3.095485046437789e-06,8.298543892233166e-05,2.3536291679936962e-11,2.836195359762478e-07,1.2191244215235854e-20,1.4690823322205314e-16,9.784561921941262e-08,0.0011790610029093016,0.00011196605559944325,3.2261925245209816e-05,0.28814023207735684,0.00010721737632478289,2.0427051014992355e-20,1.90519967147067e-16,0.00010721826650929509,9.808286864269839e-08,0.0009147962547426122,9.34847477309945e-06,9.34847477309945e-06,0.00011196605559944325,3.2261925245209816e-05,0.28814023207735684,3.451036241552963,True
sgd_with_decay_grad_projection,38,7,53,torch.float32,1.1920928955078125e-07,7.079248571757639e-06,3.692239639244674e-05,2.016083669077474e-11,5.460327243249863e-07,4.999829898956425e-21,1.3541455559422982e-16,9.900223768630277e-08,0.002681275514537179,8.815583940522911e-05,3.780279490082493e-05,0.42881782030405796,7.963919084801597e-05,1.825986180912306e-20,2.2928236229785806e-16,7.964295921332192e-05,1.0016994645568069e-07,0.0012577376260891773,1.0051764473742636e-05,1.0051764473742636e-05,8.815583940522911e-05,3.780279490082493e-05,0.42881782030405796,3.760811845479859,True
sgd_with_decay_grad_projection,39,0,58,torch.float32,1.1920928955078125e-07,4.814231254404896e-06,7.590131823351829e-05,3.193100574790523e-11,4.206910563748863e-07,1.0863079819972633e-20,1.4312109555926555e-16,1.0185718803380011e-07,0.0013419596701741282,0.00011102862777603113,3.592896308745281e-05,0.3236008929150177,0.00010505458484658785,1.966009700791962e-20,1.8714173243014033e-16,0.00010505527052299019,1.0173776987886579e-07,0.0009684213783124912,9.871965976415664e-06,9.871965976415664e-06,0.00011102862777603113,3.592896308745281e-05,0.3236008929150177,3.639494217594334,True
sgd_with_decay_grad_projection,39,1,60,torch.float32,1.1920928955078125e-07,3.342961442244951e-06,9.476809984434304e-05,2.7920751761760923e-11,2.946218380195537e-07,1.3677244346669257e-20,1.4432329411621398e-16,1.0648545384606532e-07,0.001123650737308512,0.00012694959763015728,3.723496904542251e-05,0.2933051363730925,0.00012136621201407443,2.289457910306023e-20,1.886404685713123e-16,0.00012136776435854276,1.0789156931843972e-07,0.0008889639673983623,1.0187866660742226e-05,1.0187866660742226e-05,0.00012694959763015728,3.723496904542251e-05,0.2933051363730925,3.654834744638265,True
sgd_with_decay_grad_projection,39,2,60,torch.float32,1.1920928955078125e-07,3.920330339574255e-06,7.088855107886421e-05,2.3257714453002875e-11,3.280884444531591e-07,1.0544883715147459e-20,1.4875298697270225e-16,9.788109187158777e-08,0.001380775559690539,0.0001050776161849538,3.365109239862136e-05,0.32024986500826147,9.954350507939688e-05,1.9299643779895255e-20,1.938814969846769e-16,9.954440594753758e-05,9.81066499317778e-08,0.0009855566367384069,9.394583674336982e-06,9.394583674336982e-06,0.0001050776161849538,3.365109239862136e-05,0.32024986500826147,3.5819673936744483,True
sgd_with_decay_grad_projection,39,3,49,torch.float32,1.1920928955078125e-07,5.138758647397377e-06,6.18084245329571e-05,2.7253332357502595e-11,4.409323253818052e-07,7.969111181677327e-21,1.2893244314015578e-16,9.009548599856717e-08,0.001457651791190002,9.961169146162124e-05,3.3224831814585614e-05,0.33354349602010924,9.390739921187109e-05,1.6746883693525806e-20,1.7833401663847578e-16,9.390880490868709e-05,9.035715990874502e-08,0.0009621798509373478,9.512023445572908e-06,9.512023445572908e-06,9.961169146162124e-05,3.3224831814585614e-05,0.33354349602010924,3.4929299748571516,True
sgd_with_decay_grad_projection,39,4,60,torch.float32,1.1920928955078125e-07,8.425881056896194e-06,8.190410397789939e-05,5.14292809738559e-11,6.27920683775911e-07,1.2183424644484045e-20,1.487523097471888e-16,1.140711915800164e-07,0.0013927278858695403,0.00012113336631627451,4.184613254054324e-05,0.34545504523736764,0.00011367582692249059,2.468943918013438e-20,2.1719163914214388e-16,0.0001136766519423342,1.1301492968782751e-07,0.0009941789079533907,1.0821950887866033e-05,1.0821950887866033e-05,0.00012113336631627451,4.184613254054324e-05,0.34545504523736764,3.8667827061997344,True
sgd_with_decay_grad_projection,39,5,53,torch.float32,1.1920928955078125e-07,5.678672305444112e-06,0.00016887355402124226,5.939204442430521e-11,3.5169535436457033e-07,2.218607470579783e-20,1.3137684484930344e-16,9.080146073500571e-08,0.0005376880699483505,0.00018465024696382232,3.2115882590639285e-05,0.17392818649699182,0.0001818358704690162,2.671163638455196e-20,1.4689970859794394e-16,0.00018183672431459287,9.081848807305499e-08,0.0004994507485513837,9.190159556026457e-06,9.190159556026457e-06,0.00018465024696382232,3.2115882590639285e-05,0.17392818649699182,3.4945946688791993,True
sgd_with_decay_grad_projection,39,6,60,torch.float32,1.1920928955078125e-07,3.095485046437789e-06,8.499050730190206e-05,2.3530098666060987e-11,2.768556090914684e-07,1.2506433062478193e-20,1.4715094025799258e-16,9.772197110157217e-08,0.0011497822814759964,0.00011424240786530793,3.311036698489239e-05,0.2898255350493802,0.00010933906599650979,2.1056208082136374e-20,1.9257717166532692e-16,0.00010933900202435893,9.758191971829404e-08,0.0008924712857407862,9.348405109723054e-06,9.348405109723054e-06,0.00011424240786530793,3.311036698489239e-05,0.2898255350493802,3.541819871547403,True
sgd_with_decay_grad_projection,39,7,53,torch.float32,1.1920928955078125e-07,7.079248571757639e-06,4.521439819657772e-05,2.4847662618396993e-11,5.495519924951188e-07,6.0982727617799375e-21,1.3487457546747656e-16,9.923900357883521e-08,0.0021947815741084216,9.38073435741309e-05,3.879753959377396e-05,0.4135874454553161,8.54082468494968e-05,1.8925543566265238e-20,2.215891821268164e-16,8.540857935874584e-05,9.837093196924648e-08,0.0011517687415927413,1.0051693633079851e-05,1.0051693633079851e-05,9.38073435741309e-05,3.879753959377396e-05,0.4135874454553161,3.85980124444823,True
sgd_with_decay_grad_projection,40,0,58,torch.float32,1.1920928955078125e-07,4.814231254404896e-06,6.188275493383923e-05,2.546201826820697e-11,4.114557972641846e-07,8.873134349502758e-21,1.4338622058746498e-16,1.0134125759555416e-07,0.0016376369526445885,0.000103599676113689,3.684949879666319e-05,0.355691254828104,9.682462150349974e-05,1.8984098612675496e-20,1.9606685074404668e-16,9.682680638789301e-05,1.0142591105528202e-07,0.0010474982583744915,9.871880849413726e-06,9.871880849413726e-06,0.000103599676113689,3.684949879666319e-05,0.355691254828104,3.732773861310494,True
sgd_with_decay_grad_projection,40,1,60,torch.float32,1.1920928955078125e-07,3.342961442244951e-06,8.951648988684265e-05,2.6588202502966145e-11,2.9702016395611756e-07,1.3023117379438236e-20,1.4548288696195828e-16,1.0587654744847479e-07,0.0011827511782901787,0.00012418689980357058,3.819139452071559e-05,0.3075315881234159,0.00011816853839912355,2.3008161145506997e-20,1.9470631910327196e-16,0.00011816804534190296,1.060341112499382e-07,0.0008973162832908262,1.0187783048713594e-05,1.0187783048713594e-05,0.00012418689980357058,3.819139452071559e-05,0.3075315881234159,3.7487443870860595,True
sgd_with_decay_grad_projection,40,2,60,torch.float32,1.1920928955078125e-07,3.920330339574255e-06,7.07864752404965e-05,2.3665985303203386e-11,3.343291952706839e-07,1.0283985837039764e-20,1.4528179008914593e-16,9.896894584780445e-08,0.00139809019859025,0.00010631242376927315,3.451256023393085e-05,0.3246333684276871,0.00010055453562021363,1.9695372156195914e-20,1.958675661392714e-16,0.00010055739378399216,9.841493985249472e-08,0.0009786942177906913,9.394510665660895e-06,9.394510665660895e-06,0.00010631242376927315,3.451256023393085e-05,0.3246333684276871,3.6736942946993745,True
sgd_with_decay_grad_projection,40,3,49,torch.float32,1.1920928955078125e-07,5.138758647397377e-06,6.407616153871804e-05,2.9045187973215902e-11,4.5329163413862324e-07,8.229197526872078e-21,1.2842837849923997e-16,9.088497114711653e-08,0.0014183849971010944,0.00010262964202992607,3.4075989459252475e-05,0.3320287276196107,9.680738796994619e-05,1.6967606384556597e-20,1.7527181282717992e-16,9.680790066380784e-05,8.944760955586337e-08,0.0009239701402728986,9.5119517142561e-06,9.5119517142561e-06,0.00010262964202992607,3.4075989459252475e-05,0.3320287276196107,3.5824392809081296,True
sgd_with_decay_grad_projection,40,4,60,torch.float32,1.1920928955078125e-07,8.425881056896194e-06,5.5735190408158784e-05,4.726597689182782e-11,8.480454905723046e-07,7.990917746340506e-21,1.433729334702987e-16,1.131847969694431e-07,0.0020307172112530494,0.00010703602896174836,4.291832397335183e-05,0.4009708169264167,9.805472432891056e-05,2.3448878828281818e-20,2.3914073481687535e-16,9.805578604053638e-05,1.1376919385280424e-07,0.0011602496746675602,1.0821850875723241e-05,1.0821850875723241e-05,0.00010703602896174836,4.291832397335183e-05,0.4009708169264167,3.965894971777047,True
sgd_with_decay_grad_projection,40,5,53,torch.float32,1.1920928955078125e-07,5.678672305444112e-06,8.337801349593343e-05,3.446261310890908e-11,4.133297456240057e-07,1.141068572794461e-20,1.3685485237066863e-16,9.003528697377888e-08,0.0010798446231851085,0.00011344211996768276,3.29379945807768e-05,0.29035066155463357,0.00010855506941529192,1.9085577991186882e-20,1.7581470947406844e-16,0.0001085554202110219,8.951759505829282e-08,0.00082462575230494,9.190018448953221e-06,9.190018448953221e-06,0.00011344211996768276,3.29379945807768e-05,0.29035066155463357,3.5841053816957857,True
sgd_with_decay_grad_projection,40,6,60,torch.float32,1.1920928955078125e-07,3.095485046437789e-06,8.166023949693448e-05,2.3288987300179176e-11,2.851937178197162e-07,1.193076433000928e-20,1.461024900674905e-16,9.763877813015778e-08,0.0011956673252632223,0.00011308157865639611,3.395787813171558e-05,0.3002954020910713,0.00010786243991406025,2.1014706719876208e-20,1.9482877206022545e-16,0.00010786268627398503,9.743645684577144e-08,0.0009033379402240212,9.348330897848307e-06,9.348330897848307e-06,0.00011308157865639611,3.395787813171558e-05,0.3002954020910713,3.6325070756247637,True
sgd_with_decay_grad_projection,40,7,53,torch.float32,1.1920928955078125e-07,7.079248571757639e-06,4.0376479584853995e-05,2.203185455361607e-11,5.456606118251242e-07,5.397649298782749e-21,1.33683009372821e-16,9.894892236255245e-08,0.002450569370701856,9.335033607011407e-05,3.979130593915878e-05,0.4262577684698651,8.444487678988884e-05,1.9255554390316856e-20,2.280251345292087e-16,8.444591236005038e-05,9.913977030311591e-08,0.0011740031877495222,1.0051614330870743e-05,1.0051614330870743e-05,9.335033607011407e-05,3.979130593915878e-05,0.4262577684698651,3.958698038876286,True
sgd_with_decay_grad_projection,41,0,58,torch.float32,1.1920928955078125e-07,4.814231254404896e-06,7.202691712778155e-05,2.998571011391985e-11,4.16312557994434e-07,1.0322283339368666e-20,1.4331146953099491e-16,1.0162531618977329e-07,0.00141093143461866,0.00011015856522218616,3.68500106126678e-05,0.334517888267177,0.0001038122642545519,1.981894130833932e-20,1.9091136727104291e-16,0.00010381280828011244,1.0118008171718558e-07,0.0009746396749443178,9.871808276225902e-06,9.871808276225902e-06,0.00011015856522218616,3.68500106126678e-05,0.334517888267177,3.7328531492465284,True
sgd_with_decay_grad_projection,41,1,60,torch.float32,1.1920928955078125e-07,3.342961442244951e-06,8.630986882698262e-05,2.649733906179446e-11,3.070024253531333e-07,1.2446781677499466e-20,1.442104112387305e-16,1.0727572415156799e-07,0.0012428872871467478,0.00012174960691613112,3.8190816158120733e-05,0.31368328100171194,0.0001156046207787953,2.2769485285707286e-20,1.969599928819088e-16,0.00011560422634468952,1.0708958355924683e-07,0.0009263466133145069,1.0187698513725183e-05,1.0187698513725183e-05,0.00012174960691613112,3.8190816158120733e-05,0.31368328100171194,3.7487187225523884,True
sgd_with_decay_grad_projection,41,2,60,torch.float32,1.1920928955078125e-07,3.920330339574255e-06,7.408894211865787e-05,2.5578497315908883e-11,3.452404175908382e-07,1.0879102381828243e-20,1.468384089545422e-16,9.780634233086095e-08,0.0013201050681381301,0.00010843212301320378,3.4513084973861165e-05,0.31829207078845545,0.00010279286097165306,1.9946415148857714e-20,1.9404475136029427e-16,0.00010279397670772475,9.887325095012224e-08,0.000961858409576367,9.394437153824684e-06,9.394437153824684e-06,0.00010843212301320378,3.4513084973861165e-05,0.31829207078845545,3.673778897952404,True
sgd_with_decay_grad_projection,41,3,49,torch.float32,1.1920928955078125e-07,5.138758647397377e-06,5.8233068264300384e-05,2.5223941096566872e-11,4.331549383948628e-07,7.70717875635865e-21,1.3235055246237535e-16,8.97520509769318e-08,0.0015412520537139653,9.911820981067707e-05,3.407517645060369e-05,0.343783211134359,9.307685999180261e-05,1.6814841077127724e-20,1.8065543980113452e-16,9.307634068473552e-05,8.859635091287416e-08,0.0009518675773144562,9.511871700934728e-06,9.511871700934728e-06,9.911820981067707e-05,3.407517645060369e-05,0.343783211134359,3.5823839431365685,True
sgd_with_decay_grad_projection,41,4,60,torch.float32,1.1920928955078125e-07,8.425881056896194e-06,7.135196645816973e-05,5.145599129242662e-11,7.211572973618439e-07,1.021482256429997e-20,1.431610517741104e-16,1.1272948879648824e-07,0.0015799055430725723,0.0001157909722674973,4.291678553869452e-05,0.37064016907595587,0.00010754393882352474,2.4535496434275785e-20,2.2814392612620916e-16,0.00010754576197196144,1.1316428778618634e-07,0.0010522431168946455,1.082177277736571e-05,1.082177277736571e-05,0.0001157909722674973,4.291678553869452e-05,0.37064016907595587,3.965781431713033,True
sgd_with_decay_grad_projection,41,5,53,torch.float32,1.1920928955078125e-07,5.678672305444112e-06,0.00013490579319209916,5.1201982433602844e-11,3.7953879683056874e-07,1.8034703937512633e-20,1.3368368778524886e-16,9.11922755089861e-08,0.0006759700910366685,0.00015506164485469572,3.2939113563807607e-05,0.2124259264415388,0.00015152269962838693,2.3655738132044428e-20,1.5612009415130998e-16,0.00015152281051313818,9.029349430933065e-08,0.0005959069397112425,9.189986066408926e-06,9.189986066408926e-06,0.00015506164485469572,3.2939113563807607e-05,0.2124259264415388,3.584239772049935,True
sgd_with_decay_grad_projection,41,6,60,torch.float32,1.1920928955078125e-07,3.095485046437789e-06,8.506647669811672e-05,2.3904657367614018e-11,2.81011490019114e-07,1.2197034840761988e-20,1.433823912097267e-16,9.717157169001862e-08,0.0011422919013218665,0.00011594324423647086,3.395817315139385e-05,0.29288617353275714,0.00011085882175225339,2.152887887744199e-20,1.9420086319837128e-16,0.00011086024873537933,9.834746043967522e-08,0.0008871300719740235,9.348259155178151e-06,9.348259155178151e-06,0.00011594324423647086,3.395817315139385e-05,0.29288617353275714,3.6325665118712362,True
sgd_with_decay_grad_projection,41,7,53,torch.float32,1.1920928955078125e-07,7.079248571757639e-06,4.446867875590908e-05,2.441663125076763e-11,5.49074808019186e-07,5.937059001111395e-21,1.335110276988691e-16,9.937648107154415e-08,0.002234694912164335,9.518240855412584e-05,3.9791081244081896e-05,0.4180507916171773,8.646595140048713e-05,1.956179621453544e-20,2.262369857463366e-16,8.646521412253685e-05,9.887360096836366e-08,0.001143507270198185,1.0051535991581255e-05,1.0051535991581255e-05,9.518240855412584e-05,3.9791081244081896e-05,0.4180507916171773,3.958706537728088,True
sgd_with_decay_grad_projection,42,0,58,torch.float32,1.1920928955078125e-07,4.814231254404896e-06,7.530209495187951e-05,3.0844116537093747e-11,4.0960502568758734e-07,1.0833761324699714e-20,1.4387064970269086e-16,1.0191180120406339e-07,0.0013533665153435976,0.00011163544609424777,3.6849634655901575e-05,0.33008901693097925,0.00010537825795859542,1.9816545159538385e-20,1.8805155392988731e-16,0.00010537807226638556,1.0145565463064157e-07,0.0009627776675793755,9.871730280119726e-06,9.871730280119726e-06,0.00011163544609424777,3.6849634655901575e-05,0.33008901693097925,3.7328445581735097,True
sgd_with_decay_grad_projection,42,1,60,torch.float32,1.1920928955078125e-07,3.342961442244951e-06,9.406342622470647e-05,2.6669280667596358e-11,2.8352444449436254e-07,1.3703312682349998e-20,1.4568162390358763e-16,1.0694261363104397e-07,0.0011369340738148599,0.00012801994586427855,3.818984069422147e-05,0.2983116453955445,0.00012219100869885146,2.3271373566389253e-20,1.9045078532531988e-16,0.00012219019278283299,1.0595705763796697e-07,0.0008671486248187124,1.01876229042544e-05,1.01876229042544e-05,0.00012801994586427855,3.818984069422147e-05,0.2983116453955445,3.7486507945119576,True
sgd_with_decay_grad_projection,42,2,60,torch.float32,1.1920928955078125e-07,3.920330339574255e-06,7.788268919340075e-05,2.641284294552993e-11,3.391362473365644e-07,1.154539538616755e-20,1.4824084152382468e-16,9.832444477253417e-08,0.0012624663423524201,0.00011138965737678972,3.451324761354032e-05,0.30984247933176473,0.00010590793884164237,2.0121653403051643e-20,1.8999192716929667e-16,0.00010590942069975005,9.879594578037914e-08,0.0009328343515395349,9.39436461885657e-06,9.39436461885657e-06,0.00011138965737678972,3.451324761354032e-05,0.30984247933176473,3.6738245760936925,True
sgd_with_decay_grad_projection,42,3,49,torch.float32,1.1920928955078125e-07,5.138758647397377e-06,5.896000630948227e-05,2.4855090636753756e-11,4.2155847993449795e-07,7.663453040550888e-21,1.2997714078126022e-16,8.932161356810116e-08,0.0015149316182904294,9.946564085742142e-05,3.407354309076555e-05,0.34256596345272755,9.344735080471401e-05,1.6847490269743924e-20,1.8028858094598913e-16,9.344843949150398e-05,8.896482157053479e-08,0.0009520204088439933,9.511795562250271e-06,9.511795562250271e-06,9.946564085742142e-05,3.407354309076555e-05,0.34256596345272755,3.5822408994989523,True
sgd_with_decay_grad_projection,42,4,60,torch.float32,1.1920928955078125e-07,8.425881056896194e-06,8.701774498649479e-05,6.097380281289648e-11,7.007053885659718e-07,1.2449104550261545e-20,1.4306397565458297e-16,1.1326694173284616e-07,0.0013016415141800747,0.00012646891830559316,4.29167354358357e-05,0.33934610978591473,0.00011896445316529336,2.515348500979981e-20,2.1143698256529354e-16,0.00011896666922776953,1.1437411630328896e-07,0.0009613963057527666,1.0821696698745602e-05,1.0821696698745602e-05,0.00012646891830559316,4.29167354358357e-05,0.33934610978591473,3.965804682070825,True
sgd_with_decay_grad_projection,42,5,53,torch.float32,1.1920928955078125e-07,5.678672305444112e-06,0.00020544440213819286,6.658304603524943e-11,3.2409277323829015e-07,2.6567895807363438e-20,1.2931915170652276e-16,8.974335727293766e-08,0.0004368250524348677,0.00021904305090582552,3.2937101451633044e-05,0.15036816422810823,0.00021655254673657594,3.073921044292148e-20,1.4194804404823745e-16,0.00021655246697002806,8.990183958006073e-08,0.00041515038289775564,9.189975175028064e-06,9.189975175028064e-06,0.00021904305090582552,3.2937101451633044e-05,0.15036816422810823,3.584025073444495,True
sgd_with_decay_grad_projection,42,6,60,torch.float32,1.1920928955078125e-07,3.095485046437789e-06,8.034127213514861e-05,2.2374081173583977e-11,2.7848801218814046e-07,1.1759278458467038e-20,1.4636659522500778e-16,9.795459891932891e-08,0.0012192475658995845,0.00011255105986621127,3.3958570131913694e-05,0.30171701778979276,0.00010730590194208038,2.0979767642392605e-20,1.9551364149305303e-16,0.00010730652348318088,9.804406311474037e-08,0.0009136822248286489,9.348180635066022e-06,9.348180635066022e-06,0.00011255105986621127,3.3958570131913694e-05,0.30171701778979276,3.6326394897132688,True
sgd_with_decay_grad_projection,42,7,53,torch.float32,1.1920928955078125e-07,7.079248571757639e-06,4.6794672273814674e-05,2.7083049750333444e-11,5.787635308536728e-07,6.449028186407118e-21,1.3781543652389122e-16,9.93022883203263e-08,0.0021220431152806597,9.630464423346148e-05,3.9789906229974934e-05,0.41316705488799005,8.770032989187321e-05,1.9677888218131826e-20,2.2437644467692345e-16,8.770004791762159e-05,9.806908111048778e-08,0.0011182329250561645,1.0051456911190866e-05,1.0051456911190866e-05,9.630464423346148e-05,3.9789906229974934e-05,0.41316705488799005,3.9586207831896028,True
sgd_with_decay_grad_projection,43,0,58,torch.float32,1.1920928955078125e-07,4.814231254404896e-06,7.125648096197547e-05,2.975245172626218e-11,4.17540290014307e-07,1.0113476776708247e-20,1.419306235752222e-16,1.0095069338316177e-07,0.0014167301214753347,0.00010989372983717461,3.684768991952452e-05,0.3353029328799773,0.00010353202212417418,1.9788551413143097e-20,1.911345978484716e-16,0.00010353306188678527,1.0180234271746083e-07,0.0009832834155796822,9.871649923257164e-06,9.871649923257164e-06,0.00010989372983717461,3.684768991952452e-05,0.3353029328799773,3.7326779419834386,True
sgd_with_decay_grad_projection,43,1,60,torch.float32,1.1920928955078125e-07,3.342961442244951e-06,8.226266607990485e-05,2.4673464617438128e-11,2.9993514425452555e-07,1.1831270799706154e-20,1.438230896651772e-16,1.0582633423961464e-07,0.0012864237024948124,0.00011887829685598985,3.818610629512338e-05,0.3212201663805997,0.00011257828720227709,2.24235277688519e-20,1.9918163907185775e-16,0.00011257675032381012,1.0667514814833277e-07,0.0009475770782288325,1.0187530910633872e-05,1.0187530910633872e-05,0.00011887829685598985,3.818610629512338e-05,0.3212201663805997,3.7483180792378503,True
sgd_with_decay_grad_projection,43,2,60,torch.float32,1.1920928955078125e-07,3.920330339574255e-06,7.944427851599037e-05,2.5011434451629545e-11,3.148299024025411e-07,1.1793216013826431e-20,1.4844638574511444e-16,9.789287930954783e-08,0.0012322099433595048,0.00011264579924881713,3.451140398122567e-05,0.30637098064345325,0.00010722890973822987,2.0295594043824668e-20,1.8927352794475692e-16,0.00010723097153625078,9.832684320769835e-08,0.0009169630919035152,9.394289927659373e-06,9.394289927659373e-06,0.00011264579924881713,3.451140398122567e-05,0.30637098064345325,3.6736575352666736,True
sgd_with_decay_grad_projection,43,3,49,torch.float32,1.1920928955078125e-07,5.138758647397377e-06,6.489306585270057e-05,2.8750626158243988e-11,4.4304619885743167e-07,8.575951775231854e-21,1.3215513341131194e-16,8.999377943485243e-08,0.001386802432553781,0.00010270006963623855,3.4071832132959936e-05,0.33176055531064036,9.688351025015375e-05,1.7227566923174077e-20,1.7781732803335062e-16,9.68846963584648e-05,8.953024167108873e-08,0.0009240906462650692,9.511722443835103e-06,9.511722443835103e-06,0.00010270006963623855,3.4071832132959936e-05,0.33176055531064036,3.5820885580027775,True
sgd_with_decay_grad_projection,43,4,60,torch.float32,1.1920928955078125e-07,8.425881056896194e-06,7.093132488684386e-05,5.377536462845417e-11,7.581328096470996e-07,1.0406785190877965e-20,1.4671635144955788e-16,1.1325499630068304e-07,0.0015966544874700345,0.00011549589836386682,4.291331433292645e-05,0.3715570417724201,0.00010722756171731269,2.4494311734450542e-20,2.2843298254814044e-16,0.00010722788032383134,1.1335983689857012e-07,0.0010571862145947498,1.0821597979033918e-05,1.0821597979033918e-05,0.00011549589836386682,4.291331433292645e-05,0.3715570417724201,3.965524723434373,True
sgd_with_decay_grad_projection,43,5,53,torch.float32,1.1920928955078125e-07,5.678672305444112e-06,0.0001090774960182714,4.2458741835585477e-11,3.8925299338071783e-07,1.4640284102323452e-20,1.3421910693542315e-16,8.96938279632413e-08,0.0008222898806840845,0.00013356232360652904,3.293509434648598e-05,0.24658970776453298,0.00012943791503096475,2.154977160414228e-20,1.6648732018734267e-16,0.00012943875063850302,8.996915677662053e-08,0.0006950712698694589,9.189819637185474e-06,9.189819637185474e-06,0.00013356232360652904,3.293509434648598e-05,0.24658970776453298,3.5838673278437563,True
sgd_with_decay_grad_projection,43,6,60,torch.float32,1.1920928955078125e-07,3.095485046437789e-06,8.903112130620562e-05,2.5010221255677137e-11,2.809154921194268e-07,1.3023581579295785e-20,1.4628122602774106e-16,9.8261064678606e-08,0.0011036683646628456,0.00011892110186601798,3.395472435554988e-05,0.2855231226650157,0.00011397063289710404,2.1442112689973983e-20,1.881371731025881e-16,0.00011397112414532633,9.803021812005872e-08,0.0008601320628816374,9.348111820132166e-06,9.348111820132166e-06,0.00011892110186601798,3.395472435554988e-05,0.2855231226650157,3.632254834866729,True
sgd_with_decay_grad_projection,43,7,53,torch.float32,1.1920928955078125e-07,7.079248571757639e-06,4.38956051594166e-05,2.5146984138886503e-11,5.728815913930259e-07,5.865872084059229e-21,1.336323320468411e-16,9.934133456826694e-08,0.002263112757443419,9.494488654212585e-05,3.9787424912127514e-05,0.4190581121446107,8.620610360849726e-05,1.9376243132228757e-20,2.2476648776779717e-16,8.620545542728306e-05,9.844346413709809e-08,0.0011419632742400874,1.0051375215369077e-05,1.0051375215369077e-05,9.494488654212585e-05,3.9787424912127514e-05,0.4190581121446107,3.958406094649662,True
sgd_with_decay_grad_projection,44,0,58,torch.float32,1.1920928955078125e-07,4.814231254404896e-06,7.97416939376577e-05,3.2554610081399586e-11,4.082507967143372e-07,1.1451844379241708e-20,1.4361175206781724e-16,1.0087602297837068e-07,0.0012650266158320117,0.0001149110417314506,3.684396162773781e-05,0.32063029864303977,0.00010884424653320434,2.0286895766632807e-20,1.8638464055556696e-16,0.00010884525354068685,1.016578035132391e-07,0.0009339663440192084,9.871575200049811e-06,9.871575200049811e-06,0.0001149110417314506,3.684396162773781e-05,0.32063029864303977,3.7323285170893397,True
sgd_with_decay_grad_projection,44,1,60,torch.float32,1.1920928955078125e-07,3.342961442244951e-06,8.558583114838673e-05,2.425003329518656e-11,2.833416813250597e-07,1.2315779546165554e-20,1.4389974813486633e-16,1.0620611324608814e-07,0.001240912762728571,0.00012134403998224575,3.818277728904802e-05,0.3146654528284592,0.0001151800831641817,2.2543082240860424e-20,1.9572031571401743e-16,0.00011518010671172174,1.068567562949387e-07,0.0009277362154420023,1.0187451547958696e-05,1.0187451547958696e-05,0.00012134403998224575,3.818277728904802e-05,0.3146654528284592,3.748020504372251,True
sgd_with_decay_grad_projection,44,2,60,torch.float32,1.1920928955078125e-07,3.920330339574255e-06,7.895788156135696e-05,2.5812401787150983e-11,3.2691355538829344e-07,1.1535921919779479e-20,1.4610222173723983e-16,9.82229221922954e-08,0.001243998347706925,0.0001125247113078826,3.45088309459906e-05,0.30667780032396474,0.00010710252677534439,2.020377990235762e-20,1.8863961953704947e-16,0.00010710413717734596,9.83614981962623e-08,0.0009183725371261115,9.394213639515445e-06,9.394213639515445e-06,0.0001125247113078826,3.45088309459906e-05,0.30667780032396474,3.673413472399013,True
sgd_with_decay_grad_projection,44,3,49,torch.float32,1.1920928955078125e-07,5.138758647397377e-06,5.908761832830507e-05,2.5048077103396173e-11,4.239141433019522e-07,7.691055860413348e-21,1.3016357873286883e-16,8.998810368983168e-08,0.001522961445036729,9.96519230948882e-05,3.406849966970753e-05,0.34187498456269255,9.364744047097417e-05,1.67764561698258e-20,1.7914484459429118e-16,9.364903778074314e-05,8.926305376219581e-08,0.0009531657332260469,9.511643445015345e-06,9.511643445015345e-06,9.96519230948882e-05,3.406849966970753e-05,0.34187498456269255,3.58176795278858,True
sgd_with_decay_grad_projection,44,4,60,torch.float32,1.1920928955078125e-07,8.425881056896194e-06,8.421682829890247e-05,6.097319623462208e-11,7.240025237974522e-07,1.2252039726383066e-20,1.4548208444636886e-16,1.1391192480894682e-07,0.0013525744425251372,0.0001242217082199271,4.290910770323489e-05,0.3454235843164134,0.00011657547456128536,2.502859750172901e-20,2.146986542059593e-16,0.00011657602193033404,1.1337511203227118e-07,0.0009725422960480181,1.0821519967740475e-05,1.0821519967740475e-05,0.0001242217082199271,4.290910770323489e-05,0.3454235843164134,3.9651645823460306,True
sgd_with_decay_grad_projection,44,5,53,torch.float32,1.1920928955078125e-07,5.678672305444112e-06,0.0001628273144626341,5.7209436799732084e-11,3.5135036764891563e-07,2.124845509901738e-20,1.3049687129670633e-16,9.029398140193172e-08,0.0005545369437640552,0.00017990456641027967,3.293402024773391e-05,0.183063837149228,0.0001768643642048691,2.6230415738524486e-20,1.4830808827119487e-16,0.00017686584956845533,9.045383426225009e-08,0.000511426227748055,9.189791360339273e-06,9.189791360339273e-06,0.00017990456641027967,3.293402024773391e-05,0.183063837149228,3.5837614757902445,True
sgd_with_decay_grad_projection,44,6,60,torch.float32,1.1920928955078125e-07,3.095485046437789e-06,8.186992943580439e-05,2.3308946697941022e-11,2.847070573844572e-07,1.198256493771228e-20,1.4636100238865482e-16,9.733739093822607e-08,0.0011889337718005869,0.00011374589775233943,3.39525640512877e-05,0.29849484440496576,0.00010856036408297857,2.1051872287923658e-20,1.9391858590150426e-16,0.00010855963752574043,9.786962082594633e-08,0.0009015286257080639,9.348031472072797e-06,9.348031472072797e-06,0.00011374589775233943,3.39525640512877e-05,0.29849484440496576,3.632054957529918,True
sgd_with_decay_grad_projection,44,7,53,torch.float32,1.1920928955078125e-07,7.079248571757639e-06,3.9591166920849946e-05,2.3122296935386403e-11,5.840266588153904e-07,5.374886541612494e-21,1.3575974035720646e-16,9.864922718034296e-08,0.0024916984303708367,9.296829125900344e-05,3.9783055571288567e-05,0.4279206924483062,8.402625583132132e-05,1.9158936085701956e-20,2.28011303087961e-16,8.402750392200405e-05,9.876711354215216e-08,0.0011754141076691948,1.0051292848364845e-05,1.0051292848364845e-05,9.296829125900344e-05,3.9783055571288567e-05,0.4279206924483062,3.9580038281105816,True
sgd_with_decay_grad_projection,45,0,58,torch.float32,1.1920928955078125e-07,4.814231254404896e-06,7.393329952830004e-05,3.109695875832208e-11,4.206082909422817e-07,1.064758976098156e-20,1.4401615819819917e-16,1.0098196526630781e-07,0.0013658522092080787,0.00011146332619058599,3.683989966404569e-05,0.3305113970944564,0.00010519931025540053,2.0006747034981314e-20,1.901794506675888e-16,0.00010520031990108542,1.0177361783724967e-07,0.0009674268855165297,9.871492818210403e-06,9.871492818210403e-06,0.00011146332619058599,3.683989966404569e-05,0.3305113970944564,3.7319481807336587,True
sgd_with_decay_grad_projection,45,1,60,torch.float32,1.1920928955078125e-07,3.342961442244951e-06,9.105298409782859e-05,2.7653669287496207e-11,3.0370964292378073e-07,1.334132256771512e-20,1.4652262855417934e-16,1.0735385443993704e-07,0.001179023618298071,0.00012509845768347893,3.817877674403825e-05,0.3051898276846647,0.00011913020238845417,2.301949470826595e-20,1.9322971208598355e-16,0.0001191300710511023,1.0608363556158218e-07,0.0008904857910818865,1.0187373279612674e-05,1.0187373279612674e-05,0.00012509845768347893,3.817877674403825e-05,0.3051898276846647,3.7476566035371404,True
sgd_with_decay_grad_projection,45,2,60,torch.float32,1.1920928955078125e-07,3.920330339574255e-06,8.028341737113062e-05,2.633703178130335e-11,3.28050706406202e-07,1.1937954829302998e-20,1.4869764168255806e-16,9.86329656828311e-08,0.0012285628690934859,0.00011319771122447787,3.4504292563543304e-05,0.3048144011950844,0.00010781083257794502,2.057483704604185e-20,1.908420198050754e-16,0.00010781215721210818,9.83924552010028e-08,0.0009126285731156165,9.394137846247285e-06,9.394137846247285e-06,0.00011319771122447787,3.4504292563543304e-05,0.3048144011950844,3.672960002106726,True
sgd_with_decay_grad_projection,45,3,49,torch.float32,1.1920928955078125e-07,5.138758647397377e-06,6.372723493985405e-05,2.7693831957467474e-11,4.3456823418754935e-07,8.292441338824427e-21,1.3012397833754502e-16,9.007100709958914e-08,0.0014133720973417913,0.00010240344402275292,3.4064684638952496e-05,0.33265174783949353,9.657154139895358e-05,1.7188776132774192e-20,1.7799007744698218e-16,9.657402678762432e-05,8.919326130160784e-08,0.00092357401123754,9.511569706065364e-06,9.511569706065364e-06,0.00010240344402275292,3.4064684638952496e-05,0.33265174783949353,3.5813946269278807,True
sgd_with_decay_grad_projection,45,4,60,torch.float32,1.1920928955078125e-07,8.425881056896194e-06,7.073707533762305e-05,5.475165724335838e-11,7.740164119315452e-07,1.0447111300793163e-20,1.4768933053752887e-16,1.1346195998525518e-07,0.0016039947740900426,0.00011575283897195719,4.290543322071816e-05,0.37066419797368966,0.0001075074115129294,2.4522032574968134e-20,2.280962049953085e-16,0.00010750878411854237,1.139869075316585e-07,0.0010602566894066365,1.0821424233542821e-05,1.0821424233542821e-05,0.00011575283897195719,4.290543322071816e-05,0.37066419797368966,3.9648601048026157,True
sgd_with_decay_grad_projection,45,5,53,torch.float32,1.1920928955078125e-07,5.678672305444112e-06,0.00013038569182162248,4.564302517426409e-11,3.5006160980230263e-07,1.729079339176496e-20,1.326126597956863e-16,9.115197314414106e-08,0.0006991003312736739,0.00015101551997608094,3.29291380412241e-05,0.21805135026148095,0.00014738167844582348,2.2944744049370382e-20,1.5568247214530614e-16,0.0001473819407684684,9.026118130524461e-08,0.0006124304024944387,9.189690281987303e-06,9.189690281987303e-06,0.00015101551997608094,3.29291380412241e-05,0.21805135026148095,3.5832696239794335,True
sgd_with_decay_grad_projection,45,6,60,torch.float32,1.1920928955078125e-07,3.095485046437789e-06,8.179850708841582e-05,2.247329122373038e-11,2.747396257420573e-07,1.1945399222163167e-20,1.460344405705579e-16,9.757414028743278e-08,0.0011928551103757765,0.00011369962585880289,3.394910989590974e-05,0.2985859420335227,0.00010851296170369326,2.1023218012244133e-20,1.9373923337979081e-16,0.00010851390593952336,9.775465473638648e-08,0.0009008491021497909,9.347956118964196e-06,9.347956118964196e-06,0.00011369962585880289,3.394910989590974e-05,0.2985859420335227,3.631714726071209,True
sgd_with_decay_grad_projection,45,7,53,torch.float32,1.1920928955078125e-07,7.079248571757639e-06,4.502459888655115e-05,2.5378179906801935e-11,5.63651437978327e-07,6.1008344890026e-21,1.3550002975875236e-16,9.929859442562579e-08,0.002205360159446735,9.592051526851407e-05,3.977862912234891e-05,0.414704080884001,8.728348019255337e-05,1.9526763418671748e-20,2.237165999292691e-16,8.728442405260194e-05,9.822797507042917e-08,0.0011253780515436765,1.005121573463075e-05,1.005121573463075e-05,9.592051526851407e-05,3.977862912234891e-05,0.414704080884001,3.9575938048264616,True
sgd_with_decay_grad_projection,46,0,58,torch.float32,1.1920928955078125e-07,4.814231254404896e-06,6.554625634483432e-05,2.7001635321109544e-11,4.119477881247071e-07,9.376993150735476e-21,1.4305917185269225e-16,1.0145813064085904e-07,0.0015478793308042966,0.00010596013799379905,3.6832330968856545e-05,0.34760553984001064,9.935255527194833e-05,1.9350742337343796e-20,1.9476844137905505e-16,9.935443638093857e-05,1.0102009095481781e-07,0.0010167647730141903,9.871407691575868e-06,9.871407691575868e-06,0.00010596013799379905,3.6832330968856545e-05,0.34760553984001064,3.731213634331888,True
sgd_with_decay_grad_projection,46,1,60,torch.float32,1.1920928955078125e-07,3.342961442244951e-06,8.408525152692065e-05,2.5231266725484062e-11,3.000676844904965e-07,1.2106467176971801e-20,1.4397848560988548e-16,1.0528401742311002e-07,0.0012521020607177706,0.00012033452856164099,3.817438543984412e-05,0.31723550917714705,0.00011411886373620537,2.2587169584150517e-20,1.979266954178804e-16,0.00011411827227334956,1.0605168979852267e-07,0.000929313839807311,1.0187286689778473e-05,1.0187286689778473e-05,0.00012033452856164099,3.817438543984412e-05,0.31723550917714705,3.7472574005546355,True
sgd_with_decay_grad_projection,46,2,60,torch.float32,1.1920928955078125e-07,3.920330339574255e-06,7.512926770514206e-05,2.4969996578500733e-11,3.3236044142610104e-07,1.117605069655333e-20,1.4875761521350521e-16,9.821970984145198e-08,0.00130731345122906,0.00010956082744951743,3.4498264000860575e-05,0.3148777241277811,0.0001039877141413824,2.0001642611419517e-20,1.923462091322168e-16,0.00010398781896195379,9.874628394622981e-08,0.0009495947211120785,9.394058089601524e-06,9.394058089601524e-06,0.00010956082744951743,3.4498264000860575e-05,0.3148777241277811,3.6723494438518975,True
sgd_with_decay_grad_projection,46,3,49,torch.float32,1.1920928955078125e-07,5.138758647397377e-06,5.526514361071149e-05,2.3349089511027087e-11,4.2249215301960357e-07,7.263385684458239e-21,1.3142797086753787e-16,8.993457789558451e-08,0.0016273486289045589,9.711315078054353e-05,3.4058925277425884e-05,0.3507138323046721,9.094478359681385e-05,1.6635197956198418e-20,1.8291536136857898e-16,9.09458445536188e-05,8.882902618782595e-08,0.0009767244080674314,9.511487894739327e-06,9.511487894739327e-06,9.711315078054353e-05,3.4058925277425884e-05,0.3507138323046721,3.5808199152798594,True
sgd_with_decay_grad_projection,46,4,60,torch.float32,1.1920928955078125e-07,8.425881056896194e-06,6.272855810340208e-05,4.530325380346054e-11,7.222109860836021e-07,8.99816526238537e-21,1.4344607200368125e-16,1.140281970936518e-07,0.0018178073242002513,0.00011074470053647572,4.289659057219043e-05,0.3873466663812205,0.00010209932034149664,2.365672107220736e-20,2.3170302204835016e-16,0.00010209992391287879,1.134794142126504e-07,0.0011114544444663999,1.0821331692858716e-05,1.0821331692858716e-05,0.00011074470053647572,4.289659057219043e-05,0.3873466663812205,3.9640768613071002,True
sgd_with_decay_grad_projection,46,5,53,torch.float32,1.1920928955078125e-07,5.678672305444112e-06,0.00010437316807070606,4.5033177134832014e-11,4.314631621062317e-07,1.3994147054676765e-20,1.3407801366341528e-16,9.061371833008948e-08,0.000868169338234383,0.0001297162117229731,3.292226191399968e-05,0.2538022154417346,0.00012546880191595516,2.0844878220527394e-20,1.661359469622597e-16,0.00012547002157274362,9.029081638276629e-08,0.0007196206332874381,9.18959671627399e-06,9.18959671627399e-06,0.0001297162117229731,3.292226191399968e-05,0.2538022154417346,3.5825578565049727,True
sgd_with_decay_grad_projection,46,6,60,torch.float32,1.1920928955078125e-07,3.095485046437789e-06,8.275810178262001e-05,2.3022950498175284e-11,2.781957295087491e-07,1.210105143035039e-20,1.462219549469197e-16,9.751272952744766e-08,0.001178275938470419,0.00011439165883430978,3.394116154096213e-05,0.2967101088211693,0.0001092403275540468,2.111821004845019e-20,1.933188092831553e-16,0.00010924092039268872,9.820478480862578e-08,0.0008989743445552152,9.347881497750243e-06,9.347881497750243e-06,0.00011439165883430978,3.394116154096213e-05,0.2967101088211693,3.630893432820127,True
sgd_with_decay_grad_projection,46,7,53,torch.float32,1.1920928955078125e-07,7.079248571757639e-06,4.591843495165984e-05,2.7452667397807727e-11,5.978572097831348e-07,6.236290744730284e-21,1.3581235404247965e-16,9.876674948328103e-08,0.0021509122152627356,9.565775530609296e-05,3.977303448023141e-05,0.41578473541389954,8.699719465841804e-05,1.951626498306103e-20,2.243321185204745e-16,8.699781281830623e-05,9.849484436996391e-08,0.0011321531102818536,1.0051134687972061e-05,1.0051134687972061e-05,9.565775530609296e-05,3.977303448023141e-05,0.41578473541389954,3.9570690986587604,True
sgd_with_decay_grad_projection,47,0,58,torch.float32,1.1920928955078125e-07,4.814231254404896e-06,7.560571239387331e-05,3.0066085767999343e-11,3.9766949898399136e-07,1.0869499162617081e-20,1.4376558091262357e-16,1.0130127828580999e-07,0.001339848961737055,0.00011261725164183149,3.68254103217874e-05,0.3269961731876314,0.00010642619283800201,1.9948571237310567e-20,1.8744042895225557e-16,0.00010642674801665426,1.0149499208608712e-07,0.0009536605597514321,9.871335039979397e-06,9.871335039979397e-06,0.00011261725164183149,3.68254103217874e-05,0.3269961731876314,3.7305400103068793,True
sgd_with_decay_grad_projection,47,1,60,torch.float32,1.1920928955078125e-07,3.342961442244951e-06,8.341199968269783e-05,2.399509061719845e-11,2.8766952846684667e-07,1.1959689578142437e-20,1.4338092389150252e-16,1.0650307729121056e-07,0.0012768189248970802,0.00011992301537257848,3.816388693071815e-05,0.318236552109285,0.00011368837825561174,2.251764367114963e-20,1.980646044622256e-16,0.00011368772209912413,1.0567637059431343e-07,0.0009295319551057095,1.018720418343832e-05,1.018720418343832e-05,0.00011992301537257848,3.816388693071815e-05,0.318236552109285,3.7462571912284304,True
sgd_with_decay_grad_projection,47,2,60,torch.float32,1.1920928955078125e-07,3.920330339574255e-06,7.81680386893404e-05,2.593819566787507e-11,3.31826103133533e-07,1.1459166383143288e-20,1.4659657035384438e-16,9.804404038025233e-08,0.0012542519321308073,0.00011177870106955702,3.4490918022458585e-05,0.3085643122744446,0.00010632428973082975,2.026122504052724e-20,1.9056064321539788e-16,0.00010632522752031499,9.827418490840886e-08,0.000924279093497657,9.393984262547098e-06,9.393984262547098e-06,0.00011177870106955702,3.4490918022458585e-05,0.3085643122744446,3.671596317227241,True
sgd_with_decay_grad_projection,47,3,49,torch.float32,1.1920928955078125e-07,5.138758647397377e-06,6.079635453029822e-05,2.6244135424779366e-11,4.3167284662932293e-07,7.950179722168716e-21,1.307673755045204e-16,9.027418984253831e-08,0.001484847642186161,0.00010058772538339298,3.40526670259336e-05,0.3385370023642635,9.46483299706116e-05,1.6768693710777256e-20,1.7716840557021927e-16,9.465025001816883e-05,8.937317739415178e-08,0.0009442466066069125,9.511415272785813e-06,9.511415272785813e-06,0.00010058772538339298,3.40526670259336e-05,0.3385370023642635,3.580189283015067,True
sgd_with_decay_grad_projection,47,4,60,torch.float32,1.1920928955078125e-07,8.425881056896194e-06,6.33527151783242e-05,5.24925085285751e-11,8.285755137853214e-07,9.217322700276594e-21,1.4549214937883855e-16,1.1348284451149605e-07,0.0017912709503917568,0.00011110663748987915,4.28889972040381e-05,0.3860165168615144,0.00010249496969675844,2.3846419722347333e-20,2.3265941531471584e-16,0.00010249651592730183,1.1328431507984871e-07,0.0011052503985618243,1.0821245031025887e-05,1.0821245031025887e-05,0.00011110663748987915,4.28889972040381e-05,0.3860165168615144,3.963406898288495,True
sgd_with_decay_grad_projection,47,5,53,torch.float32,1.1920928955078125e-07,5.678672305444112e-06,0.00010624490599246575,3.997976822572685e-11,3.7629821262736096e-07,1.4033632850494978e-20,1.3208758311190142e-16,9.049567840961641e-08,0.0008517616049982906,0.00013109603810740686,3.291684154588522e-05,0.2510895220106994,0.00012689622827374245,2.0714642452925166e-20,1.6324080498467795e-16,0.0001268967296578044,9.06021527796331e-08,0.0007139833550002041,9.189524623284103e-06,9.189524623284103e-06,0.00013109603810740686,3.291684154588522e-05,0.2510895220106994,3.581996120069329,True
sgd_with_decay_grad_projection,47,6,60,torch.float32,1.1920928955078125e-07,3.095485046437789e-06,8.484410427087063e-05,2.431788264118801e-11,2.86618414445764e-07,1.2283219801421089e-20,1.4477399351411114e-16,9.795105965345454e-08,0.0011544853971897325,0.00011543132122860368,3.393627333340603e-05,0.29399536427550377,0.00011033004700815389,2.1454787693914488e-20,1.9446006120462255e-16,0.00011033163945442787,9.747299495448237e-08,0.0008834546050114961,9.34780722177208e-06,9.34780722177208e-06,0.00011543132122860368,3.393627333340603e-05,0.29399536427550377,3.630399357655203,True
sgd_with_decay_grad_projection,47,7,53,torch.float32,1.1920928955078125e-07,7.079248571757639e-06,4.3737428935858205e-05,2.4269459194078158e-11,5.548899371673126e-07,5.9723134261309606e-21,1.3654925704230108e-16,9.900048155120413e-08,0.0022634575325824378,9.506999350864247e-05,3.976490791320136e-05,0.41826980780835415,8.635424578089913e-05,1.9565784015211655e-20,2.265758196169603e-16,8.635518929478392e-05,9.865367508978449e-08,0.0011424174493210616,1.005105404647908e-05,1.005105404647908e-05,9.506999350864247e-05,3.976490791320136e-05,0.41826980780835415,3.9562923181306693,True
sgd_with_decay_grad_projection,48,0,58,torch.float32,1.1920928955078125e-07,4.814231254404896e-06,7.126223197859009e-05,2.955822614229674e-11,4.1478108840566725e-07,1.0211496542965716e-20,1.4329464934573645e-16,1.0102330096081437e-07,0.0014176277541374897,0.00010997494376406007,3.6816733345245825e-05,0.3347738319760576,0.0001036292256156208,1.9679876246200948e-20,1.8990662266643876e-16,0.00010363102827797,1.0177831021230457e-07,0.0009821219754695873,9.871252772434829e-06,9.871252772434829e-06,0.00010997494376406007,3.6816733345245825e-05,0.3347738319760576,3.7296920861003,True
sgd_with_decay_grad_projection,48,1,60,torch.float32,1.1920928955078125e-07,3.342961442244951e-06,8.483205480802662e-05,2.513263533698749e-11,2.962634277085729e-07,1.2467324046556515e-20,1.4696477734472407e-16,1.0653980925078911e-07,0.0012558789473217618,0.00012042680082695242,3.815566905232645e-05,0.3168370229078354,0.00011422241144619476,2.252207082169365e-20,1.9717733618592726e-16,0.00011422100687068308,1.0656797559876253e-07,0.0009329980405392063,1.0187122518622185e-05,1.0187122518622185e-05,0.00012042680082695242,3.815566905232645e-05,0.3168370229078354,3.7454805302063874,True
sgd_with_decay_grad_projection,48,2,60,torch.float32,1.1920928955078125e-07,3.920330339574255e-06,7.79803645638651e-05,2.5447085895658928e-11,3.263268393009119e-07,1.1685806993246771e-20,1.498557625192537e-16,9.818803861428497e-08,0.0012591306088757138,0.00011119811446370421,3.448226249084711e-05,0.31009754668189404,0.00010571657501922477,2.0251838728512803e-20,1.9156729892951947e-16,0.00010571880159745884,9.860824661969291e-08,0.0009327408666167017,9.393907474859785e-06,9.393907474859785e-06,0.00011119811446370421,3.448226249084711e-05,0.31009754668189404,3.6707049311619713,True
sgd_with_decay_grad_projection,48,3,49,torch.float32,1.1920928955078125e-07,5.138758647397377e-06,5.9822625607297165e-05,2.4937987626783176e-11,4.168654814733046e-07,7.812456612097097e-21,1.3059367643577334e-16,8.95886565122724e-08,0.0014975563146402155,9.983293139416899e-05,3.404652368703024e-05,0.3410349992890104,9.384800698779564e-05,1.6889032743872523e-20,1.7996154938131866e-16,9.384903739987104e-05,8.92985849805369e-08,0.0009515130624095203,9.511338085360193e-06,9.511338085360193e-06,9.983293139416899e-05,3.404652368703024e-05,0.3410349992890104,3.579572440962276,True
sgd_with_decay_grad_projection,48,4,60,torch.float32,1.1920928955078125e-07,8.425881056896194e-06,7.0085214927156e-05,4.718581928148456e-11,6.73263531124614e-07,1.0092962842199237e-20,1.4400987216336253e-16,1.1310746084430795e-07,0.0016138689977967132,0.00011484928451500606,4.2878667783949995e-05,0.373347278261429,0.0001065447230165927,2.4363479988014316e-20,2.286690443056488e-16,0.00010654628177960177,1.1329633766995804e-07,0.0010633532750051213,1.0821161845867556e-05,1.0821161845867556e-05,0.00011484928451500606,4.2878667783949995e-05,0.373347278261429,3.9624828086574393,True
sgd_with_decay_grad_projection,48,5,53,torch.float32,1.1920928955078125e-07,5.678672305444112e-06,0.00014138340361036423,5.194557753774022e-11,3.674093013130171e-07,1.8970702007528735e-20,1.341791293963399e-16,9.03846940992876e-08,0.0006392884602812211,0.00016075911376946063,3.290935809497677e-05,0.20471223884806308,0.00015735458941422387,2.4521287767536325e-20,1.5583458899305388e-16,0.00015735421013811317,8.974482285512106e-08,0.0005703363308573066,9.18948042912162e-06,9.18948042912162e-06,0.00016075911376946063,3.290935809497677e-05,0.20471223884806308,3.5811989969189613,True
sgd_with_decay_grad_projection,48,6,60,torch.float32,1.1920928955078125e-07,3.095485046437789e-06,8.997818225611657e-05,2.5260183937918982e-11,2.8073676645320136e-07,1.3159389128252759e-20,1.4625088880764453e-16,9.79773669865576e-08,0.0010888892218689193,0.00011935626343432465,3.3927927331673414e-05,0.28425761962917123,0.0001144325712722588,2.170736242225806e-20,1.8969566252786318e-16,0.00011443247024511375,9.859017993549952e-08,0.0008615577355301329,9.347736492442894e-06,9.347736492442894e-06,0.00011935626343432465,3.3927927331673414e-05,0.28425761962917123,3.629533990298313,True
sgd_with_decay_grad_projection,48,7,53,torch.float32,1.1920928955078125e-07,7.079248571757639e-06,4.276073592525589e-05,2.524596799468485e-11,5.90400689988447e-07,5.820340996260658e-21,1.3611414467785127e-16,9.881139906149466e-08,0.0023107282751442327,9.448359951071902e-05,3.975726374594992e-05,0.4207848129393029,8.571178773037532e-05,1.9273249262492604e-20,2.24861127889675e-16,8.571317981496379e-05,9.84761092493061e-08,0.0011489027645677679,1.0050972932735117e-05,1.0050972932735117e-05,9.448359951071902e-05,3.975726374594992e-05,0.4207848129393029,3.9555637063218105,True
sgd_with_decay_grad_projection,49,0,58,torch.float32,1.1920928955078125e-07,4.814231254404896e-06,6.199850250169856e-05,2.5653686220518298e-11,4.137791266783495e-07,8.85070873175127e-21,1.4275681467483103e-16,1.0147460679549062e-07,0.0016367175463343608,0.00010403842317648877,3.680781621180897e-05,0.3537906005108219,9.730970230541172e-05,1.88799172944017e-20,1.9401885780254542e-16,9.731143967819272e-05,1.0168560173507652e-07,0.0010449501319819035,9.871166857693785e-06,9.871166857693785e-06,0.00010403842317648877,3.680781621180897e-05,0.3537906005108219,3.7288211963634494,True
sgd_with_decay_grad_projection,49,1,60,torch.float32,1.1920928955078125e-07,3.342961442244951e-06,8.435008613199386e-05,2.3616835861130296e-11,2.7998591280836245e-07,1.221254009143297e-20,1.4478396705277637e-16,1.0695259851659961e-07,0.0012679376245717333,0.00012042264379265788,3.814559367304064e-05,0.31676429342241663,0.00011422139388636721,2.2388362598852648e-20,1.9600848700135491e-16,0.00011422035028424084,1.0648245689998545e-07,0.0009322546869712849,1.0187041002273866e-05,1.0187041002273866e-05,0.00012042264379265788,3.814559367304064e-05,0.31676429342241663,3.7445214625646543,True
sgd_with_decay_grad_projection,49,2,60,torch.float32,1.1920928955078125e-07,3.920330339574255e-06,7.946494817372149e-05,2.54138931040758e-11,3.198126178666533e-07,1.1864431629558598e-20,1.4930396234100472e-16,9.820441245859565e-08,0.001235823944931629,0.00011225517415499071,3.4474366838897735e-05,0.30710715206141836,0.00010683043646650708,2.0636677331823488e-20,1.931722645193291e-16,0.00010683207313556929,9.821285084628817e-08,0.0009193199005101832,9.393832936053861e-06,9.393832936053861e-06,0.00011225517415499071,3.4474366838897735e-05,0.30710715206141836,3.6698935433037034,True
sgd_with_decay_grad_projection,49,3,49,torch.float32,1.1920928955078125e-07,5.138758647397377e-06,5.890898436929698e-05,2.5510426631626813e-11,4.3304814884777917e-07,7.802085217183306e-21,1.324430441420144e-16,9.02784365170236e-08,0.0015325073080151679,9.935678415062294e-05,3.403663642958128e-05,0.3425698277229103,9.334494060908698e-05,1.6899816431778786e-20,1.8104694610661754e-16,9.334615024651015e-05,8.960550597189157e-08,0.0009599271714501324,9.511261385427936e-06,9.511261385427936e-06,9.935678415062294e-05,3.403663642958128e-05,0.3425698277229103,3.5785617753843155,True
sgd_with_decay_grad_projection,49,4,60,torch.float32,1.1920928955078125e-07,8.425881056896194e-06,5.779391036882492e-05,4.494740328923191e-11,7.777186731679841e-07,8.313033871461594e-21,1.4383926988868898e-16,1.1309633301630791e-07,0.0019569097182016524,0.00010816456612186818,4.2867928394858774e-05,0.3963213641199264,9.930717033258601e-05,2.3519901264538684e-20,2.36839909804791e-16,9.930841911868482e-05,1.1414155623293208e-07,0.001149364346405716,1.0821068173098162e-05,1.0821068173098162e-05,0.00010816456612186818,4.2867928394858774e-05,0.3963213641199264,3.9615246581137957,True
sgd_with_decay_grad_projection,49,5,53,torch.float32,1.1920928955078125e-07,5.678672305444112e-06,9.524393900194504e-05,3.781329554419867e-11,3.9701524254920265e-07,1.2679455856163103e-20,1.331261179349708e-16,9.041590641790403e-08,0.0009493038057796537,0.00012216938972310477,3.289935187722407e-05,0.2692929215066884,0.000117656246886319,1.991699754263804e-20,1.6928125849435008e-16,0.00011765756053559087,9.021814124121626e-08,0.000766785753763148,9.189369600167969e-06,9.189369600167969e-06,0.00012216938972310477,3.289935187722407e-05,0.2692929215066884,3.5801532976345536,True
sgd_with_decay_grad_projection,49,6,60,torch.float32,1.1920928955078125e-07,3.095485046437789e-06,8.844050832734498e-05,2.5125879413656042e-11,2.8409921979029776e-07,1.2957359913993715e-20,1.4650933332534842e-16,9.718570849588954e-08,0.0010988875341363692,0.00011855771114913346,3.391961070989756e-05,0.2861021048831667,0.00011360189647277183,2.1618563838389135e-20,1.9030108219690404e-16,0.00011360200061765887,9.750004525631369e-08,0.0008582599313938297,9.347660913273659e-06,9.347660913273659e-06,0.00011855771114913346,3.391961070989756e-05,0.2861021048831667,3.628673635532905,True
sgd_with_decay_grad_projection,49,7,53,torch.float32,1.1920928955078125e-07,7.079248571757639e-06,3.4763443079808384e-05,1.932119284547511e-11,5.557905412625086e-07,4.675007051034432e-21,1.3448055304253028e-16,9.816675514193728e-08,0.0028237656893777626,9.140073075183856e-05,3.97449179388518e-05,0.4348424527016412,8.23069564496466e-05,1.905700914433982e-20,2.3153582596628314e-16,8.230816270291313e-05,9.888420826633572e-08,0.0012013900568191875,1.0050889335549772e-05,1.0050889335549772e-05,9.140073075183856e-05,3.97449179388518e-05,0.4348424527016412,3.954368276474293,True
sgd_with_decay_grad_projection,50,0,58,torch.float32,1.1920928955078125e-07,4.814231254404896e-06,6.530173137355752e-05,2.6904610960398074e-11,4.1200455783462576e-07,9.386442305205242e-21,1.4373956260839464e-16,1.0269168624966842e-07,0.0015725360519568043,0.00010560790929265957,3.67978301086934e-05,0.34843820273649795,9.898964695592336e-05,1.9230729396488893e-20,1.942701079139283e-16,9.899070854606897e-05,1.0203025206850564e-07,0.0010307053416131688,9.871088779041311e-06,9.871088779041311e-06,0.00010560790929265957,3.67978301086934e-05,0.34843820273649795,3.7278390390758127,True
sgd_with_decay_grad_projection,50,1,60,torch.float32,1.1920928955078125e-07,3.342961442244951e-06,8.926103328554336e-05,2.6898119595097875e-11,3.013422386569467e-07,1.2971885086448748e-20,1.4532528483008557e-16,1.0601180399464052e-07,0.0011876567375866838,0.00012427421999216366,3.813462633619073e-05,0.3068587060018995,0.00011827862033715053,2.303130669219402e-20,1.9472079253667147e-16,0.0001182772597218789,1.0708153656935154e-07,0.0009053434009305478,1.0186962906089713e-05,1.0186962906089713e-05,0.00012427421999216366,3.813462633619073e-05,0.3068587060018995,3.743473563979903,True
sgd_with_decay_grad_projection,50,2,60,torch.float32,1.1920928955078125e-07,3.920330339574255e-06,7.575756284068381e-05,2.4050076677200194e-11,3.174610662670984e-07,1.1194167976706265e-20,1.4776304248656832e-16,9.808722785042379e-08,0.0012947626663551831,0.00010972234450481232,3.4465319872227484e-05,0.31411395762433664,0.00010416877943864832,1.99652500624679e-20,1.916625131834891e-16,0.00010416990824253284,9.906373931347448e-08,0.0009509823036690215,9.393754781290538e-06,9.393754781290538e-06,0.00010972234450481232,3.4465319872227484e-05,0.31411395762433664,3.668960993198563,True
sgd_with_decay_grad_projection,50,3,49,torch.float32,1.1920928955078125e-07,5.138758647397377e-06,5.854579888067684e-05,2.678607182825084e-11,4.5752338067576767e-07,7.55525275284953e-21,1.2904858926340397e-16,8.894165312704471e-08,0.0015191690781572289,9.913263807755637e-05,3.40251434972103e-05,0.34322846801061374,9.311052326246494e-05,1.6846411810070864e-20,1.809291927463805e-16,9.311304694380415e-05,8.941937530184092e-08,0.0009603313202263433,9.511184858985439e-06,9.511184858985439e-06,9.913263807755637e-05,3.40251434972103e-05,0.34322846801061374,3.577382208596856,True
sgd_with_decay_grad_projection,50,4,60,torch.float32,1.1920928955078125e-07,8.425881056896194e-06,7.04285056455173e-05,4.850302843251847e-11,6.88684616945378e-07,1.0197153318817915e-20,1.4478730203569738e-16,1.1368051137737534e-07,0.001614112108502727,0.00011489954474010089,4.285402678588952e-05,0.3729695089986994,0.00010660880718644548,2.4204184711502026e-20,2.2703738415506264e-16,0.00010661081359821068,1.131664243833593e-07,0.001061491049208714,1.0820987939385862e-05,1.0820987939385862e-05,0.00011489954474010089,4.285402678588952e-05,0.3729695089986994,3.9602693419434374,True
sgd_with_decay_grad_projection,50,5,53,torch.float32,1.1920928955078125e-07,5.678672305444112e-06,0.00010719201176474086,4.516882271041283e-11,4.213823583192643e-07,1.426817292981767e-20,1.3310854694222867e-16,9.017210156679127e-08,0.0008412259035800637,0.0001320304860896376,3.2890474301309354e-05,0.2491127259728445,0.00012786815849655808,2.1109706913835347e-20,1.6508962952182948e-16,0.00012786842686167586,9.04771044044696e-08,0.0007075797100588792,9.189306371913128e-06,9.189306371913128e-06,0.0001320304860896376,3.2890474301309354e-05,0.2491127259728445,3.579211854535422,True
sgd_with_decay_grad_projection,50,6,60,torch.float32,1.1920928955078125e-07,3.095485046437789e-06,8.069017653870411e-05,2.2151875388456733e-11,2.7453001516028776e-07,1.1890440786210115e-20,1.473592114463544e-16,9.810084379341342e-08,0.0012157727702448355,0.00011249542796146772,3.390860936981657e-05,0.30142211096286553,0.00010726335591822102,2.0929448756650368e-20,1.9512207666341572e-16,0.00010726426955015978,9.796486263697341e-08,0.0009133037781156222,9.347579566863943e-06,9.347579566863943e-06,0.00011249542796146772,3.390860936981657e-05,0.30142211096286553,3.627528295134128,True
sgd_with_decay_grad_projection,50,7,53,torch.float32,1.1920928955078125e-07,7.079248571757639e-06,3.9032055507647424e-05,2.2593848972558637e-11,5.788536801022918e-07,5.305117274445102e-21,1.3591693302973953e-16,9.857149014390409e-08,0.002525326518148941,9.296168553892845e-05,3.973391273056571e-05,0.4274224644294645,8.404219867042036e-05,1.905458942889447e-20,2.267264508823584e-16,8.40422298755127e-05,9.88755949821442e-08,0.001176498947357815,1.0050810374527326e-05,1.0050810374527326e-05,9.296168553892845e-05,3.973391273056571e-05,0.4274224644294645,3.953304385412239,True
sgd_with_decay_grad_projection,51,0,58,torch.float32,1.1920928955078125e-07,4.814231254404896e-06,6.180341062801051e-05,2.5379432899906874e-11,4.106477723804521e-07,8.757029181187691e-21,1.4169168161116942e-16,1.0256428223632088e-07,0.0016595315059130412,0.00010378984329753242,3.678477172707323e-05,0.3544159096726161,9.705262562503628e-05,1.8951267382621373e-20,1.9526795138793843e-16,9.70548394225917e-05,1.0159647431615291e-07,0.0010467945227727001,9.871007778535216e-06,9.871007778535216e-06,0.00010378984329753242,3.678477172707323e-05,0.3544159096726161,3.726546726775229,True
sgd_with_decay_grad_projection,51,1,60,torch.float32,1.1920928955078125e-07,3.342961442244951e-06,8.863158374469872e-05,2.5791505580900802e-11,2.909967811834735e-07,1.2920724973933043e-20,1.4578014324048916e-16,1.0623768511846486e-07,0.0011986438543142772,0.00012355163114747284,3.8122965106345425e-05,0.30855897856048015,0.00011752295559039329,2.2878938635573102e-20,1.9467633808763147e-16,0.00011752261113226742,1.069571303751329e-07,0.00091009831507876,1.018687971713344e-05,1.018687971713344e-05,0.00012355163114747284,3.8122965106345425e-05,0.30855897856048015,3.7423594039523147,True
sgd_with_decay_grad_projection,51,2,60,torch.float32,1.1920928955078125e-07,3.920330339574255e-06,8.374503126751414e-05,2.794657653780662e-11,3.337102645353896e-07,1.2303008683907044e-20,1.4691031214266484e-16,9.890087920009443e-08,0.0011809759737619208,0.00011574759847707031,3.445118923286611e-05,0.29764063951349207,0.00011050168375934522,2.0742516801016763e-20,1.8771222388059357e-16,0.00011050258310362319,9.814768644814229e-08,0.0008881935941362098,9.393685124772808e-06,9.393685124772808e-06,0.00011574759847707031,3.445118923286611e-05,0.29764063951349207,3.667483929391271,True
sgd_with_decay_grad_projection,51,3,49,torch.float32,1.1920928955078125e-07,5.138758647397377e-06,6.811755094132714e-05,2.8820145199589153e-11,4.230942657408999e-07,8.987851656524297e-21,1.3194619495740183e-16,8.869898247819508e-08,0.0013021260608336324,0.0001046658390778652,3.401479224233931e-05,0.3249846611083327,9.898450271928463e-05,1.7505193693403684e-20,1.7684782175496286e-16,9.898487047392969e-05,8.89434854297266e-08,0.000898556365269501,9.51111416862645e-06,9.51111416862645e-06,0.0001046658390778652,3.401479224233931e-05,0.3249846611083327,3.5763204645930102,True
sgd_with_decay_grad_projection,51,4,60,torch.float32,1.1920928955078125e-07,8.425881056896194e-06,6.20691286207998e-05,5.185233794972154e-11,8.353965828407885e-07,9.111349078105039e-21,1.4679357162837535e-16,1.1390119951664277e-07,0.0018350252652881698,0.00011053963531933316,4.2839249394255756e-05,0.3875465055633602,0.00010190097981799746,2.3768563396334455e-20,2.332515687168743e-16,0.00010190237742911476,1.1387405073103389e-07,0.0011174817860382781,1.0820896871726804e-05,1.0820896871726804e-05,0.00011053963531933316,4.2839249394255756e-05,0.3875465055633602,3.958937036558176,True
sgd_with_decay_grad_projection,51,5,53,torch.float32,1.1920928955078125e-07,5.678672305444112e-06,8.497799203898489e-05,3.6393136746197605e-11,4.2826543523765216e-07,1.1544818001020139e-20,1.358565638468469e-16,9.064384199397459e-08,0.001066674381153807,0.00011511604541325314,3.287802503174002e-05,0.2856076658445984,0.000110321074059304,1.9367170999225932e-20,1.7555277778400662e-16,0.00011032249058564911,9.0265111579436e-08,0.000818193199775149,9.189216126905497e-06,9.189216126905497e-06,0.00011511604541325314,3.287802503174002e-05,0.2856076658445984,3.5778922356037586,True
sgd_with_decay_grad_projection,51,6,60,torch.float32,1.1920928955078125e-07,3.095485046437789e-06,9.545239538076435e-05,2.7061609956734586e-11,2.83508966420219e-07,1.3856595605999678e-20,1.4516760475968766e-16,9.695822973861126e-08,0.001015769569139622,0.00012378621098797215,3.389835270882794e-05,0.2738459513242692,0.0001190543057364439,2.2151578158198134e-20,1.860628057185611e-16,0.00011905475890572207,9.819372766922689e-08,0.0008247778465284637,9.347516057371746e-06,9.347516057371746e-06,0.00012378621098797215,3.389835270882794e-05,0.2738459513242692,3.626455680928692,True
sgd_with_decay_grad_projection,51,7,53,torch.float32,1.1920928955078125e-07,7.079248571757639e-06,4.332450084828938e-05,2.4865007556285955e-11,5.739248478212467e-07,5.9401848646776896e-21,1.3710913567082008e-16,9.945734103883677e-08,0.0022955877503246917,9.458714930945938e-05,3.9719204408804265e-05,0.41992178323141477,8.584354149044402e-05,1.944750255387301e-20,2.2654590218692083e-16,8.584432177791575e-05,9.892316564616445e-08,0.001152355375374558,1.0050731630453348e-05,1.0050731630453348e-05,9.458714930945938e-05,3.9719204408804265e-05,0.41992178323141477,3.9518719501430657,True
sgd_with_decay_grad_projection,52,0,58,torch.float32,1.1920928955078125e-07,4.814231254404896e-06,7.418549014947268e-05,3.2911913621615786e-11,4.43643542090282e-07,1.0607638001365018e-20,1.4298804227070894e-16,1.0142979737504486e-07,0.001367234379414982,0.00011130748882830623,3.676965691573815e-05,0.33034306409028774,0.00010505879020606712,2.0036732858280186e-20,1.907192422355066e-16,0.00010506078062878053,1.0165761983654746e-07,0.0009676076955466597,9.870935891097866e-06,9.870935891097866e-06,0.00011130748882830623,3.676965691573815e-05,0.33034306409028774,3.7250426222400024,True
sgd_with_decay_grad_projection,52,1,60,torch.float32,1.1920928955078125e-07,3.342961442244951e-06,9.415684729581037e-05,2.6670671653950216e-11,2.83257908691012e-07,1.359521674505006e-20,1.4438903951763413e-16,1.0699489501352085e-07,0.0011363514179639394,0.00012756223056079724,3.8108616777619824e-05,0.2987452995301531,0.00012173683088097252,2.3447843956979458e-20,1.926109279114178e-16,0.00012173535753506639,1.0721875415215321e-07,0.0008807527765404427,1.0186801641696379e-05,1.0186801641696379e-05,0.00012756223056079724,3.8108616777619824e-05,0.2987452995301531,3.740979565326424,True
sgd_with_decay_grad_projection,52,2,60,torch.float32,1.1920928955078125e-07,3.920330339574255e-06,7.604081780992756e-05,2.5490041145038287e-11,3.3521524201322325e-07,1.144992318218081e-20,1.505760131460159e-16,9.723880280308898e-08,0.001278743381227533,0.00011011775780221013,3.443880167489363e-05,0.31274521350817425,0.0001045939267958879,1.9999784042960648e-20,1.912136264086314e-16,0.00010459407184914252,9.816476268992157e-08,0.0009385308455292378,9.393603283540726e-06,9.393603283540726e-06,0.00011011775780221013,3.443880167489363e-05,0.31274521350817425,3.6661971594261993,True
sgd_with_decay_grad_projection,52,3,49,torch.float32,1.1920928955078125e-07,5.138758647397377e-06,5.9072514937820255e-05,2.527892594050867e-11,4.279304168295065e-07,7.652430624523938e-21,1.2954299698564702e-16,9.008740475026966e-08,0.0015250026587314371,9.903669794209137e-05,3.4001024669573345e-05,0.34331743056956915,9.301719121050749e-05,1.6811722067986117e-20,1.8073779533870742e-16,9.301775308073645e-05,8.880895710094302e-08,0.0009547527666450905,9.511032692777567e-06,9.511032692777567e-06,9.903669794209137e-05,3.4001024669573345e-05,0.34331743056956915,3.5749035638782787,True
sgd_with_decay_grad_projection,52,4,60,torch.float32,1.1920928955078125e-07,8.425881056896194e-06,7.655364228595963e-05,6.008485321527969e-11,7.848725602217309e-07,1.124776661893141e-20,1.4692660313822557e-16,1.1371844189329181e-07,0.0014854585227715039,0.00011903616354062741,4.282384553996984e-05,0.35975492040579693,0.00011106631570210565,2.4776198759154428e-20,2.2307572374694977e-16,0.00011106660085744112,1.1272798986697463e-07,0.0010149584933428005,1.0820818378420203e-05,1.0820818378420203e-05,0.00011903616354062741,4.282384553996984e-05,0.35975492040579693,3.9575422156029156,True
sgd_with_decay_grad_projection,52,5,53,torch.float32,1.1920928955078125e-07,5.678672305444112e-06,0.000129000032600431,4.930450269163217e-11,3.822053506323489e-07,1.734954335546327e-20,1.3449255016239875e-16,8.981706050383429e-08,0.000696251480460467,0.0001499397678786025,3.286704705721691e-05,0.21920166692419749,0.00014629316870321693,2.326978920661617e-20,1.590627191473533e-16,0.00014629398301984955,9.045765978822288e-08,0.0006183279579991294,9.189176371428482e-06,9.189176371428482e-06,0.0001499397678786025,3.286704705721691e-05,0.21920166692419749,3.5767130511727943,True
sgd_with_decay_grad_projection,52,6,60,torch.float32,1.1920928955078125e-07,3.095485046437789e-06,9.51072281895155e-05,2.642186914536516e-11,2.7781136774079464e-07,1.4069109654522018e-20,1.47928921096173e-16,9.85649819566295e-08,0.0010363385999592866,0.00012303886044634767,3.388471689880672e-05,0.2753984942308734,0.00011828096694153098,2.2116479798555094e-20,1.8698257522267114e-16,0.00011828195250894634,9.801834610688421e-08,0.0008286838695824752,9.347440154357573e-06,9.347440154357573e-06,0.00012303886044634767,3.388471689880672e-05,0.2753984942308734,3.625026353660088,True
sgd_with_decay_grad_projection,52,7,53,torch.float32,1.1920928955078125e-07,7.079248571757639e-06,4.5690599259984874e-05,2.59866413591446e-11,5.687524738136516e-07,6.158442741832803e-21,1.3478577303815905e-16,9.96223106297118e-08,0.0021803093778567668,9.591928017227826e-05,3.970429483598521e-05,0.4139344536851538,8.731596234563969e-05,1.956718762464747e-20,2.2409634045136994e-16,8.731659763070567e-05,9.838283839870039e-08,0.0011267369671777406,1.0050652848805258e-05,1.0050652848805258e-05,9.591928017227826e-05,3.970429483598521e-05,0.4139344536851538,3.950419483516928,True
sgd_with_decay_grad_projection,53,0,58,torch.float32,1.1920928955078125e-07,4.814231254404896e-06,6.874896722623401e-05,2.959296773346127e-11,4.3044963331709286e-07,9.808506336159707e-21,1.4267132630347027e-16,1.027290573912318e-07,0.0014942848774287757,0.00010823167081068863,3.6756350377821874e-05,0.3396080842373167,0.00010179914181060694,1.929273500435229e-20,1.8951765860900497e-16,0.00010180060763055448,1.0140251523518707e-07,0.0009960894890056833,9.870853645547162e-06,9.870853645547162e-06,0.00010823167081068863,3.6756350377821874e-05,0.3396080842373167,3.7237255963574154,True
sgd_with_decay_grad_projection,53,1,60,torch.float32,1.1920928955078125e-07,3.342961442244951e-06,7.803177841567901e-05,2.2274336634998002e-11,2.8545212075446423e-07,1.1367767806924231e-20,1.456812600933949e-16,1.0603357056209662e-07,0.0013588317420897647,0.00011606499713731244,3.809358217357007e-05,0.32820904762960434,0.00010963558983135818,2.1936127537473447e-20,2.0008217743175978e-16,0.00010963403264544847,1.0711129241142602e-07,0.00097698944230045,1.0186708023704146e-05,1.0186708023704146e-05,0.00011606499713731244,3.809358217357007e-05,0.32820904762960434,3.739538041625176,True
sgd_with_decay_grad_projection,53,2,60,torch.float32,1.1920928955078125e-07,3.920330339574255e-06,8.045292445658199e-05,2.5582410312185168e-11,3.179798681649071e-07,1.213561334973458e-20,1.5084117117811445e-16,9.821822228727695e-08,0.0012208108203561367,0.0001133016881424573,3.442588607877567e-05,0.30384265797956217,0.00010794503649367954,2.0366331252073853e-20,1.8867316102363219e-16,0.00010794592234209025,9.821583058154565e-08,0.0009098614236700015,9.393530515860605e-06,9.393530515860605e-06,0.0001133016881424573,3.442588607877567e-05,0.30384265797956217,3.664850614010241,True
sgd_with_decay_grad_projection,53,3,49,torch.float32,1.1920928955078125e-07,5.138758647397377e-06,6.524287866224569e-05,2.891797367548174e-11,4.4323571044721237e-07,8.43429791116731e-21,1.2927537969057828e-16,8.938294927122634e-08,0.0013699743504368162,0.00010326476971976225,3.398750322315252e-05,0.3291297052749654,9.751134441659454e-05,1.7341710217034438e-20,1.7784300196853008e-16,9.75118515361909e-05,8.942797854104628e-08,0.0009170985591208435,9.510961170734235e-06,9.510961170734235e-06,0.00010326476971976225,3.398750322315252e-05,0.3291297052749654,3.5735087771921505,True
sgd_with_decay_grad_projection,53,4,60,torch.float32,1.1920928955078125e-07,8.425881056896194e-06,7.060547442298774e-05,5.118313888240444e-11,7.249174274472437e-07,1.0348831860132548e-20,1.4657265523260744e-16,1.1383747074968827e-07,0.0016122816361341886,0.00011553411601145127,4.2808037361154285e-05,0.3705229142611982,0.00010731078184336138,2.4180185066605457e-20,2.2532857044971133e-16,0.0001073112208903133,1.1386238848338185e-07,0.001061048299876904,1.082072786493452e-05,1.082072786493452e-05,0.00011553411601145127,4.2808037361154285e-05,0.3705229142611982,3.9561144033459468,True
sgd_with_decay_grad_projection,53,5,53,torch.float32,1.1920928955078125e-07,5.678672305444112e-06,0.00011657666790143159,4.4016091018426856e-11,3.775720460259126e-07,1.5486441564642696e-20,1.3284340548949266e-16,9.066818738427368e-08,0.0007777568404664319,0.00013959395473972676,3.285420579817716e-05,0.2353555056122158,0.00013567266991272746,2.2060282524445193e-20,1.625993100794408e-16,0.00013567373239269163,9.054217350266306e-08,0.0006673522715554062,9.189093355228505e-06,9.189093355228505e-06,0.00013959395473972676,3.285420579817716e-05,0.2353555056122158,3.5753479182452135,True
sgd_with_decay_grad_projection,53,6,60,torch.float32,1.1920928955078125e-07,3.095485046437789e-06,8.642493463684967e-05,2.3118295017647825e-11,2.6749566100094795e-07,1.2569797130478124e-20,1.4544178926250634e-16,9.761237890279333e-08,0.0011294538010925678,0.00011669966337465477,3.387082365210605e-05,0.2902392575321021,0.00011167622279109226,2.1339375604702928e-20,1.9108253369763004e-16,0.0001116774256267694,9.795889434007253e-08,0.0008771593165789407,9.347359412695928e-06,9.347359412695928e-06,0.00011669966337465477,3.387082365210605e-05,0.2902392575321021,3.623571337815624,True
sgd_with_decay_grad_projection,53,7,53,torch.float32,1.1920928955078125e-07,7.079248571757639e-06,4.010216071968299e-05,2.2677584976624417e-11,5.654953391449997e-07,5.481170219061956e-21,1.3668017185848439e-16,9.890317859929973e-08,0.002466272626470909,9.314967426773422e-05,3.968807727770345e-05,0.42606780527895916,8.427169357609958e-05,1.9258977643354647e-20,2.285343610184276e-16,8.42723886559252e-05,9.93629713990236e-08,0.0011790691231586133,1.0050569515428475e-05,1.0050569515428475e-05,9.314967426773422e-05,3.968807727770345e-05,0.42606780527895916,3.948838642106688,True
sgd_with_decay_grad_projection,54,0,58,torch.float32,1.1920928955078125e-07,4.814231254404896e-06,8.079389811228297e-05,3.345106092293188e-11,4.1402954560310255e-07,1.1446718135697969e-20,1.4167800295748724e-16,1.0164028544388226e-07,0.0012580022781832254,0.00011571194360936162,3.6738654030786715e-05,0.31750096735748196,0.0001097247701927976,2.0312207688223128e-20,1.8511961932143956e-16,0.00010972623253458916,1.0140314634272443e-07,0.0009241467969909472,9.870781478570598e-06,9.870781478570598e-06,0.00011571194360936162,3.6738654030786715e-05,0.31750096735748196,3.7219600201408665,True
sgd_with_decay_grad_projection,54,1,60,torch.float32,1.1920928955078125e-07,3.342961442244951e-06,9.094366042445216e-05,2.590913996948069e-11,2.848922052241748e-07,1.3226526043590692e-20,1.4543648212377201e-16,1.0671893557783561e-07,0.001173465024706369,0.00012492897612834797,3.8077519602283036e-05,0.3047933376414086,0.0001189846695058447,2.2779691531654524e-20,1.9145064340020336e-16,0.00011898422315653516,1.071343485549269e-07,0.0009004080180780051,1.018663499868938e-05,1.018663499868938e-05,0.00012492897612834797,3.8077519602283036e-05,0.3047933376414086,3.737988021282997,True
sgd_with_decay_grad_projection,54,2,60,torch.float32,1.1920928955078125e-07,3.920330339574255e-06,8.509176395240057e-05,2.7475095204325322e-11,3.2288783224301944e-07,1.2626317741812485e-20,1.4838472203815366e-16,9.887957201991326e-08,0.0011620221155570296,0.00011613778691088829,3.441081819664719e-05,0.2962930421866087,0.00011092286121262916,2.0839446340859584e-20,1.8787332127064627e-16,0.00011092400000255702,9.867360667324729e-08,0.0008895604798868836,9.393457266032627e-06,9.393457266032627e-06,0.00011613778691088829,3.441081819664719e-05,0.2962930421866087,3.663275109695663,True
sgd_with_decay_grad_projection,54,3,49,torch.float32,1.1920928955078125e-07,5.138758647397377e-06,7.067987220632696e-05,3.1347542363782805e-11,4.4351441768703013e-07,9.311100228834505e-21,1.3173623463345665e-16,8.999854549543496e-08,0.001273343613546483,0.00010664591389874301,3.397344477245192e-05,0.3185630234713789,0.00010108984123833247,1.7628417022845827e-20,1.7438366513292406e-16,0.00010109091137282829,8.892620837461936e-08,0.0008796657104678293,9.51088824726891e-06,9.51088824726891e-06,0.00010664591389874301,3.397344477245192e-05,0.3185630234713789,3.5720580338232377,True
sgd_with_decay_grad_projection,54,4,60,torch.float32,1.1920928955078125e-07,8.425881056896194e-06,9.749616396341391e-05,6.257388331599015e-11,6.418086699233769e-07,1.4158553879175247e-20,1.4522165081788504e-16,1.1344399052357073e-07,0.001163566130407415,0.00013338536681911208,4.278781536086659e-05,0.32078342910652585,0.00012633629303614014,2.6014870078957616e-20,2.0591763026888658e-16,0.0001263373821067552,1.1329584795793595e-07,0.0008967721672608418,1.0820658791914216e-05,1.0820658791914216e-05,0.00013338536681911208,4.278781536086659e-05,0.32078342910652585,3.954270824327255,True
sgd_with_decay_grad_projection,54,5,53,torch.float32,1.1920928955078125e-07,5.678672305444112e-06,0.00016732170596622144,5.86288419701416e-11,3.5039591325932015e-07,2.2420395077564875e-20,1.3399573562854084e-16,9.107511136451809e-08,0.0005443109555525341,0.00018387242259204704,3.28400343696508e-05,0.17860228253212354,0.00018091600242230778,2.6886145906128522e-20,1.4861120932447343e-16,0.0001809164774330695,8.957388218659649e-08,0.0004951117966561922,9.18906327277761e-06,9.18906327277761e-06,0.00018387242259204704,3.28400343696508e-05,0.17860228253212354,3.573817416943754,True
sgd_with_decay_grad_projection,54,6,60,torch.float32,1.1920928955078125e-07,3.095485046437789e-06,9.631742101180535e-05,2.8718922518063512e-11,2.981695545455221e-07,1.3979342497331847e-20,1.4513825588850703e-16,9.831963190628397e-08,0.0010207777177144146,0.00012421950961443676,3.385699284662244e-05,0.27255777254080854,0.00011951648674653595,2.2203465498732253e-20,1.8577742789427998e-16,0.00011951756647248913,9.801108583673704e-08,0.0008200559024877527,9.347292103269328e-06,9.347292103269328e-06,0.00012421950961443676,3.385699284662244e-05,0.27255777254080854,3.6221177719246143,True
sgd_with_decay_grad_projection,54,7,53,torch.float32,1.1920928955078125e-07,7.079248571757639e-06,4.408913340731201e-05,2.521220930552571e-11,5.718463339391553e-07,5.977579224031159e-21,1.3557942200426142e-16,9.917900403324201e-08,0.002249486733348872,9.516370570763087e-05,3.9671822205200334e-05,0.4168797537906217,8.650015842140146e-05,1.940972234701812e-20,2.2438944276217485e-16,8.65014887289485e-05,9.876407232339418e-08,0.0011417615323693487,1.0050491460215655e-05,1.0050491460215655e-05,9.516370570763087e-05,3.9671822205200334e-05,0.4168797537906217,3.9472519689449186,True
sgd_with_decay_grad_projection,55,0,58,torch.float32,1.1920928955078125e-07,4.814231254404896e-06,7.081831783211574e-05,2.828191549146382e-11,3.9935875854196185e-07,9.948870940311083e-21,1.404844289566013e-16,1.0112611049128687e-07,0.0014279305722906478,0.00010874009360044617,3.672187850495202e-05,0.3377032085321044,0.00010235190078987949,1.9494235102530233e-20,1.9046285366551605e-16,0.00010235411205708624,1.019536204579456e-07,0.000996087195803943,9.87069544977376e-06,9.87069544977376e-06,0.00010874009360044617,3.672187850495202e-05,0.3377032085321044,3.720292930909311,True
sgd_with_decay_grad_projection,55,1,60,torch.float32,1.1920928955078125e-07,3.342961442244951e-06,8.574383466862647e-05,2.400525907948442e-11,2.799648414636149e-07,1.2320865038812827e-20,1.436938887376528e-16,1.0613758934477246e-07,0.001237827379491794,0.00012144069127890864,3.806036774939207e-05,0.3134070413184666,0.00011532237382693888,2.274523118800908e-20,1.9723172904975254e-16,0.0001153220584012712,1.0721998123517393e-07,0.0009297439078141883,1.0186549818393092e-05,1.0186549818393092e-05,0.00012144069127890864,3.806036774939207e-05,0.3134070413184666,3.7363355039671338,True
sgd_with_decay_grad_projection,55,2,60,torch.float32,1.1920928955078125e-07,3.920330339574255e-06,7.586622228919653e-05,2.5636029080310727e-11,3.3791097416961197e-07,1.126508520596799e-20,1.4848617561352858e-16,9.773806041345329e-08,0.001288292431754794,0.00010963779783650736,3.439387543792549e-05,0.3137045445696919,0.00010410335271641986,1.9966160397405548e-20,1.917917134887468e-16,0.00010410598932410328,9.790146858834943e-08,0.000940401884886393,9.393375383535252e-06,9.393375383535252e-06,0.00010963779783650736,3.439387543792549e-05,0.3137045445696919,3.6615033503516976,True
sgd_with_decay_grad_projection,55,3,49,torch.float32,1.1920928955078125e-07,5.138758647397377e-06,6.064675438981531e-05,2.6530651949979147e-11,4.3746202442178115e-07,7.999258506533732e-21,1.3189920197737492e-16,8.932377736774381e-08,0.0014728727560612697,0.00010032931018231756,3.3958599092292e-05,0.3384713702365014,9.440754222703116e-05,1.7043040765329315e-20,1.8052626266177154e-16,9.440804043900929e-05,8.903261168376302e-08,0.0009430617484458968,9.510805712295958e-06,9.510805712295958e-06,0.00010032931018231756,3.3958599092292e-05,0.3384713702365014,3.570528104510529,True
sgd_with_decay_grad_projection,55,4,60,torch.float32,1.1920928955078125e-07,8.425881056896194e-06,7.317995351695601e-05,5.570472863199478e-11,7.612020226152211e-07,1.0581953444668541e-20,1.4460180604268542e-16,1.1384446811645168e-07,0.0015556531878392452,0.0001170726110055915,4.27670271938923e-05,0.36530343712800345,0.00010898154721173407,2.4574948585149632e-20,2.2549641855794503e-16,0.00010898328691938367,1.1433537701580116e-07,0.0010491092739786467,1.0820555429440839e-05,1.0820555429440839e-05,0.0001170726110055915,4.27670271938923e-05,0.36530343712800345,3.9523874234339855,True
sgd_with_decay_grad_projection,55,5,53,torch.float32,1.1920928955078125e-07,5.678672305444112e-06,0.00013835740752650788,5.1516713487597725e-11,3.7234517767129775e-07,1.8299038311608388e-20,1.3225918755454959e-16,8.990675961754751e-08,0.0006498122491636077,0.00015803284314633024,3.2824989613246624e-05,0.2077099225687687,0.00015458622050429612,2.4004144038357572e-20,1.5527997230316184e-16,0.0001545863282756959,9.008010832362415e-08,0.0005827171738174117,9.188965455672e-06,9.188965455672e-06,0.00015803284314633024,3.2824989613246624e-05,0.2077099225687687,3.5722181970969324,True
sgd_with_decay_grad_projection,55,6,60,torch.float32,1.1920928955078125e-07,3.095485046437789e-06,8.326946989431128e-05,2.2789618413232656e-11,2.736851626671587e-07,1.2161363848308316e-20,1.4604829193393963e-16,9.876042020863161e-08,0.0011860328549130098,0.00011498418883771864,3.384014108971094e-05,0.29430255961078927,0.00010989180376031961,2.112449307970834e-20,1.9222992395121735e-16,0.00010989385413658297,9.839347581183148e-08,0.0008953501229426524,9.347208114851438e-06,9.347208114851438e-06,0.00011498418883771864,3.384014108971094e-05,0.29430255961078927,3.620347452833919,True
sgd_with_decay_grad_projection,55,7,53,torch.float32,1.1920928955078125e-07,7.079248571757639e-06,4.093008554519578e-05,2.266773525565416e-11,5.538159755523603e-07,5.5658597629404806e-21,1.3598456218214853e-16,9.924247412703475e-08,0.002424665237562192,9.368407372261805e-05,3.965417648104491e-05,0.42327553558840647,8.487786494060203e-05,1.932915563073237e-20,2.2772905096351104e-16,8.487802823325982e-05,9.842736527048213e-08,0.0011596330324732138,1.005040948563928e-05,1.005040948563928e-05,9.368407372261805e-05,3.965417648104491e-05,0.42327553558840647,3.945528442169997,True
sgd_with_decay_grad_projection,56,0,58,torch.float32,1.1920928955078125e-07,4.814231254404896e-06,6.312661099543412e-05,2.663475151908317e-11,4.219258898756601e-07,9.013784271741302e-21,1.4278897804911563e-16,1.012096872740776e-07,0.0016032534881972272,0.00010438364019503261,3.670471770548975e-05,0.3516328577630544,9.771749095492748e-05,1.9016448955550783e-20,1.946063981966359e-16,9.771966757436027e-05,1.0184688389432688e-07,0.0010422352677041803,9.870612335774197e-06,9.870612335774197e-06,0.00010438364019503261,3.670471770548975e-05,0.3516328577630544,3.718585682112176,True
sgd_with_decay_grad_projection,56,1,60,torch.float32,1.1920928955078125e-07,3.342961442244951e-06,7.681611256394733e-05,2.2709287256445507e-11,2.956318212216303e-07,1.1123349441270471e-20,1.4480489925874694e-16,1.0681890522251035e-07,0.0013905482986055699,0.00011510150387509242,3.803815438723335e-05,0.3304748687602915,0.00010863450190948045,2.193504594836408e-20,2.019160171290832e-16,0.00010863303422460903,1.0718273030078088e-07,0.000986649512883627,1.0186461422738909e-05,1.0186461422738909e-05,0.00011510150387509242,3.803815438723335e-05,0.3304748687602915,3.7341872519461963,True
sgd_with_decay_grad_projection,56,2,60,torch.float32,1.1920928955078125e-07,3.920330339574255e-06,7.324517326155992e-05,2.4369567317993438e-11,3.32712262567381e-07,1.0837998237207226e-20,1.479687705632851e-16,9.83484586106899e-08,0.0013427039338463449,0.00010786242657107442,3.43755928877841e-05,0.3186984938182601,0.00010223806375031634,1.9834980055366834e-20,1.9400778269634886e-16,0.00010223862087981236,9.770058190393494e-08,0.0009556132610472889,9.393298119752525e-06,9.393298119752525e-06,0.00010786242657107442,3.43755928877841e-05,0.3186984938182601,3.659587127922408,True
sgd_with_decay_grad_projection,56,3,49,torch.float32,1.1920928955078125e-07,5.138758647397377e-06,5.41277741727854e-05,2.2749969019135286e-11,4.20301210733576e-07,7.137142166594895e-21,1.3185730016927183e-16,8.990985231165866e-08,0.0016610375715388106,9.614941237055151e-05,3.393983973590498e-05,0.3529906101256633,8.995997319865904e-05,1.665144808444448e-20,1.8509841090851602e-16,8.996113411233101e-05,8.934737821922853e-08,0.0009931775438453666,9.510725248827003e-06,9.510725248827003e-06,9.614941237055151e-05,3.393983973590498e-05,0.3529906101256633,3.56858586994624,True
sgd_with_decay_grad_projection,56,4,60,torch.float32,1.1920928955078125e-07,8.425881056896194e-06,7.00094401661187e-05,5.93393352566351e-11,8.47590483738114e-07,1.016713914188277e-20,1.452252598758366e-16,1.1332065815294594e-07,0.0016186510424090592,0.0001149458484266865,4.274572159818481e-05,0.37187703760739493,0.00010670216190678268,2.428332287944347e-20,2.2758042054159977e-16,0.00010670403221442007,1.1365337183923815e-07,0.0010651272447779058,1.082046610310155e-05,1.082046610310155e-05,0.0001149458484266865,4.274572159818481e-05,0.37187703760739493,3.9504510425786825,True
sgd_with_decay_grad_projection,56,5,53,torch.float32,1.1920928955078125e-07,5.678672305444112e-06,0.00012057573952533232,4.522265829732487e-11,3.7505603096735585e-07,1.603680611097521e-20,1.3300193035604055e-16,9.101838280242385e-08,0.000754871660105991,0.00014267868828238408,3.280625554128381e-05,0.22993101447887543,0.0001388558881983105,2.2551613069540484e-20,1.6241020357259055e-16,0.0001388565130053018,9.042717576622442e-08,0.0006512274707832519,9.188877626956211e-06,9.188877626956211e-06,0.00014267868828238408,3.280625554128381e-05,0.22993101447887543,3.57021356395523,True
sgd_with_decay_grad_projection,56,6,60,torch.float32,1.1920928955078125e-07,3.095485046437789e-06,7.419402172909507e-05,2.0136903017584344e-11,2.714087004355998e-07,1.0879747477689133e-20,1.4663913916696415e-16,9.773731664465756e-08,0.0013173042946635178,0.00010776548619525597,3.3823099867160336e-05,0.3138583702566666,0.00010232007589068727,2.0288111999577516e-20,1.9828085371293252e-16,0.00010232161659198005,9.809653216738041e-08,0.0009587078022677487,9.347125265877839e-06,9.347125265877839e-06,0.00010776548619525597,3.3823099867160336e-05,0.3138583702566666,3.618556390875952,True
sgd_with_decay_grad_projection,56,7,53,torch.float32,1.1920928955078125e-07,7.079248571757639e-06,3.808984933149529e-05,2.1466385056762166e-11,5.635723278908402e-07,5.1145693234204064e-21,1.342764388199389e-16,9.938309129071932e-08,0.0026090677446294094,9.204945582150131e-05,3.963396068207416e-05,0.43057246051438675,8.307978982692676e-05,1.912993857808436e-20,2.302598335640494e-16,8.30801921584655e-05,9.909939673574941e-08,0.001192816171473571,1.0050327404435618e-05,1.0050327404435618e-05,9.204945582150131e-05,3.963396068207416e-05,0.43057246051438675,3.943549208614048,True
sgd_with_decay_grad_projection,57,0,58,torch.float32,1.1920928955078125e-07,4.814231254404896e-06,6.68184134492189e-05,2.6670132984379776e-11,3.9914346371975325e-07,9.599410744231838e-21,1.436641525696809e-16,1.0174789381190341e-07,0.0015227322148182356,0.00010643830651162778,3.6684410844717455e-05,0.344654213760061,9.991680085971128e-05,1.9167320825096957e-20,1.9183281150093001e-16,9.991810082606168e-05,1.0122138407832498e-07,0.0010130435150537145,9.870535150635234e-06,9.870535150635234e-06,0.00010643830651162778,3.6684410844717455e-05,0.344654213760061,3.7165574393761793,True
sgd_with_decay_grad_projection,57,1,60,torch.float32,1.1920928955078125e-07,3.342961442244951e-06,8.80959107908639e-05,2.5410259696736366e-11,2.8843858322844616e-07,1.2662580111183054e-20,1.4373629828567218e-16,1.0633724537222397e-07,0.0012070674846728934,0.0001231128175355282,3.801773246517388e-05,0.3088040159116871,0.00011709576362850501,2.279831426195331e-20,1.946980279686518e-16,0.00011709436780611486,1.0665543184910752e-07,0.0009108502300102755,1.018638774301368e-05,1.018638774301368e-05,0.0001231128175355282,3.801773246517388e-05,0.3088040159116871,3.7322094371724943,True
sgd_with_decay_grad_projection,57,2,60,torch.float32,1.1920928955078125e-07,3.920330339574255e-06,7.797241969992601e-05,2.5411994708518074e-11,3.259100436579396e-07,1.1553106291223702e-20,1.481691389812708e-16,9.769137923972177e-08,0.0012528854917314934,0.00011145207956475432,3.435782072265978e-05,0.30827437995625445,0.00010602408308727739,2.0177572449308258e-20,1.9031121856246936e-16,0.00010602454321613135,9.815566020619025e-08,0.0009257824389405728,9.393226217311691e-06,9.393226217311691e-06,0.00011145207956475432,3.435782072265978e-05,0.30827437995625445,3.6577231217255695,True
sgd_with_decay_grad_projection,57,3,49,torch.float32,1.1920928955078125e-07,5.138758647397377e-06,6.48905178602617e-05,2.8011895269972023e-11,4.316793299491639e-07,8.558292000707777e-21,1.318881753900994e-16,9.007308696770044e-08,0.0013880791552633657,0.00010250494746151825,3.392150253443897e-05,0.330925515055491,9.672949870589978e-05,1.7095660330994612e-20,1.7673678205417913e-16,9.673076112214165e-05,8.943419307011104e-08,0.0009245682762403032,9.51065591924657e-06,9.51065591924657e-06,0.00010250494746151825,3.392150253443897e-05,0.330925515055491,3.566683814708567,True
sgd_with_decay_grad_projection,57,4,60,torch.float32,1.1920928955078125e-07,8.425881056896194e-06,5.9168260139219065e-05,5.034811401736954e-11,8.509311225123691e-07,8.66426338059586e-21,1.464343105613136e-16,1.1433582770329935e-07,0.001932364344838711,0.00010849091131662183,4.2724864697995016e-05,0.39381054301688,9.972393782261669e-05,2.346358008787589e-20,2.3528533469678645e-16,9.972517469865997e-05,1.1367745659742208e-07,0.0011399073197005851,1.0820372503550632e-05,1.0820372503550632e-05,0.00010849091131662183,4.2724864697995016e-05,0.39381054301688,3.9485576567696854,True
sgd_with_decay_grad_projection,57,5,53,torch.float32,1.1920928955078125e-07,5.678672305444112e-06,8.501299178559468e-05,3.6625656937130293e-11,4.308242324832103e-07,1.1591220560304118e-20,1.3634646089786606e-16,9.070260556076223e-08,0.0010669172000986355,0.00011503410083110215,3.279118524847895e-05,0.2850562138667414,0.00011026142808806765,1.9308448328829578e-20,1.7511516641529072e-16,0.00011026193697083404,8.979445168506406e-08,0.0008143739730312923,9.188777609703466e-06,9.188777609703466e-06,0.00011503410083110215,3.279118524847895e-05,0.2850562138667414,3.5686123488124295,True
sgd_with_decay_grad_projection,57,6,60,torch.float32,1.1920928955078125e-07,3.095485046437789e-06,8.319754044933184e-05,2.3932721891880016e-11,2.8766141117423167e-07,1.2102621397789033e-20,1.4546849981893584e-16,9.756229808252805e-08,0.0011726503457442034,0.00011441579232739343,3.380664016157086e-05,0.29547180047344634,0.00010930729442672747,2.0965080830560367e-20,1.9179946718573298e-16,0.00010930887826361584,9.821025738910744e-08,0.0008984655130414722,9.347057393544226e-06,9.347057393544226e-06,0.00011441579232739343,3.380664016157086e-05,0.29547180047344634,3.6168217159894884,True
sgd_with_decay_grad_projection,57,7,53,torch.float32,1.1920928955078125e-07,7.079248571757639e-06,4.0384839101804876e-05,2.2593569402727068e-11,5.594567145797374e-07,5.473467107804418e-21,1.3553272043519556e-16,9.823608189592617e-08,0.002432454844680716,9.350140853198565e-05,3.9611696575051354e-05,0.42364812677127417,8.46960854580148e-05,1.920068826020059e-20,2.267010116980988e-16,8.469630474785249e-05,9.878649061453528e-08,0.001166361282332569,1.0050249029128314e-05,1.0050249029128314e-05,9.350140853198565e-05,3.9611696575051354e-05,0.42364812677127417,3.941364682630853,True
sgd_with_decay_grad_projection,58,0,58,torch.float32,1.1920928955078125e-07,4.814231254404896e-06,5.976462215868323e-05,2.5038311482418683e-11,4.1894871209824684e-07,8.576077610628738e-21,1.43497562619217e-16,1.0168892055999523e-07,0.0017014376713675378,0.00010208437689410157,3.6663315246176966e-05,0.35914717179701344,9.527340300953057e-05,1.876658394525451e-20,1.969761061581606e-16,9.52753849728162e-05,1.022666264753023e-07,0.001073379304680646,9.870451707708668e-06,9.870451707708668e-06,0.00010208437689410157,3.6663315246176966e-05,0.35914717179701344,3.7144516109170054,True
sgd_with_decay_grad_projection,58,1,60,torch.float32,1.1920928955078125e-07,3.342961442244951e-06,8.852333097210537e-05,2.5833169199113844e-11,2.9182328449947445e-07,1.2820109065604354e-20,1.448218105308831e-16,1.054867424381679e-07,0.001191626224236162,0.0001235107182707485,3.7997585550959556e-05,0.3076460576293051,0.00011752055573410858,2.2959610488192564e-20,1.953667623912442e-16,0.0001175189225815059,1.0758532368384316e-07,0.0009154723453937961,1.0186306129771071e-05,1.0186306129771071e-05,0.0001235107182707485,3.7997585550959556e-05,0.3076460576293051,3.730261496844835,True
sgd_with_decay_grad_projection,58,2,60,torch.float32,1.1920928955078125e-07,3.920330339574255e-06,8.487099448033638e-05,2.8466516419480603e-11,3.354092478093439e-07,1.2397785640611869e-20,1.460780059963241e-16,9.79067199514341e-08,0.0011535963572471381,0.00011643876925380193,3.433869499628283e-05,0.2949077460741162,0.00011126024002891775,2.065847280937178e-20,1.8567704693071323e-16,0.00011126147813908619,9.771623876715676e-08,0.0008782576000383822,9.393155256185413e-06,9.393155256185413e-06,0.00011643876925380193,3.433869499628283e-05,0.2949077460741162,3.655714619820717,True
sgd_with_decay_grad_projection,58,3,49,torch.float32,1.1920928955078125e-07,5.138758647397377e-06,6.311947714913236e-05,2.7166532030972947e-11,4.303985593351256e-07,8.213425615241826e-21,1.3012505784603902e-16,9.113220549224645e-08,0.0014437973775661536,0.00010211300885306454,3.390217208897581e-05,0.33200639634230467,9.632086640326439e-05,1.710973699978926e-20,1.7763271489021195e-16,9.632140418724304e-05,9.037895781072973e-08,0.0009383060657529291,9.51057985596842e-06,9.51057985596842e-06,0.00010211300885306454,3.390217208897581e-05,0.33200639634230467,3.5646798199901872,True
sgd_with_decay_grad_projection,58,4,60,torch.float32,1.1920928955078125e-07,8.425881056896194e-06,6.109768281892776e-05,4.823832545880104e-11,7.895279040575504e-07,8.892852235009473e-21,1.455513830429144e-16,1.1361531665265565e-07,0.0018595115887367287,0.00010981954601726055,4.269980496901693e-05,0.3888178973377446,0.00010117835412302933,2.3593567025627174e-20,2.3318789112677424e-16,0.0001011790319870605,1.1375575663012186e-07,0.0011243016897480277,1.0820287166935825e-05,1.0820287166935825e-05,0.00010981954601726055,4.269980496901693e-05,0.3888178973377446,3.9462728031375347,True
sgd_with_decay_grad_projection,58,5,53,torch.float32,1.1920928955078125e-07,5.678672305444112e-06,0.00010206891845010202,3.976377665175928e-11,3.895777211668841e-07,1.361220247173019e-20,1.333628559842707e-16,9.084853182581403e-08,0.0008900783572382825,0.0001273854348265416,3.277119753648239e-05,0.2572601615020299,0.00012309791882063613,2.0554352910101336e-20,1.6697563295160766e-16,0.00012309765819011682,9.063158319411863e-08,0.00073625757408109,9.188715941381416e-06,9.188715941381416e-06,0.0001273854348265416,3.277119753648239e-05,0.2572601615020299,3.566461053485959,True
sgd_with_decay_grad_projection,58,6,60,torch.float32,1.1920928955078125e-07,3.095485046437789e-06,8.970664715724505e-05,2.508145592643204e-11,2.79594174135917e-07,1.3007087122103227e-20,1.4499580058213372e-16,9.682183648501017e-08,0.0010793143361656251,0.0001191043854525259,3.378519747712679e-05,0.2836603988070054,0.00011421214937761836,2.1831931387363925e-20,1.9115244311864978e-16,0.00011421324676282479,9.83144812844324e-08,0.0008607975350581902,9.346987164392632e-06,9.346987164392632e-06,0.0001191043854525259,3.378519747712679e-05,0.2836603988070054,3.614554816746895,True
sgd_with_decay_grad_projection,58,7,53,torch.float32,1.1920928955078125e-07,7.079248571757639e-06,4.31333367388415e-05,2.482719089752727e-11,5.755917064299462e-07,5.970922176103491e-21,1.3842940582724902e-16,9.924168142713797e-08,0.002300793899137663,9.479460354579203e-05,3.958952666925484e-05,0.4176348145190617,8.613179575225542e-05,1.9121126251009265e-20,2.2199846275129548e-16,8.613176298196566e-05,9.897441577662232e-08,0.0011491047245526097,1.0050169974475498e-05,1.0050169974475498e-05,9.479460354579203e-05,3.958952666925484e-05,0.4176348145190617,3.939189761944395,True
sgd_with_decay_grad_projection,59,0,58,torch.float32,1.1920928955078125e-07,4.814231254404896e-06,6.426439156025195e-05,2.648444195319144e-11,4.121169019138786e-07,9.227205208509174e-21,1.4358192747937036e-16,1.0160466842153697e-07,0.001581014721571445,0.00010453759580058998,3.66409410193617e-05,0.3505049139379089,9.790582401973432e-05,1.9026881540595024e-20,1.943386078519689e-16,9.79075246530212e-05,1.0084172372290436e-07,0.0010299690864443952,9.87037529131099e-06,9.87037529131099e-06,0.00010453759580058998,3.66409410193617e-05,0.3505049139379089,3.712213562093952,True
sgd_with_decay_grad_projection,59,1,60,torch.float32,1.1920928955078125e-07,3.342961442244951e-06,8.351597625631964e-05,2.3539303702576466e-11,2.818539009869414e-07,1.1942495560956088e-20,1.4299653906102637e-16,1.0656979602119535e-07,0.0012760367208876548,0.00012062322610084799,3.797393030274354e-05,0.3148144145224166,0.00011448992659766479,2.2313019577219254e-20,1.94890679383791e-16,0.00011448853558475358,1.0708178735937423e-07,0.0009353057650047739,1.0186221093355159e-05,1.0186221093355159e-05,0.00012062322610084799,3.797393030274354e-05,0.3148144145224166,3.727970358655902,True
sgd_with_decay_grad_projection,59,2,60,torch.float32,1.1920928955078125e-07,3.920330339574255e-06,7.936181029659652e-05,2.512812241636688e-11,3.1662738441142284e-07,1.1730710642617625e-20,1.4781304255507e-16,9.771410411322472e-08,0.0012312461252039163,0.00011224654274212764,3.431877809994062e-05,0.3057446337459471,0.0001068714546887396,2.031481436428074e-20,1.9008644004563353e-16,0.00010687297319184215,9.78735427689424e-08,0.000915793206138793,9.393075034672463e-06,9.393075034672463e-06,0.00011224654274212764,3.431877809994062e-05,0.3057446337459471,3.6536254605930885,True
sgd_with_decay_grad_projection,59,3,49,torch.float32,1.1920928955078125e-07,5.138758647397377e-06,5.536476526005482e-05,2.3639649979898684e-11,4.269800453205295e-07,7.34612753260753e-21,1.326859691015138e-16,9.018418575197562e-08,0.00162894298873483,9.69496403292367e-05,3.3881508629657336e-05,0.3494753411626616,9.083653523195837e-05,1.6595976578316242e-20,1.827015587498696e-16,9.083836399864428e-05,8.973844697187039e-08,0.0009878914923347772,9.510498071494783e-06,9.510498071494783e-06,9.69496403292367e-05,3.3881508629657336e-05,0.3494753411626616,3.5625377740423763,True
sgd_with_decay_grad_projection,59,4,60,torch.float32,1.1920928955078125e-07,8.425881056896194e-06,6.60936583816104e-05,5.235879319476641e-11,7.921908769591499e-07,9.447131847815971e-21,1.4293552632951943e-16,1.1414434726062219e-07,0.0017270142591323198,0.00011255267619704923,4.2670930127395985e-05,0.379119640413443,0.0001041503559340087,2.3868103577972872e-20,2.2916967843197846e-16,0.00010415048963597513,1.1341082326676142e-07,0.0010889130110012238,1.0820202970220908e-05,1.0820202970220908e-05,0.00011255267619704923,4.2670930127395985e-05,0.379119640413443,3.94363490637226,True
sgd_with_decay_grad_projection,59,5,53,torch.float32,1.1920928955078125e-07,5.678672305444112e-06,0.00010525727070285636,4.104976888444672e-11,3.8999461614705114e-07,1.3885340260604427e-20,1.3191811043442415e-16,9.027569588962377e-08,0.0008576660705548651,0.00013053965191965698,3.275029717578901e-05,0.25088390151327955,0.00012636462621399514,2.0912617525504722e-20,1.6549423800051258e-16,0.00012636448825021856,9.001099817952852e-08,0.0007123124496915203,9.188646371181023e-06,9.188646371181023e-06,0.00013053965191965698,3.275029717578901e-05,0.25088390151327955,3.5642134709314743,True
sgd_with_decay_grad_projection,59,6,60,torch.float32,1.1920928955078125e-07,3.095485046437789e-06,8.858787273234727e-05,2.4361303546146988e-11,2.749959198111732e-07,1.291328759351038e-20,1.45768119215664e-16,9.757246683109359e-08,0.0011014189684636388,0.00011810564722883087,3.376555559859357e-05,0.2858928119937607,0.00011317610685325473,2.1426629781922854e-20,1.8932114187056138e-16,0.00011317796974284915,9.829182015976485e-08,0.0008684713145419819,9.346911455896788e-06,9.346911455896788e-06,0.00011810564722883087,3.376555559859357e-05,0.2858928119937607,3.612482664237877,True
sgd_with_decay_grad_projection,59,7,53,torch.float32,1.1920928955078125e-07,7.079248571757639e-06,4.033136247743595e-05,2.3272368559524965e-11,5.770290694380851e-07,5.573259527182733e-21,1.381867406612339e-16,9.827510864234703e-08,0.0024366793468184444,9.293958474557982e-05,3.956443836148575e-05,0.4257006147573456,8.409769098983044e-05,1.9214070588094018e-20,2.284732239606613e-16,8.409805833224873e-05,9.864606323047068e-08,0.0011729885943471692,1.0050087531214194e-05,1.0050087531214194e-05,9.293958474557982e-05,3.956443836148575e-05,0.4257006147573456,3.93672574876627,True
sgd_with_decay_grad_projection,60,0,58,torch.float32,1.1920928955078125e-07,4.814231254404896e-06,6.633239585268628e-05,2.706909472528447e-11,4.080825722833927e-07,9.544516261015813e-21,1.4388921338245435e-16,1.013133547540395e-07,0.0015273225524129934,0.00010614558937158991,3.661662151065592e-05,0.34496602004318827,9.962986084597102e-05,1.9264815707004627e-20,1.933638724718111e-16,9.963163763856324e-05,1.0176465267592208e-07,0.0010214090131198772,9.870298303839159e-06,9.870298303839159e-06,0.00010614558937158991,3.661662151065592e-05,0.34496602004318827,3.709778608860635,True
sgd_with_decay_grad_projection,60,1,60,torch.float32,1.1920928955078125e-07,3.342961442244951e-06,9.070489866133203e-05,2.6804994312228002e-11,2.95518706352462e-07,1.3214216015076795e-20,1.4568359824110206e-16,1.0686368591923653e-07,0.0011781427330711427,0.00012475818222935673,3.794876436192039e-05,0.30417856114763675,0.00011884652000196227,2.2851203303825264e-20,1.9227490467072968e-16,0.00011884485488447342,1.0698283567122428e-07,0.000900189038685941,1.0186142221977392e-05,1.0186142221977392e-05,0.00012475818222935673,3.794876436192039e-05,0.30417856114763675,3.7255286186798955,True
sgd_with_decay_grad_projection,60,2,60,torch.float32,1.1920928955078125e-07,3.920330339574255e-06,7.557949069042817e-05,2.5252408563311303e-11,3.341172100079978e-07,1.1060012805570834e-20,1.4633616480525127e-16,9.778439235690075e-08,0.00129377599722022,0.00010934685151148688,3.4296753518229514e-05,0.31365103836233127,0.0001038290259685844,1.9977510693119606e-20,1.924077636937884e-16,0.00010383171457421884,9.881914697224859e-08,0.0009517241179872141,9.392996425088008e-06,9.392996425088008e-06,0.00010934685151148688,3.4296753518229514e-05,0.31365103836233127,3.6513112500102083,True
sgd_with_decay_grad_projection,60,3,49,torch.float32,1.1920928955078125e-07,5.138758647397377e-06,5.624257511070726e-05,2.5158624375378524e-11,4.4732347915892125e-07,7.350781251160508e-21,1.3069780742955042e-16,8.968318317799042e-08,0.001594561553445251,9.77610482651965e-05,3.3859386056245994e-05,0.3463484348530675,9.171022044354802e-05,1.6649399012433633e-20,1.8154355023802528e-16,9.17110757688917e-05,8.945587685564586e-08,0.0009754097431053054,9.510423005916355e-06,9.510423005916355e-06,9.77610482651965e-05,3.3859386056245994e-05,0.3463484348530675,3.560239753287772,True
sgd_with_decay_grad_projection,60,4,60,torch.float32,1.1920928955078125e-07,8.425881056896194e-06,8.527499768965994e-05,5.427954720353079e-11,6.365235845689443e-07,1.2100067474783891e-20,1.4189466786996516e-16,1.1347210744716746e-07,0.0013306713417931835,0.000124821526783886,4.264419678616071e-05,0.34164136495457387,0.00011731106524588194,2.5113556374580512e-20,2.14076620325141e-16,0.00011731157268066205,1.1320857944717707e-07,0.0009650248211687189,1.082012863548893e-05,1.082012863548893e-05,0.000124821526783886,4.264419678616071e-05,0.34164136495457387,3.9411912947404386,True
sgd_with_decay_grad_projection,60,5,53,torch.float32,1.1920928955078125e-07,5.678672305444112e-06,0.00018742418882511082,6.329332265298417e-11,3.3770092883818965e-07,2.449009483303647e-20,1.3066667107675228e-16,9.057782760388977e-08,0.0004832793978918726,0.00020213003288791647,3.272940803009319e-05,0.1619225384890826,0.00019946261816508343,2.8942040652542053e-20,1.451000739827271e-16,0.00019946284490010075,9.05569585013081e-08,0.00045400414571777903,9.188642447963801e-06,9.188642447963801e-06,0.00020213003288791647,3.272940803009319e-05,0.1619225384890826,3.561941626898978,True
sgd_with_decay_grad_projection,60,6,60,torch.float32,1.1920928955078125e-07,3.095485046437789e-06,9.03928219844592e-05,2.5111700039701054e-11,2.7780635108414237e-07,1.3081867247971811e-20,1.4472241225328067e-16,9.746465964892507e-08,0.001078213261905076,0.0001195572157655265,3.374381706833914e-05,0.28223990373376473,0.0001146964805530803,2.1721697463016664e-20,1.8938416731073188e-16,0.00011469777940683507,9.771925458152386e-08,0.000851971634384585,9.346838415150716e-06,9.346838415150716e-06,0.0001195572157655265,3.374381706833914e-05,0.28223990373376473,3.6101851310109576,True
sgd_with_decay_grad_projection,60,7,53,torch.float32,1.1920928955078125e-07,7.079248571757639e-06,3.987046127040753e-05,2.295662110121225e-11,5.757801733347643e-07,5.393430206292101e-21,1.352738351762206e-16,1.0008351306084867e-07,0.002510139324790371,9.272157966195762e-05,3.9541076446383864e-05,0.42644955565405473,8.386772089707686e-05,1.906468398823923e-20,2.2731849374606905e-16,8.386851284024216e-05,9.916971880580862e-08,0.0011824427958405932,1.0050007458888339e-05,1.0050007458888339e-05,9.272157966195762e-05,3.9541076446383864e-05,0.42644955565405473,3.934432547252818,True
sgd_with_decay_grad_projection,61,0,58,torch.float32,1.1920928955078125e-07,4.814231254404896e-06,7.230994979219596e-05,2.919037229494463e-11,4.036840348919036e-07,1.0403173001730156e-20,1.4386917750085018e-16,1.0141342790988747e-07,0.0014024816970564856,0.00010974230879950312,3.659208934865609e-05,0.3334364817812341,0.00010346203814803511,1.9651734974530115e-20,1.8994150247081063e-16,0.00010346250978082116,1.0160341967882477e-07,0.0009820312680802472,9.87022292990501e-06,9.87022292990501e-06,0.00010974230879950312,3.659208934865609e-05,0.3334364817812341,3.7073214666498164,True
sgd_with_decay_grad_projection,61,1,60,torch.float32,1.1920928955078125e-07,3.342961442244951e-06,8.965617160937525e-05,2.5657092448142794e-11,2.8617207256995854e-07,1.2750923965709402e-20,1.422202592060776e-16,1.0639610283644148e-07,0.001186713358951589,0.00012377533168698022,3.792236931229113e-05,0.30638067210511977,0.00011782286127897321,2.297939218619616e-20,1.9503339111572813e-16,0.00011782194165890014,1.0729745141162641e-07,0.0009106746154486013,1.0186059553621087e-05,1.0186059553621087e-05,0.00012377533168698022,3.792236931229113e-05,0.30638067210511977,3.722967562938501,True
sgd_with_decay_grad_projection,61,2,60,torch.float32,1.1920928955078125e-07,3.920330339574255e-06,7.342076292963941e-05,2.5129466915235527e-11,3.422664912828214e-07,1.0825915443263651e-20,1.4745032619231943e-16,9.83147736799332e-08,0.0013390232371895201,0.00010785880809438448,3.427202283262843e-05,0.3177489482605617,0.00010226901258201848,1.9888233307772488e-20,1.9446978909493598e-16,0.00010227086083123646,9.829106005408841e-08,0.0009610856822285346,9.392919574358345e-06,9.392919574358345e-06,0.00010785880809438448,3.427202283262843e-05,0.3177489482605617,3.648708217005003,True
sgd_with_decay_grad_projection,61,3,49,torch.float32,1.1920928955078125e-07,5.138758647397377e-06,6.038730046567536e-05,2.692547879444267e-11,4.458798221945247e-07,7.884241697562933e-21,1.3056125438237108e-16,9.057910244039492e-08,0.0014999521935859048,0.00010013518773115483,3.383575091871486e-05,0.33790070888525053,9.424541252347675e-05,1.6980274425746603e-20,1.8017083241602637e-16,9.424657153769448e-05,8.845258070075847e-08,0.0009385230598588016,9.510349163069216e-06,9.510349163069216e-06,0.00010013518773115483,3.383575091871486e-05,0.33790070888525053,3.557782194801695,True
sgd_with_decay_grad_projection,61,4,60,torch.float32,1.1920928955078125e-07,8.425881056896194e-06,5.630612512284075e-05,4.4782533609745404e-11,7.953403561698696e-07,8.129055514008687e-21,1.4437249049328884e-16,1.1390041594351604e-07,0.002022860067754696,0.00010693925248767161,4.2616420302606466e-05,0.3985105497863795,9.8080805681915e-05,2.336333408216607e-20,2.3820495681831462e-16,9.808136145405202e-05,1.1334732733549659e-07,0.0011556459418499833,1.0820023362847955e-05,1.0820023362847955e-05,0.00010693925248767161,4.2616420302606466e-05,0.3985105497863795,3.9386625031638873,True
sgd_with_decay_grad_projection,61,5,53,torch.float32,1.1920928955078125e-07,5.678672305444112e-06,7.930689773027292e-05,3.295754555601238e-11,4.155697234319111e-07,1.0601588138824752e-20,1.3367800837302004e-16,8.976987367902414e-08,0.0011319358671174414,0.00011034423683652916,3.2707653047264205e-05,0.2964146926469695,0.00010538529325847998,1.861578655741696e-20,1.7664501356709955e-16,0.00010538485049173042,8.97840379502199e-08,0.0008519634229330266,9.188480543406085e-06,9.188480543406085e-06,0.00011034423683652916,3.2707653047264205e-05,0.2964146926469695,3.559636753079501,True
sgd_with_decay_grad_projection,61,6,60,torch.float32,1.1920928955078125e-07,3.095485046437789e-06,8.857899095448735e-05,2.5061545098600002e-11,2.829287715805754e-07,1.2953633728112647e-20,1.4623821730785861e-16,9.793316954583273e-08,0.001105603804319404,0.00011830793632884229,3.372171269912891e-05,0.28503339459322385,0.00011340023761450772,2.1492122082980707e-20,1.8952448897012838e-16,0.0001134006818915135,9.769517042937446e-08,0.0008615042590558321,9.346762554085967e-06,9.346762554085967e-06,0.00011830793632884229,3.372171269912891e-05,0.28503339459322385,3.6078495098163543,True
sgd_with_decay_grad_projection,61,7,53,torch.float32,1.1920928955078125e-07,7.079248571757639e-06,4.214441389114756e-05,2.443946225591231e-11,5.798980220495087e-07,5.639727613381706e-21,1.3381910181380598e-16,9.87232005844921e-08,0.002342459598941392,9.394335203461704e-05,3.95114068081203e-05,0.42058757700662847,8.523028876839038e-05,1.9149072888474517e-20,2.246745043949258e-16,8.523001200715842e-05,9.9255086532015e-08,0.0011645555854630013,1.0049928924471339e-05,1.0049928924471339e-05,9.394335203461704e-05,3.95114068081203e-05,0.42058757700662847,3.931511068890344,True
sgd_with_decay_grad_projection,62,0,58,torch.float32,1.1920928955078125e-07,4.814231254404896e-06,7.15101392573009e-05,3.044693188156082e-11,4.2577083750333075e-07,1.031214737516444e-20,1.4420538796688952e-16,1.0118171222383826e-07,0.0014149034526190756,0.00010893600980150877,3.6566835656917045e-05,0.33567261848074953,0.00010261540216514494,1.9424857506959104e-20,1.8929767946236325e-16,0.00010261676228008815,1.0203048385310923e-07,0.0009942867187197088,9.870143395881573e-06,9.870143395881573e-06,0.00010893600980150877,3.6566835656917045e-05,0.33567261848074953,3.7047927461899857,True
sgd_with_decay_grad_projection,62,1,60,torch.float32,1.1920928955078125e-07,3.342961442244951e-06,8.75028056505354e-05,2.4980980985124648e-11,2.854877714994936e-07,1.251536607651616e-20,1.4302816902237344e-16,1.071514973081304e-07,0.0012245385838765294,0.00012222695794584027,3.789584609895314e-05,0.31004490937052603,0.00011620384717012885,2.2530173121643958e-20,1.9388491577786183e-16,0.00011620134644644505,1.0752288109464155e-07,0.0009253152771701898,1.0185976628007974e-05,1.0185976628007974e-05,0.00012222695794584027,3.789584609895314e-05,0.31004490937052603,3.7203939772208434,True
sgd_with_decay_grad_projection,62,2,60,torch.float32,1.1920928955078125e-07,3.920330339574255e-06,7.353111151731997e-05,2.463757956155127e-11,3.350633365000607e-07,1.074064261961796e-20,1.4606936299458284e-16,9.79402257440873e-08,0.0013319395508601675,0.0001074733636716311,3.424816854900958e-05,0.31866657354886346,0.00010187044149277703,1.9681020715365272e-20,1.9319657819251453e-16,0.00010187099006140146,9.820606340544063e-08,0.0009640238437483347,9.3928438392983e-06,9.3928438392983e-06,0.0001074733636716311,3.424816854900958e-05,0.31866657354886346,3.646198013611192,True
sgd_with_decay_grad_projection,62,3,49,torch.float32,1.1920928955078125e-07,5.138758647397377e-06,5.709460731996903e-05,2.3972341691799147e-11,4.1987050646400957e-07,7.488325598575232e-21,1.3115644278994496e-16,8.978510709153484e-08,0.0015725489083281386,9.727080922124094e-05,3.381353711373388e-05,0.34762265662687675,9.120446828096305e-05,1.668107171069346e-20,1.8289752711792597e-16,9.120601063989675e-05,8.976486493419949e-08,0.0009841990051358868,9.510270083868809e-06,9.510270083868809e-06,9.727080922124094e-05,3.381353711373388e-05,0.34762265662687675,3.555476008098649,True
sgd_with_decay_grad_projection,62,4,60,torch.float32,1.1920928955078125e-07,8.425881056896194e-06,7.306440746986108e-05,4.967254659918182e-11,6.798460196871048e-07,1.0418253998474872e-20,1.4259000187984537e-16,1.1324698054182674e-07,0.001549951496821897,0.00011659804804133981,4.258655163189939e-05,0.36524240626052623,0.00010854257426076716,2.4322358561830012e-20,2.240812761948779e-16,0.0001085436102498589,1.1351620921692115e-07,0.001045811991655849,1.081994663385737e-05,1.081994663385737e-05,0.00011659804804133981,4.258655163189939e-05,0.36524240626052623,3.935929914722421,True
sgd_with_decay_grad_projection,62,5,53,torch.float32,1.1920928955078125e-07,5.678672305444112e-06,0.00017463396929361845,5.982179991403542e-11,3.4255534679770606e-07,2.3079499397720003e-20,1.3215927858180302e-16,8.940647398839656e-08,0.0005119645802604854,0.00019048941340005866,3.268478587960353e-05,0.17158321450106087,0.00018766438497888437,2.7821678089053196e-20,1.4825230739537305e-16,0.00018766471638977973,9.0390183577696e-08,0.00048165784872397394,9.188485842439504e-06,9.188485842439504e-06,0.00019048941340005866,3.268478587960353e-05,0.17158321450106087,3.557146023846499,True
sgd_with_decay_grad_projection,62,6,60,torch.float32,1.1920928955078125e-07,3.095485046437789e-06,8.569610439534132e-05,2.378062355914758e-11,2.7749947009773715e-07,1.24830751836831e-20,1.4566677530749223e-16,9.798288959884994e-08,0.0011433785860766041,0.00011606588146259966,3.369719049299749e-05,0.29032813147467335,0.00011106659350393743,2.1307059265828577e-20,1.9184039587090802e-16,0.00011106704090528027,9.834334325075104e-08,0.0008854412834732834,9.346685536260222e-06,9.346685536260222e-06,0.00011606588146259966,3.369719049299749e-05,0.29032813147467335,3.605255613048082,True
sgd_with_decay_grad_projection,62,7,53,torch.float32,1.1920928955078125e-07,7.079248571757639e-06,4.017832811301996e-05,2.2644195007746334e-11,5.63592266558458e-07,5.3559609188737206e-21,1.3330472347700673e-16,9.83886061156542e-08,0.0024487542505673286,9.270055953711109e-05,3.9483653654691315e-05,0.4259268104944362,8.387153767858236e-05,1.9106463834075503e-20,2.278062899871523e-16,8.387287677656784e-05,9.895114183636097e-08,0.0011797752222087326,1.0049847558923908e-05,1.0049847558923908e-05,9.270055953711109e-05,3.9483653654691315e-05,0.4259268104944362,3.9287813494873594,True
sgd_with_decay_grad_projection,63,0,58,torch.float32,1.1920928955078125e-07,4.814231254404896e-06,6.571774330933023e-05,2.751756201133833e-11,4.18723477490919e-07,9.33514808547811e-21,1.420491273040043e-16,1.0244474983056013e-07,0.0015588213868149984,0.00010540167671013086,3.653972892893605e-05,0.3466712301875931,9.886537140529445e-05,1.899823372647741e-20,1.9216266986541672e-16,9.886654391344111e-05,1.0157524683186071e-07,0.0010273975685929821,9.870061448636676e-06,9.870061448636676e-06,0.00010540167671013086,3.653972892893605e-05,0.3466712301875931,3.7020771470458453,True
sgd_with_decay_grad_projection,63,1,60,torch.float32,1.1920928955078125e-07,3.342961442244951e-06,7.244557990582668e-05,2.1019105340262877e-11,2.9013647716790994e-07,1.0487806043209113e-20,1.447680597883659e-16,1.0646809900125591e-07,0.0014696594681400553,0.00011193432893798899,3.7867696386760955e-05,0.3383027954519605,0.00010533437978721863,2.153462790595972e-20,2.0444063893916572e-16,0.00010533339979688023,1.0622418888785764e-07,0.0010084568531225154,1.018588487573695e-05,1.018588487573695e-05,0.00011193432893798899,3.7867696386760955e-05,0.3383027954519605,3.7176638896599763,True
sgd_with_decay_grad_projection,63,2,60,torch.float32,1.1920928955078125e-07,3.920330339574255e-06,8.058942348962166e-05,2.5281157323706807e-11,3.137031663585796e-07,1.1996068371837633e-20,1.4885412815222683e-16,9.804848811643201e-08,0.0012166484906243457,0.00011288333903416138,3.422171191271923e-05,0.3031599898224384,0.0001075710121978234,2.0338219190681304e-20,1.8906784248975235e-16,0.0001075726107465747,9.815249920466348e-08,0.000912430204337946,9.392774526057979e-06,9.392774526057979e-06,0.00011288333903416138,3.422171191271923e-05,0.3031599898224384,3.643408219560618,True
sgd_with_decay_grad_projection,63,3,49,torch.float32,1.1920928955078125e-07,5.138758647397377e-06,5.9944833122351625e-05,2.6928541710783084e-11,4.492220648245035e-07,7.802368212388348e-21,1.3015914476672164e-16,8.978036935715154e-08,0.0014976927215310418,9.94170434805503e-05,3.378658847071783e-05,0.33984704521340703,9.349981269459305e-05,1.6821406347072923e-20,1.7990844967805673e-16,9.350044425834391e-05,8.989394100300712e-08,0.0009614279559424132,9.510197168831414e-06,9.510197168831414e-06,9.94170434805503e-05,3.378658847071783e-05,0.33984704521340703,3.5526696104103412,True
sgd_with_decay_grad_projection,63,4,60,torch.float32,1.1920928955078125e-07,8.425881056896194e-06,5.627215801166272e-05,4.370974439077856e-11,7.767561425620014e-07,8.207001755682821e-21,1.4584480221967583e-16,1.1231107833005757e-07,0.0019958479773318446,0.00010652023454525921,4.255442397613605e-05,0.3994961535505742,9.765081345097074e-05,2.332040142982931e-20,2.3881420549085535e-16,9.765057722763987e-05,1.1191266118466551e-07,0.0011460522237751686,1.0819849587049372e-05,1.0819849587049372e-05,0.00010652023454525921,4.255442397613605e-05,0.3994961535505742,3.932995891834838,True
sgd_with_decay_grad_projection,63,5,53,torch.float32,1.1920928955078125e-07,5.678672305444112e-06,9.82490873139588e-05,3.9010713052398804e-11,3.970592920394115e-07,1.3224636882722328e-20,1.346031525001706e-16,9.007975185771589e-08,0.0009168480478972915,0.00012452956670029461,3.266153294724879e-05,0.26227934307243933,0.00012017003473453316,2.031019686925102e-20,1.690121577656039e-16,0.00012017062734461463,8.986592340643914e-08,0.0007478193747689245,9.188348914091166e-06,9.188348914091166e-06,0.00012452956670029461,3.266153294724879e-05,0.26227934307243933,3.554668336240406,True
sgd_with_decay_grad_projection,63,6,60,torch.float32,1.1920928955078125e-07,3.095485046437789e-06,8.849526035418827e-05,2.460929889617832e-11,2.7808606695639405e-07,1.300153201652776e-20,1.4691783452008266e-16,9.893207103326265e-08,0.001117920331922137,0.00011843579689779023,3.367118701524747e-05,0.28429907086542094,0.0001135486202108984,2.1433073122190202e-20,1.8875679054824e-16,0.00011355013559394232,9.772118034651963e-08,0.0008605994157151219,9.346613251843351e-06,9.346613251843351e-06,0.00011843579689779023,3.367118701524747e-05,0.28429907086542094,3.602501366856791,True
sgd_with_decay_grad_projection,63,7,53,torch.float32,1.1920928955078125e-07,7.079248571757639e-06,3.965772097239842e-05,2.2017267844909307e-11,5.551823782368437e-07,5.305964649494343e-21,1.3379398814137823e-16,9.854339623439029e-08,0.0024848204342938366,9.239133072708445e-05,3.9454982799771604e-05,0.4270420448463722,8.35431764166962e-05,1.9035030590955185e-20,2.2784662263752534e-16,8.354336592858822e-05,9.829173993661866e-08,0.0011765355494610685,1.0049767575452e-05,1.0049767575452e-05,9.239133072708445e-05,3.9454982799771604e-05,0.4270420448463722,3.9259597302674005,True
sgd_with_decay_grad_projection,64,0,58,torch.float32,1.1920928955078125e-07,4.814231254404896e-06,6.51775213343382e-05,2.7959279559831955e-11,4.2897120030708896e-07,9.32516213172164e-21,1.430732857097715e-16,1.0121952963929342e-07,0.0015529713177550228,0.00010499780106782585,3.6511546889177495e-05,0.3477363003592045,9.844513788317899e-05,1.9142250534369996e-20,1.9444587052217204e-16,9.844576375587641e-05,1.016126151916052e-07,0.0010321684886673425,9.869982459903812e-06,9.869982459903812e-06,0.00010499780106782585,3.6511546889177495e-05,0.3477363003592045,3.699251446241508,True
sgd_with_decay_grad_projection,64,1,60,torch.float32,1.1920928955078125e-07,3.342961442244951e-06,7.85182735187766e-05,2.272758517862467e-11,2.8945599743975106e-07,1.1409118654072557e-20,1.453052664402344e-16,1.0621555558432894e-07,0.001352719664815789,0.00011602276944741611,3.7839604068103584e-05,0.3261394659714037,0.00010967883749483047,2.199968003089361e-20,2.0058272437406648e-16,0.0001096794582360892,1.069056520873521e-07,0.0009747098846643974,1.0185807642354467e-05,1.0185807642354467e-05,0.00011602276944741611,3.7839604068103584e-05,0.3261394659714037,3.714934092291271,True
sgd_with_decay_grad_projection,64,2,60,torch.float32,1.1920928955078125e-07,3.920330339574255e-06,7.82000037355454e-05,2.5279017379393988e-11,3.232610763662092e-07,1.1466987198813088e-20,1.4663665794176205e-16,9.834262409552975e-08,0.0012575684659950162,0.00011122432593399392,3.419724366559831e-05,0.30746190977945476,0.0001058366628590821,2.011317966625945e-20,1.90039813453297e-16,0.00010583869426079851,9.841624806661345e-08,0.0009298702025187942,9.39269748580855e-06,9.39269748580855e-06,0.00011122432593399392,3.419724366559831e-05,0.30746190977945476,3.640833074552546,True
sgd_with_decay_grad_projection,64,3,49,torch.float32,1.1920928955078125e-07,5.138758647397377e-06,6.194116530590179e-05,2.68666226825248e-11,4.33744224052642e-07,8.091332766349883e-21,1.3062932746568296e-16,8.954695022475865e-08,0.0014456586454982775,0.00010063810814772093,3.3760158490351914e-05,0.3354609810510081,9.480654254986147e-05,1.7105891295628198e-20,1.8042943910365387e-16,9.480838099393951e-05,8.959736834675905e-08,0.0009450363713360576,9.510122777980229e-06,9.510122777980229e-06,0.00010063810814772093,3.3760158490351914e-05,0.3354609810510081,3.549918258523465,True
sgd_with_decay_grad_projection,64,4,60,torch.float32,1.1920928955078125e-07,8.425881056896194e-06,6.955999778749265e-05,5.258251929476978e-11,7.559304336870532e-07,9.923867898277486e-21,1.4266630554816806e-16,1.1353918143304941e-07,0.0016322374321973343,0.00011438009990732736,4.25219031985797e-05,0.37175962630765,0.00010618236672433331,2.4075644514857935e-20,2.2673863144680345e-16,0.0001061826541061546,1.1342675963723153e-07,0.001068223059520011,1.0819771469029383e-05,1.0819771469029383e-05,0.00011438009990732736,4.25219031985797e-05,0.37175962630765,3.9300186071669625,True
sgd_with_decay_grad_projection,64,5,53,torch.float32,1.1920928955078125e-07,5.678672305444112e-06,9.038004524665425e-05,3.865236510896857e-11,4.2766481255329345e-07,1.2146990343235577e-20,1.3439902923357248e-16,9.028342554303679e-08,0.0009989274436222279,0.0001185060122540463,3.2633021657186065e-05,0.27537017773604,0.00011392436454893131,1.9468401513410478e-20,1.7088883129164756e-16,0.0001139240206830971,9.07535414685386e-08,0.000796614628981434,9.188269986321112e-06,9.188269986321112e-06,0.0001185060122540463,3.2633021657186065e-05,0.27537017773604,3.55159586143724,True
sgd_with_decay_grad_projection,64,6,60,torch.float32,1.1920928955078125e-07,3.095485046437789e-06,7.839579219340419e-05,2.231596354774801e-11,2.8465767005318374e-07,1.1316110439077037e-20,1.4434589054423222e-16,9.857955634194597e-08,0.0012574498254904884,0.00011021758918958572,3.364418101148763e-05,0.3052523763118801,0.00010495706765544917,2.0524811657992817e-20,1.9555435490415216e-16,0.00010495790931449466,9.738849204167145e-08,0.0009278814019614063,9.34652998809904e-06,9.34652998809904e-06,0.00011021758918958572,3.364418101148763e-05,0.3052523763118801,3.5996440448302045,True
sgd_with_decay_grad_projection,64,7,53,torch.float32,1.1920928955078125e-07,7.079248571757639e-06,4.473613206092215e-05,2.492387627162988e-11,5.571307827348211e-07,6.094519199623167e-21,1.3623259139445786e-16,9.855019018935158e-08,0.0022028842681174068,9.506165118728123e-05,3.9423404425656455e-05,0.41471407169215163,8.650151854125716e-05,1.9530687967541494e-20,2.2578433647065135e-16,8.650251490474027e-05,9.912695936411099e-08,0.0011459430916346562,1.0049690815882022e-05,1.0049690815882022e-05,9.506165118728123e-05,3.9423404425656455e-05,0.41471407169215163,3.9228474933132973,True
