replicate,stage,candidate,arm,step,stream_key_posthoc,family_posthoc,branch,route_margin,candidate_parent_branch
0,C_WEAK_SELECTED,STATE_MACHINE,incumbent,1,STORY,STORY,0,0.2868039011955261,1
0,C_WEAK_SELECTED,STATE_MACHINE,capacity-shadow,1,STORY,STORY,0,,1
0,C_WEAK_SELECTED,STATE_MACHINE,geometry-shadow,1,STORY,STORY,0,0.263260543346405,1
0,C_WEAK_SELECTED,STATE_MACHINE,incumbent,2,ARITH_A,ARITHMETIC,0,0.7293778657913208,1
0,C_WEAK_SELECTED,STATE_MACHINE,capacity-shadow,2,ARITH_A,ARITHMETIC,0,,1
0,C_WEAK_SELECTED,STATE_MACHINE,geometry-shadow,2,ARITH_A,ARITHMETIC,0,0.7042180895805359,1
0,C_WEAK_SELECTED,STATE_MACHINE,incumbent,3,STORY,STORY,1,0.3230621218681335,1
0,C_WEAK_SELECTED,STATE_MACHINE,capacity-shadow,3,STORY,STORY,1,,1
0,C_WEAK_SELECTED,STATE_MACHINE,geometry-shadow,3,STORY,STORY,1,0.1163805723190307,1
0,C_WEAK_SELECTED,STATE_MACHINE,incumbent,4,ARITH_A,ARITHMETIC,0,0.7192257046699524,1
0,C_WEAK_SELECTED,STATE_MACHINE,capacity-shadow,4,ARITH_A,ARITHMETIC,0,,1
0,C_WEAK_SELECTED,STATE_MACHINE,geometry-shadow,4,ARITH_A,ARITHMETIC,0,0.6990975737571716,1
0,C_WEAK_SELECTED,STATE_MACHINE,incumbent,5,STORY,STORY,1,0.8821041584014893,1
0,C_WEAK_SELECTED,STATE_MACHINE,capacity-shadow,5,STORY,STORY,2,,1
0,C_WEAK_SELECTED,STATE_MACHINE,geometry-shadow,5,STORY,STORY,2,0.5146671533584595,1
0,C_WEAK_SELECTED,STATE_MACHINE,incumbent,6,ARITH_A,ARITHMETIC,0,0.7247669696807861,1
0,C_WEAK_SELECTED,STATE_MACHINE,capacity-shadow,6,ARITH_A,ARITHMETIC,0,,1
0,C_WEAK_SELECTED,STATE_MACHINE,geometry-shadow,6,ARITH_A,ARITHMETIC,0,0.6925787925720215,1
0,C_WEAK_SELECTED,STATE_MACHINE,incumbent,7,STORY,STORY,1,0.021909475326538,1
0,C_WEAK_SELECTED,STATE_MACHINE,capacity-shadow,7,STORY,STORY,1,,1
0,C_WEAK_SELECTED,STATE_MACHINE,geometry-shadow,7,STORY,STORY,1,0.1750048995018005,1
0,C_WEAK_SELECTED,STATE_MACHINE,incumbent,8,ARITH_A,ARITHMETIC,0,0.726099967956543,1
0,C_WEAK_SELECTED,STATE_MACHINE,capacity-shadow,8,ARITH_A,ARITHMETIC,0,,1
0,C_WEAK_SELECTED,STATE_MACHINE,geometry-shadow,8,ARITH_A,ARITHMETIC,0,0.7001903057098389,1
0,C_WEAK_SELECTED,STATE_MACHINE,incumbent,9,STORY,STORY,1,0.0740123987197876,1
0,C_WEAK_SELECTED,STATE_MACHINE,capacity-shadow,9,STORY,STORY,2,,1
0,C_WEAK_SELECTED,STATE_MACHINE,geometry-shadow,9,STORY,STORY,1,0.2254882454872131,1
0,C_WEAK_SELECTED,STATE_MACHINE,incumbent,10,ARITH_A,ARITHMETIC,0,0.7193519473075867,1
0,C_WEAK_SELECTED,STATE_MACHINE,capacity-shadow,10,ARITH_A,ARITHMETIC,0,,1
0,C_WEAK_SELECTED,STATE_MACHINE,geometry-shadow,10,ARITH_A,ARITHMETIC,0,0.6935029029846191,1
0,C_WEAK_SELECTED,STATE_MACHINE,incumbent,11,ARITH_A,ARITHMETIC,0,0.7252205610275269,1
0,C_WEAK_SELECTED,STATE_MACHINE,capacity-shadow,11,ARITH_A,ARITHMETIC,0,,1
0,C_WEAK_SELECTED,STATE_MACHINE,geometry-shadow,11,ARITH_A,ARITHMETIC,0,0.7012436389923096,1
0,C_WEAK_SELECTED,STATE_MACHINE,incumbent,12,STORY,STORY,1,0.3768409490585327,1
0,C_WEAK_SELECTED,STATE_MACHINE,capacity-shadow,12,STORY,STORY,1,,1
0,C_WEAK_SELECTED,STATE_MACHINE,geometry-shadow,12,STORY,STORY,1,0.219740629196167,1
0,C_WEAK_SELECTED,STATE_MACHINE,incumbent,13,STORY,STORY,1,0.7800439596176147,1
0,C_WEAK_SELECTED,STATE_MACHINE,capacity-shadow,13,STORY,STORY,2,,1
0,C_WEAK_SELECTED,STATE_MACHINE,geometry-shadow,13,STORY,STORY,2,0.1119687557220459,1
0,C_WEAK_SELECTED,STATE_MACHINE,incumbent,14,ARITH_A,ARITHMETIC,0,0.7270748019218445,1
0,C_WEAK_SELECTED,STATE_MACHINE,capacity-shadow,14,ARITH_A,ARITHMETIC,0,,1
0,C_WEAK_SELECTED,STATE_MACHINE,geometry-shadow,14,ARITH_A,ARITHMETIC,0,0.6992321014404297,1
0,C_WEAK_SELECTED,STATE_MACHINE,incumbent,15,ARITH_A,ARITHMETIC,0,0.7319192290306091,1
0,C_WEAK_SELECTED,STATE_MACHINE,capacity-shadow,15,ARITH_A,ARITHMETIC,0,,1
0,C_WEAK_SELECTED,STATE_MACHINE,geometry-shadow,15,ARITH_A,ARITHMETIC,0,0.7102308869361877,1
0,C_WEAK_SELECTED,STATE_MACHINE,incumbent,16,ARITH_A,ARITHMETIC,0,0.7306762933731079,1
0,C_WEAK_SELECTED,STATE_MACHINE,capacity-shadow,16,ARITH_A,ARITHMETIC,0,,1
0,C_WEAK_SELECTED,STATE_MACHINE,geometry-shadow,16,ARITH_A,ARITHMETIC,0,0.7067591547966003,1
0,C_WEAK_SELECTED,STATE_MACHINE,incumbent,17,ARITH_A,ARITHMETIC,0,0.727405309677124,1
0,C_WEAK_SELECTED,STATE_MACHINE,capacity-shadow,17,ARITH_A,ARITHMETIC,0,,1
0,C_WEAK_SELECTED,STATE_MACHINE,geometry-shadow,17,ARITH_A,ARITHMETIC,0,0.6999709010124207,1
0,C_WEAK_SELECTED,STATE_MACHINE,incumbent,18,ARITH_A,ARITHMETIC,0,0.7261513471603394,1
0,C_WEAK_SELECTED,STATE_MACHINE,capacity-shadow,18,ARITH_A,ARITHMETIC,0,,1
0,C_WEAK_SELECTED,STATE_MACHINE,geometry-shadow,18,ARITH_A,ARITHMETIC,0,0.7029415369033813,1
0,C_WEAK_SELECTED,STATE_MACHINE,incumbent,19,ARITH_A,ARITHMETIC,0,0.7257411479949951,1
0,C_WEAK_SELECTED,STATE_MACHINE,capacity-shadow,19,ARITH_A,ARITHMETIC,0,,1
0,C_WEAK_SELECTED,STATE_MACHINE,geometry-shadow,19,ARITH_A,ARITHMETIC,0,0.6943024396896362,1
0,C_WEAK_SELECTED,STATE_MACHINE,incumbent,20,STORY,STORY,1,0.085202157497406,1
0,C_WEAK_SELECTED,STATE_MACHINE,capacity-shadow,20,STORY,STORY,1,,1
0,C_WEAK_SELECTED,STATE_MACHINE,geometry-shadow,20,STORY,STORY,1,0.3431509137153625,1
0,C_WEAK_SELECTED,STATE_MACHINE,incumbent,21,STATE_MACHINE,SELECTED,0,0.6816418170928955,1
0,C_WEAK_SELECTED,STATE_MACHINE,capacity-shadow,21,STATE_MACHINE,SELECTED,0,,1
0,C_WEAK_SELECTED,STATE_MACHINE,geometry-shadow,21,STATE_MACHINE,SELECTED,0,0.6809180974960327,1
0,C_WEAK_SELECTED,STATE_MACHINE,incumbent,22,ARITH_A,ARITHMETIC,0,0.7277074456214905,1
0,C_WEAK_SELECTED,STATE_MACHINE,capacity-shadow,22,ARITH_A,ARITHMETIC,0,,1
0,C_WEAK_SELECTED,STATE_MACHINE,geometry-shadow,22,ARITH_A,ARITHMETIC,0,0.6989750266075134,1
0,C_WEAK_SELECTED,STATE_MACHINE,incumbent,23,STORY,STORY,0,0.1955357789993286,1
0,C_WEAK_SELECTED,STATE_MACHINE,capacity-shadow,23,STORY,STORY,0,,1
0,C_WEAK_SELECTED,STATE_MACHINE,geometry-shadow,23,STORY,STORY,0,0.1370666623115539,1
0,C_WEAK_SELECTED,STATE_MACHINE,incumbent,24,ARITH_A,ARITHMETIC,0,0.7257717251777649,1
0,C_WEAK_SELECTED,STATE_MACHINE,capacity-shadow,24,ARITH_A,ARITHMETIC,0,,1
0,C_WEAK_SELECTED,STATE_MACHINE,geometry-shadow,24,ARITH_A,ARITHMETIC,0,0.69911789894104,1
0,C_WEAK_SELECTED,STATE_MACHINE,incumbent,25,ARITH_A,ARITHMETIC,0,0.7287027835845947,1
0,C_WEAK_SELECTED,STATE_MACHINE,capacity-shadow,25,ARITH_A,ARITHMETIC,0,,1
0,C_WEAK_SELECTED,STATE_MACHINE,geometry-shadow,25,ARITH_A,ARITHMETIC,0,0.7034090161323547,1
0,C_WEAK_SELECTED,STATE_MACHINE,incumbent,26,ARITH_A,ARITHMETIC,0,0.7230342626571655,1
0,C_WEAK_SELECTED,STATE_MACHINE,capacity-shadow,26,ARITH_A,ARITHMETIC,0,,1
0,C_WEAK_SELECTED,STATE_MACHINE,geometry-shadow,26,ARITH_A,ARITHMETIC,0,0.6938724517822266,1
0,C_WEAK_SELECTED,STATE_MACHINE,incumbent,27,STORY,STORY,1,0.5546643137931824,1
0,C_WEAK_SELECTED,STATE_MACHINE,capacity-shadow,27,STORY,STORY,2,,1
0,C_WEAK_SELECTED,STATE_MACHINE,geometry-shadow,27,STORY,STORY,2,0.0635508298873901,1
0,C_WEAK_SELECTED,STATE_MACHINE,incumbent,28,ARITH_A,ARITHMETIC,0,0.7247011065483093,1
0,C_WEAK_SELECTED,STATE_MACHINE,capacity-shadow,28,ARITH_A,ARITHMETIC,0,,1
0,C_WEAK_SELECTED,STATE_MACHINE,geometry-shadow,28,ARITH_A,ARITHMETIC,0,0.6985264420509338,1
0,C_WEAK_SELECTED,STATE_MACHINE,incumbent,29,ARITH_A,ARITHMETIC,0,0.7286073565483093,1
0,C_WEAK_SELECTED,STATE_MACHINE,capacity-shadow,29,ARITH_A,ARITHMETIC,0,,1
0,C_WEAK_SELECTED,STATE_MACHINE,geometry-shadow,29,ARITH_A,ARITHMETIC,0,0.7078146934509277,1
0,C_WEAK_SELECTED,STATE_MACHINE,incumbent,30,ARITH_A,ARITHMETIC,0,0.7259359955787659,1
0,C_WEAK_SELECTED,STATE_MACHINE,capacity-shadow,30,ARITH_A,ARITHMETIC,0,,1
0,C_WEAK_SELECTED,STATE_MACHINE,geometry-shadow,30,ARITH_A,ARITHMETIC,0,0.700198769569397,1
0,C_WEAK_SELECTED,STATE_MACHINE,incumbent,31,STORY,STORY,1,0.9627867937088012,1
0,C_WEAK_SELECTED,STATE_MACHINE,capacity-shadow,31,STORY,STORY,1,,1
0,C_WEAK_SELECTED,STATE_MACHINE,geometry-shadow,31,STORY,STORY,2,0.7069065570831299,1
0,C_WEAK_SELECTED,STATE_MACHINE,incumbent,32,ARITH_A,ARITHMETIC,0,0.7181955575942993,1
0,C_WEAK_SELECTED,STATE_MACHINE,capacity-shadow,32,ARITH_A,ARITHMETIC,0,,1
0,C_WEAK_SELECTED,STATE_MACHINE,geometry-shadow,32,ARITH_A,ARITHMETIC,0,0.6964746713638306,1
0,C_WEAK_SELECTED,STATE_MACHINE,incumbent,33,ARITH_A,ARITHMETIC,0,0.7267057299613953,1
0,C_WEAK_SELECTED,STATE_MACHINE,capacity-shadow,33,ARITH_A,ARITHMETIC,0,,1
0,C_WEAK_SELECTED,STATE_MACHINE,geometry-shadow,33,ARITH_A,ARITHMETIC,0,0.7018564343452454,1
0,C_WEAK_SELECTED,STATE_MACHINE,incumbent,34,ARITH_A,ARITHMETIC,0,0.7306936383247375,1
0,C_WEAK_SELECTED,STATE_MACHINE,capacity-shadow,34,ARITH_A,ARITHMETIC,0,,1
0,C_WEAK_SELECTED,STATE_MACHINE,geometry-shadow,34,ARITH_A,ARITHMETIC,0,0.705579936504364,1
0,C_WEAK_SELECTED,STATE_MACHINE,incumbent,35,STORY,STORY,1,0.1055619120597839,1
0,C_WEAK_SELECTED,STATE_MACHINE,capacity-shadow,35,STORY,STORY,2,,1
0,C_WEAK_SELECTED,STATE_MACHINE,geometry-shadow,35,STORY,STORY,1,0.1826745271682739,1
0,C_WEAK_SELECTED,STATE_MACHINE,incumbent,36,STORY,STORY,1,0.2955308556556701,1
0,C_WEAK_SELECTED,STATE_MACHINE,capacity-shadow,36,STORY,STORY,1,,1
0,C_WEAK_SELECTED,STATE_MACHINE,geometry-shadow,36,STORY,STORY,1,0.1189264059066772,1
0,C_WEAK_SELECTED,STATE_MACHINE,incumbent,37,STORY,STORY,1,0.8736122846603394,1
0,C_WEAK_SELECTED,STATE_MACHINE,capacity-shadow,37,STORY,STORY,2,,1
0,C_WEAK_SELECTED,STATE_MACHINE,geometry-shadow,37,STORY,STORY,1,0.0813033580780029,1
0,C_WEAK_SELECTED,STATE_MACHINE,incumbent,38,STORY,STORY,1,0.1774263381958007,1
0,C_WEAK_SELECTED,STATE_MACHINE,capacity-shadow,38,STORY,STORY,1,,1
0,C_WEAK_SELECTED,STATE_MACHINE,geometry-shadow,38,STORY,STORY,1,0.0254074335098266,1
0,C_WEAK_SELECTED,STATE_MACHINE,incumbent,39,STORY,STORY,1,0.3603733777999878,1
0,C_WEAK_SELECTED,STATE_MACHINE,capacity-shadow,39,STORY,STORY,2,,1
0,C_WEAK_SELECTED,STATE_MACHINE,geometry-shadow,39,STORY,STORY,1,0.5283259153366089,1
0,C_WEAK_SELECTED,STATE_MACHINE,incumbent,40,ARITH_A,ARITHMETIC,0,0.7311800122261047,1
0,C_WEAK_SELECTED,STATE_MACHINE,capacity-shadow,40,ARITH_A,ARITHMETIC,0,,1
0,C_WEAK_SELECTED,STATE_MACHINE,geometry-shadow,40,ARITH_A,ARITHMETIC,0,0.7100480794906616,1
0,C_WEAK_SELECTED,STATE_MACHINE,incumbent,41,ARITH_A,ARITHMETIC,0,0.7311006188392639,1
0,C_WEAK_SELECTED,STATE_MACHINE,capacity-shadow,41,ARITH_A,ARITHMETIC,0,,1
0,C_WEAK_SELECTED,STATE_MACHINE,geometry-shadow,41,ARITH_A,ARITHMETIC,0,0.7036086916923523,1
0,C_WEAK_SELECTED,STATE_MACHINE,incumbent,42,ARITH_A,ARITHMETIC,0,0.7284870743751526,1
0,C_WEAK_SELECTED,STATE_MACHINE,capacity-shadow,42,ARITH_A,ARITHMETIC,0,,1
0,C_WEAK_SELECTED,STATE_MACHINE,geometry-shadow,42,ARITH_A,ARITHMETIC,0,0.7041932344436646,1
0,C_WEAK_SELECTED,STATE_MACHINE,incumbent,43,STORY,STORY,1,0.4291067719459533,1
0,C_WEAK_SELECTED,STATE_MACHINE,capacity-shadow,43,STORY,STORY,1,,1
0,C_WEAK_SELECTED,STATE_MACHINE,geometry-shadow,43,STORY,STORY,2,0.2954519987106323,1
0,C_WEAK_SELECTED,STATE_MACHINE,incumbent,44,ARITH_A,ARITHMETIC,0,0.7243651151657104,1
0,C_WEAK_SELECTED,STATE_MACHINE,capacity-shadow,44,ARITH_A,ARITHMETIC,0,,1
0,C_WEAK_SELECTED,STATE_MACHINE,geometry-shadow,44,ARITH_A,ARITHMETIC,0,0.6943454146385193,1
0,C_WEAK_SELECTED,STATE_MACHINE,incumbent,45,ARITH_A,ARITHMETIC,0,0.7272462844848633,1
0,C_WEAK_SELECTED,STATE_MACHINE,capacity-shadow,45,ARITH_A,ARITHMETIC,0,,1
0,C_WEAK_SELECTED,STATE_MACHINE,geometry-shadow,45,ARITH_A,ARITHMETIC,0,0.7008754014968872,1
0,C_WEAK_SELECTED,STATE_MACHINE,incumbent,46,STORY,STORY,1,0.4116060733795166,1
0,C_WEAK_SELECTED,STATE_MACHINE,capacity-shadow,46,STORY,STORY,2,,1
0,C_WEAK_SELECTED,STATE_MACHINE,geometry-shadow,46,STORY,STORY,2,0.167606234550476,1
0,C_WEAK_SELECTED,STATE_MACHINE,incumbent,47,STORY,STORY,1,0.8956806659698486,1
0,C_WEAK_SELECTED,STATE_MACHINE,capacity-shadow,47,STORY,STORY,1,,1
0,C_WEAK_SELECTED,STATE_MACHINE,geometry-shadow,47,STORY,STORY,1,0.0971242189407348,1
0,C_WEAK_SELECTED,STATE_MACHINE,incumbent,48,ARITH_A,ARITHMETIC,0,0.7301124930381775,1
0,C_WEAK_SELECTED,STATE_MACHINE,capacity-shadow,48,ARITH_A,ARITHMETIC,0,,1
0,C_WEAK_SELECTED,STATE_MACHINE,geometry-shadow,48,ARITH_A,ARITHMETIC,0,0.7010300755500793,1
0,C_WEAK_SELECTED,STATE_MACHINE,incumbent,49,ARITH_A,ARITHMETIC,0,0.7313323616981506,1
0,C_WEAK_SELECTED,STATE_MACHINE,capacity-shadow,49,ARITH_A,ARITHMETIC,0,,1
0,C_WEAK_SELECTED,STATE_MACHINE,geometry-shadow,49,ARITH_A,ARITHMETIC,0,0.7078884840011597,1
0,C_WEAK_SELECTED,STATE_MACHINE,incumbent,50,STORY,STORY,1,0.320576012134552,1
0,C_WEAK_SELECTED,STATE_MACHINE,capacity-shadow,50,STORY,STORY,2,,1
0,C_WEAK_SELECTED,STATE_MACHINE,geometry-shadow,50,STORY,STORY,1,0.4276233911514282,1
0,C_WEAK_SELECTED,STATE_MACHINE,incumbent,51,STORY,STORY,1,0.0475174784660339,1
0,C_WEAK_SELECTED,STATE_MACHINE,capacity-shadow,51,STORY,STORY,1,,1
0,C_WEAK_SELECTED,STATE_MACHINE,geometry-shadow,51,STORY,STORY,1,0.2636723518371582,1
0,C_WEAK_SELECTED,STATE_MACHINE,incumbent,52,STORY,STORY,1,0.7722991108894348,1
0,C_WEAK_SELECTED,STATE_MACHINE,capacity-shadow,52,STORY,STORY,2,,1
0,C_WEAK_SELECTED,STATE_MACHINE,geometry-shadow,52,STORY,STORY,2,0.3255048990249634,1
0,C_WEAK_SELECTED,STATE_MACHINE,incumbent,53,STORY,STORY,1,1.2999763488769531,1
0,C_WEAK_SELECTED,STATE_MACHINE,capacity-shadow,53,STORY,STORY,1,,1
0,C_WEAK_SELECTED,STATE_MACHINE,geometry-shadow,53,STORY,STORY,2,0.6420765519142151,1
0,C_WEAK_SELECTED,STATE_MACHINE,incumbent,54,STORY,STORY,1,1.1233830451965332,1
0,C_WEAK_SELECTED,STATE_MACHINE,capacity-shadow,54,STORY,STORY,2,,1
0,C_WEAK_SELECTED,STATE_MACHINE,geometry-shadow,54,STORY,STORY,2,0.8111608028411865,1
0,C_WEAK_SELECTED,STATE_MACHINE,incumbent,55,STORY,STORY,1,0.1651834845542907,1
0,C_WEAK_SELECTED,STATE_MACHINE,capacity-shadow,55,STORY,STORY,1,,1
0,C_WEAK_SELECTED,STATE_MACHINE,geometry-shadow,55,STORY,STORY,1,0.3313322067260742,1
0,C_WEAK_SELECTED,STATE_MACHINE,incumbent,56,STORY,STORY,1,0.0113144516944885,1
0,C_WEAK_SELECTED,STATE_MACHINE,capacity-shadow,56,STORY,STORY,2,,1
0,C_WEAK_SELECTED,STATE_MACHINE,geometry-shadow,56,STORY,STORY,1,0.1282441020011901,1
0,C_WEAK_SELECTED,STATE_MACHINE,incumbent,57,STORY,STORY,1,0.0716872811317443,1
0,C_WEAK_SELECTED,STATE_MACHINE,capacity-shadow,57,STORY,STORY,1,,1
0,C_WEAK_SELECTED,STATE_MACHINE,geometry-shadow,57,STORY,STORY,1,0.0988643765449523,1
0,C_WEAK_SELECTED,STATE_MACHINE,incumbent,58,STORY,STORY,1,0.4914335012435913,1
0,C_WEAK_SELECTED,STATE_MACHINE,capacity-shadow,58,STORY,STORY,2,,1
0,C_WEAK_SELECTED,STATE_MACHINE,geometry-shadow,58,STORY,STORY,1,0.5412490963935852,1
0,C_WEAK_SELECTED,STATE_MACHINE,incumbent,59,STORY,STORY,1,0.959266185760498,1
0,C_WEAK_SELECTED,STATE_MACHINE,capacity-shadow,59,STORY,STORY,1,,1
0,C_WEAK_SELECTED,STATE_MACHINE,geometry-shadow,59,STORY,STORY,2,0.1543482542037964,1
0,C_WEAK_SELECTED,STATE_MACHINE,incumbent,60,ARITH_A,ARITHMETIC,0,0.7219753265380859,1
0,C_WEAK_SELECTED,STATE_MACHINE,capacity-shadow,60,ARITH_A,ARITHMETIC,0,,1
0,C_WEAK_SELECTED,STATE_MACHINE,geometry-shadow,60,ARITH_A,ARITHMETIC,0,0.6957871317863464,1
0,C_WEAK_SELECTED,STATE_MACHINE,incumbent,61,STORY,STORY,1,0.2160362005233764,1
0,C_WEAK_SELECTED,STATE_MACHINE,capacity-shadow,61,STORY,STORY,2,,1
0,C_WEAK_SELECTED,STATE_MACHINE,geometry-shadow,61,STORY,STORY,1,0.0765018463134765,1
0,C_WEAK_SELECTED,STATE_MACHINE,incumbent,62,ARITH_A,ARITHMETIC,0,0.7212541699409485,1
0,C_WEAK_SELECTED,STATE_MACHINE,capacity-shadow,62,ARITH_A,ARITHMETIC,0,,1
0,C_WEAK_SELECTED,STATE_MACHINE,geometry-shadow,62,ARITH_A,ARITHMETIC,0,0.6944132447242737,1
0,C_WEAK_SELECTED,STATE_MACHINE,incumbent,63,ARITH_A,ARITHMETIC,0,0.7292537689208984,1
0,C_WEAK_SELECTED,STATE_MACHINE,capacity-shadow,63,ARITH_A,ARITHMETIC,0,,1
0,C_WEAK_SELECTED,STATE_MACHINE,geometry-shadow,63,ARITH_A,ARITHMETIC,0,0.7066454887390137,1
0,C_WEAK_SELECTED,STATE_MACHINE,incumbent,64,STORY,STORY,1,0.5570402145385742,1
0,C_WEAK_SELECTED,STATE_MACHINE,capacity-shadow,64,STORY,STORY,1,,1
0,C_WEAK_SELECTED,STATE_MACHINE,geometry-shadow,64,STORY,STORY,2,0.3195364475250244,1
0,C_WEAK_SELECTED,STATE_MACHINE,incumbent,65,ARITH_A,ARITHMETIC,0,0.7230349779129028,1
0,C_WEAK_SELECTED,STATE_MACHINE,capacity-shadow,65,ARITH_A,ARITHMETIC,0,,1
0,C_WEAK_SELECTED,STATE_MACHINE,geometry-shadow,65,ARITH_A,ARITHMETIC,0,0.6954895853996277,1
0,C_WEAK_SELECTED,STATE_MACHINE,incumbent,66,STORY,STORY,1,0.6849843263626099,1
0,C_WEAK_SELECTED,STATE_MACHINE,capacity-shadow,66,STORY,STORY,2,,1
0,C_WEAK_SELECTED,STATE_MACHINE,geometry-shadow,66,STORY,STORY,1,0.0978531837463378,1
0,C_WEAK_SELECTED,STATE_MACHINE,incumbent,67,ARITH_A,ARITHMETIC,0,0.7290964126586914,1
0,C_WEAK_SELECTED,STATE_MACHINE,capacity-shadow,67,ARITH_A,ARITHMETIC,0,,1
0,C_WEAK_SELECTED,STATE_MACHINE,geometry-shadow,67,ARITH_A,ARITHMETIC,0,0.7014536261558533,1
0,C_WEAK_SELECTED,STATE_MACHINE,incumbent,68,ARITH_A,ARITHMETIC,0,0.7321040034294128,1
0,C_WEAK_SELECTED,STATE_MACHINE,capacity-shadow,68,ARITH_A,ARITHMETIC,0,,1
0,C_WEAK_SELECTED,STATE_MACHINE,geometry-shadow,68,ARITH_A,ARITHMETIC,0,0.7133157253265381,1
0,C_WEAK_SELECTED,STATE_MACHINE,incumbent,69,STORY,STORY,1,0.4214040637016296,1
0,C_WEAK_SELECTED,STATE_MACHINE,capacity-shadow,69,STORY,STORY,1,,1
0,C_WEAK_SELECTED,STATE_MACHINE,geometry-shadow,69,STORY,STORY,2,0.3273370862007141,1
0,C_WEAK_SELECTED,STATE_MACHINE,incumbent,70,ARITH_A,ARITHMETIC,0,0.7287594676017761,1
0,C_WEAK_SELECTED,STATE_MACHINE,capacity-shadow,70,ARITH_A,ARITHMETIC,0,,1
0,C_WEAK_SELECTED,STATE_MACHINE,geometry-shadow,70,ARITH_A,ARITHMETIC,0,0.6966108679771423,1
0,C_WEAK_SELECTED,STATE_MACHINE,incumbent,71,ARITH_A,ARITHMETIC,0,0.7245194911956787,1
0,C_WEAK_SELECTED,STATE_MACHINE,capacity-shadow,71,ARITH_A,ARITHMETIC,0,,1
0,C_WEAK_SELECTED,STATE_MACHINE,geometry-shadow,71,ARITH_A,ARITHMETIC,0,0.7007777094841003,1
0,C_WEAK_SELECTED,STATE_MACHINE,incumbent,72,ARITH_A,ARITHMETIC,0,0.7335069179534912,1
0,C_WEAK_SELECTED,STATE_MACHINE,capacity-shadow,72,ARITH_A,ARITHMETIC,0,,1
0,C_WEAK_SELECTED,STATE_MACHINE,geometry-shadow,72,ARITH_A,ARITHMETIC,0,0.7130179405212402,1
0,C_WEAK_SELECTED,STATE_MACHINE,incumbent,73,STORY,STORY,1,0.1552175283432006,1
0,C_WEAK_SELECTED,STATE_MACHINE,capacity-shadow,73,STORY,STORY,2,,1
0,C_WEAK_SELECTED,STATE_MACHINE,geometry-shadow,73,STORY,STORY,2,0.1172727942466735,1
0,C_WEAK_SELECTED,STATE_MACHINE,incumbent,74,STORY,STORY,1,0.5107896327972412,1
0,C_WEAK_SELECTED,STATE_MACHINE,capacity-shadow,74,STORY,STORY,1,,1
0,C_WEAK_SELECTED,STATE_MACHINE,geometry-shadow,74,STORY,STORY,2,0.1494349241256714,1
0,C_WEAK_SELECTED,STATE_MACHINE,incumbent,75,STATE_MACHINE,SELECTED,0,0.6814157366752625,1
0,C_WEAK_SELECTED,STATE_MACHINE,capacity-shadow,75,STATE_MACHINE,SELECTED,0,,1
0,C_WEAK_SELECTED,STATE_MACHINE,geometry-shadow,75,STATE_MACHINE,SELECTED,0,0.6790130138397217,1
0,C_WEAK_SELECTED,STATE_MACHINE,incumbent,76,STATE_MACHINE,SELECTED,0,0.6875673532485962,1
0,C_WEAK_SELECTED,STATE_MACHINE,capacity-shadow,76,STATE_MACHINE,SELECTED,0,,1
0,C_WEAK_SELECTED,STATE_MACHINE,geometry-shadow,76,STATE_MACHINE,SELECTED,0,0.6878303289413452,1
0,C_WEAK_SELECTED,STATE_MACHINE,incumbent,77,ARITH_A,ARITHMETIC,0,0.7295626997947693,1
0,C_WEAK_SELECTED,STATE_MACHINE,capacity-shadow,77,ARITH_A,ARITHMETIC,0,,1
0,C_WEAK_SELECTED,STATE_MACHINE,geometry-shadow,77,ARITH_A,ARITHMETIC,0,0.709185779094696,1
0,C_WEAK_SELECTED,STATE_MACHINE,incumbent,78,STORY,STORY,1,0.4562497735023498,1
0,C_WEAK_SELECTED,STATE_MACHINE,capacity-shadow,78,STORY,STORY,2,,1
0,C_WEAK_SELECTED,STATE_MACHINE,geometry-shadow,78,STORY,STORY,2,0.2410734891891479,1
0,C_WEAK_SELECTED,STATE_MACHINE,incumbent,79,STORY,STORY,1,0.2672388553619385,1
0,C_WEAK_SELECTED,STATE_MACHINE,capacity-shadow,79,STORY,STORY,1,,1
0,C_WEAK_SELECTED,STATE_MACHINE,geometry-shadow,79,STORY,STORY,1,0.1957811117172241,1
0,C_WEAK_SELECTED,STATE_MACHINE,incumbent,80,STATE_MACHINE,SELECTED,0,0.6822026371955872,1
0,C_WEAK_SELECTED,STATE_MACHINE,capacity-shadow,80,STATE_MACHINE,SELECTED,0,,1
0,C_WEAK_SELECTED,STATE_MACHINE,geometry-shadow,80,STATE_MACHINE,SELECTED,0,0.6802982091903687,1
0,C_WEAK_SELECTED,STATE_MACHINE,incumbent,81,ARITH_A,ARITHMETIC,0,0.7264214158058167,1
0,C_WEAK_SELECTED,STATE_MACHINE,capacity-shadow,81,ARITH_A,ARITHMETIC,0,,1
0,C_WEAK_SELECTED,STATE_MACHINE,geometry-shadow,81,ARITH_A,ARITHMETIC,0,0.7019882202148438,1
0,C_WEAK_SELECTED,STATE_MACHINE,incumbent,82,ARITH_A,ARITHMETIC,0,0.7285358905792236,1
0,C_WEAK_SELECTED,STATE_MACHINE,capacity-shadow,82,ARITH_A,ARITHMETIC,0,,1
0,C_WEAK_SELECTED,STATE_MACHINE,geometry-shadow,82,ARITH_A,ARITHMETIC,0,0.6995765566825867,1
0,C_WEAK_SELECTED,STATE_MACHINE,incumbent,83,STORY,STORY,1,0.5247884392738342,1
0,C_WEAK_SELECTED,STATE_MACHINE,capacity-shadow,83,STORY,STORY,2,,1
0,C_WEAK_SELECTED,STATE_MACHINE,geometry-shadow,83,STORY,STORY,2,0.1157715320587158,1
0,C_WEAK_SELECTED,STATE_MACHINE,incumbent,84,STATE_MACHINE,SELECTED,0,0.6823233366012573,1
0,C_WEAK_SELECTED,STATE_MACHINE,capacity-shadow,84,STATE_MACHINE,SELECTED,0,,1
0,C_WEAK_SELECTED,STATE_MACHINE,geometry-shadow,84,STATE_MACHINE,SELECTED,0,0.6817294359207153,1
0,C_WEAK_SELECTED,STATE_MACHINE,incumbent,85,STORY,STORY,1,0.323493480682373,1
0,C_WEAK_SELECTED,STATE_MACHINE,capacity-shadow,85,STORY,STORY,1,,1
0,C_WEAK_SELECTED,STATE_MACHINE,geometry-shadow,85,STORY,STORY,1,0.218818187713623,1
0,C_WEAK_SELECTED,STATE_MACHINE,incumbent,86,STORY,STORY,1,0.4027578234672546,1
0,C_WEAK_SELECTED,STATE_MACHINE,capacity-shadow,86,STORY,STORY,2,,1
0,C_WEAK_SELECTED,STATE_MACHINE,geometry-shadow,86,STORY,STORY,1,0.1976029276847839,1
0,C_WEAK_SELECTED,STATE_MACHINE,incumbent,87,STORY,STORY,1,0.5102596879005432,1
0,C_WEAK_SELECTED,STATE_MACHINE,capacity-shadow,87,STORY,STORY,1,,1
0,C_WEAK_SELECTED,STATE_MACHINE,geometry-shadow,87,STORY,STORY,1,0.3229300379753113,1
0,C_WEAK_SELECTED,STATE_MACHINE,incumbent,88,STORY,STORY,1,0.1386480927467346,1
0,C_WEAK_SELECTED,STATE_MACHINE,capacity-shadow,88,STORY,STORY,2,,1
0,C_WEAK_SELECTED,STATE_MACHINE,geometry-shadow,88,STORY,STORY,1,0.342007577419281,1
0,C_WEAK_SELECTED,STATE_MACHINE,incumbent,89,ARITH_A,ARITHMETIC,0,0.7231456637382507,1
0,C_WEAK_SELECTED,STATE_MACHINE,capacity-shadow,89,ARITH_A,ARITHMETIC,0,,1
0,C_WEAK_SELECTED,STATE_MACHINE,geometry-shadow,89,ARITH_A,ARITHMETIC,0,0.6943740844726562,1
0,C_WEAK_SELECTED,STATE_MACHINE,incumbent,90,ARITH_A,ARITHMETIC,0,0.7268491387367249,1
0,C_WEAK_SELECTED,STATE_MACHINE,capacity-shadow,90,ARITH_A,ARITHMETIC,0,,1
0,C_WEAK_SELECTED,STATE_MACHINE,geometry-shadow,90,ARITH_A,ARITHMETIC,0,0.7032455205917358,1
0,C_WEAK_SELECTED,STATE_MACHINE,incumbent,91,STORY,STORY,1,0.1241569519042968,1
0,C_WEAK_SELECTED,STATE_MACHINE,capacity-shadow,91,STORY,STORY,1,,1
0,C_WEAK_SELECTED,STATE_MACHINE,geometry-shadow,91,STORY,STORY,1,0.2768484950065613,1
0,C_WEAK_SELECTED,STATE_MACHINE,incumbent,92,ARITH_A,ARITHMETIC,0,0.7280727028846741,1
0,C_WEAK_SELECTED,STATE_MACHINE,capacity-shadow,92,ARITH_A,ARITHMETIC,0,,1
0,C_WEAK_SELECTED,STATE_MACHINE,geometry-shadow,92,ARITH_A,ARITHMETIC,0,0.7048461437225342,1
0,C_WEAK_SELECTED,STATE_MACHINE,incumbent,93,ARITH_A,ARITHMETIC,0,0.7197389602661133,1
0,C_WEAK_SELECTED,STATE_MACHINE,capacity-shadow,93,ARITH_A,ARITHMETIC,0,,1
0,C_WEAK_SELECTED,STATE_MACHINE,geometry-shadow,93,ARITH_A,ARITHMETIC,0,0.6937457323074341,1
0,C_WEAK_SELECTED,STATE_MACHINE,incumbent,94,ARITH_A,ARITHMETIC,0,0.7206816077232361,1
0,C_WEAK_SELECTED,STATE_MACHINE,capacity-shadow,94,ARITH_A,ARITHMETIC,0,,1
0,C_WEAK_SELECTED,STATE_MACHINE,geometry-shadow,94,ARITH_A,ARITHMETIC,0,0.6913931965827942,1
0,C_WEAK_SELECTED,STATE_MACHINE,incumbent,95,STORY,STORY,1,0.5288304686546326,1
0,C_WEAK_SELECTED,STATE_MACHINE,capacity-shadow,95,STORY,STORY,2,,1
0,C_WEAK_SELECTED,STATE_MACHINE,geometry-shadow,95,STORY,STORY,2,0.3481374382972717,1
0,C_WEAK_SELECTED,STATE_MACHINE,incumbent,96,STORY,STORY,1,0.7423642873764038,1
0,C_WEAK_SELECTED,STATE_MACHINE,capacity-shadow,96,STORY,STORY,1,,1
0,C_WEAK_SELECTED,STATE_MACHINE,geometry-shadow,96,STORY,STORY,2,0.431036114692688,1
0,C_WEAK_SELECTED,STATE_MACHINE,incumbent,97,ARITH_A,ARITHMETIC,0,0.725021243095398,1
0,C_WEAK_SELECTED,STATE_MACHINE,capacity-shadow,97,ARITH_A,ARITHMETIC,0,,1
0,C_WEAK_SELECTED,STATE_MACHINE,geometry-shadow,97,ARITH_A,ARITHMETIC,0,0.6987748146057129,1
0,C_WEAK_SELECTED,STATE_MACHINE,incumbent,98,ARITH_A,ARITHMETIC,0,0.728934109210968,1
0,C_WEAK_SELECTED,STATE_MACHINE,capacity-shadow,98,ARITH_A,ARITHMETIC,0,,1
0,C_WEAK_SELECTED,STATE_MACHINE,geometry-shadow,98,ARITH_A,ARITHMETIC,0,0.7026881575584412,1
0,C_WEAK_SELECTED,STATE_MACHINE,incumbent,99,STORY,STORY,1,1.5059775114059448,1
0,C_WEAK_SELECTED,STATE_MACHINE,capacity-shadow,99,STORY,STORY,2,,1
0,C_WEAK_SELECTED,STATE_MACHINE,geometry-shadow,99,STORY,STORY,2,0.3155636787414551,1
0,C_WEAK_SELECTED,STATE_MACHINE,incumbent,100,STORY,STORY,0,0.0079531073570251,1
0,C_WEAK_SELECTED,STATE_MACHINE,capacity-shadow,100,STORY,STORY,0,,1
0,C_WEAK_SELECTED,STATE_MACHINE,geometry-shadow,100,STORY,STORY,1,0.1365782618522644,1
0,C_WEAK_SELECTED,STATE_MACHINE,incumbent,101,STORY,STORY,1,0.3184868097305298,1
0,C_WEAK_SELECTED,STATE_MACHINE,capacity-shadow,101,STORY,STORY,1,,1
0,C_WEAK_SELECTED,STATE_MACHINE,geometry-shadow,101,STORY,STORY,1,0.4906548261642456,1
0,C_WEAK_SELECTED,STATE_MACHINE,incumbent,102,STORY,STORY,1,0.171258270740509,1
0,C_WEAK_SELECTED,STATE_MACHINE,capacity-shadow,102,STORY,STORY,2,,1
0,C_WEAK_SELECTED,STATE_MACHINE,geometry-shadow,102,STORY,STORY,1,0.2274952530860901,1
0,C_WEAK_SELECTED,STATE_MACHINE,incumbent,103,STORY,STORY,1,0.0462605953216552,1
0,C_WEAK_SELECTED,STATE_MACHINE,capacity-shadow,103,STORY,STORY,1,,1
0,C_WEAK_SELECTED,STATE_MACHINE,geometry-shadow,103,STORY,STORY,1,0.0572021603584289,1
0,C_WEAK_SELECTED,STATE_MACHINE,incumbent,104,ARITH_A,ARITHMETIC,0,0.7229189276695251,1
0,C_WEAK_SELECTED,STATE_MACHINE,capacity-shadow,104,ARITH_A,ARITHMETIC,0,,1
0,C_WEAK_SELECTED,STATE_MACHINE,geometry-shadow,104,ARITH_A,ARITHMETIC,0,0.6969819664955139,1
0,C_WEAK_SELECTED,STATE_MACHINE,incumbent,105,STORY,STORY,0,0.1342977881431579,1
0,C_WEAK_SELECTED,STATE_MACHINE,capacity-shadow,105,STORY,STORY,0,,1
0,C_WEAK_SELECTED,STATE_MACHINE,geometry-shadow,105,STORY,STORY,0,0.1458185315132141,1
0,C_WEAK_SELECTED,STATE_MACHINE,incumbent,106,STATE_MACHINE,SELECTED,0,0.679685115814209,1
0,C_WEAK_SELECTED,STATE_MACHINE,capacity-shadow,106,STATE_MACHINE,SELECTED,0,,1
0,C_WEAK_SELECTED,STATE_MACHINE,geometry-shadow,106,STATE_MACHINE,SELECTED,0,0.6814904808998108,1
0,C_WEAK_SELECTED,STATE_MACHINE,incumbent,107,STORY,STORY,1,0.1297181844711303,1
0,C_WEAK_SELECTED,STATE_MACHINE,capacity-shadow,107,STORY,STORY,2,,1
0,C_WEAK_SELECTED,STATE_MACHINE,geometry-shadow,107,STORY,STORY,2,0.3455249071121216,1
0,C_WEAK_SELECTED,STATE_MACHINE,incumbent,108,STORY,STORY,0,0.0919620394706726,1
0,C_WEAK_SELECTED,STATE_MACHINE,capacity-shadow,108,STORY,STORY,0,,1
0,C_WEAK_SELECTED,STATE_MACHINE,geometry-shadow,108,STORY,STORY,1,0.0309864282608032,1
0,C_WEAK_SELECTED,STATE_MACHINE,incumbent,109,STORY,STORY,1,0.6298219561576843,1
0,C_WEAK_SELECTED,STATE_MACHINE,capacity-shadow,109,STORY,STORY,1,,1
0,C_WEAK_SELECTED,STATE_MACHINE,geometry-shadow,109,STORY,STORY,2,0.163841962814331,1
0,C_WEAK_SELECTED,STATE_MACHINE,incumbent,110,STATE_MACHINE,SELECTED,0,0.6855369806289673,1
0,C_WEAK_SELECTED,STATE_MACHINE,capacity-shadow,110,STATE_MACHINE,SELECTED,0,,1
0,C_WEAK_SELECTED,STATE_MACHINE,geometry-shadow,110,STATE_MACHINE,SELECTED,0,0.682917594909668,1
0,C_WEAK_SELECTED,STATE_MACHINE,incumbent,111,ARITH_A,ARITHMETIC,0,0.728183925151825,1
0,C_WEAK_SELECTED,STATE_MACHINE,capacity-shadow,111,ARITH_A,ARITHMETIC,0,,1
0,C_WEAK_SELECTED,STATE_MACHINE,geometry-shadow,111,ARITH_A,ARITHMETIC,0,0.7028701305389404,1
0,C_WEAK_SELECTED,STATE_MACHINE,incumbent,112,ARITH_A,ARITHMETIC,0,0.7291246056556702,1
0,C_WEAK_SELECTED,STATE_MACHINE,capacity-shadow,112,ARITH_A,ARITHMETIC,0,,1
0,C_WEAK_SELECTED,STATE_MACHINE,geometry-shadow,112,ARITH_A,ARITHMETIC,0,0.7062391638755798,1
0,C_WEAK_SELECTED,STATE_MACHINE,incumbent,113,ARITH_A,ARITHMETIC,0,0.7253562211990356,1
0,C_WEAK_SELECTED,STATE_MACHINE,capacity-shadow,113,ARITH_A,ARITHMETIC,0,,1
0,C_WEAK_SELECTED,STATE_MACHINE,geometry-shadow,113,ARITH_A,ARITHMETIC,0,0.6928075551986694,1
0,C_WEAK_SELECTED,STATE_MACHINE,incumbent,114,ARITH_A,ARITHMETIC,0,0.7172490358352661,1
0,C_WEAK_SELECTED,STATE_MACHINE,capacity-shadow,114,ARITH_A,ARITHMETIC,0,,1
0,C_WEAK_SELECTED,STATE_MACHINE,geometry-shadow,114,ARITH_A,ARITHMETIC,0,0.6848632097244263,1
0,C_WEAK_SELECTED,STATE_MACHINE,incumbent,115,STORY,STORY,1,0.624122679233551,1
0,C_WEAK_SELECTED,STATE_MACHINE,capacity-shadow,115,STORY,STORY,2,,1
0,C_WEAK_SELECTED,STATE_MACHINE,geometry-shadow,115,STORY,STORY,1,0.5609407424926758,1
0,C_WEAK_SELECTED,STATE_MACHINE,incumbent,116,STORY,STORY,1,0.758934736251831,1
0,C_WEAK_SELECTED,STATE_MACHINE,capacity-shadow,116,STORY,STORY,1,,1
0,C_WEAK_SELECTED,STATE_MACHINE,geometry-shadow,116,STORY,STORY,2,0.4859016537666321,1
0,C_WEAK_SELECTED,STATE_MACHINE,incumbent,117,ARITH_A,ARITHMETIC,0,0.7286360859870911,1
0,C_WEAK_SELECTED,STATE_MACHINE,capacity-shadow,117,ARITH_A,ARITHMETIC,0,,1
0,C_WEAK_SELECTED,STATE_MACHINE,geometry-shadow,117,ARITH_A,ARITHMETIC,0,0.7036511898040771,1
0,C_WEAK_SELECTED,STATE_MACHINE,incumbent,118,STORY,STORY,1,0.0789093971252441,1
0,C_WEAK_SELECTED,STATE_MACHINE,capacity-shadow,118,STORY,STORY,2,,1
0,C_WEAK_SELECTED,STATE_MACHINE,geometry-shadow,118,STORY,STORY,1,0.0156407952308654,1
0,C_WEAK_SELECTED,STATE_MACHINE,incumbent,119,STORY,STORY,0,0.304940789937973,1
0,C_WEAK_SELECTED,STATE_MACHINE,capacity-shadow,119,STORY,STORY,0,,1
0,C_WEAK_SELECTED,STATE_MACHINE,geometry-shadow,119,STORY,STORY,0,0.2513905763626098,1
0,C_WEAK_SELECTED,STATE_MACHINE,incumbent,120,ARITH_A,ARITHMETIC,0,0.729463517665863,1
0,C_WEAK_SELECTED,STATE_MACHINE,capacity-shadow,120,ARITH_A,ARITHMETIC,0,,1
0,C_WEAK_SELECTED,STATE_MACHINE,geometry-shadow,120,ARITH_A,ARITHMETIC,0,0.7027466297149658,1
0,C_WEAK_SELECTED,STATE_MACHINE,incumbent,121,STORY,STORY,0,0.0021715760231018,1
0,C_WEAK_SELECTED,STATE_MACHINE,capacity-shadow,121,STORY,STORY,0,,1
0,C_WEAK_SELECTED,STATE_MACHINE,geometry-shadow,121,STORY,STORY,0,0.1049475073814392,1
0,C_WEAK_SELECTED,STATE_MACHINE,incumbent,122,ARITH_A,ARITHMETIC,0,0.7276594638824463,1
0,C_WEAK_SELECTED,STATE_MACHINE,capacity-shadow,122,ARITH_A,ARITHMETIC,0,,1
0,C_WEAK_SELECTED,STATE_MACHINE,geometry-shadow,122,ARITH_A,ARITHMETIC,0,0.694111704826355,1
0,C_WEAK_SELECTED,STATE_MACHINE,incumbent,123,ARITH_A,ARITHMETIC,0,0.7286949157714844,1
0,C_WEAK_SELECTED,STATE_MACHINE,capacity-shadow,123,ARITH_A,ARITHMETIC,0,,1
0,C_WEAK_SELECTED,STATE_MACHINE,geometry-shadow,123,ARITH_A,ARITHMETIC,0,0.7017511129379272,1
0,C_WEAK_SELECTED,STATE_MACHINE,incumbent,124,STORY,STORY,1,0.2655245065689087,1
0,C_WEAK_SELECTED,STATE_MACHINE,capacity-shadow,124,STORY,STORY,1,,1
0,C_WEAK_SELECTED,STATE_MACHINE,geometry-shadow,124,STORY,STORY,1,0.4654008150100708,1
0,C_WEAK_SELECTED,STATE_MACHINE,incumbent,125,STATE_MACHINE,SELECTED,0,0.680348813533783,1
0,C_WEAK_SELECTED,STATE_MACHINE,capacity-shadow,125,STATE_MACHINE,SELECTED,0,,1
0,C_WEAK_SELECTED,STATE_MACHINE,geometry-shadow,125,STATE_MACHINE,SELECTED,0,0.6798224449157715,1
0,C_WEAK_SELECTED,STATE_MACHINE,incumbent,126,STORY,STORY,1,0.8760360479354858,1
0,C_WEAK_SELECTED,STATE_MACHINE,capacity-shadow,126,STORY,STORY,2,,1
0,C_WEAK_SELECTED,STATE_MACHINE,geometry-shadow,126,STORY,STORY,2,0.305246353149414,1
0,C_WEAK_SELECTED,STATE_MACHINE,incumbent,127,STORY,STORY,1,0.7024651169776917,1
0,C_WEAK_SELECTED,STATE_MACHINE,capacity-shadow,127,STORY,STORY,1,,1
0,C_WEAK_SELECTED,STATE_MACHINE,geometry-shadow,127,STORY,STORY,1,0.5371296405792236,1
0,C_WEAK_SELECTED,STATE_MACHINE,incumbent,128,STORY,STORY,1,0.7828038930892944,1
0,C_WEAK_SELECTED,STATE_MACHINE,capacity-shadow,128,STORY,STORY,2,,1
0,C_WEAK_SELECTED,STATE_MACHINE,geometry-shadow,128,STORY,STORY,1,0.0390812158584594,1
0,C_WEAK_SELECTED,STATE_MACHINE,incumbent,129,STORY,STORY,1,1.013767123222351,1
0,C_WEAK_SELECTED,STATE_MACHINE,capacity-shadow,129,STORY,STORY,1,,1
0,C_WEAK_SELECTED,STATE_MACHINE,geometry-shadow,129,STORY,STORY,2,0.134629487991333,1
0,C_WEAK_SELECTED,STATE_MACHINE,incumbent,130,STORY,STORY,0,0.1561627388000488,1
0,C_WEAK_SELECTED,STATE_MACHINE,capacity-shadow,130,STORY,STORY,0,,1
0,C_WEAK_SELECTED,STATE_MACHINE,geometry-shadow,130,STORY,STORY,0,0.1281342506408691,1
0,C_WEAK_SELECTED,STATE_MACHINE,incumbent,131,STATE_MACHINE,SELECTED,0,0.6847696900367737,1
0,C_WEAK_SELECTED,STATE_MACHINE,capacity-shadow,131,STATE_MACHINE,SELECTED,0,,1
0,C_WEAK_SELECTED,STATE_MACHINE,geometry-shadow,131,STATE_MACHINE,SELECTED,0,0.6880751252174377,1
0,C_WEAK_SELECTED,STATE_MACHINE,incumbent,132,STORY,STORY,1,0.0974472761154174,1
0,C_WEAK_SELECTED,STATE_MACHINE,capacity-shadow,132,STORY,STORY,2,,1
0,C_WEAK_SELECTED,STATE_MACHINE,geometry-shadow,132,STORY,STORY,1,0.0388388633728027,1
0,C_WEAK_SELECTED,STATE_MACHINE,incumbent,133,STORY,STORY,1,0.266785204410553,1
0,C_WEAK_SELECTED,STATE_MACHINE,capacity-shadow,133,STORY,STORY,1,,1
0,C_WEAK_SELECTED,STATE_MACHINE,geometry-shadow,133,STORY,STORY,2,0.0491600036621093,1
0,C_WEAK_SELECTED,STATE_MACHINE,incumbent,134,STORY,STORY,1,0.3482985496520996,1
0,C_WEAK_SELECTED,STATE_MACHINE,capacity-shadow,134,STORY,STORY,2,,1
0,C_WEAK_SELECTED,STATE_MACHINE,geometry-shadow,134,STORY,STORY,1,0.2851351499557495,1
0,C_WEAK_SELECTED,STATE_MACHINE,incumbent,135,STORY,STORY,1,1.373501539230347,1
0,C_WEAK_SELECTED,STATE_MACHINE,capacity-shadow,135,STORY,STORY,1,,1
0,C_WEAK_SELECTED,STATE_MACHINE,geometry-shadow,135,STORY,STORY,2,0.6927942037582397,1
0,C_WEAK_SELECTED,STATE_MACHINE,incumbent,136,STORY,STORY,1,0.3833652138710022,1
0,C_WEAK_SELECTED,STATE_MACHINE,capacity-shadow,136,STORY,STORY,2,,1
0,C_WEAK_SELECTED,STATE_MACHINE,geometry-shadow,136,STORY,STORY,1,0.2678555250167846,1
0,C_WEAK_SELECTED,STATE_MACHINE,incumbent,137,ARITH_A,ARITHMETIC,0,0.7256730198860168,1
0,C_WEAK_SELECTED,STATE_MACHINE,capacity-shadow,137,ARITH_A,ARITHMETIC,0,,1
0,C_WEAK_SELECTED,STATE_MACHINE,geometry-shadow,137,ARITH_A,ARITHMETIC,0,0.7042282819747925,1
0,C_WEAK_SELECTED,STATE_MACHINE,incumbent,138,STORY,STORY,1,0.873619556427002,1
0,C_WEAK_SELECTED,STATE_MACHINE,capacity-shadow,138,STORY,STORY,1,,1
0,C_WEAK_SELECTED,STATE_MACHINE,geometry-shadow,138,STORY,STORY,2,0.4390937089920044,1
0,C_WEAK_SELECTED,STATE_MACHINE,incumbent,139,STORY,STORY,1,0.4429984092712402,1
0,C_WEAK_SELECTED,STATE_MACHINE,capacity-shadow,139,STORY,STORY,2,,1
0,C_WEAK_SELECTED,STATE_MACHINE,geometry-shadow,139,STORY,STORY,1,0.0161836743354797,1
0,C_WEAK_SELECTED,STATE_MACHINE,incumbent,140,ARITH_A,ARITHMETIC,0,0.7297892570495605,1
0,C_WEAK_SELECTED,STATE_MACHINE,capacity-shadow,140,ARITH_A,ARITHMETIC,0,,1
0,C_WEAK_SELECTED,STATE_MACHINE,geometry-shadow,140,ARITH_A,ARITHMETIC,0,0.7074487805366516,1
0,C_WEAK_SELECTED,STATE_MACHINE,incumbent,141,STORY,STORY,1,0.2687091827392578,1
0,C_WEAK_SELECTED,STATE_MACHINE,capacity-shadow,141,STORY,STORY,1,,1
0,C_WEAK_SELECTED,STATE_MACHINE,geometry-shadow,141,STORY,STORY,1,0.4253599047660827,1
0,C_WEAK_SELECTED,STATE_MACHINE,incumbent,142,STORY,STORY,1,0.2897754907608032,1
0,C_WEAK_SELECTED,STATE_MACHINE,capacity-shadow,142,STORY,STORY,2,,1
0,C_WEAK_SELECTED,STATE_MACHINE,geometry-shadow,142,STORY,STORY,2,0.0188515186309814,1
0,C_WEAK_SELECTED,STATE_MACHINE,incumbent,143,STORY,STORY,1,0.9703601598739624,1
0,C_WEAK_SELECTED,STATE_MACHINE,capacity-shadow,143,STORY,STORY,1,,1
0,C_WEAK_SELECTED,STATE_MACHINE,geometry-shadow,143,STORY,STORY,2,0.2382874488830566,1
0,C_WEAK_SELECTED,STATE_MACHINE,incumbent,144,STATE_MACHINE,SELECTED,0,0.6799477338790894,1
0,C_WEAK_SELECTED,STATE_MACHINE,capacity-shadow,144,STATE_MACHINE,SELECTED,0,,1
0,C_WEAK_SELECTED,STATE_MACHINE,geometry-shadow,144,STATE_MACHINE,SELECTED,0,0.6823971271514893,1
0,C_WEAK_SELECTED,STATE_MACHINE,incumbent,145,STORY,STORY,1,0.0946323275566101,1
0,C_WEAK_SELECTED,STATE_MACHINE,capacity-shadow,145,STORY,STORY,2,,1
0,C_WEAK_SELECTED,STATE_MACHINE,geometry-shadow,145,STORY,STORY,1,0.2978653311729431,1
0,C_WEAK_SELECTED,STATE_MACHINE,incumbent,146,ARITH_A,ARITHMETIC,0,0.7316900491714478,1
0,C_WEAK_SELECTED,STATE_MACHINE,capacity-shadow,146,ARITH_A,ARITHMETIC,0,,1
0,C_WEAK_SELECTED,STATE_MACHINE,geometry-shadow,146,ARITH_A,ARITHMETIC,0,0.7086664438247681,1
0,C_WEAK_SELECTED,STATE_MACHINE,incumbent,147,STORY,STORY,1,0.7951117753982544,1
0,C_WEAK_SELECTED,STATE_MACHINE,capacity-shadow,147,STORY,STORY,1,,1
0,C_WEAK_SELECTED,STATE_MACHINE,geometry-shadow,147,STORY,STORY,1,0.168928861618042,1
0,C_WEAK_SELECTED,STATE_MACHINE,incumbent,148,ARITH_A,ARITHMETIC,0,0.7294242978096008,1
0,C_WEAK_SELECTED,STATE_MACHINE,capacity-shadow,148,ARITH_A,ARITHMETIC,0,,1
0,C_WEAK_SELECTED,STATE_MACHINE,geometry-shadow,148,ARITH_A,ARITHMETIC,0,0.7060682773590088,1
0,C_WEAK_SELECTED,STATE_MACHINE,incumbent,149,STORY,STORY,1,0.814084529876709,1
0,C_WEAK_SELECTED,STATE_MACHINE,capacity-shadow,149,STORY,STORY,2,,1
0,C_WEAK_SELECTED,STATE_MACHINE,geometry-shadow,149,STORY,STORY,1,0.1555238962173462,1
0,C_WEAK_SELECTED,STATE_MACHINE,incumbent,150,ARITH_A,ARITHMETIC,0,0.7248445153236389,1
0,C_WEAK_SELECTED,STATE_MACHINE,capacity-shadow,150,ARITH_A,ARITHMETIC,0,,1
0,C_WEAK_SELECTED,STATE_MACHINE,geometry-shadow,150,ARITH_A,ARITHMETIC,0,0.7009651064872742,1
0,C_WEAK_SELECTED,STATE_MACHINE,incumbent,151,STATE_MACHINE,SELECTED,0,0.6812064051628113,1
0,C_WEAK_SELECTED,STATE_MACHINE,capacity-shadow,151,STATE_MACHINE,SELECTED,0,,1
0,C_WEAK_SELECTED,STATE_MACHINE,geometry-shadow,151,STATE_MACHINE,SELECTED,0,0.6815678477287292,1
0,C_WEAK_SELECTED,STATE_MACHINE,incumbent,152,STORY,STORY,1,0.5872681140899658,1
0,C_WEAK_SELECTED,STATE_MACHINE,capacity-shadow,152,STORY,STORY,1,,1
0,C_WEAK_SELECTED,STATE_MACHINE,geometry-shadow,152,STORY,STORY,2,0.0265451669692993,1
0,C_WEAK_SELECTED,STATE_MACHINE,incumbent,153,ARITH_A,ARITHMETIC,0,0.7301544547080994,1
0,C_WEAK_SELECTED,STATE_MACHINE,capacity-shadow,153,ARITH_A,ARITHMETIC,0,,1
0,C_WEAK_SELECTED,STATE_MACHINE,geometry-shadow,153,ARITH_A,ARITHMETIC,0,0.7093388438224792,1
0,C_WEAK_SELECTED,STATE_MACHINE,incumbent,154,STORY,STORY,1,0.0880653858184814,1
0,C_WEAK_SELECTED,STATE_MACHINE,capacity-shadow,154,STORY,STORY,2,,1
0,C_WEAK_SELECTED,STATE_MACHINE,geometry-shadow,154,STORY,STORY,1,0.1664789319038391,1
0,C_WEAK_SELECTED,STATE_MACHINE,incumbent,155,STORY,STORY,1,0.0855729579925537,1
0,C_WEAK_SELECTED,STATE_MACHINE,capacity-shadow,155,STORY,STORY,1,,1
0,C_WEAK_SELECTED,STATE_MACHINE,geometry-shadow,155,STORY,STORY,1,0.162385880947113,1
0,C_WEAK_SELECTED,STATE_MACHINE,incumbent,156,STORY,STORY,1,0.5263750553131104,1
0,C_WEAK_SELECTED,STATE_MACHINE,capacity-shadow,156,STORY,STORY,2,,1
0,C_WEAK_SELECTED,STATE_MACHINE,geometry-shadow,156,STORY,STORY,1,0.2202434539794922,1
0,C_WEAK_SELECTED,STATE_MACHINE,incumbent,157,STORY,STORY,1,1.0458898544311523,1
0,C_WEAK_SELECTED,STATE_MACHINE,capacity-shadow,157,STORY,STORY,1,,1
0,C_WEAK_SELECTED,STATE_MACHINE,geometry-shadow,157,STORY,STORY,2,0.4038398861885071,1
0,C_WEAK_SELECTED,STATE_MACHINE,incumbent,158,STORY,STORY,1,0.6399421691894531,1
0,C_WEAK_SELECTED,STATE_MACHINE,capacity-shadow,158,STORY,STORY,2,,1
0,C_WEAK_SELECTED,STATE_MACHINE,geometry-shadow,158,STORY,STORY,2,0.7763571739196777,1
0,C_WEAK_SELECTED,STATE_MACHINE,incumbent,159,STATE_MACHINE,SELECTED,0,0.6847092509269714,1
0,C_WEAK_SELECTED,STATE_MACHINE,capacity-shadow,159,STATE_MACHINE,SELECTED,0,,1
0,C_WEAK_SELECTED,STATE_MACHINE,geometry-shadow,159,STATE_MACHINE,SELECTED,0,0.6846073865890503,1
0,C_WEAK_SELECTED,STATE_MACHINE,incumbent,160,STATE_MACHINE,SELECTED,0,0.6802764534950256,1
0,C_WEAK_SELECTED,STATE_MACHINE,capacity-shadow,160,STATE_MACHINE,SELECTED,0,,1
0,C_WEAK_SELECTED,STATE_MACHINE,geometry-shadow,160,STATE_MACHINE,SELECTED,0,0.6816350817680359,1
0,C_WEAK_SELECTED,STATE_MACHINE,incumbent,161,ARITH_A,ARITHMETIC,0,0.7289881706237793,1
0,C_WEAK_SELECTED,STATE_MACHINE,capacity-shadow,161,ARITH_A,ARITHMETIC,0,,1
0,C_WEAK_SELECTED,STATE_MACHINE,geometry-shadow,161,ARITH_A,ARITHMETIC,0,0.7033771872520447,1
0,C_WEAK_SELECTED,STATE_MACHINE,incumbent,162,ARITH_A,ARITHMETIC,0,0.7178958058357239,1
0,C_WEAK_SELECTED,STATE_MACHINE,capacity-shadow,162,ARITH_A,ARITHMETIC,0,,1
0,C_WEAK_SELECTED,STATE_MACHINE,geometry-shadow,162,ARITH_A,ARITHMETIC,0,0.6958317756652832,1
0,C_WEAK_SELECTED,STATE_MACHINE,incumbent,163,ARITH_A,ARITHMETIC,0,0.7280201315879822,1
0,C_WEAK_SELECTED,STATE_MACHINE,capacity-shadow,163,ARITH_A,ARITHMETIC,0,,1
0,C_WEAK_SELECTED,STATE_MACHINE,geometry-shadow,163,ARITH_A,ARITHMETIC,0,0.7040454745292664,1
0,C_WEAK_SELECTED,STATE_MACHINE,incumbent,164,STATE_MACHINE,SELECTED,0,0.6813939809799194,1
0,C_WEAK_SELECTED,STATE_MACHINE,capacity-shadow,164,STATE_MACHINE,SELECTED,0,,1
0,C_WEAK_SELECTED,STATE_MACHINE,geometry-shadow,164,STATE_MACHINE,SELECTED,0,0.6834447383880615,1
0,C_WEAK_SELECTED,STATE_MACHINE,incumbent,165,ARITH_A,ARITHMETIC,0,0.729556679725647,1
0,C_WEAK_SELECTED,STATE_MACHINE,capacity-shadow,165,ARITH_A,ARITHMETIC,0,,1
0,C_WEAK_SELECTED,STATE_MACHINE,geometry-shadow,165,ARITH_A,ARITHMETIC,0,0.6999842524528503,1
0,C_WEAK_SELECTED,STATE_MACHINE,incumbent,166,STORY,STORY,1,0.3551540374755859,1
0,C_WEAK_SELECTED,STATE_MACHINE,capacity-shadow,166,STORY,STORY,1,,1
0,C_WEAK_SELECTED,STATE_MACHINE,geometry-shadow,166,STORY,STORY,1,0.3240829706192016,1
0,C_WEAK_SELECTED,STATE_MACHINE,incumbent,167,ARITH_A,ARITHMETIC,0,0.7346363067626953,1
0,C_WEAK_SELECTED,STATE_MACHINE,capacity-shadow,167,ARITH_A,ARITHMETIC,0,,1
0,C_WEAK_SELECTED,STATE_MACHINE,geometry-shadow,167,ARITH_A,ARITHMETIC,0,0.7149646878242493,1
0,C_WEAK_SELECTED,STATE_MACHINE,incumbent,168,ARITH_A,ARITHMETIC,0,0.7267568707466125,1
0,C_WEAK_SELECTED,STATE_MACHINE,capacity-shadow,168,ARITH_A,ARITHMETIC,0,,1
0,C_WEAK_SELECTED,STATE_MACHINE,geometry-shadow,168,ARITH_A,ARITHMETIC,0,0.6998267769813538,1
0,C_WEAK_SELECTED,STATE_MACHINE,incumbent,169,ARITH_A,ARITHMETIC,0,0.7287697196006775,1
0,C_WEAK_SELECTED,STATE_MACHINE,capacity-shadow,169,ARITH_A,ARITHMETIC,0,,1
0,C_WEAK_SELECTED,STATE_MACHINE,geometry-shadow,169,ARITH_A,ARITHMETIC,0,0.7024299502372742,1
0,C_WEAK_SELECTED,STATE_MACHINE,incumbent,170,STORY,STORY,1,0.6922327280044556,1
0,C_WEAK_SELECTED,STATE_MACHINE,capacity-shadow,170,STORY,STORY,2,,1
0,C_WEAK_SELECTED,STATE_MACHINE,geometry-shadow,170,STORY,STORY,2,0.2269872426986694,1
0,C_WEAK_SELECTED,STATE_MACHINE,incumbent,171,STORY,STORY,1,0.6668815612792969,1
0,C_WEAK_SELECTED,STATE_MACHINE,capacity-shadow,171,STORY,STORY,1,,1
0,C_WEAK_SELECTED,STATE_MACHINE,geometry-shadow,171,STORY,STORY,1,0.1996023654937744,1
0,C_WEAK_SELECTED,STATE_MACHINE,incumbent,172,STORY,STORY,1,0.5331399440765381,1
0,C_WEAK_SELECTED,STATE_MACHINE,capacity-shadow,172,STORY,STORY,2,,1
0,C_WEAK_SELECTED,STATE_MACHINE,geometry-shadow,172,STORY,STORY,1,0.2394207715988159,1
0,C_WEAK_SELECTED,STATE_MACHINE,incumbent,173,ARITH_A,ARITHMETIC,0,0.7205212116241455,1
0,C_WEAK_SELECTED,STATE_MACHINE,capacity-shadow,173,ARITH_A,ARITHMETIC,0,,1
0,C_WEAK_SELECTED,STATE_MACHINE,geometry-shadow,173,ARITH_A,ARITHMETIC,0,0.6888934969902039,1
0,C_WEAK_SELECTED,STATE_MACHINE,incumbent,174,STORY,STORY,1,1.2707269191741943,1
0,C_WEAK_SELECTED,STATE_MACHINE,capacity-shadow,174,STORY,STORY,1,,1
0,C_WEAK_SELECTED,STATE_MACHINE,geometry-shadow,174,STORY,STORY,2,0.8011336922645569,1
0,C_WEAK_SELECTED,STATE_MACHINE,incumbent,175,STORY,STORY,1,0.2840491533279419,1
0,C_WEAK_SELECTED,STATE_MACHINE,capacity-shadow,175,STORY,STORY,2,,1
0,C_WEAK_SELECTED,STATE_MACHINE,geometry-shadow,175,STORY,STORY,1,0.3603256940841675,1
0,C_WEAK_SELECTED,STATE_MACHINE,incumbent,176,STORY,STORY,1,0.4701215028762817,1
0,C_WEAK_SELECTED,STATE_MACHINE,capacity-shadow,176,STORY,STORY,1,,1
0,C_WEAK_SELECTED,STATE_MACHINE,geometry-shadow,176,STORY,STORY,1,0.6639938354492188,1
0,C_WEAK_SELECTED,STATE_MACHINE,incumbent,177,STORY,STORY,1,0.79353928565979,1
0,C_WEAK_SELECTED,STATE_MACHINE,capacity-shadow,177,STORY,STORY,2,,1
0,C_WEAK_SELECTED,STATE_MACHINE,geometry-shadow,177,STORY,STORY,2,0.5908894538879395,1
0,C_WEAK_SELECTED,STATE_MACHINE,incumbent,178,ARITH_A,ARITHMETIC,0,0.7323447465896606,1
0,C_WEAK_SELECTED,STATE_MACHINE,capacity-shadow,178,ARITH_A,ARITHMETIC,0,,1
0,C_WEAK_SELECTED,STATE_MACHINE,geometry-shadow,178,ARITH_A,ARITHMETIC,0,0.7119448184967041,1
0,C_WEAK_SELECTED,STATE_MACHINE,incumbent,179,STORY,STORY,1,0.2407373189926147,1
0,C_WEAK_SELECTED,STATE_MACHINE,capacity-shadow,179,STORY,STORY,1,,1
0,C_WEAK_SELECTED,STATE_MACHINE,geometry-shadow,179,STORY,STORY,1,0.2022178173065185,1
0,C_WEAK_SELECTED,STATE_MACHINE,incumbent,180,STORY,STORY,1,0.6019260883331299,1
0,C_WEAK_SELECTED,STATE_MACHINE,capacity-shadow,180,STORY,STORY,2,,1
0,C_WEAK_SELECTED,STATE_MACHINE,geometry-shadow,180,STORY,STORY,2,0.664863646030426,1
0,C_WEAK_SELECTED,STATE_MACHINE,incumbent,181,ARITH_A,ARITHMETIC,0,0.7278906106948853,1
0,C_WEAK_SELECTED,STATE_MACHINE,capacity-shadow,181,ARITH_A,ARITHMETIC,0,,1
0,C_WEAK_SELECTED,STATE_MACHINE,geometry-shadow,181,ARITH_A,ARITHMETIC,0,0.7001011967658997,1
0,C_WEAK_SELECTED,STATE_MACHINE,incumbent,182,ARITH_A,ARITHMETIC,0,0.7264545559883118,1
0,C_WEAK_SELECTED,STATE_MACHINE,capacity-shadow,182,ARITH_A,ARITHMETIC,0,,1
0,C_WEAK_SELECTED,STATE_MACHINE,geometry-shadow,182,ARITH_A,ARITHMETIC,0,0.6966254115104675,1
0,C_WEAK_SELECTED,STATE_MACHINE,incumbent,183,STORY,STORY,1,0.2822439670562744,1
0,C_WEAK_SELECTED,STATE_MACHINE,capacity-shadow,183,STORY,STORY,1,,1
0,C_WEAK_SELECTED,STATE_MACHINE,geometry-shadow,183,STORY,STORY,1,0.3923576474189758,1
0,C_WEAK_SELECTED,STATE_MACHINE,incumbent,184,ARITH_A,ARITHMETIC,0,0.7297478318214417,1
0,C_WEAK_SELECTED,STATE_MACHINE,capacity-shadow,184,ARITH_A,ARITHMETIC,0,,1
0,C_WEAK_SELECTED,STATE_MACHINE,geometry-shadow,184,ARITH_A,ARITHMETIC,0,0.702473521232605,1
0,C_WEAK_SELECTED,STATE_MACHINE,incumbent,185,STORY,STORY,1,1.3829762935638428,1
0,C_WEAK_SELECTED,STATE_MACHINE,capacity-shadow,185,STORY,STORY,2,,1
0,C_WEAK_SELECTED,STATE_MACHINE,geometry-shadow,185,STORY,STORY,2,0.1637966632843017,1
0,C_WEAK_SELECTED,STATE_MACHINE,incumbent,186,ARITH_A,ARITHMETIC,0,0.7196254134178162,1
0,C_WEAK_SELECTED,STATE_MACHINE,capacity-shadow,186,ARITH_A,ARITHMETIC,0,,1
0,C_WEAK_SELECTED,STATE_MACHINE,geometry-shadow,186,ARITH_A,ARITHMETIC,0,0.6906164884567261,1
0,C_WEAK_SELECTED,STATE_MACHINE,incumbent,187,ARITH_A,ARITHMETIC,0,0.730698823928833,1
0,C_WEAK_SELECTED,STATE_MACHINE,capacity-shadow,187,ARITH_A,ARITHMETIC,0,,1
0,C_WEAK_SELECTED,STATE_MACHINE,geometry-shadow,187,ARITH_A,ARITHMETIC,0,0.7053542733192444,1
0,C_WEAK_SELECTED,STATE_MACHINE,incumbent,188,STORY,STORY,1,0.3000478744506836,1
0,C_WEAK_SELECTED,STATE_MACHINE,capacity-shadow,188,STORY,STORY,1,,1
0,C_WEAK_SELECTED,STATE_MACHINE,geometry-shadow,188,STORY,STORY,2,0.308823823928833,1
0,C_WEAK_SELECTED,STATE_MACHINE,incumbent,189,ARITH_A,ARITHMETIC,0,0.7303990721702576,1
0,C_WEAK_SELECTED,STATE_MACHINE,capacity-shadow,189,ARITH_A,ARITHMETIC,0,,1
0,C_WEAK_SELECTED,STATE_MACHINE,geometry-shadow,189,ARITH_A,ARITHMETIC,0,0.7068260312080383,1
0,C_WEAK_SELECTED,STATE_MACHINE,incumbent,190,ARITH_A,ARITHMETIC,0,0.7253355383872986,1
0,C_WEAK_SELECTED,STATE_MACHINE,capacity-shadow,190,ARITH_A,ARITHMETIC,0,,1
0,C_WEAK_SELECTED,STATE_MACHINE,geometry-shadow,190,ARITH_A,ARITHMETIC,0,0.6983640789985657,1
0,C_WEAK_SELECTED,STATE_MACHINE,incumbent,191,STATE_MACHINE,SELECTED,0,0.6861976981163025,1
0,C_WEAK_SELECTED,STATE_MACHINE,capacity-shadow,191,STATE_MACHINE,SELECTED,0,,1
0,C_WEAK_SELECTED,STATE_MACHINE,geometry-shadow,191,STATE_MACHINE,SELECTED,0,0.6883461475372314,1
0,C_WEAK_SELECTED,STATE_MACHINE,incumbent,192,ARITH_A,ARITHMETIC,0,0.7257835865020752,1
0,C_WEAK_SELECTED,STATE_MACHINE,capacity-shadow,192,ARITH_A,ARITHMETIC,0,,1
0,C_WEAK_SELECTED,STATE_MACHINE,geometry-shadow,192,ARITH_A,ARITHMETIC,0,0.6974428296089172,1
0,C_WEAK_SELECTED,STATE_MACHINE,incumbent,193,ARITH_A,ARITHMETIC,0,0.7317721843719482,1
0,C_WEAK_SELECTED,STATE_MACHINE,capacity-shadow,193,ARITH_A,ARITHMETIC,0,,1
0,C_WEAK_SELECTED,STATE_MACHINE,geometry-shadow,193,ARITH_A,ARITHMETIC,0,0.7097594141960144,1
0,C_WEAK_SELECTED,STATE_MACHINE,incumbent,194,ARITH_A,ARITHMETIC,0,0.724496603012085,1
0,C_WEAK_SELECTED,STATE_MACHINE,capacity-shadow,194,ARITH_A,ARITHMETIC,0,,1
0,C_WEAK_SELECTED,STATE_MACHINE,geometry-shadow,194,ARITH_A,ARITHMETIC,0,0.7018728256225586,1
0,C_WEAK_SELECTED,STATE_MACHINE,incumbent,195,ARITH_A,ARITHMETIC,0,0.7315718531608582,1
0,C_WEAK_SELECTED,STATE_MACHINE,capacity-shadow,195,ARITH_A,ARITHMETIC,0,,1
0,C_WEAK_SELECTED,STATE_MACHINE,geometry-shadow,195,ARITH_A,ARITHMETIC,0,0.7060787081718445,1
0,C_WEAK_SELECTED,STATE_MACHINE,incumbent,196,STATE_MACHINE,SELECTED,0,0.6833546161651611,1
0,C_WEAK_SELECTED,STATE_MACHINE,capacity-shadow,196,STATE_MACHINE,SELECTED,0,,1
0,C_WEAK_SELECTED,STATE_MACHINE,geometry-shadow,196,STATE_MACHINE,SELECTED,0,0.6801548004150391,1
0,C_WEAK_SELECTED,STATE_MACHINE,incumbent,197,ARITH_A,ARITHMETIC,0,0.7303336262702942,1
0,C_WEAK_SELECTED,STATE_MACHINE,capacity-shadow,197,ARITH_A,ARITHMETIC,0,,1
0,C_WEAK_SELECTED,STATE_MACHINE,geometry-shadow,197,ARITH_A,ARITHMETIC,0,0.7064933180809021,1
0,C_WEAK_SELECTED,STATE_MACHINE,incumbent,198,ARITH_A,ARITHMETIC,0,0.7228267788887024,1
0,C_WEAK_SELECTED,STATE_MACHINE,capacity-shadow,198,ARITH_A,ARITHMETIC,0,,1
0,C_WEAK_SELECTED,STATE_MACHINE,geometry-shadow,198,ARITH_A,ARITHMETIC,0,0.6920767426490784,1
0,C_WEAK_SELECTED,STATE_MACHINE,incumbent,199,STATE_MACHINE,SELECTED,0,0.6847723722457886,1
0,C_WEAK_SELECTED,STATE_MACHINE,capacity-shadow,199,STATE_MACHINE,SELECTED,0,,1
0,C_WEAK_SELECTED,STATE_MACHINE,geometry-shadow,199,STATE_MACHINE,SELECTED,0,0.6821430921554565,1
0,C_WEAK_SELECTED,STATE_MACHINE,incumbent,200,ARITH_A,ARITHMETIC,0,0.7227732539176941,1
0,C_WEAK_SELECTED,STATE_MACHINE,capacity-shadow,200,ARITH_A,ARITHMETIC,0,,1
0,C_WEAK_SELECTED,STATE_MACHINE,geometry-shadow,200,ARITH_A,ARITHMETIC,0,0.6964232325553894,1
0,C_WEAK_SELECTED,STATE_MACHINE,incumbent,201,STORY,STORY,1,0.4595662951469421,1
0,C_WEAK_SELECTED,STATE_MACHINE,capacity-shadow,201,STORY,STORY,2,,1
0,C_WEAK_SELECTED,STATE_MACHINE,geometry-shadow,201,STORY,STORY,1,0.327957272529602,1
0,C_WEAK_SELECTED,STATE_MACHINE,incumbent,202,STORY,STORY,1,0.6717098951339722,1
0,C_WEAK_SELECTED,STATE_MACHINE,capacity-shadow,202,STORY,STORY,1,,1
0,C_WEAK_SELECTED,STATE_MACHINE,geometry-shadow,202,STORY,STORY,2,0.3336801528930664,1
0,C_WEAK_SELECTED,STATE_MACHINE,incumbent,203,ARITH_A,ARITHMETIC,0,0.7317067980766296,1
0,C_WEAK_SELECTED,STATE_MACHINE,capacity-shadow,203,ARITH_A,ARITHMETIC,0,,1
0,C_WEAK_SELECTED,STATE_MACHINE,geometry-shadow,203,ARITH_A,ARITHMETIC,0,0.7014197111129761,1
0,C_WEAK_SELECTED,STATE_MACHINE,incumbent,204,STATE_MACHINE,SELECTED,0,0.682723879814148,1
0,C_WEAK_SELECTED,STATE_MACHINE,capacity-shadow,204,STATE_MACHINE,SELECTED,0,,1
0,C_WEAK_SELECTED,STATE_MACHINE,geometry-shadow,204,STATE_MACHINE,SELECTED,0,0.683060884475708,1
0,C_WEAK_SELECTED,STATE_MACHINE,incumbent,205,ARITH_A,ARITHMETIC,0,0.7182630300521851,1
0,C_WEAK_SELECTED,STATE_MACHINE,capacity-shadow,205,ARITH_A,ARITHMETIC,0,,1
0,C_WEAK_SELECTED,STATE_MACHINE,geometry-shadow,205,ARITH_A,ARITHMETIC,0,0.691637396812439,1
0,C_WEAK_SELECTED,STATE_MACHINE,incumbent,206,ARITH_A,ARITHMETIC,0,0.7318324446678162,1
0,C_WEAK_SELECTED,STATE_MACHINE,capacity-shadow,206,ARITH_A,ARITHMETIC,0,,1
0,C_WEAK_SELECTED,STATE_MACHINE,geometry-shadow,206,ARITH_A,ARITHMETIC,0,0.7101574540138245,1
0,C_WEAK_SELECTED,STATE_MACHINE,incumbent,207,ARITH_A,ARITHMETIC,0,0.7287325263023376,1
0,C_WEAK_SELECTED,STATE_MACHINE,capacity-shadow,207,ARITH_A,ARITHMETIC,0,,1
0,C_WEAK_SELECTED,STATE_MACHINE,geometry-shadow,207,ARITH_A,ARITHMETIC,0,0.7003716230392456,1
0,C_WEAK_SELECTED,STATE_MACHINE,incumbent,208,ARITH_A,ARITHMETIC,0,0.7260429263114929,1
0,C_WEAK_SELECTED,STATE_MACHINE,capacity-shadow,208,ARITH_A,ARITHMETIC,0,,1
0,C_WEAK_SELECTED,STATE_MACHINE,geometry-shadow,208,ARITH_A,ARITHMETIC,0,0.6961647272109985,1
0,C_WEAK_SELECTED,STATE_MACHINE,incumbent,209,STORY,STORY,1,0.1787515878677368,1
0,C_WEAK_SELECTED,STATE_MACHINE,capacity-shadow,209,STORY,STORY,2,,1
0,C_WEAK_SELECTED,STATE_MACHINE,geometry-shadow,209,STORY,STORY,1,0.384153664112091,1
0,C_WEAK_SELECTED,STATE_MACHINE,incumbent,210,ARITH_A,ARITHMETIC,0,0.7262902855873108,1
0,C_WEAK_SELECTED,STATE_MACHINE,capacity-shadow,210,ARITH_A,ARITHMETIC,0,,1
0,C_WEAK_SELECTED,STATE_MACHINE,geometry-shadow,210,ARITH_A,ARITHMETIC,0,0.703205406665802,1
0,C_WEAK_SELECTED,STATE_MACHINE,incumbent,211,ARITH_A,ARITHMETIC,0,0.7247745394706726,1
0,C_WEAK_SELECTED,STATE_MACHINE,capacity-shadow,211,ARITH_A,ARITHMETIC,0,,1
0,C_WEAK_SELECTED,STATE_MACHINE,geometry-shadow,211,ARITH_A,ARITHMETIC,0,0.6933834552764893,1
0,C_WEAK_SELECTED,STATE_MACHINE,incumbent,212,STATE_MACHINE,SELECTED,0,0.6852633357048035,1
0,C_WEAK_SELECTED,STATE_MACHINE,capacity-shadow,212,STATE_MACHINE,SELECTED,0,,1
0,C_WEAK_SELECTED,STATE_MACHINE,geometry-shadow,212,STATE_MACHINE,SELECTED,0,0.6875289678573608,1
0,C_WEAK_SELECTED,STATE_MACHINE,incumbent,213,STORY,STORY,1,0.4851598143577575,1
0,C_WEAK_SELECTED,STATE_MACHINE,capacity-shadow,213,STORY,STORY,1,,1
0,C_WEAK_SELECTED,STATE_MACHINE,geometry-shadow,213,STORY,STORY,1,0.2417744398117065,1
0,C_WEAK_SELECTED,STATE_MACHINE,incumbent,214,STORY,STORY,1,0.5801047086715698,1
0,C_WEAK_SELECTED,STATE_MACHINE,capacity-shadow,214,STORY,STORY,2,,1
0,C_WEAK_SELECTED,STATE_MACHINE,geometry-shadow,214,STORY,STORY,1,0.6095516681671143,1
0,C_WEAK_SELECTED,STATE_MACHINE,incumbent,215,ARITH_A,ARITHMETIC,0,0.7277671098709106,1
0,C_WEAK_SELECTED,STATE_MACHINE,capacity-shadow,215,ARITH_A,ARITHMETIC,0,,1
0,C_WEAK_SELECTED,STATE_MACHINE,geometry-shadow,215,ARITH_A,ARITHMETIC,0,0.7091622948646545,1
0,C_WEAK_SELECTED,STATE_MACHINE,incumbent,216,ARITH_A,ARITHMETIC,0,0.7295297384262085,1
0,C_WEAK_SELECTED,STATE_MACHINE,capacity-shadow,216,ARITH_A,ARITHMETIC,0,,1
0,C_WEAK_SELECTED,STATE_MACHINE,geometry-shadow,216,ARITH_A,ARITHMETIC,0,0.7064134478569031,1
0,C_WEAK_SELECTED,STATE_MACHINE,incumbent,217,ARITH_A,ARITHMETIC,0,0.7262301445007324,1
0,C_WEAK_SELECTED,STATE_MACHINE,capacity-shadow,217,ARITH_A,ARITHMETIC,0,,1
0,C_WEAK_SELECTED,STATE_MACHINE,geometry-shadow,217,ARITH_A,ARITHMETIC,0,0.7018899917602539,1
0,C_WEAK_SELECTED,STATE_MACHINE,incumbent,218,ARITH_A,ARITHMETIC,0,0.7298732995986938,1
0,C_WEAK_SELECTED,STATE_MACHINE,capacity-shadow,218,ARITH_A,ARITHMETIC,0,,1
0,C_WEAK_SELECTED,STATE_MACHINE,geometry-shadow,218,ARITH_A,ARITHMETIC,0,0.7011662721633911,1
0,C_WEAK_SELECTED,STATE_MACHINE,incumbent,219,STATE_MACHINE,SELECTED,0,0.6836322546005249,1
0,C_WEAK_SELECTED,STATE_MACHINE,capacity-shadow,219,STATE_MACHINE,SELECTED,0,,1
0,C_WEAK_SELECTED,STATE_MACHINE,geometry-shadow,219,STATE_MACHINE,SELECTED,0,0.6832059621810913,1
0,C_WEAK_SELECTED,STATE_MACHINE,incumbent,220,STORY,STORY,1,0.3576565980911255,1
0,C_WEAK_SELECTED,STATE_MACHINE,capacity-shadow,220,STORY,STORY,1,,1
0,C_WEAK_SELECTED,STATE_MACHINE,geometry-shadow,220,STORY,STORY,1,0.2841032743453979,1
0,C_WEAK_SELECTED,STATE_MACHINE,incumbent,221,ARITH_A,ARITHMETIC,0,0.7256923317909241,1
0,C_WEAK_SELECTED,STATE_MACHINE,capacity-shadow,221,ARITH_A,ARITHMETIC,0,,1
0,C_WEAK_SELECTED,STATE_MACHINE,geometry-shadow,221,ARITH_A,ARITHMETIC,0,0.7033664584159851,1
0,C_WEAK_SELECTED,STATE_MACHINE,incumbent,222,STORY,STORY,1,1.1144933700561523,1
0,C_WEAK_SELECTED,STATE_MACHINE,capacity-shadow,222,STORY,STORY,2,,1
0,C_WEAK_SELECTED,STATE_MACHINE,geometry-shadow,222,STORY,STORY,2,0.0512870550155639,1
0,C_WEAK_SELECTED,STATE_MACHINE,incumbent,223,STORY,STORY,0,0.095874011516571,1
0,C_WEAK_SELECTED,STATE_MACHINE,capacity-shadow,223,STORY,STORY,0,,1
0,C_WEAK_SELECTED,STATE_MACHINE,geometry-shadow,223,STORY,STORY,0,0.148147702217102,1
0,C_WEAK_SELECTED,STATE_MACHINE,incumbent,224,ARITH_A,ARITHMETIC,0,0.7302535772323608,1
0,C_WEAK_SELECTED,STATE_MACHINE,capacity-shadow,224,ARITH_A,ARITHMETIC,0,,1
0,C_WEAK_SELECTED,STATE_MACHINE,geometry-shadow,224,ARITH_A,ARITHMETIC,0,0.7044270634651184,1
0,C_WEAK_SELECTED,STATE_MACHINE,incumbent,225,ARITH_A,ARITHMETIC,0,0.7193292379379272,1
0,C_WEAK_SELECTED,STATE_MACHINE,capacity-shadow,225,ARITH_A,ARITHMETIC,0,,1
0,C_WEAK_SELECTED,STATE_MACHINE,geometry-shadow,225,ARITH_A,ARITHMETIC,0,0.6948111653327942,1
0,C_WEAK_SELECTED,STATE_MACHINE,incumbent,226,ARITH_A,ARITHMETIC,0,0.7275981903076172,1
0,C_WEAK_SELECTED,STATE_MACHINE,capacity-shadow,226,ARITH_A,ARITHMETIC,0,,1
0,C_WEAK_SELECTED,STATE_MACHINE,geometry-shadow,226,ARITH_A,ARITHMETIC,0,0.6985140442848206,1
0,C_WEAK_SELECTED,STATE_MACHINE,incumbent,227,ARITH_A,ARITHMETIC,0,0.722312331199646,1
0,C_WEAK_SELECTED,STATE_MACHINE,capacity-shadow,227,ARITH_A,ARITHMETIC,0,,1
0,C_WEAK_SELECTED,STATE_MACHINE,geometry-shadow,227,ARITH_A,ARITHMETIC,0,0.6937185525894165,1
0,C_WEAK_SELECTED,STATE_MACHINE,incumbent,228,STORY,STORY,1,1.5180988311767578,1
0,C_WEAK_SELECTED,STATE_MACHINE,capacity-shadow,228,STORY,STORY,1,,1
0,C_WEAK_SELECTED,STATE_MACHINE,geometry-shadow,228,STORY,STORY,2,0.8703613877296448,1
0,C_WEAK_SELECTED,STATE_MACHINE,incumbent,229,STORY,STORY,1,0.8795980215072632,1
0,C_WEAK_SELECTED,STATE_MACHINE,capacity-shadow,229,STORY,STORY,2,,1
0,C_WEAK_SELECTED,STATE_MACHINE,geometry-shadow,229,STORY,STORY,2,0.5703531503677368,1
0,C_WEAK_SELECTED,STATE_MACHINE,incumbent,230,STORY,STORY,0,0.1694792509078979,1
0,C_WEAK_SELECTED,STATE_MACHINE,capacity-shadow,230,STORY,STORY,0,,1
0,C_WEAK_SELECTED,STATE_MACHINE,geometry-shadow,230,STORY,STORY,0,0.0977667570114135,1
0,C_WEAK_SELECTED,STATE_MACHINE,incumbent,231,ARITH_A,ARITHMETIC,0,0.724189817905426,1
0,C_WEAK_SELECTED,STATE_MACHINE,capacity-shadow,231,ARITH_A,ARITHMETIC,0,,1
0,C_WEAK_SELECTED,STATE_MACHINE,geometry-shadow,231,ARITH_A,ARITHMETIC,0,0.7023957371711731,1
0,C_WEAK_SELECTED,STATE_MACHINE,incumbent,232,ARITH_A,ARITHMETIC,0,0.7256600260734558,1
0,C_WEAK_SELECTED,STATE_MACHINE,capacity-shadow,232,ARITH_A,ARITHMETIC,0,,1
0,C_WEAK_SELECTED,STATE_MACHINE,geometry-shadow,232,ARITH_A,ARITHMETIC,0,0.7026496529579163,1
0,C_WEAK_SELECTED,STATE_MACHINE,incumbent,233,STORY,STORY,1,1.1248854398727417,1
0,C_WEAK_SELECTED,STATE_MACHINE,capacity-shadow,233,STORY,STORY,1,,1
0,C_WEAK_SELECTED,STATE_MACHINE,geometry-shadow,233,STORY,STORY,2,0.6674177050590515,1
0,C_WEAK_SELECTED,STATE_MACHINE,incumbent,234,ARITH_A,ARITHMETIC,0,0.7292861938476562,1
0,C_WEAK_SELECTED,STATE_MACHINE,capacity-shadow,234,ARITH_A,ARITHMETIC,0,,1
0,C_WEAK_SELECTED,STATE_MACHINE,geometry-shadow,234,ARITH_A,ARITHMETIC,0,0.7029507756233215,1
0,C_WEAK_SELECTED,STATE_MACHINE,incumbent,235,ARITH_A,ARITHMETIC,0,0.7225064635276794,1
0,C_WEAK_SELECTED,STATE_MACHINE,capacity-shadow,235,ARITH_A,ARITHMETIC,0,,1
0,C_WEAK_SELECTED,STATE_MACHINE,geometry-shadow,235,ARITH_A,ARITHMETIC,0,0.7012275457382202,1
0,C_WEAK_SELECTED,STATE_MACHINE,incumbent,236,STATE_MACHINE,SELECTED,0,0.685951828956604,1
0,C_WEAK_SELECTED,STATE_MACHINE,capacity-shadow,236,STATE_MACHINE,SELECTED,0,,1
0,C_WEAK_SELECTED,STATE_MACHINE,geometry-shadow,236,STATE_MACHINE,SELECTED,0,0.6847939491271973,1
0,C_WEAK_SELECTED,STATE_MACHINE,incumbent,237,STATE_MACHINE,SELECTED,0,0.6845717430114746,1
0,C_WEAK_SELECTED,STATE_MACHINE,capacity-shadow,237,STATE_MACHINE,SELECTED,0,,1
0,C_WEAK_SELECTED,STATE_MACHINE,geometry-shadow,237,STATE_MACHINE,SELECTED,0,0.6825209259986877,1
0,C_WEAK_SELECTED,STATE_MACHINE,incumbent,238,ARITH_A,ARITHMETIC,0,0.730206310749054,1
0,C_WEAK_SELECTED,STATE_MACHINE,capacity-shadow,238,ARITH_A,ARITHMETIC,0,,1
0,C_WEAK_SELECTED,STATE_MACHINE,geometry-shadow,238,ARITH_A,ARITHMETIC,0,0.7072235345840454,1
0,C_WEAK_SELECTED,STATE_MACHINE,incumbent,239,STORY,STORY,1,0.5141808986663818,1
0,C_WEAK_SELECTED,STATE_MACHINE,capacity-shadow,239,STORY,STORY,2,,1
0,C_WEAK_SELECTED,STATE_MACHINE,geometry-shadow,239,STORY,STORY,1,0.2197068929672241,1
0,C_WEAK_SELECTED,STATE_MACHINE,incumbent,240,ARITH_A,ARITHMETIC,0,0.7283010482788086,1
0,C_WEAK_SELECTED,STATE_MACHINE,capacity-shadow,240,ARITH_A,ARITHMETIC,0,,1
0,C_WEAK_SELECTED,STATE_MACHINE,geometry-shadow,240,ARITH_A,ARITHMETIC,0,0.7037926316261292,1
0,C_WEAK_SELECTED,STATE_MACHINE,incumbent,241,STORY,STORY,0,0.0535268783569335,1
0,C_WEAK_SELECTED,STATE_MACHINE,capacity-shadow,241,STORY,STORY,0,,1
0,C_WEAK_SELECTED,STATE_MACHINE,geometry-shadow,241,STORY,STORY,1,0.0298407673835754,1
0,C_WEAK_SELECTED,STATE_MACHINE,incumbent,242,ARITH_A,ARITHMETIC,0,0.727560818195343,1
0,C_WEAK_SELECTED,STATE_MACHINE,capacity-shadow,242,ARITH_A,ARITHMETIC,0,,1
0,C_WEAK_SELECTED,STATE_MACHINE,geometry-shadow,242,ARITH_A,ARITHMETIC,0,0.7030255794525146,1
0,C_WEAK_SELECTED,STATE_MACHINE,incumbent,243,ARITH_A,ARITHMETIC,0,0.7222889065742493,1
0,C_WEAK_SELECTED,STATE_MACHINE,capacity-shadow,243,ARITH_A,ARITHMETIC,0,,1
0,C_WEAK_SELECTED,STATE_MACHINE,geometry-shadow,243,ARITH_A,ARITHMETIC,0,0.6939189434051514,1
0,C_WEAK_SELECTED,STATE_MACHINE,incumbent,244,STORY,STORY,1,0.384326159954071,1
0,C_WEAK_SELECTED,STATE_MACHINE,capacity-shadow,244,STORY,STORY,1,,1
0,C_WEAK_SELECTED,STATE_MACHINE,geometry-shadow,244,STORY,STORY,2,0.0799223184585571,1
0,C_WEAK_SELECTED,STATE_MACHINE,incumbent,245,STATE_MACHINE,SELECTED,0,0.6827376484870911,1
0,C_WEAK_SELECTED,STATE_MACHINE,capacity-shadow,245,STATE_MACHINE,SELECTED,0,,1
0,C_WEAK_SELECTED,STATE_MACHINE,geometry-shadow,245,STATE_MACHINE,SELECTED,0,0.6845846772193909,1
0,C_WEAK_SELECTED,STATE_MACHINE,incumbent,246,STATE_MACHINE,SELECTED,0,0.6877612471580505,1
0,C_WEAK_SELECTED,STATE_MACHINE,capacity-shadow,246,STATE_MACHINE,SELECTED,0,,1
0,C_WEAK_SELECTED,STATE_MACHINE,geometry-shadow,246,STATE_MACHINE,SELECTED,0,0.6883118152618408,1
0,C_WEAK_SELECTED,STATE_MACHINE,incumbent,247,ARITH_A,ARITHMETIC,0,0.7264540791511536,1
0,C_WEAK_SELECTED,STATE_MACHINE,capacity-shadow,247,ARITH_A,ARITHMETIC,0,,1
0,C_WEAK_SELECTED,STATE_MACHINE,geometry-shadow,247,ARITH_A,ARITHMETIC,0,0.7054331302642822,1
0,C_WEAK_SELECTED,STATE_MACHINE,incumbent,248,STORY,STORY,0,0.0726892352104187,1
0,C_WEAK_SELECTED,STATE_MACHINE,capacity-shadow,248,STORY,STORY,0,,1
0,C_WEAK_SELECTED,STATE_MACHINE,geometry-shadow,248,STORY,STORY,1,0.0302435159683227,1
0,C_WEAK_SELECTED,STATE_MACHINE,incumbent,249,STATE_MACHINE,SELECTED,0,0.6783334016799927,1
0,C_WEAK_SELECTED,STATE_MACHINE,capacity-shadow,249,STATE_MACHINE,SELECTED,0,,1
0,C_WEAK_SELECTED,STATE_MACHINE,geometry-shadow,249,STATE_MACHINE,SELECTED,0,0.6784060001373291,1
0,C_WEAK_SELECTED,STATE_MACHINE,incumbent,250,ARITH_A,ARITHMETIC,0,0.7289774417877197,1
0,C_WEAK_SELECTED,STATE_MACHINE,capacity-shadow,250,ARITH_A,ARITHMETIC,0,,1
0,C_WEAK_SELECTED,STATE_MACHINE,geometry-shadow,250,ARITH_A,ARITHMETIC,0,0.7045612931251526,1
0,C_WEAK_SELECTED,STATE_MACHINE,incumbent,251,STATE_MACHINE,SELECTED,0,0.6764291524887085,1
0,C_WEAK_SELECTED,STATE_MACHINE,capacity-shadow,251,STATE_MACHINE,SELECTED,0,,1
0,C_WEAK_SELECTED,STATE_MACHINE,geometry-shadow,251,STATE_MACHINE,SELECTED,0,0.6749419569969177,1
0,C_WEAK_SELECTED,STATE_MACHINE,incumbent,252,ARITH_A,ARITHMETIC,0,0.7251015901565552,1
0,C_WEAK_SELECTED,STATE_MACHINE,capacity-shadow,252,ARITH_A,ARITHMETIC,0,,1
0,C_WEAK_SELECTED,STATE_MACHINE,geometry-shadow,252,ARITH_A,ARITHMETIC,0,0.7069488167762756,1
0,C_WEAK_SELECTED,STATE_MACHINE,incumbent,253,STORY,STORY,1,0.996349573135376,1
0,C_WEAK_SELECTED,STATE_MACHINE,capacity-shadow,253,STORY,STORY,2,,1
0,C_WEAK_SELECTED,STATE_MACHINE,geometry-shadow,253,STORY,STORY,2,0.1092529296875,1
0,C_WEAK_SELECTED,STATE_MACHINE,incumbent,254,STORY,STORY,1,1.136764645576477,1
0,C_WEAK_SELECTED,STATE_MACHINE,capacity-shadow,254,STORY,STORY,1,,1
0,C_WEAK_SELECTED,STATE_MACHINE,geometry-shadow,254,STORY,STORY,1,0.1490554809570312,1
0,C_WEAK_SELECTED,STATE_MACHINE,incumbent,255,ARITH_A,ARITHMETIC,0,0.7287283539772034,1
0,C_WEAK_SELECTED,STATE_MACHINE,capacity-shadow,255,ARITH_A,ARITHMETIC,0,,1
0,C_WEAK_SELECTED,STATE_MACHINE,geometry-shadow,255,ARITH_A,ARITHMETIC,0,0.706146776676178,1
0,C_WEAK_SELECTED,STATE_MACHINE,incumbent,256,ARITH_A,ARITHMETIC,0,0.7225154638290405,1
0,C_WEAK_SELECTED,STATE_MACHINE,capacity-shadow,256,ARITH_A,ARITHMETIC,0,,1
0,C_WEAK_SELECTED,STATE_MACHINE,geometry-shadow,256,ARITH_A,ARITHMETIC,0,0.6924539804458618,1
0,D_STRONG_SELECTED,STATE_MACHINE,incumbent,1,ARITH_A,ARITHMETIC,0,1.070215106010437,1
0,D_STRONG_SELECTED,STATE_MACHINE,capacity-shadow,1,ARITH_A,ARITHMETIC,0,,1
0,D_STRONG_SELECTED,STATE_MACHINE,geometry-shadow,1,ARITH_A,ARITHMETIC,0,1.1016175746917725,1
0,D_STRONG_SELECTED,STATE_MACHINE,incumbent,2,STORY,STORY,0,0.5228304266929626,1
0,D_STRONG_SELECTED,STATE_MACHINE,capacity-shadow,2,STORY,STORY,0,,1
0,D_STRONG_SELECTED,STATE_MACHINE,geometry-shadow,2,STORY,STORY,0,0.5566385388374329,1
0,D_STRONG_SELECTED,STATE_MACHINE,incumbent,3,STORY,STORY,1,1.1134129762649536,1
0,D_STRONG_SELECTED,STATE_MACHINE,capacity-shadow,3,STORY,STORY,1,,1
0,D_STRONG_SELECTED,STATE_MACHINE,geometry-shadow,3,STORY,STORY,1,1.1128647327423096,1
0,D_STRONG_SELECTED,STATE_MACHINE,incumbent,4,STORY,STORY,0,0.5686894059181213,1
0,D_STRONG_SELECTED,STATE_MACHINE,capacity-shadow,4,STORY,STORY,0,,1
0,D_STRONG_SELECTED,STATE_MACHINE,geometry-shadow,4,STORY,STORY,0,0.6057276129722595,1
0,D_STRONG_SELECTED,STATE_MACHINE,incumbent,5,STORY,STORY,1,1.4754321575164795,1
0,D_STRONG_SELECTED,STATE_MACHINE,capacity-shadow,5,STORY,STORY,2,,1
0,D_STRONG_SELECTED,STATE_MACHINE,geometry-shadow,5,STORY,STORY,1,0.9070082902908324,1
0,D_STRONG_SELECTED,STATE_MACHINE,incumbent,6,ARITH_A,ARITHMETIC,0,1.0608868598937988,1
0,D_STRONG_SELECTED,STATE_MACHINE,capacity-shadow,6,ARITH_A,ARITHMETIC,0,,1
0,D_STRONG_SELECTED,STATE_MACHINE,geometry-shadow,6,ARITH_A,ARITHMETIC,0,1.092206358909607,1
0,D_STRONG_SELECTED,STATE_MACHINE,incumbent,7,STORY,STORY,1,1.1989712715148926,1
0,D_STRONG_SELECTED,STATE_MACHINE,capacity-shadow,7,STORY,STORY,1,,1
0,D_STRONG_SELECTED,STATE_MACHINE,geometry-shadow,7,STORY,STORY,1,1.219205379486084,1
0,D_STRONG_SELECTED,STATE_MACHINE,incumbent,8,STATE_MACHINE,SELECTED,0,1.0467199087142944,1
0,D_STRONG_SELECTED,STATE_MACHINE,capacity-shadow,8,STATE_MACHINE,SELECTED,0,,1
0,D_STRONG_SELECTED,STATE_MACHINE,geometry-shadow,8,STATE_MACHINE,SELECTED,0,1.074077844619751,1
0,D_STRONG_SELECTED,STATE_MACHINE,incumbent,9,ARITH_A,ARITHMETIC,0,1.0611679553985596,1
0,D_STRONG_SELECTED,STATE_MACHINE,capacity-shadow,9,ARITH_A,ARITHMETIC,0,,1
0,D_STRONG_SELECTED,STATE_MACHINE,geometry-shadow,9,ARITH_A,ARITHMETIC,0,1.0912387371063232,1
0,D_STRONG_SELECTED,STATE_MACHINE,incumbent,10,STORY,STORY,1,0.0088350176811218,1
0,D_STRONG_SELECTED,STATE_MACHINE,capacity-shadow,10,STORY,STORY,2,,1
0,D_STRONG_SELECTED,STATE_MACHINE,geometry-shadow,10,STORY,STORY,1,0.0286896228790283,1
0,D_STRONG_SELECTED,STATE_MACHINE,incumbent,11,ARITH_A,ARITHMETIC,0,1.054007649421692,1
0,D_STRONG_SELECTED,STATE_MACHINE,capacity-shadow,11,ARITH_A,ARITHMETIC,0,,1
0,D_STRONG_SELECTED,STATE_MACHINE,geometry-shadow,11,ARITH_A,ARITHMETIC,0,1.084018349647522,1
0,D_STRONG_SELECTED,STATE_MACHINE,incumbent,12,ARITH_A,ARITHMETIC,0,1.073026180267334,1
0,D_STRONG_SELECTED,STATE_MACHINE,capacity-shadow,12,ARITH_A,ARITHMETIC,0,,1
0,D_STRONG_SELECTED,STATE_MACHINE,geometry-shadow,12,ARITH_A,ARITHMETIC,0,1.1047486066818235,1
0,D_STRONG_SELECTED,STATE_MACHINE,incumbent,13,STATE_MACHINE,SELECTED,0,1.0510433912277222,1
0,D_STRONG_SELECTED,STATE_MACHINE,capacity-shadow,13,STATE_MACHINE,SELECTED,0,,1
0,D_STRONG_SELECTED,STATE_MACHINE,geometry-shadow,13,STATE_MACHINE,SELECTED,0,1.07945454120636,1
0,D_STRONG_SELECTED,STATE_MACHINE,incumbent,14,STATE_MACHINE,SELECTED,0,1.0518882274627686,1
0,D_STRONG_SELECTED,STATE_MACHINE,capacity-shadow,14,STATE_MACHINE,SELECTED,0,,1
0,D_STRONG_SELECTED,STATE_MACHINE,geometry-shadow,14,STATE_MACHINE,SELECTED,0,1.081214189529419,1
0,D_STRONG_SELECTED,STATE_MACHINE,incumbent,15,ARITH_A,ARITHMETIC,0,1.055909276008606,1
0,D_STRONG_SELECTED,STATE_MACHINE,capacity-shadow,15,ARITH_A,ARITHMETIC,0,,1
0,D_STRONG_SELECTED,STATE_MACHINE,geometry-shadow,15,ARITH_A,ARITHMETIC,0,1.0867509841918943,1
0,D_STRONG_SELECTED,STATE_MACHINE,incumbent,16,STATE_MACHINE,SELECTED,0,1.048245191574097,1
0,D_STRONG_SELECTED,STATE_MACHINE,capacity-shadow,16,STATE_MACHINE,SELECTED,0,,1
0,D_STRONG_SELECTED,STATE_MACHINE,geometry-shadow,16,STATE_MACHINE,SELECTED,0,1.0765851736068726,1
0,D_STRONG_SELECTED,STATE_MACHINE,incumbent,17,ARITH_A,ARITHMETIC,0,1.0678653717041016,1
0,D_STRONG_SELECTED,STATE_MACHINE,capacity-shadow,17,ARITH_A,ARITHMETIC,0,,1
0,D_STRONG_SELECTED,STATE_MACHINE,geometry-shadow,17,ARITH_A,ARITHMETIC,0,1.098720669746399,1
0,D_STRONG_SELECTED,STATE_MACHINE,incumbent,18,STATE_MACHINE,SELECTED,0,1.0505449771881104,1
0,D_STRONG_SELECTED,STATE_MACHINE,capacity-shadow,18,STATE_MACHINE,SELECTED,0,,1
0,D_STRONG_SELECTED,STATE_MACHINE,geometry-shadow,18,STATE_MACHINE,SELECTED,0,1.079795241355896,1
0,D_STRONG_SELECTED,STATE_MACHINE,incumbent,19,STATE_MACHINE,SELECTED,0,1.0428012609481812,1
0,D_STRONG_SELECTED,STATE_MACHINE,capacity-shadow,19,STATE_MACHINE,SELECTED,0,,1
0,D_STRONG_SELECTED,STATE_MACHINE,geometry-shadow,19,STATE_MACHINE,SELECTED,0,1.0698273181915283,1
0,D_STRONG_SELECTED,STATE_MACHINE,incumbent,20,STATE_MACHINE,SELECTED,0,1.0427476167678833,1
0,D_STRONG_SELECTED,STATE_MACHINE,capacity-shadow,20,STATE_MACHINE,SELECTED,0,,1
0,D_STRONG_SELECTED,STATE_MACHINE,geometry-shadow,20,STATE_MACHINE,SELECTED,0,1.0707545280456543,1
0,D_STRONG_SELECTED,STATE_MACHINE,incumbent,21,STORY,STORY,1,0.634066104888916,1
0,D_STRONG_SELECTED,STATE_MACHINE,capacity-shadow,21,STORY,STORY,1,,1
0,D_STRONG_SELECTED,STATE_MACHINE,geometry-shadow,21,STORY,STORY,1,0.612682580947876,1
0,D_STRONG_SELECTED,STATE_MACHINE,incumbent,22,STATE_MACHINE,SELECTED,0,1.048287034034729,1
0,D_STRONG_SELECTED,STATE_MACHINE,capacity-shadow,22,STATE_MACHINE,SELECTED,0,,1
0,D_STRONG_SELECTED,STATE_MACHINE,geometry-shadow,22,STATE_MACHINE,SELECTED,0,1.0762560367584229,1
0,D_STRONG_SELECTED,STATE_MACHINE,incumbent,23,STORY,STORY,1,0.5002923011779785,1
0,D_STRONG_SELECTED,STATE_MACHINE,capacity-shadow,23,STORY,STORY,2,,1
0,D_STRONG_SELECTED,STATE_MACHINE,geometry-shadow,23,STORY,STORY,1,0.5016570091247559,1
0,D_STRONG_SELECTED,STATE_MACHINE,incumbent,24,STORY,STORY,1,0.4949747323989868,1
0,D_STRONG_SELECTED,STATE_MACHINE,capacity-shadow,24,STORY,STORY,1,,1
0,D_STRONG_SELECTED,STATE_MACHINE,geometry-shadow,24,STORY,STORY,1,0.1533678770065307,1
0,D_STRONG_SELECTED,STATE_MACHINE,incumbent,25,STATE_MACHINE,SELECTED,0,1.055019736289978,1
0,D_STRONG_SELECTED,STATE_MACHINE,capacity-shadow,25,STATE_MACHINE,SELECTED,0,,1
0,D_STRONG_SELECTED,STATE_MACHINE,geometry-shadow,25,STATE_MACHINE,SELECTED,0,1.08479642868042,1
0,D_STRONG_SELECTED,STATE_MACHINE,incumbent,26,STORY,STORY,1,0.0484470129013061,1
0,D_STRONG_SELECTED,STATE_MACHINE,capacity-shadow,26,STORY,STORY,2,,1
0,D_STRONG_SELECTED,STATE_MACHINE,geometry-shadow,26,STORY,STORY,1,0.0141468048095703,1
0,D_STRONG_SELECTED,STATE_MACHINE,incumbent,27,STORY,STORY,0,0.0215684175491333,1
0,D_STRONG_SELECTED,STATE_MACHINE,capacity-shadow,27,STORY,STORY,0,,1
0,D_STRONG_SELECTED,STATE_MACHINE,geometry-shadow,27,STORY,STORY,0,0.0416564345359802,1
0,D_STRONG_SELECTED,STATE_MACHINE,incumbent,28,ARITH_A,ARITHMETIC,0,1.061304807662964,1
0,D_STRONG_SELECTED,STATE_MACHINE,capacity-shadow,28,ARITH_A,ARITHMETIC,0,,1
0,D_STRONG_SELECTED,STATE_MACHINE,geometry-shadow,28,ARITH_A,ARITHMETIC,0,1.092840552330017,1
0,D_STRONG_SELECTED,STATE_MACHINE,incumbent,29,ARITH_A,ARITHMETIC,0,1.0563403367996216,1
0,D_STRONG_SELECTED,STATE_MACHINE,capacity-shadow,29,ARITH_A,ARITHMETIC,0,,1
0,D_STRONG_SELECTED,STATE_MACHINE,geometry-shadow,29,ARITH_A,ARITHMETIC,0,1.085608959197998,1
0,D_STRONG_SELECTED,STATE_MACHINE,incumbent,30,ARITH_A,ARITHMETIC,0,1.0829999446868896,1
0,D_STRONG_SELECTED,STATE_MACHINE,capacity-shadow,30,ARITH_A,ARITHMETIC,0,,1
0,D_STRONG_SELECTED,STATE_MACHINE,geometry-shadow,30,ARITH_A,ARITHMETIC,0,1.1163837909698486,1
0,D_STRONG_SELECTED,STATE_MACHINE,incumbent,31,STATE_MACHINE,SELECTED,0,1.0493398904800415,1
0,D_STRONG_SELECTED,STATE_MACHINE,capacity-shadow,31,STATE_MACHINE,SELECTED,0,,1
0,D_STRONG_SELECTED,STATE_MACHINE,geometry-shadow,31,STATE_MACHINE,SELECTED,0,1.078053593635559,1
0,D_STRONG_SELECTED,STATE_MACHINE,incumbent,32,STORY,STORY,1,0.1771385669708252,1
0,D_STRONG_SELECTED,STATE_MACHINE,capacity-shadow,32,STORY,STORY,1,,1
0,D_STRONG_SELECTED,STATE_MACHINE,geometry-shadow,32,STORY,STORY,1,0.1496448516845703,1
0,D_STRONG_SELECTED,STATE_MACHINE,incumbent,33,STORY,STORY,0,0.0262376070022583,1
0,D_STRONG_SELECTED,STATE_MACHINE,capacity-shadow,33,STORY,STORY,0,,1
0,D_STRONG_SELECTED,STATE_MACHINE,geometry-shadow,33,STORY,STORY,0,0.0262855887413024,1
0,D_STRONG_SELECTED,STATE_MACHINE,incumbent,34,ARITH_A,ARITHMETIC,0,1.080847144126892,1
0,D_STRONG_SELECTED,STATE_MACHINE,capacity-shadow,34,ARITH_A,ARITHMETIC,0,,1
0,D_STRONG_SELECTED,STATE_MACHINE,geometry-shadow,34,ARITH_A,ARITHMETIC,0,1.113039493560791,1
0,D_STRONG_SELECTED,STATE_MACHINE,incumbent,35,STORY,STORY,1,0.5887550115585327,1
0,D_STRONG_SELECTED,STATE_MACHINE,capacity-shadow,35,STORY,STORY,2,,1
0,D_STRONG_SELECTED,STATE_MACHINE,geometry-shadow,35,STORY,STORY,1,0.564448356628418,1
0,D_STRONG_SELECTED,STATE_MACHINE,incumbent,36,ARITH_A,ARITHMETIC,0,1.0782586336135864,1
0,D_STRONG_SELECTED,STATE_MACHINE,capacity-shadow,36,ARITH_A,ARITHMETIC,0,,1
0,D_STRONG_SELECTED,STATE_MACHINE,geometry-shadow,36,ARITH_A,ARITHMETIC,0,1.1116441488265991,1
0,D_STRONG_SELECTED,STATE_MACHINE,incumbent,37,STORY,STORY,0,0.2002878189086914,1
0,D_STRONG_SELECTED,STATE_MACHINE,capacity-shadow,37,STORY,STORY,0,,1
0,D_STRONG_SELECTED,STATE_MACHINE,geometry-shadow,37,STORY,STORY,0,0.2357940673828125,1
0,D_STRONG_SELECTED,STATE_MACHINE,incumbent,38,STATE_MACHINE,SELECTED,0,1.048277497291565,1
0,D_STRONG_SELECTED,STATE_MACHINE,capacity-shadow,38,STATE_MACHINE,SELECTED,0,,1
0,D_STRONG_SELECTED,STATE_MACHINE,geometry-shadow,38,STATE_MACHINE,SELECTED,0,1.077113151550293,1
0,D_STRONG_SELECTED,STATE_MACHINE,incumbent,39,ARITH_A,ARITHMETIC,0,1.0501229763031006,1
0,D_STRONG_SELECTED,STATE_MACHINE,capacity-shadow,39,ARITH_A,ARITHMETIC,0,,1
0,D_STRONG_SELECTED,STATE_MACHINE,geometry-shadow,39,ARITH_A,ARITHMETIC,0,1.081661581993103,1
0,D_STRONG_SELECTED,STATE_MACHINE,incumbent,40,STATE_MACHINE,SELECTED,0,1.047606110572815,1
0,D_STRONG_SELECTED,STATE_MACHINE,capacity-shadow,40,STATE_MACHINE,SELECTED,0,,1
0,D_STRONG_SELECTED,STATE_MACHINE,geometry-shadow,40,STATE_MACHINE,SELECTED,0,1.075103521347046,1
0,D_STRONG_SELECTED,STATE_MACHINE,incumbent,41,ARITH_A,ARITHMETIC,0,1.074836254119873,1
0,D_STRONG_SELECTED,STATE_MACHINE,capacity-shadow,41,ARITH_A,ARITHMETIC,0,,1
0,D_STRONG_SELECTED,STATE_MACHINE,geometry-shadow,41,ARITH_A,ARITHMETIC,0,1.1069639921188354,1
0,D_STRONG_SELECTED,STATE_MACHINE,incumbent,42,ARITH_A,ARITHMETIC,0,1.0654631853103638,1
0,D_STRONG_SELECTED,STATE_MACHINE,capacity-shadow,42,ARITH_A,ARITHMETIC,0,,1
0,D_STRONG_SELECTED,STATE_MACHINE,geometry-shadow,42,ARITH_A,ARITHMETIC,0,1.09697425365448,1
0,D_STRONG_SELECTED,STATE_MACHINE,incumbent,43,STATE_MACHINE,SELECTED,0,1.0507956743240356,1
0,D_STRONG_SELECTED,STATE_MACHINE,capacity-shadow,43,STATE_MACHINE,SELECTED,0,,1
0,D_STRONG_SELECTED,STATE_MACHINE,geometry-shadow,43,STATE_MACHINE,SELECTED,0,1.0793620347976685,1
0,D_STRONG_SELECTED,STATE_MACHINE,incumbent,44,STORY,STORY,1,1.2467143535614014,1
0,D_STRONG_SELECTED,STATE_MACHINE,capacity-shadow,44,STORY,STORY,1,,1
0,D_STRONG_SELECTED,STATE_MACHINE,geometry-shadow,44,STORY,STORY,1,1.2017742395401,1
0,D_STRONG_SELECTED,STATE_MACHINE,incumbent,45,STORY,STORY,1,0.7943507432937622,1
0,D_STRONG_SELECTED,STATE_MACHINE,capacity-shadow,45,STORY,STORY,2,,1
0,D_STRONG_SELECTED,STATE_MACHINE,geometry-shadow,45,STORY,STORY,1,0.7821753025054932,1
0,D_STRONG_SELECTED,STATE_MACHINE,incumbent,46,STORY,STORY,0,0.1358566880226135,1
0,D_STRONG_SELECTED,STATE_MACHINE,capacity-shadow,46,STORY,STORY,0,,1
0,D_STRONG_SELECTED,STATE_MACHINE,geometry-shadow,46,STORY,STORY,0,0.1358874440193176,1
0,D_STRONG_SELECTED,STATE_MACHINE,incumbent,47,ARITH_A,ARITHMETIC,0,1.0783392190933228,1
0,D_STRONG_SELECTED,STATE_MACHINE,capacity-shadow,47,ARITH_A,ARITHMETIC,0,,1
0,D_STRONG_SELECTED,STATE_MACHINE,geometry-shadow,47,ARITH_A,ARITHMETIC,0,1.1094763278961182,1
0,D_STRONG_SELECTED,STATE_MACHINE,incumbent,48,STATE_MACHINE,SELECTED,0,1.0493950843811035,1
0,D_STRONG_SELECTED,STATE_MACHINE,capacity-shadow,48,STATE_MACHINE,SELECTED,0,,1
0,D_STRONG_SELECTED,STATE_MACHINE,geometry-shadow,48,STATE_MACHINE,SELECTED,0,1.077617883682251,1
0,D_STRONG_SELECTED,STATE_MACHINE,incumbent,49,STATE_MACHINE,SELECTED,0,1.0491502285003662,1
0,D_STRONG_SELECTED,STATE_MACHINE,capacity-shadow,49,STATE_MACHINE,SELECTED,0,,1
0,D_STRONG_SELECTED,STATE_MACHINE,geometry-shadow,49,STATE_MACHINE,SELECTED,0,1.0782709121704102,1
0,D_STRONG_SELECTED,STATE_MACHINE,incumbent,50,ARITH_A,ARITHMETIC,0,1.0656540393829346,1
0,D_STRONG_SELECTED,STATE_MACHINE,capacity-shadow,50,ARITH_A,ARITHMETIC,0,,1
0,D_STRONG_SELECTED,STATE_MACHINE,geometry-shadow,50,ARITH_A,ARITHMETIC,0,1.09665048122406,1
0,D_STRONG_SELECTED,STATE_MACHINE,incumbent,51,ARITH_A,ARITHMETIC,0,1.0697429180145264,1
0,D_STRONG_SELECTED,STATE_MACHINE,capacity-shadow,51,ARITH_A,ARITHMETIC,0,,1
0,D_STRONG_SELECTED,STATE_MACHINE,geometry-shadow,51,ARITH_A,ARITHMETIC,0,1.1006275415420532,1
0,D_STRONG_SELECTED,STATE_MACHINE,incumbent,52,ARITH_A,ARITHMETIC,0,1.0710928440093994,1
0,D_STRONG_SELECTED,STATE_MACHINE,capacity-shadow,52,ARITH_A,ARITHMETIC,0,,1
0,D_STRONG_SELECTED,STATE_MACHINE,geometry-shadow,52,ARITH_A,ARITHMETIC,0,1.1024417877197266,1
0,D_STRONG_SELECTED,STATE_MACHINE,incumbent,53,ARITH_A,ARITHMETIC,0,1.0507980585098269,1
0,D_STRONG_SELECTED,STATE_MACHINE,capacity-shadow,53,ARITH_A,ARITHMETIC,0,,1
0,D_STRONG_SELECTED,STATE_MACHINE,geometry-shadow,53,ARITH_A,ARITHMETIC,0,1.080406904220581,1
0,D_STRONG_SELECTED,STATE_MACHINE,incumbent,54,STATE_MACHINE,SELECTED,0,1.047189712524414,1
0,D_STRONG_SELECTED,STATE_MACHINE,capacity-shadow,54,STATE_MACHINE,SELECTED,0,,1
0,D_STRONG_SELECTED,STATE_MACHINE,geometry-shadow,54,STATE_MACHINE,SELECTED,0,1.0753949880599976,1
0,D_STRONG_SELECTED,STATE_MACHINE,incumbent,55,STATE_MACHINE,SELECTED,0,1.0493910312652588,1
0,D_STRONG_SELECTED,STATE_MACHINE,capacity-shadow,55,STATE_MACHINE,SELECTED,0,,1
0,D_STRONG_SELECTED,STATE_MACHINE,geometry-shadow,55,STATE_MACHINE,SELECTED,0,1.0779536962509155,1
0,D_STRONG_SELECTED,STATE_MACHINE,incumbent,56,STATE_MACHINE,SELECTED,0,1.0482614040374756,1
0,D_STRONG_SELECTED,STATE_MACHINE,capacity-shadow,56,STATE_MACHINE,SELECTED,0,,1
0,D_STRONG_SELECTED,STATE_MACHINE,geometry-shadow,56,STATE_MACHINE,SELECTED,0,1.0763975381851196,1
0,D_STRONG_SELECTED,STATE_MACHINE,incumbent,57,STORY,STORY,0,0.2956650853157043,1
0,D_STRONG_SELECTED,STATE_MACHINE,capacity-shadow,57,STORY,STORY,0,,1
0,D_STRONG_SELECTED,STATE_MACHINE,geometry-shadow,57,STORY,STORY,0,0.3102542757987976,1
0,D_STRONG_SELECTED,STATE_MACHINE,incumbent,58,STATE_MACHINE,SELECTED,0,1.0554966926574707,1
0,D_STRONG_SELECTED,STATE_MACHINE,capacity-shadow,58,STATE_MACHINE,SELECTED,0,,1
0,D_STRONG_SELECTED,STATE_MACHINE,geometry-shadow,58,STATE_MACHINE,SELECTED,0,1.085498332977295,1
0,D_STRONG_SELECTED,STATE_MACHINE,incumbent,59,STORY,STORY,1,0.4485167860984802,1
0,D_STRONG_SELECTED,STATE_MACHINE,capacity-shadow,59,STORY,STORY,1,,1
0,D_STRONG_SELECTED,STATE_MACHINE,geometry-shadow,59,STORY,STORY,1,0.4373186826705932,1
0,D_STRONG_SELECTED,STATE_MACHINE,incumbent,60,STORY,STORY,1,1.3928900957107544,1
0,D_STRONG_SELECTED,STATE_MACHINE,capacity-shadow,60,STORY,STORY,2,,1
0,D_STRONG_SELECTED,STATE_MACHINE,geometry-shadow,60,STORY,STORY,1,0.6354886293411255,1
0,D_STRONG_SELECTED,STATE_MACHINE,incumbent,61,STATE_MACHINE,SELECTED,0,1.0482453107833862,1
0,D_STRONG_SELECTED,STATE_MACHINE,capacity-shadow,61,STATE_MACHINE,SELECTED,0,,1
0,D_STRONG_SELECTED,STATE_MACHINE,geometry-shadow,61,STATE_MACHINE,SELECTED,0,1.0767267942428589,1
0,D_STRONG_SELECTED,STATE_MACHINE,incumbent,62,ARITH_A,ARITHMETIC,0,1.0642001628875732,1
0,D_STRONG_SELECTED,STATE_MACHINE,capacity-shadow,62,ARITH_A,ARITHMETIC,0,,1
0,D_STRONG_SELECTED,STATE_MACHINE,geometry-shadow,62,ARITH_A,ARITHMETIC,0,1.097001075744629,1
0,D_STRONG_SELECTED,STATE_MACHINE,incumbent,63,STATE_MACHINE,SELECTED,0,1.0467653274536133,1
0,D_STRONG_SELECTED,STATE_MACHINE,capacity-shadow,63,STATE_MACHINE,SELECTED,0,,1
0,D_STRONG_SELECTED,STATE_MACHINE,geometry-shadow,63,STATE_MACHINE,SELECTED,0,1.075426459312439,1
0,D_STRONG_SELECTED,STATE_MACHINE,incumbent,64,STORY,STORY,1,0.4855080246925354,1
0,D_STRONG_SELECTED,STATE_MACHINE,capacity-shadow,64,STORY,STORY,1,,1
0,D_STRONG_SELECTED,STATE_MACHINE,geometry-shadow,64,STORY,STORY,1,0.4681364297866821,1
0,D_STRONG_SELECTED,STATE_MACHINE,incumbent,65,STATE_MACHINE,SELECTED,0,1.0535506010055542,1
0,D_STRONG_SELECTED,STATE_MACHINE,capacity-shadow,65,STATE_MACHINE,SELECTED,0,,1
0,D_STRONG_SELECTED,STATE_MACHINE,geometry-shadow,65,STATE_MACHINE,SELECTED,0,1.08294939994812,1
0,D_STRONG_SELECTED,STATE_MACHINE,incumbent,66,ARITH_A,ARITHMETIC,0,1.0755236148834229,1
0,D_STRONG_SELECTED,STATE_MACHINE,capacity-shadow,66,ARITH_A,ARITHMETIC,0,,1
0,D_STRONG_SELECTED,STATE_MACHINE,geometry-shadow,66,ARITH_A,ARITHMETIC,0,1.1090744733810425,1
0,D_STRONG_SELECTED,STATE_MACHINE,incumbent,67,STORY,STORY,0,0.0213804841041564,1
0,D_STRONG_SELECTED,STATE_MACHINE,capacity-shadow,67,STORY,STORY,0,,1
0,D_STRONG_SELECTED,STATE_MACHINE,geometry-shadow,67,STORY,STORY,0,0.0318533182144165,1
0,D_STRONG_SELECTED,STATE_MACHINE,incumbent,68,STORY,STORY,1,0.9291086196899414,1
0,D_STRONG_SELECTED,STATE_MACHINE,capacity-shadow,68,STORY,STORY,2,,1
0,D_STRONG_SELECTED,STATE_MACHINE,geometry-shadow,68,STORY,STORY,1,0.9158188104629515,1
0,D_STRONG_SELECTED,STATE_MACHINE,incumbent,69,STATE_MACHINE,SELECTED,0,1.048139572143555,1
0,D_STRONG_SELECTED,STATE_MACHINE,capacity-shadow,69,STATE_MACHINE,SELECTED,0,,1
0,D_STRONG_SELECTED,STATE_MACHINE,geometry-shadow,69,STATE_MACHINE,SELECTED,0,1.0767390727996826,1
0,D_STRONG_SELECTED,STATE_MACHINE,incumbent,70,STORY,STORY,1,0.6525003910064697,1
0,D_STRONG_SELECTED,STATE_MACHINE,capacity-shadow,70,STORY,STORY,1,,1
0,D_STRONG_SELECTED,STATE_MACHINE,geometry-shadow,70,STORY,STORY,1,0.7069963812828064,1
0,D_STRONG_SELECTED,STATE_MACHINE,incumbent,71,STATE_MACHINE,SELECTED,0,1.049843192100525,1
0,D_STRONG_SELECTED,STATE_MACHINE,capacity-shadow,71,STATE_MACHINE,SELECTED,0,,1
0,D_STRONG_SELECTED,STATE_MACHINE,geometry-shadow,71,STATE_MACHINE,SELECTED,0,1.0790904760360718,1
0,D_STRONG_SELECTED,STATE_MACHINE,incumbent,72,ARITH_A,ARITHMETIC,0,1.071608543395996,1
0,D_STRONG_SELECTED,STATE_MACHINE,capacity-shadow,72,ARITH_A,ARITHMETIC,0,,1
0,D_STRONG_SELECTED,STATE_MACHINE,geometry-shadow,72,ARITH_A,ARITHMETIC,0,1.104097843170166,1
0,D_STRONG_SELECTED,STATE_MACHINE,incumbent,73,STATE_MACHINE,SELECTED,0,1.043365478515625,1
0,D_STRONG_SELECTED,STATE_MACHINE,capacity-shadow,73,STATE_MACHINE,SELECTED,0,,1
0,D_STRONG_SELECTED,STATE_MACHINE,geometry-shadow,73,STATE_MACHINE,SELECTED,0,1.0706042051315308,1
0,D_STRONG_SELECTED,STATE_MACHINE,incumbent,74,STORY,STORY,0,0.3212182521820068,1
0,D_STRONG_SELECTED,STATE_MACHINE,capacity-shadow,74,STORY,STORY,0,,1
0,D_STRONG_SELECTED,STATE_MACHINE,geometry-shadow,74,STORY,STORY,0,0.3583714962005615,1
0,D_STRONG_SELECTED,STATE_MACHINE,incumbent,75,STATE_MACHINE,SELECTED,0,1.047108769416809,1
0,D_STRONG_SELECTED,STATE_MACHINE,capacity-shadow,75,STATE_MACHINE,SELECTED,0,,1
0,D_STRONG_SELECTED,STATE_MACHINE,geometry-shadow,75,STATE_MACHINE,SELECTED,0,1.0752052068710327,1
0,D_STRONG_SELECTED,STATE_MACHINE,incumbent,76,ARITH_A,ARITHMETIC,0,1.0650066137313845,1
0,D_STRONG_SELECTED,STATE_MACHINE,capacity-shadow,76,ARITH_A,ARITHMETIC,0,,1
0,D_STRONG_SELECTED,STATE_MACHINE,geometry-shadow,76,ARITH_A,ARITHMETIC,0,1.0968703031539917,1
0,D_STRONG_SELECTED,STATE_MACHINE,incumbent,77,STATE_MACHINE,SELECTED,0,1.0530086755752563,1
0,D_STRONG_SELECTED,STATE_MACHINE,capacity-shadow,77,STATE_MACHINE,SELECTED,0,,1
0,D_STRONG_SELECTED,STATE_MACHINE,geometry-shadow,77,STATE_MACHINE,SELECTED,0,1.0814298391342163,1
0,D_STRONG_SELECTED,STATE_MACHINE,incumbent,78,STATE_MACHINE,SELECTED,0,1.0506175756454468,1
0,D_STRONG_SELECTED,STATE_MACHINE,capacity-shadow,78,STATE_MACHINE,SELECTED,0,,1
0,D_STRONG_SELECTED,STATE_MACHINE,geometry-shadow,78,STATE_MACHINE,SELECTED,0,1.078574538230896,1
0,D_STRONG_SELECTED,STATE_MACHINE,incumbent,79,STORY,STORY,1,0.6309301853179932,1
0,D_STRONG_SELECTED,STATE_MACHINE,capacity-shadow,79,STORY,STORY,2,,1
0,D_STRONG_SELECTED,STATE_MACHINE,geometry-shadow,79,STORY,STORY,1,0.5845612287521362,1
0,D_STRONG_SELECTED,STATE_MACHINE,incumbent,80,STORY,STORY,1,0.8079971671104431,1
0,D_STRONG_SELECTED,STATE_MACHINE,capacity-shadow,80,STORY,STORY,1,,1
0,D_STRONG_SELECTED,STATE_MACHINE,geometry-shadow,80,STORY,STORY,1,0.8216360211372375,1
0,D_STRONG_SELECTED,STATE_MACHINE,incumbent,81,STORY,STORY,1,1.3942084312438965,1
0,D_STRONG_SELECTED,STATE_MACHINE,capacity-shadow,81,STORY,STORY,2,,1
0,D_STRONG_SELECTED,STATE_MACHINE,geometry-shadow,81,STORY,STORY,1,1.3662121295928955,1
0,D_STRONG_SELECTED,STATE_MACHINE,incumbent,82,ARITH_A,ARITHMETIC,0,1.068115472793579,1
0,D_STRONG_SELECTED,STATE_MACHINE,capacity-shadow,82,ARITH_A,ARITHMETIC,0,,1
0,D_STRONG_SELECTED,STATE_MACHINE,geometry-shadow,82,ARITH_A,ARITHMETIC,0,1.0997532606124878,1
0,D_STRONG_SELECTED,STATE_MACHINE,incumbent,83,STORY,STORY,0,0.2925010919570923,1
0,D_STRONG_SELECTED,STATE_MACHINE,capacity-shadow,83,STORY,STORY,0,,1
0,D_STRONG_SELECTED,STATE_MACHINE,geometry-shadow,83,STORY,STORY,0,0.3216273784637451,1
0,D_STRONG_SELECTED,STATE_MACHINE,incumbent,84,STATE_MACHINE,SELECTED,0,1.047892928123474,1
0,D_STRONG_SELECTED,STATE_MACHINE,capacity-shadow,84,STATE_MACHINE,SELECTED,0,,1
0,D_STRONG_SELECTED,STATE_MACHINE,geometry-shadow,84,STATE_MACHINE,SELECTED,0,1.076555609703064,1
0,D_STRONG_SELECTED,STATE_MACHINE,incumbent,85,ARITH_A,ARITHMETIC,0,1.061281442642212,1
0,D_STRONG_SELECTED,STATE_MACHINE,capacity-shadow,85,ARITH_A,ARITHMETIC,0,,1
0,D_STRONG_SELECTED,STATE_MACHINE,geometry-shadow,85,ARITH_A,ARITHMETIC,0,1.0922749042510986,1
0,D_STRONG_SELECTED,STATE_MACHINE,incumbent,86,STORY,STORY,1,0.1606083512306213,1
0,D_STRONG_SELECTED,STATE_MACHINE,capacity-shadow,86,STORY,STORY,1,,1
0,D_STRONG_SELECTED,STATE_MACHINE,geometry-shadow,86,STORY,STORY,1,0.1397639513015747,1
0,D_STRONG_SELECTED,STATE_MACHINE,incumbent,87,ARITH_A,ARITHMETIC,0,1.0613973140716553,1
0,D_STRONG_SELECTED,STATE_MACHINE,capacity-shadow,87,ARITH_A,ARITHMETIC,0,,1
0,D_STRONG_SELECTED,STATE_MACHINE,geometry-shadow,87,ARITH_A,ARITHMETIC,0,1.092279076576233,1
0,D_STRONG_SELECTED,STATE_MACHINE,incumbent,88,STORY,STORY,1,0.3240752220153808,1
0,D_STRONG_SELECTED,STATE_MACHINE,capacity-shadow,88,STORY,STORY,2,,1
0,D_STRONG_SELECTED,STATE_MACHINE,geometry-shadow,88,STORY,STORY,1,0.3096876144409179,1
0,D_STRONG_SELECTED,STATE_MACHINE,incumbent,89,STORY,STORY,0,0.3255832195281982,1
0,D_STRONG_SELECTED,STATE_MACHINE,capacity-shadow,89,STORY,STORY,0,,1
0,D_STRONG_SELECTED,STATE_MACHINE,geometry-shadow,89,STORY,STORY,0,0.3893064260482788,1
0,D_STRONG_SELECTED,STATE_MACHINE,incumbent,90,STATE_MACHINE,SELECTED,0,1.0499885082244873,1
0,D_STRONG_SELECTED,STATE_MACHINE,capacity-shadow,90,STATE_MACHINE,SELECTED,0,,1
0,D_STRONG_SELECTED,STATE_MACHINE,geometry-shadow,90,STATE_MACHINE,SELECTED,0,1.0793167352676392,1
0,D_STRONG_SELECTED,STATE_MACHINE,incumbent,91,STATE_MACHINE,SELECTED,0,1.047042727470398,1
0,D_STRONG_SELECTED,STATE_MACHINE,capacity-shadow,91,STATE_MACHINE,SELECTED,0,,1
0,D_STRONG_SELECTED,STATE_MACHINE,geometry-shadow,91,STATE_MACHINE,SELECTED,0,1.0755717754364014,1
0,D_STRONG_SELECTED,STATE_MACHINE,incumbent,92,STATE_MACHINE,SELECTED,0,1.0524208545684814,1
0,D_STRONG_SELECTED,STATE_MACHINE,capacity-shadow,92,STATE_MACHINE,SELECTED,0,,1
0,D_STRONG_SELECTED,STATE_MACHINE,geometry-shadow,92,STATE_MACHINE,SELECTED,0,1.0819246768951416,1
0,D_STRONG_SELECTED,STATE_MACHINE,incumbent,93,ARITH_A,ARITHMETIC,0,1.067569136619568,1
0,D_STRONG_SELECTED,STATE_MACHINE,capacity-shadow,93,ARITH_A,ARITHMETIC,0,,1
0,D_STRONG_SELECTED,STATE_MACHINE,geometry-shadow,93,ARITH_A,ARITHMETIC,0,1.098651885986328,1
0,D_STRONG_SELECTED,STATE_MACHINE,incumbent,94,ARITH_A,ARITHMETIC,0,1.0736898183822632,1
0,D_STRONG_SELECTED,STATE_MACHINE,capacity-shadow,94,ARITH_A,ARITHMETIC,0,,1
0,D_STRONG_SELECTED,STATE_MACHINE,geometry-shadow,94,ARITH_A,ARITHMETIC,0,1.106274127960205,1
0,D_STRONG_SELECTED,STATE_MACHINE,incumbent,95,ARITH_A,ARITHMETIC,0,1.046558499336243,1
0,D_STRONG_SELECTED,STATE_MACHINE,capacity-shadow,95,ARITH_A,ARITHMETIC,0,,1
0,D_STRONG_SELECTED,STATE_MACHINE,geometry-shadow,95,ARITH_A,ARITHMETIC,0,1.0764644145965576,1
0,D_STRONG_SELECTED,STATE_MACHINE,incumbent,96,ARITH_A,ARITHMETIC,0,1.0503230094909668,1
0,D_STRONG_SELECTED,STATE_MACHINE,capacity-shadow,96,ARITH_A,ARITHMETIC,0,,1
0,D_STRONG_SELECTED,STATE_MACHINE,geometry-shadow,96,ARITH_A,ARITHMETIC,0,1.0798908472061155,1
0,D_STRONG_SELECTED,STATE_MACHINE,incumbent,97,ARITH_A,ARITHMETIC,0,1.0657315254211426,1
0,D_STRONG_SELECTED,STATE_MACHINE,capacity-shadow,97,ARITH_A,ARITHMETIC,0,,1
0,D_STRONG_SELECTED,STATE_MACHINE,geometry-shadow,97,ARITH_A,ARITHMETIC,0,1.095858097076416,1
0,D_STRONG_SELECTED,STATE_MACHINE,incumbent,98,ARITH_A,ARITHMETIC,0,1.0681297779083252,1
0,D_STRONG_SELECTED,STATE_MACHINE,capacity-shadow,98,ARITH_A,ARITHMETIC,0,,1
0,D_STRONG_SELECTED,STATE_MACHINE,geometry-shadow,98,ARITH_A,ARITHMETIC,0,1.0980921983718872,1
0,D_STRONG_SELECTED,STATE_MACHINE,incumbent,99,STORY,STORY,0,0.0174888372421264,1
0,D_STRONG_SELECTED,STATE_MACHINE,capacity-shadow,99,STORY,STORY,0,,1
0,D_STRONG_SELECTED,STATE_MACHINE,geometry-shadow,99,STORY,STORY,0,0.0643138885498046,1
0,D_STRONG_SELECTED,STATE_MACHINE,incumbent,100,STATE_MACHINE,SELECTED,0,1.0431561470031738,1
0,D_STRONG_SELECTED,STATE_MACHINE,capacity-shadow,100,STATE_MACHINE,SELECTED,0,,1
0,D_STRONG_SELECTED,STATE_MACHINE,geometry-shadow,100,STATE_MACHINE,SELECTED,0,1.0717401504516602,1
0,D_STRONG_SELECTED,STATE_MACHINE,incumbent,101,STATE_MACHINE,SELECTED,0,1.0479034185409546,1
0,D_STRONG_SELECTED,STATE_MACHINE,capacity-shadow,101,STATE_MACHINE,SELECTED,0,,1
0,D_STRONG_SELECTED,STATE_MACHINE,geometry-shadow,101,STATE_MACHINE,SELECTED,0,1.0764613151550293,1
0,D_STRONG_SELECTED,STATE_MACHINE,incumbent,102,STATE_MACHINE,SELECTED,0,1.051520824432373,1
0,D_STRONG_SELECTED,STATE_MACHINE,capacity-shadow,102,STATE_MACHINE,SELECTED,0,,1
0,D_STRONG_SELECTED,STATE_MACHINE,geometry-shadow,102,STATE_MACHINE,SELECTED,0,1.0811504125595093,1
0,D_STRONG_SELECTED,STATE_MACHINE,incumbent,103,STORY,STORY,1,0.0036545991897583,1
0,D_STRONG_SELECTED,STATE_MACHINE,capacity-shadow,103,STORY,STORY,1,,1
0,D_STRONG_SELECTED,STATE_MACHINE,geometry-shadow,103,STORY,STORY,0,0.0233705043792724,1
0,D_STRONG_SELECTED,STATE_MACHINE,incumbent,104,STATE_MACHINE,SELECTED,0,1.052282214164734,1
0,D_STRONG_SELECTED,STATE_MACHINE,capacity-shadow,104,STATE_MACHINE,SELECTED,0,,1
0,D_STRONG_SELECTED,STATE_MACHINE,geometry-shadow,104,STATE_MACHINE,SELECTED,0,1.081881761550903,1
0,D_STRONG_SELECTED,STATE_MACHINE,incumbent,105,ARITH_A,ARITHMETIC,0,1.0525916814804075,1
0,D_STRONG_SELECTED,STATE_MACHINE,capacity-shadow,105,ARITH_A,ARITHMETIC,0,,1
0,D_STRONG_SELECTED,STATE_MACHINE,geometry-shadow,105,ARITH_A,ARITHMETIC,0,1.0819836854934692,1
0,D_STRONG_SELECTED,STATE_MACHINE,incumbent,106,ARITH_A,ARITHMETIC,0,1.0673125982284546,1
0,D_STRONG_SELECTED,STATE_MACHINE,capacity-shadow,106,ARITH_A,ARITHMETIC,0,,1
0,D_STRONG_SELECTED,STATE_MACHINE,geometry-shadow,106,ARITH_A,ARITHMETIC,0,1.097855567932129,1
0,D_STRONG_SELECTED,STATE_MACHINE,incumbent,107,STATE_MACHINE,SELECTED,0,1.049523115158081,1
0,D_STRONG_SELECTED,STATE_MACHINE,capacity-shadow,107,STATE_MACHINE,SELECTED,0,,1
0,D_STRONG_SELECTED,STATE_MACHINE,geometry-shadow,107,STATE_MACHINE,SELECTED,0,1.0784595012664795,1
0,D_STRONG_SELECTED,STATE_MACHINE,incumbent,108,ARITH_A,ARITHMETIC,0,1.0675301551818848,1
0,D_STRONG_SELECTED,STATE_MACHINE,capacity-shadow,108,ARITH_A,ARITHMETIC,0,,1
0,D_STRONG_SELECTED,STATE_MACHINE,geometry-shadow,108,ARITH_A,ARITHMETIC,0,1.0988469123840332,1
0,D_STRONG_SELECTED,STATE_MACHINE,incumbent,109,ARITH_A,ARITHMETIC,0,1.0701829195022583,1
0,D_STRONG_SELECTED,STATE_MACHINE,capacity-shadow,109,ARITH_A,ARITHMETIC,0,,1
0,D_STRONG_SELECTED,STATE_MACHINE,geometry-shadow,109,ARITH_A,ARITHMETIC,0,1.102122187614441,1
0,D_STRONG_SELECTED,STATE_MACHINE,incumbent,110,STATE_MACHINE,SELECTED,0,1.0526394844055176,1
0,D_STRONG_SELECTED,STATE_MACHINE,capacity-shadow,110,STATE_MACHINE,SELECTED,0,,1
0,D_STRONG_SELECTED,STATE_MACHINE,geometry-shadow,110,STATE_MACHINE,SELECTED,0,1.0816525220870972,1
0,D_STRONG_SELECTED,STATE_MACHINE,incumbent,111,ARITH_A,ARITHMETIC,0,1.0643959045410156,1
0,D_STRONG_SELECTED,STATE_MACHINE,capacity-shadow,111,ARITH_A,ARITHMETIC,0,,1
0,D_STRONG_SELECTED,STATE_MACHINE,geometry-shadow,111,ARITH_A,ARITHMETIC,0,1.0958654880523682,1
0,D_STRONG_SELECTED,STATE_MACHINE,incumbent,112,STATE_MACHINE,SELECTED,0,1.0439194440841677,1
0,D_STRONG_SELECTED,STATE_MACHINE,capacity-shadow,112,STATE_MACHINE,SELECTED,0,,1
0,D_STRONG_SELECTED,STATE_MACHINE,geometry-shadow,112,STATE_MACHINE,SELECTED,0,1.071977138519287,1
0,D_STRONG_SELECTED,STATE_MACHINE,incumbent,113,ARITH_A,ARITHMETIC,0,1.0538004636764526,1
0,D_STRONG_SELECTED,STATE_MACHINE,capacity-shadow,113,ARITH_A,ARITHMETIC,0,,1
0,D_STRONG_SELECTED,STATE_MACHINE,geometry-shadow,113,ARITH_A,ARITHMETIC,0,1.0836396217346191,1
0,D_STRONG_SELECTED,STATE_MACHINE,incumbent,114,STATE_MACHINE,SELECTED,0,1.0498050451278689,1
0,D_STRONG_SELECTED,STATE_MACHINE,capacity-shadow,114,STATE_MACHINE,SELECTED,0,,1
0,D_STRONG_SELECTED,STATE_MACHINE,geometry-shadow,114,STATE_MACHINE,SELECTED,0,1.0783392190933228,1
0,D_STRONG_SELECTED,STATE_MACHINE,incumbent,115,STORY,STORY,1,0.0889908075332641,1
0,D_STRONG_SELECTED,STATE_MACHINE,capacity-shadow,115,STORY,STORY,2,,1
0,D_STRONG_SELECTED,STATE_MACHINE,geometry-shadow,115,STORY,STORY,1,0.0411276817321777,1
0,D_STRONG_SELECTED,STATE_MACHINE,incumbent,116,STATE_MACHINE,SELECTED,0,1.0512022972106934,1
0,D_STRONG_SELECTED,STATE_MACHINE,capacity-shadow,116,STATE_MACHINE,SELECTED,0,,1
0,D_STRONG_SELECTED,STATE_MACHINE,geometry-shadow,116,STATE_MACHINE,SELECTED,0,1.0801323652267456,1
0,D_STRONG_SELECTED,STATE_MACHINE,incumbent,117,ARITH_A,ARITHMETIC,0,1.0727314949035645,1
0,D_STRONG_SELECTED,STATE_MACHINE,capacity-shadow,117,ARITH_A,ARITHMETIC,0,,1
0,D_STRONG_SELECTED,STATE_MACHINE,geometry-shadow,117,ARITH_A,ARITHMETIC,0,1.104783535003662,1
0,D_STRONG_SELECTED,STATE_MACHINE,incumbent,118,STORY,STORY,1,0.2273066043853759,1
0,D_STRONG_SELECTED,STATE_MACHINE,capacity-shadow,118,STORY,STORY,1,,1
0,D_STRONG_SELECTED,STATE_MACHINE,geometry-shadow,118,STORY,STORY,1,0.2084236741065979,1
0,D_STRONG_SELECTED,STATE_MACHINE,incumbent,119,STATE_MACHINE,SELECTED,0,1.0471360683441162,1
0,D_STRONG_SELECTED,STATE_MACHINE,capacity-shadow,119,STATE_MACHINE,SELECTED,0,,1
0,D_STRONG_SELECTED,STATE_MACHINE,geometry-shadow,119,STATE_MACHINE,SELECTED,0,1.0749238729476929,1
0,D_STRONG_SELECTED,STATE_MACHINE,incumbent,120,STATE_MACHINE,SELECTED,0,1.0430115461349487,1
0,D_STRONG_SELECTED,STATE_MACHINE,capacity-shadow,120,STATE_MACHINE,SELECTED,0,,1
0,D_STRONG_SELECTED,STATE_MACHINE,geometry-shadow,120,STATE_MACHINE,SELECTED,0,1.0691949129104614,1
0,D_STRONG_SELECTED,STATE_MACHINE,incumbent,121,STATE_MACHINE,SELECTED,0,1.0460317134857178,1
0,D_STRONG_SELECTED,STATE_MACHINE,capacity-shadow,121,STATE_MACHINE,SELECTED,0,,1
0,D_STRONG_SELECTED,STATE_MACHINE,geometry-shadow,121,STATE_MACHINE,SELECTED,0,1.0734187364578247,1
0,D_STRONG_SELECTED,STATE_MACHINE,incumbent,122,ARITH_A,ARITHMETIC,0,1.062066674232483,1
0,D_STRONG_SELECTED,STATE_MACHINE,capacity-shadow,122,ARITH_A,ARITHMETIC,0,,1
0,D_STRONG_SELECTED,STATE_MACHINE,geometry-shadow,122,ARITH_A,ARITHMETIC,0,1.0942877531051636,1
0,D_STRONG_SELECTED,STATE_MACHINE,incumbent,123,STORY,STORY,1,0.0514118671417236,1
0,D_STRONG_SELECTED,STATE_MACHINE,capacity-shadow,123,STORY,STORY,2,,1
0,D_STRONG_SELECTED,STATE_MACHINE,geometry-shadow,123,STORY,STORY,0,0.0270562171936035,1
0,D_STRONG_SELECTED,STATE_MACHINE,incumbent,124,ARITH_A,ARITHMETIC,0,1.0410408973693848,1
0,D_STRONG_SELECTED,STATE_MACHINE,capacity-shadow,124,ARITH_A,ARITHMETIC,0,,1
0,D_STRONG_SELECTED,STATE_MACHINE,geometry-shadow,124,ARITH_A,ARITHMETIC,0,1.0713142156600952,1
0,D_STRONG_SELECTED,STATE_MACHINE,incumbent,125,STORY,STORY,0,0.0408313870429992,1
0,D_STRONG_SELECTED,STATE_MACHINE,capacity-shadow,125,STORY,STORY,0,,1
0,D_STRONG_SELECTED,STATE_MACHINE,geometry-shadow,125,STORY,STORY,0,0.0313250422477722,1
0,D_STRONG_SELECTED,STATE_MACHINE,incumbent,126,ARITH_A,ARITHMETIC,0,1.058754563331604,1
0,D_STRONG_SELECTED,STATE_MACHINE,capacity-shadow,126,ARITH_A,ARITHMETIC,0,,1
0,D_STRONG_SELECTED,STATE_MACHINE,geometry-shadow,126,ARITH_A,ARITHMETIC,0,1.090400457382202,1
0,D_STRONG_SELECTED,STATE_MACHINE,incumbent,127,ARITH_A,ARITHMETIC,0,1.0712625980377195,1
0,D_STRONG_SELECTED,STATE_MACHINE,capacity-shadow,127,ARITH_A,ARITHMETIC,0,,1
0,D_STRONG_SELECTED,STATE_MACHINE,geometry-shadow,127,ARITH_A,ARITHMETIC,0,1.1028796434402466,1
0,D_STRONG_SELECTED,STATE_MACHINE,incumbent,128,ARITH_A,ARITHMETIC,0,1.082313895225525,1
0,D_STRONG_SELECTED,STATE_MACHINE,capacity-shadow,128,ARITH_A,ARITHMETIC,0,,1
0,D_STRONG_SELECTED,STATE_MACHINE,geometry-shadow,128,ARITH_A,ARITHMETIC,0,1.1157838106155396,1
0,D_STRONG_SELECTED,STATE_MACHINE,incumbent,129,STATE_MACHINE,SELECTED,0,1.0512090921401978,1
0,D_STRONG_SELECTED,STATE_MACHINE,capacity-shadow,129,STATE_MACHINE,SELECTED,0,,1
0,D_STRONG_SELECTED,STATE_MACHINE,geometry-shadow,129,STATE_MACHINE,SELECTED,0,1.080437421798706,1
0,D_STRONG_SELECTED,STATE_MACHINE,incumbent,130,STORY,STORY,1,0.6906014680862427,1
0,D_STRONG_SELECTED,STATE_MACHINE,capacity-shadow,130,STORY,STORY,1,,1
0,D_STRONG_SELECTED,STATE_MACHINE,geometry-shadow,130,STORY,STORY,1,0.6134521961212158,1
0,D_STRONG_SELECTED,STATE_MACHINE,incumbent,131,STATE_MACHINE,SELECTED,0,1.0443940162658691,1
0,D_STRONG_SELECTED,STATE_MACHINE,capacity-shadow,131,STATE_MACHINE,SELECTED,0,,1
0,D_STRONG_SELECTED,STATE_MACHINE,geometry-shadow,131,STATE_MACHINE,SELECTED,0,1.0718544721603394,1
0,D_STRONG_SELECTED,STATE_MACHINE,incumbent,132,STORY,STORY,0,0.0333232879638671,1
0,D_STRONG_SELECTED,STATE_MACHINE,capacity-shadow,132,STORY,STORY,0,,1
0,D_STRONG_SELECTED,STATE_MACHINE,geometry-shadow,132,STORY,STORY,0,0.0662916898727417,1
0,D_STRONG_SELECTED,STATE_MACHINE,incumbent,133,ARITH_A,ARITHMETIC,0,1.0671465396881104,1
0,D_STRONG_SELECTED,STATE_MACHINE,capacity-shadow,133,ARITH_A,ARITHMETIC,0,,1
0,D_STRONG_SELECTED,STATE_MACHINE,geometry-shadow,133,ARITH_A,ARITHMETIC,0,1.0987260341644287,1
0,D_STRONG_SELECTED,STATE_MACHINE,incumbent,134,ARITH_A,ARITHMETIC,0,1.0708166360855105,1
0,D_STRONG_SELECTED,STATE_MACHINE,capacity-shadow,134,ARITH_A,ARITHMETIC,0,,1
0,D_STRONG_SELECTED,STATE_MACHINE,geometry-shadow,134,ARITH_A,ARITHMETIC,0,1.1027092933654783,1
0,D_STRONG_SELECTED,STATE_MACHINE,incumbent,135,ARITH_A,ARITHMETIC,0,1.0597485303878784,1
0,D_STRONG_SELECTED,STATE_MACHINE,capacity-shadow,135,ARITH_A,ARITHMETIC,0,,1
0,D_STRONG_SELECTED,STATE_MACHINE,geometry-shadow,135,ARITH_A,ARITHMETIC,0,1.0907577276229858,1
0,D_STRONG_SELECTED,STATE_MACHINE,incumbent,136,STATE_MACHINE,SELECTED,0,1.0499969720840454,1
0,D_STRONG_SELECTED,STATE_MACHINE,capacity-shadow,136,STATE_MACHINE,SELECTED,0,,1
0,D_STRONG_SELECTED,STATE_MACHINE,geometry-shadow,136,STATE_MACHINE,SELECTED,0,1.0790873765945437,1
0,D_STRONG_SELECTED,STATE_MACHINE,incumbent,137,ARITH_A,ARITHMETIC,0,1.048224925994873,1
0,D_STRONG_SELECTED,STATE_MACHINE,capacity-shadow,137,ARITH_A,ARITHMETIC,0,,1
0,D_STRONG_SELECTED,STATE_MACHINE,geometry-shadow,137,ARITH_A,ARITHMETIC,0,1.0789989233016968,1
0,D_STRONG_SELECTED,STATE_MACHINE,incumbent,138,STATE_MACHINE,SELECTED,0,1.0511270761489868,1
0,D_STRONG_SELECTED,STATE_MACHINE,capacity-shadow,138,STATE_MACHINE,SELECTED,0,,1
0,D_STRONG_SELECTED,STATE_MACHINE,geometry-shadow,138,STATE_MACHINE,SELECTED,0,1.0808756351470947,1
0,D_STRONG_SELECTED,STATE_MACHINE,incumbent,139,STORY,STORY,0,0.2524661421775818,1
0,D_STRONG_SELECTED,STATE_MACHINE,capacity-shadow,139,STORY,STORY,0,,1
0,D_STRONG_SELECTED,STATE_MACHINE,geometry-shadow,139,STORY,STORY,0,0.2543092370033264,1
0,D_STRONG_SELECTED,STATE_MACHINE,incumbent,140,STORY,STORY,1,0.3875792026519775,1
0,D_STRONG_SELECTED,STATE_MACHINE,capacity-shadow,140,STORY,STORY,2,,1
0,D_STRONG_SELECTED,STATE_MACHINE,geometry-shadow,140,STORY,STORY,1,0.3681998252868652,1
0,D_STRONG_SELECTED,STATE_MACHINE,incumbent,141,ARITH_A,ARITHMETIC,0,1.049166560173035,1
0,D_STRONG_SELECTED,STATE_MACHINE,capacity-shadow,141,ARITH_A,ARITHMETIC,0,,1
0,D_STRONG_SELECTED,STATE_MACHINE,geometry-shadow,141,ARITH_A,ARITHMETIC,0,1.0787718296051023,1
0,D_STRONG_SELECTED,STATE_MACHINE,incumbent,142,STORY,STORY,1,0.5388199090957642,1
0,D_STRONG_SELECTED,STATE_MACHINE,capacity-shadow,142,STORY,STORY,1,,1
0,D_STRONG_SELECTED,STATE_MACHINE,geometry-shadow,142,STORY,STORY,1,0.5052869319915771,1
0,D_STRONG_SELECTED,STATE_MACHINE,incumbent,143,ARITH_A,ARITHMETIC,0,1.0647284984588623,1
0,D_STRONG_SELECTED,STATE_MACHINE,capacity-shadow,143,ARITH_A,ARITHMETIC,0,,1
0,D_STRONG_SELECTED,STATE_MACHINE,geometry-shadow,143,ARITH_A,ARITHMETIC,0,1.0956610441207886,1
0,D_STRONG_SELECTED,STATE_MACHINE,incumbent,144,STORY,STORY,1,0.4782385230064392,1
0,D_STRONG_SELECTED,STATE_MACHINE,capacity-shadow,144,STORY,STORY,2,,1
0,D_STRONG_SELECTED,STATE_MACHINE,geometry-shadow,144,STORY,STORY,1,0.4635127782821655,1
0,D_STRONG_SELECTED,STATE_MACHINE,incumbent,145,STORY,STORY,1,0.9006819725036621,1
0,D_STRONG_SELECTED,STATE_MACHINE,capacity-shadow,145,STORY,STORY,1,,1
0,D_STRONG_SELECTED,STATE_MACHINE,geometry-shadow,145,STORY,STORY,1,0.3360949754714966,1
0,D_STRONG_SELECTED,STATE_MACHINE,incumbent,146,ARITH_A,ARITHMETIC,0,1.0575404167175293,1
0,D_STRONG_SELECTED,STATE_MACHINE,capacity-shadow,146,ARITH_A,ARITHMETIC,0,,1
0,D_STRONG_SELECTED,STATE_MACHINE,geometry-shadow,146,ARITH_A,ARITHMETIC,0,1.08787739276886,1
0,D_STRONG_SELECTED,STATE_MACHINE,incumbent,147,STORY,STORY,0,0.6368398070335388,1
0,D_STRONG_SELECTED,STATE_MACHINE,capacity-shadow,147,STORY,STORY,0,,1
0,D_STRONG_SELECTED,STATE_MACHINE,geometry-shadow,147,STORY,STORY,0,0.7054831385612488,1
0,D_STRONG_SELECTED,STATE_MACHINE,incumbent,148,STORY,STORY,0,0.0161709189414978,1
0,D_STRONG_SELECTED,STATE_MACHINE,capacity-shadow,148,STORY,STORY,0,,1
0,D_STRONG_SELECTED,STATE_MACHINE,geometry-shadow,148,STORY,STORY,0,0.0280117392539978,1
0,D_STRONG_SELECTED,STATE_MACHINE,incumbent,149,STORY,STORY,1,0.4688278436660766,1
0,D_STRONG_SELECTED,STATE_MACHINE,capacity-shadow,149,STORY,STORY,2,,1
0,D_STRONG_SELECTED,STATE_MACHINE,geometry-shadow,149,STORY,STORY,1,0.4218010902404785,1
0,D_STRONG_SELECTED,STATE_MACHINE,incumbent,150,ARITH_A,ARITHMETIC,0,1.0622771978378296,1
0,D_STRONG_SELECTED,STATE_MACHINE,capacity-shadow,150,ARITH_A,ARITHMETIC,0,,1
0,D_STRONG_SELECTED,STATE_MACHINE,geometry-shadow,150,ARITH_A,ARITHMETIC,0,1.0921319723129272,1
0,D_STRONG_SELECTED,STATE_MACHINE,incumbent,151,STORY,STORY,0,0.3905726671218872,1
0,D_STRONG_SELECTED,STATE_MACHINE,capacity-shadow,151,STORY,STORY,0,,1
0,D_STRONG_SELECTED,STATE_MACHINE,geometry-shadow,151,STORY,STORY,0,0.424954891204834,1
0,D_STRONG_SELECTED,STATE_MACHINE,incumbent,152,STORY,STORY,1,0.1695148348808288,1
0,D_STRONG_SELECTED,STATE_MACHINE,capacity-shadow,152,STORY,STORY,1,,1
0,D_STRONG_SELECTED,STATE_MACHINE,geometry-shadow,152,STORY,STORY,1,0.1605415344238281,1
0,D_STRONG_SELECTED,STATE_MACHINE,incumbent,153,STATE_MACHINE,SELECTED,0,1.0479822158813477,1
0,D_STRONG_SELECTED,STATE_MACHINE,capacity-shadow,153,STATE_MACHINE,SELECTED,0,,1
0,D_STRONG_SELECTED,STATE_MACHINE,geometry-shadow,153,STATE_MACHINE,SELECTED,0,1.0768476724624634,1
0,D_STRONG_SELECTED,STATE_MACHINE,incumbent,154,ARITH_A,ARITHMETIC,0,1.0460022687911987,1
0,D_STRONG_SELECTED,STATE_MACHINE,capacity-shadow,154,ARITH_A,ARITHMETIC,0,,1
0,D_STRONG_SELECTED,STATE_MACHINE,geometry-shadow,154,ARITH_A,ARITHMETIC,0,1.0750963687896729,1
0,D_STRONG_SELECTED,STATE_MACHINE,incumbent,155,STATE_MACHINE,SELECTED,0,1.0517539978027344,1
0,D_STRONG_SELECTED,STATE_MACHINE,capacity-shadow,155,STATE_MACHINE,SELECTED,0,,1
0,D_STRONG_SELECTED,STATE_MACHINE,geometry-shadow,155,STATE_MACHINE,SELECTED,0,1.0808818340301514,1
0,D_STRONG_SELECTED,STATE_MACHINE,incumbent,156,STORY,STORY,1,1.0457415580749512,1
0,D_STRONG_SELECTED,STATE_MACHINE,capacity-shadow,156,STORY,STORY,2,,1
0,D_STRONG_SELECTED,STATE_MACHINE,geometry-shadow,156,STORY,STORY,1,0.9970855712890624,1
0,D_STRONG_SELECTED,STATE_MACHINE,incumbent,157,STATE_MACHINE,SELECTED,0,1.046791672706604,1
0,D_STRONG_SELECTED,STATE_MACHINE,capacity-shadow,157,STATE_MACHINE,SELECTED,0,,1
0,D_STRONG_SELECTED,STATE_MACHINE,geometry-shadow,157,STATE_MACHINE,SELECTED,0,1.0759100914001465,1
0,D_STRONG_SELECTED,STATE_MACHINE,incumbent,158,STATE_MACHINE,SELECTED,0,1.0490663051605225,1
0,D_STRONG_SELECTED,STATE_MACHINE,capacity-shadow,158,STATE_MACHINE,SELECTED,0,,1
0,D_STRONG_SELECTED,STATE_MACHINE,geometry-shadow,158,STATE_MACHINE,SELECTED,0,1.0778138637542725,1
0,D_STRONG_SELECTED,STATE_MACHINE,incumbent,159,STORY,STORY,1,0.1475369930267334,1
0,D_STRONG_SELECTED,STATE_MACHINE,capacity-shadow,159,STORY,STORY,1,,1
0,D_STRONG_SELECTED,STATE_MACHINE,geometry-shadow,159,STORY,STORY,1,0.0870965123176574,1
0,D_STRONG_SELECTED,STATE_MACHINE,incumbent,160,ARITH_A,ARITHMETIC,0,1.0572383403778076,1
0,D_STRONG_SELECTED,STATE_MACHINE,capacity-shadow,160,ARITH_A,ARITHMETIC,0,,1
0,D_STRONG_SELECTED,STATE_MACHINE,geometry-shadow,160,ARITH_A,ARITHMETIC,0,1.0870122909545898,1
0,D_STRONG_SELECTED,STATE_MACHINE,incumbent,161,STORY,STORY,0,0.2475828528404235,1
0,D_STRONG_SELECTED,STATE_MACHINE,capacity-shadow,161,STORY,STORY,0,,1
0,D_STRONG_SELECTED,STATE_MACHINE,geometry-shadow,161,STORY,STORY,0,0.2895018458366394,1
0,D_STRONG_SELECTED,STATE_MACHINE,incumbent,162,STORY,STORY,1,1.3921988010406494,1
0,D_STRONG_SELECTED,STATE_MACHINE,capacity-shadow,162,STORY,STORY,2,,1
0,D_STRONG_SELECTED,STATE_MACHINE,geometry-shadow,162,STORY,STORY,1,1.1116557121276855,1
0,D_STRONG_SELECTED,STATE_MACHINE,incumbent,163,STATE_MACHINE,SELECTED,0,1.0468456745147705,1
0,D_STRONG_SELECTED,STATE_MACHINE,capacity-shadow,163,STATE_MACHINE,SELECTED,0,,1
0,D_STRONG_SELECTED,STATE_MACHINE,geometry-shadow,163,STATE_MACHINE,SELECTED,0,1.075004816055298,1
0,D_STRONG_SELECTED,STATE_MACHINE,incumbent,164,ARITH_A,ARITHMETIC,0,1.0655651092529297,1
0,D_STRONG_SELECTED,STATE_MACHINE,capacity-shadow,164,ARITH_A,ARITHMETIC,0,,1
0,D_STRONG_SELECTED,STATE_MACHINE,geometry-shadow,164,ARITH_A,ARITHMETIC,0,1.0966548919677734,1
0,D_STRONG_SELECTED,STATE_MACHINE,incumbent,165,STATE_MACHINE,SELECTED,0,1.043287754058838,1
0,D_STRONG_SELECTED,STATE_MACHINE,capacity-shadow,165,STATE_MACHINE,SELECTED,0,,1
0,D_STRONG_SELECTED,STATE_MACHINE,geometry-shadow,165,STATE_MACHINE,SELECTED,0,1.069810152053833,1
0,D_STRONG_SELECTED,STATE_MACHINE,incumbent,166,STORY,STORY,0,0.2676834464073181,1
0,D_STRONG_SELECTED,STATE_MACHINE,capacity-shadow,166,STORY,STORY,0,,1
0,D_STRONG_SELECTED,STATE_MACHINE,geometry-shadow,166,STORY,STORY,0,0.2909476161003113,1
0,D_STRONG_SELECTED,STATE_MACHINE,incumbent,167,STORY,STORY,1,0.4215419292449951,1
0,D_STRONG_SELECTED,STATE_MACHINE,capacity-shadow,167,STORY,STORY,1,,1
0,D_STRONG_SELECTED,STATE_MACHINE,geometry-shadow,167,STORY,STORY,1,0.3770068883895874,1
0,D_STRONG_SELECTED,STATE_MACHINE,incumbent,168,STATE_MACHINE,SELECTED,0,1.0485578775405884,1
0,D_STRONG_SELECTED,STATE_MACHINE,capacity-shadow,168,STATE_MACHINE,SELECTED,0,,1
0,D_STRONG_SELECTED,STATE_MACHINE,geometry-shadow,168,STATE_MACHINE,SELECTED,0,1.07674241065979,1
0,D_STRONG_SELECTED,STATE_MACHINE,incumbent,169,STORY,STORY,0,0.2251589298248291,1
0,D_STRONG_SELECTED,STATE_MACHINE,capacity-shadow,169,STORY,STORY,0,,1
0,D_STRONG_SELECTED,STATE_MACHINE,geometry-shadow,169,STORY,STORY,0,0.2941724061965942,1
0,D_STRONG_SELECTED,STATE_MACHINE,incumbent,170,ARITH_A,ARITHMETIC,0,1.043717861175537,1
0,D_STRONG_SELECTED,STATE_MACHINE,capacity-shadow,170,ARITH_A,ARITHMETIC,0,,1
0,D_STRONG_SELECTED,STATE_MACHINE,geometry-shadow,170,ARITH_A,ARITHMETIC,0,1.0733749866485596,1
0,D_STRONG_SELECTED,STATE_MACHINE,incumbent,171,STORY,STORY,0,0.4925722479820251,1
0,D_STRONG_SELECTED,STATE_MACHINE,capacity-shadow,171,STORY,STORY,0,,1
0,D_STRONG_SELECTED,STATE_MACHINE,geometry-shadow,171,STORY,STORY,0,0.5381342768669128,1
0,D_STRONG_SELECTED,STATE_MACHINE,incumbent,172,ARITH_A,ARITHMETIC,0,1.0404614210128784,1
0,D_STRONG_SELECTED,STATE_MACHINE,capacity-shadow,172,ARITH_A,ARITHMETIC,0,,1
0,D_STRONG_SELECTED,STATE_MACHINE,geometry-shadow,172,ARITH_A,ARITHMETIC,0,1.0692851543426514,1
0,D_STRONG_SELECTED,STATE_MACHINE,incumbent,173,STATE_MACHINE,SELECTED,0,1.054040789604187,1
0,D_STRONG_SELECTED,STATE_MACHINE,capacity-shadow,173,STATE_MACHINE,SELECTED,0,,1
0,D_STRONG_SELECTED,STATE_MACHINE,geometry-shadow,173,STATE_MACHINE,SELECTED,0,1.0837701559066772,1
0,D_STRONG_SELECTED,STATE_MACHINE,incumbent,174,STATE_MACHINE,SELECTED,0,1.0473657846450806,1
0,D_STRONG_SELECTED,STATE_MACHINE,capacity-shadow,174,STATE_MACHINE,SELECTED,0,,1
0,D_STRONG_SELECTED,STATE_MACHINE,geometry-shadow,174,STATE_MACHINE,SELECTED,0,1.074428677558899,1
0,D_STRONG_SELECTED,STATE_MACHINE,incumbent,175,ARITH_A,ARITHMETIC,0,1.0564838647842407,1
0,D_STRONG_SELECTED,STATE_MACHINE,capacity-shadow,175,ARITH_A,ARITHMETIC,0,,1
0,D_STRONG_SELECTED,STATE_MACHINE,geometry-shadow,175,ARITH_A,ARITHMETIC,0,1.0871069431304932,1
0,D_STRONG_SELECTED,STATE_MACHINE,incumbent,176,STORY,STORY,1,1.0450541973114014,1
0,D_STRONG_SELECTED,STATE_MACHINE,capacity-shadow,176,STORY,STORY,2,,1
0,D_STRONG_SELECTED,STATE_MACHINE,geometry-shadow,176,STORY,STORY,1,0.9390671849250792,1
0,D_STRONG_SELECTED,STATE_MACHINE,incumbent,177,ARITH_A,ARITHMETIC,0,1.0652176141738892,1
0,D_STRONG_SELECTED,STATE_MACHINE,capacity-shadow,177,ARITH_A,ARITHMETIC,0,,1
0,D_STRONG_SELECTED,STATE_MACHINE,geometry-shadow,177,ARITH_A,ARITHMETIC,0,1.0958799123764038,1
0,D_STRONG_SELECTED,STATE_MACHINE,incumbent,178,STORY,STORY,1,0.6313751339912415,1
0,D_STRONG_SELECTED,STATE_MACHINE,capacity-shadow,178,STORY,STORY,1,,1
0,D_STRONG_SELECTED,STATE_MACHINE,geometry-shadow,178,STORY,STORY,1,0.655579149723053,1
0,D_STRONG_SELECTED,STATE_MACHINE,incumbent,179,STATE_MACHINE,SELECTED,0,1.0489606857299805,1
0,D_STRONG_SELECTED,STATE_MACHINE,capacity-shadow,179,STATE_MACHINE,SELECTED,0,,1
0,D_STRONG_SELECTED,STATE_MACHINE,geometry-shadow,179,STATE_MACHINE,SELECTED,0,1.0777852535247805,1
0,D_STRONG_SELECTED,STATE_MACHINE,incumbent,180,ARITH_A,ARITHMETIC,0,1.0625934600830078,1
0,D_STRONG_SELECTED,STATE_MACHINE,capacity-shadow,180,ARITH_A,ARITHMETIC,0,,1
0,D_STRONG_SELECTED,STATE_MACHINE,geometry-shadow,180,ARITH_A,ARITHMETIC,0,1.0926015377044678,1
0,D_STRONG_SELECTED,STATE_MACHINE,incumbent,181,STORY,STORY,1,0.2255395650863647,1
0,D_STRONG_SELECTED,STATE_MACHINE,capacity-shadow,181,STORY,STORY,2,,1
0,D_STRONG_SELECTED,STATE_MACHINE,geometry-shadow,181,STORY,STORY,1,0.1772248744964599,1
0,D_STRONG_SELECTED,STATE_MACHINE,incumbent,182,ARITH_A,ARITHMETIC,0,1.0707751512527466,1
0,D_STRONG_SELECTED,STATE_MACHINE,capacity-shadow,182,ARITH_A,ARITHMETIC,0,,1
0,D_STRONG_SELECTED,STATE_MACHINE,geometry-shadow,182,ARITH_A,ARITHMETIC,0,1.1026310920715332,1
0,D_STRONG_SELECTED,STATE_MACHINE,incumbent,183,STORY,STORY,1,0.4321260452270508,1
0,D_STRONG_SELECTED,STATE_MACHINE,capacity-shadow,183,STORY,STORY,1,,1
0,D_STRONG_SELECTED,STATE_MACHINE,geometry-shadow,183,STORY,STORY,1,0.4266400337219238,1
0,D_STRONG_SELECTED,STATE_MACHINE,incumbent,184,STORY,STORY,1,0.5078704357147217,1
0,D_STRONG_SELECTED,STATE_MACHINE,capacity-shadow,184,STORY,STORY,2,,1
0,D_STRONG_SELECTED,STATE_MACHINE,geometry-shadow,184,STORY,STORY,1,0.4872738122940063,1
0,D_STRONG_SELECTED,STATE_MACHINE,incumbent,185,ARITH_A,ARITHMETIC,0,1.0621217489242554,1
0,D_STRONG_SELECTED,STATE_MACHINE,capacity-shadow,185,ARITH_A,ARITHMETIC,0,,1
0,D_STRONG_SELECTED,STATE_MACHINE,geometry-shadow,185,ARITH_A,ARITHMETIC,0,1.0919208526611328,1
0,D_STRONG_SELECTED,STATE_MACHINE,incumbent,186,STORY,STORY,1,0.2715884447097778,1
0,D_STRONG_SELECTED,STATE_MACHINE,capacity-shadow,186,STORY,STORY,1,,1
0,D_STRONG_SELECTED,STATE_MACHINE,geometry-shadow,186,STORY,STORY,1,0.2351497411727905,1
0,D_STRONG_SELECTED,STATE_MACHINE,incumbent,187,STATE_MACHINE,SELECTED,0,1.0469459295272827,1
0,D_STRONG_SELECTED,STATE_MACHINE,capacity-shadow,187,STATE_MACHINE,SELECTED,0,,1
0,D_STRONG_SELECTED,STATE_MACHINE,geometry-shadow,187,STATE_MACHINE,SELECTED,0,1.074618220329285,1
0,D_STRONG_SELECTED,STATE_MACHINE,incumbent,188,ARITH_A,ARITHMETIC,0,1.081153392791748,1
0,D_STRONG_SELECTED,STATE_MACHINE,capacity-shadow,188,ARITH_A,ARITHMETIC,0,,1
0,D_STRONG_SELECTED,STATE_MACHINE,geometry-shadow,188,ARITH_A,ARITHMETIC,0,1.1133804321289062,1
0,D_STRONG_SELECTED,STATE_MACHINE,incumbent,189,STATE_MACHINE,SELECTED,0,1.0511010885238647,1
0,D_STRONG_SELECTED,STATE_MACHINE,capacity-shadow,189,STATE_MACHINE,SELECTED,0,,1
0,D_STRONG_SELECTED,STATE_MACHINE,geometry-shadow,189,STATE_MACHINE,SELECTED,0,1.079795479774475,1
0,D_STRONG_SELECTED,STATE_MACHINE,incumbent,190,ARITH_A,ARITHMETIC,0,1.074567198753357,1
0,D_STRONG_SELECTED,STATE_MACHINE,capacity-shadow,190,ARITH_A,ARITHMETIC,0,,1
0,D_STRONG_SELECTED,STATE_MACHINE,geometry-shadow,190,ARITH_A,ARITHMETIC,0,1.1073473691940308,1
0,D_STRONG_SELECTED,STATE_MACHINE,incumbent,191,STATE_MACHINE,SELECTED,0,1.0478285551071167,1
0,D_STRONG_SELECTED,STATE_MACHINE,capacity-shadow,191,STATE_MACHINE,SELECTED,0,,1
0,D_STRONG_SELECTED,STATE_MACHINE,geometry-shadow,191,STATE_MACHINE,SELECTED,0,1.0757533311843872,1
0,D_STRONG_SELECTED,STATE_MACHINE,incumbent,192,ARITH_A,ARITHMETIC,0,1.0620250701904297,1
0,D_STRONG_SELECTED,STATE_MACHINE,capacity-shadow,192,ARITH_A,ARITHMETIC,0,,1
0,D_STRONG_SELECTED,STATE_MACHINE,geometry-shadow,192,ARITH_A,ARITHMETIC,0,1.0924503803253174,1
0,D_STRONG_SELECTED,STATE_MACHINE,incumbent,193,ARITH_A,ARITHMETIC,0,1.0527563095092771,1
0,D_STRONG_SELECTED,STATE_MACHINE,capacity-shadow,193,ARITH_A,ARITHMETIC,0,,1
0,D_STRONG_SELECTED,STATE_MACHINE,geometry-shadow,193,ARITH_A,ARITHMETIC,0,1.0833942890167236,1
0,D_STRONG_SELECTED,STATE_MACHINE,incumbent,194,STATE_MACHINE,SELECTED,0,1.0511993169784546,1
0,D_STRONG_SELECTED,STATE_MACHINE,capacity-shadow,194,STATE_MACHINE,SELECTED,0,,1
0,D_STRONG_SELECTED,STATE_MACHINE,geometry-shadow,194,STATE_MACHINE,SELECTED,0,1.0797462463378906,1
0,D_STRONG_SELECTED,STATE_MACHINE,incumbent,195,ARITH_A,ARITHMETIC,0,1.0493768453598022,1
0,D_STRONG_SELECTED,STATE_MACHINE,capacity-shadow,195,ARITH_A,ARITHMETIC,0,,1
0,D_STRONG_SELECTED,STATE_MACHINE,geometry-shadow,195,ARITH_A,ARITHMETIC,0,1.078987717628479,1
0,D_STRONG_SELECTED,STATE_MACHINE,incumbent,196,STATE_MACHINE,SELECTED,0,1.05099618434906,1
0,D_STRONG_SELECTED,STATE_MACHINE,capacity-shadow,196,STATE_MACHINE,SELECTED,0,,1
0,D_STRONG_SELECTED,STATE_MACHINE,geometry-shadow,196,STATE_MACHINE,SELECTED,0,1.079628348350525,1
0,D_STRONG_SELECTED,STATE_MACHINE,incumbent,197,ARITH_A,ARITHMETIC,0,1.056629657745361,1
0,D_STRONG_SELECTED,STATE_MACHINE,capacity-shadow,197,ARITH_A,ARITHMETIC,0,,1
0,D_STRONG_SELECTED,STATE_MACHINE,geometry-shadow,197,ARITH_A,ARITHMETIC,0,1.0863574743270874,1
0,D_STRONG_SELECTED,STATE_MACHINE,incumbent,198,STORY,STORY,1,0.3823855519294739,1
0,D_STRONG_SELECTED,STATE_MACHINE,capacity-shadow,198,STORY,STORY,2,,1
0,D_STRONG_SELECTED,STATE_MACHINE,geometry-shadow,198,STORY,STORY,1,0.3876993060111999,1
0,D_STRONG_SELECTED,STATE_MACHINE,incumbent,199,STATE_MACHINE,SELECTED,0,1.0505043268203735,1
0,D_STRONG_SELECTED,STATE_MACHINE,capacity-shadow,199,STATE_MACHINE,SELECTED,0,,1
0,D_STRONG_SELECTED,STATE_MACHINE,geometry-shadow,199,STATE_MACHINE,SELECTED,0,1.0787694454193115,1
0,D_STRONG_SELECTED,STATE_MACHINE,incumbent,200,STATE_MACHINE,SELECTED,0,1.043878436088562,1
0,D_STRONG_SELECTED,STATE_MACHINE,capacity-shadow,200,STATE_MACHINE,SELECTED,0,,1
0,D_STRONG_SELECTED,STATE_MACHINE,geometry-shadow,200,STATE_MACHINE,SELECTED,0,1.0713355541229248,1
0,D_STRONG_SELECTED,STATE_MACHINE,incumbent,201,ARITH_A,ARITHMETIC,0,1.0474475622177124,1
0,D_STRONG_SELECTED,STATE_MACHINE,capacity-shadow,201,ARITH_A,ARITHMETIC,0,,1
0,D_STRONG_SELECTED,STATE_MACHINE,geometry-shadow,201,ARITH_A,ARITHMETIC,0,1.0775917768478394,1
0,D_STRONG_SELECTED,STATE_MACHINE,incumbent,202,STATE_MACHINE,SELECTED,0,1.0522208213806152,1
0,D_STRONG_SELECTED,STATE_MACHINE,capacity-shadow,202,STATE_MACHINE,SELECTED,0,,1
0,D_STRONG_SELECTED,STATE_MACHINE,geometry-shadow,202,STATE_MACHINE,SELECTED,0,1.0820589065551758,1
0,D_STRONG_SELECTED,STATE_MACHINE,incumbent,203,ARITH_A,ARITHMETIC,0,1.0397462844848633,1
0,D_STRONG_SELECTED,STATE_MACHINE,capacity-shadow,203,ARITH_A,ARITHMETIC,0,,1
0,D_STRONG_SELECTED,STATE_MACHINE,geometry-shadow,203,ARITH_A,ARITHMETIC,0,1.070178508758545,1
0,D_STRONG_SELECTED,STATE_MACHINE,incumbent,204,STATE_MACHINE,SELECTED,0,1.0494707822799685,1
0,D_STRONG_SELECTED,STATE_MACHINE,capacity-shadow,204,STATE_MACHINE,SELECTED,0,,1
0,D_STRONG_SELECTED,STATE_MACHINE,geometry-shadow,204,STATE_MACHINE,SELECTED,0,1.0778688192367554,1
0,D_STRONG_SELECTED,STATE_MACHINE,incumbent,205,ARITH_A,ARITHMETIC,0,1.0660400390625,1
0,D_STRONG_SELECTED,STATE_MACHINE,capacity-shadow,205,ARITH_A,ARITHMETIC,0,,1
0,D_STRONG_SELECTED,STATE_MACHINE,geometry-shadow,205,ARITH_A,ARITHMETIC,0,1.0963855981826782,1
0,D_STRONG_SELECTED,STATE_MACHINE,incumbent,206,STATE_MACHINE,SELECTED,0,1.0468369722366333,1
0,D_STRONG_SELECTED,STATE_MACHINE,capacity-shadow,206,STATE_MACHINE,SELECTED,0,,1
0,D_STRONG_SELECTED,STATE_MACHINE,geometry-shadow,206,STATE_MACHINE,SELECTED,0,1.075376033782959,1
0,D_STRONG_SELECTED,STATE_MACHINE,incumbent,207,STORY,STORY,1,1.3704208135604858,1
0,D_STRONG_SELECTED,STATE_MACHINE,capacity-shadow,207,STORY,STORY,1,,1
0,D_STRONG_SELECTED,STATE_MACHINE,geometry-shadow,207,STORY,STORY,1,1.3869447708129885,1
0,D_STRONG_SELECTED,STATE_MACHINE,incumbent,208,STORY,STORY,1,0.0133706331253051,1
0,D_STRONG_SELECTED,STATE_MACHINE,capacity-shadow,208,STORY,STORY,2,,1
0,D_STRONG_SELECTED,STATE_MACHINE,geometry-shadow,208,STORY,STORY,1,0.0040688514709472,1
0,D_STRONG_SELECTED,STATE_MACHINE,incumbent,209,STATE_MACHINE,SELECTED,0,1.0523709058761597,1
0,D_STRONG_SELECTED,STATE_MACHINE,capacity-shadow,209,STATE_MACHINE,SELECTED,0,,1
0,D_STRONG_SELECTED,STATE_MACHINE,geometry-shadow,209,STATE_MACHINE,SELECTED,0,1.081321120262146,1
0,D_STRONG_SELECTED,STATE_MACHINE,incumbent,210,STORY,STORY,1,0.0844554901123046,1
0,D_STRONG_SELECTED,STATE_MACHINE,capacity-shadow,210,STORY,STORY,1,,1
0,D_STRONG_SELECTED,STATE_MACHINE,geometry-shadow,210,STORY,STORY,1,0.0829159021377563,1
0,D_STRONG_SELECTED,STATE_MACHINE,incumbent,211,STATE_MACHINE,SELECTED,0,1.0493957996368408,1
0,D_STRONG_SELECTED,STATE_MACHINE,capacity-shadow,211,STATE_MACHINE,SELECTED,0,,1
0,D_STRONG_SELECTED,STATE_MACHINE,geometry-shadow,211,STATE_MACHINE,SELECTED,0,1.0782636404037476,1
0,D_STRONG_SELECTED,STATE_MACHINE,incumbent,212,STORY,STORY,1,0.2574167847633362,1
0,D_STRONG_SELECTED,STATE_MACHINE,capacity-shadow,212,STORY,STORY,2,,1
0,D_STRONG_SELECTED,STATE_MACHINE,geometry-shadow,212,STORY,STORY,1,0.279593288898468,1
0,D_STRONG_SELECTED,STATE_MACHINE,incumbent,213,STATE_MACHINE,SELECTED,0,1.0518492460250854,1
0,D_STRONG_SELECTED,STATE_MACHINE,capacity-shadow,213,STATE_MACHINE,SELECTED,0,,1
0,D_STRONG_SELECTED,STATE_MACHINE,geometry-shadow,213,STATE_MACHINE,SELECTED,0,1.0823423862457275,1
0,D_STRONG_SELECTED,STATE_MACHINE,incumbent,214,STORY,STORY,0,0.3630975484848022,1
0,D_STRONG_SELECTED,STATE_MACHINE,capacity-shadow,214,STORY,STORY,0,,1
0,D_STRONG_SELECTED,STATE_MACHINE,geometry-shadow,214,STORY,STORY,0,0.371550440788269,1
0,D_STRONG_SELECTED,STATE_MACHINE,incumbent,215,ARITH_A,ARITHMETIC,0,1.0865051746368408,1
0,D_STRONG_SELECTED,STATE_MACHINE,capacity-shadow,215,ARITH_A,ARITHMETIC,0,,1
0,D_STRONG_SELECTED,STATE_MACHINE,geometry-shadow,215,ARITH_A,ARITHMETIC,0,1.1192920207977295,1
0,D_STRONG_SELECTED,STATE_MACHINE,incumbent,216,ARITH_A,ARITHMETIC,0,1.075299620628357,1
0,D_STRONG_SELECTED,STATE_MACHINE,capacity-shadow,216,ARITH_A,ARITHMETIC,0,,1
0,D_STRONG_SELECTED,STATE_MACHINE,geometry-shadow,216,ARITH_A,ARITHMETIC,0,1.1068811416625977,1
0,D_STRONG_SELECTED,STATE_MACHINE,incumbent,217,STORY,STORY,0,0.4892076253890991,1
0,D_STRONG_SELECTED,STATE_MACHINE,capacity-shadow,217,STORY,STORY,0,,1
0,D_STRONG_SELECTED,STATE_MACHINE,geometry-shadow,217,STORY,STORY,0,0.5210038423538208,1
0,D_STRONG_SELECTED,STATE_MACHINE,incumbent,218,ARITH_A,ARITHMETIC,0,1.0612115859985352,1
0,D_STRONG_SELECTED,STATE_MACHINE,capacity-shadow,218,ARITH_A,ARITHMETIC,0,,1
0,D_STRONG_SELECTED,STATE_MACHINE,geometry-shadow,218,ARITH_A,ARITHMETIC,0,1.0912859439849854,1
0,D_STRONG_SELECTED,STATE_MACHINE,incumbent,219,STORY,STORY,1,1.2296946048736572,1
0,D_STRONG_SELECTED,STATE_MACHINE,capacity-shadow,219,STORY,STORY,1,,1
0,D_STRONG_SELECTED,STATE_MACHINE,geometry-shadow,219,STORY,STORY,1,1.2443528175354004,1
0,D_STRONG_SELECTED,STATE_MACHINE,incumbent,220,ARITH_A,ARITHMETIC,0,1.0649703741073608,1
0,D_STRONG_SELECTED,STATE_MACHINE,capacity-shadow,220,ARITH_A,ARITHMETIC,0,,1
0,D_STRONG_SELECTED,STATE_MACHINE,geometry-shadow,220,ARITH_A,ARITHMETIC,0,1.0963162183761597,1
0,D_STRONG_SELECTED,STATE_MACHINE,incumbent,221,STORY,STORY,1,1.3967115879058838,1
0,D_STRONG_SELECTED,STATE_MACHINE,capacity-shadow,221,STORY,STORY,2,,1
0,D_STRONG_SELECTED,STATE_MACHINE,geometry-shadow,221,STORY,STORY,1,1.3661730289459229,1
0,D_STRONG_SELECTED,STATE_MACHINE,incumbent,222,STORY,STORY,1,1.556283473968506,1
0,D_STRONG_SELECTED,STATE_MACHINE,capacity-shadow,222,STORY,STORY,1,,1
0,D_STRONG_SELECTED,STATE_MACHINE,geometry-shadow,222,STORY,STORY,1,0.926425576210022,1
0,D_STRONG_SELECTED,STATE_MACHINE,incumbent,223,ARITH_A,ARITHMETIC,0,1.0695124864578247,1
0,D_STRONG_SELECTED,STATE_MACHINE,capacity-shadow,223,ARITH_A,ARITHMETIC,0,,1
0,D_STRONG_SELECTED,STATE_MACHINE,geometry-shadow,223,ARITH_A,ARITHMETIC,0,1.1009302139282229,1
0,D_STRONG_SELECTED,STATE_MACHINE,incumbent,224,ARITH_A,ARITHMETIC,0,1.0532761812210083,1
0,D_STRONG_SELECTED,STATE_MACHINE,capacity-shadow,224,ARITH_A,ARITHMETIC,0,,1
0,D_STRONG_SELECTED,STATE_MACHINE,geometry-shadow,224,ARITH_A,ARITHMETIC,0,1.082292914390564,1
0,D_STRONG_SELECTED,STATE_MACHINE,incumbent,225,STATE_MACHINE,SELECTED,0,1.0501985549926758,1
0,D_STRONG_SELECTED,STATE_MACHINE,capacity-shadow,225,STATE_MACHINE,SELECTED,0,,1
0,D_STRONG_SELECTED,STATE_MACHINE,geometry-shadow,225,STATE_MACHINE,SELECTED,0,1.0805363655090332,1
0,D_STRONG_SELECTED,STATE_MACHINE,incumbent,226,STATE_MACHINE,SELECTED,0,1.0477288961410522,1
0,D_STRONG_SELECTED,STATE_MACHINE,capacity-shadow,226,STATE_MACHINE,SELECTED,0,,1
0,D_STRONG_SELECTED,STATE_MACHINE,geometry-shadow,226,STATE_MACHINE,SELECTED,0,1.0762369632720947,1
0,D_STRONG_SELECTED,STATE_MACHINE,incumbent,227,STORY,STORY,1,0.2092514038085937,1
0,D_STRONG_SELECTED,STATE_MACHINE,capacity-shadow,227,STORY,STORY,2,,1
0,D_STRONG_SELECTED,STATE_MACHINE,geometry-shadow,227,STORY,STORY,1,0.233794093132019,1
0,D_STRONG_SELECTED,STATE_MACHINE,incumbent,228,STATE_MACHINE,SELECTED,0,1.0477097034454346,1
0,D_STRONG_SELECTED,STATE_MACHINE,capacity-shadow,228,STATE_MACHINE,SELECTED,0,,1
0,D_STRONG_SELECTED,STATE_MACHINE,geometry-shadow,228,STATE_MACHINE,SELECTED,0,1.076945424079895,1
0,D_STRONG_SELECTED,STATE_MACHINE,incumbent,229,STORY,STORY,0,0.4269638657569885,1
0,D_STRONG_SELECTED,STATE_MACHINE,capacity-shadow,229,STORY,STORY,0,,1
0,D_STRONG_SELECTED,STATE_MACHINE,geometry-shadow,229,STORY,STORY,0,0.4658287167549133,1
0,D_STRONG_SELECTED,STATE_MACHINE,incumbent,230,STATE_MACHINE,SELECTED,0,1.0532681941986084,1
0,D_STRONG_SELECTED,STATE_MACHINE,capacity-shadow,230,STATE_MACHINE,SELECTED,0,,1
0,D_STRONG_SELECTED,STATE_MACHINE,geometry-shadow,230,STATE_MACHINE,SELECTED,0,1.082526683807373,1
0,D_STRONG_SELECTED,STATE_MACHINE,incumbent,231,ARITH_A,ARITHMETIC,0,1.0542691946029663,1
0,D_STRONG_SELECTED,STATE_MACHINE,capacity-shadow,231,ARITH_A,ARITHMETIC,0,,1
0,D_STRONG_SELECTED,STATE_MACHINE,geometry-shadow,231,ARITH_A,ARITHMETIC,0,1.0839393138885498,1
0,D_STRONG_SELECTED,STATE_MACHINE,incumbent,232,STATE_MACHINE,SELECTED,0,1.044418454170227,1
0,D_STRONG_SELECTED,STATE_MACHINE,capacity-shadow,232,STATE_MACHINE,SELECTED,0,,1
0,D_STRONG_SELECTED,STATE_MACHINE,geometry-shadow,232,STATE_MACHINE,SELECTED,0,1.0728868246078491,1
0,D_STRONG_SELECTED,STATE_MACHINE,incumbent,233,STORY,STORY,1,1.0218288898468018,1
0,D_STRONG_SELECTED,STATE_MACHINE,capacity-shadow,233,STORY,STORY,1,,1
0,D_STRONG_SELECTED,STATE_MACHINE,geometry-shadow,233,STORY,STORY,1,1.0072444677352903,1
0,D_STRONG_SELECTED,STATE_MACHINE,incumbent,234,STORY,STORY,0,0.2209986448287964,1
0,D_STRONG_SELECTED,STATE_MACHINE,capacity-shadow,234,STORY,STORY,0,,1
0,D_STRONG_SELECTED,STATE_MACHINE,geometry-shadow,234,STORY,STORY,0,0.2578136920928955,1
0,D_STRONG_SELECTED,STATE_MACHINE,incumbent,235,ARITH_A,ARITHMETIC,0,1.041313648223877,1
0,D_STRONG_SELECTED,STATE_MACHINE,capacity-shadow,235,ARITH_A,ARITHMETIC,0,,1
0,D_STRONG_SELECTED,STATE_MACHINE,geometry-shadow,235,ARITH_A,ARITHMETIC,0,1.0708590745925903,1
0,D_STRONG_SELECTED,STATE_MACHINE,incumbent,236,ARITH_A,ARITHMETIC,0,1.058903455734253,1
0,D_STRONG_SELECTED,STATE_MACHINE,capacity-shadow,236,ARITH_A,ARITHMETIC,0,,1
0,D_STRONG_SELECTED,STATE_MACHINE,geometry-shadow,236,ARITH_A,ARITHMETIC,0,1.0889240503311155,1
0,D_STRONG_SELECTED,STATE_MACHINE,incumbent,237,STORY,STORY,0,0.5415902137756348,1
0,D_STRONG_SELECTED,STATE_MACHINE,capacity-shadow,237,STORY,STORY,0,,1
0,D_STRONG_SELECTED,STATE_MACHINE,geometry-shadow,237,STORY,STORY,0,0.5929793119430542,1
0,D_STRONG_SELECTED,STATE_MACHINE,incumbent,238,STORY,STORY,1,0.131027340888977,1
0,D_STRONG_SELECTED,STATE_MACHINE,capacity-shadow,238,STORY,STORY,2,,1
0,D_STRONG_SELECTED,STATE_MACHINE,geometry-shadow,238,STORY,STORY,1,0.1133853197097778,1
0,D_STRONG_SELECTED,STATE_MACHINE,incumbent,239,STATE_MACHINE,SELECTED,0,1.0464271306991575,1
0,D_STRONG_SELECTED,STATE_MACHINE,capacity-shadow,239,STATE_MACHINE,SELECTED,0,,1
0,D_STRONG_SELECTED,STATE_MACHINE,geometry-shadow,239,STATE_MACHINE,SELECTED,0,1.0746660232543943,1
0,D_STRONG_SELECTED,STATE_MACHINE,incumbent,240,STORY,STORY,0,0.7141051292419434,1
0,D_STRONG_SELECTED,STATE_MACHINE,capacity-shadow,240,STORY,STORY,0,,1
0,D_STRONG_SELECTED,STATE_MACHINE,geometry-shadow,240,STORY,STORY,0,0.7662745714187622,1
0,D_STRONG_SELECTED,STATE_MACHINE,incumbent,241,ARITH_A,ARITHMETIC,0,1.049683928489685,1
0,D_STRONG_SELECTED,STATE_MACHINE,capacity-shadow,241,ARITH_A,ARITHMETIC,0,,1
0,D_STRONG_SELECTED,STATE_MACHINE,geometry-shadow,241,ARITH_A,ARITHMETIC,0,1.0793209075927734,1
0,D_STRONG_SELECTED,STATE_MACHINE,incumbent,242,STATE_MACHINE,SELECTED,0,1.04801344871521,1
0,D_STRONG_SELECTED,STATE_MACHINE,capacity-shadow,242,STATE_MACHINE,SELECTED,0,,1
0,D_STRONG_SELECTED,STATE_MACHINE,geometry-shadow,242,STATE_MACHINE,SELECTED,0,1.0766823291778564,1
0,D_STRONG_SELECTED,STATE_MACHINE,incumbent,243,STATE_MACHINE,SELECTED,0,1.050262212753296,1
0,D_STRONG_SELECTED,STATE_MACHINE,capacity-shadow,243,STATE_MACHINE,SELECTED,0,,1
0,D_STRONG_SELECTED,STATE_MACHINE,geometry-shadow,243,STATE_MACHINE,SELECTED,0,1.0794944763183594,1
0,D_STRONG_SELECTED,STATE_MACHINE,incumbent,244,STATE_MACHINE,SELECTED,0,1.0496478080749512,1
0,D_STRONG_SELECTED,STATE_MACHINE,capacity-shadow,244,STATE_MACHINE,SELECTED,0,,1
0,D_STRONG_SELECTED,STATE_MACHINE,geometry-shadow,244,STATE_MACHINE,SELECTED,0,1.0787124633789062,1
0,D_STRONG_SELECTED,STATE_MACHINE,incumbent,245,STORY,STORY,1,1.8403881788253784,1
0,D_STRONG_SELECTED,STATE_MACHINE,capacity-shadow,245,STORY,STORY,1,,1
0,D_STRONG_SELECTED,STATE_MACHINE,geometry-shadow,245,STORY,STORY,1,1.0466225147247314,1
0,D_STRONG_SELECTED,STATE_MACHINE,incumbent,246,ARITH_A,ARITHMETIC,0,1.060948371887207,1
0,D_STRONG_SELECTED,STATE_MACHINE,capacity-shadow,246,ARITH_A,ARITHMETIC,0,,1
0,D_STRONG_SELECTED,STATE_MACHINE,geometry-shadow,246,ARITH_A,ARITHMETIC,0,1.092479228973389,1
0,D_STRONG_SELECTED,STATE_MACHINE,incumbent,247,STORY,STORY,1,1.6665751934051514,1
0,D_STRONG_SELECTED,STATE_MACHINE,capacity-shadow,247,STORY,STORY,2,,1
0,D_STRONG_SELECTED,STATE_MACHINE,geometry-shadow,247,STORY,STORY,1,1.040021300315857,1
0,D_STRONG_SELECTED,STATE_MACHINE,incumbent,248,STATE_MACHINE,SELECTED,0,1.0457777976989746,1
0,D_STRONG_SELECTED,STATE_MACHINE,capacity-shadow,248,STATE_MACHINE,SELECTED,0,,1
0,D_STRONG_SELECTED,STATE_MACHINE,geometry-shadow,248,STATE_MACHINE,SELECTED,0,1.073979377746582,1
0,D_STRONG_SELECTED,STATE_MACHINE,incumbent,249,ARITH_A,ARITHMETIC,0,1.0631427764892578,1
0,D_STRONG_SELECTED,STATE_MACHINE,capacity-shadow,249,ARITH_A,ARITHMETIC,0,,1
0,D_STRONG_SELECTED,STATE_MACHINE,geometry-shadow,249,ARITH_A,ARITHMETIC,0,1.0940637588500977,1
0,D_STRONG_SELECTED,STATE_MACHINE,incumbent,250,ARITH_A,ARITHMETIC,0,1.0797358751296997,1
0,D_STRONG_SELECTED,STATE_MACHINE,capacity-shadow,250,ARITH_A,ARITHMETIC,0,,1
0,D_STRONG_SELECTED,STATE_MACHINE,geometry-shadow,250,ARITH_A,ARITHMETIC,0,1.1117631196975708,1
0,D_STRONG_SELECTED,STATE_MACHINE,incumbent,251,STORY,STORY,0,0.555732011795044,1
0,D_STRONG_SELECTED,STATE_MACHINE,capacity-shadow,251,STORY,STORY,0,,1
0,D_STRONG_SELECTED,STATE_MACHINE,geometry-shadow,251,STORY,STORY,0,0.5999042987823486,1
0,D_STRONG_SELECTED,STATE_MACHINE,incumbent,252,STATE_MACHINE,SELECTED,0,1.047741174697876,1
0,D_STRONG_SELECTED,STATE_MACHINE,capacity-shadow,252,STATE_MACHINE,SELECTED,0,,1
0,D_STRONG_SELECTED,STATE_MACHINE,geometry-shadow,252,STATE_MACHINE,SELECTED,0,1.0762436389923096,1
0,D_STRONG_SELECTED,STATE_MACHINE,incumbent,253,STORY,STORY,1,1.6138153076171875,1
0,D_STRONG_SELECTED,STATE_MACHINE,capacity-shadow,253,STORY,STORY,1,,1
0,D_STRONG_SELECTED,STATE_MACHINE,geometry-shadow,253,STORY,STORY,1,1.3491811752319336,1
0,D_STRONG_SELECTED,STATE_MACHINE,incumbent,254,STATE_MACHINE,SELECTED,0,1.0459264516830444,1
0,D_STRONG_SELECTED,STATE_MACHINE,capacity-shadow,254,STATE_MACHINE,SELECTED,0,,1
0,D_STRONG_SELECTED,STATE_MACHINE,geometry-shadow,254,STATE_MACHINE,SELECTED,0,1.073826789855957,1
0,D_STRONG_SELECTED,STATE_MACHINE,incumbent,255,STATE_MACHINE,SELECTED,0,1.0459682941436768,1
0,D_STRONG_SELECTED,STATE_MACHINE,capacity-shadow,255,STATE_MACHINE,SELECTED,0,,1
0,D_STRONG_SELECTED,STATE_MACHINE,geometry-shadow,255,STATE_MACHINE,SELECTED,0,1.0746359825134275,1
0,D_STRONG_SELECTED,STATE_MACHINE,incumbent,256,STATE_MACHINE,SELECTED,0,1.04900062084198,1
0,D_STRONG_SELECTED,STATE_MACHINE,capacity-shadow,256,STATE_MACHINE,SELECTED,0,,1
0,D_STRONG_SELECTED,STATE_MACHINE,geometry-shadow,256,STATE_MACHINE,SELECTED,0,1.077038049697876,1
1,C_WEAK_SELECTED,STATE_MACHINE,incumbent,1,STORY,STORY,0,0.1391699314117431,1
1,C_WEAK_SELECTED,STATE_MACHINE,capacity-shadow,1,STORY,STORY,0,,1
1,C_WEAK_SELECTED,STATE_MACHINE,geometry-shadow,1,STORY,STORY,1,0.321402370929718,1
1,C_WEAK_SELECTED,STATE_MACHINE,incumbent,2,STATE_MACHINE,SELECTED,0,0.9346842765808104,1
1,C_WEAK_SELECTED,STATE_MACHINE,capacity-shadow,2,STATE_MACHINE,SELECTED,0,,1
1,C_WEAK_SELECTED,STATE_MACHINE,geometry-shadow,2,STATE_MACHINE,SELECTED,0,0.8326845765113831,1
1,C_WEAK_SELECTED,STATE_MACHINE,incumbent,3,ARITH_A,ARITHMETIC,0,1.069710612297058,1
1,C_WEAK_SELECTED,STATE_MACHINE,capacity-shadow,3,ARITH_A,ARITHMETIC,0,,1
1,C_WEAK_SELECTED,STATE_MACHINE,geometry-shadow,3,ARITH_A,ARITHMETIC,0,0.7174134850502014,1
1,C_WEAK_SELECTED,STATE_MACHINE,incumbent,4,STORY,STORY,0,0.5901848673820496,1
1,C_WEAK_SELECTED,STATE_MACHINE,capacity-shadow,4,STORY,STORY,0,,1
1,C_WEAK_SELECTED,STATE_MACHINE,geometry-shadow,4,STORY,STORY,0,0.0941821932792663,1
1,C_WEAK_SELECTED,STATE_MACHINE,incumbent,5,STORY,STORY,1,1.96273410320282,1
1,C_WEAK_SELECTED,STATE_MACHINE,capacity-shadow,5,STORY,STORY,2,,1
1,C_WEAK_SELECTED,STATE_MACHINE,geometry-shadow,5,STORY,STORY,2,1.072313666343689,1
1,C_WEAK_SELECTED,STATE_MACHINE,incumbent,6,STORY,STORY,1,0.2960401773452759,1
1,C_WEAK_SELECTED,STATE_MACHINE,capacity-shadow,6,STORY,STORY,1,,1
1,C_WEAK_SELECTED,STATE_MACHINE,geometry-shadow,6,STORY,STORY,1,0.3890206217765808,1
1,C_WEAK_SELECTED,STATE_MACHINE,incumbent,7,STORY,STORY,1,1.469967484474182,1
1,C_WEAK_SELECTED,STATE_MACHINE,capacity-shadow,7,STORY,STORY,2,,1
1,C_WEAK_SELECTED,STATE_MACHINE,geometry-shadow,7,STORY,STORY,2,1.0848535299301147,1
1,C_WEAK_SELECTED,STATE_MACHINE,incumbent,8,ARITH_A,ARITHMETIC,0,1.08143949508667,1
1,C_WEAK_SELECTED,STATE_MACHINE,capacity-shadow,8,ARITH_A,ARITHMETIC,0,,1
1,C_WEAK_SELECTED,STATE_MACHINE,geometry-shadow,8,ARITH_A,ARITHMETIC,0,0.7340322136878967,1
1,C_WEAK_SELECTED,STATE_MACHINE,incumbent,9,ARITH_A,ARITHMETIC,0,1.061900615692139,1
1,C_WEAK_SELECTED,STATE_MACHINE,capacity-shadow,9,ARITH_A,ARITHMETIC,0,,1
1,C_WEAK_SELECTED,STATE_MACHINE,geometry-shadow,9,ARITH_A,ARITHMETIC,0,0.7022580504417419,1
1,C_WEAK_SELECTED,STATE_MACHINE,incumbent,10,STORY,STORY,1,0.0072895288467407,1
1,C_WEAK_SELECTED,STATE_MACHINE,capacity-shadow,10,STORY,STORY,1,,1
1,C_WEAK_SELECTED,STATE_MACHINE,geometry-shadow,10,STORY,STORY,1,0.0732415914535522,1
1,C_WEAK_SELECTED,STATE_MACHINE,incumbent,11,ARITH_A,ARITHMETIC,0,1.054948806762695,1
1,C_WEAK_SELECTED,STATE_MACHINE,capacity-shadow,11,ARITH_A,ARITHMETIC,0,,1
1,C_WEAK_SELECTED,STATE_MACHINE,geometry-shadow,11,ARITH_A,ARITHMETIC,0,0.6769534349441528,1
1,C_WEAK_SELECTED,STATE_MACHINE,incumbent,12,ARITH_A,ARITHMETIC,0,1.069674372673035,1
1,C_WEAK_SELECTED,STATE_MACHINE,capacity-shadow,12,ARITH_A,ARITHMETIC,0,,1
1,C_WEAK_SELECTED,STATE_MACHINE,geometry-shadow,12,ARITH_A,ARITHMETIC,0,0.7316920161247253,1
1,C_WEAK_SELECTED,STATE_MACHINE,incumbent,13,STORY,STORY,1,1.262162208557129,1
1,C_WEAK_SELECTED,STATE_MACHINE,capacity-shadow,13,STORY,STORY,2,,1
1,C_WEAK_SELECTED,STATE_MACHINE,geometry-shadow,13,STORY,STORY,2,0.4432926774024963,1
1,C_WEAK_SELECTED,STATE_MACHINE,incumbent,14,STORY,STORY,0,0.3518001437187195,1
1,C_WEAK_SELECTED,STATE_MACHINE,capacity-shadow,14,STORY,STORY,0,,1
1,C_WEAK_SELECTED,STATE_MACHINE,geometry-shadow,14,STORY,STORY,0,0.0540878176689147,1
1,C_WEAK_SELECTED,STATE_MACHINE,incumbent,15,STORY,STORY,1,0.2936697602272033,1
1,C_WEAK_SELECTED,STATE_MACHINE,capacity-shadow,15,STORY,STORY,1,,1
1,C_WEAK_SELECTED,STATE_MACHINE,geometry-shadow,15,STORY,STORY,1,0.6801587343215942,1
1,C_WEAK_SELECTED,STATE_MACHINE,incumbent,16,ARITH_A,ARITHMETIC,0,1.0786467790603638,1
1,C_WEAK_SELECTED,STATE_MACHINE,capacity-shadow,16,ARITH_A,ARITHMETIC,0,,1
1,C_WEAK_SELECTED,STATE_MACHINE,geometry-shadow,16,ARITH_A,ARITHMETIC,0,0.7265992164611816,1
1,C_WEAK_SELECTED,STATE_MACHINE,incumbent,17,ARITH_A,ARITHMETIC,0,1.0761252641677856,1
1,C_WEAK_SELECTED,STATE_MACHINE,capacity-shadow,17,ARITH_A,ARITHMETIC,0,,1
1,C_WEAK_SELECTED,STATE_MACHINE,geometry-shadow,17,ARITH_A,ARITHMETIC,0,0.7268401384353638,1
1,C_WEAK_SELECTED,STATE_MACHINE,incumbent,18,STORY,STORY,1,0.1603732109069824,1
1,C_WEAK_SELECTED,STATE_MACHINE,capacity-shadow,18,STORY,STORY,2,,1
1,C_WEAK_SELECTED,STATE_MACHINE,geometry-shadow,18,STORY,STORY,2,0.1079169511795044,1
1,C_WEAK_SELECTED,STATE_MACHINE,incumbent,19,ARITH_A,ARITHMETIC,0,1.0599863529205322,1
1,C_WEAK_SELECTED,STATE_MACHINE,capacity-shadow,19,ARITH_A,ARITHMETIC,0,,1
1,C_WEAK_SELECTED,STATE_MACHINE,geometry-shadow,19,ARITH_A,ARITHMETIC,0,0.6893272399902344,1
1,C_WEAK_SELECTED,STATE_MACHINE,incumbent,20,STORY,STORY,1,0.710651159286499,1
1,C_WEAK_SELECTED,STATE_MACHINE,capacity-shadow,20,STORY,STORY,1,,1
1,C_WEAK_SELECTED,STATE_MACHINE,geometry-shadow,20,STORY,STORY,2,0.1781823635101318,1
1,C_WEAK_SELECTED,STATE_MACHINE,incumbent,21,STATE_MACHINE,SELECTED,0,0.9189186692237854,1
1,C_WEAK_SELECTED,STATE_MACHINE,capacity-shadow,21,STATE_MACHINE,SELECTED,0,,1
1,C_WEAK_SELECTED,STATE_MACHINE,geometry-shadow,21,STATE_MACHINE,SELECTED,0,0.8303504586219788,1
1,C_WEAK_SELECTED,STATE_MACHINE,incumbent,22,ARITH_A,ARITHMETIC,0,1.0574374198913574,1
1,C_WEAK_SELECTED,STATE_MACHINE,capacity-shadow,22,ARITH_A,ARITHMETIC,0,,1
1,C_WEAK_SELECTED,STATE_MACHINE,geometry-shadow,22,ARITH_A,ARITHMETIC,0,0.6780565977096558,1
1,C_WEAK_SELECTED,STATE_MACHINE,incumbent,23,ARITH_A,ARITHMETIC,0,1.0578502416610718,1
1,C_WEAK_SELECTED,STATE_MACHINE,capacity-shadow,23,ARITH_A,ARITHMETIC,0,,1
1,C_WEAK_SELECTED,STATE_MACHINE,geometry-shadow,23,ARITH_A,ARITHMETIC,0,0.6884976625442505,1
1,C_WEAK_SELECTED,STATE_MACHINE,incumbent,24,STORY,STORY,1,0.7637955546379089,1
1,C_WEAK_SELECTED,STATE_MACHINE,capacity-shadow,24,STORY,STORY,2,,1
1,C_WEAK_SELECTED,STATE_MACHINE,geometry-shadow,24,STORY,STORY,1,0.7759149670600891,1
1,C_WEAK_SELECTED,STATE_MACHINE,incumbent,25,STATE_MACHINE,SELECTED,0,0.9251282215118408,1
1,C_WEAK_SELECTED,STATE_MACHINE,capacity-shadow,25,STATE_MACHINE,SELECTED,0,,1
1,C_WEAK_SELECTED,STATE_MACHINE,geometry-shadow,25,STATE_MACHINE,SELECTED,0,0.826615571975708,1
1,C_WEAK_SELECTED,STATE_MACHINE,incumbent,26,ARITH_A,ARITHMETIC,0,1.0773963928222656,1
1,C_WEAK_SELECTED,STATE_MACHINE,capacity-shadow,26,ARITH_A,ARITHMETIC,0,,1
1,C_WEAK_SELECTED,STATE_MACHINE,geometry-shadow,26,ARITH_A,ARITHMETIC,0,0.7264530658721924,1
1,C_WEAK_SELECTED,STATE_MACHINE,incumbent,27,ARITH_A,ARITHMETIC,0,1.0792347192764282,1
1,C_WEAK_SELECTED,STATE_MACHINE,capacity-shadow,27,ARITH_A,ARITHMETIC,0,,1
1,C_WEAK_SELECTED,STATE_MACHINE,geometry-shadow,27,ARITH_A,ARITHMETIC,0,0.7415992617607117,1
1,C_WEAK_SELECTED,STATE_MACHINE,incumbent,28,STORY,STORY,1,1.629899501800537,1
1,C_WEAK_SELECTED,STATE_MACHINE,capacity-shadow,28,STORY,STORY,1,,1
1,C_WEAK_SELECTED,STATE_MACHINE,geometry-shadow,28,STORY,STORY,2,0.5992504358291626,1
1,C_WEAK_SELECTED,STATE_MACHINE,incumbent,29,ARITH_A,ARITHMETIC,0,1.0733449459075928,1
1,C_WEAK_SELECTED,STATE_MACHINE,capacity-shadow,29,ARITH_A,ARITHMETIC,0,,1
1,C_WEAK_SELECTED,STATE_MACHINE,geometry-shadow,29,ARITH_A,ARITHMETIC,0,0.7226317524909973,1
1,C_WEAK_SELECTED,STATE_MACHINE,incumbent,30,STORY,STORY,1,1.3894410133361816,1
1,C_WEAK_SELECTED,STATE_MACHINE,capacity-shadow,30,STORY,STORY,2,,1
1,C_WEAK_SELECTED,STATE_MACHINE,geometry-shadow,30,STORY,STORY,2,0.183943510055542,1
1,C_WEAK_SELECTED,STATE_MACHINE,incumbent,31,ARITH_A,ARITHMETIC,0,1.0707660913467407,1
1,C_WEAK_SELECTED,STATE_MACHINE,capacity-shadow,31,ARITH_A,ARITHMETIC,0,,1
1,C_WEAK_SELECTED,STATE_MACHINE,geometry-shadow,31,ARITH_A,ARITHMETIC,0,0.7188589572906494,1
1,C_WEAK_SELECTED,STATE_MACHINE,incumbent,32,ARITH_A,ARITHMETIC,0,1.0269951820373535,1
1,C_WEAK_SELECTED,STATE_MACHINE,capacity-shadow,32,ARITH_A,ARITHMETIC,0,,1
1,C_WEAK_SELECTED,STATE_MACHINE,geometry-shadow,32,ARITH_A,ARITHMETIC,0,0.6261792182922363,1
1,C_WEAK_SELECTED,STATE_MACHINE,incumbent,33,STORY,STORY,1,1.2409441471099854,1
1,C_WEAK_SELECTED,STATE_MACHINE,capacity-shadow,33,STORY,STORY,1,,1
1,C_WEAK_SELECTED,STATE_MACHINE,geometry-shadow,33,STORY,STORY,2,0.3829221725463867,1
1,C_WEAK_SELECTED,STATE_MACHINE,incumbent,34,ARITH_A,ARITHMETIC,0,1.071835994720459,1
1,C_WEAK_SELECTED,STATE_MACHINE,capacity-shadow,34,ARITH_A,ARITHMETIC,0,,1
1,C_WEAK_SELECTED,STATE_MACHINE,geometry-shadow,34,ARITH_A,ARITHMETIC,0,0.7167271375656128,1
1,C_WEAK_SELECTED,STATE_MACHINE,incumbent,35,ARITH_A,ARITHMETIC,0,1.061305284500122,1
1,C_WEAK_SELECTED,STATE_MACHINE,capacity-shadow,35,ARITH_A,ARITHMETIC,0,,1
1,C_WEAK_SELECTED,STATE_MACHINE,geometry-shadow,35,ARITH_A,ARITHMETIC,0,0.6913754343986511,1
1,C_WEAK_SELECTED,STATE_MACHINE,incumbent,36,STATE_MACHINE,SELECTED,0,0.9109724164009094,1
1,C_WEAK_SELECTED,STATE_MACHINE,capacity-shadow,36,STATE_MACHINE,SELECTED,0,,1
1,C_WEAK_SELECTED,STATE_MACHINE,geometry-shadow,36,STATE_MACHINE,SELECTED,0,0.8310076594352722,1
1,C_WEAK_SELECTED,STATE_MACHINE,incumbent,37,STORY,STORY,1,1.465527892112732,1
1,C_WEAK_SELECTED,STATE_MACHINE,capacity-shadow,37,STORY,STORY,2,,1
1,C_WEAK_SELECTED,STATE_MACHINE,geometry-shadow,37,STORY,STORY,2,0.5162875652313232,1
1,C_WEAK_SELECTED,STATE_MACHINE,incumbent,38,STORY,STORY,1,0.1103384494781494,1
1,C_WEAK_SELECTED,STATE_MACHINE,capacity-shadow,38,STORY,STORY,1,,1
1,C_WEAK_SELECTED,STATE_MACHINE,geometry-shadow,38,STORY,STORY,1,0.3394525051116943,1
1,C_WEAK_SELECTED,STATE_MACHINE,incumbent,39,STORY,STORY,1,0.903639793395996,1
1,C_WEAK_SELECTED,STATE_MACHINE,capacity-shadow,39,STORY,STORY,2,,1
1,C_WEAK_SELECTED,STATE_MACHINE,geometry-shadow,39,STORY,STORY,2,0.5304535627365112,1
1,C_WEAK_SELECTED,STATE_MACHINE,incumbent,40,ARITH_A,ARITHMETIC,0,1.0781073570251465,1
1,C_WEAK_SELECTED,STATE_MACHINE,capacity-shadow,40,ARITH_A,ARITHMETIC,0,,1
1,C_WEAK_SELECTED,STATE_MACHINE,geometry-shadow,40,ARITH_A,ARITHMETIC,0,0.7291078567504883,1
1,C_WEAK_SELECTED,STATE_MACHINE,incumbent,41,STORY,STORY,0,0.3376283049583435,1
1,C_WEAK_SELECTED,STATE_MACHINE,capacity-shadow,41,STORY,STORY,0,,1
1,C_WEAK_SELECTED,STATE_MACHINE,geometry-shadow,41,STORY,STORY,1,0.069076120853424,1
1,C_WEAK_SELECTED,STATE_MACHINE,incumbent,42,ARITH_A,ARITHMETIC,0,1.08064603805542,1
1,C_WEAK_SELECTED,STATE_MACHINE,capacity-shadow,42,ARITH_A,ARITHMETIC,0,,1
1,C_WEAK_SELECTED,STATE_MACHINE,geometry-shadow,42,ARITH_A,ARITHMETIC,0,0.7413887977600098,1
1,C_WEAK_SELECTED,STATE_MACHINE,incumbent,43,STORY,STORY,1,1.5631552934646606,1
1,C_WEAK_SELECTED,STATE_MACHINE,capacity-shadow,43,STORY,STORY,1,,1
1,C_WEAK_SELECTED,STATE_MACHINE,geometry-shadow,43,STORY,STORY,2,0.8682752847671509,1
1,C_WEAK_SELECTED,STATE_MACHINE,incumbent,44,STORY,STORY,1,1.9651062488555908,1
1,C_WEAK_SELECTED,STATE_MACHINE,capacity-shadow,44,STORY,STORY,2,,1
1,C_WEAK_SELECTED,STATE_MACHINE,geometry-shadow,44,STORY,STORY,2,0.8956208229064941,1
1,C_WEAK_SELECTED,STATE_MACHINE,incumbent,45,STORY,STORY,1,1.6358914375305176,1
1,C_WEAK_SELECTED,STATE_MACHINE,capacity-shadow,45,STORY,STORY,1,,1
1,C_WEAK_SELECTED,STATE_MACHINE,geometry-shadow,45,STORY,STORY,2,0.8470198512077332,1
1,C_WEAK_SELECTED,STATE_MACHINE,incumbent,46,STATE_MACHINE,SELECTED,0,0.9460352659225464,1
1,C_WEAK_SELECTED,STATE_MACHINE,capacity-shadow,46,STATE_MACHINE,SELECTED,0,,1
1,C_WEAK_SELECTED,STATE_MACHINE,geometry-shadow,46,STATE_MACHINE,SELECTED,0,0.8323160409927368,1
1,C_WEAK_SELECTED,STATE_MACHINE,incumbent,47,ARITH_A,ARITHMETIC,0,1.0813183784484863,1
1,C_WEAK_SELECTED,STATE_MACHINE,capacity-shadow,47,ARITH_A,ARITHMETIC,0,,1
1,C_WEAK_SELECTED,STATE_MACHINE,geometry-shadow,47,ARITH_A,ARITHMETIC,0,0.7617127299308777,1
1,C_WEAK_SELECTED,STATE_MACHINE,incumbent,48,ARITH_A,ARITHMETIC,0,1.0739260911941528,1
1,C_WEAK_SELECTED,STATE_MACHINE,capacity-shadow,48,ARITH_A,ARITHMETIC,0,,1
1,C_WEAK_SELECTED,STATE_MACHINE,geometry-shadow,48,ARITH_A,ARITHMETIC,0,0.7253955602645874,1
1,C_WEAK_SELECTED,STATE_MACHINE,incumbent,49,STORY,STORY,1,1.230391502380371,1
1,C_WEAK_SELECTED,STATE_MACHINE,capacity-shadow,49,STORY,STORY,2,,1
1,C_WEAK_SELECTED,STATE_MACHINE,geometry-shadow,49,STORY,STORY,2,0.4004852771759033,1
1,C_WEAK_SELECTED,STATE_MACHINE,incumbent,50,STORY,STORY,1,0.8021423816680908,1
1,C_WEAK_SELECTED,STATE_MACHINE,capacity-shadow,50,STORY,STORY,1,,1
1,C_WEAK_SELECTED,STATE_MACHINE,geometry-shadow,50,STORY,STORY,2,0.1463614702224731,1
1,C_WEAK_SELECTED,STATE_MACHINE,incumbent,51,STORY,STORY,1,0.5683151483535767,1
1,C_WEAK_SELECTED,STATE_MACHINE,capacity-shadow,51,STORY,STORY,2,,1
1,C_WEAK_SELECTED,STATE_MACHINE,geometry-shadow,51,STORY,STORY,1,0.3948001861572265,1
1,C_WEAK_SELECTED,STATE_MACHINE,incumbent,52,STORY,STORY,1,1.808202028274536,1
1,C_WEAK_SELECTED,STATE_MACHINE,capacity-shadow,52,STORY,STORY,1,,1
1,C_WEAK_SELECTED,STATE_MACHINE,geometry-shadow,52,STORY,STORY,2,1.061373233795166,1
1,C_WEAK_SELECTED,STATE_MACHINE,incumbent,53,STORY,STORY,1,0.5583089590072632,1
1,C_WEAK_SELECTED,STATE_MACHINE,capacity-shadow,53,STORY,STORY,2,,1
1,C_WEAK_SELECTED,STATE_MACHINE,geometry-shadow,53,STORY,STORY,1,0.5662992596626282,1
1,C_WEAK_SELECTED,STATE_MACHINE,incumbent,54,STORY,STORY,1,0.5494905114173889,1
1,C_WEAK_SELECTED,STATE_MACHINE,capacity-shadow,54,STORY,STORY,1,,1
1,C_WEAK_SELECTED,STATE_MACHINE,geometry-shadow,54,STORY,STORY,1,0.8586340546607971,1
1,C_WEAK_SELECTED,STATE_MACHINE,incumbent,55,STATE_MACHINE,SELECTED,0,0.9328049421310424,1
1,C_WEAK_SELECTED,STATE_MACHINE,capacity-shadow,55,STATE_MACHINE,SELECTED,0,,1
1,C_WEAK_SELECTED,STATE_MACHINE,geometry-shadow,55,STATE_MACHINE,SELECTED,0,0.8322059512138367,1
1,C_WEAK_SELECTED,STATE_MACHINE,incumbent,56,STORY,STORY,0,0.3365955352783203,1
1,C_WEAK_SELECTED,STATE_MACHINE,capacity-shadow,56,STORY,STORY,0,,1
1,C_WEAK_SELECTED,STATE_MACHINE,geometry-shadow,56,STORY,STORY,1,0.1477506756782531,1
1,C_WEAK_SELECTED,STATE_MACHINE,incumbent,57,ARITH_A,ARITHMETIC,0,1.0624278783798218,1
1,C_WEAK_SELECTED,STATE_MACHINE,capacity-shadow,57,ARITH_A,ARITHMETIC,0,,1
1,C_WEAK_SELECTED,STATE_MACHINE,geometry-shadow,57,ARITH_A,ARITHMETIC,0,0.7033200860023499,1
1,C_WEAK_SELECTED,STATE_MACHINE,incumbent,58,STORY,STORY,1,0.7315092086791992,1
1,C_WEAK_SELECTED,STATE_MACHINE,capacity-shadow,58,STORY,STORY,2,,1
1,C_WEAK_SELECTED,STATE_MACHINE,geometry-shadow,58,STORY,STORY,1,0.6145322322845459,1
1,C_WEAK_SELECTED,STATE_MACHINE,incumbent,59,ARITH_A,ARITHMETIC,0,1.0694282054901123,1
1,C_WEAK_SELECTED,STATE_MACHINE,capacity-shadow,59,ARITH_A,ARITHMETIC,0,,1
1,C_WEAK_SELECTED,STATE_MACHINE,geometry-shadow,59,ARITH_A,ARITHMETIC,0,0.7108949422836304,1
1,C_WEAK_SELECTED,STATE_MACHINE,incumbent,60,STORY,STORY,1,2.188177585601806,1
1,C_WEAK_SELECTED,STATE_MACHINE,capacity-shadow,60,STORY,STORY,1,,1
1,C_WEAK_SELECTED,STATE_MACHINE,geometry-shadow,60,STORY,STORY,2,0.8078614473342896,1
1,C_WEAK_SELECTED,STATE_MACHINE,incumbent,61,ARITH_A,ARITHMETIC,0,1.0651425123214722,1
1,C_WEAK_SELECTED,STATE_MACHINE,capacity-shadow,61,ARITH_A,ARITHMETIC,0,,1
1,C_WEAK_SELECTED,STATE_MACHINE,geometry-shadow,61,ARITH_A,ARITHMETIC,0,0.7045691013336182,1
1,C_WEAK_SELECTED,STATE_MACHINE,incumbent,62,ARITH_A,ARITHMETIC,0,1.052236557006836,1
1,C_WEAK_SELECTED,STATE_MACHINE,capacity-shadow,62,ARITH_A,ARITHMETIC,0,,1
1,C_WEAK_SELECTED,STATE_MACHINE,geometry-shadow,62,ARITH_A,ARITHMETIC,0,0.6834568977355957,1
1,C_WEAK_SELECTED,STATE_MACHINE,incumbent,63,ARITH_A,ARITHMETIC,0,1.0785249471664429,1
1,C_WEAK_SELECTED,STATE_MACHINE,capacity-shadow,63,ARITH_A,ARITHMETIC,0,,1
1,C_WEAK_SELECTED,STATE_MACHINE,geometry-shadow,63,ARITH_A,ARITHMETIC,0,0.743036687374115,1
1,C_WEAK_SELECTED,STATE_MACHINE,incumbent,64,STORY,STORY,1,0.6769208312034607,1
1,C_WEAK_SELECTED,STATE_MACHINE,capacity-shadow,64,STORY,STORY,2,,1
1,C_WEAK_SELECTED,STATE_MACHINE,geometry-shadow,64,STORY,STORY,1,0.1158050298690795,1
1,C_WEAK_SELECTED,STATE_MACHINE,incumbent,65,STORY,STORY,1,0.0026772618293762,1
1,C_WEAK_SELECTED,STATE_MACHINE,capacity-shadow,65,STORY,STORY,1,,1
1,C_WEAK_SELECTED,STATE_MACHINE,geometry-shadow,65,STORY,STORY,1,0.272275447845459,1
1,C_WEAK_SELECTED,STATE_MACHINE,incumbent,66,STORY,STORY,1,1.508117914199829,1
1,C_WEAK_SELECTED,STATE_MACHINE,capacity-shadow,66,STORY,STORY,2,,1
1,C_WEAK_SELECTED,STATE_MACHINE,geometry-shadow,66,STORY,STORY,2,0.8691994547843933,1
1,C_WEAK_SELECTED,STATE_MACHINE,incumbent,67,STORY,STORY,1,0.0624101161956787,1
1,C_WEAK_SELECTED,STATE_MACHINE,capacity-shadow,67,STORY,STORY,1,,1
1,C_WEAK_SELECTED,STATE_MACHINE,geometry-shadow,67,STORY,STORY,1,0.4125728607177734,1
1,C_WEAK_SELECTED,STATE_MACHINE,incumbent,68,STORY,STORY,1,1.8608739376068115,1
1,C_WEAK_SELECTED,STATE_MACHINE,capacity-shadow,68,STORY,STORY,2,,1
1,C_WEAK_SELECTED,STATE_MACHINE,geometry-shadow,68,STORY,STORY,2,0.8505344390869141,1
1,C_WEAK_SELECTED,STATE_MACHINE,incumbent,69,ARITH_A,ARITHMETIC,0,1.069570541381836,1
1,C_WEAK_SELECTED,STATE_MACHINE,capacity-shadow,69,ARITH_A,ARITHMETIC,0,,1
1,C_WEAK_SELECTED,STATE_MACHINE,geometry-shadow,69,ARITH_A,ARITHMETIC,0,0.7044233083724976,1
1,C_WEAK_SELECTED,STATE_MACHINE,incumbent,70,STORY,STORY,1,0.1032222509384155,1
1,C_WEAK_SELECTED,STATE_MACHINE,capacity-shadow,70,STORY,STORY,1,,1
1,C_WEAK_SELECTED,STATE_MACHINE,geometry-shadow,70,STORY,STORY,1,0.2360820770263672,1
1,C_WEAK_SELECTED,STATE_MACHINE,incumbent,71,STORY,STORY,1,0.4335691928863525,1
1,C_WEAK_SELECTED,STATE_MACHINE,capacity-shadow,71,STORY,STORY,2,,1
1,C_WEAK_SELECTED,STATE_MACHINE,geometry-shadow,71,STORY,STORY,1,0.729520320892334,1
1,C_WEAK_SELECTED,STATE_MACHINE,incumbent,72,STORY,STORY,1,1.6718604564666748,1
1,C_WEAK_SELECTED,STATE_MACHINE,capacity-shadow,72,STORY,STORY,1,,1
1,C_WEAK_SELECTED,STATE_MACHINE,geometry-shadow,72,STORY,STORY,2,0.4627535939216614,1
1,C_WEAK_SELECTED,STATE_MACHINE,incumbent,73,STORY,STORY,1,0.9785634875297546,1
1,C_WEAK_SELECTED,STATE_MACHINE,capacity-shadow,73,STORY,STORY,2,,1
1,C_WEAK_SELECTED,STATE_MACHINE,geometry-shadow,73,STORY,STORY,1,0.0032863616943359,1
1,C_WEAK_SELECTED,STATE_MACHINE,incumbent,74,STORY,STORY,1,0.2123637199401855,1
1,C_WEAK_SELECTED,STATE_MACHINE,capacity-shadow,74,STORY,STORY,1,,1
1,C_WEAK_SELECTED,STATE_MACHINE,geometry-shadow,74,STORY,STORY,1,0.4420632123947143,1
1,C_WEAK_SELECTED,STATE_MACHINE,incumbent,75,STORY,STORY,1,1.1626126766204834,1
1,C_WEAK_SELECTED,STATE_MACHINE,capacity-shadow,75,STORY,STORY,2,,1
1,C_WEAK_SELECTED,STATE_MACHINE,geometry-shadow,75,STORY,STORY,1,0.3537803292274475,1
1,C_WEAK_SELECTED,STATE_MACHINE,incumbent,76,STORY,STORY,1,0.7899845242500305,1
1,C_WEAK_SELECTED,STATE_MACHINE,capacity-shadow,76,STORY,STORY,1,,1
1,C_WEAK_SELECTED,STATE_MACHINE,geometry-shadow,76,STORY,STORY,1,0.2430840730667114,1
1,C_WEAK_SELECTED,STATE_MACHINE,incumbent,77,STATE_MACHINE,SELECTED,0,0.936203956604004,1
1,C_WEAK_SELECTED,STATE_MACHINE,capacity-shadow,77,STATE_MACHINE,SELECTED,0,,1
1,C_WEAK_SELECTED,STATE_MACHINE,geometry-shadow,77,STATE_MACHINE,SELECTED,0,0.829047441482544,1
1,C_WEAK_SELECTED,STATE_MACHINE,incumbent,78,STORY,STORY,1,1.5461705923080444,1
1,C_WEAK_SELECTED,STATE_MACHINE,capacity-shadow,78,STORY,STORY,2,,1
1,C_WEAK_SELECTED,STATE_MACHINE,geometry-shadow,78,STORY,STORY,2,0.5314286351203918,1
1,C_WEAK_SELECTED,STATE_MACHINE,incumbent,79,STORY,STORY,1,0.8937292098999023,1
1,C_WEAK_SELECTED,STATE_MACHINE,capacity-shadow,79,STORY,STORY,1,,1
1,C_WEAK_SELECTED,STATE_MACHINE,geometry-shadow,79,STORY,STORY,1,0.1281435489654541,1
1,C_WEAK_SELECTED,STATE_MACHINE,incumbent,80,STORY,STORY,1,1.5663009881973269,1
1,C_WEAK_SELECTED,STATE_MACHINE,capacity-shadow,80,STORY,STORY,2,,1
1,C_WEAK_SELECTED,STATE_MACHINE,geometry-shadow,80,STORY,STORY,2,0.533120334148407,1
1,C_WEAK_SELECTED,STATE_MACHINE,incumbent,81,STORY,STORY,1,1.524968147277832,1
1,C_WEAK_SELECTED,STATE_MACHINE,capacity-shadow,81,STORY,STORY,1,,1
1,C_WEAK_SELECTED,STATE_MACHINE,geometry-shadow,81,STORY,STORY,2,0.5890320539474487,1
1,C_WEAK_SELECTED,STATE_MACHINE,incumbent,82,ARITH_A,ARITHMETIC,0,1.0646988153457642,1
1,C_WEAK_SELECTED,STATE_MACHINE,capacity-shadow,82,ARITH_A,ARITHMETIC,0,,1
1,C_WEAK_SELECTED,STATE_MACHINE,geometry-shadow,82,ARITH_A,ARITHMETIC,0,0.703147292137146,1
1,C_WEAK_SELECTED,STATE_MACHINE,incumbent,83,STORY,STORY,0,0.2220769524574279,1
1,C_WEAK_SELECTED,STATE_MACHINE,capacity-shadow,83,STORY,STORY,0,,1
1,C_WEAK_SELECTED,STATE_MACHINE,geometry-shadow,83,STORY,STORY,1,0.2390197515487671,1
1,C_WEAK_SELECTED,STATE_MACHINE,incumbent,84,ARITH_A,ARITHMETIC,0,1.0832198858261108,1
1,C_WEAK_SELECTED,STATE_MACHINE,capacity-shadow,84,ARITH_A,ARITHMETIC,0,,1
1,C_WEAK_SELECTED,STATE_MACHINE,geometry-shadow,84,ARITH_A,ARITHMETIC,0,0.7538763284683228,1
1,C_WEAK_SELECTED,STATE_MACHINE,incumbent,85,STORY,STORY,1,1.5597134828567505,1
1,C_WEAK_SELECTED,STATE_MACHINE,capacity-shadow,85,STORY,STORY,2,,1
1,C_WEAK_SELECTED,STATE_MACHINE,geometry-shadow,85,STORY,STORY,2,0.776325523853302,1
1,C_WEAK_SELECTED,STATE_MACHINE,incumbent,86,STORY,STORY,1,0.8170168399810791,1
1,C_WEAK_SELECTED,STATE_MACHINE,capacity-shadow,86,STORY,STORY,1,,1
1,C_WEAK_SELECTED,STATE_MACHINE,geometry-shadow,86,STORY,STORY,1,0.3631611466407776,1
1,C_WEAK_SELECTED,STATE_MACHINE,incumbent,87,ARITH_A,ARITHMETIC,0,1.0775957107543943,1
1,C_WEAK_SELECTED,STATE_MACHINE,capacity-shadow,87,ARITH_A,ARITHMETIC,0,,1
1,C_WEAK_SELECTED,STATE_MACHINE,geometry-shadow,87,ARITH_A,ARITHMETIC,0,0.7253108024597168,1
1,C_WEAK_SELECTED,STATE_MACHINE,incumbent,88,ARITH_A,ARITHMETIC,0,1.0702136754989624,1
1,C_WEAK_SELECTED,STATE_MACHINE,capacity-shadow,88,ARITH_A,ARITHMETIC,0,,1
1,C_WEAK_SELECTED,STATE_MACHINE,geometry-shadow,88,ARITH_A,ARITHMETIC,0,0.7008429169654846,1
1,C_WEAK_SELECTED,STATE_MACHINE,incumbent,89,STORY,STORY,0,0.0226318836212158,1
1,C_WEAK_SELECTED,STATE_MACHINE,capacity-shadow,89,STORY,STORY,0,,1
1,C_WEAK_SELECTED,STATE_MACHINE,geometry-shadow,89,STORY,STORY,1,0.411629319190979,1
1,C_WEAK_SELECTED,STATE_MACHINE,incumbent,90,ARITH_A,ARITHMETIC,0,1.07258403301239,1
1,C_WEAK_SELECTED,STATE_MACHINE,capacity-shadow,90,ARITH_A,ARITHMETIC,0,,1
1,C_WEAK_SELECTED,STATE_MACHINE,geometry-shadow,90,ARITH_A,ARITHMETIC,0,0.7117963433265686,1
1,C_WEAK_SELECTED,STATE_MACHINE,incumbent,91,ARITH_A,ARITHMETIC,0,1.0736693143844604,1
1,C_WEAK_SELECTED,STATE_MACHINE,capacity-shadow,91,ARITH_A,ARITHMETIC,0,,1
1,C_WEAK_SELECTED,STATE_MACHINE,geometry-shadow,91,ARITH_A,ARITHMETIC,0,0.7270210385322571,1
1,C_WEAK_SELECTED,STATE_MACHINE,incumbent,92,ARITH_A,ARITHMETIC,0,1.053588628768921,1
1,C_WEAK_SELECTED,STATE_MACHINE,capacity-shadow,92,ARITH_A,ARITHMETIC,0,,1
1,C_WEAK_SELECTED,STATE_MACHINE,geometry-shadow,92,ARITH_A,ARITHMETIC,0,0.6771588921546936,1
1,C_WEAK_SELECTED,STATE_MACHINE,incumbent,93,ARITH_A,ARITHMETIC,0,1.0653859376907349,1
1,C_WEAK_SELECTED,STATE_MACHINE,capacity-shadow,93,ARITH_A,ARITHMETIC,0,,1
1,C_WEAK_SELECTED,STATE_MACHINE,geometry-shadow,93,ARITH_A,ARITHMETIC,0,0.6984952092170715,1
1,C_WEAK_SELECTED,STATE_MACHINE,incumbent,94,ARITH_A,ARITHMETIC,0,1.078659176826477,1
1,C_WEAK_SELECTED,STATE_MACHINE,capacity-shadow,94,ARITH_A,ARITHMETIC,0,,1
1,C_WEAK_SELECTED,STATE_MACHINE,geometry-shadow,94,ARITH_A,ARITHMETIC,0,0.7278637290000916,1
1,C_WEAK_SELECTED,STATE_MACHINE,incumbent,95,STATE_MACHINE,SELECTED,0,0.9210067987442015,1
1,C_WEAK_SELECTED,STATE_MACHINE,capacity-shadow,95,STATE_MACHINE,SELECTED,0,,1
1,C_WEAK_SELECTED,STATE_MACHINE,geometry-shadow,95,STATE_MACHINE,SELECTED,0,0.8337188363075256,1
1,C_WEAK_SELECTED,STATE_MACHINE,incumbent,96,ARITH_A,ARITHMETIC,0,1.061488389968872,1
1,C_WEAK_SELECTED,STATE_MACHINE,capacity-shadow,96,ARITH_A,ARITHMETIC,0,,1
1,C_WEAK_SELECTED,STATE_MACHINE,geometry-shadow,96,ARITH_A,ARITHMETIC,0,0.6974529027938843,1
1,C_WEAK_SELECTED,STATE_MACHINE,incumbent,97,ARITH_A,ARITHMETIC,0,1.0724091529846191,1
1,C_WEAK_SELECTED,STATE_MACHINE,capacity-shadow,97,ARITH_A,ARITHMETIC,0,,1
1,C_WEAK_SELECTED,STATE_MACHINE,geometry-shadow,97,ARITH_A,ARITHMETIC,0,0.7316426634788513,1
1,C_WEAK_SELECTED,STATE_MACHINE,incumbent,98,STATE_MACHINE,SELECTED,0,0.944180190563202,1
1,C_WEAK_SELECTED,STATE_MACHINE,capacity-shadow,98,STATE_MACHINE,SELECTED,0,,1
1,C_WEAK_SELECTED,STATE_MACHINE,geometry-shadow,98,STATE_MACHINE,SELECTED,0,0.8338033556938171,1
1,C_WEAK_SELECTED,STATE_MACHINE,incumbent,99,STORY,STORY,1,0.0259466171264648,1
1,C_WEAK_SELECTED,STATE_MACHINE,capacity-shadow,99,STORY,STORY,2,,1
1,C_WEAK_SELECTED,STATE_MACHINE,geometry-shadow,99,STORY,STORY,1,0.2797150015830993,1
1,C_WEAK_SELECTED,STATE_MACHINE,incumbent,100,ARITH_A,ARITHMETIC,0,1.0637060403823853,1
1,C_WEAK_SELECTED,STATE_MACHINE,capacity-shadow,100,ARITH_A,ARITHMETIC,0,,1
1,C_WEAK_SELECTED,STATE_MACHINE,geometry-shadow,100,ARITH_A,ARITHMETIC,0,0.6893384456634521,1
1,C_WEAK_SELECTED,STATE_MACHINE,incumbent,101,STORY,STORY,0,0.1550784707069397,1
1,C_WEAK_SELECTED,STATE_MACHINE,capacity-shadow,101,STORY,STORY,0,,1
1,C_WEAK_SELECTED,STATE_MACHINE,geometry-shadow,101,STORY,STORY,1,0.3297279477119446,1
1,C_WEAK_SELECTED,STATE_MACHINE,incumbent,102,STATE_MACHINE,SELECTED,0,0.9160201549530028,1
1,C_WEAK_SELECTED,STATE_MACHINE,capacity-shadow,102,STATE_MACHINE,SELECTED,0,,1
1,C_WEAK_SELECTED,STATE_MACHINE,geometry-shadow,102,STATE_MACHINE,SELECTED,0,0.8287352919578552,1
1,C_WEAK_SELECTED,STATE_MACHINE,incumbent,103,STORY,STORY,1,1.393927812576294,1
1,C_WEAK_SELECTED,STATE_MACHINE,capacity-shadow,103,STORY,STORY,1,,1
1,C_WEAK_SELECTED,STATE_MACHINE,geometry-shadow,103,STORY,STORY,2,0.3471589684486389,1
1,C_WEAK_SELECTED,STATE_MACHINE,incumbent,104,STORY,STORY,1,0.5807900428771973,1
1,C_WEAK_SELECTED,STATE_MACHINE,capacity-shadow,104,STORY,STORY,2,,1
1,C_WEAK_SELECTED,STATE_MACHINE,geometry-shadow,104,STORY,STORY,1,0.1006731986999511,1
1,C_WEAK_SELECTED,STATE_MACHINE,incumbent,105,ARITH_A,ARITHMETIC,0,1.0578609704971311,1
1,C_WEAK_SELECTED,STATE_MACHINE,capacity-shadow,105,ARITH_A,ARITHMETIC,0,,1
1,C_WEAK_SELECTED,STATE_MACHINE,geometry-shadow,105,ARITH_A,ARITHMETIC,0,0.6789343953132629,1
1,C_WEAK_SELECTED,STATE_MACHINE,incumbent,106,STORY,STORY,0,0.2053759098052978,1
1,C_WEAK_SELECTED,STATE_MACHINE,capacity-shadow,106,STORY,STORY,0,,1
1,C_WEAK_SELECTED,STATE_MACHINE,geometry-shadow,106,STORY,STORY,0,0.1350308060646057,1
1,C_WEAK_SELECTED,STATE_MACHINE,incumbent,107,STORY,STORY,1,1.277565598487854,1
1,C_WEAK_SELECTED,STATE_MACHINE,capacity-shadow,107,STORY,STORY,1,,1
1,C_WEAK_SELECTED,STATE_MACHINE,geometry-shadow,107,STORY,STORY,2,0.6814283132553101,1
1,C_WEAK_SELECTED,STATE_MACHINE,incumbent,108,STATE_MACHINE,SELECTED,0,0.9220749735832214,1
1,C_WEAK_SELECTED,STATE_MACHINE,capacity-shadow,108,STATE_MACHINE,SELECTED,0,,1
1,C_WEAK_SELECTED,STATE_MACHINE,geometry-shadow,108,STATE_MACHINE,SELECTED,0,0.8300153613090515,1
1,C_WEAK_SELECTED,STATE_MACHINE,incumbent,109,ARITH_A,ARITHMETIC,0,1.0776760578155518,1
1,C_WEAK_SELECTED,STATE_MACHINE,capacity-shadow,109,ARITH_A,ARITHMETIC,0,,1
1,C_WEAK_SELECTED,STATE_MACHINE,geometry-shadow,109,ARITH_A,ARITHMETIC,0,0.7346084713935852,1
1,C_WEAK_SELECTED,STATE_MACHINE,incumbent,110,ARITH_A,ARITHMETIC,0,1.0422602891921997,1
1,C_WEAK_SELECTED,STATE_MACHINE,capacity-shadow,110,ARITH_A,ARITHMETIC,0,,1
1,C_WEAK_SELECTED,STATE_MACHINE,geometry-shadow,110,ARITH_A,ARITHMETIC,0,0.6635084748268127,1
1,C_WEAK_SELECTED,STATE_MACHINE,incumbent,111,STATE_MACHINE,SELECTED,0,0.9126094579696656,1
1,C_WEAK_SELECTED,STATE_MACHINE,capacity-shadow,111,STATE_MACHINE,SELECTED,0,,1
1,C_WEAK_SELECTED,STATE_MACHINE,geometry-shadow,111,STATE_MACHINE,SELECTED,0,0.8259339928627014,1
1,C_WEAK_SELECTED,STATE_MACHINE,incumbent,112,ARITH_A,ARITHMETIC,0,1.0487053394317627,1
1,C_WEAK_SELECTED,STATE_MACHINE,capacity-shadow,112,ARITH_A,ARITHMETIC,0,,1
1,C_WEAK_SELECTED,STATE_MACHINE,geometry-shadow,112,ARITH_A,ARITHMETIC,0,0.6703317165374756,1
1,C_WEAK_SELECTED,STATE_MACHINE,incumbent,113,ARITH_A,ARITHMETIC,0,1.0657870769500732,1
1,C_WEAK_SELECTED,STATE_MACHINE,capacity-shadow,113,ARITH_A,ARITHMETIC,0,,1
1,C_WEAK_SELECTED,STATE_MACHINE,geometry-shadow,113,ARITH_A,ARITHMETIC,0,0.6917412877082825,1
1,C_WEAK_SELECTED,STATE_MACHINE,incumbent,114,ARITH_A,ARITHMETIC,0,1.0476019382476809,1
1,C_WEAK_SELECTED,STATE_MACHINE,capacity-shadow,114,ARITH_A,ARITHMETIC,0,,1
1,C_WEAK_SELECTED,STATE_MACHINE,geometry-shadow,114,ARITH_A,ARITHMETIC,0,0.6650446057319641,1
1,C_WEAK_SELECTED,STATE_MACHINE,incumbent,115,ARITH_A,ARITHMETIC,0,1.0556762218475342,1
1,C_WEAK_SELECTED,STATE_MACHINE,capacity-shadow,115,ARITH_A,ARITHMETIC,0,,1
1,C_WEAK_SELECTED,STATE_MACHINE,geometry-shadow,115,ARITH_A,ARITHMETIC,0,0.6866743564605713,1
1,C_WEAK_SELECTED,STATE_MACHINE,incumbent,116,ARITH_A,ARITHMETIC,0,1.076494216918945,1
1,C_WEAK_SELECTED,STATE_MACHINE,capacity-shadow,116,ARITH_A,ARITHMETIC,0,,1
1,C_WEAK_SELECTED,STATE_MACHINE,geometry-shadow,116,ARITH_A,ARITHMETIC,0,0.7286503314971924,1
1,C_WEAK_SELECTED,STATE_MACHINE,incumbent,117,ARITH_A,ARITHMETIC,0,1.0769411325454712,1
1,C_WEAK_SELECTED,STATE_MACHINE,capacity-shadow,117,ARITH_A,ARITHMETIC,0,,1
1,C_WEAK_SELECTED,STATE_MACHINE,geometry-shadow,117,ARITH_A,ARITHMETIC,0,0.7415237426757812,1
1,C_WEAK_SELECTED,STATE_MACHINE,incumbent,118,ARITH_A,ARITHMETIC,0,1.0595084428787231,1
1,C_WEAK_SELECTED,STATE_MACHINE,capacity-shadow,118,ARITH_A,ARITHMETIC,0,,1
1,C_WEAK_SELECTED,STATE_MACHINE,geometry-shadow,118,ARITH_A,ARITHMETIC,0,0.6778818368911743,1
1,C_WEAK_SELECTED,STATE_MACHINE,incumbent,119,ARITH_A,ARITHMETIC,0,1.0550936460494995,1
1,C_WEAK_SELECTED,STATE_MACHINE,capacity-shadow,119,ARITH_A,ARITHMETIC,0,,1
1,C_WEAK_SELECTED,STATE_MACHINE,geometry-shadow,119,ARITH_A,ARITHMETIC,0,0.6835921406745911,1
1,C_WEAK_SELECTED,STATE_MACHINE,incumbent,120,STORY,STORY,1,0.715530514717102,1
1,C_WEAK_SELECTED,STATE_MACHINE,capacity-shadow,120,STORY,STORY,2,,1
1,C_WEAK_SELECTED,STATE_MACHINE,geometry-shadow,120,STORY,STORY,2,0.6687833070755005,1
1,C_WEAK_SELECTED,STATE_MACHINE,incumbent,121,STORY,STORY,1,0.0172204971313476,1
1,C_WEAK_SELECTED,STATE_MACHINE,capacity-shadow,121,STORY,STORY,1,,1
1,C_WEAK_SELECTED,STATE_MACHINE,geometry-shadow,121,STORY,STORY,1,0.1539757847785949,1
1,C_WEAK_SELECTED,STATE_MACHINE,incumbent,122,STORY,STORY,1,0.946498155593872,1
1,C_WEAK_SELECTED,STATE_MACHINE,capacity-shadow,122,STORY,STORY,2,,1
1,C_WEAK_SELECTED,STATE_MACHINE,geometry-shadow,122,STORY,STORY,1,0.4277149438858032,1
1,C_WEAK_SELECTED,STATE_MACHINE,incumbent,123,STORY,STORY,1,0.8538556098937988,1
1,C_WEAK_SELECTED,STATE_MACHINE,capacity-shadow,123,STORY,STORY,1,,1
1,C_WEAK_SELECTED,STATE_MACHINE,geometry-shadow,123,STORY,STORY,2,0.3732287883758545,1
1,C_WEAK_SELECTED,STATE_MACHINE,incumbent,124,STORY,STORY,1,0.0114674568176269,1
1,C_WEAK_SELECTED,STATE_MACHINE,capacity-shadow,124,STORY,STORY,2,,1
1,C_WEAK_SELECTED,STATE_MACHINE,geometry-shadow,124,STORY,STORY,1,0.4232528805732727,1
1,C_WEAK_SELECTED,STATE_MACHINE,incumbent,125,ARITH_A,ARITHMETIC,0,1.0495253801345823,1
1,C_WEAK_SELECTED,STATE_MACHINE,capacity-shadow,125,ARITH_A,ARITHMETIC,0,,1
1,C_WEAK_SELECTED,STATE_MACHINE,geometry-shadow,125,ARITH_A,ARITHMETIC,0,0.6632909774780273,1
1,C_WEAK_SELECTED,STATE_MACHINE,incumbent,126,ARITH_A,ARITHMETIC,0,1.044466853141785,1
1,C_WEAK_SELECTED,STATE_MACHINE,capacity-shadow,126,ARITH_A,ARITHMETIC,0,,1
1,C_WEAK_SELECTED,STATE_MACHINE,geometry-shadow,126,ARITH_A,ARITHMETIC,0,0.6615951061248779,1
1,C_WEAK_SELECTED,STATE_MACHINE,incumbent,127,ARITH_A,ARITHMETIC,0,1.0789189338684082,1
1,C_WEAK_SELECTED,STATE_MACHINE,capacity-shadow,127,ARITH_A,ARITHMETIC,0,,1
1,C_WEAK_SELECTED,STATE_MACHINE,geometry-shadow,127,ARITH_A,ARITHMETIC,0,0.7448717355728149,1
1,C_WEAK_SELECTED,STATE_MACHINE,incumbent,128,STORY,STORY,1,1.010836839675903,1
1,C_WEAK_SELECTED,STATE_MACHINE,capacity-shadow,128,STORY,STORY,1,,1
1,C_WEAK_SELECTED,STATE_MACHINE,geometry-shadow,128,STORY,STORY,2,0.2620328664779663,1
1,C_WEAK_SELECTED,STATE_MACHINE,incumbent,129,ARITH_A,ARITHMETIC,0,1.0836600065231323,1
1,C_WEAK_SELECTED,STATE_MACHINE,capacity-shadow,129,ARITH_A,ARITHMETIC,0,,1
1,C_WEAK_SELECTED,STATE_MACHINE,geometry-shadow,129,ARITH_A,ARITHMETIC,0,0.742936909198761,1
1,C_WEAK_SELECTED,STATE_MACHINE,incumbent,130,ARITH_A,ARITHMETIC,0,1.062896966934204,1
1,C_WEAK_SELECTED,STATE_MACHINE,capacity-shadow,130,ARITH_A,ARITHMETIC,0,,1
1,C_WEAK_SELECTED,STATE_MACHINE,geometry-shadow,130,ARITH_A,ARITHMETIC,0,0.6949172019958496,1
1,C_WEAK_SELECTED,STATE_MACHINE,incumbent,131,ARITH_A,ARITHMETIC,0,1.0430166721343994,1
1,C_WEAK_SELECTED,STATE_MACHINE,capacity-shadow,131,ARITH_A,ARITHMETIC,0,,1
1,C_WEAK_SELECTED,STATE_MACHINE,geometry-shadow,131,ARITH_A,ARITHMETIC,0,0.6482424736022949,1
1,C_WEAK_SELECTED,STATE_MACHINE,incumbent,132,STORY,STORY,1,1.222158670425415,1
1,C_WEAK_SELECTED,STATE_MACHINE,capacity-shadow,132,STORY,STORY,2,,1
1,C_WEAK_SELECTED,STATE_MACHINE,geometry-shadow,132,STORY,STORY,2,0.0904858112335205,1
1,C_WEAK_SELECTED,STATE_MACHINE,incumbent,133,ARITH_A,ARITHMETIC,0,1.0665993690490725,1
1,C_WEAK_SELECTED,STATE_MACHINE,capacity-shadow,133,ARITH_A,ARITHMETIC,0,,1
1,C_WEAK_SELECTED,STATE_MACHINE,geometry-shadow,133,ARITH_A,ARITHMETIC,0,0.6998690366744995,1
1,C_WEAK_SELECTED,STATE_MACHINE,incumbent,134,ARITH_A,ARITHMETIC,0,1.07432222366333,1
1,C_WEAK_SELECTED,STATE_MACHINE,capacity-shadow,134,ARITH_A,ARITHMETIC,0,,1
1,C_WEAK_SELECTED,STATE_MACHINE,geometry-shadow,134,ARITH_A,ARITHMETIC,0,0.717377245426178,1
1,C_WEAK_SELECTED,STATE_MACHINE,incumbent,135,STORY,STORY,0,0.3132601380348205,1
1,C_WEAK_SELECTED,STATE_MACHINE,capacity-shadow,135,STORY,STORY,0,,1
1,C_WEAK_SELECTED,STATE_MACHINE,geometry-shadow,135,STORY,STORY,1,0.1057118773460388,1
1,C_WEAK_SELECTED,STATE_MACHINE,incumbent,136,STORY,STORY,1,0.5713986754417419,1
1,C_WEAK_SELECTED,STATE_MACHINE,capacity-shadow,136,STORY,STORY,1,,1
1,C_WEAK_SELECTED,STATE_MACHINE,geometry-shadow,136,STORY,STORY,1,0.7672181725502014,1
1,C_WEAK_SELECTED,STATE_MACHINE,incumbent,137,STORY,STORY,1,0.8049838542938232,1
1,C_WEAK_SELECTED,STATE_MACHINE,capacity-shadow,137,STORY,STORY,2,,1
1,C_WEAK_SELECTED,STATE_MACHINE,geometry-shadow,137,STORY,STORY,2,0.1025434732437133,1
1,C_WEAK_SELECTED,STATE_MACHINE,incumbent,138,ARITH_A,ARITHMETIC,0,1.0658040046691897,1
1,C_WEAK_SELECTED,STATE_MACHINE,capacity-shadow,138,ARITH_A,ARITHMETIC,0,,1
1,C_WEAK_SELECTED,STATE_MACHINE,geometry-shadow,138,ARITH_A,ARITHMETIC,0,0.7028533220291138,1
1,C_WEAK_SELECTED,STATE_MACHINE,incumbent,139,STORY,STORY,0,0.2609139680862427,1
1,C_WEAK_SELECTED,STATE_MACHINE,capacity-shadow,139,STORY,STORY,0,,1
1,C_WEAK_SELECTED,STATE_MACHINE,geometry-shadow,139,STORY,STORY,0,0.0257418751716613,1
1,C_WEAK_SELECTED,STATE_MACHINE,incumbent,140,ARITH_A,ARITHMETIC,0,1.07715106010437,1
1,C_WEAK_SELECTED,STATE_MACHINE,capacity-shadow,140,ARITH_A,ARITHMETIC,0,,1
1,C_WEAK_SELECTED,STATE_MACHINE,geometry-shadow,140,ARITH_A,ARITHMETIC,0,0.7211481928825378,1
1,C_WEAK_SELECTED,STATE_MACHINE,incumbent,141,ARITH_A,ARITHMETIC,0,1.0535714626312256,1
1,C_WEAK_SELECTED,STATE_MACHINE,capacity-shadow,141,ARITH_A,ARITHMETIC,0,,1
1,C_WEAK_SELECTED,STATE_MACHINE,geometry-shadow,141,ARITH_A,ARITHMETIC,0,0.667680561542511,1
1,C_WEAK_SELECTED,STATE_MACHINE,incumbent,142,STORY,STORY,1,1.0567548274993896,1
1,C_WEAK_SELECTED,STATE_MACHINE,capacity-shadow,142,STORY,STORY,1,,1
1,C_WEAK_SELECTED,STATE_MACHINE,geometry-shadow,142,STORY,STORY,2,0.2177948951721191,1
1,C_WEAK_SELECTED,STATE_MACHINE,incumbent,143,STORY,STORY,1,1.6534273624420166,1
1,C_WEAK_SELECTED,STATE_MACHINE,capacity-shadow,143,STORY,STORY,2,,1
1,C_WEAK_SELECTED,STATE_MACHINE,geometry-shadow,143,STORY,STORY,2,0.8152944445610046,1
1,C_WEAK_SELECTED,STATE_MACHINE,incumbent,144,STORY,STORY,1,0.7865190505981445,1
1,C_WEAK_SELECTED,STATE_MACHINE,capacity-shadow,144,STORY,STORY,1,,1
1,C_WEAK_SELECTED,STATE_MACHINE,geometry-shadow,144,STORY,STORY,1,0.0804375410079956,1
1,C_WEAK_SELECTED,STATE_MACHINE,incumbent,145,STORY,STORY,1,1.6728874444961548,1
1,C_WEAK_SELECTED,STATE_MACHINE,capacity-shadow,145,STORY,STORY,2,,1
1,C_WEAK_SELECTED,STATE_MACHINE,geometry-shadow,145,STORY,STORY,2,0.4558051824569702,1
1,C_WEAK_SELECTED,STATE_MACHINE,incumbent,146,STORY,STORY,1,0.9871722459793092,1
1,C_WEAK_SELECTED,STATE_MACHINE,capacity-shadow,146,STORY,STORY,1,,1
1,C_WEAK_SELECTED,STATE_MACHINE,geometry-shadow,146,STORY,STORY,1,0.3965580463409424,1
1,C_WEAK_SELECTED,STATE_MACHINE,incumbent,147,ARITH_A,ARITHMETIC,0,1.0578736066818235,1
1,C_WEAK_SELECTED,STATE_MACHINE,capacity-shadow,147,ARITH_A,ARITHMETIC,0,,1
1,C_WEAK_SELECTED,STATE_MACHINE,geometry-shadow,147,ARITH_A,ARITHMETIC,0,0.6877303719520569,1
1,C_WEAK_SELECTED,STATE_MACHINE,incumbent,148,ARITH_A,ARITHMETIC,0,1.0688453912734983,1
1,C_WEAK_SELECTED,STATE_MACHINE,capacity-shadow,148,ARITH_A,ARITHMETIC,0,,1
1,C_WEAK_SELECTED,STATE_MACHINE,geometry-shadow,148,ARITH_A,ARITHMETIC,0,0.7063339948654175,1
1,C_WEAK_SELECTED,STATE_MACHINE,incumbent,149,ARITH_A,ARITHMETIC,0,1.077150821685791,1
1,C_WEAK_SELECTED,STATE_MACHINE,capacity-shadow,149,ARITH_A,ARITHMETIC,0,,1
1,C_WEAK_SELECTED,STATE_MACHINE,geometry-shadow,149,ARITH_A,ARITHMETIC,0,0.7234959006309509,1
1,C_WEAK_SELECTED,STATE_MACHINE,incumbent,150,STATE_MACHINE,SELECTED,0,0.935274600982666,1
1,C_WEAK_SELECTED,STATE_MACHINE,capacity-shadow,150,STATE_MACHINE,SELECTED,0,,1
1,C_WEAK_SELECTED,STATE_MACHINE,geometry-shadow,150,STATE_MACHINE,SELECTED,0,0.8291747570037842,1
1,C_WEAK_SELECTED,STATE_MACHINE,incumbent,151,STORY,STORY,0,0.1408623456954956,1
1,C_WEAK_SELECTED,STATE_MACHINE,capacity-shadow,151,STORY,STORY,0,,1
1,C_WEAK_SELECTED,STATE_MACHINE,geometry-shadow,151,STORY,STORY,1,0.2921798825263977,1
1,C_WEAK_SELECTED,STATE_MACHINE,incumbent,152,ARITH_A,ARITHMETIC,0,1.0821229219436646,1
1,C_WEAK_SELECTED,STATE_MACHINE,capacity-shadow,152,ARITH_A,ARITHMETIC,0,,1
1,C_WEAK_SELECTED,STATE_MACHINE,geometry-shadow,152,ARITH_A,ARITHMETIC,0,0.7424320578575134,1
1,C_WEAK_SELECTED,STATE_MACHINE,incumbent,153,STATE_MACHINE,SELECTED,0,0.9212934970855712,1
1,C_WEAK_SELECTED,STATE_MACHINE,capacity-shadow,153,STATE_MACHINE,SELECTED,0,,1
1,C_WEAK_SELECTED,STATE_MACHINE,geometry-shadow,153,STATE_MACHINE,SELECTED,0,0.831442654132843,1
1,C_WEAK_SELECTED,STATE_MACHINE,incumbent,154,STORY,STORY,1,1.6946892738342283,1
1,C_WEAK_SELECTED,STATE_MACHINE,capacity-shadow,154,STORY,STORY,2,,1
1,C_WEAK_SELECTED,STATE_MACHINE,geometry-shadow,154,STORY,STORY,2,0.9963741898536682,1
1,C_WEAK_SELECTED,STATE_MACHINE,incumbent,155,STORY,STORY,1,0.7567219138145447,1
1,C_WEAK_SELECTED,STATE_MACHINE,capacity-shadow,155,STORY,STORY,1,,1
1,C_WEAK_SELECTED,STATE_MACHINE,geometry-shadow,155,STORY,STORY,1,0.4360896348953247,1
1,C_WEAK_SELECTED,STATE_MACHINE,incumbent,156,ARITH_A,ARITHMETIC,0,1.0666751861572266,1
1,C_WEAK_SELECTED,STATE_MACHINE,capacity-shadow,156,ARITH_A,ARITHMETIC,0,,1
1,C_WEAK_SELECTED,STATE_MACHINE,geometry-shadow,156,ARITH_A,ARITHMETIC,0,0.69659423828125,1
1,C_WEAK_SELECTED,STATE_MACHINE,incumbent,157,ARITH_A,ARITHMETIC,0,1.0697312355041504,1
1,C_WEAK_SELECTED,STATE_MACHINE,capacity-shadow,157,ARITH_A,ARITHMETIC,0,,1
1,C_WEAK_SELECTED,STATE_MACHINE,geometry-shadow,157,ARITH_A,ARITHMETIC,0,0.7281758785247803,1
1,C_WEAK_SELECTED,STATE_MACHINE,incumbent,158,STATE_MACHINE,SELECTED,0,0.9175086617469788,1
1,C_WEAK_SELECTED,STATE_MACHINE,capacity-shadow,158,STATE_MACHINE,SELECTED,0,,1
1,C_WEAK_SELECTED,STATE_MACHINE,geometry-shadow,158,STATE_MACHINE,SELECTED,0,0.831824779510498,1
1,C_WEAK_SELECTED,STATE_MACHINE,incumbent,159,ARITH_A,ARITHMETIC,0,1.0610289573669434,1
1,C_WEAK_SELECTED,STATE_MACHINE,capacity-shadow,159,ARITH_A,ARITHMETIC,0,,1
1,C_WEAK_SELECTED,STATE_MACHINE,geometry-shadow,159,ARITH_A,ARITHMETIC,0,0.6838692426681519,1
1,C_WEAK_SELECTED,STATE_MACHINE,incumbent,160,STORY,STORY,1,0.977950930595398,1
1,C_WEAK_SELECTED,STATE_MACHINE,capacity-shadow,160,STORY,STORY,2,,1
1,C_WEAK_SELECTED,STATE_MACHINE,geometry-shadow,160,STORY,STORY,2,0.3589383363723755,1
1,C_WEAK_SELECTED,STATE_MACHINE,incumbent,161,STORY,STORY,1,0.7601936459541321,1
1,C_WEAK_SELECTED,STATE_MACHINE,capacity-shadow,161,STORY,STORY,1,,1
1,C_WEAK_SELECTED,STATE_MACHINE,geometry-shadow,161,STORY,STORY,1,0.5563180446624756,1
1,C_WEAK_SELECTED,STATE_MACHINE,incumbent,162,ARITH_A,ARITHMETIC,0,1.069201946258545,1
1,C_WEAK_SELECTED,STATE_MACHINE,capacity-shadow,162,ARITH_A,ARITHMETIC,0,,1
1,C_WEAK_SELECTED,STATE_MACHINE,geometry-shadow,162,ARITH_A,ARITHMETIC,0,0.6989189982414246,1
1,C_WEAK_SELECTED,STATE_MACHINE,incumbent,163,STORY,STORY,0,0.6638633012771606,1
1,C_WEAK_SELECTED,STATE_MACHINE,capacity-shadow,163,STORY,STORY,0,,1
1,C_WEAK_SELECTED,STATE_MACHINE,geometry-shadow,163,STORY,STORY,0,0.1842023134231567,1
1,C_WEAK_SELECTED,STATE_MACHINE,incumbent,164,STATE_MACHINE,SELECTED,0,0.9412886500358582,1
1,C_WEAK_SELECTED,STATE_MACHINE,capacity-shadow,164,STATE_MACHINE,SELECTED,0,,1
1,C_WEAK_SELECTED,STATE_MACHINE,geometry-shadow,164,STATE_MACHINE,SELECTED,0,0.8309539556503296,1
1,C_WEAK_SELECTED,STATE_MACHINE,incumbent,165,ARITH_A,ARITHMETIC,0,1.071584701538086,1
1,C_WEAK_SELECTED,STATE_MACHINE,capacity-shadow,165,ARITH_A,ARITHMETIC,0,,1
1,C_WEAK_SELECTED,STATE_MACHINE,geometry-shadow,165,ARITH_A,ARITHMETIC,0,0.7116810083389282,1
1,C_WEAK_SELECTED,STATE_MACHINE,incumbent,166,STATE_MACHINE,SELECTED,0,0.949036717414856,1
1,C_WEAK_SELECTED,STATE_MACHINE,capacity-shadow,166,STATE_MACHINE,SELECTED,0,,1
1,C_WEAK_SELECTED,STATE_MACHINE,geometry-shadow,166,STATE_MACHINE,SELECTED,0,0.8309991359710693,1
1,C_WEAK_SELECTED,STATE_MACHINE,incumbent,167,ARITH_A,ARITHMETIC,0,1.0787497758865356,1
1,C_WEAK_SELECTED,STATE_MACHINE,capacity-shadow,167,ARITH_A,ARITHMETIC,0,,1
1,C_WEAK_SELECTED,STATE_MACHINE,geometry-shadow,167,ARITH_A,ARITHMETIC,0,0.7249802350997925,1
1,C_WEAK_SELECTED,STATE_MACHINE,incumbent,168,STORY,STORY,1,1.245760440826416,1
1,C_WEAK_SELECTED,STATE_MACHINE,capacity-shadow,168,STORY,STORY,2,,1
1,C_WEAK_SELECTED,STATE_MACHINE,geometry-shadow,168,STORY,STORY,2,0.2495803236961364,1
1,C_WEAK_SELECTED,STATE_MACHINE,incumbent,169,ARITH_A,ARITHMETIC,0,1.024955987930298,1
1,C_WEAK_SELECTED,STATE_MACHINE,capacity-shadow,169,ARITH_A,ARITHMETIC,0,,1
1,C_WEAK_SELECTED,STATE_MACHINE,geometry-shadow,169,ARITH_A,ARITHMETIC,0,0.6253405213356018,1
1,C_WEAK_SELECTED,STATE_MACHINE,incumbent,170,STORY,STORY,1,0.1931620836257934,1
1,C_WEAK_SELECTED,STATE_MACHINE,capacity-shadow,170,STORY,STORY,1,,1
1,C_WEAK_SELECTED,STATE_MACHINE,geometry-shadow,170,STORY,STORY,1,0.2182585000991821,1
1,C_WEAK_SELECTED,STATE_MACHINE,incumbent,171,ARITH_A,ARITHMETIC,0,1.0781444311141968,1
1,C_WEAK_SELECTED,STATE_MACHINE,capacity-shadow,171,ARITH_A,ARITHMETIC,0,,1
1,C_WEAK_SELECTED,STATE_MACHINE,geometry-shadow,171,ARITH_A,ARITHMETIC,0,0.721704363822937,1
1,C_WEAK_SELECTED,STATE_MACHINE,incumbent,172,ARITH_A,ARITHMETIC,0,1.0436134338378906,1
1,C_WEAK_SELECTED,STATE_MACHINE,capacity-shadow,172,ARITH_A,ARITHMETIC,0,,1
1,C_WEAK_SELECTED,STATE_MACHINE,geometry-shadow,172,ARITH_A,ARITHMETIC,0,0.6623899340629578,1
1,C_WEAK_SELECTED,STATE_MACHINE,incumbent,173,ARITH_A,ARITHMETIC,0,1.046489953994751,1
1,C_WEAK_SELECTED,STATE_MACHINE,capacity-shadow,173,ARITH_A,ARITHMETIC,0,,1
1,C_WEAK_SELECTED,STATE_MACHINE,geometry-shadow,173,ARITH_A,ARITHMETIC,0,0.6710733771324158,1
1,C_WEAK_SELECTED,STATE_MACHINE,incumbent,174,STORY,STORY,1,1.8309752941131592,1
1,C_WEAK_SELECTED,STATE_MACHINE,capacity-shadow,174,STORY,STORY,2,,1
1,C_WEAK_SELECTED,STATE_MACHINE,geometry-shadow,174,STORY,STORY,2,0.9301158785820008,1
1,C_WEAK_SELECTED,STATE_MACHINE,incumbent,175,STORY,STORY,1,1.7010505199432373,1
1,C_WEAK_SELECTED,STATE_MACHINE,capacity-shadow,175,STORY,STORY,1,,1
1,C_WEAK_SELECTED,STATE_MACHINE,geometry-shadow,175,STORY,STORY,2,0.8801662921905518,1
1,C_WEAK_SELECTED,STATE_MACHINE,incumbent,176,ARITH_A,ARITHMETIC,0,1.080648422241211,1
1,C_WEAK_SELECTED,STATE_MACHINE,capacity-shadow,176,ARITH_A,ARITHMETIC,0,,1
1,C_WEAK_SELECTED,STATE_MACHINE,geometry-shadow,176,ARITH_A,ARITHMETIC,0,0.7323314547538757,1
1,C_WEAK_SELECTED,STATE_MACHINE,incumbent,177,ARITH_A,ARITHMETIC,0,1.0708796977996826,1
1,C_WEAK_SELECTED,STATE_MACHINE,capacity-shadow,177,ARITH_A,ARITHMETIC,0,,1
1,C_WEAK_SELECTED,STATE_MACHINE,geometry-shadow,177,ARITH_A,ARITHMETIC,0,0.7122489809989929,1
1,C_WEAK_SELECTED,STATE_MACHINE,incumbent,178,ARITH_A,ARITHMETIC,0,1.0571019649505615,1
1,C_WEAK_SELECTED,STATE_MACHINE,capacity-shadow,178,ARITH_A,ARITHMETIC,0,,1
1,C_WEAK_SELECTED,STATE_MACHINE,geometry-shadow,178,ARITH_A,ARITHMETIC,0,0.6848602890968323,1
1,C_WEAK_SELECTED,STATE_MACHINE,incumbent,179,ARITH_A,ARITHMETIC,0,1.0729265213012695,1
1,C_WEAK_SELECTED,STATE_MACHINE,capacity-shadow,179,ARITH_A,ARITHMETIC,0,,1
1,C_WEAK_SELECTED,STATE_MACHINE,geometry-shadow,179,ARITH_A,ARITHMETIC,0,0.7141984701156616,1
1,C_WEAK_SELECTED,STATE_MACHINE,incumbent,180,ARITH_A,ARITHMETIC,0,1.0550609827041626,1
1,C_WEAK_SELECTED,STATE_MACHINE,capacity-shadow,180,ARITH_A,ARITHMETIC,0,,1
1,C_WEAK_SELECTED,STATE_MACHINE,geometry-shadow,180,ARITH_A,ARITHMETIC,0,0.6924839615821838,1
1,C_WEAK_SELECTED,STATE_MACHINE,incumbent,181,ARITH_A,ARITHMETIC,0,1.0406428575515747,1
1,C_WEAK_SELECTED,STATE_MACHINE,capacity-shadow,181,ARITH_A,ARITHMETIC,0,,1
1,C_WEAK_SELECTED,STATE_MACHINE,geometry-shadow,181,ARITH_A,ARITHMETIC,0,0.6605386734008789,1
1,C_WEAK_SELECTED,STATE_MACHINE,incumbent,182,ARITH_A,ARITHMETIC,0,1.064694046974182,1
1,C_WEAK_SELECTED,STATE_MACHINE,capacity-shadow,182,ARITH_A,ARITHMETIC,0,,1
1,C_WEAK_SELECTED,STATE_MACHINE,geometry-shadow,182,ARITH_A,ARITHMETIC,0,0.7018886208534241,1
1,C_WEAK_SELECTED,STATE_MACHINE,incumbent,183,STORY,STORY,1,0.7921925783157349,1
1,C_WEAK_SELECTED,STATE_MACHINE,capacity-shadow,183,STORY,STORY,2,,1
1,C_WEAK_SELECTED,STATE_MACHINE,geometry-shadow,183,STORY,STORY,1,0.4134263396263122,1
1,C_WEAK_SELECTED,STATE_MACHINE,incumbent,184,STORY,STORY,1,0.6880772113800049,1
1,C_WEAK_SELECTED,STATE_MACHINE,capacity-shadow,184,STORY,STORY,1,,1
1,C_WEAK_SELECTED,STATE_MACHINE,geometry-shadow,184,STORY,STORY,1,0.3121074438095093,1
1,C_WEAK_SELECTED,STATE_MACHINE,incumbent,185,ARITH_A,ARITHMETIC,0,1.0765942335128784,1
1,C_WEAK_SELECTED,STATE_MACHINE,capacity-shadow,185,ARITH_A,ARITHMETIC,0,,1
1,C_WEAK_SELECTED,STATE_MACHINE,geometry-shadow,185,ARITH_A,ARITHMETIC,0,0.7336332201957703,1
1,C_WEAK_SELECTED,STATE_MACHINE,incumbent,186,ARITH_A,ARITHMETIC,0,1.0406941175460815,1
1,C_WEAK_SELECTED,STATE_MACHINE,capacity-shadow,186,ARITH_A,ARITHMETIC,0,,1
1,C_WEAK_SELECTED,STATE_MACHINE,geometry-shadow,186,ARITH_A,ARITHMETIC,0,0.6562697887420654,1
1,C_WEAK_SELECTED,STATE_MACHINE,incumbent,187,STORY,STORY,1,1.13328754901886,1
1,C_WEAK_SELECTED,STATE_MACHINE,capacity-shadow,187,STORY,STORY,2,,1
1,C_WEAK_SELECTED,STATE_MACHINE,geometry-shadow,187,STORY,STORY,2,0.6394767761230469,1
1,C_WEAK_SELECTED,STATE_MACHINE,incumbent,188,ARITH_A,ARITHMETIC,0,1.0724347829818726,1
1,C_WEAK_SELECTED,STATE_MACHINE,capacity-shadow,188,ARITH_A,ARITHMETIC,0,,1
1,C_WEAK_SELECTED,STATE_MACHINE,geometry-shadow,188,ARITH_A,ARITHMETIC,0,0.7487900853157043,1
1,C_WEAK_SELECTED,STATE_MACHINE,incumbent,189,STORY,STORY,1,1.142674446105957,1
1,C_WEAK_SELECTED,STATE_MACHINE,capacity-shadow,189,STORY,STORY,1,,1
1,C_WEAK_SELECTED,STATE_MACHINE,geometry-shadow,189,STORY,STORY,1,0.5070772171020508,1
1,C_WEAK_SELECTED,STATE_MACHINE,incumbent,190,ARITH_A,ARITHMETIC,0,1.0725022554397583,1
1,C_WEAK_SELECTED,STATE_MACHINE,capacity-shadow,190,ARITH_A,ARITHMETIC,0,,1
1,C_WEAK_SELECTED,STATE_MACHINE,geometry-shadow,190,ARITH_A,ARITHMETIC,0,0.7304760217666626,1
1,C_WEAK_SELECTED,STATE_MACHINE,incumbent,191,STORY,STORY,1,1.3659207820892334,1
1,C_WEAK_SELECTED,STATE_MACHINE,capacity-shadow,191,STORY,STORY,2,,1
1,C_WEAK_SELECTED,STATE_MACHINE,geometry-shadow,191,STORY,STORY,2,0.3597704172134399,1
1,C_WEAK_SELECTED,STATE_MACHINE,incumbent,192,STORY,STORY,1,1.7777506113052368,1
1,C_WEAK_SELECTED,STATE_MACHINE,capacity-shadow,192,STORY,STORY,1,,1
1,C_WEAK_SELECTED,STATE_MACHINE,geometry-shadow,192,STORY,STORY,2,0.9104381799697876,1
1,C_WEAK_SELECTED,STATE_MACHINE,incumbent,193,STORY,STORY,0,0.5006068348884583,1
1,C_WEAK_SELECTED,STATE_MACHINE,capacity-shadow,193,STORY,STORY,0,,1
1,C_WEAK_SELECTED,STATE_MACHINE,geometry-shadow,193,STORY,STORY,0,0.2716225385665893,1
1,C_WEAK_SELECTED,STATE_MACHINE,incumbent,194,STORY,STORY,1,1.1689852476119995,1
1,C_WEAK_SELECTED,STATE_MACHINE,capacity-shadow,194,STORY,STORY,2,,1
1,C_WEAK_SELECTED,STATE_MACHINE,geometry-shadow,194,STORY,STORY,1,0.0792125463485717,1
1,C_WEAK_SELECTED,STATE_MACHINE,incumbent,195,ARITH_A,ARITHMETIC,0,1.050652265548706,1
1,C_WEAK_SELECTED,STATE_MACHINE,capacity-shadow,195,ARITH_A,ARITHMETIC,0,,1
1,C_WEAK_SELECTED,STATE_MACHINE,geometry-shadow,195,ARITH_A,ARITHMETIC,0,0.6826673746109009,1
1,C_WEAK_SELECTED,STATE_MACHINE,incumbent,196,STORY,STORY,1,1.932201147079468,1
1,C_WEAK_SELECTED,STATE_MACHINE,capacity-shadow,196,STORY,STORY,1,,1
1,C_WEAK_SELECTED,STATE_MACHINE,geometry-shadow,196,STORY,STORY,2,0.9620906114578248,1
1,C_WEAK_SELECTED,STATE_MACHINE,incumbent,197,ARITH_A,ARITHMETIC,0,1.0721553564071655,1
1,C_WEAK_SELECTED,STATE_MACHINE,capacity-shadow,197,ARITH_A,ARITHMETIC,0,,1
1,C_WEAK_SELECTED,STATE_MACHINE,geometry-shadow,197,ARITH_A,ARITHMETIC,0,0.7037224769592285,1
1,C_WEAK_SELECTED,STATE_MACHINE,incumbent,198,ARITH_A,ARITHMETIC,0,1.0826274156570437,1
1,C_WEAK_SELECTED,STATE_MACHINE,capacity-shadow,198,ARITH_A,ARITHMETIC,0,,1
1,C_WEAK_SELECTED,STATE_MACHINE,geometry-shadow,198,ARITH_A,ARITHMETIC,0,0.749755322933197,1
1,C_WEAK_SELECTED,STATE_MACHINE,incumbent,199,ARITH_A,ARITHMETIC,0,1.0792497396469116,1
1,C_WEAK_SELECTED,STATE_MACHINE,capacity-shadow,199,ARITH_A,ARITHMETIC,0,,1
1,C_WEAK_SELECTED,STATE_MACHINE,geometry-shadow,199,ARITH_A,ARITHMETIC,0,0.7387024164199829,1
1,C_WEAK_SELECTED,STATE_MACHINE,incumbent,200,STATE_MACHINE,SELECTED,0,0.929350972175598,1
1,C_WEAK_SELECTED,STATE_MACHINE,capacity-shadow,200,STATE_MACHINE,SELECTED,0,,1
1,C_WEAK_SELECTED,STATE_MACHINE,geometry-shadow,200,STATE_MACHINE,SELECTED,0,0.833251953125,1
1,C_WEAK_SELECTED,STATE_MACHINE,incumbent,201,STORY,STORY,1,0.3994648456573486,1
1,C_WEAK_SELECTED,STATE_MACHINE,capacity-shadow,201,STORY,STORY,2,,1
1,C_WEAK_SELECTED,STATE_MACHINE,geometry-shadow,201,STORY,STORY,1,0.5554986000061035,1
1,C_WEAK_SELECTED,STATE_MACHINE,incumbent,202,STORY,STORY,1,1.1580618619918823,1
1,C_WEAK_SELECTED,STATE_MACHINE,capacity-shadow,202,STORY,STORY,1,,1
1,C_WEAK_SELECTED,STATE_MACHINE,geometry-shadow,202,STORY,STORY,2,0.1102055311203002,1
1,C_WEAK_SELECTED,STATE_MACHINE,incumbent,203,ARITH_A,ARITHMETIC,0,1.033228874206543,1
1,C_WEAK_SELECTED,STATE_MACHINE,capacity-shadow,203,ARITH_A,ARITHMETIC,0,,1
1,C_WEAK_SELECTED,STATE_MACHINE,geometry-shadow,203,ARITH_A,ARITHMETIC,0,0.633324146270752,1
1,C_WEAK_SELECTED,STATE_MACHINE,incumbent,204,ARITH_A,ARITHMETIC,0,1.0797747373580933,1
1,C_WEAK_SELECTED,STATE_MACHINE,capacity-shadow,204,ARITH_A,ARITHMETIC,0,,1
1,C_WEAK_SELECTED,STATE_MACHINE,geometry-shadow,204,ARITH_A,ARITHMETIC,0,0.7237942218780518,1
1,C_WEAK_SELECTED,STATE_MACHINE,incumbent,205,STORY,STORY,1,1.2758320569992063,1
1,C_WEAK_SELECTED,STATE_MACHINE,capacity-shadow,205,STORY,STORY,2,,1
1,C_WEAK_SELECTED,STATE_MACHINE,geometry-shadow,205,STORY,STORY,2,0.4973411560058594,1
1,C_WEAK_SELECTED,STATE_MACHINE,incumbent,206,STORY,STORY,1,1.5382232666015625,1
1,C_WEAK_SELECTED,STATE_MACHINE,capacity-shadow,206,STORY,STORY,1,,1
1,C_WEAK_SELECTED,STATE_MACHINE,geometry-shadow,206,STORY,STORY,2,0.5669470429420471,1
1,C_WEAK_SELECTED,STATE_MACHINE,incumbent,207,ARITH_A,ARITHMETIC,0,1.077617883682251,1
1,C_WEAK_SELECTED,STATE_MACHINE,capacity-shadow,207,ARITH_A,ARITHMETIC,0,,1
1,C_WEAK_SELECTED,STATE_MACHINE,geometry-shadow,207,ARITH_A,ARITHMETIC,0,0.730053186416626,1
1,C_WEAK_SELECTED,STATE_MACHINE,incumbent,208,STORY,STORY,1,0.6095806360244751,1
1,C_WEAK_SELECTED,STATE_MACHINE,capacity-shadow,208,STORY,STORY,2,,1
1,C_WEAK_SELECTED,STATE_MACHINE,geometry-shadow,208,STORY,STORY,1,0.4027415513992309,1
1,C_WEAK_SELECTED,STATE_MACHINE,incumbent,209,STORY,STORY,1,1.5132704973220823,1
1,C_WEAK_SELECTED,STATE_MACHINE,capacity-shadow,209,STORY,STORY,1,,1
1,C_WEAK_SELECTED,STATE_MACHINE,geometry-shadow,209,STORY,STORY,2,0.2065707445144653,1
1,C_WEAK_SELECTED,STATE_MACHINE,incumbent,210,STATE_MACHINE,SELECTED,0,0.9207236766815186,1
1,C_WEAK_SELECTED,STATE_MACHINE,capacity-shadow,210,STATE_MACHINE,SELECTED,0,,1
1,C_WEAK_SELECTED,STATE_MACHINE,geometry-shadow,210,STATE_MACHINE,SELECTED,0,0.8338233232498169,1
1,C_WEAK_SELECTED,STATE_MACHINE,incumbent,211,ARITH_A,ARITHMETIC,0,1.0764120817184448,1
1,C_WEAK_SELECTED,STATE_MACHINE,capacity-shadow,211,ARITH_A,ARITHMETIC,0,,1
1,C_WEAK_SELECTED,STATE_MACHINE,geometry-shadow,211,ARITH_A,ARITHMETIC,0,0.7443336844444275,1
1,C_WEAK_SELECTED,STATE_MACHINE,incumbent,212,STORY,STORY,1,0.0434690713882446,1
1,C_WEAK_SELECTED,STATE_MACHINE,capacity-shadow,212,STORY,STORY,2,,1
1,C_WEAK_SELECTED,STATE_MACHINE,geometry-shadow,212,STORY,STORY,1,0.2333021163940429,1
1,C_WEAK_SELECTED,STATE_MACHINE,incumbent,213,STORY,STORY,1,0.1297968626022339,1
1,C_WEAK_SELECTED,STATE_MACHINE,capacity-shadow,213,STORY,STORY,1,,1
1,C_WEAK_SELECTED,STATE_MACHINE,geometry-shadow,213,STORY,STORY,1,0.1212298870086669,1
1,C_WEAK_SELECTED,STATE_MACHINE,incumbent,214,ARITH_A,ARITHMETIC,0,1.074730396270752,1
1,C_WEAK_SELECTED,STATE_MACHINE,capacity-shadow,214,ARITH_A,ARITHMETIC,0,,1
1,C_WEAK_SELECTED,STATE_MACHINE,geometry-shadow,214,ARITH_A,ARITHMETIC,0,0.7481098771095276,1
1,C_WEAK_SELECTED,STATE_MACHINE,incumbent,215,ARITH_A,ARITHMETIC,0,1.0816458463668823,1
1,C_WEAK_SELECTED,STATE_MACHINE,capacity-shadow,215,ARITH_A,ARITHMETIC,0,,1
1,C_WEAK_SELECTED,STATE_MACHINE,geometry-shadow,215,ARITH_A,ARITHMETIC,0,0.7447486519813538,1
1,C_WEAK_SELECTED,STATE_MACHINE,incumbent,216,STORY,STORY,1,1.515497088432312,1
1,C_WEAK_SELECTED,STATE_MACHINE,capacity-shadow,216,STORY,STORY,2,,1
1,C_WEAK_SELECTED,STATE_MACHINE,geometry-shadow,216,STORY,STORY,2,0.7579230070114136,1
1,C_WEAK_SELECTED,STATE_MACHINE,incumbent,217,ARITH_A,ARITHMETIC,0,1.057262897491455,1
1,C_WEAK_SELECTED,STATE_MACHINE,capacity-shadow,217,ARITH_A,ARITHMETIC,0,,1
1,C_WEAK_SELECTED,STATE_MACHINE,geometry-shadow,217,ARITH_A,ARITHMETIC,0,0.6729220151901245,1
1,C_WEAK_SELECTED,STATE_MACHINE,incumbent,218,ARITH_A,ARITHMETIC,0,1.0659385919570925,1
1,C_WEAK_SELECTED,STATE_MACHINE,capacity-shadow,218,ARITH_A,ARITHMETIC,0,,1
1,C_WEAK_SELECTED,STATE_MACHINE,geometry-shadow,218,ARITH_A,ARITHMETIC,0,0.698103666305542,1
1,C_WEAK_SELECTED,STATE_MACHINE,incumbent,219,ARITH_A,ARITHMETIC,0,1.0813595056533811,1
1,C_WEAK_SELECTED,STATE_MACHINE,capacity-shadow,219,ARITH_A,ARITHMETIC,0,,1
1,C_WEAK_SELECTED,STATE_MACHINE,geometry-shadow,219,ARITH_A,ARITHMETIC,0,0.7497496604919434,1
1,C_WEAK_SELECTED,STATE_MACHINE,incumbent,220,ARITH_A,ARITHMETIC,0,1.059214472770691,1
1,C_WEAK_SELECTED,STATE_MACHINE,capacity-shadow,220,ARITH_A,ARITHMETIC,0,,1
1,C_WEAK_SELECTED,STATE_MACHINE,geometry-shadow,220,ARITH_A,ARITHMETIC,0,0.6798135638237,1
1,C_WEAK_SELECTED,STATE_MACHINE,incumbent,221,STORY,STORY,1,1.252281904220581,1
1,C_WEAK_SELECTED,STATE_MACHINE,capacity-shadow,221,STORY,STORY,1,,1
1,C_WEAK_SELECTED,STATE_MACHINE,geometry-shadow,221,STORY,STORY,1,0.0124373435974121,1
1,C_WEAK_SELECTED,STATE_MACHINE,incumbent,222,ARITH_A,ARITHMETIC,0,1.0643916130065918,1
1,C_WEAK_SELECTED,STATE_MACHINE,capacity-shadow,222,ARITH_A,ARITHMETIC,0,,1
1,C_WEAK_SELECTED,STATE_MACHINE,geometry-shadow,222,ARITH_A,ARITHMETIC,0,0.6993943452835083,1
1,C_WEAK_SELECTED,STATE_MACHINE,incumbent,223,STORY,STORY,0,0.400144875049591,1
1,C_WEAK_SELECTED,STATE_MACHINE,capacity-shadow,223,STORY,STORY,0,,1
1,C_WEAK_SELECTED,STATE_MACHINE,geometry-shadow,223,STORY,STORY,0,0.1273221969604492,1
1,C_WEAK_SELECTED,STATE_MACHINE,incumbent,224,ARITH_A,ARITHMETIC,0,1.0655409097671509,1
1,C_WEAK_SELECTED,STATE_MACHINE,capacity-shadow,224,ARITH_A,ARITHMETIC,0,,1
1,C_WEAK_SELECTED,STATE_MACHINE,geometry-shadow,224,ARITH_A,ARITHMETIC,0,0.7084923386573792,1
1,C_WEAK_SELECTED,STATE_MACHINE,incumbent,225,STORY,STORY,1,2.030583381652832,1
1,C_WEAK_SELECTED,STATE_MACHINE,capacity-shadow,225,STORY,STORY,2,,1
1,C_WEAK_SELECTED,STATE_MACHINE,geometry-shadow,225,STORY,STORY,2,1.0006792545318604,1
1,C_WEAK_SELECTED,STATE_MACHINE,incumbent,226,STORY,STORY,1,0.8475021719932556,1
1,C_WEAK_SELECTED,STATE_MACHINE,capacity-shadow,226,STORY,STORY,1,,1
1,C_WEAK_SELECTED,STATE_MACHINE,geometry-shadow,226,STORY,STORY,2,0.0216472148895263,1
1,C_WEAK_SELECTED,STATE_MACHINE,incumbent,227,ARITH_A,ARITHMETIC,0,1.082896709442139,1
1,C_WEAK_SELECTED,STATE_MACHINE,capacity-shadow,227,ARITH_A,ARITHMETIC,0,,1
1,C_WEAK_SELECTED,STATE_MACHINE,geometry-shadow,227,ARITH_A,ARITHMETIC,0,0.7344706654548645,1
1,C_WEAK_SELECTED,STATE_MACHINE,incumbent,228,STORY,STORY,1,1.106208324432373,1
1,C_WEAK_SELECTED,STATE_MACHINE,capacity-shadow,228,STORY,STORY,2,,1
1,C_WEAK_SELECTED,STATE_MACHINE,geometry-shadow,228,STORY,STORY,2,0.6028813123703003,1
1,C_WEAK_SELECTED,STATE_MACHINE,incumbent,229,STATE_MACHINE,SELECTED,0,0.9197872281074524,1
1,C_WEAK_SELECTED,STATE_MACHINE,capacity-shadow,229,STATE_MACHINE,SELECTED,0,,1
1,C_WEAK_SELECTED,STATE_MACHINE,geometry-shadow,229,STATE_MACHINE,SELECTED,0,0.828005313873291,1
1,C_WEAK_SELECTED,STATE_MACHINE,incumbent,230,STATE_MACHINE,SELECTED,0,0.9345275163650512,1
1,C_WEAK_SELECTED,STATE_MACHINE,capacity-shadow,230,STATE_MACHINE,SELECTED,0,,1
1,C_WEAK_SELECTED,STATE_MACHINE,geometry-shadow,230,STATE_MACHINE,SELECTED,0,0.8315131068229675,1
1,C_WEAK_SELECTED,STATE_MACHINE,incumbent,231,ARITH_A,ARITHMETIC,0,1.071786880493164,1
1,C_WEAK_SELECTED,STATE_MACHINE,capacity-shadow,231,ARITH_A,ARITHMETIC,0,,1
1,C_WEAK_SELECTED,STATE_MACHINE,geometry-shadow,231,ARITH_A,ARITHMETIC,0,0.7112951278686523,1
1,C_WEAK_SELECTED,STATE_MACHINE,incumbent,232,STATE_MACHINE,SELECTED,0,0.9199343919754028,1
1,C_WEAK_SELECTED,STATE_MACHINE,capacity-shadow,232,STATE_MACHINE,SELECTED,0,,1
1,C_WEAK_SELECTED,STATE_MACHINE,geometry-shadow,232,STATE_MACHINE,SELECTED,0,0.832412600517273,1
1,C_WEAK_SELECTED,STATE_MACHINE,incumbent,233,STORY,STORY,1,1.1870650053024292,1
1,C_WEAK_SELECTED,STATE_MACHINE,capacity-shadow,233,STORY,STORY,1,,1
1,C_WEAK_SELECTED,STATE_MACHINE,geometry-shadow,233,STORY,STORY,2,0.4723089337348938,1
1,C_WEAK_SELECTED,STATE_MACHINE,incumbent,234,ARITH_A,ARITHMETIC,0,1.0633374452590942,1
1,C_WEAK_SELECTED,STATE_MACHINE,capacity-shadow,234,ARITH_A,ARITHMETIC,0,,1
1,C_WEAK_SELECTED,STATE_MACHINE,geometry-shadow,234,ARITH_A,ARITHMETIC,0,0.7034531235694885,1
1,C_WEAK_SELECTED,STATE_MACHINE,incumbent,235,ARITH_A,ARITHMETIC,0,1.0469237565994265,1
1,C_WEAK_SELECTED,STATE_MACHINE,capacity-shadow,235,ARITH_A,ARITHMETIC,0,,1
1,C_WEAK_SELECTED,STATE_MACHINE,geometry-shadow,235,ARITH_A,ARITHMETIC,0,0.6643480658531189,1
1,C_WEAK_SELECTED,STATE_MACHINE,incumbent,236,ARITH_A,ARITHMETIC,0,1.064436435699463,1
1,C_WEAK_SELECTED,STATE_MACHINE,capacity-shadow,236,ARITH_A,ARITHMETIC,0,,1
1,C_WEAK_SELECTED,STATE_MACHINE,geometry-shadow,236,ARITH_A,ARITHMETIC,0,0.6941061615943909,1
1,C_WEAK_SELECTED,STATE_MACHINE,incumbent,237,STORY,STORY,1,0.0398796796798706,1
1,C_WEAK_SELECTED,STATE_MACHINE,capacity-shadow,237,STORY,STORY,2,,1
1,C_WEAK_SELECTED,STATE_MACHINE,geometry-shadow,237,STORY,STORY,1,0.2775263786315918,1
1,C_WEAK_SELECTED,STATE_MACHINE,incumbent,238,STATE_MACHINE,SELECTED,0,0.9290262460708618,1
1,C_WEAK_SELECTED,STATE_MACHINE,capacity-shadow,238,STATE_MACHINE,SELECTED,0,,1
1,C_WEAK_SELECTED,STATE_MACHINE,geometry-shadow,238,STATE_MACHINE,SELECTED,0,0.8276203870773315,1
1,C_WEAK_SELECTED,STATE_MACHINE,incumbent,239,ARITH_A,ARITHMETIC,0,1.0821198225021362,1
1,C_WEAK_SELECTED,STATE_MACHINE,capacity-shadow,239,ARITH_A,ARITHMETIC,0,,1
1,C_WEAK_SELECTED,STATE_MACHINE,geometry-shadow,239,ARITH_A,ARITHMETIC,0,0.7469812631607056,1
1,C_WEAK_SELECTED,STATE_MACHINE,incumbent,240,ARITH_A,ARITHMETIC,0,1.0704762935638428,1
1,C_WEAK_SELECTED,STATE_MACHINE,capacity-shadow,240,ARITH_A,ARITHMETIC,0,,1
1,C_WEAK_SELECTED,STATE_MACHINE,geometry-shadow,240,ARITH_A,ARITHMETIC,0,0.7101998925209045,1
1,C_WEAK_SELECTED,STATE_MACHINE,incumbent,241,STORY,STORY,1,0.0118265151977539,1
1,C_WEAK_SELECTED,STATE_MACHINE,capacity-shadow,241,STORY,STORY,1,,1
1,C_WEAK_SELECTED,STATE_MACHINE,geometry-shadow,241,STORY,STORY,1,0.1908998489379882,1
1,C_WEAK_SELECTED,STATE_MACHINE,incumbent,242,STATE_MACHINE,SELECTED,0,0.9207696914672852,1
1,C_WEAK_SELECTED,STATE_MACHINE,capacity-shadow,242,STATE_MACHINE,SELECTED,0,,1
1,C_WEAK_SELECTED,STATE_MACHINE,geometry-shadow,242,STATE_MACHINE,SELECTED,0,0.8321923017501831,1
1,C_WEAK_SELECTED,STATE_MACHINE,incumbent,243,STATE_MACHINE,SELECTED,0,0.9137157201766968,1
1,C_WEAK_SELECTED,STATE_MACHINE,capacity-shadow,243,STATE_MACHINE,SELECTED,0,,1
1,C_WEAK_SELECTED,STATE_MACHINE,geometry-shadow,243,STATE_MACHINE,SELECTED,0,0.8238816261291504,1
1,C_WEAK_SELECTED,STATE_MACHINE,incumbent,244,ARITH_A,ARITHMETIC,0,1.0797888040542605,1
1,C_WEAK_SELECTED,STATE_MACHINE,capacity-shadow,244,ARITH_A,ARITHMETIC,0,,1
1,C_WEAK_SELECTED,STATE_MACHINE,geometry-shadow,244,ARITH_A,ARITHMETIC,0,0.736847460269928,1
1,C_WEAK_SELECTED,STATE_MACHINE,incumbent,245,ARITH_A,ARITHMETIC,0,1.073525309562683,1
1,C_WEAK_SELECTED,STATE_MACHINE,capacity-shadow,245,ARITH_A,ARITHMETIC,0,,1
1,C_WEAK_SELECTED,STATE_MACHINE,geometry-shadow,245,ARITH_A,ARITHMETIC,0,0.713067352771759,1
1,C_WEAK_SELECTED,STATE_MACHINE,incumbent,246,ARITH_A,ARITHMETIC,0,1.0598129034042358,1
1,C_WEAK_SELECTED,STATE_MACHINE,capacity-shadow,246,ARITH_A,ARITHMETIC,0,,1
1,C_WEAK_SELECTED,STATE_MACHINE,geometry-shadow,246,ARITH_A,ARITHMETIC,0,0.6817594170570374,1
1,C_WEAK_SELECTED,STATE_MACHINE,incumbent,247,ARITH_A,ARITHMETIC,0,1.061332941055298,1
1,C_WEAK_SELECTED,STATE_MACHINE,capacity-shadow,247,ARITH_A,ARITHMETIC,0,,1
1,C_WEAK_SELECTED,STATE_MACHINE,geometry-shadow,247,ARITH_A,ARITHMETIC,0,0.6864936351776123,1
1,C_WEAK_SELECTED,STATE_MACHINE,incumbent,248,STORY,STORY,1,0.4169704914093017,1
1,C_WEAK_SELECTED,STATE_MACHINE,capacity-shadow,248,STORY,STORY,2,,1
1,C_WEAK_SELECTED,STATE_MACHINE,geometry-shadow,248,STORY,STORY,1,0.6346391439437866,1
1,C_WEAK_SELECTED,STATE_MACHINE,incumbent,249,STORY,STORY,1,1.5890257358551023,1
1,C_WEAK_SELECTED,STATE_MACHINE,capacity-shadow,249,STORY,STORY,1,,1
1,C_WEAK_SELECTED,STATE_MACHINE,geometry-shadow,249,STORY,STORY,2,0.4182497262954712,1
1,C_WEAK_SELECTED,STATE_MACHINE,incumbent,250,STORY,STORY,1,1.1105058193206787,1
1,C_WEAK_SELECTED,STATE_MACHINE,capacity-shadow,250,STORY,STORY,2,,1
1,C_WEAK_SELECTED,STATE_MACHINE,geometry-shadow,250,STORY,STORY,2,0.1249265670776367,1
1,C_WEAK_SELECTED,STATE_MACHINE,incumbent,251,ARITH_A,ARITHMETIC,0,1.059152126312256,1
1,C_WEAK_SELECTED,STATE_MACHINE,capacity-shadow,251,ARITH_A,ARITHMETIC,0,,1
1,C_WEAK_SELECTED,STATE_MACHINE,geometry-shadow,251,ARITH_A,ARITHMETIC,0,0.691243052482605,1
1,C_WEAK_SELECTED,STATE_MACHINE,incumbent,252,STORY,STORY,1,0.2078924179077148,1
1,C_WEAK_SELECTED,STATE_MACHINE,capacity-shadow,252,STORY,STORY,1,,1
1,C_WEAK_SELECTED,STATE_MACHINE,geometry-shadow,252,STORY,STORY,1,0.3749696016311645,1
1,C_WEAK_SELECTED,STATE_MACHINE,incumbent,253,STATE_MACHINE,SELECTED,0,0.9302226305007936,1
1,C_WEAK_SELECTED,STATE_MACHINE,capacity-shadow,253,STATE_MACHINE,SELECTED,0,,1
1,C_WEAK_SELECTED,STATE_MACHINE,geometry-shadow,253,STATE_MACHINE,SELECTED,0,0.8319291472434998,1
1,C_WEAK_SELECTED,STATE_MACHINE,incumbent,254,STORY,STORY,1,0.495404839515686,1
1,C_WEAK_SELECTED,STATE_MACHINE,capacity-shadow,254,STORY,STORY,2,,1
1,C_WEAK_SELECTED,STATE_MACHINE,geometry-shadow,254,STORY,STORY,1,0.7483125925064087,1
1,C_WEAK_SELECTED,STATE_MACHINE,incumbent,255,STORY,STORY,0,0.3473203182220459,1
1,C_WEAK_SELECTED,STATE_MACHINE,capacity-shadow,255,STORY,STORY,0,,1
1,C_WEAK_SELECTED,STATE_MACHINE,geometry-shadow,255,STORY,STORY,0,0.1619496345520019,1
1,C_WEAK_SELECTED,STATE_MACHINE,incumbent,256,ARITH_A,ARITHMETIC,0,1.0671347379684448,1
1,C_WEAK_SELECTED,STATE_MACHINE,capacity-shadow,256,ARITH_A,ARITHMETIC,0,,1
1,C_WEAK_SELECTED,STATE_MACHINE,geometry-shadow,256,ARITH_A,ARITHMETIC,0,0.7020030617713928,1
1,D_STRONG_SELECTED,STATE_MACHINE,incumbent,1,ARITH_A,ARITHMETIC,0,1.5412307977676392,1
1,D_STRONG_SELECTED,STATE_MACHINE,capacity-shadow,1,ARITH_A,ARITHMETIC,0,,1
1,D_STRONG_SELECTED,STATE_MACHINE,geometry-shadow,1,ARITH_A,ARITHMETIC,0,1.3671923875808716,1
1,D_STRONG_SELECTED,STATE_MACHINE,incumbent,2,STORY,STORY,1,0.1664125919342041,1
1,D_STRONG_SELECTED,STATE_MACHINE,capacity-shadow,2,STORY,STORY,2,,1
1,D_STRONG_SELECTED,STATE_MACHINE,geometry-shadow,2,STORY,STORY,2,0.4767030477523803,1
1,D_STRONG_SELECTED,STATE_MACHINE,incumbent,3,ARITH_A,ARITHMETIC,0,1.5656013488769531,1
1,D_STRONG_SELECTED,STATE_MACHINE,capacity-shadow,3,ARITH_A,ARITHMETIC,0,,1
1,D_STRONG_SELECTED,STATE_MACHINE,geometry-shadow,3,ARITH_A,ARITHMETIC,0,1.4113415479660034,1
1,D_STRONG_SELECTED,STATE_MACHINE,incumbent,4,STATE_MACHINE,SELECTED,0,1.4777653217315674,1
1,D_STRONG_SELECTED,STATE_MACHINE,capacity-shadow,4,STATE_MACHINE,SELECTED,0,,1
1,D_STRONG_SELECTED,STATE_MACHINE,geometry-shadow,4,STATE_MACHINE,SELECTED,0,1.5712584257125854,1
1,D_STRONG_SELECTED,STATE_MACHINE,incumbent,5,STORY,STORY,1,1.221434473991394,1
1,D_STRONG_SELECTED,STATE_MACHINE,capacity-shadow,5,STORY,STORY,1,,1
1,D_STRONG_SELECTED,STATE_MACHINE,geometry-shadow,5,STORY,STORY,1,0.3695696592330932,1
1,D_STRONG_SELECTED,STATE_MACHINE,incumbent,6,STORY,STORY,1,0.7774453163146973,1
1,D_STRONG_SELECTED,STATE_MACHINE,capacity-shadow,6,STORY,STORY,2,,1
1,D_STRONG_SELECTED,STATE_MACHINE,geometry-shadow,6,STORY,STORY,1,0.0259053707122802,1
1,D_STRONG_SELECTED,STATE_MACHINE,incumbent,7,STATE_MACHINE,SELECTED,0,1.5007877349853516,1
1,D_STRONG_SELECTED,STATE_MACHINE,capacity-shadow,7,STATE_MACHINE,SELECTED,0,,1
1,D_STRONG_SELECTED,STATE_MACHINE,geometry-shadow,7,STATE_MACHINE,SELECTED,0,1.606287956237793,1
1,D_STRONG_SELECTED,STATE_MACHINE,incumbent,8,STATE_MACHINE,SELECTED,0,1.487640619277954,1
1,D_STRONG_SELECTED,STATE_MACHINE,capacity-shadow,8,STATE_MACHINE,SELECTED,0,,1
1,D_STRONG_SELECTED,STATE_MACHINE,geometry-shadow,8,STATE_MACHINE,SELECTED,0,1.5835998058319092,1
1,D_STRONG_SELECTED,STATE_MACHINE,incumbent,9,STATE_MACHINE,SELECTED,0,1.4890154600143433,1
1,D_STRONG_SELECTED,STATE_MACHINE,capacity-shadow,9,STATE_MACHINE,SELECTED,0,,1
1,D_STRONG_SELECTED,STATE_MACHINE,geometry-shadow,9,STATE_MACHINE,SELECTED,0,1.5876388549804688,1
1,D_STRONG_SELECTED,STATE_MACHINE,incumbent,10,STORY,STORY,0,0.2345989942550659,1
1,D_STRONG_SELECTED,STATE_MACHINE,capacity-shadow,10,STORY,STORY,0,,1
1,D_STRONG_SELECTED,STATE_MACHINE,geometry-shadow,10,STORY,STORY,0,0.1709189414978027,1
1,D_STRONG_SELECTED,STATE_MACHINE,incumbent,11,STATE_MACHINE,SELECTED,0,1.4867668151855469,1
1,D_STRONG_SELECTED,STATE_MACHINE,capacity-shadow,11,STATE_MACHINE,SELECTED,0,,1
1,D_STRONG_SELECTED,STATE_MACHINE,geometry-shadow,11,STATE_MACHINE,SELECTED,0,1.5836445093154907,1
1,D_STRONG_SELECTED,STATE_MACHINE,incumbent,12,STORY,STORY,0,0.1048545837402343,1
1,D_STRONG_SELECTED,STATE_MACHINE,capacity-shadow,12,STORY,STORY,0,,1
1,D_STRONG_SELECTED,STATE_MACHINE,geometry-shadow,12,STORY,STORY,0,0.2304446697235107,1
1,D_STRONG_SELECTED,STATE_MACHINE,incumbent,13,ARITH_A,ARITHMETIC,0,1.5274221897125244,1
1,D_STRONG_SELECTED,STATE_MACHINE,capacity-shadow,13,ARITH_A,ARITHMETIC,0,,1
1,D_STRONG_SELECTED,STATE_MACHINE,geometry-shadow,13,ARITH_A,ARITHMETIC,0,1.3229047060012815,1
1,D_STRONG_SELECTED,STATE_MACHINE,incumbent,14,ARITH_A,ARITHMETIC,0,1.54343843460083,1
1,D_STRONG_SELECTED,STATE_MACHINE,capacity-shadow,14,ARITH_A,ARITHMETIC,0,,1
1,D_STRONG_SELECTED,STATE_MACHINE,geometry-shadow,14,ARITH_A,ARITHMETIC,0,1.3488974571228027,1
1,D_STRONG_SELECTED,STATE_MACHINE,incumbent,15,STORY,STORY,0,0.9376515746116638,1
1,D_STRONG_SELECTED,STATE_MACHINE,capacity-shadow,15,STORY,STORY,0,,1
1,D_STRONG_SELECTED,STATE_MACHINE,geometry-shadow,15,STORY,STORY,0,0.8948889374732971,1
1,D_STRONG_SELECTED,STATE_MACHINE,incumbent,16,ARITH_A,ARITHMETIC,0,1.4881596565246582,1
1,D_STRONG_SELECTED,STATE_MACHINE,capacity-shadow,16,ARITH_A,ARITHMETIC,0,,1
1,D_STRONG_SELECTED,STATE_MACHINE,geometry-shadow,16,ARITH_A,ARITHMETIC,0,1.2252498865127563,1
1,D_STRONG_SELECTED,STATE_MACHINE,incumbent,17,STORY,STORY,0,0.5266121029853821,1
1,D_STRONG_SELECTED,STATE_MACHINE,capacity-shadow,17,STORY,STORY,0,,1
1,D_STRONG_SELECTED,STATE_MACHINE,geometry-shadow,17,STORY,STORY,0,0.2816821932792663,1
1,D_STRONG_SELECTED,STATE_MACHINE,incumbent,18,ARITH_A,ARITHMETIC,0,1.5056777000427246,1
1,D_STRONG_SELECTED,STATE_MACHINE,capacity-shadow,18,ARITH_A,ARITHMETIC,0,,1
1,D_STRONG_SELECTED,STATE_MACHINE,geometry-shadow,18,ARITH_A,ARITHMETIC,0,1.2908097505569458,1
1,D_STRONG_SELECTED,STATE_MACHINE,incumbent,19,STATE_MACHINE,SELECTED,0,1.481598138809204,1
1,D_STRONG_SELECTED,STATE_MACHINE,capacity-shadow,19,STATE_MACHINE,SELECTED,0,,1
1,D_STRONG_SELECTED,STATE_MACHINE,geometry-shadow,19,STATE_MACHINE,SELECTED,0,1.5778348445892334,1
1,D_STRONG_SELECTED,STATE_MACHINE,incumbent,20,STATE_MACHINE,SELECTED,0,1.5014463663101196,1
1,D_STRONG_SELECTED,STATE_MACHINE,capacity-shadow,20,STATE_MACHINE,SELECTED,0,,1
1,D_STRONG_SELECTED,STATE_MACHINE,geometry-shadow,20,STATE_MACHINE,SELECTED,0,1.6045221090316772,1
1,D_STRONG_SELECTED,STATE_MACHINE,incumbent,21,STORY,STORY,0,0.5126873254776001,1
1,D_STRONG_SELECTED,STATE_MACHINE,capacity-shadow,21,STORY,STORY,0,,1
1,D_STRONG_SELECTED,STATE_MACHINE,geometry-shadow,21,STORY,STORY,0,0.4037655591964721,1
1,D_STRONG_SELECTED,STATE_MACHINE,incumbent,22,STORY,STORY,1,1.7537479400634766,1
1,D_STRONG_SELECTED,STATE_MACHINE,capacity-shadow,22,STORY,STORY,1,,1
1,D_STRONG_SELECTED,STATE_MACHINE,geometry-shadow,22,STORY,STORY,1,0.8173308372497559,1
1,D_STRONG_SELECTED,STATE_MACHINE,incumbent,23,STORY,STORY,1,0.7579097747802734,1
1,D_STRONG_SELECTED,STATE_MACHINE,capacity-shadow,23,STORY,STORY,2,,1
1,D_STRONG_SELECTED,STATE_MACHINE,geometry-shadow,23,STORY,STORY,1,0.0318688154220581,1
1,D_STRONG_SELECTED,STATE_MACHINE,incumbent,24,ARITH_A,ARITHMETIC,0,1.5252628326416016,1
1,D_STRONG_SELECTED,STATE_MACHINE,capacity-shadow,24,ARITH_A,ARITHMETIC,0,,1
1,D_STRONG_SELECTED,STATE_MACHINE,geometry-shadow,24,ARITH_A,ARITHMETIC,0,1.313913345336914,1
1,D_STRONG_SELECTED,STATE_MACHINE,incumbent,25,STORY,STORY,1,1.3839056491851809,1
1,D_STRONG_SELECTED,STATE_MACHINE,capacity-shadow,25,STORY,STORY,1,,1
1,D_STRONG_SELECTED,STATE_MACHINE,geometry-shadow,25,STORY,STORY,1,0.4505748748779297,1
1,D_STRONG_SELECTED,STATE_MACHINE,incumbent,26,STATE_MACHINE,SELECTED,0,1.4943302869796753,1
1,D_STRONG_SELECTED,STATE_MACHINE,capacity-shadow,26,STATE_MACHINE,SELECTED,0,,1
1,D_STRONG_SELECTED,STATE_MACHINE,geometry-shadow,26,STATE_MACHINE,SELECTED,0,1.5890527963638306,1
1,D_STRONG_SELECTED,STATE_MACHINE,incumbent,27,STATE_MACHINE,SELECTED,0,1.486251950263977,1
1,D_STRONG_SELECTED,STATE_MACHINE,capacity-shadow,27,STATE_MACHINE,SELECTED,0,,1
1,D_STRONG_SELECTED,STATE_MACHINE,geometry-shadow,27,STATE_MACHINE,SELECTED,0,1.5821889638900757,1
1,D_STRONG_SELECTED,STATE_MACHINE,incumbent,28,STATE_MACHINE,SELECTED,0,1.4918301105499268,1
1,D_STRONG_SELECTED,STATE_MACHINE,capacity-shadow,28,STATE_MACHINE,SELECTED,0,,1
1,D_STRONG_SELECTED,STATE_MACHINE,geometry-shadow,28,STATE_MACHINE,SELECTED,0,1.5904008150100708,1
1,D_STRONG_SELECTED,STATE_MACHINE,incumbent,29,ARITH_A,ARITHMETIC,0,1.529476284980774,1
1,D_STRONG_SELECTED,STATE_MACHINE,capacity-shadow,29,ARITH_A,ARITHMETIC,0,,1
1,D_STRONG_SELECTED,STATE_MACHINE,geometry-shadow,29,ARITH_A,ARITHMETIC,0,1.3211207389831543,1
1,D_STRONG_SELECTED,STATE_MACHINE,incumbent,30,STATE_MACHINE,SELECTED,0,1.4946091175079346,1
1,D_STRONG_SELECTED,STATE_MACHINE,capacity-shadow,30,STATE_MACHINE,SELECTED,0,,1
1,D_STRONG_SELECTED,STATE_MACHINE,geometry-shadow,30,STATE_MACHINE,SELECTED,0,1.594726324081421,1
1,D_STRONG_SELECTED,STATE_MACHINE,incumbent,31,STORY,STORY,0,0.143418550491333,1
1,D_STRONG_SELECTED,STATE_MACHINE,capacity-shadow,31,STORY,STORY,0,,1
1,D_STRONG_SELECTED,STATE_MACHINE,geometry-shadow,31,STORY,STORY,2,0.2187185287475586,1
1,D_STRONG_SELECTED,STATE_MACHINE,incumbent,32,ARITH_A,ARITHMETIC,0,1.4984668493270874,1
1,D_STRONG_SELECTED,STATE_MACHINE,capacity-shadow,32,ARITH_A,ARITHMETIC,0,,1
1,D_STRONG_SELECTED,STATE_MACHINE,geometry-shadow,32,ARITH_A,ARITHMETIC,0,1.2560267448425293,1
1,D_STRONG_SELECTED,STATE_MACHINE,incumbent,33,ARITH_A,ARITHMETIC,0,1.49684739112854,1
1,D_STRONG_SELECTED,STATE_MACHINE,capacity-shadow,33,ARITH_A,ARITHMETIC,0,,1
1,D_STRONG_SELECTED,STATE_MACHINE,geometry-shadow,33,ARITH_A,ARITHMETIC,0,1.269314527511597,1
1,D_STRONG_SELECTED,STATE_MACHINE,incumbent,34,STATE_MACHINE,SELECTED,0,1.4779608249664309,1
1,D_STRONG_SELECTED,STATE_MACHINE,capacity-shadow,34,STATE_MACHINE,SELECTED,0,,1
1,D_STRONG_SELECTED,STATE_MACHINE,geometry-shadow,34,STATE_MACHINE,SELECTED,0,1.5732464790344238,1
1,D_STRONG_SELECTED,STATE_MACHINE,incumbent,35,ARITH_A,ARITHMETIC,0,1.5425710678100586,1
1,D_STRONG_SELECTED,STATE_MACHINE,capacity-shadow,35,ARITH_A,ARITHMETIC,0,,1
1,D_STRONG_SELECTED,STATE_MACHINE,geometry-shadow,35,ARITH_A,ARITHMETIC,0,1.3731651306152344,1
1,D_STRONG_SELECTED,STATE_MACHINE,incumbent,36,ARITH_A,ARITHMETIC,0,1.524219036102295,1
1,D_STRONG_SELECTED,STATE_MACHINE,capacity-shadow,36,ARITH_A,ARITHMETIC,0,,1
1,D_STRONG_SELECTED,STATE_MACHINE,geometry-shadow,36,ARITH_A,ARITHMETIC,0,1.310905933380127,1
1,D_STRONG_SELECTED,STATE_MACHINE,incumbent,37,STORY,STORY,1,0.175886869430542,1
1,D_STRONG_SELECTED,STATE_MACHINE,capacity-shadow,37,STORY,STORY,2,,1
1,D_STRONG_SELECTED,STATE_MACHINE,geometry-shadow,37,STORY,STORY,2,0.2322176694869995,1
1,D_STRONG_SELECTED,STATE_MACHINE,incumbent,38,STATE_MACHINE,SELECTED,0,1.5002964735031128,1
1,D_STRONG_SELECTED,STATE_MACHINE,capacity-shadow,38,STATE_MACHINE,SELECTED,0,,1
1,D_STRONG_SELECTED,STATE_MACHINE,geometry-shadow,38,STATE_MACHINE,SELECTED,0,1.6034631729125977,1
1,D_STRONG_SELECTED,STATE_MACHINE,incumbent,39,ARITH_A,ARITHMETIC,0,1.5507985353469849,1
1,D_STRONG_SELECTED,STATE_MACHINE,capacity-shadow,39,ARITH_A,ARITHMETIC,0,,1
1,D_STRONG_SELECTED,STATE_MACHINE,geometry-shadow,39,ARITH_A,ARITHMETIC,0,1.3907647132873535,1
1,D_STRONG_SELECTED,STATE_MACHINE,incumbent,40,ARITH_A,ARITHMETIC,0,1.54962420463562,1
1,D_STRONG_SELECTED,STATE_MACHINE,capacity-shadow,40,ARITH_A,ARITHMETIC,0,,1
1,D_STRONG_SELECTED,STATE_MACHINE,geometry-shadow,40,ARITH_A,ARITHMETIC,0,1.3607968091964722,1
1,D_STRONG_SELECTED,STATE_MACHINE,incumbent,41,ARITH_A,ARITHMETIC,0,1.5430986881256104,1
1,D_STRONG_SELECTED,STATE_MACHINE,capacity-shadow,41,ARITH_A,ARITHMETIC,0,,1
1,D_STRONG_SELECTED,STATE_MACHINE,geometry-shadow,41,ARITH_A,ARITHMETIC,0,1.3761130571365356,1
1,D_STRONG_SELECTED,STATE_MACHINE,incumbent,42,STATE_MACHINE,SELECTED,0,1.4917761087417605,1
1,D_STRONG_SELECTED,STATE_MACHINE,capacity-shadow,42,STATE_MACHINE,SELECTED,0,,1
1,D_STRONG_SELECTED,STATE_MACHINE,geometry-shadow,42,STATE_MACHINE,SELECTED,0,1.5865964889526367,1
1,D_STRONG_SELECTED,STATE_MACHINE,incumbent,43,ARITH_A,ARITHMETIC,0,1.563234806060791,1
1,D_STRONG_SELECTED,STATE_MACHINE,capacity-shadow,43,ARITH_A,ARITHMETIC,0,,1
1,D_STRONG_SELECTED,STATE_MACHINE,geometry-shadow,43,ARITH_A,ARITHMETIC,0,1.3843085765838623,1
1,D_STRONG_SELECTED,STATE_MACHINE,incumbent,44,ARITH_A,ARITHMETIC,0,1.5431156158447266,1
1,D_STRONG_SELECTED,STATE_MACHINE,capacity-shadow,44,ARITH_A,ARITHMETIC,0,,1
1,D_STRONG_SELECTED,STATE_MACHINE,geometry-shadow,44,ARITH_A,ARITHMETIC,0,1.3695825338363647,1
1,D_STRONG_SELECTED,STATE_MACHINE,incumbent,45,STATE_MACHINE,SELECTED,0,1.4781723022460938,1
1,D_STRONG_SELECTED,STATE_MACHINE,capacity-shadow,45,STATE_MACHINE,SELECTED,0,,1
1,D_STRONG_SELECTED,STATE_MACHINE,geometry-shadow,45,STATE_MACHINE,SELECTED,0,1.573820948600769,1
1,D_STRONG_SELECTED,STATE_MACHINE,incumbent,46,ARITH_A,ARITHMETIC,0,1.5512170791625977,1
1,D_STRONG_SELECTED,STATE_MACHINE,capacity-shadow,46,ARITH_A,ARITHMETIC,0,,1
1,D_STRONG_SELECTED,STATE_MACHINE,geometry-shadow,46,ARITH_A,ARITHMETIC,0,1.4032121896743774,1
1,D_STRONG_SELECTED,STATE_MACHINE,incumbent,47,STORY,STORY,1,1.0528814792633057,1
1,D_STRONG_SELECTED,STATE_MACHINE,capacity-shadow,47,STORY,STORY,1,,1
1,D_STRONG_SELECTED,STATE_MACHINE,geometry-shadow,47,STORY,STORY,2,0.2028641700744629,1
1,D_STRONG_SELECTED,STATE_MACHINE,incumbent,48,STATE_MACHINE,SELECTED,0,1.4721691608428955,1
1,D_STRONG_SELECTED,STATE_MACHINE,capacity-shadow,48,STATE_MACHINE,SELECTED,0,,1
1,D_STRONG_SELECTED,STATE_MACHINE,geometry-shadow,48,STATE_MACHINE,SELECTED,0,1.562673568725586,1
1,D_STRONG_SELECTED,STATE_MACHINE,incumbent,49,STATE_MACHINE,SELECTED,0,1.502915620803833,1
1,D_STRONG_SELECTED,STATE_MACHINE,capacity-shadow,49,STATE_MACHINE,SELECTED,0,,1
1,D_STRONG_SELECTED,STATE_MACHINE,geometry-shadow,49,STATE_MACHINE,SELECTED,0,1.6036756038665771,1
1,D_STRONG_SELECTED,STATE_MACHINE,incumbent,50,STATE_MACHINE,SELECTED,0,1.474355936050415,1
1,D_STRONG_SELECTED,STATE_MACHINE,capacity-shadow,50,STATE_MACHINE,SELECTED,0,,1
1,D_STRONG_SELECTED,STATE_MACHINE,geometry-shadow,50,STATE_MACHINE,SELECTED,0,1.5631332397460938,1
1,D_STRONG_SELECTED,STATE_MACHINE,incumbent,51,STORY,STORY,1,1.5527788400650024,1
1,D_STRONG_SELECTED,STATE_MACHINE,capacity-shadow,51,STORY,STORY,2,,1
1,D_STRONG_SELECTED,STATE_MACHINE,geometry-shadow,51,STORY,STORY,1,0.3410727977752685,1
1,D_STRONG_SELECTED,STATE_MACHINE,incumbent,52,STATE_MACHINE,SELECTED,0,1.505823254585266,1
1,D_STRONG_SELECTED,STATE_MACHINE,capacity-shadow,52,STATE_MACHINE,SELECTED,0,,1
1,D_STRONG_SELECTED,STATE_MACHINE,geometry-shadow,52,STATE_MACHINE,SELECTED,0,1.610235571861267,1
1,D_STRONG_SELECTED,STATE_MACHINE,incumbent,53,ARITH_A,ARITHMETIC,0,1.5318576097488403,1
1,D_STRONG_SELECTED,STATE_MACHINE,capacity-shadow,53,ARITH_A,ARITHMETIC,0,,1
1,D_STRONG_SELECTED,STATE_MACHINE,geometry-shadow,53,ARITH_A,ARITHMETIC,0,1.3295472860336304,1
1,D_STRONG_SELECTED,STATE_MACHINE,incumbent,54,STORY,STORY,1,0.7559592723846436,1
1,D_STRONG_SELECTED,STATE_MACHINE,capacity-shadow,54,STORY,STORY,1,,1
1,D_STRONG_SELECTED,STATE_MACHINE,geometry-shadow,54,STORY,STORY,1,0.0539019107818603,1
1,D_STRONG_SELECTED,STATE_MACHINE,incumbent,55,STORY,STORY,1,1.4070385694503784,1
1,D_STRONG_SELECTED,STATE_MACHINE,capacity-shadow,55,STORY,STORY,2,,1
1,D_STRONG_SELECTED,STATE_MACHINE,geometry-shadow,55,STORY,STORY,1,0.1853817105293274,1
1,D_STRONG_SELECTED,STATE_MACHINE,incumbent,56,ARITH_A,ARITHMETIC,0,1.556098461151123,1
1,D_STRONG_SELECTED,STATE_MACHINE,capacity-shadow,56,ARITH_A,ARITHMETIC,0,,1
1,D_STRONG_SELECTED,STATE_MACHINE,geometry-shadow,56,ARITH_A,ARITHMETIC,0,1.392489671707153,1
1,D_STRONG_SELECTED,STATE_MACHINE,incumbent,57,ARITH_A,ARITHMETIC,0,1.5450950860977173,1
1,D_STRONG_SELECTED,STATE_MACHINE,capacity-shadow,57,ARITH_A,ARITHMETIC,0,,1
1,D_STRONG_SELECTED,STATE_MACHINE,geometry-shadow,57,ARITH_A,ARITHMETIC,0,1.3452098369598389,1
1,D_STRONG_SELECTED,STATE_MACHINE,incumbent,58,STORY,STORY,1,0.3010660409927368,1
1,D_STRONG_SELECTED,STATE_MACHINE,capacity-shadow,58,STORY,STORY,1,,1
1,D_STRONG_SELECTED,STATE_MACHINE,geometry-shadow,58,STORY,STORY,2,0.7372542023658752,1
1,D_STRONG_SELECTED,STATE_MACHINE,incumbent,59,ARITH_A,ARITHMETIC,0,1.5264387130737305,1
1,D_STRONG_SELECTED,STATE_MACHINE,capacity-shadow,59,ARITH_A,ARITHMETIC,0,,1
1,D_STRONG_SELECTED,STATE_MACHINE,geometry-shadow,59,ARITH_A,ARITHMETIC,0,1.3343292474746704,1
1,D_STRONG_SELECTED,STATE_MACHINE,incumbent,60,STORY,STORY,0,0.0949873924255371,1
1,D_STRONG_SELECTED,STATE_MACHINE,capacity-shadow,60,STORY,STORY,0,,1
1,D_STRONG_SELECTED,STATE_MACHINE,geometry-shadow,60,STORY,STORY,2,0.2973188161849975,1
1,D_STRONG_SELECTED,STATE_MACHINE,incumbent,61,ARITH_A,ARITHMETIC,0,1.5083390474319458,1
1,D_STRONG_SELECTED,STATE_MACHINE,capacity-shadow,61,ARITH_A,ARITHMETIC,0,,1
1,D_STRONG_SELECTED,STATE_MACHINE,geometry-shadow,61,ARITH_A,ARITHMETIC,0,1.2609283924102783,1
1,D_STRONG_SELECTED,STATE_MACHINE,incumbent,62,ARITH_A,ARITHMETIC,0,1.5471490621566772,1
1,D_STRONG_SELECTED,STATE_MACHINE,capacity-shadow,62,ARITH_A,ARITHMETIC,0,,1
1,D_STRONG_SELECTED,STATE_MACHINE,geometry-shadow,62,ARITH_A,ARITHMETIC,0,1.3911263942718506,1
1,D_STRONG_SELECTED,STATE_MACHINE,incumbent,63,STATE_MACHINE,SELECTED,0,1.4886418581008911,1
1,D_STRONG_SELECTED,STATE_MACHINE,capacity-shadow,63,STATE_MACHINE,SELECTED,0,,1
1,D_STRONG_SELECTED,STATE_MACHINE,geometry-shadow,63,STATE_MACHINE,SELECTED,0,1.5818036794662476,1
1,D_STRONG_SELECTED,STATE_MACHINE,incumbent,64,STORY,STORY,1,0.3634905815124511,1
1,D_STRONG_SELECTED,STATE_MACHINE,capacity-shadow,64,STORY,STORY,2,,1
1,D_STRONG_SELECTED,STATE_MACHINE,geometry-shadow,64,STORY,STORY,2,0.429753839969635,1
1,D_STRONG_SELECTED,STATE_MACHINE,incumbent,65,ARITH_A,ARITHMETIC,0,1.5411057472229004,1
1,D_STRONG_SELECTED,STATE_MACHINE,capacity-shadow,65,ARITH_A,ARITHMETIC,0,,1
1,D_STRONG_SELECTED,STATE_MACHINE,geometry-shadow,65,ARITH_A,ARITHMETIC,0,1.3562114238739014,1
1,D_STRONG_SELECTED,STATE_MACHINE,incumbent,66,STATE_MACHINE,SELECTED,0,1.4904239177703855,1
1,D_STRONG_SELECTED,STATE_MACHINE,capacity-shadow,66,STATE_MACHINE,SELECTED,0,,1
1,D_STRONG_SELECTED,STATE_MACHINE,geometry-shadow,66,STATE_MACHINE,SELECTED,0,1.584891676902771,1
1,D_STRONG_SELECTED,STATE_MACHINE,incumbent,67,ARITH_A,ARITHMETIC,0,1.5307587385177612,1
1,D_STRONG_SELECTED,STATE_MACHINE,capacity-shadow,67,ARITH_A,ARITHMETIC,0,,1
1,D_STRONG_SELECTED,STATE_MACHINE,geometry-shadow,67,ARITH_A,ARITHMETIC,0,1.3174324035644531,1
1,D_STRONG_SELECTED,STATE_MACHINE,incumbent,68,STORY,STORY,1,0.7459243535995483,1
1,D_STRONG_SELECTED,STATE_MACHINE,capacity-shadow,68,STORY,STORY,1,,1
1,D_STRONG_SELECTED,STATE_MACHINE,geometry-shadow,68,STORY,STORY,1,0.5374925136566162,1
1,D_STRONG_SELECTED,STATE_MACHINE,incumbent,69,STORY,STORY,0,0.3153095245361328,1
1,D_STRONG_SELECTED,STATE_MACHINE,capacity-shadow,69,STORY,STORY,0,,1
1,D_STRONG_SELECTED,STATE_MACHINE,geometry-shadow,69,STORY,STORY,0,0.2754315137863159,1
1,D_STRONG_SELECTED,STATE_MACHINE,incumbent,70,ARITH_A,ARITHMETIC,0,1.529347538948059,1
1,D_STRONG_SELECTED,STATE_MACHINE,capacity-shadow,70,ARITH_A,ARITHMETIC,0,,1
1,D_STRONG_SELECTED,STATE_MACHINE,geometry-shadow,70,ARITH_A,ARITHMETIC,0,1.326133370399475,1
1,D_STRONG_SELECTED,STATE_MACHINE,incumbent,71,ARITH_A,ARITHMETIC,0,1.5044201612472534,1
1,D_STRONG_SELECTED,STATE_MACHINE,capacity-shadow,71,ARITH_A,ARITHMETIC,0,,1
1,D_STRONG_SELECTED,STATE_MACHINE,geometry-shadow,71,ARITH_A,ARITHMETIC,0,1.2862231731414795,1
1,D_STRONG_SELECTED,STATE_MACHINE,incumbent,72,STATE_MACHINE,SELECTED,0,1.4916419982910156,1
1,D_STRONG_SELECTED,STATE_MACHINE,capacity-shadow,72,STATE_MACHINE,SELECTED,0,,1
1,D_STRONG_SELECTED,STATE_MACHINE,geometry-shadow,72,STATE_MACHINE,SELECTED,0,1.5890251398086548,1
1,D_STRONG_SELECTED,STATE_MACHINE,incumbent,73,STATE_MACHINE,SELECTED,0,1.472814679145813,1
1,D_STRONG_SELECTED,STATE_MACHINE,capacity-shadow,73,STATE_MACHINE,SELECTED,0,,1
1,D_STRONG_SELECTED,STATE_MACHINE,geometry-shadow,73,STATE_MACHINE,SELECTED,0,1.562727689743042,1
1,D_STRONG_SELECTED,STATE_MACHINE,incumbent,74,STATE_MACHINE,SELECTED,0,1.508272647857666,1
1,D_STRONG_SELECTED,STATE_MACHINE,capacity-shadow,74,STATE_MACHINE,SELECTED,0,,1
1,D_STRONG_SELECTED,STATE_MACHINE,geometry-shadow,74,STATE_MACHINE,SELECTED,0,1.6146434545516968,1
1,D_STRONG_SELECTED,STATE_MACHINE,incumbent,75,STORY,STORY,0,0.1470271348953247,1
1,D_STRONG_SELECTED,STATE_MACHINE,capacity-shadow,75,STORY,STORY,0,,1
1,D_STRONG_SELECTED,STATE_MACHINE,geometry-shadow,75,STORY,STORY,0,0.1057076454162597,1
1,D_STRONG_SELECTED,STATE_MACHINE,incumbent,76,ARITH_A,ARITHMETIC,0,1.5330052375793457,1
1,D_STRONG_SELECTED,STATE_MACHINE,capacity-shadow,76,ARITH_A,ARITHMETIC,0,,1
1,D_STRONG_SELECTED,STATE_MACHINE,geometry-shadow,76,ARITH_A,ARITHMETIC,0,1.325940489768982,1
1,D_STRONG_SELECTED,STATE_MACHINE,incumbent,77,STORY,STORY,0,0.908754289150238,1
1,D_STRONG_SELECTED,STATE_MACHINE,capacity-shadow,77,STORY,STORY,0,,1
1,D_STRONG_SELECTED,STATE_MACHINE,geometry-shadow,77,STORY,STORY,0,0.4444276690483093,1
1,D_STRONG_SELECTED,STATE_MACHINE,incumbent,78,STORY,STORY,1,1.5098494291305542,1
1,D_STRONG_SELECTED,STATE_MACHINE,capacity-shadow,78,STORY,STORY,2,,1
1,D_STRONG_SELECTED,STATE_MACHINE,geometry-shadow,78,STORY,STORY,1,0.6116135120391846,1
1,D_STRONG_SELECTED,STATE_MACHINE,incumbent,79,ARITH_A,ARITHMETIC,0,1.530925750732422,1
1,D_STRONG_SELECTED,STATE_MACHINE,capacity-shadow,79,ARITH_A,ARITHMETIC,0,,1
1,D_STRONG_SELECTED,STATE_MACHINE,geometry-shadow,79,ARITH_A,ARITHMETIC,0,1.33190655708313,1
1,D_STRONG_SELECTED,STATE_MACHINE,incumbent,80,STORY,STORY,1,0.1673624515533447,1
1,D_STRONG_SELECTED,STATE_MACHINE,capacity-shadow,80,STORY,STORY,1,,1
1,D_STRONG_SELECTED,STATE_MACHINE,geometry-shadow,80,STORY,STORY,2,0.5392062067985535,1
1,D_STRONG_SELECTED,STATE_MACHINE,incumbent,81,STORY,STORY,1,0.2839522361755371,1
1,D_STRONG_SELECTED,STATE_MACHINE,capacity-shadow,81,STORY,STORY,2,,1
1,D_STRONG_SELECTED,STATE_MACHINE,geometry-shadow,81,STORY,STORY,1,0.1618722677230835,1
1,D_STRONG_SELECTED,STATE_MACHINE,incumbent,82,STATE_MACHINE,SELECTED,0,1.499058723449707,1
1,D_STRONG_SELECTED,STATE_MACHINE,capacity-shadow,82,STATE_MACHINE,SELECTED,0,,1
1,D_STRONG_SELECTED,STATE_MACHINE,geometry-shadow,82,STATE_MACHINE,SELECTED,0,1.603822946548462,1
1,D_STRONG_SELECTED,STATE_MACHINE,incumbent,83,ARITH_A,ARITHMETIC,0,1.5209661722183228,1
1,D_STRONG_SELECTED,STATE_MACHINE,capacity-shadow,83,ARITH_A,ARITHMETIC,0,,1
1,D_STRONG_SELECTED,STATE_MACHINE,geometry-shadow,83,ARITH_A,ARITHMETIC,0,1.3219172954559326,1
1,D_STRONG_SELECTED,STATE_MACHINE,incumbent,84,ARITH_A,ARITHMETIC,0,1.5210082530975342,1
1,D_STRONG_SELECTED,STATE_MACHINE,capacity-shadow,84,ARITH_A,ARITHMETIC,0,,1
1,D_STRONG_SELECTED,STATE_MACHINE,geometry-shadow,84,ARITH_A,ARITHMETIC,0,1.3073309659957886,1
1,D_STRONG_SELECTED,STATE_MACHINE,incumbent,85,STATE_MACHINE,SELECTED,0,1.506029486656189,1
1,D_STRONG_SELECTED,STATE_MACHINE,capacity-shadow,85,STATE_MACHINE,SELECTED,0,,1
1,D_STRONG_SELECTED,STATE_MACHINE,geometry-shadow,85,STATE_MACHINE,SELECTED,0,1.609375238418579,1
1,D_STRONG_SELECTED,STATE_MACHINE,incumbent,86,STATE_MACHINE,SELECTED,0,1.504681944847107,1
1,D_STRONG_SELECTED,STATE_MACHINE,capacity-shadow,86,STATE_MACHINE,SELECTED,0,,1
1,D_STRONG_SELECTED,STATE_MACHINE,geometry-shadow,86,STATE_MACHINE,SELECTED,0,1.60800039768219,1
1,D_STRONG_SELECTED,STATE_MACHINE,incumbent,87,STATE_MACHINE,SELECTED,0,1.497125267982483,1
1,D_STRONG_SELECTED,STATE_MACHINE,capacity-shadow,87,STATE_MACHINE,SELECTED,0,,1
1,D_STRONG_SELECTED,STATE_MACHINE,geometry-shadow,87,STATE_MACHINE,SELECTED,0,1.592410445213318,1
1,D_STRONG_SELECTED,STATE_MACHINE,incumbent,88,ARITH_A,ARITHMETIC,0,1.5606129169464111,1
1,D_STRONG_SELECTED,STATE_MACHINE,capacity-shadow,88,ARITH_A,ARITHMETIC,0,,1
1,D_STRONG_SELECTED,STATE_MACHINE,geometry-shadow,88,ARITH_A,ARITHMETIC,0,1.3888999223709106,1
1,D_STRONG_SELECTED,STATE_MACHINE,incumbent,89,STATE_MACHINE,SELECTED,0,1.4971354007720947,1
1,D_STRONG_SELECTED,STATE_MACHINE,capacity-shadow,89,STATE_MACHINE,SELECTED,0,,1
1,D_STRONG_SELECTED,STATE_MACHINE,geometry-shadow,89,STATE_MACHINE,SELECTED,0,1.5957016944885254,1
1,D_STRONG_SELECTED,STATE_MACHINE,incumbent,90,ARITH_A,ARITHMETIC,0,1.4910343885421753,1
1,D_STRONG_SELECTED,STATE_MACHINE,capacity-shadow,90,ARITH_A,ARITHMETIC,0,,1
1,D_STRONG_SELECTED,STATE_MACHINE,geometry-shadow,90,ARITH_A,ARITHMETIC,0,1.256029486656189,1
1,D_STRONG_SELECTED,STATE_MACHINE,incumbent,91,STATE_MACHINE,SELECTED,0,1.4797292947769165,1
1,D_STRONG_SELECTED,STATE_MACHINE,capacity-shadow,91,STATE_MACHINE,SELECTED,0,,1
1,D_STRONG_SELECTED,STATE_MACHINE,geometry-shadow,91,STATE_MACHINE,SELECTED,0,1.576502561569214,1
1,D_STRONG_SELECTED,STATE_MACHINE,incumbent,92,ARITH_A,ARITHMETIC,0,1.551157832145691,1
1,D_STRONG_SELECTED,STATE_MACHINE,capacity-shadow,92,ARITH_A,ARITHMETIC,0,,1
1,D_STRONG_SELECTED,STATE_MACHINE,geometry-shadow,92,ARITH_A,ARITHMETIC,0,1.3776170015335083,1
1,D_STRONG_SELECTED,STATE_MACHINE,incumbent,93,STATE_MACHINE,SELECTED,0,1.499563455581665,1
1,D_STRONG_SELECTED,STATE_MACHINE,capacity-shadow,93,STATE_MACHINE,SELECTED,0,,1
1,D_STRONG_SELECTED,STATE_MACHINE,geometry-shadow,93,STATE_MACHINE,SELECTED,0,1.6033896207809448,1
1,D_STRONG_SELECTED,STATE_MACHINE,incumbent,94,STATE_MACHINE,SELECTED,0,1.4897476434707642,1
1,D_STRONG_SELECTED,STATE_MACHINE,capacity-shadow,94,STATE_MACHINE,SELECTED,0,,1
1,D_STRONG_SELECTED,STATE_MACHINE,geometry-shadow,94,STATE_MACHINE,SELECTED,0,1.5851118564605713,1
1,D_STRONG_SELECTED,STATE_MACHINE,incumbent,95,STORY,STORY,1,0.0422216653823852,1
1,D_STRONG_SELECTED,STATE_MACHINE,capacity-shadow,95,STORY,STORY,1,,1
1,D_STRONG_SELECTED,STATE_MACHINE,geometry-shadow,95,STORY,STORY,2,0.1777043342590332,1
1,D_STRONG_SELECTED,STATE_MACHINE,incumbent,96,STATE_MACHINE,SELECTED,0,1.4902604818344116,1
1,D_STRONG_SELECTED,STATE_MACHINE,capacity-shadow,96,STATE_MACHINE,SELECTED,0,,1
1,D_STRONG_SELECTED,STATE_MACHINE,geometry-shadow,96,STATE_MACHINE,SELECTED,0,1.588199496269226,1
1,D_STRONG_SELECTED,STATE_MACHINE,incumbent,97,STORY,STORY,0,0.2463160753250122,1
1,D_STRONG_SELECTED,STATE_MACHINE,capacity-shadow,97,STORY,STORY,0,,1
1,D_STRONG_SELECTED,STATE_MACHINE,geometry-shadow,97,STORY,STORY,0,0.3186742067337036,1
1,D_STRONG_SELECTED,STATE_MACHINE,incumbent,98,STORY,STORY,1,1.097353458404541,1
1,D_STRONG_SELECTED,STATE_MACHINE,capacity-shadow,98,STORY,STORY,2,,1
1,D_STRONG_SELECTED,STATE_MACHINE,geometry-shadow,98,STORY,STORY,1,0.109564185142517,1
1,D_STRONG_SELECTED,STATE_MACHINE,incumbent,99,STATE_MACHINE,SELECTED,0,1.4874252080917358,1
1,D_STRONG_SELECTED,STATE_MACHINE,capacity-shadow,99,STATE_MACHINE,SELECTED,0,,1
1,D_STRONG_SELECTED,STATE_MACHINE,geometry-shadow,99,STATE_MACHINE,SELECTED,0,1.583155632019043,1
1,D_STRONG_SELECTED,STATE_MACHINE,incumbent,100,ARITH_A,ARITHMETIC,0,1.5302807092666626,1
1,D_STRONG_SELECTED,STATE_MACHINE,capacity-shadow,100,ARITH_A,ARITHMETIC,0,,1
1,D_STRONG_SELECTED,STATE_MACHINE,geometry-shadow,100,ARITH_A,ARITHMETIC,0,1.3209736347198486,1
1,D_STRONG_SELECTED,STATE_MACHINE,incumbent,101,STORY,STORY,0,0.5117223858833313,1
1,D_STRONG_SELECTED,STATE_MACHINE,capacity-shadow,101,STORY,STORY,0,,1
1,D_STRONG_SELECTED,STATE_MACHINE,geometry-shadow,101,STORY,STORY,0,0.4397208094596863,1
1,D_STRONG_SELECTED,STATE_MACHINE,incumbent,102,STORY,STORY,1,0.2946953773498535,1
1,D_STRONG_SELECTED,STATE_MACHINE,capacity-shadow,102,STORY,STORY,1,,1
1,D_STRONG_SELECTED,STATE_MACHINE,geometry-shadow,102,STORY,STORY,2,0.5889315605163574,1
1,D_STRONG_SELECTED,STATE_MACHINE,incumbent,103,ARITH_A,ARITHMETIC,0,1.5024632215499878,1
1,D_STRONG_SELECTED,STATE_MACHINE,capacity-shadow,103,ARITH_A,ARITHMETIC,0,,1
1,D_STRONG_SELECTED,STATE_MACHINE,geometry-shadow,103,ARITH_A,ARITHMETIC,0,1.2657440900802612,1
1,D_STRONG_SELECTED,STATE_MACHINE,incumbent,104,ARITH_A,ARITHMETIC,0,1.5371596813201904,1
1,D_STRONG_SELECTED,STATE_MACHINE,capacity-shadow,104,ARITH_A,ARITHMETIC,0,,1
1,D_STRONG_SELECTED,STATE_MACHINE,geometry-shadow,104,ARITH_A,ARITHMETIC,0,1.350151538848877,1
1,D_STRONG_SELECTED,STATE_MACHINE,incumbent,105,STATE_MACHINE,SELECTED,0,1.4833725690841677,1
1,D_STRONG_SELECTED,STATE_MACHINE,capacity-shadow,105,STATE_MACHINE,SELECTED,0,,1
1,D_STRONG_SELECTED,STATE_MACHINE,geometry-shadow,105,STATE_MACHINE,SELECTED,0,1.5775916576385498,1
1,D_STRONG_SELECTED,STATE_MACHINE,incumbent,106,STORY,STORY,1,0.8598185777664185,1
1,D_STRONG_SELECTED,STATE_MACHINE,capacity-shadow,106,STORY,STORY,2,,1
1,D_STRONG_SELECTED,STATE_MACHINE,geometry-shadow,106,STORY,STORY,1,0.2800055742263794,1
1,D_STRONG_SELECTED,STATE_MACHINE,incumbent,107,STATE_MACHINE,SELECTED,0,1.4789111614227295,1
1,D_STRONG_SELECTED,STATE_MACHINE,capacity-shadow,107,STATE_MACHINE,SELECTED,0,,1
1,D_STRONG_SELECTED,STATE_MACHINE,geometry-shadow,107,STATE_MACHINE,SELECTED,0,1.571685791015625,1
1,D_STRONG_SELECTED,STATE_MACHINE,incumbent,108,STORY,STORY,0,0.2596795558929443,1
1,D_STRONG_SELECTED,STATE_MACHINE,capacity-shadow,108,STORY,STORY,0,,1
1,D_STRONG_SELECTED,STATE_MACHINE,geometry-shadow,108,STORY,STORY,2,0.2541067004203796,1
1,D_STRONG_SELECTED,STATE_MACHINE,incumbent,109,STORY,STORY,1,0.2747451066970825,1
1,D_STRONG_SELECTED,STATE_MACHINE,capacity-shadow,109,STORY,STORY,1,,1
1,D_STRONG_SELECTED,STATE_MACHINE,geometry-shadow,109,STORY,STORY,1,0.0259193181991577,1
1,D_STRONG_SELECTED,STATE_MACHINE,incumbent,110,STORY,STORY,1,1.8019598722457888,1
1,D_STRONG_SELECTED,STATE_MACHINE,capacity-shadow,110,STORY,STORY,2,,1
1,D_STRONG_SELECTED,STATE_MACHINE,geometry-shadow,110,STORY,STORY,1,0.2913202047348022,1
1,D_STRONG_SELECTED,STATE_MACHINE,incumbent,111,ARITH_A,ARITHMETIC,0,1.5088722705841064,1
1,D_STRONG_SELECTED,STATE_MACHINE,capacity-shadow,111,ARITH_A,ARITHMETIC,0,,1
1,D_STRONG_SELECTED,STATE_MACHINE,geometry-shadow,111,ARITH_A,ARITHMETIC,0,1.2956124544143677,1
1,D_STRONG_SELECTED,STATE_MACHINE,incumbent,112,ARITH_A,ARITHMETIC,0,1.54481303691864,1
1,D_STRONG_SELECTED,STATE_MACHINE,capacity-shadow,112,ARITH_A,ARITHMETIC,0,,1
1,D_STRONG_SELECTED,STATE_MACHINE,geometry-shadow,112,ARITH_A,ARITHMETIC,0,1.3340295553207395,1
1,D_STRONG_SELECTED,STATE_MACHINE,incumbent,113,STORY,STORY,1,0.5136269330978394,1
1,D_STRONG_SELECTED,STATE_MACHINE,capacity-shadow,113,STORY,STORY,1,,1
1,D_STRONG_SELECTED,STATE_MACHINE,geometry-shadow,113,STORY,STORY,1,0.336333155632019,1
1,D_STRONG_SELECTED,STATE_MACHINE,incumbent,114,STATE_MACHINE,SELECTED,0,1.4886834621429443,1
1,D_STRONG_SELECTED,STATE_MACHINE,capacity-shadow,114,STATE_MACHINE,SELECTED,0,,1
1,D_STRONG_SELECTED,STATE_MACHINE,geometry-shadow,114,STATE_MACHINE,SELECTED,0,1.584123134613037,1
1,D_STRONG_SELECTED,STATE_MACHINE,incumbent,115,STORY,STORY,0,1.02902090549469,1
1,D_STRONG_SELECTED,STATE_MACHINE,capacity-shadow,115,STORY,STORY,0,,1
1,D_STRONG_SELECTED,STATE_MACHINE,geometry-shadow,115,STORY,STORY,0,0.8058038949966431,1
1,D_STRONG_SELECTED,STATE_MACHINE,incumbent,116,STATE_MACHINE,SELECTED,0,1.4856483936309814,1
1,D_STRONG_SELECTED,STATE_MACHINE,capacity-shadow,116,STATE_MACHINE,SELECTED,0,,1
1,D_STRONG_SELECTED,STATE_MACHINE,geometry-shadow,116,STATE_MACHINE,SELECTED,0,1.5845805406570437,1
1,D_STRONG_SELECTED,STATE_MACHINE,incumbent,117,STATE_MACHINE,SELECTED,0,1.5139777660369873,1
1,D_STRONG_SELECTED,STATE_MACHINE,capacity-shadow,117,STATE_MACHINE,SELECTED,0,,1
1,D_STRONG_SELECTED,STATE_MACHINE,geometry-shadow,117,STATE_MACHINE,SELECTED,0,1.620560646057129,1
1,D_STRONG_SELECTED,STATE_MACHINE,incumbent,118,STORY,STORY,1,0.95303475856781,1
1,D_STRONG_SELECTED,STATE_MACHINE,capacity-shadow,118,STORY,STORY,2,,1
1,D_STRONG_SELECTED,STATE_MACHINE,geometry-shadow,118,STORY,STORY,1,0.3179916143417358,1
1,D_STRONG_SELECTED,STATE_MACHINE,incumbent,119,ARITH_A,ARITHMETIC,0,1.510353446006775,1
1,D_STRONG_SELECTED,STATE_MACHINE,capacity-shadow,119,ARITH_A,ARITHMETIC,0,,1
1,D_STRONG_SELECTED,STATE_MACHINE,geometry-shadow,119,ARITH_A,ARITHMETIC,0,1.2846955060958862,1
1,D_STRONG_SELECTED,STATE_MACHINE,incumbent,120,STORY,STORY,1,0.8242413997650146,1
1,D_STRONG_SELECTED,STATE_MACHINE,capacity-shadow,120,STORY,STORY,1,,1
1,D_STRONG_SELECTED,STATE_MACHINE,geometry-shadow,120,STORY,STORY,1,0.5522767305374146,1
1,D_STRONG_SELECTED,STATE_MACHINE,incumbent,121,STORY,STORY,1,1.824792504310608,1
1,D_STRONG_SELECTED,STATE_MACHINE,capacity-shadow,121,STORY,STORY,2,,1
1,D_STRONG_SELECTED,STATE_MACHINE,geometry-shadow,121,STORY,STORY,1,0.6796549558639526,1
1,D_STRONG_SELECTED,STATE_MACHINE,incumbent,122,STORY,STORY,1,1.2758148908615112,1
1,D_STRONG_SELECTED,STATE_MACHINE,capacity-shadow,122,STORY,STORY,1,,1
1,D_STRONG_SELECTED,STATE_MACHINE,geometry-shadow,122,STORY,STORY,1,0.2739598155021667,1
1,D_STRONG_SELECTED,STATE_MACHINE,incumbent,123,STATE_MACHINE,SELECTED,0,1.4997440576553345,1
1,D_STRONG_SELECTED,STATE_MACHINE,capacity-shadow,123,STATE_MACHINE,SELECTED,0,,1
1,D_STRONG_SELECTED,STATE_MACHINE,geometry-shadow,123,STATE_MACHINE,SELECTED,0,1.59965181350708,1
1,D_STRONG_SELECTED,STATE_MACHINE,incumbent,124,ARITH_A,ARITHMETIC,0,1.537121057510376,1
1,D_STRONG_SELECTED,STATE_MACHINE,capacity-shadow,124,ARITH_A,ARITHMETIC,0,,1
1,D_STRONG_SELECTED,STATE_MACHINE,geometry-shadow,124,ARITH_A,ARITHMETIC,0,1.3785321712493896,1
1,D_STRONG_SELECTED,STATE_MACHINE,incumbent,125,STATE_MACHINE,SELECTED,0,1.4851609468460083,1
1,D_STRONG_SELECTED,STATE_MACHINE,capacity-shadow,125,STATE_MACHINE,SELECTED,0,,1
1,D_STRONG_SELECTED,STATE_MACHINE,geometry-shadow,125,STATE_MACHINE,SELECTED,0,1.5833604335784912,1
1,D_STRONG_SELECTED,STATE_MACHINE,incumbent,126,STATE_MACHINE,SELECTED,0,1.4846720695495603,1
1,D_STRONG_SELECTED,STATE_MACHINE,capacity-shadow,126,STATE_MACHINE,SELECTED,0,,1
1,D_STRONG_SELECTED,STATE_MACHINE,geometry-shadow,126,STATE_MACHINE,SELECTED,0,1.5786137580871582,1
1,D_STRONG_SELECTED,STATE_MACHINE,incumbent,127,STORY,STORY,1,0.3378012180328369,1
1,D_STRONG_SELECTED,STATE_MACHINE,capacity-shadow,127,STORY,STORY,2,,1
1,D_STRONG_SELECTED,STATE_MACHINE,geometry-shadow,127,STORY,STORY,2,0.0966242551803588,1
1,D_STRONG_SELECTED,STATE_MACHINE,incumbent,128,ARITH_A,ARITHMETIC,0,1.5167617797851562,1
1,D_STRONG_SELECTED,STATE_MACHINE,capacity-shadow,128,ARITH_A,ARITHMETIC,0,,1
1,D_STRONG_SELECTED,STATE_MACHINE,geometry-shadow,128,ARITH_A,ARITHMETIC,0,1.2989859580993652,1
1,D_STRONG_SELECTED,STATE_MACHINE,incumbent,129,STORY,STORY,1,1.2067983150482178,1
1,D_STRONG_SELECTED,STATE_MACHINE,capacity-shadow,129,STORY,STORY,1,,1
1,D_STRONG_SELECTED,STATE_MACHINE,geometry-shadow,129,STORY,STORY,1,0.2705633640289306,1
1,D_STRONG_SELECTED,STATE_MACHINE,incumbent,130,STATE_MACHINE,SELECTED,0,1.4990923404693604,1
1,D_STRONG_SELECTED,STATE_MACHINE,capacity-shadow,130,STATE_MACHINE,SELECTED,0,,1
1,D_STRONG_SELECTED,STATE_MACHINE,geometry-shadow,130,STATE_MACHINE,SELECTED,0,1.6019712686538696,1
1,D_STRONG_SELECTED,STATE_MACHINE,incumbent,131,STATE_MACHINE,SELECTED,0,1.482632040977478,1
1,D_STRONG_SELECTED,STATE_MACHINE,capacity-shadow,131,STATE_MACHINE,SELECTED,0,,1
1,D_STRONG_SELECTED,STATE_MACHINE,geometry-shadow,131,STATE_MACHINE,SELECTED,0,1.5731652975082395,1
1,D_STRONG_SELECTED,STATE_MACHINE,incumbent,132,STATE_MACHINE,SELECTED,0,1.4905415773391724,1
1,D_STRONG_SELECTED,STATE_MACHINE,capacity-shadow,132,STATE_MACHINE,SELECTED,0,,1
1,D_STRONG_SELECTED,STATE_MACHINE,geometry-shadow,132,STATE_MACHINE,SELECTED,0,1.589987874031067,1
1,D_STRONG_SELECTED,STATE_MACHINE,incumbent,133,STORY,STORY,1,1.4847575426101685,1
1,D_STRONG_SELECTED,STATE_MACHINE,capacity-shadow,133,STORY,STORY,2,,1
1,D_STRONG_SELECTED,STATE_MACHINE,geometry-shadow,133,STORY,STORY,1,0.3188141584396362,1
1,D_STRONG_SELECTED,STATE_MACHINE,incumbent,134,STATE_MACHINE,SELECTED,0,1.5036215782165527,1
1,D_STRONG_SELECTED,STATE_MACHINE,capacity-shadow,134,STATE_MACHINE,SELECTED,0,,1
1,D_STRONG_SELECTED,STATE_MACHINE,geometry-shadow,134,STATE_MACHINE,SELECTED,0,1.6105623245239258,1
1,D_STRONG_SELECTED,STATE_MACHINE,incumbent,135,ARITH_A,ARITHMETIC,0,1.5368679761886597,1
1,D_STRONG_SELECTED,STATE_MACHINE,capacity-shadow,135,ARITH_A,ARITHMETIC,0,,1
1,D_STRONG_SELECTED,STATE_MACHINE,geometry-shadow,135,ARITH_A,ARITHMETIC,0,1.3463460206985474,1
1,D_STRONG_SELECTED,STATE_MACHINE,incumbent,136,ARITH_A,ARITHMETIC,0,1.4957749843597412,1
1,D_STRONG_SELECTED,STATE_MACHINE,capacity-shadow,136,ARITH_A,ARITHMETIC,0,,1
1,D_STRONG_SELECTED,STATE_MACHINE,geometry-shadow,136,ARITH_A,ARITHMETIC,0,1.2726988792419434,1
1,D_STRONG_SELECTED,STATE_MACHINE,incumbent,137,STORY,STORY,0,0.8344388604164124,1
1,D_STRONG_SELECTED,STATE_MACHINE,capacity-shadow,137,STORY,STORY,0,,1
1,D_STRONG_SELECTED,STATE_MACHINE,geometry-shadow,137,STORY,STORY,0,0.3689226508140564,1
1,D_STRONG_SELECTED,STATE_MACHINE,incumbent,138,STORY,STORY,1,2.070462465286255,1
1,D_STRONG_SELECTED,STATE_MACHINE,capacity-shadow,138,STORY,STORY,1,,1
1,D_STRONG_SELECTED,STATE_MACHINE,geometry-shadow,138,STORY,STORY,1,0.6479887962341309,1
1,D_STRONG_SELECTED,STATE_MACHINE,incumbent,139,ARITH_A,ARITHMETIC,0,1.5393028259277344,1
1,D_STRONG_SELECTED,STATE_MACHINE,capacity-shadow,139,ARITH_A,ARITHMETIC,0,,1
1,D_STRONG_SELECTED,STATE_MACHINE,geometry-shadow,139,ARITH_A,ARITHMETIC,0,1.3515381813049316,1
1,D_STRONG_SELECTED,STATE_MACHINE,incumbent,140,STORY,STORY,0,0.8743663430213928,1
1,D_STRONG_SELECTED,STATE_MACHINE,capacity-shadow,140,STORY,STORY,0,,1
1,D_STRONG_SELECTED,STATE_MACHINE,geometry-shadow,140,STORY,STORY,0,0.5343706011772156,1
1,D_STRONG_SELECTED,STATE_MACHINE,incumbent,141,STATE_MACHINE,SELECTED,0,1.4825785160064695,1
1,D_STRONG_SELECTED,STATE_MACHINE,capacity-shadow,141,STATE_MACHINE,SELECTED,0,,1
1,D_STRONG_SELECTED,STATE_MACHINE,geometry-shadow,141,STATE_MACHINE,SELECTED,0,1.572519302368164,1
1,D_STRONG_SELECTED,STATE_MACHINE,incumbent,142,STATE_MACHINE,SELECTED,0,1.4651697874069214,1
1,D_STRONG_SELECTED,STATE_MACHINE,capacity-shadow,142,STATE_MACHINE,SELECTED,0,,1
1,D_STRONG_SELECTED,STATE_MACHINE,geometry-shadow,142,STATE_MACHINE,SELECTED,0,1.5514540672302246,1
1,D_STRONG_SELECTED,STATE_MACHINE,incumbent,143,STORY,STORY,0,0.0600930452346801,1
1,D_STRONG_SELECTED,STATE_MACHINE,capacity-shadow,143,STORY,STORY,0,,1
1,D_STRONG_SELECTED,STATE_MACHINE,geometry-shadow,143,STORY,STORY,2,0.0213116407394409,1
1,D_STRONG_SELECTED,STATE_MACHINE,incumbent,144,STATE_MACHINE,SELECTED,0,1.4697558879852295,1
1,D_STRONG_SELECTED,STATE_MACHINE,capacity-shadow,144,STATE_MACHINE,SELECTED,0,,1
1,D_STRONG_SELECTED,STATE_MACHINE,geometry-shadow,144,STATE_MACHINE,SELECTED,0,1.557304859161377,1
1,D_STRONG_SELECTED,STATE_MACHINE,incumbent,145,ARITH_A,ARITHMETIC,0,1.5277047157287598,1
1,D_STRONG_SELECTED,STATE_MACHINE,capacity-shadow,145,ARITH_A,ARITHMETIC,0,,1
1,D_STRONG_SELECTED,STATE_MACHINE,geometry-shadow,145,ARITH_A,ARITHMETIC,0,1.312627196311951,1
1,D_STRONG_SELECTED,STATE_MACHINE,incumbent,146,STATE_MACHINE,SELECTED,0,1.4960730075836182,1
1,D_STRONG_SELECTED,STATE_MACHINE,capacity-shadow,146,STATE_MACHINE,SELECTED,0,,1
1,D_STRONG_SELECTED,STATE_MACHINE,geometry-shadow,146,STATE_MACHINE,SELECTED,0,1.591395378112793,1
1,D_STRONG_SELECTED,STATE_MACHINE,incumbent,147,STORY,STORY,1,0.6759679317474365,1
1,D_STRONG_SELECTED,STATE_MACHINE,capacity-shadow,147,STORY,STORY,2,,1
1,D_STRONG_SELECTED,STATE_MACHINE,geometry-shadow,147,STORY,STORY,1,0.3193981647491455,1
1,D_STRONG_SELECTED,STATE_MACHINE,incumbent,148,STORY,STORY,1,0.6765590906143188,1
1,D_STRONG_SELECTED,STATE_MACHINE,capacity-shadow,148,STORY,STORY,1,,1
1,D_STRONG_SELECTED,STATE_MACHINE,geometry-shadow,148,STORY,STORY,2,0.1496669054031372,1
1,D_STRONG_SELECTED,STATE_MACHINE,incumbent,149,ARITH_A,ARITHMETIC,0,1.5482380390167236,1
1,D_STRONG_SELECTED,STATE_MACHINE,capacity-shadow,149,ARITH_A,ARITHMETIC,0,,1
1,D_STRONG_SELECTED,STATE_MACHINE,geometry-shadow,149,ARITH_A,ARITHMETIC,0,1.352095127105713,1
1,D_STRONG_SELECTED,STATE_MACHINE,incumbent,150,STORY,STORY,1,1.4414936304092407,1
1,D_STRONG_SELECTED,STATE_MACHINE,capacity-shadow,150,STORY,STORY,2,,1
1,D_STRONG_SELECTED,STATE_MACHINE,geometry-shadow,150,STORY,STORY,1,0.3411566019058227,1
1,D_STRONG_SELECTED,STATE_MACHINE,incumbent,151,STORY,STORY,1,0.8983567953109741,1
1,D_STRONG_SELECTED,STATE_MACHINE,capacity-shadow,151,STORY,STORY,1,,1
1,D_STRONG_SELECTED,STATE_MACHINE,geometry-shadow,151,STORY,STORY,2,0.3620665073394775,1
1,D_STRONG_SELECTED,STATE_MACHINE,incumbent,152,ARITH_A,ARITHMETIC,0,1.551327109336853,1
1,D_STRONG_SELECTED,STATE_MACHINE,capacity-shadow,152,ARITH_A,ARITHMETIC,0,,1
1,D_STRONG_SELECTED,STATE_MACHINE,geometry-shadow,152,ARITH_A,ARITHMETIC,0,1.403758883476257,1
1,D_STRONG_SELECTED,STATE_MACHINE,incumbent,153,STATE_MACHINE,SELECTED,0,1.4825198650360107,1
1,D_STRONG_SELECTED,STATE_MACHINE,capacity-shadow,153,STATE_MACHINE,SELECTED,0,,1
1,D_STRONG_SELECTED,STATE_MACHINE,geometry-shadow,153,STATE_MACHINE,SELECTED,0,1.5788977146148682,1
1,D_STRONG_SELECTED,STATE_MACHINE,incumbent,154,STATE_MACHINE,SELECTED,0,1.47579026222229,1
1,D_STRONG_SELECTED,STATE_MACHINE,capacity-shadow,154,STATE_MACHINE,SELECTED,0,,1
1,D_STRONG_SELECTED,STATE_MACHINE,geometry-shadow,154,STATE_MACHINE,SELECTED,0,1.5722274780273438,1
1,D_STRONG_SELECTED,STATE_MACHINE,incumbent,155,ARITH_A,ARITHMETIC,0,1.5429627895355225,1
1,D_STRONG_SELECTED,STATE_MACHINE,capacity-shadow,155,ARITH_A,ARITHMETIC,0,,1
1,D_STRONG_SELECTED,STATE_MACHINE,geometry-shadow,155,ARITH_A,ARITHMETIC,0,1.359050989151001,1
1,D_STRONG_SELECTED,STATE_MACHINE,incumbent,156,ARITH_A,ARITHMETIC,0,1.5395147800445557,1
1,D_STRONG_SELECTED,STATE_MACHINE,capacity-shadow,156,ARITH_A,ARITHMETIC,0,,1
1,D_STRONG_SELECTED,STATE_MACHINE,geometry-shadow,156,ARITH_A,ARITHMETIC,0,1.3589258193969729,1
1,D_STRONG_SELECTED,STATE_MACHINE,incumbent,157,ARITH_A,ARITHMETIC,0,1.5169851779937744,1
1,D_STRONG_SELECTED,STATE_MACHINE,capacity-shadow,157,ARITH_A,ARITHMETIC,0,,1
1,D_STRONG_SELECTED,STATE_MACHINE,geometry-shadow,157,ARITH_A,ARITHMETIC,0,1.2745424509048462,1
1,D_STRONG_SELECTED,STATE_MACHINE,incumbent,158,STORY,STORY,1,0.3024747967720032,1
1,D_STRONG_SELECTED,STATE_MACHINE,capacity-shadow,158,STORY,STORY,2,,1
1,D_STRONG_SELECTED,STATE_MACHINE,geometry-shadow,158,STORY,STORY,2,0.18382328748703,1
1,D_STRONG_SELECTED,STATE_MACHINE,incumbent,159,ARITH_A,ARITHMETIC,0,1.4972069263458252,1
1,D_STRONG_SELECTED,STATE_MACHINE,capacity-shadow,159,ARITH_A,ARITHMETIC,0,,1
1,D_STRONG_SELECTED,STATE_MACHINE,geometry-shadow,159,ARITH_A,ARITHMETIC,0,1.244926691055298,1
1,D_STRONG_SELECTED,STATE_MACHINE,incumbent,160,ARITH_A,ARITHMETIC,0,1.5391501188278198,1
1,D_STRONG_SELECTED,STATE_MACHINE,capacity-shadow,160,ARITH_A,ARITHMETIC,0,,1
1,D_STRONG_SELECTED,STATE_MACHINE,geometry-shadow,160,ARITH_A,ARITHMETIC,0,1.3916229009628296,1
1,D_STRONG_SELECTED,STATE_MACHINE,incumbent,161,STATE_MACHINE,SELECTED,0,1.490239143371582,1
1,D_STRONG_SELECTED,STATE_MACHINE,capacity-shadow,161,STATE_MACHINE,SELECTED,0,,1
1,D_STRONG_SELECTED,STATE_MACHINE,geometry-shadow,161,STATE_MACHINE,SELECTED,0,1.5851731300354004,1
1,D_STRONG_SELECTED,STATE_MACHINE,incumbent,162,STORY,STORY,1,1.5532586574554443,1
1,D_STRONG_SELECTED,STATE_MACHINE,capacity-shadow,162,STORY,STORY,1,,1
1,D_STRONG_SELECTED,STATE_MACHINE,geometry-shadow,162,STORY,STORY,2,0.0531107783317565,1
1,D_STRONG_SELECTED,STATE_MACHINE,incumbent,163,STORY,STORY,1,0.5074062347412109,1
1,D_STRONG_SELECTED,STATE_MACHINE,capacity-shadow,163,STORY,STORY,2,,1
1,D_STRONG_SELECTED,STATE_MACHINE,geometry-shadow,163,STORY,STORY,1,0.3241468667984009,1
1,D_STRONG_SELECTED,STATE_MACHINE,incumbent,164,STORY,STORY,1,1.6467931270599363,1
1,D_STRONG_SELECTED,STATE_MACHINE,capacity-shadow,164,STORY,STORY,1,,1
1,D_STRONG_SELECTED,STATE_MACHINE,geometry-shadow,164,STORY,STORY,1,0.1769406795501709,1
1,D_STRONG_SELECTED,STATE_MACHINE,incumbent,165,ARITH_A,ARITHMETIC,0,1.5264548063278198,1
1,D_STRONG_SELECTED,STATE_MACHINE,capacity-shadow,165,ARITH_A,ARITHMETIC,0,,1
1,D_STRONG_SELECTED,STATE_MACHINE,geometry-shadow,165,ARITH_A,ARITHMETIC,0,1.3113850355148315,1
1,D_STRONG_SELECTED,STATE_MACHINE,incumbent,166,ARITH_A,ARITHMETIC,0,1.521554708480835,1
1,D_STRONG_SELECTED,STATE_MACHINE,capacity-shadow,166,ARITH_A,ARITHMETIC,0,,1
1,D_STRONG_SELECTED,STATE_MACHINE,geometry-shadow,166,ARITH_A,ARITHMETIC,0,1.3401445150375366,1
1,D_STRONG_SELECTED,STATE_MACHINE,incumbent,167,STATE_MACHINE,SELECTED,0,1.4817986488342283,1
1,D_STRONG_SELECTED,STATE_MACHINE,capacity-shadow,167,STATE_MACHINE,SELECTED,0,,1
1,D_STRONG_SELECTED,STATE_MACHINE,geometry-shadow,167,STATE_MACHINE,SELECTED,0,1.574159026145935,1
1,D_STRONG_SELECTED,STATE_MACHINE,incumbent,168,STORY,STORY,1,0.6145387887954712,1
1,D_STRONG_SELECTED,STATE_MACHINE,capacity-shadow,168,STORY,STORY,2,,1
1,D_STRONG_SELECTED,STATE_MACHINE,geometry-shadow,168,STORY,STORY,1,0.0887835025787353,1
1,D_STRONG_SELECTED,STATE_MACHINE,incumbent,169,ARITH_A,ARITHMETIC,0,1.5469917058944702,1
1,D_STRONG_SELECTED,STATE_MACHINE,capacity-shadow,169,ARITH_A,ARITHMETIC,0,,1
1,D_STRONG_SELECTED,STATE_MACHINE,geometry-shadow,169,ARITH_A,ARITHMETIC,0,1.3489854335784912,1
1,D_STRONG_SELECTED,STATE_MACHINE,incumbent,170,STORY,STORY,1,0.011357307434082,1
1,D_STRONG_SELECTED,STATE_MACHINE,capacity-shadow,170,STORY,STORY,1,,1
1,D_STRONG_SELECTED,STATE_MACHINE,geometry-shadow,170,STORY,STORY,2,0.2555116415023803,1
1,D_STRONG_SELECTED,STATE_MACHINE,incumbent,171,STORY,STORY,1,0.9459631443023682,1
1,D_STRONG_SELECTED,STATE_MACHINE,capacity-shadow,171,STORY,STORY,2,,1
1,D_STRONG_SELECTED,STATE_MACHINE,geometry-shadow,171,STORY,STORY,1,0.3277480602264404,1
1,D_STRONG_SELECTED,STATE_MACHINE,incumbent,172,STATE_MACHINE,SELECTED,0,1.4997844696044922,1
1,D_STRONG_SELECTED,STATE_MACHINE,capacity-shadow,172,STATE_MACHINE,SELECTED,0,,1
1,D_STRONG_SELECTED,STATE_MACHINE,geometry-shadow,172,STATE_MACHINE,SELECTED,0,1.6001715660095217,1
1,D_STRONG_SELECTED,STATE_MACHINE,incumbent,173,STORY,STORY,0,0.1660044193267822,1
1,D_STRONG_SELECTED,STATE_MACHINE,capacity-shadow,173,STORY,STORY,0,,1
1,D_STRONG_SELECTED,STATE_MACHINE,geometry-shadow,173,STORY,STORY,0,0.1121525764465332,1
1,D_STRONG_SELECTED,STATE_MACHINE,incumbent,174,ARITH_A,ARITHMETIC,0,1.5373340845108032,1
1,D_STRONG_SELECTED,STATE_MACHINE,capacity-shadow,174,ARITH_A,ARITHMETIC,0,,1
1,D_STRONG_SELECTED,STATE_MACHINE,geometry-shadow,174,ARITH_A,ARITHMETIC,0,1.3392436504364014,1
1,D_STRONG_SELECTED,STATE_MACHINE,incumbent,175,STORY,STORY,0,0.0179238319396972,1
1,D_STRONG_SELECTED,STATE_MACHINE,capacity-shadow,175,STORY,STORY,0,,1
1,D_STRONG_SELECTED,STATE_MACHINE,geometry-shadow,175,STORY,STORY,2,0.2120240330696106,1
1,D_STRONG_SELECTED,STATE_MACHINE,incumbent,176,STATE_MACHINE,SELECTED,0,1.4835740327835083,1
1,D_STRONG_SELECTED,STATE_MACHINE,capacity-shadow,176,STATE_MACHINE,SELECTED,0,,1
1,D_STRONG_SELECTED,STATE_MACHINE,geometry-shadow,176,STATE_MACHINE,SELECTED,0,1.582843542098999,1
1,D_STRONG_SELECTED,STATE_MACHINE,incumbent,177,ARITH_A,ARITHMETIC,0,1.5453590154647827,1
1,D_STRONG_SELECTED,STATE_MACHINE,capacity-shadow,177,ARITH_A,ARITHMETIC,0,,1
1,D_STRONG_SELECTED,STATE_MACHINE,geometry-shadow,177,ARITH_A,ARITHMETIC,0,1.365128993988037,1
1,D_STRONG_SELECTED,STATE_MACHINE,incumbent,178,STORY,STORY,1,1.0478510856628418,1
1,D_STRONG_SELECTED,STATE_MACHINE,capacity-shadow,178,STORY,STORY,1,,1
1,D_STRONG_SELECTED,STATE_MACHINE,geometry-shadow,178,STORY,STORY,1,0.1323904991149902,1
1,D_STRONG_SELECTED,STATE_MACHINE,incumbent,179,STATE_MACHINE,SELECTED,0,1.4887741804122925,1
1,D_STRONG_SELECTED,STATE_MACHINE,capacity-shadow,179,STATE_MACHINE,SELECTED,0,,1
1,D_STRONG_SELECTED,STATE_MACHINE,geometry-shadow,179,STATE_MACHINE,SELECTED,0,1.5846813917160034,1
1,D_STRONG_SELECTED,STATE_MACHINE,incumbent,180,STATE_MACHINE,SELECTED,0,1.4964172840118408,1
1,D_STRONG_SELECTED,STATE_MACHINE,capacity-shadow,180,STATE_MACHINE,SELECTED,0,,1
1,D_STRONG_SELECTED,STATE_MACHINE,geometry-shadow,180,STATE_MACHINE,SELECTED,0,1.5992257595062256,1
1,D_STRONG_SELECTED,STATE_MACHINE,incumbent,181,ARITH_A,ARITHMETIC,0,1.5504324436187744,1
1,D_STRONG_SELECTED,STATE_MACHINE,capacity-shadow,181,ARITH_A,ARITHMETIC,0,,1
1,D_STRONG_SELECTED,STATE_MACHINE,geometry-shadow,181,ARITH_A,ARITHMETIC,0,1.3675730228424072,1
1,D_STRONG_SELECTED,STATE_MACHINE,incumbent,182,ARITH_A,ARITHMETIC,0,1.541567325592041,1
1,D_STRONG_SELECTED,STATE_MACHINE,capacity-shadow,182,ARITH_A,ARITHMETIC,0,,1
1,D_STRONG_SELECTED,STATE_MACHINE,geometry-shadow,182,ARITH_A,ARITHMETIC,0,1.3469634056091309,1
1,D_STRONG_SELECTED,STATE_MACHINE,incumbent,183,STATE_MACHINE,SELECTED,0,1.479173183441162,1
1,D_STRONG_SELECTED,STATE_MACHINE,capacity-shadow,183,STATE_MACHINE,SELECTED,0,,1
1,D_STRONG_SELECTED,STATE_MACHINE,geometry-shadow,183,STATE_MACHINE,SELECTED,0,1.5701446533203125,1
1,D_STRONG_SELECTED,STATE_MACHINE,incumbent,184,ARITH_A,ARITHMETIC,0,1.518643140792847,1
1,D_STRONG_SELECTED,STATE_MACHINE,capacity-shadow,184,ARITH_A,ARITHMETIC,0,,1
1,D_STRONG_SELECTED,STATE_MACHINE,geometry-shadow,184,ARITH_A,ARITHMETIC,0,1.3429844379425049,1
1,D_STRONG_SELECTED,STATE_MACHINE,incumbent,185,STATE_MACHINE,SELECTED,0,1.5037819147109983,1
1,D_STRONG_SELECTED,STATE_MACHINE,capacity-shadow,185,STATE_MACHINE,SELECTED,0,,1
1,D_STRONG_SELECTED,STATE_MACHINE,geometry-shadow,185,STATE_MACHINE,SELECTED,0,1.6098541021347046,1
1,D_STRONG_SELECTED,STATE_MACHINE,incumbent,186,STATE_MACHINE,SELECTED,0,1.4773801565170288,1
1,D_STRONG_SELECTED,STATE_MACHINE,capacity-shadow,186,STATE_MACHINE,SELECTED,0,,1
1,D_STRONG_SELECTED,STATE_MACHINE,geometry-shadow,186,STATE_MACHINE,SELECTED,0,1.5673054456710815,1
1,D_STRONG_SELECTED,STATE_MACHINE,incumbent,187,STORY,STORY,1,0.3862174749374389,1
1,D_STRONG_SELECTED,STATE_MACHINE,capacity-shadow,187,STORY,STORY,2,,1
1,D_STRONG_SELECTED,STATE_MACHINE,geometry-shadow,187,STORY,STORY,2,0.4270699024200439,1
1,D_STRONG_SELECTED,STATE_MACHINE,incumbent,188,STATE_MACHINE,SELECTED,0,1.502275466918945,1
1,D_STRONG_SELECTED,STATE_MACHINE,capacity-shadow,188,STATE_MACHINE,SELECTED,0,,1
1,D_STRONG_SELECTED,STATE_MACHINE,geometry-shadow,188,STATE_MACHINE,SELECTED,0,1.6065958738327026,1
1,D_STRONG_SELECTED,STATE_MACHINE,incumbent,189,STATE_MACHINE,SELECTED,0,1.4813807010650637,1
1,D_STRONG_SELECTED,STATE_MACHINE,capacity-shadow,189,STATE_MACHINE,SELECTED,0,,1
1,D_STRONG_SELECTED,STATE_MACHINE,geometry-shadow,189,STATE_MACHINE,SELECTED,0,1.5744411945343018,1
1,D_STRONG_SELECTED,STATE_MACHINE,incumbent,190,STATE_MACHINE,SELECTED,0,1.4904603958129885,1
1,D_STRONG_SELECTED,STATE_MACHINE,capacity-shadow,190,STATE_MACHINE,SELECTED,0,,1
1,D_STRONG_SELECTED,STATE_MACHINE,geometry-shadow,190,STATE_MACHINE,SELECTED,0,1.5881320238113403,1
1,D_STRONG_SELECTED,STATE_MACHINE,incumbent,191,STORY,STORY,1,1.218343734741211,1
1,D_STRONG_SELECTED,STATE_MACHINE,capacity-shadow,191,STORY,STORY,1,,1
1,D_STRONG_SELECTED,STATE_MACHINE,geometry-shadow,191,STORY,STORY,2,0.1986720561981201,1
1,D_STRONG_SELECTED,STATE_MACHINE,incumbent,192,STATE_MACHINE,SELECTED,0,1.5187315940856934,1
1,D_STRONG_SELECTED,STATE_MACHINE,capacity-shadow,192,STATE_MACHINE,SELECTED,0,,1
1,D_STRONG_SELECTED,STATE_MACHINE,geometry-shadow,192,STATE_MACHINE,SELECTED,0,1.6302974224090576,1
1,D_STRONG_SELECTED,STATE_MACHINE,incumbent,193,STORY,STORY,0,0.1690988540649414,1
1,D_STRONG_SELECTED,STATE_MACHINE,capacity-shadow,193,STORY,STORY,0,,1
1,D_STRONG_SELECTED,STATE_MACHINE,geometry-shadow,193,STORY,STORY,0,0.0546188354492187,1
1,D_STRONG_SELECTED,STATE_MACHINE,incumbent,194,STATE_MACHINE,SELECTED,0,1.480126976966858,1
1,D_STRONG_SELECTED,STATE_MACHINE,capacity-shadow,194,STATE_MACHINE,SELECTED,0,,1
1,D_STRONG_SELECTED,STATE_MACHINE,geometry-shadow,194,STATE_MACHINE,SELECTED,0,1.5731267929077148,1
1,D_STRONG_SELECTED,STATE_MACHINE,incumbent,195,STORY,STORY,1,1.5002697706222534,1
1,D_STRONG_SELECTED,STATE_MACHINE,capacity-shadow,195,STORY,STORY,2,,1
1,D_STRONG_SELECTED,STATE_MACHINE,geometry-shadow,195,STORY,STORY,1,0.7134767770767212,1
1,D_STRONG_SELECTED,STATE_MACHINE,incumbent,196,STATE_MACHINE,SELECTED,0,1.4866273403167725,1
1,D_STRONG_SELECTED,STATE_MACHINE,capacity-shadow,196,STATE_MACHINE,SELECTED,0,,1
1,D_STRONG_SELECTED,STATE_MACHINE,geometry-shadow,196,STATE_MACHINE,SELECTED,0,1.5843679904937744,1
1,D_STRONG_SELECTED,STATE_MACHINE,incumbent,197,STATE_MACHINE,SELECTED,0,1.4928678274154663,1
1,D_STRONG_SELECTED,STATE_MACHINE,capacity-shadow,197,STATE_MACHINE,SELECTED,0,,1
1,D_STRONG_SELECTED,STATE_MACHINE,geometry-shadow,197,STATE_MACHINE,SELECTED,0,1.5905544757843018,1
1,D_STRONG_SELECTED,STATE_MACHINE,incumbent,198,STORY,STORY,1,0.4682009220123291,1
1,D_STRONG_SELECTED,STATE_MACHINE,capacity-shadow,198,STORY,STORY,1,,1
1,D_STRONG_SELECTED,STATE_MACHINE,geometry-shadow,198,STORY,STORY,1,0.3494035005569458,1
1,D_STRONG_SELECTED,STATE_MACHINE,incumbent,199,STATE_MACHINE,SELECTED,0,1.4828860759735107,1
1,D_STRONG_SELECTED,STATE_MACHINE,capacity-shadow,199,STATE_MACHINE,SELECTED,0,,1
1,D_STRONG_SELECTED,STATE_MACHINE,geometry-shadow,199,STATE_MACHINE,SELECTED,0,1.5706995725631714,1
1,D_STRONG_SELECTED,STATE_MACHINE,incumbent,200,STORY,STORY,1,1.143267035484314,1
1,D_STRONG_SELECTED,STATE_MACHINE,capacity-shadow,200,STORY,STORY,2,,1
1,D_STRONG_SELECTED,STATE_MACHINE,geometry-shadow,200,STORY,STORY,1,0.448288083076477,1
1,D_STRONG_SELECTED,STATE_MACHINE,incumbent,201,STORY,STORY,1,1.603731632232666,1
1,D_STRONG_SELECTED,STATE_MACHINE,capacity-shadow,201,STORY,STORY,1,,1
1,D_STRONG_SELECTED,STATE_MACHINE,geometry-shadow,201,STORY,STORY,1,0.2758017778396606,1
1,D_STRONG_SELECTED,STATE_MACHINE,incumbent,202,STORY,STORY,1,1.1421833038330078,1
1,D_STRONG_SELECTED,STATE_MACHINE,capacity-shadow,202,STORY,STORY,2,,1
1,D_STRONG_SELECTED,STATE_MACHINE,geometry-shadow,202,STORY,STORY,1,0.3117433786392212,1
1,D_STRONG_SELECTED,STATE_MACHINE,incumbent,203,STATE_MACHINE,SELECTED,0,1.4991421699523926,1
1,D_STRONG_SELECTED,STATE_MACHINE,capacity-shadow,203,STATE_MACHINE,SELECTED,0,,1
1,D_STRONG_SELECTED,STATE_MACHINE,geometry-shadow,203,STATE_MACHINE,SELECTED,0,1.5995296239852903,1
1,D_STRONG_SELECTED,STATE_MACHINE,incumbent,204,STORY,STORY,1,1.723369598388672,1
1,D_STRONG_SELECTED,STATE_MACHINE,capacity-shadow,204,STORY,STORY,1,,1
1,D_STRONG_SELECTED,STATE_MACHINE,geometry-shadow,204,STORY,STORY,1,0.516707181930542,1
1,D_STRONG_SELECTED,STATE_MACHINE,incumbent,205,ARITH_A,ARITHMETIC,0,1.5201799869537354,1
1,D_STRONG_SELECTED,STATE_MACHINE,capacity-shadow,205,ARITH_A,ARITHMETIC,0,,1
1,D_STRONG_SELECTED,STATE_MACHINE,geometry-shadow,205,ARITH_A,ARITHMETIC,0,1.3293811082839966,1
1,D_STRONG_SELECTED,STATE_MACHINE,incumbent,206,STORY,STORY,1,0.75722336769104,1
1,D_STRONG_SELECTED,STATE_MACHINE,capacity-shadow,206,STORY,STORY,2,,1
1,D_STRONG_SELECTED,STATE_MACHINE,geometry-shadow,206,STORY,STORY,1,0.2986612319946289,1
1,D_STRONG_SELECTED,STATE_MACHINE,incumbent,207,STATE_MACHINE,SELECTED,0,1.5016580820083618,1
1,D_STRONG_SELECTED,STATE_MACHINE,capacity-shadow,207,STATE_MACHINE,SELECTED,0,,1
1,D_STRONG_SELECTED,STATE_MACHINE,geometry-shadow,207,STATE_MACHINE,SELECTED,0,1.6043144464492798,1
1,D_STRONG_SELECTED,STATE_MACHINE,incumbent,208,STATE_MACHINE,SELECTED,0,1.497065186500549,1
1,D_STRONG_SELECTED,STATE_MACHINE,capacity-shadow,208,STATE_MACHINE,SELECTED,0,,1
1,D_STRONG_SELECTED,STATE_MACHINE,geometry-shadow,208,STATE_MACHINE,SELECTED,0,1.597492814064026,1
1,D_STRONG_SELECTED,STATE_MACHINE,incumbent,209,STATE_MACHINE,SELECTED,0,1.4907056093215942,1
1,D_STRONG_SELECTED,STATE_MACHINE,capacity-shadow,209,STATE_MACHINE,SELECTED,0,,1
1,D_STRONG_SELECTED,STATE_MACHINE,geometry-shadow,209,STATE_MACHINE,SELECTED,0,1.5901371240615845,1
1,D_STRONG_SELECTED,STATE_MACHINE,incumbent,210,ARITH_A,ARITHMETIC,0,1.5419291257858276,1
1,D_STRONG_SELECTED,STATE_MACHINE,capacity-shadow,210,ARITH_A,ARITHMETIC,0,,1
1,D_STRONG_SELECTED,STATE_MACHINE,geometry-shadow,210,ARITH_A,ARITHMETIC,0,1.3647575378417969,1
1,D_STRONG_SELECTED,STATE_MACHINE,incumbent,211,STORY,STORY,1,0.965942680835724,1
1,D_STRONG_SELECTED,STATE_MACHINE,capacity-shadow,211,STORY,STORY,1,,1
1,D_STRONG_SELECTED,STATE_MACHINE,geometry-shadow,211,STORY,STORY,2,0.0662484169006347,1
1,D_STRONG_SELECTED,STATE_MACHINE,incumbent,212,STATE_MACHINE,SELECTED,0,1.4893330335617063,1
1,D_STRONG_SELECTED,STATE_MACHINE,capacity-shadow,212,STATE_MACHINE,SELECTED,0,,1
1,D_STRONG_SELECTED,STATE_MACHINE,geometry-shadow,212,STATE_MACHINE,SELECTED,0,1.5854229927062988,1
1,D_STRONG_SELECTED,STATE_MACHINE,incumbent,213,ARITH_A,ARITHMETIC,0,1.5282924175262451,1
1,D_STRONG_SELECTED,STATE_MACHINE,capacity-shadow,213,ARITH_A,ARITHMETIC,0,,1
1,D_STRONG_SELECTED,STATE_MACHINE,geometry-shadow,213,ARITH_A,ARITHMETIC,0,1.3442438840866089,1
1,D_STRONG_SELECTED,STATE_MACHINE,incumbent,214,STATE_MACHINE,SELECTED,0,1.4949365854263306,1
1,D_STRONG_SELECTED,STATE_MACHINE,capacity-shadow,214,STATE_MACHINE,SELECTED,0,,1
1,D_STRONG_SELECTED,STATE_MACHINE,geometry-shadow,214,STATE_MACHINE,SELECTED,0,1.5965476036071775,1
1,D_STRONG_SELECTED,STATE_MACHINE,incumbent,215,ARITH_A,ARITHMETIC,0,1.5321447849273682,1
1,D_STRONG_SELECTED,STATE_MACHINE,capacity-shadow,215,ARITH_A,ARITHMETIC,0,,1
1,D_STRONG_SELECTED,STATE_MACHINE,geometry-shadow,215,ARITH_A,ARITHMETIC,0,1.348940372467041,1
1,D_STRONG_SELECTED,STATE_MACHINE,incumbent,216,STATE_MACHINE,SELECTED,0,1.483142971992493,1
1,D_STRONG_SELECTED,STATE_MACHINE,capacity-shadow,216,STATE_MACHINE,SELECTED,0,,1
1,D_STRONG_SELECTED,STATE_MACHINE,geometry-shadow,216,STATE_MACHINE,SELECTED,0,1.578149676322937,1
1,D_STRONG_SELECTED,STATE_MACHINE,incumbent,217,ARITH_A,ARITHMETIC,0,1.4760035276412964,1
1,D_STRONG_SELECTED,STATE_MACHINE,capacity-shadow,217,ARITH_A,ARITHMETIC,0,,1
1,D_STRONG_SELECTED,STATE_MACHINE,geometry-shadow,217,ARITH_A,ARITHMETIC,0,1.204592227935791,1
1,D_STRONG_SELECTED,STATE_MACHINE,incumbent,218,ARITH_A,ARITHMETIC,0,1.537999987602234,1
1,D_STRONG_SELECTED,STATE_MACHINE,capacity-shadow,218,ARITH_A,ARITHMETIC,0,,1
1,D_STRONG_SELECTED,STATE_MACHINE,geometry-shadow,218,ARITH_A,ARITHMETIC,0,1.3201663494110107,1
1,D_STRONG_SELECTED,STATE_MACHINE,incumbent,219,ARITH_A,ARITHMETIC,0,1.5326931476593018,1
1,D_STRONG_SELECTED,STATE_MACHINE,capacity-shadow,219,ARITH_A,ARITHMETIC,0,,1
1,D_STRONG_SELECTED,STATE_MACHINE,geometry-shadow,219,ARITH_A,ARITHMETIC,0,1.3356767892837524,1
1,D_STRONG_SELECTED,STATE_MACHINE,incumbent,220,ARITH_A,ARITHMETIC,0,1.537689447402954,1
1,D_STRONG_SELECTED,STATE_MACHINE,capacity-shadow,220,ARITH_A,ARITHMETIC,0,,1
1,D_STRONG_SELECTED,STATE_MACHINE,geometry-shadow,220,ARITH_A,ARITHMETIC,0,1.3357138633728027,1
1,D_STRONG_SELECTED,STATE_MACHINE,incumbent,221,ARITH_A,ARITHMETIC,0,1.5522863864898682,1
1,D_STRONG_SELECTED,STATE_MACHINE,capacity-shadow,221,ARITH_A,ARITHMETIC,0,,1
1,D_STRONG_SELECTED,STATE_MACHINE,geometry-shadow,221,ARITH_A,ARITHMETIC,0,1.3848791122436523,1
1,D_STRONG_SELECTED,STATE_MACHINE,incumbent,222,ARITH_A,ARITHMETIC,0,1.5644928216934204,1
1,D_STRONG_SELECTED,STATE_MACHINE,capacity-shadow,222,ARITH_A,ARITHMETIC,0,,1
1,D_STRONG_SELECTED,STATE_MACHINE,geometry-shadow,222,ARITH_A,ARITHMETIC,0,1.403914213180542,1
1,D_STRONG_SELECTED,STATE_MACHINE,incumbent,223,ARITH_A,ARITHMETIC,0,1.555713176727295,1
1,D_STRONG_SELECTED,STATE_MACHINE,capacity-shadow,223,ARITH_A,ARITHMETIC,0,,1
1,D_STRONG_SELECTED,STATE_MACHINE,geometry-shadow,223,ARITH_A,ARITHMETIC,0,1.392406702041626,1
1,D_STRONG_SELECTED,STATE_MACHINE,incumbent,224,ARITH_A,ARITHMETIC,0,1.5192878246307373,1
1,D_STRONG_SELECTED,STATE_MACHINE,capacity-shadow,224,ARITH_A,ARITHMETIC,0,,1
1,D_STRONG_SELECTED,STATE_MACHINE,geometry-shadow,224,ARITH_A,ARITHMETIC,0,1.2957448959350586,1
1,D_STRONG_SELECTED,STATE_MACHINE,incumbent,225,STORY,STORY,1,0.912356734275818,1
1,D_STRONG_SELECTED,STATE_MACHINE,capacity-shadow,225,STORY,STORY,2,,1
1,D_STRONG_SELECTED,STATE_MACHINE,geometry-shadow,225,STORY,STORY,2,0.5650567412376404,1
1,D_STRONG_SELECTED,STATE_MACHINE,incumbent,226,STORY,STORY,1,2.195763111114502,1
1,D_STRONG_SELECTED,STATE_MACHINE,capacity-shadow,226,STORY,STORY,1,,1
1,D_STRONG_SELECTED,STATE_MACHINE,geometry-shadow,226,STORY,STORY,1,0.5595566630363464,1
1,D_STRONG_SELECTED,STATE_MACHINE,incumbent,227,STATE_MACHINE,SELECTED,0,1.4933078289031982,1
1,D_STRONG_SELECTED,STATE_MACHINE,capacity-shadow,227,STATE_MACHINE,SELECTED,0,,1
1,D_STRONG_SELECTED,STATE_MACHINE,geometry-shadow,227,STATE_MACHINE,SELECTED,0,1.5903737545013428,1
1,D_STRONG_SELECTED,STATE_MACHINE,incumbent,228,STORY,STORY,0,1.0079963207244873,1
1,D_STRONG_SELECTED,STATE_MACHINE,capacity-shadow,228,STORY,STORY,0,,1
1,D_STRONG_SELECTED,STATE_MACHINE,geometry-shadow,228,STORY,STORY,0,0.723893404006958,1
1,D_STRONG_SELECTED,STATE_MACHINE,incumbent,229,STORY,STORY,1,1.0845189094543457,1
1,D_STRONG_SELECTED,STATE_MACHINE,capacity-shadow,229,STORY,STORY,2,,1
1,D_STRONG_SELECTED,STATE_MACHINE,geometry-shadow,229,STORY,STORY,1,0.0839687585830688,1
1,D_STRONG_SELECTED,STATE_MACHINE,incumbent,230,STORY,STORY,1,0.6671324968338013,1
1,D_STRONG_SELECTED,STATE_MACHINE,capacity-shadow,230,STORY,STORY,1,,1
1,D_STRONG_SELECTED,STATE_MACHINE,geometry-shadow,230,STORY,STORY,1,0.3921247720718384,1
1,D_STRONG_SELECTED,STATE_MACHINE,incumbent,231,STATE_MACHINE,SELECTED,0,1.47637677192688,1
1,D_STRONG_SELECTED,STATE_MACHINE,capacity-shadow,231,STATE_MACHINE,SELECTED,0,,1
1,D_STRONG_SELECTED,STATE_MACHINE,geometry-shadow,231,STATE_MACHINE,SELECTED,0,1.5656174421310425,1
1,D_STRONG_SELECTED,STATE_MACHINE,incumbent,232,ARITH_A,ARITHMETIC,0,1.5176210403442385,1
1,D_STRONG_SELECTED,STATE_MACHINE,capacity-shadow,232,ARITH_A,ARITHMETIC,0,,1
1,D_STRONG_SELECTED,STATE_MACHINE,geometry-shadow,232,ARITH_A,ARITHMETIC,0,1.2918928861618042,1
1,D_STRONG_SELECTED,STATE_MACHINE,incumbent,233,STORY,STORY,0,0.3898690342903137,1
1,D_STRONG_SELECTED,STATE_MACHINE,capacity-shadow,233,STORY,STORY,0,,1
1,D_STRONG_SELECTED,STATE_MACHINE,geometry-shadow,233,STORY,STORY,0,0.2101258635520935,1
1,D_STRONG_SELECTED,STATE_MACHINE,incumbent,234,ARITH_A,ARITHMETIC,0,1.543400764465332,1
1,D_STRONG_SELECTED,STATE_MACHINE,capacity-shadow,234,ARITH_A,ARITHMETIC,0,,1
1,D_STRONG_SELECTED,STATE_MACHINE,geometry-shadow,234,ARITH_A,ARITHMETIC,0,1.3471088409423828,1
1,D_STRONG_SELECTED,STATE_MACHINE,incumbent,235,STORY,STORY,1,2.064602851867676,1
1,D_STRONG_SELECTED,STATE_MACHINE,capacity-shadow,235,STORY,STORY,2,,1
1,D_STRONG_SELECTED,STATE_MACHINE,geometry-shadow,235,STORY,STORY,1,0.2788715958595276,1
1,D_STRONG_SELECTED,STATE_MACHINE,incumbent,236,ARITH_A,ARITHMETIC,0,1.5262571573257446,1
1,D_STRONG_SELECTED,STATE_MACHINE,capacity-shadow,236,ARITH_A,ARITHMETIC,0,,1
1,D_STRONG_SELECTED,STATE_MACHINE,geometry-shadow,236,ARITH_A,ARITHMETIC,0,1.312863826751709,1
1,D_STRONG_SELECTED,STATE_MACHINE,incumbent,237,STATE_MACHINE,SELECTED,0,1.4881083965301514,1
1,D_STRONG_SELECTED,STATE_MACHINE,capacity-shadow,237,STATE_MACHINE,SELECTED,0,,1
1,D_STRONG_SELECTED,STATE_MACHINE,geometry-shadow,237,STATE_MACHINE,SELECTED,0,1.5866997241973877,1
1,D_STRONG_SELECTED,STATE_MACHINE,incumbent,238,STORY,STORY,1,0.2871966361999511,1
1,D_STRONG_SELECTED,STATE_MACHINE,capacity-shadow,238,STORY,STORY,1,,1
1,D_STRONG_SELECTED,STATE_MACHINE,geometry-shadow,238,STORY,STORY,2,0.0327811241149902,1
1,D_STRONG_SELECTED,STATE_MACHINE,incumbent,239,ARITH_A,ARITHMETIC,0,1.5282613039016724,1
1,D_STRONG_SELECTED,STATE_MACHINE,capacity-shadow,239,ARITH_A,ARITHMETIC,0,,1
1,D_STRONG_SELECTED,STATE_MACHINE,geometry-shadow,239,ARITH_A,ARITHMETIC,0,1.333862066268921,1
1,D_STRONG_SELECTED,STATE_MACHINE,incumbent,240,STORY,STORY,0,0.3937972784042358,1
1,D_STRONG_SELECTED,STATE_MACHINE,capacity-shadow,240,STORY,STORY,0,,1
1,D_STRONG_SELECTED,STATE_MACHINE,geometry-shadow,240,STORY,STORY,0,0.2622643709182739,1
1,D_STRONG_SELECTED,STATE_MACHINE,incumbent,241,STATE_MACHINE,SELECTED,0,1.4833110570907593,1
1,D_STRONG_SELECTED,STATE_MACHINE,capacity-shadow,241,STATE_MACHINE,SELECTED,0,,1
1,D_STRONG_SELECTED,STATE_MACHINE,geometry-shadow,241,STATE_MACHINE,SELECTED,0,1.576992392539978,1
1,D_STRONG_SELECTED,STATE_MACHINE,incumbent,242,STATE_MACHINE,SELECTED,0,1.4932957887649536,1
1,D_STRONG_SELECTED,STATE_MACHINE,capacity-shadow,242,STATE_MACHINE,SELECTED,0,,1
1,D_STRONG_SELECTED,STATE_MACHINE,geometry-shadow,242,STATE_MACHINE,SELECTED,0,1.59087073802948,1
1,D_STRONG_SELECTED,STATE_MACHINE,incumbent,243,ARITH_A,ARITHMETIC,0,1.4846211671829224,1
1,D_STRONG_SELECTED,STATE_MACHINE,capacity-shadow,243,ARITH_A,ARITHMETIC,0,,1
1,D_STRONG_SELECTED,STATE_MACHINE,geometry-shadow,243,ARITH_A,ARITHMETIC,0,1.275800347328186,1
1,D_STRONG_SELECTED,STATE_MACHINE,incumbent,244,STATE_MACHINE,SELECTED,0,1.4893286228179932,1
1,D_STRONG_SELECTED,STATE_MACHINE,capacity-shadow,244,STATE_MACHINE,SELECTED,0,,1
1,D_STRONG_SELECTED,STATE_MACHINE,geometry-shadow,244,STATE_MACHINE,SELECTED,0,1.589500904083252,1
1,D_STRONG_SELECTED,STATE_MACHINE,incumbent,245,STATE_MACHINE,SELECTED,0,1.482032060623169,1
1,D_STRONG_SELECTED,STATE_MACHINE,capacity-shadow,245,STATE_MACHINE,SELECTED,0,,1
1,D_STRONG_SELECTED,STATE_MACHINE,geometry-shadow,245,STATE_MACHINE,SELECTED,0,1.5753852128982544,1
1,D_STRONG_SELECTED,STATE_MACHINE,incumbent,246,STORY,STORY,0,0.2298977375030517,1
1,D_STRONG_SELECTED,STATE_MACHINE,capacity-shadow,246,STORY,STORY,0,,1
1,D_STRONG_SELECTED,STATE_MACHINE,geometry-shadow,246,STORY,STORY,2,0.0194734334945678,1
1,D_STRONG_SELECTED,STATE_MACHINE,incumbent,247,ARITH_A,ARITHMETIC,0,1.5712087154388428,1
1,D_STRONG_SELECTED,STATE_MACHINE,capacity-shadow,247,ARITH_A,ARITHMETIC,0,,1
1,D_STRONG_SELECTED,STATE_MACHINE,geometry-shadow,247,ARITH_A,ARITHMETIC,0,1.4536190032958984,1
1,D_STRONG_SELECTED,STATE_MACHINE,incumbent,248,STATE_MACHINE,SELECTED,0,1.5056171417236328,1
1,D_STRONG_SELECTED,STATE_MACHINE,capacity-shadow,248,STATE_MACHINE,SELECTED,0,,1
1,D_STRONG_SELECTED,STATE_MACHINE,geometry-shadow,248,STATE_MACHINE,SELECTED,0,1.6094505786895752,1
1,D_STRONG_SELECTED,STATE_MACHINE,incumbent,249,ARITH_A,ARITHMETIC,0,1.5441774129867554,1
1,D_STRONG_SELECTED,STATE_MACHINE,capacity-shadow,249,ARITH_A,ARITHMETIC,0,,1
1,D_STRONG_SELECTED,STATE_MACHINE,geometry-shadow,249,ARITH_A,ARITHMETIC,0,1.3666749000549316,1
1,D_STRONG_SELECTED,STATE_MACHINE,incumbent,250,ARITH_A,ARITHMETIC,0,1.5207302570343018,1
1,D_STRONG_SELECTED,STATE_MACHINE,capacity-shadow,250,ARITH_A,ARITHMETIC,0,,1
1,D_STRONG_SELECTED,STATE_MACHINE,geometry-shadow,250,ARITH_A,ARITHMETIC,0,1.3261390924453735,1
1,D_STRONG_SELECTED,STATE_MACHINE,incumbent,251,STATE_MACHINE,SELECTED,0,1.483155608177185,1
1,D_STRONG_SELECTED,STATE_MACHINE,capacity-shadow,251,STATE_MACHINE,SELECTED,0,,1
1,D_STRONG_SELECTED,STATE_MACHINE,geometry-shadow,251,STATE_MACHINE,SELECTED,0,1.5795830488204956,1
1,D_STRONG_SELECTED,STATE_MACHINE,incumbent,252,ARITH_A,ARITHMETIC,0,1.5207544565200806,1
1,D_STRONG_SELECTED,STATE_MACHINE,capacity-shadow,252,ARITH_A,ARITHMETIC,0,,1
1,D_STRONG_SELECTED,STATE_MACHINE,geometry-shadow,252,ARITH_A,ARITHMETIC,0,1.3279190063476562,1
1,D_STRONG_SELECTED,STATE_MACHINE,incumbent,253,ARITH_A,ARITHMETIC,0,1.546699285507202,1
1,D_STRONG_SELECTED,STATE_MACHINE,capacity-shadow,253,ARITH_A,ARITHMETIC,0,,1
1,D_STRONG_SELECTED,STATE_MACHINE,geometry-shadow,253,ARITH_A,ARITHMETIC,0,1.3495208024978638,1
1,D_STRONG_SELECTED,STATE_MACHINE,incumbent,254,ARITH_A,ARITHMETIC,0,1.535649657249451,1
1,D_STRONG_SELECTED,STATE_MACHINE,capacity-shadow,254,ARITH_A,ARITHMETIC,0,,1
1,D_STRONG_SELECTED,STATE_MACHINE,geometry-shadow,254,ARITH_A,ARITHMETIC,0,1.3398367166519165,1
1,D_STRONG_SELECTED,STATE_MACHINE,incumbent,255,STORY,STORY,1,1.797334909439087,1
1,D_STRONG_SELECTED,STATE_MACHINE,capacity-shadow,255,STORY,STORY,2,,1
1,D_STRONG_SELECTED,STATE_MACHINE,geometry-shadow,255,STORY,STORY,1,0.2668384313583374,1
1,D_STRONG_SELECTED,STATE_MACHINE,incumbent,256,STORY,STORY,1,1.876291275024414,1
1,D_STRONG_SELECTED,STATE_MACHINE,capacity-shadow,256,STORY,STORY,1,,1
1,D_STRONG_SELECTED,STATE_MACHINE,geometry-shadow,256,STORY,STORY,1,0.8297396302223206,1
2,C_WEAK_SELECTED,STATE_MACHINE,incumbent,1,STORY,STORY,1,0.5324761271476746,1
2,C_WEAK_SELECTED,STATE_MACHINE,capacity-shadow,1,STORY,STORY,1,,1
2,C_WEAK_SELECTED,STATE_MACHINE,geometry-shadow,1,STORY,STORY,2,0.9139707684516908,1
2,C_WEAK_SELECTED,STATE_MACHINE,incumbent,2,STORY,STORY,0,0.169265866279602,1
2,C_WEAK_SELECTED,STATE_MACHINE,capacity-shadow,2,STORY,STORY,0,,1
2,C_WEAK_SELECTED,STATE_MACHINE,geometry-shadow,2,STORY,STORY,2,0.4065594673156738,1
2,C_WEAK_SELECTED,STATE_MACHINE,incumbent,3,ARITH_A,ARITHMETIC,0,1.5423848628997805,1
2,C_WEAK_SELECTED,STATE_MACHINE,capacity-shadow,3,ARITH_A,ARITHMETIC,0,,1
2,C_WEAK_SELECTED,STATE_MACHINE,geometry-shadow,3,ARITH_A,ARITHMETIC,0,0.7276586890220642,1
2,C_WEAK_SELECTED,STATE_MACHINE,incumbent,4,ARITH_A,ARITHMETIC,0,1.531429648399353,1
2,C_WEAK_SELECTED,STATE_MACHINE,capacity-shadow,4,ARITH_A,ARITHMETIC,0,,1
2,C_WEAK_SELECTED,STATE_MACHINE,geometry-shadow,4,ARITH_A,ARITHMETIC,0,0.7260938882827759,1
2,C_WEAK_SELECTED,STATE_MACHINE,incumbent,5,STORY,STORY,1,0.6468656063079834,1
2,C_WEAK_SELECTED,STATE_MACHINE,capacity-shadow,5,STORY,STORY,2,,1
2,C_WEAK_SELECTED,STATE_MACHINE,geometry-shadow,5,STORY,STORY,2,0.7488394975662231,1
2,C_WEAK_SELECTED,STATE_MACHINE,incumbent,6,STORY,STORY,1,0.4946516752243042,1
2,C_WEAK_SELECTED,STATE_MACHINE,capacity-shadow,6,STORY,STORY,1,,1
2,C_WEAK_SELECTED,STATE_MACHINE,geometry-shadow,6,STORY,STORY,2,0.3270857334136963,1
2,C_WEAK_SELECTED,STATE_MACHINE,incumbent,7,STORY,STORY,1,0.2779830694198608,1
2,C_WEAK_SELECTED,STATE_MACHINE,capacity-shadow,7,STORY,STORY,2,,1
2,C_WEAK_SELECTED,STATE_MACHINE,geometry-shadow,7,STORY,STORY,2,0.8396669030189514,1
2,C_WEAK_SELECTED,STATE_MACHINE,incumbent,8,STORY,STORY,1,0.2752536535263061,1
2,C_WEAK_SELECTED,STATE_MACHINE,capacity-shadow,8,STORY,STORY,1,,1
2,C_WEAK_SELECTED,STATE_MACHINE,geometry-shadow,8,STORY,STORY,2,0.955661416053772,1
2,C_WEAK_SELECTED,STATE_MACHINE,incumbent,9,STORY,STORY,1,0.5250643491744995,1
2,C_WEAK_SELECTED,STATE_MACHINE,capacity-shadow,9,STORY,STORY,2,,1
2,C_WEAK_SELECTED,STATE_MACHINE,geometry-shadow,9,STORY,STORY,2,0.099825382232666,1
2,C_WEAK_SELECTED,STATE_MACHINE,incumbent,10,STORY,STORY,0,0.010088562965393,1
2,C_WEAK_SELECTED,STATE_MACHINE,capacity-shadow,10,STORY,STORY,0,,1
2,C_WEAK_SELECTED,STATE_MACHINE,geometry-shadow,10,STORY,STORY,2,0.6346702575683594,1
2,C_WEAK_SELECTED,STATE_MACHINE,incumbent,11,STORY,STORY,0,0.2623621225357055,1
2,C_WEAK_SELECTED,STATE_MACHINE,capacity-shadow,11,STORY,STORY,0,,1
2,C_WEAK_SELECTED,STATE_MACHINE,geometry-shadow,11,STORY,STORY,2,0.592706561088562,1
2,C_WEAK_SELECTED,STATE_MACHINE,incumbent,12,ARITH_A,ARITHMETIC,0,1.5463320016860962,1
2,C_WEAK_SELECTED,STATE_MACHINE,capacity-shadow,12,ARITH_A,ARITHMETIC,0,,1
2,C_WEAK_SELECTED,STATE_MACHINE,geometry-shadow,12,ARITH_A,ARITHMETIC,0,0.711384117603302,1
2,C_WEAK_SELECTED,STATE_MACHINE,incumbent,13,ARITH_A,ARITHMETIC,0,1.544438123703003,1
2,C_WEAK_SELECTED,STATE_MACHINE,capacity-shadow,13,ARITH_A,ARITHMETIC,0,,1
2,C_WEAK_SELECTED,STATE_MACHINE,geometry-shadow,13,ARITH_A,ARITHMETIC,0,0.7191653251647949,1
2,C_WEAK_SELECTED,STATE_MACHINE,incumbent,14,ARITH_A,ARITHMETIC,0,1.5452536344528198,1
2,C_WEAK_SELECTED,STATE_MACHINE,capacity-shadow,14,ARITH_A,ARITHMETIC,0,,1
2,C_WEAK_SELECTED,STATE_MACHINE,geometry-shadow,14,ARITH_A,ARITHMETIC,0,0.7107232809066772,1
2,C_WEAK_SELECTED,STATE_MACHINE,incumbent,15,STORY,STORY,1,0.4201086759567261,1
2,C_WEAK_SELECTED,STATE_MACHINE,capacity-shadow,15,STORY,STORY,1,,1
2,C_WEAK_SELECTED,STATE_MACHINE,geometry-shadow,15,STORY,STORY,2,0.5569692850112915,1
2,C_WEAK_SELECTED,STATE_MACHINE,incumbent,16,ARITH_A,ARITHMETIC,0,1.541901707649231,1
2,C_WEAK_SELECTED,STATE_MACHINE,capacity-shadow,16,ARITH_A,ARITHMETIC,0,,1
2,C_WEAK_SELECTED,STATE_MACHINE,geometry-shadow,16,ARITH_A,ARITHMETIC,0,0.700980544090271,1
2,C_WEAK_SELECTED,STATE_MACHINE,incumbent,17,STORY,STORY,0,0.6415271162986755,1
2,C_WEAK_SELECTED,STATE_MACHINE,capacity-shadow,17,STORY,STORY,0,,1
2,C_WEAK_SELECTED,STATE_MACHINE,geometry-shadow,17,STORY,STORY,2,0.3258326053619385,1
2,C_WEAK_SELECTED,STATE_MACHINE,incumbent,18,ARITH_A,ARITHMETIC,0,1.5408309698104858,1
2,C_WEAK_SELECTED,STATE_MACHINE,capacity-shadow,18,ARITH_A,ARITHMETIC,0,,1
2,C_WEAK_SELECTED,STATE_MACHINE,geometry-shadow,18,ARITH_A,ARITHMETIC,0,0.7243121862411499,1
2,C_WEAK_SELECTED,STATE_MACHINE,incumbent,19,STORY,STORY,0,0.6074032783508301,1
2,C_WEAK_SELECTED,STATE_MACHINE,capacity-shadow,19,STORY,STORY,0,,1
2,C_WEAK_SELECTED,STATE_MACHINE,geometry-shadow,19,STORY,STORY,2,0.2136167883872985,1
2,C_WEAK_SELECTED,STATE_MACHINE,incumbent,20,STORY,STORY,0,0.7507625818252563,1
2,C_WEAK_SELECTED,STATE_MACHINE,capacity-shadow,20,STORY,STORY,0,,1
2,C_WEAK_SELECTED,STATE_MACHINE,geometry-shadow,20,STORY,STORY,2,0.0546540021896362,1
2,C_WEAK_SELECTED,STATE_MACHINE,incumbent,21,STATE_MACHINE,SELECTED,0,1.3420634269714355,1
2,C_WEAK_SELECTED,STATE_MACHINE,capacity-shadow,21,STATE_MACHINE,SELECTED,0,,1
2,C_WEAK_SELECTED,STATE_MACHINE,geometry-shadow,21,STATE_MACHINE,SELECTED,0,0.7815542221069336,1
2,C_WEAK_SELECTED,STATE_MACHINE,incumbent,22,ARITH_A,ARITHMETIC,0,1.5364611148834229,1
2,C_WEAK_SELECTED,STATE_MACHINE,capacity-shadow,22,ARITH_A,ARITHMETIC,0,,1
2,C_WEAK_SELECTED,STATE_MACHINE,geometry-shadow,22,ARITH_A,ARITHMETIC,0,0.7314575910568237,1
2,C_WEAK_SELECTED,STATE_MACHINE,incumbent,23,ARITH_A,ARITHMETIC,0,1.5356652736663818,1
2,C_WEAK_SELECTED,STATE_MACHINE,capacity-shadow,23,ARITH_A,ARITHMETIC,0,,1
2,C_WEAK_SELECTED,STATE_MACHINE,geometry-shadow,23,ARITH_A,ARITHMETIC,0,0.7325732707977295,1
2,C_WEAK_SELECTED,STATE_MACHINE,incumbent,24,STORY,STORY,0,0.806878387928009,1
2,C_WEAK_SELECTED,STATE_MACHINE,capacity-shadow,24,STORY,STORY,0,,1
2,C_WEAK_SELECTED,STATE_MACHINE,geometry-shadow,24,STORY,STORY,2,0.0946630239486694,1
2,C_WEAK_SELECTED,STATE_MACHINE,incumbent,25,ARITH_A,ARITHMETIC,0,1.5416324138641355,1
2,C_WEAK_SELECTED,STATE_MACHINE,capacity-shadow,25,ARITH_A,ARITHMETIC,0,,1
2,C_WEAK_SELECTED,STATE_MACHINE,geometry-shadow,25,ARITH_A,ARITHMETIC,0,0.7235062718391418,1
2,C_WEAK_SELECTED,STATE_MACHINE,incumbent,26,ARITH_A,ARITHMETIC,0,1.542714238166809,1
2,C_WEAK_SELECTED,STATE_MACHINE,capacity-shadow,26,ARITH_A,ARITHMETIC,0,,1
2,C_WEAK_SELECTED,STATE_MACHINE,geometry-shadow,26,ARITH_A,ARITHMETIC,0,0.7096982598304749,1
2,C_WEAK_SELECTED,STATE_MACHINE,incumbent,27,STORY,STORY,1,0.7403154969215393,1
2,C_WEAK_SELECTED,STATE_MACHINE,capacity-shadow,27,STORY,STORY,2,,1
2,C_WEAK_SELECTED,STATE_MACHINE,geometry-shadow,27,STORY,STORY,2,0.3894591331481933,1
2,C_WEAK_SELECTED,STATE_MACHINE,incumbent,28,STATE_MACHINE,SELECTED,0,1.3547734022140503,1
2,C_WEAK_SELECTED,STATE_MACHINE,capacity-shadow,28,STATE_MACHINE,SELECTED,0,,1
2,C_WEAK_SELECTED,STATE_MACHINE,geometry-shadow,28,STATE_MACHINE,SELECTED,0,0.7818238735198975,1
2,C_WEAK_SELECTED,STATE_MACHINE,incumbent,29,STATE_MACHINE,SELECTED,0,1.3443002700805664,1
2,C_WEAK_SELECTED,STATE_MACHINE,capacity-shadow,29,STATE_MACHINE,SELECTED,0,,1
2,C_WEAK_SELECTED,STATE_MACHINE,geometry-shadow,29,STATE_MACHINE,SELECTED,0,0.786716103553772,1
2,C_WEAK_SELECTED,STATE_MACHINE,incumbent,30,ARITH_A,ARITHMETIC,0,1.5379475355148315,1
2,C_WEAK_SELECTED,STATE_MACHINE,capacity-shadow,30,ARITH_A,ARITHMETIC,0,,1
2,C_WEAK_SELECTED,STATE_MACHINE,geometry-shadow,30,ARITH_A,ARITHMETIC,0,0.7304429411888123,1
2,C_WEAK_SELECTED,STATE_MACHINE,incumbent,31,STORY,STORY,0,0.7543505430221558,1
2,C_WEAK_SELECTED,STATE_MACHINE,capacity-shadow,31,STORY,STORY,0,,1
2,C_WEAK_SELECTED,STATE_MACHINE,geometry-shadow,31,STORY,STORY,2,0.1823864579200744,1
2,C_WEAK_SELECTED,STATE_MACHINE,incumbent,32,STORY,STORY,1,1.845952391624451,1
2,C_WEAK_SELECTED,STATE_MACHINE,capacity-shadow,32,STORY,STORY,1,,1
2,C_WEAK_SELECTED,STATE_MACHINE,geometry-shadow,32,STORY,STORY,1,0.92110013961792,1
2,C_WEAK_SELECTED,STATE_MACHINE,incumbent,33,ARITH_A,ARITHMETIC,0,1.5394657850265503,1
2,C_WEAK_SELECTED,STATE_MACHINE,capacity-shadow,33,ARITH_A,ARITHMETIC,0,,1
2,C_WEAK_SELECTED,STATE_MACHINE,geometry-shadow,33,ARITH_A,ARITHMETIC,0,0.7150908708572388,1
2,C_WEAK_SELECTED,STATE_MACHINE,incumbent,34,ARITH_A,ARITHMETIC,0,1.5419032573699951,1
2,C_WEAK_SELECTED,STATE_MACHINE,capacity-shadow,34,ARITH_A,ARITHMETIC,0,,1
2,C_WEAK_SELECTED,STATE_MACHINE,geometry-shadow,34,ARITH_A,ARITHMETIC,0,0.7084448933601379,1
2,C_WEAK_SELECTED,STATE_MACHINE,incumbent,35,STORY,STORY,1,0.4824861288070678,1
2,C_WEAK_SELECTED,STATE_MACHINE,capacity-shadow,35,STORY,STORY,2,,1
2,C_WEAK_SELECTED,STATE_MACHINE,geometry-shadow,35,STORY,STORY,2,0.9163336157798768,1
2,C_WEAK_SELECTED,STATE_MACHINE,incumbent,36,STATE_MACHINE,SELECTED,0,1.3584837913513184,1
2,C_WEAK_SELECTED,STATE_MACHINE,capacity-shadow,36,STATE_MACHINE,SELECTED,0,,1
2,C_WEAK_SELECTED,STATE_MACHINE,geometry-shadow,36,STATE_MACHINE,SELECTED,0,0.784810483455658,1
2,C_WEAK_SELECTED,STATE_MACHINE,incumbent,37,ARITH_A,ARITHMETIC,0,1.5392664670944214,1
2,C_WEAK_SELECTED,STATE_MACHINE,capacity-shadow,37,ARITH_A,ARITHMETIC,0,,1
2,C_WEAK_SELECTED,STATE_MACHINE,geometry-shadow,37,ARITH_A,ARITHMETIC,0,0.7210265398025513,1
2,C_WEAK_SELECTED,STATE_MACHINE,incumbent,38,ARITH_A,ARITHMETIC,0,1.542636513710022,1
2,C_WEAK_SELECTED,STATE_MACHINE,capacity-shadow,38,ARITH_A,ARITHMETIC,0,,1
2,C_WEAK_SELECTED,STATE_MACHINE,geometry-shadow,38,ARITH_A,ARITHMETIC,0,0.7244436144828796,1
2,C_WEAK_SELECTED,STATE_MACHINE,incumbent,39,ARITH_A,ARITHMETIC,0,1.5314706563949585,1
2,C_WEAK_SELECTED,STATE_MACHINE,capacity-shadow,39,ARITH_A,ARITHMETIC,0,,1
2,C_WEAK_SELECTED,STATE_MACHINE,geometry-shadow,39,ARITH_A,ARITHMETIC,0,0.7323802709579468,1
2,C_WEAK_SELECTED,STATE_MACHINE,incumbent,40,STORY,STORY,0,0.1162412166595459,1
2,C_WEAK_SELECTED,STATE_MACHINE,capacity-shadow,40,STORY,STORY,0,,1
2,C_WEAK_SELECTED,STATE_MACHINE,geometry-shadow,40,STORY,STORY,2,0.299864649772644,1
2,C_WEAK_SELECTED,STATE_MACHINE,incumbent,41,ARITH_A,ARITHMETIC,0,1.5374878644943235,1
2,C_WEAK_SELECTED,STATE_MACHINE,capacity-shadow,41,ARITH_A,ARITHMETIC,0,,1
2,C_WEAK_SELECTED,STATE_MACHINE,geometry-shadow,41,ARITH_A,ARITHMETIC,0,0.7350383400917053,1
2,C_WEAK_SELECTED,STATE_MACHINE,incumbent,42,ARITH_A,ARITHMETIC,0,1.5309698581695557,1
2,C_WEAK_SELECTED,STATE_MACHINE,capacity-shadow,42,ARITH_A,ARITHMETIC,0,,1
2,C_WEAK_SELECTED,STATE_MACHINE,geometry-shadow,42,ARITH_A,ARITHMETIC,0,0.7365736961364746,1
2,C_WEAK_SELECTED,STATE_MACHINE,incumbent,43,STORY,STORY,0,0.0620982646942138,1
2,C_WEAK_SELECTED,STATE_MACHINE,capacity-shadow,43,STORY,STORY,0,,1
2,C_WEAK_SELECTED,STATE_MACHINE,geometry-shadow,43,STORY,STORY,2,0.7190548181533813,1
2,C_WEAK_SELECTED,STATE_MACHINE,incumbent,44,ARITH_A,ARITHMETIC,0,1.5367592573165894,1
2,C_WEAK_SELECTED,STATE_MACHINE,capacity-shadow,44,ARITH_A,ARITHMETIC,0,,1
2,C_WEAK_SELECTED,STATE_MACHINE,geometry-shadow,44,ARITH_A,ARITHMETIC,0,0.7404124736785889,1
2,C_WEAK_SELECTED,STATE_MACHINE,incumbent,45,ARITH_A,ARITHMETIC,0,1.5451067686080933,1
2,C_WEAK_SELECTED,STATE_MACHINE,capacity-shadow,45,ARITH_A,ARITHMETIC,0,,1
2,C_WEAK_SELECTED,STATE_MACHINE,geometry-shadow,45,ARITH_A,ARITHMETIC,0,0.7187166213989258,1
2,C_WEAK_SELECTED,STATE_MACHINE,incumbent,46,ARITH_A,ARITHMETIC,0,1.5379735231399536,1
2,C_WEAK_SELECTED,STATE_MACHINE,capacity-shadow,46,ARITH_A,ARITHMETIC,0,,1
2,C_WEAK_SELECTED,STATE_MACHINE,geometry-shadow,46,ARITH_A,ARITHMETIC,0,0.7357867956161499,1
2,C_WEAK_SELECTED,STATE_MACHINE,incumbent,47,ARITH_A,ARITHMETIC,0,1.5390219688415527,1
2,C_WEAK_SELECTED,STATE_MACHINE,capacity-shadow,47,ARITH_A,ARITHMETIC,0,,1
2,C_WEAK_SELECTED,STATE_MACHINE,geometry-shadow,47,ARITH_A,ARITHMETIC,0,0.7260560989379883,1
2,C_WEAK_SELECTED,STATE_MACHINE,incumbent,48,STORY,STORY,1,1.6770579814910889,1
2,C_WEAK_SELECTED,STATE_MACHINE,capacity-shadow,48,STORY,STORY,1,,1
2,C_WEAK_SELECTED,STATE_MACHINE,geometry-shadow,48,STORY,STORY,1,0.6069433689117432,1
2,C_WEAK_SELECTED,STATE_MACHINE,incumbent,49,STORY,STORY,1,1.1631091833114624,1
2,C_WEAK_SELECTED,STATE_MACHINE,capacity-shadow,49,STORY,STORY,2,,1
2,C_WEAK_SELECTED,STATE_MACHINE,geometry-shadow,49,STORY,STORY,2,0.4167886972427368,1
2,C_WEAK_SELECTED,STATE_MACHINE,incumbent,50,STORY,STORY,1,0.5380924940109253,1
2,C_WEAK_SELECTED,STATE_MACHINE,capacity-shadow,50,STORY,STORY,1,,1
2,C_WEAK_SELECTED,STATE_MACHINE,geometry-shadow,50,STORY,STORY,2,1.130164623260498,1
2,C_WEAK_SELECTED,STATE_MACHINE,incumbent,51,STORY,STORY,1,1.2147431373596191,1
2,C_WEAK_SELECTED,STATE_MACHINE,capacity-shadow,51,STORY,STORY,2,,1
2,C_WEAK_SELECTED,STATE_MACHINE,geometry-shadow,51,STORY,STORY,2,0.2195194959640503,1
2,C_WEAK_SELECTED,STATE_MACHINE,incumbent,52,STORY,STORY,0,0.5596547722816467,1
2,C_WEAK_SELECTED,STATE_MACHINE,capacity-shadow,52,STORY,STORY,0,,1
2,C_WEAK_SELECTED,STATE_MACHINE,geometry-shadow,52,STORY,STORY,2,0.3593636751174927,1
2,C_WEAK_SELECTED,STATE_MACHINE,incumbent,53,ARITH_A,ARITHMETIC,0,1.539080023765564,1
2,C_WEAK_SELECTED,STATE_MACHINE,capacity-shadow,53,ARITH_A,ARITHMETIC,0,,1
2,C_WEAK_SELECTED,STATE_MACHINE,geometry-shadow,53,ARITH_A,ARITHMETIC,0,0.7238760590553284,1
2,C_WEAK_SELECTED,STATE_MACHINE,incumbent,54,STATE_MACHINE,SELECTED,0,1.3500943183898926,1
2,C_WEAK_SELECTED,STATE_MACHINE,capacity-shadow,54,STATE_MACHINE,SELECTED,0,,1
2,C_WEAK_SELECTED,STATE_MACHINE,geometry-shadow,54,STATE_MACHINE,SELECTED,0,0.7930616140365601,1
2,C_WEAK_SELECTED,STATE_MACHINE,incumbent,55,ARITH_A,ARITHMETIC,0,1.534203290939331,1
2,C_WEAK_SELECTED,STATE_MACHINE,capacity-shadow,55,ARITH_A,ARITHMETIC,0,,1
2,C_WEAK_SELECTED,STATE_MACHINE,geometry-shadow,55,ARITH_A,ARITHMETIC,0,0.7359254360198975,1
2,C_WEAK_SELECTED,STATE_MACHINE,incumbent,56,ARITH_A,ARITHMETIC,0,1.534643292427063,1
2,C_WEAK_SELECTED,STATE_MACHINE,capacity-shadow,56,ARITH_A,ARITHMETIC,0,,1
2,C_WEAK_SELECTED,STATE_MACHINE,geometry-shadow,56,ARITH_A,ARITHMETIC,0,0.7358313202857971,1
2,C_WEAK_SELECTED,STATE_MACHINE,incumbent,57,ARITH_A,ARITHMETIC,0,1.5433988571166992,1
2,C_WEAK_SELECTED,STATE_MACHINE,capacity-shadow,57,ARITH_A,ARITHMETIC,0,,1
2,C_WEAK_SELECTED,STATE_MACHINE,geometry-shadow,57,ARITH_A,ARITHMETIC,0,0.7292826175689697,1
2,C_WEAK_SELECTED,STATE_MACHINE,incumbent,58,ARITH_A,ARITHMETIC,0,1.533483862876892,1
2,C_WEAK_SELECTED,STATE_MACHINE,capacity-shadow,58,ARITH_A,ARITHMETIC,0,,1
2,C_WEAK_SELECTED,STATE_MACHINE,geometry-shadow,58,ARITH_A,ARITHMETIC,0,0.731880784034729,1
2,C_WEAK_SELECTED,STATE_MACHINE,incumbent,59,STORY,STORY,1,0.0515109300613403,1
2,C_WEAK_SELECTED,STATE_MACHINE,capacity-shadow,59,STORY,STORY,1,,1
2,C_WEAK_SELECTED,STATE_MACHINE,geometry-shadow,59,STORY,STORY,2,0.7049763202667236,1
2,C_WEAK_SELECTED,STATE_MACHINE,incumbent,60,STORY,STORY,0,0.1804831027984619,1
2,C_WEAK_SELECTED,STATE_MACHINE,capacity-shadow,60,STORY,STORY,0,,1
2,C_WEAK_SELECTED,STATE_MACHINE,geometry-shadow,60,STORY,STORY,2,0.6547967195510864,1
2,C_WEAK_SELECTED,STATE_MACHINE,incumbent,61,ARITH_A,ARITHMETIC,0,1.5455505847930908,1
2,C_WEAK_SELECTED,STATE_MACHINE,capacity-shadow,61,ARITH_A,ARITHMETIC,0,,1
2,C_WEAK_SELECTED,STATE_MACHINE,geometry-shadow,61,ARITH_A,ARITHMETIC,0,0.7107962369918823,1
2,C_WEAK_SELECTED,STATE_MACHINE,incumbent,62,ARITH_A,ARITHMETIC,0,1.5433632135391235,1
2,C_WEAK_SELECTED,STATE_MACHINE,capacity-shadow,62,ARITH_A,ARITHMETIC,0,,1
2,C_WEAK_SELECTED,STATE_MACHINE,geometry-shadow,62,ARITH_A,ARITHMETIC,0,0.7187459468841553,1
2,C_WEAK_SELECTED,STATE_MACHINE,incumbent,63,STATE_MACHINE,SELECTED,0,1.3562878370285034,1
2,C_WEAK_SELECTED,STATE_MACHINE,capacity-shadow,63,STATE_MACHINE,SELECTED,0,,1
2,C_WEAK_SELECTED,STATE_MACHINE,geometry-shadow,63,STATE_MACHINE,SELECTED,0,0.7838499546051025,1
2,C_WEAK_SELECTED,STATE_MACHINE,incumbent,64,STORY,STORY,1,0.0750033855438232,1
2,C_WEAK_SELECTED,STATE_MACHINE,capacity-shadow,64,STORY,STORY,2,,1
2,C_WEAK_SELECTED,STATE_MACHINE,geometry-shadow,64,STORY,STORY,2,0.8520062565803528,1
2,C_WEAK_SELECTED,STATE_MACHINE,incumbent,65,ARITH_A,ARITHMETIC,0,1.539495825767517,1
2,C_WEAK_SELECTED,STATE_MACHINE,capacity-shadow,65,ARITH_A,ARITHMETIC,0,,1
2,C_WEAK_SELECTED,STATE_MACHINE,geometry-shadow,65,ARITH_A,ARITHMETIC,0,0.731116771697998,1
2,C_WEAK_SELECTED,STATE_MACHINE,incumbent,66,ARITH_A,ARITHMETIC,0,1.5463451147079468,1
2,C_WEAK_SELECTED,STATE_MACHINE,capacity-shadow,66,ARITH_A,ARITHMETIC,0,,1
2,C_WEAK_SELECTED,STATE_MACHINE,geometry-shadow,66,ARITH_A,ARITHMETIC,0,0.7135388851165771,1
2,C_WEAK_SELECTED,STATE_MACHINE,incumbent,67,ARITH_A,ARITHMETIC,0,1.5413836240768433,1
2,C_WEAK_SELECTED,STATE_MACHINE,capacity-shadow,67,ARITH_A,ARITHMETIC,0,,1
2,C_WEAK_SELECTED,STATE_MACHINE,geometry-shadow,67,ARITH_A,ARITHMETIC,0,0.7303537726402283,1
2,C_WEAK_SELECTED,STATE_MACHINE,incumbent,68,ARITH_A,ARITHMETIC,0,1.547781467437744,1
2,C_WEAK_SELECTED,STATE_MACHINE,capacity-shadow,68,ARITH_A,ARITHMETIC,0,,1
2,C_WEAK_SELECTED,STATE_MACHINE,geometry-shadow,68,ARITH_A,ARITHMETIC,0,0.7188283801078796,1
2,C_WEAK_SELECTED,STATE_MACHINE,incumbent,69,STORY,STORY,0,0.1737388372421264,1
2,C_WEAK_SELECTED,STATE_MACHINE,capacity-shadow,69,STORY,STORY,0,,1
2,C_WEAK_SELECTED,STATE_MACHINE,geometry-shadow,69,STORY,STORY,2,0.4683692455291748,1
2,C_WEAK_SELECTED,STATE_MACHINE,incumbent,70,ARITH_A,ARITHMETIC,0,1.542132019996643,1
2,C_WEAK_SELECTED,STATE_MACHINE,capacity-shadow,70,ARITH_A,ARITHMETIC,0,,1
2,C_WEAK_SELECTED,STATE_MACHINE,geometry-shadow,70,ARITH_A,ARITHMETIC,0,0.7203059196472168,1
2,C_WEAK_SELECTED,STATE_MACHINE,incumbent,71,STORY,STORY,0,0.3900806903839111,1
2,C_WEAK_SELECTED,STATE_MACHINE,capacity-shadow,71,STORY,STORY,0,,1
2,C_WEAK_SELECTED,STATE_MACHINE,geometry-shadow,71,STORY,STORY,2,0.3036198616027832,1
2,C_WEAK_SELECTED,STATE_MACHINE,incumbent,72,STORY,STORY,1,0.0785199403762817,1
2,C_WEAK_SELECTED,STATE_MACHINE,capacity-shadow,72,STORY,STORY,1,,1
2,C_WEAK_SELECTED,STATE_MACHINE,geometry-shadow,72,STORY,STORY,2,0.7659212946891785,1
2,C_WEAK_SELECTED,STATE_MACHINE,incumbent,73,STORY,STORY,1,0.5193084478378296,1
2,C_WEAK_SELECTED,STATE_MACHINE,capacity-shadow,73,STORY,STORY,2,,1
2,C_WEAK_SELECTED,STATE_MACHINE,geometry-shadow,73,STORY,STORY,2,0.728772759437561,1
2,C_WEAK_SELECTED,STATE_MACHINE,incumbent,74,ARITH_A,ARITHMETIC,0,1.5451716184616089,1
2,C_WEAK_SELECTED,STATE_MACHINE,capacity-shadow,74,ARITH_A,ARITHMETIC,0,,1
2,C_WEAK_SELECTED,STATE_MACHINE,geometry-shadow,74,ARITH_A,ARITHMETIC,0,0.7190198302268982,1
2,C_WEAK_SELECTED,STATE_MACHINE,incumbent,75,STORY,STORY,0,0.0063360929489135,1
2,C_WEAK_SELECTED,STATE_MACHINE,capacity-shadow,75,STORY,STORY,0,,1
2,C_WEAK_SELECTED,STATE_MACHINE,geometry-shadow,75,STORY,STORY,2,0.5591827034950256,1
2,C_WEAK_SELECTED,STATE_MACHINE,incumbent,76,ARITH_A,ARITHMETIC,0,1.5457501411437988,1
2,C_WEAK_SELECTED,STATE_MACHINE,capacity-shadow,76,ARITH_A,ARITHMETIC,0,,1
2,C_WEAK_SELECTED,STATE_MACHINE,geometry-shadow,76,ARITH_A,ARITHMETIC,0,0.7245400547981262,1
2,C_WEAK_SELECTED,STATE_MACHINE,incumbent,77,ARITH_A,ARITHMETIC,0,1.5386122465133667,1
2,C_WEAK_SELECTED,STATE_MACHINE,capacity-shadow,77,ARITH_A,ARITHMETIC,0,,1
2,C_WEAK_SELECTED,STATE_MACHINE,geometry-shadow,77,ARITH_A,ARITHMETIC,0,0.7343677282333374,1
2,C_WEAK_SELECTED,STATE_MACHINE,incumbent,78,ARITH_A,ARITHMETIC,0,1.534609317779541,1
2,C_WEAK_SELECTED,STATE_MACHINE,capacity-shadow,78,ARITH_A,ARITHMETIC,0,,1
2,C_WEAK_SELECTED,STATE_MACHINE,geometry-shadow,78,ARITH_A,ARITHMETIC,0,0.7292642593383789,1
2,C_WEAK_SELECTED,STATE_MACHINE,incumbent,79,ARITH_A,ARITHMETIC,0,1.5407240390777588,1
2,C_WEAK_SELECTED,STATE_MACHINE,capacity-shadow,79,ARITH_A,ARITHMETIC,0,,1
2,C_WEAK_SELECTED,STATE_MACHINE,geometry-shadow,79,ARITH_A,ARITHMETIC,0,0.7241314649581909,1
2,C_WEAK_SELECTED,STATE_MACHINE,incumbent,80,STORY,STORY,1,0.3399349451065063,1
2,C_WEAK_SELECTED,STATE_MACHINE,capacity-shadow,80,STORY,STORY,1,,1
2,C_WEAK_SELECTED,STATE_MACHINE,geometry-shadow,80,STORY,STORY,2,0.8076821565628052,1
2,C_WEAK_SELECTED,STATE_MACHINE,incumbent,81,ARITH_A,ARITHMETIC,0,1.5351771116256714,1
2,C_WEAK_SELECTED,STATE_MACHINE,capacity-shadow,81,ARITH_A,ARITHMETIC,0,,1
2,C_WEAK_SELECTED,STATE_MACHINE,geometry-shadow,81,ARITH_A,ARITHMETIC,0,0.7382446527481079,1
2,C_WEAK_SELECTED,STATE_MACHINE,incumbent,82,STATE_MACHINE,SELECTED,0,1.3569481372833252,1
2,C_WEAK_SELECTED,STATE_MACHINE,capacity-shadow,82,STATE_MACHINE,SELECTED,0,,1
2,C_WEAK_SELECTED,STATE_MACHINE,geometry-shadow,82,STATE_MACHINE,SELECTED,0,0.783633828163147,1
2,C_WEAK_SELECTED,STATE_MACHINE,incumbent,83,STORY,STORY,0,0.1069618463516235,1
2,C_WEAK_SELECTED,STATE_MACHINE,capacity-shadow,83,STORY,STORY,0,,1
2,C_WEAK_SELECTED,STATE_MACHINE,geometry-shadow,83,STORY,STORY,2,0.2478559017181396,1
2,C_WEAK_SELECTED,STATE_MACHINE,incumbent,84,STORY,STORY,0,0.861059308052063,1
2,C_WEAK_SELECTED,STATE_MACHINE,capacity-shadow,84,STORY,STORY,0,,1
2,C_WEAK_SELECTED,STATE_MACHINE,geometry-shadow,84,STORY,STORY,2,0.2433156073093414,1
2,C_WEAK_SELECTED,STATE_MACHINE,incumbent,85,ARITH_A,ARITHMETIC,0,1.538679122924805,1
2,C_WEAK_SELECTED,STATE_MACHINE,capacity-shadow,85,ARITH_A,ARITHMETIC,0,,1
2,C_WEAK_SELECTED,STATE_MACHINE,geometry-shadow,85,ARITH_A,ARITHMETIC,0,0.7312462329864502,1
2,C_WEAK_SELECTED,STATE_MACHINE,incumbent,86,ARITH_A,ARITHMETIC,0,1.5380635261535645,1
2,C_WEAK_SELECTED,STATE_MACHINE,capacity-shadow,86,ARITH_A,ARITHMETIC,0,,1
2,C_WEAK_SELECTED,STATE_MACHINE,geometry-shadow,86,ARITH_A,ARITHMETIC,0,0.7305042147636414,1
2,C_WEAK_SELECTED,STATE_MACHINE,incumbent,87,STORY,STORY,1,1.300025463104248,1
2,C_WEAK_SELECTED,STATE_MACHINE,capacity-shadow,87,STORY,STORY,2,,1
2,C_WEAK_SELECTED,STATE_MACHINE,geometry-shadow,87,STORY,STORY,1,0.1285411119461059,1
2,C_WEAK_SELECTED,STATE_MACHINE,incumbent,88,STATE_MACHINE,SELECTED,0,1.3442779779434204,1
2,C_WEAK_SELECTED,STATE_MACHINE,capacity-shadow,88,STATE_MACHINE,SELECTED,0,,1
2,C_WEAK_SELECTED,STATE_MACHINE,geometry-shadow,88,STATE_MACHINE,SELECTED,0,0.7871577143669128,1
2,C_WEAK_SELECTED,STATE_MACHINE,incumbent,89,STORY,STORY,1,0.5412837266921997,1
2,C_WEAK_SELECTED,STATE_MACHINE,capacity-shadow,89,STORY,STORY,1,,1
2,C_WEAK_SELECTED,STATE_MACHINE,geometry-shadow,89,STORY,STORY,2,0.0318398475646972,1
2,C_WEAK_SELECTED,STATE_MACHINE,incumbent,90,STORY,STORY,1,0.0965205430984497,1
2,C_WEAK_SELECTED,STATE_MACHINE,capacity-shadow,90,STORY,STORY,2,,1
2,C_WEAK_SELECTED,STATE_MACHINE,geometry-shadow,90,STORY,STORY,2,0.5152014493942261,1
2,C_WEAK_SELECTED,STATE_MACHINE,incumbent,91,STORY,STORY,0,0.4191211462020874,1
2,C_WEAK_SELECTED,STATE_MACHINE,capacity-shadow,91,STORY,STORY,0,,1
2,C_WEAK_SELECTED,STATE_MACHINE,geometry-shadow,91,STORY,STORY,2,0.3261667490005493,1
2,C_WEAK_SELECTED,STATE_MACHINE,incumbent,92,ARITH_A,ARITHMETIC,0,1.5359305143356323,1
2,C_WEAK_SELECTED,STATE_MACHINE,capacity-shadow,92,ARITH_A,ARITHMETIC,0,,1
2,C_WEAK_SELECTED,STATE_MACHINE,geometry-shadow,92,ARITH_A,ARITHMETIC,0,0.7315844893455505,1
2,C_WEAK_SELECTED,STATE_MACHINE,incumbent,93,STORY,STORY,1,0.3114261627197265,1
2,C_WEAK_SELECTED,STATE_MACHINE,capacity-shadow,93,STORY,STORY,1,,1
2,C_WEAK_SELECTED,STATE_MACHINE,geometry-shadow,93,STORY,STORY,2,1.0924272537231443,1
2,C_WEAK_SELECTED,STATE_MACHINE,incumbent,94,STORY,STORY,1,1.1307077407836914,1
2,C_WEAK_SELECTED,STATE_MACHINE,capacity-shadow,94,STORY,STORY,2,,1
2,C_WEAK_SELECTED,STATE_MACHINE,geometry-shadow,94,STORY,STORY,1,0.2127860784530639,1
2,C_WEAK_SELECTED,STATE_MACHINE,incumbent,95,STORY,STORY,1,0.2526384592056274,1
2,C_WEAK_SELECTED,STATE_MACHINE,capacity-shadow,95,STORY,STORY,1,,1
2,C_WEAK_SELECTED,STATE_MACHINE,geometry-shadow,95,STORY,STORY,2,0.810113787651062,1
2,C_WEAK_SELECTED,STATE_MACHINE,incumbent,96,ARITH_A,ARITHMETIC,0,1.5454236268997192,1
2,C_WEAK_SELECTED,STATE_MACHINE,capacity-shadow,96,ARITH_A,ARITHMETIC,0,,1
2,C_WEAK_SELECTED,STATE_MACHINE,geometry-shadow,96,ARITH_A,ARITHMETIC,0,0.706214964389801,1
2,C_WEAK_SELECTED,STATE_MACHINE,incumbent,97,STORY,STORY,0,0.538661777973175,1
2,C_WEAK_SELECTED,STATE_MACHINE,capacity-shadow,97,STORY,STORY,0,,1
2,C_WEAK_SELECTED,STATE_MACHINE,geometry-shadow,97,STORY,STORY,2,0.3516360521316528,1
2,C_WEAK_SELECTED,STATE_MACHINE,incumbent,98,STORY,STORY,1,0.255993127822876,1
2,C_WEAK_SELECTED,STATE_MACHINE,capacity-shadow,98,STORY,STORY,2,,1
2,C_WEAK_SELECTED,STATE_MACHINE,geometry-shadow,98,STORY,STORY,2,0.7129306793212891,1
2,C_WEAK_SELECTED,STATE_MACHINE,incumbent,99,STORY,STORY,1,1.7850929498672483,1
2,C_WEAK_SELECTED,STATE_MACHINE,capacity-shadow,99,STORY,STORY,1,,1
2,C_WEAK_SELECTED,STATE_MACHINE,geometry-shadow,99,STORY,STORY,1,0.9704899191856384,1
2,C_WEAK_SELECTED,STATE_MACHINE,incumbent,100,ARITH_A,ARITHMETIC,0,1.540318250656128,1
2,C_WEAK_SELECTED,STATE_MACHINE,capacity-shadow,100,ARITH_A,ARITHMETIC,0,,1
2,C_WEAK_SELECTED,STATE_MACHINE,geometry-shadow,100,ARITH_A,ARITHMETIC,0,0.7329501509666443,1
2,C_WEAK_SELECTED,STATE_MACHINE,incumbent,101,STORY,STORY,1,0.1216498613357544,1
2,C_WEAK_SELECTED,STATE_MACHINE,capacity-shadow,101,STORY,STORY,2,,1
2,C_WEAK_SELECTED,STATE_MACHINE,geometry-shadow,101,STORY,STORY,2,0.9196839928627014,1
2,C_WEAK_SELECTED,STATE_MACHINE,incumbent,102,ARITH_A,ARITHMETIC,0,1.5414156913757324,1
2,C_WEAK_SELECTED,STATE_MACHINE,capacity-shadow,102,ARITH_A,ARITHMETIC,0,,1
2,C_WEAK_SELECTED,STATE_MACHINE,geometry-shadow,102,ARITH_A,ARITHMETIC,0,0.7323760986328125,1
2,C_WEAK_SELECTED,STATE_MACHINE,incumbent,103,STORY,STORY,1,0.7578736543655396,1
2,C_WEAK_SELECTED,STATE_MACHINE,capacity-shadow,103,STORY,STORY,1,,1
2,C_WEAK_SELECTED,STATE_MACHINE,geometry-shadow,103,STORY,STORY,2,0.2218414545059204,1
2,C_WEAK_SELECTED,STATE_MACHINE,incumbent,104,STORY,STORY,1,0.1573948860168457,1
2,C_WEAK_SELECTED,STATE_MACHINE,capacity-shadow,104,STORY,STORY,2,,1
2,C_WEAK_SELECTED,STATE_MACHINE,geometry-shadow,104,STORY,STORY,2,0.9037986397743224,1
2,C_WEAK_SELECTED,STATE_MACHINE,incumbent,105,ARITH_A,ARITHMETIC,0,1.5418198108673096,1
2,C_WEAK_SELECTED,STATE_MACHINE,capacity-shadow,105,ARITH_A,ARITHMETIC,0,,1
2,C_WEAK_SELECTED,STATE_MACHINE,geometry-shadow,105,ARITH_A,ARITHMETIC,0,0.7174659967422485,1
2,C_WEAK_SELECTED,STATE_MACHINE,incumbent,106,ARITH_A,ARITHMETIC,0,1.5371588468551636,1
2,C_WEAK_SELECTED,STATE_MACHINE,capacity-shadow,106,ARITH_A,ARITHMETIC,0,,1
2,C_WEAK_SELECTED,STATE_MACHINE,geometry-shadow,106,ARITH_A,ARITHMETIC,0,0.7119553089141846,1
2,C_WEAK_SELECTED,STATE_MACHINE,incumbent,107,STATE_MACHINE,SELECTED,0,1.3525334596633911,1
2,C_WEAK_SELECTED,STATE_MACHINE,capacity-shadow,107,STATE_MACHINE,SELECTED,0,,1
2,C_WEAK_SELECTED,STATE_MACHINE,geometry-shadow,107,STATE_MACHINE,SELECTED,0,0.7890652418136597,1
2,C_WEAK_SELECTED,STATE_MACHINE,incumbent,108,ARITH_A,ARITHMETIC,0,1.5412731170654297,1
2,C_WEAK_SELECTED,STATE_MACHINE,capacity-shadow,108,ARITH_A,ARITHMETIC,0,,1
2,C_WEAK_SELECTED,STATE_MACHINE,geometry-shadow,108,ARITH_A,ARITHMETIC,0,0.7174814939498901,1
2,C_WEAK_SELECTED,STATE_MACHINE,incumbent,109,STATE_MACHINE,SELECTED,0,1.3542171716690063,1
2,C_WEAK_SELECTED,STATE_MACHINE,capacity-shadow,109,STATE_MACHINE,SELECTED,0,,1
2,C_WEAK_SELECTED,STATE_MACHINE,geometry-shadow,109,STATE_MACHINE,SELECTED,0,0.7861762642860413,1
2,C_WEAK_SELECTED,STATE_MACHINE,incumbent,110,ARITH_A,ARITHMETIC,0,1.542922019958496,1
2,C_WEAK_SELECTED,STATE_MACHINE,capacity-shadow,110,ARITH_A,ARITHMETIC,0,,1
2,C_WEAK_SELECTED,STATE_MACHINE,geometry-shadow,110,ARITH_A,ARITHMETIC,0,0.7172274589538574,1
2,C_WEAK_SELECTED,STATE_MACHINE,incumbent,111,STORY,STORY,0,0.8111066818237305,1
2,C_WEAK_SELECTED,STATE_MACHINE,capacity-shadow,111,STORY,STORY,0,,1
2,C_WEAK_SELECTED,STATE_MACHINE,geometry-shadow,111,STORY,STORY,2,0.0173466801643371,1
2,C_WEAK_SELECTED,STATE_MACHINE,incumbent,112,ARITH_A,ARITHMETIC,0,1.5433207750320437,1
2,C_WEAK_SELECTED,STATE_MACHINE,capacity-shadow,112,ARITH_A,ARITHMETIC,0,,1
2,C_WEAK_SELECTED,STATE_MACHINE,geometry-shadow,112,ARITH_A,ARITHMETIC,0,0.7255170345306396,1
2,C_WEAK_SELECTED,STATE_MACHINE,incumbent,113,STORY,STORY,1,0.1533422470092773,1
2,C_WEAK_SELECTED,STATE_MACHINE,capacity-shadow,113,STORY,STORY,1,,1
2,C_WEAK_SELECTED,STATE_MACHINE,geometry-shadow,113,STORY,STORY,2,0.255699872970581,1
2,C_WEAK_SELECTED,STATE_MACHINE,incumbent,114,ARITH_A,ARITHMETIC,0,1.5372047424316406,1
2,C_WEAK_SELECTED,STATE_MACHINE,capacity-shadow,114,ARITH_A,ARITHMETIC,0,,1
2,C_WEAK_SELECTED,STATE_MACHINE,geometry-shadow,114,ARITH_A,ARITHMETIC,0,0.7298792004585266,1
2,C_WEAK_SELECTED,STATE_MACHINE,incumbent,115,STORY,STORY,0,0.3168965578079223,1
2,C_WEAK_SELECTED,STATE_MACHINE,capacity-shadow,115,STORY,STORY,0,,1
2,C_WEAK_SELECTED,STATE_MACHINE,geometry-shadow,115,STORY,STORY,2,0.5815800428390503,1
2,C_WEAK_SELECTED,STATE_MACHINE,incumbent,116,STORY,STORY,1,0.703383207321167,1
2,C_WEAK_SELECTED,STATE_MACHINE,capacity-shadow,116,STORY,STORY,2,,1
2,C_WEAK_SELECTED,STATE_MACHINE,geometry-shadow,116,STORY,STORY,2,0.3770526647567749,1
2,C_WEAK_SELECTED,STATE_MACHINE,incumbent,117,STORY,STORY,1,0.9517258405685424,1
2,C_WEAK_SELECTED,STATE_MACHINE,capacity-shadow,117,STORY,STORY,1,,1
2,C_WEAK_SELECTED,STATE_MACHINE,geometry-shadow,117,STORY,STORY,2,0.0174720287322998,1
2,C_WEAK_SELECTED,STATE_MACHINE,incumbent,118,ARITH_A,ARITHMETIC,0,1.5431262254714966,1
2,C_WEAK_SELECTED,STATE_MACHINE,capacity-shadow,118,ARITH_A,ARITHMETIC,0,,1
2,C_WEAK_SELECTED,STATE_MACHINE,geometry-shadow,118,ARITH_A,ARITHMETIC,0,0.7127758264541626,1
2,C_WEAK_SELECTED,STATE_MACHINE,incumbent,119,ARITH_A,ARITHMETIC,0,1.542739987373352,1
2,C_WEAK_SELECTED,STATE_MACHINE,capacity-shadow,119,ARITH_A,ARITHMETIC,0,,1
2,C_WEAK_SELECTED,STATE_MACHINE,geometry-shadow,119,ARITH_A,ARITHMETIC,0,0.7150988578796387,1
2,C_WEAK_SELECTED,STATE_MACHINE,incumbent,120,ARITH_A,ARITHMETIC,0,1.5437098741531372,1
2,C_WEAK_SELECTED,STATE_MACHINE,capacity-shadow,120,ARITH_A,ARITHMETIC,0,,1
2,C_WEAK_SELECTED,STATE_MACHINE,geometry-shadow,120,ARITH_A,ARITHMETIC,0,0.7052046656608582,1
2,C_WEAK_SELECTED,STATE_MACHINE,incumbent,121,ARITH_A,ARITHMETIC,0,1.5432692766189575,1
2,C_WEAK_SELECTED,STATE_MACHINE,capacity-shadow,121,ARITH_A,ARITHMETIC,0,,1
2,C_WEAK_SELECTED,STATE_MACHINE,geometry-shadow,121,ARITH_A,ARITHMETIC,0,0.7207532525062561,1
2,C_WEAK_SELECTED,STATE_MACHINE,incumbent,122,STORY,STORY,1,0.4604244232177734,1
2,C_WEAK_SELECTED,STATE_MACHINE,capacity-shadow,122,STORY,STORY,2,,1
2,C_WEAK_SELECTED,STATE_MACHINE,geometry-shadow,122,STORY,STORY,2,0.5746279358863831,1
2,C_WEAK_SELECTED,STATE_MACHINE,incumbent,123,ARITH_A,ARITHMETIC,0,1.536546230316162,1
2,C_WEAK_SELECTED,STATE_MACHINE,capacity-shadow,123,ARITH_A,ARITHMETIC,0,,1
2,C_WEAK_SELECTED,STATE_MACHINE,geometry-shadow,123,ARITH_A,ARITHMETIC,0,0.73127681016922,1
2,C_WEAK_SELECTED,STATE_MACHINE,incumbent,124,ARITH_A,ARITHMETIC,0,1.5380423069000244,1
2,C_WEAK_SELECTED,STATE_MACHINE,capacity-shadow,124,ARITH_A,ARITHMETIC,0,,1
2,C_WEAK_SELECTED,STATE_MACHINE,geometry-shadow,124,ARITH_A,ARITHMETIC,0,0.73039311170578,1
2,C_WEAK_SELECTED,STATE_MACHINE,incumbent,125,ARITH_A,ARITHMETIC,0,1.5481489896774292,1
2,C_WEAK_SELECTED,STATE_MACHINE,capacity-shadow,125,ARITH_A,ARITHMETIC,0,,1
2,C_WEAK_SELECTED,STATE_MACHINE,geometry-shadow,125,ARITH_A,ARITHMETIC,0,0.7148270606994629,1
2,C_WEAK_SELECTED,STATE_MACHINE,incumbent,126,STORY,STORY,1,0.7889914512634277,1
2,C_WEAK_SELECTED,STATE_MACHINE,capacity-shadow,126,STORY,STORY,1,,1
2,C_WEAK_SELECTED,STATE_MACHINE,geometry-shadow,126,STORY,STORY,2,0.454301118850708,1
2,C_WEAK_SELECTED,STATE_MACHINE,incumbent,127,STORY,STORY,0,0.0802172422409057,1
2,C_WEAK_SELECTED,STATE_MACHINE,capacity-shadow,127,STORY,STORY,0,,1
2,C_WEAK_SELECTED,STATE_MACHINE,geometry-shadow,127,STORY,STORY,2,0.5608439445495605,1
2,C_WEAK_SELECTED,STATE_MACHINE,incumbent,128,ARITH_A,ARITHMETIC,0,1.539939522743225,1
2,C_WEAK_SELECTED,STATE_MACHINE,capacity-shadow,128,ARITH_A,ARITHMETIC,0,,1
2,C_WEAK_SELECTED,STATE_MACHINE,geometry-shadow,128,ARITH_A,ARITHMETIC,0,0.715175211429596,1
2,C_WEAK_SELECTED,STATE_MACHINE,incumbent,129,STORY,STORY,0,0.0659914016723632,1
2,C_WEAK_SELECTED,STATE_MACHINE,capacity-shadow,129,STORY,STORY,0,,1
2,C_WEAK_SELECTED,STATE_MACHINE,geometry-shadow,129,STORY,STORY,2,0.2859327793121338,1
2,C_WEAK_SELECTED,STATE_MACHINE,incumbent,130,STORY,STORY,1,0.5985809564590454,1
2,C_WEAK_SELECTED,STATE_MACHINE,capacity-shadow,130,STORY,STORY,2,,1
2,C_WEAK_SELECTED,STATE_MACHINE,geometry-shadow,130,STORY,STORY,2,0.5270829200744629,1
2,C_WEAK_SELECTED,STATE_MACHINE,incumbent,131,STORY,STORY,0,0.1434651017189026,1
2,C_WEAK_SELECTED,STATE_MACHINE,capacity-shadow,131,STORY,STORY,0,,1
2,C_WEAK_SELECTED,STATE_MACHINE,geometry-shadow,131,STORY,STORY,2,0.8000513911247253,1
2,C_WEAK_SELECTED,STATE_MACHINE,incumbent,132,STORY,STORY,1,0.6671139001846313,1
2,C_WEAK_SELECTED,STATE_MACHINE,capacity-shadow,132,STORY,STORY,1,,1
2,C_WEAK_SELECTED,STATE_MACHINE,geometry-shadow,132,STORY,STORY,2,0.4720928072929382,1
2,C_WEAK_SELECTED,STATE_MACHINE,incumbent,133,STATE_MACHINE,SELECTED,0,1.3428689241409302,1
2,C_WEAK_SELECTED,STATE_MACHINE,capacity-shadow,133,STATE_MACHINE,SELECTED,0,,1
2,C_WEAK_SELECTED,STATE_MACHINE,geometry-shadow,133,STATE_MACHINE,SELECTED,0,0.7873256802558899,1
2,C_WEAK_SELECTED,STATE_MACHINE,incumbent,134,STORY,STORY,1,0.9880285263061525,1
2,C_WEAK_SELECTED,STATE_MACHINE,capacity-shadow,134,STORY,STORY,2,,1
2,C_WEAK_SELECTED,STATE_MACHINE,geometry-shadow,134,STORY,STORY,1,0.2865480184555053,1
2,C_WEAK_SELECTED,STATE_MACHINE,incumbent,135,STORY,STORY,1,0.4728660583496094,1
2,C_WEAK_SELECTED,STATE_MACHINE,capacity-shadow,135,STORY,STORY,1,,1
2,C_WEAK_SELECTED,STATE_MACHINE,geometry-shadow,135,STORY,STORY,2,0.1676492691040039,1
2,C_WEAK_SELECTED,STATE_MACHINE,incumbent,136,STORY,STORY,0,0.19317626953125,1
2,C_WEAK_SELECTED,STATE_MACHINE,capacity-shadow,136,STORY,STORY,0,,1
2,C_WEAK_SELECTED,STATE_MACHINE,geometry-shadow,136,STORY,STORY,2,0.3640501499176025,1
2,C_WEAK_SELECTED,STATE_MACHINE,incumbent,137,ARITH_A,ARITHMETIC,0,1.5421446561813354,1
2,C_WEAK_SELECTED,STATE_MACHINE,capacity-shadow,137,ARITH_A,ARITHMETIC,0,,1
2,C_WEAK_SELECTED,STATE_MACHINE,geometry-shadow,137,ARITH_A,ARITHMETIC,0,0.7214180827140808,1
2,C_WEAK_SELECTED,STATE_MACHINE,incumbent,138,STORY,STORY,1,1.5065090656280518,1
2,C_WEAK_SELECTED,STATE_MACHINE,capacity-shadow,138,STORY,STORY,2,,1
2,C_WEAK_SELECTED,STATE_MACHINE,geometry-shadow,138,STORY,STORY,1,0.5720860958099365,1
2,C_WEAK_SELECTED,STATE_MACHINE,incumbent,139,STORY,STORY,1,1.6899019479751587,1
2,C_WEAK_SELECTED,STATE_MACHINE,capacity-shadow,139,STORY,STORY,1,,1
2,C_WEAK_SELECTED,STATE_MACHINE,geometry-shadow,139,STORY,STORY,1,0.5141618251800537,1
2,C_WEAK_SELECTED,STATE_MACHINE,incumbent,140,ARITH_A,ARITHMETIC,0,1.533496975898743,1
2,C_WEAK_SELECTED,STATE_MACHINE,capacity-shadow,140,ARITH_A,ARITHMETIC,0,,1
2,C_WEAK_SELECTED,STATE_MACHINE,geometry-shadow,140,ARITH_A,ARITHMETIC,0,0.7266566753387451,1
2,C_WEAK_SELECTED,STATE_MACHINE,incumbent,141,STORY,STORY,0,0.1254003047943115,1
2,C_WEAK_SELECTED,STATE_MACHINE,capacity-shadow,141,STORY,STORY,0,,1
2,C_WEAK_SELECTED,STATE_MACHINE,geometry-shadow,141,STORY,STORY,2,0.5440027117729187,1
2,C_WEAK_SELECTED,STATE_MACHINE,incumbent,142,STORY,STORY,1,0.4446232318878174,1
2,C_WEAK_SELECTED,STATE_MACHINE,capacity-shadow,142,STORY,STORY,2,,1
2,C_WEAK_SELECTED,STATE_MACHINE,geometry-shadow,142,STORY,STORY,2,0.1610773801803589,1
2,C_WEAK_SELECTED,STATE_MACHINE,incumbent,143,STORY,STORY,0,0.1557067632675171,1
2,C_WEAK_SELECTED,STATE_MACHINE,capacity-shadow,143,STORY,STORY,0,,1
2,C_WEAK_SELECTED,STATE_MACHINE,geometry-shadow,143,STORY,STORY,2,0.5915251970291138,1
2,C_WEAK_SELECTED,STATE_MACHINE,incumbent,144,ARITH_A,ARITHMETIC,0,1.5425127744674685,1
2,C_WEAK_SELECTED,STATE_MACHINE,capacity-shadow,144,ARITH_A,ARITHMETIC,0,,1
2,C_WEAK_SELECTED,STATE_MACHINE,geometry-shadow,144,ARITH_A,ARITHMETIC,0,0.7261610627174377,1
2,C_WEAK_SELECTED,STATE_MACHINE,incumbent,145,ARITH_A,ARITHMETIC,0,1.5397701263427734,1
2,C_WEAK_SELECTED,STATE_MACHINE,capacity-shadow,145,ARITH_A,ARITHMETIC,0,,1
2,C_WEAK_SELECTED,STATE_MACHINE,geometry-shadow,145,ARITH_A,ARITHMETIC,0,0.7102711200714111,1
2,C_WEAK_SELECTED,STATE_MACHINE,incumbent,146,ARITH_A,ARITHMETIC,0,1.5383272171020508,1
2,C_WEAK_SELECTED,STATE_MACHINE,capacity-shadow,146,ARITH_A,ARITHMETIC,0,,1
2,C_WEAK_SELECTED,STATE_MACHINE,geometry-shadow,146,ARITH_A,ARITHMETIC,0,0.721191942691803,1
2,C_WEAK_SELECTED,STATE_MACHINE,incumbent,147,ARITH_A,ARITHMETIC,0,1.5375627279281616,1
2,C_WEAK_SELECTED,STATE_MACHINE,capacity-shadow,147,ARITH_A,ARITHMETIC,0,,1
2,C_WEAK_SELECTED,STATE_MACHINE,geometry-shadow,147,ARITH_A,ARITHMETIC,0,0.7158234119415283,1
2,C_WEAK_SELECTED,STATE_MACHINE,incumbent,148,STORY,STORY,0,0.077012300491333,1
2,C_WEAK_SELECTED,STATE_MACHINE,capacity-shadow,148,STORY,STORY,0,,1
2,C_WEAK_SELECTED,STATE_MACHINE,geometry-shadow,148,STORY,STORY,2,0.605053722858429,1
2,C_WEAK_SELECTED,STATE_MACHINE,incumbent,149,STORY,STORY,1,2.005437135696411,1
2,C_WEAK_SELECTED,STATE_MACHINE,capacity-shadow,149,STORY,STORY,1,,1
2,C_WEAK_SELECTED,STATE_MACHINE,geometry-shadow,149,STORY,STORY,1,1.111457347869873,1
2,C_WEAK_SELECTED,STATE_MACHINE,incumbent,150,STORY,STORY,1,0.9253586530685424,1
2,C_WEAK_SELECTED,STATE_MACHINE,capacity-shadow,150,STORY,STORY,2,,1
2,C_WEAK_SELECTED,STATE_MACHINE,geometry-shadow,150,STORY,STORY,1,0.0282135009765625,1
2,C_WEAK_SELECTED,STATE_MACHINE,incumbent,151,STORY,STORY,1,0.2040321826934814,1
2,C_WEAK_SELECTED,STATE_MACHINE,capacity-shadow,151,STORY,STORY,1,,1
2,C_WEAK_SELECTED,STATE_MACHINE,geometry-shadow,151,STORY,STORY,2,0.4329527616500854,1
2,C_WEAK_SELECTED,STATE_MACHINE,incumbent,152,STORY,STORY,1,0.575268030166626,1
2,C_WEAK_SELECTED,STATE_MACHINE,capacity-shadow,152,STORY,STORY,2,,1
2,C_WEAK_SELECTED,STATE_MACHINE,geometry-shadow,152,STORY,STORY,2,0.182690143585205,1
2,C_WEAK_SELECTED,STATE_MACHINE,incumbent,153,ARITH_A,ARITHMETIC,0,1.5368748903274536,1
2,C_WEAK_SELECTED,STATE_MACHINE,capacity-shadow,153,ARITH_A,ARITHMETIC,0,,1
2,C_WEAK_SELECTED,STATE_MACHINE,geometry-shadow,153,ARITH_A,ARITHMETIC,0,0.7335754632949829,1
2,C_WEAK_SELECTED,STATE_MACHINE,incumbent,154,ARITH_A,ARITHMETIC,0,1.541594624519348,1
2,C_WEAK_SELECTED,STATE_MACHINE,capacity-shadow,154,ARITH_A,ARITHMETIC,0,,1
2,C_WEAK_SELECTED,STATE_MACHINE,geometry-shadow,154,ARITH_A,ARITHMETIC,0,0.7196395993232727,1
2,C_WEAK_SELECTED,STATE_MACHINE,incumbent,155,ARITH_A,ARITHMETIC,0,1.5372672080993652,1
2,C_WEAK_SELECTED,STATE_MACHINE,capacity-shadow,155,ARITH_A,ARITHMETIC,0,,1
2,C_WEAK_SELECTED,STATE_MACHINE,geometry-shadow,155,ARITH_A,ARITHMETIC,0,0.731922447681427,1
2,C_WEAK_SELECTED,STATE_MACHINE,incumbent,156,STATE_MACHINE,SELECTED,0,1.3563332557678225,1
2,C_WEAK_SELECTED,STATE_MACHINE,capacity-shadow,156,STATE_MACHINE,SELECTED,0,,1
2,C_WEAK_SELECTED,STATE_MACHINE,geometry-shadow,156,STATE_MACHINE,SELECTED,0,0.7813736200332642,1
2,C_WEAK_SELECTED,STATE_MACHINE,incumbent,157,ARITH_A,ARITHMETIC,0,1.542612075805664,1
2,C_WEAK_SELECTED,STATE_MACHINE,capacity-shadow,157,ARITH_A,ARITHMETIC,0,,1
2,C_WEAK_SELECTED,STATE_MACHINE,geometry-shadow,157,ARITH_A,ARITHMETIC,0,0.7126367092132568,1
2,C_WEAK_SELECTED,STATE_MACHINE,incumbent,158,STORY,STORY,0,0.348533570766449,1
2,C_WEAK_SELECTED,STATE_MACHINE,capacity-shadow,158,STORY,STORY,0,,1
2,C_WEAK_SELECTED,STATE_MACHINE,geometry-shadow,158,STORY,STORY,2,0.2969086170196533,1
2,C_WEAK_SELECTED,STATE_MACHINE,incumbent,159,ARITH_A,ARITHMETIC,0,1.5460059642791748,1
2,C_WEAK_SELECTED,STATE_MACHINE,capacity-shadow,159,ARITH_A,ARITHMETIC,0,,1
2,C_WEAK_SELECTED,STATE_MACHINE,geometry-shadow,159,ARITH_A,ARITHMETIC,0,0.7058702111244202,1
2,C_WEAK_SELECTED,STATE_MACHINE,incumbent,160,STORY,STORY,0,0.3036687970161438,1
2,C_WEAK_SELECTED,STATE_MACHINE,capacity-shadow,160,STORY,STORY,0,,1
2,C_WEAK_SELECTED,STATE_MACHINE,geometry-shadow,160,STORY,STORY,2,0.6413732767105103,1
2,C_WEAK_SELECTED,STATE_MACHINE,incumbent,161,STORY,STORY,1,0.5578672885894775,1
2,C_WEAK_SELECTED,STATE_MACHINE,capacity-shadow,161,STORY,STORY,1,,1
2,C_WEAK_SELECTED,STATE_MACHINE,geometry-shadow,161,STORY,STORY,2,0.4417279958724975,1
2,C_WEAK_SELECTED,STATE_MACHINE,incumbent,162,ARITH_A,ARITHMETIC,0,1.5383672714233398,1
2,C_WEAK_SELECTED,STATE_MACHINE,capacity-shadow,162,ARITH_A,ARITHMETIC,0,,1
2,C_WEAK_SELECTED,STATE_MACHINE,geometry-shadow,162,ARITH_A,ARITHMETIC,0,0.7185410857200623,1
2,C_WEAK_SELECTED,STATE_MACHINE,incumbent,163,ARITH_A,ARITHMETIC,0,1.542190432548523,1
2,C_WEAK_SELECTED,STATE_MACHINE,capacity-shadow,163,ARITH_A,ARITHMETIC,0,,1
2,C_WEAK_SELECTED,STATE_MACHINE,geometry-shadow,163,ARITH_A,ARITHMETIC,0,0.7254224419593811,1
2,C_WEAK_SELECTED,STATE_MACHINE,incumbent,164,STATE_MACHINE,SELECTED,0,1.3569109439849854,1
2,C_WEAK_SELECTED,STATE_MACHINE,capacity-shadow,164,STATE_MACHINE,SELECTED,0,,1
2,C_WEAK_SELECTED,STATE_MACHINE,geometry-shadow,164,STATE_MACHINE,SELECTED,0,0.7875763177871704,1
2,C_WEAK_SELECTED,STATE_MACHINE,incumbent,165,ARITH_A,ARITHMETIC,0,1.5401647090911863,1
2,C_WEAK_SELECTED,STATE_MACHINE,capacity-shadow,165,ARITH_A,ARITHMETIC,0,,1
2,C_WEAK_SELECTED,STATE_MACHINE,geometry-shadow,165,ARITH_A,ARITHMETIC,0,0.7289994359016418,1
2,C_WEAK_SELECTED,STATE_MACHINE,incumbent,166,ARITH_A,ARITHMETIC,0,1.5388771295547483,1
2,C_WEAK_SELECTED,STATE_MACHINE,capacity-shadow,166,ARITH_A,ARITHMETIC,0,,1
2,C_WEAK_SELECTED,STATE_MACHINE,geometry-shadow,166,ARITH_A,ARITHMETIC,0,0.7248935699462891,1
2,C_WEAK_SELECTED,STATE_MACHINE,incumbent,167,ARITH_A,ARITHMETIC,0,1.5425418615341189,1
2,C_WEAK_SELECTED,STATE_MACHINE,capacity-shadow,167,ARITH_A,ARITHMETIC,0,,1
2,C_WEAK_SELECTED,STATE_MACHINE,geometry-shadow,167,ARITH_A,ARITHMETIC,0,0.7183268666267395,1
2,C_WEAK_SELECTED,STATE_MACHINE,incumbent,168,STORY,STORY,0,0.2366139888763427,1
2,C_WEAK_SELECTED,STATE_MACHINE,capacity-shadow,168,STORY,STORY,0,,1
2,C_WEAK_SELECTED,STATE_MACHINE,geometry-shadow,168,STORY,STORY,2,0.6369302272796631,1
2,C_WEAK_SELECTED,STATE_MACHINE,incumbent,169,STORY,STORY,0,0.2794204950332641,1
2,C_WEAK_SELECTED,STATE_MACHINE,capacity-shadow,169,STORY,STORY,0,,1
2,C_WEAK_SELECTED,STATE_MACHINE,geometry-shadow,169,STORY,STORY,2,0.2054539918899536,1
2,C_WEAK_SELECTED,STATE_MACHINE,incumbent,170,STORY,STORY,1,0.1995210647583007,1
2,C_WEAK_SELECTED,STATE_MACHINE,capacity-shadow,170,STORY,STORY,2,,1
2,C_WEAK_SELECTED,STATE_MACHINE,geometry-shadow,170,STORY,STORY,2,0.4970020055770874,1
2,C_WEAK_SELECTED,STATE_MACHINE,incumbent,171,ARITH_A,ARITHMETIC,0,1.5272117853164673,1
2,C_WEAK_SELECTED,STATE_MACHINE,capacity-shadow,171,ARITH_A,ARITHMETIC,0,,1
2,C_WEAK_SELECTED,STATE_MACHINE,geometry-shadow,171,ARITH_A,ARITHMETIC,0,0.7370703816413879,1
2,C_WEAK_SELECTED,STATE_MACHINE,incumbent,172,STORY,STORY,1,1.212975025177002,1
2,C_WEAK_SELECTED,STATE_MACHINE,capacity-shadow,172,STORY,STORY,1,,1
2,C_WEAK_SELECTED,STATE_MACHINE,geometry-shadow,172,STORY,STORY,1,0.2636258602142334,1
2,C_WEAK_SELECTED,STATE_MACHINE,incumbent,173,ARITH_A,ARITHMETIC,0,1.5410720109939575,1
2,C_WEAK_SELECTED,STATE_MACHINE,capacity-shadow,173,ARITH_A,ARITHMETIC,0,,1
2,C_WEAK_SELECTED,STATE_MACHINE,geometry-shadow,173,ARITH_A,ARITHMETIC,0,0.7317395806312561,1
2,C_WEAK_SELECTED,STATE_MACHINE,incumbent,174,STATE_MACHINE,SELECTED,0,1.3543728590011597,1
2,C_WEAK_SELECTED,STATE_MACHINE,capacity-shadow,174,STATE_MACHINE,SELECTED,0,,1
2,C_WEAK_SELECTED,STATE_MACHINE,geometry-shadow,174,STATE_MACHINE,SELECTED,0,0.7864507436752319,1
2,C_WEAK_SELECTED,STATE_MACHINE,incumbent,175,STORY,STORY,0,0.903781235218048,1
2,C_WEAK_SELECTED,STATE_MACHINE,capacity-shadow,175,STORY,STORY,0,,1
2,C_WEAK_SELECTED,STATE_MACHINE,geometry-shadow,175,STORY,STORY,0,0.0581315755844116,1
2,C_WEAK_SELECTED,STATE_MACHINE,incumbent,176,ARITH_A,ARITHMETIC,0,1.5387983322143557,1
2,C_WEAK_SELECTED,STATE_MACHINE,capacity-shadow,176,ARITH_A,ARITHMETIC,0,,1
2,C_WEAK_SELECTED,STATE_MACHINE,geometry-shadow,176,ARITH_A,ARITHMETIC,0,0.7274144887924194,1
2,C_WEAK_SELECTED,STATE_MACHINE,incumbent,177,STORY,STORY,1,0.8456716537475586,1
2,C_WEAK_SELECTED,STATE_MACHINE,capacity-shadow,177,STORY,STORY,2,,1
2,C_WEAK_SELECTED,STATE_MACHINE,geometry-shadow,177,STORY,STORY,2,0.5273514986038208,1
2,C_WEAK_SELECTED,STATE_MACHINE,incumbent,178,ARITH_A,ARITHMETIC,0,1.5388751029968262,1
2,C_WEAK_SELECTED,STATE_MACHINE,capacity-shadow,178,ARITH_A,ARITHMETIC,0,,1
2,C_WEAK_SELECTED,STATE_MACHINE,geometry-shadow,178,ARITH_A,ARITHMETIC,0,0.7083734273910522,1
2,C_WEAK_SELECTED,STATE_MACHINE,incumbent,179,STORY,STORY,0,0.0106669664382934,1
2,C_WEAK_SELECTED,STATE_MACHINE,capacity-shadow,179,STORY,STORY,0,,1
2,C_WEAK_SELECTED,STATE_MACHINE,geometry-shadow,179,STORY,STORY,2,0.7202210426330566,1
2,C_WEAK_SELECTED,STATE_MACHINE,incumbent,180,ARITH_A,ARITHMETIC,0,1.5373377799987793,1
2,C_WEAK_SELECTED,STATE_MACHINE,capacity-shadow,180,ARITH_A,ARITHMETIC,0,,1
2,C_WEAK_SELECTED,STATE_MACHINE,geometry-shadow,180,ARITH_A,ARITHMETIC,0,0.7302333116531372,1
2,C_WEAK_SELECTED,STATE_MACHINE,incumbent,181,STORY,STORY,1,1.0519884824752808,1
2,C_WEAK_SELECTED,STATE_MACHINE,capacity-shadow,181,STORY,STORY,1,,1
2,C_WEAK_SELECTED,STATE_MACHINE,geometry-shadow,181,STORY,STORY,2,0.4615904688835144,1
2,C_WEAK_SELECTED,STATE_MACHINE,incumbent,182,STORY,STORY,1,0.4766280055046081,1
2,C_WEAK_SELECTED,STATE_MACHINE,capacity-shadow,182,STORY,STORY,2,,1
2,C_WEAK_SELECTED,STATE_MACHINE,geometry-shadow,182,STORY,STORY,2,0.6406961679458618,1
2,C_WEAK_SELECTED,STATE_MACHINE,incumbent,183,STORY,STORY,1,0.7371532917022705,1
2,C_WEAK_SELECTED,STATE_MACHINE,capacity-shadow,183,STORY,STORY,1,,1
2,C_WEAK_SELECTED,STATE_MACHINE,geometry-shadow,183,STORY,STORY,2,0.2788044214248657,1
2,C_WEAK_SELECTED,STATE_MACHINE,incumbent,184,STATE_MACHINE,SELECTED,0,1.3444221019744873,1
2,C_WEAK_SELECTED,STATE_MACHINE,capacity-shadow,184,STATE_MACHINE,SELECTED,0,,1
2,C_WEAK_SELECTED,STATE_MACHINE,geometry-shadow,184,STATE_MACHINE,SELECTED,0,0.7841456532478333,1
2,C_WEAK_SELECTED,STATE_MACHINE,incumbent,185,STORY,STORY,1,1.7383036613464355,1
2,C_WEAK_SELECTED,STATE_MACHINE,capacity-shadow,185,STORY,STORY,2,,1
2,C_WEAK_SELECTED,STATE_MACHINE,geometry-shadow,185,STORY,STORY,1,0.5990646481513977,1
2,C_WEAK_SELECTED,STATE_MACHINE,incumbent,186,STORY,STORY,1,0.1849714517593383,1
2,C_WEAK_SELECTED,STATE_MACHINE,capacity-shadow,186,STORY,STORY,1,,1
2,C_WEAK_SELECTED,STATE_MACHINE,geometry-shadow,186,STORY,STORY,2,0.5730347633361816,1
2,C_WEAK_SELECTED,STATE_MACHINE,incumbent,187,ARITH_A,ARITHMETIC,0,1.542122483253479,1
2,C_WEAK_SELECTED,STATE_MACHINE,capacity-shadow,187,ARITH_A,ARITHMETIC,0,,1
2,C_WEAK_SELECTED,STATE_MACHINE,geometry-shadow,187,ARITH_A,ARITHMETIC,0,0.7260382175445557,1
2,C_WEAK_SELECTED,STATE_MACHINE,incumbent,188,STORY,STORY,1,0.3953901529312134,1
2,C_WEAK_SELECTED,STATE_MACHINE,capacity-shadow,188,STORY,STORY,2,,1
2,C_WEAK_SELECTED,STATE_MACHINE,geometry-shadow,188,STORY,STORY,2,0.9472928643226624,1
2,C_WEAK_SELECTED,STATE_MACHINE,incumbent,189,ARITH_A,ARITHMETIC,0,1.5363608598709106,1
2,C_WEAK_SELECTED,STATE_MACHINE,capacity-shadow,189,ARITH_A,ARITHMETIC,0,,1
2,C_WEAK_SELECTED,STATE_MACHINE,geometry-shadow,189,ARITH_A,ARITHMETIC,0,0.7147828936576843,1
2,C_WEAK_SELECTED,STATE_MACHINE,incumbent,190,STORY,STORY,1,0.7037121653556824,1
2,C_WEAK_SELECTED,STATE_MACHINE,capacity-shadow,190,STORY,STORY,1,,1
2,C_WEAK_SELECTED,STATE_MACHINE,geometry-shadow,190,STORY,STORY,2,0.2175837755203247,1
2,C_WEAK_SELECTED,STATE_MACHINE,incumbent,191,STORY,STORY,1,0.3944296836853027,1
2,C_WEAK_SELECTED,STATE_MACHINE,capacity-shadow,191,STORY,STORY,2,,1
2,C_WEAK_SELECTED,STATE_MACHINE,geometry-shadow,191,STORY,STORY,2,0.4271818399429321,1
2,C_WEAK_SELECTED,STATE_MACHINE,incumbent,192,STORY,STORY,1,0.4583295583724975,1
2,C_WEAK_SELECTED,STATE_MACHINE,capacity-shadow,192,STORY,STORY,1,,1
2,C_WEAK_SELECTED,STATE_MACHINE,geometry-shadow,192,STORY,STORY,2,0.5512030720710754,1
2,C_WEAK_SELECTED,STATE_MACHINE,incumbent,193,STORY,STORY,1,0.1019967794418335,1
2,C_WEAK_SELECTED,STATE_MACHINE,capacity-shadow,193,STORY,STORY,2,,1
2,C_WEAK_SELECTED,STATE_MACHINE,geometry-shadow,193,STORY,STORY,2,0.8540565967559814,1
2,C_WEAK_SELECTED,STATE_MACHINE,incumbent,194,ARITH_A,ARITHMETIC,0,1.540786862373352,1
2,C_WEAK_SELECTED,STATE_MACHINE,capacity-shadow,194,ARITH_A,ARITHMETIC,0,,1
2,C_WEAK_SELECTED,STATE_MACHINE,geometry-shadow,194,ARITH_A,ARITHMETIC,0,0.7204647660255432,1
2,C_WEAK_SELECTED,STATE_MACHINE,incumbent,195,STATE_MACHINE,SELECTED,0,1.342149019241333,1
2,C_WEAK_SELECTED,STATE_MACHINE,capacity-shadow,195,STATE_MACHINE,SELECTED,0,,1
2,C_WEAK_SELECTED,STATE_MACHINE,geometry-shadow,195,STATE_MACHINE,SELECTED,0,0.7891258001327515,1
2,C_WEAK_SELECTED,STATE_MACHINE,incumbent,196,STORY,STORY,0,0.3660116791725158,1
2,C_WEAK_SELECTED,STATE_MACHINE,capacity-shadow,196,STORY,STORY,0,,1
2,C_WEAK_SELECTED,STATE_MACHINE,geometry-shadow,196,STORY,STORY,2,0.4565743207931518,1
2,C_WEAK_SELECTED,STATE_MACHINE,incumbent,197,ARITH_A,ARITHMETIC,0,1.538525938987732,1
2,C_WEAK_SELECTED,STATE_MACHINE,capacity-shadow,197,ARITH_A,ARITHMETIC,0,,1
2,C_WEAK_SELECTED,STATE_MACHINE,geometry-shadow,197,ARITH_A,ARITHMETIC,0,0.7269574403762817,1
2,C_WEAK_SELECTED,STATE_MACHINE,incumbent,198,ARITH_A,ARITHMETIC,0,1.5434495210647583,1
2,C_WEAK_SELECTED,STATE_MACHINE,capacity-shadow,198,ARITH_A,ARITHMETIC,0,,1
2,C_WEAK_SELECTED,STATE_MACHINE,geometry-shadow,198,ARITH_A,ARITHMETIC,0,0.7153176069259644,1
2,C_WEAK_SELECTED,STATE_MACHINE,incumbent,199,STATE_MACHINE,SELECTED,0,1.3530354499816897,1
2,C_WEAK_SELECTED,STATE_MACHINE,capacity-shadow,199,STATE_MACHINE,SELECTED,0,,1
2,C_WEAK_SELECTED,STATE_MACHINE,geometry-shadow,199,STATE_MACHINE,SELECTED,0,0.7895004749298096,1
2,C_WEAK_SELECTED,STATE_MACHINE,incumbent,200,ARITH_A,ARITHMETIC,0,1.5455306768417358,1
2,C_WEAK_SELECTED,STATE_MACHINE,capacity-shadow,200,ARITH_A,ARITHMETIC,0,,1
2,C_WEAK_SELECTED,STATE_MACHINE,geometry-shadow,200,ARITH_A,ARITHMETIC,0,0.7292402982711792,1
2,C_WEAK_SELECTED,STATE_MACHINE,incumbent,201,STATE_MACHINE,SELECTED,0,1.3504035472869873,1
2,C_WEAK_SELECTED,STATE_MACHINE,capacity-shadow,201,STATE_MACHINE,SELECTED,0,,1
2,C_WEAK_SELECTED,STATE_MACHINE,geometry-shadow,201,STATE_MACHINE,SELECTED,0,0.7778676748275757,1
2,C_WEAK_SELECTED,STATE_MACHINE,incumbent,202,ARITH_A,ARITHMETIC,0,1.5369205474853516,1
2,C_WEAK_SELECTED,STATE_MACHINE,capacity-shadow,202,ARITH_A,ARITHMETIC,0,,1
2,C_WEAK_SELECTED,STATE_MACHINE,geometry-shadow,202,ARITH_A,ARITHMETIC,0,0.7278479337692261,1
2,C_WEAK_SELECTED,STATE_MACHINE,incumbent,203,ARITH_A,ARITHMETIC,0,1.5406485795974731,1
2,C_WEAK_SELECTED,STATE_MACHINE,capacity-shadow,203,ARITH_A,ARITHMETIC,0,,1
2,C_WEAK_SELECTED,STATE_MACHINE,geometry-shadow,203,ARITH_A,ARITHMETIC,0,0.7192270159721375,1
2,C_WEAK_SELECTED,STATE_MACHINE,incumbent,204,ARITH_A,ARITHMETIC,0,1.5409832000732422,1
2,C_WEAK_SELECTED,STATE_MACHINE,capacity-shadow,204,ARITH_A,ARITHMETIC,0,,1
2,C_WEAK_SELECTED,STATE_MACHINE,geometry-shadow,204,ARITH_A,ARITHMETIC,0,0.7388864159584045,1
2,C_WEAK_SELECTED,STATE_MACHINE,incumbent,205,ARITH_A,ARITHMETIC,0,1.541639804840088,1
2,C_WEAK_SELECTED,STATE_MACHINE,capacity-shadow,205,ARITH_A,ARITHMETIC,0,,1
2,C_WEAK_SELECTED,STATE_MACHINE,geometry-shadow,205,ARITH_A,ARITHMETIC,0,0.718071460723877,1
2,C_WEAK_SELECTED,STATE_MACHINE,incumbent,206,ARITH_A,ARITHMETIC,0,1.537806272506714,1
2,C_WEAK_SELECTED,STATE_MACHINE,capacity-shadow,206,ARITH_A,ARITHMETIC,0,,1
2,C_WEAK_SELECTED,STATE_MACHINE,geometry-shadow,206,ARITH_A,ARITHMETIC,0,0.7262871861457825,1
2,C_WEAK_SELECTED,STATE_MACHINE,incumbent,207,STATE_MACHINE,SELECTED,0,1.3611228466033936,1
2,C_WEAK_SELECTED,STATE_MACHINE,capacity-shadow,207,STATE_MACHINE,SELECTED,0,,1
2,C_WEAK_SELECTED,STATE_MACHINE,geometry-shadow,207,STATE_MACHINE,SELECTED,0,0.7857784032821655,1
2,C_WEAK_SELECTED,STATE_MACHINE,incumbent,208,STORY,STORY,0,0.1868743896484375,1
2,C_WEAK_SELECTED,STATE_MACHINE,capacity-shadow,208,STORY,STORY,0,,1
2,C_WEAK_SELECTED,STATE_MACHINE,geometry-shadow,208,STORY,STORY,2,0.3213298916816711,1
2,C_WEAK_SELECTED,STATE_MACHINE,incumbent,209,ARITH_A,ARITHMETIC,0,1.541451096534729,1
2,C_WEAK_SELECTED,STATE_MACHINE,capacity-shadow,209,ARITH_A,ARITHMETIC,0,,1
2,C_WEAK_SELECTED,STATE_MACHINE,geometry-shadow,209,ARITH_A,ARITHMETIC,0,0.7093339562416077,1
2,C_WEAK_SELECTED,STATE_MACHINE,incumbent,210,STORY,STORY,1,1.1392955780029297,1
2,C_WEAK_SELECTED,STATE_MACHINE,capacity-shadow,210,STORY,STORY,1,,1
2,C_WEAK_SELECTED,STATE_MACHINE,geometry-shadow,210,STORY,STORY,1,0.2667126655578613,1
2,C_WEAK_SELECTED,STATE_MACHINE,incumbent,211,STORY,STORY,0,0.0818063020706176,1
2,C_WEAK_SELECTED,STATE_MACHINE,capacity-shadow,211,STORY,STORY,0,,1
2,C_WEAK_SELECTED,STATE_MACHINE,geometry-shadow,211,STORY,STORY,2,0.3998243808746338,1
2,C_WEAK_SELECTED,STATE_MACHINE,incumbent,212,STORY,STORY,1,0.4297800064086914,1
2,C_WEAK_SELECTED,STATE_MACHINE,capacity-shadow,212,STORY,STORY,2,,1
2,C_WEAK_SELECTED,STATE_MACHINE,geometry-shadow,212,STORY,STORY,2,0.3955696821212768,1
2,C_WEAK_SELECTED,STATE_MACHINE,incumbent,213,ARITH_A,ARITHMETIC,0,1.536963939666748,1
2,C_WEAK_SELECTED,STATE_MACHINE,capacity-shadow,213,ARITH_A,ARITHMETIC,0,,1
2,C_WEAK_SELECTED,STATE_MACHINE,geometry-shadow,213,ARITH_A,ARITHMETIC,0,0.7274446487426758,1
2,C_WEAK_SELECTED,STATE_MACHINE,incumbent,214,STORY,STORY,1,0.6711959838867188,1
2,C_WEAK_SELECTED,STATE_MACHINE,capacity-shadow,214,STORY,STORY,1,,1
2,C_WEAK_SELECTED,STATE_MACHINE,geometry-shadow,214,STORY,STORY,2,0.3116101026535034,1
2,C_WEAK_SELECTED,STATE_MACHINE,incumbent,215,STATE_MACHINE,SELECTED,0,1.345981240272522,1
2,C_WEAK_SELECTED,STATE_MACHINE,capacity-shadow,215,STATE_MACHINE,SELECTED,0,,1
2,C_WEAK_SELECTED,STATE_MACHINE,geometry-shadow,215,STATE_MACHINE,SELECTED,0,0.7798992395401001,1
2,C_WEAK_SELECTED,STATE_MACHINE,incumbent,216,STORY,STORY,0,0.7880663871765137,1
2,C_WEAK_SELECTED,STATE_MACHINE,capacity-shadow,216,STORY,STORY,0,,1
2,C_WEAK_SELECTED,STATE_MACHINE,geometry-shadow,216,STORY,STORY,2,0.2899824380874634,1
2,C_WEAK_SELECTED,STATE_MACHINE,incumbent,217,ARITH_A,ARITHMETIC,0,1.544034481048584,1
2,C_WEAK_SELECTED,STATE_MACHINE,capacity-shadow,217,ARITH_A,ARITHMETIC,0,,1
2,C_WEAK_SELECTED,STATE_MACHINE,geometry-shadow,217,ARITH_A,ARITHMETIC,0,0.7003288269042969,1
2,C_WEAK_SELECTED,STATE_MACHINE,incumbent,218,ARITH_A,ARITHMETIC,0,1.54732084274292,1
2,C_WEAK_SELECTED,STATE_MACHINE,capacity-shadow,218,ARITH_A,ARITHMETIC,0,,1
2,C_WEAK_SELECTED,STATE_MACHINE,geometry-shadow,218,ARITH_A,ARITHMETIC,0,0.7089517712593079,1
2,C_WEAK_SELECTED,STATE_MACHINE,incumbent,219,ARITH_A,ARITHMETIC,0,1.539258599281311,1
2,C_WEAK_SELECTED,STATE_MACHINE,capacity-shadow,219,ARITH_A,ARITHMETIC,0,,1
2,C_WEAK_SELECTED,STATE_MACHINE,geometry-shadow,219,ARITH_A,ARITHMETIC,0,0.7284803986549377,1
2,C_WEAK_SELECTED,STATE_MACHINE,incumbent,220,STATE_MACHINE,SELECTED,0,1.3420215845108032,1
2,C_WEAK_SELECTED,STATE_MACHINE,capacity-shadow,220,STATE_MACHINE,SELECTED,0,,1
2,C_WEAK_SELECTED,STATE_MACHINE,geometry-shadow,220,STATE_MACHINE,SELECTED,0,0.7874022126197815,1
2,C_WEAK_SELECTED,STATE_MACHINE,incumbent,221,STORY,STORY,1,1.274683713912964,1
2,C_WEAK_SELECTED,STATE_MACHINE,capacity-shadow,221,STORY,STORY,2,,1
2,C_WEAK_SELECTED,STATE_MACHINE,geometry-shadow,221,STORY,STORY,1,0.32216477394104,1
2,C_WEAK_SELECTED,STATE_MACHINE,incumbent,222,STORY,STORY,1,0.7078783512115479,1
2,C_WEAK_SELECTED,STATE_MACHINE,capacity-shadow,222,STORY,STORY,1,,1
2,C_WEAK_SELECTED,STATE_MACHINE,geometry-shadow,222,STORY,STORY,1,0.1074774265289306,1
2,C_WEAK_SELECTED,STATE_MACHINE,incumbent,223,STATE_MACHINE,SELECTED,0,1.355779051780701,1
2,C_WEAK_SELECTED,STATE_MACHINE,capacity-shadow,223,STATE_MACHINE,SELECTED,0,,1
2,C_WEAK_SELECTED,STATE_MACHINE,geometry-shadow,223,STATE_MACHINE,SELECTED,0,0.790857195854187,1
2,C_WEAK_SELECTED,STATE_MACHINE,incumbent,224,STORY,STORY,1,0.431434154510498,1
2,C_WEAK_SELECTED,STATE_MACHINE,capacity-shadow,224,STORY,STORY,2,,1
2,C_WEAK_SELECTED,STATE_MACHINE,geometry-shadow,224,STORY,STORY,2,0.8404310941696167,1
2,C_WEAK_SELECTED,STATE_MACHINE,incumbent,225,STORY,STORY,0,0.2410813570022583,1
2,C_WEAK_SELECTED,STATE_MACHINE,capacity-shadow,225,STORY,STORY,0,,1
2,C_WEAK_SELECTED,STATE_MACHINE,geometry-shadow,225,STORY,STORY,2,0.1902170181274414,1
2,C_WEAK_SELECTED,STATE_MACHINE,incumbent,226,ARITH_A,ARITHMETIC,0,1.5438133478164673,1
2,C_WEAK_SELECTED,STATE_MACHINE,capacity-shadow,226,ARITH_A,ARITHMETIC,0,,1
2,C_WEAK_SELECTED,STATE_MACHINE,geometry-shadow,226,ARITH_A,ARITHMETIC,0,0.7190597653388977,1
2,C_WEAK_SELECTED,STATE_MACHINE,incumbent,227,ARITH_A,ARITHMETIC,0,1.5413000583648682,1
2,C_WEAK_SELECTED,STATE_MACHINE,capacity-shadow,227,ARITH_A,ARITHMETIC,0,,1
2,C_WEAK_SELECTED,STATE_MACHINE,geometry-shadow,227,ARITH_A,ARITHMETIC,0,0.7019245624542236,1
2,C_WEAK_SELECTED,STATE_MACHINE,incumbent,228,ARITH_A,ARITHMETIC,0,1.5409586429595947,1
2,C_WEAK_SELECTED,STATE_MACHINE,capacity-shadow,228,ARITH_A,ARITHMETIC,0,,1
2,C_WEAK_SELECTED,STATE_MACHINE,geometry-shadow,228,ARITH_A,ARITHMETIC,0,0.7224947810173035,1
2,C_WEAK_SELECTED,STATE_MACHINE,incumbent,229,STORY,STORY,1,0.3747091293334961,1
2,C_WEAK_SELECTED,STATE_MACHINE,capacity-shadow,229,STORY,STORY,1,,1
2,C_WEAK_SELECTED,STATE_MACHINE,geometry-shadow,229,STORY,STORY,2,0.2412043809890747,1
2,C_WEAK_SELECTED,STATE_MACHINE,incumbent,230,ARITH_A,ARITHMETIC,0,1.538577675819397,1
2,C_WEAK_SELECTED,STATE_MACHINE,capacity-shadow,230,ARITH_A,ARITHMETIC,0,,1
2,C_WEAK_SELECTED,STATE_MACHINE,geometry-shadow,230,ARITH_A,ARITHMETIC,0,0.7161057591438293,1
2,C_WEAK_SELECTED,STATE_MACHINE,incumbent,231,ARITH_A,ARITHMETIC,0,1.543591856956482,1
2,C_WEAK_SELECTED,STATE_MACHINE,capacity-shadow,231,ARITH_A,ARITHMETIC,0,,1
2,C_WEAK_SELECTED,STATE_MACHINE,geometry-shadow,231,ARITH_A,ARITHMETIC,0,0.7166271209716797,1
2,C_WEAK_SELECTED,STATE_MACHINE,incumbent,232,STORY,STORY,0,0.3758694529533386,1
2,C_WEAK_SELECTED,STATE_MACHINE,capacity-shadow,232,STORY,STORY,0,,1
2,C_WEAK_SELECTED,STATE_MACHINE,geometry-shadow,232,STORY,STORY,2,0.5135846138000488,1
2,C_WEAK_SELECTED,STATE_MACHINE,incumbent,233,ARITH_A,ARITHMETIC,0,1.5397424697875977,1
2,C_WEAK_SELECTED,STATE_MACHINE,capacity-shadow,233,ARITH_A,ARITHMETIC,0,,1
2,C_WEAK_SELECTED,STATE_MACHINE,geometry-shadow,233,ARITH_A,ARITHMETIC,0,0.7300729155540466,1
2,C_WEAK_SELECTED,STATE_MACHINE,incumbent,234,STORY,STORY,1,0.2245899438858032,1
2,C_WEAK_SELECTED,STATE_MACHINE,capacity-shadow,234,STORY,STORY,2,,1
2,C_WEAK_SELECTED,STATE_MACHINE,geometry-shadow,234,STORY,STORY,2,0.742568850517273,1
2,C_WEAK_SELECTED,STATE_MACHINE,incumbent,235,STORY,STORY,1,0.8462690114974976,1
2,C_WEAK_SELECTED,STATE_MACHINE,capacity-shadow,235,STORY,STORY,1,,1
2,C_WEAK_SELECTED,STATE_MACHINE,geometry-shadow,235,STORY,STORY,2,0.1548051834106445,1
2,C_WEAK_SELECTED,STATE_MACHINE,incumbent,236,ARITH_A,ARITHMETIC,0,1.539971113204956,1
2,C_WEAK_SELECTED,STATE_MACHINE,capacity-shadow,236,ARITH_A,ARITHMETIC,0,,1
2,C_WEAK_SELECTED,STATE_MACHINE,geometry-shadow,236,ARITH_A,ARITHMETIC,0,0.7104266881942749,1
2,C_WEAK_SELECTED,STATE_MACHINE,incumbent,237,STORY,STORY,0,0.2812846302986145,1
2,C_WEAK_SELECTED,STATE_MACHINE,capacity-shadow,237,STORY,STORY,0,,1
2,C_WEAK_SELECTED,STATE_MACHINE,geometry-shadow,237,STORY,STORY,2,0.4747507572174072,1
2,C_WEAK_SELECTED,STATE_MACHINE,incumbent,238,ARITH_A,ARITHMETIC,0,1.542771577835083,1
2,C_WEAK_SELECTED,STATE_MACHINE,capacity-shadow,238,ARITH_A,ARITHMETIC,0,,1
2,C_WEAK_SELECTED,STATE_MACHINE,geometry-shadow,238,ARITH_A,ARITHMETIC,0,0.7203842401504517,1
2,C_WEAK_SELECTED,STATE_MACHINE,incumbent,239,STATE_MACHINE,SELECTED,0,1.3568034172058103,1
2,C_WEAK_SELECTED,STATE_MACHINE,capacity-shadow,239,STATE_MACHINE,SELECTED,0,,1
2,C_WEAK_SELECTED,STATE_MACHINE,geometry-shadow,239,STATE_MACHINE,SELECTED,0,0.7838141918182373,1
2,C_WEAK_SELECTED,STATE_MACHINE,incumbent,240,ARITH_A,ARITHMETIC,0,1.5372164249420166,1
2,C_WEAK_SELECTED,STATE_MACHINE,capacity-shadow,240,ARITH_A,ARITHMETIC,0,,1
2,C_WEAK_SELECTED,STATE_MACHINE,geometry-shadow,240,ARITH_A,ARITHMETIC,0,0.7286556959152222,1
2,C_WEAK_SELECTED,STATE_MACHINE,incumbent,241,STORY,STORY,1,1.1780357360839844,1
2,C_WEAK_SELECTED,STATE_MACHINE,capacity-shadow,241,STORY,STORY,2,,1
2,C_WEAK_SELECTED,STATE_MACHINE,geometry-shadow,241,STORY,STORY,2,0.2211161255836486,1
2,C_WEAK_SELECTED,STATE_MACHINE,incumbent,242,STORY,STORY,1,1.5424548387527466,1
2,C_WEAK_SELECTED,STATE_MACHINE,capacity-shadow,242,STORY,STORY,1,,1
2,C_WEAK_SELECTED,STATE_MACHINE,geometry-shadow,242,STORY,STORY,1,0.0150998830795288,1
2,C_WEAK_SELECTED,STATE_MACHINE,incumbent,243,ARITH_A,ARITHMETIC,0,1.5400750637054443,1
2,C_WEAK_SELECTED,STATE_MACHINE,capacity-shadow,243,ARITH_A,ARITHMETIC,0,,1
2,C_WEAK_SELECTED,STATE_MACHINE,geometry-shadow,243,ARITH_A,ARITHMETIC,0,0.7091268301010132,1
2,C_WEAK_SELECTED,STATE_MACHINE,incumbent,244,STORY,STORY,1,0.4144455194473266,1
2,C_WEAK_SELECTED,STATE_MACHINE,capacity-shadow,244,STORY,STORY,2,,1
2,C_WEAK_SELECTED,STATE_MACHINE,geometry-shadow,244,STORY,STORY,2,0.5264222621917725,1
2,C_WEAK_SELECTED,STATE_MACHINE,incumbent,245,ARITH_A,ARITHMETIC,0,1.5440644025802612,1
2,C_WEAK_SELECTED,STATE_MACHINE,capacity-shadow,245,ARITH_A,ARITHMETIC,0,,1
2,C_WEAK_SELECTED,STATE_MACHINE,geometry-shadow,245,ARITH_A,ARITHMETIC,0,0.7234839797019958,1
2,C_WEAK_SELECTED,STATE_MACHINE,incumbent,246,STORY,STORY,0,0.0365362167358398,1
2,C_WEAK_SELECTED,STATE_MACHINE,capacity-shadow,246,STORY,STORY,0,,1
2,C_WEAK_SELECTED,STATE_MACHINE,geometry-shadow,246,STORY,STORY,2,0.800948977470398,1
2,C_WEAK_SELECTED,STATE_MACHINE,incumbent,247,STATE_MACHINE,SELECTED,0,1.3568779230117798,1
2,C_WEAK_SELECTED,STATE_MACHINE,capacity-shadow,247,STATE_MACHINE,SELECTED,0,,1
2,C_WEAK_SELECTED,STATE_MACHINE,geometry-shadow,247,STATE_MACHINE,SELECTED,0,0.7829073667526245,1
2,C_WEAK_SELECTED,STATE_MACHINE,incumbent,248,STORY,STORY,0,0.0680171251296997,1
2,C_WEAK_SELECTED,STATE_MACHINE,capacity-shadow,248,STORY,STORY,0,,1
2,C_WEAK_SELECTED,STATE_MACHINE,geometry-shadow,248,STORY,STORY,2,0.8417438864707947,1
2,C_WEAK_SELECTED,STATE_MACHINE,incumbent,249,ARITH_A,ARITHMETIC,0,1.5396937131881714,1
2,C_WEAK_SELECTED,STATE_MACHINE,capacity-shadow,249,ARITH_A,ARITHMETIC,0,,1
2,C_WEAK_SELECTED,STATE_MACHINE,geometry-shadow,249,ARITH_A,ARITHMETIC,0,0.7227018475532532,1
2,C_WEAK_SELECTED,STATE_MACHINE,incumbent,250,ARITH_A,ARITHMETIC,0,1.5365320444107056,1
2,C_WEAK_SELECTED,STATE_MACHINE,capacity-shadow,250,ARITH_A,ARITHMETIC,0,,1
2,C_WEAK_SELECTED,STATE_MACHINE,geometry-shadow,250,ARITH_A,ARITHMETIC,0,0.730869472026825,1
2,C_WEAK_SELECTED,STATE_MACHINE,incumbent,251,ARITH_A,ARITHMETIC,0,1.5360161066055298,1
2,C_WEAK_SELECTED,STATE_MACHINE,capacity-shadow,251,ARITH_A,ARITHMETIC,0,,1
2,C_WEAK_SELECTED,STATE_MACHINE,geometry-shadow,251,ARITH_A,ARITHMETIC,0,0.7361749410629272,1
2,C_WEAK_SELECTED,STATE_MACHINE,incumbent,252,ARITH_A,ARITHMETIC,0,1.5351446866989136,1
2,C_WEAK_SELECTED,STATE_MACHINE,capacity-shadow,252,ARITH_A,ARITHMETIC,0,,1
2,C_WEAK_SELECTED,STATE_MACHINE,geometry-shadow,252,ARITH_A,ARITHMETIC,0,0.7278947830200195,1
2,C_WEAK_SELECTED,STATE_MACHINE,incumbent,253,STATE_MACHINE,SELECTED,0,1.358365535736084,1
2,C_WEAK_SELECTED,STATE_MACHINE,capacity-shadow,253,STATE_MACHINE,SELECTED,0,,1
2,C_WEAK_SELECTED,STATE_MACHINE,geometry-shadow,253,STATE_MACHINE,SELECTED,0,0.7857457995414734,1
2,C_WEAK_SELECTED,STATE_MACHINE,incumbent,254,ARITH_A,ARITHMETIC,0,1.5436084270477295,1
2,C_WEAK_SELECTED,STATE_MACHINE,capacity-shadow,254,ARITH_A,ARITHMETIC,0,,1
2,C_WEAK_SELECTED,STATE_MACHINE,geometry-shadow,254,ARITH_A,ARITHMETIC,0,0.7174625992774963,1
2,C_WEAK_SELECTED,STATE_MACHINE,incumbent,255,ARITH_A,ARITHMETIC,0,1.5346726179122925,1
2,C_WEAK_SELECTED,STATE_MACHINE,capacity-shadow,255,ARITH_A,ARITHMETIC,0,,1
2,C_WEAK_SELECTED,STATE_MACHINE,geometry-shadow,255,ARITH_A,ARITHMETIC,0,0.7352720499038696,1
2,C_WEAK_SELECTED,STATE_MACHINE,incumbent,256,STATE_MACHINE,SELECTED,0,1.3565199375152588,1
2,C_WEAK_SELECTED,STATE_MACHINE,capacity-shadow,256,STATE_MACHINE,SELECTED,0,,1
2,C_WEAK_SELECTED,STATE_MACHINE,geometry-shadow,256,STATE_MACHINE,SELECTED,0,0.7895928025245667,1
