arm,step,cell_id,certificate_rank,parameter_dtype,machine_epsilon,basis_orthogonality_error,gradient_analytic_norm,gradient_analytic_violation_norm,gradient_analytic_rho,gradient_safe_ideal_violation_norm,gradient_safe_ideal_rho,gradient_float_commit_violation_norm,gradient_float_commit_rho,optimizer_raw_update_norm,optimizer_raw_violation_norm,optimizer_raw_rho,matched_safe_update_norm,matched_safe_ideal_violation_norm,matched_safe_ideal_rho,matched_safe_float_commit_norm,matched_safe_float_commit_violation_norm,matched_safe_float_commit_rho,roundoff_bound_norm,machine_floor_envelope_norm,committed_update_norm,committed_violation_norm,committed_rho,committed_excess_factor,eligible_for_ratio
adamw_no_decay_grad_projection,1,0,58,torch.float32,1.1920928955078125e-07,4.814231254404896e-06,1.6898202113185475e-06,7.158763965063399e-13,4.2364056939983555e-07,2.4369914802847943e-22,1.4421602156027335e-16,1.0169333807225706e-07,0.059455997174469345,0.007677176521141316,0.0018056324138850486,0.23519485437292212,0.00746181820488084,1.258877213448881e-18,1.6870917769417625e-16,0.007461817068992792,1.0105776101364067e-07,1.3543317945113013e-05,9.880452860055484e-06,9.880452860055484e-06,0.007677176521141316,0.0018056324138850486,0.23519485437292212,182.74794075328538,True
adamw_no_decay_grad_projection,1,1,60,torch.float32,1.1920928955078125e-07,3.342961442244951e-06,1.975999155927725e-06,5.785724279714085e-13,2.9279993679945204e-07,2.8633184214291077e-22,1.4490484031026377e-16,1.0749579989852907e-07,0.05391055708500394,0.007677691118438902,0.0018282033372400662,0.23811889655855198,0.007456850103620153,1.3224362872775705e-18,1.7734516168369186e-16,0.0074568494750791485,1.0741035539468372e-07,1.4404254203286523e-05,1.019639050555751e-05,1.019639050555751e-05,0.007677691118438902,0.0018282033372400662,0.23811889655855198,179.29907021936927,True
adamw_no_decay_grad_projection,1,2,60,torch.float32,1.1920928955078125e-07,3.920330339574255e-06,1.8821437530646159e-06,5.989789178187162e-13,3.1824291680347154e-07,2.7509847254149896e-22,1.4616230672794338e-16,9.877736811338514e-08,0.052041967851678014,0.007677533333078452,0.0018270005237042324,0.23796712361151834,0.00745698244378483,1.2814679983479474e-18,1.7184806428182118e-16,0.007456982610126155,9.900252050625593e-08,1.32764853671264e-05,9.403005936535536e-06,9.403005936535536e-06,0.007677533333078452,0.0018270005237042324,0.23796712361151834,194.29962461316669,True
adamw_no_decay_grad_projection,1,3,49,torch.float32,1.1920928955078125e-07,5.138758647397377e-06,1.7122383424116826e-06,7.818982493985917e-13,4.566526925785871e-07,2.247295878557731e-22,1.312490103096661e-16,8.955073136115781e-08,0.05174838832035919,0.007677251833942224,0.0016565884025373603,0.21577882794118425,0.007496393171809224,1.1270019668646671e-18,1.5033922861768333e-16,0.007496392720188207,8.957306004716413e-08,1.1948821705396896e-05,9.520496132257409e-06,9.520496132257409e-06,0.007677251833942224,0.0016565884025373603,0.21577882794118425,174.00231873678268,True
adamw_no_decay_grad_projection,1,4,60,torch.float32,1.1920928955078125e-07,8.425881056896194e-06,1.7982256805910066e-06,1.223942646421891e-12,6.806390652921989e-07,2.621892967275371e-22,1.4580444465759516e-16,1.1287146544999135e-07,0.06203808222355939,0.007677106084935058,0.0018437507489564688,0.240162208071411,0.007452418467522429,1.3227495053441704e-18,1.7749265035353294e-16,0.007452418328619511,1.139969958370772e-07,1.5296644768221707e-05,1.083056675372194e-05,1.083056675372194e-05,0.007677106084935058,0.0018437507489564688,0.240162208071411,170.2358510761093,True
adamw_no_decay_grad_projection,1,5,53,torch.float32,1.1920928955078125e-07,5.678672305444112e-06,3.4266948330285915e-06,1.1975117189594241e-12,3.4946552795337067e-07,4.484852648559843e-22,1.3087983806822684e-16,9.103429528943168e-08,0.02650669809839464,0.007678366847468177,0.0017614408600134515,0.22940306122443985,0.007473596426150765,1.1932907301411612e-18,1.5966753649765365e-16,0.00747359631409543,9.093352532011433e-08,1.2167304935725647e-05,9.198467058206017e-06,9.198467058206017e-06,0.007678366847468177,0.0017614408600134515,0.22940306122443985,191.49287037366273,True
adamw_no_decay_grad_projection,1,6,60,torch.float32,1.1920928955078125e-07,3.095485046437789e-06,2.1541211026043923e-06,6.021345975201704e-13,2.7952680877234474e-07,3.1225989131345015e-22,1.4495930193336458e-16,9.848815176639059e-08,0.045402211318071976,0.007677813429901052,0.001820797963723101,0.2371505872534033,0.007458787692357972,1.3080776543202109e-18,1.7537402970464278e-16,0.0074587882491827925,9.769967383040723e-08,1.3098598668639172e-05,9.356803659744306e-06,9.356803659744306e-06,0.007677813429901052,0.001820797963723101,0.2371505872534033,194.59614949031194,True
adamw_no_decay_grad_projection,1,7,53,torch.float32,1.1920928955078125e-07,7.079248571757639e-06,1.0540401318025114e-06,5.965705391768638e-13,5.659846538828365e-07,1.4131180483494432e-22,1.340668164060414e-16,9.771449906547277e-08,0.09023480566999832,0.007675459228020152,0.0017184096827746827,0.2238836311580458,0.007480624474142912,1.22184586583403e-18,1.6333474164588673e-16,0.007480624539494604,1.0007468785578075e-07,1.3377851986478906e-05,1.0060236399451848e-05,1.0060236399451848e-05,0.007675459228020152,0.0017184096827746827,0.2238836311580458,170.81205794212883,True
adamw_no_decay_grad_projection,2,0,58,torch.float32,1.1920928955078125e-07,4.814231254404896e-06,3.626718742732791e-06,1.5258385300908676e-12,4.2072149464259905e-07,5.1224031979734415e-22,1.4124070713335993e-16,1.0322954924460269e-07,0.02839438079999913,0.011837752045953352,0.0022081585288230357,0.18653529151912573,0.011629978908538865,1.8532449051969812e-18,1.5935066776744603e-16,0.011629978746235588,1.0211396596608792e-07,8.780236679206343e-06,9.884405438059852e-06,9.884405438059852e-06,0.011837752045953352,0.0022081585288230357,0.18653529151912573,223.39821475963873,True
adamw_no_decay_grad_projection,2,1,60,torch.float32,1.1920928955078125e-07,3.342961442244951e-06,4.329765296939271e-06,1.2909772062911333e-12,2.981633224331421e-07,6.366588673778532e-22,1.4704235073156004e-16,1.0587419916475051e-07,0.024401847907335884,0.011769739713775632,0.002189545524846926,0.1860317711430968,0.011564283952093623,1.908786197981162e-18,1.6505874517510365e-16,0.011564283661820171,1.0630732566089212e-07,9.192728989506626e-06,1.0200294966766541e-05,1.0200294966766541e-05,0.011769739713775632,0.002189545524846926,0.1860317711430968,214.6551185020294,True
adamw_no_decay_grad_projection,2,2,60,torch.float32,1.1920928955078125e-07,3.920330339574255e-06,4.069298229669233e-06,1.305251356573629e-12,3.207558853900282e-07,6.089322846891739e-22,1.4964061376713139e-16,9.777599663926217e-08,0.023977454623176245,0.011843601381249704,0.002209086718730091,0.18652153577436548,0.011635756509444078,1.8999786836136793e-18,1.6328793766624244e-16,0.01163575731486373,9.822161883063883e-08,8.44136021169578e-06,9.406942751026494e-06,9.406942751026494e-06,0.011843601381249704,0.002209086718730091,0.18652153577436548,234.83577791403414,True
adamw_no_decay_grad_projection,2,3,49,torch.float32,1.1920928955078125e-07,5.138758647397377e-06,2.9893364592023186e-06,1.248582033803386e-12,4.176786557296935e-07,3.9619796785403972e-22,1.325370941883861e-16,8.995794829853222e-08,0.029986125778539784,0.011225931878749745,0.0018739429995018615,0.16692983885366017,0.011068418323362545,1.6055503079528833e-18,1.4505688717637147e-16,0.011068418503609137,8.996335252568171e-08,8.127931962126919e-06,9.523890009804142e-06,9.523890009804142e-06,0.011225931878749745,0.0018739429995018615,0.16692983885366017,196.76235210326615,True
adamw_no_decay_grad_projection,2,4,60,torch.float32,1.1920928955078125e-07,8.425881056896194e-06,3.9358812728631305e-06,2.7404484760036755e-12,6.962731561285522e-07,5.73692872582651e-22,1.457596997496474e-16,1.1348596898544962e-07,0.028755874489308254,0.012508034893918907,0.002410941563548286,0.19275142610294646,0.012273479444910817,2.0653563184426738e-18,1.6827797917558507e-16,0.012273480882667527,1.1421572138597926e-07,9.305894756170878e-06,1.0835083769472472e-05,1.0835083769472472e-05,0.012508034893918907,0.002410941563548286,0.19275142610294646,222.51249873499293,True
adamw_no_decay_grad_projection,2,5,53,torch.float32,1.1920928955078125e-07,5.678672305444112e-06,5.705040683687099e-06,2.1434738805140108e-12,3.757157922892689e-07,7.733084600818724e-22,1.3554828141596124e-16,9.035516264501438e-08,0.01582636615352124,0.012248972335096506,0.0023147274081959687,0.18897319259703688,0.012028273371174516,1.8356042813817033e-18,1.526074628284295e-16,0.012028273366192034,8.964125732740663e-08,7.452545731074091e-06,9.202815355723064e-06,9.202815355723064e-06,0.012248972335096506,0.0023147274081959687,0.18897319259703688,251.52383468787968,True
adamw_no_decay_grad_projection,2,6,60,torch.float32,1.1920928955078125e-07,3.095485046437789e-06,4.2228012474891535e-06,1.1983446182521687e-12,2.8377954538227334e-07,6.138895239561227e-22,1.4537495088625392e-16,9.790533634403756e-08,0.023143675808137212,0.01189532164976236,0.0022427741656117772,0.18854254064299156,0.011681979335428118,1.909219062877207e-18,1.63432840279651e-16,0.011681979982632484,9.813599823633028e-08,8.400630576514288e-06,9.360819634321408e-06,9.360819634321408e-06,0.01189532164976236,0.0022427741656117772,0.18854254064299156,239.59164402534313,True
adamw_no_decay_grad_projection,2,7,53,torch.float32,1.1920928955078125e-07,7.079248571757639e-06,2.1945979012697123e-06,1.293562830057931e-12,5.894304507033037e-07,2.9802709577957485e-22,1.3580031932373548e-16,9.906468555986201e-08,0.04479968909228551,0.011422347684488214,0.001992933823488526,0.17447672567303935,0.011247143699647863,1.6955754665779072e-18,1.50756095223625e-16,0.011247143979006634,9.937183940007103e-08,8.835295394595609e-06,1.006379303252028e-05,1.006379303252028e-05,0.011422347684488214,0.001992933823488526,0.17447672567303935,198.0300883621645,True
adamw_no_decay_grad_projection,3,0,58,torch.float32,1.1920928955078125e-07,4.814231254404896e-06,4.848243254591781e-06,1.9009409314082113e-12,3.920886043842429e-07,6.930030282789463e-22,1.4293899705272728e-16,1.0154375209157059e-07,0.020916039546012923,0.015467360807644744,0.0024669580773532497,0.15949444174949068,0.015269360438421978,2.3632188053805034e-18,1.5476868300482216e-16,0.01526936169114802,1.0083423413775899e-07,6.603696747599789e-06,9.887872080142348e-06,9.887872080142348e-06,0.015467360807644744,0.0024669580773532497,0.15949444174949068,249.49332448460788,True
adamw_no_decay_grad_projection,3,1,60,torch.float32,1.1920928955078125e-07,3.342961442244951e-06,7.053543175667847e-06,2.038317199009387e-12,2.8897777304898884e-07,1.0157737382446332e-21,1.4400900553763174e-16,1.0668535945282007e-07,0.015113452410140633,0.015380736451577292,0.00246960068301261,0.16056452763413373,0.015181176708652792,2.433919850851082e-18,1.6032484816963e-16,0.015181176074869119,1.063707921675988e-07,7.006755711349976e-06,1.0203660864365653e-05,1.0203660864365653e-05,0.015380736451577292,0.00246960068301261,0.16056452763413373,242.03084714793113,True
adamw_no_decay_grad_projection,3,2,60,torch.float32,1.1920928955078125e-07,3.920330339574255e-06,5.095178307162435e-06,1.641067862156945e-12,3.2208251865298803e-07,7.54381615708622e-22,1.4805794228009759e-16,9.873990573121565e-08,0.019357284738178895,0.015244286200206491,0.0024185415010701747,0.15865232844010854,0.015051209876996841,2.3975650652150744e-18,1.5929384314010106e-16,0.015051210058340335,9.882994852695994e-08,6.5662460455925436e-06,9.410119666870092e-06,9.410119666870092e-06,0.015244286200206491,0.0024185415010701747,0.15865232844010854,257.01495694949097,True
adamw_no_decay_grad_projection,3,3,49,torch.float32,1.1920928955078125e-07,5.138758647397377e-06,4.391923634006342e-06,1.996657230478986e-12,4.546202067401664e-07,5.696241597263293e-22,1.296981020607531e-16,8.972040270422102e-08,0.02039980622552758,0.014336358817394118,0.0020369132954298915,0.1420802395764907,0.014190918517417222,2.0162413725051447e-18,1.4207969484360797e-16,0.01419091863902803,9.092237394206275e-08,6.4070816171130016e-06,9.52684857646919e-06,9.52684857646919e-06,0.014336358817394118,0.0020369132954298915,0.1420802395764907,213.80766987951915,True
adamw_no_decay_grad_projection,3,4,60,torch.float32,1.1920928955078125e-07,8.425881056896194e-06,5.716879405997156e-06,3.6798791070555406e-12,6.436866768949597e-07,8.3644824310616075e-22,1.4631203209024803e-16,1.1390489526468324e-07,0.019895795894328695,0.016903493636156713,0.002937379671509841,0.1737735248544574,0.016646317844285902,2.7392610144184883e-18,1.6455657281341536e-16,0.016646317345664973,1.12683456073352e-07,6.769272370185648e-06,1.0839060897593338e-05,1.0839060897593338e-05,0.016903493636156713,0.002937379671509841,0.1737735248544574,270.9994619701828,True
adamw_no_decay_grad_projection,3,5,53,torch.float32,1.1920928955078125e-07,5.678672305444112e-06,1.0738922138567538e-05,3.87842898781238e-12,3.611562629626927e-07,1.4073671638992001e-21,1.3105292558597694e-16,9.076190627487345e-08,0.008449215187225719,0.016967921421022148,0.0029416123835648497,0.17336315454174508,0.016710992607707063,2.500060031734167e-18,1.4960571705244764e-16,0.016710992188842977,9.132756946962714e-08,5.4651195116111425e-06,9.207284993054048e-06,9.207284993054048e-06,0.016967921421022148,0.0029416123835648497,0.17336315454174508,319.487491240251,True
adamw_no_decay_grad_projection,3,6,60,torch.float32,1.1920928955078125e-07,3.095485046437789e-06,6.4161876937294044e-06,1.777811221642734e-12,2.7708217192277657e-07,9.241662301443585e-22,1.4403665763200626e-16,9.747322201413985e-08,0.015180322545901882,0.01542252212762325,0.002476078799000029,0.1605495377805378,0.01522245783565096,2.4358778070317803e-18,1.6001869299496173e-16,0.015222457427676101,9.779212757289958e-08,6.4242010882620525e-06,9.364198940208208e-06,9.364198940208208e-06,0.01542252212762325,0.002476078799000029,0.1605495377805378,264.4197132942345,True
adamw_no_decay_grad_projection,3,7,53,torch.float32,1.1920928955078125e-07,7.079248571757639e-06,3.2312876592249306e-06,1.9010494179886995e-12,5.88325651713934e-07,4.415055772055105e-22,1.3663456298765062e-16,9.917831904714202e-08,0.030589637426982157,0.014778872592717582,0.0021849028783528022,0.1478396179847597,0.01461647271142886,2.161833681314939e-18,1.4790392483848485e-16,0.014616473066206226,9.828365871047155e-08,6.72417061662479e-06,1.0066892818920435e-05,1.0066892818920435e-05,0.014778872592717582,0.0021849028783528022,0.1478396179847597,217.03845641888032,True
adamw_no_decay_grad_projection,4,0,58,torch.float32,1.1920928955078125e-07,4.814231254404896e-06,6.2586229829811134e-06,2.533562095369436e-12,4.0481142613301294e-07,9.019171885675492e-22,1.4410792773748785e-16,1.013660137816215e-07,0.016182750208408116,0.018898107975770153,0.0027233885142320573,0.1441090567227046,0.018700845971891658,2.8724069713871567e-18,1.535977022485792e-16,0.018700846371127105,1.020602672241144e-07,5.457521290677455e-06,9.89111108484846e-06,9.89111108484846e-06,0.018898107975770153,0.0027233885142320573,0.1441090567227046,275.3369657736264,True
adamw_no_decay_grad_projection,4,1,60,torch.float32,1.1920928955078125e-07,3.342961442244951e-06,8.788425017598055e-06,2.495247261645206e-12,2.839242818421607e-07,1.2648635758747293e-21,1.4392380584029578e-16,1.0669030502828577e-07,0.012131180076454496,0.019062752649624478,0.002761901926523184,0.1448847381743471,0.018861612771155934,2.9523562802876685e-18,1.565272448389223e-16,0.018861611979779674,1.0699517041668254e-07,5.672641899928023e-06,1.020702979105902e-05,1.020702979105902e-05,0.019062752649624478,0.002761901926523184,0.1448847381743471,270.58821058232905,True
adamw_no_decay_grad_projection,4,2,60,torch.float32,1.1920928955078125e-07,3.920330339574255e-06,7.895889547092463e-06,2.5880848807841243e-12,3.2777622652246264e-07,1.1791085669023125e-21,1.493319479546879e-16,9.887457137637852e-08,0.01251460838333152,0.019224298409775534,0.00278653366681759,0.14494852334380334,0.019021274391370052,3.0048006558950246e-18,1.5797052258802922e-16,0.019021273635845312,9.800245713917024e-08,5.1522552598415935e-06,9.41379545305734e-06,9.41379545305734e-06,0.019224298409775534,0.00278653366681759,0.14494852334380334,296.00533394982585,True
adamw_no_decay_grad_projection,4,3,49,torch.float32,1.1920928955078125e-07,5.138758647397377e-06,6.125761969848595e-06,2.763964561111844e-12,4.512033890177679e-07,8.007218537541803e-22,1.3071383734716883e-16,9.027556274762443e-08,0.014724933756774448,0.017553318969246196,0.0022272359023901315,0.12688403294512554,0.017411445289556026,2.4261737375038735e-18,1.3934361548717466e-16,0.017411445680693777,9.032371853460309e-08,5.187605911136728e-06,9.529893750571572e-06,9.529893750571572e-06,0.017553318969246196,0.0022272359023901315,0.12688403294512554,233.7104652668923,True
adamw_no_decay_grad_projection,4,4,60,torch.float32,1.1920928955078125e-07,8.425881056896194e-06,6.895653158545572e-06,5.242244872086037e-12,7.602245576388197e-07,9.910901546449732e-22,1.4372679887720743e-16,1.138516607325763e-07,0.01649784244625038,0.02145171694294936,0.0035213399029370603,0.16415189107249692,0.02116072600570226,3.409440535827275e-18,1.611211512737569e-16,0.021160725648178082,1.1414451951946889e-07,5.394168490119649e-06,1.0843062307098731e-05,1.0843062307098731e-05,0.02145171694294936,0.0035213399029370603,0.16415189107249692,324.7551109829657,True
adamw_no_decay_grad_projection,4,5,53,torch.float32,1.1920928955078125e-07,5.678672305444112e-06,1.0185736087443932e-05,4.294606080012192e-12,4.216294279709642e-07,1.3606204898365512e-21,1.3358096834198597e-16,9.044219346283034e-08,0.00887718010713377,0.02025230920597797,0.003218451480528847,0.15891775341741482,0.019994939315787427,2.959903447089778e-18,1.4803262967408577e-16,0.019994939300183777,9.002780628158175e-08,4.50252961161799e-06,9.210452623760956e-06,9.210452623760956e-06,0.02025230920597797,0.003218451480528847,0.15891775341741482,349.43467080281647,True
adamw_no_decay_grad_projection,4,6,60,torch.float32,1.1920928955078125e-07,3.095485046437789e-06,8.916490992073934e-06,2.533713773723259e-12,2.8416041422298676e-07,1.2901444414381849e-21,1.4469194693126194e-16,9.847995232503124e-08,0.011039550568383672,0.01946165340650826,0.002842155226266975,0.14603873406339243,0.019253002544664503,3.050714394650515e-18,1.5845395478306556e-16,0.0192530023099865,9.840422630488343e-08,5.111110709930228e-06,9.36797603504213e-06,9.36797603504213e-06,0.01946165340650826,0.002842155226266975,0.14603873406339243,303.39053127756995,True
adamw_no_decay_grad_projection,4,7,53,torch.float32,1.1920928955078125e-07,7.079248571757639e-06,4.213028919672597e-06,2.4431927670505974e-12,5.799135998431415e-07,5.632805617585667e-22,1.3369966655781586e-16,9.997211194155933e-08,0.02368352372737325,0.018355622019944444,0.002442531373032715,0.1330672079855841,0.018192385776220232,2.6366542987347883e-18,1.4493174953343566e-16,0.018192385508422105,9.918962868848301e-08,5.452260707786975e-06,1.0070171206053122e-05,1.0070171206053122e-05,0.018355622019944444,0.002442531373032715,0.1330672079855841,242.5511267936064,True
adamw_no_decay_grad_projection,5,0,58,torch.float32,1.1920928955078125e-07,4.814231254404896e-06,9.651024941828382e-06,3.8955238028276645e-12,4.03638352020429e-07,1.3845308134977759e-21,1.4345945864228488e-16,1.0173224073306585e-07,0.010536192905054111,0.023086151027356897,0.003160992747969706,0.13692160049650356,0.02286872305366469,3.462333712170886e-18,1.5140039538045175e-16,0.022868724241736915,1.0160918248154468e-07,4.443150453320929e-06,9.895014684743336e-06,9.895014684743336e-06,0.023086151027356897,0.003160992747969706,0.13692160049650356,319.4530628482537,True
adamw_no_decay_grad_projection,5,1,60,torch.float32,1.1920928955078125e-07,3.342961442244951e-06,1.1829406588814203e-05,3.52087873361053e-12,2.9763781531863534e-07,1.697942407357011e-21,1.435357213068192e-16,1.0657360280715802e-07,0.009007183466580101,0.023165026175689562,0.003159823210083349,0.13640490565900643,0.022948506596321274,3.571320003832172e-18,1.5562319878386629e-16,0.022948505933989484,1.0714979937702779e-07,4.669140539486107e-06,1.0210740152989632e-05,1.0210740152989632e-05,0.023165026175689562,0.003159823210083349,0.13640490565900643,309.46074062595505,True
adamw_no_decay_grad_projection,5,2,60,torch.float32,1.1920928955078125e-07,3.920330339574255e-06,1.0536864133969554e-05,3.3700589817049537e-12,3.1983509883555373e-07,1.5605581676239482e-21,1.4810461137037733e-16,9.859197891060756e-08,0.009354231088941123,0.023312417654905562,0.003194396636903343,0.1370255408164908,0.023092523617891856,3.646246427927123e-18,1.5789726962115338e-16,0.023092522881864478,9.89238456000228e-08,4.283804160597447e-06,9.417504979833436e-06,9.417504979833436e-06,0.023312417654905562,0.003194396636903343,0.1370255408164908,339.1977645611865,True
adamw_no_decay_grad_projection,5,3,49,torch.float32,1.1920928955078125e-07,5.138758647397377e-06,8.30686659840838e-06,3.741316261682601e-12,4.5038838861327666e-07,1.0825788786319458e-21,1.303233735376804e-16,9.002818810476339e-08,0.010834103719070749,0.020811306977632768,0.002436535811328085,0.11707750089635335,0.020668183068605288,2.8514996415122537e-18,1.3796566597301173e-16,0.020668182075288286,8.967582662631642e-08,4.338834750906151e-06,9.532946180986008e-06,9.532946180986008e-06,0.020811306977632768,0.002436535811328085,0.11707750089635335,255.59105916153092,True
adamw_no_decay_grad_projection,5,4,60,torch.float32,1.1920928955078125e-07,8.425881056896194e-06,1.1560245571579538e-05,7.88819629740568e-12,6.823554264970405e-07,1.7262573016258943e-21,1.4932704421697057e-16,1.1532784204081748e-07,0.009974135136016977,0.02642822397933592,0.004239681691143166,0.1604224973444356,0.026085937243268287,4.209326753463391e-18,1.613638304120986e-16,0.02608593739428907,1.133046769611661e-07,4.3435156363586e-06,1.0847492923326406e-05,1.0847492923326406e-05,0.02642822397933592,0.004239681691143166,0.1604224973444356,390.84438414577534,True
adamw_no_decay_grad_projection,5,5,53,torch.float32,1.1920928955078125e-07,5.678672305444112e-06,1.820963808429222e-05,6.2900858577743325e-12,3.454261874210565e-07,2.3699199051672612e-21,1.3014645838632642e-16,9.032446604655075e-08,0.004959856773028541,0.025219398035766387,0.003951082915289856,0.15666840698126075,0.024907970232094827,3.6425712466975956e-18,1.4624119158469243e-16,0.024907969941491716,9.070690618887896e-08,3.641682015914887e-06,9.215218205069794e-06,9.215218205069794e-06,0.025219398035766387,0.003951082915289856,0.15666840698126075,428.7563058589486,True
adamw_no_decay_grad_projection,5,6,60,torch.float32,1.1920928955078125e-07,3.095485046437789e-06,1.107264676155955e-05,3.128196376501908e-12,2.825156842681858e-07,1.6278953189083212e-21,1.4701952965391105e-16,9.802897731547146e-08,0.008851085945215314,0.023357028014613673,0.003210100983341446,0.13743619185338984,0.023135384357131354,3.620201943767293e-18,1.5647900583295846e-16,0.023135384956662158,9.688482823763433e-08,4.187733569989074e-06,9.37162602953062e-06,9.37162602953062e-06,0.023357028014613673,0.003210100983341446,0.13743619185338984,342.53404619712774,True
adamw_no_decay_grad_projection,5,7,53,torch.float32,1.1920928955078125e-07,7.079248571757639e-06,5.790244211824439e-06,3.3405795007982026e-12,5.769324019142925e-07,7.694657488172629e-22,1.3289003376507695e-16,9.829394949244359e-08,0.01695951303013131,0.02199426045986261,0.0027120517958297845,0.12330725103392386,0.021826412170418946,3.14501055159328e-18,1.4409196193296817e-16,0.021826412794177314,1.0034683283875483e-07,4.597495419198001e-06,1.007350682240304e-05,1.007350682240304e-05,0.02199426045986261,0.0027120517958297845,0.12330725103392386,269.2261834576118,True
adamw_no_decay_grad_projection,6,0,58,torch.float32,1.1920928955078125e-07,4.814231254404896e-06,1.0167255675195099e-05,4.1793468737067966e-12,4.110594842129412e-07,1.4522861850751362e-21,1.428395460358472e-16,1.0221233435357609e-07,0.010049970131831546,0.026624035130524453,0.0034435363272723066,0.12933938489753166,0.026400403485442342,3.972172095447281e-18,1.5045876467901744e-16,0.026400403604313984,1.0092766579882378e-07,3.822959198333301e-06,9.8983846486793e-06,9.8983846486793e-06,0.026624035130524453,0.0034435363272723066,0.12933938489753166,347.88871613832094,True
adamw_no_decay_grad_projection,6,1,60,torch.float32,1.1920928955078125e-07,3.342961442244951e-06,1.2240892201951021e-05,3.4958086197147984e-12,2.855844624755062e-07,1.771252971437037e-21,1.4469966259116286e-16,1.0642119996476247e-07,0.00869132401116572,0.026908493965877196,0.003464522236459759,0.12875199336139503,0.026684529847548846,4.121952053745004e-18,1.544697274898262e-16,0.026684529124380702,1.0673322786627309e-07,3.99981679904386e-06,1.0214087955686167e-05,1.0214087955686167e-05,0.026908493965877196,0.003464522236459759,0.12875199336139503,339.1905622401719,True
adamw_no_decay_grad_projection,6,2,60,torch.float32,1.1920928955078125e-07,3.920330339574255e-06,1.029301821910268e-05,3.076156839325875e-12,2.988585829583858e-07,1.5112380721960624e-21,1.4682166494094438e-16,9.814302920134559e-08,0.009532057390631657,0.026689071078864184,0.0034580927651051085,0.12956961877341877,0.026464090943778745,4.145958305101005e-18,1.566635450999933e-16,0.026464090304531753,9.830134350964359e-08,3.7145181405616014e-06,9.420544908231819e-06,9.420544908231819e-06,0.026689071078864184,0.0034580927651051085,0.12956961877341877,367.07990873047834,True
adamw_no_decay_grad_projection,6,3,49,torch.float32,1.1920928955078125e-07,5.138758647397377e-06,9.756571561945301e-06,4.141171417925623e-12,4.244494484187375e-07,1.274769244043417e-21,1.3065749950686196e-16,9.02152341130337e-08,0.009242783513936167,0.023904913586907883,0.002613342505123765,0.10932239916378643,0.02376163577173185,3.2702837852138187e-18,1.3762873131421065e-16,0.023761636262835856,8.828705755349488e-08,3.7155293758780134e-06,9.535866147514845e-06,9.535866147514845e-06,0.023904913586907883,0.002613342505123765,0.10932239916378643,274.05402558055323,True
adamw_no_decay_grad_projection,6,4,60,torch.float32,1.1920928955078125e-07,8.425881056896194e-06,9.788843435793835e-06,7.146167063826055e-12,7.30031807199553e-07,1.426332870438872e-21,1.4571005040531456e-16,1.12448403316378e-07,0.011483372750004826,0.030569537467037746,0.004719753164299665,0.1543939998892309,0.030202989107316974,4.89056342793094e-18,1.619231596764756e-16,0.030202989288193607,1.1223042083936299e-07,3.7158712923569464e-06,1.0851210758140938e-05,1.0851210758140938e-05,0.030569537467037746,0.004719753164299665,0.1543939998892309,434.95175510794957,True
adamw_no_decay_grad_projection,6,5,53,torch.float32,1.1920928955078125e-07,5.678672305444112e-06,1.456356704654873e-05,6.25462550701447e-12,4.2947071188144735e-07,1.9633419993623458e-21,1.3481189004638797e-16,9.030441511277073e-08,0.006199911123734711,0.02893204937691662,0.004308103387652964,0.14890419035058663,0.028609504126245088,4.130832836619781e-18,1.4438673310769963e-16,0.028609503354227742,8.987569076731463e-08,3.141462808861844e-06,9.218854039184964e-06,9.218854039184964e-06,0.02893204937691662,0.004308103387652964,0.14890419035058663,467.31441558151,True
adamw_no_decay_grad_projection,6,6,60,torch.float32,1.1920928955078125e-07,3.095485046437789e-06,1.3104167444307382e-05,3.5930697016873297e-12,2.741929021403191e-07,1.905310783748053e-21,1.4539731668155814e-16,9.80078492976869e-08,0.0074775285505163025,0.0271737625503283,0.0035420253410021335,0.13034725443125433,0.026941926947145478,4.118843828206859e-18,1.5287859091471756e-16,0.026941926760859377,9.744567223211855e-08,3.61687837314165e-06,9.375246950089088e-06,9.375246950089088e-06,0.0271737625503283,0.0035420253410021335,0.13034725443125433,377.80608445396473,True
adamw_no_decay_grad_projection,6,7,53,torch.float32,1.1920928955078125e-07,7.079248571757639e-06,5.671178402905103e-06,3.21812617678987e-12,5.674528198833175e-07,7.702753603456675e-22,1.358228053540358e-16,9.942229994432907e-08,0.01751119786432074,0.024838153014530736,0.0028626310564653875,0.11525136570302552,0.02467264048714288,3.538516109026833e-18,1.434186223752899e-16,0.024672640183499097,1.0041939571392908e-07,4.070070935541342e-06,1.0076184230003579e-05,1.0076184230003579e-05,0.024838153014530736,0.0028626310564653875,0.11525136570302552,284.09872141295403,True
adamw_no_decay_grad_projection,7,0,58,torch.float32,1.1920928955078125e-07,4.814231254404896e-06,1.1819560493799664e-05,4.794247754592189e-12,4.056197992393345e-07,1.6878424443045976e-21,1.4280077886061408e-16,1.0206309901872744e-07,0.008633463689190475,0.030544351517506934,0.003832677081167645,0.1254790784794004,0.03030293708564436,4.537239194306358e-18,1.4972935400561614e-16,0.03030293711463286,1.0093407625478024e-07,3.3308347594478093e-06,9.902161182913483e-06,9.902161182913483e-06,0.030544351517506934,0.003832677081167645,0.1254790784794004,387.0546045827915,True
adamw_no_decay_grad_projection,7,1,60,torch.float32,1.1920928955078125e-07,3.342961442244951e-06,1.6238184434048443e-05,4.622956605580088e-12,2.8469664354141774e-07,2.3453192321334868e-21,1.4443235582519217e-16,1.0666167815144879e-07,0.006567565239587009,0.030310918874531304,0.0037451066816498683,0.12355635595055113,0.030078663184414958,4.626527845619564e-18,1.5381427749145336e-16,0.03007866393701933,1.0721086388157214e-07,3.5643492711663408e-06,1.0217010029344978e-05,1.0217010029344978e-05,0.030310918874531304,0.0037451066816498683,0.12355635595055113,366.55603458284656,True
adamw_no_decay_grad_projection,7,2,60,torch.float32,1.1920928955078125e-07,3.920330339574255e-06,1.2423472647947483e-05,4.0382392918494885e-12,3.250491554401786e-07,1.843718356234979e-21,1.4840603818930464e-16,9.847807586608043e-08,0.007925252783314638,0.030132062185573634,0.00371803068215211,0.123391179111936,0.02990179625711225,4.712416887568049e-18,1.575964482885266e-16,0.02990179682337596,9.702018280523295e-08,3.244627183386741e-06,9.423658569426343e-06,9.423658569426343e-06,0.030132062185573634,0.00371803068215211,0.123391179111936,394.5421679659222,True
adamw_no_decay_grad_projection,7,3,49,torch.float32,1.1920928955078125e-07,5.138758647397377e-06,1.0322534264385859e-05,4.416018577581317e-12,4.2780372188418683e-07,1.3464812866804928e-21,1.3044096073637255e-16,9.023579374413027e-08,0.008738885964543646,0.027073524944814843,0.002813382610096321,0.10391637645378511,0.026926949905749058,3.7059953030680595e-18,1.3763145532783897e-16,0.02692695000703758,9.039510545273816e-08,3.3570495518100884e-06,9.53886511307182e-06,9.53886511307182e-06,0.027073524944814843,0.002813382610096321,0.10391637645378511,294.9389237343269,True
adamw_no_decay_grad_projection,7,4,60,torch.float32,1.1920928955078125e-07,8.425881056896194e-06,1.1218173280099406e-05,8.418275242622671e-12,7.504140854693658e-07,1.601474255811133e-21,1.4275713307553697e-16,1.1191577931154324e-07,0.009973305646756749,0.034649970432185824,0.005146524196548063,0.14852896358513298,0.03426563496632883,5.472040248381081e-18,1.596946986027893e-16,0.034265634444893216,1.1261431863316005e-07,3.2865090770249417e-06,1.0854923076695494e-05,1.0854923076695494e-05,0.034649970432185824,0.005146524196548063,0.14852896358513298,474.11890072230636,True
adamw_no_decay_grad_projection,7,5,53,torch.float32,1.1920928955078125e-07,5.678672305444112e-06,2.314448765421776e-05,1.0173645538529766e-11,4.395709980936113e-07,3.1337929804711032e-21,1.3540126821084832e-16,9.080802339775592e-08,0.003923270229209047,0.03236795108571327,0.0046704426099012,0.14429219191333564,0.03202922451940955,4.651212745062058e-18,1.452177757923376e-16,0.03202922451966967,8.985553284356218e-08,2.805423302970711e-06,9.22231922460869e-06,9.22231922460869e-06,0.03236795108571327,0.0046704426099012,0.14429219191333564,506.42820923381885,True
adamw_no_decay_grad_projection,7,6,60,torch.float32,1.1920928955078125e-07,3.095485046437789e-06,1.3627164327589464e-05,3.8347123368158155e-12,2.8140207636977586e-07,1.9827808437856527e-21,1.4550208657654527e-16,9.752140603134344e-08,0.0071554549776057744,0.030848338804981248,0.0038663061340920455,0.1253327175422403,0.03060509245051212,4.735818068843306e-18,1.5473954461993664e-16,0.030605091197696093,9.859293235374114e-08,3.2214552708525524e-06,9.378808359655747e-06,9.378808359655747e-06,0.030848338804981248,0.0038663061340920455,0.1253327175422403,412.2385260289037,True
adamw_no_decay_grad_projection,7,7,53,torch.float32,1.1920928955078125e-07,7.079248571757639e-06,6.972109898959059e-06,3.993120750854063e-12,5.727277407733115e-07,9.365790530024943e-22,1.3433222748575435e-16,9.859921583580033e-08,0.01413161921411239,0.02818583966720946,0.003094173794521032,0.10977759864719229,0.028015489399168765,3.961735211804136e-18,1.4141231500034702e-16,0.02801548931406873,9.939045059509178e-08,3.547696400404479e-06,1.007936718997369e-05,1.007936718997369e-05,0.02818583966720946,0.003094173794521032,0.10977759864719229,306.980957852088,True
adamw_no_decay_grad_projection,8,0,58,torch.float32,1.1920928955078125e-07,4.814231254404896e-06,1.2535305173980097e-05,5.028051563991596e-12,4.0111122100389477e-07,1.802713754910207e-21,1.4381091883205987e-16,1.012906183869879e-07,0.008078605721082877,0.033630332920788174,0.004035207437947358,0.119987139213036,0.033387368768679315,4.989960520370501e-18,1.4945653713962576e-16,0.033387369234664496,1.0262250100918956e-07,3.0736923381984097e-06,9.905235487414763e-06,9.905235487414763e-06,0.033630332920788174,0.004035207437947358,0.119987139213036,407.3812725678605,True
adamw_no_decay_grad_projection,8,1,60,torch.float32,1.1920928955078125e-07,3.342961442244951e-06,1.4489460752006784e-05,3.980763137090007e-12,2.747350784975675e-07,2.0933825186699023e-21,1.444762199573265e-16,1.0680591111823082e-07,0.0073704239824074445,0.03348810898506796,0.003984444762962322,0.1189808825795135,0.03325022771841859,5.0629617661285175e-18,1.5226848396361348e-16,0.0332502272690253,1.0678905723401057e-07,3.2116790171082937e-06,1.0219678266426585e-05,1.0219678266426585e-05,0.03348810898506796,0.003984444762962322,0.1189808825795135,389.8796673523387,True
adamw_no_decay_grad_projection,8,2,60,torch.float32,1.1920928955078125e-07,3.920330339574255e-06,1.5708874854897333e-05,5.157595504758104e-12,3.2832367387217384e-07,2.300645561497867e-21,1.4645514607182394e-16,9.82090929607147e-08,0.006251446949449481,0.03366367824037764,0.003997496126017047,0.11874804938048278,0.03342548813995322,5.223602849021807e-18,1.5627603782928982e-16,0.0334254881049544,9.900751167191739e-08,2.9620363765830026e-06,9.42682737020046e-06,9.42682737020046e-06,0.03366367824037764,0.003997496126017047,0.11874804938048278,424.05530185624275,True
adamw_no_decay_grad_projection,8,3,49,torch.float32,1.1920928955078125e-07,5.138758647397377e-06,1.2949419132857208e-05,5.82449713685878e-12,4.497882937528829e-07,1.7051740806684318e-21,1.316795806185608e-16,9.007664139866825e-08,0.006954182097364498,0.03004135891077804,0.002960185209355268,0.09853699422009943,0.029895159285952926,4.042995247776014e-18,1.3523912714777633e-16,0.02989515853686079,8.985671010860925e-08,3.005727833749928e-06,9.541744893435727e-06,9.541744893435727e-06,0.03004135891077804,0.002960185209355268,0.09853699422009943,310.2352077544786,True
adamw_no_decay_grad_projection,8,4,60,torch.float32,1.1920928955078125e-07,8.425881056896194e-06,1.705331378597149e-05,1.1554425556742227e-11,6.775472322714899e-07,2.4456944344195757e-21,1.4341461519531943e-16,1.1354930236017873e-07,0.0066577598802507465,0.039942002290651944,0.0058819591257895185,0.14726250033704835,0.03950653241970227,6.295964245560532e-18,1.5936514444433188e-16,0.03950653341936204,1.1320261297058354e-07,2.8654149876664006e-06,1.0859723943346631e-05,1.0859723943346631e-05,0.039942002290651944,0.0058819591257895185,0.14726250033704835,541.6306304354252,True
adamw_no_decay_grad_projection,8,5,53,torch.float32,1.1920928955078125e-07,5.678672305444112e-06,2.161046237054449e-05,8.985306192525214e-12,4.157850044325e-07,2.9554179074757255e-21,1.3675866146687711e-16,9.067986448303337e-08,0.004195778116259463,0.0364318188325998,0.005128618691617965,0.14077306200888304,0.036069026792628606,5.250169592534525e-18,1.455589479228061e-16,0.03606902708959596,9.062014802050129e-08,2.512408992773761e-06,9.226392375913276e-06,9.226392375913276e-06,0.0364318188325998,0.005128618691617965,0.14077306200888304,555.8639262954939,True
adamw_no_decay_grad_projection,8,6,60,torch.float32,1.1920928955078125e-07,3.095485046437789e-06,1.6664668787393258e-05,4.480701190581517e-12,2.688743021386147e-07,2.420606480540803e-21,1.4525380080593427e-16,9.709054271626129e-08,0.005825297673159319,0.03446724364619163,0.004152186191946492,0.120467602067892,0.0342162276470295,5.315085337889246e-18,1.553381451841807e-16,0.0342162288808472,9.850616409148493e-08,2.8789310603023383e-06,9.382460761105511e-06,9.382460761105511e-06,0.03446724364619163,0.004152186191946492,0.120467602067892,442.5476746099656,True
adamw_no_decay_grad_projection,8,7,53,torch.float32,1.1920928955078125e-07,7.079248571757639e-06,7.933514418349894e-06,4.475132716587187e-12,5.64079483644271e-07,1.0682095267557686e-21,1.3464518628531305e-16,9.916540095425824e-08,0.012491682312891167,0.03136618218554393,0.00330119033267455,0.10524680093824124,0.03119197857277075,4.4390673090786675e-18,1.4231438697363627e-16,0.031191978437811015,9.860759432543578e-08,3.1613125958661007e-06,1.0082482249606325e-05,1.0082482249606325e-05,0.03136618218554393,0.00330119033267455,0.10524680093824124,327.41841254453453,True
adamw_no_decay_grad_projection,9,0,58,torch.float32,1.1920928955078125e-07,4.814231254404896e-06,1.5344159824441846e-05,6.198159795218197e-12,4.0394259875637464e-07,2.195671663967699e-21,1.4309494225095165e-16,1.0221761517594267e-07,0.006660617320080924,0.03741048944111841,0.004414700665430034,0.11800702774494504,0.03714909337061517,5.545441101303605e-18,1.4927527425716488e-16,0.03714909259378836,1.0086679654783934e-07,2.71518870328222e-06,9.908910418490063e-06,9.908910418490063e-06,0.03741048944111841,0.004414700665430034,0.11800702774494504,445.52836578199214,True
adamw_no_decay_grad_projection,9,1,60,torch.float32,1.1920928955078125e-07,3.342961442244951e-06,1.9600526874114702e-05,5.7745149183579895e-12,2.946101885650871e-07,2.84065047648151e-21,1.4492725092166366e-16,1.0630162793382807e-07,0.005423221968245679,0.03738758087219005,0.00436579279301229,0.11677120292796721,0.03713180653783267,5.671827507879475e-18,1.5274849345400397e-16,0.0371318072341784,1.0637733994117207e-07,2.864857594199073e-06,1.0223037828186227e-05,1.0223037828186227e-05,0.03738758087219005,0.00436579279301229,0.11677120292796721,427.05435178721916,True
adamw_no_decay_grad_projection,9,2,60,torch.float32,1.1920928955078125e-07,3.920330339574255e-06,1.6679736544650494e-05,5.565063631998798e-12,3.336421781663943e-07,2.4465738371274074e-21,1.4667940531184266e-16,9.92328857120489e-08,0.005948830539472551,0.03739824243704891,0.004317856195365882,0.11545612611699523,0.03714814470813349,5.824507533764586e-18,1.567913439426579e-16,0.03714814337025919,9.848400368519967e-08,2.651115096213556e-06,9.430171029732477e-06,9.430171029732477e-06,0.03739824243704891,0.004317856195365882,0.11545612611699523,457.87676403238834,True
adamw_no_decay_grad_projection,9,3,49,torch.float32,1.1920928955078125e-07,5.138758647397377e-06,1.3157119449621919e-05,5.7858448459731174e-12,4.397501191751648e-07,1.721482952983304e-21,1.3084041378319618e-16,8.991961097471221e-08,0.0068331682682282735,0.03278898370307207,0.0030920907914924675,0.09430273348797825,0.03264286180495658,4.4328105744845536e-18,1.3579724109273603e-16,0.03264286136622816,9.003271788793477e-08,2.7581135390625203e-06,9.544516369832017e-06,9.544516369832017e-06,0.03278898370307207,0.0030920907914924675,0.09430273348797825,323.96516195056705,True
adamw_no_decay_grad_projection,9,4,60,torch.float32,1.1920928955078125e-07,8.425881056896194e-06,2.1570736204625598e-05,1.5557241795608802e-11,7.21219788143936e-07,3.1166575004119884e-21,1.444854487509085e-16,1.1347464603008817e-07,0.005260070361091529,0.04514807497248232,0.006638539877701959,0.1470392676043915,0.044657344995118614,7.167487530142642e-18,1.6049963406750006e-16,0.04465734464773357,1.1269862562184167e-07,2.5236302451664307e-06,1.0864514972889569e-05,1.0864514972889569e-05,0.04514807497248232,0.006638539877701959,0.1470392676043915,611.029566829926,True
adamw_no_decay_grad_projection,9,5,53,torch.float32,1.1920928955078125e-07,5.678672305444112e-06,2.767110611965224e-05,1.1233956194026351e-11,4.059814647614649e-07,3.731447912002068e-21,1.3484997295978247e-16,9.084295732953733e-08,0.0032828027192038397,0.0410713737379976,0.00570313070691495,0.13885901999033065,0.040673480805877966,5.929626406891731e-18,1.457860573869253e-16,0.04067348092096604,9.059723395709475e-08,2.227427599155754e-06,9.23111465669199e-06,9.23111465669199e-06,0.0410713737379976,0.00570313070691495,0.13885901999033065,617.8160405342308,True
adamw_no_decay_grad_projection,9,6,60,torch.float32,1.1920928955078125e-07,3.095485046437789e-06,1.6819699034459555e-05,4.628499338306322e-12,2.751832436967885e-07,2.454460808267267e-21,1.459277483645073e-16,9.777850943972815e-08,0.005812731570726614,0.037521584882461864,0.004347618257818385,0.11586979258572111,0.03726885492708456,5.720157735737804e-18,1.5348359231667107e-16,0.037268854510827384,9.830281835923652e-08,2.637666750145956e-06,9.385706859498032e-06,9.385706859498032e-06,0.037521584882461864,0.004347618257818385,0.11586979258572111,463.21692365863055,True
adamw_no_decay_grad_projection,9,7,53,torch.float32,1.1920928955078125e-07,7.079248571757639e-06,8.197508721646014e-06,4.695876637670304e-12,5.72841920286167e-07,1.1020432174086493e-21,1.3443635802409321e-16,9.923943748307896e-08,0.01209739594163249,0.03399258855615475,0.003433034641802701,0.10099362206945285,0.033818786937088764,4.797882684002896e-18,1.4187033653596547e-16,0.03381878614425991,9.900271608849555e-08,2.9274473562174066e-06,1.0085290620192007e-05,1.0085290620192007e-05,0.03399258855615475,0.003433034641802701,0.10099362206945285,340.400170018833,True
adamw_no_decay_grad_projection,10,0,58,torch.float32,1.1920928955078125e-07,4.814231254404896e-06,1.666219897585568e-05,6.67353503113662e-12,4.00519465696388e-07,2.398241483771497e-21,1.4393307193407397e-16,1.0138567091919027e-07,0.006083941361762484,0.040556096074720355,0.00462424126612092,0.114020867728522,0.04029160361085982,6.0480608373002555e-18,1.5010722570670077e-16,0.04029160405245603,1.0113188965086878e-07,2.5099990935879392e-06,9.912130278681736e-06,9.912130278681736e-06,0.040556096074720355,0.00462424126612092,0.114020867728522,466.52345521188215,True
adamw_no_decay_grad_projection,10,1,60,torch.float32,1.1920928955078125e-07,3.342961442244951e-06,2.06805786948162e-05,6.142447198348485e-12,2.970152474450898e-07,3.0056486801363032e-21,1.4533677826384193e-16,1.0725490918892755e-07,0.0051859209294318215,0.040908790406709035,0.004633085022119059,0.11325402134987676,0.04064558593153585,6.220445477019317e-18,1.5304110728031194e-16,0.04064558454379217,1.0584023682737478e-07,2.6039787104879965e-06,1.0226136256348467e-05,1.0226136256348467e-05,0.040908790406709035,0.004633085022119059,0.11325402134987676,453.0631028158658,True
adamw_no_decay_grad_projection,10,2,60,torch.float32,1.1920928955078125e-07,3.920330339574255e-06,2.2843710962118426e-05,7.160097900475872e-12,3.1343847382543996e-07,3.409824134107345e-21,1.492675222411105e-16,9.849954248892294e-08,0.0043116475115862,0.0417866359793748,0.0047758291343692,0.1142908258211183,0.04151282214632114,6.460074312904521e-18,1.55616360895305e-16,0.04151282355525189,9.948265949215956e-08,2.3964320171995085e-06,9.434237268038036e-06,9.434237268038036e-06,0.0417866359793748,0.0047758291343692,0.1142908258211183,506.22313163026814,True
adamw_no_decay_grad_projection,10,3,49,torch.float32,1.1920928955078125e-07,5.138758647397377e-06,1.579084053969514e-05,6.972059750095654e-12,4.415255624024088e-07,2.0494858428034933e-21,1.2978953448688682e-16,8.976073074461436e-08,0.00568395083831978,0.035689478005154096,0.003255011551210075,0.09120367495260094,0.03554073353325543,4.772957334375017e-18,1.3429540867267033e-16,0.0355407323445024,9.021334623871102e-08,2.53830859095017e-06,9.547559833235087e-06,9.547559833235087e-06,0.035689478005154096,0.003255011551210075,0.09120367495260094,340.92601754422833,True
adamw_no_decay_grad_projection,10,4,60,torch.float32,1.1920928955078125e-07,8.425881056896194e-06,1.6799271374218794e-05,1.2063017366663432e-11,7.180678910381844e-07,2.4086179316030837e-21,1.4337633329146165e-16,1.1199243585800978e-07,0.006665270601170456,0.049492956680502666,0.0071265253222075565,0.14399069686242832,0.04897719262891707,7.779264015559544e-18,1.5883442063534116e-16,0.04897719315282327,1.132998477795041e-07,2.3133185159462936e-06,1.0868672349183705e-05,1.0868672349183705e-05,0.049492956680502666,0.0071265253222075565,0.14399069686242832,655.6941909048161,True
adamw_no_decay_grad_projection,10,5,53,torch.float32,1.1920928955078125e-07,5.678672305444112e-06,2.438965792876359e-05,9.657374958090593e-12,3.9596188623462846e-07,3.2564366394632993e-21,1.3351710995598356e-16,9.045851545778116e-08,0.003708776119358673,0.043076811565902796,0.005716133333957725,0.13269629589953907,0.042695872334368744,6.148304029767083e-18,1.4400230499138685e-16,0.042695871647622397,8.988933122371312e-08,2.105340112636365e-06,9.233463803391905e-06,9.233463803391905e-06,0.043076811565902796,0.005716133333957725,0.13269629589953907,619.0670647192994,True
adamw_no_decay_grad_projection,10,6,60,torch.float32,1.1920928955078125e-07,3.095485046437789e-06,2.776794745333579e-05,7.792641708984803e-12,2.806344157082689e-07,4.0498843426699875e-21,1.458474505354061e-16,9.77212874040099e-08,0.0035192007468975647,0.04205844030459049,0.0049110395808067,0.1167670399862803,0.04177073247012257,6.356989135768177e-18,1.521876385652359e-16,0.0417707330094122,9.749423918617159e-08,2.3340322795916274e-06,9.390538897094798e-06,9.390538897094798e-06,0.04205844030459049,0.0049110395808067,0.1167670399862803,522.9773961456094,True
adamw_no_decay_grad_projection,10,7,53,torch.float32,1.1920928955078125e-07,7.079248571757639e-06,9.645075702640423e-06,5.730652543107347e-12,5.941531948306566e-07,1.3213968716822712e-21,1.3700222916039535e-16,9.887600686481639e-08,0.01024736954461782,0.03725295238426415,0.003649897574403099,0.09797606205152308,0.037073719924504714,5.298396030075406e-18,1.429151442279012e-16,0.03707371910640132,9.960357853980661e-08,2.6866357338993967e-06,1.0088756589805462e-05,1.0088756589805462e-05,0.03725295238426415,0.003649897574403099,0.09797606205152308,361.7787327817251,True
adamw_no_decay_grad_projection,11,0,58,torch.float32,1.1920928955078125e-07,4.814231254404896e-06,1.623232476825427e-05,6.8482935770479156e-12,4.218923459713667e-07,2.2738415774696787e-21,1.4008107957012154e-16,1.021582588061521e-07,0.006292933661264233,0.042816862317331415,0.004675156314420424,0.10918960571587737,0.042560857746726036,6.348904755332719e-18,1.4917238729337177e-16,0.042560858725702894,1.0191213372479411e-07,2.3945037007265184e-06,9.914649944572222e-06,9.914649944572222e-06,0.042816862317331415,0.004675156314420424,0.10918960571587737,471.54022991803555,True
adamw_no_decay_grad_projection,11,1,60,torch.float32,1.1920928955078125e-07,3.342961442244951e-06,2.065171883379087e-05,5.851375426562098e-12,2.833360009234644e-07,2.9921758153464743e-21,1.4488749529413113e-16,1.0625007376382467e-07,0.0051443651169845485,0.044129969504824645,0.00487480592944194,0.11046474729399001,0.04385989598308494,6.651516963451443e-18,1.5165373319664677e-16,0.04385989520597187,1.067076651633139e-07,2.432921115342401e-06,1.0229070881728223e-05,1.0229070881728223e-05,0.044129969504824645,0.00487480592944194,0.11046474729399001,476.56390162958104,True
adamw_no_decay_grad_projection,11,2,60,torch.float32,1.1920928955078125e-07,3.920330339574255e-06,1.8536378419025187e-05,6.251304268245901e-12,3.3724517955620436e-07,2.7099245128220458e-21,1.461949282412585e-16,9.80146552752091e-08,0.005286979952954166,0.04488315426141537,0.004996356527667351,0.11131919335630475,0.044604192156146534,6.905202961562135e-18,1.5481062715784633e-16,0.044604191721066125,9.838659725890322e-08,2.2057702081940473e-06,9.437279817695495e-06,9.437279817695495e-06,0.04488315426141537,0.004996356527667351,0.11131919335630475,529.4276130605842,True
adamw_no_decay_grad_projection,11,3,49,torch.float32,1.1920928955078125e-07,5.138758647397377e-06,1.5572443837551075e-05,6.634479983756078e-12,4.260397438556065e-07,2.0284750723063234e-21,1.3026054827791925e-16,9.006245668626366e-08,0.00578293232277371,0.038655743394458035,0.00343387422222172,0.08883218690638414,0.03850292203462157,5.237279460149346e-18,1.3602290899999797e-16,0.038502921320912,8.982928360065568e-08,2.3330511171334655e-06,9.550767274110043e-06,9.550767274110043e-06,0.038655743394458035,0.00343387422222172,0.08883218690638414,359.5390949929407,True
adamw_no_decay_grad_projection,11,4,60,torch.float32,1.1920928955078125e-07,8.425881056896194e-06,1.6954342423598446e-05,1.6044348992011885e-11,9.463268224239734e-07,2.5114088021625273e-21,1.48127762163637e-16,1.1329861501937541e-07,0.006681759233145302,0.05325168840734566,0.007499077911460523,0.14082328909642766,0.05272102188606436,8.35194448453722e-18,1.5841772761132448e-16,0.05272102208894524,1.1256148267857281e-07,2.1350398421462917e-06,1.0872482974072096e-05,1.0872482974072096e-05,0.05325168840734566,0.007499077911460523,0.14082328909642766,689.730021131675,True
adamw_no_decay_grad_projection,11,5,53,torch.float32,1.1920928955078125e-07,5.678672305444112e-06,2.654077646755453e-05,1.0768189102337763e-11,4.057224593825135e-07,3.584829768550424e-21,1.3506876006182744e-16,9.032809826467346e-08,0.0034033104508601067,0.04570249226514609,0.00585100653240937,0.1280237956928992,0.04532641086390407,6.618015389351958e-18,1.4600792922305371e-16,0.04532641098530916,8.990989103459202e-08,1.98360931474881e-06,9.236426009682604e-06,9.236426009682604e-06,0.04570249226514609,0.00585100653240937,0.1280237956928992,633.4708388586367,True
adamw_no_decay_grad_projection,11,6,60,torch.float32,1.1920928955078125e-07,3.095485046437789e-06,2.3590750517039148e-05,6.473378586236261e-12,2.7440324891574193e-07,3.430892006958261e-21,1.454337794162302e-16,9.817729370537108e-08,0.004161413008562348,0.04543475253901429,0.00517128859360178,0.1138179104015424,0.04513950057946089,6.904784641959134e-18,1.5296546380269234e-16,0.045139501916591954,9.880623792173213e-08,2.1889084665644894e-06,9.394410762127417e-06,9.394410762127417e-06,0.04543475253901429,0.00517128859360178,0.1138179104015424,550.4643904276879,True
adamw_no_decay_grad_projection,11,7,53,torch.float32,1.1920928955078125e-07,7.079248571757639e-06,9.750496875839613e-06,5.353567792630873e-12,5.490558953868573e-07,1.3341494980705802e-21,1.3682887293432396e-16,9.839592319012011e-08,0.010087507116374822,0.03956166263737523,0.003732875089782004,0.09435586982270637,0.03938515956800958,5.579294125722679e-18,1.4165980757519733e-16,0.03938516055283654,9.844029371695402e-08,2.499425985197978e-06,1.0091461580060297e-05,1.0091461580060297e-05,0.03956166263737523,0.003732875089782004,0.09435586982270637,369.9043057506938,True
adamw_no_decay_grad_projection,12,0,58,torch.float32,1.1920928955078125e-07,4.814231254404896e-06,1.8649243149982337e-05,7.702009259882661e-12,4.1299312781440975e-07,2.678444837618542e-21,1.4362217362270315e-16,1.0172295357670368e-07,0.005454153473822928,0.04561617167331397,0.004809462348025238,0.10543327446390759,0.045361924452696885,6.734264386262e-18,1.4845632030634957e-16,0.04536192391293967,1.0173715413835483e-07,2.242787460549792e-06,9.91780398568566e-06,9.91780398568566e-06,0.04561617167331397,0.004809462348025238,0.10543327446390759,484.93218407691086,True
adamw_no_decay_grad_projection,12,1,60,torch.float32,1.1920928955078125e-07,3.342961442244951e-06,2.483288379167883e-05,7.050212769074362e-12,2.839063247030856e-07,3.573982162167788e-21,1.4392135009972245e-16,1.0668441843357486e-07,0.004295824048504906,0.04760726566320872,0.005133992920131828,0.10784053334319973,0.04732962983822468,7.140284244149938e-18,1.508628795229506e-16,0.04732963130770115,1.0711743492438452e-07,2.263221410451915e-06,1.023231991734048e-05,1.023231991734048e-05,0.04760726566320872,0.005133992920131828,0.10784053334319973,501.74280726224816,True
adamw_no_decay_grad_projection,12,2,60,torch.float32,1.1920928955078125e-07,3.920330339574255e-06,2.1236023991791157e-05,6.972760045912333e-12,3.2834583576509763e-07,3.0943256867059745e-21,1.457111598622351e-16,9.826251944936191e-08,0.004626589427202335,0.04800821985509426,0.005194559900705232,0.10820146875648058,0.04772636295689262,7.330535076097387e-18,1.535950913066321e-16,0.04772636453373764,9.878172840453555e-08,2.069751789594345e-06,9.440533422571482e-06,9.440533422571482e-06,0.04800821985509426,0.005194559900705232,0.10820146875648058,550.2400837102592,True
adamw_no_decay_grad_projection,12,3,49,torch.float32,1.1920928955078125e-07,5.138758647397377e-06,1.7895057211627902e-05,7.82247252310748e-12,4.3713034446319465e-07,2.3468766355544857e-21,1.3114664053880473e-16,8.971176564953889e-08,0.005012858791104203,0.04164895994045896,0.0036119759231422865,0.08672427662793837,0.041492041333882276,5.575696479881685e-18,1.343799027629086e-16,0.041492041710954435,8.913966382565139e-08,2.1483556882214684e-06,9.554120348716365e-06,9.554120348716365e-06,0.04164895994045896,0.0036119759231422865,0.08672427662793837,378.05426259127773,True
adamw_no_decay_grad_projection,12,4,60,torch.float32,1.1920928955078125e-07,8.425881056896194e-06,2.2353064829922573e-05,1.683300635340044e-11,7.530513816104182e-07,3.3010356813771242e-21,1.476770951319025e-16,1.1381163502306921e-07,0.0050909221777376504,0.05793595761133053,0.008155970652285805,0.1407756251653074,0.0573590038883255,9.103237236359136e-18,1.587063341281621e-16,0.0573590038467831,1.1342787000569908e-07,1.977507669217664e-06,1.0877278629313667e-05,1.0877278629313667e-05,0.05793595761133053,0.008155970652285805,0.1407756251653074,749.817204305672,True
adamw_no_decay_grad_projection,12,5,53,torch.float32,1.1920928955078125e-07,5.678672305444112e-06,2.3906939570361253e-05,1.0520444529253749e-11,4.4005818889074877e-07,3.226129811308538e-21,1.3494532839780384e-16,9.083850142925357e-08,0.0037994708155170563,0.048662229252970174,0.006083035496983914,0.12500527802294684,0.0482805264574762,7.024652082466557e-18,1.4549659247509709e-16,0.04828052593215498,8.977431587271888e-08,1.8594311917577704e-06,9.239828464470389e-06,9.239828464470389e-06,0.048662229252970174,0.006083035496983914,0.12500527802294684,658.3493968935476,True
adamw_no_decay_grad_projection,12,6,60,torch.float32,1.1920928955078125e-07,3.095485046437789e-06,2.480222635567043e-05,6.819990484787798e-12,2.7497493116091056e-07,3.633378773350866e-21,1.4649405747884881e-16,9.79836371383048e-08,0.003950540685258759,0.04861872212247793,0.005410925217187999,0.11129303652936534,0.04831668479021221,7.352932610635011e-18,1.5218205972866204e-16,0.048316684152165175,9.718637926098952e-08,2.0114455486000974e-06,9.398327464283707e-06,9.398327464283707e-06,0.04861872212247793,0.005410925217187999,0.11129303652936534,575.7327820030787,True
adamw_no_decay_grad_projection,12,7,53,torch.float32,1.1920928955078125e-07,7.079248571757639e-06,1.1493430407035352e-05,6.5759434503149845e-12,5.721480199932061e-07,1.5376389335187575e-21,1.3378416008659961e-16,9.899805016669577e-08,0.00861185001609241,0.04257429588859025,0.003907745007544457,0.09178648585922282,0.04239457747596081,5.9406718424897455e-18,1.4012810590831603e-16,0.0423945779991504,9.836769572492349e-08,2.3202895362443476e-06,1.0094959723395124e-05,1.0094959723395124e-05,0.04257429588859025,0.003907745007544457,0.09178648585922282,387.0986229383597,True
adamw_no_decay_grad_projection,13,0,58,torch.float32,1.1920928955078125e-07,4.814231254404896e-06,2.1203131796507745e-05,8.671156897403808e-12,4.0895642118453403e-07,2.9977582943163144e-21,1.413828071761696e-16,1.0114237825739366e-07,0.0047698992396834365,0.048921684505543434,0.005059607756011519,0.10342259893847691,0.04865934220902741,7.220229851808196e-18,1.4838321941944952e-16,0.04865934147105133,1.0199411456672291e-07,2.0960849753258946e-06,9.921632836792457e-06,9.921632836792457e-06,0.048921684505543434,0.005059607756011519,0.10342259893847691,509.95716524088067,True
adamw_no_decay_grad_projection,13,1,60,torch.float32,1.1920928955078125e-07,3.342961442244951e-06,3.0117296674774204e-05,9.0873830269404e-12,3.017330248817403e-07,4.352080546758571e-21,1.4450435554543e-16,1.0658102245939407e-07,0.003538670855179874,0.05207210539655654,0.005606554339584559,0.10766905422562986,0.05176939934814174,7.868204740081475e-18,1.519856293322805e-16,0.051769399630192836,1.0686443911313655e-07,2.0642394904423676e-06,1.0236685543884032e-05,1.0236685543884032e-05,0.05207210539655654,0.005606554339584559,0.10766905422562986,547.6923478355968,True
adamw_no_decay_grad_projection,13,2,60,torch.float32,1.1920928955078125e-07,3.920330339574255e-06,2.3264083023931493e-05,7.510437658037209e-12,3.2283402919046107e-07,3.447789818272234e-21,1.4820226590172122e-16,9.799987911056169e-08,0.0042122465084003195,0.05127309725294406,0.005458425400381418,0.10645788323364842,0.050981723137398266,7.834541885687082e-18,1.5367354031115432e-16,0.050981724962329104,9.802087979131635e-08,1.9226669922162292e-06,9.444095730283367e-06,9.444095730283367e-06,0.05127309725294406,0.005458425400381418,0.10645788323364842,577.9722650288764,True
adamw_no_decay_grad_projection,13,3,49,torch.float32,1.1920928955078125e-07,5.138758647397377e-06,1.9617376283034776e-05,8.12542303513423e-12,4.1419519704891137e-07,2.5779839625410902e-21,1.3141329020490714e-16,9.010064575068572e-08,0.004592777502028697,0.044192869217364504,0.003741281773654337,0.08465804189478361,0.04403421965191623,5.838572802023683e-18,1.3259171726390767e-16,0.04403421927336402,9.063194564359656e-08,2.058216249525268e-06,9.557174191572647e-06,9.557174191572647e-06,0.044192869217364504,0.003741281773654337,0.08465804189478361,391.46317715474265,True
adamw_no_decay_grad_projection,13,4,60,torch.float32,1.1920928955078125e-07,8.425881056896194e-06,2.113335100129291e-05,1.582755114922518e-11,7.489371254117187e-07,3.0001001003985507e-21,1.4196045389185322e-16,1.1427643354968128e-07,0.005407194786629382,0.062149740438605855,0.008668943218275162,0.1394847855694379,0.061542177895037166,9.807724939871805e-18,1.5936590603925819e-16,0.061542177836954204,1.1270058973874352e-07,1.8312739928919162e-06,1.088187380736155e-05,1.088187380736155e-05,0.062149740438605855,0.008668943218275162,0.1394847855694379,796.6406679344739,True
adamw_no_decay_grad_projection,13,5,53,torch.float32,1.1920928955078125e-07,5.678672305444112e-06,3.250015485742392e-05,1.4311250235496023e-11,4.4034406292150155e-07,4.3758022786660315e-21,1.3463942857696579e-16,9.09225427799617e-08,0.002797524029940693,0.052497391384773925,0.006397752913385612,0.12186801562184257,0.05210609234883577,7.573297210583608e-18,1.4534379511483019e-16,0.05210609260459845,9.042000975280689e-08,1.7353058967393608e-06,9.244233467502938e-06,9.244233467502938e-06,0.052497391384773925,0.006397752913385612,0.12186801562184257,692.0804127109287,True
adamw_no_decay_grad_projection,13,6,60,torch.float32,1.1920928955078125e-07,3.095485046437789e-06,2.4073963591867818e-05,6.4821283505451135e-12,2.692588748757091e-07,3.521991422379569e-21,1.462987766405622e-16,9.710833151038616e-08,0.0040336545015798655,0.051730833194032315,0.005652367981653773,0.10926497086278966,0.051421103052625886,7.85714558378591e-18,1.5280002017352047e-16,0.05142110299731847,9.772010890942067e-08,1.9003892023575733e-06,9.402441746465129e-06,9.402441746465129e-06,0.051730833194032315,0.005652367981653773,0.10926497086278966,601.1595853575795,True
adamw_no_decay_grad_projection,13,7,53,torch.float32,1.1920928955078125e-07,7.079248571757639e-06,1.3013914650146785e-05,7.490652869307388e-12,5.755879818393384e-07,1.74501370489936e-21,1.340883010078729e-16,9.965439612520208e-08,0.007655787022809354,0.04545807350814099,0.0040903138832657105,0.08997992144416733,0.045273676451199694,6.408850163216369e-18,1.415579795054736e-16,0.045273676898370474,9.846874787915363e-08,2.1749668819741433e-06,1.0098634909468886e-05,1.0098634909468886e-05,0.04545807350814099,0.0040903138832657105,0.08997992144416733,405.03631628770614,True
adamw_no_decay_grad_projection,14,0,58,torch.float32,1.1920928955078125e-07,4.814231254404896e-06,2.4227740868698682e-05,9.314088379609784e-12,3.844389961939551e-07,3.488855711738501e-21,1.440025188748088e-16,1.0119009221024632e-07,0.004176348125749965,0.052018666213038044,0.005263699982942359,0.1011886764144494,0.05175166757770264,7.596613788153571e-18,1.4678973922429884e-16,0.05175166775036798,1.0157279765817321e-07,1.96269612311095e-06,9.92546531462371e-06,9.92546531462371e-06,0.052018666213038044,0.005263699982942359,0.1011886764144494,530.3227421677725,True
adamw_no_decay_grad_projection,14,1,60,torch.float32,1.1920928955078125e-07,3.342961442244951e-06,3.250517083071656e-05,9.125382045858158e-12,2.807363201806312e-07,4.712693391240259e-21,1.4498288336288543e-16,1.069584678639863e-07,0.003290364166859213,0.05615549437828,0.005982284011148455,0.10653069797320316,0.05583593669742627,8.367134141145678e-18,1.4985213172811976e-16,0.055835936640636456,1.0598239747377896e-07,1.8981036918192708e-06,1.0240979370941291e-05,1.0240979370941291e-05,0.05615549437828,0.005982284011148455,0.10653069797320316,584.1515537198663,True
adamw_no_decay_grad_projection,14,2,60,torch.float32,1.1920928955078125e-07,3.920330339574255e-06,2.6773330781709687e-05,8.767593076421885e-12,3.274748722116974e-07,3.922519562905175e-21,1.4650846377265361e-16,9.804797337339703e-08,0.0036621206761143004,0.05399352108189534,0.00560083982878269,0.10373170181451116,0.053702243081955134,8.207728879159242e-18,1.528377290802063e-16,0.05370224382806964,9.754089505792538e-08,1.816328110426956e-06,9.447368255191867e-06,9.447368255191867e-06,0.05399352108189534,0.00560083982878269,0.10373170181451116,592.8465661010631,True
adamw_no_decay_grad_projection,14,3,49,torch.float32,1.1920928955078125e-07,5.138758647397377e-06,2.19427749464367e-05,8.88531770080016e-12,4.049313599802039e-07,2.8588212965638414e-21,1.3028531275294882e-16,8.989220075023761e-08,0.004096442605030826,0.04682128282756209,0.0038889157084919276,0.0830587176095623,0.046659499142519795,6.230934407772119e-18,1.3354053348793885e-16,0.04665949792675667,9.037033079698879e-08,1.9368046124038196e-06,9.56044586340669e-06,9.56044586340669e-06,0.04682128282756209,0.0038889157084919276,0.0830587176095623,406.7713748975912,True
adamw_no_decay_grad_projection,14,4,60,torch.float32,1.1920928955078125e-07,8.425881056896194e-06,2.623840996044735e-05,2.131910852553208e-11,8.125152613161091e-07,3.807455245070617e-21,1.4510998382948351e-16,1.1471382683340071e-07,0.004371673949032497,0.06694282434090909,0.00922053319841188,0.13773743921314008,0.0663047773412655,1.0426143367403071e-17,1.5724573379894677e-16,0.06630477707045782,1.1270801619517358e-07,1.69984760035323e-06,1.0887347902192361e-05,1.0887347902192361e-05,0.06694282434090909,0.00922053319841188,0.13773743921314008,846.9035141749407,True
adamw_no_decay_grad_projection,14,5,53,torch.float32,1.1920928955078125e-07,5.678672305444112e-06,3.224183749935553e-05,1.3963569310117744e-11,4.330885083828382e-07,4.3477654730614396e-21,1.3484856355189908e-16,9.01966173594056e-08,0.0027973391493032315,0.05514975070924561,0.006529872318499673,0.1184025718071826,0.05476180941857225,7.905359761314694e-18,1.4435899480402528e-16,0.05476181122630719,9.004007915804552e-08,1.6442129495306193e-06,9.247695117793607e-06,9.247695117793607e-06,0.05514975070924561,0.006529872318499673,0.1184025718071826,706.1080880505525,True
adamw_no_decay_grad_projection,14,6,60,torch.float32,1.1920928955078125e-07,3.095485046437789e-06,2.9888397995503744e-05,7.967355371650969e-12,2.6657017123666304e-07,4.336259597891733e-21,1.450817002150537e-16,9.818347874870342e-08,0.003284884050798792,0.05479400990041764,0.005852218869244476,0.10680398970398898,0.05448059338217165,8.275092967713182e-18,1.5189065415761682e-16,0.05448059415521568,9.741588038435398e-08,1.7880840305598595e-06,9.406726307759195e-06,9.406726307759195e-06,0.05479400990041764,0.005852218869244476,0.10680398970398898,622.1313002821437,True
adamw_no_decay_grad_projection,14,7,53,torch.float32,1.1920928955078125e-07,7.079248571757639e-06,1.240473285122211e-05,6.998262458619794e-12,5.641606750064213e-07,1.692619991836861e-21,1.3644953197604526e-16,9.939267687974213e-08,0.00801037457539091,0.04841953272309392,0.004266725123124822,0.08811991531446126,0.048231174626443205,6.7091075996001675e-18,1.3910313508976484e-16,0.0482311750573129,9.804131644144559e-08,2.032737463371844e-06,1.0102525951860802e-05,1.0102525951860802e-05,0.04841953272309392,0.004266725123124822,0.08811991531446126,422.3424065878224,True
adamw_no_decay_grad_projection,15,0,58,torch.float32,1.1920928955078125e-07,4.814231254404896e-06,2.357055395921084e-05,9.439304859613727e-12,4.0047021703217373e-07,3.359791909287019e-21,1.4254191543828175e-16,1.0237662917110837e-07,0.004343247283147391,0.05460352608528971,0.005388630411368271,0.09868649147220508,0.054336983015590694,8.102013240597236e-18,1.4910679229784543e-16,0.05433698195650259,1.0140281467300344e-07,1.866184153440425e-06,9.929047723325799e-06,9.929047723325799e-06,0.05460352608528971,0.005388630411368271,0.09868649147220508,542.7137185280155,True
adamw_no_decay_grad_projection,15,1,60,torch.float32,1.1920928955078125e-07,3.342961442244951e-06,2.8351660721949846e-05,8.072706818518782e-12,2.847348837053801e-07,4.105870761057426e-21,1.448194093927919e-16,1.0659101923480891e-07,0.0037592914225906076,0.05869731953310442,0.006138762790565377,0.10458335813960304,0.05837543072023137,8.84317046485563e-18,1.5148788378516962e-16,0.058375431593709184,1.0662090063685279e-07,1.826468733951815e-06,1.024401389012042e-05,1.024401389012042e-05,0.05869731953310442,0.006138762790565377,0.10458335813960304,599.2536574443492,True
adamw_no_decay_grad_projection,15,2,60,torch.float32,1.1920928955078125e-07,3.920330339574255e-06,2.5772001929357522e-05,8.788469204825377e-12,3.4100840240952395e-07,3.806747873042935e-21,1.4770866009856983e-16,9.804836076215168e-08,0.0038042158767996027,0.05684768260746773,0.005767509992936679,0.10145549877136129,0.056554353027161094,8.657130644699492e-18,1.5307629176735117e-16,0.056554352325826875,9.83948825254895e-08,1.7398286511815496e-06,9.451099106227954e-06,9.451099106227954e-06,0.05684768260746773,0.005767509992936679,0.10145549877136129,610.2475413823653,True
adamw_no_decay_grad_projection,15,3,49,torch.float32,1.1920928955078125e-07,5.138758647397377e-06,2.2503267416586723e-05,9.792040324666359e-12,4.351386020258034e-07,2.9211561428881745e-21,1.2981031104555612e-16,8.995313938843777e-08,0.003997238780978137,0.0494529384781473,0.0040077371073245155,0.08104143516356443,0.04929027457219117,6.538595839954091e-18,1.326548877380989e-16,0.04929027438793645,8.99252971098026e-08,1.8244024450351075e-06,9.5637418410935e-06,9.5637418410935e-06,0.0494529384781473,0.0040077371073245155,0.08104143516356443,419.0553419273683,True
adamw_no_decay_grad_projection,15,4,60,torch.float32,1.1920928955078125e-07,8.425881056896194e-06,2.4881581636216446e-05,1.9796148008202913e-11,7.956145351864844e-07,3.5605677020820645e-21,1.431005373428753e-16,1.1414991599418934e-07,0.0045876146247068,0.07123748232418267,0.009784966330115358,0.13735699256729206,0.07056226556600027,1.1102481333759537e-17,1.5734303943762767e-16,0.07056226513037495,1.132435261476438e-07,1.6048737372363044e-06,1.0892608378430046e-05,1.0892608378430046e-05,0.07123748232418267,0.009784966330115358,0.13735699256729206,898.3125060744786,True
adamw_no_decay_grad_projection,15,5,53,torch.float32,1.1920928955078125e-07,5.678672305444112e-06,3.679540280280593e-05,1.4375623992806385e-11,3.906907629153644e-07,4.873584573465393e-21,1.324509096852207e-16,9.028938039954513e-08,0.0024537729102999907,0.05760074179522678,0.006632756059329261,0.11515053196552584,0.05721758473072606,8.225944293936827e-18,1.437660176089094e-16,0.05721758419962883,9.057427544497509e-08,1.582979720516803e-06,9.251230483111653e-06,9.251230483111653e-06,0.05760074179522678,0.006632756059329261,0.11515053196552584,716.9593354567827,True
adamw_no_decay_grad_projection,15,6,60,torch.float32,1.1920928955078125e-07,3.095485046437789e-06,3.06788603763357e-05,8.29421457667326e-12,2.703560195824955e-07,4.446451099523099e-21,1.4493534130599763e-16,9.807883196363125e-08,0.003196842560691373,0.05799810932726025,0.006069461225325492,0.10464929453265343,0.057679652616595245,8.821699443664082e-18,1.5294300578235374e-16,0.057679652873337275,9.760997696365415e-08,1.6922774687635973e-06,9.411456295662138e-06,9.411456295662138e-06,0.05799810932726025,0.006069461225325492,0.10464929453265343,644.9013876973519,True
adamw_no_decay_grad_projection,15,7,53,torch.float32,1.1920928955078125e-07,7.079248571757639e-06,1.4883628743797352e-05,8.238858796106017e-12,5.535517539390053e-07,2.010342777676097e-21,1.3507074197306898e-16,9.90437192221235e-08,0.006653336171529502,0.05154046142648179,0.004507196602608235,0.08744967502934327,0.051343006756909886,7.180999765396813e-18,1.3986324952483183e-16,0.051343006713523376,9.868017627047419e-08,1.921978913721906e-06,1.0106805148603621e-05,1.0106805148603621e-05,0.05154046142648179,0.004507196602608235,0.08744967502934327,445.9566140177303,True
adamw_no_decay_grad_projection,16,0,58,torch.float32,1.1920928955078125e-07,4.814231254404896e-06,2.337462213886464e-05,9.278476866508301e-12,3.9694660351668806e-07,3.343460410177984e-21,1.4303805170904239e-16,1.0120299700619549e-07,0.004329449560612323,0.057091501136534765,0.005516883159100156,0.09663230164340025,0.056824321397019664,8.38208257978081e-18,1.4750871411586157e-16,0.056824322221374665,1.0196744152698028e-07,1.7944330445286838e-06,9.93278684005291e-06,9.93278684005291e-06,0.057091501136534765,0.005516883159100156,0.09663230164340025,555.4214791818455,True
adamw_no_decay_grad_projection,16,1,60,torch.float32,1.1920928955078125e-07,3.342961442244951e-06,2.8615491603577907e-05,8.309510424728503e-12,2.903850312915656e-07,4.151455951905097e-21,1.4507721934038692e-16,1.0660939033478082e-07,0.0037254032882479415,0.060910659568048725,0.006236397399765946,0.1023859771670788,0.060590558641482405,9.118158143194212e-18,1.5048810157283487e-16,0.060590558673027144,1.0598277520956816e-07,1.7491631952347072e-06,1.0247044127111049e-05,1.0247044127111049e-05,0.060910659568048725,0.006236397399765946,0.1023859771670788,608.6045226706929,True
adamw_no_decay_grad_projection,16,2,60,torch.float32,1.1920928955078125e-07,3.920330339574255e-06,2.800749277382746e-05,8.853670358360345e-12,3.1611791993869416e-07,4.136946688270698e-21,1.477085693345894e-16,9.785201796958233e-08,0.0034936578681707873,0.059539634562347996,0.005903283688779481,0.0991488062056839,0.05924626001282894,9.114230089978306e-18,1.5383637866769561e-16,0.059246260622653174,9.740178380598044e-08,1.6440157198501447e-06,9.455071904639386e-06,9.455071904639386e-06,0.059539634562347996,0.005903283688779481,0.0991488062056839,624.3510095235632,True
adamw_no_decay_grad_projection,16,3,49,torch.float32,1.1920928955078125e-07,5.138758647397377e-06,2.2912544785410164e-05,9.292581771102332e-12,4.055674242269019e-07,2.9520677454859508e-21,1.288406754087812e-16,8.979247395813178e-08,0.003918567248728439,0.05183503437730804,0.004114800863363805,0.07938262051515398,0.051671454428451766,6.914409225789022e-18,1.3381487520083724e-16,0.05167145532453492,8.988829519817386e-08,1.7396122217500735e-06,9.567031973846537e-06,9.567031973846537e-06,0.05183503437730804,0.004114800863363805,0.07938262051515398,430.10213351564676,True
adamw_no_decay_grad_projection,16,4,60,torch.float32,1.1920928955078125e-07,8.425881056896194e-06,3.1342454358317916e-05,2.1495587396076433e-11,6.858297423147322e-07,4.551853050043706e-21,1.4522963000939234e-16,1.1366226298456913e-07,0.0036262229551657994,0.07623151258426927,0.010461919174047736,0.13723877199055606,0.07551020962811121,1.183512488404228e-17,1.567354261407885e-16,0.07551020936611234,1.1314672351982957e-07,1.4984294768835304e-06,1.089896986378587e-05,1.089896986378587e-05,0.07623151258426927,0.010461919174047736,0.13723877199055606,959.8998166615428,True
adamw_no_decay_grad_projection,16,5,53,torch.float32,1.1920928955078125e-07,5.678672305444112e-06,3.0933279960167445e-05,1.3180150076366608e-11,4.260831729883992e-07,4.0651225701840396e-21,1.3141582707747243e-16,9.06268799714826e-08,0.002929826818908088,0.05987649050041257,0.006786126732547088,0.11333541220991115,0.05949069337817308,8.548920278706353e-18,1.437018093630578e-16,0.0594906937646253,9.068436063162666e-08,1.5243453201339185e-06,9.25478727145836e-06,9.25478727145836e-06,0.05987649050041257,0.006786126732547088,0.11333541220991115,733.2558311173085,True
adamw_no_decay_grad_projection,16,6,60,torch.float32,1.1920928955078125e-07,3.095485046437789e-06,2.8522854421587676e-05,7.416463608613715e-12,2.600182821464224e-07,4.164375348294378e-21,1.4600135339689874e-16,9.758038123156671e-08,0.0034209777646512715,0.060498438194454676,0.00618942682412102,0.10230721666279885,0.06018099383989188,9.171429917296579e-18,1.5239744863131786e-16,0.06018099489223932,9.79309055683362e-08,1.6272729579112517e-06,9.415796472976553e-06,9.415796472976553e-06,0.060498438194454676,0.00618942682412102,0.10230721666279885,657.3450097275093,True
adamw_no_decay_grad_projection,16,7,53,torch.float32,1.1920928955078125e-07,7.079248571757639e-06,1.5074220500088798e-05,8.050493986734614e-12,5.340570669433415e-07,2.024897205583196e-21,1.3432848521564063e-16,9.828169128012381e-08,0.0065192685823262635,0.053999628285047924,0.004614495547891016,0.08545420949071114,0.05380210298642463,7.509505097539091e-18,1.3957642323821233e-16,0.053802104009792365,9.858482170346705e-08,1.8323599702629458e-06,1.01106689939982e-05,1.01106689939982e-05,0.053999628285047924,0.004614495547891016,0.08545420949071114,456.39863698734763,True
adamw_no_decay_grad_projection,17,0,58,torch.float32,1.1920928955078125e-07,4.814231254404896e-06,2.36864638124442e-05,9.717698914758966e-12,4.102638110824108e-07,3.3546252702639353e-21,1.4162625948841683e-16,1.019221374075121e-07,0.004302756521886434,0.05928879537925984,0.0056112971023936555,0.09464346621480821,0.059022661769462845,8.74889896840055e-18,1.4822948857462502e-16,0.05902266226206846,1.016092743467265e-07,1.7215298404461634e-06,9.936493494264151e-06,9.936493494264151e-06,0.05928879537925984,0.0056112971023936555,0.09464346621480821,564.7160243835293,True
adamw_no_decay_grad_projection,17,1,60,torch.float32,1.1920928955078125e-07,3.342961442244951e-06,3.2339366058780615e-05,9.508645705051645e-12,2.940269666315833e-07,4.74972429657831e-21,1.4687128646694345e-16,1.0557316632847442e-07,0.0032644303140647152,0.06299009106692909,0.006293452313777677,0.0999117830626832,0.06267490750367508,9.424419047250262e-18,1.5036989159812706e-16,0.06267490650597424,1.0594481353343852e-07,1.690386463094919e-06,1.0250253709033773e-05,1.0250253709033773e-05,0.06299009106692909,0.006293452313777677,0.0999117830626832,613.9801503870211,True
adamw_no_decay_grad_projection,17,2,60,torch.float32,1.1920928955078125e-07,3.920330339574255e-06,2.9183478529317684e-05,9.31950664676393e-12,3.1934187137429715e-07,4.3286171363814435e-21,1.483242353043398e-16,9.823539608984455e-08,0.003366116151090193,0.06295318143800076,0.006158995188467573,0.09783453429646347,0.06265117581844953,9.559580338383497e-18,1.5258421272228366e-16,0.06265117636553445,9.808009702868769e-08,1.5654948991930393e-06,9.45995322696843e-06,9.45995322696843e-06,0.06295318143800076,0.006158995188467573,0.09783453429646347,651.0597928655199,True
adamw_no_decay_grad_projection,17,3,49,torch.float32,1.1920928955078125e-07,5.138758647397377e-06,2.2585460610288715e-05,1.0077183507148093e-11,4.4618011919391506e-07,2.963549231600282e-21,1.3121491222767202e-16,9.041675131374935e-08,0.004003185431089144,0.054132163441783336,0.004209421544131137,0.07776193073565547,0.05396824889832677,7.252395209496417e-18,1.343826297414158e-16,0.05396824851849124,9.048145250732915e-08,1.6765682598783492e-06,9.57047797802357e-06,9.57047797802357e-06,0.054132163441783336,0.004209421544131137,0.07776193073565547,439.83399301446786,True
adamw_no_decay_grad_projection,17,4,60,torch.float32,1.1920928955078125e-07,8.425881056896194e-06,3.783466416401611e-05,2.573782396577458e-11,6.802709772762665e-07,5.4785681556189304e-21,1.448028752646037e-16,1.1277936471006621e-07,0.0029807293016956967,0.08152833307641269,0.011235484489967425,0.13781079614907532,0.08075043642293327,1.2777255834172101e-17,1.5823141521181103e-16,0.08075043738322395,1.154134692361135e-07,1.429261227259815e-06,1.0906108946672202e-05,1.0906108946672202e-05,0.08152833307641269,0.011235484489967425,0.13781079614907532,1030.2010134783886,True
adamw_no_decay_grad_projection,17,5,53,torch.float32,1.1920928955078125e-07,5.678672305444112e-06,3.630783593471188e-05,1.5281338092159095e-11,4.208826469205637e-07,4.783202170897487e-21,1.3174021661602143e-16,9.056865699201652e-08,0.002494342054927983,0.061899944670996375,0.006940165607616215,0.11211909226258283,0.06150965169476473,8.754712481288969e-18,1.4233071136109374e-16,0.061509651726548285,9.0621327840653e-08,1.4732863103098953e-06,9.258524100928194e-06,9.258524100928194e-06,0.061899944670996375,0.006940165607616215,0.11211909226258283,749.5974014822128,True
adamw_no_decay_grad_projection,17,6,60,torch.float32,1.1920928955078125e-07,3.095485046437789e-06,3.280132598302052e-05,8.825071283009487e-12,2.690461747667686e-07,4.799223413085476e-21,1.463118721349847e-16,9.820937462081109e-08,0.002994053262705254,0.06386004791910932,0.006449961044485777,0.1010015064920693,0.06353348505123542,9.588003456691155e-18,1.5091260063821596e-16,0.06353348493712803,9.776672575394818e-08,1.5388220219730896e-06,9.421257459792525e-06,9.421257459792525e-06,0.06386004791910932,0.006449961044485777,0.1010015064920693,684.6178519175951,True
adamw_no_decay_grad_projection,17,7,53,torch.float32,1.1920928955078125e-07,7.079248571757639e-06,1.4709338536647384e-05,8.480570593511725e-12,5.765433008685552e-07,1.996517584637386e-21,1.3573129611936804e-16,9.921926664437298e-08,0.006744301574688475,0.05603943262442787,0.004671751197263945,0.08336542642345571,0.0558443618427022,7.805820114014786e-18,1.3977812363585742e-16,0.055844362748214395,9.776309277882771e-08,1.7506349426819032e-06,1.0114252745152395e-05,1.0114252745152395e-05,0.05603943262442787,0.004671751197263945,0.08336542642345571,461.8978104440828,True
adamw_no_decay_grad_projection,18,0,58,torch.float32,1.1920928955078125e-07,4.814231254404896e-06,2.4159767778260216e-05,9.736211059805836e-12,4.0299274186595495e-07,3.454431885429265e-21,1.429828265376773e-16,1.0212521233376031e-07,0.004226924281267807,0.061422293960129694,0.005705394385952292,0.09288800561007644,0.061156738551244934,9.073003170806979e-18,1.4835655703262295e-16,0.061156737228573135,1.0188420137758783e-07,1.6659522073062191e-06,9.940412078058025e-06,9.940412078058025e-06,0.061422293960129694,0.005705394385952292,0.09288800561007644,573.959544247275,True
adamw_no_decay_grad_projection,18,1,60,torch.float32,1.1920928955078125e-07,3.342961442244951e-06,3.252122759047339e-05,9.264184557274712e-12,2.848657705648392e-07,4.670218104296598e-21,1.436052218909737e-16,1.0650092065786467e-07,0.003274601087951606,0.06549423954662578,0.006432315936534953,0.09821193407331258,0.06517760908075257,9.769608992202185e-18,1.498921045124256e-16,0.06517760835359715,1.0654853459347835e-07,1.6347413979266997e-06,1.025400887147169e-05,1.025400887147169e-05,0.06549423954662578,0.006432315936534953,0.09821193407331258,627.297676173335,True
adamw_no_decay_grad_projection,18,2,60,torch.float32,1.1920928955078125e-07,3.920330339574255e-06,3.019539585588694e-05,9.580998030067631e-12,3.172999643983705e-07,4.405274061633793e-21,1.4589224405796807e-16,9.755223374135428e-08,0.0032305748966908595,0.065514214397292,0.006295983773882582,0.09610103443662484,0.06521098739026537,9.927732124021433e-18,1.5224017487432546e-16,0.06521098802331789,9.854500575140877e-08,1.511171793872705e-06,9.464326994397598e-06,9.464326994397598e-06,0.065514214397292,0.006295983773882582,0.09610103443662484,665.2331198625624,True
adamw_no_decay_grad_projection,18,3,49,torch.float32,1.1920928955078125e-07,5.138758647397377e-06,2.4501709783951833e-05,1.0449306807322916e-11,4.2647255638327e-07,3.1927482361711305e-21,1.3030716077873929e-16,9.007405299292095e-08,0.0036759649629858728,0.05647552823784613,0.004311211331890628,0.07633768937466161,0.056310733848845676,7.478866799199133e-18,1.328142307517174e-16,0.05631073470283877,8.975346239613303e-08,1.5938961348982067e-06,9.5740943496342e-06,9.5740943496342e-06,0.05647552823784613,0.004311211331890628,0.07633768937466161,450.2996497058072,True
adamw_no_decay_grad_projection,18,4,60,torch.float32,1.1920928955078125e-07,8.425881056896194e-06,4.0381511755057546e-05,2.8899767128201608e-11,7.156682816507503e-07,5.7157397622018464e-21,1.4154348150394462e-16,1.1415843128487643e-07,0.002826920630863551,0.08654849937698181,0.011895204749250193,0.1374397573022948,0.08572716517172858,1.347913493085409e-17,1.572329483175222e-16,0.08572716447924396,1.1337657047253722e-07,1.3225279427034784e-06,1.0913525755410754e-05,1.0913525755410754e-05,0.08654849937698181,0.011895204749250193,0.1374397573022948,1089.9506736723224,True
adamw_no_decay_grad_projection,18,5,53,torch.float32,1.1920928955078125e-07,5.678672305444112e-06,3.714002430701472e-05,1.5137995225337154e-11,4.075924964453512e-07,4.9504893435811186e-21,1.332925714495701e-16,9.081615015631286e-08,0.0024452193500322373,0.06467275490663887,0.007217265415369147,0.11159669053510925,0.06426878174618139,9.253694038227582e-18,1.4398427645281142e-16,0.06426878072117567,8.950371327664735e-08,1.3926468228011227e-06,9.263362167055275e-06,9.263362167055275e-06,0.06467275490663887,0.007217265415369147,0.11159669053510925,779.1194261017909,True
adamw_no_decay_grad_projection,18,6,60,torch.float32,1.1920928955078125e-07,3.095485046437789e-06,3.192728734976484e-05,8.724937707011091e-12,2.7327525860337e-07,4.6521555579260345e-21,1.4571095586548393e-16,9.804289316572725e-08,0.0030707686612616325,0.06653729383472139,0.006626332289405781,0.09958824453945464,0.06620651925028553,1.0121208830798241e-17,1.52873296246496e-16,0.06620651887263387,9.874854205534902e-08,1.4915229457286302e-06,9.426549288732069e-06,9.426549288732069e-06,0.06653729383472139,0.006626332289405781,0.09958824453945464,702.9435784446065,True
adamw_no_decay_grad_projection,18,7,53,torch.float32,1.1920928955078125e-07,7.079248571757639e-06,1.6315601218524163e-05,9.272004174328998e-12,5.682906838763556e-07,2.2030119485015285e-21,1.3502487091929295e-16,9.962151945879901e-08,0.00610519753998132,0.05858374781464091,0.004805420967643807,0.08202652009987767,0.05838632919899291,8.067623420179348e-18,1.3817658227293564e-16,0.058386329134616645,9.879854600654496e-08,1.6921520409127474e-06,1.011849271149685e-05,1.011849271149685e-05,0.05858374781464091,0.004805420967643807,0.08202652009987767,474.9147036676504,True
adamw_no_decay_grad_projection,19,0,58,torch.float32,1.1920928955078125e-07,4.814231254404896e-06,2.5780352469596265e-05,1.008731648730939e-11,3.912792309261768e-07,3.683086405415342e-21,1.4286408262878583e-16,1.0274503304675693e-07,0.003985348105634415,0.06408599220500344,0.005880380021009938,0.09175764966233657,0.06381563701561138,9.468379696252523e-18,1.4837084042483582e-16,0.0638156367095274,1.0237542496352838e-07,1.6042373036175344e-06,9.945211339527632e-06,9.945211339527632e-06,0.06408599220500344,0.005880380021009938,0.09175764966233657,591.2775324982927,True
adamw_no_decay_grad_projection,19,1,60,torch.float32,1.1920928955078125e-07,3.342961442244951e-06,3.485714656415577e-05,1.0129962744828741e-11,2.906136543960705e-07,5.05435869129798e-21,1.4500207818202997e-16,1.0589481300744056e-07,0.0030379515771851422,0.06823983929554446,0.006605546465464456,0.09679897452360718,0.06791938179175605,1.0231838896819529e-17,1.5064682019914165e-16,0.0679193812231027,1.0574254745685173e-07,1.5568832570707154e-06,1.025833755794346e-05,1.025833755794346e-05,0.06823983929554446,0.006605546465464456,0.09679897452360718,643.9197801937709,True
adamw_no_decay_grad_projection,19,2,60,torch.float32,1.1920928955078125e-07,3.920330339574255e-06,2.9988356640940167e-05,9.799656597620993e-12,3.2678204794465067e-07,4.425880749369504e-21,1.4758663845312279e-16,9.816279619465142e-08,0.003273287985364715,0.06818391461587998,0.006462774485797902,0.0947844447214054,0.06787693833910993,1.0459657041319435e-17,1.5409736056543224e-16,0.06787693792635371,9.850316647283845e-08,1.451202271082324e-06,9.469171974188473e-06,9.469171974188473e-06,0.06818391461587998,0.006462774485797902,0.0947844447214054,682.5068235548415,True
adamw_no_decay_grad_projection,19,3,49,torch.float32,1.1920928955078125e-07,5.138758647397377e-06,2.3737890567676424e-05,1.0052314745336955e-11,4.234712733500028e-07,3.0980938808874872e-21,1.3051260271232351e-16,9.003917808605005e-08,0.0037927230957642043,0.058727284866707974,0.004392798369117091,0.07479995676774992,0.05856276385472042,7.862216723748532e-18,1.3425282903745332e-16,0.05856276412531548,8.975388266010841e-08,1.5326100808364962e-06,9.578015253875158e-06,9.578015253875158e-06,0.058727284866707974,0.004392798369117091,0.07479995676774992,458.6334697410107,True
adamw_no_decay_grad_projection,19,4,60,torch.float32,1.1920928955078125e-07,8.425881056896194e-06,3.265053284452608e-05,2.4405720589390188e-11,7.474830718875037e-07,4.6039306633668965e-21,1.4100629491380689e-16,1.1287280485511157e-07,0.0034569134444225233,0.09073901049625023,0.012330942330256302,0.13589460875557902,0.08989725183278131,1.414906950902853e-17,1.5739156893636017e-16,0.0898972505417947,1.1336979912181775e-07,1.2611041877093926e-06,1.0920878642890872e-05,1.0920878642890872e-05,0.09073901049625023,0.012330942330256302,0.13589460875557902,1129.1163223650815,True
adamw_no_decay_grad_projection,19,5,53,torch.float32,1.1920928955078125e-07,5.678672305444112e-06,4.327215767146949e-05,1.8061998061026122e-11,4.174046091751715e-07,5.774562608898591e-21,1.3344753115249485e-16,9.10589562500909e-08,0.0021042589856207447,0.06652597428902382,0.007362053071911243,0.11066434051648176,0.0661173610307476,9.326360177359421e-18,1.410576591679489e-16,0.0661173613058195,9.079574600846266e-08,1.373251203847892e-06,9.267750553627906e-06,9.267750553627906e-06,0.06652597428902382,0.007362053071911243,0.11066434051648176,794.3732440046448,True
adamw_no_decay_grad_projection,19,6,60,torch.float32,1.1920928955078125e-07,3.095485046437789e-06,3.5541853892442225e-05,9.42862584433665e-12,2.6528233087868253e-07,5.1625620630526e-21,1.4525303262671314e-16,9.734969939996769e-08,0.0027389042430914687,0.06961122477195279,0.006846187195751396,0.0983488972960839,0.069273749249857,1.0520939628790452e-17,1.5187484065346975e-16,0.06927374957693552,9.87655068431722e-08,1.4257277460271311e-06,9.432588737742208e-06,9.432588737742208e-06,0.06961122477195279,0.006846187195751396,0.0983488972960839,725.8015149497661,True
adamw_no_decay_grad_projection,19,7,53,torch.float32,1.1920928955078125e-07,7.079248571757639e-06,1.867390962511918e-05,1.0528812787915563e-11,5.638247693858787e-07,2.5220158125721568e-21,1.3505558628066145e-16,9.900028891778393e-08,0.0053012342665385934,0.06137722571443205,0.004953666421672411,0.08070854236260505,0.06117699751853742,8.517191229467802e-18,1.3922211901437274e-16,0.06117699695758416,9.846147900058234e-08,1.6094526357488358e-06,1.0123328103158233e-05,1.0123328103158233e-05,0.06137722571443205,0.004953666421672411,0.08070854236260505,489.33180582450814,True
adamw_no_decay_grad_projection,20,0,58,torch.float32,1.1920928955078125e-07,4.814231254404896e-06,2.809489667063352e-05,1.1140023709459693e-11,3.9651413707116127e-07,3.953609308446224e-21,1.4072339737697224e-16,1.0137939933972127e-07,0.0036084506874545065,0.06609782826315118,0.005955855321314584,0.09010667185013865,0.06582895023085661,9.696424481337746e-18,1.4729726734716562e-16,0.06582895001666692,1.0155144697628322e-07,1.5426563381395557e-06,9.949677968366613e-06,9.949677968366613e-06,0.06609782826315118,0.005955855321314584,0.09010667185013865,598.5977978634344,True
adamw_no_decay_grad_projection,20,1,60,torch.float32,1.1920928955078125e-07,3.342961442244951e-06,3.6160333038571445e-05,1.01117153909871e-11,2.796355713925851e-07,5.207085588025864e-21,1.4399993447161513e-16,1.0647829892616658e-07,0.002944495776514505,0.0711310055985507,0.006790757208438789,0.09546831443329336,0.07080611254684928,1.0616806060017175e-17,1.4994194255464178e-16,0.07080611274659515,1.057124348974417e-07,1.4929845856073364e-06,1.0263192180646383e-05,1.0263192180646383e-05,0.0711310055985507,0.006790757208438789,0.09546831443329336,661.6613124758911,True
adamw_no_decay_grad_projection,20,2,60,torch.float32,1.1920928955078125e-07,3.920330339574255e-06,3.341954021257033e-05,1.1037959487955631e-11,3.302846004985983e-07,4.9541180754780884e-21,1.4824016261046379e-16,9.892062399666182e-08,0.0029597965966143805,0.07108208189005337,0.006659841438820908,0.09369226761143627,0.07076940636909439,1.0856067663937544e-17,1.534005754876373e-16,0.07076940642049948,9.869171866662585e-08,1.3945534328805426e-06,9.474819708892473e-06,9.474819708892473e-06,0.07108208189005337,0.006659841438820908,0.09369226761143627,702.8990148034582,True
adamw_no_decay_grad_projection,20,3,49,torch.float32,1.1920928955078125e-07,5.138758647397377e-06,2.8519370282118548e-05,1.2069379867026249e-11,4.2319938160042995e-07,3.6864447687309896e-21,1.2926108579061775e-16,8.957754879981e-08,0.0031408926092290003,0.06104908723916743,0.00449363544705915,0.07360692272850487,0.060883481283550214,8.092628017615503e-18,1.3291992913358597e-16,0.06088348113054691,9.029658107267272e-08,1.4831047666124408e-06,9.582458982822764e-06,9.582458982822764e-06,0.06104908723916743,0.00449363544705915,0.07360692272850487,468.9438749609374,True
adamw_no_decay_grad_projection,20,4,60,torch.float32,1.1920928955078125e-07,8.425881056896194e-06,3.80034153882834e-05,3.094181062215851e-11,8.141849964279262e-07,5.498200734655925e-21,1.4467648969131506e-16,1.1325898557631122e-07,0.002980093685783317,0.09516312737780472,0.012856029068568059,0.1350946466642344,0.09429073829869197,1.475295336106897e-17,1.564623803701156e-16,0.09429073871463535,1.1370569557042286e-07,1.205905236510508e-06,1.092917383889993e-05,1.092917383889993e-05,0.09516312737780472,0.012856029068568059,0.1350946466642344,1176.3038321167444,True
adamw_no_decay_grad_projection,20,5,53,torch.float32,1.1920928955078125e-07,5.678672305444112e-06,3.930537972501069e-05,1.686474456420881e-11,4.2906962563899316e-07,5.2579754988401396e-21,1.3377241323265687e-16,9.075904652067254e-08,0.0023090319901587254,0.06932780087754259,0.007537093899448396,0.10871676014592715,0.06891687884739915,9.700148044983538e-18,1.4075141253077237e-16,0.06891687899761458,9.018230390234488e-08,1.308566278885995e-06,9.273481877596249e-06,9.273481877596249e-06,0.06932780087754259,0.007537093899448396,0.10871676014592715,812.7577105269615,True
adamw_no_decay_grad_projection,20,6,60,torch.float32,1.1920928955078125e-07,3.095485046437789e-06,3.48525399690001e-05,9.285888484649227e-12,2.664336227118208e-07,5.1345392207902615e-21,1.4732180854989063e-16,9.90603073375692e-08,0.0028422148160402194,0.07188238073900424,0.006953083145945681,0.09672861519697629,0.0715453093883361,1.0891753298360952e-17,1.5223574251726717e-16,0.07154530810662514,9.821094675466021e-08,1.3727098163906825e-06,9.438252874277184e-06,9.438252874277184e-06,0.07188238073900424,0.006953083145945681,0.09672861519697629,736.6917626137639,True
adamw_no_decay_grad_projection,20,7,53,torch.float32,1.1920928955078125e-07,7.079248571757639e-06,1.6826351651734405e-05,9.221465290759586e-12,5.480371194910257e-07,2.280954002132368e-21,1.355584412677835e-16,9.874641790962828e-08,0.005867675580259293,0.06328263686848612,0.005012185195207017,0.07920316603783961,0.06308383413044603,8.802628284097502e-18,1.395385744293102e-16,0.06308383432049368,9.934541196526369e-08,1.5748156882878302e-06,1.0127530872105454e-05,1.0127530872105454e-05,0.06328263686848612,0.005012185195207017,0.07920316603783961,494.90692830295103,True
adamw_no_decay_grad_projection,21,0,58,torch.float32,1.1920928955078125e-07,4.814231254404896e-06,3.2858701356160136e-05,1.2753867178658418e-11,3.8814276439039505e-07,4.6898374455659416e-21,1.4272741319665921e-16,1.0156265220915682e-07,0.003090798020018183,0.06907265359408903,0.006117186135526122,0.08856162051445504,0.06880124641539824,1.0187965445855455e-17,1.480782104490379e-16,0.06880124500339219,1.018930579192135e-07,1.4809769490972112e-06,9.955401519822982e-06,9.955401519822982e-06,0.06907265359408903,0.006117186135526122,0.08856162051445504,614.4590073384496,True
adamw_no_decay_grad_projection,21,1,60,torch.float32,1.1920928955078125e-07,3.342961442244951e-06,3.6813322240436566e-05,1.00196000135932e-11,2.721732080618209e-07,5.3152893603292105e-21,1.44384941017113e-16,1.0696254864121674e-07,0.0029054621357426096,0.07287281487722434,0.006821481336548184,0.09360803954178211,0.07255283964467094,1.0803578582822804e-17,1.4890635067812037e-16,0.07255283896210284,1.0534564710290012e-07,1.4519851822466414e-06,1.0267340459488388e-05,1.0267340459488388e-05,0.07287281487722434,0.006821481336548184,0.09360803954178211,664.3863971846993,True
adamw_no_decay_grad_projection,21,2,60,torch.float32,1.1920928955078125e-07,3.920330339574255e-06,3.491849052502154e-05,1.1562650575273631e-11,3.3113260056267846e-07,5.132641030536782e-21,1.469892012330592e-16,9.818205966570637e-08,0.0028116975898475204,0.07378593573105546,0.0067984947352436225,0.09213808387581689,0.07347206803297639,1.13772538523571e-17,1.5485141710249206e-16,0.07347206781426296,9.85025390375816e-08,1.3406800974568396e-06,9.480629592411431e-06,9.480629592411431e-06,0.07378593573105546,0.0067984947352436225,0.09213808387581689,717.0931707621331,True
adamw_no_decay_grad_projection,21,3,49,torch.float32,1.1920928955078125e-07,5.138758647397377e-06,3.149916384877591e-05,1.3612561751608037e-11,4.3215628887676127e-07,4.142402939689309e-21,1.3150834604934043e-16,8.997576130282212e-08,0.0028563135258432262,0.06336648921222057,0.004594395640089707,0.07250513161148359,0.06319971110523204,8.509444122709502e-18,1.3464371867999e-16,0.0631997113865266,9.001965642969104e-08,1.4243681569862697e-06,9.58711939986686e-06,9.58711939986686e-06,0.06336648921222057,0.004594395640089707,0.07250513161148359,479.2258705105426,True
adamw_no_decay_grad_projection,21,4,60,torch.float32,1.1920928955078125e-07,8.425881056896194e-06,3.2574405803189104e-05,2.6187133699709177e-11,8.039174638496522e-07,4.764835390760453e-21,1.4627543536943058e-16,1.1466250513775052e-07,0.0035199475892487377,0.09838095892923908,0.013145020526554415,0.13361346209289368,0.0974988282760008,1.5418704942192472e-17,1.5814246401551642e-16,0.09749882868328758,1.1331562970334139e-07,1.1622255491030838e-06,1.0937216531649465e-05,1.0937216531649465e-05,0.09838095892923908,0.013145020526554415,0.13361346209289368,1201.8615969169248,True
adamw_no_decay_grad_projection,21,5,53,torch.float32,1.1920928955078125e-07,5.678672305444112e-06,3.88426088538734e-05,1.6128549834452744e-11,4.15228284359803e-07,5.2255994384914554e-21,1.345326586623135e-16,9.162210561399831e-08,0.0023587858917918413,0.07074600672758649,0.007497495602978648,0.10597765089199157,0.07034760143446987,9.90317264377835e-18,1.407748443705411e-16,0.07034760218101682,9.158296940856973e-08,1.3018634121019584e-06,9.278295711400579e-06,9.278295711400579e-06,0.07074600672758649,0.007497495602978648,0.10597765089199157,808.068187971871,True
adamw_no_decay_grad_projection,21,6,60,torch.float32,1.1920928955078125e-07,3.095485046437789e-06,4.1058426210057846e-05,1.0914230679793094e-11,2.6582194417182745e-07,5.939525016257342e-21,1.4466031858772464e-16,9.750592874207486e-08,0.0023747875023462507,0.07423370788940226,0.007035263542709724,0.09477181920093866,0.07389958358403464,1.1142969427557096e-17,1.5078528033768835e-16,0.073899583773288,9.796545520775615e-08,1.3256563867571753e-06,9.444445686389185e-06,9.444445686389185e-06,0.07423370788940226,0.007035263542709724,0.09477181920093866,744.9101595076733,True
adamw_no_decay_grad_projection,21,7,53,torch.float32,1.1920928955078125e-07,7.079248571757639e-06,1.865895632072973e-05,1.0621295446473039e-11,5.692330944937682e-07,2.4767686090759415e-21,1.3273886097930903e-16,9.815597657550031e-08,0.005259982500903467,0.06530231664439093,0.005083139584904466,0.07784011113396047,0.06510417998166226,9.053628675851725e-18,1.3906370802000484e-16,0.06510418113354673,9.912131890603297e-08,1.5225031200793027e-06,1.0132110396225694e-05,1.0132110396225694e-05,0.06530231664439093,0.005083139584904466,0.07784011113396047,501.6861627167015,True
adamw_no_decay_grad_projection,22,0,58,torch.float32,1.1920928955078125e-07,4.814231254404896e-06,3.042392081177974e-05,1.1315168236786971e-11,3.719168317190034e-07,4.384832920515568e-21,1.4412451792926447e-16,1.0301240480285261e-07,0.003385816598102536,0.07141372487248121,0.00623246311771492,0.08727262341859103,0.07114124333780486,1.046373657463655e-17,1.4708397103703782e-16,0.07114124300779676,1.02439115116387e-07,1.4399399108778593e-06,9.96088838180424e-06,9.96088838180424e-06,0.07141372487248121,0.00623246311771492,0.08727262341859103,625.6935003006247,True
adamw_no_decay_grad_projection,22,1,60,torch.float32,1.1920928955078125e-07,3.342961442244951e-06,4.099749751936526e-05,1.1325083530935996e-11,2.76238410053847e-07,5.938773885884164e-21,1.4485698506547132e-16,1.0643770715594225e-07,0.002596182269797648,0.07574934831632743,0.006992079803701323,0.09230547798909858,0.07542595435502934,1.1274849012774903e-17,1.4948235138934115e-16,0.07542595437219173,1.0654820474505626e-07,1.412619908251884e-06,1.027296581669441e-05,1.027296581669441e-05,0.07574934831632743,0.006992079803701323,0.09230547798909858,680.6291316903461,True
adamw_no_decay_grad_projection,22,2,60,torch.float32,1.1920928955078125e-07,3.920330339574255e-06,3.618818121981451e-05,1.1533074874313563e-11,3.1869727865734054e-07,5.313065284021758e-21,1.4681769309569242e-16,9.887585498873758e-08,0.0027321558102598887,0.07630368611139295,0.006941671013210689,0.09097425520278009,0.07598727339318297,1.1640553296592288e-17,1.5319082757924823e-16,0.07598727260241829,9.823558495393862e-08,1.2927899842902414e-06,9.486801225820742e-06,9.486801225820742e-06,0.07630368611139295,0.006941671013210689,0.09097425520278009,731.7188215472636,True
adamw_no_decay_grad_projection,22,3,49,torch.float32,1.1920928955078125e-07,5.138758647397377e-06,3.1387175469922896e-05,1.2658008072254049e-11,4.032859880744517e-07,4.075204681814559e-21,1.2983661705144508e-16,9.029459701495291e-08,0.002876753581578787,0.06548980700565048,0.004671983555522494,0.07133909487806848,0.06532294689689278,8.729025858886011e-18,1.3362878243481735e-16,0.06532294789921118,8.96355340049985e-08,1.3721905836720652e-06,9.591959099115965e-06,9.591959099115965e-06,0.06548980700565048,0.004671983555522494,0.07133909487806848,487.0729229811961,True
adamw_no_decay_grad_projection,22,4,60,torch.float32,1.1920928955078125e-07,8.425881056896194e-06,3.685608384925161e-05,3.3922538355791554e-11,9.204053934362963e-07,5.502981099113688e-21,1.4930997882532111e-16,1.1414426679871402e-07,0.0030969827937993694,0.10229702444791611,0.013593647171728913,0.13288409164481646,0.10138981195104414,1.5892792006373457e-17,1.567493981944385e-16,0.1013898120331608,1.1480862113602963e-07,1.1323486929680868e-06,1.0946834380588437e-05,1.0946834380588437e-05,0.10229702444791611,0.013593647171728913,0.13288409164481646,1241.7879634530652,True
adamw_no_decay_grad_projection,22,5,53,torch.float32,1.1920928955078125e-07,5.678672305444112e-06,4.087848518078832e-05,1.717109610624129e-11,4.200521626547747e-07,5.5367050807289485e-21,1.3544301008814104e-16,9.025386376248383e-08,0.0022078149416104873,0.07248171479781663,0.007479970265113029,0.10319803119970263,0.07209472258678201,1.021878243149228e-17,1.417410604388096e-16,0.07209472275006892,9.053620805040273e-08,1.255795217692493e-06,9.283707071398609e-06,9.283707071398609e-06,0.07248171479781663,0.007479970265113029,0.10319803119970263,805.7094227108305,True
adamw_no_decay_grad_projection,22,6,60,torch.float32,1.1920928955078125e-07,3.095485046437789e-06,3.841884213089276e-05,1.0369000071478588e-11,2.698936119977658e-07,5.569913458509479e-21,1.4497869143304788e-16,9.762889222880877e-08,0.0025410386140884136,0.07686322672437217,0.007193646706524424,0.09359022530137194,0.07652585882918236,1.160653239618302e-17,1.5166811028008987e-16,0.07652585812831632,9.790511156228772e-08,1.2793729329780698e-06,9.45132530249417e-06,9.45132530249417e-06,0.07686322672437217,0.007193646706524424,0.09359022530137194,761.1257126686822,True
adamw_no_decay_grad_projection,22,7,53,torch.float32,1.1920928955078125e-07,7.079248571757639e-06,1.83781871614706e-05,9.901899492397762e-12,5.387854310873948e-07,2.4794115974630296e-21,1.3491056412035092e-16,9.758660073574976e-08,0.005309411874911769,0.0673770926771918,0.005159802173236697,0.07658095605219503,0.06717923086165808,9.34243032611835e-18,1.3906724156096962e-16,0.06717923097107453,9.878048658332873e-08,1.4704021638154922e-06,1.013709815927636e-05,1.013709815927636e-05,0.0673770926771918,0.005159802173236697,0.07658095605219503,509.00189503590957,True
adamw_no_decay_grad_projection,23,0,58,torch.float32,1.1920928955078125e-07,4.814231254404896e-06,3.242417016991847e-05,1.4101954193506806e-11,4.349210517834593e-07,4.590070223327134e-21,1.4156322888984858e-16,1.016113854455053e-07,0.003133780303261939,0.07373076008724602,0.006327449159707379,0.08581830910491188,0.07345875284929869,1.0847537266565556e-17,1.4766841044551053e-16,0.07345875294199365,1.0143428234897956e-07,1.3808331653693692e-06,9.966897570235261e-06,9.966897570235261e-06,0.07373076008724602,0.006327449159707379,0.08581830910491188,634.8464118466931,True
adamw_no_decay_grad_projection,23,1,60,torch.float32,1.1920928955078125e-07,3.342961442244951e-06,4.106121701753288e-05,1.135614411840942e-11,2.7656618442557166e-07,6.013197085973597e-21,1.4644468729229893e-16,1.0663416558036985e-07,0.002596876594058382,0.07872455614798692,0.007175315900253345,0.09114457103784925,0.07839687865233613,1.177593795776356e-17,1.5020927057550207e-16,0.0783968801943926,1.0725470180357174e-07,1.368099107230076e-06,1.0279175904763917e-05,1.0279175904763917e-05,0.07872455614798692,0.007175315900253345,0.09114457103784925,698.0438866629299,True
adamw_no_decay_grad_projection,23,2,60,torch.float32,1.1920928955078125e-07,3.920330339574255e-06,3.6939985308447855e-05,1.2234337579028006e-11,3.3119497684884347e-07,5.440162647973441e-21,1.4727029809428814e-16,9.905958086933273e-08,0.0026815941543016225,0.0781028571286074,0.0069795417848077905,0.08936346302050113,0.07779037400685114,1.1825612988717058e-17,1.5201897586551717e-16,0.07779037297092344,9.867312159374311e-08,1.268449010144549e-06,9.492734606235859e-06,9.492734606235859e-06,0.0781028571286074,0.0069795417848077905,0.08936346302050113,735.2509128637041,True
adamw_no_decay_grad_projection,23,3,49,torch.float32,1.1920928955078125e-07,5.138758647397377e-06,3.131408567339767e-05,1.4501347344577822e-11,4.6309343008846613e-07,4.0759313961300535e-21,1.3016287426182543e-16,9.021548655725611e-08,0.0028809529208970934,0.06766644761608409,0.004747493132879041,0.07016022416035,0.06749969956920934,9.096854692647747e-18,1.3476881750148364e-16,0.06749969822743648,8.90919376548906e-08,1.3198864586727524e-06,9.597284796281667e-06,9.597284796281667e-06,0.06766644761608409,0.004747493132879041,0.07016022416035,494.6704441571215,True
adamw_no_decay_grad_projection,23,4,60,torch.float32,1.1920928955078125e-07,8.425881056896194e-06,5.699340951173e-05,3.642394330095173e-11,6.390904424388788e-07,8.292808613594768e-21,1.455046940451894e-16,1.1369783137604222e-07,0.0019948999938884963,0.10793276413609433,0.014425914573820212,0.13365649151383097,0.10696436118056618,1.671001059285263e-17,1.562203560926664e-16,0.1069643613616464,1.1391578748949934e-07,1.0649882450506125e-06,1.0959056779637883e-05,1.0959056779637883e-05,0.10793276413609433,0.014425914573820212,0.13365649151383097,1316.3463666529963,True
adamw_no_decay_grad_projection,23,5,53,torch.float32,1.1920928955078125e-07,5.678672305444112e-06,4.9972355165747664e-05,2.1558100670713412e-11,4.314005333390788e-07,6.6077755898745415e-21,1.3222862056348096e-16,8.940846659611922e-08,0.0017891236135556799,0.07524775175364086,0.007773642200568488,0.10330730180509826,0.07484513765713242,1.0572735643772081e-17,1.4126148972036188e-16,0.07484513791737846,9.074300951105513e-08,1.2124102117525167e-06,9.290364068926808e-06,9.290364068926808e-06,0.07524775175364086,0.007773642200568488,0.10330730180509826,836.7424724041491,True
adamw_no_decay_grad_projection,23,6,60,torch.float32,1.1920928955078125e-07,3.095485046437789e-06,4.038180707282648e-05,1.0093019234334087e-11,2.4993976163899383e-07,5.849205221886611e-21,1.4484753521153863e-16,9.808836382856897e-08,0.00242894110928119,0.07845569529124803,0.007210231305406028,0.09190194897438314,0.07812367559297054,1.176736913847308e-17,1.506248784271473e-16,0.07812367510760436,9.823701316339973e-08,1.2574550931979593e-06,9.457930434622661e-06,9.457930434622661e-06,0.07845569529124803,0.007210231305406028,0.09190194897438314,762.3476779879372,True
adamw_no_decay_grad_projection,23,7,53,torch.float32,1.1920928955078125e-07,7.079248571757639e-06,2.1244414572388495e-05,1.1937470703951054e-11,5.619110219900464e-07,2.9337781624399074e-21,1.3809644659511687e-16,9.860687581515461e-08,0.004641170457772824,0.06986005881260948,0.005270795674887609,0.0754479135069988,0.0696609397744162,9.6879355075313e-18,1.3907270758769332e-16,0.0696609399835558,9.920562011251154e-08,1.4241211809075513e-06,1.0142911206292788e-05,1.0142911206292788e-05,0.06986005881260948,0.005270795674887609,0.0754479135069988,519.6531417545627,True
adamw_no_decay_grad_projection,24,0,58,torch.float32,1.1920928955078125e-07,4.814231254404896e-06,3.474909615256679e-05,1.4086790502125383e-11,4.0538581033236e-07,4.92954432180249e-21,1.4186108036190656e-16,1.0157352974073475e-07,0.0029229913442789532,0.07548965804430915,0.006397162328154886,0.08474223481579463,0.07521811474501315,1.1030954008972338e-17,1.466528913462787e-16,0.07521811523847095,1.0110754520274186e-07,1.3441914209388424e-06,9.972843796391187e-06,9.972843796391187e-06,0.07548965804430915,0.006397162328154886,0.08474223481579463,641.4581897361902,True
adamw_no_decay_grad_projection,24,1,60,torch.float32,1.1920928955078125e-07,3.342961442244951e-06,4.128721621284071e-05,1.1351724544755218e-11,2.7494526359528997e-07,5.9492870515831734e-21,1.4409513639558764e-16,1.0722019654150905e-07,0.0025969126352425867,0.08021587343832923,0.007151204669521252,0.08914949576680943,0.07989647441063134,1.1833567395833714e-17,1.481112587648685e-16,0.07989647465649842,1.069398549290599e-07,1.3384802694841042e-06,1.0284462827225379e-05,1.0284462827225379e-05,0.08021587343832923,0.007151204669521252,0.08914949576680943,695.3406113336655,True
adamw_no_decay_grad_projection,24,2,60,torch.float32,1.1920928955078125e-07,3.920330339574255e-06,3.733345745314485e-05,1.2510975504922503e-11,3.351143011767483e-07,5.468044332013283e-21,1.4646498623590457e-16,9.840590217758301e-08,0.002635845077791313,0.07988659103100862,0.007023345183779645,0.08791644621628025,0.0795772583655978,1.1991669807343393e-17,1.5069217077384932e-16,0.07957725987584377,9.881125793951238e-08,1.2417021909736203e-06,9.499241681581759e-06,9.499241681581759e-06,0.07988659103100862,0.007023345183779645,0.08791644621628025,739.3585108374839,True
adamw_no_decay_grad_projection,24,3,49,torch.float32,1.1920928955078125e-07,5.138758647397377e-06,3.0455990787651466e-05,1.318471518890011e-11,4.3291040113677465e-07,3.9814810314868694e-21,1.3072899382086608e-16,8.937912681864128e-08,0.002934607435242166,0.0692696211525475,0.004791437255143852,0.06917083095621404,0.06910370860993986,9.358771904679159e-18,1.354308197481169e-16,0.0691037080675202,9.031774699109216e-08,1.3069884311105859e-06,9.602471505518242e-06,9.602471505518242e-06,0.0692696211525475,0.004791437255143852,0.06917083095621404,498.97958586915485,True
adamw_no_decay_grad_projection,24,4,60,torch.float32,1.1920928955078125e-07,8.425881056896194e-06,3.46374584188618e-05,3.0663583477205156e-11,8.852723287718861e-07,5.0609935849045865e-21,1.461133066896909e-16,1.1377342826436814e-07,0.0032846903500088932,0.10907719253952664,0.01427588664471923,0.13087875029003918,0.10813895224576615,1.7033726933327128e-17,1.5751703322050664e-16,0.1081389531247808,1.1439177071071331e-07,1.0578220650861807e-06,1.096807882675617e-05,1.096807882675617e-05,0.10907719253952664,0.01427588664471923,0.13087875029003918,1301.5849785738046,True
adamw_no_decay_grad_projection,24,5,53,torch.float32,1.1920928955078125e-07,5.678672305444112e-06,4.104572393477549e-05,1.798300659593074e-11,4.381213162303334e-07,5.538908018498883e-21,1.3494482463754627e-16,9.128639083966033e-08,0.002224002806646763,0.07679732858042183,0.007800635960205809,0.10157431390386212,0.07640012929115775,1.082224117714985e-17,1.4165213171180293e-16,0.0764001287303933,9.155701523441778e-08,1.1983882325317968e-06,9.296417241794614e-06,9.296417241794614e-06,0.07679732858042183,0.007800635960205809,0.10157431390386212,839.1013179933333,True
adamw_no_decay_grad_projection,24,6,60,torch.float32,1.1920928955078125e-07,3.095485046437789e-06,4.260458567228499e-05,1.0948870085726818e-11,2.5698806625994827e-07,6.196473311449275e-21,1.4544146395678695e-16,9.860798986535412e-08,0.0023144954971800777,0.08030945162627326,0.007287466681749111,0.09074232900583043,0.07997812732163163,1.2098417943436897e-17,1.5127158322653855e-16,0.07997812698677045,9.842187260516877e-08,1.2306098718897129e-06,9.465288703783907e-06,9.465288703783907e-06,0.08030945162627326,0.007287466681749111,0.09074232900583043,769.9148868893799,True
adamw_no_decay_grad_projection,24,7,53,torch.float32,1.1920928955078125e-07,7.079248571757639e-06,1.87298024858794e-05,1.0609259033438065e-11,5.664373151524956e-07,2.5392278650401786e-21,1.3557152388312356e-16,9.898937619855493e-08,0.0052844586233240474,0.07035026994974108,0.005214117895994774,0.07411653003918521,0.07015677769516009,9.767505874883134e-18,1.3922398085790314e-16,0.07015677799061941,9.879893260659251e-08,1.408259264982249e-06,1.0147157460085596e-05,1.0147157460085596e-05,0.07035026994974108,0.005214117895994774,0.07411653003918521,513.8501020117993,True
adamw_no_decay_grad_projection,25,0,58,torch.float32,1.1920928955078125e-07,4.814231254404896e-06,3.395667624863254e-05,1.2984209372817285e-11,3.823757448386948e-07,4.8432376103906305e-21,1.4262990803129696e-16,1.0212585977168738e-07,0.003007471851778431,0.07766256863062898,0.006465577097624738,0.0832521665408168,0.07739296401548289,1.1260337193974535e-17,1.4549561884878634e-16,0.07739296418120271,1.0192522130105956e-07,1.3169830407634816e-06,9.979566401261188e-06,9.979566401261188e-06,0.07766256863062898,0.006465577097624738,0.0832521665408168,647.8815649553309,True
adamw_no_decay_grad_projection,25,1,60,torch.float32,1.1920928955078125e-07,3.342961442244951e-06,4.100496635009645e-05,1.2265076714175473e-11,2.991119809599996e-07,5.924050054410766e-21,1.44471525810607e-16,1.0719437984430766e-07,0.0026141228510256475,0.08196757538712679,0.007197316658880727,0.08780687515628385,0.08165097701654347,1.2139236624934893e-17,1.4867227641961145e-16,0.0816509771385947,1.0671892430980959e-07,1.3070134375570845e-06,1.0290495996107597e-05,1.0290495996107597e-05,0.08196757538712679,0.007197316658880727,0.08780687515628385,699.4139700946513,True
adamw_no_decay_grad_projection,25,2,60,torch.float32,1.1920928955078125e-07,3.920330339574255e-06,3.743782785168579e-05,1.189217877619094e-11,3.176514092458344e-07,5.47580632197499e-21,1.4626399650290331e-16,9.885095766983128e-08,0.002640360248780432,0.0818292811548968,0.007101747850697681,0.08678736694820276,0.08152052767120843,1.244853965545444e-17,1.5270435571347556e-16,0.08152052670869325,9.885124199130007e-08,1.212593269233118e-06,9.506404468311508e-06,9.506404468311508e-06,0.0818292811548968,0.007101747850697681,0.08678736694820276,747.0487789963629,True
adamw_no_decay_grad_projection,25,3,49,torch.float32,1.1920928955078125e-07,5.138758647397377e-06,3.097478749993828e-05,1.3234980348560488e-11,4.272823614556471e-07,4.102672950462467e-21,1.3245201280141201e-16,9.01156281400552e-08,0.0029092268422176754,0.0708509246637431,0.004831147807488626,0.06818750539131488,0.07068602080022328,9.55846892918002e-18,1.352243176369298e-16,0.07068602117547974,9.014315338884325e-08,1.275261386760767e-06,9.608065892141732e-06,9.608065892141732e-06,0.0708509246637431,0.004831147807488626,0.06818750539131488,502.82209361614986,True
adamw_no_decay_grad_projection,25,4,60,torch.float32,1.1920928955078125e-07,8.425881056896194e-06,3.625956062026633e-05,2.945231841570103e-11,8.122635220030612e-07,5.3646053641656495e-21,1.479500929520093e-16,1.1462321083065925e-07,0.0031611472849083487,0.11199702523697798,0.014463413127209336,0.1291410472430473,0.11105918846562833,1.7463190416304052e-17,1.5724219362280618e-16,0.1110591880217123,1.128366067589632e-07,1.0160042475450426e-06,1.0979636886058394e-05,1.0979636886058394e-05,0.11199702523697798,0.014463413127209336,0.1291410472430473,1317.2943037464686,True
adamw_no_decay_grad_projection,25,5,53,torch.float32,1.1920928955078125e-07,5.678672305444112e-06,5.473503928128566e-05,2.153043800579575e-11,3.933574961945296e-07,7.267450893916328e-21,1.327751105935844e-16,9.139312695424744e-08,0.0016697342279907445,0.07817705964224883,0.007730494937037247,0.09888444221889736,0.0777939078741785,1.0847265957032278e-17,1.394359308260528e-16,0.07779390822913612,9.087182425562857e-08,1.1681097700860128e-06,9.302728371693202e-06,9.302728371693202e-06,0.07817705964224883,0.007730494937037247,0.09888444221889736,830.9922238039301,True
adamw_no_decay_grad_projection,25,6,60,torch.float32,1.1920928955078125e-07,3.095485046437789e-06,3.975278299356646e-05,1.0061380860447281e-11,2.530987795766551e-07,5.799716303127436e-21,1.4589459822388381e-16,9.85289546588329e-08,0.0024785198187325893,0.08220236871481147,0.007368513151534989,0.08963869614388992,0.08187145067886285,1.2374058965299198e-17,1.5114009661116055e-16,0.08187144976530145,9.921043464477003e-08,1.2117830443845048e-06,9.473199596678279e-06,9.473199596678279e-06,0.08220236871481147,0.007368513151534989,0.08963869614388992,777.8272880599617,True
adamw_no_decay_grad_projection,25,7,53,torch.float32,1.1920928955078125e-07,7.079248571757639e-06,2.2165556603095945e-05,1.229762806950719e-11,5.548079973678412e-07,2.9651362768239304e-21,1.337722453768761e-16,9.997505254058823e-08,0.004510078306548981,0.07232565250638792,0.0052474651178680215,0.07255330489281872,0.07213504086303366,9.947471535001193e-18,1.3790068482651788e-16,0.07213504116754124,9.903676739125631e-08,1.3729356189210868e-06,1.015319231182527e-05,1.015319231182527e-05,0.07232565250638792,0.0052474651178680215,0.07255330489281872,516.8290875133309,True
adamw_no_decay_grad_projection,26,0,58,torch.float32,1.1920928955078125e-07,4.814231254404896e-06,3.531259659283243e-05,1.3492653997104502e-11,3.820918113918355e-07,5.0929370564950205e-21,1.442243716942959e-16,1.028226810582614e-07,0.002911810541401828,0.0803197328487847,0.006614134013714472,0.08234755992237527,0.08004694070449395,1.1771538796906395e-17,1.4705794741566588e-16,0.08004694042502272,1.0195140586403443e-07,1.2736452551803512e-06,9.987394790073086e-06,9.987394790073086e-06,0.0803197328487847,0.006614134013714472,0.08234755992237527,662.248179103579,True
adamw_no_decay_grad_projection,26,1,60,torch.float32,1.1920928955078125e-07,3.342961442244951e-06,4.5626147421337534e-05,1.3288500286180984e-11,2.912474762216387e-07,6.538102036797497e-21,1.432972627827035e-16,1.0648492654639745e-07,0.0023338236119927907,0.08515237627293375,0.0074052592065543535,0.08696479805588425,0.08482976671552878,1.2710259506840937e-17,1.4983254108742257e-16,0.08482976714373244,1.0758428237490465e-07,1.2682373888002993e-06,1.0298439613793641e-05,1.0298439613793641e-05,0.08515237627293375,0.0074052592065543535,0.08696479805588425,719.0661385862586,True
adamw_no_decay_grad_projection,26,2,60,torch.float32,1.1920928955078125e-07,3.920330339574255e-06,4.052645408539412e-05,1.3805219380992816e-11,3.4064710798293765e-07,5.9029620906044695e-21,1.456570090777387e-16,9.849164192728933e-08,0.0024301832019899597,0.08387378638913644,0.0071513908956470605,0.0852637183024961,0.08356835316977441,1.2695612134929958e-17,1.519188981639738e-16,0.08356835350747674,9.837360669423088e-08,1.1771633945789006e-06,9.51427388361007e-06,9.51427388361007e-06,0.08387378638913644,0.0071513908956470605,0.0852637183024961,751.6486263829895,True
adamw_no_decay_grad_projection,26,3,49,torch.float32,1.1920928955078125e-07,5.138758647397377e-06,3.477781782919989e-05,1.54132743588547e-11,4.431926820294493e-07,4.590008013110918e-21,1.3198090908560513e-16,9.023979667010668e-08,0.002594645992714329,0.07348028259387614,0.004961269005361341,0.06751837132666136,0.07331260287244164,9.740401870540192e-18,1.3286122015730028e-16,0.0733126034595348,9.080652835300034e-08,1.2386209746748578e-06,9.61494515462297e-06,9.61494515462297e-06,0.07348028259387614,0.004961269005361341,0.06751837132666136,515.9955595769477,True
adamw_no_decay_grad_projection,26,4,60,torch.float32,1.1920928955078125e-07,8.425881056896194e-06,3.8691639149370277e-05,2.988615636483349e-11,7.72418977894864e-07,5.584605897233368e-21,1.4433624472913872e-16,1.120547831836965e-07,0.00289598495080376,0.11394633636813631,0.01452573320159008,0.12747872081345848,0.11301668304580827,1.7886964571829283e-17,1.5826835551862095e-16,0.11301668192109478,1.1459893939545146e-07,1.0140002117161905e-06,1.0991388331149774e-05,1.0991388331149774e-05,0.11394633636813631,0.01452573320159008,0.12747872081345848,1321.5558184241308,True
adamw_no_decay_grad_projection,26,5,53,torch.float32,1.1920928955078125e-07,5.678672305444112e-06,4.6397841233178166e-05,1.9290857899991237e-11,4.1577059163254197e-07,6.245698545270621e-21,1.3461183493177235e-16,9.113201572084257e-08,0.0019641705138069647,0.08097369506210265,0.007874167074912865,0.09724351925491093,0.08058992979824926,1.1343224759417951e-17,1.4075238417274773e-16,0.08058992881544894,9.06923416646142e-08,1.1253557733286973e-06,9.310813837964466e-06,9.310813837964466e-06,0.08097369506210265,0.007874167074912865,0.09724351925491093,845.7012686481033,True
adamw_no_decay_grad_projection,26,6,60,torch.float32,1.1920928955078125e-07,3.095485046437789e-06,4.9409311318208586e-05,1.2835617703429928e-11,2.597813521578002e-07,7.157167230388776e-21,1.4485462434995362e-16,9.811595389262578e-08,0.0019857629438310253,0.08355923074322663,0.007310718450657506,0.08749145229834608,0.08323880368034493,1.2685505630678761e-17,1.5239894219760601e-16,0.08323880401077899,9.824894667891635e-08,1.180326265454194e-06,9.48118967212105e-06,9.48118967212105e-06,0.08355923074322663,0.007310718450657506,0.08749145229834608,771.076067822406,True
adamw_no_decay_grad_projection,26,7,53,torch.float32,1.1920928955078125e-07,7.079248571757639e-06,2.1687380088883623e-05,1.1617817213425096e-11,5.356948218646328e-07,2.9225331452361123e-21,1.3475731661725913e-16,9.826416828334163e-08,0.0045304996838468415,0.07337421433591745,0.005233919215939266,0.07133186042684762,0.07318730367388987,1.0009232077592427e-17,1.3676186408221646e-16,0.07318730463899667,9.914366015299746e-08,1.354656530145945e-06,1.0158610531260437e-05,1.0158610531260437e-05,0.07337421433591745,0.005233919215939266,0.07133186042684762,515.2199899615467,True
adamw_no_decay_grad_projection,27,0,58,torch.float32,1.1920928955078125e-07,4.814231254404896e-06,3.626338584909557e-05,1.530747288822076e-11,4.2211924037982616e-07,5.146122143569295e-21,1.4190958795145435e-16,1.0273233278826952e-07,0.0028328359754096455,0.08243217366666403,0.006671814961517057,0.08093702573580407,0.08216173160620664,1.2068862355235058e-17,1.4689152868734517e-16,0.08216173192895365,1.0161178112885038e-07,1.23672881210337e-06,9.995340446773615e-06,9.995340446773615e-06,0.08243217366666403,0.006671814961517057,0.08093702573580407,667.4925178432161,True
adamw_no_decay_grad_projection,27,1,60,torch.float32,1.1920928955078125e-07,3.342961442244951e-06,4.30378324979649e-05,1.2153127715366158e-11,2.8238242982940263e-07,6.1620159047341204e-21,1.4317672492046957e-16,1.0670027601170411e-07,0.002479165930242395,0.08691801304243389,0.007439816639732159,0.08559579745685161,0.08659901916079578,1.2772245336577844e-17,1.474871824224998e-16,0.08659901923399019,1.0690162430219322e-07,1.2344438222024834e-06,1.0305513282827949e-05,1.0305513282827949e-05,0.08691801304243389,0.007439816639732159,0.08559579745685161,721.9258697312154,True
adamw_no_decay_grad_projection,27,2,60,torch.float32,1.1920928955078125e-07,3.920330339574255e-06,3.829203703812534e-05,1.2343714381913743e-11,3.2235721410234105e-07,5.616858218792079e-21,1.4668475884946952e-16,9.843917031182854e-08,0.0025706783285562064,0.0848675784840426,0.0070986386079953355,0.08364370393023611,0.08457017918662706,1.2860561363704765e-17,1.520696951028618e-16,0.08457017912404305,9.79671012217953e-08,1.1584118921884078e-06,9.52180243254208e-06,9.52180243254208e-06,0.0848675784840426,0.0070986386079953355,0.08364370393023611,745.5141669117975,True
adamw_no_decay_grad_projection,27,3,49,torch.float32,1.1920928955078125e-07,5.138758647397377e-06,3.4371525474218785e-05,1.4483862068259705e-11,4.21391307730106e-07,4.407173457780116e-21,1.2822164268170806e-16,9.021392524901514e-08,0.002624582866809641,0.07558153434149335,0.005017174872159412,0.06638096085071196,0.0754148280493731,1.0018124281551256e-17,1.3284024562109352e-16,0.07541482862807637,8.972618741069898e-08,1.1897684983572926e-06,9.621788291214515e-06,9.621788291214515e-06,0.07558153434149335,0.005017174872159412,0.06638096085071196,521.4389176220501,True
adamw_no_decay_grad_projection,27,4,60,torch.float32,1.1920928955078125e-07,8.425881056896194e-06,3.851676295912963e-05,3.196683553039028e-11,8.29946056586076e-07,5.5716680893450505e-21,1.4465566837117387e-16,1.1393211549249208e-07,0.0029578253405734027,0.11628347255412246,0.01458227417191898,0.12540280963085165,0.11536552027889586,1.8041809533530674e-17,1.5638823012209058e-16,0.1153655198301514,1.1436400625028672e-07,9.913187789441839e-07,1.100453533661938e-05,1.100453533661938e-05,0.11628347255412246,0.01458227417191898,0.12540280963085165,1325.1149390555447,True
adamw_no_decay_grad_projection,27,5,53,torch.float32,1.1920928955078125e-07,5.678672305444112e-06,4.6763651973316744e-05,2.0482208667961293e-11,4.3799420711728e-07,6.299508118543059e-21,1.3470949878204875e-16,9.131435229493277e-08,0.001952665355724189,0.08234628794630221,0.007896731012512745,0.0958966239942981,0.08196677850111798,1.1417112933147732e-17,1.3928951633730497e-16,0.08196677932633156,9.067970943784249e-08,1.1062983099143426e-06,9.318030030027569e-06,9.318030030027569e-06,0.08234628794630221,0.007896731012512745,0.0958966239942981,847.4678646736859,True
adamw_no_decay_grad_projection,27,6,60,torch.float32,1.1920928955078125e-07,3.095485046437789e-06,4.106067971956852e-05,1.0793390028577078e-11,2.6286437784986813e-07,5.935417020078126e-21,1.445523323192737e-16,9.783457205794947e-08,0.0023826216283516968,0.08412301049358596,0.007220319495838882,0.0858304933866983,0.08381257591126753,1.2726676343307428e-17,1.5184685836146085e-16,0.08381257602923085,9.825882890578684e-08,1.1723637854958383e-06,9.488997207575175e-06,9.488997207575175e-06,0.08412301049358596,0.007220319495838882,0.0858304933866983,760.9149141781619,True
adamw_no_decay_grad_projection,27,7,53,torch.float32,1.1920928955078125e-07,7.079248571757639e-06,2.1510656171182425e-05,1.2493829576648678e-11,5.808204769404718e-07,2.8796080545488868e-21,1.3386890811853289e-16,9.96699981092111e-08,0.004633187632445624,0.074854645418889,0.005262677846777873,0.0703052939109892,0.07466941919332594,1.034813135033999e-17,1.3858593601147123e-16,0.07466941807039691,9.946946027971645e-08,1.3321311836920776e-06,1.016463471365871e-05,1.016463471365871e-05,0.074854645418889,0.005262677846777873,0.0703052939109892,517.74392243591,True
adamw_no_decay_grad_projection,28,0,58,torch.float32,1.1920928955078125e-07,4.814231254404896e-06,3.752049829446551e-05,1.4394083232538876e-11,3.836325178725594e-07,5.3798936379798946e-21,1.4338545281990179e-16,1.0259476238011941e-07,0.0027342716814395336,0.08455019743864378,0.0067508559705412325,0.07984435489272725,0.0842802576561003,1.2292883767966848e-17,1.4585721626679288e-16,0.08428025748596396,1.0200235964375525e-07,1.2102758426045712e-06,1.000407730361113e-05,1.000407730361113e-05,0.08455019743864378,0.0067508559705412325,0.07984435489272725,674.8104563430757,True
adamw_no_decay_grad_projection,28,1,60,torch.float32,1.1920928955078125e-07,3.342961442244951e-06,4.5783196318053894e-05,1.2579969246867273e-11,2.7477262966689283e-07,6.5835919784707635e-21,1.437993086532247e-16,1.0673540467303853e-07,0.0023313073381929913,0.08962658972059799,0.007604088226311269,0.08484187839809883,0.08930343457667726,1.316819422637747e-17,1.4745451044294452e-16,0.08930343469424123,1.0805831398355701e-07,1.2100129670659263e-06,1.0314006081690637e-05,1.0314006081690637e-05,0.08962658972059799,0.007604088226311269,0.08484187839809883,737.2584586516778,True
adamw_no_decay_grad_projection,28,2,60,torch.float32,1.1920928955078125e-07,3.920330339574255e-06,4.22301443692194e-05,1.4132879390137885e-11,3.3466329801228484e-07,6.17144296790427e-21,1.4613833459690566e-16,9.910170819350359e-08,0.002346728215448558,0.0865581565005775,0.0071056332720943124,0.08209085728445367,0.08626600971750675,1.3143003224197493e-17,1.5235436607345781e-16,0.08626601041430663,9.906040310712374e-08,1.1483132537527808e-06,9.530445148348655e-06,9.530445148348655e-06,0.0865581565005775,0.0071056332720943124,0.08209085728445367,745.5720232884934,True
adamw_no_decay_grad_projection,28,3,49,torch.float32,1.1920928955078125e-07,5.138758647397377e-06,3.874580066923556e-05,1.598317758461012e-11,4.1251380300680883e-07,5.066905376057051e-21,1.3077302026386155e-16,9.076438428152422e-08,0.0023425721672090264,0.07749940764986328,0.005052495782252171,0.0651939922570632,0.07733453609125752,1.0239997085121519e-17,1.3241169602463194e-16,0.07733453755637586,9.056715155459175e-08,1.1711087234286426e-06,9.6289267893689e-06,9.6289267893689e-06,0.07749940764986328,0.005052495782252171,0.0651939922570632,524.7205522250441,True
adamw_no_decay_grad_projection,28,4,60,torch.float32,1.1920928955078125e-07,8.425881056896194e-06,4.304878266363915e-05,4.174671275755505e-11,9.697536184412507e-07,6.263275057871183e-21,1.4549250107284355e-16,1.150738340179306e-07,0.0026730944503710603,0.11791835729662511,0.014627411867281231,0.12404694402658437,0.11700759723026305,1.8446742641739403e-17,1.5765422996796918e-16,0.11700759671822449,1.1443936592059442e-07,9.780507345705525e-07,1.1018057713694536e-05,1.1018057713694536e-05,0.11791835729662511,0.014627411867281231,0.12404694402658437,1327.5853373957702,True
adamw_no_decay_grad_projection,28,5,53,torch.float32,1.1920928955078125e-07,5.678672305444112e-06,4.676262920374775e-05,1.9702187988112323e-11,4.213233584935662e-07,6.241594868526175e-21,1.3347399354582273e-16,9.120067559629896e-08,0.0019502842780627445,0.0845686772509438,0.007922521457017764,0.09368151086848585,0.08419676256090487,1.1850368306096121e-17,1.4074612782794346e-16,0.08419676328631549,9.027512205455841e-08,1.0721923091933253e-06,9.326588009514018e-06,9.326588009514018e-06,0.0845686772509438,0.007922521457017764,0.09368151086848585,849.4554974376513,True
adamw_no_decay_grad_projection,28,6,60,torch.float32,1.1920928955078125e-07,3.095485046437789e-06,4.1680409821647735e-05,1.0765237026356676e-11,2.5828049849849336e-07,6.0391300385412805e-21,1.4489133058871492e-16,9.775243255698414e-08,0.002345242809269837,0.08478260758120605,0.0071330737183634765,0.0841336911173829,0.08448200878055144,1.270109966761797e-17,1.5034088146045461e-16,0.08448200876890448,9.892178911772898e-08,1.1709213660901892e-06,9.497435215633345e-06,9.497435215633345e-06,0.08478260758120605,0.0071330737183634765,0.0841336911173829,751.0526322540228,True
adamw_no_decay_grad_projection,28,7,53,torch.float32,1.1920928955078125e-07,7.079248571757639e-06,2.341150406478935e-05,1.339095935245636e-11,5.719820185579712e-07,3.235059294663642e-21,1.3818246301952322e-16,9.946246442466988e-08,0.00424823166398747,0.07671677483564718,0.0053144536414060735,0.06927368431208689,0.07653247757440454,1.0725510353624734e-17,1.4014325281965997e-16,0.07653247829283295,9.890378515910505e-08,1.2923112822855902e-06,1.0171382774125565e-05,1.0171382774125565e-05,0.07671677483564718,0.0053144536414060735,0.06927368431208689,522.4907723387647,True
adamw_no_decay_grad_projection,29,0,58,torch.float32,1.1920928955078125e-07,4.814231254404896e-06,3.701915295128955e-05,1.3949144537455001e-11,3.768088523205685e-07,5.242602646720699e-21,1.4161865490599903e-16,1.0250963917615069e-07,0.0027690168703322737,0.0857426991835276,0.006783373380087505,0.07911313085173657,0.08547395105447755,1.2529743314164246e-17,1.465913668385156e-16,0.08547395148547192,1.0219670961527579e-07,1.1956474205202302e-06,1.0012275043548592e-05,1.0012275043548592e-05,0.0857426991835276,0.006783373380087505,0.07911313085173657,677.5056968154677,True
adamw_no_decay_grad_projection,29,1,60,torch.float32,1.1920928955078125e-07,3.342961442244951e-06,4.977393112724144e-05,1.4188869876401717e-11,2.850662898240742e-07,7.158518055988226e-21,1.4382062846690918e-16,1.0732948955306234e-07,0.002156301760701241,0.09205704999568444,0.007730089822322608,0.08397064453711028,0.09173192555074144,1.3601860939513977e-17,1.482783759073074e-16,0.09173192499229661,1.0787490437405082e-07,1.1759799479091914e-06,1.0322702378249873e-05,1.0322702378249873e-05,0.09205704999568444,0.007730089822322608,0.08397064453711028,748.8436205048449,True
adamw_no_decay_grad_projection,29,2,60,torch.float32,1.1920928955078125e-07,3.920330339574255e-06,4.2892537960925754e-05,1.4365831629731659e-11,3.349261273095718e-07,6.236189228916224e-21,1.4539100564759347e-16,9.81647808952272e-08,0.0022885787563168263,0.08856028047438054,0.00717256301492931,0.08099074411811794,0.08826934698692301,1.3344331042901189e-17,1.5117740754191977e-16,0.08826934603821872,9.839823359641774e-08,1.1147497745572221e-06,9.540027022027741e-06,9.540027022027741e-06,0.08856028047438054,0.00717256301492931,0.08099074411811794,751.8388573080557,True
adamw_no_decay_grad_projection,29,3,49,torch.float32,1.1920928955078125e-07,5.138758647397377e-06,3.8521821343758894e-05,1.7822676303295242e-11,4.626644245153995e-07,5.049327659372487e-21,1.3107707484321982e-16,9.074731660787214e-08,0.00235571035190936,0.08052598252699691,0.0052015032222971595,0.06459409819126787,0.08035781372191907,1.0727077040110068e-17,1.3349139981870938e-16,0.08035781439047966,9.092183657818133e-08,1.1314622886128822e-06,9.637684392746466e-06,9.637684392746466e-06,0.08052598252699691,0.0052015032222971595,0.06459409819126787,539.7046645573832,True
adamw_no_decay_grad_projection,29,4,60,torch.float32,1.1920928955078125e-07,8.425881056896194e-06,5.304139754422415e-05,4.005735440681364e-11,7.552092565701187e-07,7.683994138842554e-21,1.4486786726232253e-16,1.1444182156911846e-07,0.002157593488423869,0.12062256647055924,0.014806983919591654,0.12275467479135128,0.11971030352124848,1.881300160965187e-17,1.5715440573010141e-16,0.11971030448471379,1.1450692112400043e-07,9.565335383356427e-07,1.1033302589232898e-05,1.1033302589232898e-05,0.12062256647055924,0.014806983919591654,0.12275467479135128,1342.0264512677636,True
adamw_no_decay_grad_projection,29,5,53,torch.float32,1.1920928955078125e-07,5.678672305444112e-06,5.88812300034627e-05,2.759138630577117e-11,4.685939187097241e-07,7.890729904585689e-21,1.3401095568354322e-16,9.094288262395086e-08,0.001544484076529804,0.0881206760501388,0.008202886795878273,0.09308697077188789,0.08773805443333874,1.2294233507261956e-17,1.401243005291714e-16,0.08773805482012209,9.135119550849856e-08,1.0411809983226096e-06,9.336932368249317e-06,9.336932368249317e-06,0.0881206760501388,0.008202886795878273,0.09308697077188789,878.5419527908953,True
adamw_no_decay_grad_projection,29,6,60,torch.float32,1.1920928955078125e-07,3.095485046437789e-06,4.532098146378333e-05,1.178525541257254e-11,2.600397218226686e-07,6.5649175668193266e-21,1.4485382608198084e-16,9.891991921627293e-08,0.0021826526979712058,0.08587507173181416,0.007084884409770304,0.08250222406679592,0.08558231334711876,1.2848665583201364e-17,1.5013225374135007e-16,0.08558231231692008,9.927606794157379e-08,1.1600068431657271e-06,9.506819660533344e-06,9.506819660533344e-06,0.08587507173181416,0.007084884409770304,0.08250222406679592,745.2423273771067,True
adamw_no_decay_grad_projection,29,7,53,torch.float32,1.1920928955078125e-07,7.079248571757639e-06,2.520426844178736e-05,1.3553968609420102e-11,5.377648091919355e-07,3.3549758399151627e-21,1.3311141514241582e-16,9.965543302275898e-08,0.003953670845108258,0.07914120205749547,0.005402387342109275,0.06826263945529261,0.07895659614060843,1.0775247687663276e-17,1.3647051942910978e-16,0.07895659589648679,9.977002564996475e-08,1.2636059662547338e-06,1.0179225521200908e-05,1.0179225521200908e-05,0.07914120205749547,0.005402387342109275,0.06826263945529261,530.726756260325,True
adamw_no_decay_grad_projection,30,0,58,torch.float32,1.1920928955078125e-07,4.814231254404896e-06,3.683787806501604e-05,1.46392366266873e-11,3.973963049893961e-07,5.279589139363936e-21,1.4331957801820947e-16,1.0137267924050025e-07,0.00275178281467005,0.08732937163498765,0.006782259546751354,0.07766298348165497,0.08706560805279134,1.2743887976981786e-17,1.4637109028463524e-16,0.08706560845653917,1.0238539931532337e-07,1.1759568574821531e-06,1.0021522275110112e-05,1.0021522275110112e-05,0.08732937163498765,0.006782259546751354,0.07766298348165497,676.7693929689772,True
adamw_no_decay_grad_projection,30,1,60,torch.float32,1.1920928955078125e-07,3.342961442244951e-06,4.530663227958852e-05,1.2698554267852061e-11,2.802802510124549e-07,6.5668366797548465e-21,1.4494206144546272e-16,1.0690410456420406e-07,0.0023595812263738124,0.09253829319089636,0.0076397276902951915,0.08255747352650292,0.09222239569379247,1.3730728126481219e-17,1.4888713336044295e-16,0.0922223943203022,1.068301546499294e-07,1.1583971055760302e-06,1.0330051724078313e-05,1.0330051724078313e-05,0.09253829319089636,0.0076397276902951915,0.08255747352650292,739.5633530554115,True
adamw_no_decay_grad_projection,30,2,60,torch.float32,1.1920928955078125e-07,3.920330339574255e-06,4.365423852551893e-05,1.4065355465585841e-11,3.2219907941730937e-07,6.34702737527467e-21,1.4539315286795626e-16,9.92053688493608e-08,0.0022724718696264423,0.08977666795398956,0.007163989520254307,0.07979789942667334,0.0894903758125676,1.3463271813703637e-17,1.5044379567588007e-16,0.08949037563233504,9.799150182987763e-08,1.094994865508989e-06,9.549462519320701e-06,9.549462519320701e-06,0.08977666795398956,0.007163989520254307,0.07979789942667334,750.1981923862156,True
adamw_no_decay_grad_projection,30,3,49,torch.float32,1.1920928955078125e-07,5.138758647397377e-06,3.701077190550452e-05,1.624032343632454e-11,4.3879991149033984e-07,4.834000731771036e-21,1.306106434125075e-16,8.955855031353127e-08,0.002419733338116424,0.08121561419743524,0.005164397445050675,0.06358872608530694,0.08105124914827777,1.0750002758722475e-17,1.326321663353525e-16,0.08105124889123755,9.030477930193734e-08,1.1141688812607573e-06,9.644612149929841e-06,9.644612149929841e-06,0.08121561419743524,0.005164397445050675,0.06358872608530694,535.4696865739949,True
adamw_no_decay_grad_projection,30,4,60,torch.float32,1.1920928955078125e-07,8.425881056896194e-06,5.3828991815439755e-05,4.032900971574027e-11,7.492061128325407e-07,7.687105830700108e-21,1.428060524904235e-16,1.147710007458496e-07,0.0021320837865550692,0.12300061450260445,0.014877817042065807,0.12095725783346212,0.12209750909859352,1.9076526106880883e-17,1.5624009242872122e-16,0.12209750925885098,1.1506501244466539e-07,9.424026185556623e-07,1.1049041378388961e-05,1.1049041378388961e-05,0.12300061450260445,0.014877817042065807,0.12095725783346212,1346.5255973396593,True
adamw_no_decay_grad_projection,30,5,53,torch.float32,1.1920928955078125e-07,5.678672305444112e-06,5.2386429526975575e-05,2.184508276677567e-11,4.1699888623878983e-07,7.017551934962452e-21,1.3395743894608208e-16,9.068227985727805e-08,0.001730995608606072,0.09004385057976534,0.008274176814977923,0.09189052624585667,0.08966288543910234,1.2655124028888771e-17,1.4114116411615972e-16,0.08966288463153382,9.050178610423804e-08,1.0093561731384356e-06,9.346310043294625e-06,9.346310043294625e-06,0.09004385057976534,0.008274176814977923,0.09189052624585667,885.2880737584895,True
adamw_no_decay_grad_projection,30,6,60,torch.float32,1.1920928955078125e-07,3.095485046437789e-06,4.5233471400077975e-05,1.1363007012621741e-11,2.5120793653263927e-07,6.5248970041059945e-21,1.4424930924260111e-16,9.877952823159449e-08,0.0021837762588594266,0.08643812131142985,0.006986584140737141,0.08082757971526268,0.08615530429343202,1.2884904989075017e-17,1.4955440172541166e-16,0.08615530518642493,9.88581198488006e-08,1.1474408875331475e-06,9.516473875242459e-06,9.516473875242459e-06,0.08643812131142985,0.006986584140737141,0.08082757971526268,734.156813997363,True
adamw_no_decay_grad_projection,30,7,53,torch.float32,1.1920928955078125e-07,7.079248571757639e-06,2.4602850489701613e-05,1.3809034795038203e-11,5.61277840582678e-07,3.398244183081892e-21,1.3812400252177614e-16,9.969222174316381e-08,0.004051901604970224,0.0800984892590901,0.005368889943391922,0.06702860432267922,0.07991835209990454,1.112556324015223e-17,1.3921161970712755e-16,0.07991835121830558,9.973047698272463e-08,1.247904585897926e-06,1.0186116434290991e-05,1.0186116434290991e-05,0.0800984892590901,0.005368889943391922,0.06702860432267922,527.0791844984075,True
adamw_no_decay_grad_projection,31,0,58,torch.float32,1.1920928955078125e-07,4.814231254404896e-06,4.799151210573448e-05,2.016545287291521e-11,4.201879038211353e-07,6.7482271024810326e-21,1.4061292937830328e-16,1.025270684251637e-07,0.0021362859191474902,0.09099012284325718,0.007055960042507677,0.0775464393499339,0.0907161280198266,1.3266228630639998e-17,1.4623892046781997e-16,0.09071612864336003,1.0262738140011515e-07,1.1313024809908153e-06,1.0033204708473836e-05,1.0033204708473836e-05,0.09099012284325718,0.007055960042507677,0.0775464393499339,703.2608471098332,True
adamw_no_decay_grad_projection,31,1,60,torch.float32,1.1920928955078125e-07,3.342961442244951e-06,4.743979208610393e-05,1.3324803032726471e-11,2.808781920574558e-07,6.8239206782345e-21,1.4384381503715805e-16,1.0695131040062321e-07,0.0022544458431261573,0.09397695523947887,0.007671198573930342,0.08162850726949006,0.09366333769689368,1.3832704512182649e-17,1.4768536817411972e-16,0.09366333666506985,1.0767530509198424e-07,1.149599287467408e-06,1.0338770436496977e-05,1.0338770436496977e-05,0.09397695523947887,0.007671198573930342,0.08162850726949006,741.9836450619101,True
adamw_no_decay_grad_projection,31,2,60,torch.float32,1.1920928955078125e-07,3.920330339574255e-06,4.454679016423311e-05,1.4767993436838104e-11,3.315164433260427e-07,6.506833196725943e-21,1.4606738606164886e-16,9.971910471567667e-08,0.0022384547021204004,0.09168975350122911,0.007236258492361195,0.07892112494624813,0.09140376064554395,1.3897358409782857e-17,1.5204361737013904e-16,0.09140376080720308,9.907535993160899e-08,1.0839308914278432e-06,9.559928317610853e-06,9.559928317610853e-06,0.09168975350122911,0.007236258492361195,0.07892112494624813,756.9364802695119,True
adamw_no_decay_grad_projection,31,3,49,torch.float32,1.1920928955078125e-07,5.138758647397377e-06,4.009748273889624e-05,1.7162805322814956e-11,4.2802700195856223e-07,5.204961556584876e-21,1.2980768868905384e-16,9.012391947623163e-08,0.0022475706286190955,0.08347746519129727,0.005275711944871423,0.06319923506040322,0.08331058791197544,1.0956715351842444e-17,1.315164809954183e-16,0.08331058714240984,9.050185307960591e-08,1.0863187523201996e-06,9.653668216827662e-06,9.653668216827662e-06,0.08347746519129727,0.005275711944871423,0.06319923506040322,546.4981628097738,True
adamw_no_decay_grad_projection,31,4,60,torch.float32,1.1920928955078125e-07,8.425881056896194e-06,5.7286530619794136e-05,4.5390931745543805e-11,7.923491133858251e-07,8.268419881770102e-21,1.443344498665751e-16,1.1497393066276174e-07,0.0020068978258840947,0.12637761311268897,0.01515123860100629,0.11988862764401291,0.12546609528042177,1.961672417866288e-17,1.5635079847522722e-16,0.12546609466749195,1.1492599897467517e-07,9.159924781212809e-07,1.1066235773843663e-05,1.1066235773843663e-05,0.12637761311268897,0.01515123860100629,0.11988862764401291,1369.1411344061553,True
adamw_no_decay_grad_projection,31,5,53,torch.float32,1.1920928955078125e-07,5.678672305444112e-06,7.883357457268881e-05,2.887264938211799e-11,3.6624813144171014e-07,1.0497972273593471e-20,1.3316625981376092e-16,9.169405733225097e-08,0.0011631320725347062,0.09489549428110293,0.008746081249943109,0.09216540064626404,0.09449159167684831,1.3219609247084586e-17,1.399024930418604e-16,0.09449159130090043,9.140916283718824e-08,9.673788067141714e-07,9.35874189823292e-06,9.35874189823292e-06,0.09489549428110293,0.008746081249943109,0.09216540064626404,934.5360033483249,True
adamw_no_decay_grad_projection,31,6,60,torch.float32,1.1920928955078125e-07,3.095485046437789e-06,4.991761573855302e-05,1.2570864989845062e-11,2.5183224005901726e-07,7.27022713700423e-21,1.4564451906282502e-16,9.78329269430602e-08,0.001959846942027023,0.08840624580520201,0.007030135252686728,0.07952079843065862,0.08812628152656124,1.3145553206185133e-17,1.4916722887284272e-16,0.08812628054556478,9.950623821466122e-08,1.129132394997796e-06,9.527858143221368e-06,9.527858143221368e-06,0.08840624580520201,0.007030135252686728,0.07952079843065862,737.8505375511227,True
adamw_no_decay_grad_projection,31,7,53,torch.float32,1.1920928955078125e-07,7.079248571757639e-06,2.5025651157618634e-05,1.4023844301864384e-11,5.603787974801632e-07,3.401394942978929e-21,1.3591634125947473e-16,1.0004763934168942e-07,0.003997647741085983,0.08143396123122512,0.005392108094278092,0.06621448855923438,0.08125524728968768,1.1347020996305999e-17,1.396466243694034e-16,0.08125524671375693,1.0040425067644478e-07,1.2356648307295808e-06,1.0193660709376843e-05,1.0193660709376843e-05,0.08143396123122512,0.005392108094278092,0.06621448855923438,528.9668008390796,True
adamw_no_decay_grad_projection,32,0,58,torch.float32,1.1920928955078125e-07,4.814231254404896e-06,3.78248339499185e-05,1.5087561784782262e-11,3.98879788996794e-07,5.3747013202107466e-21,1.4209451196342276e-16,1.0267705784546008e-07,0.0027144973008502208,0.09160744187831564,0.006993804428615019,0.07634537418810425,0.09134007941261747,1.3331627585870225e-17,1.4595594476819155e-16,0.09134008004451553,1.0266366465920868e-07,1.1239716957678873e-06,1.0042671985318913e-05,1.0042671985318913e-05,0.09160744187831564,0.006993804428615019,0.07634537418810425,696.4087285574054,True
adamw_no_decay_grad_projection,32,1,60,torch.float32,1.1920928955078125e-07,3.342961442244951e-06,4.779759973391023e-05,1.3487365500125492e-11,2.8217662759656985e-07,6.902069802562917e-21,1.4440201685831694e-16,1.0702246611825082e-07,0.0022390328669788136,0.09533097337581585,0.00770331281775384,0.08080598094163657,0.09501922677233456,1.4010078601199004e-17,1.474446706956168e-16,0.09501922682105177,1.0748980272258255e-07,1.1312426581308268e-06,1.0347781206634488e-05,1.0347781206634488e-05,0.09533097337581585,0.00770331281775384,0.08080598094163657,744.441022082575,True
adamw_no_decay_grad_projection,32,2,60,torch.float32,1.1920928955078125e-07,3.920330339574255e-06,4.4893317563968616e-05,1.411692760121008e-11,3.144549872282179e-07,6.604901658828964e-21,1.4712438325409895e-16,9.883976922642222e-08,0.002201659826944189,0.09339659641760555,0.007314381895426554,0.07831529387561034,0.09310974191716431,1.420201651382923e-17,1.5252986660046964e-16,0.09310974149609254,9.859904541968607e-08,1.0589552052813282e-06,9.570857146879512e-06,9.570857146879512e-06,0.09339659641760555,0.007314381895426554,0.07831529387561034,764.2347788893014,True
adamw_no_decay_grad_projection,32,3,49,torch.float32,1.1920928955078125e-07,5.138758647397377e-06,3.882610754325981e-05,1.6979560231859783e-11,4.373232679310245e-07,4.9975623004657835e-21,1.2871654195306617e-16,9.050740083101731e-08,0.002331016510491142,0.08497800978857245,0.005325030863359239,0.06266363352834524,0.08481100278814648,1.1308761802706126e-17,1.33340739183981e-16,0.08481100345971236,9.089051950244366e-08,1.0716831047237784e-06,9.662695566644536e-06,9.662695566644536e-06,0.08497800978857245,0.005325030863359239,0.06266363352834524,551.0916520790696,True
adamw_no_decay_grad_projection,32,4,60,torch.float32,1.1920928955078125e-07,8.425881056896194e-06,5.270455465901062e-05,4.0083460455383354e-11,7.605312427875813e-07,7.556127714803199e-21,1.4336764182322056e-16,1.152178910718165e-07,0.0021860611654588055,0.12958758450919136,0.01541532992504494,0.11895684284439738,0.1286674382360542,2.0031708016345155e-17,1.5568591627350847e-16,0.12866743809246564,1.1541788225284752e-07,8.970247948039778e-07,1.1083836139655818e-05,1.1083836139655818e-05,0.12958758450919136,0.01541532992504494,0.11895684284439738,1390.7937406158394,True
adamw_no_decay_grad_projection,32,5,53,torch.float32,1.1920928955078125e-07,5.678672305444112e-06,4.603130830573375e-05,2.0760918840982297e-11,4.510173532998686e-07,6.2370470496165534e-21,1.3549575884725154e-16,9.10484067043633e-08,0.0019779126098987436,0.09454274296885092,0.008568913775517084,0.09063534129044988,0.09415361896805646,1.329858697862791e-17,1.4124350316411871e-16,0.09415361929593902,9.159540355514531e-08,9.728293425157365e-07,9.366687161479858e-06,9.366687161479858e-06,0.09454274296885092,0.008568913775517084,0.09063534129044988,914.8286504919705,True
adamw_no_decay_grad_projection,32,6,60,torch.float32,1.1920928955078125e-07,3.095485046437789e-06,4.809468929528823e-05,1.2513014405429913e-11,2.6017455541927775e-07,6.995304085176818e-21,1.4544857629140303e-16,9.904992208245459e-08,0.0020593885250898593,0.09002001956882057,0.007042701477948796,0.07823483611403384,0.08974410442510046,1.3510943424391518e-17,1.5054964903758796e-16,0.08974410476259458,9.956935839894738e-08,1.1094807693758172e-06,9.539441277732282e-06,9.539441277732282e-06,0.09002001956882057,0.007042701477948796,0.07823483611403384,738.2719042873534,True
adamw_no_decay_grad_projection,32,7,53,torch.float32,1.1920928955078125e-07,7.079248571757639e-06,2.3917193044800612e-05,1.2848163928950234e-11,5.371936374341098e-07,3.2684498075501715e-21,1.3665691460650627e-16,9.839112524953747e-08,0.004113457327031172,0.08236961755534282,0.00536768167833841,0.06516579580731877,0.08219453685990005,1.1369039709741123e-17,1.3831867839488607e-16,0.08219453815838915,9.95509900169494e-08,1.2111630802659212e-06,1.0201037606455176e-05,1.0201037606455176e-05,0.08236961755534282,0.00536768167833841,0.06516579580731877,526.1897745521262,True
adamw_no_decay_grad_projection,33,0,58,torch.float32,1.1920928955078125e-07,4.814231254404896e-06,4.225448652677914e-05,1.6519077368798093e-11,3.9094256555050044e-07,5.9555382796820906e-21,1.4094451901357677e-16,1.0200647683320659e-07,0.002414074400769362,0.09309611027745597,0.0070180751657853875,0.07538526738517104,0.09283120364273874,1.3519148753583718e-17,1.4563151422243986e-16,0.09283120391155167,1.0282886915752064e-07,1.1076972486050555e-06,1.0053732723994997e-05,1.0053732723994997e-05,0.09309611027745597,0.0070180751657853875,0.07538526738517104,698.056667951349,True
adamw_no_decay_grad_projection,33,1,60,torch.float32,1.1920928955078125e-07,3.342961442244951e-06,5.844415623778212e-05,1.591791814021887e-11,2.723611591799915e-07,8.370960795061938e-21,1.4323007352531018e-16,1.078743019203608e-07,0.0018457434121391069,0.09751289504845373,0.00782714724397316,0.0802678172982546,0.09719825341410161,1.4246588843055587e-17,1.4657247782385233e-16,0.09719825392010396,1.072923382836409e-07,1.103850470110648e-06,1.035822359666226e-05,1.035822359666226e-05,0.09751289504845373,0.00782714724397316,0.0802678172982546,755.6457119245148,True
adamw_no_decay_grad_projection,33,2,60,torch.float32,1.1920928955078125e-07,3.920330339574255e-06,4.376570112817666e-05,1.3924206749542208e-11,3.181534030212921e-07,6.383649146101777e-21,1.4585963394956932e-16,9.880386649924528e-08,0.002257480299491018,0.09502643822414406,0.007338757144533995,0.07722858271530357,0.09474263351385488,1.4441280981841157e-17,1.5242642563581797e-16,0.09474263429148977,9.962352578455313e-08,1.051517371556786e-06,9.58214495890639e-06,9.58214495890639e-06,0.09502643822414406,0.007338757144533995,0.07722858271530357,765.878326408826,True
adamw_no_decay_grad_projection,33,3,49,torch.float32,1.1920928955078125e-07,5.138758647397377e-06,4.058394719424503e-05,1.7289466534431983e-11,4.26017372131898e-07,5.2716482046731755e-21,1.2989491089770577e-16,9.080767155519399e-08,0.0022374733239526397,0.08661061247423771,0.005348668743991487,0.06175535065731635,0.08644530025299021,1.1466288058780268e-17,1.3264212195715797e-16,0.0864453003122453,9.159097235386634e-08,1.0595251797730424e-06,9.67226679852135e-06,9.67226679852135e-06,0.08661061247423771,0.005348668743991487,0.06175535065731635,552.9901992373873,True
adamw_no_decay_grad_projection,33,4,60,torch.float32,1.1920928955078125e-07,8.425881056896194e-06,5.6676904887909806e-05,4.365806828519894e-11,7.702973260720874e-07,8.208792335972124e-21,1.4483487325585488e-16,1.153889885480042e-07,0.002035923955704866,0.13328123924463992,0.015579191131601342,0.11688960291707282,0.13236758492271428,2.03664592321362e-17,1.538628905560799e-16,0.1323675860910808,1.1520240954354521e-07,8.703219039159301e-07,1.110253718653826e-05,1.110253718653826e-05,0.13328123924463992,0.015579191131601342,0.11688960291707282,1403.2099933419715,True
adamw_no_decay_grad_projection,33,5,53,torch.float32,1.1920928955078125e-07,5.678672305444112e-06,5.795783985224033e-05,2.5568056926696028e-11,4.4114923868591536e-07,7.819440968819037e-21,1.3491601807028945e-16,9.082486086533836e-08,0.001567099376771385,0.0964822808192405,0.008653038114619382,0.08968525662065187,0.0960934724290351,1.3404307484250485e-17,1.3949238325370694e-16,0.09609347245919851,9.111641816651883e-08,9.482061146786745e-07,9.377491230518948e-06,9.377491230518948e-06,0.0964822808192405,0.008653038114619382,0.08968525662065187,922.7455298980349,True
adamw_no_decay_grad_projection,33,6,60,torch.float32,1.1920928955078125e-07,3.095485046437789e-06,4.631203776912835e-05,1.1096861079019123e-11,2.396107278703314e-07,6.7362142565078585e-21,1.4545277169812678e-16,9.979732374192835e-08,0.0021548794219347672,0.09098888723012205,0.007003241945898489,0.07696810191981392,0.09071897376857321,1.3574142108051568e-17,1.4962847951388434e-16,0.09071897363815658,1.0023335914574236e-07,1.1048775699947295e-06,9.550999975020408e-06,9.550999975020408e-06,0.09098888723012205,0.007003241945898489,0.07696810191981392,733.2469860972359,True
adamw_no_decay_grad_projection,33,7,53,torch.float32,1.1920928955078125e-07,7.079248571757639e-06,2.4044611158557656e-05,1.307161216193782e-11,5.436399896733425e-07,3.260532012237513e-21,1.3560344106781476e-16,1.0007221340189491e-07,0.004161625582539371,0.08390609002925145,0.005406708398224905,0.0644376158672155,0.08373171112722715,1.1674670368335395e-17,1.394294970348352e-16,0.08373171158819938,1.0012547100935325e-07,1.1957891354446444e-06,1.0209446287339468e-05,1.0209446287339468e-05,0.08390609002925145,0.005406708398224905,0.0644376158672155,529.5790041943467,True
adamw_no_decay_grad_projection,34,0,58,torch.float32,1.1920928955078125e-07,4.814231254404896e-06,4.045480766146425e-05,1.542458499488496e-11,3.8127940500821733e-07,5.846212533932721e-21,1.4451218215782128e-16,1.0341357569915915e-07,0.0025562628234938687,0.0935690693925766,0.006897582918382713,0.07371648519280817,0.09331449028353984,1.353831608904185e-17,1.4508267738381392e-16,0.09331448963950005,1.0215875224798681e-07,1.0947790921072882e-06,1.0064441537250175e-05,1.0064441537250175e-05,0.0935690693925766,0.006897582918382713,0.07371648519280817,685.3418436436448,True
adamw_no_decay_grad_projection,34,1,60,torch.float32,1.1920928955078125e-07,3.342961442244951e-06,5.266808341569803e-05,1.48559975829112e-11,2.8206831575122935e-07,7.71494856761432e-21,1.4648242478698478e-16,1.0800554185017742e-07,0.002050681828639122,0.09876129092730448,0.007822868200301812,0.07920986174694712,0.0984509792675948,1.4524155496701955e-17,1.4752677530230103e-16,0.09845097754329284,1.0808956917280972e-07,1.0979024471877734e-06,1.0368094378601984e-05,1.0368094378601984e-05,0.09876129092730448,0.007822868200301812,0.07920986174694712,754.5135986075614,True
adamw_no_decay_grad_projection,34,2,60,torch.float32,1.1920928955078125e-07,3.920330339574255e-06,4.5597151952383304e-05,1.4472762412387569e-11,3.1740496484300915e-07,6.614317949330485e-21,1.4505989225463226e-16,9.906075821139101e-08,0.0021725029415419483,0.09591795651326529,0.007271155766586988,0.0758059911918724,0.09564196085138929,1.4442403005524417e-17,1.5100488192588774e-16,0.09564196110663707,9.902157439315372e-08,1.0353360935661755e-06,9.59321756379682e-06,9.59321756379682e-06,0.09591795651326529,0.007271155766586988,0.0758059911918724,757.9475518231859,True
adamw_no_decay_grad_projection,34,3,49,torch.float32,1.1920928955078125e-07,5.138758647397377e-06,4.0495716794756537e-05,1.6120517107620643e-11,3.98079559606856e-07,5.328558725928615e-21,1.315832672609709e-16,9.113589231386877e-08,0.0022504904860627833,0.0877992787046449,0.005368239013549369,0.06114217670976571,0.08763501212956679,1.1612609615388833e-17,1.3251107443472248e-16,0.08763501281301103,9.094062639485891e-08,1.0377202384725059e-06,9.68191870252916e-06,9.68191870252916e-06,0.0877992787046449,0.005368239013549369,0.06114217670976571,554.4602447598584,True
adamw_no_decay_grad_projection,34,4,60,torch.float32,1.1920928955078125e-07,8.425881056896194e-06,4.93351101946942e-05,4.17944291475415e-11,8.471538622819643e-07,7.186651898965263e-21,1.4567012966235835e-16,1.1427334010163369e-07,0.0023161926080444662,0.13621125283093888,0.01572031930839296,0.11541131133933939,0.13530106044897108,2.110820014573665e-17,1.5600912569120348e-16,0.13530106042027829,1.160328041238705e-07,8.575897614064823e-07,1.1121402952603599e-05,1.1121402952603599e-05,0.13621125283093888,0.01572031930839296,0.11541131133933939,1413.5194431303942,True
adamw_no_decay_grad_projection,34,5,53,torch.float32,1.1920928955078125e-07,5.678672305444112e-06,5.457717345407841e-05,2.3042126577754937e-11,4.2219347612684144e-07,7.29394964807153e-21,1.3364469404428494e-16,9.157148995765661e-08,0.0016778068947101178,0.09536852823413515,0.008408215524391659,0.08816551623559726,0.09499714779529125,1.3253242770339817e-17,1.3951200723309235e-16,0.09499714768720184,9.199816254541537e-08,9.684307875046812e-07,9.38589368118989e-06,9.38589368118989e-06,0.09536852823413515,0.008408215524391659,0.08816551623559726,895.8353684788078,True
adamw_no_decay_grad_projection,34,6,60,torch.float32,1.1920928955078125e-07,3.095485046437789e-06,4.875326081239696e-05,1.253313573361309e-11,2.57072768564973e-07,7.095742996274108e-21,1.4554396727592916e-16,9.914652808358148e-08,0.0020336191667357927,0.09206678340622891,0.006984282481421699,0.07586104589539909,0.09180148367531525,1.3831833692765823e-17,1.5067113448499855e-16,0.091801483747994,9.959019690744419e-08,1.084842998625503e-06,9.563210545823438e-06,9.563210545823438e-06,0.09206678340622891,0.006984282481421699,0.07586104589539909,730.3282143539086,True
adamw_no_decay_grad_projection,34,7,53,torch.float32,1.1920928955078125e-07,7.079248571757639e-06,2.7244712360910527e-05,1.5300016975355793e-11,5.61577482363424e-07,3.7060042104942136e-21,1.360265493502513e-16,9.965810182682561e-08,0.003657746148300279,0.08552579579420827,0.005479566735580909,0.06406916982995182,0.0853500796404018,1.1768885154729827e-17,1.3788956266139018e-16,0.08535008046734865,1.0023793604444916e-07,1.174432824147084e-06,1.0218145510178445e-05,1.0218145510178445e-05,0.08552579579420827,0.005479566735580909,0.06406916982995182,536.2584365355368,True
adamw_no_decay_grad_projection,35,0,58,torch.float32,1.1920928955078125e-07,4.814231254404896e-06,4.4225575730787905e-05,1.824994640486688e-11,4.1265593727843923e-07,6.378966662811663e-21,1.44237051918613e-16,1.0297622526149623e-07,0.0023283290414311047,0.09395885541543762,0.006821610672943401,0.07260210485517044,0.09371089658522054,1.3670032153103957e-17,1.4587452101338558e-16,0.09371089625905092,1.0340382397611877e-07,1.1034343721382526e-06,1.007554918847311e-05,1.007554918847311e-05,0.09395885541543762,0.006821610672943401,0.07260210485517044,677.0460394106989,True
adamw_no_decay_grad_projection,35,1,60,torch.float32,1.1920928955078125e-07,3.342961442244951e-06,4.5781727215619395e-05,1.2998611780808447e-11,2.8392576190034393e-07,6.6584137670717215e-21,1.4543823861674515e-16,1.079851714903149e-07,0.0023586689391737027,0.0988811515109289,0.007707515783917393,0.07794726968835426,0.0985803039383017,1.4569173555253606e-17,1.47789902984799e-16,0.09858030412814964,1.0789646141726067e-07,1.0945032313655725e-06,1.0377549419554837e-05,1.0377549419554837e-05,0.0988811515109289,0.007707515783917393,0.07794726968835426,742.7105834248121,True
adamw_no_decay_grad_projection,35,2,60,torch.float32,1.1920928955078125e-07,3.920330339574255e-06,4.6564734239083585e-05,1.5570875352082987e-11,3.343920159006029e-07,6.692173415398715e-21,1.4371763362888666e-16,1.0028152535220794e-07,0.002153589027589574,0.09717420105325417,0.007269487514057575,0.07480882204602529,0.0969019086582985,1.452636711158342e-17,1.4990795653785512e-16,0.09690190814734018,9.967619394066504e-08,1.0286298365673721e-06,9.60515595829828e-06,9.60515595829828e-06,0.09717420105325417,0.007269487514057575,0.07480882204602529,756.8318042537533,True
adamw_no_decay_grad_projection,35,3,49,torch.float32,1.1920928955078125e-07,5.138758647397377e-06,4.467638554513348e-05,1.944010835047964e-11,4.35131627441988e-07,5.8328751434969196e-21,1.3055834916647228e-16,9.10772834770394e-08,0.0020385855465923463,0.08926998556178996,0.005394433556643362,0.06042830098711621,0.08910684827107929,1.182861798541325e-17,1.3274645232012286e-16,0.08910684965011788,9.050512770815316e-08,1.0156921500819038e-06,9.692199272575403e-06,9.692199272575403e-06,0.08926998556178996,0.005394433556643362,0.06042830098711621,556.5747674944324,True
adamw_no_decay_grad_projection,35,4,60,torch.float32,1.1920928955078125e-07,8.425881056896194e-06,5.16789274941782e-05,4.09959557182332e-11,7.932818598615757e-07,7.435706217210547e-21,1.4388275023800647e-16,1.1569581121364132e-07,0.002238634772749915,0.13889960530794332,0.015863479965885167,0.11420824364990456,0.13799076185772144,2.129842968629563e-17,1.5434677944785803e-16,0.1379907614342252,1.1569207091727723e-07,8.384044679137677e-07,1.1141040294539583e-05,1.1141040294539583e-05,0.13889960530794332,0.015863479965885167,0.11420824364990456,1423.8778019374126,True
adamw_no_decay_grad_projection,35,5,53,torch.float32,1.1920928955078125e-07,5.678672305444112e-06,6.582659789185923e-05,2.6005113315083e-11,3.950547977248426e-07,8.880125951236668e-21,1.3490179100286702e-16,9.137273700641598e-08,0.0013880952806009116,0.09573147377723451,0.008386344334549187,0.08760279147131973,0.09536343272063832,1.3215333859498557e-17,1.3857863001022746e-16,0.09536343253317262,9.132820684569824e-08,9.5768581750588e-07,9.396350253113675e-06,9.396350253113675e-06,0.09573147377723451,0.008386344334549187,0.08760279147131973,892.5108269319993,True
adamw_no_decay_grad_projection,35,6,60,torch.float32,1.1920928955078125e-07,3.095485046437789e-06,4.84801101551007e-05,1.2322554540616486e-11,2.541775276746149e-07,7.057340983115715e-21,1.4557188423329985e-16,1.0015038620534473e-07,0.0020657949758229456,0.0931371083573239,0.0069501812697341115,0.0746231163100908,0.09287742424013345,1.3892077552644168e-17,1.4957431976931628e-16,0.09287742458670382,9.952187850044762e-08,1.0715400318571604e-06,9.576068839376127e-06,9.576068839376127e-06,0.0931371083573239,0.0069501812697341115,0.0746231163100908,725.7864773439651,True
adamw_no_decay_grad_projection,35,7,53,torch.float32,1.1920928955078125e-07,7.079248571757639e-06,2.6491793512470353e-05,1.4815526788943458e-11,5.592496703543086e-07,3.509399824597613e-21,1.324712055809358e-16,1.0008006946827177e-07,0.00377774502566159,0.08705693655186537,0.005513022048851276,0.0633266258521148,0.08688220064941031,1.2020165322536644e-17,1.3835014804747843e-16,0.08688219989813518,1.0043798483027748e-07,1.1560248813685167e-06,1.0227412535976929e-05,1.0227412535976929e-05,0.08705693655186537,0.005513022048851276,0.0633266258521148,539.0436759501134,True
adamw_no_decay_grad_projection,36,0,58,torch.float32,1.1920928955078125e-07,4.814231254404896e-06,4.789065047780635e-05,1.8010145208413206e-11,3.76068084870961e-07,6.844388161681242e-21,1.4291700140622597e-16,1.0182510794219672e-07,0.002126144183472452,0.09509316404631131,0.006832130876501039,0.0718467089093147,0.09484741343877034,1.3890624094787597e-17,1.4645232369731225e-16,0.09484741399734534,1.034922059577055e-07,1.091144203052306e-06,1.0087653195104364e-05,1.0087653195104364e-05,0.09509316404631131,0.006832130876501039,0.0718467089093147,677.2765423594001,True
adamw_no_decay_grad_projection,36,1,60,torch.float32,1.1920928955078125e-07,3.342961442244951e-06,4.905194580613952e-05,1.4013450341213353e-11,2.85685921545224e-07,7.186682867537638e-21,1.4651167755792513e-16,1.0763827606419511e-07,0.002194297829249654,0.10037199474405287,0.007714345999069758,0.07685755392967161,0.1000751027714027,1.47371600974867e-17,1.4726100387975785e-16,0.1000751023515609,1.076653093495392e-07,1.0758451085197408e-06,1.0388726364931462e-05,1.0388726364931462e-05,0.10037199474405287,0.007714345999069758,0.07685755392967161,742.5689856564677,True
adamw_no_decay_grad_projection,36,2,60,torch.float32,1.1920928955078125e-07,3.920330339574255e-06,4.882267189931735e-05,1.5319961643567715e-11,3.1378785813199057e-07,7.24061072173803e-21,1.483042701282317e-16,9.917030039756216e-08,0.0020311856395479307,0.09821182545308964,0.007251450557292703,0.073834800685548,0.09794375489863193,1.4824435637234172e-17,1.5135661944528164e-16,0.09794375417289057,9.916468315143271e-08,1.0124656134416387e-06,9.61740603661379e-06,9.61740603661379e-06,0.09821182545308964,0.007251450557292703,0.073834800685548,753.9923478000393,True
adamw_no_decay_grad_projection,36,3,49,torch.float32,1.1920928955078125e-07,5.138758647397377e-06,4.214032530180326e-05,1.81774519027334e-11,4.313552819668327e-07,5.4582195226844834e-21,1.2952485496004047e-16,8.978033215590949e-08,0.002130469085834965,0.09070985358023727,0.0053948030346497745,0.05947317542385634,0.09054928843875815,1.1952420302811875e-17,1.3199905276887673e-16,0.09054928942447371,9.079209272837099e-08,1.0026814490256137e-06,9.703084144885463e-06,9.703084144885463e-06,0.09070985358023727,0.0053948030346497745,0.05947317542385634,555.9884830529269,True
adamw_no_decay_grad_projection,36,4,60,torch.float32,1.1920928955078125e-07,8.425881056896194e-06,5.89477901057986e-05,5.044619430105635e-11,8.557775314480201e-07,8.41243781884775e-21,1.4270997782533177e-16,1.1638965026245573e-07,0.001974447707341081,0.14409688165770956,0.01648218823354599,0.11438268506530272,0.14315113962001808,2.2165751361877784e-17,1.5484159903102968e-16,0.14315114028158654,1.1567058201453573e-07,8.080311605412645e-07,1.1163954047562753e-05,1.1163954047562753e-05,0.14409688165770956,0.01648218823354599,0.11438268506530272,1476.3754995161667,True
adamw_no_decay_grad_projection,36,5,53,torch.float32,1.1920928955078125e-07,5.678672305444112e-06,7.253106646220258e-05,2.8537166514778598e-11,3.9344749645519e-07,9.626796602294384e-21,1.32726527705364e-16,9.235459248197168e-08,0.0012733267738987265,0.09692881644548479,0.008540905991357943,0.08811524069482025,0.09655179119192595,1.3493245834297957e-17,1.3975137765674427e-16,0.09655179122325788,9.165896865528269e-08,9.493243728988781e-07,9.408323673794818e-06,9.408323673794818e-06,0.09692881644548479,0.008540905991357943,0.08811524069482025,907.8031631869862,True
adamw_no_decay_grad_projection,36,6,60,torch.float32,1.1920928955078125e-07,3.095485046437789e-06,5.413398719266061e-05,1.3798558792305728e-11,2.548964062668658e-07,7.760738762701785e-21,1.4336166916879575e-16,9.950414738503536e-08,0.0018380913575793275,0.09520731187452625,0.007019066870673553,0.07372403161559675,0.09494822238798534,1.410511085579967e-17,1.485558181190817e-16,0.09494822169479951,9.946299915328953e-08,1.0475498895914267e-06,9.59038252154464e-06,9.59038252154464e-06,0.09520731187452625,0.007019066870673553,0.07372403161559675,731.8860175707624,True
adamw_no_decay_grad_projection,36,7,53,torch.float32,1.1920928955078125e-07,7.079248571757639e-06,2.5158908926359306e-05,1.4141149802611001e-11,5.62073253812495e-07,3.428438106438048e-21,1.3627133499603284e-16,9.944816191859594e-08,0.003952632555555949,0.08653924503924618,0.0054031541010317085,0.06243588210853167,0.08637040498760672,1.1901789410048675e-17,1.377993933426208e-16,0.08637040471443168,1.0114916890021328e-07,1.1711091227909021e-06,1.0234997853490897e-05,1.0234997853490897e-05,0.08653924503924618,0.0054031541010317085,0.06243588210853167,527.9096467215018,True
adamw_no_decay_grad_projection,37,0,58,torch.float32,1.1920928955078125e-07,4.814231254404896e-06,4.431857838414481e-05,1.7697046930868347e-11,3.9931440890260037e-07,6.345041722609297e-21,1.4316889110503988e-16,1.0331648776825746e-07,0.002331197395505789,0.09709182331535161,0.0068900625476885705,0.0709643954806558,0.09684704018599842,1.421706646481173e-17,1.4679918392454034e-16,0.09684703941582812,1.0270976372200199e-07,1.0605359166530773e-06,1.0100925557195185e-05,1.0100925557195185e-05,0.09709182331535161,0.0068900625476885705,0.0709643954806558,682.1219014707596,True
adamw_no_decay_grad_projection,37,1,60,torch.float32,1.1920928955078125e-07,3.342961442244951e-06,4.784645459251696e-05,1.3051583582763307e-11,2.7278057891471307e-07,6.901449377920349e-21,1.442416044552645e-16,1.080199854903434e-07,0.002257573512339062,0.10059080566050947,0.007626912658303899,0.07582117081400529,0.10030124818133117,1.495740771566364e-17,1.4912484128435429e-16,0.1003012472988567,1.07625212799968e-07,1.0730196851818689e-06,1.0399140589691181e-05,1.0399140589691181e-05,0.10059080566050947,0.007626912658303899,0.07582117081400529,733.4175927830582,True
adamw_no_decay_grad_projection,37,2,60,torch.float32,1.1920928955078125e-07,3.920330339574255e-06,4.7258387177574046e-05,1.4922684996458476e-11,3.1576797025227036e-07,6.879992480201822e-21,1.4558246463956752e-16,1.0003988751941732e-07,0.0021168481678840965,0.09904870528636893,0.00720442710814224,0.07273620677133387,0.09878634647029637,1.494704750015724e-17,1.513068155086756e-16,0.09878634681897636,9.945805578230766e-08,1.006799613357119e-06,9.630100114738393e-06,9.630100114738393e-06,0.09904870528636893,0.00720442710814224,0.07273620677133387,748.1154943671063,True
adamw_no_decay_grad_projection,37,3,49,torch.float32,1.1920928955078125e-07,5.138758647397377e-06,4.271503309052593e-05,1.8892990007023903e-11,4.4230306381793046e-07,5.6118347815073725e-21,1.3137844865096476e-16,9.181524951245372e-08,0.002149414412981166,0.09277059058374723,0.005476174380359585,0.05902920684132169,0.09260882242752655,1.2338816807254745e-17,1.3323586764004916e-16,0.09260882313557538,9.103318067606374e-08,9.829860438113443e-07,9.715091515901286e-06,9.715091515901286e-06,0.09277059058374723,0.005476174380359585,0.05902920684132169,563.6770761650978,True
adamw_no_decay_grad_projection,37,4,60,torch.float32,1.1920928955078125e-07,8.425881056896194e-06,5.102366263242997e-05,4.163088952916057e-11,8.159133896181832e-07,7.56997453841423e-21,1.4836203729532685e-16,1.1525136323542571e-07,0.002258762059789735,0.1470192241653354,0.016685614876380667,0.11349274199417826,0.1460693072838173,2.246125489880022e-17,1.5377121529820967e-16,0.1460693069208646,1.1721295968798281e-07,8.024475651923564e-07,1.1186107134644903e-05,1.1186107134644903e-05,0.1470192241653354,0.016685614876380667,0.11349274199417826,1491.6373207890204,True
adamw_no_decay_grad_projection,37,5,53,torch.float32,1.1920928955078125e-07,5.678672305444112e-06,6.344221167851393e-05,2.609881722139844e-11,4.113793723593871e-07,8.488883038457971e-21,1.3380496697490817e-16,9.12230411229065e-08,0.001437848966865988,0.09794470188421998,0.008631581487799422,0.08812708928353039,0.09756362246354018,1.3523874119062446e-17,1.386159490348604e-16,0.09756362314141527,9.16471771883024e-08,9.393580746326203e-07,9.420919819085155e-06,9.420919819085155e-06,0.09794470188421998,0.008631581487799422,0.08812708928353039,916.2143032268813,True
adamw_no_decay_grad_projection,37,6,60,torch.float32,1.1920928955078125e-07,3.095485046437789e-06,5.201774627626859e-05,1.3401779255827857e-11,2.57638598655359e-07,7.62526844098985e-21,1.4658975036119326e-16,9.979886162447618e-08,0.0019185619151405615,0.09642608961157001,0.006989977593295439,0.0724905222378397,0.09617240233572082,1.4423296164171157e-17,1.4997333760907818e-16,0.09617240204969223,1.0024453959594723e-07,1.042342059254701e-06,9.604451309581862e-06,9.604451309581862e-06,0.09642608961157001,0.006989977593295439,0.0724905222378397,727.7852079193635,True
adamw_no_decay_grad_projection,37,7,53,torch.float32,1.1920928955078125e-07,7.079248571757639e-06,2.75106672065335e-05,1.5044346423007847e-11,5.468550184575301e-07,3.725090652762964e-21,1.3540531840968402e-16,9.951365724622254e-08,0.0036173289281879726,0.08701038750538392,0.0053642560020563754,0.061650754074902295,0.08684487487112566,1.2095483870731474e-17,1.3927688753862207e-16,0.08684487438917589,9.956216442967626e-08,1.1464368522603957e-06,1.0244003645449247e-05,1.0244003645449247e-05,0.08701038750538392,0.0053642560020563754,0.061650754074902295,523.6483886297102,True
adamw_no_decay_grad_projection,38,0,58,torch.float32,1.1920928955078125e-07,4.814231254404896e-06,4.708778147789028e-05,1.8184947508921797e-11,3.861924885431352e-07,6.699859024249195e-21,1.4228444861849277e-16,1.0275043401708323e-07,0.002182089855459989,0.09958740027881906,0.0070185466652738955,0.07047625146980215,0.09933977197981231,1.436088449851324e-17,1.4456329234812054e-16,0.09933977170525289,1.0295675349805348e-07,1.0364102084262123e-06,1.0115418137218703e-05,1.0115418137218703e-05,0.09958740027881906,0.0070185466652738955,0.07047625146980215,693.8464203916427,True
adamw_no_decay_grad_projection,38,1,60,torch.float32,1.1920928955078125e-07,3.342961442244951e-06,5.166938233847455e-05,1.4250688328461935e-11,2.758052773905612e-07,7.443611115163031e-21,1.4406232043576378e-16,1.0771611788917455e-07,0.002084701070339823,0.10153881840524125,0.0075622830660731204,0.07447676844034232,0.10125681961211867,1.502644447746027e-17,1.4839933285502747e-16,0.10125682024697928,1.0800770089994086e-07,1.0666708734927212e-06,1.0410627280359434e-05,1.0410627280359434e-05,0.10153881840524125,0.0075622830660731204,0.07447676844034232,726.4003275134087,True
adamw_no_decay_grad_projection,38,2,60,torch.float32,1.1920928955078125e-07,3.920330339574255e-06,4.852574482011951e-05,1.5124957748544194e-11,3.1168934767742415e-07,7.071657666586035e-21,1.45730018010035e-16,9.951889895453086e-08,0.0020508133413281184,0.10025224518961043,0.007208539285425616,0.07190401842663838,0.09999274787167438,1.5008654857117234e-17,1.5009743382968714e-16,0.0999927477738747,1.0017598182713696e-07,1.0018324734277394e-06,9.643646999470156e-06,9.643646999470156e-06,0.10025224518961043,0.007208539285425616,0.07190401842663838,747.4909944154602,True
adamw_no_decay_grad_projection,38,3,49,torch.float32,1.1920928955078125e-07,5.138758647397377e-06,4.4064557245268135e-05,1.8710326003270032e-11,4.246116873278975e-07,5.663302063066711e-21,1.2852284051203928e-16,9.212680929998084e-08,0.0020906889338530472,0.09398967152404096,0.005513740358095429,0.0586632580866623,0.0938278051563641,1.2458773592603567e-17,1.3278338517927615e-16,0.09382780578421672,9.124575145045639e-08,9.724809259666746e-07,9.726956657152873e-06,9.726956657152873e-06,0.09398967152404096,0.005513740358095429,0.0586632580866623,566.8515397404194,True
adamw_no_decay_grad_projection,38,4,60,torch.float32,1.1920928955078125e-07,8.425881056896194e-06,5.346462158643714e-05,3.8286003190005775e-11,7.160997694168312e-07,7.777545031968654e-21,1.4547087029123664e-16,1.1668819021086681e-07,0.002182515748886265,0.14730181205957202,0.016694614257347456,0.11333610920275573,0.1463527030527002,2.2377731852950165e-17,1.5290275742219916e-16,0.14635270274163117,1.1635053624956936e-07,7.950009399892861e-07,1.1207189697690544e-05,1.1207189697690544e-05,0.14730181205957202,0.016694614257347456,0.11333610920275573,1489.6343068760316,True
adamw_no_decay_grad_projection,38,5,53,torch.float32,1.1920928955078125e-07,5.678672305444112e-06,6.103558112865754e-05,2.456661070501839e-11,4.0249654792725203e-07,8.149949867272235e-21,1.3352784910974356e-16,9.190058554455363e-08,0.0015056834995834235,0.09970305423848909,0.008715705154369103,0.0874166315258627,0.09932137488046165,1.3611518171864644e-17,1.3704520490424947e-16,0.09932137483274522,9.220150058693272e-08,9.283147836223351e-07,9.434670055778521e-06,9.434670055778521e-06,0.09970305423848909,0.008715705154369103,0.0874166315258627,923.7954377674216,True
adamw_no_decay_grad_projection,38,6,60,torch.float32,1.1920928955078125e-07,3.095485046437789e-06,5.221708616914115e-05,1.3513478080135726e-11,2.587941815895851e-07,7.657457251634654e-21,1.4664658282216167e-16,9.907772432873615e-08,0.0018974184916398353,0.09703338556091717,0.00691526799162952,0.07126689388043811,0.09678665704536733,1.4318535685926473e-17,1.4793914908348232e-16,0.09678665617511759,9.966680207828474e-08,1.029757675458444e-06,9.618364545621322e-06,9.618364545621322e-06,0.09703338556091717,0.00691526799162952,0.07126689388043811,718.9650546960852,True
adamw_no_decay_grad_projection,38,7,53,torch.float32,1.1920928955078125e-07,7.079248571757639e-06,2.6459414753185736e-05,1.3991983837850182e-11,5.288092714206967e-07,3.616420541222202e-21,1.3667802462589568e-16,1.0025046854919266e-07,0.0037888199681939236,0.08827509196988087,0.005392952116262773,0.061092568650087935,0.08811020332380708,1.2128185411143783e-17,1.3764791083925224e-16,0.0881102037242425,9.967535148886844e-08,1.1312577576238644e-06,1.0253924549191088e-05,1.0253924549191088e-05,0.08827509196988087,0.005392952116262773,0.061092568650087935,525.9402963607931,True
adamw_no_decay_grad_projection,39,0,58,torch.float32,1.1920928955078125e-07,4.814231254404896e-06,4.2937823225979876e-05,1.6972143157084258e-11,3.9527255650014243e-07,6.14557368602471e-21,1.4312727624037453e-16,1.032170810130713e-07,0.0024038829625181784,0.09995946711996873,0.006969804838003101,0.06972631046180074,0.09971618167292738,1.4417557433863764e-17,1.4458593572258778e-16,0.09971618251464719,1.0379648251053664e-07,1.040919135620641e-06,1.012846089237524e-05,1.012846089237524e-05,0.09995946711996873,0.006969804838003101,0.06972631046180074,688.1405686475039,True
adamw_no_decay_grad_projection,39,1,60,torch.float32,1.1920928955078125e-07,3.342961442244951e-06,5.5280544308569096e-05,1.5161389274843525e-11,2.7426266265061616e-07,8.075442381921304e-21,1.4608109386270685e-16,1.07415722338495e-07,0.0019430692498812706,0.10298616400138087,0.007636633803276572,0.07415203660924954,0.10270263774545409,1.5119583184205207e-17,1.472170872736367e-16,0.1027026383705053,1.0904873406746039e-07,1.061790970491539e-06,1.0423229841030795e-05,1.0423229841030795e-05,0.10298616400138087,0.007636633803276572,0.07415203660924954,732.6552248915347,True
adamw_no_decay_grad_projection,39,2,60,torch.float32,1.1920928955078125e-07,3.920330339574255e-06,5.040981958895927e-05,1.635875150355219e-11,3.2451517654578305e-07,7.44977264041047e-21,1.4778415596715422e-16,9.98109958031804e-08,0.0019799566399271783,0.10115430470547628,0.007146422242919074,0.07064872091926092,0.10090154612083133,1.5198172143228394e-17,1.5062377859927265e-16,0.10090154635035636,9.974063481537941e-08,9.884946110642747e-07,9.657539908865047e-06,9.657539908865047e-06,0.10115430470547628,0.007146422242919074,0.07064872091926092,739.9837132807584,True
adamw_no_decay_grad_projection,39,3,49,torch.float32,1.1920928955078125e-07,5.138758647397377e-06,4.6165121725064865e-05,2.0593240639343867e-11,4.4607790188416173e-07,5.992674477922486e-21,1.2980956735286636e-16,9.115148950332378e-08,0.0019744532615292693,0.09573766039810601,0.005565348397248093,0.058131234606169604,0.09557576322332102,1.262905704138968e-17,1.3213660676588896e-16,0.0955757634862659,9.175018599394289e-08,9.599733514776187e-07,9.739735837906589e-06,9.739735837906589e-06,0.09573766039810601,0.005565348397248093,0.058131234606169604,571.4065032018652,True
adamw_no_decay_grad_projection,39,4,60,torch.float32,1.1920928955078125e-07,8.425881056896194e-06,5.154769661069059e-05,3.2997829701008456e-11,6.401416914944162e-07,7.543452007644239e-21,1.4633926447998322e-16,1.1556704415936679e-07,0.0022419317366336286,0.14886114137138576,0.016623200244258136,0.11166917095433117,0.14793008018665774,2.2691352180326883e-17,1.5339241452242168e-16,0.1479300808593067,1.1676057119853406e-07,7.892956626555397e-07,1.1231328222980106e-05,1.1231328222980106e-05,0.14886114137138576,0.016623200244258136,0.11166917095433117,1480.0742988034017,True
adamw_no_decay_grad_projection,39,5,53,torch.float32,1.1920928955078125e-07,5.678672305444112e-06,5.9347778710062415e-05,2.5698651764156066e-11,4.3301792118798983e-07,8.06159833997694e-21,1.358365639826525e-16,9.196344325754678e-08,0.0015495552874872313,0.1010049098247269,0.008747037162069206,0.08660011852144492,0.10062544981060505,1.4052683333576342e-17,1.396533715876648e-16,0.10062545074642261,9.214667889484618e-08,9.157392907193724e-07,9.448672695238914e-06,9.448672695238914e-06,0.1010049098247269,0.008747037162069206,0.08660011852144492,925.7424237455855,True
adamw_no_decay_grad_projection,39,6,60,torch.float32,1.1920928955078125e-07,3.095485046437789e-06,5.2497705450146184e-05,1.2799259408742906e-11,2.4380607302727865e-07,7.59142002076e-21,1.446047966414328e-16,9.919973401290137e-08,0.0018895757817224052,0.09776608063738343,0.006889555096369783,0.07046978923010422,0.09752302576196785,1.440482709004505e-17,1.477069335933449e-16,0.09752302526394589,9.954380829152819e-08,1.020721086349742e-06,9.63276583412119e-06,9.63276583412119e-06,0.09776608063738343,0.006889555096369783,0.07046978923010422,715.2208633542815,True
adamw_no_decay_grad_projection,39,7,53,torch.float32,1.1920928955078125e-07,7.079248571757639e-06,2.911004315779166e-05,1.5556880598324082e-11,5.344162670593669e-07,3.9268895351594036e-21,1.3489810076454265e-16,1.0057595006380598e-07,0.003454887261193587,0.08961383471460235,0.005404803778223211,0.060312158222401255,0.08945069853486318,1.222983179621116e-17,1.3672147894344966e-16,0.08945069797996373,9.974146863743366e-08,1.1150440509673271e-06,1.0264301943146583e-05,1.0264301943146583e-05,0.08961383471460235,0.005404803778223211,0.060312158222401255,526.5632098665968,True
adamw_no_decay_grad_projection,40,0,58,torch.float32,1.1920928955078125e-07,4.814231254404896e-06,4.202726015079334e-05,1.5931048186380188e-11,3.7906463874208704e-07,5.9843749001954e-21,1.4239269651944855e-16,1.0408389915575882e-07,0.002476512041038992,0.1004924367982127,0.006862109773321373,0.06828483806299161,0.10025787402045618,1.4570045658812002e-17,1.4532569936441294e-16,0.10025787373350277,1.0364262685625095e-07,1.033760471838304e-06,1.0142251324521892e-05,1.0142251324521892e-05,0.1004924367982127,0.006862109773321373,0.06828483806299161,676.5864455291295,True
adamw_no_decay_grad_projection,40,1,60,torch.float32,1.1920928955078125e-07,3.342961442244951e-06,5.700387511557614e-05,1.6280074914993995e-11,2.8559593329376154e-07,8.282334030060135e-21,1.4529422803744356e-16,1.0804554136175247e-07,0.0018953477691666706,0.10302721342373655,0.007527514138763922,0.07306335761799465,0.10275185271687744,1.5271135596614836e-17,1.4862151088110245e-16,0.10275185345835518,1.0836291001396178e-07,1.05460783788081e-06,1.0435059281016127e-05,1.0435059281016127e-05,0.10302721342373655,0.007527514138763922,0.07306335761799465,721.3676449791018,True
adamw_no_decay_grad_projection,40,2,60,torch.float32,1.1920928955078125e-07,3.920330339574255e-06,4.933406302588833e-05,1.575278699124337e-11,3.193085269092271e-07,7.123995516959049e-21,1.4440317865611545e-16,1.0019794556614099e-07,0.002030982907498284,0.10295728105052014,0.007219885818490671,0.07012506298556916,0.10270382159434843,1.538377023948425e-17,1.4978770994759933e-16,0.10270382108253118,1.0030723699492335e-07,9.766650932521588e-07,9.672916549803066e-06,9.672916549803066e-06,0.10295728105052014,0.007219885818490671,0.07012506298556916,746.4021612631055,True
adamw_no_decay_grad_projection,40,3,49,torch.float32,1.1920928955078125e-07,5.138758647397377e-06,4.685694893127224e-05,2.0080344102295056e-11,4.2854570261815473e-07,6.064518257587852e-21,1.2942623017310803e-16,9.124428966027426e-08,0.0019472579147436961,0.09686044791858,0.005566477404993658,0.05746904463701001,0.09670036556439508,1.2796109807340951e-17,1.3232741916388844e-16,0.09670036604127227,9.11611703713671e-08,9.427179451674359e-07,9.752425983972425e-06,9.752425983972425e-06,0.09686044791858,0.005566477404993658,0.05746904463701001,570.7787389662692,True
adamw_no_decay_grad_projection,40,4,60,torch.float32,1.1920928955078125e-07,8.425881056896194e-06,5.0218691392738017e-05,4.685518579220611e-11,9.330228345811039e-07,7.370862482089767e-21,1.46775279834529e-16,1.1671732411550421e-07,0.0023240794735877625,0.14954770668010062,0.016596905116395205,0.11098067288920621,0.1486238854082169,2.2630481683274506e-17,1.522667882158822e-16,0.14862388596331508,1.1746596277480126e-07,7.903572296837633e-07,1.1255818099795464e-05,1.1255818099795464e-05,0.14954770668010062,0.016596905116395205,0.11098067288920621,1474.5178865938492,True
adamw_no_decay_grad_projection,40,5,53,torch.float32,1.1920928955078125e-07,5.678672305444112e-06,6.896158792841135e-05,2.6523708221359355e-11,3.8461568270286166e-07,9.25747028665949e-21,1.3424096754080406e-16,9.214948500207671e-08,0.0013362209936926756,0.09893102542116364,0.008278827034769273,0.08368281840327757,0.09858401905892912,1.370053150702733e-17,1.389731483643182e-16,0.09858402011039834,9.228287396396186e-08,9.360834936597209e-07,9.459900216549567e-06,9.459900216549567e-06,0.09893102542116364,0.008278827034769273,0.08368281840327757,875.1495095356215,True
adamw_no_decay_grad_projection,40,6,60,torch.float32,1.1920928955078125e-07,3.095485046437789e-06,5.352502412474854e-05,1.3631319624072156e-11,2.5467190061049217e-07,7.837674092798748e-21,1.464300898684709e-16,1.007165535481679e-07,0.00188160536644268,0.09822048437497928,0.00680217394485941,0.06925412746785638,0.09798466196542918,1.4651062141869578e-17,1.4952403619087594e-16,0.09798466230837105,1.0020438282625455e-07,1.022653754838668e-06,9.647631276195364e-06,9.647631276195364e-06,0.09822048437497928,0.00680217394485941,0.06925412746785638,705.0615586484056,True
adamw_no_decay_grad_projection,40,7,53,torch.float32,1.1920928955078125e-07,7.079248571757639e-06,2.847393850143058e-05,1.670960895939736e-11,5.868386966754824e-07,3.822373137557575e-21,1.34241110950148e-16,1.0042023457959146e-07,0.0035264512784350536,0.08978554258333928,0.005328980623388779,0.059352324105436005,0.0896272593718015,1.2336521963478221e-17,1.3764252137067503e-16,0.08962725847784064,1.0030202214813154e-07,1.1191017537698101e-06,1.0273889900189279e-05,1.0273889900189279e-05,0.08978554258333928,0.005328980623388779,0.059352324105436005,518.6916226628632,True
adamw_no_decay_grad_projection,41,0,58,torch.float32,1.1920928955078125e-07,4.814231254404896e-06,4.526239293005781e-05,1.7459645200680177e-11,3.857428666588591e-07,6.408067811395053e-21,1.4157598387026651e-16,1.0344194024348559e-07,0.0022853283290724027,0.10044884781075353,0.006794902059435451,0.06764539571660497,0.10021876237766361,1.4388640369002072e-17,1.4357232146591504e-16,0.10021876224982251,1.0388535922738119e-07,1.0365859335642032e-06,1.0156193157741357e-05,1.0156193157741357e-05,0.10044884781075353,0.006794902059435451,0.06764539571660497,669.04025493609,True
adamw_no_decay_grad_projection,41,1,60,torch.float32,1.1920928955078125e-07,3.342961442244951e-06,5.2757756741485064e-05,1.511504569314356e-11,2.8649902169282586e-07,7.641726140803289e-21,1.448455471343928e-16,1.0725506092866924e-07,0.002032955239454559,0.10115128178999991,0.007273087632205921,0.0719030693778609,0.10088946428668466,1.48827082543708e-17,1.4751498939552813e-16,0.10088946392977063,1.0839822239873696e-07,1.074425595859972e-06,1.0445460308149413e-05,1.0445460308149413e-05,0.10115128178999991,0.007273087632205921,0.0719030693778609,696.2917303444782,True
adamw_no_decay_grad_projection,41,2,60,torch.float32,1.1920928955078125e-07,3.920330339574255e-06,4.744018649519049e-05,1.521738612250175e-11,3.207699473113263e-07,6.927008402927175e-21,1.4601562334983221e-16,1.0077833129352954e-07,0.0021242697921094993,0.10145888429171508,0.007037147797966535,0.06935960164644915,0.10121454318717842,1.53961946112781e-17,1.5211445041850913e-16,0.10121454397064474,1.0106631756203442e-07,9.985355226354297e-07,9.685926260068515e-06,9.685926260068515e-06,0.10145888429171508,0.007037147797966535,0.06935960164644915,726.5332823127188,True
adamw_no_decay_grad_projection,41,3,49,torch.float32,1.1920928955078125e-07,5.138758647397377e-06,4.104112256382973e-05,1.7773873187091126e-11,4.3307473277437977e-07,5.326514965025779e-21,1.2978482634684631e-16,8.977809318273183e-08,0.0021874116028758966,0.09520379066980224,0.0054491913002148555,0.0572371253484478,0.09504771471252314,1.2599584157598684e-17,1.325606217435821e-16,0.0950477157415948,9.258586754224061e-08,9.74098817839587e-07,9.762891421039913e-06,9.762891421039913e-06,0.09520379066980224,0.0054491913002148555,0.0572371253484478,558.15342660386,True
adamw_no_decay_grad_projection,41,4,60,torch.float32,1.1920928955078125e-07,8.425881056896194e-06,5.118139646994675e-05,3.7496946321394844e-11,7.326284335249179e-07,7.460644318814478e-21,1.4576867442836e-16,1.168683477676184e-07,0.002283359997597429,0.14651599920617556,0.01616598557582715,0.11033597466088717,0.14562142333374642,2.224869660527783e-17,1.5278450173012352e-16,0.1456214242922007,1.1754557478215298e-07,8.071997328242625e-07,1.1278146361916188e-05,1.1278146361916188e-05,0.14651599920617556,0.01616598557582715,0.11033597466088717,1433.3902981092813,True
adamw_no_decay_grad_projection,41,5,53,torch.float32,1.1920928955078125e-07,5.678672305444112e-06,6.335954491017915e-05,2.6677513468348336e-11,4.210496383168056e-07,8.429706674909963e-21,1.3304556853842585e-16,9.211893679162132e-08,0.0014538923794941985,0.09732578530333776,0.00796373356845937,0.08182552592448752,0.09699941975373867,1.3455690250349377e-17,1.3871928599687063e-16,0.09699942140692705,9.303443715988356e-08,9.591236299192983e-07,9.47223335115444e-06,9.47223335115444e-06,0.09732578530333776,0.00796373356845937,0.08182552592448752,840.7450780853895,True
adamw_no_decay_grad_projection,41,6,60,torch.float32,1.1920928955078125e-07,3.095485046437789e-06,5.3502261432345495e-05,1.3421310127190062e-11,2.5085500627224015e-07,7.72403255656141e-21,1.4436833789406866e-16,1.0012584898971248e-07,0.0018713862731510897,0.09736802878958248,0.006608910488641706,0.06787557035712323,0.09714347807507247,1.4436077441801578e-17,1.4860572966767136e-16,0.09714347751876962,1.0093536299119069e-07,1.0390338658783182e-06,9.661706314471592e-06,9.661706314471592e-06,0.09736802878958248,0.006608910488641706,0.06787557035712323,684.0313991683521,True
adamw_no_decay_grad_projection,41,7,53,torch.float32,1.1920928955078125e-07,7.079248571757639e-06,3.088589751338164e-05,1.6612370133108614e-11,5.378626321579655e-07,4.1861738427411196e-21,1.3553673941085962e-16,1.0031949779359197e-07,0.003247882897995873,0.09105297698281921,0.005369111304652987,0.0589668946866623,0.0908945392266887,1.2533393657368131e-17,1.3788940198167637e-16,0.09089453904789899,1.0002557487567541e-07,1.1004574743809924e-06,1.0284651297862884e-05,1.0284651297862884e-05,0.09105297698281921,0.005369111304652987,0.0589668946866623,522.0508842889666,True
adamw_no_decay_grad_projection,42,0,58,torch.float32,1.1920928955078125e-07,4.814231254404896e-06,4.739327048378794e-05,1.9183092133734755e-11,4.0476405063239544e-07,6.741910429365923e-21,1.4225459354345919e-16,1.0322028801912502e-07,0.0021779308683615817,0.10043958066399758,0.0067845200349029525,0.06754827120992604,0.10021017738660917,1.448935337382085e-17,1.4458963901362204e-16,0.10021017704860466,1.0494754014167916e-07,1.0472742712626559e-06,1.0170428395725465e-05,1.0170428395725465e-05,0.10043958066399758,0.0067845200349029525,0.06754827120992604,667.0830146893736,True
adamw_no_decay_grad_projection,42,1,60,torch.float32,1.1920928955078125e-07,3.342961442244951e-06,5.3311143013975376e-05,1.4366339548742884e-11,2.6948098908659275e-07,7.715306434461564e-21,1.447222099972476e-16,1.0898721522370165e-07,0.0020443394615254342,0.10016639966316225,0.007148199465768911,0.07136324645596474,0.09991101473750494,1.4692183553433697e-17,1.4705269075721334e-16,0.09991101596315823,1.0766491774215428e-07,1.077608076589425e-06,1.0456879376843832e-05,1.0456879376843832e-05,0.10016639966316225,0.007148199465768911,0.07136324645596474,683.5882109913398,True
adamw_no_decay_grad_projection,42,2,60,torch.float32,1.1920928955078125e-07,3.920330339574255e-06,5.178462847825497e-05,1.6631758896452176e-11,3.2117173348913887e-07,7.529720507899508e-21,1.454045482060709e-16,1.009606567712291e-07,0.0019495849782103021,0.10056262808014492,0.00690350897534193,0.06864885203517228,0.10032538926021133,1.5040469310587475e-17,1.499168796801516e-16,0.10032539102127246,9.982663125745697e-08,9.950285789196702e-07,9.69994397760792e-06,9.69994397760792e-06,0.10056262808014492,0.00690350897534193,0.06864885203517228,711.7060666822931,True
adamw_no_decay_grad_projection,42,3,49,torch.float32,1.1920928955078125e-07,5.138758647397377e-06,3.992306414990703e-05,1.6471523633639946e-11,4.125816488381517e-07,5.200078917827018e-21,1.3025250011626598e-16,9.255051681114875e-08,0.0023181990539216323,0.09347261767673991,0.005283413273946586,0.05652364730191279,0.09332317932603172,1.2296415753237282e-17,1.3176164637810726e-16,0.09332317836388526,9.171263246624539e-08,9.82742273400076e-07,9.773395555074438e-06,9.773395555074438e-06,0.09347261767673991,0.005283413273946586,0.05652364730191279,540.5913680842876,True
adamw_no_decay_grad_projection,42,4,60,torch.float32,1.1920928955078125e-07,8.425881056896194e-06,5.729870554400752e-05,4.6885700222441984e-11,8.182680529568339e-07,8.174656917338943e-21,1.4266739256549595e-16,1.1769562991997637e-07,0.0020540417408667576,0.14287556606499408,0.01564708794951604,0.10951549225987445,0.14201618223671764,2.1935744128803085e-17,1.5445946921907678e-16,0.14201618327642482,1.1798690357983915e-07,8.307990037317485e-07,1.1300287327519603e-05,1.1300287327519603e-05,0.14287556606499408,0.01564708794951604,0.10951549225987445,1384.6628405112026,True
adamw_no_decay_grad_projection,42,5,53,torch.float32,1.1920928955078125e-07,5.678672305444112e-06,6.531869935183141e-05,2.7841749395822876e-11,4.262446997889012e-07,8.939281465906022e-21,1.3685639111943208e-16,9.29713535491255e-08,0.0014233540407650026,0.09756335317361829,0.007864383603403675,0.08060796751633431,0.09724587062193793,1.3660536808563381e-17,1.4047420955971849e-16,0.09724587018920092,9.189891577128372e-08,9.450161286282472e-07,9.486543383732955e-06,9.486543383732955e-06,0.09756335317361829,0.007864383603403675,0.08060796751633431,829.0041256638453,True
adamw_no_decay_grad_projection,42,6,60,torch.float32,1.1920928955078125e-07,3.095485046437789e-06,5.096237950875356e-05,1.3178652026369444e-11,2.5859569653936216e-07,7.37915362159325e-21,1.4479609650734646e-16,1.0009850262599036e-07,0.0019641551845957844,0.09539177826924493,0.006396725416731802,0.06705740822523441,0.09517706270584173,1.4141488194818052e-17,1.4858084282895277e-16,0.09517706097916587,1.0109928316205054e-07,1.0622232092686812e-06,9.674679323055037e-06,9.674679323055037e-06,0.09539177826924493,0.006396725416731802,0.06705740822523441,661.1821646106887,True
adamw_no_decay_grad_projection,42,7,53,torch.float32,1.1920928955078125e-07,7.079248571757639e-06,3.216538446018158e-05,1.750053399436676e-11,5.440797393866427e-07,4.4424539606982874e-21,1.381128823813184e-16,1.004516398497201e-07,0.0031227938118035814,0.09119226621211653,0.005340112129565423,0.058558826876219175,0.09103577659000442,1.2636263491332773e-17,1.3880546708842174e-16,0.091035775706978,9.991800409693744e-08,1.0975685473208815e-06,1.0294492140522082e-05,1.0294492140522082e-05,0.09119226621211653,0.005340112129565423,0.058558826876219175,518.7348784837287,True
adamw_no_decay_grad_projection,43,0,58,torch.float32,1.1920928955078125e-07,4.814231254404896e-06,4.480086280150787e-05,1.759341684494233e-11,3.927026343865455e-07,6.423228504713563e-21,1.4337287505315345e-16,1.037491820567204e-07,0.0023157337895589637,0.09840889990581501,0.006528698992427562,0.06634256656334982,0.09819209576202656,1.4113409214534154e-17,1.4373264064694886e-16,0.09819209674985571,1.0397874960330494e-07,1.0589319613796488e-06,1.0183595247569927e-05,1.0183595247569927e-05,0.09840889990581501,0.006528698992427562,0.06634256656334982,641.0996149896552,True
adamw_no_decay_grad_projection,43,1,60,torch.float32,1.1920928955078125e-07,3.342961442244951e-06,5.029815323016013e-05,1.3975642546086394e-11,2.7785597777586433e-07,7.22773655296988e-21,1.4369785148764094e-16,1.088635015132635e-07,0.002164321442697203,0.09843991653764328,0.006921554602291842,0.07031247938578909,0.09819627920560771,1.4525468587236577e-17,1.4792280017883884e-16,0.09819627865713329,1.086046252749434e-07,1.1059953265047078e-06,1.0467713600213068e-05,1.0467713600213068e-05,0.09843991653764328,0.006921554602291842,0.07031247938578909,661.2288859480217,True
adamw_no_decay_grad_projection,43,2,60,torch.float32,1.1920928955078125e-07,3.920330339574255e-06,5.01677446674832e-05,1.574723738289935e-11,3.138916745664691e-07,7.366684167995373e-21,1.468410473068473e-16,1.0064131230933027e-07,0.0020060815588681395,0.09989984320318855,0.006774286284082358,0.06781077994591027,0.09966989373608738,1.4918490554018423e-17,1.4967900531248285e-16,0.09966989335763195,1.0089052551576921e-07,1.0122467489130085e-06,9.714498680611535e-06,9.714498680611535e-06,0.09989984320318855,0.006774286284082358,0.06781077994591027,697.3377120944662,True
adamw_no_decay_grad_projection,43,3,49,torch.float32,1.1920928955078125e-07,5.138758647397377e-06,4.621442830867076e-05,2.017870894750899e-11,4.366322312316272e-07,6.119630192917172e-21,1.3241817365010203e-16,9.157520963606746e-08,0.0019815484830726757,0.09261283842848095,0.005157725292160816,0.055691255982223256,0.09246910679567809,1.2331880052575714e-17,1.3336216256337942e-16,0.09246910638423265,9.172662996025947e-08,9.919705461315047e-07,9.784922805867594e-06,9.784922805867594e-06,0.09261283842848095,0.005157725292160816,0.055691255982223256,527.109451396791,True
adamw_no_decay_grad_projection,43,4,60,torch.float32,1.1920928955078125e-07,8.425881056896194e-06,5.1368965416414516e-05,3.92275645408045e-11,7.636432663732345e-07,7.495559208781004e-21,1.4591610222284225e-16,1.1717487084504923e-07,0.0022810217891509397,0.14053531435031374,0.01539968761694167,0.10957877518638995,0.139689026773194,2.15613219993113e-17,1.5435229593459282e-16,0.13968902695950017,1.1871412846488715e-07,8.498457684819135e-07,1.1324372135039418e-05,1.1324372135039418e-05,0.14053531435031374,0.01539968761694167,0.10957877518638995,1359.8712081610754,True
adamw_no_decay_grad_projection,43,5,53,torch.float32,1.1920928955078125e-07,5.678672305444112e-06,6.556065479525941e-05,2.8984067510512938e-11,4.4209545498024417e-07,8.813678010391856e-21,1.3443547868637245e-16,9.216739155641448e-08,0.0014058138204323394,0.09828086502220244,0.007830403143211661,0.07967373039953107,0.09796842969103443,1.3628168812238632e-17,1.3910776007350674e-16,0.09796843078419876,9.162571840695069e-08,9.35257589343045e-07,9.501516850405777e-06,9.501516850405777e-06,0.09828086502220244,0.007830403143211661,0.07967373039953107,824.1213762492303,True
adamw_no_decay_grad_projection,43,6,60,torch.float32,1.1920928955078125e-07,3.095485046437789e-06,5.483457962071254e-05,1.3947532069200776e-11,2.5435650579752793e-07,7.880753693033043e-21,1.4371868531762243e-16,1.0039996722908617e-07,0.0018309466156587366,0.09347191794132484,0.006199759403522885,0.06632750819785962,0.0932660840121863,1.377304342775151e-17,1.476747262804762e-16,0.0932660846456179,1.0028228623706396e-07,1.0752277917327123e-06,9.687694635314537e-06,9.687694635314537e-06,0.09347191794132484,0.006199759403522885,0.06632750819785962,639.9623065040586,True
adamw_no_decay_grad_projection,43,7,53,torch.float32,1.1920928955078125e-07,7.079248571757639e-06,3.0293622393082408e-05,1.6383557798251064e-11,5.408253125249317e-07,4.111431358519669e-21,1.357193704064629e-16,1.0015776211583121e-07,0.003305954189658251,0.09076065277934163,0.005270881655111147,0.058074523416284544,0.09060747154352132,1.2592308608241343e-17,1.3897649270781055e-16,0.09060747244953173,1.0115324319297927e-07,1.1163896360680575e-06,1.0304071576637842e-05,1.0304071576637842e-05,0.09076065277934163,0.005270881655111147,0.058074523416284544,511.5338743435829,True
adamw_no_decay_grad_projection,44,0,58,torch.float32,1.1920928955078125e-07,4.814231254404896e-06,4.996595798229241e-05,2.139297493986656e-11,4.2815100127667083e-07,7.035642281521304e-21,1.4080871388506817e-16,1.0444207423408976e-07,0.0020902232446719355,0.09928291667336475,0.006588084655634774,0.06635667923928146,0.09906409381678348,1.4327028159311898e-17,1.4462382491288288e-16,0.09906409477402121,1.0425777022789908e-07,1.0524274255543883e-06,1.0199244150676696e-05,1.0199244150676696e-05,0.09928291667336475,0.006588084655634774,0.06635667923928146,645.9385184143935,True
adamw_no_decay_grad_projection,44,1,60,torch.float32,1.1920928955078125e-07,3.342961442244951e-06,5.31179136048743e-05,1.4433664320877843e-11,2.7172875102446335e-07,7.751302476109981e-21,1.459263353935456e-16,1.0850301336024242e-07,0.002042656261109473,0.09647218455530454,0.006759560086864459,0.07006745123501801,0.0962350806115151,1.4112490640445294e-17,1.4664601048566742e-16,0.09623508058966132,1.0853206060784405e-07,1.1277806382333287e-06,1.0478415032433319e-05,1.0478415032433319e-05,0.09647218455530454,0.006759560086864459,0.07006745123501801,645.0937537730589,True
adamw_no_decay_grad_projection,44,2,60,torch.float32,1.1920928955078125e-07,3.920330339574255e-06,5.463473196778817e-05,1.7171585250081852e-11,3.142979681900144e-07,7.89628393146999e-21,1.445286477496753e-16,1.007802331656202e-07,0.0018446089387081427,0.09930470837068485,0.0066829699369805404,0.06729761404700303,0.09907957921493299,1.482970515356115e-17,1.4967468847835051e-16,0.09907958080186083,1.0121390395958295e-07,1.0215415037129633e-06,9.72937031644723e-06,9.72937031644723e-06,0.09930470837068485,0.0066829699369805404,0.06729761404700303,686.8861724466552,True
adamw_no_decay_grad_projection,44,3,49,torch.float32,1.1920928955078125e-07,5.138758647397377e-06,4.191330895136954e-05,1.718765859463914e-11,4.100763939821917e-07,5.5157120991059356e-21,1.315981065944012e-16,9.233119795547897e-08,0.002202903758236809,0.0910829898843992,0.00499256240555955,0.054813334651135366,0.09094605745664933,1.2019010107019055e-17,1.3215537257069203e-16,0.09094605895654008,9.198878299008001e-08,1.011465302020819e-06,9.796180342815618e-06,9.796180342815618e-06,0.0910829898843992,0.00499256240555955,0.054813334651135366,509.64378266280346,True
adamw_no_decay_grad_projection,44,4,60,torch.float32,1.1920928955078125e-07,8.425881056896194e-06,6.162687530160294e-05,5.1318748449114965e-11,8.32733254736025e-07,9.122474700318803e-21,1.4802753921363733e-16,1.1834141981550881e-07,0.0019202879163549439,0.1394855016361656,0.015234438515601934,0.10921879576659865,0.1386510622022316,2.1422057773673096e-17,1.5450338016471613e-16,0.13865106307475822,1.1827263285713164e-07,8.530236280508078e-07,1.1350062700517206e-05,1.1350062700517206e-05,0.1394855016361656,0.015234438515601934,0.10921879576659865,1342.2338640391583,True
adamw_no_decay_grad_projection,44,5,53,torch.float32,1.1920928955078125e-07,5.678672305444112e-06,7.501939085444388e-05,3.146430880162773e-11,4.194156796430972e-07,1.0164980222667569e-20,1.3549803733265484e-16,9.351847467788349e-08,0.001246596247671674,0.10030589044495393,0.008172938183535766,0.08148014186685205,0.09997236987989833,1.4036386139696784e-17,1.404026548191203e-16,0.09997236967353745,9.288731625656257e-08,9.291298841858873e-07,9.517852711502615e-06,9.517852711502615e-06,0.10030589044495393,0.008172938183535766,0.08148014186685205,858.695593561615,True
adamw_no_decay_grad_projection,44,6,60,torch.float32,1.1920928955078125e-07,3.095485046437789e-06,5.074693159824539e-05,1.3086639844705912e-11,2.578804162645844e-07,7.447381392436717e-21,1.4675530436788938e-16,1.010102824006725e-07,0.001990407948298608,0.09133670742676055,0.005963798700339174,0.06529465390594814,0.09114179737433034,1.3501094501468369e-17,1.481328533166594e-16,0.09114179763212386,1.003959780066706e-07,1.1015360747206177e-06,9.700385869719251e-06,9.700385869719251e-06,0.09133670742676055,0.005963798700339174,0.06529465390594814,614.8001512966389,True
adamw_no_decay_grad_projection,44,7,53,torch.float32,1.1920928955078125e-07,7.079248571757639e-06,2.7943713638205706e-05,1.575724594682803e-11,5.638923355299535e-07,3.795557412580279e-21,1.358286683625133e-16,1.0015680360232288e-07,0.0035841012024089842,0.08958683675942503,0.005123853258938258,0.05719426474112226,0.08944018922352935,1.2336040162580144e-17,1.379250230760341e-16,0.0894401902037726,1.0185043129044998e-07,1.13875463657225e-06,1.0312905532030808e-05,1.0312905532030808e-05,0.08958683675942503,0.005123853258938258,0.05719426474112226,496.83895998311095,True
adamw_no_decay_grad_projection,45,0,58,torch.float32,1.1920928955078125e-07,4.814231254404896e-06,4.3370221907348555e-05,1.6726077568945027e-11,3.8565810441728446e-07,6.299940477516408e-21,1.4525958596604342e-16,1.047856890481812e-07,0.0024161085410313553,0.09701863649532906,0.006336248044122343,0.06530959692911578,0.09681150648624447,1.3955482977528206e-17,1.4415107753241172e-16,0.09681150729494643,1.0380662783982682e-07,1.0722550525276817e-06,1.0212344272088795e-05,1.0212344272088795e-05,0.09701863649532906,0.006336248044122343,0.06530959692911578,620.4499060455539,True
adamw_no_decay_grad_projection,45,1,60,torch.float32,1.1920928955078125e-07,3.342961442244951e-06,5.016654791751493e-05,1.4391911079022919e-11,2.868826274968422e-07,7.168205733275441e-21,1.4288816015528668e-16,1.0922996749270768e-07,0.0021773238856541504,0.09529080757725426,0.006615089094580707,0.06942001293480188,0.09506092049310305,1.3992937156521455e-17,1.4719968083558251e-16,0.09506091959517396,1.0856474240653365e-07,1.1420544096235026e-06,1.0489914946311703e-05,1.0489914946311703e-05,0.09529080757725426,0.006615089094580707,0.06942001293480188,630.6141783262599,True
adamw_no_decay_grad_projection,45,2,60,torch.float32,1.1920928955078125e-07,3.920330339574255e-06,4.942159892516622e-05,1.6317101806706566e-11,3.3016134972512295e-07,7.180481466247366e-21,1.4529035123125787e-16,1.0139037530927817e-07,0.002051543236686874,0.09807187142625089,0.006490865070896885,0.06618477833145005,0.09785683744980979,1.4708771530828605e-17,1.5030908329091107e-16,0.09785683799401453,1.0193800788318063e-07,1.0417055156576359e-06,9.743692235967204e-06,9.743692235967204e-06,0.09807187142625089,0.006490865070896885,0.06618477833145005,666.1607236461089,True
adamw_no_decay_grad_projection,45,3,49,torch.float32,1.1920928955078125e-07,5.138758647397377e-06,4.433496112682626e-05,1.780384303821281e-11,4.0157569975718413e-07,5.798577843507983e-21,1.3079018670887792e-16,9.116308793140503e-08,0.0020561828617839477,0.090391829832513,0.004896628059403897,0.054171135471832554,0.09025910443893094,1.2002005026292918e-17,1.3297279095443986e-16,0.09025910451302054,9.197492391846465e-08,1.019009931626306e-06,9.80807129912136e-06,9.80807129912136e-06,0.090391829832513,0.004896628059403897,0.054171135471832554,499.2447454824837,True
adamw_no_decay_grad_projection,45,4,60,torch.float32,1.1920928955078125e-07,8.425881056896194e-06,5.308213934234366e-05,4.2157367004938525e-11,7.941911823306934e-07,7.761170402302749e-21,1.4621058040353142e-16,1.171755522031606e-07,0.002207415011821332,0.13896673392287442,0.015038895583882586,0.10821939293924163,0.1381505872474238,2.1332698647592894e-17,1.5441627192931604e-16,0.13815058732523897,1.193853793844087e-07,8.641684533946095e-07,1.1376691332016423e-05,1.1376691332016423e-05,0.13896673392287442,0.015038895583882586,0.10821939293924163,1321.9041586862731,True
adamw_no_decay_grad_projection,45,5,53,torch.float32,1.1920928955078125e-07,5.678672305444112e-06,4.844257129758128e-05,2.071419447203896e-11,4.276031167873455e-07,6.5053287637904e-21,1.342895017654813e-16,9.306668902886887e-08,0.0019211102634482348,0.09783134719000484,0.007880045216021455,0.08054724219137133,0.0975134728148102,1.363808114063888e-17,1.3985842927099146e-16,0.09751347180704935,9.28058250604696e-08,9.517231141570387e-07,9.529679392445385e-06,9.529679392445385e-06,0.09783134719000484,0.007880045216021455,0.08054724219137133,826.8951022915135,True
adamw_no_decay_grad_projection,45,6,60,torch.float32,1.1920928955078125e-07,3.095485046437789e-06,5.092969269867121e-05,1.270369387100129e-11,2.4943590267004965e-07,7.362393132459774e-21,1.4455993630317138e-16,1.006249368959604e-07,0.0019757475147283905,0.09026155712226294,0.005806530993440978,0.06433005565786767,0.09007459626308488,1.3506446582884607e-17,1.4994734523633865e-16,0.0900745964303705,1.0064235124268917e-07,1.1173222554539866e-06,9.713861711502182e-06,9.713861711502182e-06,0.09026155712226294,0.005806530993440978,0.06433005565786767,597.7572221936684,True
adamw_no_decay_grad_projection,45,7,53,torch.float32,1.1920928955078125e-07,7.079248571757639e-06,3.2349576123399785e-05,1.8209221487897466e-11,5.628890288527145e-07,4.416966925782987e-21,1.3653863373463838e-16,9.982493672396577e-08,0.003085849196520389,0.08814420521845105,0.0050301335719597825,0.057067093174116394,0.08800056062230886,1.2181199152805892e-17,1.3842183580041713e-16,0.088000560618044,1.0090854793791885e-07,1.1466807396364261e-06,1.0321677283256659e-05,1.0321677283256659e-05,0.08814420521845105,0.0050301335719597825,0.057067093174116394,487.33683818224284,True
adamw_no_decay_grad_projection,46,0,58,torch.float32,1.1920928955078125e-07,4.814231254404896e-06,4.473139913296489e-05,1.8714626264149208e-11,4.1837784256467465e-07,6.349619906401649e-21,1.419499508058723e-16,1.0368851700944637e-07,0.0023179431139747184,0.09626732467998694,0.006219990619099064,0.06461164927742237,0.09606617259858093,1.3758541188855829e-17,1.432194165405843e-16,0.09606617326966373,1.048416716413654e-07,1.0913484744215667e-06,1.02266868857914e-05,1.02266868857914e-05,0.09626732467998694,0.006219990619099064,0.06461164927742237,608.2117002859353,True
adamw_no_decay_grad_projection,46,1,60,torch.float32,1.1920928955078125e-07,3.342961442244951e-06,5.0515454291565155e-05,1.4637492593960022e-11,2.897626637083243e-07,7.418274387933053e-21,1.4685158219337314e-16,1.0864892399162618e-07,0.0021507934893833535,0.09348117121362545,0.006385131282822096,0.0683039290150809,0.09326285150032827,1.3885854570977112e-17,1.4888944898846714e-16,0.09326285229457186,1.0877121449659006e-07,1.166286595578643e-06,1.0500960175086434e-05,1.0500960175086434e-05,0.09348117121362545,0.006385131282822096,0.0683039290150809,608.0521377436364,True
adamw_no_decay_grad_projection,46,2,60,torch.float32,1.1920928955078125e-07,3.920330339574255e-06,4.59095907944337e-05,1.4937487140919955e-11,3.253674642364934e-07,6.71125773295049e-21,1.4618422026459336e-16,1.0063863865329996e-07,0.002192057550481947,0.09544569750077601,0.0062272561238233244,0.06524396894655932,0.09524233540069219,1.411472012597361e-17,1.4819796329638333e-16,0.09524233530372266,1.0177306787733539e-07,1.0685696392553435e-06,9.756746767925705e-06,9.756746767925705e-06,0.09544569750077601,0.0062272561238233244,0.06524396894655932,638.2512810822133,True
adamw_no_decay_grad_projection,46,3,49,torch.float32,1.1920928955078125e-07,5.138758647397377e-06,3.898935088901835e-05,1.5600116536330353e-11,4.0011224040983575e-07,5.0659223255523934e-21,1.2993092241963058e-16,9.191224991551514e-08,0.002357318031783944,0.0886026976989951,0.004741875496460058,0.0535184099311441,0.08847571789093085,1.1675229388183612e-17,1.3195970223803488e-16,0.08847571796434049,9.281140247609652e-08,1.0490042308953457e-06,9.819067351069792e-06,9.819067351069792e-06,0.0886026976989951,0.004741875496460058,0.0535184099311441,482.92524400939453,True
adamw_no_decay_grad_projection,46,4,60,torch.float32,1.1920928955078125e-07,8.425881056896194e-06,5.4814178512856136e-05,4.6415387143374646e-11,8.467770274526392e-07,8.01700702561019e-21,1.4625790704375425e-16,1.1752286654474309e-07,0.002143974168376523,0.13723927151959497,0.014696060182927304,0.10708349017160883,0.13645015010005995,2.0924909021336446e-17,1.5335204106402263e-16,0.13645015028494314,1.1766291031603881e-07,8.623142596056382e-07,1.1402544648112836e-05,1.1402544648112836e-05,0.13723927151959497,0.014696060182927304,0.10708349017160883,1288.8403980386568,True
adamw_no_decay_grad_projection,46,5,53,torch.float32,1.1920928955078125e-07,5.678672305444112e-06,5.232136212178346e-05,2.391240791879224e-11,4.570295372496916e-07,6.999135216342356e-21,1.337720375102595e-16,9.331534023228392e-08,0.001783492674918574,0.09565000068730889,0.007638837776718483,0.07986239123709725,0.09534448483736838,1.3311124748438932e-17,1.3961085186147967e-16,0.09534448410363394,9.344306542942962e-08,9.800573814827338e-07,9.541975526531978e-06,9.541975526531978e-06,0.09565000068730889,0.007638837776718483,0.07986239123709725,800.5509713872439,True
adamw_no_decay_grad_projection,46,6,60,torch.float32,1.1920928955078125e-07,3.095485046437789e-06,4.839193492518304e-05,1.2148345662778888e-11,2.510407091917484e-07,6.932103364699795e-21,1.4324914627649172e-16,1.0059837493700144e-07,0.002078827944113795,0.08856036840810881,0.005607653218134483,0.06332012071464048,0.08838265145358054,1.3172905461242156e-17,1.4904401762783387e-16,0.08838264956988076,1.019836055023481e-07,1.1538871712791728e-06,9.726525195582516e-06,9.726525195582516e-06,0.08856036840810881,0.005607653218134483,0.06332012071464048,576.5320199531591,True
adamw_no_decay_grad_projection,46,7,53,torch.float32,1.1920928955078125e-07,7.079248571757639e-06,3.011799515498118e-05,1.7571256524578265e-11,5.83413883764842e-07,4.050820711639947e-21,1.344983519253497e-16,1.0133467350831675e-07,0.003364365255874486,0.08823177237611511,0.004996120243807241,0.056624956172360894,0.08809020626119575,1.2194670101133499e-17,1.3843389201490976e-16,0.08809020635589324,1.017551459316222e-07,1.1551243905652945e-06,1.0331639194610635e-05,1.0331639194610635e-05,0.08823177237611511,0.004996120243807241,0.056624956172360894,483.57478902412714,True
adamw_no_decay_grad_projection,47,0,58,torch.float32,1.1920928955078125e-07,4.814231254404896e-06,4.854044790927953e-05,1.881018850404924e-11,3.875157587998539e-07,6.895748639499039e-21,1.4206190788324575e-16,1.046858501424817e-07,0.0021565685769755144,0.09531880167574472,0.0061170207944769754,0.06417433588061507,0.09512232129999715,1.3812517558032688e-17,1.4520795297321137e-16,0.09512232097079744,1.0390754774922325e-07,1.0923571532818557e-06,1.0240768489746506e-05,1.0240768489746506e-05,0.09531880167574472,0.0061170207944769754,0.06417433588061507,597.3204843563838,True
adamw_no_decay_grad_projection,47,1,60,torch.float32,1.1920928955078125e-07,3.342961442244951e-06,4.966244364195814e-05,1.4414349347560955e-11,2.902464778310416e-07,7.145810104278938e-21,1.438876056079122e-16,1.0872055027769174e-07,0.002189125268055099,0.09222924624137262,0.006174584062836094,0.06694822211467094,0.09202232541021071,1.3513919347201153e-17,1.4685479080168585e-16,0.09202232455396706,1.0914983406294777e-07,1.1861234172468244e-06,1.0512425144106911e-05,1.0512425144106911e-05,0.09222924624137262,0.006174584062836094,0.06694822211467094,587.3605736253411,True
adamw_no_decay_grad_projection,47,2,60,torch.float32,1.1920928955078125e-07,3.920330339574255e-06,4.844522795472232e-05,1.5540530744778254e-11,3.2078558406831487e-07,7.015822297763388e-21,1.4481967768468026e-16,1.0134876868162132e-07,0.0020919676855090242,0.0940261559889892,0.0060299124105918575,0.06413015981742339,0.09383260715969859,1.412958266103997e-17,1.5058286334293256e-16,0.0938326076216864,1.0091427779636841e-07,1.0754713138020616e-06,9.7707992429586e-06,9.7707992429586e-06,0.0940261559889892,0.0060299124105918575,0.06413015981742339,617.136045952163,True
adamw_no_decay_grad_projection,47,3,49,torch.float32,1.1920928955078125e-07,5.138758647397377e-06,4.374520909010231e-05,1.854620753261586e-11,4.239597413837046e-07,5.7205670914789724e-21,1.3077013941565106e-16,9.226321225476473e-08,0.0021090542864214386,0.08798246086573705,0.004650917484147564,0.052861870859067635,0.08785944676895367,1.1608658947828232e-17,1.3212761262150706e-16,0.08785944740246278,9.24135107405508e-08,1.0518335076389334e-06,9.831108408445775e-06,9.831108408445775e-06,0.08798246086573705,0.004650917484147564,0.052861870859067635,473.08170054884374,True
adamw_no_decay_grad_projection,47,4,60,torch.float32,1.1920928955078125e-07,8.425881056896194e-06,5.050182324917115e-05,4.533060491504202e-11,8.97603333871436e-07,7.323301289073207e-21,1.4501063165469676e-16,1.1827856530978046e-07,0.0023420056588070084,0.13575028736208256,0.014416534709199678,0.10619892590537874,0.1349826064567818,2.0956799832641494e-17,1.5525555760661176e-16,0.13498260735098563,1.1878563133321634e-07,8.800069406301106e-07,1.1428789515801365e-05,1.1428789515801365e-05,0.13575028736208256,0.014416534709199678,0.10619892590537874,1261.4227157887085,True
adamw_no_decay_grad_projection,47,5,53,torch.float32,1.1920928955078125e-07,5.678672305444112e-06,5.5889003813870545e-05,2.3473872315155e-11,4.200087801409201e-07,7.451521042304235e-21,1.333271401136617e-16,9.25081490581863e-08,0.001655192039897733,0.0921443736069605,0.007187695649200961,0.07800471551155035,0.09186360878320413,1.2826030776795743e-17,1.39620367049425e-16,0.0918636091103743,9.310254607867356e-08,1.0134867003408354e-06,9.553106100453103e-06,9.553106100453103e-06,0.0921443736069605,0.007187695649200961,0.07800471551155035,752.3935747829755,True
adamw_no_decay_grad_projection,47,6,60,torch.float32,1.1920928955078125e-07,3.095485046437789e-06,5.323402054330276e-05,1.387692790978266e-11,2.606778103204621e-07,7.75060002644725e-21,1.4559486485043624e-16,1.003567773601923e-07,0.001885171470761123,0.08845348013765418,0.005537596583103299,0.0626046208072934,0.0882799703927521,1.3074845431090244e-17,1.4810659057678736e-16,0.08827996987300309,1.021160162766874e-07,1.156729169975799e-06,9.740575513021723e-06,9.740575513021723e-06,0.08845348013765418,0.005537596583103299,0.0626046208072934,568.5081518746344,True
adamw_no_decay_grad_projection,47,7,53,torch.float32,1.1920928955078125e-07,7.079248571757639e-06,2.7268323359690692e-05,1.4882751964957983e-11,5.457890376552583e-07,3.7181719155706684e-21,1.363549884063498e-16,1.0126076319800103e-07,0.003713377045014757,0.08698531863011917,0.004876084843979514,0.056056411826387695,0.08684854318742297,1.2001916459011505e-17,1.38193641695415e-16,0.08684854280088024,1.0276430592312475e-07,1.1832588389967e-06,1.0340453184557095e-05,1.0340453184557095e-05,0.08698531863011917,0.004876084843979514,0.056056411826387695,471.5542691360647,True
adamw_no_decay_grad_projection,48,0,58,torch.float32,1.1920928955078125e-07,4.814231254404896e-06,4.8935282575551796e-05,2.059895434417116e-11,4.209427893334053e-07,6.987230023508458e-21,1.4278511649996923e-16,1.0489443279581647e-07,0.002143468460806756,0.0973613420829562,0.006291477199870445,0.0646198692958631,0.09715785221400239,1.3867400232182034e-17,1.4273061740431787e-16,0.0971578524187227,1.0520982460174463e-07,1.082875156074058e-06,1.0257712154303578e-05,1.0257712154303578e-05,0.0973613420829562,0.006291477199870445,0.0646198692958631,613.341172498283,True
adamw_no_decay_grad_projection,48,1,60,torch.float32,1.1920928955078125e-07,3.342961442244951e-06,4.833986200274839e-05,1.3676661730239883e-11,2.829271984570889e-07,6.963124464167795e-21,1.4404518705022743e-16,1.0874271905817855e-07,0.002249478573474025,0.09001164748923067,0.005906974698654077,0.06562455930340359,0.08981761705609312,1.3305306125150732e-17,1.4813693082996479e-16,0.08981761635063841,1.0940155145407568e-07,1.2180411360170556e-06,1.0522782002148104e-05,1.0522782002148104e-05,0.09001164748923067,0.005906974698654077,0.06562455930340359,561.3510474177111,True
adamw_no_decay_grad_projection,48,2,60,torch.float32,1.1920928955078125e-07,3.920330339574255e-06,4.832570745196819e-05,1.5459743193267963e-11,3.1990722967964173e-07,6.992496331936095e-21,1.4469516745070775e-16,1.0080152613040365e-07,0.00208586994305567,0.09398620460987335,0.005998899108385829,0.06382744290278149,0.09379456203030316,1.3909726626907412e-17,1.4829992619842349e-16,0.09379456291495139,1.0144851286167919e-07,1.0816033436145765e-06,9.785958019270336e-06,9.785958019270336e-06,0.09398620460987335,0.005998899108385829,0.06382744290278149,613.0109179472161,True
adamw_no_decay_grad_projection,48,3,49,torch.float32,1.1920928955078125e-07,5.138758647397377e-06,4.035492449914742e-05,1.6135479447887915e-11,3.998391682836331e-07,5.245650228414518e-21,1.299878588182159e-16,9.207198774759553e-08,0.0022815153311223565,0.08736626547822242,0.004583321811606976,0.05246100181252968,0.08724595981925172,1.1584340533844947e-17,1.3277795966534537e-16,0.08724596015837444,9.25655996700395e-08,1.0609729035247993e-06,9.843192520327575e-06,9.843192520327575e-06,0.08736626547822242,0.004583321811606976,0.05246100181252968,465.6336653115107,True
adamw_no_decay_grad_projection,48,4,60,torch.float32,1.1920928955078125e-07,8.425881056896194e-06,5.1536817343922594e-05,4.117256710178179e-11,7.988961915716164e-07,7.515886650755469e-21,1.458352889857714e-16,1.1812847161829163e-07,0.002292055634235302,0.13472677481566148,0.014272137810332276,0.10593393800051981,0.1339686901277789,2.031100614208218e-17,1.516100972750395e-16,0.13396869163260475,1.1797289722236537e-07,8.806005028838664e-07,1.1455515914591308e-05,1.1455515914591308e-05,0.13472677481566148,0.014272137810332276,0.10593393800051981,1245.8747311549132,True
adamw_no_decay_grad_projection,48,5,53,torch.float32,1.1920928955078125e-07,5.678672305444112e-06,7.23549973882039e-05,2.7101943128842963e-11,3.745690568328514e-07,9.6401079409093e-21,1.332334778368966e-16,9.316900837560598e-08,0.0012876587146273095,0.0898640170308662,0.006980471293604167,0.07767815777928709,0.08959249174703748,1.2611842792249163e-17,1.407689701036381e-16,0.08959249190039568,9.37325213824281e-08,1.046209558348205e-06,9.565541497849402e-06,9.565541497849402e-06,0.0898640170308662,0.006980471293604167,0.07767815777928709,729.7518175184928,True
adamw_no_decay_grad_projection,48,6,60,torch.float32,1.1920928955078125e-07,3.095485046437789e-06,5.1738791880001545e-05,1.282130801379843e-11,2.478084150773187e-07,7.561620602784421e-21,1.4614992596507508e-16,1.0108589879958503e-07,0.001953782813435151,0.08729964534819977,0.00540075305162053,0.061864547445517205,0.08713242762827667,1.294377050567291e-17,1.4855285062059182e-16,0.08713242842331587,1.0134916478547848e-07,1.1631624025568688e-06,9.753700270430623e-06,9.753700270430623e-06,0.08729964534819977,0.00540075305162053,0.061864547445517205,553.7132474732165,True
adamw_no_decay_grad_projection,48,7,53,torch.float32,1.1920928955078125e-07,7.079248571757639e-06,2.6311927316707986e-05,1.487194473428645e-11,5.652168522388253e-07,3.586006721572168e-21,1.3628825735223275e-16,1.00850406780809e-07,0.003832764312936727,0.08550049734311506,0.004730759248841179,0.05533019568127839,0.08536952010436469,1.1770290262774105e-17,1.3787462139162624e-16,0.08536952042855574,1.0078157384520339e-07,1.1805334426066706e-06,1.0348984791280463e-05,1.0348984791280463e-05,0.08550049734311506,0.004730759248841179,0.05533019568127839,457.1230264853689,True
adamw_no_decay_grad_projection,49,0,58,torch.float32,1.1920928955078125e-07,4.814231254404896e-06,4.0037054682314845e-05,1.543990082495649e-11,3.856402761758746e-07,5.7172128398578755e-21,1.4279803759849762e-16,1.0391749086996038e-07,0.0025955185876194793,0.0950605553627941,0.006042608200215803,0.06356588363232757,0.09486830910278482,1.3740406119895592e-17,1.448366293216904e-16,0.09486830910208677,1.0554245041657553e-07,1.1125153532883402e-06,1.0270688545727479e-05,1.0270688545727479e-05,0.0950605553627941,0.006042608200215803,0.06356588363232757,588.3352584700349,True
adamw_no_decay_grad_projection,49,1,60,torch.float32,1.1920928955078125e-07,3.342961442244951e-06,5.168002761652333e-05,1.382468724382824e-11,2.6750541517528445e-07,7.53223789478781e-21,1.457475593991332e-16,1.0976592342102984e-07,0.002123886632164501,0.08876197084406298,0.005732486233654413,0.06458268309212335,0.08857666775005282,1.2985882692808042e-17,1.466061325478153e-16,0.08857666871163677,1.0986570171914791e-07,1.2403458305348787e-06,1.053422295976515e-05,1.053422295976515e-05,0.08876197084406298,0.005732486233654413,0.06458268309212335,544.1774163646725,True
adamw_no_decay_grad_projection,49,2,60,torch.float32,1.1920928955078125e-07,3.920330339574255e-06,4.775786667978735e-05,1.4957899064740232e-11,3.1320283137921006e-07,6.984131750720997e-21,1.4624044657499845e-16,1.0166630652664216e-07,0.002128810021071973,0.09195797269583218,0.00575044165767912,0.06253336702734583,0.0917779993411768,1.3731949987663778e-17,1.4962136989515797e-16,0.09177799832521642,1.0163585154990346e-07,1.1074097649172476e-06,9.799533365740477e-06,9.799533365740477e-06,0.09195797269583218,0.00575044165767912,0.06253336702734583,586.8077022710971,True
adamw_no_decay_grad_projection,49,3,49,torch.float32,1.1920928955078125e-07,5.138758647397377e-06,4.372839460395311e-05,1.8404641018648005e-11,4.2088535802282113e-07,5.76695677759691e-21,1.3188128285587875e-16,9.191695425158362e-08,0.00210201176455884,0.08629914758880537,0.0044786907471105804,0.05189727676628351,0.08618285330473897,1.1477537655737703e-17,1.331765799764555e-16,0.08618285358318169,9.280740395837574e-08,1.07686622222134e-06,9.85488254466563e-06,9.85488254466563e-06,0.08629914758880537,0.0044786907471105804,0.05189727676628351,454.46414270405086,True
adamw_no_decay_grad_projection,49,4,60,torch.float32,1.1920928955078125e-07,8.425881056896194e-06,5.02458311226547e-05,3.839574315804489e-11,7.641577878235779e-07,7.349787207729554e-21,1.4627655754743498e-16,1.1915345118066542e-07,0.002371415646227542,0.1331780784213635,0.013950708947962243,0.10475229191867035,0.1324453785220764,2.0429366025384615e-17,1.5424748113788948e-16,0.1324453792601029,1.1964150690434083e-07,9.033271494461336e-07,1.148230006899083e-05,1.148230006899083e-05,0.1331780784213635,0.013950708947962243,0.10475229191867035,1214.9751238114402,True
adamw_no_decay_grad_projection,49,5,53,torch.float32,1.1920928955078125e-07,5.678672305444112e-06,5.404103513665194e-05,2.394879593747759e-11,4.431594597867896e-07,7.228398240736619e-21,1.3375758296374406e-16,9.387081097779422e-08,0.0017370270500536803,0.08764828699218136,0.006746023506309932,0.07696697491545623,0.08738829086048142,1.2202442577096831e-17,1.3963475491903686e-16,0.08738828979184139,9.407976349550892e-08,1.0765717434178721e-06,9.578154487279994e-06,9.578154487279994e-06,0.08764828699218136,0.006746023506309932,0.07696697491545623,704.3134995649531,True
adamw_no_decay_grad_projection,49,6,60,torch.float32,1.1920928955078125e-07,3.095485046437789e-06,4.901815025107558e-05,1.2603677057144125e-11,2.571226574766062e-07,7.09245028119157e-21,1.446902880843852e-16,1.0101741924777755e-07,0.002060818961036053,0.08634091930633712,0.005258872193207299,0.0609082256183635,0.08618061620758423,1.267200981192357e-17,1.4704013929768563e-16,0.08618061722909384,1.0216792030547797e-07,1.1855092663572493e-06,9.767038336136396e-06,9.767038336136396e-06,0.08634091930633712,0.005258872193207299,0.0609082256183635,538.4305878835714,True
adamw_no_decay_grad_projection,49,7,53,torch.float32,1.1920928955078125e-07,7.079248571757639e-06,2.7346836041948052e-05,1.5821918538377086e-11,5.785648663014404e-07,3.689605907925318e-21,1.3491893183790436e-16,1.0126404918704251e-07,0.00370272302800838,0.08408741082549692,0.004581749183676887,0.05448793272021657,0.08396249301773842,1.159201382971254e-17,1.3806181085241885e-16,0.08396249366314111,1.0114740223539103e-07,1.204673632505438e-06,1.0357690528851975e-05,1.0357690528851975e-05,0.08408741082549692,0.004581749183676887,0.05448793272021657,442.35239225521815,True
adamw_no_decay_grad_projection,50,0,58,torch.float32,1.1920928955078125e-07,4.814231254404896e-06,3.933106704775112e-05,1.5154265845719534e-11,3.8530014523432636e-07,5.6494822803388155e-21,1.436391815528499e-16,1.046006591482505e-07,0.002659493886183398,0.09301918999787497,0.005826518195594437,0.06263780834607939,0.09283653049084271,1.3308734000845928e-17,1.4335664991442875e-16,0.09283653057018985,1.0572825091134998e-07,1.138864736348729e-06,1.0283620938190254e-05,1.0283620938190254e-05,0.09301918999787497,0.005826518195594437,0.06263780834607939,566.5823575776225,True
adamw_no_decay_grad_projection,50,1,60,torch.float32,1.1920928955078125e-07,3.342961442244951e-06,5.139357300902034e-05,1.5028684882083483e-11,2.9242342966591805e-07,7.523119233917063e-21,1.4638249091179097e-16,1.1066148238310903e-07,0.002153189653568906,0.08676649729236745,0.005535773585265067,0.0638008189567891,0.08658972377366202,1.2892476398160004e-17,1.4889152934428815e-16,0.08658972292394775,1.1095437558012443e-07,1.281380420602296e-06,1.0544817657437745e-05,1.0544817657437745e-05,0.08676649729236745,0.005535773585265067,0.0638008189567891,524.9757525546619,True
adamw_no_decay_grad_projection,50,2,60,torch.float32,1.1920928955078125e-07,3.920330339574255e-06,4.690303669913774e-05,1.4083344393489342e-11,3.002650869671355e-07,6.7518383182813675e-21,1.4395311675855302e-16,1.0201684665364924e-07,0.002175050896408994,0.09091670965172165,0.005629897850215977,0.06192368676542141,0.0907422302133444,1.34823246218186e-17,1.4857828146961183e-16,0.09074223018128831,1.018261994027827e-07,1.1221478599253116e-06,9.813764029729575e-06,9.813764029729575e-06,0.09091670965172165,0.005629897850215977,0.06192368676542141,573.6736519403669,True
adamw_no_decay_grad_projection,50,3,49,torch.float32,1.1920928955078125e-07,5.138758647397377e-06,4.0347688975952914e-05,1.8149752149818913e-11,4.4983374786685064e-07,5.213131252078422e-21,1.2920520070395996e-16,9.280852693357258e-08,0.002300134641678539,0.08599807235565526,0.004427322691230069,0.05148165034351408,0.08588403380533682,1.1343944383158527e-17,1.3208443852172225e-16,0.08588403527818593,9.265910692434556e-08,1.0788862752456214e-06,9.86706122471843e-06,9.86706122471843e-06,0.08599807235565526,0.004427322691230069,0.05148165034351408,448.6971946762607,True
adamw_no_decay_grad_projection,50,4,60,torch.float32,1.1920928955078125e-07,8.425881056896194e-06,5.0978447406699686e-05,3.904118789673156e-11,7.658371308420958e-07,7.314568250670414e-21,1.434835430023564e-16,1.1906683776861085e-07,0.002335604482918138,0.13208814515149328,0.013663152056845485,0.1034396541883079,0.13137958884634052,2.026863520256586e-17,1.5427537397968063e-16,0.13137958943010994,1.2007110727537817e-07,9.139251218261148e-07,1.1509514989259212e-05,1.1509514989259212e-05,0.13208814515149328,0.013663152056845485,0.1034396541883079,1187.1179688801888,True
adamw_no_decay_grad_projection,50,5,53,torch.float32,1.1920928955078125e-07,5.678672305444112e-06,6.994832490763449e-05,3.093858292450656e-11,4.4230627345773335e-07,9.533893493865934e-21,1.3629909660390298e-16,9.334187947736221e-08,0.0013344213251141115,0.08770646175560384,0.0068566760916348455,0.07817754763316229,0.08743803192353773,1.224335745111902e-17,1.4002325054417414e-16,0.08743803188028502,9.394327341227057e-08,1.0743983069162872e-06,9.592787222477346e-06,9.592787222477346e-06,0.08770646175560384,0.0068566760916348455,0.07817754763316229,714.7741248308542,True
adamw_no_decay_grad_projection,50,6,60,torch.float32,1.1920928955078125e-07,3.095485046437789e-06,5.025955678624946e-05,1.2738246951310036e-11,2.534492495722744e-07,7.30359753627063e-21,1.4531758740596492e-16,1.0125171783210339e-07,0.0020145610052886196,0.08579868998283449,0.005149587080268498,0.06001941383136225,0.08564401295871929,1.2829440669813086e-17,1.497996208561236e-16,0.08564401395172716,1.0224186645385437e-07,1.1938004973877394e-06,9.780583860245317e-06,9.780583860245317e-06,0.08579868998283449,0.005149587080268498,0.06001941383136225,526.511213834563,True
adamw_no_decay_grad_projection,50,7,53,torch.float32,1.1920928955078125e-07,7.079248571757639e-06,2.696615222760574e-05,1.517672739475949e-11,5.628065608567914e-07,3.700582857404647e-21,1.3723065961249298e-16,1.0106351388009473e-07,0.0037474761956463225,0.08395348586355651,0.00453863017514094,0.05406124746883346,0.08383071408962042,1.1590265534308242e-17,1.3825798408346496e-16,0.08383071509994075,1.0094824356540183e-07,1.2041916073965732e-06,1.0366955216771931e-05,1.0366955216771931e-05,0.08395348586355651,0.00453863017514094,0.05406124746883346,437.79779889453226,True
adamw_no_decay_grad_projection,51,0,58,torch.float32,1.1920928955078125e-07,4.814231254404896e-06,3.8839207790008234e-05,1.494147394776721e-11,3.847007907203259e-07,5.5567315648826845e-21,1.430701572217088e-16,1.0541397667362238e-07,0.002714004596790749,0.08951401633859214,0.0055296369259835035,0.06177397855847871,0.08934305925214639,1.286351876556714e-17,1.439789377400137e-16,0.0893430591083603,1.0565743804363108e-07,1.1826037646134748e-06,1.029508307174319e-05,1.029508307174319e-05,0.08951401633859214,0.0055296369259835035,0.06177397855847871,537.1143571595495,True
adamw_no_decay_grad_projection,51,1,60,torch.float32,1.1920928955078125e-07,3.342961442244951e-06,4.5398991176350165e-05,1.2617727803049423e-11,2.779296957070362e-07,6.632851411875663e-21,1.4610129520523773e-16,1.096082446002994e-07,0.00241426794894141,0.08459058207722484,0.005360649361726024,0.06337170439177442,0.084420554455561,1.2405068977616486e-17,1.4694370414430904e-16,0.08442055595543363,1.0975346432846909e-07,1.300079857166647e-06,1.0554735636264475e-05,1.0554735636264475e-05,0.08459058207722484,0.005360649361726024,0.06337170439177442,507.89044334825815,True
adamw_no_decay_grad_projection,51,2,60,torch.float32,1.1920928955078125e-07,3.920330339574255e-06,4.9321577729880555e-05,1.5834030424687634e-11,3.210365757439037e-07,7.211160886431437e-21,1.462070196927837e-16,1.0228150730579055e-07,0.002073703206902496,0.08951602498378304,0.005445754693461908,0.06083552854864228,0.08935022375302654,1.3313041885232019e-17,1.4899841685937658e-16,0.08935022394102783,1.017695845990476e-07,1.1389964133298277e-06,9.827731493547554e-06,9.827731493547554e-06,0.08951602498378304,0.005445754693461908,0.06083552854864228,554.1212330676052,True
adamw_no_decay_grad_projection,51,3,49,torch.float32,1.1920928955078125e-07,5.138758647397377e-06,4.2789988967643604e-05,1.7854283897732294e-11,4.1725376258528886e-07,5.618428426305281e-21,1.3130240418043206e-16,9.342244954208674e-08,0.0021832394617249716,0.08483175066775768,0.004305398990520206,0.05075221195637278,0.08472242596201451,1.1143254454624725e-17,1.3152662153018173e-16,0.08472242611478598,9.233294204432804e-08,1.0898288242977245e-06,9.878286944806201e-06,9.878286944806201e-06,0.08483175066775768,0.004305398990520206,0.05075221195637278,435.8446980307548,True
adamw_no_decay_grad_projection,51,4,60,torch.float32,1.1920928955078125e-07,8.425881056896194e-06,4.874050990549933e-05,3.660511487160715e-11,7.510203512966745e-07,7.05955592982867e-21,1.4483959941162085e-16,1.2030644910819973e-07,0.002468211286395909,0.13107019291831873,0.01346277006577944,0.10271420042975954,0.1303769507765895,2.0021194295358052e-17,1.535639096949417e-16,0.1303769507060982,1.1936834722062405e-07,9.155632692293114e-07,1.1537220179395957e-05,1.1537220179395957e-05,0.13107019291831873,0.01346277006577944,0.10271420042975954,1166.898945884926,True
adamw_no_decay_grad_projection,51,5,53,torch.float32,1.1920928955078125e-07,5.678672305444112e-06,4.8009458873257494e-05,2.116895223783272e-11,4.409329481033658e-07,6.5686573993634896e-21,1.3682006741015445e-16,9.401326532585133e-08,0.0019582095654524074,0.0861463613978805,0.006649876904052465,0.0771927774562522,0.08588931667707682,1.1901695853868586e-17,1.3857015417430903e-16,0.08588931607851247,9.45697058620027e-08,1.1010648376284122e-06,9.605729591018118e-06,9.605729591018118e-06,0.0861463613978805,0.006649876904052465,0.0771927774562522,692.2823343133106,True
adamw_no_decay_grad_projection,51,6,60,torch.float32,1.1920928955078125e-07,3.095485046437789e-06,5.359830393680143e-05,1.3372902982648832e-11,2.495023536270294e-07,7.85444868039683e-21,1.465428587004987e-16,1.0247046722944402e-07,0.0019118142180570765,0.08476946885149236,0.0050253919683156964,0.05928304183573075,0.0846203774804209,1.2607798596447983e-17,1.489924646030458e-16,0.0846203762853324,1.014087369875993e-07,1.1983961953283929e-06,9.793546165702297e-06,9.793546165702297e-06,0.08476946885149236,0.0050253919683156964,0.05928304183573075,513.1330248807097,True
adamw_no_decay_grad_projection,51,7,53,torch.float32,1.1920928955078125e-07,7.079248571757639e-06,2.628710313584138e-05,1.4361987431522646e-11,5.463510892510886e-07,3.585740069091955e-21,1.3640681708299313e-16,1.0147138337445345e-07,0.0038599999411225664,0.08233855537220743,0.004396047995646486,0.05338990920807835,0.08222111932345631,1.139408237012249e-17,1.3857853631617914e-16,0.08222111928247448,1.016030124543654e-07,1.2357288898647016e-06,1.0374634365986906e-05,1.0374634365986906e-05,0.08233855537220743,0.004396047995646486,0.05338990920807835,423.73040249580924,True
adamw_no_decay_grad_projection,52,0,58,torch.float32,1.1920928955078125e-07,4.814231254404896e-06,3.883802060093681e-05,1.645325534392355e-11,4.2363784480629994e-07,5.610324216777725e-21,1.4445443227976714e-16,1.0568656200619505e-07,0.002721088684677385,0.08706862720550128,0.005313926388639307,0.06103147091198832,0.0869063175481891,1.2436868125025555e-17,1.4310660577845074e-16,0.08690631872372954,1.0596822812035234e-07,1.2193385898351023e-06,1.030718853481842e-05,1.030718853481842e-05,0.08706862720550128,0.005313926388639307,0.06103147091198832,515.5553690211917,True
adamw_no_decay_grad_projection,52,1,60,torch.float32,1.1920928955078125e-07,3.342961442244951e-06,4.724561741551739e-05,1.285184709246971e-11,2.720219947479962e-07,6.819442984883015e-21,1.4434022366365526e-16,1.09466366816375e-07,0.002316858760954006,0.0845570746037766,0.005308272219385285,0.0627773872766904,0.08439029038694881,1.2503887395183348e-17,1.4816737017789795e-16,0.08439029077776974,1.0978910259581894e-07,1.300968412171176e-06,1.0566404231260715e-05,1.0566404231260715e-05,0.0845570746037766,0.005308272219385285,0.0627773872766904,502.3726239509897,True
adamw_no_decay_grad_projection,52,2,60,torch.float32,1.1920928955078125e-07,3.920330339574255e-06,4.209047185358328e-05,1.3560322304443071e-11,3.2217083124214594e-07,6.195618092218908e-21,1.4719763926076728e-16,1.020153218407348e-07,0.002423652814566156,0.08810350502047354,0.00527355905538812,0.05985640473852485,0.08794553525780567,1.3100515304685377e-17,1.48961687097386e-16,0.08794553641686667,1.0207636267282245e-07,1.1606770147944165e-06,9.84120311004478e-06,9.84120311004478e-06,0.08810350502047354,0.00527355905538812,0.05985640473852485,535.8652795211055,True
adamw_no_decay_grad_projection,52,3,49,torch.float32,1.1920928955078125e-07,5.138758647397377e-06,3.855415059939032e-05,1.5374871292179116e-11,3.9878640958626764e-07,5.0375813456366674e-21,1.3066249073885006e-16,9.31380220620635e-08,0.002415692495567158,0.0829490047992728,0.00417794165196803,0.05036759225837822,0.0828437215529489,1.0921246949879935e-17,1.3182950675265968e-16,0.08284372136164515,9.309764388257413e-08,1.1237742867219423e-06,9.888719137743535e-06,9.888719137743535e-06,0.0829490047992728,0.00417794165196803,0.05036759225837822,422.495734156464,True
adamw_no_decay_grad_projection,52,4,60,torch.float32,1.1920928955078125e-07,8.425881056896194e-06,5.313008301060243e-05,3.909099500621195e-11,7.357600965616994e-07,7.796604500421264e-21,1.4674557347985915e-16,1.204374172986297e-07,0.0022667692497549403,0.13011560414096088,0.01325344587390406,0.10185900424015189,0.1294388527971209,1.998344523164287e-17,1.5438521587459064e-16,0.1294388515696246,1.19777688235665e-07,9.253611785271219e-07,1.1564732788578476e-05,1.1564732788578476e-05,0.13011560414096088,0.01325344587390406,0.10185900424015189,1146.0226635753647,True
adamw_no_decay_grad_projection,52,5,53,torch.float32,1.1920928955078125e-07,5.678672305444112e-06,5.008454418927681e-05,2.243792106339126e-11,4.4800090380367797e-07,6.771949834884741e-21,1.352103716726109e-16,9.382576070077124e-08,0.0018732996951684063,0.08603354262215711,0.006562087107680074,0.07627358943591929,0.08578292061307859,1.1840849747777476e-17,1.3803271867118271e-16,0.08578292020859563,9.376165194877564e-08,1.093010726619919e-06,9.619942744968929e-06,9.619942744968929e-06,0.08603354262215711,0.006562087107680074,0.07627358943591929,682.1336968052058,True
adamw_no_decay_grad_projection,52,6,60,torch.float32,1.1920928955078125e-07,3.095485046437789e-06,5.113184944713375e-05,1.2576800630523748e-11,2.4596803687938484e-07,7.51132890091852e-21,1.469011776834879e-16,1.024237107119262e-07,0.002003092238881363,0.08446903616722747,0.004969079798940206,0.05882723450404568,0.08432275088593912,1.2599971017079513e-17,1.4942552140077973e-16,0.08432275004284641,1.0234553774165968e-07,1.21373576750824e-06,9.806956704483048e-06,9.806956704483048e-06,0.08446903616722747,0.004969079798940206,0.05882723450404568,506.68927667119135,True
adamw_no_decay_grad_projection,52,7,53,torch.float32,1.1920928955078125e-07,7.079248571757639e-06,2.8886832721722012e-05,1.6000137420542124e-11,5.53890333865177e-07,3.941325317578453e-21,1.3644020289615556e-16,1.0174946189700526e-07,0.0035222026984673476,0.08223515495417102,0.004377852895457458,0.053235783381173164,0.08211854306039687,1.1347915739361962e-17,1.3818944316895334e-16,0.08211854292589377,1.0138317741364614e-07,1.234595425117776e-06,1.0383791631748469e-05,1.0383791631748469e-05,0.08223515495417102,0.004377852895457458,0.053235783381173164,421.60446306262173,True
adamw_no_decay_grad_projection,53,0,58,torch.float32,1.1920928955078125e-07,4.814231254404896e-06,4.054162706633618e-05,1.5815232405558406e-11,3.9009861098275004e-07,5.767292910560772e-21,1.422560791929857e-16,1.0555860102507638e-07,0.002603585841111854,0.08367754961020936,0.00504326240665667,0.06027019708571091,0.08352543213337273,1.2117597248993461e-17,1.450767381801052e-16,0.08352543245484663,1.0566734310860463e-07,1.265091840927945e-06,1.031839617092743e-05,1.031839617092743e-05,0.08367754961020936,0.00504326240665667,0.06027019708571091,488.7641764391932,True
adamw_no_decay_grad_projection,53,1,60,torch.float32,1.1920928955078125e-07,3.342961442244951e-06,4.458207903527155e-05,1.2080057534574086e-11,2.7096218471589967e-07,6.485499882480576e-21,1.4547324895615002e-16,1.1057841678737868e-07,0.002480267264556805,0.08319004223621822,0.005149105039876518,0.061895689693913465,0.08303053561523066,1.2346608489200804e-17,1.4869961271135063e-16,0.08303053576082407,1.1039867202437472e-07,1.3296153157723406e-06,1.0576700906462022e-05,1.0576700906462022e-05,0.08319004223621822,0.005149105039876518,0.061895689693913465,486.8347025612288,True
adamw_no_decay_grad_projection,53,2,60,torch.float32,1.1920928955078125e-07,3.920330339574255e-06,4.373454543804228e-05,1.3772965959310095e-11,3.1492189575451144e-07,6.4213218671467836e-21,1.4682493673665915e-16,1.0173601526568364e-07,0.002326177658168914,0.08604695852740973,0.00508481214863036,0.05909345589490678,0.08589658757617157,1.2831943797492055e-17,1.4938828374425138e-16,0.08589658697889603,1.0300085467743887e-07,1.19912627847187e-06,9.853959362044706e-06,9.853959362044706e-06,0.08604695852740973,0.00508481214863036,0.05909345589490678,516.0171624226443,True
adamw_no_decay_grad_projection,53,3,49,torch.float32,1.1920928955078125e-07,5.138758647397377e-06,4.183430213658339e-05,1.8207661298597136e-11,4.352328201663688e-07,5.465012834072662e-21,1.3063473166662718e-16,9.322893375338305e-08,0.0022284817218332378,0.08221079610045758,0.004118722662478332,0.05009953507134822,0.08210755823370099,1.0942715429457776e-17,1.33272936923928e-16,0.08210755737991896,9.277799946768139e-08,1.1299568812940002e-06,9.900313910101035e-06,9.900313910101035e-06,0.08221079610045758,0.004118722662478332,0.05009953507134822,416.0194009884985,True
adamw_no_decay_grad_projection,53,4,60,torch.float32,1.1920928955078125e-07,8.425881056896194e-06,4.6605083614282705e-05,3.238864952890645e-11,6.949595841724988e-07,6.7391260410327786e-21,1.4460066409942278e-16,1.1943360707360448e-07,0.0025625777246952395,0.12853671087046137,0.01295095216541679,0.10075683497509666,0.12788259803196708,1.961025203614648e-17,1.5334574318895573e-16,0.12788259855836823,1.1995026423993528e-07,9.379717458993261e-07,1.1591437270332388e-05,1.1591437270332388e-05,0.12853671087046137,0.01295095216541679,0.10075683497509666,1117.286136600506,True
adamw_no_decay_grad_projection,53,5,53,torch.float32,1.1920928955078125e-07,5.678672305444112e-06,4.769422048268948e-05,2.0861519223215293e-11,4.374014086421003e-07,6.53102358399693e-21,1.3693532503310281e-16,9.419695674614519e-08,0.001974994275142935,0.0849051930616268,0.0063669630565119685,0.07498908873442676,0.08466613012456121,1.1750927718334973e-17,1.38791364398573e-16,0.0846661290154567,9.427087568732293e-08,1.113442610209719e-06,9.633211642776264e-06,9.633211642776264e-06,0.0849051930616268,0.0063669630565119685,0.07498908873442676,660.9387702268968,True
adamw_no_decay_grad_projection,53,6,60,torch.float32,1.1920928955078125e-07,3.095485046437789e-06,5.006883173148402e-05,1.183859719210073e-11,2.3644644347985546e-07,7.170120030521282e-21,1.4320525929133682e-16,1.0145180893278171e-07,0.0020262324972758383,0.0836283433165802,0.004845864962258625,0.05794524643295046,0.08348782784719794,1.2426695083272308e-17,1.4884439329306829e-16,0.08348782829607483,1.0204947916042289e-07,1.2223276283882058e-06,9.819905378698913e-06,9.819905378698913e-06,0.0836283433165802,0.004845864962258625,0.05794524643295046,493.473691994034,True
adamw_no_decay_grad_projection,53,7,53,torch.float32,1.1920928955078125e-07,7.079248571757639e-06,2.6603417523500043e-05,1.46309370707298e-11,5.49964569695063e-07,3.64121917776683e-21,1.3687035413968607e-16,1.0104253524055984e-07,0.003797913770101439,0.08159890911605439,0.0043041099739033984,0.052747150918180295,0.0814853152798874,1.126372001288467e-17,1.3823005990951644e-16,0.08148531398925096,1.0039778882208885e-07,1.2320967289312122e-06,1.0392357915203832e-05,1.0392357915203832e-05,0.08159890911605439,0.0043041099739033984,0.052747150918180295,414.16106036980915,True
adamw_no_decay_grad_projection,54,0,58,torch.float32,1.1920928955078125e-07,4.814231254404896e-06,4.983620804098465e-05,1.9316980818677735e-11,3.876093623092612e-07,7.089349586578178e-21,1.4225298964858086e-16,1.0536923130864271e-07,0.0021142746100315506,0.08217517535821153,0.00490870412934187,0.05973463528303086,0.08202843451464498,1.1867703599320345e-17,1.4467792381435172e-16,0.08202843497818399,1.0511852744528488e-07,1.2814888821570455e-06,1.0330946000628687e-05,1.0330946000628687e-05,0.08217517535821153,0.00490870412934187,0.05973463528303086,475.14565742993454,True
adamw_no_decay_grad_projection,54,1,60,torch.float32,1.1920928955078125e-07,3.342961442244951e-06,4.7139890907720945e-05,1.2779025183036204e-11,2.710872880052243e-07,6.863930302361382e-21,1.4560768322095133e-16,1.0959878928433785e-07,0.0023249136760672474,0.08241136425960918,0.005017810383445355,0.06088735975342475,0.0822584618023324,1.206540056312329e-17,1.466767101981134e-16,0.0822584618206172,1.1083185214317926e-07,1.347361106567646e-06,1.0587371945204139e-05,1.0587371945204139e-05,0.08241136425960918,0.005017810383445355,0.06088735975342475,473.94295859401814,True
adamw_no_decay_grad_projection,54,2,60,torch.float32,1.1920928955078125e-07,3.920330339574255e-06,5.670521439157677e-05,1.7737171553594926e-11,3.1279612896110804e-07,8.322003509300158e-21,1.4675905203061451e-16,1.0176098892905355e-07,0.0017945884032488993,0.08654723638409836,0.0051114167103591575,0.05905927125939167,0.08639616626296598,1.2915428309232412e-17,1.4949075714680937e-16,0.08639616733853914,1.0295655510022961e-07,1.1916796574644266e-06,9.86893952275209e-06,9.86893952275209e-06,0.08654723638409836,0.0051114167103591575,0.05905927125939167,517.9296821685019,True
adamw_no_decay_grad_projection,54,3,49,torch.float32,1.1920928955078125e-07,5.138758647397377e-06,4.566334472058328e-05,1.8238957090590477e-11,3.9942227627423566e-07,5.9324435404457186e-21,1.2991697337869503e-16,9.202785850711653e-08,0.002015364822795425,0.08219373450855728,0.004107031958870381,0.049967701107957244,0.08209106090770187,1.0916894584149888e-17,1.3298518088862528e-16,0.0820910608758184,9.294306762709697e-08,1.132194743684635e-06,9.91251536174153e-06,9.91251536174153e-06,0.08219373450855728,0.004107031958870381,0.049967701107957244,414.3279287840434,True
adamw_no_decay_grad_projection,54,4,60,torch.float32,1.1920928955078125e-07,8.425881056896194e-06,6.12907470898597e-05,4.293258884066263e-11,7.004742294578043e-07,8.816563708962531e-21,1.4384820103495458e-16,1.217039924709135e-07,0.001985695050072213,0.12905830503611118,0.012876489427356435,0.09977265255229817,0.1284143376684282,1.9596714814982736e-17,1.5260534898822877e-16,0.1284143372118119,1.2062688491707293e-07,9.393568314580481e-07,1.161990331447464e-05,1.161990331447464e-05,0.12905830503611118,0.012876489427356435,0.09977265255229817,1108.1408406657304,True
adamw_no_decay_grad_projection,54,5,53,torch.float32,1.1920928955078125e-07,5.678672305444112e-06,6.604137420742365e-05,2.5630575633863785e-11,3.880987629567326e-07,8.883608449198388e-21,1.3451580249219677e-16,9.362487419242253e-08,0.0014176709099136266,0.08264155464991033,0.006006997080799083,0.07268736782900781,0.08242294911628306,1.1568401202038553e-17,1.4035412862645506e-16,0.08242294893332051,9.336883661266161e-08,1.1328014566452387e-06,9.645243542297382e-06,9.645243542297382e-06,0.08264155464991033,0.006006997080799083,0.07268736782900781,622.7937173858326,True
adamw_no_decay_grad_projection,54,6,60,torch.float32,1.1920928955078125e-07,3.095485046437789e-06,5.322690158914172e-05,1.501423580941359e-11,2.820798385994441e-07,7.773525866654161e-21,1.4604505681465907e-16,1.0294675290312543e-07,0.001934087943381939,0.08290528719113684,0.004750440132853741,0.05729960408799593,0.08276907612622633,1.2173876737991424e-17,1.4708242870109784e-16,0.08276907645695661,1.0140315175042888e-07,1.2251332996709559e-06,9.83264638622334e-06,9.83264638622334e-06,0.08290528719113684,0.004750440132853741,0.05729960408799593,483.12935767827975,True
adamw_no_decay_grad_projection,54,7,53,torch.float32,1.1920928955078125e-07,7.079248571757639e-06,2.8818010641231644e-05,1.567227057450035e-11,5.438359631971646e-07,3.853761322822429e-21,1.3372752792689975e-16,1.0136512720086897e-07,0.0035172967602539527,0.08077029231438206,0.0042387745379785305,0.0524793759750176,0.08065899150725175,1.1125874343485218e-17,1.379371863642125e-16,0.08065899167462151,1.0105970939092549e-07,1.2529255237729788e-06,1.0400364685165808e-05,1.0400364685165808e-05,0.08077029231438206,0.0042387745379785305,0.0524793759750176,407.56018334860477,True
adamw_no_decay_grad_projection,55,0,58,torch.float32,1.1920928955078125e-07,4.814231254404896e-06,3.863446686694511e-05,1.4691356581132654e-11,3.802655445389953e-07,5.439790707026209e-21,1.4080149535286534e-16,1.0656432711578033e-07,0.002758212677907649,0.08107693224066964,0.0048336414770514405,0.05961796214369837,0.08093271805413102,1.1599416536327091e-17,1.4332172223066747e-16,0.08093271858329554,1.0579007363881557e-07,1.3071360444903006e-06,1.0343474230971862e-05,1.0343474230971862e-05,0.08107693224066964,0.0048336414770514405,0.05961796214369837,467.3131453818372,True
adamw_no_decay_grad_projection,55,1,60,torch.float32,1.1920928955078125e-07,3.342961442244951e-06,4.4716650070577714e-05,1.1978331135380982e-11,2.6787183557970465e-07,6.485866727558886e-21,1.4504366309466984e-16,1.1022501421241999e-07,0.0024649048783072767,0.08171373767262097,0.004914391045460189,0.06014155251530988,0.081565824246937,1.2007124598253089e-17,1.4720778842253884e-16,0.08156582506362589,1.0931007308147039e-07,1.34014549593782e-06,1.0598102869937047e-05,1.0598102869937047e-05,0.08171373767262097,0.004914391045460189,0.06014155251530988,463.70478809000093,True
adamw_no_decay_grad_projection,55,2,60,torch.float32,1.1920928955078125e-07,3.920330339574255e-06,4.4762815107069056e-05,1.4641652918857907e-11,3.2709410442208e-07,6.522647093964823e-21,1.4571574817990167e-16,1.0216640615883999e-07,0.0022823311328132867,0.08581680286498045,0.0050201277427327886,0.05849819120657744,0.08566984283523323,1.274973150346043e-17,1.488240328394402e-16,0.08566984362960642,1.024013468817727e-07,1.1953021336715045e-06,9.882518596067715e-06,9.882518596067715e-06,0.08581680286498045,0.0050201277427327886,0.05849819120657744,507.98060169907626,True
adamw_no_decay_grad_projection,55,3,49,torch.float32,1.1920928955078125e-07,5.138758647397377e-06,3.8086600064023686e-05,1.6576967701281167e-11,4.3524409302524343e-07,4.977476010817896e-21,1.3068837865420424e-16,9.258193428645118e-08,0.0024307005118498113,0.08095518163352322,0.004018500204285768,0.04963857931265172,0.08085538379987378,1.0724332918570112e-17,1.3263597814480788e-16,0.0808553841649525,9.280743179754111e-08,1.1478200586890456e-06,9.923458565972268e-06,9.923458565972268e-06,0.08095518163352322,0.004018500204285768,0.04963857931265172,404.94956245046296,True
adamw_no_decay_grad_projection,55,4,60,torch.float32,1.1920928955078125e-07,8.425881056896194e-06,4.6666479640602e-05,3.237855932747916e-11,6.938290519627778e-07,6.879340493942424e-21,1.4741502995136438e-16,1.211279173130773e-07,0.0025955135518376327,0.1255987742243497,0.012362696202660787,0.09843007050831587,0.12498886282089253,1.9161936359803995e-17,1.533091503301603e-16,0.12498886324483767,1.210182703866862e-07,9.682324268333125e-07,1.1645339173127302e-05,1.1645339173127302e-05,0.1255987742243497,0.012362696202660787,0.09843007050831587,1061.60035520381,True
adamw_no_decay_grad_projection,55,5,53,torch.float32,1.1920928955078125e-07,5.678672305444112e-06,4.849507162204682e-05,2.0832834548643993e-11,4.2958663327703953e-07,6.613241148473656e-21,1.363693449102518e-16,9.443011820066262e-08,0.0019471845692861389,0.0827467948437195,0.005942861836924107,0.07181984327185299,0.08253311123479978,1.1467984624430228e-17,1.389501068462665e-16,0.0825331104517485,9.472124704892215e-08,1.1476757210586316e-06,9.659022648802156e-06,9.659022648802156e-06,0.0827467948437195,0.005942861836924107,0.07181984327185299,615.2653382235416,True
adamw_no_decay_grad_projection,55,6,60,torch.float32,1.1920928955078125e-07,3.095485046437789e-06,4.633658863608362e-05,1.1405878616870975e-11,2.4615274780908e-07,6.673336816227935e-21,1.4401873363270035e-16,1.0165698757829635e-07,0.002193815028754592,0.08216204871155136,0.004689239806313186,0.05707306329198087,0.08202812492382248,1.2199517669788903e-17,1.4872359548774638e-16,0.0820281242491383,1.0249272321384442e-07,1.2494827128138443e-06,9.845195067548944e-06,9.845195067548944e-06,0.08216204871155136,0.004689239806313186,0.05707306329198087,476.2972977315133,True
adamw_no_decay_grad_projection,55,7,53,torch.float32,1.1920928955078125e-07,7.079248571757639e-06,2.579542947480015e-05,1.384686887465895e-11,5.36795438439438e-07,3.495063408811039e-21,1.354915766076277e-16,1.018656779299827e-07,0.003948676934759115,0.08004015693745092,0.004151160175687859,0.05186346872023091,0.07993243766936897,1.09722784342889e-17,1.3726940844309573e-16,0.07993243777785314,1.0159426107027475e-07,1.2710016595843576e-06,1.0408113553516222e-05,1.0408113553516222e-05,0.08004015693745092,0.004151160175687859,0.05186346872023091,398.83886300274395,True
adamw_no_decay_grad_projection,56,0,58,torch.float32,1.1920928955078125e-07,4.814231254404896e-06,3.813085317336892e-05,1.484878810042449e-11,3.8941662366986e-07,5.4714633988786585e-21,1.4349176437259513e-16,1.0610048374058916e-07,0.002782476120049179,0.08020791630344958,0.004735606304833296,0.0590416323361043,0.08006799529566602,1.1518003670920425e-17,1.4385277948308866e-16,0.08006799543405396,1.0690459958457388e-07,1.3351726742381509e-06,1.0356265018292155e-05,1.0356265018292155e-05,0.08020791630344958,0.004735606304833296,0.0590416323361043,457.26971031243863,True
adamw_no_decay_grad_projection,56,1,60,torch.float32,1.1920928955078125e-07,3.342961442244951e-06,4.250217793605818e-05,1.197768736866751e-11,2.818134963974594e-07,6.187253993399621e-21,1.4557498683263233e-16,1.1134658386746713e-07,0.002619684199202996,0.07972092724311226,0.004736146691645114,0.059409076831257096,0.07958011783741475,1.1735675421942755e-17,1.474699427552896e-16,0.07958011757339142,1.1050499118812449e-07,1.3886005017046263e-06,1.0607645850480491e-05,1.0607645850480491e-05,0.07972092724311226,0.004736146691645114,0.059409076831257096,446.4842396138802,True
adamw_no_decay_grad_projection,56,2,60,torch.float32,1.1920928955078125e-07,3.920330339574255e-06,4.622870802483788e-05,1.4942163781167764e-11,3.232226125190347e-07,6.699548708474156e-21,1.4492182444023644e-16,1.0203047109192986e-07,0.0022070713363994718,0.08521415294332893,0.004941351546518445,0.057987451331055956,0.08507076411284181,1.2556985915238967e-17,1.476063609653582e-16,0.08507076345449179,1.0327291593670472e-07,1.213964842245128e-06,9.896166314040119e-06,9.896166314040119e-06,0.08521415294332893,0.004941351546518445,0.057987451331055956,499.3197759326191,True
adamw_no_decay_grad_projection,56,3,49,torch.float32,1.1920928955078125e-07,5.138758647397377e-06,3.625996529195078e-05,1.483489661715621e-11,4.091260567325847e-07,4.742009232730266e-21,1.3077809629849052e-16,9.321304444808141e-08,0.002570608613893063,0.07909678433472664,0.0038814805347751643,0.04907254533065815,0.07900148986539696,1.0527170749885318e-17,1.3325281292569992e-16,0.07900148964204827,9.270594892179988e-08,1.173470897091255e-06,9.933733728652723e-06,9.933733728652723e-06,0.07909678433472664,0.0038814805347751643,0.04907254533065815,390.7373240314944,True
adamw_no_decay_grad_projection,56,4,60,torch.float32,1.1920928955078125e-07,8.425881056896194e-06,5.065128815293944e-05,4.0571727661646343e-11,8.01000905231506e-07,7.271753472706191e-21,1.4356502544914098e-16,1.2131832771337996e-07,0.0023950919927384403,0.12428860114695704,0.01209463819578147,0.09731092058459122,0.12369873120602537,1.886597441422523e-17,1.5251550464816947e-16,0.12369873139050178,1.212637792077949e-07,9.803154635836966e-07,1.1672323842817979e-05,1.1672323842817979e-05,0.12428860114695704,0.01209463819578147,0.09731092058459122,1036.1808289977614,True
adamw_no_decay_grad_projection,56,5,53,torch.float32,1.1920928955078125e-07,5.678672305444112e-06,5.0213195391243334e-05,2.2036960598680788e-11,4.3886791961707756e-07,6.924500767692134e-21,1.379020138778175e-16,9.494571082324979e-08,0.001890836667685442,0.08240683492895638,0.005834506295632769,0.07080124240498674,0.08220003028767377,1.1333604552079939e-17,1.3787835007378895e-16,0.08220003099755963,9.452833293959165e-08,1.1499792858034083e-06,9.672443242497945e-06,9.672443242497945e-06,0.08240683492895638,0.005834506295632769,0.07080124240498674,603.2091529881116,True
adamw_no_decay_grad_projection,56,6,60,torch.float32,1.1920928955078125e-07,3.095485046437789e-06,4.4845965347616055e-05,1.1090379313948738e-11,2.4729937750215667e-07,6.5010347509484794e-21,1.4496364835848634e-16,1.0171057225739529e-07,0.0022679637927190805,0.08084002288998922,0.004546064273428951,0.05623531650424496,0.08071209698970679,1.189486321129309e-17,1.4737398302029051e-16,0.08071209643070106,1.0177912771095825e-07,1.2610145469129926e-06,9.856936362227926e-06,9.856936362227926e-06,0.08084002288998922,0.004546064273428951,0.05623531650424496,461.2045879538804,True
adamw_no_decay_grad_projection,56,7,53,torch.float32,1.1920928955078125e-07,7.079248571757639e-06,2.646483201815839e-05,1.4823869166329504e-11,5.601346404223674e-07,3.60358459704117e-21,1.3616502816149363e-16,1.0179249282152947e-07,0.0038461455762011107,0.07859872024246149,0.004072931165474748,0.05181930638196858,0.07849312107104692,1.0830802095655954e-17,1.3798409271880793e-16,0.07849312133039424,1.0153049246555759e-07,1.2934954139254336e-06,1.0415144998306027e-05,1.0415144998306027e-05,0.07859872024246149,0.004072931165474748,0.05181930638196858,391.0585177774472,True
adamw_no_decay_grad_projection,57,0,58,torch.float32,1.1920928955078125e-07,4.814231254404896e-06,3.954968593510708e-05,1.492742228230674e-11,3.774346604622747e-07,5.669376604173513e-21,1.4334820795988624e-16,1.0643772611793159e-07,0.002691218540908539,0.07954748335398983,0.004636884851432387,0.058290779996119355,0.07941222454274811,1.1491791036066744e-17,1.4471060472409558e-16,0.07941222472327626,1.0670483954560788e-07,1.3436827883545235e-06,1.0368887531667014e-05,1.0368887531667014e-05,0.07954748335398983,0.004636884851432387,0.058290779996119355,447.19212521798005,True
adamw_no_decay_grad_projection,57,1,60,torch.float32,1.1920928955078125e-07,3.342961442244951e-06,4.1882101258629604e-05,1.1144566841246574e-11,2.660937848468214e-07,6.029713631566816e-21,1.4396874680027274e-16,1.1103130075452864e-07,0.002651032128958528,0.07840390435574457,0.00459827542365284,0.05864855151586503,0.07826894710773215,1.149783721619035e-17,1.469016467075291e-16,0.0782689468894002,1.1056000678998933e-07,1.4125654066384563e-06,1.061759038255209e-05,1.061759038255209e-05,0.07840390435574457,0.00459827542365284,0.05864855151586503,433.08088351281623,True
adamw_no_decay_grad_projection,57,2,60,torch.float32,1.1920928955078125e-07,3.920330339574255e-06,4.4333857300988463e-05,1.3428828312983317e-11,3.0290232184881213e-07,6.4607807337667506e-21,1.457301738917944e-16,1.0334617440852864e-07,0.0023309932656954786,0.08404991461215162,0.00480267342691905,0.05714072939967862,0.08391258829439326,1.2611053544559405e-17,1.502879818259882e-16,0.08391258736362324,1.0215736134255929e-07,1.2174259494570812e-06,9.909112222896848e-06,9.909112222896848e-06,0.08404991461215162,0.00480267342691905,0.05714072939967862,484.672422603266,True
adamw_no_decay_grad_projection,57,3,49,torch.float32,1.1920928955078125e-07,5.138758647397377e-06,4.014849463620468e-05,1.7644163064746754e-11,4.3947259354615476e-07,5.22552677289193e-21,1.3015498638846138e-16,9.315168336830693e-08,0.0023201067738198963,0.07896215270740341,0.0038380223945808593,0.0486058480295334,0.07886882238429829,1.0534521068411046e-17,1.3357015801605687e-16,0.07886882169490955,9.337436278133596e-08,1.1839198402448385e-06,9.945649316049886e-06,9.945649316049886e-06,0.07896215270740341,0.0038380223945808593,0.0486058480295334,385.8996303426076,True
adamw_no_decay_grad_projection,57,4,60,torch.float32,1.1920928955078125e-07,8.425881056896194e-06,4.536035055501819e-05,3.238904165453373e-11,7.140386098923247e-07,6.662139938561765e-21,1.4687143853711762e-16,1.2133460763729274e-07,0.002674907852742115,0.12068119019108507,0.011532473152310367,0.09556148007862696,0.12012889631112111,1.819705173259762e-17,1.514793883186039e-16,0.12012889514017272,1.2109759497919015e-07,1.0080638370800556e-06,1.1696926632541466e-05,1.1696926632541466e-05,0.12068119019108507,0.011532473152310367,0.09556148007862696,985.9404538134332,True
adamw_no_decay_grad_projection,57,5,53,torch.float32,1.1920928955078125e-07,5.678672305444112e-06,4.8220407392850075e-05,2.1778169627866017e-11,4.5163802641566223e-07,6.594626492256319e-21,1.36760074184583e-16,9.443679214177443e-08,0.001958381179077511,0.08161323464702161,0.005698038314174872,0.06981757724490358,0.08141408004098558,1.1336333943448265e-17,1.3924291643093325e-16,0.08141408045775626,9.549960849554119e-08,1.1730109577924123e-06,9.685441933143651e-06,9.685441933143651e-06,0.08161323464702161,0.005698038314174872,0.06981757724490358,588.309583961899,True
adamw_no_decay_grad_projection,57,6,60,torch.float32,1.1920928955078125e-07,3.095485046437789e-06,4.5564800349486954e-05,1.1434171351904706e-11,2.5094308027695447e-07,6.604565749850751e-21,1.4494885743365983e-16,1.0228680003522617e-07,0.0022448194706681337,0.08008500391428293,0.0044667420751818105,0.05577501226025638,0.07996034058947295,1.1891106316447842e-17,1.4871255210753e-16,0.07996034184703671,1.0236033751474204e-07,1.2801388181976046e-06,9.869175977351176e-06,9.869175977351176e-06,0.08008500391428293,0.0044667420751818105,0.05577501226025638,452.59524051780625,True
adamw_no_decay_grad_projection,57,7,53,torch.float32,1.1920928955078125e-07,7.079248571757639e-06,2.6938603518018847e-05,1.5212446866349587e-11,5.647080724200941e-07,3.6895216641509276e-21,1.3696039075238803e-16,1.0199767774058824e-07,0.0037859752469343,0.07847694229680563,0.004055751770598726,0.051680807787586464,0.07837206996010405,1.0746218861040197e-17,1.3711796647084412e-16,0.07837206982079745,1.0252230134194772e-07,1.3081484459498296e-06,1.0423242829896178e-05,1.0423242829896178e-05,0.07847694229680563,0.004055751770598726,0.051680807787586464,389.10652248894445,True
adamw_no_decay_grad_projection,58,0,58,torch.float32,1.1920928955078125e-07,4.814231254404896e-06,3.69019484024122e-05,1.447960703085387e-11,3.923805559791897e-07,5.310982442316862e-21,1.4392146410269501e-16,1.060335098447352e-07,0.0028732996347808114,0.07889192779284936,0.004556400782374922,0.05775496821853436,0.07876024049469713,1.1305817567009124e-17,1.4354727075484664e-16,0.07876024026621686,1.0622660650189336e-07,1.3487339061287478e-06,1.038115687884303e-05,1.038115687884303e-05,0.07889192779284936,0.004556400782374922,0.05775496821853436,438.9106951712619,True
adamw_no_decay_grad_projection,58,1,60,torch.float32,1.1920928955078125e-07,3.342961442244951e-06,4.5623225896241545e-05,1.3192995068622069e-11,2.891727800797381e-07,6.729901118108793e-21,1.4751041790456747e-16,1.0996233930827959e-07,0.00241020755146528,0.07813533311254665,0.0045451578052082475,0.05817032607592998,0.07800302443581522,1.1413112991227461e-17,1.4631628803853291e-16,0.07800302491007287,1.1132152161895056e-07,1.4271436492019315e-06,1.0628200612979417e-05,1.0628200612979417e-05,0.07813533311254665,0.0045451578052082475,0.05817032607592998,427.6507351260937,True
adamw_no_decay_grad_projection,58,2,60,torch.float32,1.1920928955078125e-07,3.920330339574255e-06,4.8871557657438294e-05,1.516609647922625e-11,3.103256209988625e-07,7.104738870449869e-21,1.4537574022605074e-16,1.0263799916671492e-07,0.0021001909352595023,0.08360321212286125,0.004720630466708831,0.05646470209507629,0.0834698312281564,1.239551613138654e-17,1.4850294949686243e-16,0.08346983034898292,1.0285191511805033e-07,1.2322046742880863e-06,9.922433576124498e-06,9.922433576124498e-06,0.08360321212286125,0.004720630466708831,0.05646470209507629,475.75329484368433,True
adamw_no_decay_grad_projection,58,3,49,torch.float32,1.1920928955078125e-07,5.138758647397377e-06,3.9229672224302305e-05,1.6449393224044904e-11,4.193099837794389e-07,5.114692746384459e-21,1.3037816673921682e-16,9.340589070975088e-08,0.002381017539791279,0.07774215215891328,0.0037333700388699756,0.04802246831601172,0.07765245759441547,1.0312523736984482e-17,1.3280357192102735e-16,0.07765245790470626,9.277123533716462e-08,1.194697989482984e-06,9.95647495582894e-06,9.95647495582894e-06,0.07774215215891328,0.0037333700388699756,0.04802246831601172,374.96905836983035,True
adamw_no_decay_grad_projection,58,4,60,torch.float32,1.1920928955078125e-07,8.425881056896194e-06,4.693603610026148e-05,3.691526202287141e-11,7.865014835086543e-07,6.831921994650775e-21,1.4555813746305745e-16,1.234750508322877e-07,0.0026305963105469217,0.11810675702157958,0.01108747204112251,0.0938766952943826,0.11758517771339959,1.7872759010674844e-17,1.5199840114404257e-16,0.11758517669776282,1.2166305308555237e-07,1.0346801910097153e-06,1.1722065085686216e-05,1.1722065085686216e-05,0.11810675702157958,0.01108747204112251,0.0938766952943826,945.8633747616188,True
adamw_no_decay_grad_projection,58,5,53,torch.float32,1.1920928955078125e-07,5.678672305444112e-06,5.8036509488489685e-05,2.4001444618177076e-11,4.135576868718691e-07,7.726392639463014e-21,1.3312986441743264e-16,9.49659456063564e-08,0.0016362890073539206,0.08085726678995261,0.005652005250710516,0.06990101786884587,0.08065948443541848,1.120716736623895e-17,1.3894419787932288e-16,0.08065948486879004,9.41373697053871e-08,1.1670960936400936e-06,9.698278036958554e-06,9.698278036958554e-06,0.08085726678995261,0.005652005250710516,0.06990101786884587,582.7844107141129,True
adamw_no_decay_grad_projection,58,6,60,torch.float32,1.1920928955078125e-07,3.095485046437789e-06,4.543998859595428e-05,1.1169981648239271e-11,2.458183197967128e-07,6.563431795710251e-21,1.4444175710675288e-16,1.0241950067342869e-07,0.002253944339712714,0.07865161138800598,0.004346868160425326,0.055267375756375206,0.07853139952353959,1.1634457966287504e-17,1.4815039636215963e-16,0.078531399135795,1.0230607820811672e-07,1.30274106069613e-06,9.880637719492099e-06,9.880637719492099e-06,0.07865161138800598,0.004346868160425326,0.055267375756375206,439.93801653612,True
adamw_no_decay_grad_projection,58,7,53,torch.float32,1.1920928955078125e-07,7.079248571757639e-06,2.772880339808941e-05,1.540253280595242e-11,5.554705186814407e-07,3.741057855561752e-21,1.3491595009902585e-16,1.0192311831484255e-07,0.003675537531296179,0.07881191004044026,0.00406408562501386,0.05156689671559136,0.07870705414545132,1.0855691735340882e-17,1.3792527052631736e-16,0.07870705288757612,1.0208226271135146e-07,1.2969900277826959e-06,1.0431613685767645e-05,1.0431613685767645e-05,0.07881191004044026,0.00406408562501386,0.05156689671559136,389.59318734729305,True
adamw_no_decay_grad_projection,59,0,58,torch.float32,1.1920928955078125e-07,4.814231254404896e-06,3.588044326459525e-05,1.4057098569554911e-11,3.917760565523906e-07,5.04553187726142e-21,1.4062066736618176e-16,1.0728019601146638e-07,0.002989789989141048,0.07820998207582237,0.004498230264010843,0.057514784489401054,0.07808051754946553,1.1228600014054852e-17,1.4380796089038874e-16,0.07808051805656625,1.0637388837423141e-07,1.3623614574018031e-06,1.0393065080146606e-05,1.0393065080146606e-05,0.07820998207582237,0.004498230264010843,0.057514784489401054,432.81074729375126,True
adamw_no_decay_grad_projection,59,1,60,torch.float32,1.1920928955078125e-07,3.342961442244951e-06,4.43582579596216e-05,1.2129451518920698e-11,2.7344291856460833e-07,6.385573809407146e-21,1.4395456681865282e-16,1.101321522142151e-07,0.0024827336773106164,0.07885331926586912,0.004543021697825013,0.05761357594228014,0.07872234062258425,1.154185341009331e-17,1.4661471341951088e-16,0.07872233951683086,1.1108230771414799e-07,1.4110646151515676e-06,1.0639537037348937e-05,1.0639537037348937e-05,0.07885331926586912,0.004543021697825013,0.05761357594228014,426.994302654075,True
adamw_no_decay_grad_projection,59,2,60,torch.float32,1.1920928955078125e-07,3.920330339574255e-06,4.345966876716722e-05,1.4205208016896636e-11,3.2685955553412646e-07,6.312003047566252e-21,1.452381766042166e-16,1.0301857365314409e-07,0.002370387753569433,0.0825477579957355,0.004613464407720903,0.055888427738512776,0.08241873753146917,1.2322465865772233e-17,1.4951049039142662e-16,0.0824187381853331,1.028618912236238e-07,1.248040111853213e-06,9.934785117407299e-06,9.934785117407299e-06,0.0825477579957355,0.004613464407720903,0.055888427738512776,464.374855943023,True
adamw_no_decay_grad_projection,59,3,49,torch.float32,1.1920928955078125e-07,5.138758647397377e-06,3.480008083039467e-05,1.4357828166921567e-11,4.1258031085897147e-07,4.602721905997338e-21,1.3226181652939367e-16,9.273205873202658e-08,0.00266463606487995,0.07627668178595207,0.003614239735380057,0.04738328478318382,0.07619100639452528,1.0146193721321332e-17,1.3316786588673265e-16,0.07619100617564585,9.40338155351333e-08,1.234185243837754e-06,9.96659206519169e-06,9.96659206519169e-06,0.07627668178595207,0.003614239735380057,0.04738328478318382,362.6354637311569,True
adamw_no_decay_grad_projection,59,4,60,torch.float32,1.1920928955078125e-07,8.425881056896194e-06,4.651707438944949e-05,3.390486000502713e-11,7.28869139988672e-07,6.777210736656004e-21,1.456929702826483e-16,1.221377792174458e-07,0.0026255556780175665,0.11571149023232141,0.010708668080262067,0.0925462809161094,0.1152149009448491,1.7506142632202683e-17,1.5194339003582963e-16,0.11521489941079638,1.2276681580933018e-07,1.0655463524002013e-06,1.1746424753761578e-05,1.1746424753761578e-05,0.11571149023232141,0.010708668080262067,0.0925462809161094,911.6534013324192,True
adamw_no_decay_grad_projection,59,5,53,torch.float32,1.1920928955078125e-07,5.678672305444112e-06,4.8145803593818286e-05,2.126184368513914e-11,4.416136422711837e-07,6.504702767429509e-21,1.3510425170814509e-16,9.468647922270911e-08,0.0019666295508705984,0.0801885024520694,0.005526498799057516,0.06891884285232583,0.07999783582403687,1.112322689894493e-17,1.3904409768548695e-16,0.07999783643954475,9.545418816909039e-08,1.193209621878039e-06,9.711032630589878e-06,9.711032630589878e-06,0.0801885024520694,0.005526498799057516,0.06891884285232583,569.0948644996798,True
adamw_no_decay_grad_projection,59,6,60,torch.float32,1.1920928955078125e-07,3.095485046437789e-06,4.479662854319221e-05,1.0844418829356187e-11,2.420811382914714e-07,6.549688493163369e-21,1.4620940696125052e-16,1.0317982076044417e-07,0.002303333263465251,0.07698187611212524,0.004199955930747438,0.05455772375084936,0.07686722071157756,1.1364640416464118e-17,1.4784768216229266e-16,0.07686722015223964,1.0267856480039821e-07,1.335791311264253e-06,9.891684149461618e-06,9.891684149461618e-06,0.07698187611212524,0.004199955930747438,0.05455772375084936,424.59462587834776,True
adamw_no_decay_grad_projection,59,7,53,torch.float32,1.1920928955078125e-07,7.079248571757639e-06,2.4257597167527736e-05,1.3220527043418905e-11,5.450056306943902e-07,3.299050514337286e-21,1.3600071316024767e-16,1.0163365030841999e-07,0.004189441147204418,0.07765666832070135,0.0039862436788943335,0.05133163403858905,0.07755429063568241,1.0704534534135039e-17,1.3802633544055558e-16,0.07755429116179187,1.0185061803945163e-07,1.3132815285097939e-06,1.0438231664450799e-05,1.0438231664450799e-05,0.07765666832070135,0.0039862436788943335,0.05133163403858905,381.888791802751,True
adamw_no_decay_grad_projection,60,0,58,torch.float32,1.1920928955078125e-07,4.814231254404896e-06,3.625783613055258e-05,1.404801235193231e-11,3.8744762101494483e-07,5.188707913360622e-21,1.4310583496152872e-16,1.0592949138060183e-07,0.0029214995819741014,0.07842479617912873,0.0044787488905248685,0.05710883685684098,0.07829680366473146,1.1330421682559553e-17,1.447111651080503e-16,0.07829680257910951,1.0649110839109538e-07,1.3600952386720889e-06,1.0405879199119422e-05,1.0405879199119422e-05,0.07842479617912873,0.0044787488905248685,0.05710883685684098,430.4056202097632,True
adamw_no_decay_grad_projection,60,1,60,torch.float32,1.1920928955078125e-07,3.342961442244951e-06,4.4240172338589244e-05,1.2678170142619756e-11,2.865759664222873e-07,6.3815246387057e-21,1.4424728253464711e-16,1.1046795118104153e-07,0.0024969101975454715,0.07789930931693137,0.00446507325082953,0.05731852169142466,0.07777123833988808,1.1371658389811063e-17,1.4621933034051554e-16,0.07777123855703008,1.1008272479271994e-07,1.4154683252472013e-06,1.0648830931192458e-05,1.0648830931192458e-05,0.07789930931693137,0.00446507325082953,0.05731852169142466,419.3017317751264,True
adamw_no_decay_grad_projection,60,2,60,torch.float32,1.1920928955078125e-07,3.920330339574255e-06,4.318182456873274e-05,1.31571121640223e-11,3.046909734691746e-07,6.259105761024329e-21,1.4494769092172026e-16,1.0318977038070907e-07,0.002389603883195304,0.08233564369996743,0.00458218026287185,0.055652449619139406,0.08220804004187507,1.2143651991080018e-17,1.4771854413381335e-16,0.08220804020397295,1.0367899305446184e-07,1.2611782594161787e-06,9.947485034538329e-06,9.947485034538329e-06,0.08233564369996743,0.00458218026287185,0.055652449619139406,460.63706021795616,True
adamw_no_decay_grad_projection,60,3,49,torch.float32,1.1920928955078125e-07,5.138758647397377e-06,3.4960104803791565e-05,1.4462269013391576e-11,4.136792236338801e-07,4.5185552182680574e-21,1.2924890367543717e-16,9.40584635288019e-08,0.002690389998226359,0.07607584303793231,0.0035792906622272177,0.047048977957990436,0.07599159540559343,9.937971663485035e-18,1.307772472790266e-16,0.07599159427972178,9.442226037543213e-08,1.24253558923725e-06,9.977548451676784e-06,9.977548451676784e-06,0.07607584303793231,0.0035792906622272177,0.047048977957990436,358.73448067553085,True
adamw_no_decay_grad_projection,60,4,60,torch.float32,1.1920928955078125e-07,8.425881056896194e-06,4.982050010152558e-05,3.156130054684868e-11,6.335002756401923e-07,7.213755669991008e-21,1.447949268933886e-16,1.2343902916816695e-07,0.002477577308810509,0.11442066704272613,0.01038847290560214,0.09079192749088721,0.11394809641758814,1.726909134124633e-17,1.5155225830153322e-16,0.11394809677464733,1.224953552104459e-07,1.0750101026496502e-06,1.177117987651914e-05,1.177117987651914e-05,0.11442066704272613,0.01038847290560214,0.09079192749088721,882.5345474776756,True
adamw_no_decay_grad_projection,60,5,53,torch.float32,1.1920928955078125e-07,5.678672305444112e-06,5.212527178534572e-05,2.2439981315407704e-11,4.3050099398649824e-07,6.965025406022192e-21,1.3362089380953514e-16,9.457578934821939e-08,0.0018144140580196061,0.08045148948878197,0.00555083128649196,0.06899600394926136,0.08025976845837832,1.100240090160043e-17,1.370848821636725e-16,0.08025976980443357,9.511673905127417e-08,1.185111037360836e-06,9.724281567591417e-06,9.724281567591417e-06,0.08045148948878197,0.00555083128649196,0.06899600394926136,570.8217360747229,True
adamw_no_decay_grad_projection,60,6,60,torch.float32,1.1920928955078125e-07,3.095485046437789e-06,4.52660334123555e-05,1.1113739314727677e-11,2.4552050349731217e-07,6.5664217607887e-21,1.45062892985816e-16,1.0314810882323214e-07,0.0022786874795802875,0.07597260197693671,0.0041157097768650215,0.054173605612644976,0.07586103864421227,1.1273444352191948e-17,1.4860651203398784e-16,0.07586103859068295,1.0266435101489995e-07,1.3533211899304118e-06,9.903078184036124e-06,9.903078184036124e-06,0.07597260197693671,0.0041157097768650215,0.054173605612644976,415.59903904420275,True
adamw_no_decay_grad_projection,60,7,53,torch.float32,1.1920928955078125e-07,7.079248571757639e-06,2.4991630806747923e-05,1.4057409465750378e-11,5.624846803496623e-07,3.389713112397635e-21,1.3563393035891537e-16,1.0181339495447185e-07,0.004073636639166412,0.07687998353529699,0.003913146863331265,0.05089942379520241,0.07678033048908774,1.0446615359027939e-17,1.360584838914264e-16,0.07678033045447524,1.0216070912424592e-07,1.3305583411733199e-06,1.0445144739026985e-05,1.0445144739026985e-05,0.07687998353529699,0.003913146863331265,0.05089942379520241,374.637878277577,True
adamw_no_decay_grad_projection,61,0,58,torch.float32,1.1920928955078125e-07,4.814231254404896e-06,3.9219704101566444e-05,1.458425568768341e-11,3.718604212289534e-07,5.638675440033705e-21,1.4377149367143963e-16,1.063595906131298e-07,0.002711871445741999,0.07906212842020878,0.0045079627107891,0.05701797815041919,0.07893350633623036,1.1281845487333997e-17,1.429284724699433e-16,0.07893350526205611,1.0625956317979499e-07,1.3461908580775355e-06,1.0418918741825847e-05,1.0418918741825847e-05,0.07906212842020878,0.0045079627107891,0.05701797815041919,432.6708771316427,True
adamw_no_decay_grad_projection,61,1,60,torch.float32,1.1920928955078125e-07,3.342961442244951e-06,4.744224186852491e-05,1.2598438104382177e-11,2.655531781001371e-07,6.961360614637587e-21,1.467333823289721e-16,1.1135593280727739e-07,0.002347160709946412,0.0776201936463352,0.004427544376677151,0.05704114056775733,0.0774938146724442,1.1333814986166696e-17,1.462544466816247e-16,0.0774938143034008,1.10883566176011e-07,1.4308698981041755e-06,1.065885949155838e-05,1.065885949155838e-05,0.0776201936463352,0.004427544376677151,0.05704114056775733,415.38631597345704,True
adamw_no_decay_grad_projection,61,2,60,torch.float32,1.1920928955078125e-07,3.920330339574255e-06,4.2045066256638124e-05,1.369845635123836e-11,3.258041328232092e-07,6.069026901107868e-21,1.4434575662370384e-16,1.0323597446777994e-07,0.002455349836737642,0.0812550718760328,0.004446164614383723,0.054718610318467704,0.08113333671063369,1.1972319878446676e-17,1.4756350920394886e-16,0.08113333763117946,1.0416019521011005e-07,1.2838149921011186e-06,9.959304539893075e-06,9.959304539893075e-06,0.0812550718760328,0.004446164614383723,0.054718610318467704,446.4332420576285,True
adamw_no_decay_grad_projection,61,3,49,torch.float32,1.1920928955078125e-07,5.138758647397377e-06,3.694949234134903e-05,1.5274240805931087e-11,4.1338161468698066e-07,4.8563761508719994e-21,1.3143282473296105e-16,9.40670724535208e-08,0.002545803054291724,0.07541812581114331,0.0035388233071385234,0.04692271611204172,0.07533505445983493,9.95114407305752e-18,1.3209181495133846e-16,0.07533505351962158,9.465779936132476e-08,1.2564907694221047e-06,9.987818103502195e-06,9.987818103502195e-06,0.07541812581114331,0.0035388233071385234,0.04692271611204172,354.31395230332106,True
adamw_no_decay_grad_projection,61,4,60,torch.float32,1.1920928955078125e-07,8.425881056896194e-06,4.5108695281295824e-05,3.3849135715892104e-11,7.503904846905989e-07,6.6929747210268754e-21,1.4837438057766172e-16,1.2324999273537248e-07,0.0027322109272230714,0.11187255575751659,0.010099068783418458,0.090272978167301,0.11141578676931937,1.6937518773263783e-17,1.5202081558093773e-16,0.11141578630736866,1.2306494406677966e-07,1.1045557200240355e-06,1.1794179158254278e-05,1.1794179158254278e-05,0.11187255575751659,0.010099068783418458,0.090272978167301,856.275680393622,True
adamw_no_decay_grad_projection,61,5,53,torch.float32,1.1920928955078125e-07,5.678672305444112e-06,4.745839686196622e-05,1.9646951452708895e-11,4.1398261955313155e-07,6.3524962848252544e-21,1.338540006587701e-16,9.556379419589197e-08,0.0020135953753258715,0.0801634455629896,0.0055526090464560855,0.06926609762666752,0.07997091056945402,1.1072679339277654e-17,1.3845883785030973e-16,0.07997091065736804,9.496191361312045e-08,1.1874556989851062e-06,9.737241488102988e-06,9.737241488102988e-06,0.0801634455629896,0.0055526090464560855,0.06926609762666752,570.2445660036564,True
adamw_no_decay_grad_projection,61,6,60,torch.float32,1.1920928955078125e-07,3.095485046437789e-06,4.758855666064933e-05,1.1653390108034601e-11,2.4487799012552766e-07,6.871809313398293e-21,1.4440045665601693e-16,1.0319044505843715e-07,0.002168356312122073,0.076353994480908,0.004100991242840607,0.053710238353882625,0.07624378233021152,1.1306580051155e-17,1.4829510952363624e-16,0.07624378382149836,1.0344887000679031e-07,1.3568171045784452e-06,9.915742981798538e-06,9.915742981798538e-06,0.076353994480908,0.004100991242840607,0.053710238353882625,413.5838585538611,True
adamw_no_decay_grad_projection,61,7,53,torch.float32,1.1920928955078125e-07,7.079248571757639e-06,2.5765607271836578e-05,1.4294033000640569e-11,5.547718262501363e-07,3.4423833359329004e-21,1.3360381145357946e-16,1.007675547465266e-07,0.00391080878168359,0.07687478708031498,0.003911826424122577,0.05088568791788254,0.07677519457918226,1.0593081415669953e-17,1.3797531186644868e-16,0.07677519571285903,1.0176564887328851e-07,1.325501653605604e-06,1.0452773533509449e-05,1.0452773533509449e-05,0.07687478708031498,0.003911826424122577,0.05088568791788254,374.23813034713356,True
adamw_no_decay_grad_projection,62,0,58,torch.float32,1.1920928955078125e-07,4.814231254404896e-06,3.897778763250556e-05,1.5293782317579513e-11,3.923717390472221e-07,5.549503848997135e-21,1.4237606047115788e-16,1.072025608685116e-07,0.002750332061277516,0.0791376696221949,0.004486909577077699,0.05669751963253797,0.07901036891243325,1.143442443978119e-17,1.4472055500024177e-16,0.07901036734143543,1.0583297359750813e-07,1.3394821104952148e-06,1.0431504320369785e-05,1.0431504320369785e-05,0.0791376696221949,0.004486909577077699,0.05669751963253797,430.1306349762067,True
adamw_no_decay_grad_projection,62,1,60,torch.float32,1.1920928955078125e-07,3.342961442244951e-06,4.658706079937569e-05,1.2626221765453546e-11,2.71024218931252e-07,6.656820980628082e-21,1.4288991119863767e-16,1.1103484072617043e-07,0.0023833585128261894,0.07693445344548068,0.004381677494554094,0.05695338432031826,0.07680957641654165,1.1199610368434054e-17,1.4581007852065324e-16,0.07680957641502721,1.1061917524810414e-07,1.4401742648650036e-06,1.0668339210247632e-05,1.0668339210247632e-05,0.07693445344548068,0.004381677494554094,0.05695338432031826,410.71786415876323,True
adamw_no_decay_grad_projection,62,2,60,torch.float32,1.1920928955078125e-07,3.920330339574255e-06,4.309961787997918e-05,1.430511689793103e-11,3.319082071160567e-07,6.281907368037774e-21,1.4575320332378675e-16,1.0306866642870283e-07,0.0023913463379228285,0.0796904313436748,0.004314864194642561,0.05414532362152963,0.07957353074184116,1.179959734090628e-17,1.4828545661983357e-16,0.07957352911098782,1.0274039194129312e-07,1.2911378078756888e-06,9.970607794038781e-06,9.970607794038781e-06,0.0796904313436748,0.004314864194642561,0.05414532362152963,432.7583918427047,True
adamw_no_decay_grad_projection,62,3,49,torch.float32,1.1920928955078125e-07,5.138758647397377e-06,3.8217567314748595e-05,1.5387196153839478e-11,4.026210257475332e-07,4.989697234935245e-21,1.3056030473739936e-16,9.459182402846625e-08,0.0024750356434606064,0.07461199498735134,0.0034785942987065398,0.046622453927096456,0.07453086057263493,9.82353677813115e-18,1.3180495572780227e-16,0.07453086118089527,9.431101048025817e-08,1.2653954212517969e-06,9.997759842401136e-06,9.997759842401136e-06,0.07461199498735134,0.0034785942987065398,0.046622453927096456,347.93737332573244,True
adamw_no_decay_grad_projection,62,4,60,torch.float32,1.1920928955078125e-07,8.425881056896194e-06,4.8099569523661434e-05,3.461128080876905e-11,7.195756875067844e-07,6.989003209334482e-21,1.4530282242751088e-16,1.2395622482224672e-07,0.002577087396232037,0.11131884727264385,0.009915233486614548,0.08907057276949701,0.11087639019654331,1.683862198995179e-17,1.5186841815559713e-16,0.1108763911264058,1.2221525838627778e-07,1.1022658398661713e-06,1.1818442047120382e-05,1.1818442047120382e-05,0.11131884727264385,0.009915233486614548,0.08907057276949701,838.9628215869993,True
adamw_no_decay_grad_projection,62,5,53,torch.float32,1.1920928955078125e-07,5.678672305444112e-06,5.359149137869297e-05,2.28909338981015e-11,4.2713746733315444e-07,7.201998222552563e-21,1.343869714627238e-16,9.558263558727673e-08,0.00178350588236468,0.07850168822363673,0.005327228736572968,0.06786132702518044,0.07832072323433496,1.0884389462273179e-17,1.3897202442458523e-16,0.0783207239402546,9.611282414942513e-08,1.2271697618977943e-06,9.748916277967458e-06,9.748916277967458e-06,0.07850168822363673,0.005327228736572968,0.06786132702518044,546.4431722131516,True
adamw_no_decay_grad_projection,62,6,60,torch.float32,1.1920928955078125e-07,3.095485046437789e-06,4.551390389914731e-05,1.1320725696409382e-11,2.4873115084776263e-07,6.614118780108034e-21,1.4532084074273738e-16,1.0283523519980417e-07,0.002259400395791783,0.07503043027213066,0.003998939294248414,0.053297565797563895,0.07492378762010085,1.10985866167859e-17,1.481316811299103e-16,0.0749237882570302,1.021993463613113e-07,1.3640440337948582e-06,9.92672534290819e-06,9.92672534290819e-06,0.07503043027213066,0.003998939294248414,0.053297565797563895,402.84576797577256,True
adamw_no_decay_grad_projection,62,7,53,torch.float32,1.1920928955078125e-07,7.079248571757639e-06,2.5050603264616178e-05,1.4163391658391066e-11,5.653912406331854e-07,3.42823038184634e-21,1.3685220853300733e-16,1.0199999482873196e-07,0.00407144924249535,0.07559591291800409,0.0038053259515715182,0.05033772071380374,0.07550007645233715,1.0404908220640374e-17,1.3781321436421253e-16,0.07550007585952737,1.0234774482216497e-07,1.3555979071145488e-06,1.045926882324661e-05,1.045926882324661e-05,0.07559591291800409,0.0038053259515715182,0.05033772071380374,363.82332416142316,True
adamw_no_decay_grad_projection,63,0,58,torch.float32,1.1920928955078125e-07,4.814231254404896e-06,3.551308586300336e-05,1.362260204243353e-11,3.8359387001694534e-07,5.009417597224103e-21,1.410583585033695e-16,1.0714137341071081e-07,0.0030168436862524814,0.07810436368159693,0.004386963371842856,0.05616796764041135,0.07798106294788029,1.1337040604362292e-17,1.4538197064509825e-16,0.07798106290894218,1.0692873195404413e-07,1.3712140866674759e-06,1.044319211330319e-05,1.044319211330319e-05,0.07810436368159693,0.004386963371842856,0.05616796764041135,420.07877708717706,True
adamw_no_decay_grad_projection,63,1,60,torch.float32,1.1920928955078125e-07,3.342961442244951e-06,3.89992010713163e-05,1.0789805065913667e-11,2.7666733598421096e-07,5.740625008659871e-21,1.4719852845606853e-16,1.1135611426693272e-07,0.002855360158804858,0.07586990033205371,0.004294052711149346,0.05659757944001389,0.07574828636813928,1.1043722393695845e-17,1.4579501297261003e-16,0.07574828621767042,1.1155883915941789e-07,1.4727572692383057e-06,1.0677607224720441e-05,1.0677607224720441e-05,0.07586990033205371,0.004294052711149346,0.05659757944001389,402.15496044918166,True
adamw_no_decay_grad_projection,63,2,60,torch.float32,1.1920928955078125e-07,3.920330339574255e-06,4.150349329522117e-05,1.2761826465013324e-11,3.0748800767772375e-07,6.091064182737295e-21,1.4676027724728717e-16,1.0341326510340676e-07,0.0024916644231515097,0.07871047020085419,0.004202252002475582,0.05338872950132597,0.07859821370328492,1.1588935820420922e-17,1.474452824611277e-16,0.0785982145049765,1.0363238016709743e-07,1.318508070695879e-06,9.982483189894863e-06,9.982483189894863e-06,0.07871047020085419,0.004202252002475582,0.05338872950132597,420.96259242684897,True
adamw_no_decay_grad_projection,63,3,49,torch.float32,1.1920928955078125e-07,5.138758647397377e-06,3.696655348073268e-05,1.6355591148051794e-11,4.4244295472599263e-07,4.85518622262752e-21,1.3133997534172519e-16,9.394331192900891e-08,0.002541318737461053,0.07517242727101905,0.0035157945998373777,0.046769736291231996,0.0750901658684305,9.872740932769303e-18,1.3147848081821875e-16,0.07509016554720647,9.468677690664273e-08,1.260974406124016e-06,1.0008890799187274e-05,1.0008890799187274e-05,0.07517242727101905,0.0035157945998373777,0.046769736291231996,351.2671554097545,True
adamw_no_decay_grad_projection,63,4,60,torch.float32,1.1920928955078125e-07,8.425881056896194e-06,4.5673101522917034e-05,3.555238852272992e-11,7.784097715564833e-07,6.6741174441138146e-21,1.4612796638667108e-16,1.2381750673729828e-07,0.00271090956773999,0.10936026458930777,0.009533730693914723,0.08717728262379171,0.1089439096512481,1.664958997129121e-17,1.5282717523714705e-16,0.1089439105911572,1.2355504921056055e-07,1.1341161570217153e-06,1.1840923657287543e-05,1.1840923657287543e-05,0.10936026458930777,0.009533730693914723,0.08717728262379171,805.1509299316486,True
adamw_no_decay_grad_projection,63,5,53,torch.float32,1.1920928955078125e-07,5.678672305444112e-06,4.5173288826284107e-05,1.9541245573581366e-11,4.32584079692052e-07,6.083432947027852e-21,1.3466880772003416e-16,9.519825023183004e-08,0.0021073438673171294,0.07685048726905645,0.005104830419530123,0.06642547888678857,0.0766807544295128,1.061282313045938e-17,1.3840269581874024e-16,0.076680754442886,9.466204225695795e-08,1.2344954473219865e-06,9.760525017159679e-06,9.760525017159679e-06,0.07685048726905645,0.005104830419530123,0.06642547888678857,523.0077696184865,True
adamw_no_decay_grad_projection,63,6,60,torch.float32,1.1920928955078125e-07,3.095485046437789e-06,4.616711715626476e-05,1.140322618574203e-11,2.469988790321217e-07,6.748904639138849e-21,1.461842336027959e-16,1.0365434003305766e-07,0.002245171866291199,0.07530348673586783,0.0039817077373497265,0.05287547642137529,0.07519814570900901,1.1150055931778368e-17,1.4827567656954273e-16,0.07519814591141091,1.0396750466221636e-07,1.3825806926768902e-06,9.938797406755947e-06,9.938797406755947e-06,0.07530348673586783,0.0039817077373497265,0.05287547642137529,400.6226884797089,True
adamw_no_decay_grad_projection,63,7,53,torch.float32,1.1920928955078125e-07,7.079248571757639e-06,2.5820756895907543e-05,1.3788980184852594e-11,5.340269551524291e-07,3.461340304926085e-21,1.3405262746093953e-16,1.028220833977989e-07,0.0039820368059645134,0.07542073477879495,0.003775804164723914,0.050063211075815545,0.07532616104304654,1.0412359825140372e-17,1.3823032636948052e-16,0.07532616229856454,1.0238519973439973e-07,1.3592249573074406e-06,1.0466791368929913e-05,1.0466791368929913e-05,0.07542073477879495,0.003775804164723914,0.050063211075815545,360.7413228787743,True
adamw_no_decay_grad_projection,64,0,58,torch.float32,1.1920928955078125e-07,4.814231254404896e-06,3.8010463142994215e-05,1.5473020494686746e-11,4.070726640840368e-07,5.3386873063556885e-21,1.4045309803966742e-16,1.0688951487615672e-07,0.0028120558100231583,0.07858617372028177,0.004363958674893789,0.05553087099553651,0.07846491295272126,1.1336598849284088e-17,1.4447984994407517e-16,0.07846491297170333,1.0723747069319963e-07,1.3666932980843617e-06,1.0456161882458542e-05,1.0456161882458542e-05,0.07858617372028177,0.004363958674893789,0.05553087099553651,417.35760443943104,True
adamw_no_decay_grad_projection,64,1,60,torch.float32,1.1920928955078125e-07,3.342961442244951e-06,4.5782188474543525e-05,1.2551202197472468e-11,2.741503326004472e-07,6.6622520057828715e-21,1.4552061025845377e-16,1.1108893219016791e-07,0.0024264429181719985,0.07558034258035727,0.004263905645170459,0.05641553742148046,0.07545997146310918,1.1052138569843536e-17,1.4646359328729269e-16,0.07545997115959932,1.1137714103112277e-07,1.4759764590362475e-06,1.0687360229047871e-05,1.0687360229047871e-05,0.07558034258035727,0.004263905645170459,0.05641553742148046,398.9671493977823,True
adamw_no_decay_grad_projection,64,2,60,torch.float32,1.1920928955078125e-07,3.920330339574255e-06,4.52061848590761e-05,1.4422067929565505e-11,3.1902864562723587e-07,6.5941941936789996e-21,1.4586929231554943e-16,1.0379830136952509e-07,0.002296102992690844,0.07910103803256026,0.004208405437973543,0.053202910387108227,0.0789890089917463,1.1629665308446668e-17,1.4723143709350593e-16,0.07898900960557018,1.0284379976434775e-07,1.3020013832037638e-06,9.995307493240756e-06,9.995307493240756e-06,0.07910103803256026,0.004208405437973543,0.053202910387108227,421.0381162179795,True
adamw_no_decay_grad_projection,64,3,49,torch.float32,1.1920928955078125e-07,5.138758647397377e-06,3.7489014517651295e-05,1.5225561063343115e-11,4.061339370810701e-07,4.873297563963733e-21,1.2999268256757178e-16,9.317269412419226e-08,0.0024852758130571454,0.07536202093698036,0.003508204455349933,0.04655135851894926,0.07528032080966,9.862189792853425e-18,1.3100621366624018e-16,0.07528032014855097,9.446393587650196e-08,1.254829093315436e-06,1.0019807607934692e-05,1.0019807607934692e-05,0.07536202093698036,0.003508204455349933,0.04655135851894926,350.1269278435829,True
adamw_no_decay_grad_projection,64,4,60,torch.float32,1.1920928955078125e-07,8.425881056896194e-06,4.984499441251403e-05,4.3080656431430723e-11,8.64292532062456e-07,7.435792750482152e-21,1.4917832448624186e-16,1.2439769446836803e-07,0.002495591826480581,0.10933947866723433,0.009439108497737431,0.0863284571391142,0.10893128488175713,1.6562318918218748e-17,1.5204373046913782e-16,0.10893128288703346,1.2356560849745844e-07,1.134344563127944e-06,1.1864343717419237e-05,1.1864343717419237e-05,0.10933947866723433,0.009439108497737431,0.0863284571391142,795.5862306887591,True
adamw_no_decay_grad_projection,64,5,53,torch.float32,1.1920928955078125e-07,5.678672305444112e-06,4.756213628713812e-05,2.1210806018392662e-11,4.4595991000783844e-07,6.355358905561636e-21,1.3362223402233725e-16,9.57107406177446e-08,0.00201229079760422,0.0768939370638206,0.005049313798341119,0.06566595483529837,0.0767279739556616,1.0616752445583314e-17,1.3836873174467453e-16,0.07672797501581861,9.617425700415543e-08,1.2534444833755573e-06,9.773638061722745e-06,9.773638061722745e-06,0.0768939370638206,0.005049313798341119,0.06566595483529837,516.6258220791025,True
adamw_no_decay_grad_projection,64,6,60,torch.float32,1.1920928955078125e-07,3.095485046437789e-06,4.257361078771748e-05,1.0795147621238917e-11,2.535642953816199e-07,6.167642188182864e-21,1.448700750081182e-16,1.0335232034499617e-07,0.0024275817654619927,0.07543854743000047,0.003974710123911169,0.05268805218710378,0.07533376479228493,1.1207822207092252e-17,1.4877554889225535e-16,0.07533376439475702,1.0308754375860193e-07,1.3684108923378914e-06,9.950394662952312e-06,9.950394662952312e-06,0.07543854743000047,0.003974710123911169,0.05268805218710378,399.452510030578,True
adamw_no_decay_grad_projection,64,7,53,torch.float32,1.1920928955078125e-07,7.079248571757639e-06,2.924600069130214e-05,1.6344705196708497e-11,5.588697534828914e-07,3.9464938385743744e-21,1.3494131660021097e-16,1.0276783076462334e-07,0.003513686158050936,0.07681921592686837,0.0038706282555643476,0.05038619841224587,0.07672164083572545,1.0544393933299227e-17,1.3743702322369033e-16,0.07672164086639355,1.0298589698619934e-07,1.3423317830955091e-06,1.0476086047954306e-05,1.0476086047954306e-05,0.07681921592686837,0.0038706282555643476,0.05038619841224587,369.4727437180774,True
