arm,step,cell_id,certificate_rank,parameter_dtype,machine_epsilon,basis_orthogonality_error,gradient_analytic_norm,gradient_analytic_violation_norm,gradient_analytic_rho,gradient_safe_ideal_violation_norm,gradient_safe_ideal_rho,gradient_float_commit_violation_norm,gradient_float_commit_rho,optimizer_raw_update_norm,optimizer_raw_violation_norm,optimizer_raw_rho,matched_safe_update_norm,matched_safe_ideal_violation_norm,matched_safe_ideal_rho,matched_safe_float_commit_norm,matched_safe_float_commit_violation_norm,matched_safe_float_commit_rho,roundoff_bound_norm,machine_floor_envelope_norm,committed_update_norm,committed_violation_norm,committed_rho,committed_excess_factor,eligible_for_ratio
sgd_no_decay_grad_projection,1,0,58,torch.float32,1.1920928955078125e-07,4.814231254404896e-06,1.6898202113185475e-06,7.158763965063399e-13,4.2364056939983555e-07,2.4369914802847943e-22,1.4421602156027335e-16,1.0169333807225706e-07,0.059455997174469345,1.7103966446604702e-06,1.0169333807064245e-07,0.05945599717358516,1.707370828806046e-06,2.378621349471572e-22,1.393148640787618e-16,1.7116574209928293e-06,7.488400809088004e-08,0.04374941338871673,9.873338343955506e-06,9.873338343955506e-06,1.7103966446604702e-06,1.0169333807064245e-07,0.05945599717358516,0.010299792686928377,True
sgd_no_decay_grad_projection,1,1,60,torch.float32,1.1920928955078125e-07,3.342961442244951e-06,1.975999155927725e-06,5.785724279714085e-13,2.9279993679945204e-07,2.8633184214291077e-22,1.4490484031026377e-16,1.0749579989852907e-07,0.05391055708500394,1.9939656666695936e-06,1.0749579989852907e-07,0.05391055708500394,1.991065979032662e-06,2.8506736949743635e-22,1.4317324111777215e-16,1.9949836091581153e-06,7.932539833612899e-08,0.03976243111571447,1.0189280997960882e-05,1.0189280997960882e-05,1.9939656666695936e-06,1.0749579989852907e-07,0.05391055708500394,0.010549890607594543,True
sgd_no_decay_grad_projection,1,2,60,torch.float32,1.1920928955078125e-07,3.920330339574255e-06,1.8821437530646159e-06,5.989789178187162e-13,3.1824291680347154e-07,2.7509847254149896e-22,1.4616230672794338e-16,9.877736811338514e-08,0.052041967851678014,1.8980308618408978e-06,9.877394527925596e-08,0.05204022087578451,1.895459010433745e-06,2.742439995527403e-22,1.446847428739617e-16,1.8989872021066657e-06,7.299818553747467e-08,0.03844058846552162,9.395896211551583e-06,9.395896211551583e-06,1.8980308618408978e-06,9.877394527925596e-08,0.05204022087578451,0.010512455976027114,True
sgd_no_decay_grad_projection,1,3,49,torch.float32,1.1920928955078125e-07,5.138758647397377e-06,1.7122383424116826e-06,7.818982493985917e-13,4.566526925785871e-07,2.247295878557731e-22,1.312490103096661e-16,8.955073136115781e-08,0.05174838832035919,1.730502809223262e-06,8.955073136115781e-08,0.05174838832035919,1.7281842029258001e-06,2.2168632659838075e-22,1.282770240713159e-16,1.7313290175589496e-06,6.660768415646623e-08,0.03847199664589363,9.51334866274866e-06,9.51334866274866e-06,1.730502809223262e-06,8.955073136115781e-08,0.05174838832035919,0.009413166124333365,True
sgd_no_decay_grad_projection,1,4,60,torch.float32,1.1920928955078125e-07,8.425881056896194e-06,1.7982256805910066e-06,1.223942646421891e-12,6.806390652921989e-07,2.621892967275371e-22,1.4580444465759516e-16,1.1287146544999135e-07,0.06203808222355939,1.8193928448079263e-06,1.128787795970672e-07,0.06204200479252948,1.8158878558035888e-06,2.5934780641635536e-22,1.4282148844570889e-16,1.8206487401654128e-06,8.37032130555842e-08,0.04597438880383893,1.0823461305399963e-05,1.0823461305399963e-05,1.8193928448079263e-06,1.128787795970672e-07,0.06204200479252948,0.010429083304501726,True
sgd_no_decay_grad_projection,1,5,53,torch.float32,1.1920928955078125e-07,5.678672305444112e-06,3.4266948330285915e-06,1.1975117189594241e-12,3.4946552795337067e-07,4.484852648559843e-22,1.3087983806822684e-16,9.103429528943168e-08,0.02650669809839464,3.4343883601709984e-06,9.10342945919837e-08,0.02650669785855293,3.4331816389008866e-06,4.431976222782493e-22,1.2909238976943162e-16,3.434818309208469e-06,6.746401686728709e-08,0.01964121848495495,9.191342955380365e-06,9.191342955380365e-06,3.4343883601709984e-06,9.10342945919837e-08,0.02650669785855293,0.00990435184868112,True
sgd_no_decay_grad_projection,1,6,60,torch.float32,1.1920928955078125e-07,3.095485046437789e-06,2.1541211026043923e-06,6.021345975201704e-13,2.7952680877234474e-07,3.1225989131345015e-22,1.4495930193336458e-16,9.848815176639059e-08,0.045402211318071976,2.169236891930596e-06,9.848815176639059e-08,0.045402211318071976,2.166999948609679e-06,3.05700723142543e-22,1.4107094157463033e-16,2.1699160148827926e-06,7.270212282957473e-08,0.03350457913160372,9.349692472102772e-06,9.349692472102772e-06,2.169236891930596e-06,9.848815176639059e-08,0.045402211318071976,0.010533838632688239,True
sgd_no_decay_grad_projection,1,7,53,torch.float32,1.1920928955078125e-07,7.079248571757639e-06,1.0540401318025114e-06,5.965705391768638e-13,5.659846538828365e-07,1.4131180483494432e-22,1.340668164060414e-16,9.771449906547277e-08,0.09023480566999832,1.0828914446038656e-06,9.771449906565924e-08,0.09023480567011437,1.0784738093568123e-06,1.4263197412019784e-22,1.3225353539671185e-16,1.084348941117028e-06,7.324628913024443e-08,0.06754863342679221,1.0053103348532952e-05,1.0053103348532952e-05,1.0828914446038656e-06,9.771449906565924e-08,0.09023480567011437,0.009719834331546856,True
sgd_no_decay_grad_projection,2,0,58,torch.float32,1.1920928955078125e-07,4.814231254404896e-06,3.6582298642144187e-06,1.5458976157671053e-12,4.225807762626958e-07,5.231441218745647e-22,1.430047157484876e-16,1.0220554709033602e-07,0.027870843765204153,3.6671134878929048e-06,1.0220554709033602e-07,0.027870843765204153,3.665688933779029e-06,5.120689458012614e-22,1.3969241663758952e-16,3.6675508159520195e-06,7.564534619841229e-08,0.020625575484705682,9.873340205864289e-06,9.873340205864289e-06,3.6671134878929048e-06,1.0220554709033602e-07,0.027870843765204153,0.010351668732090365,True
sgd_no_decay_grad_projection,2,1,60,torch.float32,1.1920928955078125e-07,3.342961442244951e-06,4.331503974338487e-06,1.2885282215132646e-12,2.97478249852016e-07,6.340754093750004e-22,1.4638689312800767e-16,1.0592179523182443e-07,0.02440305898360032,4.340512852368338e-06,1.0592164069701411e-07,0.024403024319861074,4.339220255714934e-06,6.341172407851098e-22,1.4613621881718286e-16,4.340931387970198e-06,7.806698410366957e-08,0.017983924906072604,1.0189283228391918e-05,1.0189283228391918e-05,4.340512852368338e-06,1.0592164069701411e-07,0.024403024319861074,0.010395396645945503,True
sgd_no_decay_grad_projection,2,2,60,torch.float32,1.1920928955078125e-07,3.920330339574255e-06,4.0693259272559605e-06,1.3044897071826418e-12,3.2056653374587004e-07,6.051910065609197e-22,1.4872021002481977e-16,9.771569171992491e-08,0.023963777492004967,4.077641413831955e-06,9.771569557177393e-08,0.023963778482410943,4.076470427052842e-06,5.959962660908103e-22,1.4620399601959006e-16,4.078123112971817e-06,7.222289102103934e-08,0.01770983587800736,9.395898274903417e-06,9.395898274903417e-06,4.077641413831955e-06,9.771569557177393e-08,0.023963778482410943,0.010399824765320628,True
sgd_no_decay_grad_projection,2,3,49,torch.float32,1.1920928955078125e-07,5.138758647397377e-06,2.9909401566369828e-06,1.2513305259623012e-12,4.1837364187496786e-07,3.880077517475864e-22,1.2972768809386572e-16,8.996503651764659e-08,0.02997497480626328,3.001338187127921e-06,8.996503708388485e-08,0.029974974986066247,2.9999895342508793e-06,3.917606009788596e-22,1.3058732255767195e-16,3.001901611694641e-06,6.694634969968722e-08,0.022301313753549202,9.513349876851441e-06,9.513349876851441e-06,3.001338187127921e-06,8.996503708388485e-08,0.029974974986066247,0.009456714853176396,True
sgd_no_decay_grad_projection,2,4,60,torch.float32,1.1920928955078125e-07,8.425881056896194e-06,3.9388490992580204e-06,2.7506944799523465e-12,6.983497998109417e-07,5.689082052375833e-22,1.4443513597535122e-16,1.136353498766338e-07,0.02877374611323789,3.949272001909452e-06,1.1363534976938441e-07,0.028773746076350866,3.947636806033286e-06,5.659003011027254e-22,1.4335166300958686e-16,3.949746135743936e-06,8.450816324133845e-08,0.021395846805587496,1.0823463314806633e-05,1.0823463314806633e-05,3.949272001909452e-06,1.1363534976938441e-07,0.028773746076350866,0.010498982300233774,True
sgd_no_decay_grad_projection,2,5,53,torch.float32,1.1920928955078125e-07,5.678672305444112e-06,5.8292047142415145e-06,2.168083963253771e-12,3.719347783338019e-07,7.832944468795954e-22,1.343741531269194e-16,9.013634473893455e-08,0.015450350518230968,5.833935259413744e-06,9.013634240146845e-08,0.015450350131332502,5.833238898828797e-06,7.770303076867547e-22,1.3320735206692247e-16,5.8342518328548205e-06,6.715700979455578e-08,0.011510817790958205,9.191345260423465e-06,9.191345260423465e-06,5.833935259413744e-06,9.013634240146845e-08,0.015450350131332502,0.009806653960610296,True
sgd_no_decay_grad_projection,2,6,60,torch.float32,1.1920928955078125e-07,3.095485046437789e-06,4.225072671978075e-06,1.2044448898519474e-12,2.8507081022302417e-07,6.118435358476367e-22,1.4481254722684132e-16,9.775302490108602e-08,0.02309730714394759,4.232226045040206e-06,9.775301674671659e-08,0.023097305225762803,4.231096978802729e-06,6.088015729975284e-22,1.4388740698867193e-16,4.2326004218779595e-06,7.205808398338887e-08,0.017024542078417474,9.349694435538305e-06,9.349694435538305e-06,4.232226045040206e-06,9.775301674671659e-08,0.023097305225762803,0.010455209784734371,True
sgd_no_decay_grad_projection,2,7,53,torch.float32,1.1920928955078125e-07,7.079248571757639e-06,2.1964135133485677e-06,1.2911383198174444e-12,5.87839362656727e-07,2.944566121023554e-22,1.340624660670062e-16,9.938925437303609e-08,0.044913050969549104,2.212926002749291e-06,9.938922715366432e-08,0.04491303687072469,2.2106929400461185e-06,2.933360865343369e-22,1.3268965636096774e-16,2.2137472920672266e-06,7.395466794813342e-08,0.03340700549387169,1.0053104420399512e-05,1.0053104420399512e-05,2.212926002749291e-06,9.938922715366432e-08,0.04491303687072469,0.009886421447288078,True
sgd_no_decay_grad_projection,3,0,58,torch.float32,1.1920928955078125e-07,4.814231254404896e-06,4.868359405644884e-06,1.9015974135657063e-12,3.906033337145971e-07,6.966001241273031e-22,1.430872427618317e-16,1.0180941921936878e-07,0.020884786535958853,4.874805774842644e-06,1.0181458924924898e-07,0.02088587606396185,4.873742415419099e-06,6.893325704832509e-22,1.4143803913444497e-16,4.8750419847025695e-06,7.5119599180808e-08,0.015409015843663778,9.87334135007733e-06,9.87334135007733e-06,4.874805774842644e-06,1.0181458924924898e-07,0.02088587606396185,0.010312070214046794,True
sgd_no_decay_grad_projection,3,1,60,torch.float32,1.1920928955078125e-07,3.342961442244951e-06,7.180341499001686e-06,2.0469837664978717e-12,2.8508167289570736e-07,1.0382775582737358e-21,1.4460002472279822e-16,1.0731731987876348e-07,0.014935150097652141,7.185553488078404e-06,1.0731731987439693e-07,0.014935150096989432,7.184752043243435e-06,1.0440815785206288e-21,1.453190830019648e-16,7.18597951479604e-06,7.907917142540681e-08,0.01100464748926456,1.0189285900675696e-05,1.0189285900675696e-05,7.185553488078404e-06,1.0731731987439693e-07,0.014935150096989432,0.010532369090485551,True
sgd_no_decay_grad_projection,3,2,60,torch.float32,1.1920928955078125e-07,3.920330339574255e-06,5.102965112181222e-06,1.6386110515951425e-12,3.211095932605213e-07,7.431597216219754e-22,1.4563292228826468e-16,9.879723611920941e-08,0.019338774622589067,5.108764002425202e-06,9.879689928276948e-08,0.01933870878276413,5.107808610859228e-06,7.532030947846043e-22,1.4746110360973405e-16,5.108941964867618e-06,7.264602909713102e-08,0.014219388201449927,9.395899237189384e-06,9.395899237189384e-06,5.108764002425202e-06,9.879689928276948e-08,0.01933870878276413,0.010514895571860434,True
sgd_no_decay_grad_projection,3,3,49,torch.float32,1.1920928955078125e-07,5.138758647397377e-06,4.399809716711451e-06,1.9993694583300374e-12,4.5442180163746396e-07,5.696911442150649e-22,1.2948085960429396e-16,8.976365910392021e-08,0.02037077503884881,4.406492091377635e-06,8.976365910392021e-08,0.02037077503884881,4.405577718855715e-06,5.723914151775144e-22,1.2992425777161975e-16,4.406894635080148e-06,6.701466972883451e-08,0.015206778304926666,9.513351215178587e-06,9.513351215178587e-06,4.406492091377635e-06,8.976365910392021e-08,0.02037077503884881,0.009435545589939113,True
sgd_no_decay_grad_projection,3,4,60,torch.float32,1.1920928955078125e-07,8.425881056896194e-06,5.727495813671921e-06,3.704214312537357e-12,6.467423867329848e-07,8.330530107886179e-22,1.4544803486372493e-16,1.1379978234425986e-07,0.019839885263749493,5.735909406952837e-06,1.1380006506475674e-07,0.01983993417448555,5.73478040294145e-06,8.220240551545114e-22,1.4334011023907446e-16,5.736316271031312e-06,8.388929313956535e-08,0.014624244754985099,1.0823464969858781e-05,1.0823464969858781e-05,5.735909406952837e-06,1.1380006506475674e-07,0.01983993417448555,0.010514199046392954,True
sgd_no_decay_grad_projection,3,5,53,torch.float32,1.1920928955078125e-07,5.678672305444112e-06,1.1548770367348963e-05,4.091083644370496e-12,3.5424408956445554e-07,1.5248873811639138e-21,1.3203893857611175e-16,9.047408212184366e-08,0.007832325780177032,1.155137355500116e-05,9.047462914629244e-08,0.007832369779706545,1.1551019234191456e-05,1.5367179975761567e-21,1.3303743733950448e-16,1.1551726750797173e-05,6.73511745845863e-08,0.005830398869150749,9.191350724465445e-06,9.191350724465445e-06,1.155137355500116e-05,9.047462914629244e-08,0.007832369779706545,0.009843453030844312,True
sgd_no_decay_grad_projection,3,6,60,torch.float32,1.1920928955078125e-07,3.095485046437789e-06,6.428353256262929e-06,1.7824064559676273e-12,2.772726365389283e-07,9.23848461104046e-22,1.4371463799130933e-16,9.780213359281324e-08,0.01520340595696821,6.432910234647653e-06,9.780230178012636e-08,0.015203430206963435,6.432166726446154e-06,9.234508228211647e-22,1.4356761292028603e-16,6.433085030934156e-06,7.275268680933037e-08,0.01130914428450604,9.349696536585432e-06,9.349696536585432e-06,6.432910234647653e-06,9.780230178012636e-08,0.015203430206963435,0.010460478732911302,True
sgd_no_decay_grad_projection,3,7,53,torch.float32,1.1920928955078125e-07,7.079248571757639e-06,3.237998969377104e-06,1.9043625846267256e-12,5.881294597796209e-07,4.420042903347355e-22,1.3650538326756806e-16,9.930502142916109e-08,0.03056546174624899,3.2489292099333578e-06,9.930502566191042e-08,0.030565463032648645,3.2474112032566003e-06,4.415647104517042e-22,1.3597437552992675e-16,3.24927185614874e-06,7.377451266368148e-08,0.022704936961207085,1.005310539086913e-05,1.005310539086913e-05,3.2489292099333578e-06,9.930502566191042e-08,0.030565463032648645,0.009878044823055925,True
sgd_no_decay_grad_projection,4,0,58,torch.float32,1.1920928955078125e-07,4.814231254404896e-06,6.3480643910052325e-06,2.5815789967118115e-12,4.0667183533452027e-07,9.059271218607028e-22,1.4270918914187664e-16,1.0216414909240334e-07,0.016078981953380995,6.3538945540501255e-06,1.0216809014020469e-07,0.01607960114400707,6.353073089879019e-06,8.957824390763124e-22,1.4099986359410368e-16,6.354077633170028e-06,7.571957376564352e-08,0.01191669005905225,9.873342738833549e-06,9.873342738833549e-06,6.3538945540501255e-06,1.0216809014020469e-07,0.01607960114400707,0.010347872330853065,True
sgd_no_decay_grad_projection,4,1,60,torch.float32,1.1920928955078125e-07,3.342961442244951e-06,8.794458334563383e-06,2.499242656116074e-12,2.841838076932743e-07,1.2650026471567647e-21,1.438408824094587e-16,1.0646395549908915e-07,0.01209787999490466,8.80020780781084e-06,1.0647005891139841e-07,0.012098584628524148,8.799563715731038e-06,1.2574566560744848e-21,1.4289988648261293e-16,8.800672030937642e-06,7.85766364892968e-08,0.008928481394724248,1.0189287363822427e-05,1.0189287363822427e-05,8.80020780781084e-06,1.0647005891139841e-07,0.012098584628524148,0.010449215446550822,True
sgd_no_decay_grad_projection,4,2,60,torch.float32,1.1920928955078125e-07,3.920330339574255e-06,7.914647047277226e-06,2.6057416521116405e-12,3.2923030383370793e-07,1.1773718859863959e-21,1.4875860906412696e-16,9.88703895679767e-08,0.012484797530586083,7.919257350737637e-06,9.88685901127752e-08,0.012484578507044744,7.918640160349578e-06,1.1686644432030296e-21,1.4758398153445547e-16,7.919427247964768e-06,7.298989707161487e-08,0.009216562610682825,9.395901880151685e-06,9.395901880151685e-06,7.919257350737637e-06,9.88685901127752e-08,0.012484578507044744,0.01052252262463804,True
sgd_no_decay_grad_projection,4,3,49,torch.float32,1.1920928955078125e-07,5.138758647397377e-06,6.147807057664282e-06,2.771370434220429e-12,4.507900798164196e-07,7.976022579699302e-22,1.2973768540371888e-16,9.007215569659548e-08,0.014639078896434222,6.1528569187751535e-06,9.007214296057733e-08,0.014639076472870095,6.152197596955235e-06,7.998039737208492e-22,1.3000297229020695e-16,6.153252852760164e-06,6.700605042127788e-08,0.010889533068874453,9.513352859976256e-06,9.513352859976256e-06,6.1528569187751535e-06,9.007214296057733e-08,0.014639076472870095,0.009467970366107302,True
sgd_no_decay_grad_projection,4,4,60,torch.float32,1.1920928955078125e-07,8.425881056896194e-06,6.915990044217209e-06,5.2647239401479845e-12,7.612393751998057e-07,9.874985967600556e-22,1.42784849377572e-16,1.1457135955902905e-07,0.01655419649530642,6.92098566028931e-06,1.1457142192021426e-07,0.016554205938843825,6.920037275854043e-06,9.655698757677438e-22,1.3953246742425633e-16,6.921268605316258e-06,8.44496900572035e-08,0.012201475606991658,1.0823466019934315e-05,1.0823466019934315e-05,6.92098566028931e-06,1.1457142192021426e-07,0.016554205938843825,0.010585465109716264,True
sgd_no_decay_grad_projection,4,5,53,torch.float32,1.1920928955078125e-07,5.678672305444112e-06,1.0130212471514264e-05,4.22240136158598e-12,4.168127147835444e-07,1.3480202358273904e-21,1.3306929539909298e-16,9.026665994761954e-08,0.008907656989902871,1.0133602985116319e-05,9.026639632329089e-08,0.008907631022832574,1.0133200947265044e-05,1.3453304970396922e-21,1.327646124892843e-16,1.0133436235701822e-05,6.716263281495175e-08,0.0066278240917258015,9.191349460708874e-06,9.191349460708874e-06,1.0133602985116319e-05,9.026639632329089e-08,0.008907631022832574,0.009820799079521582,True
sgd_no_decay_grad_projection,4,6,60,torch.float32,1.1920928955078125e-07,3.095485046437789e-06,8.941296888162298e-06,2.540762795453101e-12,2.8416043301469026e-07,1.3099506641356043e-21,1.4650566696537585e-16,9.842256282972268e-08,0.011002981040036375,8.945081654007035e-06,9.842236042406022e-08,0.011002958299432736,8.94454016905407e-06,1.3090211609818258e-21,1.4634862566895504e-16,8.945101294496042e-06,7.251989849319981e-08,0.008107219371324683,9.349698848024077e-06,9.349698848024077e-06,8.945081654007035e-06,9.842236042406022e-08,0.011002958299432736,0.010526794715410579,True
sgd_no_decay_grad_projection,4,7,53,torch.float32,1.1920928955078125e-07,7.079248571757639e-06,4.238144449919136e-06,2.462222684413437e-12,5.809671457659769e-07,5.669414288440915e-22,1.3377114337266265e-16,9.944875527774445e-08,0.02341627827233331,4.246986191338386e-06,9.944489254609773e-08,0.02341540284470736,4.245821760597756e-06,5.627980592749525e-22,1.3255338801497827e-16,4.247303132574546e-06,7.4250680152262e-08,0.017481841496736827,1.0053106330169779e-05,1.0053106330169779e-05,4.246986191338386e-06,9.944489254609773e-08,0.02341540284470736,0.009891956702741678,True
sgd_no_decay_grad_projection,5,0,58,torch.float32,1.1920928955078125e-07,4.814231254404896e-06,1.0187462900215794e-05,4.14164143734533e-12,4.0654297128852374e-07,1.4617277970770689e-21,1.4348300567025645e-16,1.023201514479047e-07,0.010039186888839658,1.019207814354165e-05,1.0232235152315572e-07,0.010039400216725544,1.0191564503079897e-05,1.4499720602168187e-21,1.4227178366762398e-16,1.0192363719904469e-05,7.544281543102725e-08,0.007401895919755733,9.87334635085767e-06,9.87334635085767e-06,1.019207814354165e-05,1.0232235152315572e-07,0.010039400216725544,0.010363492567468501,True
sgd_no_decay_grad_projection,5,1,60,torch.float32,1.1920928955078125e-07,3.342961442244951e-06,1.2025673663875905e-05,3.567398746921476e-12,2.966485576303003e-07,1.7519307357230125e-21,1.4568254425411024e-16,1.0713424767347072e-07,0.008906721173094177,1.2028472204261089e-05,1.0712323505735906e-07,0.008905805595112124,1.2027995185449338e-05,1.7440090544176645e-21,1.4499582245655117e-16,1.2028636624528541e-05,7.851299155752993e-08,0.006527172946385952,1.018929033740122e-05,1.018929033740122e-05,1.2028472204261089e-05,1.0712323505735906e-07,0.008905805595112124,0.010513316581445147,True
sgd_no_decay_grad_projection,5,2,60,torch.float32,1.1920928955078125e-07,3.920330339574255e-06,1.0588358611129494e-05,3.375062961716592e-12,3.187522340024488e-07,1.5583293741030327e-21,1.4717383792282415e-16,9.831761967533443e-08,0.009283493652455751,1.0590582108385618e-05,9.831769750707996e-08,0.009283502691436768,1.059012573224768e-05,1.5346764769629871e-21,1.449157938030697e-16,1.0590625900699625e-05,7.276653233155505e-08,0.006870843424537169,9.395904313450724e-06,9.395904313450724e-06,1.0590582108385618e-05,9.831769750707996e-08,0.009283502691436768,0.01046388875696968,True
sgd_no_decay_grad_projection,5,3,49,torch.float32,1.1920928955078125e-07,5.138758647397377e-06,8.379491616791102e-06,3.79615692195927e-12,4.5302950292979656e-07,1.0748912519089562e-21,1.282764278628985e-16,8.908384393873232e-08,0.01062896831460013,8.381231748535125e-06,8.908407347987885e-08,0.010628995373555801,8.38075829806023e-06,1.0796254784335697e-21,1.2882193234035335e-16,8.381266658322349e-06,6.646563717479772e-08,0.007930261604169259,9.51335495451612e-06,9.51335495451612e-06,8.381231748535125e-06,8.908407347987885e-08,0.010628995373555801,0.009364106974436964,True
sgd_no_decay_grad_projection,5,4,60,torch.float32,1.1920928955078125e-07,8.425881056896194e-06,1.161553421363464e-05,7.926640596993421e-12,6.824172225922169e-07,1.7210402125547602e-21,1.481671166303273e-16,1.1435151328415802e-07,0.009841657724567946,1.1619129085674362e-05,1.1435239870071774e-07,0.00984173580115457,1.1618566358999519e-05,1.728233769906285e-21,1.4874759213021392e-16,1.1619384334755275e-05,8.456559018689378e-08,0.0072779751276447376,1.0823470491002702e-05,1.0823470491002702e-05,1.1619129085674362e-05,1.1435239870071774e-07,0.00984173580115457,0.010565224785874015,True
sgd_no_decay_grad_projection,5,5,53,torch.float32,1.1920928955078125e-07,5.678672305444112e-06,2.2655455481011295e-05,7.393272077351176e-12,3.263351771297584e-07,2.9135435095397607e-21,1.2860229236979618e-16,9.033949317018188e-08,0.003987336172870241,2.265660369863509e-05,9.034201293074608e-08,0.003987447286116788,2.2656423580911985e-05,2.9659469085688635e-21,1.3090975713694155e-16,2.2656569437908805e-05,6.703635526016781e-08,0.0029588043081227944,9.191361422134919e-06,9.191361422134919e-06,2.265660369863509e-05,9.034201293074608e-08,0.003987447286116788,0.00982901322030289,True
sgd_no_decay_grad_projection,5,6,60,torch.float32,1.1920928955078125e-07,3.095485046437789e-06,1.1172381353060732e-05,3.20215352694171e-12,2.8661333924700517e-07,1.6176041124858673e-21,1.4478597367630872e-16,9.8098714978456e-08,0.00877825697226664,1.1175192897954858e-05,9.809871060645741e-08,0.008778256581540547,1.1174762321833876e-05,1.6215312236283585e-21,1.4510655143511376e-16,1.1175301555276505e-05,7.190976433483883e-08,0.006434704600958716,9.349700948594974e-06,9.349700948594974e-06,1.1175192897954858e-05,9.809871060645741e-08,0.008778256581540547,0.010492176289467225,True
sgd_no_decay_grad_projection,5,7,53,torch.float32,1.1920928955078125e-07,7.079248571757639e-06,5.8578102575101225e-06,3.3827783971283764e-12,5.774817292505195e-07,7.855096000053996e-22,1.3409611535273823e-16,9.942862807956027e-08,0.016957051867952388,5.863556144253954e-06,9.942856304884454e-08,0.016957041188439968,5.8627130765259475e-06,7.818766173988496e-22,1.3336429860936743e-16,5.8637123439239646e-06,7.433776583874697e-08,0.012677594240409233,1.0053107855311164e-05,1.0053107855311164e-05,5.863556144253954e-06,9.942856304884454e-08,0.016957041188439968,0.009890330878755604,True
sgd_no_decay_grad_projection,6,0,58,torch.float32,1.1920928955078125e-07,4.814231254404896e-06,1.0757694453358214e-05,4.4423184228897244e-12,4.129433534434483e-07,1.542596210561441e-21,1.4339468528779625e-16,1.0195131791824721e-07,0.009474516036140067,1.0760583027579908e-05,1.019511897019331e-07,0.009474504256937301,1.076010004825044e-05,1.5330150002559986e-21,1.4247218830509502e-16,1.0760406396527523e-05,7.575070722466322e-08,0.007039762666316082,9.873346901443796e-06,9.873346901443796e-06,1.0760583027579908e-05,1.019511897019331e-07,0.009474504256937301,0.010325899689296302,True
sgd_no_decay_grad_projection,6,1,60,torch.float32,1.1920928955078125e-07,3.342961442244951e-06,1.2350139532734647e-05,3.5303651090300315e-12,2.85856293337628e-07,1.778785644353248e-21,1.4402959898862379e-16,1.0611539892745791e-07,0.008589961733293293,1.2353419126797828e-05,1.0611606482227514e-07,0.00859001574649737,1.2352963349056008e-05,1.7875477033236777e-21,1.4470598291383086e-16,1.2353737410598694e-05,7.873218272883639e-08,0.006373146855241504,1.0189290494326992e-05,1.0189290494326992e-05,1.2353419126797828e-05,1.0611606482227514e-07,0.00859001574649737,0.010414470456147708,True
sgd_no_decay_grad_projection,6,2,60,torch.float32,1.1920928955078125e-07,3.920330339574255e-06,1.035695087482794e-05,3.0945389185679874e-12,2.9878860641205825e-07,1.5244552762871238e-21,1.4719151367149045e-16,9.804635132826553e-08,0.009464734291201073,1.0359123490538069e-05,9.804635145257528e-08,0.009464734303257408,1.0358659488813428e-05,1.5123645415703935e-21,1.4600002473328073e-16,1.0359347034685626e-05,7.22997792743686e-08,0.006979183053940683,9.395903988832653e-06,9.395903988832653e-06,1.0359123490538069e-05,9.804635145257528e-08,0.009464734303257408,0.010435009932956601,True
sgd_no_decay_grad_projection,6,3,49,torch.float32,1.1920928955078125e-07,5.138758647397377e-06,9.837840907429614e-06,4.178831787854799e-12,4.2477123051450377e-07,1.29479888042948e-21,1.3161413084569752e-16,9.059007520651579e-08,0.009205518981801778,9.840848876937905e-06,9.058528508933461e-08,0.009205027556273305,9.840431948083139e-06,1.2886116226173823e-21,1.309507173481746e-16,9.841113840527843e-06,6.737721079191086e-08,0.006846502528447226,9.51335632620606e-06,9.51335632620606e-06,9.840848876937905e-06,9.058528508933461e-08,0.009205027556273305,0.009521906042749915,True
sgd_no_decay_grad_projection,6,4,60,torch.float32,1.1920928955078125e-07,8.425881056896194e-06,9.83669160199032e-06,7.180614615358693e-12,7.299826919353448e-07,1.4376557780394558e-21,1.4615236872415e-16,1.1325254151857701e-07,0.011507372128849553,9.841739265910523e-06,1.132511990463732e-07,0.011507234238428648,9.841087640300718e-06,1.408240698827148e-21,1.4309807516195595e-16,9.84199850162008e-06,8.367114537086405e-08,0.008501438539854588,1.0823468775266695e-05,1.0823468775266695e-05,9.841739265910523e-06,1.132511990463732e-07,0.011507234238428648,0.010463484618274111,True
sgd_no_decay_grad_projection,6,5,53,torch.float32,1.1920928955078125e-07,5.678672305444112e-06,1.6361499125681525e-05,6.550554283382182e-12,4.0036394177965176e-07,2.1681724049216666e-21,1.3251673262131638e-16,9.041373734683694e-08,0.005525226603466396,1.6363806404674135e-05,9.041314917141565e-08,0.005525190590472285,1.6363556627827312e-05,2.170968212601386e-21,1.326709261304178e-16,1.6363789470632933e-05,6.709411288656301e-08,0.004100157424230653,9.191355479614034e-06,9.191355479614034e-06,1.6363806404674135e-05,9.041314917141565e-08,0.005525190590472285,0.009836759047340458,True
sgd_no_decay_grad_projection,6,6,60,torch.float32,1.1920928955078125e-07,3.095485046437789e-06,1.3240432181496254e-05,3.6349838520609913e-12,2.745366467071179e-07,1.928774655092694e-21,1.4567308896368688e-16,9.78596914955478e-08,0.0073899552720282395,1.3242257617744372e-05,9.785969196200107e-08,0.007389955307233334,1.324189602343252e-05,1.9001589746848738e-21,1.4349598964698117e-16,1.324218570368799e-05,7.231144897374443e-08,0.005460688332863771,9.349702893231635e-06,9.349702893231635e-06,1.3242257617744372e-05,9.785969196200107e-08,0.007389955307233334,0.01046660980348829,True
sgd_no_decay_grad_projection,6,7,53,torch.float32,1.1920928955078125e-07,7.079248571757639e-06,5.740038806622901e-06,3.2670957608516694e-12,5.691765980888612e-07,7.834086529770998e-22,1.364814210094405e-16,9.978708584225152e-08,0.017367163341036374,5.745734991854679e-06,9.978629577910862e-08,0.017367020219444262,5.744868431199967e-06,7.71878606801388e-22,1.3435966655204337e-16,5.7460314908896965e-06,7.420344037472869e-08,0.012913858981172982,1.0053107779587703e-05,1.0053107779587703e-05,5.745734991854679e-06,9.978629577910862e-08,0.017367020219444262,0.009925915246001775,True
sgd_no_decay_grad_projection,7,0,58,torch.float32,1.1920928955078125e-07,4.814231254404896e-06,1.3264318141799865e-05,5.469859101113343e-12,4.123739375547823e-07,1.8972219124030783e-21,1.4303199698026855e-16,1.0149022807440922e-07,0.0076499898062529995,1.3266714033781166e-05,1.0149020222965187e-07,0.007649987930035,1.326632582869038e-05,1.896097537237736e-21,1.4292559686248217e-16,1.326701354905689e-05,7.482346133770173e-08,0.005639811933637521,9.873349285311649e-06,9.873349285311649e-06,1.3266714033781166e-05,1.0149020222965187e-07,0.007649987930035,0.010279207115728852,True
sgd_no_decay_grad_projection,7,1,60,torch.float32,1.1920928955078125e-07,3.342961442244951e-06,1.569110473901982e-05,4.487101945970759e-12,2.859646927735093e-07,2.2746650042967895e-21,1.4496525529144958e-16,1.06751905307736e-07,0.006802126874875329,1.5693909341625352e-05,1.0674355712301011e-07,0.006801591292482586,1.569354632440253e-05,2.2448093654314804e-21,1.4304028669039168e-16,1.569424384036824e-05,7.893037494044588e-08,0.005029256314816753,1.0189293430140088e-05,1.0189293430140088e-05,1.5693909341625352e-05,1.0674355712301011e-07,0.006801591292482586,0.010476050950428124,True
sgd_no_decay_grad_projection,7,2,60,torch.float32,1.1920928955078125e-07,3.920330339574255e-06,1.2558972979598023e-05,4.096422095606571e-12,3.261749270629998e-07,1.8463933297314383e-21,1.4701785987843046e-16,9.794948975107628e-08,0.007797304312893211,1.2561969939235006e-05,9.795038595602979e-08,0.007797374649823015,1.2561588055502177e-05,1.833915258086667e-21,1.459939022027858e-16,1.2562163131594377e-05,7.243663911416754e-08,0.005766255250418321,9.3959059993093e-06,9.3959059993093e-06,1.2561969939235006e-05,9.795038595602979e-08,0.007797374649823015,0.010424794156436878,True
sgd_no_decay_grad_projection,7,3,49,torch.float32,1.1920928955078125e-07,5.138758647397377e-06,1.0498626017937006e-05,4.521777654182735e-12,4.307018505523707e-07,1.3642799097038628e-21,1.29948424429359e-16,8.973038920367785e-08,0.00854467427015634,1.0501323557147354e-05,8.973038909717366e-08,0.00854467426023664,1.050094019167667e-05,1.329046117455499e-21,1.2656448786451873e-16,1.0501468187739678e-05,6.704473754831917e-08,0.0063843203968939315,9.513356913893175e-06,9.513356913893175e-06,1.0501323557147354e-05,8.973038909717366e-08,0.00854467426023664,0.009432042748877911,True
sgd_no_decay_grad_projection,7,4,60,torch.float32,1.1920928955078125e-07,8.425881056896194e-06,1.1336942765219805e-05,8.416298252800728e-12,7.423781196656284e-07,1.6449156268839475e-21,1.4509340489314084e-16,1.1321056455448724e-07,0.009982493331289036,1.1340910795112539e-05,1.1321120620139426e-07,0.009982549748136947,1.1340345712785415e-05,1.6153238422800094e-21,1.4244044081115175e-16,1.1340989739414964e-05,8.356063381722343e-08,0.007368019523623517,1.0823470160833468e-05,1.0823470160833468e-05,1.1340910795112539e-05,1.1321120620139426e-07,0.009982549748136947,0.010459788267451219,True
sgd_no_decay_grad_projection,7,5,53,torch.float32,1.1920928955078125e-07,5.678672305444112e-06,2.4718946792335233e-05,9.836610989826601e-12,3.9793811089381463e-07,3.319327481288567e-21,1.342827228512048e-16,8.968565641779898e-08,0.003628092440153148,2.4719783123892308e-05,8.969197681882151e-08,0.003628348046958871,2.4719620406502307e-05,3.3198056011966223e-21,1.3429840533972652e-16,2.4719806202790492e-05,6.675831891756159e-08,0.0027006004161159477,9.191363507276965e-06,9.191363507276965e-06,2.4719783123892308e-05,8.969197681882151e-08,0.003628348046958871,0.00975828850070077,True
sgd_no_decay_grad_projection,7,6,60,torch.float32,1.1920928955078125e-07,3.095485046437789e-06,1.3885448368943425e-05,3.939785975221819e-12,2.8373487629205063e-07,2.0211186384587302e-21,1.4555659887651168e-16,9.684802195360464e-08,0.006973503519331948,1.3888000727372664e-05,9.684802260646782e-08,0.0069735035666857684,1.3887663038251642e-05,1.999922302736654e-21,1.4400711604451704e-16,1.388823154898044e-05,7.199344009672144e-08,0.005183773027027808,9.349703486769331e-06,9.349703486769331e-06,1.3888000727372664e-05,9.684802260646782e-08,0.0069735035666857684,0.010358405776559273,True
sgd_no_decay_grad_projection,7,7,53,torch.float32,1.1920928955078125e-07,7.079248571757639e-06,7.1160561852060544e-06,4.0812751753866e-12,5.735304878383871e-07,9.631364575438572e-22,1.3534694393593053e-16,9.790171060924477e-08,0.013749393961146536,7.120437201969124e-06,9.790039873867436e-08,0.013749211735425525,7.119764143503118e-06,9.549302802392118e-22,1.341238643573044e-16,7.1206012241388e-06,7.317447422124051e-08,0.01027644603564927,1.0053109080275738e-05,1.0053109080275738e-05,7.120437201969124e-06,9.790039873867436e-08,0.013749211735425525,0.009738320549088197,True
sgd_no_decay_grad_projection,8,0,58,torch.float32,1.1920928955078125e-07,4.814231254404896e-06,1.3904903000978563e-05,5.615554717677148e-12,4.03854289187199e-07,1.987419296260105e-21,1.4292938944776542e-16,1.0100062357297941e-07,0.007263237813802281,1.3905730421174631e-05,1.0100128608435074e-07,0.007263285208704561,1.3905363615763196e-05,2.010021478136202e-21,1.4455008395879924e-16,1.39058871843208e-05,7.475058667358582e-08,0.005375463333103176,9.87334987108744e-06,9.87334987108744e-06,1.3905730421174631e-05,1.0100128608435074e-07,0.007263285208704561,0.010229687735478433,True
sgd_no_decay_grad_projection,8,1,60,torch.float32,1.1920928955078125e-07,3.342961442244951e-06,1.5468064521855783e-05,4.2569803751092526e-12,2.7521092694527507e-07,2.2225048611211665e-21,1.4368344908187679e-16,1.0680078964394354e-07,0.006903660251864976,1.5470167831123703e-05,1.06793619466441e-07,0.006903197213645474,1.5469799218023996e-05,2.244696172797284e-21,1.4510182977565533e-16,1.5470426919108168e-05,7.843554631978872e-08,0.0050700311458703,1.0189292983063902e-05,1.0189292983063902e-05,1.5470167831123703e-05,1.06793619466441e-07,0.006903197213645474,0.010480964640426735,True
sgd_no_decay_grad_projection,8,2,60,torch.float32,1.1920928955078125e-07,3.920330339574255e-06,1.595100237375658e-05,5.2639492775372004e-12,3.3000742863644257e-07,2.3523265195429363e-21,1.4747201864963889e-16,9.878576896599227e-08,0.006192229792128288,1.5953181395306376e-05,9.878567701596068e-08,0.006192224269763813,1.5952875540841094e-05,2.3156221825962388e-21,1.4515390511685462e-16,1.5953603367423357e-05,7.310088185105317e-08,0.004582092218759954,9.395909042829286e-06,9.395909042829286e-06,1.5953181395306376e-05,9.878567701596068e-08,0.006192224269763813,0.010513690220463697,True
sgd_no_decay_grad_projection,8,3,49,torch.float32,1.1920928955078125e-07,5.138758647397377e-06,1.313818455065214e-05,5.961312939729584e-12,4.537394734216671e-07,1.716131706465934e-21,1.306216775879379e-16,8.908063207177792e-08,0.006779514253636008,1.3139664958932034e-05,8.907390260848737e-08,0.006779008664748109,1.3139363039084521e-05,1.7175317975446568e-21,1.3071651893898237e-16,1.313960580073893e-05,6.663002266078539e-08,0.005070930107890934,9.513359422518937e-06,9.513359422518937e-06,1.3139664958932034e-05,8.907390260848737e-08,0.006779008664748109,0.009363033461937936,True
sgd_no_decay_grad_projection,8,4,60,torch.float32,1.1920928955078125e-07,8.425881056896194e-06,1.7332220328961157e-05,1.1739356058976176e-11,6.773140334109634e-07,2.522683017716362e-21,1.4554875081420934e-16,1.134538531194332e-07,0.006544956956585097,1.733454510909207e-05,1.134540160494208e-07,0.0065449664433313275,1.733417382875198e-05,2.50114209243201e-21,1.442896625556735e-16,1.7334494702813084e-05,8.38344605826851e-08,0.004836279454346035,1.0823475652770725e-05,1.0823475652770725e-05,1.733454510909207e-05,1.134540160494208e-07,0.0065449664433313275,0.01048221659004494,True
sgd_no_decay_grad_projection,8,5,53,torch.float32,1.1920928955078125e-07,5.678672305444112e-06,3.106509666782045e-05,1.1260447641448667e-11,3.6247907939436996e-07,4.1317594113009555e-21,1.3300326908627367e-16,9.039403835330798e-08,0.002909650153982723,3.106697613338453e-05,9.039388460431931e-08,0.0029096454130655533,3.1066844626030334e-05,3.99397411908405e-21,1.2856066224818896e-16,3.106726657936398e-05,6.718247649913402e-08,0.002162484308927233,9.191369577591186e-06,9.191369577591186e-06,3.106697613338453e-05,9.039388460431931e-08,0.0029096454130655533,0.009834648018582791,True
sgd_no_decay_grad_projection,8,6,60,torch.float32,1.1920928955078125e-07,3.095485046437789e-06,1.7062484045959958e-05,4.676890526020738e-12,2.7410373034916496e-07,2.493741924669257e-21,1.4615350953308682e-16,9.769858680814487e-08,0.005725270077678985,1.7064434061391584e-05,9.768817952874263e-08,0.005724665651219158,1.706415444301773e-05,2.4852475662398017e-21,1.4564141308840001e-16,1.706443615193744e-05,7.188012175142382e-08,0.004212276404061718,9.349706550560031e-06,9.349706550560031e-06,1.7064434061391584e-05,9.768817952874263e-08,0.005724665651219158,0.010448261557780258,True
sgd_no_decay_grad_projection,8,7,53,torch.float32,1.1920928955078125e-07,7.079248571757639e-06,8.184346024813721e-06,4.648785088857947e-12,5.680093528259339e-07,1.1128025045184417e-21,1.3596718676663589e-16,9.877905307902152e-08,0.012062921405261787,8.188651010333105e-06,9.877897714862214e-08,0.012062912074769679,8.18805520759984e-06,1.108537914475e-21,1.353847630932065e-16,8.188932753344835e-06,7.357462191257466e-08,0.008984641116087138,1.005311009727775e-05,1.005311009727775e-05,8.188651010333105e-06,9.877897714862214e-08,0.012062912074769679,0.009825713256176333,True
sgd_no_decay_grad_projection,9,0,58,torch.float32,1.1920928955078125e-07,4.814231254404896e-06,1.8612370991629467e-05,7.68318755511087e-12,4.128000435068819e-07,2.664420168091882e-21,1.4315318393827296e-16,1.0145612033880605e-07,0.005450491029450552,1.861412464795737e-05,1.014560859381116e-07,0.005450489230996148,1.8613848153251925e-05,2.6153489230076998e-21,1.405055473470587e-16,1.861432728585894e-05,7.520586149256339e-08,0.0040402137739189905,9.873354138533958e-06,9.873354138533958e-06,1.861412464795737e-05,1.014560859381116e-07,0.005450489230996148,0.010275746672769126,True
sgd_no_decay_grad_projection,9,1,60,torch.float32,1.1920928955078125e-07,3.342961442244951e-06,1.9971424504112e-05,5.87598987784511e-12,2.9421986782341327e-07,2.8869138046812616e-21,1.4455222280648971e-16,1.0568518577286445e-07,0.005291637330889002,1.9972125344203056e-05,1.0568726707484153e-07,0.005291738623376778,1.997184570754882e-05,2.8631562646675337e-21,1.4335962267049448e-16,1.9972095887224828e-05,7.826343808468259e-08,0.003918639211758636,1.0189297042103796e-05,1.0189297042103796e-05,1.9972125344203056e-05,1.0568726707484153e-07,0.005291738623376778,0.010372380610568612,True
sgd_no_decay_grad_projection,9,2,60,torch.float32,1.1920928955078125e-07,3.920330339574255e-06,1.7100006167651163e-05,5.7469554367247954e-12,3.360791440880627e-07,2.525343560140742e-21,1.476808566840279e-16,9.88583291639516e-08,0.005780476336119454,1.7102108914154642e-05,9.885818261141686e-08,0.005780467374383075,1.710182318851819e-05,2.5316565970637163e-21,1.4803431009410847e-16,1.7102090632768766e-05,7.32265800885433e-08,0.00428173266420634,9.395909885870545e-06,9.395909885870545e-06,1.7102108914154642e-05,9.885818261141686e-08,0.005780467374383075,0.010521405996036487,True
sgd_no_decay_grad_projection,9,3,49,torch.float32,1.1920928955078125e-07,5.138758647397377e-06,1.3414697582226456e-05,5.953454378930237e-12,4.4380086412221113e-07,1.7551834785543526e-21,1.3084033149431723e-16,9.03561769988989e-08,0.006734430127084293,1.3417044286204744e-05,9.035978081907218e-08,0.006734700943931377,1.341674000970391e-05,1.7323201566451995e-21,1.2911632448659407e-16,1.3417134095975625e-05,6.747839324115674e-08,0.005029270241951029,9.513359690948411e-06,9.513359690948411e-06,1.3417044286204744e-05,9.035978081907218e-08,0.006734700943931377,0.009498198717856319,True
sgd_no_decay_grad_projection,9,4,60,torch.float32,1.1920928955078125e-07,8.425881056896194e-06,2.203393965709541e-05,1.555767279266245e-11,7.060776708468718e-07,3.223832020027596e-21,1.4631210170307674e-16,1.1411664751654273e-07,0.005178626913299045,2.2036091708304427e-05,1.1411375158595166e-07,0.005178493223594057,2.2035796237678867e-05,3.176213107080253e-21,1.441387945695952e-16,2.2035998733767917e-05,8.441581036037449e-08,0.003830813905022416,1.0823479967613078e-05,1.0823479967613078e-05,2.2036091708304427e-05,1.1411375158595166e-07,0.005178493223594057,0.010543166516445022,True
sgd_no_decay_grad_projection,9,5,53,torch.float32,1.1920928955078125e-07,5.678672305444112e-06,5.0263889058036903e-05,1.742656345373778e-11,3.467014546689036e-07,6.67057466881853e-21,1.327110733735066e-16,9.065534222340429e-08,0.0018035769510279423,5.026419435074906e-05,9.065001247288362e-08,0.0018034709129190034,5.0264112608352214e-05,6.557415890646393e-21,1.3045919942405926e-16,5.026414209717761e-05,6.71760848023986e-08,0.001336461381804239,9.19138806987649e-06,9.19138806987649e-06,5.026419435074906e-05,9.065001247288362e-08,0.0018034709129190034,0.009862494302680632,True
sgd_no_decay_grad_projection,9,6,60,torch.float32,1.1920928955078125e-07,3.095485046437789e-06,1.7314443735541493e-05,4.86771823686637e-12,2.81136276233603e-07,2.5475974380226568e-21,1.4713712302482375e-16,9.745600547926084e-08,0.0056280179240025315,1.7316222103377456e-05,9.745698274347145e-08,0.005628074193184602,1.7315947853640946e-05,2.5099417673937498e-21,1.4494971852586144e-16,1.7316532416858144e-05,7.170366786792033e-08,0.004140763643771702,9.3497067715777e-06,9.3497067715777e-06,1.7316222103377456e-05,9.745698274347145e-08,0.005628074193184602,0.010423533606394187,True
sgd_no_decay_grad_projection,9,7,53,torch.float32,1.1920928955078125e-07,7.079248571757639e-06,8.738951840994964e-06,4.974715791292703e-12,5.692577189813546e-07,1.1712241884107166e-21,1.340234171925083e-16,9.857657087158639e-08,0.011275193446215621,8.742783101793125e-06,9.857658031473049e-08,0.011275194542400653,8.742227349069165e-06,1.1618679877158328e-21,1.329029709847964e-16,8.742781885265924e-06,7.38428953936471e-08,0.008446155510077793,1.005311073078659e-05,1.005311073078659e-05,8.742783101793125e-06,9.857658031473049e-08,0.011275194542400653,0.009805579880150938,True
sgd_no_decay_grad_projection,10,0,58,torch.float32,1.1920928955078125e-07,4.814231254404896e-06,1.8116178200886814e-05,7.458413850610402e-12,4.1169907736088077e-07,2.6058929577014914e-21,1.43843416023262e-16,1.0269923633674951e-07,0.0056683352365149995,1.811805824998883e-05,1.027001036602829e-07,0.005668383567557314,1.8117767175860727e-05,2.597238832999855e-21,1.433531410239279e-16,1.8118051474998094e-05,7.551335146735074e-08,0.004167851690429017,9.873353617199931e-06,9.873353617199931e-06,1.811805824998883e-05,1.027001036602829e-07,0.005668383567557314,0.010401744700136497,True
sgd_no_decay_grad_projection,10,1,60,torch.float32,1.1920928955078125e-07,3.342961442244951e-06,2.143942754228681e-05,6.483842578116127e-12,3.02426105609746e-07,3.1259531575566637e-21,1.4580394702196328e-16,1.0657494700466504e-07,0.00497073905028855,2.1440459812996236e-05,1.0657502366706693e-07,0.004970743379415118,2.144019493281339e-05,3.1016802719187737e-21,1.4466660781949198e-16,2.1440570057913486e-05,7.837170709847844e-08,0.0036552995972955614,1.018929824525158e-05,1.018929824525158e-05,2.1440459812996236e-05,1.0657502366706693e-07,0.004970743379415118,0.01045950575808624,True
sgd_no_decay_grad_projection,10,2,60,torch.float32,1.1920928955078125e-07,3.920330339574255e-06,2.344795646134286e-05,7.359591305154889e-12,3.1386919867785383e-07,3.515496595405035e-21,1.4992763233764023e-16,9.835102026601025e-08,0.004194252252508268,2.3448986459200637e-05,9.836124056700832e-08,0.004194690492834265,2.344878016081282e-05,3.515193438067381e-21,1.4990943724833538e-16,2.3448936817143753e-05,7.2662060314891e-08,0.0030987358139737504,9.395915759512066e-06,9.395915759512066e-06,2.3448986459200637e-05,9.836124056700832e-08,0.004194690492834265,0.01046851026388047,True
sgd_no_decay_grad_projection,10,3,49,torch.float32,1.1920928955078125e-07,5.138758647397377e-06,1.6266886791587736e-05,7.285455014398747e-12,4.478702721510517e-07,2.083276019236987e-21,1.2806851402657712e-16,8.973521352579128e-08,0.005515383498744291,1.626997375343321e-05,8.973867596486417e-08,0.005515600536597544,1.626972627020632e-05,2.1175977806003212e-21,1.3015571039312066e-16,1.6270320325374944e-05,6.688017464370508e-08,0.004110562871918372,9.513362458880828e-06,9.513362458880828e-06,1.626997375343321e-05,8.973867596486417e-08,0.005515600536597544,0.009432908327916396,True
sgd_no_decay_grad_projection,10,4,60,torch.float32,1.1920928955078125e-07,8.425881056896194e-06,1.7307073805169545e-05,1.2269048572752083e-11,7.089036951519426e-07,2.5010419981064994e-21,1.4450981293903523e-16,1.1410617686093622e-07,0.006591869604244123,1.7310135396935287e-05,1.1410834759554219e-07,0.006591996248379708,1.730975929194976e-05,2.4578023784311633e-21,1.4198940245080197e-16,1.73099843045543e-05,8.424899381371683e-08,0.004867075112919121,1.0823475310970322e-05,1.0823475310970322e-05,1.7310135396935287e-05,1.1410834759554219e-07,0.006591996248379708,0.01054267176827074,True
sgd_no_decay_grad_projection,10,5,53,torch.float32,1.1920928955078125e-07,5.678672305444112e-06,2.5372638818731532e-05,9.766168567037285e-12,3.8490945450369714e-07,3.381544330906058e-21,1.332752322320475e-16,8.965637296776704e-08,0.0035334844500937218,2.5373353614543902e-05,8.966023916575764e-08,0.0035336377101671244,2.537319520064828e-05,3.397492881411191e-21,1.339008687926062e-16,2.5373284478468027e-05,6.683573208329006e-08,0.002634098559057555,9.191364390005131e-06,9.191364390005131e-06,2.5373353614543902e-05,8.966023916575764e-08,0.0035336377101671244,0.009754834577470993,True
sgd_no_decay_grad_projection,10,6,60,torch.float32,1.1920928955078125e-07,3.095485046437789e-06,2.841615706457994e-05,8.07179548816027e-12,2.8405654817489625e-07,4.1540566033674374e-21,1.461864316813457e-16,9.803032829025775e-08,0.0034495238757659896,2.841850972733909e-05,9.803015937366672e-08,0.0034495179484855267,2.8418340648438986e-05,4.161120628974874e-21,1.464237719032143e-16,2.8418761211222007e-05,7.220174134127895e-08,0.0025406364761870024,9.349717442542817e-06,9.349717442542817e-06,2.841850972733909e-05,9.803015937366672e-08,0.0034495179484855267,0.010484825875872216,True
sgd_no_decay_grad_projection,10,7,53,torch.float32,1.1920928955078125e-07,7.079248571757639e-06,1.0058063090894106e-05,6.002518668170001e-12,5.967867385525031e-07,1.3897681689525715e-21,1.381745328492741e-16,9.871464693075957e-08,0.009810686608366573,1.0061951888783029e-05,9.871150420605718e-08,0.009810373305014492,1.0061467678779361e-05,1.3808615857115297e-21,1.3724256040934312e-16,1.0062115827520043e-05,7.331153681761492e-08,0.007285896731292511,1.0053111948408422e-05,1.0053111948408422e-05,1.0061951888783029e-05,9.871150420605718e-08,0.009810373305014492,0.009818999799528232,True
sgd_no_decay_grad_projection,11,0,58,torch.float32,1.1920928955078125e-07,4.814231254404896e-06,1.6922354688012527e-05,7.291546463841188e-12,4.3088249822622975e-07,2.394058468726122e-21,1.4147312905704842e-16,1.0110440395828499e-07,0.005973546561999199,1.6925356862797303e-05,1.0110679796695489e-07,0.005973687809749654,1.692505486987988e-05,2.3543021877860335e-21,1.39101598540504e-16,1.692557561631015e-05,7.464325124518132e-08,0.0044100864240771915,9.873352393943567e-06,9.873352393943567e-06,1.6925356862797303e-05,1.0110679796695489e-07,0.005973687809749654,0.010240371652183207,True
sgd_no_decay_grad_projection,11,1,60,torch.float32,1.1920928955078125e-07,3.342961442244951e-06,2.123969066856997e-05,6.026515189747039e-12,2.837383690650892e-07,3.083717931486073e-21,1.4518657449420462e-16,1.0665223977832489e-07,0.00502106833136311,2.124094599935265e-05,1.0665212759155706e-07,0.005021062978777284,2.1240678244140314e-05,3.109019021120928e-21,1.4637098615147169e-16,2.1240685235516553e-05,7.850860371058319e-08,0.00369614270161628,1.0189297800460922e-05,1.0189297800460922e-05,2.124094599935265e-05,1.0665212759155706e-07,0.005021062978777284,0.010467073362673976,True
sgd_no_decay_grad_projection,11,2,60,torch.float32,1.1920928955078125e-07,3.920330339574255e-06,1.9286215777001774e-05,6.517064613391611e-12,3.3791308200352154e-07,2.8297772773151343e-21,1.467253768201494e-16,9.814774033586182e-08,0.005088678937660799,1.9287476733638972e-05,9.814997402072054e-08,0.005088792866800393,1.9287226999578358e-05,2.81906419785172e-21,1.4616223461845232e-16,1.92876122449528e-05,7.292710803819593e-08,0.0037810335002602283,9.395911694352971e-06,9.395911694352971e-06,1.9287476733638972e-05,9.814997402072054e-08,0.005088792866800393,0.010446029849313034,True
sgd_no_decay_grad_projection,11,3,49,torch.float32,1.1920928955078125e-07,5.138758647397377e-06,1.6182085208523145e-05,6.97462992969964e-12,4.3100934396428e-07,2.0808268592335538e-21,1.2858830196603898e-16,9.082717077056877e-08,0.0056126097959749675,1.6182701861163692e-05,9.082611306925014e-08,0.005612543186451491,1.618244697641539e-05,2.1060260510015686e-21,1.3014262021503496e-16,1.61828115959065e-05,6.738872269341826e-08,0.004164215982744586,9.513362380782429e-06,9.513362380782429e-06,1.6182701861163692e-05,9.082611306925014e-08,0.005612543186451491,0.009547214689595386,True
sgd_no_decay_grad_projection,11,4,60,torch.float32,1.1920928955078125e-07,8.425881056896194e-06,1.708576919174962e-05,1.5816383884426564e-11,9.257051120685852e-07,2.5031399168202602e-21,1.4650437382883816e-16,1.130617278031432e-07,0.006615939278375765,1.708929377618955e-05,1.1306032307653994e-07,0.006615856954490797,1.7088919776634704e-05,2.499903107589475e-21,1.4628795384758821e-16,1.7089412818520933e-05,8.335487998981249e-08,0.004877574254597868,1.0823474977518596e-05,1.0823474977518596e-05,1.708929377618955e-05,1.1306032307653994e-07,0.006615856954490797,0.010445843253795769,True
sgd_no_decay_grad_projection,11,5,53,torch.float32,1.1920928955078125e-07,5.678672305444112e-06,2.5715811542404326e-05,1.0502052544639732e-11,4.0838892162988035e-07,3.429003184389844e-21,1.3334221160922118e-16,9.08671059836325e-08,0.0035332463034179642,2.5717739791122e-05,9.08655429469037e-08,0.0035331854076177923,2.571757926821583e-05,3.419717462951967e-21,1.3297198104404682e-16,2.5717804571024687e-05,6.748783220710939e-08,0.0026241677053237067,9.191364579937021e-06,9.191364579937021e-06,2.5717739791122e-05,9.08655429469037e-08,0.0035331854076177923,0.009885968743449224,True
sgd_no_decay_grad_projection,11,6,60,torch.float32,1.1920928955078125e-07,3.095485046437789e-06,2.4462924429406464e-05,6.796497226513186e-12,2.7782848473926664e-07,3.5558415309770605e-21,1.4535635513400767e-16,9.739508889458442e-08,0.003981013966245004,2.446490139758094e-05,9.739143146562247e-08,0.003980863437089201,2.4464707545818628e-05,3.525869656138582e-21,1.4412065419278654e-16,2.4465001498519347e-05,7.2066340522075e-08,0.0029456912367831468,9.349713535564989e-06,9.349713535564989e-06,2.446490139758094e-05,9.739143146562247e-08,0.003980863437089201,0.010416515018899695,True
sgd_no_decay_grad_projection,11,7,53,torch.float32,1.1920928955078125e-07,7.079248571757639e-06,1.0146268155065014e-05,5.603244991930732e-12,5.522468858792771e-07,1.3702868444623568e-21,1.350532849635478e-16,9.789225049022097e-08,0.009643732323910614,1.0150877552231644e-05,9.789581762815144e-08,0.009644074329970545,1.0150405483983939e-05,1.3774763888711768e-21,1.3570653813235945e-16,1.0151202180807237e-05,7.310007423364958e-08,0.00720112484527784,1.0053112058613751e-05,1.0053112058613751e-05,1.0150877552231644e-05,9.789581762815144e-08,0.009644074329970545,0.009737861973225686,True
sgd_no_decay_grad_projection,12,0,58,torch.float32,1.1920928955078125e-07,4.814231254404896e-06,2.030350104381506e-05,8.64648644300699e-12,4.258618464051017e-07,2.89494082126513e-21,1.4258333156523575e-16,1.0135332275041206e-07,0.0049911431213350965,2.0306636757040093e-05,1.0135116217630976e-07,0.004991036348802192,2.0306383831797755e-05,2.9042406595673787e-21,1.430210658689328e-16,2.0306865753282183e-05,7.495282594031701e-08,0.0036910090828862867,9.873355484039635e-06,9.873355484039635e-06,2.0306636757040093e-05,1.0135116217630976e-07,0.004991036348802192,0.010265118311616025,True
sgd_no_decay_grad_projection,12,1,60,torch.float32,1.1920928955078125e-07,3.342961442244951e-06,2.685506624413354e-05,7.693199593415363e-12,2.8647107117436117e-07,3.8998605047832705e-21,1.4521880040550455e-16,1.0607606743874457e-07,0.00394974098420968,2.6856456544412096e-05,1.060775093489927e-07,0.003949795430889179,2.685624705136415e-05,3.928881758959083e-21,1.4629303012609565e-16,2.685665885502032e-05,7.846337382340766e-08,0.002921561250302008,1.0189302815117249e-05,1.0189302815117249e-05,2.6856456544412096e-05,1.060775093489927e-07,0.003949795430889179,0.010410673946367749,True
sgd_no_decay_grad_projection,12,2,60,torch.float32,1.1920928955078125e-07,3.920330339574255e-06,2.2372039908119644e-05,7.412513689743382e-12,3.3132936112156257e-07,3.279844814720434e-21,1.4660463811930875e-16,9.838196566575681e-08,0.00439743097396259,2.2372599689153403e-05,9.838779803081043e-08,0.0043976917925416786,2.2372383348501463e-05,3.2509542440799585e-21,1.4531103787374144e-16,2.237270270533371e-05,7.313498342009439e-08,0.003268938240647109,9.395914457359888e-06,9.395914457359888e-06,2.2372599689153403e-05,9.838779803081043e-08,0.0043976917925416786,0.010471338205270969,True
sgd_no_decay_grad_projection,12,3,49,torch.float32,1.1920928955078125e-07,5.138758647397377e-06,1.8714683415648458e-05,8.308368003736896e-12,4.439491611591878e-07,2.4360344980832655e-21,1.3016701613272244e-16,9.03762096198497e-08,0.004828873064645859,1.8715796444626724e-05,9.037639948862457e-08,0.004828883438437454,1.87155782348053e-05,2.466737488070377e-21,1.318012971398871e-16,1.8715837536180007e-05,6.776011241202626e-08,0.003620469149779574,9.513364758312503e-06,9.513364758312503e-06,1.8715796444626724e-05,9.037639948862457e-08,0.004828883438437454,0.009499940534673212,True
sgd_no_decay_grad_projection,12,4,60,torch.float32,1.1920928955078125e-07,8.425881056896194e-06,2.3045825524402703e-05,1.6892183357773134e-11,7.329823503127012e-07,3.422884551437068e-21,1.4852514386232653e-16,1.1427085642471428e-07,0.004958168474549282,2.3046982526393316e-05,1.1427284469059412e-07,0.004958256229843942,2.3046699227630087e-05,3.424040399734384e-21,1.4856966569986695e-16,2.304712275425257e-05,8.434164907432525e-08,0.0036595305181321537,1.0823480345463122e-05,1.0823480345463122e-05,2.3046982526393316e-05,1.1427284469059412e-07,0.004958256229843942,0.010557865034465912,True
sgd_no_decay_grad_projection,12,5,53,torch.float32,1.1920928955078125e-07,5.678672305444112e-06,4.060456161202944e-05,1.490440176024326e-11,3.6706225036124284e-07,5.332078724322412e-21,1.3131723413910962e-16,9.037493509852251e-08,0.002225684749129738,4.06054518660816e-05,9.036855459543776e-08,0.0022255276186428576,4.060535130710003e-05,5.318631969104928e-21,1.3098352305536983e-16,4.060535924516409e-05,6.718028638720773e-08,0.0016544684651499198,9.191378772233194e-06,9.191378772233194e-06,4.06054518660816e-05,9.036855459543776e-08,0.0022255276186428576,0.009831882336134133,True
sgd_no_decay_grad_projection,12,6,60,torch.float32,1.1920928955078125e-07,3.095485046437789e-06,2.623423454087133e-05,7.41769143164039e-12,2.827485368434929e-07,3.856597787635548e-21,1.4700630131316996e-16,9.846594959457252e-08,0.0037532059963938475,2.6235158067910305e-05,9.847303835595553e-08,0.0037534760835462025,2.6234973259162207e-05,3.827361202530616e-21,1.4588774933071305e-16,2.6235361297060736e-05,7.258797544317873e-08,0.0027667991540604813,9.34971521675193e-06,9.34971521675193e-06,2.6235158067910305e-05,9.847303835595553e-08,0.0037534760835462025,0.010532196550705726,True
sgd_no_decay_grad_projection,12,7,53,torch.float32,1.1920928955078125e-07,7.079248571757639e-06,1.2160244169673518e-05,6.974183722527181e-12,5.735233294015696e-07,1.626787842797832e-21,1.3377920871483423e-16,9.938663876917846e-08,0.008170438114242963,1.2164178045215153e-05,9.93922609403968e-08,0.00817089823668713,1.216377197641256e-05,1.6252186031879515e-21,1.336114000114029e-16,1.2164446713864207e-05,7.393110788977711e-08,0.0060776383528825416,1.0053113966079936e-05,1.0053113966079936e-05,1.2164178045215153e-05,9.93922609403968e-08,0.00817089823668713,0.009886713835708494,True
sgd_no_decay_grad_projection,13,0,58,torch.float32,1.1920928955078125e-07,4.814231254404896e-06,2.5017114261820398e-05,1.0658197756017623e-11,4.260362583978568e-07,3.582097861481484e-21,1.4318589362437332e-16,1.0169346810226227e-07,0.004064680413945613,2.50188120769977e-05,1.0169159063739739e-07,0.004064605078947479,2.5018605408066205e-05,3.530763188028931e-21,1.4112549962079755e-16,2.5019127132908227e-05,7.524796523539897e-08,0.0030076175254101336,9.873359897039554e-06,9.873359897039554e-06,2.50188120769977e-05,1.0169159063739739e-07,0.004064605078947479,0.01029959321830138,True
sgd_no_decay_grad_projection,13,1,60,torch.float32,1.1920928955078125e-07,3.342961442244951e-06,3.185564898941482e-05,9.631179142373387e-12,3.0233818641000506e-07,4.530698482652469e-21,1.4222590423940706e-16,1.0747485845484621e-07,0.0033736147098847955,3.1857475400672255e-05,1.0746781597807425e-07,0.0033733939876417975,3.185729413451442e-05,4.555323457308075e-21,1.429915371366335e-16,3.1857680233500905e-05,7.935453251395811e-08,0.002490907433696646,1.0189307347543268e-05,1.0189307347543268e-05,3.1857475400672255e-05,1.0746781597807425e-07,0.0033733939876417975,0.010547116924879658,True
sgd_no_decay_grad_projection,13,2,60,torch.float32,1.1920928955078125e-07,3.920330339574255e-06,2.4435239568416556e-05,7.875338033248882e-12,3.2229428367987214e-07,3.622891183991862e-21,1.482650159352139e-16,9.843864377004443e-08,0.0040282790944553785,2.443690644357901e-05,9.843903325190762e-08,0.004028293576324316,2.443670817211201e-05,3.603516471609249e-21,1.4746325267008355e-16,2.4436984433008385e-05,7.27684267352023e-08,0.002977798956114649,9.395916187545258e-06,9.395916187545258e-06,2.443690644357901e-05,9.843903325190762e-08,0.004028293576324316,0.010476789201503663,True
sgd_no_decay_grad_projection,13,3,49,torch.float32,1.1920928955078125e-07,5.138758647397377e-06,2.050560146071194e-05,8.576699716692594e-12,4.1826130938540235e-07,2.661790452684216e-21,1.2980796772942028e-16,8.993257655244634e-08,0.004385516027648705,2.050672253705407e-05,8.993032572046821e-08,0.004385407056538218,2.0506525345563472e-05,2.654013612971402e-21,1.2942288214349245e-16,2.050681921805117e-05,6.735350111361445e-08,0.003284444086498134,9.513366386324168e-06,9.513366386324168e-06,2.050672253705407e-05,8.993032572046821e-08,0.004385407056538218,0.009453049747957415,True
sgd_no_decay_grad_projection,13,4,60,torch.float32,1.1920928955078125e-07,8.425881056896194e-06,2.1700015928022463e-05,1.593460059967739e-11,7.343128526970404e-07,3.1357530915314217e-21,1.4450464469396497e-16,1.1410553297964094e-07,0.005257343696846281,2.1704030883375194e-05,1.141075939285269e-07,0.005257437871410826,2.1703730924509546e-05,3.0846396430051094e-21,1.4212485649283892e-16,2.170409452087911e-05,8.408420112862176e-08,0.00387411698044964,1.0823478840990587e-05,1.0823478840990587e-05,2.1704030883375194e-05,1.141075939285269e-07,0.005257437871410826,0.010542598697230282,True
sgd_no_decay_grad_projection,13,5,53,torch.float32,1.1920928955078125e-07,5.678672305444112e-06,5.0133853224770495e-05,1.8037329335987213e-11,3.597834232912143e-07,6.543965043137808e-21,1.305298639982642e-16,8.997726952226646e-08,0.0017946994254806061,5.013500041043841e-05,8.997387613386577e-08,0.0017946320015414356,5.013491967537469e-05,6.700213187365498e-21,1.3364364061515617e-16,5.013518039799913e-05,6.689727340415247e-08,0.0013343379414033644,9.191387977645063e-06,9.191387977645063e-06,5.013500041043841e-05,8.997387613386577e-08,0.0017946320015414356,0.00978893246076618,True
sgd_no_decay_grad_projection,13,6,60,torch.float32,1.1920928955078125e-07,3.095485046437789e-06,2.5631940808626397e-05,7.035157002628715e-12,2.7446836956884055e-07,3.7214790702568734e-21,1.4518912547599809e-16,9.737223811712397e-08,0.00379854766732907,2.5634073796925604e-05,9.737251621953782e-08,0.003798558004901121,2.563388885868301e-05,3.705506636244039e-21,1.4455499345698638e-16,2.5634438112846998e-05,7.185926111359087e-08,0.002803231371690482,9.349714671453427e-06,9.349714671453427e-06,2.5634073796925604e-05,9.737251621953782e-08,0.003798558004901121,0.010414490670697775,True
sgd_no_decay_grad_projection,13,7,53,torch.float32,1.1920928955078125e-07,7.079248571757639e-06,1.3883049895281336e-05,8.060149358419157e-12,5.805748318428715e-07,1.8700382025948685e-21,1.3469937922147674e-16,9.883951481732708e-08,0.007118543634360532,1.3884795148752236e-05,9.883976004120902e-08,0.00711856091374105,1.3884443345869097e-05,1.8545476552821483e-21,1.3357018420431768e-16,1.3884689308716215e-05,7.333507372278428e-08,0.0052817223412228356,1.0053115732485498e-05,1.0053115732485498e-05,1.3884795148752236e-05,9.883976004120902e-08,0.00711856091374105,0.009831753922997186,True
sgd_no_decay_grad_projection,14,0,58,torch.float32,1.1920928955078125e-07,4.814231254404896e-06,2.7232989369231858e-05,1.0870370427064961e-11,3.991618503456117e-07,3.8639798241081124e-21,1.4188599612475848e-16,1.0135678464597563e-07,0.003721701345704179,2.7233991816585934e-05,1.0135289218090873e-07,0.003721558442974313,2.7233803220577112e-05,3.9154742937402015e-21,1.4377258519595152e-16,2.7233965207189556e-05,7.529322330871765e-08,0.002764680895194829,9.873361819610314e-06,9.873361819610314e-06,2.7233991816585934e-05,1.0135289218090873e-07,0.003721558442974313,0.010265286944068355,True
sgd_no_decay_grad_projection,14,1,60,torch.float32,1.1920928955078125e-07,3.342961442244951e-06,3.5849528407199034e-05,1.0116215407892312e-11,2.8218545284575767e-07,5.181942428573635e-21,1.4454701801692997e-16,1.0651346216893638e-07,0.002971028876314114,3.585069705623272e-05,1.0651578301225983e-07,0.0029710937794371795,3.585053882169336e-05,5.178001177323018e-21,1.444330084709851e-16,3.585098449793666e-05,7.886910017817056e-08,0.002199914487221675,1.0189310980086883e-05,1.0189310980086883e-05,3.585069705623272e-05,1.0651578301225983e-07,0.0029710937794371795,0.010453678685479828,True
sgd_no_decay_grad_projection,14,2,60,torch.float32,1.1920928955078125e-07,3.920330339574255e-06,2.8157421133791283e-05,9.277866229858425e-12,3.2949985674377697e-07,4.1000284893814726e-21,1.4561093751804262e-16,9.826916395626752e-08,0.003490053667894481,2.815692469745986e-05,9.827922796103254e-08,0.003490410583436289,2.8156753179508758e-05,4.122169280652618e-21,1.4640073215730538e-16,2.8157069225213847e-05,7.287207831121331e-08,0.002588056225892944,9.39591945956842e-06,9.39591945956842e-06,2.815692469745986e-05,9.827922796103254e-08,0.003490410583436289,0.010459777607070588,True
sgd_no_decay_grad_projection,14,3,49,torch.float32,1.1920928955078125e-07,5.138758647397377e-06,2.2865888683270678e-05,9.257947213236085e-12,4.048802712841621e-07,2.9790324075469086e-21,1.3028281772956831e-16,8.997803367235391e-08,0.003934757265871349,2.2867495128251573e-05,8.997654298887476e-08,0.0039346916872287216,2.2867318112588568e-05,2.979978736504168e-21,1.3031605725831379e-16,2.286760317285546e-05,6.70022009873747e-08,0.0029300054090018648,9.513368560989825e-06,9.513368560989825e-06,2.2867495128251573e-05,8.997654298887476e-08,0.0039346916872287216,0.009457905726246045,True
sgd_no_decay_grad_projection,14,4,60,torch.float32,1.1920928955078125e-07,8.425881056896194e-06,2.7373897469115578e-05,2.121786078495268e-11,7.751128902594742e-07,3.987756727195791e-21,1.4567734578885414e-16,1.1344058023563562e-07,0.0041437439706172126,2.7376357554370237e-05,1.134314258793162e-07,0.004143408254879712,2.7376122557008457e-05,3.953172639953526e-21,1.4440221151557817e-16,2.7376672985077537e-05,8.352568800249296e-08,0.003050980228606343,1.0823484027994215e-05,1.0823484027994215e-05,2.7376357554370237e-05,1.134314258793162e-07,0.004143408254879712,0.010480121334861623,True
sgd_no_decay_grad_projection,14,5,53,torch.float32,1.1920928955078125e-07,5.678672305444112e-06,5.429677832144307e-05,1.9633976919100042e-11,3.6160482308664203e-07,7.148230334683994e-21,1.3165109525221052e-16,9.052910763198034e-08,0.001667246573003335,5.42985780879988e-05,9.051569718782486e-08,0.0016669994017362833,5.429850264313985e-05,7.072051492289705e-21,1.302439505333799e-16,5.4298523910639346e-05,6.743344672546549e-08,0.00124190202364327,9.191391996230813e-06,9.191391996230813e-06,5.42985780879988e-05,9.051569718782486e-08,0.0016669994017362833,0.009847876929298996,True
sgd_no_decay_grad_projection,14,6,60,torch.float32,1.1920928955078125e-07,3.095485046437789e-06,3.207392967684702e-05,8.737164556937047e-12,2.724070497430841e-07,4.670058075672974e-21,1.456029280704038e-16,9.8356313044488e-08,0.0030664281453646283,3.2075214646828015e-05,9.835815452620661e-08,0.003066484686359954,3.207506383958618e-05,4.7079129775484035e-21,1.4677797684499147e-16,3.2075358221674526e-05,7.263271454506793e-08,0.0022644396998811153,9.349720665460321e-06,9.349720665460321e-06,3.2075214646828015e-05,9.835815452620661e-08,0.003066484686359954,0.01051990300518396,True
sgd_no_decay_grad_projection,14,7,53,torch.float32,1.1920928955078125e-07,7.079248571757639e-06,1.3577033790525471e-05,7.882320410368823e-12,5.805627747549235e-07,1.8450642804073238e-21,1.3589597763947417e-16,9.883117168625158e-08,0.007278145593076378,1.3579169042740775e-05,9.883183714496054e-08,0.0072781947727349776,1.3578809379297435e-05,1.8502177453406533e-21,1.3625773023675684e-16,1.3579217479842823e-05,7.328188898081099e-08,0.005396620909090794,1.0053115405124877e-05,1.0053115405124877e-05,1.3579169042740775e-05,9.883183714496054e-08,0.0072781947727349776,0.00983096613956884,True
sgd_no_decay_grad_projection,15,0,58,torch.float32,1.1920928955078125e-07,4.814231254404896e-06,2.48645552239086e-05,1.0184858000424292e-11,4.0961352047958644e-07,3.505284847888606e-21,1.409751679176783e-16,1.0223478241184545e-07,0.004111452484663162,2.4865847371001376e-05,1.0223421398628754e-07,0.004111430930180702,2.4865637205658464e-05,3.5568920856514694e-21,1.4304447765537484e-16,2.4865767203001334e-05,7.591916255519554e-08,0.0030531598697679427,9.87335943664486e-06,9.87335943664486e-06,2.4865847371001376e-05,1.0223421398628754e-07,0.004111430930180702,0.010354552028851136,True
sgd_no_decay_grad_projection,15,1,60,torch.float32,1.1920928955078125e-07,3.342961442244951e-06,3.164961093486701e-05,9.307819533719893e-12,2.940895404014547e-07,4.5823637803584726e-21,1.4478420571389959e-16,1.0643574128507308e-07,0.003362752882821068,3.1651373321318356e-05,1.0643528489101185e-07,0.003362738286598256,3.165119436380867e-05,4.491963552277125e-21,1.4192082297574931e-16,3.165148968550817e-05,7.83591704810729e-08,0.0024756866504438216,1.0189306428155616e-05,1.0189306428155616e-05,3.1651373321318356e-05,1.0643528489101185e-07,0.003362738286598256,0.010445783100300565,True
sgd_no_decay_grad_projection,15,2,60,torch.float32,1.1920928955078125e-07,3.920330339574255e-06,2.7454668428094025e-05,9.44385848113468e-12,3.439800595614149e-07,4.058675114234847e-21,1.4783187510951306e-16,9.879513645627113e-08,0.003598256570346563,2.745639059498522e-05,9.879554491895648e-08,0.0035982713961317634,2.7456212847818194e-05,4.055402454411031e-21,1.4770436392261918e-16,2.7456684671906128e-05,7.275131988466582e-08,0.002649676053536991,9.395918683097857e-06,9.395918683097857e-06,2.745639059498522e-05,9.879554491895648e-08,0.0035982713961317634,0.01051472966626222,True
sgd_no_decay_grad_projection,15,3,49,torch.float32,1.1920928955078125e-07,5.138758647397377e-06,2.364990472821083e-05,1.0372935827880543e-11,4.3860370462749345e-07,3.0765464067242023e-21,1.3008705286895446e-16,8.917413932162706e-08,0.003770425883038001,2.3650945241997456e-05,8.917478578504161e-08,0.0037704533528195804,2.3650777126714934e-05,3.0927328524543443e-21,1.3076664821135716e-16,2.365116569175967e-05,6.64784473917319e-08,0.0028107894662838424,9.513368963063868e-06,9.513368963063868e-06,2.3650945241997456e-05,8.917478578504161e-08,0.0037704533528195804,0.009373628430818482,True
sgd_no_decay_grad_projection,15,4,60,torch.float32,1.1920928955078125e-07,8.425881056896194e-06,2.5917896602452557e-05,1.9649006435038986e-11,7.581250414117187e-07,3.703642632983598e-21,1.4289904345996172e-16,1.1306408523438033e-07,0.0043622239478156,2.59189060859264e-05,1.1306910289193597e-07,0.004362418017067892,2.5918659457407205e-05,3.681830522541624e-21,1.4205327743095935e-16,2.5919248534020316e-05,8.34763668540956e-08,0.00322063221642127,1.0823482139151487e-05,1.0823482139151487e-05,2.59189060859264e-05,1.1306910289193597e-07,0.004362418017067892,0.010446647524176548,True
sgd_no_decay_grad_projection,15,5,53,torch.float32,1.1920928955078125e-07,5.678672305444112e-06,3.976209941235015e-05,1.6716292562568536e-11,4.2040769500657805e-07,5.328931599524067e-21,1.340203781561234e-16,9.071281895209287e-08,0.0022813747973790387,3.976234649770514e-05,9.07097300536386e-08,0.0022812972081231136,3.976224302964356e-05,5.318419157931969e-21,1.3375551157833273e-16,3.976220888867516e-05,6.70159652095364e-08,0.0016854185691032749,9.19137851187608e-06,9.19137851187608e-06,3.976234649770514e-05,9.07097300536386e-08,0.0022812972081231136,0.009869001688531654,True
sgd_no_decay_grad_projection,15,6,60,torch.float32,1.1920928955078125e-07,3.095485046437789e-06,3.3038324513922656e-05,9.15915943536312e-12,2.7722832710549125e-07,4.8328887327111425e-21,1.4628129010218736e-16,9.784443204012362e-08,0.002961450492251197,3.30393638738568e-05,9.78421037216679e-08,0.0029613797679406244,3.303921899972597e-05,4.758419984196169e-21,1.4402337973653784e-16,3.303935528479014e-05,7.234696847024884e-08,0.0021897209508671676,9.349721609189152e-06,9.349721609189152e-06,3.30393638738568e-05,9.78421037216679e-08,0.0029613797679406244,0.010464707700548657,True
sgd_no_decay_grad_projection,15,7,53,torch.float32,1.1920928955078125e-07,7.079248571757639e-06,1.6531622144154602e-05,9.404674498508427e-12,5.688899986039069e-07,2.2445417763429283e-21,1.3577262756014155e-16,9.932236251428046e-08,0.006006916449534532,1.653466093278341e-05,9.933189708563526e-08,0.006007495254328989,1.6534362562141162e-05,2.231663727634004e-21,1.3497125874957278e-16,1.6535018818880953e-05,7.392371546201463e-08,0.004470736699591951,1.005311826034725e-05,1.005311826034725e-05,1.653466093278341e-05,9.933189708563526e-08,0.006007495254328989,0.009880705121855812,True
sgd_no_decay_grad_projection,16,0,58,torch.float32,1.1920928955078125e-07,4.814231254404896e-06,2.8400160261068392e-05,1.1535809600209518e-11,4.0618818676256126e-07,4.0430791997971514e-21,1.4236114031158593e-16,1.007252841191107e-07,0.003546568254253561,2.8400761099900957e-05,1.0072928289497688e-07,0.0035467106864022794,2.8400582470527163e-05,4.039934109654952e-21,1.422482835993738e-16,2.840085053016857e-05,7.467551921898692e-08,0.0026293409466615607,9.873362672454638e-06,9.873362672454638e-06,2.8400761099900957e-05,1.0072928289497688e-07,0.0035467106864022794,0.010202125277540764,True
sgd_no_decay_grad_projection,16,1,60,torch.float32,1.1920928955078125e-07,3.342961442244951e-06,3.377890406995232e-05,9.869509785701647e-12,2.9217969195397817e-07,4.843274313761673e-21,1.4338162966246631e-16,1.063258682377723e-07,0.0031476620472567973,3.377931495944977e-05,1.0632308596682272e-07,0.0031475796976480367,3.3779147628841934e-05,4.836384386045914e-21,1.4317662598201333e-16,3.3779228258755325e-05,7.86098174553747e-08,0.002327164399766878,1.0189308225290853e-05,1.0189308225290853e-05,3.377931495944977e-05,1.0632308596682272e-07,0.0031475796976480367,0.010434769821067783,True
sgd_no_decay_grad_projection,16,2,60,torch.float32,1.1920928955078125e-07,3.920330339574255e-06,3.0849937447124494e-05,9.87126839716294e-12,3.199769339591655e-07,4.551309531290626e-21,1.4753059188828547e-16,9.828543672038345e-08,0.003185847079165851,3.085065172805402e-05,9.827720687826927e-08,0.0031855796028095232,3.085049519272407e-05,4.5657793580393635e-21,1.479969553006131e-16,3.085080843222806e-05,7.281296454425968e-08,0.002360163906375827,9.395921909803577e-06,9.395921909803577e-06,3.085065172805402e-05,9.827720687826927e-08,0.0031855796028095232,0.010459559777282542,True
sgd_no_decay_grad_projection,16,3,49,torch.float32,1.1920928955078125e-07,5.138758647397377e-06,2.43314382523935e-05,9.939403140210269e-12,4.0850043623017324e-07,3.1463299073429677e-21,1.2931129983792568e-16,8.952248511075489e-08,0.0036790039384437174,2.4333348582588632e-05,8.95224806927406e-08,0.003679003750301637,2.43331839052603e-05,3.1527902148905263e-21,1.2956751681842024e-16,2.433311578000816e-05,6.668834003702758e-08,0.002740641216683728,9.513369595630565e-06,9.513369595630565e-06,2.4333348582588632e-05,8.95224806927406e-08,0.003679003750301637,0.009410175836525656,True
sgd_no_decay_grad_projection,16,4,60,torch.float32,1.1920928955078125e-07,8.425881056896194e-06,3.282172637361558e-05,2.164803955834512e-11,6.595643176084528e-07,4.713159920672459e-21,1.4359878170400733e-16,1.1367360012879e-07,0.0034631945010184886,3.282331953409659e-05,1.136815971317381e-07,0.0034634399794221484,3.2823122668812005e-05,4.7864051831235405e-21,1.4582418715668099e-16,3.282331066891646e-05,8.427336206304618e-08,0.002567485130098491,1.0823488450916984e-05,1.0823488450916984e-05,3.282331953409659e-05,1.136815971317381e-07,0.0034634399794221484,0.010503230788046602,True
sgd_no_decay_grad_projection,16,5,53,torch.float32,1.1920928955078125e-07,5.678672305444112e-06,6.180915837595386e-05,2.1274157012397518e-11,3.4419101588469425e-07,8.054216464953236e-21,1.303078164560013e-16,9.007364509011642e-08,0.001457283273853921,6.180929264128617e-05,9.008191969841426e-08,0.0014574170945655363,6.180922699778647e-05,8.037775567684042e-21,1.300416775633174e-16,6.180909683991562e-05,6.677327973391849e-08,0.0010803147618684676,9.191399573852013e-06,9.191399573852013e-06,6.180929264128617e-05,9.008191969841426e-08,0.0014574170945655363,0.009800674965179643,True
sgd_no_decay_grad_projection,16,6,60,torch.float32,1.1920928955078125e-07,3.095485046437789e-06,3.178026826300397e-05,8.58442526679583e-12,2.7011808697628666e-07,4.6145722914171545e-21,1.4520243357382971e-16,9.758432899855385e-08,0.0030704541052137707,3.178172854937891e-05,9.758137010768402e-08,0.0030703606934428676,3.1781578744024255e-05,4.580683818027917e-21,1.441301533483198e-16,3.178194414795215e-05,7.200264069219614e-08,0.0022655203330862184,9.34972025809836e-06,9.34972025809836e-06,3.178172854937891e-05,9.758137010768402e-08,0.0030703606934428676,0.010436822430399763,True
sgd_no_decay_grad_projection,16,7,53,torch.float32,1.1920928955078125e-07,7.079248571757639e-06,1.618535847545753e-05,8.749526693652449e-12,5.405828179165562e-07,2.2010721487657187e-21,1.3599156003270542e-16,9.862995889394528e-08,0.006093040786038172,1.6187311670935526e-05,9.863448793221863e-08,0.006093321110837558,1.618701116234235e-05,2.204380601269943e-21,1.3618206469136436e-16,1.6187329123625017e-05,7.367093320650364e-08,0.0045511481631013906,1.0053117930494062e-05,1.0053117930494062e-05,1.6187311670935526e-05,9.863448793221863e-08,0.006093321110837558,0.009811333022666653,True
sgd_no_decay_grad_projection,17,0,58,torch.float32,1.1920928955078125e-07,4.814231254404896e-06,2.6838808799096784e-05,1.1580713338274702e-11,4.314913312644648e-07,3.821825595819489e-21,1.4239922585343883e-16,1.0193048919957864e-07,0.0037976267685199748,2.684057277781669e-05,1.0192721070130219e-07,0.0037975050512164712,2.6840379242570196e-05,3.8054078189247105e-21,1.4177921200491615e-16,2.684073358615563e-05,7.541421067097978e-08,0.002809692605044081,9.873360926766786e-06,9.873360926766786e-06,2.684057277781669e-05,1.0192721070130219e-07,0.0037975050512164712,0.010323456364790276,True
sgd_no_decay_grad_projection,17,1,60,torch.float32,1.1920928955078125e-07,3.342961442244951e-06,3.906937327641435e-05,1.1610358088581572e-11,2.9717287775359803e-07,5.630463062303703e-21,1.4411449660245728e-16,1.0632862251501135e-07,0.0027214326702943445,3.907082656523855e-05,1.0633019338260139e-07,0.00272147284125296,3.90706818776039e-05,5.705366630530798e-21,1.4602679954252932e-16,3.907072637910882e-05,7.853524882356255e-08,0.002010079056670814,1.0189312911390728e-05,1.0189312911390728e-05,3.907082656523855e-05,1.0633019338260139e-07,0.00272147284125296,0.010435462558396247,True
sgd_no_decay_grad_projection,17,2,60,torch.float32,1.1920928955078125e-07,3.920330339574255e-06,3.244962770171859e-05,1.0478053136535666e-11,3.22902106392448e-07,4.8129364238659515e-21,1.4832023553882872e-16,9.850337250543155e-08,0.0030353647038543394,3.2451906560163586e-05,9.850356472269681e-08,0.0030353706504139604,3.245175706240458e-05,4.783891583991787e-21,1.474154873892463e-16,3.2452117549931445e-05,7.282517832829794e-08,0.0022440809360513296,9.395923022466284e-06,9.395923022466284e-06,3.2451906560163586e-05,9.850356472269681e-08,0.0030353706504139604,0.010483649609215419,True
sgd_no_decay_grad_projection,17,3,49,torch.float32,1.1920928955078125e-07,5.138758647397377e-06,2.406254868780975e-05,1.0974275271779358e-11,4.560728547154691e-07,3.1346668007948187e-21,1.302716034558379e-16,8.988388997045484e-08,0.003735204961809731,2.4063977615053522e-05,8.98847644088261e-08,0.003735241357297372,2.4063809743823276e-05,3.146902447256899e-21,1.3077324333752469e-16,2.4064088053316302e-05,6.731002127888631e-08,0.0027971149843598678,9.513369271271935e-06,9.513369271271935e-06,2.4063977615053522e-05,8.98847644088261e-08,0.003735241357297372,0.009448257693544626,True
sgd_no_decay_grad_projection,17,4,60,torch.float32,1.1920928955078125e-07,8.425881056896194e-06,4.0885170236415885e-05,2.6345907487222484e-11,6.443878632491673e-07,5.945375072247541e-21,1.4541641964237946e-16,1.1441845856669663e-07,0.002798439289420834,4.0886518889316234e-05,1.1441993184004286e-07,0.0027984757555366527,4.088635878830018e-05,5.963922717173737e-21,1.4586583139020785e-16,4.08862872394705e-05,8.485453587557443e-08,0.0020753788520484246,1.0823495748757791e-05,1.0823495748757791e-05,4.0886518889316234e-05,1.1441993184004286e-07,0.0027984757555366527,0.010571439625055962,True
sgd_no_decay_grad_projection,17,5,53,torch.float32,1.1920928955078125e-07,5.678672305444112e-06,8.033440232578805e-05,2.810675962886196e-11,3.4987202014496653e-07,1.0509506720770958e-20,1.308219942702923e-16,9.105152811235252e-08,0.0011333866303248812,8.033578132260892e-05,9.104836598441948e-08,0.001133347612800222,8.033572972786824e-05,1.0421288378039686e-20,1.297217117880311e-16,8.03358624074517e-05,6.782055806408475e-08,0.0008442127342843329,9.191417866599723e-06,9.191417866599723e-06,8.033578132260892e-05,9.104836598441948e-08,0.001133347612800222,0.009905802054248453,True
sgd_no_decay_grad_projection,17,6,60,torch.float32,1.1920928955078125e-07,3.095485046437789e-06,3.680222585608346e-05,1.0201151698522874e-11,2.7718844339510537e-07,5.397600198818417e-21,1.4666504737855122e-16,9.797333423575405e-08,0.0026620710165396995,3.680342166621086e-05,9.797658327729707e-08,0.0026621596265123675,3.680329125132763e-05,5.378193455617293e-21,1.4613349167306557e-16,3.6803662484273555e-05,7.204232883156903e-08,0.001957477163104438,9.349724892799224e-06,9.349724892799224e-06,3.680342166621086e-05,9.797658327729707e-08,0.0026621596265123675,0.01047908728873452,True
sgd_no_decay_grad_projection,17,7,53,torch.float32,1.1920928955078125e-07,7.079248571757639e-06,1.632891569080754e-05,9.436215104306717e-12,5.778837543768378e-07,2.2274149789185005e-21,1.3640923997009852e-16,9.849717761005968e-08,0.006031183375617909,1.6331312394768325e-05,9.850864577179507e-08,0.006031887908981029,1.633101529551123e-05,2.1916040501818882e-21,1.3419888540452696e-16,1.633143051247549e-05,7.331672287889394e-08,0.004489301952017474,1.005311793627564e-05,1.005311793627564e-05,1.6331312394768325e-05,9.850864577179507e-08,0.006031887908981029,0.009798815292550857,True
sgd_no_decay_grad_projection,18,0,58,torch.float32,1.1920928955078125e-07,4.814231254404896e-06,2.8206601220099466e-05,1.2126426381483836e-11,4.299144830268591e-07,4.008039375359156e-21,1.4209579325365426e-16,1.0251739397917754e-07,0.003634388006111852,2.8207605833999534e-05,1.0251724724885886e-07,0.003634383146594155,2.8207419539906535e-05,4.032505130636723e-21,1.4295902271144385e-16,2.820734705526168e-05,7.559418339294206e-08,0.0026799465843010233,9.873362009748174e-06,9.873362009748174e-06,2.8207605833999534e-05,1.0251724724885886e-07,0.003634383146594155,0.010383215681511675,True
sgd_no_decay_grad_projection,18,1,60,torch.float32,1.1920928955078125e-07,3.342961442244951e-06,3.78931608605663e-05,1.0796186459618555e-11,2.8491121390862006e-07,5.481780365438533e-21,1.4466410932594953e-16,1.0654770063222186e-07,0.0028118160376959965,3.7892844828953386e-05,1.0654567892499771e-07,0.00281176246877056,3.7892695038086725e-05,5.504667175937203e-21,1.4526987775359732e-16,3.7892791110813464e-05,7.844280168351189e-08,0.002070124669732409,1.0189310977486224e-05,1.0189310977486224e-05,3.7892844828953386e-05,1.0654567892499771e-07,0.00281176246877056,0.010456612734699682,True
sgd_no_decay_grad_projection,18,2,60,torch.float32,1.1920928955078125e-07,3.920330339574255e-06,3.350149670693099e-05,1.063843217376133e-11,3.175509520313577e-07,4.992673056765843e-21,1.4902835835788737e-16,9.813799543242802e-08,0.002929275374869246,3.350248392864048e-05,9.813715680442862e-08,0.002929250171821842,3.350234019419043e-05,4.9326258324108346e-21,1.4723227702362688e-16,3.350284213561239e-05,7.247495933329581e-08,0.0021632480922046124,9.395923536183743e-06,9.395923536183743e-06,3.350248392864048e-05,9.813715680442862e-08,0.002929250171821842,0.010444652558793394,True
sgd_no_decay_grad_projection,18,3,49,torch.float32,1.1920928955078125e-07,5.138758647397377e-06,2.681837477883968e-05,1.1916382430760648e-11,4.443364867942315e-07,3.516773220896068e-21,1.3113297319087475e-16,8.982638883351392e-08,0.0033492179943658915,2.6820110351544682e-05,8.982545168544591e-08,0.0033491827777014527,2.681995993019497e-05,3.499152721022372e-21,1.304682307553669e-16,2.682012814253682e-05,6.693158234718305e-08,0.0024955728023174253,9.513371574812155e-06,9.513371574812155e-06,2.6820110351544682e-05,8.982545168544591e-08,0.0033491827777014527,0.009442020736714423,True
sgd_no_decay_grad_projection,18,4,60,torch.float32,1.1920928955078125e-07,8.425881056896194e-06,4.46593338693859e-05,3.1164841161079584e-11,6.978348860336041e-07,6.336603071003569e-21,1.4188754112494432e-16,1.1423273505547611e-07,0.0025577624125757204,4.466118878017108e-05,1.1423574750570576e-07,0.0025578304256071386,4.466104268209679e-05,6.250760332253691e-21,1.3996001787838744e-16,4.466139041369184e-05,8.455175966785152e-08,0.0018931734745528768,1.0823498797997934e-05,1.0823498797997934e-05,4.466118878017108e-05,1.1423574750570576e-07,0.0025578304256071386,0.010554419567805229,True
sgd_no_decay_grad_projection,18,5,53,torch.float32,1.1920928955078125e-07,5.678672305444112e-06,7.944626712928528e-05,2.8439635049848114e-11,3.579732072693541e-07,1.049726988351918e-20,1.3213043561174914e-16,8.990841608302035e-08,0.0011316977133283166,7.944562729546538e-05,8.990567290027584e-08,0.0011316629493767934,7.94455764239896e-05,1.035535804470879e-20,1.3034530694879391e-16,7.944557582861246e-05,6.729651940039816e-08,0.0008470769919973468,9.191417600075612e-06,9.191417600075612e-06,7.944562729546538e-05,8.990567290027584e-08,0.0011316629493767934,0.009781480595499898,True
sgd_no_decay_grad_projection,18,6,60,torch.float32,1.1920928955078125e-07,3.095485046437789e-06,3.6578809116499855e-05,1.0613560582230898e-11,2.901559902737065e-07,5.379063684760302e-21,1.4705409538152944e-16,9.829210459254712e-08,0.0026870604655341293,3.6579786054380776e-05,9.829357351510407e-08,0.0026871008312891018,3.657965399177084e-05,5.340874956362539e-21,1.4600671065844561e-16,3.658005945559537e-05,7.246232474995011e-08,0.0019809241928081694,9.349724771615834e-06,9.349724771615834e-06,3.6579786054380776e-05,9.829357351510407e-08,0.0026871008312891018,0.010512991121782169,True
sgd_no_decay_grad_projection,18,7,53,torch.float32,1.1920928955078125e-07,7.079248571757639e-06,1.8420368951010768e-05,1.0613820303010916e-11,5.76200201594144e-07,2.4602048874621457e-21,1.3355893652323163e-16,9.893598106511619e-08,0.005370393751625508,1.842248136301052e-05,9.893655655390777e-08,0.005370425112903466,1.8422215695410996e-05,2.473919050605803e-21,1.3428998397961763e-16,1.842242008576143e-05,7.373553891552903e-08,0.00400248928057605,1.0053119874883205e-05,1.0053119874883205e-05,1.842248136301052e-05,9.893655655390777e-08,0.005370425112903466,0.009841378376586522,True
sgd_no_decay_grad_projection,19,0,58,torch.float32,1.1920928955078125e-07,4.814231254404896e-06,3.471390608324897e-05,1.405325870680883e-11,4.04830809679184e-07,4.894226733516674e-21,1.4098749710793165e-16,1.0220397666954107e-07,0.0029440258974816557,3.4715717761492374e-05,1.0219843024851958e-07,0.0029438662611170575,3.471556733191108e-05,4.966130135719968e-21,1.4305196536871876e-16,3.471564994832605e-05,7.524232689999536e-08,0.002167389261384791,9.873368120434179e-06,9.873368120434179e-06,3.4715717761492374e-05,1.0219843024851958e-07,0.0029438662611170575,0.010350918653281757,True
sgd_no_decay_grad_projection,19,1,60,torch.float32,1.1920928955078125e-07,3.342961442244951e-06,4.272968351877098e-05,1.2492446957527945e-11,2.9235992239540137e-07,6.239212546593864e-21,1.4601588480881843e-16,1.0647385182612399e-07,0.0024917513502043507,4.273052652198421e-05,1.0647467775726827e-07,0.002491770788325968,4.2730393866532426e-05,6.223127345291796e-21,1.4563702278826674e-16,4.273054646836672e-05,7.853860996470528e-08,0.0018379968536757925,1.0189315201153022e-05,1.0189315201153022e-05,4.273052652198421e-05,1.0647467775726827e-07,0.002491770788325968,0.010449640202044157,True
sgd_no_decay_grad_projection,19,2,60,torch.float32,1.1920928955078125e-07,3.920330339574255e-06,3.5591618632573566e-05,1.1467162653228221e-11,3.2218716354567353e-07,5.240967892418177e-21,1.4725286721357195e-16,9.796426972137106e-08,0.002752422309825594,3.5592025964730245e-05,9.795381164337286e-08,0.002752128011494477,3.5591891173760585e-05,5.237294018260821e-21,1.4714851741629038e-16,3.55917603619127e-05,7.246225195410568e-08,0.0020359277320727487,9.395925200042967e-06,9.395925200042967e-06,3.5592025964730245e-05,9.795381164337286e-08,0.002752128011494477,0.01042513744606278,True
sgd_no_decay_grad_projection,19,3,49,torch.float32,1.1920928955078125e-07,5.138758647397377e-06,2.646084193224651e-05,1.1413538624174289e-11,4.313369413338726e-07,3.490865931909866e-21,1.3192573164711158e-16,8.98806175273631e-08,0.0033965160095441624,2.6462593210679612e-05,8.989093087133418e-08,0.003396905592572709,2.646244053473628e-05,3.4865293556486115e-21,1.3175388532557955e-16,2.646271108194822e-05,6.680705807083812e-08,0.0025245734597620713,9.513371275575161e-06,9.513371275575161e-06,2.6462593210679612e-05,8.989093087133418e-08,0.003396905592572709,0.009448903891948603,True
sgd_no_decay_grad_projection,19,4,60,torch.float32,1.1920928955078125e-07,8.425881056896194e-06,3.675248336114894e-05,2.6296600771722286e-11,7.155054126089458e-07,5.19979007733989e-21,1.4148132593505018e-16,1.135580624859611e-07,0.003089611427409859,3.675482030751211e-05,1.135525965427958e-07,0.0030894613439203084,3.6754644898914795e-05,5.235775901057881e-21,1.4245208776897938e-16,3.675461010401674e-05,8.450015603027431e-08,0.0022990355710790058,1.0823490927133048e-05,1.0823490927133048e-05,3.675482030751211e-05,1.135525965427958e-07,0.0030894613439203084,0.010491309810047937,True
sgd_no_decay_grad_projection,19,5,53,torch.float32,1.1920928955078125e-07,5.678672305444112e-06,8.449953089772414e-05,2.9536984085633284e-11,3.4955204806265754e-07,1.1068016268303325e-20,1.3098316819889115e-16,9.019768095071868e-08,0.0010674302097625236,8.449983951741924e-05,9.020254187397011e-08,0.0010674877300255142,8.449979137235219e-05,1.1144054957926643e-20,1.3188263280816701e-16,8.449980079693823e-05,6.692784776686795e-08,0.0007920474029010139,9.191422935919246e-06,9.191422935919246e-06,8.449983951741924e-05,9.020254187397011e-08,0.0010674877300255142,0.00981377339535392,True
sgd_no_decay_grad_projection,19,6,60,torch.float32,1.1920928955078125e-07,3.095485046437789e-06,4.28456369658432e-05,1.1916059157261745e-11,2.781160463727333e-07,6.2023479099311534e-21,1.4476031514891332e-16,9.721442564436563e-08,0.002268873636630415,4.284699961095129e-05,9.721402950667748e-08,0.002268864340312653,4.28468893280869e-05,6.241669345397886e-21,1.4567380370612717e-16,4.2847045722515006e-05,7.190613969481963e-08,0.0016782053110615004,9.34973054021315e-06,9.34973054021315e-06,4.284699961095129e-05,9.721402950667748e-08,0.002268864340312653,0.010397522055695656,True
sgd_no_decay_grad_projection,19,7,53,torch.float32,1.1920928955078125e-07,7.079248571757639e-06,2.1417713025899956e-05,1.2129809279431396e-11,5.663447476751179e-07,2.8866084158540753e-21,1.347766875185893e-16,9.921491337358893e-08,0.00463180954444503,2.1420362434752517e-05,9.920958056314996e-08,0.004631554711800384,2.1420132686220252e-05,2.8827250927527447e-21,1.3458016973943515e-16,2.1420565558361212e-05,7.406121107840457e-08,0.0034574815906060815,1.0053122807236192e-05,1.0053122807236192e-05,2.1420362434752517e-05,9.920958056314996e-08,0.004631554711800384,0.009868533635313731,True
sgd_no_decay_grad_projection,20,0,58,torch.float32,1.1920928955078125e-07,4.814231254404896e-06,3.590204199356454e-05,1.4816131500402617e-11,4.126821394465088e-07,5.173355679004691e-21,1.4409641880348918e-16,1.0096993937390701e-07,0.0028123087108309335,3.590286736024942e-05,1.0097291482168585e-07,0.0028123913839115822,3.590272537229083e-05,5.145069418045164e-21,1.4330581772535993e-16,3.5903035801211617e-05,7.472498097511736e-08,0.0020812997928324386,9.873368887440326e-06,9.873368887440326e-06,3.590286736024942e-05,1.0097291482168585e-07,0.0028123913839115822,0.010226794518954018,True
sgd_no_decay_grad_projection,20,1,60,torch.float32,1.1920928955078125e-07,3.342961442244951e-06,4.445050705407147e-05,1.2748751648003522e-11,2.8680778899766884e-07,6.406254762913318e-21,1.4412107279497944e-16,1.0681719677330816e-07,0.0024029873359488595,4.445182986345973e-05,1.0682002828121055e-07,0.0024030513166572406,4.4451701516269633e-05,6.4102801025537755e-21,1.442077554715778e-16,4.4451941555758814e-05,7.848520344193606e-08,0.0017656192439533204,1.018931636738157e-05,1.018931636738157e-05,4.445182986345973e-05,1.0682002828121055e-07,0.0024030513166572406,0.010483532400973133,True
sgd_no_decay_grad_projection,20,2,60,torch.float32,1.1920928955078125e-07,3.920330339574255e-06,3.8895516812751556e-05,1.291771281218259e-11,3.3211315520938473e-07,5.789777869192919e-21,1.488546327091124e-16,9.835558215844544e-08,0.0025286286407868756,3.889680832743826e-05,9.835830623147511e-08,0.0025286986377772293,3.8896683967981964e-05,5.769849666802211e-21,1.4833782930060818e-16,3.889673905837583e-05,7.251337760611669e-08,0.0018642533888840746,9.395928293448443e-06,9.395928293448443e-06,3.889680832743826e-05,9.835830623147511e-08,0.0025286986377772293,0.010468184000516268,True
sgd_no_decay_grad_projection,20,3,49,torch.float32,1.1920928955078125e-07,5.138758647397377e-06,3.149771876837197e-05,1.3603663809485066e-11,4.318936209166046e-07,4.126777954732517e-21,1.3101831231272382e-16,9.089747562313199e-08,0.0028857897697324164,3.149831270603632e-05,9.089528231273314e-08,0.0028857190910836954,3.149818155663756e-05,4.067608548124979e-21,1.2913788501761361e-16,3.149840747311514e-05,6.767923815047364e-08,0.0021486558711972963,9.513376297952745e-06,9.513376297952745e-06,3.149831270603632e-05,9.089528231273314e-08,0.0028857190910836954,0.009554471458497187,True
sgd_no_decay_grad_projection,20,4,60,torch.float32,1.1920928955078125e-07,8.425881056896194e-06,4.1230950909092214e-05,3.043288899769587e-11,7.381078613684079e-07,5.922175700162942e-21,1.4363422549293185e-16,1.134305720974516e-07,0.0027509935077269527,4.123257445049911e-05,1.134442068680439e-07,0.00275132485370849,4.123241838927085e-05,5.866487141072595e-21,1.4227851215729618e-16,4.123262409320865e-05,8.409267033723498e-08,0.0020394692840101274,1.0823494871605296e-05,1.0823494871605296e-05,4.123257445049911e-05,1.134442068680439e-07,0.00275132485370849,0.01048129169125003,True
sgd_no_decay_grad_projection,20,5,53,torch.float32,1.1920928955078125e-07,5.678672305444112e-06,8.370238613972345e-05,3.07705421711186e-11,3.6761845856764085e-07,1.1094097659119515e-20,1.3254219109836383e-16,9.082290871002811e-08,0.0010850844901055727,8.370123931657446e-05,9.082803417021781e-08,0.0010851456311977464,8.37011900357377e-05,1.1152271522999924e-20,1.3323910350902137e-16,8.370128187990309e-05,6.723310551089295e-08,0.0008032506074083891,9.191422771300069e-06,9.191422771300069e-06,8.370123931657446e-05,9.082803417021781e-08,0.0010851456311977464,0.009881825309333559,True
sgd_no_decay_grad_projection,20,6,60,torch.float32,1.1920928955078125e-07,3.095485046437789e-06,4.3305739365790915e-05,1.2260396480361782e-11,2.831125079473138e-07,6.319383466154075e-21,1.4592484873139664e-16,9.715368526311449e-08,0.0022433956070121467,4.330653453799561e-05,9.716356481253093e-08,0.002243623643616256,4.330642553862278e-05,6.299972295592289e-21,1.454743081941424e-16,4.3306553095447075e-05,7.175314767021613e-08,0.0016568658214860261,9.349730608098278e-06,9.349730608098278e-06,4.330653453799561e-05,9.716356481253093e-08,0.002243623643616256,0.01039212453120014,True
sgd_no_decay_grad_projection,20,7,53,torch.float32,1.1920928955078125e-07,7.079248571757639e-06,1.9556051440451786e-05,1.0957555268302391e-11,5.603153224293855e-07,2.6409277407335213e-21,1.3504401687506122e-16,9.893027420734562e-08,0.005058477017952134,1.955732123140612e-05,9.89323449954161e-08,0.005058583628341985,1.9557071001034956e-05,2.661070227420738e-21,1.3606691039163865e-16,1.9557384119327084e-05,7.346653167928193e-08,0.003756460027119911,1.0053120925442447e-05,1.0053120925442447e-05,1.955732123140612e-05,9.89323449954161e-08,0.005058583628341985,0.00984095841770271,True
sgd_no_decay_grad_projection,21,0,58,torch.float32,1.1920928955078125e-07,4.814231254404896e-06,3.746100255247671e-05,1.492320997914156e-11,3.983665401970114e-07,5.3633674559823966e-21,1.431720213165578e-16,1.0144987547482639e-07,0.002707950360917511,3.746371209509534e-05,1.0144906284414694e-07,0.0027079287441307345,3.7463574736426864e-05,5.290482242404121e-21,1.412166959406583e-16,3.746389862778457e-05,7.498923800345251e-08,0.0020016399987757227,9.873370138680655e-06,9.873370138680655e-06,3.746371209509534e-05,1.0144906284414694e-07,0.0027079287441307345,0.01027501870376585,True
sgd_no_decay_grad_projection,21,1,60,torch.float32,1.1920928955078125e-07,3.342961442244951e-06,4.5623217548460034e-05,1.263264867529393e-11,2.7689078837711944e-07,6.5764293286396185e-21,1.4414654822743538e-16,1.0736157187050772e-07,0.002353148247037531,4.562465349140745e-05,1.073660919001782e-07,0.0023532472837387926,4.5624527161750486e-05,6.5804630118969945e-21,1.4423082103552743e-16,4.562493435048464e-05,7.932841892652261e-08,0.0017387075741771443,1.0189316946695352e-05,1.0189316946695352e-05,4.562465349140745e-05,1.073660919001782e-07,0.0023532472837387926,0.010537123583637242,True
sgd_no_decay_grad_projection,21,2,60,torch.float32,1.1920928955078125e-07,3.920330339574255e-06,4.241625184079397e-05,1.3876516105571906e-11,3.2715092690547736e-07,6.286323899252099e-21,1.482055492042921e-16,9.916016132841839e-08,0.002337758461382674,4.241677152096474e-05,9.91605226653132e-08,0.002337766857534231,4.2416655613714646e-05,6.338077517071593e-21,1.49424263308074e-16,4.241689556780076e-05,7.325376257487552e-08,0.001726994906022388,9.395931067616401e-06,9.395931067616401e-06,4.241677152096474e-05,9.91605226653132e-08,0.002337766857534231,0.010553560041226297,True
sgd_no_decay_grad_projection,21,3,49,torch.float32,1.1920928955078125e-07,5.138758647397377e-06,3.4709540588117906e-05,1.4959527383398263e-11,4.309918002348711e-07,4.50779268424498e-21,1.298718625445751e-16,9.068138860112559e-08,0.0026124778764047636,3.471088655016763e-05,9.06845651122477e-08,0.002612568393526375,3.471076809015119e-05,4.578939239473836e-21,1.3191696673439677e-16,3.4711376212454805e-05,6.747262244571337e-08,0.0019438187075251569,9.513379081433675e-06,9.513379081433675e-06,3.471088655016763e-05,9.06845651122477e-08,0.002612568393526375,0.009532319098818192,True
sgd_no_decay_grad_projection,21,4,60,torch.float32,1.1920928955078125e-07,8.425881056896194e-06,3.510489553564733e-05,2.585673644805691e-11,7.365564276298912e-07,5.13396925805741e-21,1.46246532847406e-16,1.1310364028968825e-07,0.0032217171277676682,3.5106653769240566e-05,1.1310647389872847e-07,0.0032217959205735835,3.510647156577965e-05,5.170311671834214e-21,1.4727517295910825e-16,3.510658036718953e-05,8.376437441497621e-08,0.0023860020981497265,1.0823488640831385e-05,1.0823488640831385e-05,3.5106653769240566e-05,1.1310647389872847e-07,0.0032217959205735835,0.010450094017933982,True
sgd_no_decay_grad_projection,21,5,53,torch.float32,1.1920928955078125e-07,5.678672305444112e-06,6.470572653469589e-05,2.3281412165711693e-11,3.5980450900629264e-07,8.665894426352296e-21,1.3392778182787445e-16,8.94502930720102e-08,0.0013824049107762422,6.470628581392696e-05,8.945129867829532e-08,0.0013824205415765404,6.470622398424104e-05,8.592874084834672e-21,1.327982619867825e-16,6.470625451298725e-05,6.662551965784724e-08,0.001029661199822264,9.19140500696477e-06,9.19140500696477e-06,6.470628581392696e-05,8.945129867829532e-08,0.0013824205415765404,0.009732059310901193,True
sgd_no_decay_grad_projection,21,6,60,torch.float32,1.1920928955078125e-07,3.095485046437789e-06,4.930810127197917e-05,1.3648068318365375e-11,2.767916015075053e-07,7.158083834318974e-21,1.4517054296688257e-16,9.751786750446169e-08,0.001977684954352127,4.930908932057305e-05,9.749828090791687e-08,0.0019772882089557882,4.9308992929378214e-05,7.122544761364169e-21,1.4444717562099244e-16,4.9309032592518635e-05,7.186216057934967e-08,0.0014573832987802907,9.349736117057464e-06,9.349736117057464e-06,4.930908932057305e-05,9.749828090791687e-08,0.0019772882089557882,0.010427917931292524,True
sgd_no_decay_grad_projection,21,7,53,torch.float32,1.1920928955078125e-07,7.079248571757639e-06,2.1843216004009486e-05,1.253761748929605e-11,5.739822142945743e-07,2.931925837803753e-21,1.3422592338353744e-16,9.849667503257908e-08,0.004508962397803888,2.1844647791044797e-05,9.849276142484336e-08,0.004508782305257419,2.184442574870636e-05,2.951375975110644e-21,1.3510888356886316e-16,2.184480607000226e-05,7.338061113461763e-08,0.0033591788775541205,1.0053123044072837e-05,1.0053123044072837e-05,2.1844647791044797e-05,9.849276142484336e-08,0.004508782305257419,0.009797230272926297,True
sgd_no_decay_grad_projection,22,0,58,torch.float32,1.1920928955078125e-07,4.814231254404896e-06,4.087391713669259e-05,1.64743666388606e-11,4.030532866171402e-07,5.855120366221211e-21,1.432483298980301e-16,1.0123449486345208e-07,0.0024767942984864192,4.0873196850891226e-05,1.0124040186611251e-07,0.0024769386704799677,4.087307146756572e-05,5.858346386249126e-21,1.4333022148575105e-16,4.087316717168345e-05,7.472265569655578e-08,0.00182815917794408,9.873373051641333e-06,9.873373051641333e-06,4.0873196850891226e-05,1.0124040186611251e-07,0.0024769386704799677,0.010253881964814696,True
sgd_no_decay_grad_projection,22,1,60,torch.float32,1.1920928955078125e-07,3.342961442244951e-06,5.1516268446998205e-05,1.4872766498482673e-11,2.8870038430256864e-07,7.413628851427547e-21,1.439084987115335e-16,1.0596273702678091e-07,0.002056894117630939,5.1515890186993716e-05,1.0596289520426516e-07,0.002056897295565277,5.1515781209482165e-05,7.553576071978391e-21,1.466264491120258e-16,5.1515842427970106e-05,7.814949861583246e-08,0.0015169993332653303,1.0189322063097513e-05,1.0189322063097513e-05,5.1515890186993716e-05,1.0596289520426516e-07,0.002056897295565277,0.010399405823870176,True
sgd_no_decay_grad_projection,22,2,60,torch.float32,1.1920928955078125e-07,3.920330339574255e-06,4.2869018862777584e-05,1.384642640123478e-11,3.229937789235804e-07,6.341227513173826e-21,1.4792098539675544e-16,9.82596238193448e-08,0.0022920660111058794,4.286945468017247e-05,9.825973260327807e-08,0.0022920686380628053,4.286934207099883e-05,6.292636887173839e-21,1.4678641152813066e-16,4.2869617887760236e-05,7.243890749287866e-08,0.001689749315763339,9.395931284965095e-06,9.395931284965095e-06,4.286945468017247e-05,9.825973260327807e-08,0.0022920686380628053,0.010457689570432305,True
sgd_no_decay_grad_projection,22,3,49,torch.float32,1.1920928955078125e-07,5.138758647397377e-06,3.4943105500333297e-05,1.444886331334065e-11,4.1349682881513874e-07,4.604666948712588e-21,1.3177612243620019e-16,9.009436071584468e-08,0.0025782988117919185,3.494334506818192e-05,9.009284013086335e-08,0.002578254599125327,3.4943228926849205e-05,4.574764423288791e-21,1.309199110610438e-16,3.494320484634996e-05,6.689909241563115e-08,0.0019145093505245324,9.51337927332043e-06,9.51337927332043e-06,3.494334506818192e-05,9.009284013086335e-08,0.002578254599125327,0.009470119664368061,True
sgd_no_decay_grad_projection,22,4,60,torch.float32,1.1920928955078125e-07,8.425881056896194e-06,4.062160357805399e-05,3.3546692917756185e-11,8.2583379194513e-07,6.0471799876381256e-21,1.4886610707084946e-16,1.1235410600518931e-07,0.0027658202303009064,4.062234788577779e-05,1.1237308993492863e-07,0.0027662874201880234,4.062219245734791e-05,5.9608447125472906e-21,1.4673862615381973e-16,4.062245818757807e-05,8.3282375015312e-08,0.0020501559662083396,1.0823493643560348e-05,1.0823493643560348e-05,4.062234788577779e-05,1.1237308993492863e-07,0.0027662874201880234,0.010382330662871246,True
sgd_no_decay_grad_projection,22,5,53,torch.float32,1.1920928955078125e-07,5.678672305444112e-06,7.321211953792276e-05,2.5564678190552938e-11,3.4918642366733863e-07,9.590872232810183e-21,1.3100115518227607e-16,9.120267566578004e-08,0.0012457312840030057,7.321213922033443e-05,9.120063546927171e-08,0.0012457037376656934,7.321208241582615e-05,9.746911554534792e-21,1.3313255453075074e-16,7.321218140865421e-05,6.735976575237176e-08,0.0009200622690967837,9.191413177931417e-06,9.191413177931417e-06,7.321213922033443e-05,9.120063546927171e-08,0.0012457037376656934,0.009922373600638957,True
sgd_no_decay_grad_projection,22,6,60,torch.float32,1.1920928955078125e-07,3.095485046437789e-06,4.778042031126147e-05,1.3578724235977248e-11,2.8419013787488283e-07,6.938120466612e-21,1.4520844357195868e-16,9.775230963339191e-08,0.002045819897173278,4.778148050211232e-05,9.774443580579835e-08,0.002045655236686885,4.778138052629924e-05,6.880176326778372e-21,1.4399283258447232e-16,4.7781665662089633e-05,7.20218494894826e-08,0.001507311402637546,9.349734306138764e-06,9.349734306138764e-06,4.778148050211232e-05,9.774443580579835e-08,0.002045655236686885,0.010454247426220678,True
sgd_no_decay_grad_projection,22,7,53,torch.float32,1.1920928955078125e-07,7.079248571757639e-06,2.2077418410322786e-05,1.2317011794056982e-11,5.579009087538011e-07,3.04241843670414e-21,1.37806802414999e-16,9.956267129827724e-08,0.004509364736787775,2.207908786020089e-05,9.956344912334763e-08,0.004509400467707625,2.2078863373327646e-05,3.027767637926413e-21,1.3713421686299783e-16,2.2079209213244097e-05,7.409162098285882e-08,0.0033557189601888166,1.0053123250248776e-05,1.0053123250248776e-05,2.207908786020089e-05,9.956344912334763e-08,0.004509400467707625,0.00990373306334266,True
sgd_no_decay_grad_projection,23,0,58,torch.float32,1.1920928955078125e-07,4.814231254404896e-06,4.84617143615872e-05,2.019743842563757e-11,4.167710261947917e-07,6.964578299713695e-21,1.4371299883758797e-16,1.0169787920234458e-07,0.0020985151904725757,4.846182587203746e-05,1.017165942482311e-07,0.0020989014016271662,4.846171912536878e-05,6.973763143160134e-21,1.4390251251960854e-16,4.846185129262326e-05,7.523861524885616e-08,0.001552532832362283,9.873380240854211e-06,9.873380240854211e-06,4.846182587203746e-05,1.017165942482311e-07,0.0020989014016271662,0.010302104422895286,True
sgd_no_decay_grad_projection,23,1,60,torch.float32,1.1920928955078125e-07,3.342961442244951e-06,6.403511413180146e-05,1.738858125214867e-11,2.715475952203084e-07,9.304236390669773e-21,1.4529897411472555e-16,1.0625163163892519e-07,0.0016592796925567815,6.403482147080513e-05,1.0624938776969991e-07,0.0016592439133783065,6.40347333239195e-05,9.26180750853368e-21,1.4463724650312599e-16,6.40349595399078e-05,7.854864137202291e-08,0.0012266524713437181,1.0189333471838481e-05,1.0189333471838481e-05,6.403482147080513e-05,1.0624938776969991e-07,0.0016592439133783065,0.010427511089253725,True
sgd_no_decay_grad_projection,23,2,60,torch.float32,1.1920928955078125e-07,3.920330339574255e-06,4.1955377505656306e-05,1.381930508338019e-11,3.2938102109835884e-07,6.244105351986801e-21,1.4882729516961985e-16,9.900362664644918e-08,0.0023596486060725942,4.19569369130248e-05,9.900826584862533e-08,0.0023597591514810975,4.195682009503147e-05,6.227485393067517e-21,1.4842605752681853e-16,4.19570365385704e-05,7.31498485261701e-08,0.0017434465005392997,9.395929816319841e-06,9.395929816319841e-06,4.19569369130248e-05,9.900826584862533e-08,0.0023597591514810975,0.01053735689645716,True
sgd_no_decay_grad_projection,23,3,49,torch.float32,1.1920928955078125e-07,5.138758647397377e-06,3.540751378243304e-05,1.5988766337788786e-11,4.5156421984424664e-07,4.61160829462009e-21,1.3024377602328424e-16,8.983576640963757e-08,0.0025371373933406904,3.54083128748198e-05,8.983700040765336e-08,0.0025371725765431733,3.54081989086495e-05,4.634802175817012e-21,1.3089629855995936e-16,3.540822975635107e-05,6.730606485712813e-08,0.0019008593572813575,9.513379721667406e-06,9.513379721667406e-06,3.54083128748198e-05,8.983700040765336e-08,0.0025371725765431733,0.009443226596226695,True
sgd_no_decay_grad_projection,23,4,60,torch.float32,1.1920928955078125e-07,8.425881056896194e-06,7.205872881803574e-05,4.30295744601909e-11,5.971458998236023e-07,1.0302829107738063e-20,1.4297822452234517e-16,1.1365634346300962e-07,0.0015772795751761602,7.205845783657439e-05,1.1366476708611807e-07,0.0015773966096236068,7.20583681893095e-05,1.028554462697023e-20,1.4273907230244746e-16,7.205836286007221e-05,8.45399015749723e-08,0.0011732142976816943,1.0823523371524751e-05,1.0823523371524751e-05,7.205845783657439e-05,1.1366476708611807e-07,0.0015773966096236068,0.01050164195008392,True
sgd_no_decay_grad_projection,23,5,53,torch.float32,1.1920928955078125e-07,5.678672305444112e-06,0.00020535459967415342,7.157710822296471e-11,3.485537131213021e-07,2.7076739940527597e-20,1.3185358391530201e-16,9.073160391268341e-08,0.00044182622980298104,0.00020535584479239405,9.074367507608891e-08,0.00044188503700893865,0.00020535582474325695,2.6957232030056235e-20,1.3127084203118714e-16,0.00020535578206012304,6.734239321958641e-08,0.0003279303487051085,9.191539229756813e-06,9.191539229756813e-06,0.00020535584479239405,9.074367507608891e-08,0.00044188503700893865,0.009872522197622148,True
sgd_no_decay_grad_projection,23,6,60,torch.float32,1.1920928955078125e-07,3.095485046437789e-06,4.794876563070489e-05,1.261466336870882e-11,2.6308630061230993e-07,6.987290268830749e-21,1.4572409063970871e-16,9.739012258711598e-08,0.0020311211229723,4.7948967782677824e-05,9.739076687742498e-08,0.002031133752843969,4.7948868875738904e-05,6.979927586615509e-21,1.4557022407982605e-16,4.794877540563293e-05,7.171024694763443e-08,0.0014955595078494967,9.349734694542037e-06,9.349734694542037e-06,4.7948967782677824e-05,9.739076687742498e-08,0.002031133752843969,0.010416420364770074,True
sgd_no_decay_grad_projection,23,7,53,torch.float32,1.1920928955078125e-07,7.079248571757639e-06,2.7511559549002298e-05,1.5440991802570694e-11,5.612546891450456e-07,3.7376123183463825e-21,1.3585606848967291e-16,9.905719978964308e-08,0.0036004034752714935,2.751280769031039e-05,9.905073334372768e-08,0.0036001681274649374,2.7512629390086046e-05,3.719470293598317e-21,1.3519137850701389e-16,2.751300691705826e-05,7.357538749055259e-08,0.002674203794312839,1.0053128481055732e-05,1.0053128481055732e-05,2.751280769031039e-05,9.905073334372768e-08,0.0036001681274649374,0.009852727290850842,True
sgd_no_decay_grad_projection,24,0,58,torch.float32,1.1920928955078125e-07,4.814231254404896e-06,4.2587449062330694e-05,1.785465724098499e-11,4.1924692917983973e-07,6.060995090645663e-21,1.423188104498902e-16,1.0118949356152652e-07,0.00237604384436847,4.258738965198055e-05,1.011878834280962e-07,0.002376005767317331,4.258726944031359e-05,6.0206321036267524e-21,1.4137163952398306e-16,4.258736153754924e-05,7.47098268915534e-08,0.001754272258113051,9.87337442940373e-06,9.87337442940373e-06,4.258738965198055e-05,1.011878834280962e-07,0.002376005767317331,0.010248561335499468,True
sgd_no_decay_grad_projection,24,1,60,torch.float32,1.1920928955078125e-07,3.342961442244951e-06,5.05391607167651e-05,1.4241627463068972e-11,2.8179390518340504e-07,7.261773750899188e-21,1.4368607725000398e-16,1.0608091479006759e-07,0.002098966613752291,5.053959182013568e-05,1.060821847866664e-07,0.002098991720475308,5.0539480487199275e-05,7.22782023065356e-21,1.4301334641704982e-16,5.053970715833349e-05,7.823132309980857e-08,0.0015479180133498064,1.0189319727472149e-05,1.0189319727472149e-05,5.053959182013568e-05,1.060821847866664e-07,0.002098991720475308,0.010411115523311205,True
sgd_no_decay_grad_projection,24,2,60,torch.float32,1.1920928955078125e-07,3.920330339574255e-06,4.5667775909433805e-05,1.4886843627866332e-11,3.259813584394656e-07,6.791554934327188e-21,1.487165687200586e-16,9.865504926042745e-08,0.002160242435769026,4.5668504402137195e-05,9.86530392584752e-08,0.002160198599669019,4.5668397846934254e-05,6.740424959650116e-21,1.4759495137626344e-16,4.5668731033893315e-05,7.268932611365786e-08,0.001591665116766898,9.395933099212374e-06,9.395933099212374e-06,4.5668504402137195e-05,9.86530392584752e-08,0.002160198599669019,0.010499546795064443,True
sgd_no_decay_grad_projection,24,3,49,torch.float32,1.1920928955078125e-07,5.138758647397377e-06,3.4655532058109965e-05,1.553837795894854e-11,4.483664522274245e-07,4.5292534048407806e-21,1.3069351805785696e-16,8.889846554533432e-08,0.002565097623938283,3.465695710699017e-05,8.890581423264902e-08,0.0025653092958561295,3.4656843071346704e-05,4.498399149468436e-21,1.2979829525175605e-16,3.4657025167965975e-05,6.669049455861611e-08,0.0019242994525756115,9.513378897304454e-06,9.513378897304454e-06,3.465695710699017e-05,8.890581423264902e-08,0.0025653092958561295,0.009345345664497798,True
sgd_no_decay_grad_projection,24,4,60,torch.float32,1.1920928955078125e-07,8.425881056896194e-06,3.6995580015190534e-05,3.0053523106765365e-11,8.123544243508351e-07,5.346921924844568e-21,1.4452866863151938e-16,1.1453721856081026e-07,0.003095973136971745,3.699552864981194e-05,1.1455551751313047e-07,0.003096469267880371,3.6995351290567084e-05,5.269646134561891e-21,1.424407648726807e-16,3.6995427124936474e-05,8.455238200227387e-08,0.0022854819790763276,1.0823489366120405e-05,1.0823489366120405e-05,3.699552864981194e-05,1.1455551751313047e-07,0.003096469267880371,0.010583972842594661,True
sgd_no_decay_grad_projection,24,5,53,torch.float32,1.1920928955078125e-07,5.678672305444112e-06,6.030901401696176e-05,2.207824403665569e-11,3.660853090791078e-07,7.818844146843411e-21,1.2964636007222575e-16,8.990652765625665e-08,0.0014907252852189357,6.031059532452295e-05,8.990305719872512e-08,0.0014906677129444541,6.03105283166934e-05,8.035266633913012e-21,1.3323157429030386e-16,6.031063888345832e-05,6.713689146167908e-08,0.001113184882544712,9.191402388773242e-06,9.191402388773242e-06,6.031059532452295e-05,8.990305719872512e-08,0.0014906677129444541,0.009781212202017879,True
sgd_no_decay_grad_projection,24,6,60,torch.float32,1.1920928955078125e-07,3.095485046437789e-06,5.55622047476633e-05,1.503202097953276e-11,2.705439974493622e-07,8.207444737214667e-21,1.4771632577377405e-16,9.747120867927164e-08,0.0017542453398980277,5.556303969951809e-05,9.74683888507596e-08,0.0017541946836937535,5.5562954210187544e-05,8.098115670656255e-21,1.4574667214457533e-16,5.556314722847418e-05,7.186179496075994e-08,0.0012933355748418309,9.3497417766643e-06,9.3497417766643e-06,5.556303969951809e-05,9.74683888507596e-08,0.0017541946836937535,0.010424714519285188,True
sgd_no_decay_grad_projection,24,7,53,torch.float32,1.1920928955078125e-07,7.079248571757639e-06,2.3167073710758773e-05,1.3634626687766967e-11,5.885346961811175e-07,3.1177593292493597e-21,1.345771748376669e-16,9.964189299291456e-08,0.004300686592733008,2.31688413278535e-05,9.963065542626346e-08,0.004300200170411104,2.3168627110982466e-05,3.1386010250991687e-21,1.3546771718775685e-16,2.3168734666577626e-05,7.424778353941824e-08,0.0032046542294139778,1.0053124250122972e-05,1.0053124250122972e-05,2.31688413278535e-05,9.963065542626346e-08,0.004300200170411104,0.0099104171944403,True
sgd_no_decay_grad_projection,25,0,58,torch.float32,1.1920928955078125e-07,4.814231254404896e-06,4.3113636296244954e-05,1.7793017735874747e-11,4.127004647349696e-07,6.200968414253215e-21,1.4382847161499632e-16,1.016087594985568e-07,0.002356736056020938,4.3114193335908875e-05,1.0159437617153713e-07,0.0023564021105532637,4.31140736371415e-05,6.1990354259487844e-21,1.4378217836990701e-16,4.311438121711768e-05,7.496917808098657e-08,0.0017388438837485063,9.873374506349243e-06,9.873374506349243e-06,4.3114193335908875e-05,1.0159437617153713e-07,0.0023564021105532637,0.010289731854717465,True
sgd_no_decay_grad_projection,25,1,60,torch.float32,1.1920928955078125e-07,3.342961442244951e-06,5.260923800319281e-05,1.569143267365892e-11,2.9826382721427407e-07,7.62813217251361e-21,1.4499605890606142e-16,1.069892746812216e-07,0.0020336237523550568,5.2610154536053346e-05,1.0698659363324932e-07,0.0020335730730449042,5.2610045753412885e-05,7.629098274840952e-21,1.4501219616114935e-16,5.261015613775719e-05,7.916073224764282e-08,0.001504666362144302,1.0189321383077992e-05,1.0189321383077992e-05,5.2610154536053346e-05,1.0698659363324932e-07,0.0020335730730449042,0.010499874291032597,True
sgd_no_decay_grad_projection,25,2,60,torch.float32,1.1920928955078125e-07,3.920330339574255e-06,4.5362597818170716e-05,1.4885532219882174e-11,3.281454973004111e-07,6.762486682547233e-21,1.4907626564188469e-16,9.795107296937043e-08,0.0021592712397650697,4.536302324118839e-05,9.795108927582353e-08,0.0021592716330883035,4.536291748956088e-05,6.7288346181878346e-21,1.4833337427506298e-16,4.536315853791366e-05,7.258035091112015e-08,0.00159998450836396,9.395932483746525e-06,9.395932483746525e-06,4.536302324118839e-05,9.795108927582353e-08,0.0021592716330883035,0.01042483962557877,True
sgd_no_decay_grad_projection,25,3,49,torch.float32,1.1920928955078125e-07,5.138758647397377e-06,3.4838215300272694e-05,1.4726592117007568e-11,4.2271373519217833e-07,4.613034995342829e-21,1.3241306868285912e-16,8.942715886165218e-08,0.002566857631843672,3.483916114116866e-05,8.942183399260093e-08,0.00256670456645792,3.4839046381264826e-05,4.6139833415088555e-21,1.324371307703212e-16,3.483925087471035e-05,6.705735280784343e-08,0.0019247644861537492,9.513379181234773e-06,9.513379181234773e-06,3.483916114116866e-05,8.942183399260093e-08,0.00256670456645792,0.009399586864884594,True
sgd_no_decay_grad_projection,25,4,60,torch.float32,1.1920928955078125e-07,8.425881056896194e-06,4.618508781822361e-05,3.2506070954258275e-11,7.038217851224286e-07,6.605553030924089e-21,1.430235026709058e-16,1.1316427864929805e-07,0.00245021743376862,4.6185402069277014e-05,1.1316347064129481e-07,0.002450199967330636,4.61852634325029e-05,6.695565921017076e-21,1.449719114583434e-16,4.6185261186731686e-05,8.391678637003819e-08,0.0018169603075482053,1.0823497669667376e-05,1.0823497669667376e-05,4.6185402069277014e-05,1.1316347064129481e-07,0.002450199967330636,0.010455351319419881,True
sgd_no_decay_grad_projection,25,5,53,torch.float32,1.1920928955078125e-07,5.678672305444112e-06,6.652884519419662e-05,2.638924990016048e-11,3.9665876993852345e-07,8.89528924611217e-21,1.3370575154502777e-16,8.950273321500709e-08,0.0013453178244877543,6.65290695561561e-05,8.949766523400613e-08,0.0013452414986574045,6.652900935814222e-05,8.961774951707436e-21,1.347047707183489e-16,6.652887187898672e-05,6.650113916401006e-08,0.0009995831476741841,9.191408296553906e-06,9.191408296553906e-06,6.65290695561561e-05,8.949766523400613e-08,0.0013452414986574045,0.009737100381838231,True
sgd_no_decay_grad_projection,25,6,60,torch.float32,1.1920928955078125e-07,3.095485046437789e-06,5.087539376638581e-05,1.4319384350862302e-11,2.8145992179668103e-07,7.442784617635913e-21,1.4629438843879327e-16,9.764148500372384e-08,0.0019192025649089131,5.0876085645848905e-05,9.762200771610305e-08,0.0019188191559322185,5.087599198627347e-05,7.411715823489043e-21,1.4568199133077841e-16,5.087612952071363e-05,7.214857846547425e-08,0.0014181223914861642,9.349737064873932e-06,9.349737064873932e-06,5.0876085645848905e-05,9.762200771610305e-08,0.0019188191559322185,0.0104411500600225,True
sgd_no_decay_grad_projection,25,7,53,torch.float32,1.1920928955078125e-07,7.079248571757639e-06,2.539227236580323e-05,1.4003852461875434e-11,5.515005612784373e-07,3.3863237584386343e-21,1.3336040625492204e-16,9.872498906070837e-08,0.0038875366649151885,2.53952530434996e-05,9.871604928077991e-08,0.0038871851015498415,2.5395061178996795e-05,3.392782399350287e-21,1.336000876483935e-16,2.539561175631397e-05,7.3582278649017e-08,0.002897440682078574,1.0053126462547249e-05,1.0053126462547249e-05,2.53952530434996e-05,9.871604928077991e-08,0.0038871851015498415,0.009819437729003497,True
sgd_no_decay_grad_projection,26,0,58,torch.float32,1.1920928955078125e-07,4.814231254404896e-06,4.50318171232428e-05,1.848758478950242e-11,4.105449428990554e-07,6.4085187554287035e-21,1.4231090737223527e-16,1.0154785591023813e-07,0.0022549814077363582,4.5032677213122214e-05,1.0156650311717196e-07,0.002255395623859915,4.503256267665323e-05,6.40701887299724e-21,1.4227524467131665e-16,4.503278216660456e-05,7.494987512527448e-08,0.0016643403209685734,9.873376268117384e-06,9.873376268117384e-06,4.5032677213122214e-05,1.0156650311717196e-07,0.002255395623859915,0.010286906966682255,True
sgd_no_decay_grad_projection,26,1,60,torch.float32,1.1920928955078125e-07,3.342961442244951e-06,5.840146399793228e-05,1.7675836069567923e-11,3.0266083860832224e-07,8.435566243241639e-21,1.444410065395054e-16,1.0749607387814919e-07,0.0018406195301826946,5.84021068692493e-05,1.0749558765830517e-07,0.0018406114679897837,5.840200794035981e-05,8.286579963996437e-21,1.4188861404317984e-16,5.84021914152304e-05,7.925917413214137e-08,0.001357126714109426,1.0189326610534042e-05,1.0189326610534042e-05,5.84021068692493e-05,1.0749558765830517e-07,0.0018406114679897837,0.01054982255129332,True
sgd_no_decay_grad_projection,26,2,60,torch.float32,1.1920928955078125e-07,3.920330339574255e-06,5.162296302897313e-05,1.7531277452370928e-11,3.3960230919971767e-07,7.66417572984712e-21,1.4846446775141678e-16,9.839748311881143e-08,0.0019060339581831196,5.162419811757887e-05,9.839257480239205e-08,0.0019059390439013482,5.162410435236874e-05,7.598578324164923e-21,1.4719051147695636e-16,5.1624001429793376e-05,7.288078039131621e-08,0.0014117615522390534,9.395938186098134e-06,9.395938186098134e-06,5.162419811757887e-05,9.839257480239205e-08,0.0019059390439013482,0.010471820147558004,True
sgd_no_decay_grad_projection,26,3,49,torch.float32,1.1920928955078125e-07,5.138758647397377e-06,4.056265328159407e-05,1.841484688352708e-11,4.5398526461490376e-07,5.243855587315698e-21,1.2927792348573306e-16,9.04845650215978e-08,0.0022306675703616633,4.0563897009586256e-05,9.048311177884594e-08,0.0022306316318045707,4.056379609221509e-05,5.250195813400438e-21,1.294305838996179e-16,4.0564213022464014e-05,6.76095289751305e-08,0.0016667284765931262,9.513384403352165e-06,9.513384403352165e-06,4.0563897009586256e-05,9.048311177884594e-08,0.0022306316318045707,0.009511137986494379,True
sgd_no_decay_grad_projection,26,4,60,torch.float32,1.1920928955078125e-07,8.425881056896194e-06,4.862185012699206e-05,3.582929010030886e-11,7.368968890885231e-07,7.004082748112971e-21,1.440521644038923e-16,1.1367483086824245e-07,0.002337912893942864,4.862236662840864e-05,1.1368146520158215e-07,0.0023380487846340527,4.862223373182125e-05,7.023175358301102e-21,1.444437003252017e-16,4.8622603036765295e-05,8.420996295938463e-08,0.0017319098053164793,1.0823499756829562e-05,1.0823499756829562e-05,4.862236662840864e-05,1.1368146520158215e-07,0.0023380487846340527,0.010503207627445072,True
sgd_no_decay_grad_projection,26,5,53,torch.float32,1.1920928955078125e-07,5.678672305444112e-06,8.344403843050672e-05,3.1532880059116086e-11,3.778925451382255e-07,1.1003524560538246e-20,1.3186711438592354e-16,9.046994492027677e-08,0.0010841820626255757,8.344533910994593e-05,9.04791617767676e-08,0.001084292576935352,8.344529005698978e-05,1.103600231384241e-20,1.3225434660608482e-16,8.344549485209273e-05,6.69197700660243e-08,0.0008019578550602367,9.191424894726612e-06,9.191424894726612e-06,8.344533910994593e-05,9.04791617767676e-08,0.001084292576935352,0.009843866735904911,True
sgd_no_decay_grad_projection,26,6,60,torch.float32,1.1920928955078125e-07,3.095485046437789e-06,6.568351337143689e-05,1.8204983631212895e-11,2.771621476498166e-07,9.372812046835323e-21,1.4269656974396167e-16,9.766123984303523e-08,0.0014868259230380097,6.568438047831173e-05,9.767351178872421e-08,0.0014870127582458502,6.568430785739251e-05,9.554720650727665e-21,1.4546428153695342e-16,6.568452155782948e-05,7.194544602903387e-08,0.001095318110305366,9.349751039805013e-06,9.349751039805013e-06,6.568438047831173e-05,9.767351178872421e-08,0.0014870127582458502,0.010446643057434946,True
sgd_no_decay_grad_projection,26,7,53,torch.float32,1.1920928955078125e-07,7.079248571757639e-06,2.8098992881110632e-05,1.5075671793062663e-11,5.365200047150866e-07,3.780946054415336e-21,1.3455806300294832e-16,1.0004915317205015e-07,0.0035606401665057882,2.8098640049116142e-05,1.000487963809565e-07,0.0035606277103116804,2.8098461930293198e-05,3.762698289938472e-21,1.3391118344032466e-16,2.8098542748809533e-05,7.459272105815946e-08,0.0026546829038427543,1.0053128867175045e-05,1.0053128867175045e-05,2.8098640049116142e-05,1.000487963809565e-07,0.0035606277103116804,0.009952005758886731,True
sgd_no_decay_grad_projection,27,0,58,torch.float32,1.1920928955078125e-07,4.814231254404896e-06,4.5591104075580156e-05,1.9070752264258424e-11,4.182998558807274e-07,6.46979525198429e-21,1.4190915932326051e-16,1.0038904607961401e-07,0.002201887700523564,4.55922625398273e-05,1.0038761760796776e-07,0.0022018564558026433,4.559215202013139e-05,6.4924816374555684e-21,1.424034916050637e-16,4.559215707218249e-05,7.411596704837987e-08,0.001625629753184037,9.873376732975011e-06,9.873376732975011e-06,4.55922625398273e-05,1.0038761760796776e-07,0.0022018564558026433,0.010167506044076504,True
sgd_no_decay_grad_projection,27,1,60,torch.float32,1.1920928955078125e-07,3.342961442244951e-06,5.8517336165581024e-05,1.757467052731934e-11,3.003327164037328e-07,8.538268562550077e-21,1.459100690843227e-16,1.0669281870636374e-07,0.0018232386855189988,5.851829657767529e-05,1.066943700016655e-07,0.0018232651365721634,5.851819931153191e-05,8.516189088803028e-21,1.4553060738362094e-16,5.85182161753937e-05,7.836985974732399e-08,0.00133923869983374,1.0189325734007521e-05,1.0189325734007521e-05,5.851829657767529e-05,1.066943700016655e-07,0.0018232651365721634,0.01047119041896622,True
sgd_no_decay_grad_projection,27,2,60,torch.float32,1.1920928955078125e-07,3.920330339574255e-06,4.5512706757573134e-05,1.530146027333861e-11,3.362019392703447e-07,6.695173593430239e-21,1.4710559029356272e-16,9.852401579373437e-08,0.002164712709248093,4.551366208938547e-05,9.85071165584925e-08,0.002164341695138304,4.551355548773081e-05,6.669938597074998e-21,1.4654839696874547e-16,4.551379372639307e-05,7.248820921424964e-08,0.0015926646249269773,9.395932235644578e-06,9.395932235644578e-06,4.551366208938547e-05,9.85071165584925e-08,0.002164341695138304,0.010484017347932133,True
sgd_no_decay_grad_projection,27,3,49,torch.float32,1.1920928955078125e-07,5.138758647397377e-06,4.009274300396106e-05,1.6981761030504968e-11,4.235619655364367e-07,5.1893902188839096e-21,1.2943465151216209e-16,9.011297352391729e-08,0.0022476028150615578,4.009291252691979e-05,9.010152945717897e-08,0.0022473181362586627,4.009281128339133e-05,5.2276532714088895e-21,1.3038879300475677e-16,4.009283883346017e-05,6.686935231916464e-08,0.001667862747183611,9.51338385923712e-06,9.51338385923712e-06,4.009291252691979e-05,9.010152945717897e-08,0.0022473181362586627,0.009471028478441343,True
sgd_no_decay_grad_projection,27,4,60,torch.float32,1.1920928955078125e-07,8.425881056896194e-06,4.845323461979036e-05,3.702179656068686e-11,7.640727569829897e-07,7.083290808586681e-21,1.4618819288683014e-16,1.1368449662174012e-07,0.0023461978896236226,4.845477393340135e-05,1.1368467941020076e-07,0.0023462018327947342,4.8454640569616224e-05,7.032481456569561e-21,1.451353549195311e-16,4.845485379490903e-05,8.383308987975678e-08,0.0017301278058662684,1.0823499448010474e-05,1.0823499448010474e-05,4.845477393340135e-05,1.1368467941020076e-07,0.0023462018327947342,0.010503504892874342,True
sgd_no_decay_grad_projection,27,5,53,torch.float32,1.1920928955078125e-07,5.678672305444112e-06,9.819673884910197e-05,3.75095198243617e-11,3.81983355699849e-07,1.3043286006468321e-20,1.328280975452023e-16,9.038819664271822e-08,0.0009204808428275022,9.819672715250883e-05,9.036612384503994e-08,0.0009202559643835459,9.819668557251779e-05,1.2920006242638293e-20,1.3157273249408129e-16,9.819657149366815e-05,6.747526816726118e-08,0.0006871448477364821,9.191439270139855e-06,9.191439270139855e-06,9.819672715250883e-05,9.036612384503994e-08,0.0009202559643835459,0.009831553164759685,True
sgd_no_decay_grad_projection,27,6,60,torch.float32,1.1920928955078125e-07,3.095485046437789e-06,5.2566299087107e-05,1.5224934081160385e-11,2.8963298435621886e-07,7.754655707591089e-21,1.4752143183489608e-16,9.766766828713601e-08,0.0018579921893415068,5.256624174851295e-05,9.76553499190248e-08,0.0018577578816881535,5.2566151038436686e-05,7.641093665018539e-21,1.4536148289478767e-16,5.256637063057582e-05,7.16285505405774e-08,0.001362630702506858,9.349738498584786e-06,9.349738498584786e-06,5.256624174851295e-05,9.76553499190248e-08,0.0018577578816881535,0.01044471456969693,True
sgd_no_decay_grad_projection,27,7,53,torch.float32,1.1920928955078125e-07,7.079248571757639e-06,2.8434744973974717e-05,1.6686724955390943e-11,5.868427858475148e-07,3.846188484854852e-21,1.352636884338435e-16,1.0003471526589862e-07,0.0035180645770602793,2.8434591520346704e-05,1.0003886193596566e-07,0.0035182099192239734,2.8434415540943956e-05,3.79888384258089e-21,1.3360161516633642e-16,2.8434458506514754e-05,7.44871313739882e-08,0.0026196078732050447,1.0053128987768602e-05,1.0053128987768602e-05,2.8434591520346704e-05,1.0003886193596566e-07,0.0035182099192239734,0.009951017445183537,True
sgd_no_decay_grad_projection,28,0,58,torch.float32,1.1920928955078125e-07,4.814231254404896e-06,4.656406988783244e-05,1.8418653273157673e-11,3.955550560233699e-07,6.6815726158186735e-21,1.434920236120757e-16,1.0180439414424202e-07,0.0021862706897262975,4.656531356286988e-05,1.018013640049874e-07,0.0021862059162887607,4.656520228336478e-05,6.664850927937599e-21,1.4312943144496096e-16,4.656542947109479e-05,7.529322931208253e-08,0.0016169340681979612,9.873377770800165e-06,9.873377770800165e-06,4.656531356286988e-05,1.018013640049874e-07,0.0021862059162887607,0.010310692689796386,True
sgd_no_decay_grad_projection,28,1,60,torch.float32,1.1920928955078125e-07,3.342961442244951e-06,6.180940281391633e-05,1.7431408335452105e-11,2.8201871465950226e-07,8.961808301937067e-21,1.4499101906740445e-16,1.0708226227810543e-07,0.0017324360756999133,6.181020936318012e-05,1.0708291102760927e-07,0.0017324469878174811,6.18101166053772e-05,9.015907449673474e-21,1.458645921546301e-16,6.181042908097586e-05,7.905869686270511e-08,0.0012790510928039804,1.0189328150745982e-05,1.0189328150745982e-05,6.181020936318012e-05,1.0708291102760927e-07,0.0017324469878174811,0.010509320088956945,True
sgd_no_decay_grad_projection,28,2,60,torch.float32,1.1920928955078125e-07,3.920330339574255e-06,5.169951071802208e-05,1.7471348898968986e-11,3.3794031425675755e-07,7.678079333770523e-21,1.4851357831312002e-16,9.8965760759725e-08,0.0019142450606243581,5.169962902778792e-05,9.897258279040786e-08,0.001914377040059829,5.169953429228108e-05,7.647249929766344e-21,1.4791719179776256e-16,5.1699783666265135e-05,7.299299017790008e-08,0.0014118625843598854,9.395937564022972e-06,9.395937564022972e-06,5.169962902778792e-05,9.897258279040786e-08,0.001914377040059829,0.010533550496266994,True
sgd_no_decay_grad_projection,28,3,49,torch.float32,1.1920928955078125e-07,5.138758647397377e-06,4.522083965843718e-05,1.9191740386708655e-11,4.2440035460792055e-07,5.876951967317911e-21,1.2996114206875268e-16,8.962332727029804e-08,0.0019818779440041617,4.522141504807789e-05,8.962241305644006e-08,0.0019818577760372276,4.522132623855257e-05,5.860524287646135e-21,1.2959647084940773e-16,4.5221219360190913e-05,6.715808642550284e-08,0.0014851011842600458,9.51338862641618e-06,9.51338862641618e-06,4.522141504807789e-05,8.962241305644006e-08,0.0019818577760372276,0.009420661404242666,True
sgd_no_decay_grad_projection,28,4,60,torch.float32,1.1920928955078125e-07,8.425881056896194e-06,4.227472891142344e-05,3.66205681569592e-11,8.662519926192506e-07,6.1120251221536246e-21,1.4457869463721937e-16,1.1340401644699949e-07,0.0026825609249025565,4.2274536633650855e-05,1.1340874076775247e-07,0.0026826725920273777,4.227438451411689e-05,6.19534137236226e-21,1.465507172622092e-16,4.2274745795734775e-05,8.410820380083268e-08,0.0019895614324266053,1.082349318882745e-05,1.082349318882745e-05,4.2274536633650855e-05,1.1340874076775247e-07,0.0026826725920273777,0.010478016550591876,True
sgd_no_decay_grad_projection,28,5,53,torch.float32,1.1920928955078125e-07,5.678672305444112e-06,6.705364523410907e-05,2.6915278017891904e-11,4.0139917709053275e-07,8.963534470496249e-21,1.3367706467265065e-16,9.128516032295837e-08,0.001361352005576332,6.705477778780236e-05,9.128191928322186e-08,0.0013613037324810367,6.705471565656485e-05,8.893085899026967e-21,1.3262431749878442e-16,6.705499187405744e-05,6.765200220143555e-08,0.0010089032943065507,9.191409930898194e-06,9.191409930898194e-06,6.705477778780236e-05,9.128191928322186e-08,0.0013613037324810367,0.009931220560228207,True
sgd_no_decay_grad_projection,28,6,60,torch.float32,1.1920928955078125e-07,3.095485046437789e-06,5.240240999314515e-05,1.4637086730848844e-11,2.7932086964633015e-07,7.687518932987178e-21,1.4670162944782683e-16,9.748015424544307e-08,0.0018601957908221294,5.240315867981896e-05,9.74871121473537e-08,0.0018603289306088544,5.240306800069296e-05,7.62446316464975e-21,1.454965034594716e-16,5.240298659134684e-05,7.187052449949091e-08,0.0013714967251763222,9.349738184045662e-06,9.349738184045662e-06,5.240315867981896e-05,9.74871121473537e-08,0.0018603289306088544,0.010426721072650476,True
sgd_no_decay_grad_projection,28,7,53,torch.float32,1.1920928955078125e-07,7.079248571757639e-06,2.8793328484790133e-05,1.6764379678329742e-11,5.822313904134218e-07,3.9131349443494e-21,1.3590422331399264e-16,9.965445081861545e-08,0.0034609601939328666,2.8793875627560155e-05,9.965230896636612e-08,0.0034608855805080847,2.8793703184424202e-05,3.9341315903394185e-21,1.3663166440041536e-16,2.879386627120252e-05,7.454215573443405e-08,0.002588820654799858,1.0053129390037098e-05,1.0053129390037098e-05,2.8793875627560155e-05,9.965230896636612e-08,0.0034608855805080847,0.009912566037906967,True
sgd_no_decay_grad_projection,29,0,58,torch.float32,1.1920928955078125e-07,4.814231254404896e-06,5.643349153069003e-05,2.2970476847919322e-11,4.0703625143284583e-07,7.94816053621604e-21,1.4084119767592756e-16,1.0115860557580451e-07,0.001792522028544063,5.643368757077398e-05,1.0115966827739982e-07,0.0017925404599962497,5.643359690430199e-05,8.052402175671637e-21,1.4268809038216372e-16,5.643370118027955e-05,7.4785695262039e-08,0.001325195649017124,9.87338649418856e-06,9.87338649418856e-06,5.643368757077398e-05,1.0115966827739982e-07,0.0017925404599962497,0.010245691114891738,True
sgd_no_decay_grad_projection,29,1,60,torch.float32,1.1920928955078125e-07,3.342961442244951e-06,7.136255189689479e-05,2.009117802710821e-11,2.8153670928326824e-07,1.0247038934310011e-20,1.4359126267114754e-16,1.0696933318734208e-07,0.001498965171940699,7.136211877917134e-05,1.0697335537192835e-07,0.0014990215705752133,7.136203860144272e-05,1.035154396790609e-20,1.4505673003148783e-16,7.136234702440224e-05,7.884430244405208e-08,0.001104844581654404,1.0189336309126567e-05,1.0189336309126567e-05,7.136211877917134e-05,1.0697335537192835e-07,0.0014990215705752133,0.010498559683039664,True
sgd_no_decay_grad_projection,29,2,60,torch.float32,1.1920928955078125e-07,3.920330339574255e-06,5.7790501543161996e-05,1.9711274942504532e-11,3.410815690495915e-07,8.632619402789826e-21,1.493778245953253e-16,9.844367073440705e-08,0.0017034481997862828,5.7790814925785985e-05,9.846678864526724e-08,0.0017038484190215464,5.779073103948402e-05,8.606495969372278e-21,1.4892519638646053e-16,5.7790780313785653e-05,7.274273780748238e-08,0.001258725655070105,9.39594299667336e-06,9.39594299667336e-06,5.7790814925785985e-05,9.846678864526724e-08,0.0017038484190215464,0.010479713284779344,True
sgd_no_decay_grad_projection,29,3,49,torch.float32,1.1920928955078125e-07,5.138758647397377e-06,4.768099969267337e-05,2.299444964104711e-11,4.822560304787489e-07,6.247135267954849e-21,1.3101938525243433e-16,9.011855212874572e-08,0.0018900059696523954,4.768163513792538e-05,9.01197624723983e-08,0.0018900308727189214,4.768154997328267e-05,6.252492656347869e-21,1.311302308723462e-16,4.7681601335377475e-05,6.734080251363308e-08,0.0014123016137813605,9.513391047553356e-06,9.513391047553356e-06,4.768163513792538e-05,9.01197624723983e-08,0.0018900308727189214,0.009472937885337448,True
sgd_no_decay_grad_projection,29,4,60,torch.float32,1.1920928955078125e-07,8.425881056896194e-06,7.379716288363682e-05,4.666181946052557e-11,6.322982840695625e-07,1.0922880391782874e-20,1.4801219945281946e-16,1.1384340167229576e-07,0.0015426662130983157,7.379653902552405e-05,1.138293057574853e-07,0.0015424748539781125,7.379645123605095e-05,1.085270449053507e-20,1.4706268809350715e-16,7.379633543552678e-05,8.397734180574737e-08,0.0011379608663510856,1.0823522644604891e-05,1.0823522644604891e-05,7.379653902552405e-05,1.138293057574853e-07,0.0015424748539781125,0.010516844607353857,True
sgd_no_decay_grad_projection,29,5,53,torch.float32,1.1920928955078125e-07,5.678672305444112e-06,0.00015343334544104975,5.6408445219652696e-11,3.67641369335359e-07,1.9968030612343328e-20,1.301414014987801e-16,9.001732039242466e-08,0.0005866893726536565,0.0001534326780493102,9.001523200411625e-08,0.0005866757534870581,0.0001534326516444309,2.0035440984735703e-20,1.3058133826146985e-16,0.0001534328258740563,6.669453730560907e-08,0.0004346823238487087,9.191492195022334e-06,9.191492195022334e-06,0.0001534326780493102,9.001523200411625e-08,0.0005866757534870581,0.009793320833462071,True
sgd_no_decay_grad_projection,29,6,60,torch.float32,1.1920928955078125e-07,3.095485046437789e-06,6.833504824551146e-05,1.9016574196355477e-11,2.782843458020763e-07,1.0013511246593006e-20,1.4653551147893018e-16,9.763618424821145e-08,0.001428771012068907,6.833578287151535e-05,9.763323648849447e-08,0.0014287278550984637,6.833571312581749e-05,9.982830999964911e-21,1.4608512216130456e-16,6.833593135543435e-05,7.230256443170055e-08,0.0010580460820184719,9.349753429480898e-06,9.349753429480898e-06,6.833578287151535e-05,9.763323648849447e-08,0.0014287278550984637,0.010442332755069788,True
sgd_no_decay_grad_projection,29,7,53,torch.float32,1.1920928955078125e-07,7.079248571757639e-06,3.3186056814137925e-05,1.8243018017071196e-11,5.497193631422732e-07,4.463997864833046e-21,1.3451425970355018e-16,9.809766374174987e-08,0.002955815301361296,3.318802226465229e-05,9.809863274726371e-08,0.002955844490069119,3.3187877282184064e-05,4.418911354437106e-21,1.3314835766279237e-16,3.318821957836174e-05,7.328877456676126e-08,0.0022082767770568966,1.0053133772136745e-05,1.0053133772136745e-05,3.318802226465229e-05,9.809863274726371e-08,0.002955844490069119,0.009758015258799577,True
sgd_no_decay_grad_projection,30,0,58,torch.float32,1.1920928955078125e-07,4.814231254404896e-06,4.727568315275908e-05,1.975964534046476e-11,4.1796636288928085e-07,6.73589225260215e-21,1.4248111932803708e-16,1.0172128401271408e-07,0.0021516409173913164,4.727614709328967e-05,1.0172822242385814e-07,0.0021517875012766713,4.727603764440421e-05,6.678168123410954e-21,1.4125904911156212e-16,4.727605984411023e-05,7.54652928403266e-08,0.0015962686630224378,9.873377668550491e-06,9.873377668550491e-06,4.727614709328967e-05,1.0172822242385814e-07,0.0021517875012766713,0.010303284837152678,True
sgd_no_decay_grad_projection,30,1,60,torch.float32,1.1920928955078125e-07,3.342961442244951e-06,6.132353568880914e-05,1.7307271148264555e-11,2.822288531452523e-07,8.87055845980101e-21,1.4465177782337397e-16,1.0660098665173214e-07,0.0017383271081744588,6.132388538009051e-05,1.0659949492763293e-07,0.001738303016303035,6.132379272890874e-05,8.885025682847327e-21,1.4488708684612757e-16,6.132390252101128e-05,7.841074793016442e-08,0.001278632714271547,1.0189325760095167e-05,1.0189325760095167e-05,6.132388538009051e-05,1.0659949492763293e-07,0.001738303016303035,0.01046187917017164,True
sgd_no_decay_grad_projection,30,2,60,torch.float32,1.1920928955078125e-07,3.920330339574255e-06,6.538767629620753e-05,2.0146556527137304e-11,3.0810938189442587e-07,9.726514562946743e-21,1.4875149437771563e-16,9.775741529174271e-08,0.001495051342081594,6.538732537172457e-05,9.775719610114961e-08,0.001495048092966083,6.538725229582893e-05,9.724983723550306e-21,1.4872904705571588e-16,6.538738273172254e-05,7.245037348227261e-08,0.0011080176397261345,9.39594992752683e-06,9.39594992752683e-06,6.538732537172457e-05,9.775719610114961e-08,0.001495048092966083,0.010404184447040887,True
sgd_no_decay_grad_projection,30,3,49,torch.float32,1.1920928955078125e-07,5.138758647397377e-06,4.495498330879208e-05,2.063907907201455e-11,4.591054773671344e-07,5.8338944813459836e-21,1.2977191963956604e-16,8.871354800579419e-08,0.0019733472150099923,4.495587139963921e-05,8.871105252422754e-08,0.0019732918028798232,4.4955783873157626e-05,5.842521474528095e-21,1.299615082013189e-16,4.495574429354228e-05,6.630616519776654e-08,0.0014749208636123318,9.513387959482784e-06,9.513387959482784e-06,4.495587139963921e-05,8.871105252422754e-08,0.0019732918028798232,0.009324864380812082,True
sgd_no_decay_grad_projection,30,4,60,torch.float32,1.1920928955078125e-07,8.425881056896194e-06,4.9444330779434804e-05,3.563766430105177e-11,7.207634068307466e-07,7.100478845276553e-21,1.4360552025575546e-16,1.1359892706528214e-07,0.002297488966501434,4.9444821600439785e-05,1.1359593965176343e-07,0.0022974284459902484,4.9444691110996044e-05,7.066739099098298e-21,1.42922100235888e-16,4.944507428632958e-05,8.368097682488743e-08,0.001692402691930494,1.0823499255746143e-05,1.0823499255746143e-05,4.9444821600439785e-05,1.1359593965176343e-07,0.0022974284459902484,0.010495306274581754,True
sgd_no_decay_grad_projection,30,5,53,torch.float32,1.1920928955078125e-07,5.678672305444112e-06,6.878235137560775e-05,2.852772082915314e-11,4.1475349793391784e-07,9.18356443299935e-21,1.3351629087017375e-16,9.063071192026e-08,0.001317665545738044,6.87812850525636e-05,9.062733860239548e-08,0.0013176162459473796,6.878122534651085e-05,9.290966618558286e-21,1.3507998108134316e-16,6.878101316674914e-05,6.731830423703956e-08,0.0009787338269332635,9.191412327705783e-06,9.191412327705783e-06,6.87812850525636e-05,9.062733860239548e-08,0.0013176162459473796,0.009860001419935913,True
sgd_no_decay_grad_projection,30,6,60,torch.float32,1.1920928955078125e-07,3.095485046437789e-06,7.283410537458624e-05,1.946020484699576e-11,2.671853350420357e-07,1.0668677050974734e-20,1.464791390806003e-16,9.812476261191527e-08,0.001347244434086401,7.283367428917785e-05,9.811955667310898e-08,0.0013471729612807449,7.2833608197141e-05,1.0566341184512253e-20,1.4507507517562507e-16,7.283360302085436e-05,7.248723637961513e-08,0.0009952444115508049,9.349758150315871e-06,9.349758150315871e-06,7.283367428917785e-05,9.811955667310898e-08,0.0013471729612807449,0.010494341681960418,True
sgd_no_decay_grad_projection,30,7,53,torch.float32,1.1920928955078125e-07,7.079248571757639e-06,2.9895288450998948e-05,1.699461406781272e-11,5.684713193407856e-07,4.033660017877799e-21,1.3492627858366314e-16,9.988716081959969e-08,0.003341120787734434,2.9896306780582498e-05,9.988918959861939e-08,0.003341188272241604,2.9896139905822363e-05,4.0352167597219086e-21,1.3497450749272276e-16,2.9896336200884853e-05,7.447264700851256e-08,0.002491029218700998,1.0053130654966262e-05,1.0053130654966262e-05,2.9896306780582498e-05,9.988918959861939e-08,0.003341188272241604,0.009936127662806608,True
sgd_no_decay_grad_projection,31,0,58,torch.float32,1.1920928955078125e-07,4.814231254404896e-06,5.610306460382001e-05,2.2684587436097362e-11,4.043377593771016e-07,7.950867537976237e-21,1.4171895232681316e-16,1.0141540655738582e-07,0.0018076762854682443,5.610263676728061e-05,1.0141528993532594e-07,0.0018076742160267221,5.610254510430337e-05,7.929038411702143e-21,1.4133117128573802e-16,5.6102508504675534e-05,7.52573340000334e-08,0.0013414254728692126,9.873385665157062e-06,9.873385665157062e-06,5.610263676728061e-05,1.0141528993532594e-07,0.0018076742160267221,0.010271581945109066,True
sgd_no_decay_grad_projection,31,1,60,torch.float32,1.1920928955078125e-07,3.342961442244951e-06,6.712290336352256e-05,1.9488712655476266e-11,2.9034370801766095e-07,9.844729133948242e-21,1.4666721254043226e-16,1.0574522287331497e-07,0.0015753894277606777,6.712321982818493e-05,1.0574412040960864e-07,0.0015753731820416467,6.712313653490753e-05,9.750623299851429e-21,1.452647150179074e-16,6.712357489356147e-05,7.801047075550683e-08,0.001162191836164996,1.0189330796588875e-05,1.0189330796588875e-05,6.712321982818493e-05,1.0574412040960864e-07,0.0015753731820416467,0.01037792594239938,True
sgd_no_decay_grad_projection,31,2,60,torch.float32,1.1920928955078125e-07,3.920330339574255e-06,5.688616508768865e-05,1.9051219827718975e-11,3.3490075835402124e-07,8.30059525103206e-21,1.459158872502191e-16,9.792434297883665e-08,0.0017214075153975477,5.688620763790696e-05,9.79224270015605e-08,0.0017213737928331936,5.688612335729474e-05,8.138972143269528e-21,1.430748249823537e-16,5.6886202939997446e-05,7.24157168340276e-08,0.0012729926254774011,9.395940942803609e-06,9.395940942803609e-06,5.688620763790696e-05,9.79224270015605e-08,0.0017213737928331936,0.01042177974485458,True
sgd_no_decay_grad_projection,31,3,49,torch.float32,1.1920928955078125e-07,5.138758647397377e-06,4.715968448409453e-05,2.0615408213231925e-11,4.3714050335058644e-07,6.120592601803874e-21,1.2978442643883126e-16,9.015399673745126e-08,0.0019116291595823844,4.71608048461974e-05,9.014934675806481e-08,0.00191153113378924,4.716071868447718e-05,6.159871908214973e-21,1.306144622058628e-16,4.7160886068325634e-05,6.719478521187592e-08,0.001424799040343,9.513390322366386e-06,9.513390322366386e-06,4.71608048461974e-05,9.014934675806481e-08,0.00191153113378924,0.009476048359554831,True
sgd_no_decay_grad_projection,31,4,60,torch.float32,1.1920928955078125e-07,8.425881056896194e-06,7.406477613775578e-05,5.1775867466320905e-11,6.990619585485694e-07,1.0554002384857134e-20,1.424969187138288e-16,1.1395501874924075e-07,0.0015385657465882617,7.406574599272025e-05,1.1395336999675354e-07,0.0015385434720113903,7.406565833156162e-05,1.0640438284318384e-20,1.4366223866782497e-16,7.406580628976601e-05,8.422557991672578e-08,0.0011371722544572312,1.0823522132229238e-05,1.0823522132229238e-05,7.406574599272025e-05,1.1395336999675354e-07,0.0015385434720113903,0.010528307569809851,True
sgd_no_decay_grad_projection,31,5,53,torch.float32,1.1920928955078125e-07,5.678672305444112e-06,0.00010870685762906683,4.3749632790801854e-11,4.0245513250034156e-07,1.4550242338003542e-20,1.338484310498013e-16,9.004463967666542e-08,0.0008283336436559151,0.00010870576879416401,9.006832394800656e-08,0.0008285514646288208,0.00010870573148103675,1.4428275047246523e-20,1.3272782263337672e-16,0.00010870580800667045,6.687619507102622e-08,0.0006152035139366475,9.191449610521625e-06,9.191449610521625e-06,0.00010870576879416401,9.006832394800656e-08,0.0008285514646288208,0.009799142438305233,True
sgd_no_decay_grad_projection,31,6,60,torch.float32,1.1920928955078125e-07,3.095485046437789e-06,6.884293175206308e-05,1.8265863144528265e-11,2.653266309214217e-07,9.96048590152684e-21,1.446842202682441e-16,9.668806217515286e-08,0.001404487307762357,6.884224428370333e-05,9.668423961402911e-08,0.0014044318371665386,6.884217639045773e-05,9.91412551258857e-21,1.440123777661796e-16,6.884235013947097e-05,7.136640201679727e-08,0.00103666423171511,9.349753913942082e-06,9.349753913942082e-06,6.884224428370333e-05,9.668423961402911e-08,0.0014044318371665386,0.010340832550668139,True
sgd_no_decay_grad_projection,31,7,53,torch.float32,1.1920928955078125e-07,7.079248571757639e-06,3.1367229802932834e-05,1.7860041990675754e-11,5.693853777615339e-07,4.250673637338005e-21,1.355131984572401e-16,1.0010400088754205e-07,0.003191338268483904,3.13674117783727e-05,1.0010316368512578e-07,0.003191310918236015,3.13672520478064e-05,4.2562986681233264e-21,1.3569243048885377e-16,3.136746906032015e-05,7.453616869369931e-08,0.002376225144284515,1.0053132016069431e-05,1.0053132016069431e-05,3.13674117783727e-05,1.0010316368512578e-07,0.003191310918236015,0.009957410638308127,True
sgd_no_decay_grad_projection,32,0,58,torch.float32,1.1920928955078125e-07,4.814231254404896e-06,5.658075278166427e-05,2.306660632209432e-11,4.076758471401843e-07,8.110634931570438e-21,1.4334618280652268e-16,1.0149771166138722e-07,0.0017938317266944905,5.658151622317246e-05,1.0149926393458271e-07,0.0017938590322366546,5.6581425185413535e-05,8.065556993895394e-21,1.4254778785555694e-16,5.6581839047724216e-05,7.48826358615502e-08,0.001323439413101969,9.873385780031706e-06,9.873385780031706e-06,5.658151622317246e-05,1.0149926393458271e-07,0.0017938590322366546,0.01028008691201538,True
sgd_no_decay_grad_projection,32,1,60,torch.float32,1.1920928955078125e-07,3.342961442244951e-06,7.471855701790047e-05,2.2218894060473527e-11,2.973678152691105e-07,1.086196071463342e-20,1.45371660644245e-16,1.0644101294486424e-07,0.0014245399830776682,7.471956577492925e-05,1.0643602711270126e-07,0.0014244733090835744,7.471948996725092e-05,1.0815229256428818e-20,1.447444202465657e-16,7.471952092421166e-05,7.851901500399625e-08,0.0010508500861995413,1.0189337188363116e-05,1.0189337188363116e-05,7.471956577492925e-05,1.0643602711270126e-07,0.0014244733090835744,0.01044582440889856,True
sgd_no_decay_grad_projection,32,2,60,torch.float32,1.1920928955078125e-07,3.920330339574255e-06,5.981535336564912e-05,1.9154988980161825e-11,3.202353225779351e-07,8.919372436260314e-21,1.4911510062871262e-16,9.748541190837868e-08,0.0016297889164788098,5.98147397394044e-05,9.74821187402642e-08,0.0016297340616203584,5.9814660304386994e-05,8.820459111261026e-21,1.4746316482238896e-16,5.981483707667872e-05,7.219622046639047e-08,0.0012069951870610236,9.395943356866719e-06,9.395943356866719e-06,5.98147397394044e-05,9.74821187402642e-08,0.0016297340616203584,0.010374915539377168,True
sgd_no_decay_grad_projection,32,3,49,torch.float32,1.1920928955078125e-07,5.138758647397377e-06,4.777804205508856e-05,2.050552592412771e-11,4.291830523420075e-07,6.205302151520202e-21,1.2987769872122423e-16,8.944308400914494e-08,0.001872052835738418,4.777807478186092e-05,8.944152923665592e-08,0.001872020370117815,4.777799106360524e-05,6.206143677588617e-21,1.298954505920223e-16,4.777804135718898e-05,6.63451767136599e-08,0.0013886123170613648,9.513391082673436e-06,9.513391082673436e-06,4.777807478186092e-05,8.944152923665592e-08,0.001872020370117815,0.009401645371181485,True
sgd_no_decay_grad_projection,32,4,60,torch.float32,1.1920928955078125e-07,8.425881056896194e-06,6.053315015395405e-05,4.5656180334331914e-11,7.542343363630422e-07,8.685505692507826e-21,1.4348345774869536e-16,1.1323493718999046e-07,0.0018706033286417369,6.053390464710896e-05,1.1325123036055523e-07,0.0018708727120903476,6.0533798707698014e-05,8.73621855930401e-21,1.443196816622882e-16,6.053372463925348e-05,8.378550280007875e-08,0.0013841127949649988,1.0823508641130098e-05,1.0823508641130098e-05,6.053390464710896e-05,1.1325123036055523e-07,0.0018708727120903476,0.010463448971638693,True
sgd_no_decay_grad_projection,32,5,53,torch.float32,1.1920928955078125e-07,5.678672305444112e-06,0.0001255745768940117,4.483031460124424e-11,3.570015182219744e-07,1.6352527652004357e-20,1.3022164244126716e-16,9.032686609603565e-08,0.0007193114408157318,0.00012557406485786852,9.032826044787654e-08,0.0007193225810609453,0.00012557403237028558,1.6593140516896857e-20,1.3213831079317375e-16,0.0001255740647927873,6.719008571406464e-08,0.0005350633972463707,9.191465584137017e-06,9.191465584137017e-06,0.00012557406485786852,9.032826044787654e-08,0.0007193225810609453,0.009827405610240059,True
sgd_no_decay_grad_projection,32,6,60,torch.float32,1.1920928955078125e-07,3.095485046437789e-06,6.546964775567364e-05,1.822811883876616e-11,2.784209089804749e-07,9.579589246351394e-21,1.4632107510493813e-16,9.736770414782931e-08,0.001487203262983185,6.547034410774904e-05,9.737125085332072e-08,0.0014872573556825998,6.547027169965447e-05,9.532743742001245e-21,1.4560415734537964e-16,6.547033014026775e-05,7.198300213264959e-08,0.0010994751665132693,9.349750322844593e-06,9.349750322844593e-06,6.547034410774904e-05,9.737125085332072e-08,0.0014872573556825998,0.010414315622462122,True
sgd_no_decay_grad_projection,32,7,53,torch.float32,1.1920928955078125e-07,7.079248571757639e-06,3.112182831232567e-05,1.7565762041151618e-11,5.644193478888504e-07,4.2228584755091156e-21,1.356879947132586e-16,9.88246022995412e-08,0.003175351123661233,3.112241530879284e-05,9.882052767384256e-08,0.0031752203899780024,3.112225841992019e-05,4.1824531624281966e-21,1.3438784248867893e-16,3.1122601743408185e-05,7.370072288739987e-08,0.0023680771773204917,1.0053131659788769e-05,1.0053131659788769e-05,3.112241530879284e-05,9.882052767384256e-08,0.0031752203899780024,0.009829825274159288,True
sgd_no_decay_grad_projection,33,0,58,torch.float32,1.1920928955078125e-07,4.814231254404896e-06,5.630376217085122e-05,2.2922539354364684e-11,4.071226943025099e-07,8.015244978704439e-21,1.423571830667941e-16,1.0096854591237196e-07,0.001793256101967163,5.630459463759054e-05,1.0097964902123368e-07,0.0017934530862214362,5.630450408638614e-05,8.048902026910492e-21,1.4295307555788657e-16,5.63047633131594e-05,7.467093409703071e-08,0.0013261921319466558,9.873385339230299e-06,9.873385339230299e-06,5.630459463759054e-05,1.0097964902123368e-07,0.0017934530862214362,0.010227459534067548,True
sgd_no_decay_grad_projection,33,1,60,torch.float32,1.1920928955078125e-07,3.342961442244951e-06,7.946050267523609e-05,2.216595096458486e-11,2.7895558445155535e-07,1.1235398197567294e-20,1.4139601209783498e-16,1.0657812228767949e-07,0.0013412582854031095,7.946128926817688e-05,1.0656507038775963e-07,0.0013410941525012158,7.946121781124837e-05,1.1427170675417006e-20,1.4380814931078741e-16,7.946123032922171e-05,7.878966354754818e-08,0.00099154849756427,1.0189341445412451e-05,1.0189341445412451e-05,7.946128926817688e-05,1.0656507038775963e-07,0.0013410941525012158,0.010458484580054822,True
sgd_no_decay_grad_projection,33,2,60,torch.float32,1.1920928955078125e-07,3.920330339574255e-06,5.793709366605301e-05,1.9361549629176917e-11,3.341822726002806e-07,8.545056900289566e-21,1.47488532123192e-16,9.779216353427392e-08,0.0016878676912175383,5.793828699641752e-05,9.778993812377489e-08,0.0016878292955023247,5.793820446999757e-05,8.589808781878324e-21,1.482581115596433e-16,5.793847943974668e-05,7.25189696273534e-08,0.00125165469181444,9.395940481473233e-06,9.395940481473233e-06,5.793828699641752e-05,9.778993812377489e-08,0.0016878292955023247,0.010407679605527041,True
sgd_no_decay_grad_projection,33,3,49,torch.float32,1.1920928955078125e-07,5.138758647397377e-06,4.917629068375188e-05,2.097895023415765e-11,4.2660700802082275e-07,6.360733230573481e-21,1.293455269222996e-16,8.943031616774768e-08,0.0018185018494288427,4.9178013579638955e-05,8.944047006920858e-08,0.001818708474761156,4.917793224650125e-05,6.337555730318343e-21,1.2886991056378193e-16,4.9178092718175005e-05,6.699988934239725e-08,0.0013623930014194257,9.513392019155981e-06,9.513392019155981e-06,4.9178013579638955e-05,8.944047006920858e-08,0.001818708474761156,0.009401533111335366,True
sgd_no_decay_grad_projection,33,4,60,torch.float32,1.1920928955078125e-07,8.425881056896194e-06,6.450821555513324e-05,5.087065574127757e-11,7.885918918001993e-07,9.275628925381142e-21,1.4378988545197663e-16,1.1306934502634845e-07,0.0017527826657645952,6.4508447629646e-05,1.1305920511873006e-07,0.0017526263500839804,6.450834855429891e-05,9.328585102257725e-21,1.446105087375711e-16,6.450823518525362e-05,8.39647925550339e-08,0.001301613543044625,1.0823511720126938e-05,1.0823511720126938e-05,6.4508447629646e-05,1.1305920511873006e-07,0.0017526263500839804,0.01044570450351063,True
sgd_no_decay_grad_projection,33,5,53,torch.float32,1.1920928955078125e-07,5.678672305444112e-06,0.00011668504414969135,4.314997976777703e-11,3.697987182695099e-07,1.5392524443612176e-20,1.3191514435960338e-16,9.042512545179509e-08,0.0007749501573678721,0.00011668509851125612,9.041410880462078e-08,0.0007748556581618595,0.00011668506348230898,1.533179134892755e-20,1.3139463519469273e-16,0.00011668498671019538,6.676546686606646e-08,0.0005721855805827745,9.191457744281544e-06,9.191457744281544e-06,0.00011668509851125612,9.041410880462078e-08,0.0007748556581618595,0.009836754007912599,True
sgd_no_decay_grad_projection,33,6,60,torch.float32,1.1920928955078125e-07,3.095485046437789e-06,6.209498484210865e-05,1.6588609387908622e-11,2.6714894012920897e-07,9.078676846077548e-21,1.4620628170153478e-16,9.769652651641355e-08,0.0015733272990897697,6.209548424074172e-05,9.769371625435005e-08,0.0015732821387718855,6.209540739080475e-05,8.984166388860594e-21,1.4468326670791748e-16,6.209558589861114e-05,7.238056429855942e-08,0.0011656313931354388,9.349747103859771e-06,9.349747103859771e-06,6.209548424074172e-05,9.769371625435005e-08,0.0015732821387718855,0.010448808419002054,True
sgd_no_decay_grad_projection,33,7,53,torch.float32,1.1920928955078125e-07,7.079248571757639e-06,3.1725548563323555e-05,1.7935506979433287e-11,5.653332343059215e-07,4.3227045463246255e-21,1.3625310647339276e-16,9.903223827716813e-08,0.0031213433036677194,3.172744030423524e-05,9.902900272059872e-08,0.003121241479646863,3.172728575714335e-05,4.236180231085108e-21,1.335185197848618e-16,3.172755871064581e-05,7.379425995295252e-08,0.002325872615222416,1.005313223607306e-05,1.005313223607306e-05,3.172744030423524e-05,9.902900272059872e-08,0.003121241479646863,0.009850562033319207,True
sgd_no_decay_grad_projection,34,0,58,torch.float32,1.1920928955078125e-07,4.814231254404896e-06,5.306623611756348e-05,2.1370823657227053e-11,4.027197936156978e-07,7.668738832989822e-21,1.445125826523864e-16,1.0184519044612606e-07,0.0019192129138774735,5.306613081510627e-05,1.018447739048257e-07,0.001919204817469633,5.306603308452592e-05,7.701729072745186e-21,1.4513481835880839e-16,5.306605040673063e-05,7.488580823766889e-08,0.001411181116056279,9.873381884249489e-06,9.873381884249489e-06,5.306613081510627e-05,1.018447739048257e-07,0.001919204817469633,0.010315085053814597,True
sgd_no_decay_grad_projection,34,1,60,torch.float32,1.1920928955078125e-07,3.342961442244951e-06,7.117809656326936e-05,2.0112884845533155e-11,2.82571265833936e-07,1.0445179967066025e-20,1.4674711001553471e-16,1.0644047021135463e-07,0.0014953980293623333,7.117869293589039e-05,1.0644117588210634e-07,0.0014954078459684045,7.117861334936113e-05,1.031215562895022e-20,1.4487716385167228e-16,7.117861860422431e-05,7.857910395491817e-08,0.0011039706234233471,1.018933234626666e-05,1.018933234626666e-05,7.117869293589039e-05,1.0644117588210634e-07,0.0014954078459684045,0.010446334682674871,True
sgd_no_decay_grad_projection,34,2,60,torch.float32,1.1920928955078125e-07,3.920330339574255e-06,6.618637542540514e-05,2.142242454860197e-11,3.236681932030853e-07,9.801150332028335e-21,1.480841074773034e-16,9.782161075588467e-08,0.0014779620244264008,6.618682215847043e-05,9.782553627012216e-08,0.001478021350472145,6.618674986431534e-05,9.69810918884114e-21,1.4652644537951372e-16,6.618708325788729e-05,7.217074487846172e-08,0.0010904052773750442,9.39594733064974e-06,9.39594733064974e-06,6.618682215847043e-05,9.782553627012216e-08,0.001478021350472145,0.01041146068912217,True
sgd_no_decay_grad_projection,34,3,49,torch.float32,1.1920928955078125e-07,5.138758647397377e-06,5.0115575009146225e-05,2.1004979538671773e-11,4.191307699220913e-07,6.562868965007228e-21,1.3095467753906973e-16,8.89628859461719e-08,0.001775141909592849,5.0115931210671985e-05,8.896390575709435e-08,0.001775162181125946,5.011585224792929e-05,6.5349439095252954e-21,1.303967430743495e-16,5.011599071924262e-05,6.671137836114906e-08,0.001331139570499091,9.513392740076263e-06,9.513392740076263e-06,5.0115931210671985e-05,8.896390575709435e-08,0.001775162181125946,0.009351438355143654,True
sgd_no_decay_grad_projection,34,4,60,torch.float32,1.1920928955078125e-07,8.425881056896194e-06,4.978473886027394e-05,4.081917602548597e-11,8.199134305002431e-07,7.331208336694692e-21,1.4725814586017932e-16,1.1336391037857443e-07,0.0022770067277984507,4.978638753934333e-05,1.1335537036253381e-07,0.0022768346121307867,4.978625849346073e-05,7.354264590002105e-21,1.4771675583872335e-16,4.978669823799708e-05,8.415702650736942e-08,0.0016903516297680692,1.0823497490896192e-05,1.0823497490896192e-05,4.978638753934333e-05,1.1335537036253381e-07,0.0022768346121307867,0.010473081409948931,True
sgd_no_decay_grad_projection,34,5,53,torch.float32,1.1920928955078125e-07,5.678672305444112e-06,7.276046214816647e-05,2.979114739600923e-11,4.094414262425071e-07,9.794665032447214e-21,1.3461521193340655e-16,9.013527257488258e-08,0.0012387797681402517,7.276134095966895e-05,9.013715087443311e-08,0.001238805520700827,7.276128512844747e-05,9.757856727097113e-21,1.3410781172805434e-16,7.276137308283214e-05,6.7254056896125e-08,0.0009243098920022088,9.191416027727912e-06,9.191416027727912e-06,7.276134095966895e-05,9.013715087443311e-08,0.001238805520700827,0.009806666415981468,True
sgd_no_decay_grad_projection,34,6,60,torch.float32,1.1920928955078125e-07,3.095485046437789e-06,7.295617087827525e-05,2.0099832002752483e-11,2.7550557767468817e-07,1.0571564871116807e-20,1.4490295671843148e-16,9.781222063619605e-08,0.001340702610902174,7.29559350020108e-05,9.781555334182859e-08,0.0013407484029795877,7.295586942895786e-05,1.0485841671382814e-20,1.4372855472024217e-16,7.295589788713642e-05,7.20816705328768e-08,0.000988017043452579,9.349757321322412e-06,9.349757321322412e-06,7.29559350020108e-05,9.781555334182859e-08,0.0013407484029795877,0.010461828043253827,True
sgd_no_decay_grad_projection,34,7,53,torch.float32,1.1920928955078125e-07,7.079248571757639e-06,3.767040967912126e-05,2.1792794939560162e-11,5.785122892262776e-07,5.082565874312124e-21,1.3492196972654575e-16,9.992620350085623e-08,0.002652603733124991,3.7670987729164664e-05,9.992752223243003e-08,0.0026526387614484214,3.767085519312211e-05,5.10803088019365e-21,1.3559636100659235e-16,3.7670982275412624e-05,7.40170981557772e-08,0.001964830585373061,1.0053137589367867e-05,1.0053137589367867e-05,3.7670987729164664e-05,9.992752223243003e-08,0.0026526387614484214,0.009939933811123078,True
sgd_no_decay_grad_projection,35,0,58,torch.float32,1.1920928955078125e-07,4.814231254404896e-06,5.762455210384591e-05,2.4525909373997395e-11,4.2561561831836804e-07,8.218199952766338e-21,1.4261629206170599e-16,1.0062484951687098e-07,0.0017462145079655982,5.762453180318937e-05,1.0061945564869875e-07,0.0017461218772649484,5.7624443956206015e-05,8.163829599311477e-21,1.4167303038127195e-16,5.7624638567919505e-05,7.44661113382209e-08,0.0012922616642610455,9.873385819269196e-06,9.873385819269196e-06,5.762453180318937e-05,1.0061945564869875e-07,0.0017461218772649484,0.01019097779530977,True
sgd_no_decay_grad_projection,35,1,60,torch.float32,1.1920928955078125e-07,3.342961442244951e-06,6.868654755616256e-05,1.9697789124653033e-11,2.8677797655424224e-07,9.90746798236327e-21,1.4424175234987162e-16,1.0626648246165004e-07,0.0015471352049577162,6.868598424304758e-05,1.0626009273786954e-07,0.0015470418588145257,6.86859020485927e-05,9.940094955262962e-21,1.447181249542405e-16,6.868607243029341e-05,7.861592779774306e-08,0.0011445686878883204,1.018932950948884e-05,1.018932950948884e-05,6.868598424304758e-05,1.0626009273786954e-07,0.0015470418588145257,0.010428565749975456,True
sgd_no_decay_grad_projection,35,2,60,torch.float32,1.1920928955078125e-07,3.920330339574255e-06,6.420600493579772e-05,2.1215213888882927e-11,3.304241388340064e-07,9.458141892074718e-21,1.4730930388104397e-16,9.728944580568566e-08,0.0015152505872249862,6.420682736925627e-05,9.72973079970949e-08,0.001515373239632817,6.420675364834553e-05,9.448405268343302e-21,1.471559412595651e-16,6.420694717410959e-05,7.205038034298544e-08,0.001122158637251618,9.39594464202235e-06,9.39594464202235e-06,6.420682736925627e-05,9.72973079970949e-08,0.001515373239632817,0.010355244917253254,True
sgd_no_decay_grad_projection,35,3,49,torch.float32,1.1920928955078125e-07,5.138758647397377e-06,5.684707738285023e-05,2.547205449172093e-11,4.480802824773786e-07,7.379122256490424e-21,1.2980653705017587e-16,8.992640415092813e-08,0.0015819219924046294,5.6846277357301505e-05,8.99357205819547e-08,0.0015820863698193085,5.6846206214218144e-05,7.399958785162791e-21,1.3017506845183178e-16,5.684629575790221e-05,6.684861249756919e-08,0.0011759537117821183,9.513398710670828e-06,9.513398710670828e-06,5.6846277357301505e-05,8.99357205819547e-08,0.0015820863698193085,0.009453584709014364,True
sgd_no_decay_grad_projection,35,4,60,torch.float32,1.1920928955078125e-07,8.425881056896194e-06,5.26500435735053e-05,3.8630122161000534e-11,7.337149133992378e-07,7.612069814210988e-21,1.4457860426242088e-16,1.1404981620728783e-07,0.0021661674053898355,5.2650530832157655e-05,1.1405947448242287e-07,0.002166349943289805,5.265040728564466e-05,7.526322710628008e-21,1.4294899315394448e-16,5.26502782301825e-05,8.435254596269562e-08,0.0016021291586326197,1.0823499625073059e-05,1.0823499625073059e-05,5.2650530832157655e-05,1.1405947448242287e-07,0.002166349943289805,0.010538132621929385,True
sgd_no_decay_grad_projection,35,5,53,torch.float32,1.1920928955078125e-07,5.678672305444112e-06,8.369841700298065e-05,3.218819982292916e-11,3.845735794714359e-07,1.1283623139451767e-20,1.3481286198101895e-16,8.986380270666499e-08,0.001073661903597045,8.369839748812442e-05,8.987488238918411e-08,0.0010737945419078787,8.369834923453143e-05,1.1339187582518081e-20,1.3547683659500266e-16,8.369822734539411e-05,6.70069655880728e-08,0.0008005780733151952,9.191426287851646e-06,9.191426287851646e-06,8.369839748812442e-05,8.987488238918411e-08,0.0010737945419078787,0.009778121433446318,True
sgd_no_decay_grad_projection,35,6,60,torch.float32,1.1920928955078125e-07,3.095485046437789e-06,7.131921619601691e-05,1.9777362336907737e-11,2.773076232715563e-07,1.0394818209732769e-20,1.457505951995264e-16,9.894735440852269e-08,0.0013873874307530638,7.13191882838555e-05,9.893777657108183e-08,0.0013872532617351498,7.131911965794586e-05,1.0442507046412517e-20,1.46419460819145e-16,7.131943371235821e-05,7.27018698008308e-08,0.0010193837221709888,9.349755777062544e-06,9.349755777062544e-06,7.13191882838555e-05,9.893777657108183e-08,0.0013872532617351498,0.010581856781093973,True
sgd_no_decay_grad_projection,35,7,53,torch.float32,1.1920928955078125e-07,7.079248571757639e-06,3.8269439331713555e-05,2.2197122085570297e-11,5.800221396809368e-07,5.0753787361305625e-21,1.3262223917467988e-16,9.851863263518151e-08,0.0025742225179806793,3.827123186877684e-05,9.85265323364998e-08,0.0025744280370782,3.827110504383308e-05,5.0338072991454395e-21,1.3153023131629109e-16,3.8271374580677084e-05,7.36631247234533e-08,0.001924757747286277,1.0053138440744798e-05,1.0053138440744798e-05,3.827123186877684e-05,9.85265323364998e-08,0.0025744280370782,0.009800574508869526,True
sgd_no_decay_grad_projection,36,0,58,torch.float32,1.1920928955078125e-07,4.814231254404896e-06,6.82744435809734e-05,2.745883370357148e-11,4.021831927638537e-07,9.838589150238655e-21,1.4410354203137365e-16,1.0108277840375957e-07,0.001480517178002023,6.827532662946435e-05,1.0108609004514214e-07,0.0014805654551276542,6.827525179713689e-05,9.77656949010657e-21,1.4319345931019398e-16,6.827529806278963e-05,7.509955285179657e-08,0.0010999520321790612,9.873395169744473e-06,9.873395169744473e-06,6.827532662946435e-05,1.0108609004514214e-07,0.0014805654551276542,0.01023822994089259,True
sgd_no_decay_grad_projection,36,1,60,torch.float32,1.1920928955078125e-07,3.342961442244951e-06,7.551366414179154e-05,2.231711718739212e-11,2.955374691590572e-07,1.1103897938942455e-20,1.4704488340140957e-16,1.07094188386644e-07,0.00141820441621604,7.551393858486607e-05,1.0710833651760224e-07,0.0014183916045807745,7.551386262404521e-05,1.0915365374324127e-20,1.445478352586409e-16,7.551388398675098e-05,7.912868527526667e-08,0.0010478693598802295,1.0189335402093469e-05,1.0189335402093469e-05,7.551393858486607e-05,1.0710833651760224e-07,0.0014183916045807745,0.010511807913948549,True
sgd_no_decay_grad_projection,36,2,60,torch.float32,1.1920928955078125e-07,3.920330339574255e-06,6.27971312842165e-05,2.0228469040451684e-11,3.221240943140969e-07,9.270910399002899e-21,1.4763270565726525e-16,9.840060295039441e-08,0.0015669446783033233,6.279773808069669e-05,9.839508279788637e-08,0.001566857116277758,6.279766099513153e-05,9.350826651016672e-21,1.4890405952765674e-16,6.279768109542294e-05,7.25630583601926e-08,0.001155505380046293,9.39594249590473e-06,9.39594249590473e-06,6.279773808069669e-05,9.839508279788637e-08,0.001566857116277758,0.010472082267507744,True
sgd_no_decay_grad_projection,36,3,49,torch.float32,1.1920928955078125e-07,5.138758647397377e-06,5.705031231464943e-05,2.4482159596337837e-11,4.291327882888958e-07,7.494584406421172e-21,1.3136798209073778e-16,8.929978806951571e-08,0.001565240640432573,5.705180422574764e-05,8.928937024323669e-08,0.0015650577830970706,5.705173435419293e-05,7.413780938729178e-21,1.2994838846970677e-16,5.705180632291988e-05,6.674637733192107e-08,0.001169925750538533,9.513398939256142e-06,9.513398939256142e-06,5.705180422574764e-05,8.928937024323669e-08,0.0015650577830970706,0.009385643429163107,True
sgd_no_decay_grad_projection,36,4,60,torch.float32,1.1920928955078125e-07,8.425881056896194e-06,7.335048315634948e-05,5.5835233634136735e-11,7.612115316966858e-07,1.0678228316110859e-20,1.455781592242942e-16,1.1410684426947457e-07,0.0015556303930783356,7.335083548913178e-05,1.1408488269023927e-07,0.0015553317413425094,7.335074676915851e-05,1.0629065295606766e-20,1.4490739036450992e-16,7.335085560489076e-05,8.44178823054897e-08,0.001150877949675355,1.0823518693633678e-05,1.0823518693633678e-05,7.335083548913178e-05,1.1408488269023927e-07,0.0015553317413425094,0.01054046155593959,True
sgd_no_decay_grad_projection,36,5,53,torch.float32,1.1920928955078125e-07,5.678672305444112e-06,0.00012311931432685503,4.722147789718578e-11,3.8354240482385256e-07,1.6362286694223338e-20,1.3289780554484103e-16,9.017887989689571e-08,0.0007324524240430019,0.00012311908944564556,9.017954787230156e-08,0.0007324578851122343,0.0001231190564192807,1.6507297934716613e-20,1.3407589706098118e-16,0.00012311904002880434,6.719887962830914e-08,0.0005458041226814928,9.191463988198371e-06,9.191463988198371e-06,0.00012311908944564556,9.017954787230156e-08,0.0007324578851122343,0.009811227894499727,True
sgd_no_decay_grad_projection,36,6,60,torch.float32,1.1920928955078125e-07,3.095485046437789e-06,7.756718401377516e-05,2.1372779011448404e-11,2.755389316138228e-07,1.1194701711681445e-20,1.4432265208562683e-16,9.76533863803852e-08,0.0012589519655309505,7.75672055362628e-05,9.764979892968507e-08,0.001258905722522563,7.756714407029311e-05,1.1191892101350673e-20,1.4428650475010818e-16,7.756735192439942e-05,7.212568671974607e-08,0.0009298459329905056,9.349761586597965e-06,9.349761586597965e-06,7.75672055362628e-05,9.764979892968507e-08,0.001258905722522563,0.010444095074002444,True
sgd_no_decay_grad_projection,36,7,53,torch.float32,1.1920928955078125e-07,7.079248571757639e-06,3.599997728745825e-05,2.0082821210025303e-11,5.578564966767854e-07,4.8576903680687336e-21,1.3493592868909456e-16,9.910059259865013e-08,0.002752719839407752,3.600097442005901e-05,9.910212888967077e-08,0.0027527624039657404,3.6000838017493324e-05,4.9468374423972366e-21,1.3740895253586868e-16,3.600088027080153e-05,7.446281552816496e-08,0.00206836096695552,1.0053136287859306e-05,1.0053136287859306e-05,3.600097442005901e-05,9.910212888967077e-08,0.0027527624039657404,0.00985783202893128,True
sgd_no_decay_grad_projection,37,0,58,torch.float32,1.1920928955078125e-07,4.814231254404896e-06,6.224136102843461e-05,2.6270929351676206e-11,4.220815373827459e-07,8.874940292082273e-21,1.42589110286785e-16,1.0092254618943004e-07,0.0016214360889503783,6.224268317441331e-05,1.009391578277563e-07,0.001621703189512407,6.224260132768241e-05,8.751379138579358e-21,1.4060111486193911e-16,6.224267028592144e-05,7.433120940168793e-08,0.0011942162677185263,9.873388875747798e-06,9.873388875747798e-06,6.224268317441331e-05,1.009391578277563e-07,0.001621703189512407,0.01022335482761093,True
sgd_no_decay_grad_projection,37,1,60,torch.float32,1.1920928955078125e-07,3.342961442244951e-06,7.664565769058806e-05,2.2016228767304222e-11,2.8724691562021485e-07,1.116589935538725e-20,1.456820867851834e-16,1.0641149368975181e-07,0.0013883395221357686,7.664659616345055e-05,1.0642109524253475e-07,0.0013884647273257828,7.664652228244644e-05,1.106260545485078e-20,1.4433277760580578e-16,7.664661987921325e-05,7.820627000197302e-08,0.0010203485832149886,1.0189335743103887e-05,1.0189335743103887e-05,7.664659616345055e-05,1.0642109524253475e-07,0.0013884647273257828,0.010444360449557297,True
sgd_no_decay_grad_projection,37,2,60,torch.float32,1.1920928955078125e-07,3.920330339574255e-06,6.656892501308205e-05,2.1355941396054113e-11,3.2080946765863005e-07,9.785102358045649e-21,1.4699204405243428e-16,9.793433313477132e-08,0.0014711509897660062,6.656987403362592e-05,9.793691288628212e-08,0.0014711896981630462,6.656980199169828e-05,9.79413763766852e-21,1.4712583400638504e-16,6.656984911162715e-05,7.250935685531077e-08,0.0010892221902700126,9.395945853849727e-06,9.395945853849727e-06,6.656987403362592e-05,9.793691288628212e-08,0.0014711896981630462,0.01042331601412488,True
sgd_no_decay_grad_projection,37,3,49,torch.float32,1.1920928955078125e-07,5.138758647397377e-06,5.618460193217499e-05,2.3848967367037892e-11,4.244751506084874e-07,7.282506912743464e-21,1.2961748703916112e-16,8.986853745648232e-08,0.0015994771623539412,5.6186195602442115e-05,8.986652103938334e-08,0.0015994412875940888,5.618612373428409e-05,7.244930622667466e-21,1.289451939580359e-16,5.618628488011818e-05,6.686280486564614e-08,0.0011900200379560226,9.513397770126362e-06,9.513397770126362e-06,5.6186195602442115e-05,8.986652103938334e-08,0.0015994412875940888,0.00944631173959519,True
sgd_no_decay_grad_projection,37,4,60,torch.float32,1.1920928955078125e-07,8.425881056896194e-06,6.255750451421788e-05,4.436375068567834e-11,7.091675256258901e-07,9.062853935791975e-21,1.448723699286067e-16,1.145066884959988e-07,0.0018304106175531106,6.25579348853795e-05,1.1450558389954637e-07,0.0018303926449833566,6.255783009020243e-05,9.019438921783936e-21,1.441776178741936e-16,6.255779759004058e-05,8.456475911256941e-08,0.0013517860661711085,1.0823507471080218e-05,1.0823507471080218e-05,6.25579348853795e-05,1.1450558389954637e-07,0.0018303926449833566,0.010579341697273146,True
sgd_no_decay_grad_projection,37,5,53,torch.float32,1.1920928955078125e-07,5.678672305444112e-06,0.00010911120615194501,4.3425008025543027e-11,3.979885252580808e-07,1.4731890550679518e-20,1.3501720923298653e-16,9.01208995658957e-08,0.0008259523281005641,0.00010911150202277351,9.0113028596097e-08,0.0008258801952638211,0.00010911146481148434,1.4549319104066354e-20,1.3334363285474828e-16,0.00010911151012012833,6.689359820736003e-08,0.0006130755420185487,9.191451272186996e-06,9.191451272186996e-06,0.00010911150202277351,9.0113028596097e-08,0.0008258801952638211,0.00980400438707387,True
sgd_no_decay_grad_projection,37,6,60,torch.float32,1.1920928955078125e-07,3.095485046437789e-06,7.605148604041307e-05,2.173438566386415e-11,2.857851541824534e-07,1.0991730734569904e-20,1.4453012435193502e-16,9.820574481326893e-08,0.0012913126977047182,7.605108735446187e-05,9.818482837615652e-08,0.0012910377982964642,7.605102397427315e-05,1.1058601512242796e-20,1.4541029080665297e-16,7.605093285126916e-05,7.192395014151364e-08,0.0009457339633449789,9.349759944483882e-06,9.349759944483882e-06,7.605108735446187e-05,9.818482837615652e-08,0.0012910377982964642,0.010501320778196347,True
sgd_no_decay_grad_projection,37,7,53,torch.float32,1.1920928955078125e-07,7.079248571757639e-06,3.7286623489681306e-05,2.141262930961576e-11,5.742710737951772e-07,4.977813703781825e-21,1.3350132669320958e-16,9.883519550780526e-08,0.002650583573267647,3.728808704487556e-05,9.883597211452721e-08,0.0026506045213738065,3.7287956057108214e-05,4.992450728362994e-21,1.3388909600507004e-16,3.72881563155e-05,7.35385465359971e-08,0.0019721690156460883,1.0053137695133838e-05,1.0053137695133838e-05,3.728808704487556e-05,9.883597211452721e-08,0.0026506045213738065,0.009831355653505888,True
sgd_no_decay_grad_projection,38,0,58,torch.float32,1.1920928955078125e-07,4.814231254404896e-06,6.888297488117097e-05,2.7984140128771e-11,4.0625626545668273e-07,9.696333832266098e-21,1.4076531754027615e-16,1.0055597791033042e-07,0.0014598078507301081,6.888301991928524e-05,1.0055712585668274e-07,0.0014598245833953292,6.888294652136395e-05,9.852243686918664e-21,1.4302877830382885e-16,6.888297543907987e-05,7.458302636854584e-08,0.0010827497780566563,9.87339501914038e-06,9.87339501914038e-06,6.888301991928524e-05,1.0055712585668274e-07,0.0014598245833953292,0.010184655395813149,True
sgd_no_decay_grad_projection,38,1,60,torch.float32,1.1920928955078125e-07,3.342961442244951e-06,8.412820426799975e-05,2.4044376050429578e-11,2.8580636255866754e-07,1.215983438557346e-20,1.4453933126680621e-16,1.0643615552950157e-07,0.0012651714038762487,8.412785346652485e-05,1.0645783614714742e-07,0.0012654291267458508,8.412778610907457e-05,1.2021142086710103e-20,1.4289145884719087e-16,8.412795275919583e-05,7.857683657638346e-08,0.0009340157937908981,1.0189341768963855e-05,1.0189341768963855e-05,8.412785346652485e-05,1.0645783614714742e-07,0.0012654291267458508,0.010447960090161254,True
sgd_no_decay_grad_projection,38,2,60,torch.float32,1.1920928955078125e-07,3.920330339574255e-06,6.743906679226465e-05,2.1998266745916795e-11,3.261947086794509e-07,9.970698824999108e-21,1.4784752072137647e-16,9.867642217343486e-08,0.0014631910725567958,6.743919162736131e-05,9.867664061459658e-08,0.0014631942974619179,6.743911943577375e-05,9.813574951833934e-21,1.4551754284366035e-16,6.74390257909747e-05,7.316422171305583e-08,0.0010848944043145908,9.395945962480559e-06,9.395945962480559e-06,6.743919162736131e-05,9.867664061459658e-08,0.0014631942974619179,0.010502044286826192,True
sgd_no_decay_grad_projection,38,3,49,torch.float32,1.1920928955078125e-07,5.138758647397377e-06,5.776156558835699e-05,2.4425940756750305e-11,4.2287532389312256e-07,7.499590374125135e-21,1.2983703432784894e-16,8.962919311487945e-08,0.0015517299544647797,5.776083593021262e-05,8.962609506959763e-08,0.0015516758652503752,5.776076639484646e-05,7.479959630675415e-21,1.2949896785550258e-16,5.7760806763907804e-05,6.686299134231397e-08,0.001157584097043702,9.513399040784233e-06,9.513399040784233e-06,5.776083593021262e-05,8.962609506959763e-08,0.0015516758652503752,0.009421038125844172,True
sgd_no_decay_grad_projection,38,4,60,torch.float32,1.1920928955078125e-07,8.425881056896194e-06,9.071777972968195e-05,5.768480535686643e-11,6.358710004670952e-07,1.2974927358396123e-20,1.4302518643049947e-16,1.1309904671134724e-07,0.0012466939185091777,9.071916183496616e-05,1.131153680272526e-07,0.0012468740422561333,9.071909131463067e-05,1.3140477754910736e-20,1.4484798695058702e-16,9.07189455602871e-05,8.383492635231883e-08,0.0009241170720685514,1.082353362046988e-05,1.082353362046988e-05,9.071916183496616e-05,1.131153680272526e-07,0.0012468740422561333,0.010450872330023949,True
sgd_no_decay_grad_projection,38,5,53,torch.float32,1.1920928955078125e-07,5.678672305444112e-06,0.00018200441889420455,6.116201903117096e-11,3.36046890524802e-07,2.4051414803659283e-20,1.3214742229770388e-16,8.965692081735501e-08,0.0004926096183928317,0.00018200401658986583,8.964930137696983e-08,0.0004925677084313401,0.00018200399451068908,2.4171553635648277e-20,1.3280781941425294e-16,0.00018200396644163126,6.660671357213216e-08,0.000365962978029344,9.191520384489335e-06,9.191520384489335e-06,0.00018200401658986583,8.964930137696983e-08,0.0004925677084313401,0.009753479035770054,True
sgd_no_decay_grad_projection,38,6,60,torch.float32,1.1920928955078125e-07,3.095485046437789e-06,8.298059488834924e-05,2.3418770900385043e-11,2.8221984828977307e-07,1.2104173148169127e-20,1.458675147419204e-16,9.81595655191609e-08,0.0011829170124122825,8.298094584797131e-05,9.816275025303936e-08,0.0011829553067867233,8.298088778687782e-05,1.2203606387032796e-20,1.4706526662351053e-16,8.298076021942145e-05,7.25042989221483e-08,0.0008737483090107776,9.349766147268101e-06,9.349766147268101e-06,8.298094584797131e-05,9.816275025303936e-08,0.0011829553067867233,0.010498952455802485,True
sgd_no_decay_grad_projection,38,7,53,torch.float32,1.1920928955078125e-07,7.079248571757639e-06,3.6919646674661685e-05,2.0167395655902206e-11,5.462510471353803e-07,4.983234240284999e-21,1.3497513354334957e-16,9.940325676165695e-08,0.002692343755018111,3.692072058138121e-05,9.939837452334188e-08,0.0026922111204261702,3.692058678043414e-05,4.9831496700686655e-21,1.3496940608510205e-16,3.692080909207461e-05,7.39658260599484e-08,0.002003364169931635,1.0053137125486767e-05,1.0053137125486767e-05,3.692072058138121e-05,9.939837452334188e-08,0.0026922111204261702,0.009887299186573969,True
sgd_no_decay_grad_projection,39,0,58,torch.float32,1.1920928955078125e-07,4.814231254404896e-06,7.589870550167798e-05,3.1908075918724106e-11,4.2040342727609073e-07,1.0911203066063201e-20,1.437600680267589e-16,1.0109410684501424e-07,0.0013319416011891298,7.589979558719074e-05,1.0110626850718426e-07,0.0013321019869024192,7.589972824523029e-05,1.0749281100988747e-20,1.4162476400782445e-16,7.589983241558262e-05,7.455237207535458e-08,0.000982246860139952,9.873401290122944e-06,9.873401290122944e-06,7.589979558719074e-05,1.0110626850718426e-07,0.0013321019869024192,0.010240267313790633,True
sgd_no_decay_grad_projection,39,1,60,torch.float32,1.1920928955078125e-07,3.342961442244951e-06,9.476126838378561e-05,2.7922405611921626e-11,2.946605304905286e-07,1.3737309515190345e-20,1.4496755636020487e-16,1.0712055078803871e-07,0.001130432555845956,9.476067533022124e-05,1.071301157339079e-07,0.001130533476683041,9.476061477311078e-05,1.357709411499426e-20,1.4327781797851832e-16,9.476064136814754e-05,7.88962684172085e-08,0.0008325847870815317,1.0189351230564229e-05,1.0189351230564229e-05,9.476067533022124e-05,1.071301157339079e-07,0.001130533476683041,0.010513929033338037,True
sgd_no_decay_grad_projection,39,2,60,torch.float32,1.1920928955078125e-07,3.920330339574255e-06,7.088478140060081e-05,2.3277788019014487e-11,3.2838907815009766e-07,1.0576087653194589e-20,1.4920110416120318e-16,9.767510095432517e-08,0.001377935047171449,7.088513232149745e-05,9.767620895458036e-08,0.0013779505765972582,7.088506502497128e-05,1.0504586117807594e-20,1.4819181042024937e-16,7.088488561046068e-05,7.237517994179182e-08,0.001021024148074681,9.3959487206645e-06,9.3959487206645e-06,7.088513232149745e-05,9.767620895458036e-08,0.0013779505765972582,0.0103955664146784,True
sgd_no_decay_grad_projection,39,3,49,torch.float32,1.1920928955078125e-07,5.138758647397377e-06,6.18061075586565e-05,2.7228415709005104e-11,4.405457127867862e-07,8.039359070593544e-21,1.3007386143779798e-16,8.976717396124711e-08,0.0014523846137498883,6.18067468629774e-05,8.977348539173915e-08,0.001452486823012424,6.180668166554072e-05,8.070421431755671e-21,1.3057522608037377e-16,6.180665167688399e-05,6.684465887404248e-08,0.0010815123786918023,9.513402610882886e-06,9.513402610882886e-06,6.18067468629774e-05,8.977348539173915e-08,0.001452486823012424,0.00943652750373904,True
sgd_no_decay_grad_projection,39,4,60,torch.float32,1.1920928955078125e-07,8.425881056896194e-06,8.189845969333592e-05,5.158114691245679e-11,6.298182787026695e-07,1.2190834484495813e-20,1.4885303740932506e-16,1.1318061150958899e-07,0.0013819405020519808,8.189975574245239e-05,1.1318364721833003e-07,0.0013819778361031394,8.189967753376913e-05,1.2050030205750688e-20,1.4713159524690658e-16,8.190013691521662e-05,8.384733379759791e-08,0.0010237752579632074,1.0823524517927745e-05,1.0823524517927745e-05,8.189975574245239e-05,1.1318364721833003e-07,0.0013819778361031394,0.01045718952554283,True
sgd_no_decay_grad_projection,39,5,53,torch.float32,1.1920928955078125e-07,5.678672305444112e-06,0.00016885495494430795,5.943968873302637e-11,3.5201625414327273e-07,2.2094441659844615e-20,1.3084864265388726e-16,9.00098037742682e-08,0.0005330584614047192,0.00016885540845633113,9.000039810735375e-08,0.0005330027562050485,0.0001688553844710993,2.2202074279205884e-20,1.314857346643033e-16,0.00016885544988601587,6.670567556647442e-08,0.00039504603263621873,9.191509232275079e-06,9.191509232275079e-06,0.00016885540845633113,9.000039810735375e-08,0.0005330027562050485,0.009791688811161308,True
sgd_no_decay_grad_projection,39,6,60,torch.float32,1.1920928955078125e-07,3.095485046437789e-06,8.498689192341828e-05,2.3519459344114826e-11,2.7674219884765547e-07,1.254582846496545e-20,1.4762074692966748e-16,9.760352577371366e-08,0.0011484327022136505,8.498844871188238e-05,9.760295297351557e-08,0.0011484261032272442,8.498839266697442e-05,1.246229756563377e-20,1.4663528953261972e-16,8.498840161007433e-05,7.180923387033962e-08,0.0008449298081848796,9.349767423357636e-06,9.349767423357636e-06,8.498844871188238e-05,9.760295297351557e-08,0.0011484261032272442,0.010439078166766308,True
sgd_no_decay_grad_projection,39,7,53,torch.float32,1.1920928955078125e-07,7.079248571757639e-06,4.5213055894262074e-05,2.4828194311844584e-11,5.491377174307631e-07,6.119197010702373e-21,1.3534137185980114e-16,9.925636891864888e-08,0.0021952519934007693,4.521411178093559e-05,9.923375522965922e-08,0.0021947518445225955,4.5214002884070794e-05,6.084946167315615e-21,1.3458100984594274e-16,4.5214341965512396e-05,7.37391982333855e-08,0.0016308807123551787,1.0053145084304678e-05,1.0053145084304678e-05,4.521411178093559e-05,9.923375522965922e-08,0.0021947518445225955,0.009870916454253349,True
sgd_no_decay_grad_projection,40,0,58,torch.float32,1.1920928955078125e-07,4.814231254404896e-06,6.187674844376672e-05,2.5500058823010873e-11,4.121105175102276e-07,8.78289446971471e-21,1.4194175826315935e-16,1.0154924661402956e-07,0.0016411447286027122,6.18770788163188e-05,1.015443611998971e-07,0.00164106585414819,6.187699549577078e-05,8.800060088218697e-21,1.4221860673277472e-16,6.187697376976917e-05,7.488166128930091e-08,0.001210170063712543,9.87338763890759e-06,9.87338763890759e-06,6.18770788163188e-05,1.015443611998971e-07,0.00164106585414819,0.010284652534024498,True
sgd_no_decay_grad_projection,40,1,60,torch.float32,1.1920928955078125e-07,3.342961442244951e-06,8.951348564471941e-05,2.6596444907146637e-11,2.971222125424586e-07,1.3062695777955563e-20,1.4592991976429347e-16,1.0542360470969047e-07,0.0011777331080376732,8.951398994151613e-05,1.0542173158900672e-07,0.0011777123515316868,8.951392786325688e-05,1.3042886722350314e-20,1.4570790304582397e-16,8.951387414780489e-05,7.768732810903467e-08,0.0008678803017815732,1.0189345126615417e-05,1.0189345126615417e-05,8.951398994151613e-05,1.0542173158900672e-07,0.0011777123515316868,0.010346271549251619,True
sgd_no_decay_grad_projection,40,2,60,torch.float32,1.1920928955078125e-07,3.920330339574255e-06,7.078405158239372e-05,2.3706083285838547e-11,3.349071260528836e-07,1.0348271836223046e-20,1.461949634823895e-16,9.911403146737294e-08,0.0014002016700136314,7.078553648026271e-05,9.911729574501857e-08,0.001400247856744798,7.078546708583824e-05,1.0362396474899753e-20,1.4639158151395339e-16,7.078547512873384e-05,7.337361871570751e-08,0.0010365632014515231,9.395947932250672e-06,9.395947932250672e-06,7.078553648026271e-05,9.911729574501857e-08,0.001400247856744798,0.010548940507089035,True
sgd_no_decay_grad_projection,40,3,49,torch.float32,1.1920928955078125e-07,5.138758647397377e-06,6.407328068780867e-05,2.9052408269357837e-11,4.5342470305076306e-07,8.306845510633943e-21,1.296460150231601e-16,9.095061718029859e-08,0.0014194560798171918,6.407429867991131e-05,9.093353158131268e-08,0.001419188870651226,6.407423415395082e-05,8.34156713171503e-21,1.301859825850246e-16,6.407455936765155e-05,6.760610020794317e-08,0.0010551161158991059,9.513404469314417e-06,9.513404469314417e-06,6.407429867991131e-05,9.093353158131268e-08,0.001419188870651226,0.009558463731319288,True
sgd_no_decay_grad_projection,40,4,60,torch.float32,1.1920928955078125e-07,8.425881056896194e-06,5.5728616967859294e-05,4.71985581119599e-11,8.469357518630153e-07,8.019776267298832e-21,1.439076852010701e-16,1.1334463845469562e-07,0.002033842888194416,5.572929904580835e-05,1.1334362002348667e-07,0.0020338246122622236,5.572918378516713e-05,7.928421549337375e-21,1.4226695980154658e-16,5.572923721750333e-05,8.37616763191839e-08,0.0015030113545655384,1.0823498855554243e-05,1.0823498855554243e-05,5.572929904580835e-05,1.1334362002348667e-07,0.0020338246122622236,0.010471994457256552,True
sgd_no_decay_grad_projection,40,5,53,torch.float32,1.1920928955078125e-07,5.678672305444112e-06,8.337540743750598e-05,3.437931163098509e-11,4.1234355174520854e-07,1.1450880990969873e-20,1.3734122978114203e-16,9.000223879664296e-08,0.0010794853323213584,8.337513965925407e-05,9.00009878924297e-08,0.0010794703104577072,8.337509108254276e-05,1.1274994581154281e-20,1.352321710808309e-16,8.337510389216101e-05,6.696612821138235e-08,0.0008031909417228151,9.191428173923631e-06,9.191428173923631e-06,8.337513965925407e-05,9.00009878924297e-08,0.0010794703104577072,0.0097918393300146,True
sgd_no_decay_grad_projection,40,6,60,torch.float32,1.1920928955078125e-07,3.095485046437789e-06,8.165475354849505e-05,2.328796521516514e-11,2.852003613155765e-07,1.1894550588447554e-20,1.4566880765103065e-16,9.764170383807637e-08,0.001195790437294628,8.165452302158076e-05,9.763905146014742e-08,0.0011957580284235089,8.165446464522006e-05,1.1910692160316058e-20,1.4586700448122151e-16,8.165452323014552e-05,7.197559157661627e-08,0.0008814648439468697,9.349764358259986e-06,9.349764358259986e-06,8.165452302158076e-05,9.763905146014742e-08,0.0011957580284235089,0.010442942486982451,True
sgd_no_decay_grad_projection,40,7,53,torch.float32,1.1920928955078125e-07,7.079248571757639e-06,4.0373759405539986e-05,2.210348294222006e-11,5.474715079217288e-07,5.436430693627621e-21,1.3465257567474536e-16,9.873785595252894e-08,0.0024455134700655094,4.0375071034347626e-05,9.87201735452804e-08,0.0024450773959331937,4.037495034493482e-05,5.438814740079749e-21,1.3470765149218489e-16,4.037490549041503e-05,7.344171242569216e-08,0.0018189940393328514,1.005314048904528e-05,1.005314048904528e-05,4.0375071034347626e-05,9.87201735452804e-08,0.0024450773959331937,0.00981983427495656,True
sgd_no_decay_grad_projection,41,0,58,torch.float32,1.1920928955078125e-07,4.814231254404896e-06,7.202194712691195e-05,2.998246600328147e-11,4.1629624301115465e-07,1.0233497211080487e-20,1.4208859409269556e-16,1.0172353464485982e-07,0.0014123755043317586,7.202299597946457e-05,1.0172124867166114e-07,0.0014123440338508582,7.202292414672942e-05,1.0244475689940932e-20,1.422390969446099e-16,7.202311988387522e-05,7.481167014777952e-08,0.0010387174322412077,9.873397049952192e-06,9.873397049952192e-06,7.202299597946457e-05,1.0172124867166114e-07,0.0014123440338508582,0.010302558294478159,True
sgd_no_decay_grad_projection,41,1,60,torch.float32,1.1920928955078125e-07,3.342961442244951e-06,8.630498651199604e-05,2.6584869696558412e-11,3.0803399399017603e-07,1.2492541162343684e-20,1.447487760235947e-16,1.072080250260293e-07,0.0012421817856330952,8.630623451556084e-05,1.0721341630914746e-07,0.001242244165916161,8.63061679229147e-05,1.2456238651104358e-20,1.4432616985416133e-16,8.63062820886958e-05,7.916413384614716e-08,0.0009172464846161633,1.0189341480026137e-05,1.0189341480026137e-05,8.630623451556084e-05,1.0721341630914746e-07,0.001242244165916161,0.010522114360316094,True
sgd_no_decay_grad_projection,41,2,60,torch.float32,1.1920928955078125e-07,3.920330339574255e-06,7.408299348570455e-05,2.558503779027299e-11,3.45356425091138e-07,1.0927211829723392e-20,1.474995989711541e-16,9.788264097500087e-08,0.0013212408497250085,7.408386420154064e-05,9.788620994623756e-08,0.0013212892038129125,7.408379953351622e-05,1.093413218980983e-20,1.4759140674018918e-16,7.408397890917475e-05,7.256850158403469e-08,0.0009795437914181418,9.39595058232758e-06,9.39595058232758e-06,7.408386420154064e-05,9.788620994623756e-08,0.0013212892038129125,0.010417914514189478,True
sgd_no_decay_grad_projection,41,3,49,torch.float32,1.1920928955078125e-07,5.138758647397377e-06,5.8228189010137916e-05,2.5300371340342436e-11,4.345038334600699e-07,7.56260288588231e-21,1.2987872393844027e-16,8.975502064434079e-08,0.0015414296919541862,5.822841755279452e-05,8.974839071915791e-08,0.0015413159843779864,5.8228348387438844e-05,7.52839426784541e-21,1.2929087766242487e-16,5.822848057012197e-05,6.72469613670723e-08,0.0011548809226799208,9.513398533538636e-06,9.513398533538636e-06,5.822841755279452e-05,8.974839071915791e-08,0.0015413159843779864,0.009433893723968146,True
sgd_no_decay_grad_projection,41,4,60,torch.float32,1.1920928955078125e-07,8.425881056896194e-06,7.134649837396236e-05,5.1632482064141735e-11,7.236862809091247e-07,1.0271463210785453e-20,1.439659050532559e-16,1.1274536211979978e-07,0.0015802487372390333,7.134663471772105e-05,1.1274031027589305e-07,0.0015801769869306904,7.134654564284355e-05,1.015147635665779e-20,1.4228406246148848e-16,7.134668956445273e-05,8.355414698045579e-08,0.0011711005442652691,1.0823513175350607e-05,1.0823513175350607e-05,7.134663471772105e-05,1.1274031027589305e-07,0.0015801769869306904,0.010416239944406132,True
sgd_no_decay_grad_projection,41,5,53,torch.float32,1.1920928955078125e-07,5.678672305444112e-06,0.000134886782124493,5.1199909925971795e-11,3.7957692458492435e-07,1.7718882219677575e-20,1.3136114555186966e-16,9.102470143400991e-08,0.0006748208204525296,0.0001348872244839085,9.102337822559804e-08,0.0006748109657816909,0.00013488719377211813,1.7803839900593237e-20,1.319905871173471e-16,0.00013488718414061848,6.766097950460539e-08,0.0005016116240818663,9.191477459202003e-06,9.191477459202003e-06,0.0001348872244839085,9.102337822559804e-08,0.0006748109657816909,0.009903019251216292,True
sgd_no_decay_grad_projection,41,6,60,torch.float32,1.1920928955078125e-07,3.095485046437789e-06,8.50564876215066e-05,2.3831280904468216e-11,2.80181812944301e-07,1.2225498656258216e-20,1.4373387613489305e-16,9.757714677610838e-08,0.0011471956431999954,8.505709945670432e-05,9.756718116464733e-08,0.0011470786305652345,8.505704349807162e-05,1.2235531323878564e-20,1.438508890113958e-16,8.505707050905334e-05,7.185073071499307e-08,0.0008447355438528228,9.349767787730598e-06,9.349767787730598e-06,8.505709945670432e-05,9.756718116464733e-08,0.0011470786305652345,0.010435251803010727,True
sgd_no_decay_grad_projection,41,7,53,torch.float32,1.1920928955078125e-07,7.079248571757639e-06,4.4465901898246e-05,2.4378737702812255e-11,5.482569038765835e-07,6.013268369915969e-21,1.3523324869643702e-16,9.926426419233735e-08,0.0022323099511495246,4.4467053688290595e-05,9.926635352840842e-08,0.002232357336383364,4.446694288916628e-05,5.9550931222835996e-21,1.339218020255328e-16,4.446708914089982e-05,7.396434033832017e-08,0.001663350171268338,1.005314453745588e-05,1.005314453745588e-05,4.4467053688290595e-05,9.926635352840842e-08,0.002232357336383364,0.009874159588431568,True
sgd_no_decay_grad_projection,42,0,58,torch.float32,1.1920928955078125e-07,4.814231254404896e-06,7.52972014403707e-05,3.092079811856737e-11,4.106500311708682e-07,1.0661757096447758e-20,1.4159566215607505e-16,1.0142264367875544e-07,0.0013469501753846107,7.529800115921428e-05,1.0142032090671568e-07,0.0013469191657859139,7.529793285669629e-05,1.0760136034975162e-20,1.4290081582257218e-16,7.52981325040069e-05,7.493532165867811e-08,0.0009951816753847186,9.87339965843243e-06,9.87339965843243e-06,7.529800115921428e-05,1.0142032090671568e-07,0.0013469191657859139,0.010272076935536294,True
sgd_no_decay_grad_projection,42,1,60,torch.float32,1.1920928955078125e-07,3.342961442244951e-06,9.40571807478077e-05,2.6725966408869944e-11,2.8414594395008887e-07,1.3632121056348004e-20,1.4493439998908637e-16,1.0700675724598001e-07,0.001137686435738138,9.405646257106322e-05,1.0700390662570823e-07,0.0011376560812593045,9.405640170422099e-05,1.3597489724212956e-20,1.4456740293949327e-16,9.405625382303346e-05,7.88740534092309e-08,0.0008385838283292909,1.0189348482384864e-05,1.0189348482384864e-05,9.405646257106322e-05,1.0700390662570823e-07,0.0011376560812593045,0.010501545492402618,True
sgd_no_decay_grad_projection,42,2,60,torch.float32,1.1920928955078125e-07,3.920330339574255e-06,7.787919707721938e-05,2.6428286536455745e-11,3.393497561390029e-07,1.1527918708720178e-20,1.4802308114823776e-16,9.867752229448994e-08,0.0012670550626487673,7.787943655161231e-05,9.867459088020748e-08,0.0012670172673220842,7.787937404038198e-05,1.1464818704039356e-20,1.47212517374557e-16,7.787950559777617e-05,7.30060144730617e-08,0.0009374226751016556,9.395953851210333e-06,9.395953851210333e-06,7.787943655161231e-05,9.867459088020748e-08,0.0012670172673220842,0.01050181731868519,True
sgd_no_decay_grad_projection,42,3,49,torch.float32,1.1920928955078125e-07,5.138758647397377e-06,5.895967373699106e-05,2.4930239574615217e-11,4.2283543979270845e-07,7.691196880116639e-21,1.3044843013254162e-16,8.995641902743332e-08,0.0015257195895595403,5.89600283672833e-05,8.996082148664901e-08,0.0015257933888065756,5.895995973643001e-05,7.733545885758356e-21,1.3116606456873096e-16,5.895994715900802e-05,6.70235003615438e-08,0.0011367632365882102,9.513398836495822e-06,9.513398836495822e-06,5.89600283672833e-05,8.996082148664901e-08,0.0015257933888065756,0.009456223063153451,True
sgd_no_decay_grad_projection,42,4,60,torch.float32,1.1920928955078125e-07,8.425881056896194e-06,8.701078522617526e-05,6.087835155916572e-11,6.996644312646868e-07,1.243532727205085e-20,1.429170790693313e-16,1.1339664290772968e-07,0.0013032362356223837,8.701159460528422e-05,1.1338848926412922e-07,0.0013031422970524796,8.701152072458468e-05,1.2501623431308047e-20,1.4367779493107715e-16,8.701181537412692e-05,8.390030672806415e-08,0.0009642403892772017,1.0823527718418368e-05,1.0823527718418368e-05,8.701159460528422e-05,1.1338848926412922e-07,0.0013031422970524796,0.010476112060135101,True
sgd_no_decay_grad_projection,42,5,53,torch.float32,1.1920928955078125e-07,5.678672305444112e-06,0.00020542105084889927,6.66650837380312e-11,3.245289782256433e-07,2.6712866341231508e-20,1.300395759385049e-16,9.124761760853476e-08,0.00044419850228786964,0.0002054208340679366,9.126807577404188e-08,0.0004442980488719941,0.0002054208137928216,2.658686742433716e-20,1.2942635623647908e-16,0.00020542077177885686,6.745559673436598e-08,0.0003283776813329494,9.191545336072424e-06,9.191545336072424e-06,0.0002054208340679366,9.126807577404188e-08,0.0004442980488719941,0.009929568145179929,True
sgd_no_decay_grad_projection,42,6,60,torch.float32,1.1920928955078125e-07,3.095485046437789e-06,8.033736744908814e-05,2.2248913619913824e-11,2.7694352362259734e-07,1.1618418373742693e-20,1.446203521805221e-16,9.805122159262569e-08,0.0012205041837360815,8.033665865592888e-05,9.805047129422834e-08,0.0012204947645901648,8.033659882086316e-05,1.1927343459261513e-20,1.484671200215663e-16,8.033672714470955e-05,7.25804230901107e-08,0.0009034525760474719,9.34976293959418e-06,9.34976293959418e-06,8.033665865592888e-05,9.805047129422834e-08,0.0012204947645901648,0.01048694730847199,True
sgd_no_decay_grad_projection,42,7,53,torch.float32,1.1920928955078125e-07,7.079248571757639e-06,4.679228651395678e-05,2.7011627477644134e-11,5.772666712832541e-07,6.528152610174984e-21,1.3951343472452267e-16,9.954862849392625e-08,0.0021274308332702085,4.67928884223217e-05,9.954728968265313e-08,0.0021274021125647353,4.6792782533644703e-05,6.487277878413351e-21,1.3863842941481204e-16,4.6792948488081325e-05,7.380160802207292e-08,0.0015771950776059987,1.0053146908244757e-05,1.0053146908244757e-05,4.67928884223217e-05,9.954728968265313e-08,0.0021274021125647353,0.009902102355732283,True
sgd_no_decay_grad_projection,43,0,58,torch.float32,1.1920928955078125e-07,4.814231254404896e-06,7.125232556947031e-05,2.9852327165747826e-11,4.189663555141383e-07,1.013164392809632e-20,1.421938701245471e-16,1.011918359389431e-07,0.0014202099604155975,7.125132356477048e-05,1.0119133499523979e-07,0.0014202028809086273,7.125125170862149e-05,1.0104300717242178e-20,1.4181225557360341e-16,7.125130293515439e-05,7.48488334226647e-08,0.0010504907326506635,9.873396173385476e-06,9.873396173385476e-06,7.125132356477048e-05,1.0119133499523979e-07,0.0014202028809086273,0.010248888347862417,True
sgd_no_decay_grad_projection,43,1,60,torch.float32,1.1920928955078125e-07,3.342961442244951e-06,8.225533128864138e-05,2.468185403576917e-11,3.000638821714585e-07,1.1812089498035995e-20,1.4360272231579542e-16,1.0606595053003745e-07,0.00128945459524509,8.225645610463585e-05,1.0607504569153977e-07,0.001289564986322837,8.2256387709275e-05,1.1838715849902942e-20,1.4392457752637297e-16,8.2256497974636e-05,7.80019493867428e-08,0.0009482770517509134,1.0189335902302631e-05,1.0189335902302631e-05,8.225645610463585e-05,1.0607504569153977e-07,0.001289564986322837,0.010410398352611818,True
sgd_no_decay_grad_projection,43,2,60,torch.float32,1.1920928955078125e-07,3.920330339574255e-06,7.944014053785178e-05,2.49543121036305e-11,3.141272401417797e-07,1.1848222492136866e-20,1.491465449572309e-16,9.773434216610662e-08,0.0012302751361847148,7.944105653192033e-05,9.771958808720074e-08,0.0012300892303457203,7.944099642999114e-05,1.1800520593279479e-20,1.485444685185804e-16,7.944110376836769e-05,7.2317669876283e-08,0.0009103306279221017,9.395954544449369e-06,9.395954544449369e-06,7.944105653192033e-05,9.771958808720074e-08,0.0012300892303457203,0.010400176759574501,True
sgd_no_decay_grad_projection,43,3,49,torch.float32,1.1920928955078125e-07,5.138758647397377e-06,6.488932008858324e-05,2.8698505935641033e-11,4.422685566201565e-07,8.521200720587926e-21,1.3131900147753277e-16,9.018264997406664e-08,0.001389763578872241,6.489066468042622e-05,9.020038059750402e-08,0.001390036317885218,6.489060198949346e-05,8.530373625157224e-21,1.3145776682019978e-16,6.489081104883127e-05,6.735923789504124e-08,0.0010380396978603402,9.513404187536957e-06,9.513404187536957e-06,6.489066468042622e-05,9.020038059750402e-08,0.001390036317885218,0.00948139896291499,True
sgd_no_decay_grad_projection,43,4,60,torch.float32,1.1920928955078125e-07,8.425881056896194e-06,7.092500094965483e-05,5.3649264315750225e-11,7.56422468768558e-07,1.0592295077319914e-20,1.4934501142751827e-16,1.1334360471095727e-07,0.001598054636834864,7.092599615544454e-05,1.1333096810716838e-07,0.0015978762971307057,7.092590561095292e-05,1.0612905204907729e-20,1.4963369326748226e-16,7.092618552775923e-05,8.360845139618658e-08,0.0011788093603802188,1.082351142133515e-05,1.082351142133515e-05,7.092599615544454e-05,1.1333096810716838e-07,0.0015978762971307057,0.01047081337058249,True
sgd_no_decay_grad_projection,43,5,53,torch.float32,1.1920928955078125e-07,5.678672305444112e-06,0.00010905892145288382,4.253857918447627e-11,3.900513467195254e-07,1.4731540368449116e-20,1.3507872783075917e-16,9.00281979826958e-08,0.0008254930446663192,0.00010905993460356739,9.000908248359642e-08,0.0008253175908346105,0.00010905989746052152,1.4645137673538848e-20,1.342852690544682e-16,0.00010906008028124802,6.678267757236465e-08,0.000612347592264219,9.191454497089514e-06,9.191454497089514e-06,0.00010905993460356739,9.000908248359642e-08,0.0008253175908346105,0.009792691952301771,True
sgd_no_decay_grad_projection,43,6,60,torch.float32,1.1920928955078125e-07,3.095485046437789e-06,8.902897914198697e-05,2.4999469071520706e-11,2.80801479613178e-07,1.2877552229241128e-20,1.4464450062607144e-16,9.746727281153891e-08,0.0010947753529791978,8.902947390641257e-05,9.746703697783169e-08,0.0010947726938192249,8.902942055427126e-05,1.286449752059855e-20,1.444971498242708e-16,8.902947665730219e-05,7.198112720003042e-08,0.0008085089332503286,9.349770841190222e-06,9.349770841190222e-06,8.902947390641257e-05,9.746703697783169e-08,0.0010947726938192249,0.010424537524325482,True
sgd_no_decay_grad_projection,43,7,53,torch.float32,1.1920928955078125e-07,7.079248571757639e-06,4.3893868396206094e-05,2.519696390603294e-11,5.740429091050631e-07,5.93713085769231e-21,1.3526105295851427e-16,9.938501958856973e-08,0.002264189019798235,4.389433404889263e-05,9.938679905743807e-08,0.002264228429727035,4.3894221531540444e-05,5.865982117094109e-21,1.336390511648344e-16,4.389440237431026e-05,7.38487077616881e-08,0.0016824174329095997,1.0053144282947093e-05,1.0053144282947093e-05,4.389433404889263e-05,9.938679905743807e-08,0.002264228429727035,0.009886140719777146,True
sgd_no_decay_grad_projection,44,0,58,torch.float32,1.1920928955078125e-07,4.814231254404896e-06,7.973599708865007e-05,3.258653060641008e-11,4.0868029241774636e-07,1.1572869862499991e-20,1.451398400352892e-16,1.0135310795858501e-07,0.0012710995781970138,7.973655861009534e-05,1.013507254046852e-07,0.0012710697222372137,7.973649419815012e-05,1.1450379791086602e-20,1.4360274935880301e-16,7.973641202428223e-05,7.46109838248863e-08,0.0009357203557411754,9.873403442585485e-06,9.873403442585485e-06,7.973655861009534e-05,1.013507254046852e-07,0.0012710697222372137,0.010265024213185108,True
sgd_no_decay_grad_projection,44,1,60,torch.float32,1.1920928955078125e-07,3.342961442244951e-06,8.557814872097755e-05,2.4278906837389858e-11,2.837045110259371e-07,1.2418555891852747e-20,1.4511363096137085e-16,1.0587423934484174e-07,0.0012371374385866058,8.558001954436483e-05,1.0587923587860774e-07,0.001237195743145627,8.55799540476698e-05,1.2335108212654167e-20,1.441354853472258e-16,8.558023953721166e-05,7.801327050905063e-08,0.000911580417756709,1.018933871933482e-05,1.018933871933482e-05,8.558001954436483e-05,1.0587923587860774e-07,0.001237195743145627,0.010391178347785825,True
sgd_no_decay_grad_projection,44,2,60,torch.float32,1.1920928955078125e-07,3.920330339574255e-06,7.895310911907821e-05,2.5805727604290167e-11,3.2684878267896453e-07,1.1555449409726372e-20,1.463583833323004e-16,9.736010348425823e-08,0.0012331346993257539,7.89533438641003e-05,9.736352077049098e-08,0.0012331779251563999,7.89532838308052e-05,1.1541365596911518e-20,1.4617967786677955e-16,7.89534131944102e-05,7.192360341608448e-08,0.0009109625601490344,9.395953062266726e-06,9.395953062266726e-06,7.89533438641003e-05,9.736352077049098e-08,0.0012331779251563999,0.010362282583285119,True
sgd_no_decay_grad_projection,44,3,49,torch.float32,1.1920928955078125e-07,5.138758647397377e-06,5.90824309798224e-05,2.5111604161982016e-11,4.2502658989366963e-07,7.757383674130382e-21,1.3129763866318148e-16,8.947955033167259e-08,0.0015144868008497535,5.908242048072921e-05,8.948133357677172e-08,0.0015145170568283955,5.9082352720187375e-05,7.712996011982354e-21,1.3054652797106645e-16,5.908244279183261e-05,6.682594872696358e-08,0.0011310627247152585,9.513398824462344e-06,9.513398824462344e-06,5.908242048072921e-05,8.948133357677172e-08,0.0015145170568283955,0.009405821749707714,True
sgd_no_decay_grad_projection,44,4,60,torch.float32,1.1920928955078125e-07,8.425881056896194e-06,8.420679127794913e-05,6.077597111112862e-11,7.217466689892001e-07,1.2365014507207391e-20,1.4684106019900778e-16,1.1363384110256113e-07,0.001349439428475603,8.420821060216378e-05,1.1363773495105147e-07,0.0013494852121715966,8.420813392590744e-05,1.2258498761147302e-20,1.4557380848663905e-16,8.420801637588481e-05,8.391638615299708e-08,0.0009965367878803134,1.0823523727865187e-05,1.0823523727865187e-05,8.420821060216378e-05,1.1363773495105147e-07,0.0013494852121715966,0.010499144068811053,True
sgd_no_decay_grad_projection,44,5,53,torch.float32,1.1920928955078125e-07,5.678672305444112e-06,0.0001628163152373281,5.7136109305813505e-11,3.5092373404059317e-07,2.124299263251571e-20,1.304721372766133e-16,9.006582470982767e-08,0.0005531737800131282,0.00016281649202544825,9.004510481703122e-08,0.0005530465845128093,0.0001628164671258775,2.1501894579944987e-20,1.3206216152154518e-16,0.00016281671382377774,6.669365536339665e-08,0.00040962413377032986,9.191505768263015e-06,9.191505768263015e-06,0.00016281649202544825,9.004510481703122e-08,0.0005530465845128093,0.009796556417115505,True
sgd_no_decay_grad_projection,44,6,60,torch.float32,1.1920928955078125e-07,3.095485046437789e-06,8.186396466043545e-05,2.3207365137931915e-11,2.834869436655558e-07,1.2027003879614866e-20,1.4691450541764388e-16,9.776670711183531e-08,0.001194254228342967,8.186422922432476e-05,9.776494697794479e-08,0.0011942327913458857,8.186417084725118e-05,1.202429291974526e-20,1.4688102005187546e-16,8.186419643038875e-05,7.196438965670913e-08,0.000879070372576152,9.349763596142129e-06,9.349763596142129e-06,8.186422922432476e-05,9.776494697794479e-08,0.0011942327913458857,0.01045640843991866,True
sgd_no_decay_grad_projection,44,7,53,torch.float32,1.1920928955078125e-07,7.079248571757639e-06,3.9590695270302044e-05,2.3156385628755653e-11,5.848946443263357e-07,5.3206480380863735e-21,1.343913766040485e-16,9.84730835484272e-08,0.002487248320561308,3.9591175793547654e-05,9.847363113149853e-08,0.002487262102166392,3.959105332849286e-05,5.3373829655202706e-21,1.3481285585496323e-16,3.959124851866913e-05,7.324560670812806e-08,0.0018500453875201566,1.005314029655473e-05,1.005314029655473e-05,3.9591175793547654e-05,9.847363113149853e-08,0.002487262102166392,0.009795310542442745,True
sgd_no_decay_grad_projection,45,0,58,torch.float32,1.1920928955078125e-07,4.814231254404896e-06,7.39306829425557e-05,3.1156679066638595e-11,4.2143096514944143e-07,1.0788948044418303e-20,1.459332933905439e-16,1.0075926056023044e-07,0.0013628846768322495,7.393087237282027e-05,1.0075779290020366e-07,0.0013628649259283725,7.39308037131574e-05,1.0650187475695648e-20,1.4405615711979934e-16,7.393087486553557e-05,7.455953969866813e-08,0.0010085034139562933,9.87339795738852e-06,9.87339795738852e-06,7.393087237282027e-05,1.0075779290020366e-07,0.0013628649259283725,0.010204976375413287,True
sgd_no_decay_grad_projection,45,1,60,torch.float32,1.1920928955078125e-07,3.342961442244951e-06,9.104351129150333e-05,2.7636633412255284e-11,3.0355412505750403e-07,1.3323325064025988e-20,1.463401935517178e-16,1.073330204443807e-07,0.0011789152095112408,9.10438695451306e-05,1.0733483454023745e-07,0.0011789353316867908,9.104380627469424e-05,1.3119771468370614e-20,1.4410394298307445e-16,9.104392069895339e-05,7.920965849140604e-08,0.000870015898736626,1.0189343380246504e-05,1.0189343380246504e-05,9.10438695451306e-05,1.0733483454023745e-07,0.0011789353316867908,0.010534028595828986,True
sgd_no_decay_grad_projection,45,2,60,torch.float32,1.1920928955078125e-07,3.920330339574255e-06,8.027733548013247e-05,2.637716868072627e-11,3.285755378272894e-07,1.1783219698898713e-20,1.4678140011031548e-16,9.848196883263365e-08,0.0012267861547705613,8.027640749004922e-05,9.848305770213333e-08,0.001226799514095607,8.027634708054282e-05,1.1828641060880529e-20,1.4734901986774042e-16,8.02763189821899e-05,7.31715739014807e-08,0.0009114963768793951,9.395952998609463e-06,9.395952998609463e-06,8.027640749004922e-05,9.848305770213333e-08,0.001226799514095607,0.010481433625381923,True
sgd_no_decay_grad_projection,45,3,49,torch.float32,1.1920928955078125e-07,5.138758647397377e-06,6.372211751404577e-05,2.7796489645357993e-11,4.362141549867835e-07,8.301213978106124e-21,1.302720986363509e-16,9.022396845518873e-08,0.0014158930121358415,6.372229765554839e-05,9.021756207679646e-08,0.0014157926722050817,6.372223379083474e-05,8.370760299921829e-21,1.3136325897485734e-16,6.372221510182776e-05,6.682005676493984e-08,0.001048614783057396,9.51340280179539e-06,9.51340280179539e-06,6.372229765554839e-05,9.021756207679646e-08,0.0014157926722050817,0.009483206372778665,True
sgd_no_decay_grad_projection,45,4,60,torch.float32,1.1920928955078125e-07,8.425881056896194e-06,7.073023713605799e-05,5.487068135862908e-11,7.75774033573206e-07,1.043765727870292e-20,1.4756994605613993e-16,1.1353070724390509e-07,0.0016051119914061774,7.073070858016937e-05,1.1352667921577032e-07,0.0016050550248212778,7.073061747182723e-05,1.0411721361331876e-20,1.4720246667546735e-16,7.073070874703268e-05,8.389992484275632e-08,0.0011861880974899197,1.0823510348917463e-05,1.0823510348917463e-05,7.073070858016937e-05,1.1352667921577032e-07,0.0016050550248212778,0.01048889644450009,True
sgd_no_decay_grad_projection,45,5,53,torch.float32,1.1920928955078125e-07,5.678672305444112e-06,0.00013036090827919282,4.557079749597263e-11,3.495741023710425e-07,1.7305092143514445e-20,1.3274755731567425e-16,8.974043076550554e-08,0.000688401157729778,0.0001303606391929386,8.972944430655111e-08,0.0006883170016813757,0.0001303606083117839,1.7221264419796196e-20,1.3210481788032193e-16,0.00013036056036271393,6.699304262953551e-08,0.0005139057583300864,9.191475364295474e-06,9.191475364295474e-06,0.0001303606391929386,8.972944430655111e-08,0.0006883170016813757,0.009762246075870201,True
sgd_no_decay_grad_projection,45,6,60,torch.float32,1.1920928955078125e-07,3.095485046437789e-06,8.178972847073213e-05,2.2562421104294595e-11,2.7585885814950954e-07,1.1858974738975923e-20,1.4499344796357922e-16,9.806029473878805e-08,0.0011989247885696337,8.179021137101711e-05,9.806371092551362e-08,0.0011989663467267078,8.179015258345137e-05,1.1774767868148028e-20,1.4396314832808396e-16,8.179019304364318e-05,7.267682220812356e-08,0.0008885762400553728,9.349762989818276e-06,9.349762989818276e-06,8.179021137101711e-05,9.806371092551362e-08,0.0011989663467267078,0.010488363291380032,True
sgd_no_decay_grad_projection,45,7,53,torch.float32,1.1920928955078125e-07,7.079248571757639e-06,4.5022259506090096e-05,2.5322546665426722e-11,5.624450425905741e-07,6.0639823793627014e-21,1.346885395332812e-16,9.889172337772919e-08,0.0021964376202666183,4.502369986379185e-05,9.890087474457777e-08,0.0021966403259567314,4.5023591238835945e-05,6.1410592131645144e-21,1.3639647669569788e-16,4.502366153175182e-05,7.372669195053107e-08,0.0016375099101732795,1.0053145655646387e-05,1.0053145655646387e-05,4.502369986379185e-05,9.890087474457777e-08,0.0021966403259567314,0.009837803821038814,True
sgd_no_decay_grad_projection,46,0,58,torch.float32,1.1920928955078125e-07,4.814231254404896e-06,6.554192203115972e-05,2.6935975670572587e-11,4.1097323416555864e-07,9.428063971541142e-21,1.4384784088357495e-16,1.0164764773377101e-07,0.0015508901205951438,6.554149729620186e-05,1.016421744227626e-07,0.001550806414498144,6.554141848248643e-05,9.370709407656615e-21,1.4297385721306287e-16,6.55414939039551e-05,7.527971481880603e-08,0.0011485810031904577,9.873389356124653e-06,9.873389356124653e-06,6.554149729620186e-05,1.016421744227626e-07,0.001550806414498144,0.010294557497594482,True
sgd_no_decay_grad_projection,46,1,60,torch.float32,1.1920928955078125e-07,3.342961442244951e-06,8.407766991757442e-05,2.5157717266456263e-11,2.992199628167579e-07,1.2144477011080618e-20,1.4444354872092682e-16,1.05984322373797e-07,0.001260538511925067,8.407860844598379e-05,1.059783738225769e-07,0.0012604677430010345,8.407854165479642e-05,1.2244614553478853e-20,1.4563305110300204e-16,8.407858295853896e-05,7.842451088445828e-08,0.0009327525289422535,1.0189336404238237e-05,1.0189336404238237e-05,8.407860844598379e-05,1.059783738225769e-07,0.0012604677430010345,0.01040091028680684,True
sgd_no_decay_grad_projection,46,2,60,torch.float32,1.1920928955078125e-07,3.920330339574255e-06,7.512529750429265e-05,2.4944385595598554e-11,3.3203709568235963e-07,1.1065871603014225e-20,1.4729887229241964e-16,9.821512301847323e-08,0.0013073288399168125,7.512656023372883e-05,9.819310682871498e-08,0.0013070358408959898,7.512649606274645e-05,1.1173573487314022e-20,1.4873012948696202e-16,7.512651030331923e-05,7.2736204956305e-08,0.0009681829312001383,9.395947111286278e-06,9.395947111286278e-06,7.512656023372883e-05,9.819310682871498e-08,0.0013070358408959898,0.010450581050074965,True
sgd_no_decay_grad_projection,46,3,49,torch.float32,1.1920928955078125e-07,5.138758647397377e-06,5.526189916040032e-05,2.3345500129099234e-11,4.224520055189887e-07,7.254046533191829e-21,1.3126668904623158e-16,8.995034654634812e-08,0.0016277436216961068,5.526076409782231e-05,8.995065094708293e-08,0.0016277489538120168,5.526069088923483e-05,7.224396229335086e-21,1.3073300592306654e-16,5.526085755629227e-05,6.680809014645715e-08,0.001208958620998636,9.513394355766059e-06,9.513394355766059e-06,5.526076409782231e-05,8.995065094708293e-08,0.0016277489538120168,0.009455158441168154,True
sgd_no_decay_grad_projection,46,4,60,torch.float32,1.1920928955078125e-07,8.425881056896194e-06,6.272067505626217e-05,4.52254092467338e-11,7.210606264388157e-07,9.020889099753457e-21,1.4382640320219474e-16,1.1378827171489536e-07,0.0018142135994004599,6.272044335461642e-05,1.137777396411562e-07,0.0018140455257604905,6.272034015553176e-05,9.014825566264256e-21,1.4373049546462278e-16,6.272056848773128e-05,8.425699842345719e-08,0.0013433710895005462,1.0823501875650935e-05,1.0823501875650935e-05,6.272044335461642e-05,1.137777396411562e-07,0.0018140455257604905,0.010512100515002083,True
sgd_no_decay_grad_projection,46,5,53,torch.float32,1.1920928955078125e-07,5.678672305444112e-06,0.00010436603931371683,4.502895416761681e-11,4.314521703009444e-07,1.3925464698302176e-20,1.334290808568918e-16,9.042342626761494e-08,0.0008664054715957962,0.00010436617981363494,9.041772372215588e-08,0.0008663508033312458,0.00010436614064689379,1.3992063129895786e-20,1.3406707427493848e-16,0.0001043662235198954,6.703915083678632e-08,0.000642345277770893,9.19145140126299e-06,9.19145140126299e-06,0.00010436617981363494,9.041772372215588e-08,0.0008663508033312458,0.00983715408751785,True
sgd_no_decay_grad_projection,46,6,60,torch.float32,1.1920928955078125e-07,3.095485046437789e-06,8.275334294259923e-05,2.2878974193892876e-11,2.7647190289052825e-07,1.2077009751114486e-20,1.459398414815944e-16,9.787607216291844e-08,0.0011827265187771571,8.275461067825142e-05,9.787341142832774e-08,0.0011826943613916325,8.275455280106526e-05,1.1972052685238536e-20,1.4466941431027135e-16,8.275480699904876e-05,7.194968605259818e-08,0.0008694321050549392,9.349763360173012e-06,9.349763360173012e-06,8.275461067825142e-05,9.787341142832774e-08,0.0011826943613916325,0.010468009473398763,True
sgd_no_decay_grad_projection,46,7,53,torch.float32,1.1920928955078125e-07,7.079248571757639e-06,4.5913478351801494e-05,2.75063499517151e-11,5.990909628095263e-07,6.212402213437306e-21,1.3530672117318827e-16,9.924555496222109e-08,0.0021615529119948184,4.5914074326315144e-05,9.925311809162182e-08,0.0021617144535294704,4.591396704773985e-05,6.14495953621702e-21,1.338363886054039e-16,4.59141782482968e-05,7.399623745896512e-08,0.0016116206427305498,1.0053146119792076e-05,1.0053146119792076e-05,4.5914074326315144e-05,9.925311809162182e-08,0.0021617144535294704,0.00987284148752377,True
sgd_no_decay_grad_projection,47,0,58,torch.float32,1.1920928955078125e-07,4.814231254404896e-06,7.560030042763993e-05,2.998151992927621e-11,3.9657937547447607e-07,1.0812502536615137e-20,1.4302195196916006e-16,1.018208994403365e-07,0.0013468348405619966,7.560014156513388e-05,1.0182260754733288e-07,0.0013468573661281683,7.560007299483828e-05,1.0868132979956751e-20,1.4375823394639833e-16,7.560000259373649e-05,7.526238357092555e-08,0.000995534140063126,9.873398491023123e-06,9.873398491023123e-06,7.560014156513388e-05,1.0182260754733288e-07,0.0013468573661281683,0.010312822645607773,True
sgd_no_decay_grad_projection,47,1,60,torch.float32,1.1920928955078125e-07,3.342961442244951e-06,8.340519622932892e-05,2.403155831456714e-11,2.8813022930238717e-07,1.1984803958243565e-20,1.4369373252586006e-16,1.0711253455565908e-07,0.001284240292178501,8.34053873037574e-05,1.0710316033458296e-07,0.0012841276061043838,8.340531853666661e-05,1.1974122638387929e-20,1.4356545659763736e-16,8.340543254957808e-05,7.89933864993701e-08,0.0009471012149288313,1.0189335131750335e-05,1.0189335131750335e-05,8.34053873037574e-05,1.0710316033458296e-07,0.0012841276061043838,0.01051130019277172,True
sgd_no_decay_grad_projection,47,2,60,torch.float32,1.1920928955078125e-07,3.920330339574255e-06,7.81630987734004e-05,2.5941712725577888e-11,3.318920709730879e-07,1.1499238994860838e-20,1.471185146868149e-16,9.875670752185185e-08,0.0012634557157899025,7.816397220268219e-05,9.875747867118978e-08,0.0012634654545844708,7.816390981432595e-05,1.1515436886150878e-20,1.4732421796075916e-16,7.816423072264815e-05,7.307457112488585e-08,0.0009348850548299766,9.395949069725216e-06,9.395949069725216e-06,7.816397220268219e-05,9.875747867118978e-08,0.0012634654545844708,0.010510644314728914,True
sgd_no_decay_grad_projection,47,3,49,torch.float32,1.1920928955078125e-07,5.138758647397377e-06,6.0793185728103374e-05,2.6233053956351568e-11,4.3151306585048056e-07,7.908325505945646e-21,1.3008572278669933e-16,9.044848615321707e-08,0.0014878055977142592,6.0793210922539436e-05,9.044151707637387e-08,0.0014876910711561404,6.07931436479835e-05,7.924002938363368e-21,1.3034369441801692e-16,6.0793096695266254e-05,6.756726001514303e-08,0.0011114298117405204,9.513399534849756e-06,9.513399534849756e-06,6.0793210922539436e-05,9.044151707637387e-08,0.0014876910711561404,0.00950675063578124,True
sgd_no_decay_grad_projection,47,4,60,torch.float32,1.1920928955078125e-07,8.425881056896194e-06,6.334662137478606e-05,5.2680229335446575e-11,8.316186118872468e-07,9.193400379414514e-21,1.4512850377647693e-16,1.1295258753652927e-07,0.0017830853475806886,6.334671023919708e-05,1.1296469222495829e-07,0.0017832763816527139,6.334660951548321e-05,9.212100206074682e-21,1.4542372948662793e-16,6.334692367234603e-05,8.418759225390689e-08,0.0013289925914848934,1.0823501965195802e-05,1.0823501965195802e-05,6.334671023919708e-05,1.1296469222495829e-07,0.0017832763816527139,0.010436981726266515,True
sgd_no_decay_grad_projection,47,5,53,torch.float32,1.1920928955078125e-07,5.678672305444112e-06,0.00010623472663129622,4.003050852827639e-11,3.768118937907033e-07,1.4080692859186888e-20,1.3254322108868484e-16,9.078409500623034e-08,0.0008545584679007955,0.00010623508589319845,9.077442608569428e-08,0.0008544674795759353,0.00010623504711129384,1.401830251942406e-20,1.3195553539632001e-16,0.00010623502614084076,6.748793282593518e-08,0.0006352700731344788,9.19145321381693e-06,9.19145321381693e-06,0.00010623508589319845,9.077442608569428e-08,0.0008544674795759353,0.009875960196287442,True
sgd_no_decay_grad_projection,47,6,60,torch.float32,1.1920928955078125e-07,3.095485046437789e-06,8.483585715914837e-05,2.430603154791619e-11,2.8650658296902843e-07,1.2385116507398002e-20,1.4598917158536598e-16,9.746527697760815e-08,0.0011488743169240955,8.483546377065721e-05,9.747188125377882e-08,0.0011489520646375281,8.483540777537913e-05,1.2262602597775065e-20,1.4454580839928382e-16,8.483565537626133e-05,7.201766821592866e-08,0.0008489080198239455,9.349764778788502e-06,9.349764778788502e-06,8.483546377065721e-05,9.747188125377882e-08,0.0011489520646375281,0.01042506240102532,True
sgd_no_decay_grad_projection,47,7,53,torch.float32,1.1920928955078125e-07,7.079248571757639e-06,4.373546811151726e-05,2.4229752301894805e-11,5.540069272864182e-07,5.8849720241848894e-21,1.3455834082260684e-16,9.878448067602332e-08,0.002258623508912567,4.373659000007813e-05,9.878672004500597e-08,0.0022586744884507343,4.3736478436413665e-05,5.945797650376629e-21,1.3594596233944475e-16,4.373654592156214e-05,7.341164898298599e-08,0.0016784967225039597,1.0053144387545833e-05,1.0053144387545833e-05,4.373659000007813e-05,9.878672004500597e-08,0.0022586744884507343,0.00982644993812943,True
sgd_no_decay_grad_projection,48,0,58,torch.float32,1.1920928955078125e-07,4.814231254404896e-06,7.125195286806256e-05,2.950207793312826e-11,4.1405290305175697e-07,1.0235263448180753e-20,1.4364888309986813e-16,1.0179897412198206e-07,0.0014287352766580237,7.125110210645812e-05,1.0179772811868587e-07,0.0014287179441321097,7.12510293863006e-05,1.0266790867492014e-20,1.4409322863012566e-16,7.125127304321866e-05,7.547639977343027e-08,0.0010592989647728649,9.87339366361461e-06,9.87339366361461e-06,7.125110210645812e-05,1.0179772811868587e-07,0.0014287179441321097,0.010310307842158714,True
sgd_no_decay_grad_projection,48,1,60,torch.float32,1.1920928955078125e-07,3.342961442244951e-06,8.482540303357285e-05,2.5222923738932272e-11,2.9735106273470165e-07,1.2264909501155556e-20,1.4459005277348106e-16,1.0676149240071583e-07,0.0012585832070116686,8.482674063663696e-05,1.0676023330601947e-07,0.0012585681414229578,8.482667345409616e-05,1.2234378160639015e-20,1.4422796111720252e-16,8.482680050560504e-05,7.871326459311824e-08,0.0009279291936505038,1.018933575581735e-05,1.018933575581735e-05,8.482674063663696e-05,1.0676023330601947e-07,0.0012585681414229578,0.010477644064782864,True
sgd_no_decay_grad_projection,48,2,60,torch.float32,1.1920928955078125e-07,3.920330339574255e-06,7.79725648291807e-05,2.541579788722505e-11,3.259582129035386e-07,1.167637789375362e-20,1.4974982443291942e-16,9.81931390093539e-08,0.0012593075552557163,7.797391692234378e-05,9.819679797179556e-08,0.0012593544334779574,7.797385509003282e-05,1.168200585654157e-20,1.4981952403216302e-16,7.79740950936836e-05,7.255512527910251e-08,0.0009305029470611957,9.395947783005899e-06,9.395947783005899e-06,7.797391692234378e-05,9.819679797179556e-08,0.0012593544334779574,0.010450973147105016,True
sgd_no_decay_grad_projection,48,3,49,torch.float32,1.1920928955078125e-07,5.138758647397377e-06,5.981761765064223e-05,2.502925462370053e-11,4.18426136090557e-07,7.72960779182064e-21,1.2921958605849505e-16,8.943254634050539e-08,0.0014950674985965715,5.9818408590878364e-05,8.94282281404311e-08,0.00149499510680844,5.981834174345927e-05,7.729087770845769e-21,1.292093285366088e-16,5.9818167248700026e-05,6.681884068433437e-08,0.0011170325631430387,9.513398223837383e-06,9.513398223837383e-06,5.9818408590878364e-05,8.94282281404311e-08,0.00149499510680844,0.009400240170368774,True
sgd_no_decay_grad_projection,48,4,60,torch.float32,1.1920928955078125e-07,8.425881056896194e-06,7.007752854391339e-05,4.728290244919545e-11,6.747227453885747e-07,1.0032887101082206e-20,1.4316839234416609e-16,1.1317484845525075e-07,0.001615018365157712,7.00765081765092e-05,1.131650942671521e-07,0.0016148791829368992,7.007641680247213e-05,1.0185300473655081e-20,1.4534562322678244e-16,7.007670685937882e-05,8.37235725197346e-08,0.0011947418232386492,1.0823507851673002e-05,1.0823507851673002e-05,7.00765081765092e-05,1.131650942671521e-07,0.0016148791829368992,0.010455491492959932,True
sgd_no_decay_grad_projection,48,5,53,torch.float32,1.1920928955078125e-07,5.678672305444112e-06,0.0001413667035056907,5.167977872554303e-11,3.655724965211675e-07,1.8759024930904366e-20,1.3269761878652335e-16,9.020317902718251e-08,0.0006380797905005048,0.00014136662311201321,9.021151296030141e-08,0.0006381386990394575,0.00014136659432828152,1.8579167107109173e-20,1.3142544174166513e-16,0.00014136678006087888,6.717047422189351e-08,0.00047515034432394157,9.191486947027304e-06,9.191486947027304e-06,0.00014136662311201321,9.021151296030141e-08,0.0006381386990394575,0.009814681071758195,True
sgd_no_decay_grad_projection,48,6,60,torch.float32,1.1920928955078125e-07,3.095485046437789e-06,8.99687759451023e-05,2.5144395833786797e-11,2.794791367299424e-07,1.3265064605813258e-20,1.4744075893516584e-16,9.737353378155129e-08,0.0010822815817661939,8.997061276627383e-05,9.737505776619844e-08,0.0010822984836077521,8.997056007181973e-05,1.3155611672117849e-20,1.4622129351663784e-16,8.997033085302488e-05,7.215688948999609e-08,0.0008020076041275347,9.349769769773422e-06,9.349769769773422e-06,8.997061276627383e-05,9.737505776619844e-08,0.0010822984836077521,0.010414701127828753,True
sgd_no_decay_grad_projection,48,7,53,torch.float32,1.1920928955078125e-07,7.079248571757639e-06,4.275771771796455e-05,2.5245859207970594e-11,5.904398212854941e-07,5.8165114335977334e-21,1.360341885403054e-16,9.869163241678826e-08,0.00230809784554905,4.2758845144301046e-05,9.868820744888305e-08,0.002308018542498834,4.275873125704302e-05,5.7696143206360216e-21,1.3493417954691248e-16,4.275889841199999e-05,7.33039714880642e-08,0.0017143559401776344,1.0053143309056784e-05,1.0053143309056784e-05,4.2758845144301046e-05,9.868820744888305e-08,0.002308018542498834,0.009816651808790565,True
sgd_no_decay_grad_projection,49,0,58,torch.float32,1.1920928955078125e-07,4.814231254404896e-06,6.199258570218991e-05,2.566816831209476e-11,4.140522293327736e-07,8.88649151018012e-21,1.4334765052181012e-16,1.010562784720062e-07,0.0016301217958875987,6.199310038068345e-05,1.0103699799827606e-07,0.001629810372087123,6.199301804505512e-05,8.817677847679507e-21,1.4223662802270765e-16,6.199317851539457e-05,7.46532676595046e-08,0.0012042174550054114,9.873383848599334e-06,9.873383848599334e-06,6.199310038068345e-05,1.0103699799827606e-07,0.001629810372087123,0.010233269520115888,True
sgd_no_decay_grad_projection,49,1,60,torch.float32,1.1920928955078125e-07,3.342961442244951e-06,8.434334375910449e-05,2.3753770082259493e-11,2.816318279970419e-07,1.2429294057210405e-20,1.4736544110357504e-16,1.0735300333734917e-07,0.0012727848678768226,8.434497061753146e-05,1.0735653567363615e-07,0.0012728267600027078,8.434490229436805e-05,1.2206714493089523e-20,1.4472379670898735e-16,8.434498718696082e-05,7.903870507746798e-08,0.0009370883524146986,1.0189335205034191e-05,1.0189335205034191e-05,8.434497061753146e-05,1.0735653567363615e-07,0.0012728267600027078,0.010536166836536605,True
sgd_no_decay_grad_projection,49,2,60,torch.float32,1.1920928955078125e-07,3.920330339574255e-06,7.946015608805943e-05,2.544156347160613e-11,3.2018013459992766e-07,1.183868006690213e-20,1.489888851185097e-16,9.82811045430583e-08,0.001236862991635875,7.945998292338464e-05,9.826692920696117e-08,0.0012366844994380405,7.945992216076733e-05,1.1961104102652118e-20,1.5053002541900063e-16,7.945986293604405e-05,7.267313903898319e-08,0.0009145892826102232,9.395948684565872e-06,9.395948684565872e-06,7.945998292338464e-05,9.826692920696117e-08,0.0012366844994380405,0.010458436130922896,True
sgd_no_decay_grad_projection,49,3,49,torch.float32,1.1920928955078125e-07,5.138758647397377e-06,5.890379624659281e-05,2.5522630192297048e-11,4.3329346864928693e-07,7.686849543439923e-21,1.3049837248622624e-16,8.994294477343088e-08,0.0015269231005797237,5.8904692662568325e-05,8.994276582561631e-08,0.0015269202122969651,5.890462399481475e-05,7.845185739304483e-21,1.3318454829615885e-16,5.8904767976237735e-05,6.717063045113662e-08,0.0011403258642531848,9.513397159432583e-06,9.513397159432583e-06,5.8904692662568325e-05,8.994276582561631e-08,0.0015269202122969651,0.00945432681073738,True
sgd_no_decay_grad_projection,49,4,60,torch.float32,1.1920928955078125e-07,8.425881056896194e-06,5.7787304247608546e-05,4.510427810827697e-11,7.805222738027887e-07,8.402428922123206e-21,1.4540268025175253e-16,1.1310567835698101e-07,0.0019572924607582963,5.778677045465599e-05,1.1310636237631392e-07,0.001957305478164176,5.778665976269862e-05,8.372747595348853e-21,1.4489066559187896e-16,5.778669092091178e-05,8.351887543887497e-08,0.0014452960380302944,1.0823495857445488e-05,1.0823495857445488e-05,5.778677045465599e-05,1.1310636237631392e-07,0.001957305478164176,0.010450076746553932,True
sgd_no_decay_grad_projection,49,5,53,torch.float32,1.1920928955078125e-07,5.678672305444112e-06,9.523380675482083e-05,3.786426208155745e-11,3.9759265508559257e-07,1.2626359019363575e-20,1.325827397813793e-16,9.000642011196928e-08,0.00094509974398968,9.523483484544373e-05,8.999053114686462e-08,0.0009449329259919433,9.523479232792628e-05,1.257743090904284e-20,1.3206760472301342e-16,9.523487929145696e-05,6.69634425153532e-08,0.0007031398896450343,9.191443434923941e-06,9.191443434923941e-06,9.523483484544373e-05,8.999053114686462e-08,0.0009449329259919433,0.009790685411274501,True
sgd_no_decay_grad_projection,49,6,60,torch.float32,1.1920928955078125e-07,3.095485046437789e-06,8.843690768491665e-05,2.503486837725673e-11,2.8308167972642204e-07,1.2787193519532174e-20,1.4459114247968672e-16,9.707929344487614e-08,0.0010977258291030752,8.843674130907508e-05,9.708349104627361e-08,0.0010977732739719484,8.843668802122813e-05,1.2950120981324469e-20,1.4643380785829466e-16,8.843682597585179e-05,7.164728384568036e-08,0.0008101521403000609,9.349768236972494e-06,9.349768236972494e-06,8.843674130907508e-05,9.708349104627361e-08,0.0010977732739719484,0.010383518455823219,True
sgd_no_decay_grad_projection,49,7,53,torch.float32,1.1920928955078125e-07,7.079248571757639e-06,3.475933543281854e-05,1.9320060092921712e-11,5.558236327694687e-07,4.709468213436997e-21,1.354878669225422e-16,9.831813183776145e-08,0.0028284477959607556,3.4760449495576786e-05,9.831913546473419e-08,0.002828477102324156,3.476031044858699e-05,4.661857996597015e-21,1.3411439473454184e-16,3.476050959260961e-05,7.363059274708176e-08,0.00211822535428929,1.0053135672209163e-05,1.0053135672209163e-05,3.4760449495576786e-05,9.831913546473419e-08,0.002828477102324156,0.009779947139928401,True
sgd_no_decay_grad_projection,50,0,58,torch.float32,1.1920928955078125e-07,4.814231254404896e-06,6.529648005157646e-05,2.698173758079184e-11,4.132188681454111e-07,9.298702396013922e-21,1.4240740678011808e-16,1.029862843125731e-07,0.0015771824953263178,6.529763376057582e-05,1.0298455338281728e-07,0.0015771559772047262,6.529755254917336e-05,9.401675299040005e-21,1.4398204728974986e-16,6.529764433259369e-05,7.620722299498452e-08,0.0011670746130874625,9.873386200006637e-06,9.873386200006637e-06,6.529763376057582e-05,1.0298455338281728e-07,0.0015771559772047262,0.010430520117074734,True
sgd_no_decay_grad_projection,50,1,60,torch.float32,1.1920928955078125e-07,3.342961442244951e-06,8.924765850929887e-05,2.6939772758712266e-11,3.018541125749015e-07,1.2941050005654284e-20,1.4500156331055476e-16,1.0613123296152804e-07,0.0011891684638889902,8.924826199513926e-05,1.0612243908649192e-07,0.0011890700918329555,8.924819890160776e-05,1.2865177810154695e-20,1.441505595461707e-16,8.924807070812201e-05,7.834298593493645e-08,0.0008778115348974917,1.0189339323647963e-05,1.0189339323647963e-05,8.924826199513926e-05,1.0612243908649192e-07,0.0011890700918329555,0.010415046129654089,True
sgd_no_decay_grad_projection,50,2,60,torch.float32,1.1920928955078125e-07,3.920330339574255e-06,7.574564954614166e-05,2.4053597560770306e-11,3.175574796030718e-07,1.1161220205041474e-20,1.473513036315439e-16,9.801580714307919e-08,0.0012940100909748936,7.574577436672401e-05,9.801748589141507e-08,0.0012940323960101369,7.57457109477964e-05,1.1170952881911969e-20,1.4747967564276923e-16,7.574598003162473e-05,7.284350791978562e-08,0.0009616815029572884,9.395944594401027e-06,9.395944594401027e-06,7.574577436672401e-05,9.801748589141507e-08,0.0012940323960101369,0.010431892707181667,True
sgd_no_decay_grad_projection,50,3,49,torch.float32,1.1920928955078125e-07,5.138758647397377e-06,5.854285540014497e-05,2.68295816504567e-11,4.5828959771562937e-07,7.597523190111762e-21,1.297771203365961e-16,8.941738267478368e-08,0.0015273643302119054,5.854357521237516e-05,8.941436142880612e-08,0.0015273129648205254,5.854350693047862e-05,7.623547624828281e-21,1.3022020757795345e-16,5.854356777026782e-05,6.675109252716043e-08,0.0011401951584006625,9.51339651899215e-06,9.51339651899215e-06,5.854357521237516e-05,8.941436142880612e-08,0.0015273129648205254,0.009398784256527414,True
sgd_no_decay_grad_projection,50,4,60,torch.float32,1.1920928955078125e-07,8.425881056896194e-06,7.04183799048208e-05,4.847708133330189e-11,6.884151751123031e-07,1.0327979866441777e-20,1.4666596818052012e-16,1.1393593428067468e-07,0.0016179825661252428,7.041851652238998e-05,1.1392724546502449e-07,0.0016178592093572528,7.041842436320804e-05,1.0318011621381132e-20,1.4652431824038437e-16,7.041862698388693e-05,8.397057018845739e-08,0.001192448273773804,1.0823507180885261e-05,1.0823507180885261e-05,7.041851652238998e-05,1.1392724546502449e-07,0.0016178592093572528,0.010525908428852385,True
sgd_no_decay_grad_projection,50,5,53,torch.float32,1.1920928955078125e-07,5.678672305444112e-06,0.0001071789854238133,4.510026510597346e-11,4.207939170877145e-07,1.4324874232145665e-20,1.3365375848169016e-16,9.051574628742736e-08,0.0008445268218475272,0.00010717925045373329,9.052459119999342e-08,0.000844609295332502,0.00010717921222477088,1.435631996645092e-20,1.3394686962564685e-16,0.00010717919632748596,6.750507866467419e-08,0.0006298337828398383,9.191455291660657e-06,9.191455291660657e-06,0.00010717925045373329,9.052459119999342e-08,0.000844609295332502,0.009848776752700494,True
sgd_no_decay_grad_projection,50,6,60,torch.float32,1.1920928955078125e-07,3.095485046437789e-06,8.068288556218059e-05,2.2238296465880452e-11,2.756259436053743e-07,1.1805644436619382e-20,1.4632154457987834e-16,9.823620484805216e-08,0.0012175561127103995,8.068309821823018e-05,9.823743930389664e-08,0.0012175714799422526,8.068303841265584e-05,1.1726985541535168e-20,1.4534635497435219e-16,8.068319907569168e-05,7.229766794641175e-08,0.0008960684352461882,9.349760240245961e-06,9.349760240245961e-06,8.068309821823018e-05,9.823743930389664e-08,0.0012175714799422526,0.010506947427489578,True
sgd_no_decay_grad_projection,50,7,53,torch.float32,1.1920928955078125e-07,7.079248571757639e-06,3.902537245564111e-05,2.2560468776546654e-11,5.780974621623514e-07,5.3121993323427464e-21,1.361216818207652e-16,9.829593614565385e-08,0.002518670352062276,3.9026916830871045e-05,9.830046914878116e-08,0.002518786446154096,3.9026793031730015e-05,5.337272590290937e-21,1.3675918966622664e-16,3.902698644998924e-05,7.36555094939183e-08,0.0018872968731086489,1.0053139441962246e-05,1.0053139441962246e-05,3.9026916830871045e-05,9.830046914878116e-08,0.002518786446154096,0.009778086707767196,True
sgd_no_decay_grad_projection,51,0,58,torch.float32,1.1920928955078125e-07,4.814231254404896e-06,6.17985872287709e-05,2.5410309638207977e-11,4.1117945858765473e-07,8.764337829754037e-21,1.4182100631702561e-16,1.0271150021577399e-07,0.0016620493896372067,6.179810430526979e-05,1.0271355505874665e-07,0.001662082619093994,6.179801894600353e-05,8.775820218080649e-21,1.4200811559588318e-16,6.179789518984019e-05,7.570568713141513e-08,0.0012250528419916384,9.87338256706884e-06,9.87338256706884e-06,6.179810430526979e-05,1.0271355505874665e-07,0.001662082619093994,0.01040307659113018,True
sgd_no_decay_grad_projection,51,1,60,torch.float32,1.1920928955078125e-07,3.342961442244951e-06,8.862203025074674e-05,2.5732581036022706e-11,2.903632535072269e-07,1.2994291280123035e-20,1.4662597148087894e-16,1.0636026696182013e-07,0.0012001562012266865,8.862202128274071e-05,1.0635789466577195e-07,0.0012001294162141316,8.862195746109872e-05,1.315035828857872e-20,1.483871341292723e-16,8.862213193150127e-05,7.84821023400675e-08,0.0008855812947574845,1.0189337640164957e-05,1.0189337640164957e-05,8.862202128274071e-05,1.0635789466577195e-07,0.0012001294162141316,0.010438155886259364,True
sgd_no_decay_grad_projection,51,2,60,torch.float32,1.1920928955078125e-07,3.920330339574255e-06,8.373623292495165e-05,2.8064997783006706e-11,3.351595456671651e-07,1.2288611658417269e-20,1.4675381527410707e-16,9.85583834175569e-08,0.0011770152774764212,8.373585052979506e-05,9.855589570703313e-08,0.001176985664843337,8.373579253033675e-05,1.2509173427441732e-20,1.493886073020658e-16,8.373578707920576e-05,7.288681889896611e-08,0.0008704380939301662,9.395951565956425e-06,9.395951565956425e-06,8.373585052979506e-05,9.855589570703313e-08,0.001176985664843337,0.010489187286162965,True
sgd_no_decay_grad_projection,51,3,49,torch.float32,1.1920928955078125e-07,5.138758647397377e-06,6.811244888722265e-05,2.8799998210477563e-11,4.2283016806756174e-07,8.917707049891121e-21,1.309262432284212e-16,8.96597592812818e-08,0.001316335562386509,6.811314922756633e-05,8.966690248450506e-08,0.0013164404157107396,6.811309020697358e-05,8.877025189195399e-21,1.3032774114668708e-16,6.81133957487436e-05,6.706150809322631e-08,0.0009845568167031712,9.513405335389283e-06,9.513405335389283e-06,6.811314922756633e-05,8.966690248450506e-08,0.0013164404157107396,0.009425321356901476,True
sgd_no_decay_grad_projection,51,4,60,torch.float32,1.1920928955078125e-07,8.425881056896194e-06,6.206074211135202e-05,5.1878427214671505e-11,8.359298559722187e-07,9.085713024465113e-21,1.4640032837774183e-16,1.1418042749163307e-07,0.0018397862744066998,6.206176229668364e-05,1.1418858552925232e-07,0.0018399185150975669,6.206165724774836e-05,8.989494518665103e-21,1.4484780003181834e-16,6.20619116152142e-05,8.443638093508633e-08,0.001360518532825649,1.0823499077809305e-05,1.0823499077809305e-05,6.206176229668364e-05,1.1418858552925232e-07,0.0018399185150975669,0.010550061926218069,True
sgd_no_decay_grad_projection,51,5,53,torch.float32,1.1920928955078125e-07,5.678672305444112e-06,8.497080446608145e-05,3.647578792456887e-11,4.2927436257390307e-07,1.1619408272040954e-20,1.3674588989775007e-16,9.05643373481683e-08,0.0010658303297941562,8.497068910434281e-05,9.056677566427346e-08,0.00106585902290446,8.49706408386216e-05,1.1603574939293094e-20,1.3655981436377417e-16,8.497065339497938e-05,6.733398503324604e-08,0.0007924381223744311,9.191434012049e-06,9.191434012049e-06,8.497068910434281e-05,9.056677566427346e-08,0.00106585902290446,0.009853389095276098,True
sgd_no_decay_grad_projection,51,6,60,torch.float32,1.1920928955078125e-07,3.095485046437789e-06,9.544714466684209e-05,2.6958717387351726e-11,2.824465570075567e-07,1.3898428154666077e-20,1.456138704115146e-16,9.673025480887272e-08,0.001013434598221783,9.544793876425834e-05,9.673165354962047e-08,0.0010134493714791758,9.5447889747929e-05,1.391312531404788e-20,1.4576671470465654e-16,9.544804137781435e-05,7.13353252724012e-08,0.0007473733797221968,9.349774242519779e-06,9.349774242519779e-06,9.544793876425834e-05,9.673165354962047e-08,0.0010134493714791758,0.010345881198897391,True
sgd_no_decay_grad_projection,51,7,53,torch.float32,1.1920928955078125e-07,7.079248571757639e-06,4.3320080502013305e-05,2.4903301743859474e-11,5.748673930257838e-07,5.891064639361029e-21,1.3598923573302719e-16,9.907440179854549e-08,0.0022869820467849734,4.332103019455169e-05,9.907310183020322e-08,0.0022869516580116614,4.3320916906706314e-05,5.862679253263615e-21,1.3533137504658955e-16,4.332129374690705e-05,7.368841748796793e-08,0.0017009745350282611,1.0053143370811666e-05,1.0053143370811666e-05,4.332103019455169e-05,9.907310183020322e-08,0.0022869516580116614,0.009854937722051437,True
sgd_no_decay_grad_projection,52,0,58,torch.float32,1.1920928955078125e-07,4.814231254404896e-06,7.417391997838873e-05,3.286209821541692e-11,4.430411420212334e-07,1.0598445332635485e-20,1.4288641257903698e-16,1.0168821240202229e-07,0.0013709281419447313,7.417472107175702e-05,1.0169896064613193e-07,0.0013710730445180618,7.417465135337245e-05,1.0544614452701751e-20,1.4215927220832599e-16,7.417483042001075e-05,7.514808167182682e-08,0.0010131210445147646,9.873393680695765e-06,9.873393680695765e-06,7.417472107175702e-05,1.0169896064613193e-07,0.0013710730445180618,0.010300304427744173,True
sgd_no_decay_grad_projection,52,1,60,torch.float32,1.1920928955078125e-07,3.342961442244951e-06,9.41512902394683e-05,2.662048065694248e-11,2.827415385305379e-07,1.371552919904648e-20,1.4567542477816696e-16,1.0599102096643954e-07,0.0011257478556712197,9.415164436499676e-05,1.0598598310958958e-07,0.0011256944456404263,9.41515847110616e-05,1.3567882533101212e-20,1.4410678879956398e-16,9.41516515795608e-05,7.845302104460558e-08,0.0008332622925717938,1.0189342174345317e-05,1.0189342174345317e-05,9.415164436499676e-05,1.0598598310958958e-07,0.0011256944456404263,0.010401651185730188,True
sgd_no_decay_grad_projection,52,2,60,torch.float32,1.1920928955078125e-07,3.920330339574255e-06,7.603106654627221e-05,2.5462063272910873e-11,3.34890255122421e-07,1.1384110680868665e-20,1.4972972494001486e-16,9.755757508982463e-08,0.001283102034476483,7.603259748136464e-05,9.757054977782388e-08,0.0012832726095111787,7.603253487653187e-05,1.1434431772196833e-20,1.5038866967627794e-16,7.60326285349455e-05,7.230894664564731e-08,0.0009510252116617703,9.395943030101596e-06,9.395943030101596e-06,7.603259748136464e-05,9.757054977782388e-08,0.0012832726095111787,0.010384327519360116,True
sgd_no_decay_grad_projection,52,3,49,torch.float32,1.1920928955078125e-07,5.138758647397377e-06,5.906420163788496e-05,2.5218042873531253e-11,4.2695985341747e-07,7.602959149764e-21,1.2872364205271851e-16,8.913225697800492e-08,0.0015090522573011334,5.906505743411514e-05,8.914946344468447e-08,0.0015093435495957548,5.906499015549303e-05,7.600784620473847e-21,1.2868510771718085e-16,5.906508151330447e-05,6.6898338446735e-08,0.0011326207758075484,9.513396882120511e-06,9.513396882120511e-06,5.906505743411514e-05,8.914946344468447e-08,0.0015093435495957548,0.009370939166033541,True
sgd_no_decay_grad_projection,52,4,60,torch.float32,1.1920928955078125e-07,8.425881056896194e-06,7.65422183207971e-05,5.998190761666287e-11,7.836447509957434e-07,1.1312569264082258e-20,1.4779515817889514e-16,1.1351245981351952e-07,0.001482983135513129,7.65433198829744e-05,1.1352541609104567e-07,0.001483152498018279,7.654323569517588e-05,1.1269874733495734e-20,1.472354105642547e-16,7.65434404658619e-05,8.343313843120527e-08,0.0010900102990329542,1.0823512072787943e-05,1.0823512072787943e-05,7.65433198829744e-05,1.1352541609104567e-07,0.001483152498018279,0.010488778071996325,True
sgd_no_decay_grad_projection,52,5,53,torch.float32,1.1920928955078125e-07,5.678672305444112e-06,0.000128976857635326,4.92352680863094e-11,3.8173722781740456e-07,1.714357507350386e-20,1.3291977636776894e-16,8.968791548634243e-08,0.0006953739598175823,0.00012897793354426477,8.970356101556427e-08,0.0006954954118936812,0.00012897790235005344,1.7081148945481612e-20,1.3243469334089797e-16,0.0001289779105919667,6.659641467945301e-08,0.0005163396923845107,9.191475307628453e-06,9.191475307628453e-06,0.00012897793354426477,8.970356101556427e-08,0.0006954954118936812,0.009759430125555026,True
sgd_no_decay_grad_projection,52,6,60,torch.float32,1.1920928955078125e-07,3.095485046437789e-06,9.509944259226323e-05,2.6430752433280152e-11,2.779275221054809e-07,1.386808261618198e-20,1.4582717036146693e-16,9.798710159082593e-08,0.0010303494599636154,9.510084439084419e-05,9.797423749561224e-08,0.001030214170264977,9.510079392360689e-05,1.3951190856694098e-20,1.4669899462564836e-16,9.510068018611364e-05,7.214520619271362e-08,0.0007586192449047076,9.349773399203597e-06,9.349773399203597e-06,9.510084439084419e-05,9.797423749561224e-08,0.001030214170264977,0.010478782031654112,True
sgd_no_decay_grad_projection,52,7,53,torch.float32,1.1920928955078125e-07,7.079248571757639e-06,4.568329693048914e-05,2.589869554061997e-11,5.669182673051586e-07,6.2208226733681715e-21,1.3617280475256987e-16,9.925465992162005e-08,0.0021726390364207116,4.568392160717671e-05,9.924794927125406e-08,0.002172491891669447,4.568381379936698e-05,6.143344559402003e-21,1.344752998596437e-16,4.5684006627893646e-05,7.400524221074183e-08,0.0016199376471842963,1.0053145703645735e-05,1.0053145703645735e-05,4.568392160717671e-05,9.924794927125406e-08,0.002172491891669447,0.009872327746653684,True
sgd_no_decay_grad_projection,53,0,58,torch.float32,1.1920928955078125e-07,4.814231254404896e-06,6.874337965255083e-05,2.950241284055277e-11,4.2916733203497704e-07,9.71998336007997e-21,1.4139519193278694e-16,1.0311846820313823e-07,0.0015000781478193446,6.874205520971164e-05,1.0311557502329964e-07,0.0015000362544984227,6.874197787111766e-05,9.7777522992954e-21,1.4223844879219834e-16,6.874217244569297e-05,7.629913469158997e-08,0.001109931967190404,9.873388164912824e-06,9.873388164912824e-06,6.874205520971164e-05,1.0311557502329964e-07,0.0015000362544984227,0.010443788221528926,True
sgd_no_decay_grad_projection,53,1,60,torch.float32,1.1920928955078125e-07,3.342961442244951e-06,7.802160395225175e-05,2.221169368437819e-11,2.846864529723263e-07,1.1226482078622464e-20,1.4388940383093618e-16,1.0639363783413867e-07,0.0013636341189924345,7.802213336055005e-05,1.0639182325519898e-07,0.0013636107944337927,7.802206082199701e-05,1.1376110518423773e-20,1.458063321908112e-16,7.802219614568714e-05,7.861192110837725e-08,0.0010075584255740371,1.0189326038425028e-05,1.0189326038425028e-05,7.802213336055005e-05,1.0639182325519898e-07,0.0013636107944337927,0.0104414975881608,True
sgd_no_decay_grad_projection,53,2,60,torch.float32,1.1920928955078125e-07,3.920330339574255e-06,8.04431068446601e-05,2.5691510498727147e-11,3.193749160924231e-07,1.2059134847948749e-20,1.499088650471468e-16,9.82942750692844e-08,0.0012219052026620802,8.044345189765066e-05,9.82966719754033e-08,0.0012219350320827548,8.044339184155473e-05,1.1999295649666329e-20,1.4916446677560207e-16,8.044359486321908e-05,7.270820458355082e-08,0.0009038408179940118,9.39594626625027e-06,9.39594626625027e-06,8.044345189765066e-05,9.82966719754033e-08,0.0012219350320827548,0.010461604312114856,True
sgd_no_decay_grad_projection,53,3,49,torch.float32,1.1920928955078125e-07,5.138758647397377e-06,6.523668069071427e-05,2.8921145159946348e-11,4.433264361971586e-07,8.444623025057461e-21,1.2944593341733726e-16,8.932438458003385e-08,0.0013692092038007986,6.523793613124433e-05,8.932604897935482e-08,0.0013692347470902594,6.523787497705062e-05,8.47029482707671e-21,1.2983707439974693e-16,6.523802884548647e-05,6.66535885937636e-08,0.0010216983831873557,9.513402889817403e-06,9.513402889817403e-06,6.523793613124433e-05,8.932604897935482e-08,0.0013692347470902594,0.009389495011817933,True
sgd_no_decay_grad_projection,53,4,60,torch.float32,1.1920928955078125e-07,8.425881056896194e-06,7.059478034953668e-05,5.119255551956085e-11,7.251606317930392e-07,1.0255897049546658e-20,1.4527840441983423e-16,1.134122669674943e-07,0.001606498490719007,7.059593709377058e-05,1.1341322310019979e-07,0.0016065120426060244,7.059584599385746e-05,1.0235395908954971e-20,1.4498580992776194e-16,7.059610466273663e-05,8.389483353998516e-08,0.0011883776582402301,1.0823505851899639e-05,1.0823505851899639e-05,7.059593709377058e-05,1.1341322310019979e-07,0.0016065120426060244,0.010478418421171231,True
sgd_no_decay_grad_projection,53,5,53,torch.float32,1.1920928955078125e-07,5.678672305444112e-06,0.00011656633724347504,4.401131643721251e-11,3.77564548033151e-07,1.5534234556601935e-20,1.3326518550682686e-16,9.071304830532822e-08,0.0007782122200289184,0.00011656595219117323,9.070166391356219e-08,0.0007781145541093125,0.00011656591690302552,1.5770900296209773e-20,1.3529598286718777e-16,0.00011656600484220541,6.704804029198456e-08,0.0005751937744005812,9.191463940387563e-06,9.191463940387563e-06,0.00011656595219117323,9.070166391356219e-08,0.0007781145541093125,0.009868032394166986,True
sgd_no_decay_grad_projection,53,6,60,torch.float32,1.1920928955078125e-07,3.095485046437789e-06,8.641806227350262e-05,2.2913774377168454e-11,2.6515029120473857e-07,1.2580925305478478e-20,1.4558212686674026e-16,9.781603385983048e-08,0.0011319025959559963,8.641735097614852e-05,9.781315722664229e-08,0.0011318694234638024,8.641729562026982e-05,1.252024575082496e-20,1.4488124930269446e-16,8.641712308292169e-05,7.227113188743026e-08,0.0008363056916171855,9.349765298715746e-06,9.349765298715746e-06,8.641735097614852e-05,9.781315722664229e-08,0.0011318694234638024,0.010461562841591072,True
sgd_no_decay_grad_projection,53,7,53,torch.float32,1.1920928955078125e-07,7.079248571757639e-06,4.009608266318997e-05,2.2712973656755698e-11,5.664636579973744e-07,5.5148687896480535e-21,1.3754133629397763e-16,9.896264453133195e-08,0.002468134628259871,4.0096131119185554e-05,9.89648133013489e-08,0.002468188589247588,4.009600898708808e-05,5.469819134893005e-21,1.364180444157029e-16,4.009624053174825e-05,7.354249860878866e-08,0.001834149477194941,1.0053140181706892e-05,1.0053140181706892e-05,4.0096131119185554e-05,9.89648133013489e-08,0.002468188589247588,0.009844169235939766,True
sgd_no_decay_grad_projection,54,0,58,torch.float32,1.1920928955078125e-07,4.814231254404896e-06,8.078772306555412e-05,3.333001143403287e-11,4.125628272378425e-07,1.1488319784510596e-20,1.4220378231466591e-16,1.0149976991561219e-07,0.00125636137730105,8.07886868670224e-05,1.0151393584266998e-07,0.0012565365248448856,8.078862308901315e-05,1.1423054263268061e-20,1.4139434274900446e-16,8.078893482784636e-05,7.520872073977993e-08,0.0009309284854422534,9.873398699670674e-06,9.873398699670674e-06,8.07886868670224e-05,1.0151393584266998e-07,0.0012565365248448856,0.010281559464022856,True
sgd_no_decay_grad_projection,54,1,60,torch.float32,1.1920928955078125e-07,3.342961442244951e-06,9.093210088200814e-05,2.5877586873125537e-11,2.845814252846069e-07,1.3240069527225628e-20,1.4560391103694218e-16,1.0645647495344539e-07,0.001170729060763082,9.093178239701095e-05,1.064715746584077e-07,0.001170895058380683,9.093172006346927e-05,1.3106985139765635e-20,1.441409568698042e-16,9.093161547999064e-05,7.85660403326215e-08,0.0008640123670728124,1.0189337700866474e-05,1.0189337700866474e-05,9.093178239701095e-05,1.064715746584077e-07,0.001170895058380683,0.0104493125838153,True
sgd_no_decay_grad_projection,54,2,60,torch.float32,1.1920928955078125e-07,3.920330339574255e-06,8.508859303638273e-05,2.7500291400052968e-11,3.2319598219580635e-07,1.2641199362063616e-20,1.485651473477658e-16,9.852904584695513e-08,0.0011579444402482922,8.50895969987801e-05,9.852376480349632e-08,0.0011578826117240727,8.508953995928392e-05,1.245571028122308e-20,1.4638356591401534e-16,8.50896855302576e-05,7.28226299286688e-08,0.0008558338119932683,9.395949568111327e-06,9.395949568111327e-06,8.50895969987801e-05,9.852376480349632e-08,0.0011578826117240727,0.010485769861715052,True
sgd_no_decay_grad_projection,54,3,49,torch.float32,1.1920928955078125e-07,5.138758647397377e-06,7.067934771395806e-05,3.133101505554107e-11,4.4328387384584885e-07,9.129429905958575e-21,1.2916686700203593e-16,9.01340258723195e-08,0.0012752623627005058,7.067880780106988e-05,9.012836808957898e-08,0.0012751823480561693,7.06787503359945e-05,9.128536757444633e-21,1.2915532198927054e-16,7.067885787069853e-05,6.747878198949831e-08,0.0009547237182715302,9.513407641655891e-06,9.513407641655891e-06,7.067880780106988e-05,9.012836808957898e-08,0.0012751823480561693,0.009473825939607414,True
sgd_no_decay_grad_projection,54,4,60,torch.float32,1.1920928955078125e-07,8.425881056896194e-06,9.748498749301132e-05,6.25223916617363e-11,6.413540512196149e-07,1.406057056007809e-20,1.4423318832644852e-16,1.1327495500883627e-07,0.0011619611905158644,9.748603354243803e-05,1.1328664759032462e-07,0.0011620807973586104,9.748596771829693e-05,1.4112682181740784e-20,1.447662931604874e-16,9.748596078392352e-05,8.397559039826457e-08,0.0008614121430715083,1.0823530631855717e-05,1.0823530631855717e-05,9.748603354243803e-05,1.1328664759032462e-07,0.0011620807973586104,0.010466699956195475,True
sgd_no_decay_grad_projection,54,5,53,torch.float32,1.1920928955078125e-07,5.678672305444112e-06,0.00016730759242107276,5.835579567249105e-11,3.4879346972863984e-07,2.226326980026501e-20,1.330678989405041e-16,9.132449712053879e-08,0.0005458487888370311,0.00016730734774822822,9.13042578126775e-08,0.0005457277223118517,0.00016730732283459405,2.2436812549323695e-20,1.3410538265265007e-16,0.0001673072187564973,6.768180350231053e-08,0.000404536062492415,9.191512429904802e-06,9.191512429904802e-06,0.00016730734774822822,9.13042578126775e-08,0.0005457277223118517,0.009933540155547954,True
sgd_no_decay_grad_projection,54,6,60,torch.float32,1.1920928955078125e-07,3.095485046437789e-06,9.631353930966635e-05,2.882726032916445e-11,2.993064166864362e-07,1.3934885371361628e-20,1.4468251786032847e-16,9.858180661064152e-08,0.0010235403761337156,9.631451693708774e-05,9.858548466508863e-08,0.0010235786649844725,9.631446648207514e-05,1.4059864965820246e-20,1.4597874524318623e-16,9.631472108561723e-05,7.295983615888942e-08,0.0007575148984134324,9.349774543867653e-06,9.349774543867653e-06,9.631451693708774e-05,9.858548466508863e-08,0.0010235786649844725,0.010544156353989203,True
sgd_no_decay_grad_projection,54,7,53,torch.float32,1.1920928955078125e-07,7.079248571757639e-06,4.408555034747156e-05,2.5205948407409548e-11,5.717507938256959e-07,5.9433723932829414e-21,1.3481452191114096e-16,9.878614463150919e-08,0.0022407515685581593,4.408615976686085e-05,9.87768867429746e-08,0.0022405418676821167,4.4086049109846816e-05,5.933228887995623e-21,1.345829124585902e-16,4.4086172581672516e-05,7.374062396143754e-08,0.001672647445745675,1.0053144010747612e-05,1.0053144010747612e-05,4.408615976686085e-05,9.87768867429746e-08,0.0022405418676821167,0.00982547217441372,True
sgd_no_decay_grad_projection,55,0,58,torch.float32,1.1920928955078125e-07,4.814231254404896e-06,7.080935759223053e-05,2.828950888684341e-11,3.9951653070705787e-07,1.0139081731111652e-20,1.4318844395539266e-16,1.0083418296635308e-07,0.001423974801409188,7.08117858640693e-05,1.0084304220507714e-07,0.0014240996886966811,7.081171405876039e-05,1.002406874778811e-20,1.4155947050610892e-16,7.081208280733204e-05,7.476170068030208e-08,0.0010557760443753125,9.873388923475094e-06,9.873388923475094e-06,7.08117858640693e-05,1.0084304220507714e-07,0.0014240996886966811,0.010213619962372945,True
sgd_no_decay_grad_projection,55,1,60,torch.float32,1.1920928955078125e-07,3.342961442244951e-06,8.573560827222535e-05,2.4112884494798183e-11,2.812470218702551e-07,1.249242499071561e-20,1.4570871126324198e-16,1.0664359688302289e-07,0.0012438458016027255,8.5736984150746e-05,1.0664463370224458e-07,0.0012438580008218853,8.57369178253299e-05,1.2394196254077941e-20,1.4456078628028578e-16,8.573698867205408e-05,7.853955005527698e-08,0.000916052117898525,1.0189332316095322e-05,1.0189332316095322e-05,8.5736984150746e-05,1.0664463370224458e-07,0.0012438580008218853,0.010466302441994759,True
sgd_no_decay_grad_projection,55,2,60,torch.float32,1.1920928955078125e-07,3.920330339574255e-06,7.586071011616647e-05,2.569173737672298e-11,3.3866987716541143e-07,1.1181998840406806e-20,1.4740171589857662e-16,9.79426567801637e-08,0.0012910838449335228,7.586079962055271e-05,9.791936996510036e-08,0.0012907769289920773,7.586073642449457e-05,1.1220496208879656e-20,1.4790913900562513e-16,7.58606764690458e-05,7.246721273902239e-08,0.0009552671570044846,9.395940314018417e-06,9.395940314018417e-06,7.586079962055271e-05,9.791936996510036e-08,0.0012907769289920773,0.010421455085129485,True
sgd_no_decay_grad_projection,55,3,49,torch.float32,1.1920928955078125e-07,5.138758647397377e-06,6.063925332779389e-05,2.6483145239854798e-11,4.3673270672870074e-07,8.089746689678188e-21,1.3340775563229173e-16,8.96182488576662e-08,0.0014779092882848785,6.063853173187498e-05,8.961403683882759e-08,0.0014778398203154624,6.063846551424278e-05,7.981286780024183e-21,1.3162085670109078e-16,6.063836731036281e-05,6.710020436177468e-08,0.0011065635065393255,9.513397771614893e-06,9.513397771614893e-06,6.063853173187498e-05,8.961403683882759e-08,0.0014778398203154624,0.009419771882787118,True
sgd_no_decay_grad_projection,55,4,60,torch.float32,1.1920928955078125e-07,8.425881056896194e-06,7.316951001922003e-05,5.569144079201152e-11,7.611290656091942e-07,1.052170743817252e-20,1.4379906924908674e-16,1.1371478229846618e-07,0.0015540980859840951,7.317095140478229e-05,1.1371047552925405e-07,0.0015540384995161099,7.317086304950055e-05,1.0640047062281905e-20,1.4541371549880237e-16,7.317086663936771e-05,8.409436871167615e-08,0.0011492875863579198,1.0823506945214302e-05,1.0823506945214302e-05,7.317095140478229e-05,1.1371047552925405e-07,0.0015540384995161099,0.010505880959362439,True
sgd_no_decay_grad_projection,55,5,53,torch.float32,1.1920928955078125e-07,5.678672305444112e-06,0.00013832933232561616,5.1666333226385676e-11,3.735023682812787e-07,1.8481094548192867e-20,1.336021380099713e-16,8.991832059118023e-08,0.0006500301108968216,0.00013832947461468915,8.992968841093912e-08,0.0006501122675513258,0.00013832944538248924,1.832299592934618e-20,1.3245911511234644e-16,0.00013832963767259888,6.676989989404781e-08,0.0004826868704165917,9.191485387515777e-06,9.191485387515777e-06,0.00013832947461468915,8.992968841093912e-08,0.0006501122675513258,0.009784021256573506,True
sgd_no_decay_grad_projection,55,6,60,torch.float32,1.1920928955078125e-07,3.095485046437789e-06,8.326119978740923e-05,2.2934636498430347e-11,2.7545407172836013e-07,1.2135215766224482e-20,1.4574874968424406e-16,9.844690956226339e-08,0.0011823745007230485,8.326203315578816e-05,9.844660569446989e-08,0.001182370907401102,8.326197495556657e-05,1.216277063240949e-20,1.4607833454467363e-16,8.326215527432613e-05,7.279432085655183e-08,0.0008742786037271599,9.349761847496198e-06,9.349761847496198e-06,8.326203315578816e-05,9.844660569446989e-08,0.001182370907401102,0.01052931692809194,True
sgd_no_decay_grad_projection,55,7,53,torch.float32,1.1920928955078125e-07,7.079248571757639e-06,4.0923382680094564e-05,2.26103922515709e-11,5.525054570469015e-07,5.51937927968649e-21,1.348710423777358e-16,9.898528330080799e-08,0.002418782608686495,4.0923598160912106e-05,9.896119874561107e-08,0.002418193980805265,4.092347850704961e-05,5.5663535819006044e-21,1.3601858358501285e-16,4.092370430477923e-05,7.363843684800638e-08,0.001799407900604115,1.0053140736699057e-05,1.0053140736699057e-05,4.0923598160912106e-05,9.896119874561107e-08,0.002418193980805265,0.00984380914755849,True
sgd_no_decay_grad_projection,56,0,58,torch.float32,1.1920928955078125e-07,4.814231254404896e-06,6.311841173472054e-05,2.653079905505676e-11,4.2033375564902795e-07,9.042180975438979e-21,1.4325742246878818e-16,1.0133301806751882e-07,0.0016054315303751716,6.311885988059494e-05,1.0133257367189569e-07,0.0016054246522131661,6.311877853963661e-05,9.051283879429206e-21,1.4340080858417254e-16,6.311905680253363e-05,7.491215874630435e-08,0.0011868390077606063,9.87338159042672e-06,9.87338159042672e-06,6.311885988059494e-05,1.0133257367189569e-07,0.0016054246522131661,0.010263208480683888,True
sgd_no_decay_grad_projection,56,1,60,torch.float32,1.1920928955078125e-07,3.342961442244951e-06,7.680918817778862e-05,2.2777805900940816e-11,2.96550535701764e-07,1.1142131255900683e-20,1.4506247911526827e-16,1.0661785319532556e-07,0.0013880617684816883,7.681060701843223e-05,1.0662388287292199e-07,0.0013881400891329432,7.681053301395344e-05,1.1169442345852326e-20,1.454155036760815e-16,7.681084894549831e-05,7.87640332545883e-08,0.001025428495269931,1.018932300672858e-05,1.018932300672858e-05,7.681060701843223e-05,1.0662388287292199e-07,0.0013881400891329432,0.010464275477626166,True
sgd_no_decay_grad_projection,56,2,60,torch.float32,1.1920928955078125e-07,3.920330339574255e-06,7.3234694713363e-05,2.4331877794535793e-11,3.322452273443559e-07,1.083432652156699e-20,1.4793980590719478e-16,9.854955301796876e-08,0.0013456462508855069,7.323585904920902e-05,9.854321663814058e-08,0.0013455596468381276,7.323579275129113e-05,1.0778544353749168e-20,1.4717590878483588e-16,7.323603966836554e-05,7.254153222937382e-08,0.0009905168624336233,9.395937219664655e-06,9.395937219664655e-06,7.323585904920902e-05,9.854321663814058e-08,0.0013455596468381276,0.010487853881345712,True
sgd_no_decay_grad_projection,56,3,49,torch.float32,1.1920928955078125e-07,5.138758647397377e-06,5.4123644268594966e-05,2.269540342832851e-11,4.1932511631515227e-07,7.15506195063546e-21,1.3219845129289985e-16,9.015915039068705e-08,0.0016657894070328506,5.4123972216628394e-05,9.01593796720974e-08,0.001665793842906414,5.412389712310653e-05,7.152618338791577e-21,1.3215268520895158e-16,5.412396675349198e-05,6.69684217992945e-08,0.0012373154780820608,9.513391168327363e-06,9.513391168327363e-06,5.4123972216628394e-05,9.01593796720974e-08,0.001665793842906414,0.009477102126554221,True
sgd_no_decay_grad_projection,56,4,60,torch.float32,1.1920928955078125e-07,8.425881056896194e-06,6.999885245673212e-05,5.961060299217338e-11,8.515940033305552e-07,1.0140940776490378e-20,1.4487295749258748e-16,1.1313209023955174e-07,0.0016161970687380465,6.999895442455586e-05,1.1312755335166827e-07,0.0016161320448521265,6.99988630099641e-05,1.0233259617849826e-20,1.461917976638157e-16,6.999897563992947e-05,8.391311404556308e-08,0.001198776314630761,1.0823503038499432e-05,1.0823503038499432e-05,6.999895442455586e-05,1.1312755335166827e-07,0.0016161320448521265,0.010452027679880639,True
sgd_no_decay_grad_projection,56,5,53,torch.float32,1.1920928955078125e-07,5.678672305444112e-06,0.00012056071155925947,4.502536885844075e-11,3.7346634965993323e-07,1.5894107024831823e-20,1.3183488069428375e-16,9.07476474859158e-08,0.0007527185144021625,0.00012055987371992446,9.074353128772353e-08,0.000752684359130402,0.00012055983956930127,1.622565659586082e-20,1.345859172824616e-16,0.00012055985100015081,6.747934893077606e-08,0.0005597165919746504,9.191468878068433e-06,9.191468878068433e-06,0.00012055987371992446,9.074353128772353e-08,0.000752684359130402,0.00987258211842992,True
sgd_no_decay_grad_projection,56,6,60,torch.float32,1.1920928955078125e-07,3.095485046437789e-06,7.418403394411872e-05,2.0131674537341944e-11,2.713747617513859e-07,1.0701759676007004e-20,1.4425960826110924e-16,9.796956258205065e-08,0.001320626512390055,7.418414965208325e-05,9.797786039275422e-08,0.0013207384711189823,7.418408495049028e-05,1.0814683912951979e-20,1.4578172555703276e-16,7.418436030557588e-05,7.22610513669923e-08,0.0009740739297250633,9.349752088045187e-06,9.349752088045187e-06,7.418414965208325e-05,9.797786039275422e-08,0.0013207384711189823,0.010479193402147103,True
sgd_no_decay_grad_projection,56,7,53,torch.float32,1.1920928955078125e-07,7.079248571757639e-06,3.808503630129068e-05,2.1474541810402468e-11,5.638577219808166e-07,5.1379956975207535e-21,1.3490851516787047e-16,9.960201207397252e-08,0.002615175780900711,3.8086153211460026e-05,9.959271837346004e-08,0.0026149324616877518,3.808602299712132e-05,5.1216939324507826e-21,1.344769952178493e-16,3.808613925373475e-05,7.419560431963331e-08,0.001948099906512778,1.0053137799831196e-05,1.0053137799831196e-05,3.8086153211460026e-05,9.959271837346004e-08,0.0026149324616877518,0.009906630184173176,True
sgd_no_decay_grad_projection,57,0,58,torch.float32,1.1920928955078125e-07,4.814231254404896e-06,6.680947634988391e-05,2.6700285829045296e-11,3.996481829795346e-07,9.596117246917373e-21,1.4363407365540311e-16,1.0208442972296369e-07,0.0015279738159457573,6.681031509169241e-05,1.0207585635268172e-07,0.001527845755742805,6.681023711356495e-05,9.582611593382363e-21,1.4343028864115104e-16,6.681020874224752e-05,7.52278844012557e-08,0.001125993853596288,9.873384489091092e-06,9.873384489091092e-06,6.681031509169241e-05,1.0207585635268172e-07,0.001527845755742805,0.010338486915551939,True
sgd_no_decay_grad_projection,57,1,60,torch.float32,1.1920928955078125e-07,3.342961442244951e-06,8.808543137953097e-05,2.534033900913873e-11,2.876791157433923e-07,1.280117740968268e-20,1.4532684019593627e-16,1.0610856137810162e-07,0.0012046101172444557,8.808540693357017e-05,1.0610069206306972e-07,0.0012045206550851926,8.808534303330945e-05,1.268643608244606e-20,1.4402437052040187e-16,8.808558881337925e-05,7.857337827255091e-08,0.0008920117278096285,1.0189333183903371e-05,1.0189333183903371e-05,8.808540693357017e-05,1.0610069206306972e-07,0.0012045206550851926,0.010412918112314021,True
sgd_no_decay_grad_projection,57,2,60,torch.float32,1.1920928955078125e-07,3.920330339574255e-06,7.796397080636913e-05,2.542142518238904e-11,3.2606632165421056e-07,1.1517340170931155e-20,1.4772644404600902e-16,9.691666406810033e-08,0.0012430791710468167,7.796499072486396e-05,9.690437441902495e-08,0.0012429216436515395,7.796493050256854e-05,1.1619821938251538e-20,1.4903908543686478e-16,7.796491935556982e-05,7.157045915929669e-08,0.0009179828537100088,9.395941071544553e-06,9.395941071544553e-06,7.796499072486396e-05,9.690437441902495e-08,0.0012429216436515395,0.010313429350094392,True
sgd_no_decay_grad_projection,57,3,49,torch.float32,1.1920928955078125e-07,5.138758647397377e-06,6.488314154606114e-05,2.8022579667147217e-11,4.3189307729888095e-07,8.505695028433173e-21,1.3109252766985234e-16,8.992983176027081e-08,0.0013860412238034003,6.48824966627243e-05,8.994372836324784e-08,0.0013862556619976907,6.4882434320193e-05,8.544563668834381e-21,1.31693019202504e-16,6.48823961945744e-05,6.704226481965658e-08,0.0010332889774694047,9.51340143227206e-06,9.51340143227206e-06,6.48824966627243e-05,8.994372836324784e-08,0.0013862556619976907,0.0094544237414532,True
sgd_no_decay_grad_projection,57,4,60,torch.float32,1.1920928955078125e-07,8.425881056896194e-06,5.915865043018417e-05,5.050759951293584e-11,8.53765242203119e-07,8.589538805531318e-21,1.4519497559653353e-16,1.1336528600328992e-07,0.0019162778288403018,5.915910303662277e-05,1.1335772871799097e-07,0.0019161502270887412,5.915899443130427e-05,8.605123624660949e-21,1.4545757086275804e-16,5.915940874053415e-05,8.376549143504842e-08,0.0014159284755943641,1.0823491985893156e-05,1.0823491985893156e-05,5.915910303662277e-05,1.1335772871799097e-07,0.0019161502270887412,0.010473304629017717,True
sgd_no_decay_grad_projection,57,5,53,torch.float32,1.1920928955078125e-07,5.678672305444112e-06,8.50043570958882e-05,3.660999635994057e-11,4.3068376269987053e-07,1.1557323944584286e-20,1.3596154761276827e-16,9.037905502993625e-08,0.00106322373706585,8.500474219788773e-05,9.037866697285724e-08,0.0010632191173812306,8.500469415171089e-05,1.1602988442000315e-20,1.3649820822003136e-16,8.500485984043288e-05,6.720272049007799e-08,0.0007905750402533193,9.191435449892657e-06,9.191435449892657e-06,8.500474219788773e-05,9.037866697285724e-08,0.0010632191173812306,0.009832921904914508,True
sgd_no_decay_grad_projection,57,6,60,torch.float32,1.1920928955078125e-07,3.095485046437789e-06,8.318655855439542e-05,2.3834588700145082e-11,2.8651971080832397e-07,1.225039785064501e-20,1.4726415016477714e-16,9.807552667829284e-08,0.0011789711752147331,8.318738045976863e-05,9.807951561965875e-08,0.0011790191622525282,8.318732264093437e-05,1.2230760927064565e-20,1.4702674083954854e-16,8.318748141936107e-05,7.222750888943641e-08,0.0008682497373051394,9.349760624863133e-06,9.349760624863133e-06,8.318738045976863e-05,9.807951561965875e-08,0.0011790191622525282,0.010490056329232974,True
sgd_no_decay_grad_projection,57,7,53,torch.float32,1.1920928955078125e-07,7.079248571757639e-06,4.038059108675735e-05,2.2540173057197623e-11,5.58193242114021e-07,5.4532975022376656e-21,1.350474907740244e-16,9.845380526952304e-08,0.0024380994861339404,4.038137089004151e-05,9.846326158898486e-08,0.002438333801422947,4.038125084671361e-05,5.4489039032391105e-21,1.349364813864493e-16,4.0381213703545133e-05,7.33120628987078e-08,0.0018154992427152235,1.0053140164795374e-05,1.0053140164795374e-05,4.038137089004151e-05,9.846326158898486e-08,0.002438333801422947,0.009794279197835995,True
sgd_no_decay_grad_projection,58,0,58,torch.float32,1.1920928955078125e-07,4.814231254404896e-06,5.97578154444372e-05,2.5091971652890314e-11,4.198943931647037e-07,8.586587589104442e-21,1.436897839260708e-16,1.0151167727835224e-07,0.0016986712629847517,5.975946085826149e-05,1.0151149606938654e-07,0.001698668204356014,5.9759374641023914e-05,8.543259545488599e-21,1.4296099309619916e-16,5.975929911171251e-05,7.491795271267898e-08,0.0012536618371749855,9.873377368366333e-06,9.873377368366333e-06,5.975946085826149e-05,1.0151149606938654e-07,0.001698668204356014,0.0102813345709466,True
sgd_no_decay_grad_projection,58,1,60,torch.float32,1.1920928955078125e-07,3.342961442244951e-06,8.85141716783946e-05,2.584652818637173e-11,2.9200440670994386e-07,1.29119569557417e-20,1.4587445954593877e-16,1.0531053342117197e-07,0.0011897567371504244,8.851433896959745e-05,1.0530774179006678e-07,0.0011897252243643537,8.851427632593692e-05,1.2813029109747739e-20,1.4475663860783548e-16,8.851447911548256e-05,7.818311773070895e-08,0.0008832805492613864,1.018933270716058e-05,1.018933270716058e-05,8.851433896959745e-05,1.0530774179006678e-07,0.0011897252243643537,0.010335096989821668,True
sgd_no_decay_grad_projection,58,2,60,torch.float32,1.1920928955078125e-07,3.920330339574255e-06,8.48617593740482e-05,2.8473073429586913e-11,3.3552301578011285e-07,1.2423997244403234e-20,1.4640277712888605e-16,9.817558597043423e-08,0.0011568899906204706,8.48616329037595e-05,9.817666753731562e-08,0.0011569028803470767,8.486157611330577e-05,1.2462129949393012e-20,1.4685244512491476e-16,8.486143420935783e-05,7.281199384638051e-08,0.0008580104086710261,9.395946510094984e-06,9.395946510094984e-06,8.48616329037595e-05,9.817666753731562e-08,0.0011569028803470767,0.010448832103485777,True
sgd_no_decay_grad_projection,58,3,49,torch.float32,1.1920928955078125e-07,5.138758647397377e-06,6.311465461986522e-05,2.7290609071780226e-11,4.323973447394982e-07,8.113719676063717e-21,1.2855524164606133e-16,9.048234012600649e-08,0.0014336116559519048,6.311497354740605e-05,9.048677170836984e-08,0.0014336815278929754,6.311490868276616e-05,8.074184505178259e-21,1.2792832428486036e-16,6.311490539245755e-05,6.749139519514748e-08,0.0010693416202634907,9.513399820711898e-06,9.513399820711898e-06,6.311497354740605e-05,9.048677170836984e-08,0.0014336815278929754,0.00951150728589883,True
sgd_no_decay_grad_projection,58,4,60,torch.float32,1.1920928955078125e-07,8.425881056896194e-06,6.108818083821113e-05,4.815077584636952e-11,7.882175436504542e-07,8.73127459748651e-21,1.429290327144223e-16,1.1322953600189074e-07,0.0018534834141974263,6.109010602410558e-05,1.132313352609563e-07,0.0018535134841029131,6.109000108611208e-05,8.878437467771826e-21,1.4533372581311363e-16,6.109034623665705e-05,8.37215319289548e-08,0.0013704543694125929,1.0823493291011713e-05,1.0823493291011713e-05,6.109010602410558e-05,1.132313352609563e-07,0.0018535134841029131,0.010461625670797836,True
sgd_no_decay_grad_projection,58,5,53,torch.float32,1.1920928955078125e-07,5.678672305444112e-06,0.00010203968963830701,3.96014422446024e-11,3.8809841920310497e-07,1.3563511491653927e-20,1.329238803031701e-16,8.991085556378743e-08,0.000881144318896437,0.00010203874571136772,8.992311835665803e-08,0.0008812644425385175,0.00010203870608833665,1.3685625890419077e-20,1.341219074119893e-16,0.00010203850974189202,6.702022321000413e-08,0.0006568130344076252,9.191450972944212e-06,9.191450972944212e-06,0.00010203874571136772,8.992311835665803e-08,0.0008812644425385175,0.00978334308928526,True
sgd_no_decay_grad_projection,58,6,60,torch.float32,1.1920928955078125e-07,3.095485046437789e-06,8.969703594435412e-05,2.5140828438545925e-11,2.802860559867629e-07,1.2968883010251151e-20,1.4458541326044758e-16,9.6968185989549e-08,0.0010810612769837256,8.969720903120838e-05,9.697596770315119e-08,0.001081148106508089,8.969715660850113e-05,1.3181415798501965e-20,1.4695466720349398e-16,8.96973683100176e-05,7.141512107483315e-08,0.0007961785548490541,9.349766375867055e-06,9.349766375867055e-06,8.969720903120838e-05,9.697596770315119e-08,0.001081148106508089,0.010372020412559033,True
sgd_no_decay_grad_projection,58,7,53,torch.float32,1.1920928955078125e-07,7.079248571757639e-06,4.3127235443148175e-05,2.473797007006411e-11,5.736043550177141e-07,5.8944957369881596e-21,1.3667687428653894e-16,9.903491391208872e-08,0.0022963353688956727,4.3127370506276574e-05,9.903273266099879e-08,0.0022962849693464616,4.312725680243895e-05,5.923389120250259e-21,1.37346763031663e-16,4.3127355789497665e-05,7.383783911210357e-08,0.0017120882502628294,1.0053142409367505e-05,1.0053142409367505e-05,4.3127370506276574e-05,9.903273266099879e-08,0.0022962849693464616,0.009850923087364228,True
sgd_no_decay_grad_projection,59,0,58,torch.float32,1.1920928955078125e-07,4.814231254404896e-06,6.425560728264939e-05,2.6564204184037308e-11,4.134145688980252e-07,9.219240861380657e-21,1.4347760843388478e-16,1.0107412930850496e-07,0.001572974179012338,6.425670119150051e-05,1.0107346718107024e-07,0.0015729638357849535,6.425662169899703e-05,9.213698393915242e-21,1.4338908816395273e-16,6.425693348276909e-05,7.452646333565143e-08,0.0011598197936980013,9.87338130166897e-06,9.87338130166897e-06,6.425670119150051e-05,1.0107346718107024e-07,0.0015729638357849535,0.010236965847149553,True
sgd_no_decay_grad_projection,59,1,60,torch.float32,1.1920928955078125e-07,3.342961442244951e-06,8.350489237824432e-05,2.3490346078615656e-11,2.8130502788044594e-07,1.2003765195756748e-20,1.4374924455186277e-16,1.0662583483209192e-07,0.0012768730803284424,8.350542267927841e-05,1.0663728816851979e-07,0.0012770103395330931,8.350535459079086e-05,1.2041902972545887e-20,1.4420515943625358e-16,8.350538127121505e-05,7.858697579367971e-08,0.0009411007362320642,1.0189326871073027e-05,1.0189326871073027e-05,8.350542267927841e-05,1.0663728816851979e-07,0.0012770103395330931,0.010465587130319427,True
sgd_no_decay_grad_projection,59,2,60,torch.float32,1.1920928955078125e-07,3.920330339574255e-06,7.934981562773506e-05,2.509943467971587e-11,3.163137113949751e-07,1.1731240293658685e-20,1.4784206114221727e-16,9.738370116061663e-08,0.001227267251214195,7.935003629970242e-05,9.738165594701166e-08,0.0012272414795023458,7.934997654427618e-05,1.1777175438907418e-20,1.4842065431910894e-16,7.934989764541677e-05,7.230183944349829e-08,0.0009111774758246891,9.395939991435183e-06,9.395939991435183e-06,7.935003629970242e-05,9.738165594701166e-08,0.0012272414795023458,0.010364227106152165,True
sgd_no_decay_grad_projection,59,3,49,torch.float32,1.1920928955078125e-07,5.138758647397377e-06,5.535858874551752e-05,2.3644136287086682e-11,4.271087255453416e-07,7.265389851418761e-21,1.31242324200465e-16,8.996660482174301e-08,0.0016251736753403981,5.535814786229925e-05,8.996683086912478e-08,0.0016251777623216906,5.5358074756204544e-05,7.282600933673466e-21,1.3155444739987514e-16,5.53582618406126e-05,6.71160475002344e-08,0.0012123944153715446,9.513391576843386e-06,9.513391576843386e-06,5.535814786229925e-05,8.996683086912478e-08,0.0016251777623216906,0.009456861955321347,True
sgd_no_decay_grad_projection,59,4,60,torch.float32,1.1920928955078125e-07,8.425881056896194e-06,6.608285556791992e-05,5.2087947248949727e-11,7.882217982455944e-07,9.506588964622709e-21,1.4385862842828873e-16,1.1449910257948846e-07,0.0017326586870295133,6.608292021486596e-05,1.1455475765418078e-07,0.0017335002339743852,6.608282092444177e-05,9.552030848565731e-21,1.4454635433144415e-16,6.608310381698756e-05,8.488104031906506e-08,0.0012844590434816295,1.0823497152895755e-05,1.0823497152895755e-05,6.608292021486596e-05,1.1455475765418078e-07,0.0017335002339743852,0.010583895023572156,True
sgd_no_decay_grad_projection,59,5,53,torch.float32,1.1920928955078125e-07,5.678672305444112e-06,0.00010524047792327931,4.0910614070985406e-11,3.887345903237858e-07,1.414744744749924e-20,1.344297149411831e-16,8.989527845790215e-08,0.0008541896955916583,0.00010524041772624612,8.988428100091624e-08,0.000854085178897003,0.00010524037934182302,1.40030338400079e-20,1.3305761464927587e-16,0.0001052405704656013,6.674357073682743e-08,0.0006342000090035913,9.191454487371942e-06,9.191454487371942e-06,0.00010524041772624612,8.988428100091624e-08,0.000854085178897003,0.009779113972049521,True
sgd_no_decay_grad_projection,59,6,60,torch.float32,1.1920928955078125e-07,3.095485046437789e-06,8.857600172743956e-05,2.4531837633141566e-11,2.7695806036300186e-07,1.2943170973512037e-20,1.4612503072040252e-16,9.798679478003869e-08,0.0011062503205586658,8.857561369586607e-05,9.798939132000629e-08,0.0011062795642202768,8.857555949401893e-05,1.2871185864091248e-20,1.4531306307989368e-16,8.857570006603979e-05,7.247590595244791e-08,0.0008182368967833358,9.349764989924967e-06,9.349764989924967e-06,8.857561369586607e-05,9.798939132000629e-08,0.0011062795642202768,0.010480412227002153,True
sgd_no_decay_grad_projection,59,7,53,torch.float32,1.1920928955078125e-07,7.079248571757639e-06,4.0325809692304847e-05,2.3343738346418374e-11,5.788783541988726e-07,5.4662620706525446e-21,1.3555244426242872e-16,9.848793702250479e-08,0.0024422820165234914,4.032619240092649e-05,9.84935227741958e-08,0.0024424205934189046,4.032607211944294e-05,5.5654605893260566e-21,1.3801147240032605e-16,4.032612186916295e-05,7.358384622336218e-08,0.0018247191352072747,1.0053139239217226e-05,1.0053139239217226e-05,4.032619240092649e-05,9.84935227741958e-08,0.0024424205934189046,0.009797290222537976,True
sgd_no_decay_grad_projection,60,0,58,torch.float32,1.1920928955078125e-07,4.814231254404896e-06,6.632237111216486e-05,2.701144691413802e-11,4.0727504854215886e-07,9.485696171355636e-21,1.4302408089894954e-16,1.0091991357605833e-07,0.0015216216306811001,6.632393274655714e-05,1.0092260235443934e-07,0.001521661912602404,6.632385596147264e-05,9.54623826789284e-21,1.4393370423815867e-16,6.632384163616515e-05,7.45492297178688e-08,0.0011240185712827965,9.87338316818001e-06,9.87338316818001e-06,6.632393274655714e-05,1.0092260235443934e-07,0.001521661912602404,0.010221683959323408,True
sgd_no_decay_grad_projection,60,1,60,torch.float32,1.1920928955078125e-07,3.342961442244951e-06,9.069010862750478e-05,2.678895371809468e-11,2.953900279039918e-07,1.3184274919701783e-20,1.4537720947997396e-16,1.0665240838507373e-07,0.0011760024546492768,9.0690637628546e-05,1.0665042290311025e-07,0.001175980516753371,9.069057491911461e-05,1.2945696012627074e-20,1.427457707063068e-16,9.069074145280978e-05,7.900303481508304e-08,0.0008711256909967116,1.0189331735994411e-05,1.0189331735994411e-05,9.0690637628546e-05,1.0665042290311025e-07,0.001175980516753371,0.010466871200822856,True
sgd_no_decay_grad_projection,60,2,60,torch.float32,1.1920928955078125e-07,3.920330339574255e-06,7.557109115175068e-05,2.5172584610757307e-11,3.330980700041693e-07,1.1205639511910021e-20,1.4827944576596273e-16,9.818867042260087e-08,0.0012992738802303228,7.557196094133524e-05,9.81939340246523e-08,0.0012993434707996789,7.557189714748479e-05,1.1034319511244799e-20,1.46010884042125e-16,7.557204849394637e-05,7.276428226096903e-08,0.0009628464982896123,9.395935407557107e-06,9.395935407557107e-06,7.557196094133524e-05,9.81939340246523e-08,0.0012993434707996789,0.010450682105123388,True
sgd_no_decay_grad_projection,60,3,49,torch.float32,1.1920928955078125e-07,5.138758647397377e-06,5.623634895312546e-05,2.514093765767518e-11,4.470584973187154e-07,7.3008216474593e-21,1.2982389119082863e-16,8.949783338551082e-08,0.001591429953302317,5.623736637576832e-05,8.949468039468567e-08,0.0015913739593831219,5.623729516597129e-05,7.264547361964208e-21,1.2917668498324086e-16,5.623760902293798e-05,6.681114722921702e-08,0.001188015429353804,9.513392176862366e-06,9.513392176862366e-06,5.623736637576832e-05,8.949468039468567e-08,0.0015913739593831219,0.009407231272599771,True
sgd_no_decay_grad_projection,60,4,60,torch.float32,1.1920928955078125e-07,8.425881056896194e-06,8.526211560632621e-05,5.4341145518876154e-11,6.373422138594482e-07,1.206696472626592e-20,1.415278595945728e-16,1.1365340866376324e-07,0.0013330007320967777,8.526132999305576e-05,1.1365175249373216e-07,0.0013329812296264756,8.526125424519572e-05,1.1968045341696245e-20,1.403690978703919e-16,8.526147286696855e-05,8.435126854088236e-08,0.0009893245531014184,1.082351463666453e-05,1.082351463666453e-05,8.526132999305576e-05,1.1365175249373216e-07,0.0013329812296264756,0.010500447988376916,True
sgd_no_decay_grad_projection,60,5,53,torch.float32,1.1920928955078125e-07,5.678672305444112e-06,0.0001873755008461827,6.359650119387659e-11,3.394067042205438e-07,2.450271689136687e-20,1.3076798610658634e-16,9.050482723288396e-08,0.0004830152467670699,0.00018737471376493225,9.050206594998432e-08,0.0004830004226905565,0.0001873746919086629,2.5056919656503538e-20,1.337262754178014e-16,0.00018737467016666644,6.725642140625018e-08,0.00035894083947647133,9.191532278890534e-06,9.191532278890534e-06,0.00018737471376493225,9.050206594998432e-08,0.0004830004226905565,0.009846243608134115,True
sgd_no_decay_grad_projection,60,6,60,torch.float32,1.1920928955078125e-07,3.095485046437789e-06,9.038294952736101e-05,2.5192908366646205e-11,2.78735187315609e-07,1.3344143280633106e-20,1.4764005103190445e-16,9.698159301731726e-08,0.0010729900269391165,9.038442977083193e-05,9.697033227448205e-08,0.0010728654539321491,9.038437775275718e-05,1.318928737216271e-20,1.459244141530904e-16,9.038461800350916e-05,7.197570961034151e-08,0.0007963269768706338,9.349766585355515e-06,9.349766585355515e-06,9.038442977083193e-05,9.697033227448205e-08,0.0010728654539321491,0.01037141744547571,True
sgd_no_decay_grad_projection,60,7,53,torch.float32,1.1920928955078125e-07,7.079248571757639e-06,3.986499310047734e-05,2.295918580201861e-11,5.75923486156171e-07,5.334463394911595e-21,1.3381322759713726e-16,9.951247853127206e-08,0.0024961283079432935,3.986672334233273e-05,9.949441445847601e-08,0.0024956757445081332,3.986659918924097e-05,5.3816066809934164e-21,1.3499036262029048e-16,3.9866933222381365e-05,7.385802489927138e-08,0.0018526136557152422,1.0053138899928038e-05,1.0053138899928038e-05,3.986672334233273e-05,9.949441445847601e-08,0.0024956757445081332,0.009896850670111422,True
sgd_no_decay_grad_projection,61,0,58,torch.float32,1.1920928955078125e-07,4.814231254404896e-06,7.229884251038832e-05,2.9093926646905184e-11,4.0241206686987826e-07,1.0341858771344906e-20,1.4304321358754486e-16,1.0157666145010264e-07,0.0014049561604761057,7.229880830883334e-05,1.0156622652007031e-07,0.0014048119034855673,7.229873696807613e-05,1.0267984578978212e-20,1.420216314914615e-16,7.22987639163906e-05,7.500217634927699e-08,0.0010373922358619123,9.873388311778303e-06,9.873388311778303e-06,7.229880830883334e-05,1.0156622652007031e-07,0.0014048119034855673,0.010286866404201735,True
sgd_no_decay_grad_projection,61,1,60,torch.float32,1.1920928955078125e-07,3.342961442244951e-06,8.964118242274087e-05,2.5627481849704462e-11,2.8588960070659537e-07,1.2843066339593184e-20,1.4327194256571498e-16,1.0584143104942772e-07,0.0011807273166079004,8.964088656250759e-05,1.0587281974188199e-07,0.0011810773387214962,8.964082404049169e-05,1.2989756186546515e-20,1.4490893324094063e-16,8.964063563394148e-05,7.833908032597872e-08,0.0008739237486655712,1.0189330026403789e-05,1.0189330026403789e-05,8.964088656250759e-05,1.0587281974188199e-07,0.0011810773387214962,0.01039055752120423,True
sgd_no_decay_grad_projection,61,2,60,torch.float32,1.1920928955078125e-07,3.920330339574255e-06,7.341126530594124e-05,2.5184386576752424e-11,3.4305888165524136e-07,1.0757090520771575e-20,1.4653187730714165e-16,9.832128302450978e-08,0.0013392901117455817,7.341301648976929e-05,9.829551509966639e-08,0.0013389385125370061,7.34129506839144e-05,1.083010697967544e-20,1.4752311245879997e-16,7.341331176261942e-05,7.28463583259693e-08,0.0009922772393311536,9.39593266678228e-06,9.39593266678228e-06,7.341301648976929e-05,9.829551509966639e-08,0.0013389385125370061,0.010461496328850189,True
sgd_no_decay_grad_projection,61,3,49,torch.float32,1.1920928955078125e-07,5.138758647397377e-06,6.0379643267016e-05,2.69132976641539e-11,4.4573462524671804e-07,7.913773411513616e-21,1.310669123452326e-16,9.077110629533864e-08,0.0015033193024466783,6.038046775915043e-05,9.077204363551365e-08,0.001503334555101347,6.0380399528736966e-05,7.779389704231543e-21,1.2883965268446233e-16,6.038054081711167e-05,6.774849557649818e-08,0.001122025319079263,9.513395478357221e-06,9.513395478357221e-06,6.038046775915043e-05,9.077204363551365e-08,0.001503334555101347,0.009541497969049871,True
sgd_no_decay_grad_projection,61,4,60,torch.float32,1.1920928955078125e-07,8.425881056896194e-06,5.629634729707755e-05,4.4652546793051423e-11,7.931695205271235e-07,8.176868655121878e-21,1.4524687742128035e-16,1.1365170273358674e-07,0.0020188258269476286,5.62959274946959e-05,1.136390286190479e-07,0.0020186012323849672,5.629581279863745e-05,8.210004105803645e-21,1.4583685175964553e-16,5.629597971238221e-05,8.386107296469756e-08,0.0014896458573622168,1.08234861059008e-05,1.08234861059008e-05,5.62959274946959e-05,1.136390286190479e-07,0.0020186012323849672,0.010499300087528512,True
sgd_no_decay_grad_projection,61,5,53,torch.float32,1.1920928955078125e-07,5.678672305444112e-06,7.929355599407686e-05,3.294871307776628e-11,4.1552825654871016e-07,1.0605971723668595e-20,1.3375578369144857e-16,8.942517776172043e-08,0.0011277719660078172,7.929366498996308e-05,8.942781317656016e-08,0.001127805269032272,7.92936145613676e-05,1.0705117357022804e-20,1.350060457735573e-16,7.929356384689501e-05,6.656209813367818e-08,0.0008394388510800253,9.19143007006368e-06,9.19143007006368e-06,7.929366498996308e-05,8.942781317656016e-08,0.001127805269032272,0.009729477621531922,True
sgd_no_decay_grad_projection,61,6,60,torch.float32,1.1920928955078125e-07,3.095485046437789e-06,8.856929779148293e-05,2.5030081678165477e-11,2.8260449503724574e-07,1.2949830761936163e-20,1.4621128410009783e-16,9.82967959102905e-08,0.0011098341263271927,8.856888699184862e-05,9.830891260080658e-08,0.0011099711867199413,8.856883243180161e-05,1.3034767092522476e-20,1.4717103900584107e-16,8.856892676402637e-05,7.213882514200872e-08,0.000814493612801787,9.349764541909248e-06,9.349764541909248e-06,8.856888699184862e-05,9.830891260080658e-08,0.0011099711867199413,0.010514586988811124,True
sgd_no_decay_grad_projection,61,7,53,torch.float32,1.1920928955078125e-07,7.079248571757639e-06,4.2137077155225304e-05,2.4399372122167636e-11,5.790475697278385e-07,5.6249140876885516e-21,1.334908462437567e-16,9.855700879577156e-08,0.002338918716552561,4.213785755518852e-05,9.855308477312839e-08,0.002338825239134479,4.2137742305809885e-05,5.624799003940608e-21,1.334860079384241e-16,4.213815760687504e-05,7.358633053510984e-08,0.0017463110566348983,1.0053141137031748e-05,1.0053141137031748e-05,4.213785755518852e-05,9.855308477312839e-08,0.002338825239134479,0.009803213088305134,True
sgd_no_decay_grad_projection,62,0,58,torch.float32,1.1920928955078125e-07,4.814231254404896e-06,7.149892795573942e-05,3.040358338025135e-11,4.2523131814049483e-07,1.0296180891797909e-20,1.4400468910768244e-16,1.0042120417863227e-07,0.0014044904802537346,7.150009650974371e-05,1.004289495018025e-07,0.0014045987964242327,7.150002597851813e-05,1.0206563465582115e-20,1.4274908751290011e-16,7.150032645896182e-05,7.456848185202387e-08,0.0010429110683127167,9.87338724777221e-06,9.87338724777221e-06,7.150009650974371e-05,1.004289495018025e-07,0.0014045987964242327,0.010171681407964917,True
sgd_no_decay_grad_projection,62,1,60,torch.float32,1.1920928955078125e-07,3.342961442244951e-06,8.749102265433402e-05,2.496249777425555e-11,2.853149616604577e-07,1.255194725837224e-20,1.4346554512185678e-16,1.0644672569546514e-07,0.0012166599601071658,8.749095555561668e-05,1.0645147952656552e-07,0.0012167141031954546,8.74908907950845e-05,1.2483932525270197e-20,1.4268836917558945e-16,8.749100736079595e-05,7.897876617360515e-08,0.000902707244504707,1.0189327523498716e-05,1.0189327523498716e-05,8.749095555561668e-05,1.0645147952656552e-07,0.0012167141031954546,0.010447350846370006,True
sgd_no_decay_grad_projection,62,2,60,torch.float32,1.1920928955078125e-07,3.920330339574255e-06,7.352250251162434e-05,2.4720833931706324e-11,3.36234936070053e-07,1.088241840888483e-20,1.480147986960165e-16,9.81990860601446e-08,0.0013356115905805877,7.352369018917409e-05,9.820878594942489e-08,0.0013357434276861898,7.352362459827465e-05,1.0920990761463989e-20,1.4853716504232664e-16,7.352365932800858e-05,7.275579103827477e-08,0.0009895561742063444,9.395932044323843e-06,9.395932044323843e-06,7.352369018917409e-05,9.820878594942489e-08,0.0013357434276861898,0.010452266521952294,True
sgd_no_decay_grad_projection,62,3,49,torch.float32,1.1920928955078125e-07,5.138758647397377e-06,5.708915065627004e-05,2.400069675613861e-11,4.2040731873285693e-07,7.477093417864786e-21,1.309722308339202e-16,8.940044189296638e-08,0.0015659636883981359,5.70897254642782e-05,8.939863971280915e-08,0.0015659322055900772,5.7089655468130756e-05,7.441036545038294e-21,1.3033948942277493e-16,5.708978707939991e-05,6.686545083298451e-08,0.0011712331443798994,9.513391720644904e-06,9.513391720644904e-06,5.70897254642782e-05,8.939863971280915e-08,0.0015659322055900772,0.009397136409174256,True
sgd_no_decay_grad_projection,62,4,60,torch.float32,1.1920928955078125e-07,8.425881056896194e-06,7.305227027908929e-05,4.976151126080573e-11,6.811767939681625e-07,1.0350965340915892e-20,1.4169258944825958e-16,1.1292033938533965e-07,0.0015457286332674015,7.305314512362498e-05,1.1294171527555359e-07,0.0015460212573247425,7.305305781842649e-05,1.0553703919225266e-20,1.4446628566125894e-16,7.305316387164002e-05,8.354430803964666e-08,0.0011436097167049518,1.082350134577185e-05,1.082350134577185e-05,7.305314512362498e-05,1.1294171527555359e-07,0.0015460212573247425,0.010434859447739963,True
sgd_no_decay_grad_projection,62,5,53,torch.float32,1.1920928955078125e-07,5.678672305444112e-06,0.00017458988700060933,5.98313122688225e-11,3.426963227750625e-07,2.29702903093352e-20,1.3156712971156446e-16,9.00766848233579e-08,0.0005159327428067307,0.00017458993399340432,9.004383066123603e-08,0.0005157446858570765,0.0001745899107735892,2.3056469483125007e-20,1.3206072092576403e-16,0.000174589874011403,6.712445075019627e-08,0.00038446932349474154,9.191520786105837e-06,9.191520786105837e-06,0.00017458993399340432,9.004383066123603e-08,0.0005157446858570765,0.009796401787759522,True
sgd_no_decay_grad_projection,62,6,60,torch.float32,1.1920928955078125e-07,3.095485046437789e-06,8.568421264157751e-05,2.396581154866033e-11,2.796992679259461e-07,1.235689818074338e-20,1.4421441009714997e-16,9.738368215002848e-08,0.0011365397636482742,8.568435578316305e-05,9.737873526447845e-08,0.0011364820844415257,8.568430044855116e-05,1.228879862511173e-20,1.4341948946050504e-16,8.568430241268238e-05,7.18795012946592e-08,0.0008388876290135976,9.349761261885584e-06,9.349761261885584e-06,8.568435578316305e-05,9.737873526447845e-08,0.0011364820844415257,0.010415103930133923,True
sgd_no_decay_grad_projection,62,7,53,torch.float32,1.1920928955078125e-07,7.079248571757639e-06,4.0170541355139776e-05,2.265332596948394e-11,5.639288196096334e-07,5.424560623858672e-21,1.3503827533470539e-16,9.837275411939276e-08,0.0024488673107702563,4.0170715896686546e-05,9.837057030867248e-08,0.0024488129751450735,4.017059545094151e-05,5.387293590606402e-21,1.3411037427079355e-16,4.017061759623072e-05,7.347830396791465e-08,0.0018291554465622469,1.0053139038304777e-05,1.0053139038304777e-05,4.0170715896686546e-05,9.837057030867248e-08,0.0024488129751450735,0.009785060162189933,True
sgd_no_decay_grad_projection,63,0,58,torch.float32,1.1920928955078125e-07,4.814231254404896e-06,6.571064132703327e-05,2.752044321556699e-11,4.1881257981643093e-07,9.319018630474198e-21,1.4181901808103617e-16,1.0246994547971673e-07,0.0015593932078266498,6.571142974107712e-05,1.0247883840851826e-07,0.0015595283623003765,6.571134983170102e-05,9.449424616726895e-21,1.438020165607407e-16,6.57115157112467e-05,7.58246493595491e-08,0.001153901999350344,9.873381721239683e-06,9.873381721239683e-06,6.571142974107712e-05,1.0247883840851826e-07,0.0015595283623003765,0.010379304811852367,True
sgd_no_decay_grad_projection,63,1,60,torch.float32,1.1920928955078125e-07,3.342961442244951e-06,7.243651924557034e-05,2.0992844316315327e-11,2.898102301843982e-07,1.0535113281161824e-20,1.454392534440632e-16,1.061494933999114e-07,0.0014654298568224974,7.243573533423897e-05,1.0614782197159596e-07,0.001465406839342486,7.243565755932506e-05,1.0501239353988457e-20,1.4497334196749585e-16,7.243574736512998e-05,7.828020048622488e-08,0.0010806846527258774,1.0189312649850423e-05,1.0189312649850423e-05,7.243573533423897e-05,1.0614782197159596e-07,0.001465406839342486,0.010417564522681928,True
sgd_no_decay_grad_projection,63,2,60,torch.float32,1.1920928955078125e-07,3.920330339574255e-06,8.057849435106783e-05,2.514998520283145e-11,3.1211783498034746e-07,1.2102385078446836e-20,1.5019373563520855e-16,9.84122407693893e-08,0.0012213167275228946,8.057879914517567e-05,9.84122943727308e-08,0.001221317460879818,8.057873904882652e-05,1.1831044170608376e-20,1.4682587876486104e-16,8.057868268680867e-05,7.283769206362275e-08,0.0009039325245204936,9.395938595139049e-06,9.395938595139049e-06,8.057879914517567e-05,9.84122943727308e-08,0.001221317460879818,0.010473918425099545,True
sgd_no_decay_grad_projection,63,3,49,torch.float32,1.1920928955078125e-07,5.138758647397377e-06,5.993805407697635e-05,2.6911717459086907e-11,4.4899217823329946e-07,7.782530197584077e-21,1.298428905881734e-16,9.031507867220904e-08,0.0015067797941121363,5.993913586724861e-05,9.031714091072856e-08,0.0015068141975012827,5.993906782163488e-05,7.805490132754203e-21,1.302237491577543e-16,5.9939290409066346e-05,6.723230117258623e-08,0.0011216732916547298,9.513394843769287e-06,9.513394843769287e-06,5.993913586724861e-05,9.031714091072856e-08,0.0015068141975012827,0.009493681529457485,True
sgd_no_decay_grad_projection,63,4,60,torch.float32,1.1920928955078125e-07,8.425881056896194e-06,5.626209166986244e-05,4.368331468799251e-11,7.764253583801982e-07,8.165170682364503e-21,1.4512739288611892e-16,1.1240863126748634e-07,0.001997961547140703,5.6261662069118186e-05,1.1240914416453855e-07,0.0019979705545570704,5.6261549773926066e-05,8.142263446674298e-21,1.447216345691167e-16,5.6261662472431494e-05,8.267084984703556e-08,0.0014693993425371088,1.0823484579279197e-05,1.0823484579279197e-05,5.6261662069118186e-05,1.1240914416453855e-07,0.0019979705545570704,0.010385670468800592,True
sgd_no_decay_grad_projection,63,5,53,torch.float32,1.1920928955078125e-07,5.678672305444112e-06,9.822755858785973e-05,3.889539673599866e-11,3.9597234518669866e-07,1.315032180860003e-20,1.3387609340650305e-16,9.00764298680665e-08,0.0009170193724435401,9.822741076525599e-05,9.009568986467767e-08,0.0009172153593663228,9.822736944667202e-05,1.321045698619237e-20,1.3448855508000113e-16,9.82275245483464e-05,6.680911664369841e-08,0.0006801465979203799,9.19144835226732e-06,9.19144835226732e-06,9.822741076525599e-05,9.009568986467767e-08,0.0009172153593663228,0.009802121103411644,True
sgd_no_decay_grad_projection,63,6,60,torch.float32,1.1920928955078125e-07,3.095485046437789e-06,8.848177062576827e-05,2.4429384977507457e-11,2.7609511885596196e-07,1.2918211060719618e-20,1.4599855958305133e-16,9.84880047050424e-08,0.0011130789542297074,8.848249851428386e-05,9.848141358175226e-08,0.0011130044385653764,8.848244370914166e-05,1.2981262895033777e-20,1.4671004044266243e-16,8.84827681120046e-05,7.255692116276618e-08,0.0008200118815329227,9.34976349036008e-06,9.34976349036008e-06,8.848249851428386e-05,9.848141358175226e-08,0.0011130044385653764,0.010533037940830256,True
sgd_no_decay_grad_projection,63,7,53,torch.float32,1.1920928955078125e-07,7.079248571757639e-06,3.9653071417972184e-05,2.2088728016242513e-11,5.570496111993764e-07,5.358011070140092e-21,1.3512222076478246e-16,9.884338094417688e-08,0.002492669478169809,3.965362695267404e-05,9.884942663172863e-08,0.0024928218230757,3.965350374547868e-05,5.3389335461081696e-21,1.3463964194379466e-16,3.965367226909056e-05,7.366268533001004e-08,0.001857651034944095,1.0053138668976238e-05,1.0053138668976238e-05,3.965362695267404e-05,9.884942663172863e-08,0.0024928218230757,0.009832693041107227,True
sgd_no_decay_grad_projection,64,0,58,torch.float32,1.1920928955078125e-07,4.814231254404896e-06,6.516965341948407e-05,2.7956618528233964e-11,4.2898215751252784e-07,9.217740107086218e-21,1.414422146417491e-16,1.0074765555515874e-07,0.0015459273482352504,6.516970992664804e-05,1.0073209239239676e-07,0.0015456888254647145,6.516963207636675e-05,9.25989656536153e-21,1.4208913370127124e-16,6.51697722649544e-05,7.443210911805527e-08,0.0011421262731354021,9.8733809239324e-06,9.8733809239324e-06,6.516970992664804e-05,1.0073209239239676e-07,0.0015456888254647145,0.010202390971083579,True
sgd_no_decay_grad_projection,64,1,60,torch.float32,1.1920928955078125e-07,3.342961442244951e-06,7.851094904771558e-05,2.2676865246220904e-11,2.888369777881411e-07,1.1324778142120749e-20,1.442445707189007e-16,1.0636553300733175e-07,0.0013547784472359697,7.851138589561813e-05,1.0634931829728417e-07,0.0013545719144313273,7.851131386668525e-05,1.1547963588420725e-20,1.470866174527348e-16,7.851158960864211e-05,7.859719366907622e-08,0.0010010903366096753,1.0189317881196155e-05,1.0189317881196155e-05,7.851138589561813e-05,1.0634931829728417e-07,0.0013545719144313273,0.010437334425844755,True
sgd_no_decay_grad_projection,64,2,60,torch.float32,1.1920928955078125e-07,3.920330339574255e-06,7.819022175581333e-05,2.521538093110594e-11,3.224876508197294e-07,1.1515941970948912e-20,1.472811012982364e-16,9.825805551769406e-08,0.0012566505763945952,7.819042423264494e-05,9.825785792694868e-08,0.0012566482263172767,7.819036249483913e-05,1.1551294799911076e-20,1.4773297413314214e-16,7.819015845723724e-05,7.268226360889849e-08,0.0009295576968123034,9.395935450666136e-06,9.395935450666136e-06,7.819042423264494e-05,9.825785792694868e-08,0.0012566482263172767,0.010457485414076846,True
sgd_no_decay_grad_projection,64,3,49,torch.float32,1.1920928955078125e-07,5.138758647397377e-06,6.19334030110671e-05,2.6925228584612375e-11,4.347448594064985e-07,8.1146538524417e-21,1.3102225064223308e-16,8.969903561658344e-08,0.0014483003250295933,6.193399534756108e-05,8.969351716362301e-08,0.001448211384721446,6.193393039994069e-05,8.1316922624677e-21,1.3129624117114787e-16,6.193409029151857e-05,6.66088928713302e-08,0.0010754802816640677,9.513396557931763e-06,9.513396557931763e-06,6.193399534756108e-05,8.969351716362301e-08,0.001448211384721446,0.009428127653192522,True
sgd_no_decay_grad_projection,64,4,60,torch.float32,1.1920928955078125e-07,8.425881056896194e-06,6.954797643783535e-05,5.27012444833175e-11,7.577681937363612e-07,1.0026428511244977e-20,1.441656396747914e-16,1.1325608217384135e-07,0.0016284578903732272,6.954805706631454e-05,1.132575647026112e-07,0.0016284792053158199,6.954796484745892e-05,9.971854227619491e-21,1.4338096376351168e-16,6.95478980926315e-05,8.420874209994958e-08,0.0012108021149365457,1.082349683836759e-05,1.082349683836759e-05,6.954805706631454e-05,1.132575647026112e-07,0.0016284792053158199,0.010464045621663693,True
sgd_no_decay_grad_projection,64,5,53,torch.float32,1.1920928955078125e-07,5.678672305444112e-06,9.036802165595384e-05,3.854708108072936e-11,4.2655665548909034e-07,1.226108054911383e-20,1.3567941761295746e-16,9.010213943059114e-08,0.0009970527228793289,9.036846423065914e-05,9.009901345545085e-08,0.000997018309678025,9.036841931546493e-05,1.2236892105501715e-20,1.3541115577981112e-16,9.036866106635018e-05,6.692875993767445e-08,0.0007406191388465326,9.191440786386809e-06,9.191440786386809e-06,9.036846423065914e-05,9.009901345545085e-08,0.000997018309678025,0.009802490768247567,True
sgd_no_decay_grad_projection,64,6,60,torch.float32,1.1920928955078125e-07,3.095485046437789e-06,7.838591122282142e-05,2.2236775844749242e-11,2.836833239271598e-07,1.1305509651594899e-20,1.4422884770016997e-16,9.873134128807195e-08,0.0012595537703931172,7.838596733047609e-05,9.873135058432496e-08,0.0012595538965293688,7.838590515172276e-05,1.1481705915116284e-20,1.4647666430453845e-16,7.838593532840022e-05,7.267754188456519e-08,0.0009271757947402229,9.349752941362623e-06,9.349752941362623e-06,7.838596733047609e-05,9.873135058432496e-08,0.0012595538965293688,0.010559781761456465,True
sgd_no_decay_grad_projection,64,7,53,torch.float32,1.1920928955078125e-07,7.079248571757639e-06,4.473079577453737e-05,2.4993246765046597e-11,5.58748091382577e-07,6.065222302113638e-21,1.3559388329878903e-16,9.900700899336743e-08,0.0022133461020319004,4.473181725243522e-05,9.898766734952737e-08,0.002212914060497697,4.4731707726700685e-05,5.978414676104296e-21,1.3365049044473964e-16,4.473201718202377e-05,7.370301343329808e-08,0.0016476568256107336,1.0053143662373381e-05,1.0053143662373381e-05,4.473181725243522e-05,9.898766734952737e-08,0.002212914060497697,0.009846439151169758,True
