replicate,stage,arm,step,stream_key_posthoc,family_posthoc,branch,route_margin,candidate_parent_branch
0,A_STORY_NULL,incumbent,1,STORY,STORY,0,0.0,0
0,A_STORY_NULL,capacity-shadow,1,STORY,STORY,0,,0
0,A_STORY_NULL,geometry-shadow,1,STORY,STORY,0,1.0045205354690552,0
0,A_STORY_NULL,incumbent,2,STORY,STORY,0,0.0,0
0,A_STORY_NULL,capacity-shadow,2,STORY,STORY,1,,0
0,A_STORY_NULL,geometry-shadow,2,STORY,STORY,1,0.4669555425643921,0
0,A_STORY_NULL,incumbent,3,STORY,STORY,0,0.0,0
0,A_STORY_NULL,capacity-shadow,3,STORY,STORY,0,,0
0,A_STORY_NULL,geometry-shadow,3,STORY,STORY,1,0.5035756826400757,0
0,A_STORY_NULL,incumbent,4,STORY,STORY,0,0.0,0
0,A_STORY_NULL,capacity-shadow,4,STORY,STORY,1,,0
0,A_STORY_NULL,geometry-shadow,4,STORY,STORY,1,1.048023700714111,0
0,A_STORY_NULL,incumbent,5,STORY,STORY,0,0.0,0
0,A_STORY_NULL,capacity-shadow,5,STORY,STORY,0,,0
0,A_STORY_NULL,geometry-shadow,5,STORY,STORY,0,0.601251482963562,0
0,A_STORY_NULL,incumbent,6,STORY,STORY,0,0.0,0
0,A_STORY_NULL,capacity-shadow,6,STORY,STORY,1,,0
0,A_STORY_NULL,geometry-shadow,6,STORY,STORY,0,1.0510207414627075,0
0,A_STORY_NULL,incumbent,7,STORY,STORY,0,0.0,0
0,A_STORY_NULL,capacity-shadow,7,STORY,STORY,0,,0
0,A_STORY_NULL,geometry-shadow,7,STORY,STORY,0,0.9313427209854126,0
0,A_STORY_NULL,incumbent,8,STORY,STORY,0,0.0,0
0,A_STORY_NULL,capacity-shadow,8,STORY,STORY,1,,0
0,A_STORY_NULL,geometry-shadow,8,STORY,STORY,1,0.2968681454658508,0
0,A_STORY_NULL,incumbent,9,STORY,STORY,0,0.0,0
0,A_STORY_NULL,capacity-shadow,9,STORY,STORY,0,,0
0,A_STORY_NULL,geometry-shadow,9,STORY,STORY,1,0.9495869874954224,0
0,A_STORY_NULL,incumbent,10,STORY,STORY,0,0.0,0
0,A_STORY_NULL,capacity-shadow,10,STORY,STORY,1,,0
0,A_STORY_NULL,geometry-shadow,10,STORY,STORY,0,0.8425151109695435,0
0,A_STORY_NULL,incumbent,11,STORY,STORY,0,0.0,0
0,A_STORY_NULL,capacity-shadow,11,STORY,STORY,0,,0
0,A_STORY_NULL,geometry-shadow,11,STORY,STORY,1,0.4595954418182373,0
0,A_STORY_NULL,incumbent,12,STORY,STORY,0,0.0,0
0,A_STORY_NULL,capacity-shadow,12,STORY,STORY,1,,0
0,A_STORY_NULL,geometry-shadow,12,STORY,STORY,0,0.6071618795394897,0
0,A_STORY_NULL,incumbent,13,STORY,STORY,0,0.0,0
0,A_STORY_NULL,capacity-shadow,13,STORY,STORY,0,,0
0,A_STORY_NULL,geometry-shadow,13,STORY,STORY,0,0.5180212259292603,0
0,A_STORY_NULL,incumbent,14,STORY,STORY,0,0.0,0
0,A_STORY_NULL,capacity-shadow,14,STORY,STORY,1,,0
0,A_STORY_NULL,geometry-shadow,14,STORY,STORY,1,0.0987461805343627,0
0,A_STORY_NULL,incumbent,15,STORY,STORY,0,0.0,0
0,A_STORY_NULL,capacity-shadow,15,STORY,STORY,0,,0
0,A_STORY_NULL,geometry-shadow,15,STORY,STORY,0,0.8529069423675537,0
0,A_STORY_NULL,incumbent,16,STORY,STORY,0,0.0,0
0,A_STORY_NULL,capacity-shadow,16,STORY,STORY,1,,0
0,A_STORY_NULL,geometry-shadow,16,STORY,STORY,1,1.0726418495178225,0
0,A_STORY_NULL,incumbent,17,STORY,STORY,0,0.0,0
0,A_STORY_NULL,capacity-shadow,17,STORY,STORY,0,,0
0,A_STORY_NULL,geometry-shadow,17,STORY,STORY,1,0.1168650388717651,0
0,A_STORY_NULL,incumbent,18,STORY,STORY,0,0.0,0
0,A_STORY_NULL,capacity-shadow,18,STORY,STORY,1,,0
0,A_STORY_NULL,geometry-shadow,18,STORY,STORY,0,0.5832967162132263,0
0,A_STORY_NULL,incumbent,19,STORY,STORY,0,0.0,0
0,A_STORY_NULL,capacity-shadow,19,STORY,STORY,0,,0
0,A_STORY_NULL,geometry-shadow,19,STORY,STORY,0,1.0707629919052124,0
0,A_STORY_NULL,incumbent,20,STORY,STORY,0,0.0,0
0,A_STORY_NULL,capacity-shadow,20,STORY,STORY,1,,0
0,A_STORY_NULL,geometry-shadow,20,STORY,STORY,0,0.8034524917602539,0
0,A_STORY_NULL,incumbent,21,STORY,STORY,0,0.0,0
0,A_STORY_NULL,capacity-shadow,21,STORY,STORY,0,,0
0,A_STORY_NULL,geometry-shadow,21,STORY,STORY,1,0.4339721202850342,0
0,A_STORY_NULL,incumbent,22,STORY,STORY,0,0.0,0
0,A_STORY_NULL,capacity-shadow,22,STORY,STORY,1,,0
0,A_STORY_NULL,geometry-shadow,22,STORY,STORY,0,0.7017505764961243,0
0,A_STORY_NULL,incumbent,23,STORY,STORY,0,0.0,0
0,A_STORY_NULL,capacity-shadow,23,STORY,STORY,0,,0
0,A_STORY_NULL,geometry-shadow,23,STORY,STORY,0,0.5357259511947632,0
0,A_STORY_NULL,incumbent,24,STORY,STORY,0,0.0,0
0,A_STORY_NULL,capacity-shadow,24,STORY,STORY,1,,0
0,A_STORY_NULL,geometry-shadow,24,STORY,STORY,0,0.158792495727539,0
0,A_STORY_NULL,incumbent,25,STORY,STORY,0,0.0,0
0,A_STORY_NULL,capacity-shadow,25,STORY,STORY,0,,0
0,A_STORY_NULL,geometry-shadow,25,STORY,STORY,1,0.2120199203491211,0
0,A_STORY_NULL,incumbent,26,STORY,STORY,0,0.0,0
0,A_STORY_NULL,capacity-shadow,26,STORY,STORY,1,,0
0,A_STORY_NULL,geometry-shadow,26,STORY,STORY,0,0.689786434173584,0
0,A_STORY_NULL,incumbent,27,STORY,STORY,0,0.0,0
0,A_STORY_NULL,capacity-shadow,27,STORY,STORY,0,,0
0,A_STORY_NULL,geometry-shadow,27,STORY,STORY,0,0.764815092086792,0
0,A_STORY_NULL,incumbent,28,STORY,STORY,0,0.0,0
0,A_STORY_NULL,capacity-shadow,28,STORY,STORY,1,,0
0,A_STORY_NULL,geometry-shadow,28,STORY,STORY,0,0.1426694393157959,0
0,A_STORY_NULL,incumbent,29,STORY,STORY,0,0.0,0
0,A_STORY_NULL,capacity-shadow,29,STORY,STORY,0,,0
0,A_STORY_NULL,geometry-shadow,29,STORY,STORY,0,0.1105883121490478,0
0,A_STORY_NULL,incumbent,30,STORY,STORY,0,0.0,0
0,A_STORY_NULL,capacity-shadow,30,STORY,STORY,1,,0
0,A_STORY_NULL,geometry-shadow,30,STORY,STORY,1,0.5487382411956787,0
0,A_STORY_NULL,incumbent,31,STORY,STORY,0,0.0,0
0,A_STORY_NULL,capacity-shadow,31,STORY,STORY,0,,0
0,A_STORY_NULL,geometry-shadow,31,STORY,STORY,0,0.21718430519104,0
0,A_STORY_NULL,incumbent,32,STORY,STORY,0,0.0,0
0,A_STORY_NULL,capacity-shadow,32,STORY,STORY,1,,0
0,A_STORY_NULL,geometry-shadow,32,STORY,STORY,1,0.2259689569473266,0
0,A_STORY_NULL,incumbent,33,STORY,STORY,0,0.0,0
0,A_STORY_NULL,capacity-shadow,33,STORY,STORY,0,,0
0,A_STORY_NULL,geometry-shadow,33,STORY,STORY,1,0.4745107889175415,0
0,A_STORY_NULL,incumbent,34,STORY,STORY,0,0.0,0
0,A_STORY_NULL,capacity-shadow,34,STORY,STORY,1,,0
0,A_STORY_NULL,geometry-shadow,34,STORY,STORY,1,0.0431510210037231,0
0,A_STORY_NULL,incumbent,35,STORY,STORY,0,0.0,0
0,A_STORY_NULL,capacity-shadow,35,STORY,STORY,0,,0
0,A_STORY_NULL,geometry-shadow,35,STORY,STORY,0,0.5468733310699463,0
0,A_STORY_NULL,incumbent,36,STORY,STORY,0,0.0,0
0,A_STORY_NULL,capacity-shadow,36,STORY,STORY,1,,0
0,A_STORY_NULL,geometry-shadow,36,STORY,STORY,0,0.5134273767471313,0
0,A_STORY_NULL,incumbent,37,STORY,STORY,0,0.0,0
0,A_STORY_NULL,capacity-shadow,37,STORY,STORY,0,,0
0,A_STORY_NULL,geometry-shadow,37,STORY,STORY,0,0.6910089254379272,0
0,A_STORY_NULL,incumbent,38,STORY,STORY,0,0.0,0
0,A_STORY_NULL,capacity-shadow,38,STORY,STORY,1,,0
0,A_STORY_NULL,geometry-shadow,38,STORY,STORY,1,0.7307161092758179,0
0,A_STORY_NULL,incumbent,39,STORY,STORY,0,0.0,0
0,A_STORY_NULL,capacity-shadow,39,STORY,STORY,0,,0
0,A_STORY_NULL,geometry-shadow,39,STORY,STORY,1,0.0295207500457763,0
0,A_STORY_NULL,incumbent,40,STORY,STORY,0,0.0,0
0,A_STORY_NULL,capacity-shadow,40,STORY,STORY,1,,0
0,A_STORY_NULL,geometry-shadow,40,STORY,STORY,1,0.0340589880943298,0
0,A_STORY_NULL,incumbent,41,STORY,STORY,0,0.0,0
0,A_STORY_NULL,capacity-shadow,41,STORY,STORY,0,,0
0,A_STORY_NULL,geometry-shadow,41,STORY,STORY,0,0.7906090021133423,0
0,A_STORY_NULL,incumbent,42,STORY,STORY,0,0.0,0
0,A_STORY_NULL,capacity-shadow,42,STORY,STORY,1,,0
0,A_STORY_NULL,geometry-shadow,42,STORY,STORY,1,0.428491473197937,0
0,A_STORY_NULL,incumbent,43,STORY,STORY,0,0.0,0
0,A_STORY_NULL,capacity-shadow,43,STORY,STORY,0,,0
0,A_STORY_NULL,geometry-shadow,43,STORY,STORY,0,0.0091419219970703,0
0,A_STORY_NULL,incumbent,44,STORY,STORY,0,0.0,0
0,A_STORY_NULL,capacity-shadow,44,STORY,STORY,1,,0
0,A_STORY_NULL,geometry-shadow,44,STORY,STORY,0,0.924527108669281,0
0,A_STORY_NULL,incumbent,45,STORY,STORY,0,0.0,0
0,A_STORY_NULL,capacity-shadow,45,STORY,STORY,0,,0
0,A_STORY_NULL,geometry-shadow,45,STORY,STORY,1,0.2379721403121948,0
0,A_STORY_NULL,incumbent,46,STORY,STORY,0,0.0,0
0,A_STORY_NULL,capacity-shadow,46,STORY,STORY,1,,0
0,A_STORY_NULL,geometry-shadow,46,STORY,STORY,0,0.9657100439071656,0
0,A_STORY_NULL,incumbent,47,STORY,STORY,0,0.0,0
0,A_STORY_NULL,capacity-shadow,47,STORY,STORY,0,,0
0,A_STORY_NULL,geometry-shadow,47,STORY,STORY,1,1.127556085586548,0
0,A_STORY_NULL,incumbent,48,STORY,STORY,0,0.0,0
0,A_STORY_NULL,capacity-shadow,48,STORY,STORY,1,,0
0,A_STORY_NULL,geometry-shadow,48,STORY,STORY,0,0.4537540674209595,0
0,A_STORY_NULL,incumbent,49,STORY,STORY,0,0.0,0
0,A_STORY_NULL,capacity-shadow,49,STORY,STORY,0,,0
0,A_STORY_NULL,geometry-shadow,49,STORY,STORY,0,0.1834661960601806,0
0,A_STORY_NULL,incumbent,50,STORY,STORY,0,0.0,0
0,A_STORY_NULL,capacity-shadow,50,STORY,STORY,1,,0
0,A_STORY_NULL,geometry-shadow,50,STORY,STORY,0,0.4922460913658142,0
0,A_STORY_NULL,incumbent,51,STORY,STORY,0,0.0,0
0,A_STORY_NULL,capacity-shadow,51,STORY,STORY,0,,0
0,A_STORY_NULL,geometry-shadow,51,STORY,STORY,1,0.2785105109214782,0
0,A_STORY_NULL,incumbent,52,STORY,STORY,0,0.0,0
0,A_STORY_NULL,capacity-shadow,52,STORY,STORY,1,,0
0,A_STORY_NULL,geometry-shadow,52,STORY,STORY,0,0.1082191467285156,0
0,A_STORY_NULL,incumbent,53,STORY,STORY,0,0.0,0
0,A_STORY_NULL,capacity-shadow,53,STORY,STORY,0,,0
0,A_STORY_NULL,geometry-shadow,53,STORY,STORY,0,0.7442973256111145,0
0,A_STORY_NULL,incumbent,54,STORY,STORY,0,0.0,0
0,A_STORY_NULL,capacity-shadow,54,STORY,STORY,1,,0
0,A_STORY_NULL,geometry-shadow,54,STORY,STORY,0,0.1895228624343872,0
0,A_STORY_NULL,incumbent,55,STORY,STORY,0,0.0,0
0,A_STORY_NULL,capacity-shadow,55,STORY,STORY,0,,0
0,A_STORY_NULL,geometry-shadow,55,STORY,STORY,0,0.3028870820999145,0
0,A_STORY_NULL,incumbent,56,STORY,STORY,0,0.0,0
0,A_STORY_NULL,capacity-shadow,56,STORY,STORY,1,,0
0,A_STORY_NULL,geometry-shadow,56,STORY,STORY,1,0.7076833248138428,0
0,A_STORY_NULL,incumbent,57,STORY,STORY,0,0.0,0
0,A_STORY_NULL,capacity-shadow,57,STORY,STORY,0,,0
0,A_STORY_NULL,geometry-shadow,57,STORY,STORY,0,0.4836049079895019,0
0,A_STORY_NULL,incumbent,58,STORY,STORY,0,0.0,0
0,A_STORY_NULL,capacity-shadow,58,STORY,STORY,1,,0
0,A_STORY_NULL,geometry-shadow,58,STORY,STORY,0,0.0737904906272888,0
0,A_STORY_NULL,incumbent,59,STORY,STORY,0,0.0,0
0,A_STORY_NULL,capacity-shadow,59,STORY,STORY,0,,0
0,A_STORY_NULL,geometry-shadow,59,STORY,STORY,0,0.5718339681625366,0
0,A_STORY_NULL,incumbent,60,STORY,STORY,0,0.0,0
0,A_STORY_NULL,capacity-shadow,60,STORY,STORY,1,,0
0,A_STORY_NULL,geometry-shadow,60,STORY,STORY,0,0.4905402660369873,0
0,A_STORY_NULL,incumbent,61,STORY,STORY,0,0.0,0
0,A_STORY_NULL,capacity-shadow,61,STORY,STORY,0,,0
0,A_STORY_NULL,geometry-shadow,61,STORY,STORY,0,0.1205407381057739,0
0,A_STORY_NULL,incumbent,62,STORY,STORY,0,0.0,0
0,A_STORY_NULL,capacity-shadow,62,STORY,STORY,1,,0
0,A_STORY_NULL,geometry-shadow,62,STORY,STORY,0,0.6556863188743591,0
0,A_STORY_NULL,incumbent,63,STORY,STORY,0,0.0,0
0,A_STORY_NULL,capacity-shadow,63,STORY,STORY,0,,0
0,A_STORY_NULL,geometry-shadow,63,STORY,STORY,1,0.8771280646324158,0
0,A_STORY_NULL,incumbent,64,STORY,STORY,0,0.0,0
0,A_STORY_NULL,capacity-shadow,64,STORY,STORY,1,,0
0,A_STORY_NULL,geometry-shadow,64,STORY,STORY,0,0.4308435916900635,0
0,A_STORY_NULL,incumbent,65,STORY,STORY,0,0.0,0
0,A_STORY_NULL,capacity-shadow,65,STORY,STORY,0,,0
0,A_STORY_NULL,geometry-shadow,65,STORY,STORY,0,0.6567899584770203,0
0,A_STORY_NULL,incumbent,66,STORY,STORY,0,0.0,0
0,A_STORY_NULL,capacity-shadow,66,STORY,STORY,1,,0
0,A_STORY_NULL,geometry-shadow,66,STORY,STORY,0,0.1199294328689575,0
0,A_STORY_NULL,incumbent,67,STORY,STORY,0,0.0,0
0,A_STORY_NULL,capacity-shadow,67,STORY,STORY,0,,0
0,A_STORY_NULL,geometry-shadow,67,STORY,STORY,0,0.1168246269226074,0
0,A_STORY_NULL,incumbent,68,STORY,STORY,0,0.0,0
0,A_STORY_NULL,capacity-shadow,68,STORY,STORY,1,,0
0,A_STORY_NULL,geometry-shadow,68,STORY,STORY,0,0.3388144373893738,0
0,A_STORY_NULL,incumbent,69,STORY,STORY,0,0.0,0
0,A_STORY_NULL,capacity-shadow,69,STORY,STORY,0,,0
0,A_STORY_NULL,geometry-shadow,69,STORY,STORY,0,0.6068629622459412,0
0,A_STORY_NULL,incumbent,70,STORY,STORY,0,0.0,0
0,A_STORY_NULL,capacity-shadow,70,STORY,STORY,1,,0
0,A_STORY_NULL,geometry-shadow,70,STORY,STORY,0,0.4886174201965332,0
0,A_STORY_NULL,incumbent,71,STORY,STORY,0,0.0,0
0,A_STORY_NULL,capacity-shadow,71,STORY,STORY,0,,0
0,A_STORY_NULL,geometry-shadow,71,STORY,STORY,0,0.2393131852149963,0
0,A_STORY_NULL,incumbent,72,STORY,STORY,0,0.0,0
0,A_STORY_NULL,capacity-shadow,72,STORY,STORY,1,,0
0,A_STORY_NULL,geometry-shadow,72,STORY,STORY,0,0.6135894656181335,0
0,A_STORY_NULL,incumbent,73,STORY,STORY,0,0.0,0
0,A_STORY_NULL,capacity-shadow,73,STORY,STORY,0,,0
0,A_STORY_NULL,geometry-shadow,73,STORY,STORY,0,0.8637405037879944,0
0,A_STORY_NULL,incumbent,74,STORY,STORY,0,0.0,0
0,A_STORY_NULL,capacity-shadow,74,STORY,STORY,1,,0
0,A_STORY_NULL,geometry-shadow,74,STORY,STORY,0,0.811093807220459,0
0,A_STORY_NULL,incumbent,75,STORY,STORY,0,0.0,0
0,A_STORY_NULL,capacity-shadow,75,STORY,STORY,0,,0
0,A_STORY_NULL,geometry-shadow,75,STORY,STORY,1,0.544859766960144,0
0,A_STORY_NULL,incumbent,76,STORY,STORY,0,0.0,0
0,A_STORY_NULL,capacity-shadow,76,STORY,STORY,1,,0
0,A_STORY_NULL,geometry-shadow,76,STORY,STORY,0,0.0123535394668579,0
0,A_STORY_NULL,incumbent,77,STORY,STORY,0,0.0,0
0,A_STORY_NULL,capacity-shadow,77,STORY,STORY,0,,0
0,A_STORY_NULL,geometry-shadow,77,STORY,STORY,0,0.6750463247299194,0
0,A_STORY_NULL,incumbent,78,STORY,STORY,0,0.0,0
0,A_STORY_NULL,capacity-shadow,78,STORY,STORY,1,,0
0,A_STORY_NULL,geometry-shadow,78,STORY,STORY,0,0.7640588879585266,0
0,A_STORY_NULL,incumbent,79,STORY,STORY,0,0.0,0
0,A_STORY_NULL,capacity-shadow,79,STORY,STORY,0,,0
0,A_STORY_NULL,geometry-shadow,79,STORY,STORY,0,0.6163212060928345,0
0,A_STORY_NULL,incumbent,80,STORY,STORY,0,0.0,0
0,A_STORY_NULL,capacity-shadow,80,STORY,STORY,1,,0
0,A_STORY_NULL,geometry-shadow,80,STORY,STORY,0,0.7843557596206665,0
0,A_STORY_NULL,incumbent,81,STORY,STORY,0,0.0,0
0,A_STORY_NULL,capacity-shadow,81,STORY,STORY,0,,0
0,A_STORY_NULL,geometry-shadow,81,STORY,STORY,1,0.8721102476119995,0
0,A_STORY_NULL,incumbent,82,STORY,STORY,0,0.0,0
0,A_STORY_NULL,capacity-shadow,82,STORY,STORY,1,,0
0,A_STORY_NULL,geometry-shadow,82,STORY,STORY,0,0.1921677589416504,0
0,A_STORY_NULL,incumbent,83,STORY,STORY,0,0.0,0
0,A_STORY_NULL,capacity-shadow,83,STORY,STORY,0,,0
0,A_STORY_NULL,geometry-shadow,83,STORY,STORY,0,1.002158761024475,0
0,A_STORY_NULL,incumbent,84,STORY,STORY,0,0.0,0
0,A_STORY_NULL,capacity-shadow,84,STORY,STORY,1,,0
0,A_STORY_NULL,geometry-shadow,84,STORY,STORY,1,0.9068052172660828,0
0,A_STORY_NULL,incumbent,85,STORY,STORY,0,0.0,0
0,A_STORY_NULL,capacity-shadow,85,STORY,STORY,0,,0
0,A_STORY_NULL,geometry-shadow,85,STORY,STORY,0,0.2428168654441833,0
0,A_STORY_NULL,incumbent,86,STORY,STORY,0,0.0,0
0,A_STORY_NULL,capacity-shadow,86,STORY,STORY,1,,0
0,A_STORY_NULL,geometry-shadow,86,STORY,STORY,0,0.5222817659378052,0
0,A_STORY_NULL,incumbent,87,STORY,STORY,0,0.0,0
0,A_STORY_NULL,capacity-shadow,87,STORY,STORY,0,,0
0,A_STORY_NULL,geometry-shadow,87,STORY,STORY,0,0.667584240436554,0
0,A_STORY_NULL,incumbent,88,STORY,STORY,0,0.0,0
0,A_STORY_NULL,capacity-shadow,88,STORY,STORY,1,,0
0,A_STORY_NULL,geometry-shadow,88,STORY,STORY,1,1.1549770832061768,0
0,A_STORY_NULL,incumbent,89,STORY,STORY,0,0.0,0
0,A_STORY_NULL,capacity-shadow,89,STORY,STORY,0,,0
0,A_STORY_NULL,geometry-shadow,89,STORY,STORY,1,0.807479739189148,0
0,A_STORY_NULL,incumbent,90,STORY,STORY,0,0.0,0
0,A_STORY_NULL,capacity-shadow,90,STORY,STORY,1,,0
0,A_STORY_NULL,geometry-shadow,90,STORY,STORY,1,0.0326772928237915,0
0,A_STORY_NULL,incumbent,91,STORY,STORY,0,0.0,0
0,A_STORY_NULL,capacity-shadow,91,STORY,STORY,0,,0
0,A_STORY_NULL,geometry-shadow,91,STORY,STORY,0,0.0317946672439575,0
0,A_STORY_NULL,incumbent,92,STORY,STORY,0,0.0,0
0,A_STORY_NULL,capacity-shadow,92,STORY,STORY,1,,0
0,A_STORY_NULL,geometry-shadow,92,STORY,STORY,0,0.7785178422927856,0
0,A_STORY_NULL,incumbent,93,STORY,STORY,0,0.0,0
0,A_STORY_NULL,capacity-shadow,93,STORY,STORY,0,,0
0,A_STORY_NULL,geometry-shadow,93,STORY,STORY,1,1.147734522819519,0
0,A_STORY_NULL,incumbent,94,STORY,STORY,0,0.0,0
0,A_STORY_NULL,capacity-shadow,94,STORY,STORY,1,,0
0,A_STORY_NULL,geometry-shadow,94,STORY,STORY,0,0.766226589679718,0
0,A_STORY_NULL,incumbent,95,STORY,STORY,0,0.0,0
0,A_STORY_NULL,capacity-shadow,95,STORY,STORY,0,,0
0,A_STORY_NULL,geometry-shadow,95,STORY,STORY,0,0.4828982353210449,0
0,A_STORY_NULL,incumbent,96,STORY,STORY,0,0.0,0
0,A_STORY_NULL,capacity-shadow,96,STORY,STORY,1,,0
0,A_STORY_NULL,geometry-shadow,96,STORY,STORY,0,0.1937487125396728,0
0,A_STORY_NULL,incumbent,97,STORY,STORY,0,0.0,0
0,A_STORY_NULL,capacity-shadow,97,STORY,STORY,0,,0
0,A_STORY_NULL,geometry-shadow,97,STORY,STORY,1,0.7046043872833252,0
0,A_STORY_NULL,incumbent,98,STORY,STORY,0,0.0,0
0,A_STORY_NULL,capacity-shadow,98,STORY,STORY,1,,0
0,A_STORY_NULL,geometry-shadow,98,STORY,STORY,1,0.4045840501785278,0
0,A_STORY_NULL,incumbent,99,STORY,STORY,0,0.0,0
0,A_STORY_NULL,capacity-shadow,99,STORY,STORY,0,,0
0,A_STORY_NULL,geometry-shadow,99,STORY,STORY,1,0.6035548448562622,0
0,A_STORY_NULL,incumbent,100,STORY,STORY,0,0.0,0
0,A_STORY_NULL,capacity-shadow,100,STORY,STORY,1,,0
0,A_STORY_NULL,geometry-shadow,100,STORY,STORY,0,0.183059811592102,0
0,A_STORY_NULL,incumbent,101,STORY,STORY,0,0.0,0
0,A_STORY_NULL,capacity-shadow,101,STORY,STORY,0,,0
0,A_STORY_NULL,geometry-shadow,101,STORY,STORY,0,0.6304243803024292,0
0,A_STORY_NULL,incumbent,102,STORY,STORY,0,0.0,0
0,A_STORY_NULL,capacity-shadow,102,STORY,STORY,1,,0
0,A_STORY_NULL,geometry-shadow,102,STORY,STORY,1,0.1867257356643676,0
0,A_STORY_NULL,incumbent,103,STORY,STORY,0,0.0,0
0,A_STORY_NULL,capacity-shadow,103,STORY,STORY,0,,0
0,A_STORY_NULL,geometry-shadow,103,STORY,STORY,1,0.5375596880912781,0
0,A_STORY_NULL,incumbent,104,STORY,STORY,0,0.0,0
0,A_STORY_NULL,capacity-shadow,104,STORY,STORY,1,,0
0,A_STORY_NULL,geometry-shadow,104,STORY,STORY,0,0.384809136390686,0
0,A_STORY_NULL,incumbent,105,STORY,STORY,0,0.0,0
0,A_STORY_NULL,capacity-shadow,105,STORY,STORY,0,,0
0,A_STORY_NULL,geometry-shadow,105,STORY,STORY,0,0.9515708684921264,0
0,A_STORY_NULL,incumbent,106,STORY,STORY,0,0.0,0
0,A_STORY_NULL,capacity-shadow,106,STORY,STORY,1,,0
0,A_STORY_NULL,geometry-shadow,106,STORY,STORY,0,0.7597195506095886,0
0,A_STORY_NULL,incumbent,107,STORY,STORY,0,0.0,0
0,A_STORY_NULL,capacity-shadow,107,STORY,STORY,0,,0
0,A_STORY_NULL,geometry-shadow,107,STORY,STORY,0,0.7563075423240662,0
0,A_STORY_NULL,incumbent,108,STORY,STORY,0,0.0,0
0,A_STORY_NULL,capacity-shadow,108,STORY,STORY,1,,0
0,A_STORY_NULL,geometry-shadow,108,STORY,STORY,0,0.854486346244812,0
0,A_STORY_NULL,incumbent,109,STORY,STORY,0,0.0,0
0,A_STORY_NULL,capacity-shadow,109,STORY,STORY,0,,0
0,A_STORY_NULL,geometry-shadow,109,STORY,STORY,1,0.0620313882827758,0
0,A_STORY_NULL,incumbent,110,STORY,STORY,0,0.0,0
0,A_STORY_NULL,capacity-shadow,110,STORY,STORY,1,,0
0,A_STORY_NULL,geometry-shadow,110,STORY,STORY,0,0.7826461791992188,0
0,A_STORY_NULL,incumbent,111,STORY,STORY,0,0.0,0
0,A_STORY_NULL,capacity-shadow,111,STORY,STORY,0,,0
0,A_STORY_NULL,geometry-shadow,111,STORY,STORY,0,0.6488398909568787,0
0,A_STORY_NULL,incumbent,112,STORY,STORY,0,0.0,0
0,A_STORY_NULL,capacity-shadow,112,STORY,STORY,1,,0
0,A_STORY_NULL,geometry-shadow,112,STORY,STORY,1,0.0037653446197509,0
0,A_STORY_NULL,incumbent,113,STORY,STORY,0,0.0,0
0,A_STORY_NULL,capacity-shadow,113,STORY,STORY,0,,0
0,A_STORY_NULL,geometry-shadow,113,STORY,STORY,0,0.6651983857154846,0
0,A_STORY_NULL,incumbent,114,STORY,STORY,0,0.0,0
0,A_STORY_NULL,capacity-shadow,114,STORY,STORY,1,,0
0,A_STORY_NULL,geometry-shadow,114,STORY,STORY,0,0.6289439797401428,0
0,A_STORY_NULL,incumbent,115,STORY,STORY,0,0.0,0
0,A_STORY_NULL,capacity-shadow,115,STORY,STORY,0,,0
0,A_STORY_NULL,geometry-shadow,115,STORY,STORY,1,0.545387327671051,0
0,A_STORY_NULL,incumbent,116,STORY,STORY,0,0.0,0
0,A_STORY_NULL,capacity-shadow,116,STORY,STORY,1,,0
0,A_STORY_NULL,geometry-shadow,116,STORY,STORY,1,0.8655585646629333,0
0,A_STORY_NULL,incumbent,117,STORY,STORY,0,0.0,0
0,A_STORY_NULL,capacity-shadow,117,STORY,STORY,0,,0
0,A_STORY_NULL,geometry-shadow,117,STORY,STORY,0,0.8509510159492493,0
0,A_STORY_NULL,incumbent,118,STORY,STORY,0,0.0,0
0,A_STORY_NULL,capacity-shadow,118,STORY,STORY,1,,0
0,A_STORY_NULL,geometry-shadow,118,STORY,STORY,0,0.4550378322601318,0
0,A_STORY_NULL,incumbent,119,STORY,STORY,0,0.0,0
0,A_STORY_NULL,capacity-shadow,119,STORY,STORY,0,,0
0,A_STORY_NULL,geometry-shadow,119,STORY,STORY,0,0.5097088813781738,0
0,A_STORY_NULL,incumbent,120,STORY,STORY,0,0.0,0
0,A_STORY_NULL,capacity-shadow,120,STORY,STORY,1,,0
0,A_STORY_NULL,geometry-shadow,120,STORY,STORY,0,0.4802910089492798,0
0,A_STORY_NULL,incumbent,121,STORY,STORY,0,0.0,0
0,A_STORY_NULL,capacity-shadow,121,STORY,STORY,0,,0
0,A_STORY_NULL,geometry-shadow,121,STORY,STORY,0,0.8266698718070984,0
0,A_STORY_NULL,incumbent,122,STORY,STORY,0,0.0,0
0,A_STORY_NULL,capacity-shadow,122,STORY,STORY,1,,0
0,A_STORY_NULL,geometry-shadow,122,STORY,STORY,1,0.302309513092041,0
0,A_STORY_NULL,incumbent,123,STORY,STORY,0,0.0,0
0,A_STORY_NULL,capacity-shadow,123,STORY,STORY,0,,0
0,A_STORY_NULL,geometry-shadow,123,STORY,STORY,0,0.6990400552749634,0
0,A_STORY_NULL,incumbent,124,STORY,STORY,0,0.0,0
0,A_STORY_NULL,capacity-shadow,124,STORY,STORY,1,,0
0,A_STORY_NULL,geometry-shadow,124,STORY,STORY,1,0.5282496213912964,0
0,A_STORY_NULL,incumbent,125,STORY,STORY,0,0.0,0
0,A_STORY_NULL,capacity-shadow,125,STORY,STORY,0,,0
0,A_STORY_NULL,geometry-shadow,125,STORY,STORY,1,0.0925660133361816,0
0,A_STORY_NULL,incumbent,126,STORY,STORY,0,0.0,0
0,A_STORY_NULL,capacity-shadow,126,STORY,STORY,1,,0
0,A_STORY_NULL,geometry-shadow,126,STORY,STORY,0,0.3051221966743469,0
0,A_STORY_NULL,incumbent,127,STORY,STORY,0,0.0,0
0,A_STORY_NULL,capacity-shadow,127,STORY,STORY,0,,0
0,A_STORY_NULL,geometry-shadow,127,STORY,STORY,0,0.8139032125473022,0
0,A_STORY_NULL,incumbent,128,STORY,STORY,0,0.0,0
0,A_STORY_NULL,capacity-shadow,128,STORY,STORY,1,,0
0,A_STORY_NULL,geometry-shadow,128,STORY,STORY,0,0.3471114635467529,0
0,A_STORY_NULL,incumbent,129,STORY,STORY,0,0.0,0
0,A_STORY_NULL,capacity-shadow,129,STORY,STORY,0,,0
0,A_STORY_NULL,geometry-shadow,129,STORY,STORY,1,0.2898591756820678,0
0,A_STORY_NULL,incumbent,130,STORY,STORY,0,0.0,0
0,A_STORY_NULL,capacity-shadow,130,STORY,STORY,1,,0
0,A_STORY_NULL,geometry-shadow,130,STORY,STORY,0,0.6371521353721619,0
0,A_STORY_NULL,incumbent,131,STORY,STORY,0,0.0,0
0,A_STORY_NULL,capacity-shadow,131,STORY,STORY,0,,0
0,A_STORY_NULL,geometry-shadow,131,STORY,STORY,0,0.7905667424201965,0
0,A_STORY_NULL,incumbent,132,STORY,STORY,0,0.0,0
0,A_STORY_NULL,capacity-shadow,132,STORY,STORY,1,,0
0,A_STORY_NULL,geometry-shadow,132,STORY,STORY,0,0.1526868343353271,0
0,A_STORY_NULL,incumbent,133,STORY,STORY,0,0.0,0
0,A_STORY_NULL,capacity-shadow,133,STORY,STORY,0,,0
0,A_STORY_NULL,geometry-shadow,133,STORY,STORY,1,0.3426692485809326,0
0,A_STORY_NULL,incumbent,134,STORY,STORY,0,0.0,0
0,A_STORY_NULL,capacity-shadow,134,STORY,STORY,1,,0
0,A_STORY_NULL,geometry-shadow,134,STORY,STORY,1,0.2330838441848755,0
0,A_STORY_NULL,incumbent,135,STORY,STORY,0,0.0,0
0,A_STORY_NULL,capacity-shadow,135,STORY,STORY,0,,0
0,A_STORY_NULL,geometry-shadow,135,STORY,STORY,0,0.9557034969329834,0
0,A_STORY_NULL,incumbent,136,STORY,STORY,0,0.0,0
0,A_STORY_NULL,capacity-shadow,136,STORY,STORY,1,,0
0,A_STORY_NULL,geometry-shadow,136,STORY,STORY,1,0.9157319068908693,0
0,A_STORY_NULL,incumbent,137,STORY,STORY,0,0.0,0
0,A_STORY_NULL,capacity-shadow,137,STORY,STORY,0,,0
0,A_STORY_NULL,geometry-shadow,137,STORY,STORY,0,0.6434392929077148,0
0,A_STORY_NULL,incumbent,138,STORY,STORY,0,0.0,0
0,A_STORY_NULL,capacity-shadow,138,STORY,STORY,1,,0
0,A_STORY_NULL,geometry-shadow,138,STORY,STORY,0,0.6547313928604126,0
0,A_STORY_NULL,incumbent,139,STORY,STORY,0,0.0,0
0,A_STORY_NULL,capacity-shadow,139,STORY,STORY,0,,0
0,A_STORY_NULL,geometry-shadow,139,STORY,STORY,0,0.6210639476776123,0
0,A_STORY_NULL,incumbent,140,STORY,STORY,0,0.0,0
0,A_STORY_NULL,capacity-shadow,140,STORY,STORY,1,,0
0,A_STORY_NULL,geometry-shadow,140,STORY,STORY,1,0.4736058712005615,0
0,A_STORY_NULL,incumbent,141,STORY,STORY,0,0.0,0
0,A_STORY_NULL,capacity-shadow,141,STORY,STORY,0,,0
0,A_STORY_NULL,geometry-shadow,141,STORY,STORY,0,0.5504049062728882,0
0,A_STORY_NULL,incumbent,142,STORY,STORY,0,0.0,0
0,A_STORY_NULL,capacity-shadow,142,STORY,STORY,1,,0
0,A_STORY_NULL,geometry-shadow,142,STORY,STORY,0,0.5748651027679443,0
0,A_STORY_NULL,incumbent,143,STORY,STORY,0,0.0,0
0,A_STORY_NULL,capacity-shadow,143,STORY,STORY,0,,0
0,A_STORY_NULL,geometry-shadow,143,STORY,STORY,0,0.5282037258148193,0
0,A_STORY_NULL,incumbent,144,STORY,STORY,0,0.0,0
0,A_STORY_NULL,capacity-shadow,144,STORY,STORY,1,,0
0,A_STORY_NULL,geometry-shadow,144,STORY,STORY,0,0.7592010498046875,0
0,A_STORY_NULL,incumbent,145,STORY,STORY,0,0.0,0
0,A_STORY_NULL,capacity-shadow,145,STORY,STORY,0,,0
0,A_STORY_NULL,geometry-shadow,145,STORY,STORY,0,0.8618040084838867,0
0,A_STORY_NULL,incumbent,146,STORY,STORY,0,0.0,0
0,A_STORY_NULL,capacity-shadow,146,STORY,STORY,1,,0
0,A_STORY_NULL,geometry-shadow,146,STORY,STORY,0,0.9050794839859008,0
0,A_STORY_NULL,incumbent,147,STORY,STORY,0,0.0,0
0,A_STORY_NULL,capacity-shadow,147,STORY,STORY,0,,0
0,A_STORY_NULL,geometry-shadow,147,STORY,STORY,0,0.160423994064331,0
0,A_STORY_NULL,incumbent,148,STORY,STORY,0,0.0,0
0,A_STORY_NULL,capacity-shadow,148,STORY,STORY,1,,0
0,A_STORY_NULL,geometry-shadow,148,STORY,STORY,0,0.4926190376281738,0
0,A_STORY_NULL,incumbent,149,STORY,STORY,0,0.0,0
0,A_STORY_NULL,capacity-shadow,149,STORY,STORY,0,,0
0,A_STORY_NULL,geometry-shadow,149,STORY,STORY,0,0.8061477541923523,0
0,A_STORY_NULL,incumbent,150,STORY,STORY,0,0.0,0
0,A_STORY_NULL,capacity-shadow,150,STORY,STORY,1,,0
0,A_STORY_NULL,geometry-shadow,150,STORY,STORY,1,0.4130503535270691,0
0,A_STORY_NULL,incumbent,151,STORY,STORY,0,0.0,0
0,A_STORY_NULL,capacity-shadow,151,STORY,STORY,0,,0
0,A_STORY_NULL,geometry-shadow,151,STORY,STORY,1,0.8339393734931946,0
0,A_STORY_NULL,incumbent,152,STORY,STORY,0,0.0,0
0,A_STORY_NULL,capacity-shadow,152,STORY,STORY,1,,0
0,A_STORY_NULL,geometry-shadow,152,STORY,STORY,0,1.0486280918121338,0
0,A_STORY_NULL,incumbent,153,STORY,STORY,0,0.0,0
0,A_STORY_NULL,capacity-shadow,153,STORY,STORY,0,,0
0,A_STORY_NULL,geometry-shadow,153,STORY,STORY,0,0.636429488658905,0
0,A_STORY_NULL,incumbent,154,STORY,STORY,0,0.0,0
0,A_STORY_NULL,capacity-shadow,154,STORY,STORY,1,,0
0,A_STORY_NULL,geometry-shadow,154,STORY,STORY,0,0.9889191389083862,0
0,A_STORY_NULL,incumbent,155,STORY,STORY,0,0.0,0
0,A_STORY_NULL,capacity-shadow,155,STORY,STORY,0,,0
0,A_STORY_NULL,geometry-shadow,155,STORY,STORY,1,0.0654777288436889,0
0,A_STORY_NULL,incumbent,156,STORY,STORY,0,0.0,0
0,A_STORY_NULL,capacity-shadow,156,STORY,STORY,1,,0
0,A_STORY_NULL,geometry-shadow,156,STORY,STORY,1,0.1972447037696838,0
0,A_STORY_NULL,incumbent,157,STORY,STORY,0,0.0,0
0,A_STORY_NULL,capacity-shadow,157,STORY,STORY,0,,0
0,A_STORY_NULL,geometry-shadow,157,STORY,STORY,1,1.1449936628341677,0
0,A_STORY_NULL,incumbent,158,STORY,STORY,0,0.0,0
0,A_STORY_NULL,capacity-shadow,158,STORY,STORY,1,,0
0,A_STORY_NULL,geometry-shadow,158,STORY,STORY,0,0.9113699793815612,0
0,A_STORY_NULL,incumbent,159,STORY,STORY,0,0.0,0
0,A_STORY_NULL,capacity-shadow,159,STORY,STORY,0,,0
0,A_STORY_NULL,geometry-shadow,159,STORY,STORY,0,0.0594862699508667,0
0,A_STORY_NULL,incumbent,160,STORY,STORY,0,0.0,0
0,A_STORY_NULL,capacity-shadow,160,STORY,STORY,1,,0
0,A_STORY_NULL,geometry-shadow,160,STORY,STORY,1,1.1686432361602783,0
0,A_STORY_NULL,incumbent,161,STORY,STORY,0,0.0,0
0,A_STORY_NULL,capacity-shadow,161,STORY,STORY,0,,0
0,A_STORY_NULL,geometry-shadow,161,STORY,STORY,0,0.475762128829956,0
0,A_STORY_NULL,incumbent,162,STORY,STORY,0,0.0,0
0,A_STORY_NULL,capacity-shadow,162,STORY,STORY,1,,0
0,A_STORY_NULL,geometry-shadow,162,STORY,STORY,1,0.8702923059463501,0
0,A_STORY_NULL,incumbent,163,STORY,STORY,0,0.0,0
0,A_STORY_NULL,capacity-shadow,163,STORY,STORY,0,,0
0,A_STORY_NULL,geometry-shadow,163,STORY,STORY,0,0.7105953097343445,0
0,A_STORY_NULL,incumbent,164,STORY,STORY,0,0.0,0
0,A_STORY_NULL,capacity-shadow,164,STORY,STORY,1,,0
0,A_STORY_NULL,geometry-shadow,164,STORY,STORY,0,0.867033839225769,0
0,A_STORY_NULL,incumbent,165,STORY,STORY,0,0.0,0
0,A_STORY_NULL,capacity-shadow,165,STORY,STORY,0,,0
0,A_STORY_NULL,geometry-shadow,165,STORY,STORY,1,1.307628154754639,0
0,A_STORY_NULL,incumbent,166,STORY,STORY,0,0.0,0
0,A_STORY_NULL,capacity-shadow,166,STORY,STORY,1,,0
0,A_STORY_NULL,geometry-shadow,166,STORY,STORY,1,0.4378645420074463,0
0,A_STORY_NULL,incumbent,167,STORY,STORY,0,0.0,0
0,A_STORY_NULL,capacity-shadow,167,STORY,STORY,0,,0
0,A_STORY_NULL,geometry-shadow,167,STORY,STORY,1,0.8996331691741943,0
0,A_STORY_NULL,incumbent,168,STORY,STORY,0,0.0,0
0,A_STORY_NULL,capacity-shadow,168,STORY,STORY,1,,0
0,A_STORY_NULL,geometry-shadow,168,STORY,STORY,1,0.7374787926673889,0
0,A_STORY_NULL,incumbent,169,STORY,STORY,0,0.0,0
0,A_STORY_NULL,capacity-shadow,169,STORY,STORY,0,,0
0,A_STORY_NULL,geometry-shadow,169,STORY,STORY,1,0.6594771146774292,0
0,A_STORY_NULL,incumbent,170,STORY,STORY,0,0.0,0
0,A_STORY_NULL,capacity-shadow,170,STORY,STORY,1,,0
0,A_STORY_NULL,geometry-shadow,170,STORY,STORY,0,0.0670629739761352,0
0,A_STORY_NULL,incumbent,171,STORY,STORY,0,0.0,0
0,A_STORY_NULL,capacity-shadow,171,STORY,STORY,0,,0
0,A_STORY_NULL,geometry-shadow,171,STORY,STORY,1,0.0653102397918701,0
0,A_STORY_NULL,incumbent,172,STORY,STORY,0,0.0,0
0,A_STORY_NULL,capacity-shadow,172,STORY,STORY,1,,0
0,A_STORY_NULL,geometry-shadow,172,STORY,STORY,0,0.7098048329353333,0
0,A_STORY_NULL,incumbent,173,STORY,STORY,0,0.0,0
0,A_STORY_NULL,capacity-shadow,173,STORY,STORY,0,,0
0,A_STORY_NULL,geometry-shadow,173,STORY,STORY,1,0.1343916654586792,0
0,A_STORY_NULL,incumbent,174,STORY,STORY,0,0.0,0
0,A_STORY_NULL,capacity-shadow,174,STORY,STORY,1,,0
0,A_STORY_NULL,geometry-shadow,174,STORY,STORY,0,0.5506052374839783,0
0,A_STORY_NULL,incumbent,175,STORY,STORY,0,0.0,0
0,A_STORY_NULL,capacity-shadow,175,STORY,STORY,0,,0
0,A_STORY_NULL,geometry-shadow,175,STORY,STORY,0,0.2514045238494873,0
0,A_STORY_NULL,incumbent,176,STORY,STORY,0,0.0,0
0,A_STORY_NULL,capacity-shadow,176,STORY,STORY,1,,0
0,A_STORY_NULL,geometry-shadow,176,STORY,STORY,0,0.2866110205650329,0
0,A_STORY_NULL,incumbent,177,STORY,STORY,0,0.0,0
0,A_STORY_NULL,capacity-shadow,177,STORY,STORY,0,,0
0,A_STORY_NULL,geometry-shadow,177,STORY,STORY,0,0.6224336624145508,0
0,A_STORY_NULL,incumbent,178,STORY,STORY,0,0.0,0
0,A_STORY_NULL,capacity-shadow,178,STORY,STORY,1,,0
0,A_STORY_NULL,geometry-shadow,178,STORY,STORY,1,0.1853607892990112,0
0,A_STORY_NULL,incumbent,179,STORY,STORY,0,0.0,0
0,A_STORY_NULL,capacity-shadow,179,STORY,STORY,0,,0
0,A_STORY_NULL,geometry-shadow,179,STORY,STORY,0,0.2749194502830505,0
0,A_STORY_NULL,incumbent,180,STORY,STORY,0,0.0,0
0,A_STORY_NULL,capacity-shadow,180,STORY,STORY,1,,0
0,A_STORY_NULL,geometry-shadow,180,STORY,STORY,0,0.3799589276313782,0
0,A_STORY_NULL,incumbent,181,STORY,STORY,0,0.0,0
0,A_STORY_NULL,capacity-shadow,181,STORY,STORY,0,,0
0,A_STORY_NULL,geometry-shadow,181,STORY,STORY,1,1.25438129901886,0
0,A_STORY_NULL,incumbent,182,STORY,STORY,0,0.0,0
0,A_STORY_NULL,capacity-shadow,182,STORY,STORY,1,,0
0,A_STORY_NULL,geometry-shadow,182,STORY,STORY,0,0.5532252788543701,0
0,A_STORY_NULL,incumbent,183,STORY,STORY,0,0.0,0
0,A_STORY_NULL,capacity-shadow,183,STORY,STORY,0,,0
0,A_STORY_NULL,geometry-shadow,183,STORY,STORY,0,0.2877569794654846,0
0,A_STORY_NULL,incumbent,184,STORY,STORY,0,0.0,0
0,A_STORY_NULL,capacity-shadow,184,STORY,STORY,1,,0
0,A_STORY_NULL,geometry-shadow,184,STORY,STORY,0,0.3968027234077453,0
0,A_STORY_NULL,incumbent,185,STORY,STORY,0,0.0,0
0,A_STORY_NULL,capacity-shadow,185,STORY,STORY,0,,0
0,A_STORY_NULL,geometry-shadow,185,STORY,STORY,1,0.8217101097106934,0
0,A_STORY_NULL,incumbent,186,STORY,STORY,0,0.0,0
0,A_STORY_NULL,capacity-shadow,186,STORY,STORY,1,,0
0,A_STORY_NULL,geometry-shadow,186,STORY,STORY,0,0.4817358255386352,0
0,A_STORY_NULL,incumbent,187,STORY,STORY,0,0.0,0
0,A_STORY_NULL,capacity-shadow,187,STORY,STORY,0,,0
0,A_STORY_NULL,geometry-shadow,187,STORY,STORY,0,0.737055242061615,0
0,A_STORY_NULL,incumbent,188,STORY,STORY,0,0.0,0
0,A_STORY_NULL,capacity-shadow,188,STORY,STORY,1,,0
0,A_STORY_NULL,geometry-shadow,188,STORY,STORY,0,0.6828473210334778,0
0,A_STORY_NULL,incumbent,189,STORY,STORY,0,0.0,0
0,A_STORY_NULL,capacity-shadow,189,STORY,STORY,0,,0
0,A_STORY_NULL,geometry-shadow,189,STORY,STORY,0,0.6921219229698181,0
0,A_STORY_NULL,incumbent,190,STORY,STORY,0,0.0,0
0,A_STORY_NULL,capacity-shadow,190,STORY,STORY,1,,0
0,A_STORY_NULL,geometry-shadow,190,STORY,STORY,0,0.7675784826278687,0
0,A_STORY_NULL,incumbent,191,STORY,STORY,0,0.0,0
0,A_STORY_NULL,capacity-shadow,191,STORY,STORY,0,,0
0,A_STORY_NULL,geometry-shadow,191,STORY,STORY,1,0.6866908073425293,0
0,A_STORY_NULL,incumbent,192,STORY,STORY,0,0.0,0
0,A_STORY_NULL,capacity-shadow,192,STORY,STORY,1,,0
0,A_STORY_NULL,geometry-shadow,192,STORY,STORY,0,0.4242013692855835,0
0,A_STORY_NULL,incumbent,193,STORY,STORY,0,0.0,0
0,A_STORY_NULL,capacity-shadow,193,STORY,STORY,0,,0
0,A_STORY_NULL,geometry-shadow,193,STORY,STORY,1,0.7003509402275085,0
0,A_STORY_NULL,incumbent,194,STORY,STORY,0,0.0,0
0,A_STORY_NULL,capacity-shadow,194,STORY,STORY,1,,0
0,A_STORY_NULL,geometry-shadow,194,STORY,STORY,1,0.0375754833221435,0
0,A_STORY_NULL,incumbent,195,STORY,STORY,0,0.0,0
0,A_STORY_NULL,capacity-shadow,195,STORY,STORY,0,,0
0,A_STORY_NULL,geometry-shadow,195,STORY,STORY,1,0.5869155526161194,0
0,A_STORY_NULL,incumbent,196,STORY,STORY,0,0.0,0
0,A_STORY_NULL,capacity-shadow,196,STORY,STORY,1,,0
0,A_STORY_NULL,geometry-shadow,196,STORY,STORY,0,0.4842471480369568,0
0,A_STORY_NULL,incumbent,197,STORY,STORY,0,0.0,0
0,A_STORY_NULL,capacity-shadow,197,STORY,STORY,0,,0
0,A_STORY_NULL,geometry-shadow,197,STORY,STORY,1,0.6169362664222717,0
0,A_STORY_NULL,incumbent,198,STORY,STORY,0,0.0,0
0,A_STORY_NULL,capacity-shadow,198,STORY,STORY,1,,0
0,A_STORY_NULL,geometry-shadow,198,STORY,STORY,0,0.7870663404464722,0
0,A_STORY_NULL,incumbent,199,STORY,STORY,0,0.0,0
0,A_STORY_NULL,capacity-shadow,199,STORY,STORY,0,,0
0,A_STORY_NULL,geometry-shadow,199,STORY,STORY,1,1.08778715133667,0
0,A_STORY_NULL,incumbent,200,STORY,STORY,0,0.0,0
0,A_STORY_NULL,capacity-shadow,200,STORY,STORY,1,,0
0,A_STORY_NULL,geometry-shadow,200,STORY,STORY,0,0.6193626523017883,0
0,A_STORY_NULL,incumbent,201,STORY,STORY,0,0.0,0
0,A_STORY_NULL,capacity-shadow,201,STORY,STORY,0,,0
0,A_STORY_NULL,geometry-shadow,201,STORY,STORY,0,0.1573812365531921,0
0,A_STORY_NULL,incumbent,202,STORY,STORY,0,0.0,0
0,A_STORY_NULL,capacity-shadow,202,STORY,STORY,1,,0
0,A_STORY_NULL,geometry-shadow,202,STORY,STORY,1,0.4579318165779114,0
0,A_STORY_NULL,incumbent,203,STORY,STORY,0,0.0,0
0,A_STORY_NULL,capacity-shadow,203,STORY,STORY,0,,0
0,A_STORY_NULL,geometry-shadow,203,STORY,STORY,0,0.6700505614280701,0
0,A_STORY_NULL,incumbent,204,STORY,STORY,0,0.0,0
0,A_STORY_NULL,capacity-shadow,204,STORY,STORY,1,,0
0,A_STORY_NULL,geometry-shadow,204,STORY,STORY,1,0.7877418398857117,0
0,A_STORY_NULL,incumbent,205,STORY,STORY,0,0.0,0
0,A_STORY_NULL,capacity-shadow,205,STORY,STORY,0,,0
0,A_STORY_NULL,geometry-shadow,205,STORY,STORY,0,0.3031846284866333,0
0,A_STORY_NULL,incumbent,206,STORY,STORY,0,0.0,0
0,A_STORY_NULL,capacity-shadow,206,STORY,STORY,1,,0
0,A_STORY_NULL,geometry-shadow,206,STORY,STORY,1,0.7547183632850647,0
0,A_STORY_NULL,incumbent,207,STORY,STORY,0,0.0,0
0,A_STORY_NULL,capacity-shadow,207,STORY,STORY,0,,0
0,A_STORY_NULL,geometry-shadow,207,STORY,STORY,0,0.9198445677757264,0
0,A_STORY_NULL,incumbent,208,STORY,STORY,0,0.0,0
0,A_STORY_NULL,capacity-shadow,208,STORY,STORY,1,,0
0,A_STORY_NULL,geometry-shadow,208,STORY,STORY,0,0.4946181178092956,0
0,A_STORY_NULL,incumbent,209,STORY,STORY,0,0.0,0
0,A_STORY_NULL,capacity-shadow,209,STORY,STORY,0,,0
0,A_STORY_NULL,geometry-shadow,209,STORY,STORY,0,0.3946821093559265,0
0,A_STORY_NULL,incumbent,210,STORY,STORY,0,0.0,0
0,A_STORY_NULL,capacity-shadow,210,STORY,STORY,1,,0
0,A_STORY_NULL,geometry-shadow,210,STORY,STORY,0,0.5084596872329712,0
0,A_STORY_NULL,incumbent,211,STORY,STORY,0,0.0,0
0,A_STORY_NULL,capacity-shadow,211,STORY,STORY,0,,0
0,A_STORY_NULL,geometry-shadow,211,STORY,STORY,1,0.6050076484680176,0
0,A_STORY_NULL,incumbent,212,STORY,STORY,0,0.0,0
0,A_STORY_NULL,capacity-shadow,212,STORY,STORY,1,,0
0,A_STORY_NULL,geometry-shadow,212,STORY,STORY,1,0.2792823314666748,0
0,A_STORY_NULL,incumbent,213,STORY,STORY,0,0.0,0
0,A_STORY_NULL,capacity-shadow,213,STORY,STORY,0,,0
0,A_STORY_NULL,geometry-shadow,213,STORY,STORY,0,0.4708156585693359,0
0,A_STORY_NULL,incumbent,214,STORY,STORY,0,0.0,0
0,A_STORY_NULL,capacity-shadow,214,STORY,STORY,1,,0
0,A_STORY_NULL,geometry-shadow,214,STORY,STORY,0,0.7543925642967224,0
0,A_STORY_NULL,incumbent,215,STORY,STORY,0,0.0,0
0,A_STORY_NULL,capacity-shadow,215,STORY,STORY,0,,0
0,A_STORY_NULL,geometry-shadow,215,STORY,STORY,0,0.1387267112731933,0
0,A_STORY_NULL,incumbent,216,STORY,STORY,0,0.0,0
0,A_STORY_NULL,capacity-shadow,216,STORY,STORY,1,,0
0,A_STORY_NULL,geometry-shadow,216,STORY,STORY,0,0.8231969475746155,0
0,A_STORY_NULL,incumbent,217,STORY,STORY,0,0.0,0
0,A_STORY_NULL,capacity-shadow,217,STORY,STORY,0,,0
0,A_STORY_NULL,geometry-shadow,217,STORY,STORY,0,0.5190732479095459,0
0,A_STORY_NULL,incumbent,218,STORY,STORY,0,0.0,0
0,A_STORY_NULL,capacity-shadow,218,STORY,STORY,1,,0
0,A_STORY_NULL,geometry-shadow,218,STORY,STORY,1,0.0947785973548889,0
0,A_STORY_NULL,incumbent,219,STORY,STORY,0,0.0,0
0,A_STORY_NULL,capacity-shadow,219,STORY,STORY,0,,0
0,A_STORY_NULL,geometry-shadow,219,STORY,STORY,0,0.2685662508010864,0
0,A_STORY_NULL,incumbent,220,STORY,STORY,0,0.0,0
0,A_STORY_NULL,capacity-shadow,220,STORY,STORY,1,,0
0,A_STORY_NULL,geometry-shadow,220,STORY,STORY,1,0.0724340677261352,0
0,A_STORY_NULL,incumbent,221,STORY,STORY,0,0.0,0
0,A_STORY_NULL,capacity-shadow,221,STORY,STORY,0,,0
0,A_STORY_NULL,geometry-shadow,221,STORY,STORY,0,0.8325600624084473,0
0,A_STORY_NULL,incumbent,222,STORY,STORY,0,0.0,0
0,A_STORY_NULL,capacity-shadow,222,STORY,STORY,1,,0
0,A_STORY_NULL,geometry-shadow,222,STORY,STORY,1,0.4560587406158447,0
0,A_STORY_NULL,incumbent,223,STORY,STORY,0,0.0,0
0,A_STORY_NULL,capacity-shadow,223,STORY,STORY,0,,0
0,A_STORY_NULL,geometry-shadow,223,STORY,STORY,0,0.880456268787384,0
0,A_STORY_NULL,incumbent,224,STORY,STORY,0,0.0,0
0,A_STORY_NULL,capacity-shadow,224,STORY,STORY,1,,0
0,A_STORY_NULL,geometry-shadow,224,STORY,STORY,0,0.2177913784980774,0
0,A_STORY_NULL,incumbent,225,STORY,STORY,0,0.0,0
0,A_STORY_NULL,capacity-shadow,225,STORY,STORY,0,,0
0,A_STORY_NULL,geometry-shadow,225,STORY,STORY,1,1.181914448738098,0
0,A_STORY_NULL,incumbent,226,STORY,STORY,0,0.0,0
0,A_STORY_NULL,capacity-shadow,226,STORY,STORY,1,,0
0,A_STORY_NULL,geometry-shadow,226,STORY,STORY,0,0.2088733911514282,0
0,A_STORY_NULL,incumbent,227,STORY,STORY,0,0.0,0
0,A_STORY_NULL,capacity-shadow,227,STORY,STORY,0,,0
0,A_STORY_NULL,geometry-shadow,227,STORY,STORY,0,0.9873543977737428,0
0,A_STORY_NULL,incumbent,228,STORY,STORY,0,0.0,0
0,A_STORY_NULL,capacity-shadow,228,STORY,STORY,1,,0
0,A_STORY_NULL,geometry-shadow,228,STORY,STORY,1,0.2547194361686706,0
0,A_STORY_NULL,incumbent,229,STORY,STORY,0,0.0,0
0,A_STORY_NULL,capacity-shadow,229,STORY,STORY,0,,0
0,A_STORY_NULL,geometry-shadow,229,STORY,STORY,0,0.7559846639633179,0
0,A_STORY_NULL,incumbent,230,STORY,STORY,0,0.0,0
0,A_STORY_NULL,capacity-shadow,230,STORY,STORY,1,,0
0,A_STORY_NULL,geometry-shadow,230,STORY,STORY,0,0.3186972141265869,0
0,A_STORY_NULL,incumbent,231,STORY,STORY,0,0.0,0
0,A_STORY_NULL,capacity-shadow,231,STORY,STORY,0,,0
0,A_STORY_NULL,geometry-shadow,231,STORY,STORY,1,0.1779794692993164,0
0,A_STORY_NULL,incumbent,232,STORY,STORY,0,0.0,0
0,A_STORY_NULL,capacity-shadow,232,STORY,STORY,1,,0
0,A_STORY_NULL,geometry-shadow,232,STORY,STORY,1,1.3019440174102783,0
0,A_STORY_NULL,incumbent,233,STORY,STORY,0,0.0,0
0,A_STORY_NULL,capacity-shadow,233,STORY,STORY,0,,0
0,A_STORY_NULL,geometry-shadow,233,STORY,STORY,0,0.8149873614311218,0
0,A_STORY_NULL,incumbent,234,STORY,STORY,0,0.0,0
0,A_STORY_NULL,capacity-shadow,234,STORY,STORY,1,,0
0,A_STORY_NULL,geometry-shadow,234,STORY,STORY,0,0.8726425170898438,0
0,A_STORY_NULL,incumbent,235,STORY,STORY,0,0.0,0
0,A_STORY_NULL,capacity-shadow,235,STORY,STORY,0,,0
0,A_STORY_NULL,geometry-shadow,235,STORY,STORY,0,0.9741513133049012,0
0,A_STORY_NULL,incumbent,236,STORY,STORY,0,0.0,0
0,A_STORY_NULL,capacity-shadow,236,STORY,STORY,1,,0
0,A_STORY_NULL,geometry-shadow,236,STORY,STORY,0,0.8079354763031006,0
0,A_STORY_NULL,incumbent,237,STORY,STORY,0,0.0,0
0,A_STORY_NULL,capacity-shadow,237,STORY,STORY,0,,0
0,A_STORY_NULL,geometry-shadow,237,STORY,STORY,1,0.8590540885925293,0
0,A_STORY_NULL,incumbent,238,STORY,STORY,0,0.0,0
0,A_STORY_NULL,capacity-shadow,238,STORY,STORY,1,,0
0,A_STORY_NULL,geometry-shadow,238,STORY,STORY,0,0.6358789205551147,0
0,A_STORY_NULL,incumbent,239,STORY,STORY,0,0.0,0
0,A_STORY_NULL,capacity-shadow,239,STORY,STORY,0,,0
0,A_STORY_NULL,geometry-shadow,239,STORY,STORY,1,0.2304568290710449,0
0,A_STORY_NULL,incumbent,240,STORY,STORY,0,0.0,0
0,A_STORY_NULL,capacity-shadow,240,STORY,STORY,1,,0
0,A_STORY_NULL,geometry-shadow,240,STORY,STORY,1,0.2290436029434204,0
0,A_STORY_NULL,incumbent,241,STORY,STORY,0,0.0,0
0,A_STORY_NULL,capacity-shadow,241,STORY,STORY,0,,0
0,A_STORY_NULL,geometry-shadow,241,STORY,STORY,1,0.0566226243972778,0
0,A_STORY_NULL,incumbent,242,STORY,STORY,0,0.0,0
0,A_STORY_NULL,capacity-shadow,242,STORY,STORY,1,,0
0,A_STORY_NULL,geometry-shadow,242,STORY,STORY,0,0.4598654508590698,0
0,A_STORY_NULL,incumbent,243,STORY,STORY,0,0.0,0
0,A_STORY_NULL,capacity-shadow,243,STORY,STORY,0,,0
0,A_STORY_NULL,geometry-shadow,243,STORY,STORY,1,0.0674121379852294,0
0,A_STORY_NULL,incumbent,244,STORY,STORY,0,0.0,0
0,A_STORY_NULL,capacity-shadow,244,STORY,STORY,1,,0
0,A_STORY_NULL,geometry-shadow,244,STORY,STORY,0,0.4018033146858215,0
0,A_STORY_NULL,incumbent,245,STORY,STORY,0,0.0,0
0,A_STORY_NULL,capacity-shadow,245,STORY,STORY,0,,0
0,A_STORY_NULL,geometry-shadow,245,STORY,STORY,1,0.8911201357841492,0
0,A_STORY_NULL,incumbent,246,STORY,STORY,0,0.0,0
0,A_STORY_NULL,capacity-shadow,246,STORY,STORY,1,,0
0,A_STORY_NULL,geometry-shadow,246,STORY,STORY,1,0.6584085822105408,0
0,A_STORY_NULL,incumbent,247,STORY,STORY,0,0.0,0
0,A_STORY_NULL,capacity-shadow,247,STORY,STORY,0,,0
0,A_STORY_NULL,geometry-shadow,247,STORY,STORY,0,0.3410062789916992,0
0,A_STORY_NULL,incumbent,248,STORY,STORY,0,0.0,0
0,A_STORY_NULL,capacity-shadow,248,STORY,STORY,1,,0
0,A_STORY_NULL,geometry-shadow,248,STORY,STORY,0,0.2135872840881347,0
0,A_STORY_NULL,incumbent,249,STORY,STORY,0,0.0,0
0,A_STORY_NULL,capacity-shadow,249,STORY,STORY,0,,0
0,A_STORY_NULL,geometry-shadow,249,STORY,STORY,0,1.0681461095809937,0
0,A_STORY_NULL,incumbent,250,STORY,STORY,0,0.0,0
0,A_STORY_NULL,capacity-shadow,250,STORY,STORY,1,,0
0,A_STORY_NULL,geometry-shadow,250,STORY,STORY,0,0.2891443371772766,0
0,A_STORY_NULL,incumbent,251,STORY,STORY,0,0.0,0
0,A_STORY_NULL,capacity-shadow,251,STORY,STORY,0,,0
0,A_STORY_NULL,geometry-shadow,251,STORY,STORY,1,0.0033553838729858,0
0,A_STORY_NULL,incumbent,252,STORY,STORY,0,0.0,0
0,A_STORY_NULL,capacity-shadow,252,STORY,STORY,1,,0
0,A_STORY_NULL,geometry-shadow,252,STORY,STORY,0,0.8070569038391113,0
0,A_STORY_NULL,incumbent,253,STORY,STORY,0,0.0,0
0,A_STORY_NULL,capacity-shadow,253,STORY,STORY,0,,0
0,A_STORY_NULL,geometry-shadow,253,STORY,STORY,0,0.8334928750991821,0
0,A_STORY_NULL,incumbent,254,STORY,STORY,0,0.0,0
0,A_STORY_NULL,capacity-shadow,254,STORY,STORY,1,,0
0,A_STORY_NULL,geometry-shadow,254,STORY,STORY,0,0.4742317795753479,0
0,A_STORY_NULL,incumbent,255,STORY,STORY,0,0.0,0
0,A_STORY_NULL,capacity-shadow,255,STORY,STORY,0,,0
0,A_STORY_NULL,geometry-shadow,255,STORY,STORY,1,0.3675838708877563,0
0,A_STORY_NULL,incumbent,256,STORY,STORY,0,0.0,0
0,A_STORY_NULL,capacity-shadow,256,STORY,STORY,1,,0
0,A_STORY_NULL,geometry-shadow,256,STORY,STORY,1,0.5877522230148315,0
0,B_ARITHMETIC_BIRTH,incumbent,1,ARITH_A,ARITHMETIC,0,0.0,0
0,B_ARITHMETIC_BIRTH,capacity-shadow,1,ARITH_A,ARITHMETIC,0,,0
0,B_ARITHMETIC_BIRTH,geometry-shadow,1,ARITH_A,ARITHMETIC,0,1.38627028465271,0
0,B_ARITHMETIC_BIRTH,incumbent,2,ARITH_A,ARITHMETIC,0,0.0,0
0,B_ARITHMETIC_BIRTH,capacity-shadow,2,ARITH_A,ARITHMETIC,1,,0
0,B_ARITHMETIC_BIRTH,geometry-shadow,2,ARITH_A,ARITHMETIC,0,1.3846300840377808,0
0,B_ARITHMETIC_BIRTH,incumbent,3,STORY,STORY,0,0.0,0
0,B_ARITHMETIC_BIRTH,capacity-shadow,3,STORY,STORY,0,,0
0,B_ARITHMETIC_BIRTH,geometry-shadow,3,STORY,STORY,1,0.3581143617630005,0
0,B_ARITHMETIC_BIRTH,incumbent,4,STORY,STORY,0,0.0,0
0,B_ARITHMETIC_BIRTH,capacity-shadow,4,STORY,STORY,1,,0
0,B_ARITHMETIC_BIRTH,geometry-shadow,4,STORY,STORY,1,0.288583755493164,0
0,B_ARITHMETIC_BIRTH,incumbent,5,ARITH_A,ARITHMETIC,0,0.0,0
0,B_ARITHMETIC_BIRTH,capacity-shadow,5,ARITH_A,ARITHMETIC,0,,0
0,B_ARITHMETIC_BIRTH,geometry-shadow,5,ARITH_A,ARITHMETIC,0,1.3736889362335205,0
0,B_ARITHMETIC_BIRTH,incumbent,6,STORY,STORY,0,0.0,0
0,B_ARITHMETIC_BIRTH,capacity-shadow,6,STORY,STORY,0,,0
0,B_ARITHMETIC_BIRTH,geometry-shadow,6,STORY,STORY,0,0.9782655835151672,0
0,B_ARITHMETIC_BIRTH,incumbent,7,STORY,STORY,0,0.0,0
0,B_ARITHMETIC_BIRTH,capacity-shadow,7,STORY,STORY,1,,0
0,B_ARITHMETIC_BIRTH,geometry-shadow,7,STORY,STORY,0,0.8725576400756836,0
0,B_ARITHMETIC_BIRTH,incumbent,8,ARITH_A,ARITHMETIC,0,0.0,0
0,B_ARITHMETIC_BIRTH,capacity-shadow,8,ARITH_A,ARITHMETIC,1,,0
0,B_ARITHMETIC_BIRTH,geometry-shadow,8,ARITH_A,ARITHMETIC,0,1.382580041885376,0
0,B_ARITHMETIC_BIRTH,incumbent,9,STORY,STORY,0,0.0,0
0,B_ARITHMETIC_BIRTH,capacity-shadow,9,STORY,STORY,0,,0
0,B_ARITHMETIC_BIRTH,geometry-shadow,9,STORY,STORY,0,0.2851380109786987,0
0,B_ARITHMETIC_BIRTH,incumbent,10,STORY,STORY,0,0.0,0
0,B_ARITHMETIC_BIRTH,capacity-shadow,10,STORY,STORY,1,,0
0,B_ARITHMETIC_BIRTH,geometry-shadow,10,STORY,STORY,0,0.5565589666366577,0
0,B_ARITHMETIC_BIRTH,incumbent,11,ARITH_A,ARITHMETIC,0,0.0,0
0,B_ARITHMETIC_BIRTH,capacity-shadow,11,ARITH_A,ARITHMETIC,0,,0
0,B_ARITHMETIC_BIRTH,geometry-shadow,11,ARITH_A,ARITHMETIC,0,1.391513109207153,0
0,B_ARITHMETIC_BIRTH,incumbent,12,STORY,STORY,0,0.0,0
0,B_ARITHMETIC_BIRTH,capacity-shadow,12,STORY,STORY,0,,0
0,B_ARITHMETIC_BIRTH,geometry-shadow,12,STORY,STORY,1,1.2682979106903076,0
0,B_ARITHMETIC_BIRTH,incumbent,13,STORY,STORY,0,0.0,0
0,B_ARITHMETIC_BIRTH,capacity-shadow,13,STORY,STORY,1,,0
0,B_ARITHMETIC_BIRTH,geometry-shadow,13,STORY,STORY,0,0.7804856896400452,0
0,B_ARITHMETIC_BIRTH,incumbent,14,STORY,STORY,0,0.0,0
0,B_ARITHMETIC_BIRTH,capacity-shadow,14,STORY,STORY,0,,0
0,B_ARITHMETIC_BIRTH,geometry-shadow,14,STORY,STORY,1,1.6242746114730835,0
0,B_ARITHMETIC_BIRTH,incumbent,15,STORY,STORY,0,0.0,0
0,B_ARITHMETIC_BIRTH,capacity-shadow,15,STORY,STORY,1,,0
0,B_ARITHMETIC_BIRTH,geometry-shadow,15,STORY,STORY,0,1.0144827365875244,0
0,B_ARITHMETIC_BIRTH,incumbent,16,ARITH_A,ARITHMETIC,0,0.0,0
0,B_ARITHMETIC_BIRTH,capacity-shadow,16,ARITH_A,ARITHMETIC,1,,0
0,B_ARITHMETIC_BIRTH,geometry-shadow,16,ARITH_A,ARITHMETIC,0,1.3753681182861328,0
0,B_ARITHMETIC_BIRTH,incumbent,17,ARITH_A,ARITHMETIC,0,0.0,0
0,B_ARITHMETIC_BIRTH,capacity-shadow,17,ARITH_A,ARITHMETIC,0,,0
0,B_ARITHMETIC_BIRTH,geometry-shadow,17,ARITH_A,ARITHMETIC,0,1.380264163017273,0
0,B_ARITHMETIC_BIRTH,incumbent,18,STORY,STORY,0,0.0,0
0,B_ARITHMETIC_BIRTH,capacity-shadow,18,STORY,STORY,0,,0
0,B_ARITHMETIC_BIRTH,geometry-shadow,18,STORY,STORY,1,0.7965428829193115,0
0,B_ARITHMETIC_BIRTH,incumbent,19,STORY,STORY,0,0.0,0
0,B_ARITHMETIC_BIRTH,capacity-shadow,19,STORY,STORY,1,,0
0,B_ARITHMETIC_BIRTH,geometry-shadow,19,STORY,STORY,0,0.8907908201217651,0
0,B_ARITHMETIC_BIRTH,incumbent,20,ARITH_A,ARITHMETIC,0,0.0,0
0,B_ARITHMETIC_BIRTH,capacity-shadow,20,ARITH_A,ARITHMETIC,1,,0
0,B_ARITHMETIC_BIRTH,geometry-shadow,20,ARITH_A,ARITHMETIC,0,1.380380392074585,0
0,B_ARITHMETIC_BIRTH,incumbent,21,STORY,STORY,0,0.0,0
0,B_ARITHMETIC_BIRTH,capacity-shadow,21,STORY,STORY,0,,0
0,B_ARITHMETIC_BIRTH,geometry-shadow,21,STORY,STORY,1,0.3323687314987182,0
0,B_ARITHMETIC_BIRTH,incumbent,22,STORY,STORY,0,0.0,0
0,B_ARITHMETIC_BIRTH,capacity-shadow,22,STORY,STORY,1,,0
0,B_ARITHMETIC_BIRTH,geometry-shadow,22,STORY,STORY,1,1.0241678953170776,0
0,B_ARITHMETIC_BIRTH,incumbent,23,STORY,STORY,0,0.0,0
0,B_ARITHMETIC_BIRTH,capacity-shadow,23,STORY,STORY,0,,0
0,B_ARITHMETIC_BIRTH,geometry-shadow,23,STORY,STORY,0,0.2599813938140869,0
0,B_ARITHMETIC_BIRTH,incumbent,24,ARITH_A,ARITHMETIC,0,0.0,0
0,B_ARITHMETIC_BIRTH,capacity-shadow,24,ARITH_A,ARITHMETIC,0,,0
0,B_ARITHMETIC_BIRTH,geometry-shadow,24,ARITH_A,ARITHMETIC,0,1.375619649887085,0
0,B_ARITHMETIC_BIRTH,incumbent,25,ARITH_A,ARITHMETIC,0,0.0,0
0,B_ARITHMETIC_BIRTH,capacity-shadow,25,ARITH_A,ARITHMETIC,1,,0
0,B_ARITHMETIC_BIRTH,geometry-shadow,25,ARITH_A,ARITHMETIC,0,1.3795472383499146,0
0,B_ARITHMETIC_BIRTH,incumbent,26,STORY,STORY,0,0.0,0
0,B_ARITHMETIC_BIRTH,capacity-shadow,26,STORY,STORY,1,,0
0,B_ARITHMETIC_BIRTH,geometry-shadow,26,STORY,STORY,0,0.7093281149864197,0
0,B_ARITHMETIC_BIRTH,incumbent,27,STORY,STORY,0,0.0,0
0,B_ARITHMETIC_BIRTH,capacity-shadow,27,STORY,STORY,0,,0
0,B_ARITHMETIC_BIRTH,geometry-shadow,27,STORY,STORY,0,0.2950429916381836,0
0,B_ARITHMETIC_BIRTH,incumbent,28,ARITH_A,ARITHMETIC,0,0.0,0
0,B_ARITHMETIC_BIRTH,capacity-shadow,28,ARITH_A,ARITHMETIC,0,,0
0,B_ARITHMETIC_BIRTH,geometry-shadow,28,ARITH_A,ARITHMETIC,0,1.3816165924072266,0
0,B_ARITHMETIC_BIRTH,incumbent,29,ARITH_A,ARITHMETIC,0,0.0,0
0,B_ARITHMETIC_BIRTH,capacity-shadow,29,ARITH_A,ARITHMETIC,1,,0
0,B_ARITHMETIC_BIRTH,geometry-shadow,29,ARITH_A,ARITHMETIC,0,1.3830400705337524,0
0,B_ARITHMETIC_BIRTH,incumbent,30,STORY,STORY,0,0.0,0
0,B_ARITHMETIC_BIRTH,capacity-shadow,30,STORY,STORY,1,,0
0,B_ARITHMETIC_BIRTH,geometry-shadow,30,STORY,STORY,0,1.0261609554290771,0
0,B_ARITHMETIC_BIRTH,incumbent,31,ARITH_A,ARITHMETIC,0,0.0,0
0,B_ARITHMETIC_BIRTH,capacity-shadow,31,ARITH_A,ARITHMETIC,0,,0
0,B_ARITHMETIC_BIRTH,geometry-shadow,31,ARITH_A,ARITHMETIC,0,1.3889364004135132,0
0,B_ARITHMETIC_BIRTH,incumbent,32,STORY,STORY,0,0.0,0
0,B_ARITHMETIC_BIRTH,capacity-shadow,32,STORY,STORY,0,,0
0,B_ARITHMETIC_BIRTH,geometry-shadow,32,STORY,STORY,1,0.5115748643875122,0
0,B_ARITHMETIC_BIRTH,incumbent,33,ARITH_A,ARITHMETIC,0,0.0,0
0,B_ARITHMETIC_BIRTH,capacity-shadow,33,ARITH_A,ARITHMETIC,1,,0
0,B_ARITHMETIC_BIRTH,geometry-shadow,33,ARITH_A,ARITHMETIC,0,1.3959026336669922,0
0,B_ARITHMETIC_BIRTH,incumbent,34,STORY,STORY,0,0.0,0
0,B_ARITHMETIC_BIRTH,capacity-shadow,34,STORY,STORY,1,,0
0,B_ARITHMETIC_BIRTH,geometry-shadow,34,STORY,STORY,0,0.7901328802108765,0
0,B_ARITHMETIC_BIRTH,incumbent,35,ARITH_A,ARITHMETIC,0,0.0,0
0,B_ARITHMETIC_BIRTH,capacity-shadow,35,ARITH_A,ARITHMETIC,0,,0
0,B_ARITHMETIC_BIRTH,geometry-shadow,35,ARITH_A,ARITHMETIC,0,1.3926026821136477,0
0,B_ARITHMETIC_BIRTH,incumbent,36,ARITH_A,ARITHMETIC,0,0.0,0
0,B_ARITHMETIC_BIRTH,capacity-shadow,36,ARITH_A,ARITHMETIC,1,,0
0,B_ARITHMETIC_BIRTH,geometry-shadow,36,ARITH_A,ARITHMETIC,0,1.379584789276123,0
0,B_ARITHMETIC_BIRTH,incumbent,37,ARITH_A,ARITHMETIC,0,0.0,0
0,B_ARITHMETIC_BIRTH,capacity-shadow,37,ARITH_A,ARITHMETIC,0,,0
0,B_ARITHMETIC_BIRTH,geometry-shadow,37,ARITH_A,ARITHMETIC,0,1.39934241771698,0
0,B_ARITHMETIC_BIRTH,incumbent,38,ARITH_A,ARITHMETIC,0,0.0,0
0,B_ARITHMETIC_BIRTH,capacity-shadow,38,ARITH_A,ARITHMETIC,1,,0
0,B_ARITHMETIC_BIRTH,geometry-shadow,38,ARITH_A,ARITHMETIC,0,1.3793554306030271,0
0,B_ARITHMETIC_BIRTH,incumbent,39,ARITH_A,ARITHMETIC,0,0.0,0
0,B_ARITHMETIC_BIRTH,capacity-shadow,39,ARITH_A,ARITHMETIC,0,,0
0,B_ARITHMETIC_BIRTH,geometry-shadow,39,ARITH_A,ARITHMETIC,0,1.3667830228805542,0
0,B_ARITHMETIC_BIRTH,incumbent,40,STORY,STORY,0,0.0,0
0,B_ARITHMETIC_BIRTH,capacity-shadow,40,STORY,STORY,0,,0
0,B_ARITHMETIC_BIRTH,geometry-shadow,40,STORY,STORY,0,0.9460897445678712,0
0,B_ARITHMETIC_BIRTH,incumbent,41,ARITH_A,ARITHMETIC,0,0.0,0
0,B_ARITHMETIC_BIRTH,capacity-shadow,41,ARITH_A,ARITHMETIC,1,,0
0,B_ARITHMETIC_BIRTH,geometry-shadow,41,ARITH_A,ARITHMETIC,0,1.377977728843689,0
0,B_ARITHMETIC_BIRTH,incumbent,42,ARITH_A,ARITHMETIC,0,0.0,0
0,B_ARITHMETIC_BIRTH,capacity-shadow,42,ARITH_A,ARITHMETIC,0,,0
0,B_ARITHMETIC_BIRTH,geometry-shadow,42,ARITH_A,ARITHMETIC,0,1.3723838329315186,0
0,B_ARITHMETIC_BIRTH,incumbent,43,STORY,STORY,0,0.0,0
0,B_ARITHMETIC_BIRTH,capacity-shadow,43,STORY,STORY,1,,0
0,B_ARITHMETIC_BIRTH,geometry-shadow,43,STORY,STORY,0,0.0795365571975708,0
0,B_ARITHMETIC_BIRTH,incumbent,44,STORY,STORY,0,0.0,0
0,B_ARITHMETIC_BIRTH,capacity-shadow,44,STORY,STORY,0,,0
0,B_ARITHMETIC_BIRTH,geometry-shadow,44,STORY,STORY,0,0.4343811273574829,0
0,B_ARITHMETIC_BIRTH,incumbent,45,STORY,STORY,0,0.0,0
0,B_ARITHMETIC_BIRTH,capacity-shadow,45,STORY,STORY,1,,0
0,B_ARITHMETIC_BIRTH,geometry-shadow,45,STORY,STORY,1,0.240983247756958,0
0,B_ARITHMETIC_BIRTH,incumbent,46,ARITH_A,ARITHMETIC,0,0.0,0
0,B_ARITHMETIC_BIRTH,capacity-shadow,46,ARITH_A,ARITHMETIC,1,,0
0,B_ARITHMETIC_BIRTH,geometry-shadow,46,ARITH_A,ARITHMETIC,0,1.363642692565918,0
0,B_ARITHMETIC_BIRTH,incumbent,47,ARITH_A,ARITHMETIC,0,0.0,0
0,B_ARITHMETIC_BIRTH,capacity-shadow,47,ARITH_A,ARITHMETIC,0,,0
0,B_ARITHMETIC_BIRTH,geometry-shadow,47,ARITH_A,ARITHMETIC,0,1.3772602081298828,0
0,B_ARITHMETIC_BIRTH,incumbent,48,STORY,STORY,0,0.0,0
0,B_ARITHMETIC_BIRTH,capacity-shadow,48,STORY,STORY,0,,0
0,B_ARITHMETIC_BIRTH,geometry-shadow,48,STORY,STORY,0,1.052552342414856,0
0,B_ARITHMETIC_BIRTH,incumbent,49,ARITH_A,ARITHMETIC,0,0.0,0
0,B_ARITHMETIC_BIRTH,capacity-shadow,49,ARITH_A,ARITHMETIC,1,,0
0,B_ARITHMETIC_BIRTH,geometry-shadow,49,ARITH_A,ARITHMETIC,0,1.37764310836792,0
0,B_ARITHMETIC_BIRTH,incumbent,50,STORY,STORY,0,0.0,0
0,B_ARITHMETIC_BIRTH,capacity-shadow,50,STORY,STORY,1,,0
0,B_ARITHMETIC_BIRTH,geometry-shadow,50,STORY,STORY,0,0.2054587602615356,0
0,B_ARITHMETIC_BIRTH,incumbent,51,STORY,STORY,0,0.0,0
0,B_ARITHMETIC_BIRTH,capacity-shadow,51,STORY,STORY,0,,0
0,B_ARITHMETIC_BIRTH,geometry-shadow,51,STORY,STORY,0,0.4216688871383667,0
0,B_ARITHMETIC_BIRTH,incumbent,52,ARITH_A,ARITHMETIC,0,0.0,0
0,B_ARITHMETIC_BIRTH,capacity-shadow,52,ARITH_A,ARITHMETIC,0,,0
0,B_ARITHMETIC_BIRTH,geometry-shadow,52,ARITH_A,ARITHMETIC,0,1.372114181518555,0
0,B_ARITHMETIC_BIRTH,incumbent,53,STORY,STORY,0,0.0,0
0,B_ARITHMETIC_BIRTH,capacity-shadow,53,STORY,STORY,1,,0
0,B_ARITHMETIC_BIRTH,geometry-shadow,53,STORY,STORY,0,0.0751656293869018,0
0,B_ARITHMETIC_BIRTH,incumbent,54,STORY,STORY,0,0.0,0
0,B_ARITHMETIC_BIRTH,capacity-shadow,54,STORY,STORY,0,,0
0,B_ARITHMETIC_BIRTH,geometry-shadow,54,STORY,STORY,0,0.7221862077713013,0
0,B_ARITHMETIC_BIRTH,incumbent,55,STORY,STORY,0,0.0,0
0,B_ARITHMETIC_BIRTH,capacity-shadow,55,STORY,STORY,1,,0
0,B_ARITHMETIC_BIRTH,geometry-shadow,55,STORY,STORY,0,0.4767037034034729,0
0,B_ARITHMETIC_BIRTH,incumbent,56,STORY,STORY,0,0.0,0
0,B_ARITHMETIC_BIRTH,capacity-shadow,56,STORY,STORY,0,,0
0,B_ARITHMETIC_BIRTH,geometry-shadow,56,STORY,STORY,1,0.3601254224777221,0
0,B_ARITHMETIC_BIRTH,incumbent,57,STORY,STORY,0,0.0,0
0,B_ARITHMETIC_BIRTH,capacity-shadow,57,STORY,STORY,1,,0
0,B_ARITHMETIC_BIRTH,geometry-shadow,57,STORY,STORY,0,0.3559582829475403,0
0,B_ARITHMETIC_BIRTH,incumbent,58,ARITH_A,ARITHMETIC,0,0.0,0
0,B_ARITHMETIC_BIRTH,capacity-shadow,58,ARITH_A,ARITHMETIC,1,,0
0,B_ARITHMETIC_BIRTH,geometry-shadow,58,ARITH_A,ARITHMETIC,0,1.3912508487701416,0
0,B_ARITHMETIC_BIRTH,incumbent,59,ARITH_A,ARITHMETIC,0,0.0,0
0,B_ARITHMETIC_BIRTH,capacity-shadow,59,ARITH_A,ARITHMETIC,0,,0
0,B_ARITHMETIC_BIRTH,geometry-shadow,59,ARITH_A,ARITHMETIC,0,1.3835276365280151,0
0,B_ARITHMETIC_BIRTH,incumbent,60,STORY,STORY,0,0.0,0
0,B_ARITHMETIC_BIRTH,capacity-shadow,60,STORY,STORY,0,,0
0,B_ARITHMETIC_BIRTH,geometry-shadow,60,STORY,STORY,1,0.561799168586731,0
0,B_ARITHMETIC_BIRTH,incumbent,61,STORY,STORY,0,0.0,0
0,B_ARITHMETIC_BIRTH,capacity-shadow,61,STORY,STORY,1,,0
0,B_ARITHMETIC_BIRTH,geometry-shadow,61,STORY,STORY,0,0.3748263716697693,0
0,B_ARITHMETIC_BIRTH,incumbent,62,ARITH_A,ARITHMETIC,0,0.0,0
0,B_ARITHMETIC_BIRTH,capacity-shadow,62,ARITH_A,ARITHMETIC,1,,0
0,B_ARITHMETIC_BIRTH,geometry-shadow,62,ARITH_A,ARITHMETIC,0,1.3934013843536377,0
0,B_ARITHMETIC_BIRTH,incumbent,63,ARITH_A,ARITHMETIC,0,0.0,0
0,B_ARITHMETIC_BIRTH,capacity-shadow,63,ARITH_A,ARITHMETIC,0,,0
0,B_ARITHMETIC_BIRTH,geometry-shadow,63,ARITH_A,ARITHMETIC,0,1.392993450164795,0
0,B_ARITHMETIC_BIRTH,incumbent,64,STORY,STORY,0,0.0,0
0,B_ARITHMETIC_BIRTH,capacity-shadow,64,STORY,STORY,0,,0
0,B_ARITHMETIC_BIRTH,geometry-shadow,64,STORY,STORY,0,0.5163465738296509,0
0,B_ARITHMETIC_BIRTH,incumbent,65,STORY,STORY,0,0.0,0
0,B_ARITHMETIC_BIRTH,capacity-shadow,65,STORY,STORY,1,,0
0,B_ARITHMETIC_BIRTH,geometry-shadow,65,STORY,STORY,1,0.0039989948272705,0
0,B_ARITHMETIC_BIRTH,incumbent,66,STORY,STORY,0,0.0,0
0,B_ARITHMETIC_BIRTH,capacity-shadow,66,STORY,STORY,0,,0
0,B_ARITHMETIC_BIRTH,geometry-shadow,66,STORY,STORY,0,0.5015774369239807,0
0,B_ARITHMETIC_BIRTH,incumbent,67,ARITH_A,ARITHMETIC,0,0.0,0
0,B_ARITHMETIC_BIRTH,capacity-shadow,67,ARITH_A,ARITHMETIC,1,,0
0,B_ARITHMETIC_BIRTH,geometry-shadow,67,ARITH_A,ARITHMETIC,0,1.3837542533874512,0
0,B_ARITHMETIC_BIRTH,incumbent,68,ARITH_A,ARITHMETIC,0,0.0,0
0,B_ARITHMETIC_BIRTH,capacity-shadow,68,ARITH_A,ARITHMETIC,0,,0
0,B_ARITHMETIC_BIRTH,geometry-shadow,68,ARITH_A,ARITHMETIC,0,1.3840302228927612,0
0,B_ARITHMETIC_BIRTH,incumbent,69,STORY,STORY,0,0.0,0
0,B_ARITHMETIC_BIRTH,capacity-shadow,69,STORY,STORY,1,,0
0,B_ARITHMETIC_BIRTH,geometry-shadow,69,STORY,STORY,0,0.7747249603271484,0
0,B_ARITHMETIC_BIRTH,incumbent,70,ARITH_A,ARITHMETIC,0,0.0,0
0,B_ARITHMETIC_BIRTH,capacity-shadow,70,ARITH_A,ARITHMETIC,1,,0
0,B_ARITHMETIC_BIRTH,geometry-shadow,70,ARITH_A,ARITHMETIC,0,1.3787367343902588,0
0,B_ARITHMETIC_BIRTH,incumbent,71,STORY,STORY,0,0.0,0
0,B_ARITHMETIC_BIRTH,capacity-shadow,71,STORY,STORY,0,,0
0,B_ARITHMETIC_BIRTH,geometry-shadow,71,STORY,STORY,1,0.6243283748626709,0
0,B_ARITHMETIC_BIRTH,incumbent,72,STORY,STORY,0,0.0,0
0,B_ARITHMETIC_BIRTH,capacity-shadow,72,STORY,STORY,1,,0
0,B_ARITHMETIC_BIRTH,geometry-shadow,72,STORY,STORY,1,0.3570935726165771,0
0,B_ARITHMETIC_BIRTH,incumbent,73,ARITH_A,ARITHMETIC,0,0.0,0
0,B_ARITHMETIC_BIRTH,capacity-shadow,73,ARITH_A,ARITHMETIC,0,,0
0,B_ARITHMETIC_BIRTH,geometry-shadow,73,ARITH_A,ARITHMETIC,0,1.3732398748397827,0
0,B_ARITHMETIC_BIRTH,incumbent,74,STORY,STORY,0,0.0,0
0,B_ARITHMETIC_BIRTH,capacity-shadow,74,STORY,STORY,0,,0
0,B_ARITHMETIC_BIRTH,geometry-shadow,74,STORY,STORY,0,0.5913622379302979,0
0,B_ARITHMETIC_BIRTH,incumbent,75,ARITH_A,ARITHMETIC,0,0.0,0
0,B_ARITHMETIC_BIRTH,capacity-shadow,75,ARITH_A,ARITHMETIC,1,,0
0,B_ARITHMETIC_BIRTH,geometry-shadow,75,ARITH_A,ARITHMETIC,0,1.3862380981445312,0
0,B_ARITHMETIC_BIRTH,incumbent,76,STORY,STORY,0,0.0,0
0,B_ARITHMETIC_BIRTH,capacity-shadow,76,STORY,STORY,1,,0
0,B_ARITHMETIC_BIRTH,geometry-shadow,76,STORY,STORY,1,1.6019816398620603,0
0,B_ARITHMETIC_BIRTH,incumbent,77,STORY,STORY,0,0.0,0
0,B_ARITHMETIC_BIRTH,capacity-shadow,77,STORY,STORY,0,,0
0,B_ARITHMETIC_BIRTH,geometry-shadow,77,STORY,STORY,1,1.1049840450286863,0
0,B_ARITHMETIC_BIRTH,incumbent,78,ARITH_A,ARITHMETIC,0,0.0,0
0,B_ARITHMETIC_BIRTH,capacity-shadow,78,ARITH_A,ARITHMETIC,0,,0
0,B_ARITHMETIC_BIRTH,geometry-shadow,78,ARITH_A,ARITHMETIC,0,1.3772228956222534,0
0,B_ARITHMETIC_BIRTH,incumbent,79,STORY,STORY,0,0.0,0
0,B_ARITHMETIC_BIRTH,capacity-shadow,79,STORY,STORY,1,,0
0,B_ARITHMETIC_BIRTH,geometry-shadow,79,STORY,STORY,0,0.6322646141052246,0
0,B_ARITHMETIC_BIRTH,incumbent,80,ARITH_A,ARITHMETIC,0,0.0,0
0,B_ARITHMETIC_BIRTH,capacity-shadow,80,ARITH_A,ARITHMETIC,1,,0
0,B_ARITHMETIC_BIRTH,geometry-shadow,80,ARITH_A,ARITHMETIC,0,1.3922001123428345,0
0,B_ARITHMETIC_BIRTH,incumbent,81,STORY,STORY,0,0.0,0
0,B_ARITHMETIC_BIRTH,capacity-shadow,81,STORY,STORY,0,,0
0,B_ARITHMETIC_BIRTH,geometry-shadow,81,STORY,STORY,0,0.8604567050933838,0
0,B_ARITHMETIC_BIRTH,incumbent,82,ARITH_A,ARITHMETIC,0,0.0,0
0,B_ARITHMETIC_BIRTH,capacity-shadow,82,ARITH_A,ARITHMETIC,0,,0
0,B_ARITHMETIC_BIRTH,geometry-shadow,82,ARITH_A,ARITHMETIC,0,1.3910861015319824,0
0,B_ARITHMETIC_BIRTH,incumbent,83,STORY,STORY,0,0.0,0
0,B_ARITHMETIC_BIRTH,capacity-shadow,83,STORY,STORY,1,,0
0,B_ARITHMETIC_BIRTH,geometry-shadow,83,STORY,STORY,0,0.3279600143432617,0
0,B_ARITHMETIC_BIRTH,incumbent,84,ARITH_A,ARITHMETIC,0,0.0,0
0,B_ARITHMETIC_BIRTH,capacity-shadow,84,ARITH_A,ARITHMETIC,1,,0
0,B_ARITHMETIC_BIRTH,geometry-shadow,84,ARITH_A,ARITHMETIC,0,1.4003077745437622,0
0,B_ARITHMETIC_BIRTH,incumbent,85,STORY,STORY,0,0.0,0
0,B_ARITHMETIC_BIRTH,capacity-shadow,85,STORY,STORY,0,,0
0,B_ARITHMETIC_BIRTH,geometry-shadow,85,STORY,STORY,1,1.4462987184524536,0
0,B_ARITHMETIC_BIRTH,incumbent,86,STORY,STORY,0,0.0,0
0,B_ARITHMETIC_BIRTH,capacity-shadow,86,STORY,STORY,1,,0
0,B_ARITHMETIC_BIRTH,geometry-shadow,86,STORY,STORY,0,0.618865966796875,0
0,B_ARITHMETIC_BIRTH,incumbent,87,STORY,STORY,0,0.0,0
0,B_ARITHMETIC_BIRTH,capacity-shadow,87,STORY,STORY,0,,0
0,B_ARITHMETIC_BIRTH,geometry-shadow,87,STORY,STORY,1,1.1769640445709229,0
0,B_ARITHMETIC_BIRTH,incumbent,88,STORY,STORY,0,0.0,0
0,B_ARITHMETIC_BIRTH,capacity-shadow,88,STORY,STORY,1,,0
0,B_ARITHMETIC_BIRTH,geometry-shadow,88,STORY,STORY,0,0.0939534902572631,0
0,B_ARITHMETIC_BIRTH,incumbent,89,STORY,STORY,0,0.0,0
0,B_ARITHMETIC_BIRTH,capacity-shadow,89,STORY,STORY,0,,0
0,B_ARITHMETIC_BIRTH,geometry-shadow,89,STORY,STORY,0,0.6583302617073059,0
0,B_ARITHMETIC_BIRTH,incumbent,90,STORY,STORY,0,0.0,0
0,B_ARITHMETIC_BIRTH,capacity-shadow,90,STORY,STORY,1,,0
0,B_ARITHMETIC_BIRTH,geometry-shadow,90,STORY,STORY,1,0.8332984447479248,0
0,B_ARITHMETIC_BIRTH,incumbent,91,ARITH_A,ARITHMETIC,0,0.0,0
0,B_ARITHMETIC_BIRTH,capacity-shadow,91,ARITH_A,ARITHMETIC,0,,0
0,B_ARITHMETIC_BIRTH,geometry-shadow,91,ARITH_A,ARITHMETIC,0,1.3662009239196775,0
0,B_ARITHMETIC_BIRTH,incumbent,92,STORY,STORY,0,0.0,0
0,B_ARITHMETIC_BIRTH,capacity-shadow,92,STORY,STORY,0,,0
0,B_ARITHMETIC_BIRTH,geometry-shadow,92,STORY,STORY,0,0.4772388935089111,0
0,B_ARITHMETIC_BIRTH,incumbent,93,ARITH_A,ARITHMETIC,0,0.0,0
0,B_ARITHMETIC_BIRTH,capacity-shadow,93,ARITH_A,ARITHMETIC,1,,0
0,B_ARITHMETIC_BIRTH,geometry-shadow,93,ARITH_A,ARITHMETIC,0,1.387511968612671,0
0,B_ARITHMETIC_BIRTH,incumbent,94,ARITH_A,ARITHMETIC,0,0.0,0
0,B_ARITHMETIC_BIRTH,capacity-shadow,94,ARITH_A,ARITHMETIC,0,,0
0,B_ARITHMETIC_BIRTH,geometry-shadow,94,ARITH_A,ARITHMETIC,0,1.3840827941894531,0
0,B_ARITHMETIC_BIRTH,incumbent,95,ARITH_A,ARITHMETIC,0,0.0,0
0,B_ARITHMETIC_BIRTH,capacity-shadow,95,ARITH_A,ARITHMETIC,1,,0
0,B_ARITHMETIC_BIRTH,geometry-shadow,95,ARITH_A,ARITHMETIC,0,1.3778265714645386,0
0,B_ARITHMETIC_BIRTH,incumbent,96,ARITH_A,ARITHMETIC,0,0.0,0
0,B_ARITHMETIC_BIRTH,capacity-shadow,96,ARITH_A,ARITHMETIC,0,,0
0,B_ARITHMETIC_BIRTH,geometry-shadow,96,ARITH_A,ARITHMETIC,0,1.391861915588379,0
0,B_ARITHMETIC_BIRTH,incumbent,97,ARITH_A,ARITHMETIC,0,0.0,0
0,B_ARITHMETIC_BIRTH,capacity-shadow,97,ARITH_A,ARITHMETIC,1,,0
0,B_ARITHMETIC_BIRTH,geometry-shadow,97,ARITH_A,ARITHMETIC,0,1.376567840576172,0
0,B_ARITHMETIC_BIRTH,incumbent,98,STORY,STORY,0,0.0,0
0,B_ARITHMETIC_BIRTH,capacity-shadow,98,STORY,STORY,1,,0
0,B_ARITHMETIC_BIRTH,geometry-shadow,98,STORY,STORY,1,0.7201281785964966,0
0,B_ARITHMETIC_BIRTH,incumbent,99,ARITH_A,ARITHMETIC,0,0.0,0
0,B_ARITHMETIC_BIRTH,capacity-shadow,99,ARITH_A,ARITHMETIC,0,,0
0,B_ARITHMETIC_BIRTH,geometry-shadow,99,ARITH_A,ARITHMETIC,0,1.3985291719436646,0
0,B_ARITHMETIC_BIRTH,incumbent,100,STORY,STORY,0,0.0,0
0,B_ARITHMETIC_BIRTH,capacity-shadow,100,STORY,STORY,0,,0
0,B_ARITHMETIC_BIRTH,geometry-shadow,100,STORY,STORY,1,0.3823997974395752,0
0,B_ARITHMETIC_BIRTH,incumbent,101,ARITH_A,ARITHMETIC,0,0.0,0
0,B_ARITHMETIC_BIRTH,capacity-shadow,101,ARITH_A,ARITHMETIC,1,,0
0,B_ARITHMETIC_BIRTH,geometry-shadow,101,ARITH_A,ARITHMETIC,0,1.3772562742233276,0
0,B_ARITHMETIC_BIRTH,incumbent,102,ARITH_A,ARITHMETIC,0,0.0,0
0,B_ARITHMETIC_BIRTH,capacity-shadow,102,ARITH_A,ARITHMETIC,0,,0
0,B_ARITHMETIC_BIRTH,geometry-shadow,102,ARITH_A,ARITHMETIC,0,1.3814136981964111,0
0,B_ARITHMETIC_BIRTH,incumbent,103,ARITH_A,ARITHMETIC,0,0.0,0
0,B_ARITHMETIC_BIRTH,capacity-shadow,103,ARITH_A,ARITHMETIC,1,,0
0,B_ARITHMETIC_BIRTH,geometry-shadow,103,ARITH_A,ARITHMETIC,0,1.3929928541183472,0
0,B_ARITHMETIC_BIRTH,incumbent,104,ARITH_A,ARITHMETIC,0,0.0,0
0,B_ARITHMETIC_BIRTH,capacity-shadow,104,ARITH_A,ARITHMETIC,0,,0
0,B_ARITHMETIC_BIRTH,geometry-shadow,104,ARITH_A,ARITHMETIC,0,1.3727881908416748,0
0,B_ARITHMETIC_BIRTH,incumbent,105,STORY,STORY,0,0.0,0
0,B_ARITHMETIC_BIRTH,capacity-shadow,105,STORY,STORY,1,,0
0,B_ARITHMETIC_BIRTH,geometry-shadow,105,STORY,STORY,1,0.0025240182876586,0
0,B_ARITHMETIC_BIRTH,incumbent,106,STORY,STORY,0,0.0,0
0,B_ARITHMETIC_BIRTH,capacity-shadow,106,STORY,STORY,0,,0
0,B_ARITHMETIC_BIRTH,geometry-shadow,106,STORY,STORY,0,0.936648964881897,0
0,B_ARITHMETIC_BIRTH,incumbent,107,STORY,STORY,0,0.0,0
0,B_ARITHMETIC_BIRTH,capacity-shadow,107,STORY,STORY,1,,0
0,B_ARITHMETIC_BIRTH,geometry-shadow,107,STORY,STORY,1,1.865347146987915,0
0,B_ARITHMETIC_BIRTH,incumbent,108,STORY,STORY,0,0.0,0
0,B_ARITHMETIC_BIRTH,capacity-shadow,108,STORY,STORY,0,,0
0,B_ARITHMETIC_BIRTH,geometry-shadow,108,STORY,STORY,1,0.4754910469055176,0
0,B_ARITHMETIC_BIRTH,incumbent,109,STORY,STORY,0,0.0,0
0,B_ARITHMETIC_BIRTH,capacity-shadow,109,STORY,STORY,1,,0
0,B_ARITHMETIC_BIRTH,geometry-shadow,109,STORY,STORY,1,0.691225528717041,0
0,B_ARITHMETIC_BIRTH,incumbent,110,STORY,STORY,0,0.0,0
0,B_ARITHMETIC_BIRTH,capacity-shadow,110,STORY,STORY,0,,0
0,B_ARITHMETIC_BIRTH,geometry-shadow,110,STORY,STORY,0,0.0956180095672607,0
0,B_ARITHMETIC_BIRTH,incumbent,111,ARITH_A,ARITHMETIC,0,0.0,0
0,B_ARITHMETIC_BIRTH,capacity-shadow,111,ARITH_A,ARITHMETIC,1,,0
0,B_ARITHMETIC_BIRTH,geometry-shadow,111,ARITH_A,ARITHMETIC,0,1.3901546001434326,0
0,B_ARITHMETIC_BIRTH,incumbent,112,ARITH_A,ARITHMETIC,0,0.0,0
0,B_ARITHMETIC_BIRTH,capacity-shadow,112,ARITH_A,ARITHMETIC,0,,0
0,B_ARITHMETIC_BIRTH,geometry-shadow,112,ARITH_A,ARITHMETIC,0,1.376410722732544,0
0,B_ARITHMETIC_BIRTH,incumbent,113,STORY,STORY,0,0.0,0
0,B_ARITHMETIC_BIRTH,capacity-shadow,113,STORY,STORY,1,,0
0,B_ARITHMETIC_BIRTH,geometry-shadow,113,STORY,STORY,1,0.0685291290283203,0
0,B_ARITHMETIC_BIRTH,incumbent,114,STORY,STORY,0,0.0,0
0,B_ARITHMETIC_BIRTH,capacity-shadow,114,STORY,STORY,0,,0
0,B_ARITHMETIC_BIRTH,geometry-shadow,114,STORY,STORY,0,0.7770050168037415,0
0,B_ARITHMETIC_BIRTH,incumbent,115,ARITH_A,ARITHMETIC,0,0.0,0
0,B_ARITHMETIC_BIRTH,capacity-shadow,115,ARITH_A,ARITHMETIC,1,,0
0,B_ARITHMETIC_BIRTH,geometry-shadow,115,ARITH_A,ARITHMETIC,0,1.3932768106460571,0
0,B_ARITHMETIC_BIRTH,incumbent,116,ARITH_A,ARITHMETIC,0,0.0,0
0,B_ARITHMETIC_BIRTH,capacity-shadow,116,ARITH_A,ARITHMETIC,0,,0
0,B_ARITHMETIC_BIRTH,geometry-shadow,116,ARITH_A,ARITHMETIC,0,1.3838646411895752,0
0,B_ARITHMETIC_BIRTH,incumbent,117,ARITH_A,ARITHMETIC,0,0.0,0
0,B_ARITHMETIC_BIRTH,capacity-shadow,117,ARITH_A,ARITHMETIC,1,,0
0,B_ARITHMETIC_BIRTH,geometry-shadow,117,ARITH_A,ARITHMETIC,0,1.3681470155715942,0
0,B_ARITHMETIC_BIRTH,incumbent,118,STORY,STORY,0,0.0,0
0,B_ARITHMETIC_BIRTH,capacity-shadow,118,STORY,STORY,1,,0
0,B_ARITHMETIC_BIRTH,geometry-shadow,118,STORY,STORY,0,0.1185826063156127,0
0,B_ARITHMETIC_BIRTH,incumbent,119,STORY,STORY,0,0.0,0
0,B_ARITHMETIC_BIRTH,capacity-shadow,119,STORY,STORY,0,,0
0,B_ARITHMETIC_BIRTH,geometry-shadow,119,STORY,STORY,0,0.636570155620575,0
0,B_ARITHMETIC_BIRTH,incumbent,120,ARITH_A,ARITHMETIC,0,0.0,0
0,B_ARITHMETIC_BIRTH,capacity-shadow,120,ARITH_A,ARITHMETIC,0,,0
0,B_ARITHMETIC_BIRTH,geometry-shadow,120,ARITH_A,ARITHMETIC,0,1.3886544704437256,0
0,B_ARITHMETIC_BIRTH,incumbent,121,STORY,STORY,0,0.0,0
0,B_ARITHMETIC_BIRTH,capacity-shadow,121,STORY,STORY,1,,0
0,B_ARITHMETIC_BIRTH,geometry-shadow,121,STORY,STORY,0,0.3894676566123962,0
0,B_ARITHMETIC_BIRTH,incumbent,122,STORY,STORY,0,0.0,0
0,B_ARITHMETIC_BIRTH,capacity-shadow,122,STORY,STORY,0,,0
0,B_ARITHMETIC_BIRTH,geometry-shadow,122,STORY,STORY,1,1.513667106628418,0
0,B_ARITHMETIC_BIRTH,incumbent,123,ARITH_A,ARITHMETIC,0,0.0,0
0,B_ARITHMETIC_BIRTH,capacity-shadow,123,ARITH_A,ARITHMETIC,1,,0
0,B_ARITHMETIC_BIRTH,geometry-shadow,123,ARITH_A,ARITHMETIC,0,1.3989386558532717,0
0,B_ARITHMETIC_BIRTH,incumbent,124,STORY,STORY,0,0.0,0
0,B_ARITHMETIC_BIRTH,capacity-shadow,124,STORY,STORY,1,,0
0,B_ARITHMETIC_BIRTH,geometry-shadow,124,STORY,STORY,1,0.895907998085022,0
0,B_ARITHMETIC_BIRTH,incumbent,125,STORY,STORY,0,0.0,0
0,B_ARITHMETIC_BIRTH,capacity-shadow,125,STORY,STORY,0,,0
0,B_ARITHMETIC_BIRTH,geometry-shadow,125,STORY,STORY,0,0.7074685096740723,0
0,B_ARITHMETIC_BIRTH,incumbent,126,ARITH_A,ARITHMETIC,0,0.0,0
0,B_ARITHMETIC_BIRTH,capacity-shadow,126,ARITH_A,ARITHMETIC,0,,0
0,B_ARITHMETIC_BIRTH,geometry-shadow,126,ARITH_A,ARITHMETIC,0,1.3901785612106323,0
0,B_ARITHMETIC_BIRTH,incumbent,127,STORY,STORY,0,0.0,0
0,B_ARITHMETIC_BIRTH,capacity-shadow,127,STORY,STORY,1,,0
0,B_ARITHMETIC_BIRTH,geometry-shadow,127,STORY,STORY,0,0.5985194444656372,0
0,B_ARITHMETIC_BIRTH,incumbent,128,ARITH_A,ARITHMETIC,0,0.0,0
0,B_ARITHMETIC_BIRTH,capacity-shadow,128,ARITH_A,ARITHMETIC,1,,0
0,B_ARITHMETIC_BIRTH,geometry-shadow,128,ARITH_A,ARITHMETIC,0,1.3754018545150757,0
0,B_ARITHMETIC_BIRTH,incumbent,129,STORY,STORY,0,0.0,0
0,B_ARITHMETIC_BIRTH,capacity-shadow,129,STORY,STORY,0,,0
0,B_ARITHMETIC_BIRTH,geometry-shadow,129,STORY,STORY,0,0.627362847328186,0
0,B_ARITHMETIC_BIRTH,incumbent,130,ARITH_A,ARITHMETIC,0,0.0,0
0,B_ARITHMETIC_BIRTH,capacity-shadow,130,ARITH_A,ARITHMETIC,0,,0
0,B_ARITHMETIC_BIRTH,geometry-shadow,130,ARITH_A,ARITHMETIC,0,1.4042946100234983,0
0,B_ARITHMETIC_BIRTH,incumbent,131,ARITH_A,ARITHMETIC,0,0.0,0
0,B_ARITHMETIC_BIRTH,capacity-shadow,131,ARITH_A,ARITHMETIC,1,,0
0,B_ARITHMETIC_BIRTH,geometry-shadow,131,ARITH_A,ARITHMETIC,0,1.3882732391357422,0
0,B_ARITHMETIC_BIRTH,incumbent,132,ARITH_A,ARITHMETIC,0,0.0,0
0,B_ARITHMETIC_BIRTH,capacity-shadow,132,ARITH_A,ARITHMETIC,0,,0
0,B_ARITHMETIC_BIRTH,geometry-shadow,132,ARITH_A,ARITHMETIC,0,1.3852330446243286,0
0,B_ARITHMETIC_BIRTH,incumbent,133,STORY,STORY,0,0.0,0
0,B_ARITHMETIC_BIRTH,capacity-shadow,133,STORY,STORY,1,,0
0,B_ARITHMETIC_BIRTH,geometry-shadow,133,STORY,STORY,0,0.174945592880249,0
0,B_ARITHMETIC_BIRTH,incumbent,134,ARITH_A,ARITHMETIC,0,0.0,0
0,B_ARITHMETIC_BIRTH,capacity-shadow,134,ARITH_A,ARITHMETIC,1,,0
0,B_ARITHMETIC_BIRTH,geometry-shadow,134,ARITH_A,ARITHMETIC,0,1.395977258682251,0
0,B_ARITHMETIC_BIRTH,incumbent,135,STORY,STORY,0,0.0,0
0,B_ARITHMETIC_BIRTH,capacity-shadow,135,STORY,STORY,0,,0
0,B_ARITHMETIC_BIRTH,geometry-shadow,135,STORY,STORY,1,0.5068526268005371,0
0,B_ARITHMETIC_BIRTH,incumbent,136,STORY,STORY,0,0.0,0
0,B_ARITHMETIC_BIRTH,capacity-shadow,136,STORY,STORY,1,,0
0,B_ARITHMETIC_BIRTH,geometry-shadow,136,STORY,STORY,0,0.4531102180480957,0
0,B_ARITHMETIC_BIRTH,incumbent,137,ARITH_A,ARITHMETIC,0,0.0,0
0,B_ARITHMETIC_BIRTH,capacity-shadow,137,ARITH_A,ARITHMETIC,0,,0
0,B_ARITHMETIC_BIRTH,geometry-shadow,137,ARITH_A,ARITHMETIC,0,1.391395092010498,0
0,B_ARITHMETIC_BIRTH,incumbent,138,ARITH_A,ARITHMETIC,0,0.0,0
0,B_ARITHMETIC_BIRTH,capacity-shadow,138,ARITH_A,ARITHMETIC,1,,0
0,B_ARITHMETIC_BIRTH,geometry-shadow,138,ARITH_A,ARITHMETIC,0,1.3643416166305542,0
0,B_ARITHMETIC_BIRTH,incumbent,139,ARITH_A,ARITHMETIC,0,0.0,0
0,B_ARITHMETIC_BIRTH,capacity-shadow,139,ARITH_A,ARITHMETIC,0,,0
0,B_ARITHMETIC_BIRTH,geometry-shadow,139,ARITH_A,ARITHMETIC,0,1.3865364789962769,0
0,B_ARITHMETIC_BIRTH,incumbent,140,STORY,STORY,0,0.0,0
0,B_ARITHMETIC_BIRTH,capacity-shadow,140,STORY,STORY,0,,0
0,B_ARITHMETIC_BIRTH,geometry-shadow,140,STORY,STORY,1,0.0141998529434204,0
0,B_ARITHMETIC_BIRTH,incumbent,141,ARITH_A,ARITHMETIC,0,0.0,0
0,B_ARITHMETIC_BIRTH,capacity-shadow,141,ARITH_A,ARITHMETIC,1,,0
0,B_ARITHMETIC_BIRTH,geometry-shadow,141,ARITH_A,ARITHMETIC,0,1.3734406232833862,0
0,B_ARITHMETIC_BIRTH,incumbent,142,ARITH_A,ARITHMETIC,0,0.0,0
0,B_ARITHMETIC_BIRTH,capacity-shadow,142,ARITH_A,ARITHMETIC,0,,0
0,B_ARITHMETIC_BIRTH,geometry-shadow,142,ARITH_A,ARITHMETIC,0,1.3959639072418213,0
0,B_ARITHMETIC_BIRTH,incumbent,143,ARITH_A,ARITHMETIC,0,0.0,0
0,B_ARITHMETIC_BIRTH,capacity-shadow,143,ARITH_A,ARITHMETIC,1,,0
0,B_ARITHMETIC_BIRTH,geometry-shadow,143,ARITH_A,ARITHMETIC,0,1.3933528661727903,0
0,B_ARITHMETIC_BIRTH,incumbent,144,ARITH_A,ARITHMETIC,0,0.0,0
0,B_ARITHMETIC_BIRTH,capacity-shadow,144,ARITH_A,ARITHMETIC,0,,0
0,B_ARITHMETIC_BIRTH,geometry-shadow,144,ARITH_A,ARITHMETIC,0,1.3704371452331543,0
0,B_ARITHMETIC_BIRTH,incumbent,145,STORY,STORY,0,0.0,0
0,B_ARITHMETIC_BIRTH,capacity-shadow,145,STORY,STORY,1,,0
0,B_ARITHMETIC_BIRTH,geometry-shadow,145,STORY,STORY,0,1.0717664957046509,0
0,B_ARITHMETIC_BIRTH,incumbent,146,ARITH_A,ARITHMETIC,0,0.0,0
0,B_ARITHMETIC_BIRTH,capacity-shadow,146,ARITH_A,ARITHMETIC,1,,0
0,B_ARITHMETIC_BIRTH,geometry-shadow,146,ARITH_A,ARITHMETIC,0,1.3642560243606567,0
0,B_ARITHMETIC_BIRTH,incumbent,147,STORY,STORY,0,0.0,0
0,B_ARITHMETIC_BIRTH,capacity-shadow,147,STORY,STORY,0,,0
0,B_ARITHMETIC_BIRTH,geometry-shadow,147,STORY,STORY,0,0.2555215358734131,0
0,B_ARITHMETIC_BIRTH,incumbent,148,ARITH_A,ARITHMETIC,0,0.0,0
0,B_ARITHMETIC_BIRTH,capacity-shadow,148,ARITH_A,ARITHMETIC,0,,0
0,B_ARITHMETIC_BIRTH,geometry-shadow,148,ARITH_A,ARITHMETIC,0,1.3733999729156494,0
0,B_ARITHMETIC_BIRTH,incumbent,149,ARITH_A,ARITHMETIC,0,0.0,0
0,B_ARITHMETIC_BIRTH,capacity-shadow,149,ARITH_A,ARITHMETIC,1,,0
0,B_ARITHMETIC_BIRTH,geometry-shadow,149,ARITH_A,ARITHMETIC,0,1.3796148300170898,0
0,B_ARITHMETIC_BIRTH,incumbent,150,STORY,STORY,0,0.0,0
0,B_ARITHMETIC_BIRTH,capacity-shadow,150,STORY,STORY,1,,0
0,B_ARITHMETIC_BIRTH,geometry-shadow,150,STORY,STORY,1,0.7208651304244995,0
0,B_ARITHMETIC_BIRTH,incumbent,151,ARITH_A,ARITHMETIC,0,0.0,0
0,B_ARITHMETIC_BIRTH,capacity-shadow,151,ARITH_A,ARITHMETIC,0,,0
0,B_ARITHMETIC_BIRTH,geometry-shadow,151,ARITH_A,ARITHMETIC,0,1.3743891716003418,0
0,B_ARITHMETIC_BIRTH,incumbent,152,ARITH_A,ARITHMETIC,0,0.0,0
0,B_ARITHMETIC_BIRTH,capacity-shadow,152,ARITH_A,ARITHMETIC,1,,0
0,B_ARITHMETIC_BIRTH,geometry-shadow,152,ARITH_A,ARITHMETIC,0,1.392080783843994,0
0,B_ARITHMETIC_BIRTH,incumbent,153,STORY,STORY,0,0.0,0
0,B_ARITHMETIC_BIRTH,capacity-shadow,153,STORY,STORY,0,,0
0,B_ARITHMETIC_BIRTH,geometry-shadow,153,STORY,STORY,1,0.2038798332214355,0
0,B_ARITHMETIC_BIRTH,incumbent,154,ARITH_A,ARITHMETIC,0,0.0,0
0,B_ARITHMETIC_BIRTH,capacity-shadow,154,ARITH_A,ARITHMETIC,0,,0
0,B_ARITHMETIC_BIRTH,geometry-shadow,154,ARITH_A,ARITHMETIC,0,1.38040030002594,0
0,B_ARITHMETIC_BIRTH,incumbent,155,ARITH_A,ARITHMETIC,0,0.0,0
0,B_ARITHMETIC_BIRTH,capacity-shadow,155,ARITH_A,ARITHMETIC,1,,0
0,B_ARITHMETIC_BIRTH,geometry-shadow,155,ARITH_A,ARITHMETIC,0,1.376008152961731,0
0,B_ARITHMETIC_BIRTH,incumbent,156,ARITH_A,ARITHMETIC,0,0.0,0
0,B_ARITHMETIC_BIRTH,capacity-shadow,156,ARITH_A,ARITHMETIC,0,,0
0,B_ARITHMETIC_BIRTH,geometry-shadow,156,ARITH_A,ARITHMETIC,0,1.3595799207687378,0
0,B_ARITHMETIC_BIRTH,incumbent,157,STORY,STORY,0,0.0,0
0,B_ARITHMETIC_BIRTH,capacity-shadow,157,STORY,STORY,1,,0
0,B_ARITHMETIC_BIRTH,geometry-shadow,157,STORY,STORY,0,0.7785071134567261,0
0,B_ARITHMETIC_BIRTH,incumbent,158,ARITH_A,ARITHMETIC,0,0.0,0
0,B_ARITHMETIC_BIRTH,capacity-shadow,158,ARITH_A,ARITHMETIC,1,,0
0,B_ARITHMETIC_BIRTH,geometry-shadow,158,ARITH_A,ARITHMETIC,0,1.3822965621948242,0
0,B_ARITHMETIC_BIRTH,incumbent,159,STORY,STORY,0,0.0,0
0,B_ARITHMETIC_BIRTH,capacity-shadow,159,STORY,STORY,0,,0
0,B_ARITHMETIC_BIRTH,geometry-shadow,159,STORY,STORY,0,0.7332542538642883,0
0,B_ARITHMETIC_BIRTH,incumbent,160,STORY,STORY,0,0.0,0
0,B_ARITHMETIC_BIRTH,capacity-shadow,160,STORY,STORY,1,,0
0,B_ARITHMETIC_BIRTH,geometry-shadow,160,STORY,STORY,0,0.4934794902801513,0
0,B_ARITHMETIC_BIRTH,incumbent,161,STORY,STORY,0,0.0,0
0,B_ARITHMETIC_BIRTH,capacity-shadow,161,STORY,STORY,0,,0
0,B_ARITHMETIC_BIRTH,geometry-shadow,161,STORY,STORY,1,1.105760097503662,0
0,B_ARITHMETIC_BIRTH,incumbent,162,STORY,STORY,0,0.0,0
0,B_ARITHMETIC_BIRTH,capacity-shadow,162,STORY,STORY,1,,0
0,B_ARITHMETIC_BIRTH,geometry-shadow,162,STORY,STORY,0,0.3380712270736694,0
0,B_ARITHMETIC_BIRTH,incumbent,163,STORY,STORY,0,0.0,0
0,B_ARITHMETIC_BIRTH,capacity-shadow,163,STORY,STORY,0,,0
0,B_ARITHMETIC_BIRTH,geometry-shadow,163,STORY,STORY,0,0.5872170329093933,0
0,B_ARITHMETIC_BIRTH,incumbent,164,ARITH_A,ARITHMETIC,0,0.0,0
0,B_ARITHMETIC_BIRTH,capacity-shadow,164,ARITH_A,ARITHMETIC,0,,0
0,B_ARITHMETIC_BIRTH,geometry-shadow,164,ARITH_A,ARITHMETIC,0,1.3578615188598633,0
0,B_ARITHMETIC_BIRTH,incumbent,165,ARITH_A,ARITHMETIC,0,0.0,0
0,B_ARITHMETIC_BIRTH,capacity-shadow,165,ARITH_A,ARITHMETIC,1,,0
0,B_ARITHMETIC_BIRTH,geometry-shadow,165,ARITH_A,ARITHMETIC,0,1.3845462799072266,0
0,B_ARITHMETIC_BIRTH,incumbent,166,ARITH_A,ARITHMETIC,0,0.0,0
0,B_ARITHMETIC_BIRTH,capacity-shadow,166,ARITH_A,ARITHMETIC,0,,0
0,B_ARITHMETIC_BIRTH,geometry-shadow,166,ARITH_A,ARITHMETIC,0,1.382071018218994,0
0,B_ARITHMETIC_BIRTH,incumbent,167,STORY,STORY,0,0.0,0
0,B_ARITHMETIC_BIRTH,capacity-shadow,167,STORY,STORY,1,,0
0,B_ARITHMETIC_BIRTH,geometry-shadow,167,STORY,STORY,0,0.2164063453674316,0
0,B_ARITHMETIC_BIRTH,incumbent,168,ARITH_A,ARITHMETIC,0,0.0,0
0,B_ARITHMETIC_BIRTH,capacity-shadow,168,ARITH_A,ARITHMETIC,1,,0
0,B_ARITHMETIC_BIRTH,geometry-shadow,168,ARITH_A,ARITHMETIC,0,1.375357151031494,0
0,B_ARITHMETIC_BIRTH,incumbent,169,STORY,STORY,0,0.0,0
0,B_ARITHMETIC_BIRTH,capacity-shadow,169,STORY,STORY,0,,0
0,B_ARITHMETIC_BIRTH,geometry-shadow,169,STORY,STORY,0,0.4945576190948486,0
0,B_ARITHMETIC_BIRTH,incumbent,170,STORY,STORY,0,0.0,0
0,B_ARITHMETIC_BIRTH,capacity-shadow,170,STORY,STORY,1,,0
0,B_ARITHMETIC_BIRTH,geometry-shadow,170,STORY,STORY,1,1.2959312200546265,0
0,B_ARITHMETIC_BIRTH,incumbent,171,STORY,STORY,0,0.0,0
0,B_ARITHMETIC_BIRTH,capacity-shadow,171,STORY,STORY,0,,0
0,B_ARITHMETIC_BIRTH,geometry-shadow,171,STORY,STORY,1,0.1441686153411865,0
0,B_ARITHMETIC_BIRTH,incumbent,172,ARITH_A,ARITHMETIC,0,0.0,0
0,B_ARITHMETIC_BIRTH,capacity-shadow,172,ARITH_A,ARITHMETIC,0,,0
0,B_ARITHMETIC_BIRTH,geometry-shadow,172,ARITH_A,ARITHMETIC,0,1.3943626880645752,0
0,B_ARITHMETIC_BIRTH,incumbent,173,ARITH_A,ARITHMETIC,0,0.0,0
0,B_ARITHMETIC_BIRTH,capacity-shadow,173,ARITH_A,ARITHMETIC,1,,0
0,B_ARITHMETIC_BIRTH,geometry-shadow,173,ARITH_A,ARITHMETIC,0,1.3765394687652588,0
0,B_ARITHMETIC_BIRTH,incumbent,174,STORY,STORY,0,0.0,0
0,B_ARITHMETIC_BIRTH,capacity-shadow,174,STORY,STORY,1,,0
0,B_ARITHMETIC_BIRTH,geometry-shadow,174,STORY,STORY,1,1.012940526008606,0
0,B_ARITHMETIC_BIRTH,incumbent,175,STORY,STORY,0,0.0,0
0,B_ARITHMETIC_BIRTH,capacity-shadow,175,STORY,STORY,0,,0
0,B_ARITHMETIC_BIRTH,geometry-shadow,175,STORY,STORY,0,0.7601447105407715,0
0,B_ARITHMETIC_BIRTH,incumbent,176,STORY,STORY,0,0.0,0
0,B_ARITHMETIC_BIRTH,capacity-shadow,176,STORY,STORY,1,,0
0,B_ARITHMETIC_BIRTH,geometry-shadow,176,STORY,STORY,0,0.2449734210968017,0
0,B_ARITHMETIC_BIRTH,incumbent,177,STORY,STORY,0,0.0,0
0,B_ARITHMETIC_BIRTH,capacity-shadow,177,STORY,STORY,0,,0
0,B_ARITHMETIC_BIRTH,geometry-shadow,177,STORY,STORY,1,0.1934428215026855,0
0,B_ARITHMETIC_BIRTH,incumbent,178,STORY,STORY,0,0.0,0
0,B_ARITHMETIC_BIRTH,capacity-shadow,178,STORY,STORY,1,,0
0,B_ARITHMETIC_BIRTH,geometry-shadow,178,STORY,STORY,1,0.4567958116531372,0
0,B_ARITHMETIC_BIRTH,incumbent,179,STORY,STORY,0,0.0,0
0,B_ARITHMETIC_BIRTH,capacity-shadow,179,STORY,STORY,0,,0
0,B_ARITHMETIC_BIRTH,geometry-shadow,179,STORY,STORY,1,0.6596341133117676,0
0,B_ARITHMETIC_BIRTH,incumbent,180,STORY,STORY,0,0.0,0
0,B_ARITHMETIC_BIRTH,capacity-shadow,180,STORY,STORY,1,,0
0,B_ARITHMETIC_BIRTH,geometry-shadow,180,STORY,STORY,0,1.037745714187622,0
0,B_ARITHMETIC_BIRTH,incumbent,181,ARITH_A,ARITHMETIC,0,0.0,0
0,B_ARITHMETIC_BIRTH,capacity-shadow,181,ARITH_A,ARITHMETIC,0,,0
0,B_ARITHMETIC_BIRTH,geometry-shadow,181,ARITH_A,ARITHMETIC,0,1.389222502708435,0
0,B_ARITHMETIC_BIRTH,incumbent,182,STORY,STORY,0,0.0,0
0,B_ARITHMETIC_BIRTH,capacity-shadow,182,STORY,STORY,0,,0
0,B_ARITHMETIC_BIRTH,geometry-shadow,182,STORY,STORY,1,0.4291450977325439,0
0,B_ARITHMETIC_BIRTH,incumbent,183,STORY,STORY,0,0.0,0
0,B_ARITHMETIC_BIRTH,capacity-shadow,183,STORY,STORY,1,,0
0,B_ARITHMETIC_BIRTH,geometry-shadow,183,STORY,STORY,0,0.5884248614311218,0
0,B_ARITHMETIC_BIRTH,incumbent,184,ARITH_A,ARITHMETIC,0,0.0,0
0,B_ARITHMETIC_BIRTH,capacity-shadow,184,ARITH_A,ARITHMETIC,1,,0
0,B_ARITHMETIC_BIRTH,geometry-shadow,184,ARITH_A,ARITHMETIC,0,1.3815511465072632,0
0,B_ARITHMETIC_BIRTH,incumbent,185,ARITH_A,ARITHMETIC,0,0.0,0
0,B_ARITHMETIC_BIRTH,capacity-shadow,185,ARITH_A,ARITHMETIC,0,,0
0,B_ARITHMETIC_BIRTH,geometry-shadow,185,ARITH_A,ARITHMETIC,0,1.3819788694381714,0
0,B_ARITHMETIC_BIRTH,incumbent,186,ARITH_A,ARITHMETIC,0,0.0,0
0,B_ARITHMETIC_BIRTH,capacity-shadow,186,ARITH_A,ARITHMETIC,1,,0
0,B_ARITHMETIC_BIRTH,geometry-shadow,186,ARITH_A,ARITHMETIC,0,1.3987280130386353,0
0,B_ARITHMETIC_BIRTH,incumbent,187,STORY,STORY,0,0.0,0
0,B_ARITHMETIC_BIRTH,capacity-shadow,187,STORY,STORY,0,,0
0,B_ARITHMETIC_BIRTH,geometry-shadow,187,STORY,STORY,0,0.1301898956298828,0
0,B_ARITHMETIC_BIRTH,incumbent,188,ARITH_A,ARITHMETIC,0,0.0,0
0,B_ARITHMETIC_BIRTH,capacity-shadow,188,ARITH_A,ARITHMETIC,0,,0
0,B_ARITHMETIC_BIRTH,geometry-shadow,188,ARITH_A,ARITHMETIC,0,1.378259539604187,0
0,B_ARITHMETIC_BIRTH,incumbent,189,STORY,STORY,0,0.0,0
0,B_ARITHMETIC_BIRTH,capacity-shadow,189,STORY,STORY,1,,0
0,B_ARITHMETIC_BIRTH,geometry-shadow,189,STORY,STORY,0,0.812228262424469,0
0,B_ARITHMETIC_BIRTH,incumbent,190,ARITH_A,ARITHMETIC,0,0.0,0
0,B_ARITHMETIC_BIRTH,capacity-shadow,190,ARITH_A,ARITHMETIC,1,,0
0,B_ARITHMETIC_BIRTH,geometry-shadow,190,ARITH_A,ARITHMETIC,0,1.3959804773330688,0
0,B_ARITHMETIC_BIRTH,incumbent,191,ARITH_A,ARITHMETIC,0,0.0,0
0,B_ARITHMETIC_BIRTH,capacity-shadow,191,ARITH_A,ARITHMETIC,0,,0
0,B_ARITHMETIC_BIRTH,geometry-shadow,191,ARITH_A,ARITHMETIC,0,1.3924721479415894,0
0,B_ARITHMETIC_BIRTH,incumbent,192,STORY,STORY,0,0.0,0
0,B_ARITHMETIC_BIRTH,capacity-shadow,192,STORY,STORY,0,,0
0,B_ARITHMETIC_BIRTH,geometry-shadow,192,STORY,STORY,1,1.0621297359466553,0
0,B_ARITHMETIC_BIRTH,incumbent,193,STORY,STORY,0,0.0,0
0,B_ARITHMETIC_BIRTH,capacity-shadow,193,STORY,STORY,1,,0
0,B_ARITHMETIC_BIRTH,geometry-shadow,193,STORY,STORY,1,0.7061681747436523,0
0,B_ARITHMETIC_BIRTH,incumbent,194,ARITH_A,ARITHMETIC,0,0.0,0
0,B_ARITHMETIC_BIRTH,capacity-shadow,194,ARITH_A,ARITHMETIC,1,,0
0,B_ARITHMETIC_BIRTH,geometry-shadow,194,ARITH_A,ARITHMETIC,0,1.384175419807434,0
0,B_ARITHMETIC_BIRTH,incumbent,195,ARITH_A,ARITHMETIC,0,0.0,0
0,B_ARITHMETIC_BIRTH,capacity-shadow,195,ARITH_A,ARITHMETIC,0,,0
0,B_ARITHMETIC_BIRTH,geometry-shadow,195,ARITH_A,ARITHMETIC,0,1.384213924407959,0
0,B_ARITHMETIC_BIRTH,incumbent,196,ARITH_A,ARITHMETIC,0,0.0,0
0,B_ARITHMETIC_BIRTH,capacity-shadow,196,ARITH_A,ARITHMETIC,1,,0
0,B_ARITHMETIC_BIRTH,geometry-shadow,196,ARITH_A,ARITHMETIC,0,1.3830962181091309,0
0,B_ARITHMETIC_BIRTH,incumbent,197,ARITH_A,ARITHMETIC,0,0.0,0
0,B_ARITHMETIC_BIRTH,capacity-shadow,197,ARITH_A,ARITHMETIC,0,,0
0,B_ARITHMETIC_BIRTH,geometry-shadow,197,ARITH_A,ARITHMETIC,0,1.384703278541565,0
0,B_ARITHMETIC_BIRTH,incumbent,198,STORY,STORY,0,0.0,0
0,B_ARITHMETIC_BIRTH,capacity-shadow,198,STORY,STORY,0,,0
0,B_ARITHMETIC_BIRTH,geometry-shadow,198,STORY,STORY,0,0.4458001255989074,0
0,B_ARITHMETIC_BIRTH,incumbent,199,STORY,STORY,0,0.0,0
0,B_ARITHMETIC_BIRTH,capacity-shadow,199,STORY,STORY,1,,0
0,B_ARITHMETIC_BIRTH,geometry-shadow,199,STORY,STORY,1,0.1261082887649536,0
0,B_ARITHMETIC_BIRTH,incumbent,200,ARITH_A,ARITHMETIC,0,0.0,0
0,B_ARITHMETIC_BIRTH,capacity-shadow,200,ARITH_A,ARITHMETIC,1,,0
0,B_ARITHMETIC_BIRTH,geometry-shadow,200,ARITH_A,ARITHMETIC,0,1.3795312643051147,0
0,B_ARITHMETIC_BIRTH,incumbent,201,ARITH_A,ARITHMETIC,0,0.0,0
0,B_ARITHMETIC_BIRTH,capacity-shadow,201,ARITH_A,ARITHMETIC,0,,0
0,B_ARITHMETIC_BIRTH,geometry-shadow,201,ARITH_A,ARITHMETIC,0,1.387906551361084,0
0,B_ARITHMETIC_BIRTH,incumbent,202,ARITH_A,ARITHMETIC,0,0.0,0
0,B_ARITHMETIC_BIRTH,capacity-shadow,202,ARITH_A,ARITHMETIC,1,,0
0,B_ARITHMETIC_BIRTH,geometry-shadow,202,ARITH_A,ARITHMETIC,0,1.3845834732055664,0
0,B_ARITHMETIC_BIRTH,incumbent,203,ARITH_A,ARITHMETIC,0,0.0,0
0,B_ARITHMETIC_BIRTH,capacity-shadow,203,ARITH_A,ARITHMETIC,0,,0
0,B_ARITHMETIC_BIRTH,geometry-shadow,203,ARITH_A,ARITHMETIC,0,1.3768370151519775,0
0,B_ARITHMETIC_BIRTH,incumbent,204,ARITH_A,ARITHMETIC,0,0.0,0
0,B_ARITHMETIC_BIRTH,capacity-shadow,204,ARITH_A,ARITHMETIC,1,,0
0,B_ARITHMETIC_BIRTH,geometry-shadow,204,ARITH_A,ARITHMETIC,0,1.3746355772018433,0
0,B_ARITHMETIC_BIRTH,incumbent,205,STORY,STORY,0,0.0,0
0,B_ARITHMETIC_BIRTH,capacity-shadow,205,STORY,STORY,0,,0
0,B_ARITHMETIC_BIRTH,geometry-shadow,205,STORY,STORY,0,0.1207455396652221,0
0,B_ARITHMETIC_BIRTH,incumbent,206,ARITH_A,ARITHMETIC,0,0.0,0
0,B_ARITHMETIC_BIRTH,capacity-shadow,206,ARITH_A,ARITHMETIC,0,,0
0,B_ARITHMETIC_BIRTH,geometry-shadow,206,ARITH_A,ARITHMETIC,0,1.3720510005950928,0
0,B_ARITHMETIC_BIRTH,incumbent,207,STORY,STORY,0,0.0,0
0,B_ARITHMETIC_BIRTH,capacity-shadow,207,STORY,STORY,1,,0
0,B_ARITHMETIC_BIRTH,geometry-shadow,207,STORY,STORY,0,0.0260618925094604,0
0,B_ARITHMETIC_BIRTH,incumbent,208,ARITH_A,ARITHMETIC,0,0.0,0
0,B_ARITHMETIC_BIRTH,capacity-shadow,208,ARITH_A,ARITHMETIC,1,,0
0,B_ARITHMETIC_BIRTH,geometry-shadow,208,ARITH_A,ARITHMETIC,0,1.3788944482803345,0
0,B_ARITHMETIC_BIRTH,incumbent,209,STORY,STORY,0,0.0,0
0,B_ARITHMETIC_BIRTH,capacity-shadow,209,STORY,STORY,0,,0
0,B_ARITHMETIC_BIRTH,geometry-shadow,209,STORY,STORY,0,0.4001647233963012,0
0,B_ARITHMETIC_BIRTH,incumbent,210,STORY,STORY,0,0.0,0
0,B_ARITHMETIC_BIRTH,capacity-shadow,210,STORY,STORY,1,,0
0,B_ARITHMETIC_BIRTH,geometry-shadow,210,STORY,STORY,0,0.135923147201538,0
0,B_ARITHMETIC_BIRTH,incumbent,211,STORY,STORY,0,0.0,0
0,B_ARITHMETIC_BIRTH,capacity-shadow,211,STORY,STORY,0,,0
0,B_ARITHMETIC_BIRTH,geometry-shadow,211,STORY,STORY,1,1.6454991102218628,0
0,B_ARITHMETIC_BIRTH,incumbent,212,ARITH_A,ARITHMETIC,0,0.0,0
0,B_ARITHMETIC_BIRTH,capacity-shadow,212,ARITH_A,ARITHMETIC,0,,0
0,B_ARITHMETIC_BIRTH,geometry-shadow,212,ARITH_A,ARITHMETIC,0,1.3631281852722168,0
0,B_ARITHMETIC_BIRTH,incumbent,213,ARITH_A,ARITHMETIC,0,0.0,0
0,B_ARITHMETIC_BIRTH,capacity-shadow,213,ARITH_A,ARITHMETIC,1,,0
0,B_ARITHMETIC_BIRTH,geometry-shadow,213,ARITH_A,ARITHMETIC,0,1.398604154586792,0
0,B_ARITHMETIC_BIRTH,incumbent,214,ARITH_A,ARITHMETIC,0,0.0,0
0,B_ARITHMETIC_BIRTH,capacity-shadow,214,ARITH_A,ARITHMETIC,0,,0
0,B_ARITHMETIC_BIRTH,geometry-shadow,214,ARITH_A,ARITHMETIC,0,1.3792849779129028,0
0,B_ARITHMETIC_BIRTH,incumbent,215,STORY,STORY,0,0.0,0
0,B_ARITHMETIC_BIRTH,capacity-shadow,215,STORY,STORY,1,,0
0,B_ARITHMETIC_BIRTH,geometry-shadow,215,STORY,STORY,1,0.4444754123687744,0
0,B_ARITHMETIC_BIRTH,incumbent,216,ARITH_A,ARITHMETIC,0,0.0,0
0,B_ARITHMETIC_BIRTH,capacity-shadow,216,ARITH_A,ARITHMETIC,1,,0
0,B_ARITHMETIC_BIRTH,geometry-shadow,216,ARITH_A,ARITHMETIC,0,1.3723454475402832,0
0,B_ARITHMETIC_BIRTH,incumbent,217,STORY,STORY,0,0.0,0
0,B_ARITHMETIC_BIRTH,capacity-shadow,217,STORY,STORY,0,,0
0,B_ARITHMETIC_BIRTH,geometry-shadow,217,STORY,STORY,1,0.7664117813110352,0
0,B_ARITHMETIC_BIRTH,incumbent,218,ARITH_A,ARITHMETIC,0,0.0,0
0,B_ARITHMETIC_BIRTH,capacity-shadow,218,ARITH_A,ARITHMETIC,0,,0
0,B_ARITHMETIC_BIRTH,geometry-shadow,218,ARITH_A,ARITHMETIC,0,1.3823587894439695,0
0,B_ARITHMETIC_BIRTH,incumbent,219,ARITH_A,ARITHMETIC,0,0.0,0
0,B_ARITHMETIC_BIRTH,capacity-shadow,219,ARITH_A,ARITHMETIC,1,,0
0,B_ARITHMETIC_BIRTH,geometry-shadow,219,ARITH_A,ARITHMETIC,0,1.3772635459899902,0
0,B_ARITHMETIC_BIRTH,incumbent,220,STORY,STORY,0,0.0,0
0,B_ARITHMETIC_BIRTH,capacity-shadow,220,STORY,STORY,1,,0
0,B_ARITHMETIC_BIRTH,geometry-shadow,220,STORY,STORY,1,0.2530739307403564,0
0,B_ARITHMETIC_BIRTH,incumbent,221,ARITH_A,ARITHMETIC,0,0.0,0
0,B_ARITHMETIC_BIRTH,capacity-shadow,221,ARITH_A,ARITHMETIC,0,,0
0,B_ARITHMETIC_BIRTH,geometry-shadow,221,ARITH_A,ARITHMETIC,0,1.3820419311523438,0
0,B_ARITHMETIC_BIRTH,incumbent,222,ARITH_A,ARITHMETIC,0,0.0,0
0,B_ARITHMETIC_BIRTH,capacity-shadow,222,ARITH_A,ARITHMETIC,1,,0
0,B_ARITHMETIC_BIRTH,geometry-shadow,222,ARITH_A,ARITHMETIC,0,1.3775749206542969,0
0,B_ARITHMETIC_BIRTH,incumbent,223,STORY,STORY,0,0.0,0
0,B_ARITHMETIC_BIRTH,capacity-shadow,223,STORY,STORY,0,,0
0,B_ARITHMETIC_BIRTH,geometry-shadow,223,STORY,STORY,0,0.0368573665618896,0
0,B_ARITHMETIC_BIRTH,incumbent,224,STORY,STORY,0,0.0,0
0,B_ARITHMETIC_BIRTH,capacity-shadow,224,STORY,STORY,1,,0
0,B_ARITHMETIC_BIRTH,geometry-shadow,224,STORY,STORY,0,0.6434367299079895,0
0,B_ARITHMETIC_BIRTH,incumbent,225,STORY,STORY,0,0.0,0
0,B_ARITHMETIC_BIRTH,capacity-shadow,225,STORY,STORY,0,,0
0,B_ARITHMETIC_BIRTH,geometry-shadow,225,STORY,STORY,1,1.052445650100708,0
0,B_ARITHMETIC_BIRTH,incumbent,226,ARITH_A,ARITHMETIC,0,0.0,0
0,B_ARITHMETIC_BIRTH,capacity-shadow,226,ARITH_A,ARITHMETIC,0,,0
0,B_ARITHMETIC_BIRTH,geometry-shadow,226,ARITH_A,ARITHMETIC,0,1.393139362335205,0
0,B_ARITHMETIC_BIRTH,incumbent,227,ARITH_A,ARITHMETIC,0,0.0,0
0,B_ARITHMETIC_BIRTH,capacity-shadow,227,ARITH_A,ARITHMETIC,1,,0
0,B_ARITHMETIC_BIRTH,geometry-shadow,227,ARITH_A,ARITHMETIC,0,1.3866064548492432,0
0,B_ARITHMETIC_BIRTH,incumbent,228,ARITH_A,ARITHMETIC,0,0.0,0
0,B_ARITHMETIC_BIRTH,capacity-shadow,228,ARITH_A,ARITHMETIC,0,,0
0,B_ARITHMETIC_BIRTH,geometry-shadow,228,ARITH_A,ARITHMETIC,0,1.3970531225204468,0
0,B_ARITHMETIC_BIRTH,incumbent,229,ARITH_A,ARITHMETIC,0,0.0,0
0,B_ARITHMETIC_BIRTH,capacity-shadow,229,ARITH_A,ARITHMETIC,1,,0
0,B_ARITHMETIC_BIRTH,geometry-shadow,229,ARITH_A,ARITHMETIC,0,1.3909540176391602,0
0,B_ARITHMETIC_BIRTH,incumbent,230,STORY,STORY,0,0.0,0
0,B_ARITHMETIC_BIRTH,capacity-shadow,230,STORY,STORY,1,,0
0,B_ARITHMETIC_BIRTH,geometry-shadow,230,STORY,STORY,0,0.589530348777771,0
0,B_ARITHMETIC_BIRTH,incumbent,231,STORY,STORY,0,0.0,0
0,B_ARITHMETIC_BIRTH,capacity-shadow,231,STORY,STORY,0,,0
0,B_ARITHMETIC_BIRTH,geometry-shadow,231,STORY,STORY,0,0.8985875844955444,0
0,B_ARITHMETIC_BIRTH,incumbent,232,STORY,STORY,0,0.0,0
0,B_ARITHMETIC_BIRTH,capacity-shadow,232,STORY,STORY,1,,0
0,B_ARITHMETIC_BIRTH,geometry-shadow,232,STORY,STORY,1,1.0349831581115725,0
0,B_ARITHMETIC_BIRTH,incumbent,233,ARITH_A,ARITHMETIC,0,0.0,0
0,B_ARITHMETIC_BIRTH,capacity-shadow,233,ARITH_A,ARITHMETIC,0,,0
0,B_ARITHMETIC_BIRTH,geometry-shadow,233,ARITH_A,ARITHMETIC,0,1.375400185585022,0
0,B_ARITHMETIC_BIRTH,incumbent,234,ARITH_A,ARITHMETIC,0,0.0,0
0,B_ARITHMETIC_BIRTH,capacity-shadow,234,ARITH_A,ARITHMETIC,1,,0
0,B_ARITHMETIC_BIRTH,geometry-shadow,234,ARITH_A,ARITHMETIC,0,1.404036045074463,0
0,B_ARITHMETIC_BIRTH,incumbent,235,STORY,STORY,0,0.0,0
0,B_ARITHMETIC_BIRTH,capacity-shadow,235,STORY,STORY,0,,0
0,B_ARITHMETIC_BIRTH,geometry-shadow,235,STORY,STORY,0,0.8151885271072388,0
0,B_ARITHMETIC_BIRTH,incumbent,236,ARITH_A,ARITHMETIC,0,0.0,0
0,B_ARITHMETIC_BIRTH,capacity-shadow,236,ARITH_A,ARITHMETIC,0,,0
0,B_ARITHMETIC_BIRTH,geometry-shadow,236,ARITH_A,ARITHMETIC,0,1.3911354541778564,0
0,B_ARITHMETIC_BIRTH,incumbent,237,ARITH_A,ARITHMETIC,0,0.0,0
0,B_ARITHMETIC_BIRTH,capacity-shadow,237,ARITH_A,ARITHMETIC,1,,0
0,B_ARITHMETIC_BIRTH,geometry-shadow,237,ARITH_A,ARITHMETIC,0,1.3893784284591677,0
0,B_ARITHMETIC_BIRTH,incumbent,238,STORY,STORY,0,0.0,0
0,B_ARITHMETIC_BIRTH,capacity-shadow,238,STORY,STORY,1,,0
0,B_ARITHMETIC_BIRTH,geometry-shadow,238,STORY,STORY,0,0.3970695734024048,0
0,B_ARITHMETIC_BIRTH,incumbent,239,ARITH_A,ARITHMETIC,0,0.0,0
0,B_ARITHMETIC_BIRTH,capacity-shadow,239,ARITH_A,ARITHMETIC,0,,0
0,B_ARITHMETIC_BIRTH,geometry-shadow,239,ARITH_A,ARITHMETIC,0,1.3426976203918457,0
0,B_ARITHMETIC_BIRTH,incumbent,240,ARITH_A,ARITHMETIC,0,0.0,0
0,B_ARITHMETIC_BIRTH,capacity-shadow,240,ARITH_A,ARITHMETIC,1,,0
0,B_ARITHMETIC_BIRTH,geometry-shadow,240,ARITH_A,ARITHMETIC,0,1.3715784549713137,0
0,B_ARITHMETIC_BIRTH,incumbent,241,ARITH_A,ARITHMETIC,0,0.0,0
0,B_ARITHMETIC_BIRTH,capacity-shadow,241,ARITH_A,ARITHMETIC,0,,0
0,B_ARITHMETIC_BIRTH,geometry-shadow,241,ARITH_A,ARITHMETIC,0,1.3879517316818235,0
0,B_ARITHMETIC_BIRTH,incumbent,242,ARITH_A,ARITHMETIC,0,0.0,0
0,B_ARITHMETIC_BIRTH,capacity-shadow,242,ARITH_A,ARITHMETIC,1,,0
0,B_ARITHMETIC_BIRTH,geometry-shadow,242,ARITH_A,ARITHMETIC,0,1.3918486833572388,0
0,B_ARITHMETIC_BIRTH,incumbent,243,ARITH_A,ARITHMETIC,0,0.0,0
0,B_ARITHMETIC_BIRTH,capacity-shadow,243,ARITH_A,ARITHMETIC,0,,0
0,B_ARITHMETIC_BIRTH,geometry-shadow,243,ARITH_A,ARITHMETIC,0,1.3993148803710938,0
0,B_ARITHMETIC_BIRTH,incumbent,244,ARITH_A,ARITHMETIC,0,0.0,0
0,B_ARITHMETIC_BIRTH,capacity-shadow,244,ARITH_A,ARITHMETIC,1,,0
0,B_ARITHMETIC_BIRTH,geometry-shadow,244,ARITH_A,ARITHMETIC,0,1.3964416980743408,0
0,B_ARITHMETIC_BIRTH,incumbent,245,ARITH_A,ARITHMETIC,0,0.0,0
0,B_ARITHMETIC_BIRTH,capacity-shadow,245,ARITH_A,ARITHMETIC,0,,0
0,B_ARITHMETIC_BIRTH,geometry-shadow,245,ARITH_A,ARITHMETIC,0,1.3831993341445925,0
0,B_ARITHMETIC_BIRTH,incumbent,246,ARITH_A,ARITHMETIC,0,0.0,0
0,B_ARITHMETIC_BIRTH,capacity-shadow,246,ARITH_A,ARITHMETIC,1,,0
0,B_ARITHMETIC_BIRTH,geometry-shadow,246,ARITH_A,ARITHMETIC,0,1.3844597339630127,0
0,B_ARITHMETIC_BIRTH,incumbent,247,STORY,STORY,0,0.0,0
0,B_ARITHMETIC_BIRTH,capacity-shadow,247,STORY,STORY,0,,0
0,B_ARITHMETIC_BIRTH,geometry-shadow,247,STORY,STORY,0,0.0901219844818115,0
0,B_ARITHMETIC_BIRTH,incumbent,248,STORY,STORY,0,0.0,0
0,B_ARITHMETIC_BIRTH,capacity-shadow,248,STORY,STORY,1,,0
0,B_ARITHMETIC_BIRTH,geometry-shadow,248,STORY,STORY,0,0.7646162509918213,0
0,B_ARITHMETIC_BIRTH,incumbent,249,STORY,STORY,0,0.0,0
0,B_ARITHMETIC_BIRTH,capacity-shadow,249,STORY,STORY,0,,0
0,B_ARITHMETIC_BIRTH,geometry-shadow,249,STORY,STORY,0,0.7943975329399109,0
0,B_ARITHMETIC_BIRTH,incumbent,250,ARITH_A,ARITHMETIC,0,0.0,0
0,B_ARITHMETIC_BIRTH,capacity-shadow,250,ARITH_A,ARITHMETIC,0,,0
0,B_ARITHMETIC_BIRTH,geometry-shadow,250,ARITH_A,ARITHMETIC,0,1.3863309621810913,0
0,B_ARITHMETIC_BIRTH,incumbent,251,STORY,STORY,0,0.0,0
0,B_ARITHMETIC_BIRTH,capacity-shadow,251,STORY,STORY,1,,0
0,B_ARITHMETIC_BIRTH,geometry-shadow,251,STORY,STORY,1,0.1325373649597168,0
0,B_ARITHMETIC_BIRTH,incumbent,252,STORY,STORY,0,0.0,0
0,B_ARITHMETIC_BIRTH,capacity-shadow,252,STORY,STORY,0,,0
0,B_ARITHMETIC_BIRTH,geometry-shadow,252,STORY,STORY,0,0.4337060451507568,0
0,B_ARITHMETIC_BIRTH,incumbent,253,STORY,STORY,0,0.0,0
0,B_ARITHMETIC_BIRTH,capacity-shadow,253,STORY,STORY,1,,0
0,B_ARITHMETIC_BIRTH,geometry-shadow,253,STORY,STORY,1,0.9381921887397766,0
0,B_ARITHMETIC_BIRTH,incumbent,254,STORY,STORY,0,0.0,0
0,B_ARITHMETIC_BIRTH,capacity-shadow,254,STORY,STORY,0,,0
0,B_ARITHMETIC_BIRTH,geometry-shadow,254,STORY,STORY,1,0.6289893388748169,0
0,B_ARITHMETIC_BIRTH,incumbent,255,STORY,STORY,0,0.0,0
0,B_ARITHMETIC_BIRTH,capacity-shadow,255,STORY,STORY,1,,0
0,B_ARITHMETIC_BIRTH,geometry-shadow,255,STORY,STORY,0,0.6007161140441895,0
0,B_ARITHMETIC_BIRTH,incumbent,256,ARITH_A,ARITHMETIC,0,0.0,0
0,B_ARITHMETIC_BIRTH,capacity-shadow,256,ARITH_A,ARITHMETIC,1,,0
0,B_ARITHMETIC_BIRTH,geometry-shadow,256,ARITH_A,ARITHMETIC,0,1.3936264514923096,0
0,C_DUPLICATE_ARITHMETIC,incumbent,1,STORY,STORY,0,0.7495349049568176,1
0,C_DUPLICATE_ARITHMETIC,capacity-shadow,1,STORY,STORY,0,,1
0,C_DUPLICATE_ARITHMETIC,geometry-shadow,1,STORY,STORY,0,0.6615490317344666,1
0,C_DUPLICATE_ARITHMETIC,incumbent,2,ARITH_B,ARITHMETIC,0,1.662808537483215,1
0,C_DUPLICATE_ARITHMETIC,capacity-shadow,2,ARITH_B,ARITHMETIC,0,,1
0,C_DUPLICATE_ARITHMETIC,geometry-shadow,2,ARITH_B,ARITHMETIC,0,1.2512818574905396,1
0,C_DUPLICATE_ARITHMETIC,incumbent,3,ARITH_B,ARITHMETIC,0,1.65037202835083,1
0,C_DUPLICATE_ARITHMETIC,capacity-shadow,3,ARITH_B,ARITHMETIC,0,,1
0,C_DUPLICATE_ARITHMETIC,geometry-shadow,3,ARITH_B,ARITHMETIC,0,1.2530516386032104,1
0,C_DUPLICATE_ARITHMETIC,incumbent,4,STORY,STORY,0,0.4801605939865112,1
0,C_DUPLICATE_ARITHMETIC,capacity-shadow,4,STORY,STORY,0,,1
0,C_DUPLICATE_ARITHMETIC,geometry-shadow,4,STORY,STORY,0,0.6234593391418457,1
0,C_DUPLICATE_ARITHMETIC,incumbent,5,STORY,STORY,1,0.0281163454055786,1
0,C_DUPLICATE_ARITHMETIC,capacity-shadow,5,STORY,STORY,1,,1
0,C_DUPLICATE_ARITHMETIC,geometry-shadow,5,STORY,STORY,2,0.086711049079895,1
0,C_DUPLICATE_ARITHMETIC,incumbent,6,ARITH_B,ARITHMETIC,0,1.6517506837844849,1
0,C_DUPLICATE_ARITHMETIC,capacity-shadow,6,ARITH_B,ARITHMETIC,0,,1
0,C_DUPLICATE_ARITHMETIC,geometry-shadow,6,ARITH_B,ARITHMETIC,0,1.2359068393707275,1
0,C_DUPLICATE_ARITHMETIC,incumbent,7,STORY,STORY,1,0.1560842990875244,1
0,C_DUPLICATE_ARITHMETIC,capacity-shadow,7,STORY,STORY,2,,1
0,C_DUPLICATE_ARITHMETIC,geometry-shadow,7,STORY,STORY,2,0.1634224653244018,1
0,C_DUPLICATE_ARITHMETIC,incumbent,8,ARITH_A,ARITHMETIC,0,1.660658359527588,1
0,C_DUPLICATE_ARITHMETIC,capacity-shadow,8,ARITH_A,ARITHMETIC,0,,1
0,C_DUPLICATE_ARITHMETIC,geometry-shadow,8,ARITH_A,ARITHMETIC,0,1.2425106763839722,1
0,C_DUPLICATE_ARITHMETIC,incumbent,9,STORY,STORY,0,0.8047486543655396,1
0,C_DUPLICATE_ARITHMETIC,capacity-shadow,9,STORY,STORY,0,,1
0,C_DUPLICATE_ARITHMETIC,geometry-shadow,9,STORY,STORY,0,0.749330997467041,1
0,C_DUPLICATE_ARITHMETIC,incumbent,10,STORY,STORY,0,0.8374822735786438,1
0,C_DUPLICATE_ARITHMETIC,capacity-shadow,10,STORY,STORY,0,,1
0,C_DUPLICATE_ARITHMETIC,geometry-shadow,10,STORY,STORY,0,0.8535240292549133,1
0,C_DUPLICATE_ARITHMETIC,incumbent,11,STORY,STORY,1,0.1991132497787475,1
0,C_DUPLICATE_ARITHMETIC,capacity-shadow,11,STORY,STORY,1,,1
0,C_DUPLICATE_ARITHMETIC,geometry-shadow,11,STORY,STORY,2,0.2581135034561157,1
0,C_DUPLICATE_ARITHMETIC,incumbent,12,STORY,STORY,1,0.0264029502868652,1
0,C_DUPLICATE_ARITHMETIC,capacity-shadow,12,STORY,STORY,2,,1
0,C_DUPLICATE_ARITHMETIC,geometry-shadow,12,STORY,STORY,2,0.1814452409744262,1
0,C_DUPLICATE_ARITHMETIC,incumbent,13,ARITH_A,ARITHMETIC,0,1.6565794944763184,1
0,C_DUPLICATE_ARITHMETIC,capacity-shadow,13,ARITH_A,ARITHMETIC,0,,1
0,C_DUPLICATE_ARITHMETIC,geometry-shadow,13,ARITH_A,ARITHMETIC,0,1.2558207511901855,1
0,C_DUPLICATE_ARITHMETIC,incumbent,14,ARITH_A,ARITHMETIC,0,1.6566287279129028,1
0,C_DUPLICATE_ARITHMETIC,capacity-shadow,14,ARITH_A,ARITHMETIC,0,,1
0,C_DUPLICATE_ARITHMETIC,geometry-shadow,14,ARITH_A,ARITHMETIC,0,1.2583390474319458,1
0,C_DUPLICATE_ARITHMETIC,incumbent,15,STORY,STORY,0,1.3067760467529297,1
0,C_DUPLICATE_ARITHMETIC,capacity-shadow,15,STORY,STORY,0,,1
0,C_DUPLICATE_ARITHMETIC,geometry-shadow,15,STORY,STORY,0,1.0389618873596191,1
0,C_DUPLICATE_ARITHMETIC,incumbent,16,STORY,STORY,1,1.3570547103881836,1
0,C_DUPLICATE_ARITHMETIC,capacity-shadow,16,STORY,STORY,1,,1
0,C_DUPLICATE_ARITHMETIC,geometry-shadow,16,STORY,STORY,1,0.0772575736045837,1
0,C_DUPLICATE_ARITHMETIC,incumbent,17,STORY,STORY,0,0.9099583029747008,1
0,C_DUPLICATE_ARITHMETIC,capacity-shadow,17,STORY,STORY,0,,1
0,C_DUPLICATE_ARITHMETIC,geometry-shadow,17,STORY,STORY,0,0.4685057997703552,1
0,C_DUPLICATE_ARITHMETIC,incumbent,18,STORY,STORY,0,0.9130624532699584,1
0,C_DUPLICATE_ARITHMETIC,capacity-shadow,18,STORY,STORY,0,,1
0,C_DUPLICATE_ARITHMETIC,geometry-shadow,18,STORY,STORY,0,0.7305096387863159,1
0,C_DUPLICATE_ARITHMETIC,incumbent,19,ARITH_A,ARITHMETIC,0,1.6394695043563845,1
0,C_DUPLICATE_ARITHMETIC,capacity-shadow,19,ARITH_A,ARITHMETIC,0,,1
0,C_DUPLICATE_ARITHMETIC,geometry-shadow,19,ARITH_A,ARITHMETIC,0,1.2523391246795654,1
0,C_DUPLICATE_ARITHMETIC,incumbent,20,STORY,STORY,1,0.3932559490203857,1
0,C_DUPLICATE_ARITHMETIC,capacity-shadow,20,STORY,STORY,2,,1
0,C_DUPLICATE_ARITHMETIC,geometry-shadow,20,STORY,STORY,1,0.2407644987106323,1
0,C_DUPLICATE_ARITHMETIC,incumbent,21,STORY,STORY,0,0.3961302042007446,1
0,C_DUPLICATE_ARITHMETIC,capacity-shadow,21,STORY,STORY,0,,1
0,C_DUPLICATE_ARITHMETIC,geometry-shadow,21,STORY,STORY,0,0.3742349147796631,1
0,C_DUPLICATE_ARITHMETIC,incumbent,22,ARITH_B,ARITHMETIC,0,1.6619869470596311,1
0,C_DUPLICATE_ARITHMETIC,capacity-shadow,22,ARITH_B,ARITHMETIC,0,,1
0,C_DUPLICATE_ARITHMETIC,geometry-shadow,22,ARITH_B,ARITHMETIC,0,1.2451549768447876,1
0,C_DUPLICATE_ARITHMETIC,incumbent,23,STORY,STORY,0,1.208251714706421,1
0,C_DUPLICATE_ARITHMETIC,capacity-shadow,23,STORY,STORY,0,,1
0,C_DUPLICATE_ARITHMETIC,geometry-shadow,23,STORY,STORY,0,0.8920733332633972,1
0,C_DUPLICATE_ARITHMETIC,incumbent,24,ARITH_A,ARITHMETIC,0,1.6664741039276123,1
0,C_DUPLICATE_ARITHMETIC,capacity-shadow,24,ARITH_A,ARITHMETIC,0,,1
0,C_DUPLICATE_ARITHMETIC,geometry-shadow,24,ARITH_A,ARITHMETIC,0,1.2419112920761108,1
0,C_DUPLICATE_ARITHMETIC,incumbent,25,STORY,STORY,0,1.1485934257507324,1
0,C_DUPLICATE_ARITHMETIC,capacity-shadow,25,STORY,STORY,0,,1
0,C_DUPLICATE_ARITHMETIC,geometry-shadow,25,STORY,STORY,0,0.8388538360595703,1
0,C_DUPLICATE_ARITHMETIC,incumbent,26,STORY,STORY,0,0.5319569110870361,1
0,C_DUPLICATE_ARITHMETIC,capacity-shadow,26,STORY,STORY,0,,1
0,C_DUPLICATE_ARITHMETIC,geometry-shadow,26,STORY,STORY,0,0.4803420305252075,1
0,C_DUPLICATE_ARITHMETIC,incumbent,27,STORY,STORY,0,0.4206385612487793,1
0,C_DUPLICATE_ARITHMETIC,capacity-shadow,27,STORY,STORY,0,,1
0,C_DUPLICATE_ARITHMETIC,geometry-shadow,27,STORY,STORY,0,0.0967001914978027,1
0,C_DUPLICATE_ARITHMETIC,incumbent,28,ARITH_B,ARITHMETIC,0,1.653689980506897,1
0,C_DUPLICATE_ARITHMETIC,capacity-shadow,28,ARITH_B,ARITHMETIC,0,,1
0,C_DUPLICATE_ARITHMETIC,geometry-shadow,28,ARITH_B,ARITHMETIC,0,1.2456047534942627,1
0,C_DUPLICATE_ARITHMETIC,incumbent,29,STORY,STORY,0,1.5532735586166382,1
0,C_DUPLICATE_ARITHMETIC,capacity-shadow,29,STORY,STORY,0,,1
0,C_DUPLICATE_ARITHMETIC,geometry-shadow,29,STORY,STORY,0,1.2078198194503784,1
0,C_DUPLICATE_ARITHMETIC,incumbent,30,STORY,STORY,0,1.1166654825210571,1
0,C_DUPLICATE_ARITHMETIC,capacity-shadow,30,STORY,STORY,0,,1
0,C_DUPLICATE_ARITHMETIC,geometry-shadow,30,STORY,STORY,0,0.9854722023010254,1
0,C_DUPLICATE_ARITHMETIC,incumbent,31,STORY,STORY,0,1.1195995807647705,1
0,C_DUPLICATE_ARITHMETIC,capacity-shadow,31,STORY,STORY,0,,1
0,C_DUPLICATE_ARITHMETIC,geometry-shadow,31,STORY,STORY,0,0.856329619884491,1
0,C_DUPLICATE_ARITHMETIC,incumbent,32,STORY,STORY,1,2.021713972091675,1
0,C_DUPLICATE_ARITHMETIC,capacity-shadow,32,STORY,STORY,1,,1
0,C_DUPLICATE_ARITHMETIC,geometry-shadow,32,STORY,STORY,1,0.7346903085708618,1
0,C_DUPLICATE_ARITHMETIC,incumbent,33,STORY,STORY,0,1.3171045780181885,1
0,C_DUPLICATE_ARITHMETIC,capacity-shadow,33,STORY,STORY,0,,1
0,C_DUPLICATE_ARITHMETIC,geometry-shadow,33,STORY,STORY,0,1.028459548950195,1
0,C_DUPLICATE_ARITHMETIC,incumbent,34,ARITH_A,ARITHMETIC,0,1.6658673286437988,1
0,C_DUPLICATE_ARITHMETIC,capacity-shadow,34,ARITH_A,ARITHMETIC,0,,1
0,C_DUPLICATE_ARITHMETIC,geometry-shadow,34,ARITH_A,ARITHMETIC,0,1.2457587718963623,1
0,C_DUPLICATE_ARITHMETIC,incumbent,35,ARITH_A,ARITHMETIC,0,1.6586575508117676,1
0,C_DUPLICATE_ARITHMETIC,capacity-shadow,35,ARITH_A,ARITHMETIC,0,,1
0,C_DUPLICATE_ARITHMETIC,geometry-shadow,35,ARITH_A,ARITHMETIC,0,1.237260818481445,1
0,C_DUPLICATE_ARITHMETIC,incumbent,36,STORY,STORY,0,0.8184215426445007,1
0,C_DUPLICATE_ARITHMETIC,capacity-shadow,36,STORY,STORY,0,,1
0,C_DUPLICATE_ARITHMETIC,geometry-shadow,36,STORY,STORY,0,0.6660322546958923,1
0,C_DUPLICATE_ARITHMETIC,incumbent,37,ARITH_B,ARITHMETIC,0,1.6510497331619265,1
0,C_DUPLICATE_ARITHMETIC,capacity-shadow,37,ARITH_B,ARITHMETIC,0,,1
0,C_DUPLICATE_ARITHMETIC,geometry-shadow,37,ARITH_B,ARITHMETIC,0,1.246566653251648,1
0,C_DUPLICATE_ARITHMETIC,incumbent,38,STORY,STORY,0,0.555493175983429,1
0,C_DUPLICATE_ARITHMETIC,capacity-shadow,38,STORY,STORY,0,,1
0,C_DUPLICATE_ARITHMETIC,geometry-shadow,38,STORY,STORY,0,0.3878077864646911,1
0,C_DUPLICATE_ARITHMETIC,incumbent,39,ARITH_B,ARITHMETIC,0,1.646186351776123,1
0,C_DUPLICATE_ARITHMETIC,capacity-shadow,39,ARITH_B,ARITHMETIC,0,,1
0,C_DUPLICATE_ARITHMETIC,geometry-shadow,39,ARITH_B,ARITHMETIC,0,1.2460962533950806,1
0,C_DUPLICATE_ARITHMETIC,incumbent,40,STORY,STORY,0,0.9087205529212952,1
0,C_DUPLICATE_ARITHMETIC,capacity-shadow,40,STORY,STORY,0,,1
0,C_DUPLICATE_ARITHMETIC,geometry-shadow,40,STORY,STORY,0,0.7100551724433899,1
0,C_DUPLICATE_ARITHMETIC,incumbent,41,ARITH_A,ARITHMETIC,0,1.6601128578186035,1
0,C_DUPLICATE_ARITHMETIC,capacity-shadow,41,ARITH_A,ARITHMETIC,0,,1
0,C_DUPLICATE_ARITHMETIC,geometry-shadow,41,ARITH_A,ARITHMETIC,0,1.2484151124954224,1
0,C_DUPLICATE_ARITHMETIC,incumbent,42,ARITH_A,ARITHMETIC,0,1.6538474559783936,1
0,C_DUPLICATE_ARITHMETIC,capacity-shadow,42,ARITH_A,ARITHMETIC,0,,1
0,C_DUPLICATE_ARITHMETIC,geometry-shadow,42,ARITH_A,ARITHMETIC,0,1.2413145303726196,1
0,C_DUPLICATE_ARITHMETIC,incumbent,43,STORY,STORY,0,1.1369858980178833,1
0,C_DUPLICATE_ARITHMETIC,capacity-shadow,43,STORY,STORY,0,,1
0,C_DUPLICATE_ARITHMETIC,geometry-shadow,43,STORY,STORY,0,1.015071988105774,1
0,C_DUPLICATE_ARITHMETIC,incumbent,44,STORY,STORY,1,0.3368449211120605,1
0,C_DUPLICATE_ARITHMETIC,capacity-shadow,44,STORY,STORY,2,,1
0,C_DUPLICATE_ARITHMETIC,geometry-shadow,44,STORY,STORY,1,0.3147863149642944,1
0,C_DUPLICATE_ARITHMETIC,incumbent,45,STORY,STORY,0,0.5935436487197876,1
0,C_DUPLICATE_ARITHMETIC,capacity-shadow,45,STORY,STORY,0,,1
0,C_DUPLICATE_ARITHMETIC,geometry-shadow,45,STORY,STORY,0,0.5991190671920776,1
0,C_DUPLICATE_ARITHMETIC,incumbent,46,ARITH_B,ARITHMETIC,0,1.6618192195892334,1
0,C_DUPLICATE_ARITHMETIC,capacity-shadow,46,ARITH_B,ARITHMETIC,0,,1
0,C_DUPLICATE_ARITHMETIC,geometry-shadow,46,ARITH_B,ARITHMETIC,0,1.2406604290008545,1
0,C_DUPLICATE_ARITHMETIC,incumbent,47,ARITH_A,ARITHMETIC,0,1.653988003730774,1
0,C_DUPLICATE_ARITHMETIC,capacity-shadow,47,ARITH_A,ARITHMETIC,0,,1
0,C_DUPLICATE_ARITHMETIC,geometry-shadow,47,ARITH_A,ARITHMETIC,0,1.254751443862915,1
0,C_DUPLICATE_ARITHMETIC,incumbent,48,ARITH_B,ARITHMETIC,0,1.6567440032958984,1
0,C_DUPLICATE_ARITHMETIC,capacity-shadow,48,ARITH_B,ARITHMETIC,0,,1
0,C_DUPLICATE_ARITHMETIC,geometry-shadow,48,ARITH_B,ARITHMETIC,0,1.2319072484970093,1
0,C_DUPLICATE_ARITHMETIC,incumbent,49,ARITH_A,ARITHMETIC,0,1.6526814699172974,1
0,C_DUPLICATE_ARITHMETIC,capacity-shadow,49,ARITH_A,ARITHMETIC,0,,1
0,C_DUPLICATE_ARITHMETIC,geometry-shadow,49,ARITH_A,ARITHMETIC,0,1.236613392829895,1
0,C_DUPLICATE_ARITHMETIC,incumbent,50,ARITH_A,ARITHMETIC,0,1.65846848487854,1
0,C_DUPLICATE_ARITHMETIC,capacity-shadow,50,ARITH_A,ARITHMETIC,0,,1
0,C_DUPLICATE_ARITHMETIC,geometry-shadow,50,ARITH_A,ARITHMETIC,0,1.2459509372711182,1
0,C_DUPLICATE_ARITHMETIC,incumbent,51,ARITH_A,ARITHMETIC,0,1.6566317081451416,1
0,C_DUPLICATE_ARITHMETIC,capacity-shadow,51,ARITH_A,ARITHMETIC,0,,1
0,C_DUPLICATE_ARITHMETIC,geometry-shadow,51,ARITH_A,ARITHMETIC,0,1.2513327598571775,1
0,C_DUPLICATE_ARITHMETIC,incumbent,52,ARITH_B,ARITHMETIC,0,1.6655781269073486,1
0,C_DUPLICATE_ARITHMETIC,capacity-shadow,52,ARITH_B,ARITHMETIC,0,,1
0,C_DUPLICATE_ARITHMETIC,geometry-shadow,52,ARITH_B,ARITHMETIC,0,1.237627029418945,1
0,C_DUPLICATE_ARITHMETIC,incumbent,53,STORY,STORY,0,1.17889404296875,1
0,C_DUPLICATE_ARITHMETIC,capacity-shadow,53,STORY,STORY,0,,1
0,C_DUPLICATE_ARITHMETIC,geometry-shadow,53,STORY,STORY,0,1.0694034099578855,1
0,C_DUPLICATE_ARITHMETIC,incumbent,54,ARITH_B,ARITHMETIC,0,1.6588752269744873,1
0,C_DUPLICATE_ARITHMETIC,capacity-shadow,54,ARITH_B,ARITHMETIC,0,,1
0,C_DUPLICATE_ARITHMETIC,geometry-shadow,54,ARITH_B,ARITHMETIC,0,1.2581783533096311,1
0,C_DUPLICATE_ARITHMETIC,incumbent,55,STORY,STORY,0,0.8475830554962158,1
0,C_DUPLICATE_ARITHMETIC,capacity-shadow,55,STORY,STORY,0,,1
0,C_DUPLICATE_ARITHMETIC,geometry-shadow,55,STORY,STORY,0,0.7693212032318115,1
0,C_DUPLICATE_ARITHMETIC,incumbent,56,ARITH_B,ARITHMETIC,0,1.6637991666793823,1
0,C_DUPLICATE_ARITHMETIC,capacity-shadow,56,ARITH_B,ARITHMETIC,0,,1
0,C_DUPLICATE_ARITHMETIC,geometry-shadow,56,ARITH_B,ARITHMETIC,0,1.2381386756896973,1
0,C_DUPLICATE_ARITHMETIC,incumbent,57,STORY,STORY,1,0.7791417837142944,1
0,C_DUPLICATE_ARITHMETIC,capacity-shadow,57,STORY,STORY,1,,1
0,C_DUPLICATE_ARITHMETIC,geometry-shadow,57,STORY,STORY,1,0.2646703720092773,1
0,C_DUPLICATE_ARITHMETIC,incumbent,58,ARITH_A,ARITHMETIC,0,1.6696345806121826,1
0,C_DUPLICATE_ARITHMETIC,capacity-shadow,58,ARITH_A,ARITHMETIC,0,,1
0,C_DUPLICATE_ARITHMETIC,geometry-shadow,58,ARITH_A,ARITHMETIC,0,1.2459666728973389,1
0,C_DUPLICATE_ARITHMETIC,incumbent,59,ARITH_B,ARITHMETIC,0,1.6539841890335083,1
0,C_DUPLICATE_ARITHMETIC,capacity-shadow,59,ARITH_B,ARITHMETIC,0,,1
0,C_DUPLICATE_ARITHMETIC,geometry-shadow,59,ARITH_B,ARITHMETIC,0,1.257683515548706,1
0,C_DUPLICATE_ARITHMETIC,incumbent,60,STORY,STORY,0,0.2288732528686523,1
0,C_DUPLICATE_ARITHMETIC,capacity-shadow,60,STORY,STORY,0,,1
0,C_DUPLICATE_ARITHMETIC,geometry-shadow,60,STORY,STORY,0,0.2726483345031738,1
0,C_DUPLICATE_ARITHMETIC,incumbent,61,STORY,STORY,0,0.8914965391159058,1
0,C_DUPLICATE_ARITHMETIC,capacity-shadow,61,STORY,STORY,0,,1
0,C_DUPLICATE_ARITHMETIC,geometry-shadow,61,STORY,STORY,0,0.7742660045623779,1
0,C_DUPLICATE_ARITHMETIC,incumbent,62,STORY,STORY,0,0.5722572803497314,1
0,C_DUPLICATE_ARITHMETIC,capacity-shadow,62,STORY,STORY,0,,1
0,C_DUPLICATE_ARITHMETIC,geometry-shadow,62,STORY,STORY,0,0.3834930658340454,1
0,C_DUPLICATE_ARITHMETIC,incumbent,63,STORY,STORY,0,1.0229731798171997,1
0,C_DUPLICATE_ARITHMETIC,capacity-shadow,63,STORY,STORY,0,,1
0,C_DUPLICATE_ARITHMETIC,geometry-shadow,63,STORY,STORY,0,0.7635787725448608,1
0,C_DUPLICATE_ARITHMETIC,incumbent,64,ARITH_A,ARITHMETIC,0,1.6566449403762815,1
0,C_DUPLICATE_ARITHMETIC,capacity-shadow,64,ARITH_A,ARITHMETIC,0,,1
0,C_DUPLICATE_ARITHMETIC,geometry-shadow,64,ARITH_A,ARITHMETIC,0,1.2599449157714844,1
0,C_DUPLICATE_ARITHMETIC,incumbent,65,STORY,STORY,0,1.0841429233551023,1
0,C_DUPLICATE_ARITHMETIC,capacity-shadow,65,STORY,STORY,0,,1
0,C_DUPLICATE_ARITHMETIC,geometry-shadow,65,STORY,STORY,0,0.7728871703147888,1
0,C_DUPLICATE_ARITHMETIC,incumbent,66,ARITH_B,ARITHMETIC,0,1.649247646331787,1
0,C_DUPLICATE_ARITHMETIC,capacity-shadow,66,ARITH_B,ARITHMETIC,0,,1
0,C_DUPLICATE_ARITHMETIC,geometry-shadow,66,ARITH_B,ARITHMETIC,0,1.2428982257843018,1
0,C_DUPLICATE_ARITHMETIC,incumbent,67,ARITH_B,ARITHMETIC,0,1.662956476211548,1
0,C_DUPLICATE_ARITHMETIC,capacity-shadow,67,ARITH_B,ARITHMETIC,0,,1
0,C_DUPLICATE_ARITHMETIC,geometry-shadow,67,ARITH_B,ARITHMETIC,0,1.2655186653137207,1
0,C_DUPLICATE_ARITHMETIC,incumbent,68,STORY,STORY,0,1.198718547821045,1
0,C_DUPLICATE_ARITHMETIC,capacity-shadow,68,STORY,STORY,0,,1
0,C_DUPLICATE_ARITHMETIC,geometry-shadow,68,STORY,STORY,0,1.078174114227295,1
0,C_DUPLICATE_ARITHMETIC,incumbent,69,STORY,STORY,1,0.0134221315383911,1
0,C_DUPLICATE_ARITHMETIC,capacity-shadow,69,STORY,STORY,2,,1
0,C_DUPLICATE_ARITHMETIC,geometry-shadow,69,STORY,STORY,2,0.0770580768585205,1
0,C_DUPLICATE_ARITHMETIC,incumbent,70,ARITH_A,ARITHMETIC,0,1.6604681015014648,1
0,C_DUPLICATE_ARITHMETIC,capacity-shadow,70,ARITH_A,ARITHMETIC,0,,1
0,C_DUPLICATE_ARITHMETIC,geometry-shadow,70,ARITH_A,ARITHMETIC,0,1.2431129217147827,1
0,C_DUPLICATE_ARITHMETIC,incumbent,71,ARITH_B,ARITHMETIC,0,1.6643186807632446,1
0,C_DUPLICATE_ARITHMETIC,capacity-shadow,71,ARITH_B,ARITHMETIC,0,,1
0,C_DUPLICATE_ARITHMETIC,geometry-shadow,71,ARITH_B,ARITHMETIC,0,1.2565973997116089,1
0,C_DUPLICATE_ARITHMETIC,incumbent,72,STORY,STORY,1,0.7759933471679688,1
0,C_DUPLICATE_ARITHMETIC,capacity-shadow,72,STORY,STORY,1,,1
0,C_DUPLICATE_ARITHMETIC,geometry-shadow,72,STORY,STORY,1,0.1195323467254638,1
0,C_DUPLICATE_ARITHMETIC,incumbent,73,STORY,STORY,0,0.379682719707489,1
0,C_DUPLICATE_ARITHMETIC,capacity-shadow,73,STORY,STORY,0,,1
0,C_DUPLICATE_ARITHMETIC,geometry-shadow,73,STORY,STORY,0,0.0781177878379821,1
0,C_DUPLICATE_ARITHMETIC,incumbent,74,STORY,STORY,0,0.6566712260246277,1
0,C_DUPLICATE_ARITHMETIC,capacity-shadow,74,STORY,STORY,0,,1
0,C_DUPLICATE_ARITHMETIC,geometry-shadow,74,STORY,STORY,0,0.4573052525520324,1
0,C_DUPLICATE_ARITHMETIC,incumbent,75,STORY,STORY,0,1.1932710409164429,1
0,C_DUPLICATE_ARITHMETIC,capacity-shadow,75,STORY,STORY,0,,1
0,C_DUPLICATE_ARITHMETIC,geometry-shadow,75,STORY,STORY,0,1.2079659700393677,1
0,C_DUPLICATE_ARITHMETIC,incumbent,76,STORY,STORY,1,1.341871976852417,1
0,C_DUPLICATE_ARITHMETIC,capacity-shadow,76,STORY,STORY,2,,1
0,C_DUPLICATE_ARITHMETIC,geometry-shadow,76,STORY,STORY,1,0.4434232115745544,1
0,C_DUPLICATE_ARITHMETIC,incumbent,77,ARITH_A,ARITHMETIC,0,1.65367591381073,1
0,C_DUPLICATE_ARITHMETIC,capacity-shadow,77,ARITH_A,ARITHMETIC,0,,1
0,C_DUPLICATE_ARITHMETIC,geometry-shadow,77,ARITH_A,ARITHMETIC,0,1.2474250793457031,1
0,C_DUPLICATE_ARITHMETIC,incumbent,78,ARITH_B,ARITHMETIC,0,1.661749243736267,1
0,C_DUPLICATE_ARITHMETIC,capacity-shadow,78,ARITH_B,ARITHMETIC,0,,1
0,C_DUPLICATE_ARITHMETIC,geometry-shadow,78,ARITH_B,ARITHMETIC,0,1.245078444480896,1
0,C_DUPLICATE_ARITHMETIC,incumbent,79,STORY,STORY,1,1.5378987789154053,1
0,C_DUPLICATE_ARITHMETIC,capacity-shadow,79,STORY,STORY,1,,1
0,C_DUPLICATE_ARITHMETIC,geometry-shadow,79,STORY,STORY,1,0.9522523283958436,1
0,C_DUPLICATE_ARITHMETIC,incumbent,80,STORY,STORY,0,1.121921181678772,1
0,C_DUPLICATE_ARITHMETIC,capacity-shadow,80,STORY,STORY,0,,1
0,C_DUPLICATE_ARITHMETIC,geometry-shadow,80,STORY,STORY,0,0.7052984237670898,1
0,C_DUPLICATE_ARITHMETIC,incumbent,81,ARITH_A,ARITHMETIC,0,1.6617634296417236,1
0,C_DUPLICATE_ARITHMETIC,capacity-shadow,81,ARITH_A,ARITHMETIC,0,,1
0,C_DUPLICATE_ARITHMETIC,geometry-shadow,81,ARITH_A,ARITHMETIC,0,1.2364466190338137,1
0,C_DUPLICATE_ARITHMETIC,incumbent,82,ARITH_B,ARITHMETIC,0,1.6546061038970947,1
0,C_DUPLICATE_ARITHMETIC,capacity-shadow,82,ARITH_B,ARITHMETIC,0,,1
0,C_DUPLICATE_ARITHMETIC,geometry-shadow,82,ARITH_B,ARITHMETIC,0,1.2266650199890137,1
0,C_DUPLICATE_ARITHMETIC,incumbent,83,ARITH_B,ARITHMETIC,0,1.659459114074707,1
0,C_DUPLICATE_ARITHMETIC,capacity-shadow,83,ARITH_B,ARITHMETIC,0,,1
0,C_DUPLICATE_ARITHMETIC,geometry-shadow,83,ARITH_B,ARITHMETIC,0,1.2455023527145386,1
0,C_DUPLICATE_ARITHMETIC,incumbent,84,ARITH_A,ARITHMETIC,0,1.6681963205337524,1
0,C_DUPLICATE_ARITHMETIC,capacity-shadow,84,ARITH_A,ARITHMETIC,0,,1
0,C_DUPLICATE_ARITHMETIC,geometry-shadow,84,ARITH_A,ARITHMETIC,0,1.23598313331604,1
0,C_DUPLICATE_ARITHMETIC,incumbent,85,ARITH_A,ARITHMETIC,0,1.657412052154541,1
0,C_DUPLICATE_ARITHMETIC,capacity-shadow,85,ARITH_A,ARITHMETIC,0,,1
0,C_DUPLICATE_ARITHMETIC,geometry-shadow,85,ARITH_A,ARITHMETIC,0,1.235598921775818,1
0,C_DUPLICATE_ARITHMETIC,incumbent,86,STORY,STORY,0,0.7043020725250244,1
0,C_DUPLICATE_ARITHMETIC,capacity-shadow,86,STORY,STORY,0,,1
0,C_DUPLICATE_ARITHMETIC,geometry-shadow,86,STORY,STORY,0,0.5019360780715942,1
0,C_DUPLICATE_ARITHMETIC,incumbent,87,STORY,STORY,1,1.1874371767044067,1
0,C_DUPLICATE_ARITHMETIC,capacity-shadow,87,STORY,STORY,2,,1
0,C_DUPLICATE_ARITHMETIC,geometry-shadow,87,STORY,STORY,1,0.3650521039962768,1
0,C_DUPLICATE_ARITHMETIC,incumbent,88,STORY,STORY,0,0.0722285509109497,1
0,C_DUPLICATE_ARITHMETIC,capacity-shadow,88,STORY,STORY,0,,1
0,C_DUPLICATE_ARITHMETIC,geometry-shadow,88,STORY,STORY,2,0.1332685947418213,1
0,C_DUPLICATE_ARITHMETIC,incumbent,89,ARITH_B,ARITHMETIC,0,1.660341739654541,1
0,C_DUPLICATE_ARITHMETIC,capacity-shadow,89,ARITH_B,ARITHMETIC,0,,1
0,C_DUPLICATE_ARITHMETIC,geometry-shadow,89,ARITH_B,ARITHMETIC,0,1.2374985218048096,1
0,C_DUPLICATE_ARITHMETIC,incumbent,90,ARITH_A,ARITHMETIC,0,1.65269672870636,1
0,C_DUPLICATE_ARITHMETIC,capacity-shadow,90,ARITH_A,ARITHMETIC,0,,1
0,C_DUPLICATE_ARITHMETIC,geometry-shadow,90,ARITH_A,ARITHMETIC,0,1.2485761642456057,1
0,C_DUPLICATE_ARITHMETIC,incumbent,91,STORY,STORY,0,0.0424152612686157,1
0,C_DUPLICATE_ARITHMETIC,capacity-shadow,91,STORY,STORY,0,,1
0,C_DUPLICATE_ARITHMETIC,geometry-shadow,91,STORY,STORY,2,0.0942751169204711,1
0,C_DUPLICATE_ARITHMETIC,incumbent,92,ARITH_A,ARITHMETIC,0,1.6599724292755127,1
0,C_DUPLICATE_ARITHMETIC,capacity-shadow,92,ARITH_A,ARITHMETIC,0,,1
0,C_DUPLICATE_ARITHMETIC,geometry-shadow,92,ARITH_A,ARITHMETIC,0,1.2359524965286257,1
0,C_DUPLICATE_ARITHMETIC,incumbent,93,ARITH_A,ARITHMETIC,0,1.6639453172683716,1
0,C_DUPLICATE_ARITHMETIC,capacity-shadow,93,ARITH_A,ARITHMETIC,0,,1
0,C_DUPLICATE_ARITHMETIC,geometry-shadow,93,ARITH_A,ARITHMETIC,0,1.2530063390731812,1
0,C_DUPLICATE_ARITHMETIC,incumbent,94,STORY,STORY,0,0.4833663702011108,1
0,C_DUPLICATE_ARITHMETIC,capacity-shadow,94,STORY,STORY,0,,1
0,C_DUPLICATE_ARITHMETIC,geometry-shadow,94,STORY,STORY,0,0.3998721837997436,1
0,C_DUPLICATE_ARITHMETIC,incumbent,95,STORY,STORY,0,0.8745687007904053,1
0,C_DUPLICATE_ARITHMETIC,capacity-shadow,95,STORY,STORY,0,,1
0,C_DUPLICATE_ARITHMETIC,geometry-shadow,95,STORY,STORY,0,0.6264829635620117,1
0,C_DUPLICATE_ARITHMETIC,incumbent,96,ARITH_A,ARITHMETIC,0,1.640678882598877,1
0,C_DUPLICATE_ARITHMETIC,capacity-shadow,96,ARITH_A,ARITHMETIC,0,,1
0,C_DUPLICATE_ARITHMETIC,geometry-shadow,96,ARITH_A,ARITHMETIC,0,1.252249002456665,1
0,C_DUPLICATE_ARITHMETIC,incumbent,97,ARITH_A,ARITHMETIC,0,1.6538069248199463,1
0,C_DUPLICATE_ARITHMETIC,capacity-shadow,97,ARITH_A,ARITHMETIC,0,,1
0,C_DUPLICATE_ARITHMETIC,geometry-shadow,97,ARITH_A,ARITHMETIC,0,1.2543892860412598,1
0,C_DUPLICATE_ARITHMETIC,incumbent,98,STORY,STORY,0,0.7469927072525024,1
0,C_DUPLICATE_ARITHMETIC,capacity-shadow,98,STORY,STORY,0,,1
0,C_DUPLICATE_ARITHMETIC,geometry-shadow,98,STORY,STORY,0,0.7165771722793579,1
0,C_DUPLICATE_ARITHMETIC,incumbent,99,ARITH_B,ARITHMETIC,0,1.65476655960083,1
0,C_DUPLICATE_ARITHMETIC,capacity-shadow,99,ARITH_B,ARITHMETIC,0,,1
0,C_DUPLICATE_ARITHMETIC,geometry-shadow,99,ARITH_B,ARITHMETIC,0,1.24293851852417,1
0,C_DUPLICATE_ARITHMETIC,incumbent,100,STORY,STORY,1,0.1865512132644653,1
0,C_DUPLICATE_ARITHMETIC,capacity-shadow,100,STORY,STORY,1,,1
0,C_DUPLICATE_ARITHMETIC,geometry-shadow,100,STORY,STORY,1,0.0791469812393188,1
0,C_DUPLICATE_ARITHMETIC,incumbent,101,ARITH_A,ARITHMETIC,0,1.660035490989685,1
0,C_DUPLICATE_ARITHMETIC,capacity-shadow,101,ARITH_A,ARITHMETIC,0,,1
0,C_DUPLICATE_ARITHMETIC,geometry-shadow,101,ARITH_A,ARITHMETIC,0,1.248260736465454,1
0,C_DUPLICATE_ARITHMETIC,incumbent,102,STORY,STORY,0,1.282917857170105,1
0,C_DUPLICATE_ARITHMETIC,capacity-shadow,102,STORY,STORY,0,,1
0,C_DUPLICATE_ARITHMETIC,geometry-shadow,102,STORY,STORY,0,1.0701314210891724,1
0,C_DUPLICATE_ARITHMETIC,incumbent,103,STORY,STORY,1,0.3430464267730713,1
0,C_DUPLICATE_ARITHMETIC,capacity-shadow,103,STORY,STORY,2,,1
0,C_DUPLICATE_ARITHMETIC,geometry-shadow,103,STORY,STORY,2,0.2754489183425903,1
0,C_DUPLICATE_ARITHMETIC,incumbent,104,STORY,STORY,1,1.567003607749939,1
0,C_DUPLICATE_ARITHMETIC,capacity-shadow,104,STORY,STORY,1,,1
0,C_DUPLICATE_ARITHMETIC,geometry-shadow,104,STORY,STORY,1,0.372967004776001,1
0,C_DUPLICATE_ARITHMETIC,incumbent,105,STORY,STORY,0,0.1065038442611694,1
0,C_DUPLICATE_ARITHMETIC,capacity-shadow,105,STORY,STORY,0,,1
0,C_DUPLICATE_ARITHMETIC,geometry-shadow,105,STORY,STORY,2,0.1505136489868164,1
0,C_DUPLICATE_ARITHMETIC,incumbent,106,ARITH_A,ARITHMETIC,0,1.6628201007843018,1
0,C_DUPLICATE_ARITHMETIC,capacity-shadow,106,ARITH_A,ARITHMETIC,0,,1
0,C_DUPLICATE_ARITHMETIC,geometry-shadow,106,ARITH_A,ARITHMETIC,0,1.2486566305160522,1
0,C_DUPLICATE_ARITHMETIC,incumbent,107,ARITH_B,ARITHMETIC,0,1.6552706956863403,1
0,C_DUPLICATE_ARITHMETIC,capacity-shadow,107,ARITH_B,ARITHMETIC,0,,1
0,C_DUPLICATE_ARITHMETIC,geometry-shadow,107,ARITH_B,ARITHMETIC,0,1.2516591548919678,1
0,C_DUPLICATE_ARITHMETIC,incumbent,108,STORY,STORY,0,0.242610216140747,1
0,C_DUPLICATE_ARITHMETIC,capacity-shadow,108,STORY,STORY,0,,1
0,C_DUPLICATE_ARITHMETIC,geometry-shadow,108,STORY,STORY,0,0.0794214010238647,1
0,C_DUPLICATE_ARITHMETIC,incumbent,109,ARITH_A,ARITHMETIC,0,1.6642683744430542,1
0,C_DUPLICATE_ARITHMETIC,capacity-shadow,109,ARITH_A,ARITHMETIC,0,,1
0,C_DUPLICATE_ARITHMETIC,geometry-shadow,109,ARITH_A,ARITHMETIC,0,1.2339260578155518,1
0,C_DUPLICATE_ARITHMETIC,incumbent,110,ARITH_B,ARITHMETIC,0,1.6638126373291016,1
0,C_DUPLICATE_ARITHMETIC,capacity-shadow,110,ARITH_B,ARITHMETIC,0,,1
0,C_DUPLICATE_ARITHMETIC,geometry-shadow,110,ARITH_B,ARITHMETIC,0,1.241411209106445,1
0,C_DUPLICATE_ARITHMETIC,incumbent,111,ARITH_B,ARITHMETIC,0,1.6611182689666748,1
0,C_DUPLICATE_ARITHMETIC,capacity-shadow,111,ARITH_B,ARITHMETIC,0,,1
0,C_DUPLICATE_ARITHMETIC,geometry-shadow,111,ARITH_B,ARITHMETIC,0,1.2566567659378052,1
0,C_DUPLICATE_ARITHMETIC,incumbent,112,STORY,STORY,0,0.3690627813339233,1
0,C_DUPLICATE_ARITHMETIC,capacity-shadow,112,STORY,STORY,0,,1
0,C_DUPLICATE_ARITHMETIC,geometry-shadow,112,STORY,STORY,0,0.1796058416366577,1
0,C_DUPLICATE_ARITHMETIC,incumbent,113,ARITH_B,ARITHMETIC,0,1.65542733669281,1
0,C_DUPLICATE_ARITHMETIC,capacity-shadow,113,ARITH_B,ARITHMETIC,0,,1
0,C_DUPLICATE_ARITHMETIC,geometry-shadow,113,ARITH_B,ARITHMETIC,0,1.255906343460083,1
0,C_DUPLICATE_ARITHMETIC,incumbent,114,ARITH_A,ARITHMETIC,0,1.6633248329162598,1
0,C_DUPLICATE_ARITHMETIC,capacity-shadow,114,ARITH_A,ARITHMETIC,0,,1
0,C_DUPLICATE_ARITHMETIC,geometry-shadow,114,ARITH_A,ARITHMETIC,0,1.2235199213027954,1
0,C_DUPLICATE_ARITHMETIC,incumbent,115,ARITH_B,ARITHMETIC,0,1.6596264839172363,1
0,C_DUPLICATE_ARITHMETIC,capacity-shadow,115,ARITH_B,ARITHMETIC,0,,1
0,C_DUPLICATE_ARITHMETIC,geometry-shadow,115,ARITH_B,ARITHMETIC,0,1.2467727661132812,1
0,C_DUPLICATE_ARITHMETIC,incumbent,116,STORY,STORY,0,0.5341546535491943,1
0,C_DUPLICATE_ARITHMETIC,capacity-shadow,116,STORY,STORY,0,,1
0,C_DUPLICATE_ARITHMETIC,geometry-shadow,116,STORY,STORY,0,0.2995402812957763,1
0,C_DUPLICATE_ARITHMETIC,incumbent,117,ARITH_B,ARITHMETIC,0,1.670182466506958,1
0,C_DUPLICATE_ARITHMETIC,capacity-shadow,117,ARITH_B,ARITHMETIC,0,,1
0,C_DUPLICATE_ARITHMETIC,geometry-shadow,117,ARITH_B,ARITHMETIC,0,1.228937029838562,1
0,C_DUPLICATE_ARITHMETIC,incumbent,118,ARITH_B,ARITHMETIC,0,1.6522469520568848,1
0,C_DUPLICATE_ARITHMETIC,capacity-shadow,118,ARITH_B,ARITHMETIC,0,,1
0,C_DUPLICATE_ARITHMETIC,geometry-shadow,118,ARITH_B,ARITHMETIC,0,1.2515236139297483,1
0,C_DUPLICATE_ARITHMETIC,incumbent,119,ARITH_A,ARITHMETIC,0,1.6583430767059326,1
0,C_DUPLICATE_ARITHMETIC,capacity-shadow,119,ARITH_A,ARITHMETIC,0,,1
0,C_DUPLICATE_ARITHMETIC,geometry-shadow,119,ARITH_A,ARITHMETIC,0,1.2438170909881592,1
0,C_DUPLICATE_ARITHMETIC,incumbent,120,STORY,STORY,1,1.4438960552215576,1
0,C_DUPLICATE_ARITHMETIC,capacity-shadow,120,STORY,STORY,2,,1
0,C_DUPLICATE_ARITHMETIC,geometry-shadow,120,STORY,STORY,1,0.3721188306808471,1
0,C_DUPLICATE_ARITHMETIC,incumbent,121,STORY,STORY,1,1.8036799430847168,1
0,C_DUPLICATE_ARITHMETIC,capacity-shadow,121,STORY,STORY,1,,1
0,C_DUPLICATE_ARITHMETIC,geometry-shadow,121,STORY,STORY,1,0.6322616934776306,1
0,C_DUPLICATE_ARITHMETIC,incumbent,122,ARITH_B,ARITHMETIC,0,1.6581724882125854,1
0,C_DUPLICATE_ARITHMETIC,capacity-shadow,122,ARITH_B,ARITHMETIC,0,,1
0,C_DUPLICATE_ARITHMETIC,geometry-shadow,122,ARITH_B,ARITHMETIC,0,1.229361057281494,1
0,C_DUPLICATE_ARITHMETIC,incumbent,123,STORY,STORY,0,0.8833880424499512,1
0,C_DUPLICATE_ARITHMETIC,capacity-shadow,123,STORY,STORY,0,,1
0,C_DUPLICATE_ARITHMETIC,geometry-shadow,123,STORY,STORY,0,0.7070759534835815,1
0,C_DUPLICATE_ARITHMETIC,incumbent,124,ARITH_B,ARITHMETIC,0,1.6611870527267456,1
0,C_DUPLICATE_ARITHMETIC,capacity-shadow,124,ARITH_B,ARITHMETIC,0,,1
0,C_DUPLICATE_ARITHMETIC,geometry-shadow,124,ARITH_B,ARITHMETIC,0,1.233178973197937,1
0,C_DUPLICATE_ARITHMETIC,incumbent,125,STORY,STORY,0,0.5447074174880981,1
0,C_DUPLICATE_ARITHMETIC,capacity-shadow,125,STORY,STORY,0,,1
0,C_DUPLICATE_ARITHMETIC,geometry-shadow,125,STORY,STORY,0,0.6882147789001465,1
0,C_DUPLICATE_ARITHMETIC,incumbent,126,STORY,STORY,0,1.2376301288604736,1
0,C_DUPLICATE_ARITHMETIC,capacity-shadow,126,STORY,STORY,0,,1
0,C_DUPLICATE_ARITHMETIC,geometry-shadow,126,STORY,STORY,0,1.130018711090088,1
0,C_DUPLICATE_ARITHMETIC,incumbent,127,ARITH_A,ARITHMETIC,0,1.6527278423309326,1
0,C_DUPLICATE_ARITHMETIC,capacity-shadow,127,ARITH_A,ARITHMETIC,0,,1
0,C_DUPLICATE_ARITHMETIC,geometry-shadow,127,ARITH_A,ARITHMETIC,0,1.2434329986572266,1
0,C_DUPLICATE_ARITHMETIC,incumbent,128,STORY,STORY,0,0.8185786008834839,1
0,C_DUPLICATE_ARITHMETIC,capacity-shadow,128,STORY,STORY,0,,1
0,C_DUPLICATE_ARITHMETIC,geometry-shadow,128,STORY,STORY,0,0.4947125911712646,1
0,C_DUPLICATE_ARITHMETIC,incumbent,129,STORY,STORY,0,0.5452182292938232,1
0,C_DUPLICATE_ARITHMETIC,capacity-shadow,129,STORY,STORY,0,,1
0,C_DUPLICATE_ARITHMETIC,geometry-shadow,129,STORY,STORY,0,0.2082080841064453,1
0,C_DUPLICATE_ARITHMETIC,incumbent,130,STORY,STORY,1,0.5015757083892822,1
0,C_DUPLICATE_ARITHMETIC,capacity-shadow,130,STORY,STORY,2,,1
0,C_DUPLICATE_ARITHMETIC,geometry-shadow,130,STORY,STORY,1,0.1848756074905395,1
0,C_DUPLICATE_ARITHMETIC,incumbent,131,ARITH_B,ARITHMETIC,0,1.652429461479187,1
0,C_DUPLICATE_ARITHMETIC,capacity-shadow,131,ARITH_B,ARITHMETIC,0,,1
0,C_DUPLICATE_ARITHMETIC,geometry-shadow,131,ARITH_B,ARITHMETIC,0,1.257847547531128,1
0,C_DUPLICATE_ARITHMETIC,incumbent,132,STORY,STORY,0,0.1808164119720459,1
0,C_DUPLICATE_ARITHMETIC,capacity-shadow,132,STORY,STORY,0,,1
0,C_DUPLICATE_ARITHMETIC,geometry-shadow,132,STORY,STORY,0,0.1907336711883545,1
0,C_DUPLICATE_ARITHMETIC,incumbent,133,ARITH_B,ARITHMETIC,0,1.6299368143081665,1
0,C_DUPLICATE_ARITHMETIC,capacity-shadow,133,ARITH_B,ARITHMETIC,0,,1
0,C_DUPLICATE_ARITHMETIC,geometry-shadow,133,ARITH_B,ARITHMETIC,0,1.2533844709396362,1
0,C_DUPLICATE_ARITHMETIC,incumbent,134,ARITH_A,ARITHMETIC,0,1.6499638557434082,1
0,C_DUPLICATE_ARITHMETIC,capacity-shadow,134,ARITH_A,ARITHMETIC,0,,1
0,C_DUPLICATE_ARITHMETIC,geometry-shadow,134,ARITH_A,ARITHMETIC,0,1.2454384565353394,1
0,C_DUPLICATE_ARITHMETIC,incumbent,135,ARITH_A,ARITHMETIC,0,1.6569851636886597,1
0,C_DUPLICATE_ARITHMETIC,capacity-shadow,135,ARITH_A,ARITHMETIC,0,,1
0,C_DUPLICATE_ARITHMETIC,geometry-shadow,135,ARITH_A,ARITHMETIC,0,1.245009183883667,1
0,C_DUPLICATE_ARITHMETIC,incumbent,136,STORY,STORY,0,0.4045920372009277,1
0,C_DUPLICATE_ARITHMETIC,capacity-shadow,136,STORY,STORY,0,,1
0,C_DUPLICATE_ARITHMETIC,geometry-shadow,136,STORY,STORY,0,0.478286862373352,1
0,C_DUPLICATE_ARITHMETIC,incumbent,137,STORY,STORY,0,1.235748052597046,1
0,C_DUPLICATE_ARITHMETIC,capacity-shadow,137,STORY,STORY,0,,1
0,C_DUPLICATE_ARITHMETIC,geometry-shadow,137,STORY,STORY,0,1.055464267730713,1
0,C_DUPLICATE_ARITHMETIC,incumbent,138,STORY,STORY,1,0.6068649291992188,1
0,C_DUPLICATE_ARITHMETIC,capacity-shadow,138,STORY,STORY,1,,1
0,C_DUPLICATE_ARITHMETIC,geometry-shadow,138,STORY,STORY,1,0.4691430330276489,1
0,C_DUPLICATE_ARITHMETIC,incumbent,139,STORY,STORY,0,0.1740285158157348,1
0,C_DUPLICATE_ARITHMETIC,capacity-shadow,139,STORY,STORY,0,,1
0,C_DUPLICATE_ARITHMETIC,geometry-shadow,139,STORY,STORY,0,0.2509958744049072,1
0,C_DUPLICATE_ARITHMETIC,incumbent,140,STORY,STORY,0,0.8574458360671997,1
0,C_DUPLICATE_ARITHMETIC,capacity-shadow,140,STORY,STORY,0,,1
0,C_DUPLICATE_ARITHMETIC,geometry-shadow,140,STORY,STORY,0,0.5899089574813843,1
0,C_DUPLICATE_ARITHMETIC,incumbent,141,ARITH_A,ARITHMETIC,0,1.6428948640823364,1
0,C_DUPLICATE_ARITHMETIC,capacity-shadow,141,ARITH_A,ARITHMETIC,0,,1
0,C_DUPLICATE_ARITHMETIC,geometry-shadow,141,ARITH_A,ARITHMETIC,0,1.2433115243911743,1
0,C_DUPLICATE_ARITHMETIC,incumbent,142,STORY,STORY,1,0.8494915962219238,1
0,C_DUPLICATE_ARITHMETIC,capacity-shadow,142,STORY,STORY,2,,1
0,C_DUPLICATE_ARITHMETIC,geometry-shadow,142,STORY,STORY,2,0.0617471933364868,1
0,C_DUPLICATE_ARITHMETIC,incumbent,143,STORY,STORY,0,0.4460337162017822,1
0,C_DUPLICATE_ARITHMETIC,capacity-shadow,143,STORY,STORY,0,,1
0,C_DUPLICATE_ARITHMETIC,geometry-shadow,143,STORY,STORY,0,0.4265778064727783,1
0,C_DUPLICATE_ARITHMETIC,incumbent,144,ARITH_A,ARITHMETIC,0,1.6561485528945925,1
0,C_DUPLICATE_ARITHMETIC,capacity-shadow,144,ARITH_A,ARITHMETIC,0,,1
0,C_DUPLICATE_ARITHMETIC,geometry-shadow,144,ARITH_A,ARITHMETIC,0,1.2431442737579346,1
0,C_DUPLICATE_ARITHMETIC,incumbent,145,ARITH_B,ARITHMETIC,0,1.655535340309143,1
0,C_DUPLICATE_ARITHMETIC,capacity-shadow,145,ARITH_B,ARITHMETIC,0,,1
0,C_DUPLICATE_ARITHMETIC,geometry-shadow,145,ARITH_B,ARITHMETIC,0,1.2324259281158447,1
0,C_DUPLICATE_ARITHMETIC,incumbent,146,ARITH_B,ARITHMETIC,0,1.6586191654205322,1
0,C_DUPLICATE_ARITHMETIC,capacity-shadow,146,ARITH_B,ARITHMETIC,0,,1
0,C_DUPLICATE_ARITHMETIC,geometry-shadow,146,ARITH_B,ARITHMETIC,0,1.2405545711517334,1
0,C_DUPLICATE_ARITHMETIC,incumbent,147,STORY,STORY,1,0.0590249300003051,1
0,C_DUPLICATE_ARITHMETIC,capacity-shadow,147,STORY,STORY,1,,1
0,C_DUPLICATE_ARITHMETIC,geometry-shadow,147,STORY,STORY,1,0.029470682144165,1
0,C_DUPLICATE_ARITHMETIC,incumbent,148,STORY,STORY,0,0.3747754096984863,1
0,C_DUPLICATE_ARITHMETIC,capacity-shadow,148,STORY,STORY,0,,1
0,C_DUPLICATE_ARITHMETIC,geometry-shadow,148,STORY,STORY,0,0.2255922555923462,1
0,C_DUPLICATE_ARITHMETIC,incumbent,149,ARITH_A,ARITHMETIC,0,1.6650769710540771,1
0,C_DUPLICATE_ARITHMETIC,capacity-shadow,149,ARITH_A,ARITHMETIC,0,,1
0,C_DUPLICATE_ARITHMETIC,geometry-shadow,149,ARITH_A,ARITHMETIC,0,1.2400039434432983,1
0,C_DUPLICATE_ARITHMETIC,incumbent,150,ARITH_B,ARITHMETIC,0,1.6695140600204468,1
0,C_DUPLICATE_ARITHMETIC,capacity-shadow,150,ARITH_B,ARITHMETIC,0,,1
0,C_DUPLICATE_ARITHMETIC,geometry-shadow,150,ARITH_B,ARITHMETIC,0,1.2552740573883057,1
0,C_DUPLICATE_ARITHMETIC,incumbent,151,STORY,STORY,0,1.1806424856185913,1
0,C_DUPLICATE_ARITHMETIC,capacity-shadow,151,STORY,STORY,0,,1
0,C_DUPLICATE_ARITHMETIC,geometry-shadow,151,STORY,STORY,0,1.0257686376571655,1
0,C_DUPLICATE_ARITHMETIC,incumbent,152,ARITH_B,ARITHMETIC,0,1.673474669456482,1
0,C_DUPLICATE_ARITHMETIC,capacity-shadow,152,ARITH_B,ARITHMETIC,0,,1
0,C_DUPLICATE_ARITHMETIC,geometry-shadow,152,ARITH_B,ARITHMETIC,0,1.2464991807937622,1
0,C_DUPLICATE_ARITHMETIC,incumbent,153,ARITH_A,ARITHMETIC,0,1.6629878282546997,1
0,C_DUPLICATE_ARITHMETIC,capacity-shadow,153,ARITH_A,ARITHMETIC,0,,1
0,C_DUPLICATE_ARITHMETIC,geometry-shadow,153,ARITH_A,ARITHMETIC,0,1.2375811338424685,1
0,C_DUPLICATE_ARITHMETIC,incumbent,154,STORY,STORY,1,0.767624020576477,1
0,C_DUPLICATE_ARITHMETIC,capacity-shadow,154,STORY,STORY,2,,1
0,C_DUPLICATE_ARITHMETIC,geometry-shadow,154,STORY,STORY,2,0.2948586344718933,1
0,C_DUPLICATE_ARITHMETIC,incumbent,155,STORY,STORY,0,0.2313679456710815,1
0,C_DUPLICATE_ARITHMETIC,capacity-shadow,155,STORY,STORY,0,,1
0,C_DUPLICATE_ARITHMETIC,geometry-shadow,155,STORY,STORY,0,0.2418383359909057,1
0,C_DUPLICATE_ARITHMETIC,incumbent,156,ARITH_B,ARITHMETIC,0,1.6576708555221558,1
0,C_DUPLICATE_ARITHMETIC,capacity-shadow,156,ARITH_B,ARITHMETIC,0,,1
0,C_DUPLICATE_ARITHMETIC,geometry-shadow,156,ARITH_B,ARITHMETIC,0,1.2419602870941162,1
0,C_DUPLICATE_ARITHMETIC,incumbent,157,ARITH_B,ARITHMETIC,0,1.6441274881362915,1
0,C_DUPLICATE_ARITHMETIC,capacity-shadow,157,ARITH_B,ARITHMETIC,0,,1
0,C_DUPLICATE_ARITHMETIC,geometry-shadow,157,ARITH_B,ARITHMETIC,0,1.2567204236984253,1
0,C_DUPLICATE_ARITHMETIC,incumbent,158,ARITH_B,ARITHMETIC,0,1.6612269878387451,1
0,C_DUPLICATE_ARITHMETIC,capacity-shadow,158,ARITH_B,ARITHMETIC,0,,1
0,C_DUPLICATE_ARITHMETIC,geometry-shadow,158,ARITH_B,ARITHMETIC,0,1.2595932483673096,1
0,C_DUPLICATE_ARITHMETIC,incumbent,159,ARITH_A,ARITHMETIC,0,1.6470487117767334,1
0,C_DUPLICATE_ARITHMETIC,capacity-shadow,159,ARITH_A,ARITHMETIC,0,,1
0,C_DUPLICATE_ARITHMETIC,geometry-shadow,159,ARITH_A,ARITHMETIC,0,1.2451317310333252,1
0,C_DUPLICATE_ARITHMETIC,incumbent,160,STORY,STORY,0,1.2293297052383425,1
0,C_DUPLICATE_ARITHMETIC,capacity-shadow,160,STORY,STORY,0,,1
0,C_DUPLICATE_ARITHMETIC,geometry-shadow,160,STORY,STORY,0,0.960349440574646,1
0,C_DUPLICATE_ARITHMETIC,incumbent,161,STORY,STORY,1,1.6810895204544067,1
0,C_DUPLICATE_ARITHMETIC,capacity-shadow,161,STORY,STORY,1,,1
0,C_DUPLICATE_ARITHMETIC,geometry-shadow,161,STORY,STORY,1,0.5560617446899414,1
0,C_DUPLICATE_ARITHMETIC,incumbent,162,STORY,STORY,0,1.1183950901031494,1
0,C_DUPLICATE_ARITHMETIC,capacity-shadow,162,STORY,STORY,0,,1
0,C_DUPLICATE_ARITHMETIC,geometry-shadow,162,STORY,STORY,0,0.7795758843421936,1
0,C_DUPLICATE_ARITHMETIC,incumbent,163,ARITH_A,ARITHMETIC,0,1.662554383277893,1
0,C_DUPLICATE_ARITHMETIC,capacity-shadow,163,ARITH_A,ARITHMETIC,0,,1
0,C_DUPLICATE_ARITHMETIC,geometry-shadow,163,ARITH_A,ARITHMETIC,0,1.2449908256530762,1
0,C_DUPLICATE_ARITHMETIC,incumbent,164,ARITH_A,ARITHMETIC,0,1.6508002281188965,1
0,C_DUPLICATE_ARITHMETIC,capacity-shadow,164,ARITH_A,ARITHMETIC,0,,1
0,C_DUPLICATE_ARITHMETIC,geometry-shadow,164,ARITH_A,ARITHMETIC,0,1.2372952699661257,1
0,C_DUPLICATE_ARITHMETIC,incumbent,165,ARITH_A,ARITHMETIC,0,1.6500431299209597,1
0,C_DUPLICATE_ARITHMETIC,capacity-shadow,165,ARITH_A,ARITHMETIC,0,,1
0,C_DUPLICATE_ARITHMETIC,geometry-shadow,165,ARITH_A,ARITHMETIC,0,1.2514458894729614,1
0,C_DUPLICATE_ARITHMETIC,incumbent,166,ARITH_A,ARITHMETIC,0,1.6542540788650513,1
0,C_DUPLICATE_ARITHMETIC,capacity-shadow,166,ARITH_A,ARITHMETIC,0,,1
0,C_DUPLICATE_ARITHMETIC,geometry-shadow,166,ARITH_A,ARITHMETIC,0,1.250818967819214,1
0,C_DUPLICATE_ARITHMETIC,incumbent,167,ARITH_B,ARITHMETIC,0,1.654025912284851,1
0,C_DUPLICATE_ARITHMETIC,capacity-shadow,167,ARITH_B,ARITHMETIC,0,,1
0,C_DUPLICATE_ARITHMETIC,geometry-shadow,167,ARITH_B,ARITHMETIC,0,1.2541545629501345,1
0,C_DUPLICATE_ARITHMETIC,incumbent,168,STORY,STORY,1,0.0072317123413085,1
0,C_DUPLICATE_ARITHMETIC,capacity-shadow,168,STORY,STORY,2,,1
0,C_DUPLICATE_ARITHMETIC,geometry-shadow,168,STORY,STORY,0,0.0945755243301391,1
0,C_DUPLICATE_ARITHMETIC,incumbent,169,ARITH_B,ARITHMETIC,0,1.6627134084701538,1
0,C_DUPLICATE_ARITHMETIC,capacity-shadow,169,ARITH_B,ARITHMETIC,0,,1
0,C_DUPLICATE_ARITHMETIC,geometry-shadow,169,ARITH_B,ARITHMETIC,0,1.2390589714050293,1
0,C_DUPLICATE_ARITHMETIC,incumbent,170,STORY,STORY,0,0.4275510311126709,1
0,C_DUPLICATE_ARITHMETIC,capacity-shadow,170,STORY,STORY,0,,1
0,C_DUPLICATE_ARITHMETIC,geometry-shadow,170,STORY,STORY,0,0.4799445867538452,1
0,C_DUPLICATE_ARITHMETIC,incumbent,171,ARITH_B,ARITHMETIC,0,1.6514549255371094,1
0,C_DUPLICATE_ARITHMETIC,capacity-shadow,171,ARITH_B,ARITHMETIC,0,,1
0,C_DUPLICATE_ARITHMETIC,geometry-shadow,171,ARITH_B,ARITHMETIC,0,1.2476744651794434,1
0,C_DUPLICATE_ARITHMETIC,incumbent,172,ARITH_A,ARITHMETIC,0,1.649309515953064,1
0,C_DUPLICATE_ARITHMETIC,capacity-shadow,172,ARITH_A,ARITHMETIC,0,,1
0,C_DUPLICATE_ARITHMETIC,geometry-shadow,172,ARITH_A,ARITHMETIC,0,1.2305314540863037,1
0,C_DUPLICATE_ARITHMETIC,incumbent,173,STORY,STORY,0,0.8209875822067261,1
0,C_DUPLICATE_ARITHMETIC,capacity-shadow,173,STORY,STORY,0,,1
0,C_DUPLICATE_ARITHMETIC,geometry-shadow,173,STORY,STORY,0,0.4975426197052002,1
0,C_DUPLICATE_ARITHMETIC,incumbent,174,ARITH_B,ARITHMETIC,0,1.6696555614471436,1
0,C_DUPLICATE_ARITHMETIC,capacity-shadow,174,ARITH_B,ARITHMETIC,0,,1
0,C_DUPLICATE_ARITHMETIC,geometry-shadow,174,ARITH_B,ARITHMETIC,0,1.2398467063903809,1
0,C_DUPLICATE_ARITHMETIC,incumbent,175,ARITH_A,ARITHMETIC,0,1.6562607288360596,1
0,C_DUPLICATE_ARITHMETIC,capacity-shadow,175,ARITH_A,ARITHMETIC,0,,1
0,C_DUPLICATE_ARITHMETIC,geometry-shadow,175,ARITH_A,ARITHMETIC,0,1.2366563081741333,1
0,C_DUPLICATE_ARITHMETIC,incumbent,176,ARITH_B,ARITHMETIC,0,1.656834840774536,1
0,C_DUPLICATE_ARITHMETIC,capacity-shadow,176,ARITH_B,ARITHMETIC,0,,1
0,C_DUPLICATE_ARITHMETIC,geometry-shadow,176,ARITH_B,ARITHMETIC,0,1.2497828006744385,1
0,C_DUPLICATE_ARITHMETIC,incumbent,177,ARITH_A,ARITHMETIC,0,1.661995530128479,1
0,C_DUPLICATE_ARITHMETIC,capacity-shadow,177,ARITH_A,ARITHMETIC,0,,1
0,C_DUPLICATE_ARITHMETIC,geometry-shadow,177,ARITH_A,ARITHMETIC,0,1.238673448562622,1
0,C_DUPLICATE_ARITHMETIC,incumbent,178,ARITH_B,ARITHMETIC,0,1.6615688800811768,1
0,C_DUPLICATE_ARITHMETIC,capacity-shadow,178,ARITH_B,ARITHMETIC,0,,1
0,C_DUPLICATE_ARITHMETIC,geometry-shadow,178,ARITH_B,ARITHMETIC,0,1.239574313163757,1
0,C_DUPLICATE_ARITHMETIC,incumbent,179,ARITH_A,ARITHMETIC,0,1.6601927280426023,1
0,C_DUPLICATE_ARITHMETIC,capacity-shadow,179,ARITH_A,ARITHMETIC,0,,1
0,C_DUPLICATE_ARITHMETIC,geometry-shadow,179,ARITH_A,ARITHMETIC,0,1.253772258758545,1
0,C_DUPLICATE_ARITHMETIC,incumbent,180,ARITH_B,ARITHMETIC,0,1.656444787979126,1
0,C_DUPLICATE_ARITHMETIC,capacity-shadow,180,ARITH_B,ARITHMETIC,0,,1
0,C_DUPLICATE_ARITHMETIC,geometry-shadow,180,ARITH_B,ARITHMETIC,0,1.2463014125823977,1
0,C_DUPLICATE_ARITHMETIC,incumbent,181,ARITH_B,ARITHMETIC,0,1.6553094387054443,1
0,C_DUPLICATE_ARITHMETIC,capacity-shadow,181,ARITH_B,ARITHMETIC,0,,1
0,C_DUPLICATE_ARITHMETIC,geometry-shadow,181,ARITH_B,ARITHMETIC,0,1.2465424537658691,1
0,C_DUPLICATE_ARITHMETIC,incumbent,182,STORY,STORY,0,0.0166214704513549,1
0,C_DUPLICATE_ARITHMETIC,capacity-shadow,182,STORY,STORY,0,,1
0,C_DUPLICATE_ARITHMETIC,geometry-shadow,182,STORY,STORY,2,0.0071290731430053,1
0,C_DUPLICATE_ARITHMETIC,incumbent,183,STORY,STORY,0,0.3879715204238891,1
0,C_DUPLICATE_ARITHMETIC,capacity-shadow,183,STORY,STORY,0,,1
0,C_DUPLICATE_ARITHMETIC,geometry-shadow,183,STORY,STORY,0,0.3169388771057129,1
0,C_DUPLICATE_ARITHMETIC,incumbent,184,ARITH_A,ARITHMETIC,0,1.668945074081421,1
0,C_DUPLICATE_ARITHMETIC,capacity-shadow,184,ARITH_A,ARITHMETIC,0,,1
0,C_DUPLICATE_ARITHMETIC,geometry-shadow,184,ARITH_A,ARITHMETIC,0,1.235559344291687,1
0,C_DUPLICATE_ARITHMETIC,incumbent,185,STORY,STORY,1,0.68245530128479,1
0,C_DUPLICATE_ARITHMETIC,capacity-shadow,185,STORY,STORY,1,,1
0,C_DUPLICATE_ARITHMETIC,geometry-shadow,185,STORY,STORY,1,0.1164463758468627,1
0,C_DUPLICATE_ARITHMETIC,incumbent,186,ARITH_B,ARITHMETIC,0,1.6363378763198853,1
0,C_DUPLICATE_ARITHMETIC,capacity-shadow,186,ARITH_B,ARITHMETIC,0,,1
0,C_DUPLICATE_ARITHMETIC,geometry-shadow,186,ARITH_B,ARITHMETIC,0,1.2533825635910034,1
0,C_DUPLICATE_ARITHMETIC,incumbent,187,STORY,STORY,1,1.7688026428222656,1
0,C_DUPLICATE_ARITHMETIC,capacity-shadow,187,STORY,STORY,2,,1
0,C_DUPLICATE_ARITHMETIC,geometry-shadow,187,STORY,STORY,1,0.7229141592979431,1
0,C_DUPLICATE_ARITHMETIC,incumbent,188,ARITH_A,ARITHMETIC,0,1.6532784700393677,1
0,C_DUPLICATE_ARITHMETIC,capacity-shadow,188,ARITH_A,ARITHMETIC,0,,1
0,C_DUPLICATE_ARITHMETIC,geometry-shadow,188,ARITH_A,ARITHMETIC,0,1.257980227470398,1
0,C_DUPLICATE_ARITHMETIC,incumbent,189,ARITH_A,ARITHMETIC,0,1.660282850265503,1
0,C_DUPLICATE_ARITHMETIC,capacity-shadow,189,ARITH_A,ARITHMETIC,0,,1
0,C_DUPLICATE_ARITHMETIC,geometry-shadow,189,ARITH_A,ARITHMETIC,0,1.241439700126648,1
0,C_DUPLICATE_ARITHMETIC,incumbent,190,STORY,STORY,0,0.5758476853370667,1
0,C_DUPLICATE_ARITHMETIC,capacity-shadow,190,STORY,STORY,0,,1
0,C_DUPLICATE_ARITHMETIC,geometry-shadow,190,STORY,STORY,0,0.3602133393287658,1
0,C_DUPLICATE_ARITHMETIC,incumbent,191,ARITH_A,ARITHMETIC,0,1.6548924446105957,1
0,C_DUPLICATE_ARITHMETIC,capacity-shadow,191,ARITH_A,ARITHMETIC,0,,1
0,C_DUPLICATE_ARITHMETIC,geometry-shadow,191,ARITH_A,ARITHMETIC,0,1.2430483102798462,1
0,C_DUPLICATE_ARITHMETIC,incumbent,192,STORY,STORY,1,1.0905721187591553,1
0,C_DUPLICATE_ARITHMETIC,capacity-shadow,192,STORY,STORY,1,,1
0,C_DUPLICATE_ARITHMETIC,geometry-shadow,192,STORY,STORY,1,0.6912636756896973,1
0,C_DUPLICATE_ARITHMETIC,incumbent,193,ARITH_A,ARITHMETIC,0,1.667664885520935,1
0,C_DUPLICATE_ARITHMETIC,capacity-shadow,193,ARITH_A,ARITHMETIC,0,,1
0,C_DUPLICATE_ARITHMETIC,geometry-shadow,193,ARITH_A,ARITHMETIC,0,1.244102954864502,1
0,C_DUPLICATE_ARITHMETIC,incumbent,194,STORY,STORY,1,0.1747688055038452,1
0,C_DUPLICATE_ARITHMETIC,capacity-shadow,194,STORY,STORY,2,,1
0,C_DUPLICATE_ARITHMETIC,geometry-shadow,194,STORY,STORY,1,0.0974587202072143,1
0,C_DUPLICATE_ARITHMETIC,incumbent,195,STORY,STORY,1,0.030331015586853,1
0,C_DUPLICATE_ARITHMETIC,capacity-shadow,195,STORY,STORY,1,,1
0,C_DUPLICATE_ARITHMETIC,geometry-shadow,195,STORY,STORY,0,0.0439182519912719,1
0,C_DUPLICATE_ARITHMETIC,incumbent,196,ARITH_B,ARITHMETIC,0,1.655728101730347,1
0,C_DUPLICATE_ARITHMETIC,capacity-shadow,196,ARITH_B,ARITHMETIC,0,,1
0,C_DUPLICATE_ARITHMETIC,geometry-shadow,196,ARITH_B,ARITHMETIC,0,1.2451510429382324,1
0,C_DUPLICATE_ARITHMETIC,incumbent,197,STORY,STORY,1,0.0915611982345581,1
0,C_DUPLICATE_ARITHMETIC,capacity-shadow,197,STORY,STORY,2,,1
0,C_DUPLICATE_ARITHMETIC,geometry-shadow,197,STORY,STORY,0,0.0225014686584472,1
0,C_DUPLICATE_ARITHMETIC,incumbent,198,ARITH_A,ARITHMETIC,0,1.659934401512146,1
0,C_DUPLICATE_ARITHMETIC,capacity-shadow,198,ARITH_A,ARITHMETIC,0,,1
0,C_DUPLICATE_ARITHMETIC,geometry-shadow,198,ARITH_A,ARITHMETIC,0,1.2393702268600464,1
0,C_DUPLICATE_ARITHMETIC,incumbent,199,STORY,STORY,1,0.7565696835517883,1
0,C_DUPLICATE_ARITHMETIC,capacity-shadow,199,STORY,STORY,1,,1
0,C_DUPLICATE_ARITHMETIC,geometry-shadow,199,STORY,STORY,2,0.1470722556114196,1
0,C_DUPLICATE_ARITHMETIC,incumbent,200,ARITH_B,ARITHMETIC,0,1.6531285047531128,1
0,C_DUPLICATE_ARITHMETIC,capacity-shadow,200,ARITH_B,ARITHMETIC,0,,1
0,C_DUPLICATE_ARITHMETIC,geometry-shadow,200,ARITH_B,ARITHMETIC,0,1.2476776838302612,1
0,C_DUPLICATE_ARITHMETIC,incumbent,201,ARITH_A,ARITHMETIC,0,1.6578006744384766,1
0,C_DUPLICATE_ARITHMETIC,capacity-shadow,201,ARITH_A,ARITHMETIC,0,,1
0,C_DUPLICATE_ARITHMETIC,geometry-shadow,201,ARITH_A,ARITHMETIC,0,1.2428358793258667,1
0,C_DUPLICATE_ARITHMETIC,incumbent,202,ARITH_A,ARITHMETIC,0,1.6590558290481567,1
0,C_DUPLICATE_ARITHMETIC,capacity-shadow,202,ARITH_A,ARITHMETIC,0,,1
0,C_DUPLICATE_ARITHMETIC,geometry-shadow,202,ARITH_A,ARITHMETIC,0,1.2504395246505735,1
0,C_DUPLICATE_ARITHMETIC,incumbent,203,ARITH_A,ARITHMETIC,0,1.660054087638855,1
0,C_DUPLICATE_ARITHMETIC,capacity-shadow,203,ARITH_A,ARITHMETIC,0,,1
0,C_DUPLICATE_ARITHMETIC,geometry-shadow,203,ARITH_A,ARITHMETIC,0,1.2390398979187012,1
0,C_DUPLICATE_ARITHMETIC,incumbent,204,ARITH_B,ARITHMETIC,0,1.6470448970794678,1
0,C_DUPLICATE_ARITHMETIC,capacity-shadow,204,ARITH_B,ARITHMETIC,0,,1
0,C_DUPLICATE_ARITHMETIC,geometry-shadow,204,ARITH_B,ARITHMETIC,0,1.257453203201294,1
0,C_DUPLICATE_ARITHMETIC,incumbent,205,STORY,STORY,0,0.0100185871124267,1
0,C_DUPLICATE_ARITHMETIC,capacity-shadow,205,STORY,STORY,0,,1
0,C_DUPLICATE_ARITHMETIC,geometry-shadow,205,STORY,STORY,0,0.0417780876159668,1
0,C_DUPLICATE_ARITHMETIC,incumbent,206,ARITH_B,ARITHMETIC,0,1.664190411567688,1
0,C_DUPLICATE_ARITHMETIC,capacity-shadow,206,ARITH_B,ARITHMETIC,0,,1
0,C_DUPLICATE_ARITHMETIC,geometry-shadow,206,ARITH_B,ARITHMETIC,0,1.2498154640197754,1
0,C_DUPLICATE_ARITHMETIC,incumbent,207,STORY,STORY,0,0.9459019899368286,1
0,C_DUPLICATE_ARITHMETIC,capacity-shadow,207,STORY,STORY,0,,1
0,C_DUPLICATE_ARITHMETIC,geometry-shadow,207,STORY,STORY,0,0.643653154373169,1
0,C_DUPLICATE_ARITHMETIC,incumbent,208,STORY,STORY,1,1.0585578680038452,1
0,C_DUPLICATE_ARITHMETIC,capacity-shadow,208,STORY,STORY,2,,1
0,C_DUPLICATE_ARITHMETIC,geometry-shadow,208,STORY,STORY,1,0.2527765035629272,1
0,C_DUPLICATE_ARITHMETIC,incumbent,209,STORY,STORY,0,1.3430206775665283,1
0,C_DUPLICATE_ARITHMETIC,capacity-shadow,209,STORY,STORY,0,,1
0,C_DUPLICATE_ARITHMETIC,geometry-shadow,209,STORY,STORY,0,1.0264463424682615,1
0,C_DUPLICATE_ARITHMETIC,incumbent,210,STORY,STORY,0,1.2967312335968018,1
0,C_DUPLICATE_ARITHMETIC,capacity-shadow,210,STORY,STORY,0,,1
0,C_DUPLICATE_ARITHMETIC,geometry-shadow,210,STORY,STORY,0,1.1592748165130615,1
0,C_DUPLICATE_ARITHMETIC,incumbent,211,STORY,STORY,0,0.533237099647522,1
0,C_DUPLICATE_ARITHMETIC,capacity-shadow,211,STORY,STORY,0,,1
0,C_DUPLICATE_ARITHMETIC,geometry-shadow,211,STORY,STORY,0,0.6755181550979614,1
0,C_DUPLICATE_ARITHMETIC,incumbent,212,ARITH_B,ARITHMETIC,0,1.6492069959640503,1
0,C_DUPLICATE_ARITHMETIC,capacity-shadow,212,ARITH_B,ARITHMETIC,0,,1
0,C_DUPLICATE_ARITHMETIC,geometry-shadow,212,ARITH_B,ARITHMETIC,0,1.2367504835128784,1
0,C_DUPLICATE_ARITHMETIC,incumbent,213,STORY,STORY,0,0.9917410612106324,1
0,C_DUPLICATE_ARITHMETIC,capacity-shadow,213,STORY,STORY,0,,1
0,C_DUPLICATE_ARITHMETIC,geometry-shadow,213,STORY,STORY,0,0.7164500951766968,1
0,C_DUPLICATE_ARITHMETIC,incumbent,214,STORY,STORY,0,0.3185901641845703,1
0,C_DUPLICATE_ARITHMETIC,capacity-shadow,214,STORY,STORY,0,,1
0,C_DUPLICATE_ARITHMETIC,geometry-shadow,214,STORY,STORY,0,0.4427562952041626,1
0,C_DUPLICATE_ARITHMETIC,incumbent,215,ARITH_B,ARITHMETIC,0,1.664896845817566,1
0,C_DUPLICATE_ARITHMETIC,capacity-shadow,215,ARITH_B,ARITHMETIC,0,,1
0,C_DUPLICATE_ARITHMETIC,geometry-shadow,215,ARITH_B,ARITHMETIC,0,1.2495348453521729,1
0,C_DUPLICATE_ARITHMETIC,incumbent,216,STORY,STORY,0,0.4951337575912475,1
0,C_DUPLICATE_ARITHMETIC,capacity-shadow,216,STORY,STORY,0,,1
0,C_DUPLICATE_ARITHMETIC,geometry-shadow,216,STORY,STORY,0,0.612114667892456,1
0,C_DUPLICATE_ARITHMETIC,incumbent,217,STORY,STORY,1,0.1614857912063598,1
0,C_DUPLICATE_ARITHMETIC,capacity-shadow,217,STORY,STORY,1,,1
0,C_DUPLICATE_ARITHMETIC,geometry-shadow,217,STORY,STORY,2,0.2464780807495117,1
0,C_DUPLICATE_ARITHMETIC,incumbent,218,ARITH_B,ARITHMETIC,0,1.6600244045257568,1
0,C_DUPLICATE_ARITHMETIC,capacity-shadow,218,ARITH_B,ARITHMETIC,0,,1
0,C_DUPLICATE_ARITHMETIC,geometry-shadow,218,ARITH_B,ARITHMETIC,0,1.2343778610229492,1
0,C_DUPLICATE_ARITHMETIC,incumbent,219,ARITH_A,ARITHMETIC,0,1.6671301126480105,1
0,C_DUPLICATE_ARITHMETIC,capacity-shadow,219,ARITH_A,ARITHMETIC,0,,1
0,C_DUPLICATE_ARITHMETIC,geometry-shadow,219,ARITH_A,ARITHMETIC,0,1.2436541318893433,1
0,C_DUPLICATE_ARITHMETIC,incumbent,220,ARITH_A,ARITHMETIC,0,1.6619833707809448,1
0,C_DUPLICATE_ARITHMETIC,capacity-shadow,220,ARITH_A,ARITHMETIC,0,,1
0,C_DUPLICATE_ARITHMETIC,geometry-shadow,220,ARITH_A,ARITHMETIC,0,1.2468849420547483,1
0,C_DUPLICATE_ARITHMETIC,incumbent,221,STORY,STORY,1,0.757904052734375,1
0,C_DUPLICATE_ARITHMETIC,capacity-shadow,221,STORY,STORY,2,,1
0,C_DUPLICATE_ARITHMETIC,geometry-shadow,221,STORY,STORY,1,0.5031012296676636,1
0,C_DUPLICATE_ARITHMETIC,incumbent,222,STORY,STORY,1,0.5168943405151367,1
0,C_DUPLICATE_ARITHMETIC,capacity-shadow,222,STORY,STORY,1,,1
0,C_DUPLICATE_ARITHMETIC,geometry-shadow,222,STORY,STORY,1,0.2184160947799682,1
0,C_DUPLICATE_ARITHMETIC,incumbent,223,ARITH_A,ARITHMETIC,0,1.6767958402633667,1
0,C_DUPLICATE_ARITHMETIC,capacity-shadow,223,ARITH_A,ARITHMETIC,0,,1
0,C_DUPLICATE_ARITHMETIC,geometry-shadow,223,ARITH_A,ARITHMETIC,0,1.2680256366729736,1
0,C_DUPLICATE_ARITHMETIC,incumbent,224,STORY,STORY,1,0.1033288240432739,1
0,C_DUPLICATE_ARITHMETIC,capacity-shadow,224,STORY,STORY,2,,1
0,C_DUPLICATE_ARITHMETIC,geometry-shadow,224,STORY,STORY,2,0.1559163331985473,1
0,C_DUPLICATE_ARITHMETIC,incumbent,225,STORY,STORY,0,1.015475869178772,1
0,C_DUPLICATE_ARITHMETIC,capacity-shadow,225,STORY,STORY,0,,1
0,C_DUPLICATE_ARITHMETIC,geometry-shadow,225,STORY,STORY,0,0.6644500494003296,1
0,C_DUPLICATE_ARITHMETIC,incumbent,226,STORY,STORY,1,1.507830023765564,1
0,C_DUPLICATE_ARITHMETIC,capacity-shadow,226,STORY,STORY,1,,1
0,C_DUPLICATE_ARITHMETIC,geometry-shadow,226,STORY,STORY,1,0.431039035320282,1
0,C_DUPLICATE_ARITHMETIC,incumbent,227,STORY,STORY,1,1.079230546951294,1
0,C_DUPLICATE_ARITHMETIC,capacity-shadow,227,STORY,STORY,2,,1
0,C_DUPLICATE_ARITHMETIC,geometry-shadow,227,STORY,STORY,1,0.2521641850471496,1
0,C_DUPLICATE_ARITHMETIC,incumbent,228,ARITH_B,ARITHMETIC,0,1.64590322971344,1
0,C_DUPLICATE_ARITHMETIC,capacity-shadow,228,ARITH_B,ARITHMETIC,0,,1
0,C_DUPLICATE_ARITHMETIC,geometry-shadow,228,ARITH_B,ARITHMETIC,0,1.2488301992416382,1
0,C_DUPLICATE_ARITHMETIC,incumbent,229,ARITH_B,ARITHMETIC,0,1.6692039966583252,1
0,C_DUPLICATE_ARITHMETIC,capacity-shadow,229,ARITH_B,ARITHMETIC,0,,1
0,C_DUPLICATE_ARITHMETIC,geometry-shadow,229,ARITH_B,ARITHMETIC,0,1.2417590618133545,1
0,C_DUPLICATE_ARITHMETIC,incumbent,230,ARITH_B,ARITHMETIC,0,1.647966980934143,1
0,C_DUPLICATE_ARITHMETIC,capacity-shadow,230,ARITH_B,ARITHMETIC,0,,1
0,C_DUPLICATE_ARITHMETIC,geometry-shadow,230,ARITH_B,ARITHMETIC,0,1.2454850673675537,1
0,C_DUPLICATE_ARITHMETIC,incumbent,231,STORY,STORY,1,1.6169641017913818,1
0,C_DUPLICATE_ARITHMETIC,capacity-shadow,231,STORY,STORY,1,,1
0,C_DUPLICATE_ARITHMETIC,geometry-shadow,231,STORY,STORY,1,0.6218914985656738,1
0,C_DUPLICATE_ARITHMETIC,incumbent,232,ARITH_A,ARITHMETIC,0,1.6752971410751345,1
0,C_DUPLICATE_ARITHMETIC,capacity-shadow,232,ARITH_A,ARITHMETIC,0,,1
0,C_DUPLICATE_ARITHMETIC,geometry-shadow,232,ARITH_A,ARITHMETIC,0,1.226288914680481,1
0,C_DUPLICATE_ARITHMETIC,incumbent,233,ARITH_A,ARITHMETIC,0,1.6603862047195437,1
0,C_DUPLICATE_ARITHMETIC,capacity-shadow,233,ARITH_A,ARITHMETIC,0,,1
0,C_DUPLICATE_ARITHMETIC,geometry-shadow,233,ARITH_A,ARITHMETIC,0,1.2390825748443604,1
0,C_DUPLICATE_ARITHMETIC,incumbent,234,ARITH_B,ARITHMETIC,0,1.6596022844314575,1
0,C_DUPLICATE_ARITHMETIC,capacity-shadow,234,ARITH_B,ARITHMETIC,0,,1
0,C_DUPLICATE_ARITHMETIC,geometry-shadow,234,ARITH_B,ARITHMETIC,0,1.2563623189926147,1
0,C_DUPLICATE_ARITHMETIC,incumbent,235,ARITH_A,ARITHMETIC,0,1.6656893491744995,1
0,C_DUPLICATE_ARITHMETIC,capacity-shadow,235,ARITH_A,ARITHMETIC,0,,1
0,C_DUPLICATE_ARITHMETIC,geometry-shadow,235,ARITH_A,ARITHMETIC,0,1.2535810470581057,1
0,C_DUPLICATE_ARITHMETIC,incumbent,236,STORY,STORY,0,0.2187066078186035,1
0,C_DUPLICATE_ARITHMETIC,capacity-shadow,236,STORY,STORY,0,,1
0,C_DUPLICATE_ARITHMETIC,geometry-shadow,236,STORY,STORY,0,0.3577244281768799,1
0,C_DUPLICATE_ARITHMETIC,incumbent,237,STORY,STORY,1,1.1611528396606443,1
0,C_DUPLICATE_ARITHMETIC,capacity-shadow,237,STORY,STORY,2,,1
0,C_DUPLICATE_ARITHMETIC,geometry-shadow,237,STORY,STORY,1,0.5530667901039124,1
0,C_DUPLICATE_ARITHMETIC,incumbent,238,ARITH_B,ARITHMETIC,0,1.6610829830169678,1
0,C_DUPLICATE_ARITHMETIC,capacity-shadow,238,ARITH_B,ARITHMETIC,0,,1
0,C_DUPLICATE_ARITHMETIC,geometry-shadow,238,ARITH_B,ARITHMETIC,0,1.243884563446045,1
0,C_DUPLICATE_ARITHMETIC,incumbent,239,ARITH_B,ARITHMETIC,0,1.6588717699050903,1
0,C_DUPLICATE_ARITHMETIC,capacity-shadow,239,ARITH_B,ARITHMETIC,0,,1
0,C_DUPLICATE_ARITHMETIC,geometry-shadow,239,ARITH_B,ARITHMETIC,0,1.25291907787323,1
0,C_DUPLICATE_ARITHMETIC,incumbent,240,STORY,STORY,1,0.1247762441635131,1
0,C_DUPLICATE_ARITHMETIC,capacity-shadow,240,STORY,STORY,1,,1
0,C_DUPLICATE_ARITHMETIC,geometry-shadow,240,STORY,STORY,0,0.0109225511550903,1
0,C_DUPLICATE_ARITHMETIC,incumbent,241,STORY,STORY,0,1.1879485845565796,1
0,C_DUPLICATE_ARITHMETIC,capacity-shadow,241,STORY,STORY,0,,1
0,C_DUPLICATE_ARITHMETIC,geometry-shadow,241,STORY,STORY,0,1.0916426181793213,1
0,C_DUPLICATE_ARITHMETIC,incumbent,242,STORY,STORY,0,0.9597153663635254,1
0,C_DUPLICATE_ARITHMETIC,capacity-shadow,242,STORY,STORY,0,,1
0,C_DUPLICATE_ARITHMETIC,geometry-shadow,242,STORY,STORY,0,0.8618122339248657,1
0,C_DUPLICATE_ARITHMETIC,incumbent,243,ARITH_B,ARITHMETIC,0,1.665744423866272,1
0,C_DUPLICATE_ARITHMETIC,capacity-shadow,243,ARITH_B,ARITHMETIC,0,,1
0,C_DUPLICATE_ARITHMETIC,geometry-shadow,243,ARITH_B,ARITHMETIC,0,1.2311803102493286,1
0,C_DUPLICATE_ARITHMETIC,incumbent,244,ARITH_A,ARITHMETIC,0,1.662280559539795,1
0,C_DUPLICATE_ARITHMETIC,capacity-shadow,244,ARITH_A,ARITHMETIC,0,,1
0,C_DUPLICATE_ARITHMETIC,geometry-shadow,244,ARITH_A,ARITHMETIC,0,1.2563104629516602,1
0,C_DUPLICATE_ARITHMETIC,incumbent,245,STORY,STORY,1,0.0442690849304199,1
0,C_DUPLICATE_ARITHMETIC,capacity-shadow,245,STORY,STORY,2,,1
0,C_DUPLICATE_ARITHMETIC,geometry-shadow,245,STORY,STORY,0,0.0712108612060546,1
0,C_DUPLICATE_ARITHMETIC,incumbent,246,ARITH_B,ARITHMETIC,0,1.6621425151824951,1
0,C_DUPLICATE_ARITHMETIC,capacity-shadow,246,ARITH_B,ARITHMETIC,0,,1
0,C_DUPLICATE_ARITHMETIC,geometry-shadow,246,ARITH_B,ARITHMETIC,0,1.2508845329284668,1
0,C_DUPLICATE_ARITHMETIC,incumbent,247,ARITH_A,ARITHMETIC,0,1.6674411296844482,1
0,C_DUPLICATE_ARITHMETIC,capacity-shadow,247,ARITH_A,ARITHMETIC,0,,1
0,C_DUPLICATE_ARITHMETIC,geometry-shadow,247,ARITH_A,ARITHMETIC,0,1.2525333166122437,1
0,C_DUPLICATE_ARITHMETIC,incumbent,248,STORY,STORY,0,0.9515425562858582,1
0,C_DUPLICATE_ARITHMETIC,capacity-shadow,248,STORY,STORY,0,,1
0,C_DUPLICATE_ARITHMETIC,geometry-shadow,248,STORY,STORY,0,0.9345284104347228,1
0,C_DUPLICATE_ARITHMETIC,incumbent,249,STORY,STORY,0,1.275683045387268,1
0,C_DUPLICATE_ARITHMETIC,capacity-shadow,249,STORY,STORY,0,,1
0,C_DUPLICATE_ARITHMETIC,geometry-shadow,249,STORY,STORY,0,1.0675987005233765,1
0,C_DUPLICATE_ARITHMETIC,incumbent,250,STORY,STORY,0,1.3912222385406494,1
0,C_DUPLICATE_ARITHMETIC,capacity-shadow,250,STORY,STORY,0,,1
0,C_DUPLICATE_ARITHMETIC,geometry-shadow,250,STORY,STORY,0,1.1823017597198486,1
0,C_DUPLICATE_ARITHMETIC,incumbent,251,STORY,STORY,1,0.3868809938430786,1
0,C_DUPLICATE_ARITHMETIC,capacity-shadow,251,STORY,STORY,1,,1
0,C_DUPLICATE_ARITHMETIC,geometry-shadow,251,STORY,STORY,1,0.0822246074676513,1
0,C_DUPLICATE_ARITHMETIC,incumbent,252,STORY,STORY,0,0.4169930815696716,1
0,C_DUPLICATE_ARITHMETIC,capacity-shadow,252,STORY,STORY,0,,1
0,C_DUPLICATE_ARITHMETIC,geometry-shadow,252,STORY,STORY,0,0.1009333729743957,1
0,C_DUPLICATE_ARITHMETIC,incumbent,253,STORY,STORY,1,0.6109066009521484,1
0,C_DUPLICATE_ARITHMETIC,capacity-shadow,253,STORY,STORY,2,,1
0,C_DUPLICATE_ARITHMETIC,geometry-shadow,253,STORY,STORY,1,0.0794684886932373,1
0,C_DUPLICATE_ARITHMETIC,incumbent,254,ARITH_B,ARITHMETIC,0,1.6617661714553833,1
0,C_DUPLICATE_ARITHMETIC,capacity-shadow,254,ARITH_B,ARITHMETIC,0,,1
0,C_DUPLICATE_ARITHMETIC,geometry-shadow,254,ARITH_B,ARITHMETIC,0,1.2449623346328735,1
0,C_DUPLICATE_ARITHMETIC,incumbent,255,ARITH_A,ARITHMETIC,0,1.6572344303131104,1
0,C_DUPLICATE_ARITHMETIC,capacity-shadow,255,ARITH_A,ARITHMETIC,0,,1
0,C_DUPLICATE_ARITHMETIC,geometry-shadow,255,ARITH_A,ARITHMETIC,0,1.2355380058288574,1
0,C_DUPLICATE_ARITHMETIC,incumbent,256,STORY,STORY,0,1.1289267539978027,1
0,C_DUPLICATE_ARITHMETIC,capacity-shadow,256,STORY,STORY,0,,1
0,C_DUPLICATE_ARITHMETIC,geometry-shadow,256,STORY,STORY,0,0.8929551839828491,1
0,D_WEAK_TRANSFORM,incumbent,1,STORY,STORY,1,1.5887128114700315,1
0,D_WEAK_TRANSFORM,capacity-shadow,1,STORY,STORY,1,,1
0,D_WEAK_TRANSFORM,geometry-shadow,1,STORY,STORY,1,0.8133591413497925,1
0,D_WEAK_TRANSFORM,incumbent,2,STORY,STORY,1,0.5768638849258423,1
0,D_WEAK_TRANSFORM,capacity-shadow,2,STORY,STORY,2,,1
0,D_WEAK_TRANSFORM,geometry-shadow,2,STORY,STORY,1,0.2070565819740295,1
0,D_WEAK_TRANSFORM,incumbent,3,STORY,STORY,0,0.3438626527786255,1
0,D_WEAK_TRANSFORM,capacity-shadow,3,STORY,STORY,0,,1
0,D_WEAK_TRANSFORM,geometry-shadow,3,STORY,STORY,0,0.4791934490203857,1
0,D_WEAK_TRANSFORM,incumbent,4,STORY,STORY,0,0.3461006879806518,1
0,D_WEAK_TRANSFORM,capacity-shadow,4,STORY,STORY,0,,1
0,D_WEAK_TRANSFORM,geometry-shadow,4,STORY,STORY,0,0.7590221762657166,1
0,D_WEAK_TRANSFORM,incumbent,5,STORY,STORY,0,0.6294724941253662,1
0,D_WEAK_TRANSFORM,capacity-shadow,5,STORY,STORY,0,,1
0,D_WEAK_TRANSFORM,geometry-shadow,5,STORY,STORY,0,1.004405856132507,1
0,D_WEAK_TRANSFORM,incumbent,6,STORY,STORY,0,0.0620166063308715,1
0,D_WEAK_TRANSFORM,capacity-shadow,6,STORY,STORY,0,,1
0,D_WEAK_TRANSFORM,geometry-shadow,6,STORY,STORY,0,0.551660418510437,1
0,D_WEAK_TRANSFORM,incumbent,7,ARITH_A,ARITHMETIC,0,0.9939413070678712,1
0,D_WEAK_TRANSFORM,capacity-shadow,7,ARITH_A,ARITHMETIC,0,,1
0,D_WEAK_TRANSFORM,geometry-shadow,7,ARITH_A,ARITHMETIC,0,1.2616292238235474,1
0,D_WEAK_TRANSFORM,incumbent,8,ARITH_A,ARITHMETIC,0,0.9913938641548156,1
0,D_WEAK_TRANSFORM,capacity-shadow,8,ARITH_A,ARITHMETIC,0,,1
0,D_WEAK_TRANSFORM,geometry-shadow,8,ARITH_A,ARITHMETIC,0,1.2464590072631836,1
0,D_WEAK_TRANSFORM,incumbent,9,ARITH_A,ARITHMETIC,0,0.9947025775909424,1
0,D_WEAK_TRANSFORM,capacity-shadow,9,ARITH_A,ARITHMETIC,0,,1
0,D_WEAK_TRANSFORM,geometry-shadow,9,ARITH_A,ARITHMETIC,0,1.2585119009017944,1
0,D_WEAK_TRANSFORM,incumbent,10,STORY,STORY,1,0.4597525596618652,1
0,D_WEAK_TRANSFORM,capacity-shadow,10,STORY,STORY,1,,1
0,D_WEAK_TRANSFORM,geometry-shadow,10,STORY,STORY,1,0.0573688745498657,1
0,D_WEAK_TRANSFORM,incumbent,11,STORY,STORY,1,0.5193527936935425,1
0,D_WEAK_TRANSFORM,capacity-shadow,11,STORY,STORY,2,,1
0,D_WEAK_TRANSFORM,geometry-shadow,11,STORY,STORY,2,0.0345706939697265,1
0,D_WEAK_TRANSFORM,incumbent,12,TRANSFORM,TRANSFORM,0,0.9292325973510742,1
0,D_WEAK_TRANSFORM,capacity-shadow,12,TRANSFORM,TRANSFORM,0,,1
0,D_WEAK_TRANSFORM,geometry-shadow,12,TRANSFORM,TRANSFORM,0,1.1715595722198486,1
0,D_WEAK_TRANSFORM,incumbent,13,STORY,STORY,1,0.0467300415039062,1
0,D_WEAK_TRANSFORM,capacity-shadow,13,STORY,STORY,1,,1
0,D_WEAK_TRANSFORM,geometry-shadow,13,STORY,STORY,0,0.1287827491760254,1
0,D_WEAK_TRANSFORM,incumbent,14,ARITH_A,ARITHMETIC,0,0.9922314286231996,1
0,D_WEAK_TRANSFORM,capacity-shadow,14,ARITH_A,ARITHMETIC,0,,1
0,D_WEAK_TRANSFORM,geometry-shadow,14,ARITH_A,ARITHMETIC,0,1.2569055557250977,1
0,D_WEAK_TRANSFORM,incumbent,15,TRANSFORM,TRANSFORM,0,0.9250431656837464,1
0,D_WEAK_TRANSFORM,capacity-shadow,15,TRANSFORM,TRANSFORM,0,,1
0,D_WEAK_TRANSFORM,geometry-shadow,15,TRANSFORM,TRANSFORM,0,1.1679441928863523,1
0,D_WEAK_TRANSFORM,incumbent,16,ARITH_A,ARITHMETIC,0,1.0006200075149536,1
0,D_WEAK_TRANSFORM,capacity-shadow,16,ARITH_A,ARITHMETIC,0,,1
0,D_WEAK_TRANSFORM,geometry-shadow,16,ARITH_A,ARITHMETIC,0,1.26455819606781,1
0,D_WEAK_TRANSFORM,incumbent,17,ARITH_A,ARITHMETIC,0,0.9893004894256592,1
0,D_WEAK_TRANSFORM,capacity-shadow,17,ARITH_A,ARITHMETIC,0,,1
0,D_WEAK_TRANSFORM,geometry-shadow,17,ARITH_A,ARITHMETIC,0,1.2498544454574585,1
0,D_WEAK_TRANSFORM,incumbent,18,STORY,STORY,0,0.4495525360107422,1
0,D_WEAK_TRANSFORM,capacity-shadow,18,STORY,STORY,0,,1
0,D_WEAK_TRANSFORM,geometry-shadow,18,STORY,STORY,0,0.8242053985595703,1
0,D_WEAK_TRANSFORM,incumbent,19,STORY,STORY,0,0.0017339587211608,1
0,D_WEAK_TRANSFORM,capacity-shadow,19,STORY,STORY,0,,1
0,D_WEAK_TRANSFORM,geometry-shadow,19,STORY,STORY,0,0.3334327936172485,1
0,D_WEAK_TRANSFORM,incumbent,20,ARITH_A,ARITHMETIC,0,0.9981011152267456,1
0,D_WEAK_TRANSFORM,capacity-shadow,20,ARITH_A,ARITHMETIC,0,,1
0,D_WEAK_TRANSFORM,geometry-shadow,20,ARITH_A,ARITHMETIC,0,1.2666258811950684,1
0,D_WEAK_TRANSFORM,incumbent,21,ARITH_A,ARITHMETIC,0,0.9942384958267212,1
0,D_WEAK_TRANSFORM,capacity-shadow,21,ARITH_A,ARITHMETIC,0,,1
0,D_WEAK_TRANSFORM,geometry-shadow,21,ARITH_A,ARITHMETIC,0,1.2636263370513916,1
0,D_WEAK_TRANSFORM,incumbent,22,TRANSFORM,TRANSFORM,0,0.9155884981155396,1
0,D_WEAK_TRANSFORM,capacity-shadow,22,TRANSFORM,TRANSFORM,0,,1
0,D_WEAK_TRANSFORM,geometry-shadow,22,TRANSFORM,TRANSFORM,0,1.1447200775146484,1
0,D_WEAK_TRANSFORM,incumbent,23,STORY,STORY,0,0.1161030530929565,1
0,D_WEAK_TRANSFORM,capacity-shadow,23,STORY,STORY,0,,1
0,D_WEAK_TRANSFORM,geometry-shadow,23,STORY,STORY,0,0.435356855392456,1
0,D_WEAK_TRANSFORM,incumbent,24,ARITH_A,ARITHMETIC,0,1.0027698278427124,1
0,D_WEAK_TRANSFORM,capacity-shadow,24,ARITH_A,ARITHMETIC,0,,1
0,D_WEAK_TRANSFORM,geometry-shadow,24,ARITH_A,ARITHMETIC,0,1.2673929929733276,1
0,D_WEAK_TRANSFORM,incumbent,25,STORY,STORY,1,0.7350881099700928,1
0,D_WEAK_TRANSFORM,capacity-shadow,25,STORY,STORY,2,,1
0,D_WEAK_TRANSFORM,geometry-shadow,25,STORY,STORY,1,0.7222490906715393,1
0,D_WEAK_TRANSFORM,incumbent,26,ARITH_A,ARITHMETIC,0,0.998240053653717,1
0,D_WEAK_TRANSFORM,capacity-shadow,26,ARITH_A,ARITHMETIC,0,,1
0,D_WEAK_TRANSFORM,geometry-shadow,26,ARITH_A,ARITHMETIC,0,1.2646541595458984,1
0,D_WEAK_TRANSFORM,incumbent,27,ARITH_A,ARITHMETIC,0,0.9978891611099244,1
0,D_WEAK_TRANSFORM,capacity-shadow,27,ARITH_A,ARITHMETIC,0,,1
0,D_WEAK_TRANSFORM,geometry-shadow,27,ARITH_A,ARITHMETIC,0,1.2639044523239136,1
0,D_WEAK_TRANSFORM,incumbent,28,ARITH_A,ARITHMETIC,0,0.9967640042304992,1
0,D_WEAK_TRANSFORM,capacity-shadow,28,ARITH_A,ARITHMETIC,0,,1
0,D_WEAK_TRANSFORM,geometry-shadow,28,ARITH_A,ARITHMETIC,0,1.262252926826477,1
0,D_WEAK_TRANSFORM,incumbent,29,ARITH_A,ARITHMETIC,0,1.005191206932068,1
0,D_WEAK_TRANSFORM,capacity-shadow,29,ARITH_A,ARITHMETIC,0,,1
0,D_WEAK_TRANSFORM,geometry-shadow,29,ARITH_A,ARITHMETIC,0,1.2761893272399902,1
0,D_WEAK_TRANSFORM,incumbent,30,ARITH_A,ARITHMETIC,0,0.9951931238174438,1
0,D_WEAK_TRANSFORM,capacity-shadow,30,ARITH_A,ARITHMETIC,0,,1
0,D_WEAK_TRANSFORM,geometry-shadow,30,ARITH_A,ARITHMETIC,0,1.2600058317184448,1
0,D_WEAK_TRANSFORM,incumbent,31,STORY,STORY,1,1.3714637756347656,1
0,D_WEAK_TRANSFORM,capacity-shadow,31,STORY,STORY,1,,1
0,D_WEAK_TRANSFORM,geometry-shadow,31,STORY,STORY,1,0.6585448384284973,1
0,D_WEAK_TRANSFORM,incumbent,32,TRANSFORM,TRANSFORM,0,0.9231776595115662,1
0,D_WEAK_TRANSFORM,capacity-shadow,32,TRANSFORM,TRANSFORM,0,,1
0,D_WEAK_TRANSFORM,geometry-shadow,32,TRANSFORM,TRANSFORM,0,1.156091570854187,1
0,D_WEAK_TRANSFORM,incumbent,33,STORY,STORY,1,0.5580586194992065,1
0,D_WEAK_TRANSFORM,capacity-shadow,33,STORY,STORY,2,,1
0,D_WEAK_TRANSFORM,geometry-shadow,33,STORY,STORY,1,0.2447360754013061,1
0,D_WEAK_TRANSFORM,incumbent,34,STORY,STORY,1,0.43488210439682,1
0,D_WEAK_TRANSFORM,capacity-shadow,34,STORY,STORY,1,,1
0,D_WEAK_TRANSFORM,geometry-shadow,34,STORY,STORY,1,0.1636911630630493,1
0,D_WEAK_TRANSFORM,incumbent,35,STORY,STORY,1,0.7100059986114502,1
0,D_WEAK_TRANSFORM,capacity-shadow,35,STORY,STORY,2,,1
0,D_WEAK_TRANSFORM,geometry-shadow,35,STORY,STORY,1,0.1126415729522705,1
0,D_WEAK_TRANSFORM,incumbent,36,STORY,STORY,0,0.2741671800613403,1
0,D_WEAK_TRANSFORM,capacity-shadow,36,STORY,STORY,0,,1
0,D_WEAK_TRANSFORM,geometry-shadow,36,STORY,STORY,0,0.6007916927337646,1
0,D_WEAK_TRANSFORM,incumbent,37,ARITH_A,ARITHMETIC,0,0.9997417330741882,1
0,D_WEAK_TRANSFORM,capacity-shadow,37,ARITH_A,ARITHMETIC,0,,1
0,D_WEAK_TRANSFORM,geometry-shadow,37,ARITH_A,ARITHMETIC,0,1.2626407146453855,1
0,D_WEAK_TRANSFORM,incumbent,38,ARITH_A,ARITHMETIC,0,0.998472273349762,1
0,D_WEAK_TRANSFORM,capacity-shadow,38,ARITH_A,ARITHMETIC,0,,1
0,D_WEAK_TRANSFORM,geometry-shadow,38,ARITH_A,ARITHMETIC,0,1.26388680934906,1
0,D_WEAK_TRANSFORM,incumbent,39,ARITH_A,ARITHMETIC,0,0.9966163039207458,1
0,D_WEAK_TRANSFORM,capacity-shadow,39,ARITH_A,ARITHMETIC,0,,1
0,D_WEAK_TRANSFORM,geometry-shadow,39,ARITH_A,ARITHMETIC,0,1.2580630779266355,1
0,D_WEAK_TRANSFORM,incumbent,40,ARITH_A,ARITHMETIC,0,0.9856064319610596,1
0,D_WEAK_TRANSFORM,capacity-shadow,40,ARITH_A,ARITHMETIC,0,,1
0,D_WEAK_TRANSFORM,geometry-shadow,40,ARITH_A,ARITHMETIC,0,1.256025791168213,1
0,D_WEAK_TRANSFORM,incumbent,41,STORY,STORY,0,0.3156326413154602,1
0,D_WEAK_TRANSFORM,capacity-shadow,41,STORY,STORY,0,,1
0,D_WEAK_TRANSFORM,geometry-shadow,41,STORY,STORY,0,0.5051297545433044,1
0,D_WEAK_TRANSFORM,incumbent,42,ARITH_A,ARITHMETIC,0,0.9938929080963136,1
0,D_WEAK_TRANSFORM,capacity-shadow,42,ARITH_A,ARITHMETIC,0,,1
0,D_WEAK_TRANSFORM,geometry-shadow,42,ARITH_A,ARITHMETIC,0,1.2475521564483645,1
0,D_WEAK_TRANSFORM,incumbent,43,ARITH_A,ARITHMETIC,0,0.9944167137145996,1
0,D_WEAK_TRANSFORM,capacity-shadow,43,ARITH_A,ARITHMETIC,0,,1
0,D_WEAK_TRANSFORM,geometry-shadow,43,ARITH_A,ARITHMETIC,0,1.257483959197998,1
0,D_WEAK_TRANSFORM,incumbent,44,STORY,STORY,1,0.1274154186248779,1
0,D_WEAK_TRANSFORM,capacity-shadow,44,STORY,STORY,1,,1
0,D_WEAK_TRANSFORM,geometry-shadow,44,STORY,STORY,1,0.1607913970947265,1
0,D_WEAK_TRANSFORM,incumbent,45,TRANSFORM,TRANSFORM,0,0.9340464472770692,1
0,D_WEAK_TRANSFORM,capacity-shadow,45,TRANSFORM,TRANSFORM,0,,1
0,D_WEAK_TRANSFORM,geometry-shadow,45,TRANSFORM,TRANSFORM,0,1.1817489862442017,1
0,D_WEAK_TRANSFORM,incumbent,46,STORY,STORY,0,0.4036446213722229,1
0,D_WEAK_TRANSFORM,capacity-shadow,46,STORY,STORY,0,,1
0,D_WEAK_TRANSFORM,geometry-shadow,46,STORY,STORY,0,0.8172142505645752,1
0,D_WEAK_TRANSFORM,incumbent,47,STORY,STORY,1,1.0537573099136353,1
0,D_WEAK_TRANSFORM,capacity-shadow,47,STORY,STORY,2,,1
0,D_WEAK_TRANSFORM,geometry-shadow,47,STORY,STORY,1,0.4816236495971679,1
0,D_WEAK_TRANSFORM,incumbent,48,STORY,STORY,0,0.2476170659065246,1
0,D_WEAK_TRANSFORM,capacity-shadow,48,STORY,STORY,0,,1
0,D_WEAK_TRANSFORM,geometry-shadow,48,STORY,STORY,0,0.6235059499740601,1
0,D_WEAK_TRANSFORM,incumbent,49,STORY,STORY,1,0.0685847997665405,1
0,D_WEAK_TRANSFORM,capacity-shadow,49,STORY,STORY,1,,1
0,D_WEAK_TRANSFORM,geometry-shadow,49,STORY,STORY,0,0.1232293844223022,1
0,D_WEAK_TRANSFORM,incumbent,50,ARITH_A,ARITHMETIC,0,0.9945952892303468,1
0,D_WEAK_TRANSFORM,capacity-shadow,50,ARITH_A,ARITHMETIC,0,,1
0,D_WEAK_TRANSFORM,geometry-shadow,50,ARITH_A,ARITHMETIC,0,1.2617056369781494,1
0,D_WEAK_TRANSFORM,incumbent,51,ARITH_A,ARITHMETIC,0,0.9986322522163392,1
0,D_WEAK_TRANSFORM,capacity-shadow,51,ARITH_A,ARITHMETIC,0,,1
0,D_WEAK_TRANSFORM,geometry-shadow,51,ARITH_A,ARITHMETIC,0,1.258055329322815,1
0,D_WEAK_TRANSFORM,incumbent,52,STORY,STORY,0,0.0928766131401062,1
0,D_WEAK_TRANSFORM,capacity-shadow,52,STORY,STORY,0,,1
0,D_WEAK_TRANSFORM,geometry-shadow,52,STORY,STORY,0,0.3825428485870361,1
0,D_WEAK_TRANSFORM,incumbent,53,STORY,STORY,1,1.5655487775802612,1
0,D_WEAK_TRANSFORM,capacity-shadow,53,STORY,STORY,2,,1
0,D_WEAK_TRANSFORM,geometry-shadow,53,STORY,STORY,1,0.4975887537002563,1
0,D_WEAK_TRANSFORM,incumbent,54,ARITH_A,ARITHMETIC,0,0.9885091185569764,1
0,D_WEAK_TRANSFORM,capacity-shadow,54,ARITH_A,ARITHMETIC,0,,1
0,D_WEAK_TRANSFORM,geometry-shadow,54,ARITH_A,ARITHMETIC,0,1.254855394363403,1
0,D_WEAK_TRANSFORM,incumbent,55,ARITH_A,ARITHMETIC,0,0.998328685760498,1
0,D_WEAK_TRANSFORM,capacity-shadow,55,ARITH_A,ARITHMETIC,0,,1
0,D_WEAK_TRANSFORM,geometry-shadow,55,ARITH_A,ARITHMETIC,0,1.2662065029144287,1
0,D_WEAK_TRANSFORM,incumbent,56,TRANSFORM,TRANSFORM,0,0.9337937831878662,1
0,D_WEAK_TRANSFORM,capacity-shadow,56,TRANSFORM,TRANSFORM,0,,1
0,D_WEAK_TRANSFORM,geometry-shadow,56,TRANSFORM,TRANSFORM,0,1.1875250339508057,1
0,D_WEAK_TRANSFORM,incumbent,57,ARITH_A,ARITHMETIC,0,1.0041359663009644,1
0,D_WEAK_TRANSFORM,capacity-shadow,57,ARITH_A,ARITHMETIC,0,,1
0,D_WEAK_TRANSFORM,geometry-shadow,57,ARITH_A,ARITHMETIC,0,1.2675844430923462,1
0,D_WEAK_TRANSFORM,incumbent,58,ARITH_A,ARITHMETIC,0,1.0010277032852173,1
0,D_WEAK_TRANSFORM,capacity-shadow,58,ARITH_A,ARITHMETIC,0,,1
0,D_WEAK_TRANSFORM,geometry-shadow,58,ARITH_A,ARITHMETIC,0,1.2713488340377808,1
0,D_WEAK_TRANSFORM,incumbent,59,STORY,STORY,0,0.0216408967971801,1
0,D_WEAK_TRANSFORM,capacity-shadow,59,STORY,STORY,0,,1
0,D_WEAK_TRANSFORM,geometry-shadow,59,STORY,STORY,0,0.4654104113578796,1
0,D_WEAK_TRANSFORM,incumbent,60,STORY,STORY,1,0.154282808303833,1
0,D_WEAK_TRANSFORM,capacity-shadow,60,STORY,STORY,1,,1
0,D_WEAK_TRANSFORM,geometry-shadow,60,STORY,STORY,0,0.1400797367095947,1
0,D_WEAK_TRANSFORM,incumbent,61,TRANSFORM,TRANSFORM,0,0.9160695672035216,1
0,D_WEAK_TRANSFORM,capacity-shadow,61,TRANSFORM,TRANSFORM,0,,1
0,D_WEAK_TRANSFORM,geometry-shadow,61,TRANSFORM,TRANSFORM,0,1.150217056274414,1
0,D_WEAK_TRANSFORM,incumbent,62,TRANSFORM,TRANSFORM,0,0.9207457304000854,1
0,D_WEAK_TRANSFORM,capacity-shadow,62,TRANSFORM,TRANSFORM,0,,1
0,D_WEAK_TRANSFORM,geometry-shadow,62,TRANSFORM,TRANSFORM,0,1.1610552072525024,1
0,D_WEAK_TRANSFORM,incumbent,63,ARITH_A,ARITHMETIC,0,0.9971905946731568,1
0,D_WEAK_TRANSFORM,capacity-shadow,63,ARITH_A,ARITHMETIC,0,,1
0,D_WEAK_TRANSFORM,geometry-shadow,63,ARITH_A,ARITHMETIC,0,1.263969659805298,1
0,D_WEAK_TRANSFORM,incumbent,64,STORY,STORY,1,0.6468721628189087,1
0,D_WEAK_TRANSFORM,capacity-shadow,64,STORY,STORY,2,,1
0,D_WEAK_TRANSFORM,geometry-shadow,64,STORY,STORY,1,0.2058117389678955,1
0,D_WEAK_TRANSFORM,incumbent,65,ARITH_A,ARITHMETIC,0,0.9986671209335328,1
0,D_WEAK_TRANSFORM,capacity-shadow,65,ARITH_A,ARITHMETIC,0,,1
0,D_WEAK_TRANSFORM,geometry-shadow,65,ARITH_A,ARITHMETIC,0,1.263616681098938,1
0,D_WEAK_TRANSFORM,incumbent,66,STORY,STORY,1,0.5812333822250366,1
0,D_WEAK_TRANSFORM,capacity-shadow,66,STORY,STORY,1,,1
0,D_WEAK_TRANSFORM,geometry-shadow,66,STORY,STORY,2,0.1284493207931518,1
0,D_WEAK_TRANSFORM,incumbent,67,ARITH_A,ARITHMETIC,0,0.9969176054000854,1
0,D_WEAK_TRANSFORM,capacity-shadow,67,ARITH_A,ARITHMETIC,0,,1
0,D_WEAK_TRANSFORM,geometry-shadow,67,ARITH_A,ARITHMETIC,0,1.2530474662780762,1
0,D_WEAK_TRANSFORM,incumbent,68,TRANSFORM,TRANSFORM,0,0.9371119737625122,1
0,D_WEAK_TRANSFORM,capacity-shadow,68,TRANSFORM,TRANSFORM,0,,1
0,D_WEAK_TRANSFORM,geometry-shadow,68,TRANSFORM,TRANSFORM,0,1.1913129091262815,1
0,D_WEAK_TRANSFORM,incumbent,69,ARITH_A,ARITHMETIC,0,0.9938627481460572,1
0,D_WEAK_TRANSFORM,capacity-shadow,69,ARITH_A,ARITHMETIC,0,,1
0,D_WEAK_TRANSFORM,geometry-shadow,69,ARITH_A,ARITHMETIC,0,1.251652717590332,1
0,D_WEAK_TRANSFORM,incumbent,70,ARITH_A,ARITHMETIC,0,0.996557354927063,1
0,D_WEAK_TRANSFORM,capacity-shadow,70,ARITH_A,ARITHMETIC,0,,1
0,D_WEAK_TRANSFORM,geometry-shadow,70,ARITH_A,ARITHMETIC,0,1.2616868019104004,1
0,D_WEAK_TRANSFORM,incumbent,71,ARITH_A,ARITHMETIC,0,0.9995540976524352,1
0,D_WEAK_TRANSFORM,capacity-shadow,71,ARITH_A,ARITHMETIC,0,,1
0,D_WEAK_TRANSFORM,geometry-shadow,71,ARITH_A,ARITHMETIC,0,1.2634310722351074,1
0,D_WEAK_TRANSFORM,incumbent,72,ARITH_A,ARITHMETIC,0,0.9928883910179138,1
0,D_WEAK_TRANSFORM,capacity-shadow,72,ARITH_A,ARITHMETIC,0,,1
0,D_WEAK_TRANSFORM,geometry-shadow,72,ARITH_A,ARITHMETIC,0,1.2588284015655518,1
0,D_WEAK_TRANSFORM,incumbent,73,STORY,STORY,0,0.3282919526100158,1
0,D_WEAK_TRANSFORM,capacity-shadow,73,STORY,STORY,0,,1
0,D_WEAK_TRANSFORM,geometry-shadow,73,STORY,STORY,0,0.6758532524108887,1
0,D_WEAK_TRANSFORM,incumbent,74,ARITH_A,ARITHMETIC,0,0.996475100517273,1
0,D_WEAK_TRANSFORM,capacity-shadow,74,ARITH_A,ARITHMETIC,0,,1
0,D_WEAK_TRANSFORM,geometry-shadow,74,ARITH_A,ARITHMETIC,0,1.2640352249145508,1
0,D_WEAK_TRANSFORM,incumbent,75,STORY,STORY,1,0.8762016296386719,1
0,D_WEAK_TRANSFORM,capacity-shadow,75,STORY,STORY,2,,1
0,D_WEAK_TRANSFORM,geometry-shadow,75,STORY,STORY,1,0.3722866773605346,1
0,D_WEAK_TRANSFORM,incumbent,76,STORY,STORY,1,1.1062015295028689,1
0,D_WEAK_TRANSFORM,capacity-shadow,76,STORY,STORY,1,,1
0,D_WEAK_TRANSFORM,geometry-shadow,76,STORY,STORY,1,0.5403132438659668,1
0,D_WEAK_TRANSFORM,incumbent,77,ARITH_A,ARITHMETIC,0,0.9965171217918396,1
0,D_WEAK_TRANSFORM,capacity-shadow,77,ARITH_A,ARITHMETIC,0,,1
0,D_WEAK_TRANSFORM,geometry-shadow,77,ARITH_A,ARITHMETIC,0,1.258711576461792,1
0,D_WEAK_TRANSFORM,incumbent,78,ARITH_A,ARITHMETIC,0,0.9978865385055542,1
0,D_WEAK_TRANSFORM,capacity-shadow,78,ARITH_A,ARITHMETIC,0,,1
0,D_WEAK_TRANSFORM,geometry-shadow,78,ARITH_A,ARITHMETIC,0,1.2755002975463867,1
0,D_WEAK_TRANSFORM,incumbent,79,ARITH_A,ARITHMETIC,0,0.9987937211990356,1
0,D_WEAK_TRANSFORM,capacity-shadow,79,ARITH_A,ARITHMETIC,0,,1
0,D_WEAK_TRANSFORM,geometry-shadow,79,ARITH_A,ARITHMETIC,0,1.2638647556304932,1
0,D_WEAK_TRANSFORM,incumbent,80,STORY,STORY,1,0.7519435882568359,1
0,D_WEAK_TRANSFORM,capacity-shadow,80,STORY,STORY,2,,1
0,D_WEAK_TRANSFORM,geometry-shadow,80,STORY,STORY,2,0.0437999963760376,1
0,D_WEAK_TRANSFORM,incumbent,81,ARITH_A,ARITHMETIC,0,0.99354350566864,1
0,D_WEAK_TRANSFORM,capacity-shadow,81,ARITH_A,ARITHMETIC,0,,1
0,D_WEAK_TRANSFORM,geometry-shadow,81,ARITH_A,ARITHMETIC,0,1.2598321437835691,1
0,D_WEAK_TRANSFORM,incumbent,82,STORY,STORY,0,0.1341595649719238,1
0,D_WEAK_TRANSFORM,capacity-shadow,82,STORY,STORY,0,,1
0,D_WEAK_TRANSFORM,geometry-shadow,82,STORY,STORY,0,0.6656860113143921,1
0,D_WEAK_TRANSFORM,incumbent,83,TRANSFORM,TRANSFORM,0,0.9389712810516356,1
0,D_WEAK_TRANSFORM,capacity-shadow,83,TRANSFORM,TRANSFORM,0,,1
0,D_WEAK_TRANSFORM,geometry-shadow,83,TRANSFORM,TRANSFORM,0,1.2034518718719482,1
0,D_WEAK_TRANSFORM,incumbent,84,STORY,STORY,1,0.8172241449356079,1
0,D_WEAK_TRANSFORM,capacity-shadow,84,STORY,STORY,1,,1
0,D_WEAK_TRANSFORM,geometry-shadow,84,STORY,STORY,1,0.2370079755783081,1
0,D_WEAK_TRANSFORM,incumbent,85,STORY,STORY,1,0.3987022638320923,1
0,D_WEAK_TRANSFORM,capacity-shadow,85,STORY,STORY,2,,1
0,D_WEAK_TRANSFORM,geometry-shadow,85,STORY,STORY,1,0.0334663391113281,1
0,D_WEAK_TRANSFORM,incumbent,86,STORY,STORY,1,0.2632256746292114,1
0,D_WEAK_TRANSFORM,capacity-shadow,86,STORY,STORY,1,,1
0,D_WEAK_TRANSFORM,geometry-shadow,86,STORY,STORY,0,0.0297855138778686,1
0,D_WEAK_TRANSFORM,incumbent,87,ARITH_A,ARITHMETIC,0,0.9984115958213806,1
0,D_WEAK_TRANSFORM,capacity-shadow,87,ARITH_A,ARITHMETIC,0,,1
0,D_WEAK_TRANSFORM,geometry-shadow,87,ARITH_A,ARITHMETIC,0,1.2706133127212524,1
0,D_WEAK_TRANSFORM,incumbent,88,STORY,STORY,0,0.1886689662933349,1
0,D_WEAK_TRANSFORM,capacity-shadow,88,STORY,STORY,0,,1
0,D_WEAK_TRANSFORM,geometry-shadow,88,STORY,STORY,0,0.4703253507614136,1
0,D_WEAK_TRANSFORM,incumbent,89,STORY,STORY,1,0.5563927888870239,1
0,D_WEAK_TRANSFORM,capacity-shadow,89,STORY,STORY,2,,1
0,D_WEAK_TRANSFORM,geometry-shadow,89,STORY,STORY,1,0.0866698026657104,1
0,D_WEAK_TRANSFORM,incumbent,90,TRANSFORM,TRANSFORM,0,0.934646725654602,1
0,D_WEAK_TRANSFORM,capacity-shadow,90,TRANSFORM,TRANSFORM,0,,1
0,D_WEAK_TRANSFORM,geometry-shadow,90,TRANSFORM,TRANSFORM,0,1.1781151294708252,1
0,D_WEAK_TRANSFORM,incumbent,91,STORY,STORY,0,0.4201889634132385,1
0,D_WEAK_TRANSFORM,capacity-shadow,91,STORY,STORY,0,,1
0,D_WEAK_TRANSFORM,geometry-shadow,91,STORY,STORY,0,0.6104840040206909,1
0,D_WEAK_TRANSFORM,incumbent,92,STORY,STORY,1,1.3380112648010254,1
0,D_WEAK_TRANSFORM,capacity-shadow,92,STORY,STORY,1,,1
0,D_WEAK_TRANSFORM,geometry-shadow,92,STORY,STORY,1,0.2741099596023559,1
0,D_WEAK_TRANSFORM,incumbent,93,ARITH_A,ARITHMETIC,0,0.994377076625824,1
0,D_WEAK_TRANSFORM,capacity-shadow,93,ARITH_A,ARITHMETIC,0,,1
0,D_WEAK_TRANSFORM,geometry-shadow,93,ARITH_A,ARITHMETIC,0,1.2607635259628296,1
0,D_WEAK_TRANSFORM,incumbent,94,ARITH_A,ARITHMETIC,0,0.9914177656173706,1
0,D_WEAK_TRANSFORM,capacity-shadow,94,ARITH_A,ARITHMETIC,0,,1
0,D_WEAK_TRANSFORM,geometry-shadow,94,ARITH_A,ARITHMETIC,0,1.251623034477234,1
0,D_WEAK_TRANSFORM,incumbent,95,ARITH_A,ARITHMETIC,0,1.0038695335388184,1
0,D_WEAK_TRANSFORM,capacity-shadow,95,ARITH_A,ARITHMETIC,0,,1
0,D_WEAK_TRANSFORM,geometry-shadow,95,ARITH_A,ARITHMETIC,0,1.274645209312439,1
0,D_WEAK_TRANSFORM,incumbent,96,STORY,STORY,0,0.3875943422317505,1
0,D_WEAK_TRANSFORM,capacity-shadow,96,STORY,STORY,0,,1
0,D_WEAK_TRANSFORM,geometry-shadow,96,STORY,STORY,0,0.571529746055603,1
0,D_WEAK_TRANSFORM,incumbent,97,STORY,STORY,0,0.0881372690200805,1
0,D_WEAK_TRANSFORM,capacity-shadow,97,STORY,STORY,0,,1
0,D_WEAK_TRANSFORM,geometry-shadow,97,STORY,STORY,0,0.4280140995979309,1
0,D_WEAK_TRANSFORM,incumbent,98,STORY,STORY,1,1.1451749801635742,1
0,D_WEAK_TRANSFORM,capacity-shadow,98,STORY,STORY,2,,1
0,D_WEAK_TRANSFORM,geometry-shadow,98,STORY,STORY,1,0.5794298052787781,1
0,D_WEAK_TRANSFORM,incumbent,99,TRANSFORM,TRANSFORM,0,0.9385956525802612,1
0,D_WEAK_TRANSFORM,capacity-shadow,99,TRANSFORM,TRANSFORM,0,,1
0,D_WEAK_TRANSFORM,geometry-shadow,99,TRANSFORM,TRANSFORM,0,1.1949440240859983,1
0,D_WEAK_TRANSFORM,incumbent,100,ARITH_A,ARITHMETIC,0,0.992900550365448,1
0,D_WEAK_TRANSFORM,capacity-shadow,100,ARITH_A,ARITHMETIC,0,,1
0,D_WEAK_TRANSFORM,geometry-shadow,100,ARITH_A,ARITHMETIC,0,1.259056806564331,1
0,D_WEAK_TRANSFORM,incumbent,101,ARITH_A,ARITHMETIC,0,0.9897438287734984,1
0,D_WEAK_TRANSFORM,capacity-shadow,101,ARITH_A,ARITHMETIC,0,,1
0,D_WEAK_TRANSFORM,geometry-shadow,101,ARITH_A,ARITHMETIC,0,1.2480688095092771,1
0,D_WEAK_TRANSFORM,incumbent,102,ARITH_A,ARITHMETIC,0,0.9952518939971924,1
0,D_WEAK_TRANSFORM,capacity-shadow,102,ARITH_A,ARITHMETIC,0,,1
0,D_WEAK_TRANSFORM,geometry-shadow,102,ARITH_A,ARITHMETIC,0,1.2547999620437622,1
0,D_WEAK_TRANSFORM,incumbent,103,STORY,STORY,0,0.1770848035812378,1
0,D_WEAK_TRANSFORM,capacity-shadow,103,STORY,STORY,0,,1
0,D_WEAK_TRANSFORM,geometry-shadow,103,STORY,STORY,0,0.4083561301231384,1
0,D_WEAK_TRANSFORM,incumbent,104,STORY,STORY,0,0.3689668178558349,1
0,D_WEAK_TRANSFORM,capacity-shadow,104,STORY,STORY,0,,1
0,D_WEAK_TRANSFORM,geometry-shadow,104,STORY,STORY,0,0.9240098595619202,1
0,D_WEAK_TRANSFORM,incumbent,105,STORY,STORY,1,0.1582543849945068,1
0,D_WEAK_TRANSFORM,capacity-shadow,105,STORY,STORY,1,,1
0,D_WEAK_TRANSFORM,geometry-shadow,105,STORY,STORY,0,0.0333780050277709,1
0,D_WEAK_TRANSFORM,incumbent,106,ARITH_A,ARITHMETIC,0,0.997265875339508,1
0,D_WEAK_TRANSFORM,capacity-shadow,106,ARITH_A,ARITHMETIC,0,,1
0,D_WEAK_TRANSFORM,geometry-shadow,106,ARITH_A,ARITHMETIC,0,1.2597736120224,1
0,D_WEAK_TRANSFORM,incumbent,107,STORY,STORY,0,0.3652477264404297,1
0,D_WEAK_TRANSFORM,capacity-shadow,107,STORY,STORY,0,,1
0,D_WEAK_TRANSFORM,geometry-shadow,107,STORY,STORY,0,0.6538867950439453,1
0,D_WEAK_TRANSFORM,incumbent,108,STORY,STORY,0,0.5445346832275391,1
0,D_WEAK_TRANSFORM,capacity-shadow,108,STORY,STORY,0,,1
0,D_WEAK_TRANSFORM,geometry-shadow,108,STORY,STORY,0,1.032956600189209,1
0,D_WEAK_TRANSFORM,incumbent,109,STORY,STORY,1,0.7044434547424316,1
0,D_WEAK_TRANSFORM,capacity-shadow,109,STORY,STORY,2,,1
0,D_WEAK_TRANSFORM,geometry-shadow,109,STORY,STORY,1,0.1914410591125488,1
0,D_WEAK_TRANSFORM,incumbent,110,STORY,STORY,0,0.3064895272254944,1
0,D_WEAK_TRANSFORM,capacity-shadow,110,STORY,STORY,0,,1
0,D_WEAK_TRANSFORM,geometry-shadow,110,STORY,STORY,0,0.7315418720245361,1
0,D_WEAK_TRANSFORM,incumbent,111,STORY,STORY,1,0.1226650476455688,1
0,D_WEAK_TRANSFORM,capacity-shadow,111,STORY,STORY,1,,1
0,D_WEAK_TRANSFORM,geometry-shadow,111,STORY,STORY,1,0.0371707677841186,1
0,D_WEAK_TRANSFORM,incumbent,112,STORY,STORY,1,0.5940021276473999,1
0,D_WEAK_TRANSFORM,capacity-shadow,112,STORY,STORY,2,,1
0,D_WEAK_TRANSFORM,geometry-shadow,112,STORY,STORY,1,0.211393117904663,1
0,D_WEAK_TRANSFORM,incumbent,113,STORY,STORY,0,0.1616973876953125,1
0,D_WEAK_TRANSFORM,capacity-shadow,113,STORY,STORY,0,,1
0,D_WEAK_TRANSFORM,geometry-shadow,113,STORY,STORY,0,0.4335561394691467,1
0,D_WEAK_TRANSFORM,incumbent,114,ARITH_A,ARITHMETIC,0,0.998256504535675,1
0,D_WEAK_TRANSFORM,capacity-shadow,114,ARITH_A,ARITHMETIC,0,,1
0,D_WEAK_TRANSFORM,geometry-shadow,114,ARITH_A,ARITHMETIC,0,1.2627853155136108,1
0,D_WEAK_TRANSFORM,incumbent,115,ARITH_A,ARITHMETIC,0,0.9993302822113036,1
0,D_WEAK_TRANSFORM,capacity-shadow,115,ARITH_A,ARITHMETIC,0,,1
0,D_WEAK_TRANSFORM,geometry-shadow,115,ARITH_A,ARITHMETIC,0,1.264208436012268,1
0,D_WEAK_TRANSFORM,incumbent,116,STORY,STORY,1,0.1328550577163696,1
0,D_WEAK_TRANSFORM,capacity-shadow,116,STORY,STORY,1,,1
0,D_WEAK_TRANSFORM,geometry-shadow,116,STORY,STORY,0,0.1870424747467041,1
0,D_WEAK_TRANSFORM,incumbent,117,STORY,STORY,1,1.115456223487854,1
0,D_WEAK_TRANSFORM,capacity-shadow,117,STORY,STORY,2,,1
0,D_WEAK_TRANSFORM,geometry-shadow,117,STORY,STORY,1,0.4334665536880493,1
0,D_WEAK_TRANSFORM,incumbent,118,ARITH_A,ARITHMETIC,0,0.9921363592147828,1
0,D_WEAK_TRANSFORM,capacity-shadow,118,ARITH_A,ARITHMETIC,0,,1
0,D_WEAK_TRANSFORM,geometry-shadow,118,ARITH_A,ARITHMETIC,0,1.261123776435852,1
0,D_WEAK_TRANSFORM,incumbent,119,STORY,STORY,0,0.3826037645339966,1
0,D_WEAK_TRANSFORM,capacity-shadow,119,STORY,STORY,0,,1
0,D_WEAK_TRANSFORM,geometry-shadow,119,STORY,STORY,0,0.8692404627799988,1
0,D_WEAK_TRANSFORM,incumbent,120,TRANSFORM,TRANSFORM,0,0.9324840903282166,1
0,D_WEAK_TRANSFORM,capacity-shadow,120,TRANSFORM,TRANSFORM,0,,1
0,D_WEAK_TRANSFORM,geometry-shadow,120,TRANSFORM,TRANSFORM,0,1.1959471702575684,1
0,D_WEAK_TRANSFORM,incumbent,121,ARITH_A,ARITHMETIC,0,0.9918006062507628,1
0,D_WEAK_TRANSFORM,capacity-shadow,121,ARITH_A,ARITHMETIC,0,,1
0,D_WEAK_TRANSFORM,geometry-shadow,121,ARITH_A,ARITHMETIC,0,1.2583622932434082,1
0,D_WEAK_TRANSFORM,incumbent,122,STORY,STORY,1,1.073858380317688,1
0,D_WEAK_TRANSFORM,capacity-shadow,122,STORY,STORY,1,,1
0,D_WEAK_TRANSFORM,geometry-shadow,122,STORY,STORY,1,0.5192775726318359,1
0,D_WEAK_TRANSFORM,incumbent,123,ARITH_A,ARITHMETIC,0,0.9936603307724,1
0,D_WEAK_TRANSFORM,capacity-shadow,123,ARITH_A,ARITHMETIC,0,,1
0,D_WEAK_TRANSFORM,geometry-shadow,123,ARITH_A,ARITHMETIC,0,1.2575286626815796,1
0,D_WEAK_TRANSFORM,incumbent,124,TRANSFORM,TRANSFORM,0,0.9365590810775756,1
0,D_WEAK_TRANSFORM,capacity-shadow,124,TRANSFORM,TRANSFORM,0,,1
0,D_WEAK_TRANSFORM,geometry-shadow,124,TRANSFORM,TRANSFORM,0,1.1949987411499023,1
0,D_WEAK_TRANSFORM,incumbent,125,TRANSFORM,TRANSFORM,0,0.9314460158348083,1
0,D_WEAK_TRANSFORM,capacity-shadow,125,TRANSFORM,TRANSFORM,0,,1
0,D_WEAK_TRANSFORM,geometry-shadow,125,TRANSFORM,TRANSFORM,0,1.189974665641785,1
0,D_WEAK_TRANSFORM,incumbent,126,STORY,STORY,0,0.4630177021026611,1
0,D_WEAK_TRANSFORM,capacity-shadow,126,STORY,STORY,0,,1
0,D_WEAK_TRANSFORM,geometry-shadow,126,STORY,STORY,0,0.741601824760437,1
0,D_WEAK_TRANSFORM,incumbent,127,TRANSFORM,TRANSFORM,0,0.9348880648612976,1
0,D_WEAK_TRANSFORM,capacity-shadow,127,TRANSFORM,TRANSFORM,0,,1
0,D_WEAK_TRANSFORM,geometry-shadow,127,TRANSFORM,TRANSFORM,0,1.1821913719177246,1
0,D_WEAK_TRANSFORM,incumbent,128,ARITH_A,ARITHMETIC,0,0.999123513698578,1
0,D_WEAK_TRANSFORM,capacity-shadow,128,ARITH_A,ARITHMETIC,0,,1
0,D_WEAK_TRANSFORM,geometry-shadow,128,ARITH_A,ARITHMETIC,0,1.26740562915802,1
0,D_WEAK_TRANSFORM,incumbent,129,ARITH_A,ARITHMETIC,0,0.9939197897911072,1
0,D_WEAK_TRANSFORM,capacity-shadow,129,ARITH_A,ARITHMETIC,0,,1
0,D_WEAK_TRANSFORM,geometry-shadow,129,ARITH_A,ARITHMETIC,0,1.2596806287765503,1
0,D_WEAK_TRANSFORM,incumbent,130,TRANSFORM,TRANSFORM,0,0.9348600506782532,1
0,D_WEAK_TRANSFORM,capacity-shadow,130,TRANSFORM,TRANSFORM,0,,1
0,D_WEAK_TRANSFORM,geometry-shadow,130,TRANSFORM,TRANSFORM,0,1.183348298072815,1
0,D_WEAK_TRANSFORM,incumbent,131,STORY,STORY,1,0.3493853807449341,1
0,D_WEAK_TRANSFORM,capacity-shadow,131,STORY,STORY,2,,1
0,D_WEAK_TRANSFORM,geometry-shadow,131,STORY,STORY,0,0.0673327445983886,1
0,D_WEAK_TRANSFORM,incumbent,132,ARITH_A,ARITHMETIC,0,1.0002052783966064,1
0,D_WEAK_TRANSFORM,capacity-shadow,132,ARITH_A,ARITHMETIC,0,,1
0,D_WEAK_TRANSFORM,geometry-shadow,132,ARITH_A,ARITHMETIC,0,1.2703198194503784,1
0,D_WEAK_TRANSFORM,incumbent,133,STORY,STORY,1,1.6208348274230957,1
0,D_WEAK_TRANSFORM,capacity-shadow,133,STORY,STORY,1,,1
0,D_WEAK_TRANSFORM,geometry-shadow,133,STORY,STORY,1,0.234294056892395,1
0,D_WEAK_TRANSFORM,incumbent,134,STORY,STORY,0,0.1624853610992431,1
0,D_WEAK_TRANSFORM,capacity-shadow,134,STORY,STORY,0,,1
0,D_WEAK_TRANSFORM,geometry-shadow,134,STORY,STORY,0,0.5752230882644653,1
0,D_WEAK_TRANSFORM,incumbent,135,STORY,STORY,1,1.4403297901153564,1
0,D_WEAK_TRANSFORM,capacity-shadow,135,STORY,STORY,2,,1
0,D_WEAK_TRANSFORM,geometry-shadow,135,STORY,STORY,1,0.2311183214187622,1
0,D_WEAK_TRANSFORM,incumbent,136,ARITH_A,ARITHMETIC,0,0.9972352385520936,1
0,D_WEAK_TRANSFORM,capacity-shadow,136,ARITH_A,ARITHMETIC,0,,1
0,D_WEAK_TRANSFORM,geometry-shadow,136,ARITH_A,ARITHMETIC,0,1.257249116897583,1
0,D_WEAK_TRANSFORM,incumbent,137,ARITH_A,ARITHMETIC,0,0.9999836683273317,1
0,D_WEAK_TRANSFORM,capacity-shadow,137,ARITH_A,ARITHMETIC,0,,1
0,D_WEAK_TRANSFORM,geometry-shadow,137,ARITH_A,ARITHMETIC,0,1.2728391885757446,1
0,D_WEAK_TRANSFORM,incumbent,138,ARITH_A,ARITHMETIC,0,1.0002962350845337,1
0,D_WEAK_TRANSFORM,capacity-shadow,138,ARITH_A,ARITHMETIC,0,,1
0,D_WEAK_TRANSFORM,geometry-shadow,138,ARITH_A,ARITHMETIC,0,1.2628192901611328,1
0,D_WEAK_TRANSFORM,incumbent,139,ARITH_A,ARITHMETIC,0,1.000701665878296,1
0,D_WEAK_TRANSFORM,capacity-shadow,139,ARITH_A,ARITHMETIC,0,,1
0,D_WEAK_TRANSFORM,geometry-shadow,139,ARITH_A,ARITHMETIC,0,1.2684003114700315,1
0,D_WEAK_TRANSFORM,incumbent,140,STORY,STORY,1,0.2294256687164306,1
0,D_WEAK_TRANSFORM,capacity-shadow,140,STORY,STORY,1,,1
0,D_WEAK_TRANSFORM,geometry-shadow,140,STORY,STORY,1,0.0552998781204223,1
0,D_WEAK_TRANSFORM,incumbent,141,STORY,STORY,1,0.3452814817428589,1
0,D_WEAK_TRANSFORM,capacity-shadow,141,STORY,STORY,2,,1
0,D_WEAK_TRANSFORM,geometry-shadow,141,STORY,STORY,1,0.1793586015701294,1
0,D_WEAK_TRANSFORM,incumbent,142,ARITH_A,ARITHMETIC,0,0.9933419823646544,1
0,D_WEAK_TRANSFORM,capacity-shadow,142,ARITH_A,ARITHMETIC,0,,1
0,D_WEAK_TRANSFORM,geometry-shadow,142,ARITH_A,ARITHMETIC,0,1.2556535005569458,1
0,D_WEAK_TRANSFORM,incumbent,143,STORY,STORY,1,1.544654130935669,1
0,D_WEAK_TRANSFORM,capacity-shadow,143,STORY,STORY,1,,1
0,D_WEAK_TRANSFORM,geometry-shadow,143,STORY,STORY,1,0.6642352938652039,1
0,D_WEAK_TRANSFORM,incumbent,144,STORY,STORY,0,0.17300945520401,1
0,D_WEAK_TRANSFORM,capacity-shadow,144,STORY,STORY,0,,1
0,D_WEAK_TRANSFORM,geometry-shadow,144,STORY,STORY,0,0.6083576679229736,1
0,D_WEAK_TRANSFORM,incumbent,145,ARITH_A,ARITHMETIC,0,0.998488426208496,1
0,D_WEAK_TRANSFORM,capacity-shadow,145,ARITH_A,ARITHMETIC,0,,1
0,D_WEAK_TRANSFORM,geometry-shadow,145,ARITH_A,ARITHMETIC,0,1.2634400129318235,1
0,D_WEAK_TRANSFORM,incumbent,146,STORY,STORY,1,1.5322242975234983,1
0,D_WEAK_TRANSFORM,capacity-shadow,146,STORY,STORY,2,,1
0,D_WEAK_TRANSFORM,geometry-shadow,146,STORY,STORY,1,0.6332792043685913,1
0,D_WEAK_TRANSFORM,incumbent,147,STORY,STORY,1,1.089745283126831,1
0,D_WEAK_TRANSFORM,capacity-shadow,147,STORY,STORY,1,,1
0,D_WEAK_TRANSFORM,geometry-shadow,147,STORY,STORY,1,0.1901497840881347,1
0,D_WEAK_TRANSFORM,incumbent,148,STORY,STORY,1,0.5226380825042725,1
0,D_WEAK_TRANSFORM,capacity-shadow,148,STORY,STORY,2,,1
0,D_WEAK_TRANSFORM,geometry-shadow,148,STORY,STORY,1,0.1915679574012756,1
0,D_WEAK_TRANSFORM,incumbent,149,ARITH_A,ARITHMETIC,0,0.9959700703620912,1
0,D_WEAK_TRANSFORM,capacity-shadow,149,ARITH_A,ARITHMETIC,0,,1
0,D_WEAK_TRANSFORM,geometry-shadow,149,ARITH_A,ARITHMETIC,0,1.250730276107788,1
0,D_WEAK_TRANSFORM,incumbent,150,TRANSFORM,TRANSFORM,0,0.9207283854484558,1
0,D_WEAK_TRANSFORM,capacity-shadow,150,TRANSFORM,TRANSFORM,0,,1
0,D_WEAK_TRANSFORM,geometry-shadow,150,TRANSFORM,TRANSFORM,0,1.1692506074905396,1
0,D_WEAK_TRANSFORM,incumbent,151,ARITH_A,ARITHMETIC,0,0.9975481033325196,1
0,D_WEAK_TRANSFORM,capacity-shadow,151,ARITH_A,ARITHMETIC,0,,1
0,D_WEAK_TRANSFORM,geometry-shadow,151,ARITH_A,ARITHMETIC,0,1.2551147937774658,1
0,D_WEAK_TRANSFORM,incumbent,152,TRANSFORM,TRANSFORM,0,0.932833731174469,1
0,D_WEAK_TRANSFORM,capacity-shadow,152,TRANSFORM,TRANSFORM,0,,1
0,D_WEAK_TRANSFORM,geometry-shadow,152,TRANSFORM,TRANSFORM,0,1.1817755699157717,1
0,D_WEAK_TRANSFORM,incumbent,153,ARITH_A,ARITHMETIC,0,0.9991861581802368,1
0,D_WEAK_TRANSFORM,capacity-shadow,153,ARITH_A,ARITHMETIC,0,,1
0,D_WEAK_TRANSFORM,geometry-shadow,153,ARITH_A,ARITHMETIC,0,1.2613821029663086,1
0,D_WEAK_TRANSFORM,incumbent,154,ARITH_A,ARITHMETIC,0,0.9912314414978028,1
0,D_WEAK_TRANSFORM,capacity-shadow,154,ARITH_A,ARITHMETIC,0,,1
0,D_WEAK_TRANSFORM,geometry-shadow,154,ARITH_A,ARITHMETIC,0,1.252557635307312,1
0,D_WEAK_TRANSFORM,incumbent,155,TRANSFORM,TRANSFORM,0,0.914612889289856,1
0,D_WEAK_TRANSFORM,capacity-shadow,155,TRANSFORM,TRANSFORM,0,,1
0,D_WEAK_TRANSFORM,geometry-shadow,155,TRANSFORM,TRANSFORM,0,1.1461273431777954,1
0,D_WEAK_TRANSFORM,incumbent,156,STORY,STORY,1,0.6206866502761841,1
0,D_WEAK_TRANSFORM,capacity-shadow,156,STORY,STORY,1,,1
0,D_WEAK_TRANSFORM,geometry-shadow,156,STORY,STORY,1,0.4902069568634033,1
0,D_WEAK_TRANSFORM,incumbent,157,STORY,STORY,1,0.2578482627868652,1
0,D_WEAK_TRANSFORM,capacity-shadow,157,STORY,STORY,2,,1
0,D_WEAK_TRANSFORM,geometry-shadow,157,STORY,STORY,1,0.2755487561225891,1
0,D_WEAK_TRANSFORM,incumbent,158,ARITH_A,ARITHMETIC,0,0.9957321286201476,1
0,D_WEAK_TRANSFORM,capacity-shadow,158,ARITH_A,ARITHMETIC,0,,1
0,D_WEAK_TRANSFORM,geometry-shadow,158,ARITH_A,ARITHMETIC,0,1.2613818645477295,1
0,D_WEAK_TRANSFORM,incumbent,159,ARITH_A,ARITHMETIC,0,1.0001366138458252,1
0,D_WEAK_TRANSFORM,capacity-shadow,159,ARITH_A,ARITHMETIC,0,,1
0,D_WEAK_TRANSFORM,geometry-shadow,159,ARITH_A,ARITHMETIC,0,1.2639819383621216,1
0,D_WEAK_TRANSFORM,incumbent,160,STORY,STORY,0,0.3339455723762512,1
0,D_WEAK_TRANSFORM,capacity-shadow,160,STORY,STORY,0,,1
0,D_WEAK_TRANSFORM,geometry-shadow,160,STORY,STORY,0,0.6451084017753601,1
0,D_WEAK_TRANSFORM,incumbent,161,STORY,STORY,0,0.0262202024459838,1
0,D_WEAK_TRANSFORM,capacity-shadow,161,STORY,STORY,0,,1
0,D_WEAK_TRANSFORM,geometry-shadow,161,STORY,STORY,0,0.2601540088653564,1
0,D_WEAK_TRANSFORM,incumbent,162,STORY,STORY,1,1.4322779178619385,1
0,D_WEAK_TRANSFORM,capacity-shadow,162,STORY,STORY,1,,1
0,D_WEAK_TRANSFORM,geometry-shadow,162,STORY,STORY,1,0.5028283596038818,1
0,D_WEAK_TRANSFORM,incumbent,163,STORY,STORY,0,0.603415846824646,1
0,D_WEAK_TRANSFORM,capacity-shadow,163,STORY,STORY,0,,1
0,D_WEAK_TRANSFORM,geometry-shadow,163,STORY,STORY,0,1.069057822227478,1
0,D_WEAK_TRANSFORM,incumbent,164,ARITH_A,ARITHMETIC,0,0.9903420209884644,1
0,D_WEAK_TRANSFORM,capacity-shadow,164,ARITH_A,ARITHMETIC,0,,1
0,D_WEAK_TRANSFORM,geometry-shadow,164,ARITH_A,ARITHMETIC,0,1.2612384557724,1
0,D_WEAK_TRANSFORM,incumbent,165,STORY,STORY,1,0.3242524862289428,1
0,D_WEAK_TRANSFORM,capacity-shadow,165,STORY,STORY,2,,1
0,D_WEAK_TRANSFORM,geometry-shadow,165,STORY,STORY,1,0.2195816040039062,1
0,D_WEAK_TRANSFORM,incumbent,166,TRANSFORM,TRANSFORM,0,0.9478685259819032,1
0,D_WEAK_TRANSFORM,capacity-shadow,166,TRANSFORM,TRANSFORM,0,,1
0,D_WEAK_TRANSFORM,geometry-shadow,166,TRANSFORM,TRANSFORM,0,1.213383674621582,1
0,D_WEAK_TRANSFORM,incumbent,167,STORY,STORY,1,0.1950353384017944,1
0,D_WEAK_TRANSFORM,capacity-shadow,167,STORY,STORY,1,,1
0,D_WEAK_TRANSFORM,geometry-shadow,167,STORY,STORY,0,0.1049505472183227,1
0,D_WEAK_TRANSFORM,incumbent,168,STORY,STORY,1,1.6579803228378296,1
0,D_WEAK_TRANSFORM,capacity-shadow,168,STORY,STORY,2,,1
0,D_WEAK_TRANSFORM,geometry-shadow,168,STORY,STORY,1,0.8874222636222839,1
0,D_WEAK_TRANSFORM,incumbent,169,ARITH_A,ARITHMETIC,0,0.993011713027954,1
0,D_WEAK_TRANSFORM,capacity-shadow,169,ARITH_A,ARITHMETIC,0,,1
0,D_WEAK_TRANSFORM,geometry-shadow,169,ARITH_A,ARITHMETIC,0,1.2611913681030271,1
0,D_WEAK_TRANSFORM,incumbent,170,TRANSFORM,TRANSFORM,0,0.9310246706008912,1
0,D_WEAK_TRANSFORM,capacity-shadow,170,TRANSFORM,TRANSFORM,0,,1
0,D_WEAK_TRANSFORM,geometry-shadow,170,TRANSFORM,TRANSFORM,0,1.1801718473434448,1
0,D_WEAK_TRANSFORM,incumbent,171,STORY,STORY,0,0.5428059101104736,1
0,D_WEAK_TRANSFORM,capacity-shadow,171,STORY,STORY,0,,1
0,D_WEAK_TRANSFORM,geometry-shadow,171,STORY,STORY,0,0.9392558932304382,1
0,D_WEAK_TRANSFORM,incumbent,172,ARITH_A,ARITHMETIC,0,0.9894707798957824,1
0,D_WEAK_TRANSFORM,capacity-shadow,172,ARITH_A,ARITHMETIC,0,,1
0,D_WEAK_TRANSFORM,geometry-shadow,172,ARITH_A,ARITHMETIC,0,1.2556864023208618,1
0,D_WEAK_TRANSFORM,incumbent,173,ARITH_A,ARITHMETIC,0,0.994541585445404,1
0,D_WEAK_TRANSFORM,capacity-shadow,173,ARITH_A,ARITHMETIC,0,,1
0,D_WEAK_TRANSFORM,geometry-shadow,173,ARITH_A,ARITHMETIC,0,1.2604858875274658,1
0,D_WEAK_TRANSFORM,incumbent,174,STORY,STORY,1,0.3756663799285888,1
0,D_WEAK_TRANSFORM,capacity-shadow,174,STORY,STORY,1,,1
0,D_WEAK_TRANSFORM,geometry-shadow,174,STORY,STORY,0,0.0798597335815429,1
0,D_WEAK_TRANSFORM,incumbent,175,ARITH_A,ARITHMETIC,0,0.9924912452697754,1
0,D_WEAK_TRANSFORM,capacity-shadow,175,ARITH_A,ARITHMETIC,0,,1
0,D_WEAK_TRANSFORM,geometry-shadow,175,ARITH_A,ARITHMETIC,0,1.251698613166809,1
0,D_WEAK_TRANSFORM,incumbent,176,STORY,STORY,1,1.596311092376709,1
0,D_WEAK_TRANSFORM,capacity-shadow,176,STORY,STORY,2,,1
0,D_WEAK_TRANSFORM,geometry-shadow,176,STORY,STORY,1,0.7806131839752197,1
0,D_WEAK_TRANSFORM,incumbent,177,ARITH_A,ARITHMETIC,0,1.0031338930130005,1
0,D_WEAK_TRANSFORM,capacity-shadow,177,ARITH_A,ARITHMETIC,0,,1
0,D_WEAK_TRANSFORM,geometry-shadow,177,ARITH_A,ARITHMETIC,0,1.272032618522644,1
0,D_WEAK_TRANSFORM,incumbent,178,STORY,STORY,0,0.3989376425743103,1
0,D_WEAK_TRANSFORM,capacity-shadow,178,STORY,STORY,0,,1
0,D_WEAK_TRANSFORM,geometry-shadow,178,STORY,STORY,0,0.8498289585113525,1
0,D_WEAK_TRANSFORM,incumbent,179,ARITH_A,ARITHMETIC,0,1.0056967735290527,1
0,D_WEAK_TRANSFORM,capacity-shadow,179,ARITH_A,ARITHMETIC,0,,1
0,D_WEAK_TRANSFORM,geometry-shadow,179,ARITH_A,ARITHMETIC,0,1.271889567375183,1
0,D_WEAK_TRANSFORM,incumbent,180,STORY,STORY,0,0.3729841113090515,1
0,D_WEAK_TRANSFORM,capacity-shadow,180,STORY,STORY,0,,1
0,D_WEAK_TRANSFORM,geometry-shadow,180,STORY,STORY,0,0.8282103538513184,1
0,D_WEAK_TRANSFORM,incumbent,181,STORY,STORY,0,0.5632898807525635,1
0,D_WEAK_TRANSFORM,capacity-shadow,181,STORY,STORY,0,,1
0,D_WEAK_TRANSFORM,geometry-shadow,181,STORY,STORY,0,0.9220615029335022,1
0,D_WEAK_TRANSFORM,incumbent,182,ARITH_A,ARITHMETIC,0,0.9966216087341307,1
0,D_WEAK_TRANSFORM,capacity-shadow,182,ARITH_A,ARITHMETIC,0,,1
0,D_WEAK_TRANSFORM,geometry-shadow,182,ARITH_A,ARITHMETIC,0,1.268301248550415,1
0,D_WEAK_TRANSFORM,incumbent,183,ARITH_A,ARITHMETIC,0,0.9974046349525452,1
0,D_WEAK_TRANSFORM,capacity-shadow,183,ARITH_A,ARITHMETIC,0,,1
0,D_WEAK_TRANSFORM,geometry-shadow,183,ARITH_A,ARITHMETIC,0,1.2588993310928345,1
0,D_WEAK_TRANSFORM,incumbent,184,STORY,STORY,1,0.908983826637268,1
0,D_WEAK_TRANSFORM,capacity-shadow,184,STORY,STORY,1,,1
0,D_WEAK_TRANSFORM,geometry-shadow,184,STORY,STORY,1,0.677983820438385,1
0,D_WEAK_TRANSFORM,incumbent,185,STORY,STORY,1,0.0318073034286499,1
0,D_WEAK_TRANSFORM,capacity-shadow,185,STORY,STORY,2,,1
0,D_WEAK_TRANSFORM,geometry-shadow,185,STORY,STORY,0,0.3387356996536255,1
0,D_WEAK_TRANSFORM,incumbent,186,ARITH_A,ARITHMETIC,0,0.9912897944450378,1
0,D_WEAK_TRANSFORM,capacity-shadow,186,ARITH_A,ARITHMETIC,0,,1
0,D_WEAK_TRANSFORM,geometry-shadow,186,ARITH_A,ARITHMETIC,0,1.2519629001617432,1
0,D_WEAK_TRANSFORM,incumbent,187,ARITH_A,ARITHMETIC,0,0.9978869557380676,1
0,D_WEAK_TRANSFORM,capacity-shadow,187,ARITH_A,ARITHMETIC,0,,1
0,D_WEAK_TRANSFORM,geometry-shadow,187,ARITH_A,ARITHMETIC,0,1.2649335861206057,1
0,D_WEAK_TRANSFORM,incumbent,188,STORY,STORY,1,1.551055073738098,1
0,D_WEAK_TRANSFORM,capacity-shadow,188,STORY,STORY,1,,1
0,D_WEAK_TRANSFORM,geometry-shadow,188,STORY,STORY,1,0.2588053941726684,1
0,D_WEAK_TRANSFORM,incumbent,189,STORY,STORY,0,0.0422590970993042,1
0,D_WEAK_TRANSFORM,capacity-shadow,189,STORY,STORY,0,,1
0,D_WEAK_TRANSFORM,geometry-shadow,189,STORY,STORY,0,0.625677227973938,1
0,D_WEAK_TRANSFORM,incumbent,190,ARITH_A,ARITHMETIC,0,0.997562289237976,1
0,D_WEAK_TRANSFORM,capacity-shadow,190,ARITH_A,ARITHMETIC,0,,1
0,D_WEAK_TRANSFORM,geometry-shadow,190,ARITH_A,ARITHMETIC,0,1.2674678564071655,1
0,D_WEAK_TRANSFORM,incumbent,191,TRANSFORM,TRANSFORM,0,0.935836672782898,1
0,D_WEAK_TRANSFORM,capacity-shadow,191,TRANSFORM,TRANSFORM,0,,1
0,D_WEAK_TRANSFORM,geometry-shadow,191,TRANSFORM,TRANSFORM,0,1.1916685104370115,1
0,D_WEAK_TRANSFORM,incumbent,192,STORY,STORY,0,0.3880206346511841,1
0,D_WEAK_TRANSFORM,capacity-shadow,192,STORY,STORY,0,,1
0,D_WEAK_TRANSFORM,geometry-shadow,192,STORY,STORY,0,0.6966449022293091,1
0,D_WEAK_TRANSFORM,incumbent,193,ARITH_A,ARITHMETIC,0,0.9994373321533204,1
0,D_WEAK_TRANSFORM,capacity-shadow,193,ARITH_A,ARITHMETIC,0,,1
0,D_WEAK_TRANSFORM,geometry-shadow,193,ARITH_A,ARITHMETIC,0,1.2609933614730835,1
0,D_WEAK_TRANSFORM,incumbent,194,STORY,STORY,1,1.592384696006775,1
0,D_WEAK_TRANSFORM,capacity-shadow,194,STORY,STORY,2,,1
0,D_WEAK_TRANSFORM,geometry-shadow,194,STORY,STORY,1,0.6509905457496643,1
0,D_WEAK_TRANSFORM,incumbent,195,ARITH_A,ARITHMETIC,0,0.9939284324645996,1
0,D_WEAK_TRANSFORM,capacity-shadow,195,ARITH_A,ARITHMETIC,0,,1
0,D_WEAK_TRANSFORM,geometry-shadow,195,ARITH_A,ARITHMETIC,0,1.2530920505523682,1
0,D_WEAK_TRANSFORM,incumbent,196,ARITH_A,ARITHMETIC,0,1.0034645795822144,1
0,D_WEAK_TRANSFORM,capacity-shadow,196,ARITH_A,ARITHMETIC,0,,1
0,D_WEAK_TRANSFORM,geometry-shadow,196,ARITH_A,ARITHMETIC,0,1.2712310552597046,1
0,D_WEAK_TRANSFORM,incumbent,197,ARITH_A,ARITHMETIC,0,0.998266100883484,1
0,D_WEAK_TRANSFORM,capacity-shadow,197,ARITH_A,ARITHMETIC,0,,1
0,D_WEAK_TRANSFORM,geometry-shadow,197,ARITH_A,ARITHMETIC,0,1.2607128620147705,1
0,D_WEAK_TRANSFORM,incumbent,198,STORY,STORY,0,0.0899475812911987,1
0,D_WEAK_TRANSFORM,capacity-shadow,198,STORY,STORY,0,,1
0,D_WEAK_TRANSFORM,geometry-shadow,198,STORY,STORY,0,0.521676778793335,1
0,D_WEAK_TRANSFORM,incumbent,199,TRANSFORM,TRANSFORM,0,0.9149713516235352,1
0,D_WEAK_TRANSFORM,capacity-shadow,199,TRANSFORM,TRANSFORM,0,,1
0,D_WEAK_TRANSFORM,geometry-shadow,199,TRANSFORM,TRANSFORM,0,1.151546597480774,1
0,D_WEAK_TRANSFORM,incumbent,200,STORY,STORY,1,0.674534797668457,1
0,D_WEAK_TRANSFORM,capacity-shadow,200,STORY,STORY,1,,1
0,D_WEAK_TRANSFORM,geometry-shadow,200,STORY,STORY,1,0.320888876914978,1
0,D_WEAK_TRANSFORM,incumbent,201,STORY,STORY,0,0.3781716823577881,1
0,D_WEAK_TRANSFORM,capacity-shadow,201,STORY,STORY,0,,1
0,D_WEAK_TRANSFORM,geometry-shadow,201,STORY,STORY,0,0.8779875636100769,1
0,D_WEAK_TRANSFORM,incumbent,202,ARITH_A,ARITHMETIC,0,0.9972043037414552,1
0,D_WEAK_TRANSFORM,capacity-shadow,202,ARITH_A,ARITHMETIC,0,,1
0,D_WEAK_TRANSFORM,geometry-shadow,202,ARITH_A,ARITHMETIC,0,1.263805866241455,1
0,D_WEAK_TRANSFORM,incumbent,203,ARITH_A,ARITHMETIC,0,1.003878474235535,1
0,D_WEAK_TRANSFORM,capacity-shadow,203,ARITH_A,ARITHMETIC,0,,1
0,D_WEAK_TRANSFORM,geometry-shadow,203,ARITH_A,ARITHMETIC,0,1.264391303062439,1
0,D_WEAK_TRANSFORM,incumbent,204,STORY,STORY,0,0.6921467781066895,1
0,D_WEAK_TRANSFORM,capacity-shadow,204,STORY,STORY,0,,1
0,D_WEAK_TRANSFORM,geometry-shadow,204,STORY,STORY,0,0.9873491525650024,1
0,D_WEAK_TRANSFORM,incumbent,205,ARITH_A,ARITHMETIC,0,0.9971563816070556,1
0,D_WEAK_TRANSFORM,capacity-shadow,205,ARITH_A,ARITHMETIC,0,,1
0,D_WEAK_TRANSFORM,geometry-shadow,205,ARITH_A,ARITHMETIC,0,1.2586818933486938,1
0,D_WEAK_TRANSFORM,incumbent,206,ARITH_A,ARITHMETIC,0,0.9969840049743652,1
0,D_WEAK_TRANSFORM,capacity-shadow,206,ARITH_A,ARITHMETIC,0,,1
0,D_WEAK_TRANSFORM,geometry-shadow,206,ARITH_A,ARITHMETIC,0,1.269544005393982,1
0,D_WEAK_TRANSFORM,incumbent,207,STORY,STORY,1,1.8670446872711184,1
0,D_WEAK_TRANSFORM,capacity-shadow,207,STORY,STORY,2,,1
0,D_WEAK_TRANSFORM,geometry-shadow,207,STORY,STORY,1,0.5185744166374207,1
0,D_WEAK_TRANSFORM,incumbent,208,STORY,STORY,0,0.716510534286499,1
0,D_WEAK_TRANSFORM,capacity-shadow,208,STORY,STORY,0,,1
0,D_WEAK_TRANSFORM,geometry-shadow,208,STORY,STORY,0,0.989098846912384,1
0,D_WEAK_TRANSFORM,incumbent,209,STORY,STORY,1,0.0722581148147583,1
0,D_WEAK_TRANSFORM,capacity-shadow,209,STORY,STORY,1,,1
0,D_WEAK_TRANSFORM,geometry-shadow,209,STORY,STORY,0,0.0002086162567138,1
0,D_WEAK_TRANSFORM,incumbent,210,ARITH_A,ARITHMETIC,0,0.994406521320343,1
0,D_WEAK_TRANSFORM,capacity-shadow,210,ARITH_A,ARITHMETIC,0,,1
0,D_WEAK_TRANSFORM,geometry-shadow,210,ARITH_A,ARITHMETIC,0,1.2532950639724731,1
0,D_WEAK_TRANSFORM,incumbent,211,ARITH_A,ARITHMETIC,0,0.9972257018089294,1
0,D_WEAK_TRANSFORM,capacity-shadow,211,ARITH_A,ARITHMETIC,0,,1
0,D_WEAK_TRANSFORM,geometry-shadow,211,ARITH_A,ARITHMETIC,0,1.265602707862854,1
0,D_WEAK_TRANSFORM,incumbent,212,ARITH_A,ARITHMETIC,0,1.0025346279144287,1
0,D_WEAK_TRANSFORM,capacity-shadow,212,ARITH_A,ARITHMETIC,0,,1
0,D_WEAK_TRANSFORM,geometry-shadow,212,ARITH_A,ARITHMETIC,0,1.2747032642364502,1
0,D_WEAK_TRANSFORM,incumbent,213,ARITH_A,ARITHMETIC,0,1.0001614093780518,1
0,D_WEAK_TRANSFORM,capacity-shadow,213,ARITH_A,ARITHMETIC,0,,1
0,D_WEAK_TRANSFORM,geometry-shadow,213,ARITH_A,ARITHMETIC,0,1.2619071006774902,1
0,D_WEAK_TRANSFORM,incumbent,214,ARITH_A,ARITHMETIC,0,0.9903337359428406,1
0,D_WEAK_TRANSFORM,capacity-shadow,214,ARITH_A,ARITHMETIC,0,,1
0,D_WEAK_TRANSFORM,geometry-shadow,214,ARITH_A,ARITHMETIC,0,1.256001591682434,1
0,D_WEAK_TRANSFORM,incumbent,215,ARITH_A,ARITHMETIC,0,0.9953447580337524,1
0,D_WEAK_TRANSFORM,capacity-shadow,215,ARITH_A,ARITHMETIC,0,,1
0,D_WEAK_TRANSFORM,geometry-shadow,215,ARITH_A,ARITHMETIC,0,1.2683643102645874,1
0,D_WEAK_TRANSFORM,incumbent,216,ARITH_A,ARITHMETIC,0,0.9867427349090576,1
0,D_WEAK_TRANSFORM,capacity-shadow,216,ARITH_A,ARITHMETIC,0,,1
0,D_WEAK_TRANSFORM,geometry-shadow,216,ARITH_A,ARITHMETIC,0,1.2522850036621094,1
0,D_WEAK_TRANSFORM,incumbent,217,ARITH_A,ARITHMETIC,0,1.001412272453308,1
0,D_WEAK_TRANSFORM,capacity-shadow,217,ARITH_A,ARITHMETIC,0,,1
0,D_WEAK_TRANSFORM,geometry-shadow,217,ARITH_A,ARITHMETIC,0,1.2709667682647705,1
0,D_WEAK_TRANSFORM,incumbent,218,TRANSFORM,TRANSFORM,0,0.9329878091812134,1
0,D_WEAK_TRANSFORM,capacity-shadow,218,TRANSFORM,TRANSFORM,0,,1
0,D_WEAK_TRANSFORM,geometry-shadow,218,TRANSFORM,TRANSFORM,0,1.1846421957015991,1
0,D_WEAK_TRANSFORM,incumbent,219,STORY,STORY,0,0.01806640625,1
0,D_WEAK_TRANSFORM,capacity-shadow,219,STORY,STORY,0,,1
0,D_WEAK_TRANSFORM,geometry-shadow,219,STORY,STORY,0,0.3751668930053711,1
0,D_WEAK_TRANSFORM,incumbent,220,ARITH_A,ARITHMETIC,0,0.9941442012786864,1
0,D_WEAK_TRANSFORM,capacity-shadow,220,ARITH_A,ARITHMETIC,0,,1
0,D_WEAK_TRANSFORM,geometry-shadow,220,ARITH_A,ARITHMETIC,0,1.252034306526184,1
0,D_WEAK_TRANSFORM,incumbent,221,STORY,STORY,0,0.4398304224014282,1
0,D_WEAK_TRANSFORM,capacity-shadow,221,STORY,STORY,0,,1
0,D_WEAK_TRANSFORM,geometry-shadow,221,STORY,STORY,0,0.9006235599517822,1
0,D_WEAK_TRANSFORM,incumbent,222,ARITH_A,ARITHMETIC,0,0.9918381571769714,1
0,D_WEAK_TRANSFORM,capacity-shadow,222,ARITH_A,ARITHMETIC,0,,1
0,D_WEAK_TRANSFORM,geometry-shadow,222,ARITH_A,ARITHMETIC,0,1.2657067775726318,1
0,D_WEAK_TRANSFORM,incumbent,223,ARITH_A,ARITHMETIC,0,0.9959278106689452,1
0,D_WEAK_TRANSFORM,capacity-shadow,223,ARITH_A,ARITHMETIC,0,,1
0,D_WEAK_TRANSFORM,geometry-shadow,223,ARITH_A,ARITHMETIC,0,1.2655141353607178,1
0,D_WEAK_TRANSFORM,incumbent,224,ARITH_A,ARITHMETIC,0,1.0021982192993164,1
0,D_WEAK_TRANSFORM,capacity-shadow,224,ARITH_A,ARITHMETIC,0,,1
0,D_WEAK_TRANSFORM,geometry-shadow,224,ARITH_A,ARITHMETIC,0,1.2714617252349854,1
0,D_WEAK_TRANSFORM,incumbent,225,STORY,STORY,0,0.2127379775047302,1
0,D_WEAK_TRANSFORM,capacity-shadow,225,STORY,STORY,0,,1
0,D_WEAK_TRANSFORM,geometry-shadow,225,STORY,STORY,0,0.5639540553092957,1
0,D_WEAK_TRANSFORM,incumbent,226,ARITH_A,ARITHMETIC,0,0.9975757598876952,1
0,D_WEAK_TRANSFORM,capacity-shadow,226,ARITH_A,ARITHMETIC,0,,1
0,D_WEAK_TRANSFORM,geometry-shadow,226,ARITH_A,ARITHMETIC,0,1.263805270195007,1
0,D_WEAK_TRANSFORM,incumbent,227,ARITH_A,ARITHMETIC,0,0.998887538909912,1
0,D_WEAK_TRANSFORM,capacity-shadow,227,ARITH_A,ARITHMETIC,0,,1
0,D_WEAK_TRANSFORM,geometry-shadow,227,ARITH_A,ARITHMETIC,0,1.2709897756576538,1
0,D_WEAK_TRANSFORM,incumbent,228,STORY,STORY,0,0.0536242723464965,1
0,D_WEAK_TRANSFORM,capacity-shadow,228,STORY,STORY,0,,1
0,D_WEAK_TRANSFORM,geometry-shadow,228,STORY,STORY,0,0.1798075437545776,1
0,D_WEAK_TRANSFORM,incumbent,229,TRANSFORM,TRANSFORM,0,0.9324052333831788,1
0,D_WEAK_TRANSFORM,capacity-shadow,229,TRANSFORM,TRANSFORM,0,,1
0,D_WEAK_TRANSFORM,geometry-shadow,229,TRANSFORM,TRANSFORM,0,1.1814903020858765,1
0,D_WEAK_TRANSFORM,incumbent,230,ARITH_A,ARITHMETIC,0,1.0032328367233276,1
0,D_WEAK_TRANSFORM,capacity-shadow,230,ARITH_A,ARITHMETIC,0,,1
0,D_WEAK_TRANSFORM,geometry-shadow,230,ARITH_A,ARITHMETIC,0,1.264326572418213,1
0,D_WEAK_TRANSFORM,incumbent,231,ARITH_A,ARITHMETIC,0,0.9978066682815552,1
0,D_WEAK_TRANSFORM,capacity-shadow,231,ARITH_A,ARITHMETIC,0,,1
0,D_WEAK_TRANSFORM,geometry-shadow,231,ARITH_A,ARITHMETIC,0,1.2562766075134275,1
0,D_WEAK_TRANSFORM,incumbent,232,ARITH_A,ARITHMETIC,0,0.992358922958374,1
0,D_WEAK_TRANSFORM,capacity-shadow,232,ARITH_A,ARITHMETIC,0,,1
0,D_WEAK_TRANSFORM,geometry-shadow,232,ARITH_A,ARITHMETIC,0,1.247826099395752,1
0,D_WEAK_TRANSFORM,incumbent,233,STORY,STORY,0,0.082850694656372,1
0,D_WEAK_TRANSFORM,capacity-shadow,233,STORY,STORY,0,,1
0,D_WEAK_TRANSFORM,geometry-shadow,233,STORY,STORY,0,0.4095856547355652,1
0,D_WEAK_TRANSFORM,incumbent,234,ARITH_A,ARITHMETIC,0,0.994551122188568,1
0,D_WEAK_TRANSFORM,capacity-shadow,234,ARITH_A,ARITHMETIC,0,,1
0,D_WEAK_TRANSFORM,geometry-shadow,234,ARITH_A,ARITHMETIC,0,1.2516443729400637,1
0,D_WEAK_TRANSFORM,incumbent,235,ARITH_A,ARITHMETIC,0,0.9969884157180786,1
0,D_WEAK_TRANSFORM,capacity-shadow,235,ARITH_A,ARITHMETIC,0,,1
0,D_WEAK_TRANSFORM,geometry-shadow,235,ARITH_A,ARITHMETIC,0,1.2525017261505127,1
0,D_WEAK_TRANSFORM,incumbent,236,STORY,STORY,1,0.0988334417343139,1
0,D_WEAK_TRANSFORM,capacity-shadow,236,STORY,STORY,2,,1
0,D_WEAK_TRANSFORM,geometry-shadow,236,STORY,STORY,0,0.1719962358474731,1
0,D_WEAK_TRANSFORM,incumbent,237,ARITH_A,ARITHMETIC,0,1.002928614616394,1
0,D_WEAK_TRANSFORM,capacity-shadow,237,ARITH_A,ARITHMETIC,0,,1
0,D_WEAK_TRANSFORM,geometry-shadow,237,ARITH_A,ARITHMETIC,0,1.2632848024368286,1
0,D_WEAK_TRANSFORM,incumbent,238,STORY,STORY,1,0.0565319657325744,1
0,D_WEAK_TRANSFORM,capacity-shadow,238,STORY,STORY,1,,1
0,D_WEAK_TRANSFORM,geometry-shadow,238,STORY,STORY,0,0.2626618146896362,1
0,D_WEAK_TRANSFORM,incumbent,239,ARITH_A,ARITHMETIC,0,1.0040148496627808,1
0,D_WEAK_TRANSFORM,capacity-shadow,239,ARITH_A,ARITHMETIC,0,,1
0,D_WEAK_TRANSFORM,geometry-shadow,239,ARITH_A,ARITHMETIC,0,1.2699427604675293,1
0,D_WEAK_TRANSFORM,incumbent,240,STORY,STORY,1,0.3436078429222107,1
0,D_WEAK_TRANSFORM,capacity-shadow,240,STORY,STORY,2,,1
0,D_WEAK_TRANSFORM,geometry-shadow,240,STORY,STORY,2,0.1457594633102417,1
0,D_WEAK_TRANSFORM,incumbent,241,STORY,STORY,1,0.5924199819564819,1
0,D_WEAK_TRANSFORM,capacity-shadow,241,STORY,STORY,1,,1
0,D_WEAK_TRANSFORM,geometry-shadow,241,STORY,STORY,1,0.3942018747329712,1
0,D_WEAK_TRANSFORM,incumbent,242,STORY,STORY,1,0.2506494522094726,1
0,D_WEAK_TRANSFORM,capacity-shadow,242,STORY,STORY,2,,1
0,D_WEAK_TRANSFORM,geometry-shadow,242,STORY,STORY,0,0.0347992181777954,1
0,D_WEAK_TRANSFORM,incumbent,243,STORY,STORY,0,0.210364818572998,1
0,D_WEAK_TRANSFORM,capacity-shadow,243,STORY,STORY,0,,1
0,D_WEAK_TRANSFORM,geometry-shadow,243,STORY,STORY,0,0.5049974322319031,1
0,D_WEAK_TRANSFORM,incumbent,244,ARITH_A,ARITHMETIC,0,0.999632716178894,1
0,D_WEAK_TRANSFORM,capacity-shadow,244,ARITH_A,ARITHMETIC,0,,1
0,D_WEAK_TRANSFORM,geometry-shadow,244,ARITH_A,ARITHMETIC,0,1.2686753273010254,1
0,D_WEAK_TRANSFORM,incumbent,245,STORY,STORY,1,1.5784485340118408,1
0,D_WEAK_TRANSFORM,capacity-shadow,245,STORY,STORY,1,,1
0,D_WEAK_TRANSFORM,geometry-shadow,245,STORY,STORY,1,0.2441418170928955,1
0,D_WEAK_TRANSFORM,incumbent,246,ARITH_A,ARITHMETIC,0,0.9972314834594728,1
0,D_WEAK_TRANSFORM,capacity-shadow,246,ARITH_A,ARITHMETIC,0,,1
0,D_WEAK_TRANSFORM,geometry-shadow,246,ARITH_A,ARITHMETIC,0,1.25304114818573,1
0,D_WEAK_TRANSFORM,incumbent,247,ARITH_A,ARITHMETIC,0,0.9885545372962952,1
0,D_WEAK_TRANSFORM,capacity-shadow,247,ARITH_A,ARITHMETIC,0,,1
0,D_WEAK_TRANSFORM,geometry-shadow,247,ARITH_A,ARITHMETIC,0,1.260565996170044,1
0,D_WEAK_TRANSFORM,incumbent,248,ARITH_A,ARITHMETIC,0,0.9870787262916564,1
0,D_WEAK_TRANSFORM,capacity-shadow,248,ARITH_A,ARITHMETIC,0,,1
0,D_WEAK_TRANSFORM,geometry-shadow,248,ARITH_A,ARITHMETIC,0,1.2565181255340576,1
0,D_WEAK_TRANSFORM,incumbent,249,ARITH_A,ARITHMETIC,0,0.9943217635154724,1
0,D_WEAK_TRANSFORM,capacity-shadow,249,ARITH_A,ARITHMETIC,0,,1
0,D_WEAK_TRANSFORM,geometry-shadow,249,ARITH_A,ARITHMETIC,0,1.2600290775299072,1
0,D_WEAK_TRANSFORM,incumbent,250,ARITH_A,ARITHMETIC,0,0.9995452761650084,1
0,D_WEAK_TRANSFORM,capacity-shadow,250,ARITH_A,ARITHMETIC,0,,1
0,D_WEAK_TRANSFORM,geometry-shadow,250,ARITH_A,ARITHMETIC,0,1.2605620622634888,1
0,D_WEAK_TRANSFORM,incumbent,251,ARITH_A,ARITHMETIC,0,1.002937078475952,1
0,D_WEAK_TRANSFORM,capacity-shadow,251,ARITH_A,ARITHMETIC,0,,1
0,D_WEAK_TRANSFORM,geometry-shadow,251,ARITH_A,ARITHMETIC,0,1.2704240083694458,1
0,D_WEAK_TRANSFORM,incumbent,252,ARITH_A,ARITHMETIC,0,0.9970733523368835,1
0,D_WEAK_TRANSFORM,capacity-shadow,252,ARITH_A,ARITHMETIC,0,,1
0,D_WEAK_TRANSFORM,geometry-shadow,252,ARITH_A,ARITHMETIC,0,1.2647721767425537,1
0,D_WEAK_TRANSFORM,incumbent,253,STORY,STORY,1,0.5069564580917358,1
0,D_WEAK_TRANSFORM,capacity-shadow,253,STORY,STORY,2,,1
0,D_WEAK_TRANSFORM,geometry-shadow,253,STORY,STORY,1,0.47366464138031,1
0,D_WEAK_TRANSFORM,incumbent,254,STORY,STORY,1,1.7295721769332886,1
0,D_WEAK_TRANSFORM,capacity-shadow,254,STORY,STORY,1,,1
0,D_WEAK_TRANSFORM,geometry-shadow,254,STORY,STORY,1,0.5935530662536621,1
0,D_WEAK_TRANSFORM,incumbent,255,STORY,STORY,1,1.18471097946167,1
0,D_WEAK_TRANSFORM,capacity-shadow,255,STORY,STORY,2,,1
0,D_WEAK_TRANSFORM,geometry-shadow,255,STORY,STORY,1,0.296643853187561,1
0,D_WEAK_TRANSFORM,incumbent,256,STORY,STORY,1,0.1020078659057617,1
0,D_WEAK_TRANSFORM,capacity-shadow,256,STORY,STORY,1,,1
0,D_WEAK_TRANSFORM,geometry-shadow,256,STORY,STORY,0,0.2207081317901611,1
0,E_TRANSFORM_BIRTH,incumbent,1,STORY,STORY,1,0.036000370979309,1
0,E_TRANSFORM_BIRTH,capacity-shadow,1,STORY,STORY,1,,1
0,E_TRANSFORM_BIRTH,geometry-shadow,1,STORY,STORY,0,0.3039723634719848,1
0,E_TRANSFORM_BIRTH,incumbent,2,STORY,STORY,1,0.592881441116333,1
0,E_TRANSFORM_BIRTH,capacity-shadow,2,STORY,STORY,2,,1
0,E_TRANSFORM_BIRTH,geometry-shadow,2,STORY,STORY,1,0.2299491167068481,1
0,E_TRANSFORM_BIRTH,incumbent,3,TRANSFORM,TRANSFORM,0,1.1056199073791504,1
0,E_TRANSFORM_BIRTH,capacity-shadow,3,TRANSFORM,TRANSFORM,0,,1
0,E_TRANSFORM_BIRTH,geometry-shadow,3,TRANSFORM,TRANSFORM,0,1.5118557214736938,1
0,E_TRANSFORM_BIRTH,incumbent,4,TRANSFORM,TRANSFORM,0,1.081700563430786,1
0,E_TRANSFORM_BIRTH,capacity-shadow,4,TRANSFORM,TRANSFORM,0,,1
0,E_TRANSFORM_BIRTH,geometry-shadow,4,TRANSFORM,TRANSFORM,0,1.483497142791748,1
0,E_TRANSFORM_BIRTH,incumbent,5,TRANSFORM,TRANSFORM,0,1.1047759056091309,1
0,E_TRANSFORM_BIRTH,capacity-shadow,5,TRANSFORM,TRANSFORM,0,,1
0,E_TRANSFORM_BIRTH,geometry-shadow,5,TRANSFORM,TRANSFORM,0,1.5104436874389648,1
0,E_TRANSFORM_BIRTH,incumbent,6,STORY,STORY,0,0.5222421884536743,1
0,E_TRANSFORM_BIRTH,capacity-shadow,6,STORY,STORY,0,,1
0,E_TRANSFORM_BIRTH,geometry-shadow,6,STORY,STORY,0,0.9045560359954834,1
0,E_TRANSFORM_BIRTH,incumbent,7,TRANSFORM,TRANSFORM,0,1.0960979461669922,1
0,E_TRANSFORM_BIRTH,capacity-shadow,7,TRANSFORM,TRANSFORM,0,,1
0,E_TRANSFORM_BIRTH,geometry-shadow,7,TRANSFORM,TRANSFORM,0,1.4998774528503418,1
0,E_TRANSFORM_BIRTH,incumbent,8,TRANSFORM,TRANSFORM,0,1.0928977727890017,1
0,E_TRANSFORM_BIRTH,capacity-shadow,8,TRANSFORM,TRANSFORM,0,,1
0,E_TRANSFORM_BIRTH,geometry-shadow,8,TRANSFORM,TRANSFORM,0,1.4973950386047363,1
0,E_TRANSFORM_BIRTH,incumbent,9,ARITH_A,ARITHMETIC,0,1.1578136682510376,1
0,E_TRANSFORM_BIRTH,capacity-shadow,9,ARITH_A,ARITHMETIC,0,,1
0,E_TRANSFORM_BIRTH,geometry-shadow,9,ARITH_A,ARITHMETIC,0,1.5761367082595823,1
0,E_TRANSFORM_BIRTH,incumbent,10,ARITH_A,ARITHMETIC,0,1.1572747230529783,1
0,E_TRANSFORM_BIRTH,capacity-shadow,10,ARITH_A,ARITHMETIC,0,,1
0,E_TRANSFORM_BIRTH,geometry-shadow,10,ARITH_A,ARITHMETIC,0,1.57675039768219,1
0,E_TRANSFORM_BIRTH,incumbent,11,TRANSFORM,TRANSFORM,0,1.1120450496673584,1
0,E_TRANSFORM_BIRTH,capacity-shadow,11,TRANSFORM,TRANSFORM,0,,1
0,E_TRANSFORM_BIRTH,geometry-shadow,11,TRANSFORM,TRANSFORM,0,1.5209380388259888,1
0,E_TRANSFORM_BIRTH,incumbent,12,ARITH_A,ARITHMETIC,0,1.1576638221740725,1
0,E_TRANSFORM_BIRTH,capacity-shadow,12,ARITH_A,ARITHMETIC,0,,1
0,E_TRANSFORM_BIRTH,geometry-shadow,12,ARITH_A,ARITHMETIC,0,1.5784366130828855,1
0,E_TRANSFORM_BIRTH,incumbent,13,ARITH_A,ARITHMETIC,0,1.154920220375061,1
0,E_TRANSFORM_BIRTH,capacity-shadow,13,ARITH_A,ARITHMETIC,0,,1
0,E_TRANSFORM_BIRTH,geometry-shadow,13,ARITH_A,ARITHMETIC,0,1.5796717405319214,1
0,E_TRANSFORM_BIRTH,incumbent,14,ARITH_A,ARITHMETIC,0,1.1550694704055786,1
0,E_TRANSFORM_BIRTH,capacity-shadow,14,ARITH_A,ARITHMETIC,0,,1
0,E_TRANSFORM_BIRTH,geometry-shadow,14,ARITH_A,ARITHMETIC,0,1.571894288063049,1
0,E_TRANSFORM_BIRTH,incumbent,15,STORY,STORY,1,0.3025482892990112,1
0,E_TRANSFORM_BIRTH,capacity-shadow,15,STORY,STORY,1,,1
0,E_TRANSFORM_BIRTH,geometry-shadow,15,STORY,STORY,0,0.0443130731582641,1
0,E_TRANSFORM_BIRTH,incumbent,16,TRANSFORM,TRANSFORM,0,1.1227409839630127,1
0,E_TRANSFORM_BIRTH,capacity-shadow,16,TRANSFORM,TRANSFORM,0,,1
0,E_TRANSFORM_BIRTH,geometry-shadow,16,TRANSFORM,TRANSFORM,0,1.530243158340454,1
0,E_TRANSFORM_BIRTH,incumbent,17,STORY,STORY,0,0.4151362776756286,1
0,E_TRANSFORM_BIRTH,capacity-shadow,17,STORY,STORY,0,,1
0,E_TRANSFORM_BIRTH,geometry-shadow,17,STORY,STORY,0,0.8513668775558472,1
0,E_TRANSFORM_BIRTH,incumbent,18,ARITH_A,ARITHMETIC,0,1.1582505702972412,1
0,E_TRANSFORM_BIRTH,capacity-shadow,18,ARITH_A,ARITHMETIC,0,,1
0,E_TRANSFORM_BIRTH,geometry-shadow,18,ARITH_A,ARITHMETIC,0,1.5834531784057615,1
0,E_TRANSFORM_BIRTH,incumbent,19,STORY,STORY,0,0.6187476515769958,1
0,E_TRANSFORM_BIRTH,capacity-shadow,19,STORY,STORY,0,,1
0,E_TRANSFORM_BIRTH,geometry-shadow,19,STORY,STORY,0,1.0931634902954102,1
0,E_TRANSFORM_BIRTH,incumbent,20,TRANSFORM,TRANSFORM,0,1.1009267568588257,1
0,E_TRANSFORM_BIRTH,capacity-shadow,20,TRANSFORM,TRANSFORM,0,,1
0,E_TRANSFORM_BIRTH,geometry-shadow,20,TRANSFORM,TRANSFORM,0,1.5072200298309326,1
0,E_TRANSFORM_BIRTH,incumbent,21,STORY,STORY,0,0.4689949750900268,1
0,E_TRANSFORM_BIRTH,capacity-shadow,21,STORY,STORY,0,,1
0,E_TRANSFORM_BIRTH,geometry-shadow,21,STORY,STORY,0,0.8506259918212891,1
0,E_TRANSFORM_BIRTH,incumbent,22,ARITH_A,ARITHMETIC,0,1.1562708616256714,1
0,E_TRANSFORM_BIRTH,capacity-shadow,22,ARITH_A,ARITHMETIC,0,,1
0,E_TRANSFORM_BIRTH,geometry-shadow,22,ARITH_A,ARITHMETIC,0,1.5710972547531128,1
0,E_TRANSFORM_BIRTH,incumbent,23,TRANSFORM,TRANSFORM,0,1.0814599990844729,1
0,E_TRANSFORM_BIRTH,capacity-shadow,23,TRANSFORM,TRANSFORM,0,,1
0,E_TRANSFORM_BIRTH,geometry-shadow,23,TRANSFORM,TRANSFORM,0,1.4816656112670898,1
0,E_TRANSFORM_BIRTH,incumbent,24,STORY,STORY,0,0.227548062801361,1
0,E_TRANSFORM_BIRTH,capacity-shadow,24,STORY,STORY,0,,1
0,E_TRANSFORM_BIRTH,geometry-shadow,24,STORY,STORY,0,0.6645618677139282,1
0,E_TRANSFORM_BIRTH,incumbent,25,TRANSFORM,TRANSFORM,0,1.0985238552093506,1
0,E_TRANSFORM_BIRTH,capacity-shadow,25,TRANSFORM,TRANSFORM,0,,1
0,E_TRANSFORM_BIRTH,geometry-shadow,25,TRANSFORM,TRANSFORM,0,1.505062460899353,1
0,E_TRANSFORM_BIRTH,incumbent,26,ARITH_A,ARITHMETIC,0,1.1559836864471436,1
0,E_TRANSFORM_BIRTH,capacity-shadow,26,ARITH_A,ARITHMETIC,0,,1
0,E_TRANSFORM_BIRTH,geometry-shadow,26,ARITH_A,ARITHMETIC,0,1.5773541927337646,1
0,E_TRANSFORM_BIRTH,incumbent,27,STORY,STORY,1,0.1260179281234741,1
0,E_TRANSFORM_BIRTH,capacity-shadow,27,STORY,STORY,2,,1
0,E_TRANSFORM_BIRTH,geometry-shadow,27,STORY,STORY,0,0.0525605678558349,1
0,E_TRANSFORM_BIRTH,incumbent,28,STORY,STORY,1,1.8990875482559204,1
0,E_TRANSFORM_BIRTH,capacity-shadow,28,STORY,STORY,1,,1
0,E_TRANSFORM_BIRTH,geometry-shadow,28,STORY,STORY,1,0.5597203373908997,1
0,E_TRANSFORM_BIRTH,incumbent,29,ARITH_A,ARITHMETIC,0,1.1587121486663818,1
0,E_TRANSFORM_BIRTH,capacity-shadow,29,ARITH_A,ARITHMETIC,0,,1
0,E_TRANSFORM_BIRTH,geometry-shadow,29,ARITH_A,ARITHMETIC,0,1.5809537172317505,1
0,E_TRANSFORM_BIRTH,incumbent,30,STORY,STORY,1,0.1397279500961303,1
0,E_TRANSFORM_BIRTH,capacity-shadow,30,STORY,STORY,2,,1
0,E_TRANSFORM_BIRTH,geometry-shadow,30,STORY,STORY,0,0.3109555244445801,1
0,E_TRANSFORM_BIRTH,incumbent,31,ARITH_A,ARITHMETIC,0,1.1573824882507324,1
0,E_TRANSFORM_BIRTH,capacity-shadow,31,ARITH_A,ARITHMETIC,0,,1
0,E_TRANSFORM_BIRTH,geometry-shadow,31,ARITH_A,ARITHMETIC,0,1.575097918510437,1
0,E_TRANSFORM_BIRTH,incumbent,32,STORY,STORY,1,1.151162028312683,1
0,E_TRANSFORM_BIRTH,capacity-shadow,32,STORY,STORY,1,,1
0,E_TRANSFORM_BIRTH,geometry-shadow,32,STORY,STORY,1,1.18891441822052,1
0,E_TRANSFORM_BIRTH,incumbent,33,STORY,STORY,0,0.2341774106025695,1
0,E_TRANSFORM_BIRTH,capacity-shadow,33,STORY,STORY,0,,1
0,E_TRANSFORM_BIRTH,geometry-shadow,33,STORY,STORY,0,0.5277910232543945,1
0,E_TRANSFORM_BIRTH,incumbent,34,TRANSFORM,TRANSFORM,0,1.110861897468567,1
0,E_TRANSFORM_BIRTH,capacity-shadow,34,TRANSFORM,TRANSFORM,0,,1
0,E_TRANSFORM_BIRTH,geometry-shadow,34,TRANSFORM,TRANSFORM,0,1.5191128253936768,1
0,E_TRANSFORM_BIRTH,incumbent,35,STORY,STORY,1,0.6004961729049683,1
0,E_TRANSFORM_BIRTH,capacity-shadow,35,STORY,STORY,2,,1
0,E_TRANSFORM_BIRTH,geometry-shadow,35,STORY,STORY,1,0.290641188621521,1
0,E_TRANSFORM_BIRTH,incumbent,36,TRANSFORM,TRANSFORM,0,1.0972830057144165,1
0,E_TRANSFORM_BIRTH,capacity-shadow,36,TRANSFORM,TRANSFORM,0,,1
0,E_TRANSFORM_BIRTH,geometry-shadow,36,TRANSFORM,TRANSFORM,0,1.502555012702942,1
0,E_TRANSFORM_BIRTH,incumbent,37,ARITH_A,ARITHMETIC,0,1.1620380878448486,1
0,E_TRANSFORM_BIRTH,capacity-shadow,37,ARITH_A,ARITHMETIC,0,,1
0,E_TRANSFORM_BIRTH,geometry-shadow,37,ARITH_A,ARITHMETIC,0,1.5867505073547363,1
0,E_TRANSFORM_BIRTH,incumbent,38,STORY,STORY,1,0.3714016675949096,1
0,E_TRANSFORM_BIRTH,capacity-shadow,38,STORY,STORY,1,,1
0,E_TRANSFORM_BIRTH,geometry-shadow,38,STORY,STORY,1,0.0299456119537353,1
0,E_TRANSFORM_BIRTH,incumbent,39,STORY,STORY,0,0.0512712001800537,1
0,E_TRANSFORM_BIRTH,capacity-shadow,39,STORY,STORY,0,,1
0,E_TRANSFORM_BIRTH,geometry-shadow,39,STORY,STORY,0,0.1796379089355468,1
0,E_TRANSFORM_BIRTH,incumbent,40,STORY,STORY,0,0.0683881044387817,1
0,E_TRANSFORM_BIRTH,capacity-shadow,40,STORY,STORY,0,,1
0,E_TRANSFORM_BIRTH,geometry-shadow,40,STORY,STORY,0,0.3939794898033142,1
0,E_TRANSFORM_BIRTH,incumbent,41,TRANSFORM,TRANSFORM,0,1.093434453010559,1
0,E_TRANSFORM_BIRTH,capacity-shadow,41,TRANSFORM,TRANSFORM,0,,1
0,E_TRANSFORM_BIRTH,geometry-shadow,41,TRANSFORM,TRANSFORM,0,1.4992995262145996,1
0,E_TRANSFORM_BIRTH,incumbent,42,STORY,STORY,1,0.0286026000976562,1
0,E_TRANSFORM_BIRTH,capacity-shadow,42,STORY,STORY,2,,1
0,E_TRANSFORM_BIRTH,geometry-shadow,42,STORY,STORY,0,0.2775226235389709,1
0,E_TRANSFORM_BIRTH,incumbent,43,TRANSFORM,TRANSFORM,0,1.0915799140930176,1
0,E_TRANSFORM_BIRTH,capacity-shadow,43,TRANSFORM,TRANSFORM,0,,1
0,E_TRANSFORM_BIRTH,geometry-shadow,43,TRANSFORM,TRANSFORM,0,1.498879075050354,1
0,E_TRANSFORM_BIRTH,incumbent,44,ARITH_A,ARITHMETIC,0,1.150875210762024,1
0,E_TRANSFORM_BIRTH,capacity-shadow,44,ARITH_A,ARITHMETIC,0,,1
0,E_TRANSFORM_BIRTH,geometry-shadow,44,ARITH_A,ARITHMETIC,0,1.5730079412460327,1
0,E_TRANSFORM_BIRTH,incumbent,45,TRANSFORM,TRANSFORM,0,1.0953413248062134,1
0,E_TRANSFORM_BIRTH,capacity-shadow,45,TRANSFORM,TRANSFORM,0,,1
0,E_TRANSFORM_BIRTH,geometry-shadow,45,TRANSFORM,TRANSFORM,0,1.49848735332489,1
0,E_TRANSFORM_BIRTH,incumbent,46,TRANSFORM,TRANSFORM,0,1.1012492179870603,1
0,E_TRANSFORM_BIRTH,capacity-shadow,46,TRANSFORM,TRANSFORM,0,,1
0,E_TRANSFORM_BIRTH,geometry-shadow,46,TRANSFORM,TRANSFORM,0,1.505710244178772,1
0,E_TRANSFORM_BIRTH,incumbent,47,TRANSFORM,TRANSFORM,0,1.101407766342163,1
0,E_TRANSFORM_BIRTH,capacity-shadow,47,TRANSFORM,TRANSFORM,0,,1
0,E_TRANSFORM_BIRTH,geometry-shadow,47,TRANSFORM,TRANSFORM,0,1.5074125528335571,1
0,E_TRANSFORM_BIRTH,incumbent,48,STORY,STORY,0,0.4045799970626831,1
0,E_TRANSFORM_BIRTH,capacity-shadow,48,STORY,STORY,0,,1
0,E_TRANSFORM_BIRTH,geometry-shadow,48,STORY,STORY,0,0.8567920327186584,1
0,E_TRANSFORM_BIRTH,incumbent,49,STORY,STORY,1,1.834803819656372,1
0,E_TRANSFORM_BIRTH,capacity-shadow,49,STORY,STORY,1,,1
0,E_TRANSFORM_BIRTH,geometry-shadow,49,STORY,STORY,1,1.0041558742523191,1
0,E_TRANSFORM_BIRTH,incumbent,50,TRANSFORM,TRANSFORM,0,1.100555419921875,1
0,E_TRANSFORM_BIRTH,capacity-shadow,50,TRANSFORM,TRANSFORM,0,,1
0,E_TRANSFORM_BIRTH,geometry-shadow,50,TRANSFORM,TRANSFORM,0,1.505920648574829,1
0,E_TRANSFORM_BIRTH,incumbent,51,STORY,STORY,0,0.4919868111610412,1
0,E_TRANSFORM_BIRTH,capacity-shadow,51,STORY,STORY,0,,1
0,E_TRANSFORM_BIRTH,geometry-shadow,51,STORY,STORY,0,0.8912866115570068,1
0,E_TRANSFORM_BIRTH,incumbent,52,STORY,STORY,1,0.5473412275314331,1
0,E_TRANSFORM_BIRTH,capacity-shadow,52,STORY,STORY,2,,1
0,E_TRANSFORM_BIRTH,geometry-shadow,52,STORY,STORY,1,0.1857953071594238,1
0,E_TRANSFORM_BIRTH,incumbent,53,TRANSFORM,TRANSFORM,0,1.0971064567565918,1
0,E_TRANSFORM_BIRTH,capacity-shadow,53,TRANSFORM,TRANSFORM,0,,1
0,E_TRANSFORM_BIRTH,geometry-shadow,53,TRANSFORM,TRANSFORM,0,1.5011351108551023,1
0,E_TRANSFORM_BIRTH,incumbent,54,TRANSFORM,TRANSFORM,0,1.096436858177185,1
0,E_TRANSFORM_BIRTH,capacity-shadow,54,TRANSFORM,TRANSFORM,0,,1
0,E_TRANSFORM_BIRTH,geometry-shadow,54,TRANSFORM,TRANSFORM,0,1.500445008277893,1
0,E_TRANSFORM_BIRTH,incumbent,55,STORY,STORY,1,1.503365993499756,1
0,E_TRANSFORM_BIRTH,capacity-shadow,55,STORY,STORY,1,,1
0,E_TRANSFORM_BIRTH,geometry-shadow,55,STORY,STORY,1,0.7079800367355347,1
0,E_TRANSFORM_BIRTH,incumbent,56,ARITH_A,ARITHMETIC,0,1.155281662940979,1
0,E_TRANSFORM_BIRTH,capacity-shadow,56,ARITH_A,ARITHMETIC,0,,1
0,E_TRANSFORM_BIRTH,geometry-shadow,56,ARITH_A,ARITHMETIC,0,1.5721642971038818,1
0,E_TRANSFORM_BIRTH,incumbent,57,STORY,STORY,1,0.1403868198394775,1
0,E_TRANSFORM_BIRTH,capacity-shadow,57,STORY,STORY,2,,1
0,E_TRANSFORM_BIRTH,geometry-shadow,57,STORY,STORY,0,0.1012868881225586,1
0,E_TRANSFORM_BIRTH,incumbent,58,TRANSFORM,TRANSFORM,0,1.1051255464553833,1
0,E_TRANSFORM_BIRTH,capacity-shadow,58,TRANSFORM,TRANSFORM,0,,1
0,E_TRANSFORM_BIRTH,geometry-shadow,58,TRANSFORM,TRANSFORM,0,1.5103205442428589,1
0,E_TRANSFORM_BIRTH,incumbent,59,TRANSFORM,TRANSFORM,0,1.116932034492493,1
0,E_TRANSFORM_BIRTH,capacity-shadow,59,TRANSFORM,TRANSFORM,0,,1
0,E_TRANSFORM_BIRTH,geometry-shadow,59,TRANSFORM,TRANSFORM,0,1.5249093770980835,1
0,E_TRANSFORM_BIRTH,incumbent,60,STORY,STORY,1,0.2639274597167969,1
0,E_TRANSFORM_BIRTH,capacity-shadow,60,STORY,STORY,1,,1
0,E_TRANSFORM_BIRTH,geometry-shadow,60,STORY,STORY,1,0.1246280670166015,1
0,E_TRANSFORM_BIRTH,incumbent,61,STORY,STORY,1,0.0732647180557251,1
0,E_TRANSFORM_BIRTH,capacity-shadow,61,STORY,STORY,2,,1
0,E_TRANSFORM_BIRTH,geometry-shadow,61,STORY,STORY,0,0.2358700037002563,1
0,E_TRANSFORM_BIRTH,incumbent,62,STORY,STORY,1,0.746989369392395,1
0,E_TRANSFORM_BIRTH,capacity-shadow,62,STORY,STORY,1,,1
0,E_TRANSFORM_BIRTH,geometry-shadow,62,STORY,STORY,1,0.6679508686065674,1
0,E_TRANSFORM_BIRTH,incumbent,63,TRANSFORM,TRANSFORM,0,1.0973939895629885,1
0,E_TRANSFORM_BIRTH,capacity-shadow,63,TRANSFORM,TRANSFORM,0,,1
0,E_TRANSFORM_BIRTH,geometry-shadow,63,TRANSFORM,TRANSFORM,0,1.502397894859314,1
0,E_TRANSFORM_BIRTH,incumbent,64,STORY,STORY,0,0.1958559155464172,1
0,E_TRANSFORM_BIRTH,capacity-shadow,64,STORY,STORY,0,,1
0,E_TRANSFORM_BIRTH,geometry-shadow,64,STORY,STORY,0,0.6716911196708679,1
0,E_TRANSFORM_BIRTH,incumbent,65,STORY,STORY,1,1.848394751548767,1
0,E_TRANSFORM_BIRTH,capacity-shadow,65,STORY,STORY,2,,1
0,E_TRANSFORM_BIRTH,geometry-shadow,65,STORY,STORY,1,1.2292425632476809,1
0,E_TRANSFORM_BIRTH,incumbent,66,ARITH_A,ARITHMETIC,0,1.1573566198349,1
0,E_TRANSFORM_BIRTH,capacity-shadow,66,ARITH_A,ARITHMETIC,0,,1
0,E_TRANSFORM_BIRTH,geometry-shadow,66,ARITH_A,ARITHMETIC,0,1.580910563468933,1
0,E_TRANSFORM_BIRTH,incumbent,67,TRANSFORM,TRANSFORM,0,1.086681604385376,1
0,E_TRANSFORM_BIRTH,capacity-shadow,67,TRANSFORM,TRANSFORM,0,,1
0,E_TRANSFORM_BIRTH,geometry-shadow,67,TRANSFORM,TRANSFORM,0,1.488189935684204,1
0,E_TRANSFORM_BIRTH,incumbent,68,STORY,STORY,1,0.9599366188049316,1
0,E_TRANSFORM_BIRTH,capacity-shadow,68,STORY,STORY,1,,1
0,E_TRANSFORM_BIRTH,geometry-shadow,68,STORY,STORY,1,0.8652960062026978,1
0,E_TRANSFORM_BIRTH,incumbent,69,TRANSFORM,TRANSFORM,0,1.084848165512085,1
0,E_TRANSFORM_BIRTH,capacity-shadow,69,TRANSFORM,TRANSFORM,0,,1
0,E_TRANSFORM_BIRTH,geometry-shadow,69,TRANSFORM,TRANSFORM,0,1.4845019578933716,1
0,E_TRANSFORM_BIRTH,incumbent,70,STORY,STORY,1,0.4975274801254272,1
0,E_TRANSFORM_BIRTH,capacity-shadow,70,STORY,STORY,2,,1
0,E_TRANSFORM_BIRTH,geometry-shadow,70,STORY,STORY,1,0.2537587881088257,1
0,E_TRANSFORM_BIRTH,incumbent,71,ARITH_A,ARITHMETIC,0,1.1548484563827517,1
0,E_TRANSFORM_BIRTH,capacity-shadow,71,ARITH_A,ARITHMETIC,0,,1
0,E_TRANSFORM_BIRTH,geometry-shadow,71,ARITH_A,ARITHMETIC,0,1.577109694480896,1
0,E_TRANSFORM_BIRTH,incumbent,72,ARITH_A,ARITHMETIC,0,1.1571757793426514,1
0,E_TRANSFORM_BIRTH,capacity-shadow,72,ARITH_A,ARITHMETIC,0,,1
0,E_TRANSFORM_BIRTH,geometry-shadow,72,ARITH_A,ARITHMETIC,0,1.576748251914978,1
0,E_TRANSFORM_BIRTH,incumbent,73,ARITH_A,ARITHMETIC,0,1.1577365398406982,1
0,E_TRANSFORM_BIRTH,capacity-shadow,73,ARITH_A,ARITHMETIC,0,,1
0,E_TRANSFORM_BIRTH,geometry-shadow,73,ARITH_A,ARITHMETIC,0,1.5796194076538086,1
0,E_TRANSFORM_BIRTH,incumbent,74,STORY,STORY,1,0.0510426759719848,1
0,E_TRANSFORM_BIRTH,capacity-shadow,74,STORY,STORY,1,,1
0,E_TRANSFORM_BIRTH,geometry-shadow,74,STORY,STORY,0,0.2676241397857666,1
0,E_TRANSFORM_BIRTH,incumbent,75,STORY,STORY,1,0.5363752841949463,1
0,E_TRANSFORM_BIRTH,capacity-shadow,75,STORY,STORY,2,,1
0,E_TRANSFORM_BIRTH,geometry-shadow,75,STORY,STORY,1,0.137129545211792,1
0,E_TRANSFORM_BIRTH,incumbent,76,ARITH_A,ARITHMETIC,0,1.1564615964889526,1
0,E_TRANSFORM_BIRTH,capacity-shadow,76,ARITH_A,ARITHMETIC,0,,1
0,E_TRANSFORM_BIRTH,geometry-shadow,76,ARITH_A,ARITHMETIC,0,1.5741912126541138,1
0,E_TRANSFORM_BIRTH,incumbent,77,STORY,STORY,0,0.219205617904663,1
0,E_TRANSFORM_BIRTH,capacity-shadow,77,STORY,STORY,0,,1
0,E_TRANSFORM_BIRTH,geometry-shadow,77,STORY,STORY,0,0.7717488408088684,1
0,E_TRANSFORM_BIRTH,incumbent,78,ARITH_A,ARITHMETIC,0,1.157436728477478,1
0,E_TRANSFORM_BIRTH,capacity-shadow,78,ARITH_A,ARITHMETIC,0,,1
0,E_TRANSFORM_BIRTH,geometry-shadow,78,ARITH_A,ARITHMETIC,0,1.5798916816711426,1
0,E_TRANSFORM_BIRTH,incumbent,79,ARITH_A,ARITHMETIC,0,1.158884048461914,1
0,E_TRANSFORM_BIRTH,capacity-shadow,79,ARITH_A,ARITHMETIC,0,,1
0,E_TRANSFORM_BIRTH,geometry-shadow,79,ARITH_A,ARITHMETIC,0,1.579171895980835,1
0,E_TRANSFORM_BIRTH,incumbent,80,STORY,STORY,0,0.1850597262382507,1
0,E_TRANSFORM_BIRTH,capacity-shadow,80,STORY,STORY,0,,1
0,E_TRANSFORM_BIRTH,geometry-shadow,80,STORY,STORY,0,0.4141959547996521,1
0,E_TRANSFORM_BIRTH,incumbent,81,TRANSFORM,TRANSFORM,0,1.1125376224517822,1
0,E_TRANSFORM_BIRTH,capacity-shadow,81,TRANSFORM,TRANSFORM,0,,1
0,E_TRANSFORM_BIRTH,geometry-shadow,81,TRANSFORM,TRANSFORM,0,1.5185368061065674,1
0,E_TRANSFORM_BIRTH,incumbent,82,TRANSFORM,TRANSFORM,0,1.1208850145339966,1
0,E_TRANSFORM_BIRTH,capacity-shadow,82,TRANSFORM,TRANSFORM,0,,1
0,E_TRANSFORM_BIRTH,geometry-shadow,82,TRANSFORM,TRANSFORM,0,1.5310977697372437,1
0,E_TRANSFORM_BIRTH,incumbent,83,TRANSFORM,TRANSFORM,0,1.092905044555664,1
0,E_TRANSFORM_BIRTH,capacity-shadow,83,TRANSFORM,TRANSFORM,0,,1
0,E_TRANSFORM_BIRTH,geometry-shadow,83,TRANSFORM,TRANSFORM,0,1.4960840940475464,1
0,E_TRANSFORM_BIRTH,incumbent,84,ARITH_A,ARITHMETIC,0,1.1581699848175049,1
0,E_TRANSFORM_BIRTH,capacity-shadow,84,ARITH_A,ARITHMETIC,0,,1
0,E_TRANSFORM_BIRTH,geometry-shadow,84,ARITH_A,ARITHMETIC,0,1.57749605178833,1
0,E_TRANSFORM_BIRTH,incumbent,85,ARITH_A,ARITHMETIC,0,1.1600871086120603,1
0,E_TRANSFORM_BIRTH,capacity-shadow,85,ARITH_A,ARITHMETIC,0,,1
0,E_TRANSFORM_BIRTH,geometry-shadow,85,ARITH_A,ARITHMETIC,0,1.5818030834197998,1
0,E_TRANSFORM_BIRTH,incumbent,86,TRANSFORM,TRANSFORM,0,1.1079432964324951,1
0,E_TRANSFORM_BIRTH,capacity-shadow,86,TRANSFORM,TRANSFORM,0,,1
0,E_TRANSFORM_BIRTH,geometry-shadow,86,TRANSFORM,TRANSFORM,0,1.5128004550933838,1
0,E_TRANSFORM_BIRTH,incumbent,87,TRANSFORM,TRANSFORM,0,1.1143577098846436,1
0,E_TRANSFORM_BIRTH,capacity-shadow,87,TRANSFORM,TRANSFORM,0,,1
0,E_TRANSFORM_BIRTH,geometry-shadow,87,TRANSFORM,TRANSFORM,0,1.5198462009429932,1
0,E_TRANSFORM_BIRTH,incumbent,88,STORY,STORY,1,1.538337230682373,1
0,E_TRANSFORM_BIRTH,capacity-shadow,88,STORY,STORY,1,,1
0,E_TRANSFORM_BIRTH,geometry-shadow,88,STORY,STORY,1,1.0214112997055054,1
0,E_TRANSFORM_BIRTH,incumbent,89,TRANSFORM,TRANSFORM,0,1.0956727266311646,1
0,E_TRANSFORM_BIRTH,capacity-shadow,89,TRANSFORM,TRANSFORM,0,,1
0,E_TRANSFORM_BIRTH,geometry-shadow,89,TRANSFORM,TRANSFORM,0,1.5018881559371948,1
0,E_TRANSFORM_BIRTH,incumbent,90,ARITH_A,ARITHMETIC,0,1.1581841707229614,1
0,E_TRANSFORM_BIRTH,capacity-shadow,90,ARITH_A,ARITHMETIC,0,,1
0,E_TRANSFORM_BIRTH,geometry-shadow,90,ARITH_A,ARITHMETIC,0,1.5796562433242798,1
0,E_TRANSFORM_BIRTH,incumbent,91,ARITH_A,ARITHMETIC,0,1.156452178955078,1
0,E_TRANSFORM_BIRTH,capacity-shadow,91,ARITH_A,ARITHMETIC,0,,1
0,E_TRANSFORM_BIRTH,geometry-shadow,91,ARITH_A,ARITHMETIC,0,1.5799661874771118,1
0,E_TRANSFORM_BIRTH,incumbent,92,ARITH_A,ARITHMETIC,0,1.1543158292770386,1
0,E_TRANSFORM_BIRTH,capacity-shadow,92,ARITH_A,ARITHMETIC,0,,1
0,E_TRANSFORM_BIRTH,geometry-shadow,92,ARITH_A,ARITHMETIC,0,1.574762940406799,1
0,E_TRANSFORM_BIRTH,incumbent,93,STORY,STORY,0,0.2645360827445984,1
0,E_TRANSFORM_BIRTH,capacity-shadow,93,STORY,STORY,0,,1
0,E_TRANSFORM_BIRTH,geometry-shadow,93,STORY,STORY,0,0.6704517006874084,1
0,E_TRANSFORM_BIRTH,incumbent,94,TRANSFORM,TRANSFORM,0,1.0980147123336792,1
0,E_TRANSFORM_BIRTH,capacity-shadow,94,TRANSFORM,TRANSFORM,0,,1
0,E_TRANSFORM_BIRTH,geometry-shadow,94,TRANSFORM,TRANSFORM,0,1.501926302909851,1
0,E_TRANSFORM_BIRTH,incumbent,95,TRANSFORM,TRANSFORM,0,1.0930747985839844,1
0,E_TRANSFORM_BIRTH,capacity-shadow,95,TRANSFORM,TRANSFORM,0,,1
0,E_TRANSFORM_BIRTH,geometry-shadow,95,TRANSFORM,TRANSFORM,0,1.4961429834365845,1
0,E_TRANSFORM_BIRTH,incumbent,96,ARITH_A,ARITHMETIC,0,1.159538507461548,1
0,E_TRANSFORM_BIRTH,capacity-shadow,96,ARITH_A,ARITHMETIC,0,,1
0,E_TRANSFORM_BIRTH,geometry-shadow,96,ARITH_A,ARITHMETIC,0,1.5839416980743408,1
0,E_TRANSFORM_BIRTH,incumbent,97,STORY,STORY,0,0.0290518999099731,1
0,E_TRANSFORM_BIRTH,capacity-shadow,97,STORY,STORY,0,,1
0,E_TRANSFORM_BIRTH,geometry-shadow,97,STORY,STORY,0,0.5055283904075623,1
0,E_TRANSFORM_BIRTH,incumbent,98,ARITH_A,ARITHMETIC,0,1.1611456871032717,1
0,E_TRANSFORM_BIRTH,capacity-shadow,98,ARITH_A,ARITHMETIC,0,,1
0,E_TRANSFORM_BIRTH,geometry-shadow,98,ARITH_A,ARITHMETIC,0,1.5811758041381836,1
0,E_TRANSFORM_BIRTH,incumbent,99,STORY,STORY,0,0.1274766325950622,1
0,E_TRANSFORM_BIRTH,capacity-shadow,99,STORY,STORY,0,,1
0,E_TRANSFORM_BIRTH,geometry-shadow,99,STORY,STORY,0,0.6194908618927002,1
0,E_TRANSFORM_BIRTH,incumbent,100,ARITH_A,ARITHMETIC,0,1.158018946647644,1
0,E_TRANSFORM_BIRTH,capacity-shadow,100,ARITH_A,ARITHMETIC,0,,1
0,E_TRANSFORM_BIRTH,geometry-shadow,100,ARITH_A,ARITHMETIC,0,1.5782212018966677,1
0,E_TRANSFORM_BIRTH,incumbent,101,ARITH_A,ARITHMETIC,0,1.1556613445281982,1
0,E_TRANSFORM_BIRTH,capacity-shadow,101,ARITH_A,ARITHMETIC,0,,1
0,E_TRANSFORM_BIRTH,geometry-shadow,101,ARITH_A,ARITHMETIC,0,1.5733171701431274,1
0,E_TRANSFORM_BIRTH,incumbent,102,ARITH_A,ARITHMETIC,0,1.154303789138794,1
0,E_TRANSFORM_BIRTH,capacity-shadow,102,ARITH_A,ARITHMETIC,0,,1
0,E_TRANSFORM_BIRTH,geometry-shadow,102,ARITH_A,ARITHMETIC,0,1.5736206769943235,1
0,E_TRANSFORM_BIRTH,incumbent,103,ARITH_A,ARITHMETIC,0,1.1587908267974854,1
0,E_TRANSFORM_BIRTH,capacity-shadow,103,ARITH_A,ARITHMETIC,0,,1
0,E_TRANSFORM_BIRTH,geometry-shadow,103,ARITH_A,ARITHMETIC,0,1.5771745443344116,1
0,E_TRANSFORM_BIRTH,incumbent,104,TRANSFORM,TRANSFORM,0,1.097488522529602,1
0,E_TRANSFORM_BIRTH,capacity-shadow,104,TRANSFORM,TRANSFORM,0,,1
0,E_TRANSFORM_BIRTH,geometry-shadow,104,TRANSFORM,TRANSFORM,0,1.5018538236618042,1
0,E_TRANSFORM_BIRTH,incumbent,105,TRANSFORM,TRANSFORM,0,1.1085196733474731,1
0,E_TRANSFORM_BIRTH,capacity-shadow,105,TRANSFORM,TRANSFORM,0,,1
0,E_TRANSFORM_BIRTH,geometry-shadow,105,TRANSFORM,TRANSFORM,0,1.509496569633484,1
0,E_TRANSFORM_BIRTH,incumbent,106,STORY,STORY,1,0.0954456329345703,1
0,E_TRANSFORM_BIRTH,capacity-shadow,106,STORY,STORY,2,,1
0,E_TRANSFORM_BIRTH,geometry-shadow,106,STORY,STORY,0,0.1600579023361206,1
0,E_TRANSFORM_BIRTH,incumbent,107,ARITH_A,ARITHMETIC,0,1.1545979976654053,1
0,E_TRANSFORM_BIRTH,capacity-shadow,107,ARITH_A,ARITHMETIC,0,,1
0,E_TRANSFORM_BIRTH,geometry-shadow,107,ARITH_A,ARITHMETIC,0,1.5706782341003418,1
0,E_TRANSFORM_BIRTH,incumbent,108,TRANSFORM,TRANSFORM,0,1.1034044027328491,1
0,E_TRANSFORM_BIRTH,capacity-shadow,108,TRANSFORM,TRANSFORM,0,,1
0,E_TRANSFORM_BIRTH,geometry-shadow,108,TRANSFORM,TRANSFORM,0,1.5030134916305542,1
0,E_TRANSFORM_BIRTH,incumbent,109,ARITH_A,ARITHMETIC,0,1.1587448120117188,1
0,E_TRANSFORM_BIRTH,capacity-shadow,109,ARITH_A,ARITHMETIC,0,,1
0,E_TRANSFORM_BIRTH,geometry-shadow,109,ARITH_A,ARITHMETIC,0,1.5757569074630735,1
0,E_TRANSFORM_BIRTH,incumbent,110,STORY,STORY,1,0.1762783527374267,1
0,E_TRANSFORM_BIRTH,capacity-shadow,110,STORY,STORY,1,,1
0,E_TRANSFORM_BIRTH,geometry-shadow,110,STORY,STORY,0,0.1347219944000244,1
0,E_TRANSFORM_BIRTH,incumbent,111,ARITH_A,ARITHMETIC,0,1.1640048027038574,1
0,E_TRANSFORM_BIRTH,capacity-shadow,111,ARITH_A,ARITHMETIC,0,,1
0,E_TRANSFORM_BIRTH,geometry-shadow,111,ARITH_A,ARITHMETIC,0,1.5903016328811646,1
0,E_TRANSFORM_BIRTH,incumbent,112,TRANSFORM,TRANSFORM,0,1.1000198125839231,1
0,E_TRANSFORM_BIRTH,capacity-shadow,112,TRANSFORM,TRANSFORM,0,,1
0,E_TRANSFORM_BIRTH,geometry-shadow,112,TRANSFORM,TRANSFORM,0,1.5047478675842283,1
0,E_TRANSFORM_BIRTH,incumbent,113,TRANSFORM,TRANSFORM,0,1.0930917263031006,1
0,E_TRANSFORM_BIRTH,capacity-shadow,113,TRANSFORM,TRANSFORM,0,,1
0,E_TRANSFORM_BIRTH,geometry-shadow,113,TRANSFORM,TRANSFORM,0,1.496629238128662,1
0,E_TRANSFORM_BIRTH,incumbent,114,STORY,STORY,1,0.5515561103820801,1
0,E_TRANSFORM_BIRTH,capacity-shadow,114,STORY,STORY,2,,1
0,E_TRANSFORM_BIRTH,geometry-shadow,114,STORY,STORY,1,0.4566076993942261,1
0,E_TRANSFORM_BIRTH,incumbent,115,STORY,STORY,1,0.3741798996925354,1
0,E_TRANSFORM_BIRTH,capacity-shadow,115,STORY,STORY,1,,1
0,E_TRANSFORM_BIRTH,geometry-shadow,115,STORY,STORY,1,0.1083323955535888,1
0,E_TRANSFORM_BIRTH,incumbent,116,STORY,STORY,1,1.4641773700714111,1
0,E_TRANSFORM_BIRTH,capacity-shadow,116,STORY,STORY,2,,1
0,E_TRANSFORM_BIRTH,geometry-shadow,116,STORY,STORY,1,0.9666439294815063,1
0,E_TRANSFORM_BIRTH,incumbent,117,ARITH_A,ARITHMETIC,0,1.1560851335525513,1
0,E_TRANSFORM_BIRTH,capacity-shadow,117,ARITH_A,ARITHMETIC,0,,1
0,E_TRANSFORM_BIRTH,geometry-shadow,117,ARITH_A,ARITHMETIC,0,1.579833984375,1
0,E_TRANSFORM_BIRTH,incumbent,118,STORY,STORY,0,0.7719711065292358,1
0,E_TRANSFORM_BIRTH,capacity-shadow,118,STORY,STORY,0,,1
0,E_TRANSFORM_BIRTH,geometry-shadow,118,STORY,STORY,0,1.248732089996338,1
0,E_TRANSFORM_BIRTH,incumbent,119,STORY,STORY,0,0.4406882524490356,1
0,E_TRANSFORM_BIRTH,capacity-shadow,119,STORY,STORY,0,,1
0,E_TRANSFORM_BIRTH,geometry-shadow,119,STORY,STORY,0,0.8901143670082092,1
0,E_TRANSFORM_BIRTH,incumbent,120,TRANSFORM,TRANSFORM,0,1.116452932357788,1
0,E_TRANSFORM_BIRTH,capacity-shadow,120,TRANSFORM,TRANSFORM,0,,1
0,E_TRANSFORM_BIRTH,geometry-shadow,120,TRANSFORM,TRANSFORM,0,1.523782730102539,1
0,E_TRANSFORM_BIRTH,incumbent,121,STORY,STORY,1,0.0186957120895385,1
0,E_TRANSFORM_BIRTH,capacity-shadow,121,STORY,STORY,1,,1
0,E_TRANSFORM_BIRTH,geometry-shadow,121,STORY,STORY,0,0.1311116218566894,1
0,E_TRANSFORM_BIRTH,incumbent,122,STORY,STORY,0,0.3023253679275512,1
0,E_TRANSFORM_BIRTH,capacity-shadow,122,STORY,STORY,0,,1
0,E_TRANSFORM_BIRTH,geometry-shadow,122,STORY,STORY,0,0.5322535037994385,1
0,E_TRANSFORM_BIRTH,incumbent,123,ARITH_A,ARITHMETIC,0,1.1612200736999512,1
0,E_TRANSFORM_BIRTH,capacity-shadow,123,ARITH_A,ARITHMETIC,0,,1
0,E_TRANSFORM_BIRTH,geometry-shadow,123,ARITH_A,ARITHMETIC,0,1.581713318824768,1
0,E_TRANSFORM_BIRTH,incumbent,124,ARITH_A,ARITHMETIC,0,1.1559648513793943,1
0,E_TRANSFORM_BIRTH,capacity-shadow,124,ARITH_A,ARITHMETIC,0,,1
0,E_TRANSFORM_BIRTH,geometry-shadow,124,ARITH_A,ARITHMETIC,0,1.5781341791152954,1
0,E_TRANSFORM_BIRTH,incumbent,125,ARITH_A,ARITHMETIC,0,1.1550604104995728,1
0,E_TRANSFORM_BIRTH,capacity-shadow,125,ARITH_A,ARITHMETIC,0,,1
0,E_TRANSFORM_BIRTH,geometry-shadow,125,ARITH_A,ARITHMETIC,0,1.5762486457824707,1
0,E_TRANSFORM_BIRTH,incumbent,126,STORY,STORY,0,0.6434791088104248,1
0,E_TRANSFORM_BIRTH,capacity-shadow,126,STORY,STORY,0,,1
0,E_TRANSFORM_BIRTH,geometry-shadow,126,STORY,STORY,0,1.0168681144714355,1
0,E_TRANSFORM_BIRTH,incumbent,127,TRANSFORM,TRANSFORM,0,1.083940505981445,1
0,E_TRANSFORM_BIRTH,capacity-shadow,127,TRANSFORM,TRANSFORM,0,,1
0,E_TRANSFORM_BIRTH,geometry-shadow,127,TRANSFORM,TRANSFORM,0,1.48723304271698,1
0,E_TRANSFORM_BIRTH,incumbent,128,STORY,STORY,1,0.9959558248519896,1
0,E_TRANSFORM_BIRTH,capacity-shadow,128,STORY,STORY,2,,1
0,E_TRANSFORM_BIRTH,geometry-shadow,128,STORY,STORY,1,0.6901352405548096,1
0,E_TRANSFORM_BIRTH,incumbent,129,TRANSFORM,TRANSFORM,0,1.0997791290283203,1
0,E_TRANSFORM_BIRTH,capacity-shadow,129,TRANSFORM,TRANSFORM,0,,1
0,E_TRANSFORM_BIRTH,geometry-shadow,129,TRANSFORM,TRANSFORM,0,1.500924587249756,1
0,E_TRANSFORM_BIRTH,incumbent,130,ARITH_A,ARITHMETIC,0,1.155880093574524,1
0,E_TRANSFORM_BIRTH,capacity-shadow,130,ARITH_A,ARITHMETIC,0,,1
0,E_TRANSFORM_BIRTH,geometry-shadow,130,ARITH_A,ARITHMETIC,0,1.5732074975967407,1
0,E_TRANSFORM_BIRTH,incumbent,131,TRANSFORM,TRANSFORM,0,1.1111552715301514,1
0,E_TRANSFORM_BIRTH,capacity-shadow,131,TRANSFORM,TRANSFORM,0,,1
0,E_TRANSFORM_BIRTH,geometry-shadow,131,TRANSFORM,TRANSFORM,0,1.5185019969940186,1
0,E_TRANSFORM_BIRTH,incumbent,132,STORY,STORY,1,0.3744702339172363,1
0,E_TRANSFORM_BIRTH,capacity-shadow,132,STORY,STORY,1,,1
0,E_TRANSFORM_BIRTH,geometry-shadow,132,STORY,STORY,1,0.0129483938217163,1
0,E_TRANSFORM_BIRTH,incumbent,133,STORY,STORY,0,0.0545519590377807,1
0,E_TRANSFORM_BIRTH,capacity-shadow,133,STORY,STORY,0,,1
0,E_TRANSFORM_BIRTH,geometry-shadow,133,STORY,STORY,0,0.4242368936538696,1
0,E_TRANSFORM_BIRTH,incumbent,134,ARITH_A,ARITHMETIC,0,1.1541259288787842,1
0,E_TRANSFORM_BIRTH,capacity-shadow,134,ARITH_A,ARITHMETIC,0,,1
0,E_TRANSFORM_BIRTH,geometry-shadow,134,ARITH_A,ARITHMETIC,0,1.5762841701507568,1
0,E_TRANSFORM_BIRTH,incumbent,135,ARITH_A,ARITHMETIC,0,1.153966188430786,1
0,E_TRANSFORM_BIRTH,capacity-shadow,135,ARITH_A,ARITHMETIC,0,,1
0,E_TRANSFORM_BIRTH,geometry-shadow,135,ARITH_A,ARITHMETIC,0,1.5750826597213743,1
0,E_TRANSFORM_BIRTH,incumbent,136,ARITH_A,ARITHMETIC,0,1.1538830995559692,1
0,E_TRANSFORM_BIRTH,capacity-shadow,136,ARITH_A,ARITHMETIC,0,,1
0,E_TRANSFORM_BIRTH,geometry-shadow,136,ARITH_A,ARITHMETIC,0,1.5698015689849854,1
0,E_TRANSFORM_BIRTH,incumbent,137,STORY,STORY,0,0.5591627955436707,1
0,E_TRANSFORM_BIRTH,capacity-shadow,137,STORY,STORY,0,,1
0,E_TRANSFORM_BIRTH,geometry-shadow,137,STORY,STORY,0,0.9002294540405273,1
0,E_TRANSFORM_BIRTH,incumbent,138,ARITH_A,ARITHMETIC,0,1.1577603816986084,1
0,E_TRANSFORM_BIRTH,capacity-shadow,138,ARITH_A,ARITHMETIC,0,,1
0,E_TRANSFORM_BIRTH,geometry-shadow,138,ARITH_A,ARITHMETIC,0,1.5768132209777832,1
0,E_TRANSFORM_BIRTH,incumbent,139,ARITH_A,ARITHMETIC,0,1.1591382026672363,1
0,E_TRANSFORM_BIRTH,capacity-shadow,139,ARITH_A,ARITHMETIC,0,,1
0,E_TRANSFORM_BIRTH,geometry-shadow,139,ARITH_A,ARITHMETIC,0,1.580110788345337,1
0,E_TRANSFORM_BIRTH,incumbent,140,TRANSFORM,TRANSFORM,0,1.0972155332565308,1
0,E_TRANSFORM_BIRTH,capacity-shadow,140,TRANSFORM,TRANSFORM,0,,1
0,E_TRANSFORM_BIRTH,geometry-shadow,140,TRANSFORM,TRANSFORM,0,1.5029034614562988,1
0,E_TRANSFORM_BIRTH,incumbent,141,TRANSFORM,TRANSFORM,0,1.0941946506500244,1
0,E_TRANSFORM_BIRTH,capacity-shadow,141,TRANSFORM,TRANSFORM,0,,1
0,E_TRANSFORM_BIRTH,geometry-shadow,141,TRANSFORM,TRANSFORM,0,1.4949355125427246,1
0,E_TRANSFORM_BIRTH,incumbent,142,STORY,STORY,0,0.0513540506362915,1
0,E_TRANSFORM_BIRTH,capacity-shadow,142,STORY,STORY,0,,1
0,E_TRANSFORM_BIRTH,geometry-shadow,142,STORY,STORY,0,0.3868663311004638,1
0,E_TRANSFORM_BIRTH,incumbent,143,ARITH_A,ARITHMETIC,0,1.158778190612793,1
0,E_TRANSFORM_BIRTH,capacity-shadow,143,ARITH_A,ARITHMETIC,0,,1
0,E_TRANSFORM_BIRTH,geometry-shadow,143,ARITH_A,ARITHMETIC,0,1.58561909198761,1
0,E_TRANSFORM_BIRTH,incumbent,144,ARITH_A,ARITHMETIC,0,1.1510734558105469,1
0,E_TRANSFORM_BIRTH,capacity-shadow,144,ARITH_A,ARITHMETIC,0,,1
0,E_TRANSFORM_BIRTH,geometry-shadow,144,ARITH_A,ARITHMETIC,0,1.573775053024292,1
0,E_TRANSFORM_BIRTH,incumbent,145,ARITH_A,ARITHMETIC,0,1.157025694847107,1
0,E_TRANSFORM_BIRTH,capacity-shadow,145,ARITH_A,ARITHMETIC,0,,1
0,E_TRANSFORM_BIRTH,geometry-shadow,145,ARITH_A,ARITHMETIC,0,1.5823819637298584,1
0,E_TRANSFORM_BIRTH,incumbent,146,TRANSFORM,TRANSFORM,0,1.103138446807861,1
0,E_TRANSFORM_BIRTH,capacity-shadow,146,TRANSFORM,TRANSFORM,0,,1
0,E_TRANSFORM_BIRTH,geometry-shadow,146,TRANSFORM,TRANSFORM,0,1.507798194885254,1
0,E_TRANSFORM_BIRTH,incumbent,147,STORY,STORY,0,0.1178244948387146,1
0,E_TRANSFORM_BIRTH,capacity-shadow,147,STORY,STORY,0,,1
0,E_TRANSFORM_BIRTH,geometry-shadow,147,STORY,STORY,0,0.5483603477478027,1
0,E_TRANSFORM_BIRTH,incumbent,148,TRANSFORM,TRANSFORM,0,1.0956028699874878,1
0,E_TRANSFORM_BIRTH,capacity-shadow,148,TRANSFORM,TRANSFORM,0,,1
0,E_TRANSFORM_BIRTH,geometry-shadow,148,TRANSFORM,TRANSFORM,0,1.4995474815368652,1
0,E_TRANSFORM_BIRTH,incumbent,149,TRANSFORM,TRANSFORM,0,1.0889182090759275,1
0,E_TRANSFORM_BIRTH,capacity-shadow,149,TRANSFORM,TRANSFORM,0,,1
0,E_TRANSFORM_BIRTH,geometry-shadow,149,TRANSFORM,TRANSFORM,0,1.493012309074402,1
0,E_TRANSFORM_BIRTH,incumbent,150,ARITH_A,ARITHMETIC,0,1.159034252166748,1
0,E_TRANSFORM_BIRTH,capacity-shadow,150,ARITH_A,ARITHMETIC,0,,1
0,E_TRANSFORM_BIRTH,geometry-shadow,150,ARITH_A,ARITHMETIC,0,1.5841344594955444,1
0,E_TRANSFORM_BIRTH,incumbent,151,ARITH_A,ARITHMETIC,0,1.1587187051773071,1
0,E_TRANSFORM_BIRTH,capacity-shadow,151,ARITH_A,ARITHMETIC,0,,1
0,E_TRANSFORM_BIRTH,geometry-shadow,151,ARITH_A,ARITHMETIC,0,1.5843626260757446,1
0,E_TRANSFORM_BIRTH,incumbent,152,ARITH_A,ARITHMETIC,0,1.1518516540527344,1
0,E_TRANSFORM_BIRTH,capacity-shadow,152,ARITH_A,ARITHMETIC,0,,1
0,E_TRANSFORM_BIRTH,geometry-shadow,152,ARITH_A,ARITHMETIC,0,1.5737247467041016,1
0,E_TRANSFORM_BIRTH,incumbent,153,STORY,STORY,1,1.231825351715088,1
0,E_TRANSFORM_BIRTH,capacity-shadow,153,STORY,STORY,2,,1
0,E_TRANSFORM_BIRTH,geometry-shadow,153,STORY,STORY,1,0.3463401794433594,1
0,E_TRANSFORM_BIRTH,incumbent,154,STORY,STORY,1,0.1155669689178466,1
0,E_TRANSFORM_BIRTH,capacity-shadow,154,STORY,STORY,1,,1
0,E_TRANSFORM_BIRTH,geometry-shadow,154,STORY,STORY,0,0.1621183156967163,1
0,E_TRANSFORM_BIRTH,incumbent,155,ARITH_A,ARITHMETIC,0,1.160302996635437,1
0,E_TRANSFORM_BIRTH,capacity-shadow,155,ARITH_A,ARITHMETIC,0,,1
0,E_TRANSFORM_BIRTH,geometry-shadow,155,ARITH_A,ARITHMETIC,0,1.5825923681259155,1
0,E_TRANSFORM_BIRTH,incumbent,156,TRANSFORM,TRANSFORM,0,1.082730412483215,1
0,E_TRANSFORM_BIRTH,capacity-shadow,156,TRANSFORM,TRANSFORM,0,,1
0,E_TRANSFORM_BIRTH,geometry-shadow,156,TRANSFORM,TRANSFORM,0,1.4818791151046753,1
0,E_TRANSFORM_BIRTH,incumbent,157,ARITH_A,ARITHMETIC,0,1.1621558666229248,1
0,E_TRANSFORM_BIRTH,capacity-shadow,157,ARITH_A,ARITHMETIC,0,,1
0,E_TRANSFORM_BIRTH,geometry-shadow,157,ARITH_A,ARITHMETIC,0,1.587923288345337,1
0,E_TRANSFORM_BIRTH,incumbent,158,STORY,STORY,1,0.6754896640777588,1
0,E_TRANSFORM_BIRTH,capacity-shadow,158,STORY,STORY,2,,1
0,E_TRANSFORM_BIRTH,geometry-shadow,158,STORY,STORY,1,0.4011430740356445,1
0,E_TRANSFORM_BIRTH,incumbent,159,ARITH_A,ARITHMETIC,0,1.1538097858428955,1
0,E_TRANSFORM_BIRTH,capacity-shadow,159,ARITH_A,ARITHMETIC,0,,1
0,E_TRANSFORM_BIRTH,geometry-shadow,159,ARITH_A,ARITHMETIC,0,1.5717363357543943,1
0,E_TRANSFORM_BIRTH,incumbent,160,STORY,STORY,0,0.2578217387199402,1
0,E_TRANSFORM_BIRTH,capacity-shadow,160,STORY,STORY,0,,1
0,E_TRANSFORM_BIRTH,geometry-shadow,160,STORY,STORY,0,0.4666885733604431,1
0,E_TRANSFORM_BIRTH,incumbent,161,STORY,STORY,0,0.4214781522750854,1
0,E_TRANSFORM_BIRTH,capacity-shadow,161,STORY,STORY,0,,1
0,E_TRANSFORM_BIRTH,geometry-shadow,161,STORY,STORY,0,0.8377333283424377,1
0,E_TRANSFORM_BIRTH,incumbent,162,TRANSFORM,TRANSFORM,0,1.105797529220581,1
0,E_TRANSFORM_BIRTH,capacity-shadow,162,TRANSFORM,TRANSFORM,0,,1
0,E_TRANSFORM_BIRTH,geometry-shadow,162,TRANSFORM,TRANSFORM,0,1.5124964714050293,1
0,E_TRANSFORM_BIRTH,incumbent,163,ARITH_A,ARITHMETIC,0,1.1568655967712402,1
0,E_TRANSFORM_BIRTH,capacity-shadow,163,ARITH_A,ARITHMETIC,0,,1
0,E_TRANSFORM_BIRTH,geometry-shadow,163,ARITH_A,ARITHMETIC,0,1.5771595239639282,1
0,E_TRANSFORM_BIRTH,incumbent,164,ARITH_A,ARITHMETIC,0,1.1504528522491455,1
0,E_TRANSFORM_BIRTH,capacity-shadow,164,ARITH_A,ARITHMETIC,0,,1
0,E_TRANSFORM_BIRTH,geometry-shadow,164,ARITH_A,ARITHMETIC,0,1.5726174116134644,1
0,E_TRANSFORM_BIRTH,incumbent,165,STORY,STORY,1,1.30552339553833,1
0,E_TRANSFORM_BIRTH,capacity-shadow,165,STORY,STORY,1,,1
0,E_TRANSFORM_BIRTH,geometry-shadow,165,STORY,STORY,1,0.5043288469314575,1
0,E_TRANSFORM_BIRTH,incumbent,166,STORY,STORY,0,0.055161714553833,1
0,E_TRANSFORM_BIRTH,capacity-shadow,166,STORY,STORY,0,,1
0,E_TRANSFORM_BIRTH,geometry-shadow,166,STORY,STORY,0,0.4230552911758423,1
0,E_TRANSFORM_BIRTH,incumbent,167,TRANSFORM,TRANSFORM,0,1.1004303693771362,1
0,E_TRANSFORM_BIRTH,capacity-shadow,167,TRANSFORM,TRANSFORM,0,,1
0,E_TRANSFORM_BIRTH,geometry-shadow,167,TRANSFORM,TRANSFORM,0,1.5051265954971311,1
0,E_TRANSFORM_BIRTH,incumbent,168,TRANSFORM,TRANSFORM,0,1.0817290544509888,1
0,E_TRANSFORM_BIRTH,capacity-shadow,168,TRANSFORM,TRANSFORM,0,,1
0,E_TRANSFORM_BIRTH,geometry-shadow,168,TRANSFORM,TRANSFORM,0,1.4859716892242432,1
0,E_TRANSFORM_BIRTH,incumbent,169,STORY,STORY,1,0.1175724267959594,1
0,E_TRANSFORM_BIRTH,capacity-shadow,169,STORY,STORY,2,,1
0,E_TRANSFORM_BIRTH,geometry-shadow,169,STORY,STORY,0,0.2170795202255249,1
0,E_TRANSFORM_BIRTH,incumbent,170,STORY,STORY,0,0.1105678081512451,1
0,E_TRANSFORM_BIRTH,capacity-shadow,170,STORY,STORY,0,,1
0,E_TRANSFORM_BIRTH,geometry-shadow,170,STORY,STORY,0,0.3871966600418091,1
0,E_TRANSFORM_BIRTH,incumbent,171,ARITH_A,ARITHMETIC,0,1.1551719903945925,1
0,E_TRANSFORM_BIRTH,capacity-shadow,171,ARITH_A,ARITHMETIC,0,,1
0,E_TRANSFORM_BIRTH,geometry-shadow,171,ARITH_A,ARITHMETIC,0,1.5792516469955444,1
0,E_TRANSFORM_BIRTH,incumbent,172,TRANSFORM,TRANSFORM,0,1.1018158197402954,1
0,E_TRANSFORM_BIRTH,capacity-shadow,172,TRANSFORM,TRANSFORM,0,,1
0,E_TRANSFORM_BIRTH,geometry-shadow,172,TRANSFORM,TRANSFORM,0,1.5055543184280396,1
0,E_TRANSFORM_BIRTH,incumbent,173,STORY,STORY,0,0.1443221569061279,1
0,E_TRANSFORM_BIRTH,capacity-shadow,173,STORY,STORY,0,,1
0,E_TRANSFORM_BIRTH,geometry-shadow,173,STORY,STORY,0,0.6086876392364502,1
0,E_TRANSFORM_BIRTH,incumbent,174,STORY,STORY,0,0.2223269939422607,1
0,E_TRANSFORM_BIRTH,capacity-shadow,174,STORY,STORY,0,,1
0,E_TRANSFORM_BIRTH,geometry-shadow,174,STORY,STORY,0,0.585705578327179,1
0,E_TRANSFORM_BIRTH,incumbent,175,TRANSFORM,TRANSFORM,0,1.1053611040115356,1
0,E_TRANSFORM_BIRTH,capacity-shadow,175,TRANSFORM,TRANSFORM,0,,1
0,E_TRANSFORM_BIRTH,geometry-shadow,175,TRANSFORM,TRANSFORM,0,1.5162397623062134,1
0,E_TRANSFORM_BIRTH,incumbent,176,TRANSFORM,TRANSFORM,0,1.0984114408493042,1
0,E_TRANSFORM_BIRTH,capacity-shadow,176,TRANSFORM,TRANSFORM,0,,1
0,E_TRANSFORM_BIRTH,geometry-shadow,176,TRANSFORM,TRANSFORM,0,1.5047519207000732,1
0,E_TRANSFORM_BIRTH,incumbent,177,STORY,STORY,0,0.4488240480422973,1
0,E_TRANSFORM_BIRTH,capacity-shadow,177,STORY,STORY,0,,1
0,E_TRANSFORM_BIRTH,geometry-shadow,177,STORY,STORY,0,0.8602787852287292,1
0,E_TRANSFORM_BIRTH,incumbent,178,ARITH_A,ARITHMETIC,0,1.1595940589904783,1
0,E_TRANSFORM_BIRTH,capacity-shadow,178,ARITH_A,ARITHMETIC,0,,1
0,E_TRANSFORM_BIRTH,geometry-shadow,178,ARITH_A,ARITHMETIC,0,1.5828864574432373,1
0,E_TRANSFORM_BIRTH,incumbent,179,TRANSFORM,TRANSFORM,0,1.0996202230453491,1
0,E_TRANSFORM_BIRTH,capacity-shadow,179,TRANSFORM,TRANSFORM,0,,1
0,E_TRANSFORM_BIRTH,geometry-shadow,179,TRANSFORM,TRANSFORM,0,1.501880168914795,1
0,E_TRANSFORM_BIRTH,incumbent,180,ARITH_A,ARITHMETIC,0,1.1614007949829102,1
0,E_TRANSFORM_BIRTH,capacity-shadow,180,ARITH_A,ARITHMETIC,0,,1
0,E_TRANSFORM_BIRTH,geometry-shadow,180,ARITH_A,ARITHMETIC,0,1.5815778970718384,1
0,E_TRANSFORM_BIRTH,incumbent,181,ARITH_A,ARITHMETIC,0,1.1598572731018066,1
0,E_TRANSFORM_BIRTH,capacity-shadow,181,ARITH_A,ARITHMETIC,0,,1
0,E_TRANSFORM_BIRTH,geometry-shadow,181,ARITH_A,ARITHMETIC,0,1.5843214988708496,1
0,E_TRANSFORM_BIRTH,incumbent,182,STORY,STORY,0,0.37128347158432,1
0,E_TRANSFORM_BIRTH,capacity-shadow,182,STORY,STORY,0,,1
0,E_TRANSFORM_BIRTH,geometry-shadow,182,STORY,STORY,0,0.7458257079124451,1
0,E_TRANSFORM_BIRTH,incumbent,183,TRANSFORM,TRANSFORM,0,1.1104410886764526,1
0,E_TRANSFORM_BIRTH,capacity-shadow,183,TRANSFORM,TRANSFORM,0,,1
0,E_TRANSFORM_BIRTH,geometry-shadow,183,TRANSFORM,TRANSFORM,0,1.5188809633255005,1
0,E_TRANSFORM_BIRTH,incumbent,184,STORY,STORY,1,0.0808713436126709,1
0,E_TRANSFORM_BIRTH,capacity-shadow,184,STORY,STORY,1,,1
0,E_TRANSFORM_BIRTH,geometry-shadow,184,STORY,STORY,0,0.3065216541290283,1
0,E_TRANSFORM_BIRTH,incumbent,185,STORY,STORY,1,0.4157038927078247,1
0,E_TRANSFORM_BIRTH,capacity-shadow,185,STORY,STORY,2,,1
0,E_TRANSFORM_BIRTH,geometry-shadow,185,STORY,STORY,1,0.1352928876876831,1
0,E_TRANSFORM_BIRTH,incumbent,186,TRANSFORM,TRANSFORM,0,1.099873661994934,1
0,E_TRANSFORM_BIRTH,capacity-shadow,186,TRANSFORM,TRANSFORM,0,,1
0,E_TRANSFORM_BIRTH,geometry-shadow,186,TRANSFORM,TRANSFORM,0,1.5030049085617063,1
0,E_TRANSFORM_BIRTH,incumbent,187,STORY,STORY,0,0.376028299331665,1
0,E_TRANSFORM_BIRTH,capacity-shadow,187,STORY,STORY,0,,1
0,E_TRANSFORM_BIRTH,geometry-shadow,187,STORY,STORY,0,0.8130200505256653,1
0,E_TRANSFORM_BIRTH,incumbent,188,STORY,STORY,1,0.4087951183319092,1
0,E_TRANSFORM_BIRTH,capacity-shadow,188,STORY,STORY,1,,1
0,E_TRANSFORM_BIRTH,geometry-shadow,188,STORY,STORY,1,0.1448359489440918,1
0,E_TRANSFORM_BIRTH,incumbent,189,STORY,STORY,1,1.5408027172088623,1
0,E_TRANSFORM_BIRTH,capacity-shadow,189,STORY,STORY,2,,1
0,E_TRANSFORM_BIRTH,geometry-shadow,189,STORY,STORY,1,0.8023384809494019,1
0,E_TRANSFORM_BIRTH,incumbent,190,ARITH_A,ARITHMETIC,0,1.158689260482788,1
0,E_TRANSFORM_BIRTH,capacity-shadow,190,ARITH_A,ARITHMETIC,0,,1
0,E_TRANSFORM_BIRTH,geometry-shadow,190,ARITH_A,ARITHMETIC,0,1.5816657543182373,1
0,E_TRANSFORM_BIRTH,incumbent,191,ARITH_A,ARITHMETIC,0,1.1558494567871094,1
0,E_TRANSFORM_BIRTH,capacity-shadow,191,ARITH_A,ARITHMETIC,0,,1
0,E_TRANSFORM_BIRTH,geometry-shadow,191,ARITH_A,ARITHMETIC,0,1.572500467300415,1
0,E_TRANSFORM_BIRTH,incumbent,192,ARITH_A,ARITHMETIC,0,1.1592693328857422,1
0,E_TRANSFORM_BIRTH,capacity-shadow,192,ARITH_A,ARITHMETIC,0,,1
0,E_TRANSFORM_BIRTH,geometry-shadow,192,ARITH_A,ARITHMETIC,0,1.5785810947418213,1
0,E_TRANSFORM_BIRTH,incumbent,193,ARITH_A,ARITHMETIC,0,1.1528940200805664,1
0,E_TRANSFORM_BIRTH,capacity-shadow,193,ARITH_A,ARITHMETIC,0,,1
0,E_TRANSFORM_BIRTH,geometry-shadow,193,ARITH_A,ARITHMETIC,0,1.5753659009933472,1
0,E_TRANSFORM_BIRTH,incumbent,194,TRANSFORM,TRANSFORM,0,1.102379322052002,1
0,E_TRANSFORM_BIRTH,capacity-shadow,194,TRANSFORM,TRANSFORM,0,,1
0,E_TRANSFORM_BIRTH,geometry-shadow,194,TRANSFORM,TRANSFORM,0,1.5113000869750977,1
0,E_TRANSFORM_BIRTH,incumbent,195,TRANSFORM,TRANSFORM,0,1.103611946105957,1
0,E_TRANSFORM_BIRTH,capacity-shadow,195,TRANSFORM,TRANSFORM,0,,1
0,E_TRANSFORM_BIRTH,geometry-shadow,195,TRANSFORM,TRANSFORM,0,1.5103315114974976,1
0,E_TRANSFORM_BIRTH,incumbent,196,ARITH_A,ARITHMETIC,0,1.1571513414382937,1
0,E_TRANSFORM_BIRTH,capacity-shadow,196,ARITH_A,ARITHMETIC,0,,1
0,E_TRANSFORM_BIRTH,geometry-shadow,196,ARITH_A,ARITHMETIC,0,1.5759572982788086,1
0,E_TRANSFORM_BIRTH,incumbent,197,STORY,STORY,0,0.3028761744499206,1
0,E_TRANSFORM_BIRTH,capacity-shadow,197,STORY,STORY,0,,1
0,E_TRANSFORM_BIRTH,geometry-shadow,197,STORY,STORY,0,0.7384069561958313,1
0,E_TRANSFORM_BIRTH,incumbent,198,ARITH_A,ARITHMETIC,0,1.1585869789123535,1
0,E_TRANSFORM_BIRTH,capacity-shadow,198,ARITH_A,ARITHMETIC,0,,1
0,E_TRANSFORM_BIRTH,geometry-shadow,198,ARITH_A,ARITHMETIC,0,1.5811153650283811,1
0,E_TRANSFORM_BIRTH,incumbent,199,STORY,STORY,0,0.1720160245895385,1
0,E_TRANSFORM_BIRTH,capacity-shadow,199,STORY,STORY,0,,1
0,E_TRANSFORM_BIRTH,geometry-shadow,199,STORY,STORY,0,0.6100926399230957,1
0,E_TRANSFORM_BIRTH,incumbent,200,ARITH_A,ARITHMETIC,0,1.1536190509796145,1
0,E_TRANSFORM_BIRTH,capacity-shadow,200,ARITH_A,ARITHMETIC,0,,1
0,E_TRANSFORM_BIRTH,geometry-shadow,200,ARITH_A,ARITHMETIC,0,1.5749539136886597,1
0,E_TRANSFORM_BIRTH,incumbent,201,ARITH_A,ARITHMETIC,0,1.1623883247375488,1
0,E_TRANSFORM_BIRTH,capacity-shadow,201,ARITH_A,ARITHMETIC,0,,1
0,E_TRANSFORM_BIRTH,geometry-shadow,201,ARITH_A,ARITHMETIC,0,1.5871920585632324,1
0,E_TRANSFORM_BIRTH,incumbent,202,ARITH_A,ARITHMETIC,0,1.1559398174285889,1
0,E_TRANSFORM_BIRTH,capacity-shadow,202,ARITH_A,ARITHMETIC,0,,1
0,E_TRANSFORM_BIRTH,geometry-shadow,202,ARITH_A,ARITHMETIC,0,1.5777578353881836,1
0,E_TRANSFORM_BIRTH,incumbent,203,STORY,STORY,1,0.2192285060882568,1
0,E_TRANSFORM_BIRTH,capacity-shadow,203,STORY,STORY,1,,1
0,E_TRANSFORM_BIRTH,geometry-shadow,203,STORY,STORY,1,0.0964225530624389,1
0,E_TRANSFORM_BIRTH,incumbent,204,STORY,STORY,0,0.1748715043067932,1
0,E_TRANSFORM_BIRTH,capacity-shadow,204,STORY,STORY,0,,1
0,E_TRANSFORM_BIRTH,geometry-shadow,204,STORY,STORY,0,0.3993368148803711,1
0,E_TRANSFORM_BIRTH,incumbent,205,STORY,STORY,1,0.9382613897323608,1
0,E_TRANSFORM_BIRTH,capacity-shadow,205,STORY,STORY,2,,1
0,E_TRANSFORM_BIRTH,geometry-shadow,205,STORY,STORY,1,0.776100754737854,1
0,E_TRANSFORM_BIRTH,incumbent,206,ARITH_A,ARITHMETIC,0,1.159614086151123,1
0,E_TRANSFORM_BIRTH,capacity-shadow,206,ARITH_A,ARITHMETIC,0,,1
0,E_TRANSFORM_BIRTH,geometry-shadow,206,ARITH_A,ARITHMETIC,0,1.586288332939148,1
0,E_TRANSFORM_BIRTH,incumbent,207,TRANSFORM,TRANSFORM,0,1.103193283081055,1
0,E_TRANSFORM_BIRTH,capacity-shadow,207,TRANSFORM,TRANSFORM,0,,1
0,E_TRANSFORM_BIRTH,geometry-shadow,207,TRANSFORM,TRANSFORM,0,1.506848931312561,1
0,E_TRANSFORM_BIRTH,incumbent,208,ARITH_A,ARITHMETIC,0,1.1556700468063354,1
0,E_TRANSFORM_BIRTH,capacity-shadow,208,ARITH_A,ARITHMETIC,0,,1
0,E_TRANSFORM_BIRTH,geometry-shadow,208,ARITH_A,ARITHMETIC,0,1.576621174812317,1
0,E_TRANSFORM_BIRTH,incumbent,209,TRANSFORM,TRANSFORM,0,1.0933345556259155,1
0,E_TRANSFORM_BIRTH,capacity-shadow,209,TRANSFORM,TRANSFORM,0,,1
0,E_TRANSFORM_BIRTH,geometry-shadow,209,TRANSFORM,TRANSFORM,0,1.4969030618667605,1
0,E_TRANSFORM_BIRTH,incumbent,210,ARITH_A,ARITHMETIC,0,1.1539816856384275,1
0,E_TRANSFORM_BIRTH,capacity-shadow,210,ARITH_A,ARITHMETIC,0,,1
0,E_TRANSFORM_BIRTH,geometry-shadow,210,ARITH_A,ARITHMETIC,0,1.5738579034805298,1
0,E_TRANSFORM_BIRTH,incumbent,211,ARITH_A,ARITHMETIC,0,1.1557527780532837,1
0,E_TRANSFORM_BIRTH,capacity-shadow,211,ARITH_A,ARITHMETIC,0,,1
0,E_TRANSFORM_BIRTH,geometry-shadow,211,ARITH_A,ARITHMETIC,0,1.572343349456787,1
0,E_TRANSFORM_BIRTH,incumbent,212,TRANSFORM,TRANSFORM,0,1.0988537073135376,1
0,E_TRANSFORM_BIRTH,capacity-shadow,212,TRANSFORM,TRANSFORM,0,,1
0,E_TRANSFORM_BIRTH,geometry-shadow,212,TRANSFORM,TRANSFORM,0,1.501159429550171,1
0,E_TRANSFORM_BIRTH,incumbent,213,STORY,STORY,0,0.5434581637382507,1
0,E_TRANSFORM_BIRTH,capacity-shadow,213,STORY,STORY,0,,1
0,E_TRANSFORM_BIRTH,geometry-shadow,213,STORY,STORY,0,1.0152249336242676,1
0,E_TRANSFORM_BIRTH,incumbent,214,TRANSFORM,TRANSFORM,0,1.101055383682251,1
0,E_TRANSFORM_BIRTH,capacity-shadow,214,TRANSFORM,TRANSFORM,0,,1
0,E_TRANSFORM_BIRTH,geometry-shadow,214,TRANSFORM,TRANSFORM,0,1.506414532661438,1
0,E_TRANSFORM_BIRTH,incumbent,215,ARITH_A,ARITHMETIC,0,1.14811909198761,1
0,E_TRANSFORM_BIRTH,capacity-shadow,215,ARITH_A,ARITHMETIC,0,,1
0,E_TRANSFORM_BIRTH,geometry-shadow,215,ARITH_A,ARITHMETIC,0,1.5664393901824951,1
0,E_TRANSFORM_BIRTH,incumbent,216,TRANSFORM,TRANSFORM,0,1.0925512313842771,1
0,E_TRANSFORM_BIRTH,capacity-shadow,216,TRANSFORM,TRANSFORM,0,,1
0,E_TRANSFORM_BIRTH,geometry-shadow,216,TRANSFORM,TRANSFORM,0,1.4991847276687622,1
0,E_TRANSFORM_BIRTH,incumbent,217,TRANSFORM,TRANSFORM,0,1.106143355369568,1
0,E_TRANSFORM_BIRTH,capacity-shadow,217,TRANSFORM,TRANSFORM,0,,1
0,E_TRANSFORM_BIRTH,geometry-shadow,217,TRANSFORM,TRANSFORM,0,1.510539174079895,1
0,E_TRANSFORM_BIRTH,incumbent,218,TRANSFORM,TRANSFORM,0,1.103374719619751,1
0,E_TRANSFORM_BIRTH,capacity-shadow,218,TRANSFORM,TRANSFORM,0,,1
0,E_TRANSFORM_BIRTH,geometry-shadow,218,TRANSFORM,TRANSFORM,0,1.506714940071106,1
0,E_TRANSFORM_BIRTH,incumbent,219,TRANSFORM,TRANSFORM,0,1.0946866273880005,1
0,E_TRANSFORM_BIRTH,capacity-shadow,219,TRANSFORM,TRANSFORM,0,,1
0,E_TRANSFORM_BIRTH,geometry-shadow,219,TRANSFORM,TRANSFORM,0,1.4979788064956665,1
0,E_TRANSFORM_BIRTH,incumbent,220,TRANSFORM,TRANSFORM,0,1.0827624797821045,1
0,E_TRANSFORM_BIRTH,capacity-shadow,220,TRANSFORM,TRANSFORM,0,,1
0,E_TRANSFORM_BIRTH,geometry-shadow,220,TRANSFORM,TRANSFORM,0,1.4883195161819458,1
0,E_TRANSFORM_BIRTH,incumbent,221,TRANSFORM,TRANSFORM,0,1.103847861289978,1
0,E_TRANSFORM_BIRTH,capacity-shadow,221,TRANSFORM,TRANSFORM,0,,1
0,E_TRANSFORM_BIRTH,geometry-shadow,221,TRANSFORM,TRANSFORM,0,1.5088294744491575,1
0,E_TRANSFORM_BIRTH,incumbent,222,TRANSFORM,TRANSFORM,0,1.0892620086669922,1
0,E_TRANSFORM_BIRTH,capacity-shadow,222,TRANSFORM,TRANSFORM,0,,1
0,E_TRANSFORM_BIRTH,geometry-shadow,222,TRANSFORM,TRANSFORM,0,1.4924359321594238,1
0,E_TRANSFORM_BIRTH,incumbent,223,TRANSFORM,TRANSFORM,0,1.1003210544586182,1
0,E_TRANSFORM_BIRTH,capacity-shadow,223,TRANSFORM,TRANSFORM,0,,1
0,E_TRANSFORM_BIRTH,geometry-shadow,223,TRANSFORM,TRANSFORM,0,1.5051239728927612,1
0,E_TRANSFORM_BIRTH,incumbent,224,ARITH_A,ARITHMETIC,0,1.1609379053115845,1
0,E_TRANSFORM_BIRTH,capacity-shadow,224,ARITH_A,ARITHMETIC,0,,1
0,E_TRANSFORM_BIRTH,geometry-shadow,224,ARITH_A,ARITHMETIC,0,1.5846887826919556,1
0,E_TRANSFORM_BIRTH,incumbent,225,ARITH_A,ARITHMETIC,0,1.1626930236816406,1
0,E_TRANSFORM_BIRTH,capacity-shadow,225,ARITH_A,ARITHMETIC,0,,1
0,E_TRANSFORM_BIRTH,geometry-shadow,225,ARITH_A,ARITHMETIC,0,1.5898371934890747,1
0,E_TRANSFORM_BIRTH,incumbent,226,STORY,STORY,1,0.145423412322998,1
0,E_TRANSFORM_BIRTH,capacity-shadow,226,STORY,STORY,1,,1
0,E_TRANSFORM_BIRTH,geometry-shadow,226,STORY,STORY,0,0.0831166505813598,1
0,E_TRANSFORM_BIRTH,incumbent,227,TRANSFORM,TRANSFORM,0,1.1038378477096558,1
0,E_TRANSFORM_BIRTH,capacity-shadow,227,TRANSFORM,TRANSFORM,0,,1
0,E_TRANSFORM_BIRTH,geometry-shadow,227,TRANSFORM,TRANSFORM,0,1.5088616609573364,1
0,E_TRANSFORM_BIRTH,incumbent,228,TRANSFORM,TRANSFORM,0,1.100619912147522,1
0,E_TRANSFORM_BIRTH,capacity-shadow,228,TRANSFORM,TRANSFORM,0,,1
0,E_TRANSFORM_BIRTH,geometry-shadow,228,TRANSFORM,TRANSFORM,0,1.5077967643737793,1
0,E_TRANSFORM_BIRTH,incumbent,229,ARITH_A,ARITHMETIC,0,1.157525897026062,1
0,E_TRANSFORM_BIRTH,capacity-shadow,229,ARITH_A,ARITHMETIC,0,,1
0,E_TRANSFORM_BIRTH,geometry-shadow,229,ARITH_A,ARITHMETIC,0,1.5776904821395874,1
0,E_TRANSFORM_BIRTH,incumbent,230,STORY,STORY,0,0.3750897645950317,1
0,E_TRANSFORM_BIRTH,capacity-shadow,230,STORY,STORY,0,,1
0,E_TRANSFORM_BIRTH,geometry-shadow,230,STORY,STORY,0,0.846476674079895,1
0,E_TRANSFORM_BIRTH,incumbent,231,ARITH_A,ARITHMETIC,0,1.1606804132461548,1
0,E_TRANSFORM_BIRTH,capacity-shadow,231,ARITH_A,ARITHMETIC,0,,1
0,E_TRANSFORM_BIRTH,geometry-shadow,231,ARITH_A,ARITHMETIC,0,1.5845447778701782,1
0,E_TRANSFORM_BIRTH,incumbent,232,STORY,STORY,0,0.1616858839988708,1
0,E_TRANSFORM_BIRTH,capacity-shadow,232,STORY,STORY,0,,1
0,E_TRANSFORM_BIRTH,geometry-shadow,232,STORY,STORY,0,0.6248605847358704,1
0,E_TRANSFORM_BIRTH,incumbent,233,TRANSFORM,TRANSFORM,0,1.091868877410889,1
0,E_TRANSFORM_BIRTH,capacity-shadow,233,TRANSFORM,TRANSFORM,0,,1
0,E_TRANSFORM_BIRTH,geometry-shadow,233,TRANSFORM,TRANSFORM,0,1.495002269744873,1
0,E_TRANSFORM_BIRTH,incumbent,234,TRANSFORM,TRANSFORM,0,1.0932291746139526,1
0,E_TRANSFORM_BIRTH,capacity-shadow,234,TRANSFORM,TRANSFORM,0,,1
0,E_TRANSFORM_BIRTH,geometry-shadow,234,TRANSFORM,TRANSFORM,0,1.498449683189392,1
0,E_TRANSFORM_BIRTH,incumbent,235,STORY,STORY,1,0.7613306641578674,1
0,E_TRANSFORM_BIRTH,capacity-shadow,235,STORY,STORY,2,,1
0,E_TRANSFORM_BIRTH,geometry-shadow,235,STORY,STORY,1,0.429629921913147,1
0,E_TRANSFORM_BIRTH,incumbent,236,ARITH_A,ARITHMETIC,0,1.1540467739105225,1
0,E_TRANSFORM_BIRTH,capacity-shadow,236,ARITH_A,ARITHMETIC,0,,1
0,E_TRANSFORM_BIRTH,geometry-shadow,236,ARITH_A,ARITHMETIC,0,1.5760595798492432,1
0,E_TRANSFORM_BIRTH,incumbent,237,ARITH_A,ARITHMETIC,0,1.160834789276123,1
0,E_TRANSFORM_BIRTH,capacity-shadow,237,ARITH_A,ARITHMETIC,0,,1
0,E_TRANSFORM_BIRTH,geometry-shadow,237,ARITH_A,ARITHMETIC,0,1.583282470703125,1
0,E_TRANSFORM_BIRTH,incumbent,238,STORY,STORY,1,0.4162272810935974,1
0,E_TRANSFORM_BIRTH,capacity-shadow,238,STORY,STORY,1,,1
0,E_TRANSFORM_BIRTH,geometry-shadow,238,STORY,STORY,1,0.0117100477218627,1
0,E_TRANSFORM_BIRTH,incumbent,239,ARITH_A,ARITHMETIC,0,1.1618759632110596,1
0,E_TRANSFORM_BIRTH,capacity-shadow,239,ARITH_A,ARITHMETIC,0,,1
0,E_TRANSFORM_BIRTH,geometry-shadow,239,ARITH_A,ARITHMETIC,0,1.587460160255432,1
0,E_TRANSFORM_BIRTH,incumbent,240,ARITH_A,ARITHMETIC,0,1.152566909790039,1
0,E_TRANSFORM_BIRTH,capacity-shadow,240,ARITH_A,ARITHMETIC,0,,1
0,E_TRANSFORM_BIRTH,geometry-shadow,240,ARITH_A,ARITHMETIC,0,1.5674469470977783,1
0,E_TRANSFORM_BIRTH,incumbent,241,TRANSFORM,TRANSFORM,0,1.0934240818023682,1
0,E_TRANSFORM_BIRTH,capacity-shadow,241,TRANSFORM,TRANSFORM,0,,1
0,E_TRANSFORM_BIRTH,geometry-shadow,241,TRANSFORM,TRANSFORM,0,1.4990140199661257,1
0,E_TRANSFORM_BIRTH,incumbent,242,ARITH_A,ARITHMETIC,0,1.1590964794158936,1
0,E_TRANSFORM_BIRTH,capacity-shadow,242,ARITH_A,ARITHMETIC,0,,1
0,E_TRANSFORM_BIRTH,geometry-shadow,242,ARITH_A,ARITHMETIC,0,1.582068920135498,1
0,E_TRANSFORM_BIRTH,incumbent,243,TRANSFORM,TRANSFORM,0,1.0952190160751345,1
0,E_TRANSFORM_BIRTH,capacity-shadow,243,TRANSFORM,TRANSFORM,0,,1
0,E_TRANSFORM_BIRTH,geometry-shadow,243,TRANSFORM,TRANSFORM,0,1.498571753501892,1
0,E_TRANSFORM_BIRTH,incumbent,244,STORY,STORY,0,0.566638708114624,1
0,E_TRANSFORM_BIRTH,capacity-shadow,244,STORY,STORY,0,,1
0,E_TRANSFORM_BIRTH,geometry-shadow,244,STORY,STORY,0,0.9105224609375,1
0,E_TRANSFORM_BIRTH,incumbent,245,TRANSFORM,TRANSFORM,0,1.102677822113037,1
0,E_TRANSFORM_BIRTH,capacity-shadow,245,TRANSFORM,TRANSFORM,0,,1
0,E_TRANSFORM_BIRTH,geometry-shadow,245,TRANSFORM,TRANSFORM,0,1.5072766542434692,1
0,E_TRANSFORM_BIRTH,incumbent,246,ARITH_A,ARITHMETIC,0,1.1547138690948486,1
0,E_TRANSFORM_BIRTH,capacity-shadow,246,ARITH_A,ARITHMETIC,0,,1
0,E_TRANSFORM_BIRTH,geometry-shadow,246,ARITH_A,ARITHMETIC,0,1.5712178945541382,1
0,E_TRANSFORM_BIRTH,incumbent,247,TRANSFORM,TRANSFORM,0,1.1095058917999268,1
0,E_TRANSFORM_BIRTH,capacity-shadow,247,TRANSFORM,TRANSFORM,0,,1
0,E_TRANSFORM_BIRTH,geometry-shadow,247,TRANSFORM,TRANSFORM,0,1.5171866416931152,1
0,E_TRANSFORM_BIRTH,incumbent,248,ARITH_A,ARITHMETIC,0,1.151877760887146,1
0,E_TRANSFORM_BIRTH,capacity-shadow,248,ARITH_A,ARITHMETIC,0,,1
0,E_TRANSFORM_BIRTH,geometry-shadow,248,ARITH_A,ARITHMETIC,0,1.5715824365615845,1
0,E_TRANSFORM_BIRTH,incumbent,249,TRANSFORM,TRANSFORM,0,1.105547308921814,1
0,E_TRANSFORM_BIRTH,capacity-shadow,249,TRANSFORM,TRANSFORM,0,,1
0,E_TRANSFORM_BIRTH,geometry-shadow,249,TRANSFORM,TRANSFORM,0,1.5106840133666992,1
0,E_TRANSFORM_BIRTH,incumbent,250,STORY,STORY,0,0.2256966829299926,1
0,E_TRANSFORM_BIRTH,capacity-shadow,250,STORY,STORY,0,,1
0,E_TRANSFORM_BIRTH,geometry-shadow,250,STORY,STORY,0,0.6946456432342529,1
0,E_TRANSFORM_BIRTH,incumbent,251,TRANSFORM,TRANSFORM,0,1.0911204814910889,1
0,E_TRANSFORM_BIRTH,capacity-shadow,251,TRANSFORM,TRANSFORM,0,,1
0,E_TRANSFORM_BIRTH,geometry-shadow,251,TRANSFORM,TRANSFORM,0,1.493994116783142,1
0,E_TRANSFORM_BIRTH,incumbent,252,TRANSFORM,TRANSFORM,0,1.0772383213043213,1
0,E_TRANSFORM_BIRTH,capacity-shadow,252,TRANSFORM,TRANSFORM,0,,1
0,E_TRANSFORM_BIRTH,geometry-shadow,252,TRANSFORM,TRANSFORM,0,1.476875066757202,1
0,E_TRANSFORM_BIRTH,incumbent,253,ARITH_A,ARITHMETIC,0,1.1577423810958862,1
0,E_TRANSFORM_BIRTH,capacity-shadow,253,ARITH_A,ARITHMETIC,0,,1
0,E_TRANSFORM_BIRTH,geometry-shadow,253,ARITH_A,ARITHMETIC,0,1.5778950452804563,1
0,E_TRANSFORM_BIRTH,incumbent,254,TRANSFORM,TRANSFORM,0,1.0977181196212769,1
0,E_TRANSFORM_BIRTH,capacity-shadow,254,TRANSFORM,TRANSFORM,0,,1
0,E_TRANSFORM_BIRTH,geometry-shadow,254,TRANSFORM,TRANSFORM,0,1.499012112617493,1
0,E_TRANSFORM_BIRTH,incumbent,255,TRANSFORM,TRANSFORM,0,1.1104047298431396,1
0,E_TRANSFORM_BIRTH,capacity-shadow,255,TRANSFORM,TRANSFORM,0,,1
0,E_TRANSFORM_BIRTH,geometry-shadow,255,TRANSFORM,TRANSFORM,0,1.5178951025009155,1
0,E_TRANSFORM_BIRTH,incumbent,256,TRANSFORM,TRANSFORM,0,1.1028121709823608,1
0,E_TRANSFORM_BIRTH,capacity-shadow,256,TRANSFORM,TRANSFORM,0,,1
0,E_TRANSFORM_BIRTH,geometry-shadow,256,TRANSFORM,TRANSFORM,0,1.508561372756958,1
1,A_STORY_NULL,incumbent,1,STORY,STORY,0,0.0,0
1,A_STORY_NULL,capacity-shadow,1,STORY,STORY,1,,0
1,A_STORY_NULL,geometry-shadow,1,STORY,STORY,0,0.3805662393569946,0
1,A_STORY_NULL,incumbent,2,STORY,STORY,0,0.0,0
1,A_STORY_NULL,capacity-shadow,2,STORY,STORY,0,,0
1,A_STORY_NULL,geometry-shadow,2,STORY,STORY,1,0.7999135255813599,0
1,A_STORY_NULL,incumbent,3,STORY,STORY,0,0.0,0
1,A_STORY_NULL,capacity-shadow,3,STORY,STORY,1,,0
1,A_STORY_NULL,geometry-shadow,3,STORY,STORY,0,0.0091991424560546,0
1,A_STORY_NULL,incumbent,4,STORY,STORY,0,0.0,0
1,A_STORY_NULL,capacity-shadow,4,STORY,STORY,0,,0
1,A_STORY_NULL,geometry-shadow,4,STORY,STORY,1,0.0715454816818237,0
1,A_STORY_NULL,incumbent,5,STORY,STORY,0,0.0,0
1,A_STORY_NULL,capacity-shadow,5,STORY,STORY,1,,0
1,A_STORY_NULL,geometry-shadow,5,STORY,STORY,1,0.6229364275932312,0
1,A_STORY_NULL,incumbent,6,STORY,STORY,0,0.0,0
1,A_STORY_NULL,capacity-shadow,6,STORY,STORY,0,,0
1,A_STORY_NULL,geometry-shadow,6,STORY,STORY,1,0.6241697072982788,0
1,A_STORY_NULL,incumbent,7,STORY,STORY,0,0.0,0
1,A_STORY_NULL,capacity-shadow,7,STORY,STORY,1,,0
1,A_STORY_NULL,geometry-shadow,7,STORY,STORY,0,1.1740145683288574,0
1,A_STORY_NULL,incumbent,8,STORY,STORY,0,0.0,0
1,A_STORY_NULL,capacity-shadow,8,STORY,STORY,0,,0
1,A_STORY_NULL,geometry-shadow,8,STORY,STORY,1,0.6516871452331543,0
1,A_STORY_NULL,incumbent,9,STORY,STORY,0,0.0,0
1,A_STORY_NULL,capacity-shadow,9,STORY,STORY,1,,0
1,A_STORY_NULL,geometry-shadow,9,STORY,STORY,1,0.195957064628601,0
1,A_STORY_NULL,incumbent,10,STORY,STORY,0,0.0,0
1,A_STORY_NULL,capacity-shadow,10,STORY,STORY,0,,0
1,A_STORY_NULL,geometry-shadow,10,STORY,STORY,1,1.213449001312256,0
1,A_STORY_NULL,incumbent,11,STORY,STORY,0,0.0,0
1,A_STORY_NULL,capacity-shadow,11,STORY,STORY,1,,0
1,A_STORY_NULL,geometry-shadow,11,STORY,STORY,0,0.7217075824737549,0
1,A_STORY_NULL,incumbent,12,STORY,STORY,0,0.0,0
1,A_STORY_NULL,capacity-shadow,12,STORY,STORY,0,,0
1,A_STORY_NULL,geometry-shadow,12,STORY,STORY,0,0.4864861369132995,0
1,A_STORY_NULL,incumbent,13,STORY,STORY,0,0.0,0
1,A_STORY_NULL,capacity-shadow,13,STORY,STORY,1,,0
1,A_STORY_NULL,geometry-shadow,13,STORY,STORY,1,0.1214983463287353,0
1,A_STORY_NULL,incumbent,14,STORY,STORY,0,0.0,0
1,A_STORY_NULL,capacity-shadow,14,STORY,STORY,0,,0
1,A_STORY_NULL,geometry-shadow,14,STORY,STORY,0,0.3412278890609741,0
1,A_STORY_NULL,incumbent,15,STORY,STORY,0,0.0,0
1,A_STORY_NULL,capacity-shadow,15,STORY,STORY,1,,0
1,A_STORY_NULL,geometry-shadow,15,STORY,STORY,0,0.137966513633728,0
1,A_STORY_NULL,incumbent,16,STORY,STORY,0,0.0,0
1,A_STORY_NULL,capacity-shadow,16,STORY,STORY,0,,0
1,A_STORY_NULL,geometry-shadow,16,STORY,STORY,1,0.138612151145935,0
1,A_STORY_NULL,incumbent,17,STORY,STORY,0,0.0,0
1,A_STORY_NULL,capacity-shadow,17,STORY,STORY,1,,0
1,A_STORY_NULL,geometry-shadow,17,STORY,STORY,0,0.2555038928985595,0
1,A_STORY_NULL,incumbent,18,STORY,STORY,0,0.0,0
1,A_STORY_NULL,capacity-shadow,18,STORY,STORY,0,,0
1,A_STORY_NULL,geometry-shadow,18,STORY,STORY,1,0.4042989015579223,0
1,A_STORY_NULL,incumbent,19,STORY,STORY,0,0.0,0
1,A_STORY_NULL,capacity-shadow,19,STORY,STORY,1,,0
1,A_STORY_NULL,geometry-shadow,19,STORY,STORY,0,0.6007800102233887,0
1,A_STORY_NULL,incumbent,20,STORY,STORY,0,0.0,0
1,A_STORY_NULL,capacity-shadow,20,STORY,STORY,0,,0
1,A_STORY_NULL,geometry-shadow,20,STORY,STORY,0,0.0520527362823486,0
1,A_STORY_NULL,incumbent,21,STORY,STORY,0,0.0,0
1,A_STORY_NULL,capacity-shadow,21,STORY,STORY,1,,0
1,A_STORY_NULL,geometry-shadow,21,STORY,STORY,0,0.8123660087585449,0
1,A_STORY_NULL,incumbent,22,STORY,STORY,0,0.0,0
1,A_STORY_NULL,capacity-shadow,22,STORY,STORY,0,,0
1,A_STORY_NULL,geometry-shadow,22,STORY,STORY,0,0.8786500692367554,0
1,A_STORY_NULL,incumbent,23,STORY,STORY,0,0.0,0
1,A_STORY_NULL,capacity-shadow,23,STORY,STORY,1,,0
1,A_STORY_NULL,geometry-shadow,23,STORY,STORY,1,0.419137179851532,0
1,A_STORY_NULL,incumbent,24,STORY,STORY,0,0.0,0
1,A_STORY_NULL,capacity-shadow,24,STORY,STORY,0,,0
1,A_STORY_NULL,geometry-shadow,24,STORY,STORY,0,1.2028815746307373,0
1,A_STORY_NULL,incumbent,25,STORY,STORY,0,0.0,0
1,A_STORY_NULL,capacity-shadow,25,STORY,STORY,1,,0
1,A_STORY_NULL,geometry-shadow,25,STORY,STORY,0,0.0291203260421752,0
1,A_STORY_NULL,incumbent,26,STORY,STORY,0,0.0,0
1,A_STORY_NULL,capacity-shadow,26,STORY,STORY,0,,0
1,A_STORY_NULL,geometry-shadow,26,STORY,STORY,1,1.080359935760498,0
1,A_STORY_NULL,incumbent,27,STORY,STORY,0,0.0,0
1,A_STORY_NULL,capacity-shadow,27,STORY,STORY,1,,0
1,A_STORY_NULL,geometry-shadow,27,STORY,STORY,1,0.0883184671401977,0
1,A_STORY_NULL,incumbent,28,STORY,STORY,0,0.0,0
1,A_STORY_NULL,capacity-shadow,28,STORY,STORY,0,,0
1,A_STORY_NULL,geometry-shadow,28,STORY,STORY,1,0.6845688223838806,0
1,A_STORY_NULL,incumbent,29,STORY,STORY,0,0.0,0
1,A_STORY_NULL,capacity-shadow,29,STORY,STORY,1,,0
1,A_STORY_NULL,geometry-shadow,29,STORY,STORY,1,0.0973507165908813,0
1,A_STORY_NULL,incumbent,30,STORY,STORY,0,0.0,0
1,A_STORY_NULL,capacity-shadow,30,STORY,STORY,0,,0
1,A_STORY_NULL,geometry-shadow,30,STORY,STORY,1,0.7327224016189575,0
1,A_STORY_NULL,incumbent,31,STORY,STORY,0,0.0,0
1,A_STORY_NULL,capacity-shadow,31,STORY,STORY,1,,0
1,A_STORY_NULL,geometry-shadow,31,STORY,STORY,1,0.1406083106994629,0
1,A_STORY_NULL,incumbent,32,STORY,STORY,0,0.0,0
1,A_STORY_NULL,capacity-shadow,32,STORY,STORY,0,,0
1,A_STORY_NULL,geometry-shadow,32,STORY,STORY,1,1.05516254901886,0
1,A_STORY_NULL,incumbent,33,STORY,STORY,0,0.0,0
1,A_STORY_NULL,capacity-shadow,33,STORY,STORY,1,,0
1,A_STORY_NULL,geometry-shadow,33,STORY,STORY,1,0.9820746183395386,0
1,A_STORY_NULL,incumbent,34,STORY,STORY,0,0.0,0
1,A_STORY_NULL,capacity-shadow,34,STORY,STORY,0,,0
1,A_STORY_NULL,geometry-shadow,34,STORY,STORY,0,1.1269339323043823,0
1,A_STORY_NULL,incumbent,35,STORY,STORY,0,0.0,0
1,A_STORY_NULL,capacity-shadow,35,STORY,STORY,1,,0
1,A_STORY_NULL,geometry-shadow,35,STORY,STORY,1,0.252921462059021,0
1,A_STORY_NULL,incumbent,36,STORY,STORY,0,0.0,0
1,A_STORY_NULL,capacity-shadow,36,STORY,STORY,0,,0
1,A_STORY_NULL,geometry-shadow,36,STORY,STORY,0,0.5892515778541565,0
1,A_STORY_NULL,incumbent,37,STORY,STORY,0,0.0,0
1,A_STORY_NULL,capacity-shadow,37,STORY,STORY,1,,0
1,A_STORY_NULL,geometry-shadow,37,STORY,STORY,0,0.969538152217865,0
1,A_STORY_NULL,incumbent,38,STORY,STORY,0,0.0,0
1,A_STORY_NULL,capacity-shadow,38,STORY,STORY,0,,0
1,A_STORY_NULL,geometry-shadow,38,STORY,STORY,0,0.0412557125091552,0
1,A_STORY_NULL,incumbent,39,STORY,STORY,0,0.0,0
1,A_STORY_NULL,capacity-shadow,39,STORY,STORY,1,,0
1,A_STORY_NULL,geometry-shadow,39,STORY,STORY,0,0.2061845064163208,0
1,A_STORY_NULL,incumbent,40,STORY,STORY,0,0.0,0
1,A_STORY_NULL,capacity-shadow,40,STORY,STORY,0,,0
1,A_STORY_NULL,geometry-shadow,40,STORY,STORY,1,0.7331179976463318,0
1,A_STORY_NULL,incumbent,41,STORY,STORY,0,0.0,0
1,A_STORY_NULL,capacity-shadow,41,STORY,STORY,1,,0
1,A_STORY_NULL,geometry-shadow,41,STORY,STORY,0,0.4991689920425415,0
1,A_STORY_NULL,incumbent,42,STORY,STORY,0,0.0,0
1,A_STORY_NULL,capacity-shadow,42,STORY,STORY,0,,0
1,A_STORY_NULL,geometry-shadow,42,STORY,STORY,0,0.2600510120391845,0
1,A_STORY_NULL,incumbent,43,STORY,STORY,0,0.0,0
1,A_STORY_NULL,capacity-shadow,43,STORY,STORY,1,,0
1,A_STORY_NULL,geometry-shadow,43,STORY,STORY,1,0.5924479961395264,0
1,A_STORY_NULL,incumbent,44,STORY,STORY,0,0.0,0
1,A_STORY_NULL,capacity-shadow,44,STORY,STORY,0,,0
1,A_STORY_NULL,geometry-shadow,44,STORY,STORY,1,0.2623357772827148,0
1,A_STORY_NULL,incumbent,45,STORY,STORY,0,0.0,0
1,A_STORY_NULL,capacity-shadow,45,STORY,STORY,1,,0
1,A_STORY_NULL,geometry-shadow,45,STORY,STORY,1,0.3827260732650757,0
1,A_STORY_NULL,incumbent,46,STORY,STORY,0,0.0,0
1,A_STORY_NULL,capacity-shadow,46,STORY,STORY,0,,0
1,A_STORY_NULL,geometry-shadow,46,STORY,STORY,1,0.2929136753082275,0
1,A_STORY_NULL,incumbent,47,STORY,STORY,0,0.0,0
1,A_STORY_NULL,capacity-shadow,47,STORY,STORY,1,,0
1,A_STORY_NULL,geometry-shadow,47,STORY,STORY,0,0.1496460437774658,0
1,A_STORY_NULL,incumbent,48,STORY,STORY,0,0.0,0
1,A_STORY_NULL,capacity-shadow,48,STORY,STORY,0,,0
1,A_STORY_NULL,geometry-shadow,48,STORY,STORY,1,0.8053441643714905,0
1,A_STORY_NULL,incumbent,49,STORY,STORY,0,0.0,0
1,A_STORY_NULL,capacity-shadow,49,STORY,STORY,1,,0
1,A_STORY_NULL,geometry-shadow,49,STORY,STORY,1,0.5813091397285461,0
1,A_STORY_NULL,incumbent,50,STORY,STORY,0,0.0,0
1,A_STORY_NULL,capacity-shadow,50,STORY,STORY,0,,0
1,A_STORY_NULL,geometry-shadow,50,STORY,STORY,1,0.6117024421691895,0
1,A_STORY_NULL,incumbent,51,STORY,STORY,0,0.0,0
1,A_STORY_NULL,capacity-shadow,51,STORY,STORY,1,,0
1,A_STORY_NULL,geometry-shadow,51,STORY,STORY,1,0.1322499513626098,0
1,A_STORY_NULL,incumbent,52,STORY,STORY,0,0.0,0
1,A_STORY_NULL,capacity-shadow,52,STORY,STORY,0,,0
1,A_STORY_NULL,geometry-shadow,52,STORY,STORY,0,1.1744465827941897,0
1,A_STORY_NULL,incumbent,53,STORY,STORY,0,0.0,0
1,A_STORY_NULL,capacity-shadow,53,STORY,STORY,1,,0
1,A_STORY_NULL,geometry-shadow,53,STORY,STORY,1,0.899883508682251,0
1,A_STORY_NULL,incumbent,54,STORY,STORY,0,0.0,0
1,A_STORY_NULL,capacity-shadow,54,STORY,STORY,0,,0
1,A_STORY_NULL,geometry-shadow,54,STORY,STORY,0,1.2742677927017212,0
1,A_STORY_NULL,incumbent,55,STORY,STORY,0,0.0,0
1,A_STORY_NULL,capacity-shadow,55,STORY,STORY,1,,0
1,A_STORY_NULL,geometry-shadow,55,STORY,STORY,0,0.4872882962226867,0
1,A_STORY_NULL,incumbent,56,STORY,STORY,0,0.0,0
1,A_STORY_NULL,capacity-shadow,56,STORY,STORY,0,,0
1,A_STORY_NULL,geometry-shadow,56,STORY,STORY,0,0.6882154941558838,0
1,A_STORY_NULL,incumbent,57,STORY,STORY,0,0.0,0
1,A_STORY_NULL,capacity-shadow,57,STORY,STORY,1,,0
1,A_STORY_NULL,geometry-shadow,57,STORY,STORY,1,0.0222799777984619,0
1,A_STORY_NULL,incumbent,58,STORY,STORY,0,0.0,0
1,A_STORY_NULL,capacity-shadow,58,STORY,STORY,0,,0
1,A_STORY_NULL,geometry-shadow,58,STORY,STORY,1,0.0455754995346069,0
1,A_STORY_NULL,incumbent,59,STORY,STORY,0,0.0,0
1,A_STORY_NULL,capacity-shadow,59,STORY,STORY,1,,0
1,A_STORY_NULL,geometry-shadow,59,STORY,STORY,1,0.1821720600128173,0
1,A_STORY_NULL,incumbent,60,STORY,STORY,0,0.0,0
1,A_STORY_NULL,capacity-shadow,60,STORY,STORY,0,,0
1,A_STORY_NULL,geometry-shadow,60,STORY,STORY,0,0.7612388134002686,0
1,A_STORY_NULL,incumbent,61,STORY,STORY,0,0.0,0
1,A_STORY_NULL,capacity-shadow,61,STORY,STORY,1,,0
1,A_STORY_NULL,geometry-shadow,61,STORY,STORY,0,0.9331743121147156,0
1,A_STORY_NULL,incumbent,62,STORY,STORY,0,0.0,0
1,A_STORY_NULL,capacity-shadow,62,STORY,STORY,0,,0
1,A_STORY_NULL,geometry-shadow,62,STORY,STORY,0,0.5502405166625977,0
1,A_STORY_NULL,incumbent,63,STORY,STORY,0,0.0,0
1,A_STORY_NULL,capacity-shadow,63,STORY,STORY,1,,0
1,A_STORY_NULL,geometry-shadow,63,STORY,STORY,1,0.5398532152175903,0
1,A_STORY_NULL,incumbent,64,STORY,STORY,0,0.0,0
1,A_STORY_NULL,capacity-shadow,64,STORY,STORY,0,,0
1,A_STORY_NULL,geometry-shadow,64,STORY,STORY,1,0.8478630185127258,0
1,A_STORY_NULL,incumbent,65,STORY,STORY,0,0.0,0
1,A_STORY_NULL,capacity-shadow,65,STORY,STORY,1,,0
1,A_STORY_NULL,geometry-shadow,65,STORY,STORY,0,0.5872263312339783,0
1,A_STORY_NULL,incumbent,66,STORY,STORY,0,0.0,0
1,A_STORY_NULL,capacity-shadow,66,STORY,STORY,0,,0
1,A_STORY_NULL,geometry-shadow,66,STORY,STORY,1,0.4824885129928589,0
1,A_STORY_NULL,incumbent,67,STORY,STORY,0,0.0,0
1,A_STORY_NULL,capacity-shadow,67,STORY,STORY,1,,0
1,A_STORY_NULL,geometry-shadow,67,STORY,STORY,0,1.0255471467971802,0
1,A_STORY_NULL,incumbent,68,STORY,STORY,0,0.0,0
1,A_STORY_NULL,capacity-shadow,68,STORY,STORY,0,,0
1,A_STORY_NULL,geometry-shadow,68,STORY,STORY,0,0.5037235021591187,0
1,A_STORY_NULL,incumbent,69,STORY,STORY,0,0.0,0
1,A_STORY_NULL,capacity-shadow,69,STORY,STORY,1,,0
1,A_STORY_NULL,geometry-shadow,69,STORY,STORY,0,0.9515210390090942,0
1,A_STORY_NULL,incumbent,70,STORY,STORY,0,0.0,0
1,A_STORY_NULL,capacity-shadow,70,STORY,STORY,0,,0
1,A_STORY_NULL,geometry-shadow,70,STORY,STORY,1,0.5108228921890259,0
1,A_STORY_NULL,incumbent,71,STORY,STORY,0,0.0,0
1,A_STORY_NULL,capacity-shadow,71,STORY,STORY,1,,0
1,A_STORY_NULL,geometry-shadow,71,STORY,STORY,1,0.8053698539733887,0
1,A_STORY_NULL,incumbent,72,STORY,STORY,0,0.0,0
1,A_STORY_NULL,capacity-shadow,72,STORY,STORY,0,,0
1,A_STORY_NULL,geometry-shadow,72,STORY,STORY,0,0.7612472176551819,0
1,A_STORY_NULL,incumbent,73,STORY,STORY,0,0.0,0
1,A_STORY_NULL,capacity-shadow,73,STORY,STORY,1,,0
1,A_STORY_NULL,geometry-shadow,73,STORY,STORY,1,0.1644247770309448,0
1,A_STORY_NULL,incumbent,74,STORY,STORY,0,0.0,0
1,A_STORY_NULL,capacity-shadow,74,STORY,STORY,0,,0
1,A_STORY_NULL,geometry-shadow,74,STORY,STORY,0,0.4535526037216186,0
1,A_STORY_NULL,incumbent,75,STORY,STORY,0,0.0,0
1,A_STORY_NULL,capacity-shadow,75,STORY,STORY,1,,0
1,A_STORY_NULL,geometry-shadow,75,STORY,STORY,0,0.4879161119461059,0
1,A_STORY_NULL,incumbent,76,STORY,STORY,0,0.0,0
1,A_STORY_NULL,capacity-shadow,76,STORY,STORY,0,,0
1,A_STORY_NULL,geometry-shadow,76,STORY,STORY,0,0.0421184301376342,0
1,A_STORY_NULL,incumbent,77,STORY,STORY,0,0.0,0
1,A_STORY_NULL,capacity-shadow,77,STORY,STORY,1,,0
1,A_STORY_NULL,geometry-shadow,77,STORY,STORY,1,0.5965023636817932,0
1,A_STORY_NULL,incumbent,78,STORY,STORY,0,0.0,0
1,A_STORY_NULL,capacity-shadow,78,STORY,STORY,0,,0
1,A_STORY_NULL,geometry-shadow,78,STORY,STORY,1,1.1115354299545288,0
1,A_STORY_NULL,incumbent,79,STORY,STORY,0,0.0,0
1,A_STORY_NULL,capacity-shadow,79,STORY,STORY,1,,0
1,A_STORY_NULL,geometry-shadow,79,STORY,STORY,0,0.0930676460266113,0
1,A_STORY_NULL,incumbent,80,STORY,STORY,0,0.0,0
1,A_STORY_NULL,capacity-shadow,80,STORY,STORY,0,,0
1,A_STORY_NULL,geometry-shadow,80,STORY,STORY,1,0.4049806594848633,0
1,A_STORY_NULL,incumbent,81,STORY,STORY,0,0.0,0
1,A_STORY_NULL,capacity-shadow,81,STORY,STORY,1,,0
1,A_STORY_NULL,geometry-shadow,81,STORY,STORY,0,0.8605436682701111,0
1,A_STORY_NULL,incumbent,82,STORY,STORY,0,0.0,0
1,A_STORY_NULL,capacity-shadow,82,STORY,STORY,0,,0
1,A_STORY_NULL,geometry-shadow,82,STORY,STORY,0,0.464415967464447,0
1,A_STORY_NULL,incumbent,83,STORY,STORY,0,0.0,0
1,A_STORY_NULL,capacity-shadow,83,STORY,STORY,1,,0
1,A_STORY_NULL,geometry-shadow,83,STORY,STORY,0,0.8831066489219666,0
1,A_STORY_NULL,incumbent,84,STORY,STORY,0,0.0,0
1,A_STORY_NULL,capacity-shadow,84,STORY,STORY,0,,0
1,A_STORY_NULL,geometry-shadow,84,STORY,STORY,0,1.0123521089553833,0
1,A_STORY_NULL,incumbent,85,STORY,STORY,0,0.0,0
1,A_STORY_NULL,capacity-shadow,85,STORY,STORY,1,,0
1,A_STORY_NULL,geometry-shadow,85,STORY,STORY,1,0.2624800205230713,0
1,A_STORY_NULL,incumbent,86,STORY,STORY,0,0.0,0
1,A_STORY_NULL,capacity-shadow,86,STORY,STORY,0,,0
1,A_STORY_NULL,geometry-shadow,86,STORY,STORY,1,0.5958600044250488,0
1,A_STORY_NULL,incumbent,87,STORY,STORY,0,0.0,0
1,A_STORY_NULL,capacity-shadow,87,STORY,STORY,1,,0
1,A_STORY_NULL,geometry-shadow,87,STORY,STORY,1,0.5423055291175842,0
1,A_STORY_NULL,incumbent,88,STORY,STORY,0,0.0,0
1,A_STORY_NULL,capacity-shadow,88,STORY,STORY,0,,0
1,A_STORY_NULL,geometry-shadow,88,STORY,STORY,0,0.8696133494377136,0
1,A_STORY_NULL,incumbent,89,STORY,STORY,0,0.0,0
1,A_STORY_NULL,capacity-shadow,89,STORY,STORY,1,,0
1,A_STORY_NULL,geometry-shadow,89,STORY,STORY,0,0.613787829875946,0
1,A_STORY_NULL,incumbent,90,STORY,STORY,0,0.0,0
1,A_STORY_NULL,capacity-shadow,90,STORY,STORY,0,,0
1,A_STORY_NULL,geometry-shadow,90,STORY,STORY,0,0.7467848658561707,0
1,A_STORY_NULL,incumbent,91,STORY,STORY,0,0.0,0
1,A_STORY_NULL,capacity-shadow,91,STORY,STORY,1,,0
1,A_STORY_NULL,geometry-shadow,91,STORY,STORY,0,0.8989824056625366,0
1,A_STORY_NULL,incumbent,92,STORY,STORY,0,0.0,0
1,A_STORY_NULL,capacity-shadow,92,STORY,STORY,0,,0
1,A_STORY_NULL,geometry-shadow,92,STORY,STORY,0,0.9752300977706908,0
1,A_STORY_NULL,incumbent,93,STORY,STORY,0,0.0,0
1,A_STORY_NULL,capacity-shadow,93,STORY,STORY,1,,0
1,A_STORY_NULL,geometry-shadow,93,STORY,STORY,1,0.9251261949539183,0
1,A_STORY_NULL,incumbent,94,STORY,STORY,0,0.0,0
1,A_STORY_NULL,capacity-shadow,94,STORY,STORY,0,,0
1,A_STORY_NULL,geometry-shadow,94,STORY,STORY,1,1.0709192752838137,0
1,A_STORY_NULL,incumbent,95,STORY,STORY,0,0.0,0
1,A_STORY_NULL,capacity-shadow,95,STORY,STORY,1,,0
1,A_STORY_NULL,geometry-shadow,95,STORY,STORY,1,1.173811674118042,0
1,A_STORY_NULL,incumbent,96,STORY,STORY,0,0.0,0
1,A_STORY_NULL,capacity-shadow,96,STORY,STORY,0,,0
1,A_STORY_NULL,geometry-shadow,96,STORY,STORY,1,0.4225987195968628,0
1,A_STORY_NULL,incumbent,97,STORY,STORY,0,0.0,0
1,A_STORY_NULL,capacity-shadow,97,STORY,STORY,1,,0
1,A_STORY_NULL,geometry-shadow,97,STORY,STORY,0,1.1975606679916382,0
1,A_STORY_NULL,incumbent,98,STORY,STORY,0,0.0,0
1,A_STORY_NULL,capacity-shadow,98,STORY,STORY,0,,0
1,A_STORY_NULL,geometry-shadow,98,STORY,STORY,1,1.167834758758545,0
1,A_STORY_NULL,incumbent,99,STORY,STORY,0,0.0,0
1,A_STORY_NULL,capacity-shadow,99,STORY,STORY,1,,0
1,A_STORY_NULL,geometry-shadow,99,STORY,STORY,1,0.1854361295700073,0
1,A_STORY_NULL,incumbent,100,STORY,STORY,0,0.0,0
1,A_STORY_NULL,capacity-shadow,100,STORY,STORY,0,,0
1,A_STORY_NULL,geometry-shadow,100,STORY,STORY,0,0.396854817867279,0
1,A_STORY_NULL,incumbent,101,STORY,STORY,0,0.0,0
1,A_STORY_NULL,capacity-shadow,101,STORY,STORY,1,,0
1,A_STORY_NULL,geometry-shadow,101,STORY,STORY,1,0.0589761734008789,0
1,A_STORY_NULL,incumbent,102,STORY,STORY,0,0.0,0
1,A_STORY_NULL,capacity-shadow,102,STORY,STORY,0,,0
1,A_STORY_NULL,geometry-shadow,102,STORY,STORY,1,0.3783606290817261,0
1,A_STORY_NULL,incumbent,103,STORY,STORY,0,0.0,0
1,A_STORY_NULL,capacity-shadow,103,STORY,STORY,1,,0
1,A_STORY_NULL,geometry-shadow,103,STORY,STORY,1,0.4626941084861755,0
1,A_STORY_NULL,incumbent,104,STORY,STORY,0,0.0,0
1,A_STORY_NULL,capacity-shadow,104,STORY,STORY,0,,0
1,A_STORY_NULL,geometry-shadow,104,STORY,STORY,1,0.5785638093948364,0
1,A_STORY_NULL,incumbent,105,STORY,STORY,0,0.0,0
1,A_STORY_NULL,capacity-shadow,105,STORY,STORY,1,,0
1,A_STORY_NULL,geometry-shadow,105,STORY,STORY,1,0.3439639210700989,0
1,A_STORY_NULL,incumbent,106,STORY,STORY,0,0.0,0
1,A_STORY_NULL,capacity-shadow,106,STORY,STORY,0,,0
1,A_STORY_NULL,geometry-shadow,106,STORY,STORY,1,0.0139909982681274,0
1,A_STORY_NULL,incumbent,107,STORY,STORY,0,0.0,0
1,A_STORY_NULL,capacity-shadow,107,STORY,STORY,1,,0
1,A_STORY_NULL,geometry-shadow,107,STORY,STORY,0,0.1842650175094604,0
1,A_STORY_NULL,incumbent,108,STORY,STORY,0,0.0,0
1,A_STORY_NULL,capacity-shadow,108,STORY,STORY,0,,0
1,A_STORY_NULL,geometry-shadow,108,STORY,STORY,1,0.0806124210357666,0
1,A_STORY_NULL,incumbent,109,STORY,STORY,0,0.0,0
1,A_STORY_NULL,capacity-shadow,109,STORY,STORY,1,,0
1,A_STORY_NULL,geometry-shadow,109,STORY,STORY,1,0.838930606842041,0
1,A_STORY_NULL,incumbent,110,STORY,STORY,0,0.0,0
1,A_STORY_NULL,capacity-shadow,110,STORY,STORY,0,,0
1,A_STORY_NULL,geometry-shadow,110,STORY,STORY,0,0.4565543532371521,0
1,A_STORY_NULL,incumbent,111,STORY,STORY,0,0.0,0
1,A_STORY_NULL,capacity-shadow,111,STORY,STORY,1,,0
1,A_STORY_NULL,geometry-shadow,111,STORY,STORY,0,0.5347743034362793,0
1,A_STORY_NULL,incumbent,112,STORY,STORY,0,0.0,0
1,A_STORY_NULL,capacity-shadow,112,STORY,STORY,0,,0
1,A_STORY_NULL,geometry-shadow,112,STORY,STORY,0,0.0937316417694091,0
1,A_STORY_NULL,incumbent,113,STORY,STORY,0,0.0,0
1,A_STORY_NULL,capacity-shadow,113,STORY,STORY,1,,0
1,A_STORY_NULL,geometry-shadow,113,STORY,STORY,1,0.280130386352539,0
1,A_STORY_NULL,incumbent,114,STORY,STORY,0,0.0,0
1,A_STORY_NULL,capacity-shadow,114,STORY,STORY,0,,0
1,A_STORY_NULL,geometry-shadow,114,STORY,STORY,0,0.9350488185882568,0
1,A_STORY_NULL,incumbent,115,STORY,STORY,0,0.0,0
1,A_STORY_NULL,capacity-shadow,115,STORY,STORY,1,,0
1,A_STORY_NULL,geometry-shadow,115,STORY,STORY,0,0.2998927235603332,0
1,A_STORY_NULL,incumbent,116,STORY,STORY,0,0.0,0
1,A_STORY_NULL,capacity-shadow,116,STORY,STORY,0,,0
1,A_STORY_NULL,geometry-shadow,116,STORY,STORY,0,0.8877398371696472,0
1,A_STORY_NULL,incumbent,117,STORY,STORY,0,0.0,0
1,A_STORY_NULL,capacity-shadow,117,STORY,STORY,1,,0
1,A_STORY_NULL,geometry-shadow,117,STORY,STORY,1,0.7780435681343079,0
1,A_STORY_NULL,incumbent,118,STORY,STORY,0,0.0,0
1,A_STORY_NULL,capacity-shadow,118,STORY,STORY,0,,0
1,A_STORY_NULL,geometry-shadow,118,STORY,STORY,1,0.0399789810180664,0
1,A_STORY_NULL,incumbent,119,STORY,STORY,0,0.0,0
1,A_STORY_NULL,capacity-shadow,119,STORY,STORY,1,,0
1,A_STORY_NULL,geometry-shadow,119,STORY,STORY,0,0.0851283073425293,0
1,A_STORY_NULL,incumbent,120,STORY,STORY,0,0.0,0
1,A_STORY_NULL,capacity-shadow,120,STORY,STORY,0,,0
1,A_STORY_NULL,geometry-shadow,120,STORY,STORY,1,0.5716731548309326,0
1,A_STORY_NULL,incumbent,121,STORY,STORY,0,0.0,0
1,A_STORY_NULL,capacity-shadow,121,STORY,STORY,1,,0
1,A_STORY_NULL,geometry-shadow,121,STORY,STORY,1,0.2275093793869018,0
1,A_STORY_NULL,incumbent,122,STORY,STORY,0,0.0,0
1,A_STORY_NULL,capacity-shadow,122,STORY,STORY,0,,0
1,A_STORY_NULL,geometry-shadow,122,STORY,STORY,0,0.9986523389816284,0
1,A_STORY_NULL,incumbent,123,STORY,STORY,0,0.0,0
1,A_STORY_NULL,capacity-shadow,123,STORY,STORY,1,,0
1,A_STORY_NULL,geometry-shadow,123,STORY,STORY,1,0.9312220215797424,0
1,A_STORY_NULL,incumbent,124,STORY,STORY,0,0.0,0
1,A_STORY_NULL,capacity-shadow,124,STORY,STORY,0,,0
1,A_STORY_NULL,geometry-shadow,124,STORY,STORY,0,0.1403305530548095,0
1,A_STORY_NULL,incumbent,125,STORY,STORY,0,0.0,0
1,A_STORY_NULL,capacity-shadow,125,STORY,STORY,1,,0
1,A_STORY_NULL,geometry-shadow,125,STORY,STORY,1,0.5415366291999817,0
1,A_STORY_NULL,incumbent,126,STORY,STORY,0,0.0,0
1,A_STORY_NULL,capacity-shadow,126,STORY,STORY,0,,0
1,A_STORY_NULL,geometry-shadow,126,STORY,STORY,0,1.238539457321167,0
1,A_STORY_NULL,incumbent,127,STORY,STORY,0,0.0,0
1,A_STORY_NULL,capacity-shadow,127,STORY,STORY,1,,0
1,A_STORY_NULL,geometry-shadow,127,STORY,STORY,1,0.228556752204895,0
1,A_STORY_NULL,incumbent,128,STORY,STORY,0,0.0,0
1,A_STORY_NULL,capacity-shadow,128,STORY,STORY,0,,0
1,A_STORY_NULL,geometry-shadow,128,STORY,STORY,1,0.3718352317810058,0
1,A_STORY_NULL,incumbent,129,STORY,STORY,0,0.0,0
1,A_STORY_NULL,capacity-shadow,129,STORY,STORY,1,,0
1,A_STORY_NULL,geometry-shadow,129,STORY,STORY,0,0.006317138671875,0
1,A_STORY_NULL,incumbent,130,STORY,STORY,0,0.0,0
1,A_STORY_NULL,capacity-shadow,130,STORY,STORY,0,,0
1,A_STORY_NULL,geometry-shadow,130,STORY,STORY,0,0.4934966564178467,0
1,A_STORY_NULL,incumbent,131,STORY,STORY,0,0.0,0
1,A_STORY_NULL,capacity-shadow,131,STORY,STORY,1,,0
1,A_STORY_NULL,geometry-shadow,131,STORY,STORY,0,0.0572510957717895,0
1,A_STORY_NULL,incumbent,132,STORY,STORY,0,0.0,0
1,A_STORY_NULL,capacity-shadow,132,STORY,STORY,0,,0
1,A_STORY_NULL,geometry-shadow,132,STORY,STORY,1,0.755974292755127,0
1,A_STORY_NULL,incumbent,133,STORY,STORY,0,0.0,0
1,A_STORY_NULL,capacity-shadow,133,STORY,STORY,1,,0
1,A_STORY_NULL,geometry-shadow,133,STORY,STORY,1,1.293126106262207,0
1,A_STORY_NULL,incumbent,134,STORY,STORY,0,0.0,0
1,A_STORY_NULL,capacity-shadow,134,STORY,STORY,0,,0
1,A_STORY_NULL,geometry-shadow,134,STORY,STORY,0,0.8012537956237793,0
1,A_STORY_NULL,incumbent,135,STORY,STORY,0,0.0,0
1,A_STORY_NULL,capacity-shadow,135,STORY,STORY,1,,0
1,A_STORY_NULL,geometry-shadow,135,STORY,STORY,0,0.8257866501808167,0
1,A_STORY_NULL,incumbent,136,STORY,STORY,0,0.0,0
1,A_STORY_NULL,capacity-shadow,136,STORY,STORY,0,,0
1,A_STORY_NULL,geometry-shadow,136,STORY,STORY,0,0.94859379529953,0
1,A_STORY_NULL,incumbent,137,STORY,STORY,0,0.0,0
1,A_STORY_NULL,capacity-shadow,137,STORY,STORY,1,,0
1,A_STORY_NULL,geometry-shadow,137,STORY,STORY,0,0.5713276267051697,0
1,A_STORY_NULL,incumbent,138,STORY,STORY,0,0.0,0
1,A_STORY_NULL,capacity-shadow,138,STORY,STORY,0,,0
1,A_STORY_NULL,geometry-shadow,138,STORY,STORY,1,0.5407429933547974,0
1,A_STORY_NULL,incumbent,139,STORY,STORY,0,0.0,0
1,A_STORY_NULL,capacity-shadow,139,STORY,STORY,1,,0
1,A_STORY_NULL,geometry-shadow,139,STORY,STORY,1,1.309347152709961,0
1,A_STORY_NULL,incumbent,140,STORY,STORY,0,0.0,0
1,A_STORY_NULL,capacity-shadow,140,STORY,STORY,0,,0
1,A_STORY_NULL,geometry-shadow,140,STORY,STORY,0,1.2369455099105835,0
1,A_STORY_NULL,incumbent,141,STORY,STORY,0,0.0,0
1,A_STORY_NULL,capacity-shadow,141,STORY,STORY,1,,0
1,A_STORY_NULL,geometry-shadow,141,STORY,STORY,1,0.6795404553413391,0
1,A_STORY_NULL,incumbent,142,STORY,STORY,0,0.0,0
1,A_STORY_NULL,capacity-shadow,142,STORY,STORY,0,,0
1,A_STORY_NULL,geometry-shadow,142,STORY,STORY,1,0.3241342306137085,0
1,A_STORY_NULL,incumbent,143,STORY,STORY,0,0.0,0
1,A_STORY_NULL,capacity-shadow,143,STORY,STORY,1,,0
1,A_STORY_NULL,geometry-shadow,143,STORY,STORY,1,1.0711748600006104,0
1,A_STORY_NULL,incumbent,144,STORY,STORY,0,0.0,0
1,A_STORY_NULL,capacity-shadow,144,STORY,STORY,0,,0
1,A_STORY_NULL,geometry-shadow,144,STORY,STORY,0,0.0230771303176879,0
1,A_STORY_NULL,incumbent,145,STORY,STORY,0,0.0,0
1,A_STORY_NULL,capacity-shadow,145,STORY,STORY,1,,0
1,A_STORY_NULL,geometry-shadow,145,STORY,STORY,1,0.1679029464721679,0
1,A_STORY_NULL,incumbent,146,STORY,STORY,0,0.0,0
1,A_STORY_NULL,capacity-shadow,146,STORY,STORY,0,,0
1,A_STORY_NULL,geometry-shadow,146,STORY,STORY,0,0.2078074216842651,0
1,A_STORY_NULL,incumbent,147,STORY,STORY,0,0.0,0
1,A_STORY_NULL,capacity-shadow,147,STORY,STORY,1,,0
1,A_STORY_NULL,geometry-shadow,147,STORY,STORY,1,0.752978503704071,0
1,A_STORY_NULL,incumbent,148,STORY,STORY,0,0.0,0
1,A_STORY_NULL,capacity-shadow,148,STORY,STORY,0,,0
1,A_STORY_NULL,geometry-shadow,148,STORY,STORY,0,1.0283446311950684,0
1,A_STORY_NULL,incumbent,149,STORY,STORY,0,0.0,0
1,A_STORY_NULL,capacity-shadow,149,STORY,STORY,1,,0
1,A_STORY_NULL,geometry-shadow,149,STORY,STORY,0,0.9351540207862854,0
1,A_STORY_NULL,incumbent,150,STORY,STORY,0,0.0,0
1,A_STORY_NULL,capacity-shadow,150,STORY,STORY,0,,0
1,A_STORY_NULL,geometry-shadow,150,STORY,STORY,0,0.0894240140914917,0
1,A_STORY_NULL,incumbent,151,STORY,STORY,0,0.0,0
1,A_STORY_NULL,capacity-shadow,151,STORY,STORY,1,,0
1,A_STORY_NULL,geometry-shadow,151,STORY,STORY,0,0.4670644402503967,0
1,A_STORY_NULL,incumbent,152,STORY,STORY,0,0.0,0
1,A_STORY_NULL,capacity-shadow,152,STORY,STORY,0,,0
1,A_STORY_NULL,geometry-shadow,152,STORY,STORY,1,0.8412678241729736,0
1,A_STORY_NULL,incumbent,153,STORY,STORY,0,0.0,0
1,A_STORY_NULL,capacity-shadow,153,STORY,STORY,1,,0
1,A_STORY_NULL,geometry-shadow,153,STORY,STORY,0,0.9765002131462096,0
1,A_STORY_NULL,incumbent,154,STORY,STORY,0,0.0,0
1,A_STORY_NULL,capacity-shadow,154,STORY,STORY,0,,0
1,A_STORY_NULL,geometry-shadow,154,STORY,STORY,1,0.5528109669685364,0
1,A_STORY_NULL,incumbent,155,STORY,STORY,0,0.0,0
1,A_STORY_NULL,capacity-shadow,155,STORY,STORY,1,,0
1,A_STORY_NULL,geometry-shadow,155,STORY,STORY,0,1.174630880355835,0
1,A_STORY_NULL,incumbent,156,STORY,STORY,0,0.0,0
1,A_STORY_NULL,capacity-shadow,156,STORY,STORY,0,,0
1,A_STORY_NULL,geometry-shadow,156,STORY,STORY,1,1.1292455196380615,0
1,A_STORY_NULL,incumbent,157,STORY,STORY,0,0.0,0
1,A_STORY_NULL,capacity-shadow,157,STORY,STORY,1,,0
1,A_STORY_NULL,geometry-shadow,157,STORY,STORY,1,0.757058322429657,0
1,A_STORY_NULL,incumbent,158,STORY,STORY,0,0.0,0
1,A_STORY_NULL,capacity-shadow,158,STORY,STORY,0,,0
1,A_STORY_NULL,geometry-shadow,158,STORY,STORY,0,1.0920302867889404,0
1,A_STORY_NULL,incumbent,159,STORY,STORY,0,0.0,0
1,A_STORY_NULL,capacity-shadow,159,STORY,STORY,1,,0
1,A_STORY_NULL,geometry-shadow,159,STORY,STORY,1,0.6332572102546692,0
1,A_STORY_NULL,incumbent,160,STORY,STORY,0,0.0,0
1,A_STORY_NULL,capacity-shadow,160,STORY,STORY,0,,0
1,A_STORY_NULL,geometry-shadow,160,STORY,STORY,0,0.1462504863739013,0
1,A_STORY_NULL,incumbent,161,STORY,STORY,0,0.0,0
1,A_STORY_NULL,capacity-shadow,161,STORY,STORY,1,,0
1,A_STORY_NULL,geometry-shadow,161,STORY,STORY,0,1.1418873071670532,0
1,A_STORY_NULL,incumbent,162,STORY,STORY,0,0.0,0
1,A_STORY_NULL,capacity-shadow,162,STORY,STORY,0,,0
1,A_STORY_NULL,geometry-shadow,162,STORY,STORY,0,0.9080659747123718,0
1,A_STORY_NULL,incumbent,163,STORY,STORY,0,0.0,0
1,A_STORY_NULL,capacity-shadow,163,STORY,STORY,1,,0
1,A_STORY_NULL,geometry-shadow,163,STORY,STORY,0,1.132673263549805,0
1,A_STORY_NULL,incumbent,164,STORY,STORY,0,0.0,0
1,A_STORY_NULL,capacity-shadow,164,STORY,STORY,0,,0
1,A_STORY_NULL,geometry-shadow,164,STORY,STORY,1,0.1376298666000366,0
1,A_STORY_NULL,incumbent,165,STORY,STORY,0,0.0,0
1,A_STORY_NULL,capacity-shadow,165,STORY,STORY,1,,0
1,A_STORY_NULL,geometry-shadow,165,STORY,STORY,1,0.5670174956321716,0
1,A_STORY_NULL,incumbent,166,STORY,STORY,0,0.0,0
1,A_STORY_NULL,capacity-shadow,166,STORY,STORY,0,,0
1,A_STORY_NULL,geometry-shadow,166,STORY,STORY,1,1.2797844409942627,0
1,A_STORY_NULL,incumbent,167,STORY,STORY,0,0.0,0
1,A_STORY_NULL,capacity-shadow,167,STORY,STORY,1,,0
1,A_STORY_NULL,geometry-shadow,167,STORY,STORY,1,0.1955574750900268,0
1,A_STORY_NULL,incumbent,168,STORY,STORY,0,0.0,0
1,A_STORY_NULL,capacity-shadow,168,STORY,STORY,0,,0
1,A_STORY_NULL,geometry-shadow,168,STORY,STORY,1,0.9050989151000975,0
1,A_STORY_NULL,incumbent,169,STORY,STORY,0,0.0,0
1,A_STORY_NULL,capacity-shadow,169,STORY,STORY,1,,0
1,A_STORY_NULL,geometry-shadow,169,STORY,STORY,1,0.7393004298210144,0
1,A_STORY_NULL,incumbent,170,STORY,STORY,0,0.0,0
1,A_STORY_NULL,capacity-shadow,170,STORY,STORY,0,,0
1,A_STORY_NULL,geometry-shadow,170,STORY,STORY,0,1.0761679410934448,0
1,A_STORY_NULL,incumbent,171,STORY,STORY,0,0.0,0
1,A_STORY_NULL,capacity-shadow,171,STORY,STORY,1,,0
1,A_STORY_NULL,geometry-shadow,171,STORY,STORY,1,0.9535458087921144,0
1,A_STORY_NULL,incumbent,172,STORY,STORY,0,0.0,0
1,A_STORY_NULL,capacity-shadow,172,STORY,STORY,0,,0
1,A_STORY_NULL,geometry-shadow,172,STORY,STORY,0,0.0100595951080322,0
1,A_STORY_NULL,incumbent,173,STORY,STORY,0,0.0,0
1,A_STORY_NULL,capacity-shadow,173,STORY,STORY,1,,0
1,A_STORY_NULL,geometry-shadow,173,STORY,STORY,1,0.6298606991767883,0
1,A_STORY_NULL,incumbent,174,STORY,STORY,0,0.0,0
1,A_STORY_NULL,capacity-shadow,174,STORY,STORY,0,,0
1,A_STORY_NULL,geometry-shadow,174,STORY,STORY,0,0.9591799974441528,0
1,A_STORY_NULL,incumbent,175,STORY,STORY,0,0.0,0
1,A_STORY_NULL,capacity-shadow,175,STORY,STORY,1,,0
1,A_STORY_NULL,geometry-shadow,175,STORY,STORY,0,0.3613717555999756,0
1,A_STORY_NULL,incumbent,176,STORY,STORY,0,0.0,0
1,A_STORY_NULL,capacity-shadow,176,STORY,STORY,0,,0
1,A_STORY_NULL,geometry-shadow,176,STORY,STORY,1,0.2647451162338257,0
1,A_STORY_NULL,incumbent,177,STORY,STORY,0,0.0,0
1,A_STORY_NULL,capacity-shadow,177,STORY,STORY,1,,0
1,A_STORY_NULL,geometry-shadow,177,STORY,STORY,1,0.4588816165924072,0
1,A_STORY_NULL,incumbent,178,STORY,STORY,0,0.0,0
1,A_STORY_NULL,capacity-shadow,178,STORY,STORY,0,,0
1,A_STORY_NULL,geometry-shadow,178,STORY,STORY,0,0.6258825063705444,0
1,A_STORY_NULL,incumbent,179,STORY,STORY,0,0.0,0
1,A_STORY_NULL,capacity-shadow,179,STORY,STORY,1,,0
1,A_STORY_NULL,geometry-shadow,179,STORY,STORY,1,0.3909769058227539,0
1,A_STORY_NULL,incumbent,180,STORY,STORY,0,0.0,0
1,A_STORY_NULL,capacity-shadow,180,STORY,STORY,0,,0
1,A_STORY_NULL,geometry-shadow,180,STORY,STORY,1,1.045359492301941,0
1,A_STORY_NULL,incumbent,181,STORY,STORY,0,0.0,0
1,A_STORY_NULL,capacity-shadow,181,STORY,STORY,1,,0
1,A_STORY_NULL,geometry-shadow,181,STORY,STORY,0,0.4908746480941772,0
1,A_STORY_NULL,incumbent,182,STORY,STORY,0,0.0,0
1,A_STORY_NULL,capacity-shadow,182,STORY,STORY,0,,0
1,A_STORY_NULL,geometry-shadow,182,STORY,STORY,0,0.2066160440444946,0
1,A_STORY_NULL,incumbent,183,STORY,STORY,0,0.0,0
1,A_STORY_NULL,capacity-shadow,183,STORY,STORY,1,,0
1,A_STORY_NULL,geometry-shadow,183,STORY,STORY,0,1.292471170425415,0
1,A_STORY_NULL,incumbent,184,STORY,STORY,0,0.0,0
1,A_STORY_NULL,capacity-shadow,184,STORY,STORY,0,,0
1,A_STORY_NULL,geometry-shadow,184,STORY,STORY,1,0.8764756917953491,0
1,A_STORY_NULL,incumbent,185,STORY,STORY,0,0.0,0
1,A_STORY_NULL,capacity-shadow,185,STORY,STORY,1,,0
1,A_STORY_NULL,geometry-shadow,185,STORY,STORY,0,0.2259132862091064,0
1,A_STORY_NULL,incumbent,186,STORY,STORY,0,0.0,0
1,A_STORY_NULL,capacity-shadow,186,STORY,STORY,0,,0
1,A_STORY_NULL,geometry-shadow,186,STORY,STORY,1,0.6380995512008667,0
1,A_STORY_NULL,incumbent,187,STORY,STORY,0,0.0,0
1,A_STORY_NULL,capacity-shadow,187,STORY,STORY,1,,0
1,A_STORY_NULL,geometry-shadow,187,STORY,STORY,1,0.5697742700576782,0
1,A_STORY_NULL,incumbent,188,STORY,STORY,0,0.0,0
1,A_STORY_NULL,capacity-shadow,188,STORY,STORY,0,,0
1,A_STORY_NULL,geometry-shadow,188,STORY,STORY,1,0.5795201063156128,0
1,A_STORY_NULL,incumbent,189,STORY,STORY,0,0.0,0
1,A_STORY_NULL,capacity-shadow,189,STORY,STORY,1,,0
1,A_STORY_NULL,geometry-shadow,189,STORY,STORY,1,1.117208480834961,0
1,A_STORY_NULL,incumbent,190,STORY,STORY,0,0.0,0
1,A_STORY_NULL,capacity-shadow,190,STORY,STORY,0,,0
1,A_STORY_NULL,geometry-shadow,190,STORY,STORY,1,0.7901217341423035,0
1,A_STORY_NULL,incumbent,191,STORY,STORY,0,0.0,0
1,A_STORY_NULL,capacity-shadow,191,STORY,STORY,1,,0
1,A_STORY_NULL,geometry-shadow,191,STORY,STORY,1,0.406427264213562,0
1,A_STORY_NULL,incumbent,192,STORY,STORY,0,0.0,0
1,A_STORY_NULL,capacity-shadow,192,STORY,STORY,0,,0
1,A_STORY_NULL,geometry-shadow,192,STORY,STORY,0,0.9968041181564332,0
1,A_STORY_NULL,incumbent,193,STORY,STORY,0,0.0,0
1,A_STORY_NULL,capacity-shadow,193,STORY,STORY,1,,0
1,A_STORY_NULL,geometry-shadow,193,STORY,STORY,0,0.3210232257843017,0
1,A_STORY_NULL,incumbent,194,STORY,STORY,0,0.0,0
1,A_STORY_NULL,capacity-shadow,194,STORY,STORY,0,,0
1,A_STORY_NULL,geometry-shadow,194,STORY,STORY,0,0.1761878728866577,0
1,A_STORY_NULL,incumbent,195,STORY,STORY,0,0.0,0
1,A_STORY_NULL,capacity-shadow,195,STORY,STORY,1,,0
1,A_STORY_NULL,geometry-shadow,195,STORY,STORY,0,0.1018276214599609,0
1,A_STORY_NULL,incumbent,196,STORY,STORY,0,0.0,0
1,A_STORY_NULL,capacity-shadow,196,STORY,STORY,0,,0
1,A_STORY_NULL,geometry-shadow,196,STORY,STORY,1,0.8081839680671692,0
1,A_STORY_NULL,incumbent,197,STORY,STORY,0,0.0,0
1,A_STORY_NULL,capacity-shadow,197,STORY,STORY,1,,0
1,A_STORY_NULL,geometry-shadow,197,STORY,STORY,0,0.5247863531112671,0
1,A_STORY_NULL,incumbent,198,STORY,STORY,0,0.0,0
1,A_STORY_NULL,capacity-shadow,198,STORY,STORY,0,,0
1,A_STORY_NULL,geometry-shadow,198,STORY,STORY,0,0.3379973769187927,0
1,A_STORY_NULL,incumbent,199,STORY,STORY,0,0.0,0
1,A_STORY_NULL,capacity-shadow,199,STORY,STORY,1,,0
1,A_STORY_NULL,geometry-shadow,199,STORY,STORY,1,0.3621019124984741,0
1,A_STORY_NULL,incumbent,200,STORY,STORY,0,0.0,0
1,A_STORY_NULL,capacity-shadow,200,STORY,STORY,0,,0
1,A_STORY_NULL,geometry-shadow,200,STORY,STORY,0,1.0805052518844604,0
1,A_STORY_NULL,incumbent,201,STORY,STORY,0,0.0,0
1,A_STORY_NULL,capacity-shadow,201,STORY,STORY,1,,0
1,A_STORY_NULL,geometry-shadow,201,STORY,STORY,0,0.5839738249778748,0
1,A_STORY_NULL,incumbent,202,STORY,STORY,0,0.0,0
1,A_STORY_NULL,capacity-shadow,202,STORY,STORY,0,,0
1,A_STORY_NULL,geometry-shadow,202,STORY,STORY,0,0.0828099250793457,0
1,A_STORY_NULL,incumbent,203,STORY,STORY,0,0.0,0
1,A_STORY_NULL,capacity-shadow,203,STORY,STORY,1,,0
1,A_STORY_NULL,geometry-shadow,203,STORY,STORY,0,0.9504237174987792,0
1,A_STORY_NULL,incumbent,204,STORY,STORY,0,0.0,0
1,A_STORY_NULL,capacity-shadow,204,STORY,STORY,0,,0
1,A_STORY_NULL,geometry-shadow,204,STORY,STORY,1,0.463173508644104,0
1,A_STORY_NULL,incumbent,205,STORY,STORY,0,0.0,0
1,A_STORY_NULL,capacity-shadow,205,STORY,STORY,1,,0
1,A_STORY_NULL,geometry-shadow,205,STORY,STORY,1,0.2545338869094848,0
1,A_STORY_NULL,incumbent,206,STORY,STORY,0,0.0,0
1,A_STORY_NULL,capacity-shadow,206,STORY,STORY,0,,0
1,A_STORY_NULL,geometry-shadow,206,STORY,STORY,1,0.6211925745010376,0
1,A_STORY_NULL,incumbent,207,STORY,STORY,0,0.0,0
1,A_STORY_NULL,capacity-shadow,207,STORY,STORY,1,,0
1,A_STORY_NULL,geometry-shadow,207,STORY,STORY,0,0.305256724357605,0
1,A_STORY_NULL,incumbent,208,STORY,STORY,0,0.0,0
1,A_STORY_NULL,capacity-shadow,208,STORY,STORY,0,,0
1,A_STORY_NULL,geometry-shadow,208,STORY,STORY,0,0.8536686897277832,0
1,A_STORY_NULL,incumbent,209,STORY,STORY,0,0.0,0
1,A_STORY_NULL,capacity-shadow,209,STORY,STORY,1,,0
1,A_STORY_NULL,geometry-shadow,209,STORY,STORY,0,1.239231824874878,0
1,A_STORY_NULL,incumbent,210,STORY,STORY,0,0.0,0
1,A_STORY_NULL,capacity-shadow,210,STORY,STORY,0,,0
1,A_STORY_NULL,geometry-shadow,210,STORY,STORY,0,0.3571970462799072,0
1,A_STORY_NULL,incumbent,211,STORY,STORY,0,0.0,0
1,A_STORY_NULL,capacity-shadow,211,STORY,STORY,1,,0
1,A_STORY_NULL,geometry-shadow,211,STORY,STORY,1,1.2639806270599363,0
1,A_STORY_NULL,incumbent,212,STORY,STORY,0,0.0,0
1,A_STORY_NULL,capacity-shadow,212,STORY,STORY,0,,0
1,A_STORY_NULL,geometry-shadow,212,STORY,STORY,0,0.8672581315040588,0
1,A_STORY_NULL,incumbent,213,STORY,STORY,0,0.0,0
1,A_STORY_NULL,capacity-shadow,213,STORY,STORY,1,,0
1,A_STORY_NULL,geometry-shadow,213,STORY,STORY,1,0.4747844338417053,0
1,A_STORY_NULL,incumbent,214,STORY,STORY,0,0.0,0
1,A_STORY_NULL,capacity-shadow,214,STORY,STORY,0,,0
1,A_STORY_NULL,geometry-shadow,214,STORY,STORY,1,0.6113901138305664,0
1,A_STORY_NULL,incumbent,215,STORY,STORY,0,0.0,0
1,A_STORY_NULL,capacity-shadow,215,STORY,STORY,1,,0
1,A_STORY_NULL,geometry-shadow,215,STORY,STORY,1,0.1766844987869262,0
1,A_STORY_NULL,incumbent,216,STORY,STORY,0,0.0,0
1,A_STORY_NULL,capacity-shadow,216,STORY,STORY,0,,0
1,A_STORY_NULL,geometry-shadow,216,STORY,STORY,1,0.377060055732727,0
1,A_STORY_NULL,incumbent,217,STORY,STORY,0,0.0,0
1,A_STORY_NULL,capacity-shadow,217,STORY,STORY,1,,0
1,A_STORY_NULL,geometry-shadow,217,STORY,STORY,1,0.3376500606536865,0
1,A_STORY_NULL,incumbent,218,STORY,STORY,0,0.0,0
1,A_STORY_NULL,capacity-shadow,218,STORY,STORY,0,,0
1,A_STORY_NULL,geometry-shadow,218,STORY,STORY,0,0.2744992971420288,0
1,A_STORY_NULL,incumbent,219,STORY,STORY,0,0.0,0
1,A_STORY_NULL,capacity-shadow,219,STORY,STORY,1,,0
1,A_STORY_NULL,geometry-shadow,219,STORY,STORY,1,0.6202169060707092,0
1,A_STORY_NULL,incumbent,220,STORY,STORY,0,0.0,0
1,A_STORY_NULL,capacity-shadow,220,STORY,STORY,0,,0
1,A_STORY_NULL,geometry-shadow,220,STORY,STORY,1,0.3471466898918152,0
1,A_STORY_NULL,incumbent,221,STORY,STORY,0,0.0,0
1,A_STORY_NULL,capacity-shadow,221,STORY,STORY,1,,0
1,A_STORY_NULL,geometry-shadow,221,STORY,STORY,0,0.5603737235069275,0
1,A_STORY_NULL,incumbent,222,STORY,STORY,0,0.0,0
1,A_STORY_NULL,capacity-shadow,222,STORY,STORY,0,,0
1,A_STORY_NULL,geometry-shadow,222,STORY,STORY,0,1.0338776111602783,0
1,A_STORY_NULL,incumbent,223,STORY,STORY,0,0.0,0
1,A_STORY_NULL,capacity-shadow,223,STORY,STORY,1,,0
1,A_STORY_NULL,geometry-shadow,223,STORY,STORY,1,0.1039916276931762,0
1,A_STORY_NULL,incumbent,224,STORY,STORY,0,0.0,0
1,A_STORY_NULL,capacity-shadow,224,STORY,STORY,0,,0
1,A_STORY_NULL,geometry-shadow,224,STORY,STORY,0,0.7705157995223999,0
1,A_STORY_NULL,incumbent,225,STORY,STORY,0,0.0,0
1,A_STORY_NULL,capacity-shadow,225,STORY,STORY,1,,0
1,A_STORY_NULL,geometry-shadow,225,STORY,STORY,1,0.9547290802001952,0
1,A_STORY_NULL,incumbent,226,STORY,STORY,0,0.0,0
1,A_STORY_NULL,capacity-shadow,226,STORY,STORY,0,,0
1,A_STORY_NULL,geometry-shadow,226,STORY,STORY,1,0.3485212326049804,0
1,A_STORY_NULL,incumbent,227,STORY,STORY,0,0.0,0
1,A_STORY_NULL,capacity-shadow,227,STORY,STORY,1,,0
1,A_STORY_NULL,geometry-shadow,227,STORY,STORY,0,0.3662554025650024,0
1,A_STORY_NULL,incumbent,228,STORY,STORY,0,0.0,0
1,A_STORY_NULL,capacity-shadow,228,STORY,STORY,0,,0
1,A_STORY_NULL,geometry-shadow,228,STORY,STORY,0,0.3095940351486206,0
1,A_STORY_NULL,incumbent,229,STORY,STORY,0,0.0,0
1,A_STORY_NULL,capacity-shadow,229,STORY,STORY,1,,0
1,A_STORY_NULL,geometry-shadow,229,STORY,STORY,0,0.3339318633079529,0
1,A_STORY_NULL,incumbent,230,STORY,STORY,0,0.0,0
1,A_STORY_NULL,capacity-shadow,230,STORY,STORY,0,,0
1,A_STORY_NULL,geometry-shadow,230,STORY,STORY,0,0.5342662930488586,0
1,A_STORY_NULL,incumbent,231,STORY,STORY,0,0.0,0
1,A_STORY_NULL,capacity-shadow,231,STORY,STORY,1,,0
1,A_STORY_NULL,geometry-shadow,231,STORY,STORY,1,0.8901041150093079,0
1,A_STORY_NULL,incumbent,232,STORY,STORY,0,0.0,0
1,A_STORY_NULL,capacity-shadow,232,STORY,STORY,0,,0
1,A_STORY_NULL,geometry-shadow,232,STORY,STORY,0,0.9768946170806884,0
1,A_STORY_NULL,incumbent,233,STORY,STORY,0,0.0,0
1,A_STORY_NULL,capacity-shadow,233,STORY,STORY,1,,0
1,A_STORY_NULL,geometry-shadow,233,STORY,STORY,0,0.1409226655960083,0
1,A_STORY_NULL,incumbent,234,STORY,STORY,0,0.0,0
1,A_STORY_NULL,capacity-shadow,234,STORY,STORY,0,,0
1,A_STORY_NULL,geometry-shadow,234,STORY,STORY,1,0.9614593982696532,0
1,A_STORY_NULL,incumbent,235,STORY,STORY,0,0.0,0
1,A_STORY_NULL,capacity-shadow,235,STORY,STORY,1,,0
1,A_STORY_NULL,geometry-shadow,235,STORY,STORY,1,0.3998661041259765,0
1,A_STORY_NULL,incumbent,236,STORY,STORY,0,0.0,0
1,A_STORY_NULL,capacity-shadow,236,STORY,STORY,0,,0
1,A_STORY_NULL,geometry-shadow,236,STORY,STORY,1,0.8528560400009155,0
1,A_STORY_NULL,incumbent,237,STORY,STORY,0,0.0,0
1,A_STORY_NULL,capacity-shadow,237,STORY,STORY,1,,0
1,A_STORY_NULL,geometry-shadow,237,STORY,STORY,0,0.0670957565307617,0
1,A_STORY_NULL,incumbent,238,STORY,STORY,0,0.0,0
1,A_STORY_NULL,capacity-shadow,238,STORY,STORY,0,,0
1,A_STORY_NULL,geometry-shadow,238,STORY,STORY,1,0.5801733136177063,0
1,A_STORY_NULL,incumbent,239,STORY,STORY,0,0.0,0
1,A_STORY_NULL,capacity-shadow,239,STORY,STORY,1,,0
1,A_STORY_NULL,geometry-shadow,239,STORY,STORY,1,0.1387615203857422,0
1,A_STORY_NULL,incumbent,240,STORY,STORY,0,0.0,0
1,A_STORY_NULL,capacity-shadow,240,STORY,STORY,0,,0
1,A_STORY_NULL,geometry-shadow,240,STORY,STORY,1,0.1273027658462524,0
1,A_STORY_NULL,incumbent,241,STORY,STORY,0,0.0,0
1,A_STORY_NULL,capacity-shadow,241,STORY,STORY,1,,0
1,A_STORY_NULL,geometry-shadow,241,STORY,STORY,1,0.5526472330093384,0
1,A_STORY_NULL,incumbent,242,STORY,STORY,0,0.0,0
1,A_STORY_NULL,capacity-shadow,242,STORY,STORY,0,,0
1,A_STORY_NULL,geometry-shadow,242,STORY,STORY,1,0.6241657733917236,0
1,A_STORY_NULL,incumbent,243,STORY,STORY,0,0.0,0
1,A_STORY_NULL,capacity-shadow,243,STORY,STORY,1,,0
1,A_STORY_NULL,geometry-shadow,243,STORY,STORY,0,0.8434685468673706,0
1,A_STORY_NULL,incumbent,244,STORY,STORY,0,0.0,0
1,A_STORY_NULL,capacity-shadow,244,STORY,STORY,0,,0
1,A_STORY_NULL,geometry-shadow,244,STORY,STORY,0,0.5050404071807861,0
1,A_STORY_NULL,incumbent,245,STORY,STORY,0,0.0,0
1,A_STORY_NULL,capacity-shadow,245,STORY,STORY,1,,0
1,A_STORY_NULL,geometry-shadow,245,STORY,STORY,0,0.6971027851104736,0
1,A_STORY_NULL,incumbent,246,STORY,STORY,0,0.0,0
1,A_STORY_NULL,capacity-shadow,246,STORY,STORY,0,,0
1,A_STORY_NULL,geometry-shadow,246,STORY,STORY,1,0.5038782358169556,0
1,A_STORY_NULL,incumbent,247,STORY,STORY,0,0.0,0
1,A_STORY_NULL,capacity-shadow,247,STORY,STORY,1,,0
1,A_STORY_NULL,geometry-shadow,247,STORY,STORY,1,1.1088407039642334,0
1,A_STORY_NULL,incumbent,248,STORY,STORY,0,0.0,0
1,A_STORY_NULL,capacity-shadow,248,STORY,STORY,0,,0
1,A_STORY_NULL,geometry-shadow,248,STORY,STORY,1,0.5583604574203491,0
1,A_STORY_NULL,incumbent,249,STORY,STORY,0,0.0,0
1,A_STORY_NULL,capacity-shadow,249,STORY,STORY,1,,0
1,A_STORY_NULL,geometry-shadow,249,STORY,STORY,1,1.2127400636672974,0
1,A_STORY_NULL,incumbent,250,STORY,STORY,0,0.0,0
1,A_STORY_NULL,capacity-shadow,250,STORY,STORY,0,,0
1,A_STORY_NULL,geometry-shadow,250,STORY,STORY,1,0.3439387679100036,0
1,A_STORY_NULL,incumbent,251,STORY,STORY,0,0.0,0
1,A_STORY_NULL,capacity-shadow,251,STORY,STORY,1,,0
1,A_STORY_NULL,geometry-shadow,251,STORY,STORY,0,0.0422806739807128,0
1,A_STORY_NULL,incumbent,252,STORY,STORY,0,0.0,0
1,A_STORY_NULL,capacity-shadow,252,STORY,STORY,0,,0
1,A_STORY_NULL,geometry-shadow,252,STORY,STORY,0,0.6216086149215698,0
1,A_STORY_NULL,incumbent,253,STORY,STORY,0,0.0,0
1,A_STORY_NULL,capacity-shadow,253,STORY,STORY,1,,0
1,A_STORY_NULL,geometry-shadow,253,STORY,STORY,1,0.1734583377838134,0
1,A_STORY_NULL,incumbent,254,STORY,STORY,0,0.0,0
1,A_STORY_NULL,capacity-shadow,254,STORY,STORY,0,,0
1,A_STORY_NULL,geometry-shadow,254,STORY,STORY,0,0.4800095558166504,0
1,A_STORY_NULL,incumbent,255,STORY,STORY,0,0.0,0
1,A_STORY_NULL,capacity-shadow,255,STORY,STORY,1,,0
1,A_STORY_NULL,geometry-shadow,255,STORY,STORY,0,1.120699405670166,0
1,A_STORY_NULL,incumbent,256,STORY,STORY,0,0.0,0
1,A_STORY_NULL,capacity-shadow,256,STORY,STORY,0,,0
1,A_STORY_NULL,geometry-shadow,256,STORY,STORY,0,0.9634546041488647,0
1,B_ARITHMETIC_BIRTH,incumbent,1,STORY,STORY,0,0.0,0
1,B_ARITHMETIC_BIRTH,capacity-shadow,1,STORY,STORY,1,,0
1,B_ARITHMETIC_BIRTH,geometry-shadow,1,STORY,STORY,1,1.0780376195907593,0
1,B_ARITHMETIC_BIRTH,incumbent,2,ARITH_A,ARITHMETIC,0,0.0,0
1,B_ARITHMETIC_BIRTH,capacity-shadow,2,ARITH_A,ARITHMETIC,1,,0
1,B_ARITHMETIC_BIRTH,geometry-shadow,2,ARITH_A,ARITHMETIC,0,1.709990382194519,0
1,B_ARITHMETIC_BIRTH,incumbent,3,ARITH_A,ARITHMETIC,0,0.0,0
1,B_ARITHMETIC_BIRTH,capacity-shadow,3,ARITH_A,ARITHMETIC,0,,0
1,B_ARITHMETIC_BIRTH,geometry-shadow,3,ARITH_A,ARITHMETIC,0,1.7169008255004885,0
1,B_ARITHMETIC_BIRTH,incumbent,4,ARITH_A,ARITHMETIC,0,0.0,0
1,B_ARITHMETIC_BIRTH,capacity-shadow,4,ARITH_A,ARITHMETIC,1,,0
1,B_ARITHMETIC_BIRTH,geometry-shadow,4,ARITH_A,ARITHMETIC,0,1.7081111669540403,0
1,B_ARITHMETIC_BIRTH,incumbent,5,ARITH_A,ARITHMETIC,0,0.0,0
1,B_ARITHMETIC_BIRTH,capacity-shadow,5,ARITH_A,ARITHMETIC,0,,0
1,B_ARITHMETIC_BIRTH,geometry-shadow,5,ARITH_A,ARITHMETIC,0,1.7122758626937866,0
1,B_ARITHMETIC_BIRTH,incumbent,6,STORY,STORY,0,0.0,0
1,B_ARITHMETIC_BIRTH,capacity-shadow,6,STORY,STORY,0,,0
1,B_ARITHMETIC_BIRTH,geometry-shadow,6,STORY,STORY,1,1.5913281440734863,0
1,B_ARITHMETIC_BIRTH,incumbent,7,STORY,STORY,0,0.0,0
1,B_ARITHMETIC_BIRTH,capacity-shadow,7,STORY,STORY,1,,0
1,B_ARITHMETIC_BIRTH,geometry-shadow,7,STORY,STORY,0,0.5124045014381409,0
1,B_ARITHMETIC_BIRTH,incumbent,8,STORY,STORY,0,0.0,0
1,B_ARITHMETIC_BIRTH,capacity-shadow,8,STORY,STORY,0,,0
1,B_ARITHMETIC_BIRTH,geometry-shadow,8,STORY,STORY,0,1.2571616172790527,0
1,B_ARITHMETIC_BIRTH,incumbent,9,ARITH_A,ARITHMETIC,0,0.0,0
1,B_ARITHMETIC_BIRTH,capacity-shadow,9,ARITH_A,ARITHMETIC,1,,0
1,B_ARITHMETIC_BIRTH,geometry-shadow,9,ARITH_A,ARITHMETIC,0,1.7094736099243164,0
1,B_ARITHMETIC_BIRTH,incumbent,10,STORY,STORY,0,0.0,0
1,B_ARITHMETIC_BIRTH,capacity-shadow,10,STORY,STORY,1,,0
1,B_ARITHMETIC_BIRTH,geometry-shadow,10,STORY,STORY,0,1.2333656549453735,0
1,B_ARITHMETIC_BIRTH,incumbent,11,STORY,STORY,0,0.0,0
1,B_ARITHMETIC_BIRTH,capacity-shadow,11,STORY,STORY,0,,0
1,B_ARITHMETIC_BIRTH,geometry-shadow,11,STORY,STORY,1,0.6848418712615967,0
1,B_ARITHMETIC_BIRTH,incumbent,12,ARITH_A,ARITHMETIC,0,0.0,0
1,B_ARITHMETIC_BIRTH,capacity-shadow,12,ARITH_A,ARITHMETIC,0,,0
1,B_ARITHMETIC_BIRTH,geometry-shadow,12,ARITH_A,ARITHMETIC,0,1.6779364347457886,0
1,B_ARITHMETIC_BIRTH,incumbent,13,STORY,STORY,0,0.0,0
1,B_ARITHMETIC_BIRTH,capacity-shadow,13,STORY,STORY,1,,0
1,B_ARITHMETIC_BIRTH,geometry-shadow,13,STORY,STORY,0,0.2065733671188354,0
1,B_ARITHMETIC_BIRTH,incumbent,14,STORY,STORY,0,0.0,0
1,B_ARITHMETIC_BIRTH,capacity-shadow,14,STORY,STORY,0,,0
1,B_ARITHMETIC_BIRTH,geometry-shadow,14,STORY,STORY,0,0.4026552438735962,0
1,B_ARITHMETIC_BIRTH,incumbent,15,STORY,STORY,0,0.0,0
1,B_ARITHMETIC_BIRTH,capacity-shadow,15,STORY,STORY,1,,0
1,B_ARITHMETIC_BIRTH,geometry-shadow,15,STORY,STORY,1,1.1149473190307615,0
1,B_ARITHMETIC_BIRTH,incumbent,16,ARITH_A,ARITHMETIC,0,0.0,0
1,B_ARITHMETIC_BIRTH,capacity-shadow,16,ARITH_A,ARITHMETIC,1,,0
1,B_ARITHMETIC_BIRTH,geometry-shadow,16,ARITH_A,ARITHMETIC,0,1.710583209991455,0
1,B_ARITHMETIC_BIRTH,incumbent,17,STORY,STORY,0,0.0,0
1,B_ARITHMETIC_BIRTH,capacity-shadow,17,STORY,STORY,0,,0
1,B_ARITHMETIC_BIRTH,geometry-shadow,17,STORY,STORY,0,0.2901842594146728,0
1,B_ARITHMETIC_BIRTH,incumbent,18,STORY,STORY,0,0.0,0
1,B_ARITHMETIC_BIRTH,capacity-shadow,18,STORY,STORY,1,,0
1,B_ARITHMETIC_BIRTH,geometry-shadow,18,STORY,STORY,1,0.1655700206756591,0
1,B_ARITHMETIC_BIRTH,incumbent,19,ARITH_A,ARITHMETIC,0,0.0,0
1,B_ARITHMETIC_BIRTH,capacity-shadow,19,ARITH_A,ARITHMETIC,0,,0
1,B_ARITHMETIC_BIRTH,geometry-shadow,19,ARITH_A,ARITHMETIC,0,1.719016671180725,0
1,B_ARITHMETIC_BIRTH,incumbent,20,STORY,STORY,0,0.0,0
1,B_ARITHMETIC_BIRTH,capacity-shadow,20,STORY,STORY,0,,0
1,B_ARITHMETIC_BIRTH,geometry-shadow,20,STORY,STORY,1,1.1983686685562134,0
1,B_ARITHMETIC_BIRTH,incumbent,21,STORY,STORY,0,0.0,0
1,B_ARITHMETIC_BIRTH,capacity-shadow,21,STORY,STORY,1,,0
1,B_ARITHMETIC_BIRTH,geometry-shadow,21,STORY,STORY,0,0.8015631437301636,0
1,B_ARITHMETIC_BIRTH,incumbent,22,STORY,STORY,0,0.0,0
1,B_ARITHMETIC_BIRTH,capacity-shadow,22,STORY,STORY,0,,0
1,B_ARITHMETIC_BIRTH,geometry-shadow,22,STORY,STORY,0,0.7542736530303955,0
1,B_ARITHMETIC_BIRTH,incumbent,23,ARITH_A,ARITHMETIC,0,0.0,0
1,B_ARITHMETIC_BIRTH,capacity-shadow,23,ARITH_A,ARITHMETIC,1,,0
1,B_ARITHMETIC_BIRTH,geometry-shadow,23,ARITH_A,ARITHMETIC,0,1.7011862993240356,0
1,B_ARITHMETIC_BIRTH,incumbent,24,STORY,STORY,0,0.0,0
1,B_ARITHMETIC_BIRTH,capacity-shadow,24,STORY,STORY,1,,0
1,B_ARITHMETIC_BIRTH,geometry-shadow,24,STORY,STORY,1,0.8816021680831909,0
1,B_ARITHMETIC_BIRTH,incumbent,25,STORY,STORY,0,0.0,0
1,B_ARITHMETIC_BIRTH,capacity-shadow,25,STORY,STORY,0,,0
1,B_ARITHMETIC_BIRTH,geometry-shadow,25,STORY,STORY,1,0.7194981575012207,0
1,B_ARITHMETIC_BIRTH,incumbent,26,ARITH_A,ARITHMETIC,0,0.0,0
1,B_ARITHMETIC_BIRTH,capacity-shadow,26,ARITH_A,ARITHMETIC,0,,0
1,B_ARITHMETIC_BIRTH,geometry-shadow,26,ARITH_A,ARITHMETIC,0,1.7472374439239502,0
1,B_ARITHMETIC_BIRTH,incumbent,27,ARITH_A,ARITHMETIC,0,0.0,0
1,B_ARITHMETIC_BIRTH,capacity-shadow,27,ARITH_A,ARITHMETIC,1,,0
1,B_ARITHMETIC_BIRTH,geometry-shadow,27,ARITH_A,ARITHMETIC,0,1.7061448097229004,0
1,B_ARITHMETIC_BIRTH,incumbent,28,ARITH_A,ARITHMETIC,0,0.0,0
1,B_ARITHMETIC_BIRTH,capacity-shadow,28,ARITH_A,ARITHMETIC,0,,0
1,B_ARITHMETIC_BIRTH,geometry-shadow,28,ARITH_A,ARITHMETIC,0,1.6994272470474243,0
1,B_ARITHMETIC_BIRTH,incumbent,29,ARITH_A,ARITHMETIC,0,0.0,0
1,B_ARITHMETIC_BIRTH,capacity-shadow,29,ARITH_A,ARITHMETIC,1,,0
1,B_ARITHMETIC_BIRTH,geometry-shadow,29,ARITH_A,ARITHMETIC,0,1.696274995803833,0
1,B_ARITHMETIC_BIRTH,incumbent,30,ARITH_A,ARITHMETIC,0,0.0,0
1,B_ARITHMETIC_BIRTH,capacity-shadow,30,ARITH_A,ARITHMETIC,0,,0
1,B_ARITHMETIC_BIRTH,geometry-shadow,30,ARITH_A,ARITHMETIC,0,1.6906553506851196,0
1,B_ARITHMETIC_BIRTH,incumbent,31,ARITH_A,ARITHMETIC,0,0.0,0
1,B_ARITHMETIC_BIRTH,capacity-shadow,31,ARITH_A,ARITHMETIC,1,,0
1,B_ARITHMETIC_BIRTH,geometry-shadow,31,ARITH_A,ARITHMETIC,0,1.7147480249404907,0
1,B_ARITHMETIC_BIRTH,incumbent,32,STORY,STORY,0,0.0,0
1,B_ARITHMETIC_BIRTH,capacity-shadow,32,STORY,STORY,1,,0
1,B_ARITHMETIC_BIRTH,geometry-shadow,32,STORY,STORY,1,0.6941132545471191,0
1,B_ARITHMETIC_BIRTH,incumbent,33,ARITH_A,ARITHMETIC,0,0.0,0
1,B_ARITHMETIC_BIRTH,capacity-shadow,33,ARITH_A,ARITHMETIC,0,,0
1,B_ARITHMETIC_BIRTH,geometry-shadow,33,ARITH_A,ARITHMETIC,0,1.7288044691085815,0
1,B_ARITHMETIC_BIRTH,incumbent,34,STORY,STORY,0,0.0,0
1,B_ARITHMETIC_BIRTH,capacity-shadow,34,STORY,STORY,0,,0
1,B_ARITHMETIC_BIRTH,geometry-shadow,34,STORY,STORY,1,0.5382753610610962,0
1,B_ARITHMETIC_BIRTH,incumbent,35,ARITH_A,ARITHMETIC,0,0.0,0
1,B_ARITHMETIC_BIRTH,capacity-shadow,35,ARITH_A,ARITHMETIC,1,,0
1,B_ARITHMETIC_BIRTH,geometry-shadow,35,ARITH_A,ARITHMETIC,0,1.6834022998809814,0
1,B_ARITHMETIC_BIRTH,incumbent,36,ARITH_A,ARITHMETIC,0,0.0,0
1,B_ARITHMETIC_BIRTH,capacity-shadow,36,ARITH_A,ARITHMETIC,0,,0
1,B_ARITHMETIC_BIRTH,geometry-shadow,36,ARITH_A,ARITHMETIC,0,1.70236337184906,0
1,B_ARITHMETIC_BIRTH,incumbent,37,ARITH_A,ARITHMETIC,0,0.0,0
1,B_ARITHMETIC_BIRTH,capacity-shadow,37,ARITH_A,ARITHMETIC,1,,0
1,B_ARITHMETIC_BIRTH,geometry-shadow,37,ARITH_A,ARITHMETIC,0,1.6840802431106567,0
1,B_ARITHMETIC_BIRTH,incumbent,38,ARITH_A,ARITHMETIC,0,0.0,0
1,B_ARITHMETIC_BIRTH,capacity-shadow,38,ARITH_A,ARITHMETIC,0,,0
1,B_ARITHMETIC_BIRTH,geometry-shadow,38,ARITH_A,ARITHMETIC,0,1.6864339113235474,0
1,B_ARITHMETIC_BIRTH,incumbent,39,ARITH_A,ARITHMETIC,0,0.0,0
1,B_ARITHMETIC_BIRTH,capacity-shadow,39,ARITH_A,ARITHMETIC,1,,0
1,B_ARITHMETIC_BIRTH,geometry-shadow,39,ARITH_A,ARITHMETIC,0,1.6930946111679075,0
1,B_ARITHMETIC_BIRTH,incumbent,40,ARITH_A,ARITHMETIC,0,0.0,0
1,B_ARITHMETIC_BIRTH,capacity-shadow,40,ARITH_A,ARITHMETIC,0,,0
1,B_ARITHMETIC_BIRTH,geometry-shadow,40,ARITH_A,ARITHMETIC,0,1.7010736465454102,0
1,B_ARITHMETIC_BIRTH,incumbent,41,ARITH_A,ARITHMETIC,0,0.0,0
1,B_ARITHMETIC_BIRTH,capacity-shadow,41,ARITH_A,ARITHMETIC,1,,0
1,B_ARITHMETIC_BIRTH,geometry-shadow,41,ARITH_A,ARITHMETIC,0,1.7008135318756104,0
1,B_ARITHMETIC_BIRTH,incumbent,42,STORY,STORY,0,0.0,0
1,B_ARITHMETIC_BIRTH,capacity-shadow,42,STORY,STORY,1,,0
1,B_ARITHMETIC_BIRTH,geometry-shadow,42,STORY,STORY,1,1.325596809387207,0
1,B_ARITHMETIC_BIRTH,incumbent,43,STORY,STORY,0,0.0,0
1,B_ARITHMETIC_BIRTH,capacity-shadow,43,STORY,STORY,0,,0
1,B_ARITHMETIC_BIRTH,geometry-shadow,43,STORY,STORY,1,0.8070393800735474,0
1,B_ARITHMETIC_BIRTH,incumbent,44,STORY,STORY,0,0.0,0
1,B_ARITHMETIC_BIRTH,capacity-shadow,44,STORY,STORY,1,,0
1,B_ARITHMETIC_BIRTH,geometry-shadow,44,STORY,STORY,0,0.9602222442626952,0
1,B_ARITHMETIC_BIRTH,incumbent,45,ARITH_A,ARITHMETIC,0,0.0,0
1,B_ARITHMETIC_BIRTH,capacity-shadow,45,ARITH_A,ARITHMETIC,0,,0
1,B_ARITHMETIC_BIRTH,geometry-shadow,45,ARITH_A,ARITHMETIC,0,1.6911382675170898,0
1,B_ARITHMETIC_BIRTH,incumbent,46,ARITH_A,ARITHMETIC,0,0.0,0
1,B_ARITHMETIC_BIRTH,capacity-shadow,46,ARITH_A,ARITHMETIC,1,,0
1,B_ARITHMETIC_BIRTH,geometry-shadow,46,ARITH_A,ARITHMETIC,0,1.6842607259750366,0
1,B_ARITHMETIC_BIRTH,incumbent,47,STORY,STORY,0,0.0,0
1,B_ARITHMETIC_BIRTH,capacity-shadow,47,STORY,STORY,0,,0
1,B_ARITHMETIC_BIRTH,geometry-shadow,47,STORY,STORY,1,1.9801644086837769,0
1,B_ARITHMETIC_BIRTH,incumbent,48,ARITH_A,ARITHMETIC,0,0.0,0
1,B_ARITHMETIC_BIRTH,capacity-shadow,48,ARITH_A,ARITHMETIC,0,,0
1,B_ARITHMETIC_BIRTH,geometry-shadow,48,ARITH_A,ARITHMETIC,0,1.6593166589736938,0
1,B_ARITHMETIC_BIRTH,incumbent,49,STORY,STORY,0,0.0,0
1,B_ARITHMETIC_BIRTH,capacity-shadow,49,STORY,STORY,1,,0
1,B_ARITHMETIC_BIRTH,geometry-shadow,49,STORY,STORY,1,1.0873786211013794,0
1,B_ARITHMETIC_BIRTH,incumbent,50,ARITH_A,ARITHMETIC,0,0.0,0
1,B_ARITHMETIC_BIRTH,capacity-shadow,50,ARITH_A,ARITHMETIC,1,,0
1,B_ARITHMETIC_BIRTH,geometry-shadow,50,ARITH_A,ARITHMETIC,0,1.7085472345352173,0
1,B_ARITHMETIC_BIRTH,incumbent,51,ARITH_A,ARITHMETIC,0,0.0,0
1,B_ARITHMETIC_BIRTH,capacity-shadow,51,ARITH_A,ARITHMETIC,0,,0
1,B_ARITHMETIC_BIRTH,geometry-shadow,51,ARITH_A,ARITHMETIC,0,1.7079087495803833,0
1,B_ARITHMETIC_BIRTH,incumbent,52,STORY,STORY,0,0.0,0
1,B_ARITHMETIC_BIRTH,capacity-shadow,52,STORY,STORY,0,,0
1,B_ARITHMETIC_BIRTH,geometry-shadow,52,STORY,STORY,1,0.4067647457122803,0
1,B_ARITHMETIC_BIRTH,incumbent,53,ARITH_A,ARITHMETIC,0,0.0,0
1,B_ARITHMETIC_BIRTH,capacity-shadow,53,ARITH_A,ARITHMETIC,1,,0
1,B_ARITHMETIC_BIRTH,geometry-shadow,53,ARITH_A,ARITHMETIC,0,1.6959595680236816,0
1,B_ARITHMETIC_BIRTH,incumbent,54,ARITH_A,ARITHMETIC,0,0.0,0
1,B_ARITHMETIC_BIRTH,capacity-shadow,54,ARITH_A,ARITHMETIC,0,,0
1,B_ARITHMETIC_BIRTH,geometry-shadow,54,ARITH_A,ARITHMETIC,0,1.6823461055755615,0
1,B_ARITHMETIC_BIRTH,incumbent,55,STORY,STORY,0,0.0,0
1,B_ARITHMETIC_BIRTH,capacity-shadow,55,STORY,STORY,1,,0
1,B_ARITHMETIC_BIRTH,geometry-shadow,55,STORY,STORY,1,1.6212714910507202,0
1,B_ARITHMETIC_BIRTH,incumbent,56,STORY,STORY,0,0.0,0
1,B_ARITHMETIC_BIRTH,capacity-shadow,56,STORY,STORY,0,,0
1,B_ARITHMETIC_BIRTH,geometry-shadow,56,STORY,STORY,0,0.0909740924835205,0
1,B_ARITHMETIC_BIRTH,incumbent,57,ARITH_A,ARITHMETIC,0,0.0,0
1,B_ARITHMETIC_BIRTH,capacity-shadow,57,ARITH_A,ARITHMETIC,1,,0
1,B_ARITHMETIC_BIRTH,geometry-shadow,57,ARITH_A,ARITHMETIC,0,1.7150639295578003,0
1,B_ARITHMETIC_BIRTH,incumbent,58,STORY,STORY,0,0.0,0
1,B_ARITHMETIC_BIRTH,capacity-shadow,58,STORY,STORY,1,,0
1,B_ARITHMETIC_BIRTH,geometry-shadow,58,STORY,STORY,1,1.1999328136444092,0
1,B_ARITHMETIC_BIRTH,incumbent,59,STORY,STORY,0,0.0,0
1,B_ARITHMETIC_BIRTH,capacity-shadow,59,STORY,STORY,0,,0
1,B_ARITHMETIC_BIRTH,geometry-shadow,59,STORY,STORY,0,0.0372830629348754,0
1,B_ARITHMETIC_BIRTH,incumbent,60,ARITH_A,ARITHMETIC,0,0.0,0
1,B_ARITHMETIC_BIRTH,capacity-shadow,60,ARITH_A,ARITHMETIC,0,,0
1,B_ARITHMETIC_BIRTH,geometry-shadow,60,ARITH_A,ARITHMETIC,0,1.7214874029159546,0
1,B_ARITHMETIC_BIRTH,incumbent,61,ARITH_A,ARITHMETIC,0,0.0,0
1,B_ARITHMETIC_BIRTH,capacity-shadow,61,ARITH_A,ARITHMETIC,1,,0
1,B_ARITHMETIC_BIRTH,geometry-shadow,61,ARITH_A,ARITHMETIC,0,1.7365381717681885,0
1,B_ARITHMETIC_BIRTH,incumbent,62,ARITH_A,ARITHMETIC,0,0.0,0
1,B_ARITHMETIC_BIRTH,capacity-shadow,62,ARITH_A,ARITHMETIC,0,,0
1,B_ARITHMETIC_BIRTH,geometry-shadow,62,ARITH_A,ARITHMETIC,0,1.7253817319869995,0
1,B_ARITHMETIC_BIRTH,incumbent,63,STORY,STORY,0,0.0,0
1,B_ARITHMETIC_BIRTH,capacity-shadow,63,STORY,STORY,1,,0
1,B_ARITHMETIC_BIRTH,geometry-shadow,63,STORY,STORY,0,0.5314480066299438,0
1,B_ARITHMETIC_BIRTH,incumbent,64,STORY,STORY,0,0.0,0
1,B_ARITHMETIC_BIRTH,capacity-shadow,64,STORY,STORY,0,,0
1,B_ARITHMETIC_BIRTH,geometry-shadow,64,STORY,STORY,0,1.3363449573516846,0
1,B_ARITHMETIC_BIRTH,incumbent,65,ARITH_A,ARITHMETIC,0,0.0,0
1,B_ARITHMETIC_BIRTH,capacity-shadow,65,ARITH_A,ARITHMETIC,1,,0
1,B_ARITHMETIC_BIRTH,geometry-shadow,65,ARITH_A,ARITHMETIC,0,1.7185287475585938,0
1,B_ARITHMETIC_BIRTH,incumbent,66,ARITH_A,ARITHMETIC,0,0.0,0
1,B_ARITHMETIC_BIRTH,capacity-shadow,66,ARITH_A,ARITHMETIC,0,,0
1,B_ARITHMETIC_BIRTH,geometry-shadow,66,ARITH_A,ARITHMETIC,0,1.6847379207611084,0
1,B_ARITHMETIC_BIRTH,incumbent,67,STORY,STORY,0,0.0,0
1,B_ARITHMETIC_BIRTH,capacity-shadow,67,STORY,STORY,1,,0
1,B_ARITHMETIC_BIRTH,geometry-shadow,67,STORY,STORY,0,1.0238043069839478,0
1,B_ARITHMETIC_BIRTH,incumbent,68,STORY,STORY,0,0.0,0
1,B_ARITHMETIC_BIRTH,capacity-shadow,68,STORY,STORY,0,,0
1,B_ARITHMETIC_BIRTH,geometry-shadow,68,STORY,STORY,0,0.5069320201873779,0
1,B_ARITHMETIC_BIRTH,incumbent,69,STORY,STORY,0,0.0,0
1,B_ARITHMETIC_BIRTH,capacity-shadow,69,STORY,STORY,1,,0
1,B_ARITHMETIC_BIRTH,geometry-shadow,69,STORY,STORY,1,0.6728171110153198,0
1,B_ARITHMETIC_BIRTH,incumbent,70,ARITH_A,ARITHMETIC,0,0.0,0
1,B_ARITHMETIC_BIRTH,capacity-shadow,70,ARITH_A,ARITHMETIC,1,,0
1,B_ARITHMETIC_BIRTH,geometry-shadow,70,ARITH_A,ARITHMETIC,0,1.7008272409439087,0
1,B_ARITHMETIC_BIRTH,incumbent,71,STORY,STORY,0,0.0,0
1,B_ARITHMETIC_BIRTH,capacity-shadow,71,STORY,STORY,0,,0
1,B_ARITHMETIC_BIRTH,geometry-shadow,71,STORY,STORY,1,0.9961364269256592,0
1,B_ARITHMETIC_BIRTH,incumbent,72,STORY,STORY,0,0.0,0
1,B_ARITHMETIC_BIRTH,capacity-shadow,72,STORY,STORY,1,,0
1,B_ARITHMETIC_BIRTH,geometry-shadow,72,STORY,STORY,0,0.5475359559059143,0
1,B_ARITHMETIC_BIRTH,incumbent,73,ARITH_A,ARITHMETIC,0,0.0,0
1,B_ARITHMETIC_BIRTH,capacity-shadow,73,ARITH_A,ARITHMETIC,0,,0
1,B_ARITHMETIC_BIRTH,geometry-shadow,73,ARITH_A,ARITHMETIC,0,1.6683655977249146,0
1,B_ARITHMETIC_BIRTH,incumbent,74,ARITH_A,ARITHMETIC,0,0.0,0
1,B_ARITHMETIC_BIRTH,capacity-shadow,74,ARITH_A,ARITHMETIC,1,,0
1,B_ARITHMETIC_BIRTH,geometry-shadow,74,ARITH_A,ARITHMETIC,0,1.691144585609436,0
1,B_ARITHMETIC_BIRTH,incumbent,75,ARITH_A,ARITHMETIC,0,0.0,0
1,B_ARITHMETIC_BIRTH,capacity-shadow,75,ARITH_A,ARITHMETIC,0,,0
1,B_ARITHMETIC_BIRTH,geometry-shadow,75,ARITH_A,ARITHMETIC,0,1.6965938806533811,0
1,B_ARITHMETIC_BIRTH,incumbent,76,ARITH_A,ARITHMETIC,0,0.0,0
1,B_ARITHMETIC_BIRTH,capacity-shadow,76,ARITH_A,ARITHMETIC,1,,0
1,B_ARITHMETIC_BIRTH,geometry-shadow,76,ARITH_A,ARITHMETIC,0,1.7143770456314087,0
1,B_ARITHMETIC_BIRTH,incumbent,77,ARITH_A,ARITHMETIC,0,0.0,0
1,B_ARITHMETIC_BIRTH,capacity-shadow,77,ARITH_A,ARITHMETIC,0,,0
1,B_ARITHMETIC_BIRTH,geometry-shadow,77,ARITH_A,ARITHMETIC,0,1.7322123050689695,0
1,B_ARITHMETIC_BIRTH,incumbent,78,ARITH_A,ARITHMETIC,0,0.0,0
1,B_ARITHMETIC_BIRTH,capacity-shadow,78,ARITH_A,ARITHMETIC,1,,0
1,B_ARITHMETIC_BIRTH,geometry-shadow,78,ARITH_A,ARITHMETIC,0,1.6889162063598633,0
1,B_ARITHMETIC_BIRTH,incumbent,79,STORY,STORY,0,0.0,0
1,B_ARITHMETIC_BIRTH,capacity-shadow,79,STORY,STORY,0,,0
1,B_ARITHMETIC_BIRTH,geometry-shadow,79,STORY,STORY,1,1.476006031036377,0
1,B_ARITHMETIC_BIRTH,incumbent,80,ARITH_A,ARITHMETIC,0,0.0,0
1,B_ARITHMETIC_BIRTH,capacity-shadow,80,ARITH_A,ARITHMETIC,0,,0
1,B_ARITHMETIC_BIRTH,geometry-shadow,80,ARITH_A,ARITHMETIC,0,1.7174105644226074,0
1,B_ARITHMETIC_BIRTH,incumbent,81,STORY,STORY,0,0.0,0
1,B_ARITHMETIC_BIRTH,capacity-shadow,81,STORY,STORY,1,,0
1,B_ARITHMETIC_BIRTH,geometry-shadow,81,STORY,STORY,0,0.9540159702301024,0
1,B_ARITHMETIC_BIRTH,incumbent,82,STORY,STORY,0,0.0,0
1,B_ARITHMETIC_BIRTH,capacity-shadow,82,STORY,STORY,0,,0
1,B_ARITHMETIC_BIRTH,geometry-shadow,82,STORY,STORY,0,0.952111005783081,0
1,B_ARITHMETIC_BIRTH,incumbent,83,STORY,STORY,0,0.0,0
1,B_ARITHMETIC_BIRTH,capacity-shadow,83,STORY,STORY,1,,0
1,B_ARITHMETIC_BIRTH,geometry-shadow,83,STORY,STORY,0,0.8912723660469055,0
1,B_ARITHMETIC_BIRTH,incumbent,84,STORY,STORY,0,0.0,0
1,B_ARITHMETIC_BIRTH,capacity-shadow,84,STORY,STORY,0,,0
1,B_ARITHMETIC_BIRTH,geometry-shadow,84,STORY,STORY,0,0.5004650354385376,0
1,B_ARITHMETIC_BIRTH,incumbent,85,ARITH_A,ARITHMETIC,0,0.0,0
1,B_ARITHMETIC_BIRTH,capacity-shadow,85,ARITH_A,ARITHMETIC,1,,0
1,B_ARITHMETIC_BIRTH,geometry-shadow,85,ARITH_A,ARITHMETIC,0,1.726963758468628,0
1,B_ARITHMETIC_BIRTH,incumbent,86,ARITH_A,ARITHMETIC,0,0.0,0
1,B_ARITHMETIC_BIRTH,capacity-shadow,86,ARITH_A,ARITHMETIC,0,,0
1,B_ARITHMETIC_BIRTH,geometry-shadow,86,ARITH_A,ARITHMETIC,0,1.6769704818725586,0
1,B_ARITHMETIC_BIRTH,incumbent,87,STORY,STORY,0,0.0,0
1,B_ARITHMETIC_BIRTH,capacity-shadow,87,STORY,STORY,1,,0
1,B_ARITHMETIC_BIRTH,geometry-shadow,87,STORY,STORY,0,0.5329551696777344,0
1,B_ARITHMETIC_BIRTH,incumbent,88,ARITH_A,ARITHMETIC,0,0.0,0
1,B_ARITHMETIC_BIRTH,capacity-shadow,88,ARITH_A,ARITHMETIC,1,,0
1,B_ARITHMETIC_BIRTH,geometry-shadow,88,ARITH_A,ARITHMETIC,0,1.7244747877120972,0
1,B_ARITHMETIC_BIRTH,incumbent,89,STORY,STORY,0,0.0,0
1,B_ARITHMETIC_BIRTH,capacity-shadow,89,STORY,STORY,0,,0
1,B_ARITHMETIC_BIRTH,geometry-shadow,89,STORY,STORY,1,0.7567434310913086,0
1,B_ARITHMETIC_BIRTH,incumbent,90,STORY,STORY,0,0.0,0
1,B_ARITHMETIC_BIRTH,capacity-shadow,90,STORY,STORY,1,,0
1,B_ARITHMETIC_BIRTH,geometry-shadow,90,STORY,STORY,0,0.6491088271141052,0
1,B_ARITHMETIC_BIRTH,incumbent,91,STORY,STORY,0,0.0,0
1,B_ARITHMETIC_BIRTH,capacity-shadow,91,STORY,STORY,0,,0
1,B_ARITHMETIC_BIRTH,geometry-shadow,91,STORY,STORY,1,1.0516412258148191,0
1,B_ARITHMETIC_BIRTH,incumbent,92,STORY,STORY,0,0.0,0
1,B_ARITHMETIC_BIRTH,capacity-shadow,92,STORY,STORY,1,,0
1,B_ARITHMETIC_BIRTH,geometry-shadow,92,STORY,STORY,0,0.7883636355400085,0
1,B_ARITHMETIC_BIRTH,incumbent,93,ARITH_A,ARITHMETIC,0,0.0,0
1,B_ARITHMETIC_BIRTH,capacity-shadow,93,ARITH_A,ARITHMETIC,0,,0
1,B_ARITHMETIC_BIRTH,geometry-shadow,93,ARITH_A,ARITHMETIC,0,1.7037458419799805,0
1,B_ARITHMETIC_BIRTH,incumbent,94,STORY,STORY,0,0.0,0
1,B_ARITHMETIC_BIRTH,capacity-shadow,94,STORY,STORY,0,,0
1,B_ARITHMETIC_BIRTH,geometry-shadow,94,STORY,STORY,1,0.815155029296875,0
1,B_ARITHMETIC_BIRTH,incumbent,95,ARITH_A,ARITHMETIC,0,0.0,0
1,B_ARITHMETIC_BIRTH,capacity-shadow,95,ARITH_A,ARITHMETIC,1,,0
1,B_ARITHMETIC_BIRTH,geometry-shadow,95,ARITH_A,ARITHMETIC,0,1.7098711729049685,0
1,B_ARITHMETIC_BIRTH,incumbent,96,STORY,STORY,0,0.0,0
1,B_ARITHMETIC_BIRTH,capacity-shadow,96,STORY,STORY,1,,0
1,B_ARITHMETIC_BIRTH,geometry-shadow,96,STORY,STORY,1,0.0133029222488403,0
1,B_ARITHMETIC_BIRTH,incumbent,97,ARITH_A,ARITHMETIC,0,0.0,0
1,B_ARITHMETIC_BIRTH,capacity-shadow,97,ARITH_A,ARITHMETIC,0,,0
1,B_ARITHMETIC_BIRTH,geometry-shadow,97,ARITH_A,ARITHMETIC,0,1.7234820127487185,0
1,B_ARITHMETIC_BIRTH,incumbent,98,ARITH_A,ARITHMETIC,0,0.0,0
1,B_ARITHMETIC_BIRTH,capacity-shadow,98,ARITH_A,ARITHMETIC,1,,0
1,B_ARITHMETIC_BIRTH,geometry-shadow,98,ARITH_A,ARITHMETIC,0,1.699182152748108,0
1,B_ARITHMETIC_BIRTH,incumbent,99,STORY,STORY,0,0.0,0
1,B_ARITHMETIC_BIRTH,capacity-shadow,99,STORY,STORY,0,,0
1,B_ARITHMETIC_BIRTH,geometry-shadow,99,STORY,STORY,1,1.5353198051452637,0
1,B_ARITHMETIC_BIRTH,incumbent,100,STORY,STORY,0,0.0,0
1,B_ARITHMETIC_BIRTH,capacity-shadow,100,STORY,STORY,1,,0
1,B_ARITHMETIC_BIRTH,geometry-shadow,100,STORY,STORY,1,0.1902751922607422,0
1,B_ARITHMETIC_BIRTH,incumbent,101,STORY,STORY,0,0.0,0
1,B_ARITHMETIC_BIRTH,capacity-shadow,101,STORY,STORY,0,,0
1,B_ARITHMETIC_BIRTH,geometry-shadow,101,STORY,STORY,1,1.1078578233718872,0
1,B_ARITHMETIC_BIRTH,incumbent,102,ARITH_A,ARITHMETIC,0,0.0,0
1,B_ARITHMETIC_BIRTH,capacity-shadow,102,ARITH_A,ARITHMETIC,0,,0
1,B_ARITHMETIC_BIRTH,geometry-shadow,102,ARITH_A,ARITHMETIC,0,1.72383713722229,0
1,B_ARITHMETIC_BIRTH,incumbent,103,STORY,STORY,0,0.0,0
1,B_ARITHMETIC_BIRTH,capacity-shadow,103,STORY,STORY,1,,0
1,B_ARITHMETIC_BIRTH,geometry-shadow,103,STORY,STORY,0,1.1428200006484983,0
1,B_ARITHMETIC_BIRTH,incumbent,104,STORY,STORY,0,0.0,0
1,B_ARITHMETIC_BIRTH,capacity-shadow,104,STORY,STORY,0,,0
1,B_ARITHMETIC_BIRTH,geometry-shadow,104,STORY,STORY,1,0.0616755485534668,0
1,B_ARITHMETIC_BIRTH,incumbent,105,ARITH_A,ARITHMETIC,0,0.0,0
1,B_ARITHMETIC_BIRTH,capacity-shadow,105,ARITH_A,ARITHMETIC,1,,0
1,B_ARITHMETIC_BIRTH,geometry-shadow,105,ARITH_A,ARITHMETIC,0,1.7084096670150757,0
1,B_ARITHMETIC_BIRTH,incumbent,106,STORY,STORY,0,0.0,0
1,B_ARITHMETIC_BIRTH,capacity-shadow,106,STORY,STORY,1,,0
1,B_ARITHMETIC_BIRTH,geometry-shadow,106,STORY,STORY,0,0.0977612733840942,0
1,B_ARITHMETIC_BIRTH,incumbent,107,STORY,STORY,0,0.0,0
1,B_ARITHMETIC_BIRTH,capacity-shadow,107,STORY,STORY,0,,0
1,B_ARITHMETIC_BIRTH,geometry-shadow,107,STORY,STORY,1,1.0139745473861694,0
1,B_ARITHMETIC_BIRTH,incumbent,108,ARITH_A,ARITHMETIC,0,0.0,0
1,B_ARITHMETIC_BIRTH,capacity-shadow,108,ARITH_A,ARITHMETIC,0,,0
1,B_ARITHMETIC_BIRTH,geometry-shadow,108,ARITH_A,ARITHMETIC,0,1.6784366369247437,0
1,B_ARITHMETIC_BIRTH,incumbent,109,ARITH_A,ARITHMETIC,0,0.0,0
1,B_ARITHMETIC_BIRTH,capacity-shadow,109,ARITH_A,ARITHMETIC,1,,0
1,B_ARITHMETIC_BIRTH,geometry-shadow,109,ARITH_A,ARITHMETIC,0,1.722697615623474,0
1,B_ARITHMETIC_BIRTH,incumbent,110,ARITH_A,ARITHMETIC,0,0.0,0
1,B_ARITHMETIC_BIRTH,capacity-shadow,110,ARITH_A,ARITHMETIC,0,,0
1,B_ARITHMETIC_BIRTH,geometry-shadow,110,ARITH_A,ARITHMETIC,0,1.7058725357055664,0
1,B_ARITHMETIC_BIRTH,incumbent,111,STORY,STORY,0,0.0,0
1,B_ARITHMETIC_BIRTH,capacity-shadow,111,STORY,STORY,1,,0
1,B_ARITHMETIC_BIRTH,geometry-shadow,111,STORY,STORY,0,0.9295468926429749,0
1,B_ARITHMETIC_BIRTH,incumbent,112,ARITH_A,ARITHMETIC,0,0.0,0
1,B_ARITHMETIC_BIRTH,capacity-shadow,112,ARITH_A,ARITHMETIC,1,,0
1,B_ARITHMETIC_BIRTH,geometry-shadow,112,ARITH_A,ARITHMETIC,0,1.7007285356521606,0
1,B_ARITHMETIC_BIRTH,incumbent,113,ARITH_A,ARITHMETIC,0,0.0,0
1,B_ARITHMETIC_BIRTH,capacity-shadow,113,ARITH_A,ARITHMETIC,0,,0
1,B_ARITHMETIC_BIRTH,geometry-shadow,113,ARITH_A,ARITHMETIC,0,1.7166765928268433,0
1,B_ARITHMETIC_BIRTH,incumbent,114,STORY,STORY,0,0.0,0
1,B_ARITHMETIC_BIRTH,capacity-shadow,114,STORY,STORY,0,,0
1,B_ARITHMETIC_BIRTH,geometry-shadow,114,STORY,STORY,1,0.4134738445281982,0
1,B_ARITHMETIC_BIRTH,incumbent,115,STORY,STORY,0,0.0,0
1,B_ARITHMETIC_BIRTH,capacity-shadow,115,STORY,STORY,1,,0
1,B_ARITHMETIC_BIRTH,geometry-shadow,115,STORY,STORY,1,0.4808728694915771,0
1,B_ARITHMETIC_BIRTH,incumbent,116,STORY,STORY,0,0.0,0
1,B_ARITHMETIC_BIRTH,capacity-shadow,116,STORY,STORY,0,,0
1,B_ARITHMETIC_BIRTH,geometry-shadow,116,STORY,STORY,1,0.3457043170928955,0
1,B_ARITHMETIC_BIRTH,incumbent,117,STORY,STORY,0,0.0,0
1,B_ARITHMETIC_BIRTH,capacity-shadow,117,STORY,STORY,1,,0
1,B_ARITHMETIC_BIRTH,geometry-shadow,117,STORY,STORY,1,1.647417068481445,0
1,B_ARITHMETIC_BIRTH,incumbent,118,ARITH_A,ARITHMETIC,0,0.0,0
1,B_ARITHMETIC_BIRTH,capacity-shadow,118,ARITH_A,ARITHMETIC,1,,0
1,B_ARITHMETIC_BIRTH,geometry-shadow,118,ARITH_A,ARITHMETIC,0,1.6797173023223877,0
1,B_ARITHMETIC_BIRTH,incumbent,119,STORY,STORY,0,0.0,0
1,B_ARITHMETIC_BIRTH,capacity-shadow,119,STORY,STORY,0,,0
1,B_ARITHMETIC_BIRTH,geometry-shadow,119,STORY,STORY,1,0.1120967864990234,0
1,B_ARITHMETIC_BIRTH,incumbent,120,ARITH_A,ARITHMETIC,0,0.0,0
1,B_ARITHMETIC_BIRTH,capacity-shadow,120,ARITH_A,ARITHMETIC,0,,0
1,B_ARITHMETIC_BIRTH,geometry-shadow,120,ARITH_A,ARITHMETIC,0,1.663974046707153,0
1,B_ARITHMETIC_BIRTH,incumbent,121,ARITH_A,ARITHMETIC,0,0.0,0
1,B_ARITHMETIC_BIRTH,capacity-shadow,121,ARITH_A,ARITHMETIC,1,,0
1,B_ARITHMETIC_BIRTH,geometry-shadow,121,ARITH_A,ARITHMETIC,0,1.679807186126709,0
1,B_ARITHMETIC_BIRTH,incumbent,122,ARITH_A,ARITHMETIC,0,0.0,0
1,B_ARITHMETIC_BIRTH,capacity-shadow,122,ARITH_A,ARITHMETIC,0,,0
1,B_ARITHMETIC_BIRTH,geometry-shadow,122,ARITH_A,ARITHMETIC,0,1.715678095817566,0
1,B_ARITHMETIC_BIRTH,incumbent,123,STORY,STORY,0,0.0,0
1,B_ARITHMETIC_BIRTH,capacity-shadow,123,STORY,STORY,1,,0
1,B_ARITHMETIC_BIRTH,geometry-shadow,123,STORY,STORY,0,0.5847300291061401,0
1,B_ARITHMETIC_BIRTH,incumbent,124,STORY,STORY,0,0.0,0
1,B_ARITHMETIC_BIRTH,capacity-shadow,124,STORY,STORY,0,,0
1,B_ARITHMETIC_BIRTH,geometry-shadow,124,STORY,STORY,0,1.267919659614563,0
1,B_ARITHMETIC_BIRTH,incumbent,125,STORY,STORY,0,0.0,0
1,B_ARITHMETIC_BIRTH,capacity-shadow,125,STORY,STORY,1,,0
1,B_ARITHMETIC_BIRTH,geometry-shadow,125,STORY,STORY,1,0.2379040718078613,0
1,B_ARITHMETIC_BIRTH,incumbent,126,ARITH_A,ARITHMETIC,0,0.0,0
1,B_ARITHMETIC_BIRTH,capacity-shadow,126,ARITH_A,ARITHMETIC,1,,0
1,B_ARITHMETIC_BIRTH,geometry-shadow,126,ARITH_A,ARITHMETIC,0,1.7000006437301636,0
1,B_ARITHMETIC_BIRTH,incumbent,127,ARITH_A,ARITHMETIC,0,0.0,0
1,B_ARITHMETIC_BIRTH,capacity-shadow,127,ARITH_A,ARITHMETIC,0,,0
1,B_ARITHMETIC_BIRTH,geometry-shadow,127,ARITH_A,ARITHMETIC,0,1.7337781190872192,0
1,B_ARITHMETIC_BIRTH,incumbent,128,ARITH_A,ARITHMETIC,0,0.0,0
1,B_ARITHMETIC_BIRTH,capacity-shadow,128,ARITH_A,ARITHMETIC,1,,0
1,B_ARITHMETIC_BIRTH,geometry-shadow,128,ARITH_A,ARITHMETIC,0,1.729150891304016,0
1,B_ARITHMETIC_BIRTH,incumbent,129,STORY,STORY,0,0.0,0
1,B_ARITHMETIC_BIRTH,capacity-shadow,129,STORY,STORY,0,,0
1,B_ARITHMETIC_BIRTH,geometry-shadow,129,STORY,STORY,0,0.1509269475936889,0
1,B_ARITHMETIC_BIRTH,incumbent,130,STORY,STORY,0,0.0,0
1,B_ARITHMETIC_BIRTH,capacity-shadow,130,STORY,STORY,1,,0
1,B_ARITHMETIC_BIRTH,geometry-shadow,130,STORY,STORY,1,1.4923574924468994,0
1,B_ARITHMETIC_BIRTH,incumbent,131,STORY,STORY,0,0.0,0
1,B_ARITHMETIC_BIRTH,capacity-shadow,131,STORY,STORY,0,,0
1,B_ARITHMETIC_BIRTH,geometry-shadow,131,STORY,STORY,0,1.0808145999908447,0
1,B_ARITHMETIC_BIRTH,incumbent,132,ARITH_A,ARITHMETIC,0,0.0,0
1,B_ARITHMETIC_BIRTH,capacity-shadow,132,ARITH_A,ARITHMETIC,0,,0
1,B_ARITHMETIC_BIRTH,geometry-shadow,132,ARITH_A,ARITHMETIC,0,1.7187579870224,0
1,B_ARITHMETIC_BIRTH,incumbent,133,ARITH_A,ARITHMETIC,0,0.0,0
1,B_ARITHMETIC_BIRTH,capacity-shadow,133,ARITH_A,ARITHMETIC,1,,0
1,B_ARITHMETIC_BIRTH,geometry-shadow,133,ARITH_A,ARITHMETIC,0,1.724621057510376,0
1,B_ARITHMETIC_BIRTH,incumbent,134,STORY,STORY,0,0.0,0
1,B_ARITHMETIC_BIRTH,capacity-shadow,134,STORY,STORY,1,,0
1,B_ARITHMETIC_BIRTH,geometry-shadow,134,STORY,STORY,0,0.3430178165435791,0
1,B_ARITHMETIC_BIRTH,incumbent,135,STORY,STORY,0,0.0,0
1,B_ARITHMETIC_BIRTH,capacity-shadow,135,STORY,STORY,0,,0
1,B_ARITHMETIC_BIRTH,geometry-shadow,135,STORY,STORY,1,2.0575485229492188,0
1,B_ARITHMETIC_BIRTH,incumbent,136,ARITH_A,ARITHMETIC,0,0.0,0
1,B_ARITHMETIC_BIRTH,capacity-shadow,136,ARITH_A,ARITHMETIC,0,,0
1,B_ARITHMETIC_BIRTH,geometry-shadow,136,ARITH_A,ARITHMETIC,0,1.722761631011963,0
1,B_ARITHMETIC_BIRTH,incumbent,137,STORY,STORY,0,0.0,0
1,B_ARITHMETIC_BIRTH,capacity-shadow,137,STORY,STORY,1,,0
1,B_ARITHMETIC_BIRTH,geometry-shadow,137,STORY,STORY,1,0.2428473234176635,0
1,B_ARITHMETIC_BIRTH,incumbent,138,STORY,STORY,0,0.0,0
1,B_ARITHMETIC_BIRTH,capacity-shadow,138,STORY,STORY,0,,0
1,B_ARITHMETIC_BIRTH,geometry-shadow,138,STORY,STORY,1,1.7553898096084597,0
1,B_ARITHMETIC_BIRTH,incumbent,139,ARITH_A,ARITHMETIC,0,0.0,0
1,B_ARITHMETIC_BIRTH,capacity-shadow,139,ARITH_A,ARITHMETIC,1,,0
1,B_ARITHMETIC_BIRTH,geometry-shadow,139,ARITH_A,ARITHMETIC,0,1.6855942010879517,0
1,B_ARITHMETIC_BIRTH,incumbent,140,ARITH_A,ARITHMETIC,0,0.0,0
1,B_ARITHMETIC_BIRTH,capacity-shadow,140,ARITH_A,ARITHMETIC,0,,0
1,B_ARITHMETIC_BIRTH,geometry-shadow,140,ARITH_A,ARITHMETIC,0,1.6906863451004028,0
1,B_ARITHMETIC_BIRTH,incumbent,141,STORY,STORY,0,0.0,0
1,B_ARITHMETIC_BIRTH,capacity-shadow,141,STORY,STORY,1,,0
1,B_ARITHMETIC_BIRTH,geometry-shadow,141,STORY,STORY,0,0.7714600563049316,0
1,B_ARITHMETIC_BIRTH,incumbent,142,STORY,STORY,0,0.0,0
1,B_ARITHMETIC_BIRTH,capacity-shadow,142,STORY,STORY,0,,0
1,B_ARITHMETIC_BIRTH,geometry-shadow,142,STORY,STORY,1,0.7437139749526978,0
1,B_ARITHMETIC_BIRTH,incumbent,143,ARITH_A,ARITHMETIC,0,0.0,0
1,B_ARITHMETIC_BIRTH,capacity-shadow,143,ARITH_A,ARITHMETIC,1,,0
1,B_ARITHMETIC_BIRTH,geometry-shadow,143,ARITH_A,ARITHMETIC,0,1.7087396383285522,0
1,B_ARITHMETIC_BIRTH,incumbent,144,ARITH_A,ARITHMETIC,0,0.0,0
1,B_ARITHMETIC_BIRTH,capacity-shadow,144,ARITH_A,ARITHMETIC,0,,0
1,B_ARITHMETIC_BIRTH,geometry-shadow,144,ARITH_A,ARITHMETIC,0,1.6996341943740845,0
1,B_ARITHMETIC_BIRTH,incumbent,145,ARITH_A,ARITHMETIC,0,0.0,0
1,B_ARITHMETIC_BIRTH,capacity-shadow,145,ARITH_A,ARITHMETIC,1,,0
1,B_ARITHMETIC_BIRTH,geometry-shadow,145,ARITH_A,ARITHMETIC,0,1.7016284465789795,0
1,B_ARITHMETIC_BIRTH,incumbent,146,STORY,STORY,0,0.0,0
1,B_ARITHMETIC_BIRTH,capacity-shadow,146,STORY,STORY,1,,0
1,B_ARITHMETIC_BIRTH,geometry-shadow,146,STORY,STORY,1,1.6783623695373535,0
1,B_ARITHMETIC_BIRTH,incumbent,147,ARITH_A,ARITHMETIC,0,0.0,0
1,B_ARITHMETIC_BIRTH,capacity-shadow,147,ARITH_A,ARITHMETIC,0,,0
1,B_ARITHMETIC_BIRTH,geometry-shadow,147,ARITH_A,ARITHMETIC,0,1.6544934511184692,0
1,B_ARITHMETIC_BIRTH,incumbent,148,ARITH_A,ARITHMETIC,0,0.0,0
1,B_ARITHMETIC_BIRTH,capacity-shadow,148,ARITH_A,ARITHMETIC,1,,0
1,B_ARITHMETIC_BIRTH,geometry-shadow,148,ARITH_A,ARITHMETIC,0,1.724479913711548,0
1,B_ARITHMETIC_BIRTH,incumbent,149,ARITH_A,ARITHMETIC,0,0.0,0
1,B_ARITHMETIC_BIRTH,capacity-shadow,149,ARITH_A,ARITHMETIC,0,,0
1,B_ARITHMETIC_BIRTH,geometry-shadow,149,ARITH_A,ARITHMETIC,0,1.7125139236450195,0
1,B_ARITHMETIC_BIRTH,incumbent,150,STORY,STORY,0,0.0,0
1,B_ARITHMETIC_BIRTH,capacity-shadow,150,STORY,STORY,0,,0
1,B_ARITHMETIC_BIRTH,geometry-shadow,150,STORY,STORY,1,1.4900035858154297,0
1,B_ARITHMETIC_BIRTH,incumbent,151,ARITH_A,ARITHMETIC,0,0.0,0
1,B_ARITHMETIC_BIRTH,capacity-shadow,151,ARITH_A,ARITHMETIC,1,,0
1,B_ARITHMETIC_BIRTH,geometry-shadow,151,ARITH_A,ARITHMETIC,0,1.7326483726501465,0
1,B_ARITHMETIC_BIRTH,incumbent,152,STORY,STORY,0,0.0,0
1,B_ARITHMETIC_BIRTH,capacity-shadow,152,STORY,STORY,1,,0
1,B_ARITHMETIC_BIRTH,geometry-shadow,152,STORY,STORY,0,0.6143018007278442,0
1,B_ARITHMETIC_BIRTH,incumbent,153,STORY,STORY,0,0.0,0
1,B_ARITHMETIC_BIRTH,capacity-shadow,153,STORY,STORY,0,,0
1,B_ARITHMETIC_BIRTH,geometry-shadow,153,STORY,STORY,1,0.9228284358978271,0
1,B_ARITHMETIC_BIRTH,incumbent,154,ARITH_A,ARITHMETIC,0,0.0,0
1,B_ARITHMETIC_BIRTH,capacity-shadow,154,ARITH_A,ARITHMETIC,0,,0
1,B_ARITHMETIC_BIRTH,geometry-shadow,154,ARITH_A,ARITHMETIC,0,1.7192752361297607,0
1,B_ARITHMETIC_BIRTH,incumbent,155,STORY,STORY,0,0.0,0
1,B_ARITHMETIC_BIRTH,capacity-shadow,155,STORY,STORY,1,,0
1,B_ARITHMETIC_BIRTH,geometry-shadow,155,STORY,STORY,0,0.7936433553695679,0
1,B_ARITHMETIC_BIRTH,incumbent,156,STORY,STORY,0,0.0,0
1,B_ARITHMETIC_BIRTH,capacity-shadow,156,STORY,STORY,0,,0
1,B_ARITHMETIC_BIRTH,geometry-shadow,156,STORY,STORY,1,1.6800248622894287,0
1,B_ARITHMETIC_BIRTH,incumbent,157,ARITH_A,ARITHMETIC,0,0.0,0
1,B_ARITHMETIC_BIRTH,capacity-shadow,157,ARITH_A,ARITHMETIC,1,,0
1,B_ARITHMETIC_BIRTH,geometry-shadow,157,ARITH_A,ARITHMETIC,0,1.6920161247253418,0
1,B_ARITHMETIC_BIRTH,incumbent,158,STORY,STORY,0,0.0,0
1,B_ARITHMETIC_BIRTH,capacity-shadow,158,STORY,STORY,1,,0
1,B_ARITHMETIC_BIRTH,geometry-shadow,158,STORY,STORY,1,0.8947048187255859,0
1,B_ARITHMETIC_BIRTH,incumbent,159,ARITH_A,ARITHMETIC,0,0.0,0
1,B_ARITHMETIC_BIRTH,capacity-shadow,159,ARITH_A,ARITHMETIC,0,,0
1,B_ARITHMETIC_BIRTH,geometry-shadow,159,ARITH_A,ARITHMETIC,0,1.6901670694351196,0
1,B_ARITHMETIC_BIRTH,incumbent,160,ARITH_A,ARITHMETIC,0,0.0,0
1,B_ARITHMETIC_BIRTH,capacity-shadow,160,ARITH_A,ARITHMETIC,1,,0
1,B_ARITHMETIC_BIRTH,geometry-shadow,160,ARITH_A,ARITHMETIC,0,1.7351211309432983,0
1,B_ARITHMETIC_BIRTH,incumbent,161,ARITH_A,ARITHMETIC,0,0.0,0
1,B_ARITHMETIC_BIRTH,capacity-shadow,161,ARITH_A,ARITHMETIC,0,,0
1,B_ARITHMETIC_BIRTH,geometry-shadow,161,ARITH_A,ARITHMETIC,0,1.682702898979187,0
1,B_ARITHMETIC_BIRTH,incumbent,162,STORY,STORY,0,0.0,0
1,B_ARITHMETIC_BIRTH,capacity-shadow,162,STORY,STORY,0,,0
1,B_ARITHMETIC_BIRTH,geometry-shadow,162,STORY,STORY,0,1.1599712371826172,0
1,B_ARITHMETIC_BIRTH,incumbent,163,STORY,STORY,0,0.0,0
1,B_ARITHMETIC_BIRTH,capacity-shadow,163,STORY,STORY,1,,0
1,B_ARITHMETIC_BIRTH,geometry-shadow,163,STORY,STORY,0,0.5318052768707275,0
1,B_ARITHMETIC_BIRTH,incumbent,164,STORY,STORY,0,0.0,0
1,B_ARITHMETIC_BIRTH,capacity-shadow,164,STORY,STORY,0,,0
1,B_ARITHMETIC_BIRTH,geometry-shadow,164,STORY,STORY,1,1.5241949558258057,0
1,B_ARITHMETIC_BIRTH,incumbent,165,STORY,STORY,0,0.0,0
1,B_ARITHMETIC_BIRTH,capacity-shadow,165,STORY,STORY,1,,0
1,B_ARITHMETIC_BIRTH,geometry-shadow,165,STORY,STORY,0,0.1329691410064697,0
1,B_ARITHMETIC_BIRTH,incumbent,166,STORY,STORY,0,0.0,0
1,B_ARITHMETIC_BIRTH,capacity-shadow,166,STORY,STORY,0,,0
1,B_ARITHMETIC_BIRTH,geometry-shadow,166,STORY,STORY,1,1.5107600688934326,0
1,B_ARITHMETIC_BIRTH,incumbent,167,ARITH_A,ARITHMETIC,0,0.0,0
1,B_ARITHMETIC_BIRTH,capacity-shadow,167,ARITH_A,ARITHMETIC,1,,0
1,B_ARITHMETIC_BIRTH,geometry-shadow,167,ARITH_A,ARITHMETIC,0,1.7122273445129397,0
1,B_ARITHMETIC_BIRTH,incumbent,168,ARITH_A,ARITHMETIC,0,0.0,0
1,B_ARITHMETIC_BIRTH,capacity-shadow,168,ARITH_A,ARITHMETIC,0,,0
1,B_ARITHMETIC_BIRTH,geometry-shadow,168,ARITH_A,ARITHMETIC,0,1.6800618171691897,0
1,B_ARITHMETIC_BIRTH,incumbent,169,ARITH_A,ARITHMETIC,0,0.0,0
1,B_ARITHMETIC_BIRTH,capacity-shadow,169,ARITH_A,ARITHMETIC,1,,0
1,B_ARITHMETIC_BIRTH,geometry-shadow,169,ARITH_A,ARITHMETIC,0,1.697712540626526,0
1,B_ARITHMETIC_BIRTH,incumbent,170,STORY,STORY,0,0.0,0
1,B_ARITHMETIC_BIRTH,capacity-shadow,170,STORY,STORY,1,,0
1,B_ARITHMETIC_BIRTH,geometry-shadow,170,STORY,STORY,1,1.4533638954162598,0
1,B_ARITHMETIC_BIRTH,incumbent,171,STORY,STORY,0,0.0,0
1,B_ARITHMETIC_BIRTH,capacity-shadow,171,STORY,STORY,0,,0
1,B_ARITHMETIC_BIRTH,geometry-shadow,171,STORY,STORY,1,1.77702796459198,0
1,B_ARITHMETIC_BIRTH,incumbent,172,STORY,STORY,0,0.0,0
1,B_ARITHMETIC_BIRTH,capacity-shadow,172,STORY,STORY,1,,0
1,B_ARITHMETIC_BIRTH,geometry-shadow,172,STORY,STORY,1,0.4738771915435791,0
1,B_ARITHMETIC_BIRTH,incumbent,173,STORY,STORY,0,0.0,0
1,B_ARITHMETIC_BIRTH,capacity-shadow,173,STORY,STORY,0,,0
1,B_ARITHMETIC_BIRTH,geometry-shadow,173,STORY,STORY,1,0.394618272781372,0
1,B_ARITHMETIC_BIRTH,incumbent,174,STORY,STORY,0,0.0,0
1,B_ARITHMETIC_BIRTH,capacity-shadow,174,STORY,STORY,1,,0
1,B_ARITHMETIC_BIRTH,geometry-shadow,174,STORY,STORY,1,0.2251331806182861,0
1,B_ARITHMETIC_BIRTH,incumbent,175,ARITH_A,ARITHMETIC,0,0.0,0
1,B_ARITHMETIC_BIRTH,capacity-shadow,175,ARITH_A,ARITHMETIC,0,,0
1,B_ARITHMETIC_BIRTH,geometry-shadow,175,ARITH_A,ARITHMETIC,0,1.7165913581848145,0
1,B_ARITHMETIC_BIRTH,incumbent,176,ARITH_A,ARITHMETIC,0,0.0,0
1,B_ARITHMETIC_BIRTH,capacity-shadow,176,ARITH_A,ARITHMETIC,1,,0
1,B_ARITHMETIC_BIRTH,geometry-shadow,176,ARITH_A,ARITHMETIC,0,1.720454216003418,0
1,B_ARITHMETIC_BIRTH,incumbent,177,ARITH_A,ARITHMETIC,0,0.0,0
1,B_ARITHMETIC_BIRTH,capacity-shadow,177,ARITH_A,ARITHMETIC,0,,0
1,B_ARITHMETIC_BIRTH,geometry-shadow,177,ARITH_A,ARITHMETIC,0,1.6994140148162842,0
1,B_ARITHMETIC_BIRTH,incumbent,178,STORY,STORY,0,0.0,0
1,B_ARITHMETIC_BIRTH,capacity-shadow,178,STORY,STORY,0,,0
1,B_ARITHMETIC_BIRTH,geometry-shadow,178,STORY,STORY,1,0.2553446292877197,0
1,B_ARITHMETIC_BIRTH,incumbent,179,STORY,STORY,0,0.0,0
1,B_ARITHMETIC_BIRTH,capacity-shadow,179,STORY,STORY,1,,0
1,B_ARITHMETIC_BIRTH,geometry-shadow,179,STORY,STORY,1,0.4055780172348022,0
1,B_ARITHMETIC_BIRTH,incumbent,180,ARITH_A,ARITHMETIC,0,0.0,0
1,B_ARITHMETIC_BIRTH,capacity-shadow,180,ARITH_A,ARITHMETIC,1,,0
1,B_ARITHMETIC_BIRTH,geometry-shadow,180,ARITH_A,ARITHMETIC,0,1.6729915142059326,0
1,B_ARITHMETIC_BIRTH,incumbent,181,STORY,STORY,0,0.0,0
1,B_ARITHMETIC_BIRTH,capacity-shadow,181,STORY,STORY,0,,0
1,B_ARITHMETIC_BIRTH,geometry-shadow,181,STORY,STORY,1,1.58302903175354,0
1,B_ARITHMETIC_BIRTH,incumbent,182,STORY,STORY,0,0.0,0
1,B_ARITHMETIC_BIRTH,capacity-shadow,182,STORY,STORY,1,,0
1,B_ARITHMETIC_BIRTH,geometry-shadow,182,STORY,STORY,1,1.3827292919158936,0
1,B_ARITHMETIC_BIRTH,incumbent,183,STORY,STORY,0,0.0,0
1,B_ARITHMETIC_BIRTH,capacity-shadow,183,STORY,STORY,0,,0
1,B_ARITHMETIC_BIRTH,geometry-shadow,183,STORY,STORY,1,1.2046831846237185,0
1,B_ARITHMETIC_BIRTH,incumbent,184,ARITH_A,ARITHMETIC,0,0.0,0
1,B_ARITHMETIC_BIRTH,capacity-shadow,184,ARITH_A,ARITHMETIC,0,,0
1,B_ARITHMETIC_BIRTH,geometry-shadow,184,ARITH_A,ARITHMETIC,0,1.7084980010986328,0
1,B_ARITHMETIC_BIRTH,incumbent,185,ARITH_A,ARITHMETIC,0,0.0,0
1,B_ARITHMETIC_BIRTH,capacity-shadow,185,ARITH_A,ARITHMETIC,1,,0
1,B_ARITHMETIC_BIRTH,geometry-shadow,185,ARITH_A,ARITHMETIC,0,1.7213116884231567,0
1,B_ARITHMETIC_BIRTH,incumbent,186,ARITH_A,ARITHMETIC,0,0.0,0
1,B_ARITHMETIC_BIRTH,capacity-shadow,186,ARITH_A,ARITHMETIC,0,,0
1,B_ARITHMETIC_BIRTH,geometry-shadow,186,ARITH_A,ARITHMETIC,0,1.6936862468719482,0
1,B_ARITHMETIC_BIRTH,incumbent,187,ARITH_A,ARITHMETIC,0,0.0,0
1,B_ARITHMETIC_BIRTH,capacity-shadow,187,ARITH_A,ARITHMETIC,1,,0
1,B_ARITHMETIC_BIRTH,geometry-shadow,187,ARITH_A,ARITHMETIC,0,1.6986452341079712,0
1,B_ARITHMETIC_BIRTH,incumbent,188,ARITH_A,ARITHMETIC,0,0.0,0
1,B_ARITHMETIC_BIRTH,capacity-shadow,188,ARITH_A,ARITHMETIC,0,,0
1,B_ARITHMETIC_BIRTH,geometry-shadow,188,ARITH_A,ARITHMETIC,0,1.7117151021957395,0
1,B_ARITHMETIC_BIRTH,incumbent,189,ARITH_A,ARITHMETIC,0,0.0,0
1,B_ARITHMETIC_BIRTH,capacity-shadow,189,ARITH_A,ARITHMETIC,1,,0
1,B_ARITHMETIC_BIRTH,geometry-shadow,189,ARITH_A,ARITHMETIC,0,1.7319135665893557,0
1,B_ARITHMETIC_BIRTH,incumbent,190,ARITH_A,ARITHMETIC,0,0.0,0
1,B_ARITHMETIC_BIRTH,capacity-shadow,190,ARITH_A,ARITHMETIC,0,,0
1,B_ARITHMETIC_BIRTH,geometry-shadow,190,ARITH_A,ARITHMETIC,0,1.711176872253418,0
1,B_ARITHMETIC_BIRTH,incumbent,191,ARITH_A,ARITHMETIC,0,0.0,0
1,B_ARITHMETIC_BIRTH,capacity-shadow,191,ARITH_A,ARITHMETIC,1,,0
1,B_ARITHMETIC_BIRTH,geometry-shadow,191,ARITH_A,ARITHMETIC,0,1.703554391860962,0
1,B_ARITHMETIC_BIRTH,incumbent,192,STORY,STORY,0,0.0,0
1,B_ARITHMETIC_BIRTH,capacity-shadow,192,STORY,STORY,1,,0
1,B_ARITHMETIC_BIRTH,geometry-shadow,192,STORY,STORY,1,1.0628743171691897,0
1,B_ARITHMETIC_BIRTH,incumbent,193,STORY,STORY,0,0.0,0
1,B_ARITHMETIC_BIRTH,capacity-shadow,193,STORY,STORY,0,,0
1,B_ARITHMETIC_BIRTH,geometry-shadow,193,STORY,STORY,0,0.5787053108215332,0
1,B_ARITHMETIC_BIRTH,incumbent,194,STORY,STORY,0,0.0,0
1,B_ARITHMETIC_BIRTH,capacity-shadow,194,STORY,STORY,1,,0
1,B_ARITHMETIC_BIRTH,geometry-shadow,194,STORY,STORY,0,0.0133932828903198,0
1,B_ARITHMETIC_BIRTH,incumbent,195,ARITH_A,ARITHMETIC,0,0.0,0
1,B_ARITHMETIC_BIRTH,capacity-shadow,195,ARITH_A,ARITHMETIC,0,,0
1,B_ARITHMETIC_BIRTH,geometry-shadow,195,ARITH_A,ARITHMETIC,0,1.7108901739120483,0
1,B_ARITHMETIC_BIRTH,incumbent,196,STORY,STORY,0,0.0,0
1,B_ARITHMETIC_BIRTH,capacity-shadow,196,STORY,STORY,0,,0
1,B_ARITHMETIC_BIRTH,geometry-shadow,196,STORY,STORY,0,1.0020196437835691,0
1,B_ARITHMETIC_BIRTH,incumbent,197,STORY,STORY,0,0.0,0
1,B_ARITHMETIC_BIRTH,capacity-shadow,197,STORY,STORY,1,,0
1,B_ARITHMETIC_BIRTH,geometry-shadow,197,STORY,STORY,0,0.5699959397315979,0
1,B_ARITHMETIC_BIRTH,incumbent,198,STORY,STORY,0,0.0,0
1,B_ARITHMETIC_BIRTH,capacity-shadow,198,STORY,STORY,0,,0
1,B_ARITHMETIC_BIRTH,geometry-shadow,198,STORY,STORY,1,1.7794954776763916,0
1,B_ARITHMETIC_BIRTH,incumbent,199,ARITH_A,ARITHMETIC,0,0.0,0
1,B_ARITHMETIC_BIRTH,capacity-shadow,199,ARITH_A,ARITHMETIC,1,,0
1,B_ARITHMETIC_BIRTH,geometry-shadow,199,ARITH_A,ARITHMETIC,0,1.7268739938735962,0
1,B_ARITHMETIC_BIRTH,incumbent,200,STORY,STORY,0,0.0,0
1,B_ARITHMETIC_BIRTH,capacity-shadow,200,STORY,STORY,1,,0
1,B_ARITHMETIC_BIRTH,geometry-shadow,200,STORY,STORY,1,0.4526753425598144,0
1,B_ARITHMETIC_BIRTH,incumbent,201,ARITH_A,ARITHMETIC,0,0.0,0
1,B_ARITHMETIC_BIRTH,capacity-shadow,201,ARITH_A,ARITHMETIC,0,,0
1,B_ARITHMETIC_BIRTH,geometry-shadow,201,ARITH_A,ARITHMETIC,0,1.6939034461975098,0
1,B_ARITHMETIC_BIRTH,incumbent,202,STORY,STORY,0,0.0,0
1,B_ARITHMETIC_BIRTH,capacity-shadow,202,STORY,STORY,0,,0
1,B_ARITHMETIC_BIRTH,geometry-shadow,202,STORY,STORY,1,0.8132335543632507,0
1,B_ARITHMETIC_BIRTH,incumbent,203,ARITH_A,ARITHMETIC,0,0.0,0
1,B_ARITHMETIC_BIRTH,capacity-shadow,203,ARITH_A,ARITHMETIC,1,,0
1,B_ARITHMETIC_BIRTH,geometry-shadow,203,ARITH_A,ARITHMETIC,0,1.7323920726776123,0
1,B_ARITHMETIC_BIRTH,incumbent,204,ARITH_A,ARITHMETIC,0,0.0,0
1,B_ARITHMETIC_BIRTH,capacity-shadow,204,ARITH_A,ARITHMETIC,0,,0
1,B_ARITHMETIC_BIRTH,geometry-shadow,204,ARITH_A,ARITHMETIC,0,1.7195303440093994,0
1,B_ARITHMETIC_BIRTH,incumbent,205,STORY,STORY,0,0.0,0
1,B_ARITHMETIC_BIRTH,capacity-shadow,205,STORY,STORY,1,,0
1,B_ARITHMETIC_BIRTH,geometry-shadow,205,STORY,STORY,1,1.507351994514465,0
1,B_ARITHMETIC_BIRTH,incumbent,206,STORY,STORY,0,0.0,0
1,B_ARITHMETIC_BIRTH,capacity-shadow,206,STORY,STORY,0,,0
1,B_ARITHMETIC_BIRTH,geometry-shadow,206,STORY,STORY,1,0.2079429626464843,0
1,B_ARITHMETIC_BIRTH,incumbent,207,STORY,STORY,0,0.0,0
1,B_ARITHMETIC_BIRTH,capacity-shadow,207,STORY,STORY,1,,0
1,B_ARITHMETIC_BIRTH,geometry-shadow,207,STORY,STORY,1,0.1123613119125366,0
1,B_ARITHMETIC_BIRTH,incumbent,208,STORY,STORY,0,0.0,0
1,B_ARITHMETIC_BIRTH,capacity-shadow,208,STORY,STORY,0,,0
1,B_ARITHMETIC_BIRTH,geometry-shadow,208,STORY,STORY,1,0.7816065549850464,0
1,B_ARITHMETIC_BIRTH,incumbent,209,ARITH_A,ARITHMETIC,0,0.0,0
1,B_ARITHMETIC_BIRTH,capacity-shadow,209,ARITH_A,ARITHMETIC,1,,0
1,B_ARITHMETIC_BIRTH,geometry-shadow,209,ARITH_A,ARITHMETIC,0,1.721413493156433,0
1,B_ARITHMETIC_BIRTH,incumbent,210,STORY,STORY,0,0.0,0
1,B_ARITHMETIC_BIRTH,capacity-shadow,210,STORY,STORY,1,,0
1,B_ARITHMETIC_BIRTH,geometry-shadow,210,STORY,STORY,1,1.4621186256408691,0
1,B_ARITHMETIC_BIRTH,incumbent,211,STORY,STORY,0,0.0,0
1,B_ARITHMETIC_BIRTH,capacity-shadow,211,STORY,STORY,0,,0
1,B_ARITHMETIC_BIRTH,geometry-shadow,211,STORY,STORY,0,0.8826266527175903,0
1,B_ARITHMETIC_BIRTH,incumbent,212,ARITH_A,ARITHMETIC,0,0.0,0
1,B_ARITHMETIC_BIRTH,capacity-shadow,212,ARITH_A,ARITHMETIC,0,,0
1,B_ARITHMETIC_BIRTH,geometry-shadow,212,ARITH_A,ARITHMETIC,0,1.714944839477539,0
1,B_ARITHMETIC_BIRTH,incumbent,213,ARITH_A,ARITHMETIC,0,0.0,0
1,B_ARITHMETIC_BIRTH,capacity-shadow,213,ARITH_A,ARITHMETIC,1,,0
1,B_ARITHMETIC_BIRTH,geometry-shadow,213,ARITH_A,ARITHMETIC,0,1.719380259513855,0
1,B_ARITHMETIC_BIRTH,incumbent,214,ARITH_A,ARITHMETIC,0,0.0,0
1,B_ARITHMETIC_BIRTH,capacity-shadow,214,ARITH_A,ARITHMETIC,0,,0
1,B_ARITHMETIC_BIRTH,geometry-shadow,214,ARITH_A,ARITHMETIC,0,1.6899420022964478,0
1,B_ARITHMETIC_BIRTH,incumbent,215,STORY,STORY,0,0.0,0
1,B_ARITHMETIC_BIRTH,capacity-shadow,215,STORY,STORY,1,,0
1,B_ARITHMETIC_BIRTH,geometry-shadow,215,STORY,STORY,1,0.698151171207428,0
1,B_ARITHMETIC_BIRTH,incumbent,216,STORY,STORY,0,0.0,0
1,B_ARITHMETIC_BIRTH,capacity-shadow,216,STORY,STORY,0,,0
1,B_ARITHMETIC_BIRTH,geometry-shadow,216,STORY,STORY,0,0.557437539100647,0
1,B_ARITHMETIC_BIRTH,incumbent,217,ARITH_A,ARITHMETIC,0,0.0,0
1,B_ARITHMETIC_BIRTH,capacity-shadow,217,ARITH_A,ARITHMETIC,1,,0
1,B_ARITHMETIC_BIRTH,geometry-shadow,217,ARITH_A,ARITHMETIC,0,1.6896076202392578,0
1,B_ARITHMETIC_BIRTH,incumbent,218,ARITH_A,ARITHMETIC,0,0.0,0
1,B_ARITHMETIC_BIRTH,capacity-shadow,218,ARITH_A,ARITHMETIC,0,,0
1,B_ARITHMETIC_BIRTH,geometry-shadow,218,ARITH_A,ARITHMETIC,0,1.6772156953811646,0
1,B_ARITHMETIC_BIRTH,incumbent,219,ARITH_A,ARITHMETIC,0,0.0,0
1,B_ARITHMETIC_BIRTH,capacity-shadow,219,ARITH_A,ARITHMETIC,1,,0
1,B_ARITHMETIC_BIRTH,geometry-shadow,219,ARITH_A,ARITHMETIC,0,1.7057427167892456,0
1,B_ARITHMETIC_BIRTH,incumbent,220,STORY,STORY,0,0.0,0
1,B_ARITHMETIC_BIRTH,capacity-shadow,220,STORY,STORY,1,,0
1,B_ARITHMETIC_BIRTH,geometry-shadow,220,STORY,STORY,0,0.2140170335769653,0
1,B_ARITHMETIC_BIRTH,incumbent,221,STORY,STORY,0,0.0,0
1,B_ARITHMETIC_BIRTH,capacity-shadow,221,STORY,STORY,0,,0
1,B_ARITHMETIC_BIRTH,geometry-shadow,221,STORY,STORY,1,0.4751420021057129,0
1,B_ARITHMETIC_BIRTH,incumbent,222,STORY,STORY,0,0.0,0
1,B_ARITHMETIC_BIRTH,capacity-shadow,222,STORY,STORY,1,,0
1,B_ARITHMETIC_BIRTH,geometry-shadow,222,STORY,STORY,1,0.0634691715240478,0
1,B_ARITHMETIC_BIRTH,incumbent,223,ARITH_A,ARITHMETIC,0,0.0,0
1,B_ARITHMETIC_BIRTH,capacity-shadow,223,ARITH_A,ARITHMETIC,0,,0
1,B_ARITHMETIC_BIRTH,geometry-shadow,223,ARITH_A,ARITHMETIC,0,1.6893678903579712,0
1,B_ARITHMETIC_BIRTH,incumbent,224,ARITH_A,ARITHMETIC,0,0.0,0
1,B_ARITHMETIC_BIRTH,capacity-shadow,224,ARITH_A,ARITHMETIC,1,,0
1,B_ARITHMETIC_BIRTH,geometry-shadow,224,ARITH_A,ARITHMETIC,0,1.6983166933059692,0
1,B_ARITHMETIC_BIRTH,incumbent,225,STORY,STORY,0,0.0,0
1,B_ARITHMETIC_BIRTH,capacity-shadow,225,STORY,STORY,0,,0
1,B_ARITHMETIC_BIRTH,geometry-shadow,225,STORY,STORY,1,0.2762086391448974,0
1,B_ARITHMETIC_BIRTH,incumbent,226,STORY,STORY,0,0.0,0
1,B_ARITHMETIC_BIRTH,capacity-shadow,226,STORY,STORY,1,,0
1,B_ARITHMETIC_BIRTH,geometry-shadow,226,STORY,STORY,1,2.0688509941101074,0
1,B_ARITHMETIC_BIRTH,incumbent,227,ARITH_A,ARITHMETIC,0,0.0,0
1,B_ARITHMETIC_BIRTH,capacity-shadow,227,ARITH_A,ARITHMETIC,0,,0
1,B_ARITHMETIC_BIRTH,geometry-shadow,227,ARITH_A,ARITHMETIC,0,1.6832482814788818,0
1,B_ARITHMETIC_BIRTH,incumbent,228,ARITH_A,ARITHMETIC,0,0.0,0
1,B_ARITHMETIC_BIRTH,capacity-shadow,228,ARITH_A,ARITHMETIC,1,,0
1,B_ARITHMETIC_BIRTH,geometry-shadow,228,ARITH_A,ARITHMETIC,0,1.6800625324249268,0
1,B_ARITHMETIC_BIRTH,incumbent,229,ARITH_A,ARITHMETIC,0,0.0,0
1,B_ARITHMETIC_BIRTH,capacity-shadow,229,ARITH_A,ARITHMETIC,0,,0
1,B_ARITHMETIC_BIRTH,geometry-shadow,229,ARITH_A,ARITHMETIC,0,1.6853203773498535,0
1,B_ARITHMETIC_BIRTH,incumbent,230,STORY,STORY,0,0.0,0
1,B_ARITHMETIC_BIRTH,capacity-shadow,230,STORY,STORY,0,,0
1,B_ARITHMETIC_BIRTH,geometry-shadow,230,STORY,STORY,0,0.6825112104415894,0
1,B_ARITHMETIC_BIRTH,incumbent,231,STORY,STORY,0,0.0,0
1,B_ARITHMETIC_BIRTH,capacity-shadow,231,STORY,STORY,1,,0
1,B_ARITHMETIC_BIRTH,geometry-shadow,231,STORY,STORY,0,1.0225534439086914,0
1,B_ARITHMETIC_BIRTH,incumbent,232,STORY,STORY,0,0.0,0
1,B_ARITHMETIC_BIRTH,capacity-shadow,232,STORY,STORY,0,,0
1,B_ARITHMETIC_BIRTH,geometry-shadow,232,STORY,STORY,0,0.9636407494544984,0
1,B_ARITHMETIC_BIRTH,incumbent,233,STORY,STORY,0,0.0,0
1,B_ARITHMETIC_BIRTH,capacity-shadow,233,STORY,STORY,1,,0
1,B_ARITHMETIC_BIRTH,geometry-shadow,233,STORY,STORY,0,0.1499683856964111,0
1,B_ARITHMETIC_BIRTH,incumbent,234,STORY,STORY,0,0.0,0
1,B_ARITHMETIC_BIRTH,capacity-shadow,234,STORY,STORY,0,,0
1,B_ARITHMETIC_BIRTH,geometry-shadow,234,STORY,STORY,0,0.7602605819702148,0
1,B_ARITHMETIC_BIRTH,incumbent,235,ARITH_A,ARITHMETIC,0,0.0,0
1,B_ARITHMETIC_BIRTH,capacity-shadow,235,ARITH_A,ARITHMETIC,1,,0
1,B_ARITHMETIC_BIRTH,geometry-shadow,235,ARITH_A,ARITHMETIC,0,1.680567502975464,0
1,B_ARITHMETIC_BIRTH,incumbent,236,ARITH_A,ARITHMETIC,0,0.0,0
1,B_ARITHMETIC_BIRTH,capacity-shadow,236,ARITH_A,ARITHMETIC,0,,0
1,B_ARITHMETIC_BIRTH,geometry-shadow,236,ARITH_A,ARITHMETIC,0,1.7267112731933594,0
1,B_ARITHMETIC_BIRTH,incumbent,237,ARITH_A,ARITHMETIC,0,0.0,0
1,B_ARITHMETIC_BIRTH,capacity-shadow,237,ARITH_A,ARITHMETIC,1,,0
1,B_ARITHMETIC_BIRTH,geometry-shadow,237,ARITH_A,ARITHMETIC,0,1.718476414680481,0
1,B_ARITHMETIC_BIRTH,incumbent,238,ARITH_A,ARITHMETIC,0,0.0,0
1,B_ARITHMETIC_BIRTH,capacity-shadow,238,ARITH_A,ARITHMETIC,0,,0
1,B_ARITHMETIC_BIRTH,geometry-shadow,238,ARITH_A,ARITHMETIC,0,1.729649305343628,0
1,B_ARITHMETIC_BIRTH,incumbent,239,STORY,STORY,0,0.0,0
1,B_ARITHMETIC_BIRTH,capacity-shadow,239,STORY,STORY,1,,0
1,B_ARITHMETIC_BIRTH,geometry-shadow,239,STORY,STORY,1,0.7160828113555908,0
1,B_ARITHMETIC_BIRTH,incumbent,240,STORY,STORY,0,0.0,0
1,B_ARITHMETIC_BIRTH,capacity-shadow,240,STORY,STORY,0,,0
1,B_ARITHMETIC_BIRTH,geometry-shadow,240,STORY,STORY,0,0.5876604318618774,0
1,B_ARITHMETIC_BIRTH,incumbent,241,ARITH_A,ARITHMETIC,0,0.0,0
1,B_ARITHMETIC_BIRTH,capacity-shadow,241,ARITH_A,ARITHMETIC,1,,0
1,B_ARITHMETIC_BIRTH,geometry-shadow,241,ARITH_A,ARITHMETIC,0,1.7314233779907229,0
1,B_ARITHMETIC_BIRTH,incumbent,242,ARITH_A,ARITHMETIC,0,0.0,0
1,B_ARITHMETIC_BIRTH,capacity-shadow,242,ARITH_A,ARITHMETIC,0,,0
1,B_ARITHMETIC_BIRTH,geometry-shadow,242,ARITH_A,ARITHMETIC,0,1.6586573123931885,0
1,B_ARITHMETIC_BIRTH,incumbent,243,STORY,STORY,0,0.0,0
1,B_ARITHMETIC_BIRTH,capacity-shadow,243,STORY,STORY,1,,0
1,B_ARITHMETIC_BIRTH,geometry-shadow,243,STORY,STORY,0,1.0659563541412354,0
1,B_ARITHMETIC_BIRTH,incumbent,244,ARITH_A,ARITHMETIC,0,0.0,0
1,B_ARITHMETIC_BIRTH,capacity-shadow,244,ARITH_A,ARITHMETIC,1,,0
1,B_ARITHMETIC_BIRTH,geometry-shadow,244,ARITH_A,ARITHMETIC,0,1.6961418390274048,0
1,B_ARITHMETIC_BIRTH,incumbent,245,ARITH_A,ARITHMETIC,0,0.0,0
1,B_ARITHMETIC_BIRTH,capacity-shadow,245,ARITH_A,ARITHMETIC,0,,0
1,B_ARITHMETIC_BIRTH,geometry-shadow,245,ARITH_A,ARITHMETIC,0,1.6828783750534058,0
1,B_ARITHMETIC_BIRTH,incumbent,246,ARITH_A,ARITHMETIC,0,0.0,0
1,B_ARITHMETIC_BIRTH,capacity-shadow,246,ARITH_A,ARITHMETIC,1,,0
1,B_ARITHMETIC_BIRTH,geometry-shadow,246,ARITH_A,ARITHMETIC,0,1.705316424369812,0
1,B_ARITHMETIC_BIRTH,incumbent,247,ARITH_A,ARITHMETIC,0,0.0,0
1,B_ARITHMETIC_BIRTH,capacity-shadow,247,ARITH_A,ARITHMETIC,0,,0
1,B_ARITHMETIC_BIRTH,geometry-shadow,247,ARITH_A,ARITHMETIC,0,1.7038952112197876,0
1,B_ARITHMETIC_BIRTH,incumbent,248,ARITH_A,ARITHMETIC,0,0.0,0
1,B_ARITHMETIC_BIRTH,capacity-shadow,248,ARITH_A,ARITHMETIC,1,,0
1,B_ARITHMETIC_BIRTH,geometry-shadow,248,ARITH_A,ARITHMETIC,0,1.714455485343933,0
1,B_ARITHMETIC_BIRTH,incumbent,249,STORY,STORY,0,0.0,0
1,B_ARITHMETIC_BIRTH,capacity-shadow,249,STORY,STORY,0,,0
1,B_ARITHMETIC_BIRTH,geometry-shadow,249,STORY,STORY,0,1.1838486194610596,0
1,B_ARITHMETIC_BIRTH,incumbent,250,STORY,STORY,0,0.0,0
1,B_ARITHMETIC_BIRTH,capacity-shadow,250,STORY,STORY,1,,0
1,B_ARITHMETIC_BIRTH,geometry-shadow,250,STORY,STORY,1,0.8453574180603027,0
1,B_ARITHMETIC_BIRTH,incumbent,251,STORY,STORY,0,0.0,0
1,B_ARITHMETIC_BIRTH,capacity-shadow,251,STORY,STORY,0,,0
1,B_ARITHMETIC_BIRTH,geometry-shadow,251,STORY,STORY,1,1.1735029220581057,0
1,B_ARITHMETIC_BIRTH,incumbent,252,ARITH_A,ARITHMETIC,0,0.0,0
1,B_ARITHMETIC_BIRTH,capacity-shadow,252,ARITH_A,ARITHMETIC,0,,0
1,B_ARITHMETIC_BIRTH,geometry-shadow,252,ARITH_A,ARITHMETIC,0,1.7083648443222046,0
1,B_ARITHMETIC_BIRTH,incumbent,253,ARITH_A,ARITHMETIC,0,0.0,0
1,B_ARITHMETIC_BIRTH,capacity-shadow,253,ARITH_A,ARITHMETIC,1,,0
1,B_ARITHMETIC_BIRTH,geometry-shadow,253,ARITH_A,ARITHMETIC,0,1.6904886960983276,0
1,B_ARITHMETIC_BIRTH,incumbent,254,STORY,STORY,0,0.0,0
1,B_ARITHMETIC_BIRTH,capacity-shadow,254,STORY,STORY,1,,0
1,B_ARITHMETIC_BIRTH,geometry-shadow,254,STORY,STORY,0,0.9100368618965148,0
1,B_ARITHMETIC_BIRTH,incumbent,255,STORY,STORY,0,0.0,0
1,B_ARITHMETIC_BIRTH,capacity-shadow,255,STORY,STORY,0,,0
1,B_ARITHMETIC_BIRTH,geometry-shadow,255,STORY,STORY,1,1.7728474140167236,0
1,B_ARITHMETIC_BIRTH,incumbent,256,ARITH_A,ARITHMETIC,0,0.0,0
1,B_ARITHMETIC_BIRTH,capacity-shadow,256,ARITH_A,ARITHMETIC,0,,0
1,B_ARITHMETIC_BIRTH,geometry-shadow,256,ARITH_A,ARITHMETIC,0,1.6909465789794922,0
1,C_DUPLICATE_ARITHMETIC,incumbent,1,ARITH_B,ARITHMETIC,0,1.276686668395996,1
1,C_DUPLICATE_ARITHMETIC,capacity-shadow,1,ARITH_B,ARITHMETIC,0,,1
1,C_DUPLICATE_ARITHMETIC,geometry-shadow,1,ARITH_B,ARITHMETIC,0,1.1774975061416626,1
1,C_DUPLICATE_ARITHMETIC,incumbent,2,ARITH_B,ARITHMETIC,0,1.2804746627807615,1
1,C_DUPLICATE_ARITHMETIC,capacity-shadow,2,ARITH_B,ARITHMETIC,0,,1
1,C_DUPLICATE_ARITHMETIC,geometry-shadow,2,ARITH_B,ARITHMETIC,0,1.1875240802764893,1
1,C_DUPLICATE_ARITHMETIC,incumbent,3,ARITH_A,ARITHMETIC,0,1.2902761697769165,1
1,C_DUPLICATE_ARITHMETIC,capacity-shadow,3,ARITH_A,ARITHMETIC,0,,1
1,C_DUPLICATE_ARITHMETIC,geometry-shadow,3,ARITH_A,ARITHMETIC,0,1.1724663972854614,1
1,C_DUPLICATE_ARITHMETIC,incumbent,4,STORY,STORY,0,0.2199510335922241,1
1,C_DUPLICATE_ARITHMETIC,capacity-shadow,4,STORY,STORY,0,,1
1,C_DUPLICATE_ARITHMETIC,geometry-shadow,4,STORY,STORY,0,0.0879759788513183,1
1,C_DUPLICATE_ARITHMETIC,incumbent,5,ARITH_B,ARITHMETIC,0,1.285649299621582,1
1,C_DUPLICATE_ARITHMETIC,capacity-shadow,5,ARITH_B,ARITHMETIC,0,,1
1,C_DUPLICATE_ARITHMETIC,geometry-shadow,5,ARITH_B,ARITHMETIC,0,1.1973049640655518,1
1,C_DUPLICATE_ARITHMETIC,incumbent,6,ARITH_B,ARITHMETIC,0,1.284650444984436,1
1,C_DUPLICATE_ARITHMETIC,capacity-shadow,6,ARITH_B,ARITHMETIC,0,,1
1,C_DUPLICATE_ARITHMETIC,geometry-shadow,6,ARITH_B,ARITHMETIC,0,1.182624101638794,1
1,C_DUPLICATE_ARITHMETIC,incumbent,7,STORY,STORY,1,0.4816267490386963,1
1,C_DUPLICATE_ARITHMETIC,capacity-shadow,7,STORY,STORY,2,,1
1,C_DUPLICATE_ARITHMETIC,geometry-shadow,7,STORY,STORY,1,0.1525301933288574,1
1,C_DUPLICATE_ARITHMETIC,incumbent,8,STORY,STORY,1,2.3440730571746826,1
1,C_DUPLICATE_ARITHMETIC,capacity-shadow,8,STORY,STORY,1,,1
1,C_DUPLICATE_ARITHMETIC,geometry-shadow,8,STORY,STORY,1,1.0846672058105469,1
1,C_DUPLICATE_ARITHMETIC,incumbent,9,STORY,STORY,1,1.410730004310608,1
1,C_DUPLICATE_ARITHMETIC,capacity-shadow,9,STORY,STORY,2,,1
1,C_DUPLICATE_ARITHMETIC,geometry-shadow,9,STORY,STORY,1,0.1925611495971679,1
1,C_DUPLICATE_ARITHMETIC,incumbent,10,ARITH_B,ARITHMETIC,0,1.2737027406692505,1
1,C_DUPLICATE_ARITHMETIC,capacity-shadow,10,ARITH_B,ARITHMETIC,0,,1
1,C_DUPLICATE_ARITHMETIC,geometry-shadow,10,ARITH_B,ARITHMETIC,0,1.175850749015808,1
1,C_DUPLICATE_ARITHMETIC,incumbent,11,ARITH_B,ARITHMETIC,0,1.285991668701172,1
1,C_DUPLICATE_ARITHMETIC,capacity-shadow,11,ARITH_B,ARITHMETIC,0,,1
1,C_DUPLICATE_ARITHMETIC,geometry-shadow,11,ARITH_B,ARITHMETIC,0,1.1849799156188965,1
1,C_DUPLICATE_ARITHMETIC,incumbent,12,STORY,STORY,1,1.5407406091690063,1
1,C_DUPLICATE_ARITHMETIC,capacity-shadow,12,STORY,STORY,1,,1
1,C_DUPLICATE_ARITHMETIC,geometry-shadow,12,STORY,STORY,1,0.1034095287322998,1
1,C_DUPLICATE_ARITHMETIC,incumbent,13,STORY,STORY,1,0.3849533796310425,1
1,C_DUPLICATE_ARITHMETIC,capacity-shadow,13,STORY,STORY,2,,1
1,C_DUPLICATE_ARITHMETIC,geometry-shadow,13,STORY,STORY,1,0.2753002643585205,1
1,C_DUPLICATE_ARITHMETIC,incumbent,14,ARITH_A,ARITHMETIC,0,1.2809046506881714,1
1,C_DUPLICATE_ARITHMETIC,capacity-shadow,14,ARITH_A,ARITHMETIC,0,,1
1,C_DUPLICATE_ARITHMETIC,geometry-shadow,14,ARITH_A,ARITHMETIC,0,1.1594924926757812,1
1,C_DUPLICATE_ARITHMETIC,incumbent,15,ARITH_B,ARITHMETIC,0,1.2843496799468994,1
1,C_DUPLICATE_ARITHMETIC,capacity-shadow,15,ARITH_B,ARITHMETIC,0,,1
1,C_DUPLICATE_ARITHMETIC,geometry-shadow,15,ARITH_B,ARITHMETIC,0,1.1723991632461548,1
1,C_DUPLICATE_ARITHMETIC,incumbent,16,ARITH_A,ARITHMETIC,0,1.2828277349472046,1
1,C_DUPLICATE_ARITHMETIC,capacity-shadow,16,ARITH_A,ARITHMETIC,0,,1
1,C_DUPLICATE_ARITHMETIC,geometry-shadow,16,ARITH_A,ARITHMETIC,0,1.196691632270813,1
1,C_DUPLICATE_ARITHMETIC,incumbent,17,STORY,STORY,0,0.8102390766143799,1
1,C_DUPLICATE_ARITHMETIC,capacity-shadow,17,STORY,STORY,0,,1
1,C_DUPLICATE_ARITHMETIC,geometry-shadow,17,STORY,STORY,0,0.7608658075332642,1
1,C_DUPLICATE_ARITHMETIC,incumbent,18,ARITH_A,ARITHMETIC,0,1.284973382949829,1
1,C_DUPLICATE_ARITHMETIC,capacity-shadow,18,ARITH_A,ARITHMETIC,0,,1
1,C_DUPLICATE_ARITHMETIC,geometry-shadow,18,ARITH_A,ARITHMETIC,0,1.185011863708496,1
1,C_DUPLICATE_ARITHMETIC,incumbent,19,STORY,STORY,1,1.0801739692687988,1
1,C_DUPLICATE_ARITHMETIC,capacity-shadow,19,STORY,STORY,1,,1
1,C_DUPLICATE_ARITHMETIC,geometry-shadow,19,STORY,STORY,1,0.3067305088043213,1
1,C_DUPLICATE_ARITHMETIC,incumbent,20,ARITH_A,ARITHMETIC,0,1.257276177406311,1
1,C_DUPLICATE_ARITHMETIC,capacity-shadow,20,ARITH_A,ARITHMETIC,0,,1
1,C_DUPLICATE_ARITHMETIC,geometry-shadow,20,ARITH_A,ARITHMETIC,0,1.1370631456375122,1
1,C_DUPLICATE_ARITHMETIC,incumbent,21,STORY,STORY,1,0.1725170612335205,1
1,C_DUPLICATE_ARITHMETIC,capacity-shadow,21,STORY,STORY,2,,1
1,C_DUPLICATE_ARITHMETIC,geometry-shadow,21,STORY,STORY,2,0.1667984724044799,1
1,C_DUPLICATE_ARITHMETIC,incumbent,22,STORY,STORY,1,2.026259660720825,1
1,C_DUPLICATE_ARITHMETIC,capacity-shadow,22,STORY,STORY,1,,1
1,C_DUPLICATE_ARITHMETIC,geometry-shadow,22,STORY,STORY,1,0.8901718854904175,1
1,C_DUPLICATE_ARITHMETIC,incumbent,23,ARITH_A,ARITHMETIC,0,1.2769944667816162,1
1,C_DUPLICATE_ARITHMETIC,capacity-shadow,23,ARITH_A,ARITHMETIC,0,,1
1,C_DUPLICATE_ARITHMETIC,geometry-shadow,23,ARITH_A,ARITHMETIC,0,1.1564656496047974,1
1,C_DUPLICATE_ARITHMETIC,incumbent,24,ARITH_B,ARITHMETIC,0,1.2751545906066897,1
1,C_DUPLICATE_ARITHMETIC,capacity-shadow,24,ARITH_B,ARITHMETIC,0,,1
1,C_DUPLICATE_ARITHMETIC,geometry-shadow,24,ARITH_B,ARITHMETIC,0,1.1852034330368042,1
1,C_DUPLICATE_ARITHMETIC,incumbent,25,ARITH_B,ARITHMETIC,0,1.276236057281494,1
1,C_DUPLICATE_ARITHMETIC,capacity-shadow,25,ARITH_B,ARITHMETIC,0,,1
1,C_DUPLICATE_ARITHMETIC,geometry-shadow,25,ARITH_B,ARITHMETIC,0,1.1716477870941162,1
1,C_DUPLICATE_ARITHMETIC,incumbent,26,STORY,STORY,0,0.4401600360870361,1
1,C_DUPLICATE_ARITHMETIC,capacity-shadow,26,STORY,STORY,0,,1
1,C_DUPLICATE_ARITHMETIC,geometry-shadow,26,STORY,STORY,0,0.3368323445320129,1
1,C_DUPLICATE_ARITHMETIC,incumbent,27,STORY,STORY,1,2.0942165851593018,1
1,C_DUPLICATE_ARITHMETIC,capacity-shadow,27,STORY,STORY,2,,1
1,C_DUPLICATE_ARITHMETIC,geometry-shadow,27,STORY,STORY,1,1.0739097595214844,1
1,C_DUPLICATE_ARITHMETIC,incumbent,28,ARITH_B,ARITHMETIC,0,1.283402919769287,1
1,C_DUPLICATE_ARITHMETIC,capacity-shadow,28,ARITH_B,ARITHMETIC,0,,1
1,C_DUPLICATE_ARITHMETIC,geometry-shadow,28,ARITH_B,ARITHMETIC,0,1.1572527885437012,1
1,C_DUPLICATE_ARITHMETIC,incumbent,29,ARITH_B,ARITHMETIC,0,1.2847219705581665,1
1,C_DUPLICATE_ARITHMETIC,capacity-shadow,29,ARITH_B,ARITHMETIC,0,,1
1,C_DUPLICATE_ARITHMETIC,geometry-shadow,29,ARITH_B,ARITHMETIC,0,1.188858151435852,1
1,C_DUPLICATE_ARITHMETIC,incumbent,30,ARITH_A,ARITHMETIC,0,1.2687863111495972,1
1,C_DUPLICATE_ARITHMETIC,capacity-shadow,30,ARITH_A,ARITHMETIC,0,,1
1,C_DUPLICATE_ARITHMETIC,geometry-shadow,30,ARITH_A,ARITHMETIC,0,1.1560862064361572,1
1,C_DUPLICATE_ARITHMETIC,incumbent,31,STORY,STORY,1,0.99789959192276,1
1,C_DUPLICATE_ARITHMETIC,capacity-shadow,31,STORY,STORY,1,,1
1,C_DUPLICATE_ARITHMETIC,geometry-shadow,31,STORY,STORY,1,0.3366590738296509,1
1,C_DUPLICATE_ARITHMETIC,incumbent,32,ARITH_A,ARITHMETIC,0,1.2743114233016968,1
1,C_DUPLICATE_ARITHMETIC,capacity-shadow,32,ARITH_A,ARITHMETIC,0,,1
1,C_DUPLICATE_ARITHMETIC,geometry-shadow,32,ARITH_A,ARITHMETIC,0,1.1642552614212036,1
1,C_DUPLICATE_ARITHMETIC,incumbent,33,ARITH_A,ARITHMETIC,0,1.2841565608978271,1
1,C_DUPLICATE_ARITHMETIC,capacity-shadow,33,ARITH_A,ARITHMETIC,0,,1
1,C_DUPLICATE_ARITHMETIC,geometry-shadow,33,ARITH_A,ARITHMETIC,0,1.1853233575820925,1
1,C_DUPLICATE_ARITHMETIC,incumbent,34,STORY,STORY,1,0.9152013659477234,1
1,C_DUPLICATE_ARITHMETIC,capacity-shadow,34,STORY,STORY,2,,1
1,C_DUPLICATE_ARITHMETIC,geometry-shadow,34,STORY,STORY,1,0.6544585227966309,1
1,C_DUPLICATE_ARITHMETIC,incumbent,35,STORY,STORY,1,0.0494366884231567,1
1,C_DUPLICATE_ARITHMETIC,capacity-shadow,35,STORY,STORY,1,,1
1,C_DUPLICATE_ARITHMETIC,geometry-shadow,35,STORY,STORY,2,0.2055858373641967,1
1,C_DUPLICATE_ARITHMETIC,incumbent,36,ARITH_A,ARITHMETIC,0,1.2848739624023438,1
1,C_DUPLICATE_ARITHMETIC,capacity-shadow,36,ARITH_A,ARITHMETIC,0,,1
1,C_DUPLICATE_ARITHMETIC,geometry-shadow,36,ARITH_A,ARITHMETIC,0,1.1657956838607788,1
1,C_DUPLICATE_ARITHMETIC,incumbent,37,ARITH_B,ARITHMETIC,0,1.2833038568496704,1
1,C_DUPLICATE_ARITHMETIC,capacity-shadow,37,ARITH_B,ARITHMETIC,0,,1
1,C_DUPLICATE_ARITHMETIC,geometry-shadow,37,ARITH_B,ARITHMETIC,0,1.166669487953186,1
1,C_DUPLICATE_ARITHMETIC,incumbent,38,STORY,STORY,1,1.3531184196472168,1
1,C_DUPLICATE_ARITHMETIC,capacity-shadow,38,STORY,STORY,2,,1
1,C_DUPLICATE_ARITHMETIC,geometry-shadow,38,STORY,STORY,1,1.2106993198394775,1
1,C_DUPLICATE_ARITHMETIC,incumbent,39,STORY,STORY,1,2.190612316131592,1
1,C_DUPLICATE_ARITHMETIC,capacity-shadow,39,STORY,STORY,1,,1
1,C_DUPLICATE_ARITHMETIC,geometry-shadow,39,STORY,STORY,1,1.1072847843170166,1
1,C_DUPLICATE_ARITHMETIC,incumbent,40,ARITH_A,ARITHMETIC,0,1.2872250080108645,1
1,C_DUPLICATE_ARITHMETIC,capacity-shadow,40,ARITH_A,ARITHMETIC,0,,1
1,C_DUPLICATE_ARITHMETIC,geometry-shadow,40,ARITH_A,ARITHMETIC,0,1.1737241744995115,1
1,C_DUPLICATE_ARITHMETIC,incumbent,41,STORY,STORY,1,0.7197803854942322,1
1,C_DUPLICATE_ARITHMETIC,capacity-shadow,41,STORY,STORY,2,,1
1,C_DUPLICATE_ARITHMETIC,geometry-shadow,41,STORY,STORY,1,0.0577346086502075,1
1,C_DUPLICATE_ARITHMETIC,incumbent,42,ARITH_A,ARITHMETIC,0,1.276785969734192,1
1,C_DUPLICATE_ARITHMETIC,capacity-shadow,42,ARITH_A,ARITHMETIC,0,,1
1,C_DUPLICATE_ARITHMETIC,geometry-shadow,42,ARITH_A,ARITHMETIC,0,1.1689977645874023,1
1,C_DUPLICATE_ARITHMETIC,incumbent,43,STORY,STORY,1,1.6886372566223145,1
1,C_DUPLICATE_ARITHMETIC,capacity-shadow,43,STORY,STORY,1,,1
1,C_DUPLICATE_ARITHMETIC,geometry-shadow,43,STORY,STORY,1,0.9296525716781616,1
1,C_DUPLICATE_ARITHMETIC,incumbent,44,STORY,STORY,0,0.2310155630111694,1
1,C_DUPLICATE_ARITHMETIC,capacity-shadow,44,STORY,STORY,0,,1
1,C_DUPLICATE_ARITHMETIC,geometry-shadow,44,STORY,STORY,0,0.2523916959762573,1
1,C_DUPLICATE_ARITHMETIC,incumbent,45,STORY,STORY,1,1.535172939300537,1
1,C_DUPLICATE_ARITHMETIC,capacity-shadow,45,STORY,STORY,2,,1
1,C_DUPLICATE_ARITHMETIC,geometry-shadow,45,STORY,STORY,1,0.7726811170578003,1
1,C_DUPLICATE_ARITHMETIC,incumbent,46,ARITH_A,ARITHMETIC,0,1.2802635431289673,1
1,C_DUPLICATE_ARITHMETIC,capacity-shadow,46,ARITH_A,ARITHMETIC,0,,1
1,C_DUPLICATE_ARITHMETIC,geometry-shadow,46,ARITH_A,ARITHMETIC,0,1.160929799079895,1
1,C_DUPLICATE_ARITHMETIC,incumbent,47,ARITH_B,ARITHMETIC,0,1.2685482501983645,1
1,C_DUPLICATE_ARITHMETIC,capacity-shadow,47,ARITH_B,ARITHMETIC,0,,1
1,C_DUPLICATE_ARITHMETIC,geometry-shadow,47,ARITH_B,ARITHMETIC,0,1.1656475067138672,1
1,C_DUPLICATE_ARITHMETIC,incumbent,48,STORY,STORY,1,0.991163730621338,1
1,C_DUPLICATE_ARITHMETIC,capacity-shadow,48,STORY,STORY,1,,1
1,C_DUPLICATE_ARITHMETIC,geometry-shadow,48,STORY,STORY,1,0.7690516710281372,1
1,C_DUPLICATE_ARITHMETIC,incumbent,49,STORY,STORY,0,0.8242607712745667,1
1,C_DUPLICATE_ARITHMETIC,capacity-shadow,49,STORY,STORY,0,,1
1,C_DUPLICATE_ARITHMETIC,geometry-shadow,49,STORY,STORY,0,0.8487305641174316,1
1,C_DUPLICATE_ARITHMETIC,incumbent,50,STORY,STORY,1,0.0331788063049316,1
1,C_DUPLICATE_ARITHMETIC,capacity-shadow,50,STORY,STORY,2,,1
1,C_DUPLICATE_ARITHMETIC,geometry-shadow,50,STORY,STORY,0,0.0135083198547363,1
1,C_DUPLICATE_ARITHMETIC,incumbent,51,ARITH_A,ARITHMETIC,0,1.2772889137268066,1
1,C_DUPLICATE_ARITHMETIC,capacity-shadow,51,ARITH_A,ARITHMETIC,0,,1
1,C_DUPLICATE_ARITHMETIC,geometry-shadow,51,ARITH_A,ARITHMETIC,0,1.17043137550354,1
1,C_DUPLICATE_ARITHMETIC,incumbent,52,ARITH_A,ARITHMETIC,0,1.271811842918396,1
1,C_DUPLICATE_ARITHMETIC,capacity-shadow,52,ARITH_A,ARITHMETIC,0,,1
1,C_DUPLICATE_ARITHMETIC,geometry-shadow,52,ARITH_A,ARITHMETIC,0,1.1654807329177856,1
1,C_DUPLICATE_ARITHMETIC,incumbent,53,STORY,STORY,1,1.7551283836364746,1
1,C_DUPLICATE_ARITHMETIC,capacity-shadow,53,STORY,STORY,1,,1
1,C_DUPLICATE_ARITHMETIC,geometry-shadow,53,STORY,STORY,1,1.0953391790390017,1
1,C_DUPLICATE_ARITHMETIC,incumbent,54,STORY,STORY,1,0.9140583872795104,1
1,C_DUPLICATE_ARITHMETIC,capacity-shadow,54,STORY,STORY,2,,1
1,C_DUPLICATE_ARITHMETIC,geometry-shadow,54,STORY,STORY,1,0.8264951705932617,1
1,C_DUPLICATE_ARITHMETIC,incumbent,55,ARITH_B,ARITHMETIC,0,1.2815417051315308,1
1,C_DUPLICATE_ARITHMETIC,capacity-shadow,55,ARITH_B,ARITHMETIC,0,,1
1,C_DUPLICATE_ARITHMETIC,geometry-shadow,55,ARITH_B,ARITHMETIC,0,1.2031269073486328,1
1,C_DUPLICATE_ARITHMETIC,incumbent,56,ARITH_A,ARITHMETIC,0,1.287186622619629,1
1,C_DUPLICATE_ARITHMETIC,capacity-shadow,56,ARITH_A,ARITHMETIC,0,,1
1,C_DUPLICATE_ARITHMETIC,geometry-shadow,56,ARITH_A,ARITHMETIC,0,1.1857339143753052,1
1,C_DUPLICATE_ARITHMETIC,incumbent,57,ARITH_A,ARITHMETIC,0,1.2823705673217771,1
1,C_DUPLICATE_ARITHMETIC,capacity-shadow,57,ARITH_A,ARITHMETIC,0,,1
1,C_DUPLICATE_ARITHMETIC,geometry-shadow,57,ARITH_A,ARITHMETIC,0,1.1906685829162598,1
1,C_DUPLICATE_ARITHMETIC,incumbent,58,ARITH_B,ARITHMETIC,0,1.2790725231170654,1
1,C_DUPLICATE_ARITHMETIC,capacity-shadow,58,ARITH_B,ARITHMETIC,0,,1
1,C_DUPLICATE_ARITHMETIC,geometry-shadow,58,ARITH_B,ARITHMETIC,0,1.1733442544937134,1
1,C_DUPLICATE_ARITHMETIC,incumbent,59,STORY,STORY,1,1.1735337972640991,1
1,C_DUPLICATE_ARITHMETIC,capacity-shadow,59,STORY,STORY,1,,1
1,C_DUPLICATE_ARITHMETIC,geometry-shadow,59,STORY,STORY,1,0.5084993839263916,1
1,C_DUPLICATE_ARITHMETIC,incumbent,60,STORY,STORY,1,1.7708923816680908,1
1,C_DUPLICATE_ARITHMETIC,capacity-shadow,60,STORY,STORY,2,,1
1,C_DUPLICATE_ARITHMETIC,geometry-shadow,60,STORY,STORY,1,0.4526843428611755,1
1,C_DUPLICATE_ARITHMETIC,incumbent,61,ARITH_B,ARITHMETIC,0,1.2900711297988892,1
1,C_DUPLICATE_ARITHMETIC,capacity-shadow,61,ARITH_B,ARITHMETIC,0,,1
1,C_DUPLICATE_ARITHMETIC,geometry-shadow,61,ARITH_B,ARITHMETIC,0,1.1872073411941528,1
1,C_DUPLICATE_ARITHMETIC,incumbent,62,ARITH_A,ARITHMETIC,0,1.2824815511703491,1
1,C_DUPLICATE_ARITHMETIC,capacity-shadow,62,ARITH_A,ARITHMETIC,0,,1
1,C_DUPLICATE_ARITHMETIC,geometry-shadow,62,ARITH_A,ARITHMETIC,0,1.179382562637329,1
1,C_DUPLICATE_ARITHMETIC,incumbent,63,STORY,STORY,1,0.7089584469795227,1
1,C_DUPLICATE_ARITHMETIC,capacity-shadow,63,STORY,STORY,1,,1
1,C_DUPLICATE_ARITHMETIC,geometry-shadow,63,STORY,STORY,1,0.4959436655044555,1
1,C_DUPLICATE_ARITHMETIC,incumbent,64,ARITH_A,ARITHMETIC,0,1.2823766469955444,1
1,C_DUPLICATE_ARITHMETIC,capacity-shadow,64,ARITH_A,ARITHMETIC,0,,1
1,C_DUPLICATE_ARITHMETIC,geometry-shadow,64,ARITH_A,ARITHMETIC,0,1.1606849431991575,1
1,C_DUPLICATE_ARITHMETIC,incumbent,65,ARITH_A,ARITHMETIC,0,1.2817751169204712,1
1,C_DUPLICATE_ARITHMETIC,capacity-shadow,65,ARITH_A,ARITHMETIC,0,,1
1,C_DUPLICATE_ARITHMETIC,geometry-shadow,65,ARITH_A,ARITHMETIC,0,1.1917330026626587,1
1,C_DUPLICATE_ARITHMETIC,incumbent,66,STORY,STORY,0,0.9046091437339784,1
1,C_DUPLICATE_ARITHMETIC,capacity-shadow,66,STORY,STORY,0,,1
1,C_DUPLICATE_ARITHMETIC,geometry-shadow,66,STORY,STORY,0,0.7904493808746338,1
1,C_DUPLICATE_ARITHMETIC,incumbent,67,ARITH_B,ARITHMETIC,0,1.2849581241607666,1
1,C_DUPLICATE_ARITHMETIC,capacity-shadow,67,ARITH_B,ARITHMETIC,0,,1
1,C_DUPLICATE_ARITHMETIC,geometry-shadow,67,ARITH_B,ARITHMETIC,0,1.1849216222763062,1
1,C_DUPLICATE_ARITHMETIC,incumbent,68,ARITH_B,ARITHMETIC,0,1.285589575767517,1
1,C_DUPLICATE_ARITHMETIC,capacity-shadow,68,ARITH_B,ARITHMETIC,0,,1
1,C_DUPLICATE_ARITHMETIC,geometry-shadow,68,ARITH_B,ARITHMETIC,0,1.1940797567367554,1
1,C_DUPLICATE_ARITHMETIC,incumbent,69,STORY,STORY,0,0.0728422403335571,1
1,C_DUPLICATE_ARITHMETIC,capacity-shadow,69,STORY,STORY,0,,1
1,C_DUPLICATE_ARITHMETIC,geometry-shadow,69,STORY,STORY,0,0.0838336944580078,1
1,C_DUPLICATE_ARITHMETIC,incumbent,70,ARITH_A,ARITHMETIC,0,1.2916395664215088,1
1,C_DUPLICATE_ARITHMETIC,capacity-shadow,70,ARITH_A,ARITHMETIC,0,,1
1,C_DUPLICATE_ARITHMETIC,geometry-shadow,70,ARITH_A,ARITHMETIC,0,1.1733572483062744,1
1,C_DUPLICATE_ARITHMETIC,incumbent,71,STORY,STORY,1,1.5760624408721924,1
1,C_DUPLICATE_ARITHMETIC,capacity-shadow,71,STORY,STORY,2,,1
1,C_DUPLICATE_ARITHMETIC,geometry-shadow,71,STORY,STORY,1,0.3730074763298034,1
1,C_DUPLICATE_ARITHMETIC,incumbent,72,STORY,STORY,1,1.103713035583496,1
1,C_DUPLICATE_ARITHMETIC,capacity-shadow,72,STORY,STORY,1,,1
1,C_DUPLICATE_ARITHMETIC,geometry-shadow,72,STORY,STORY,1,0.0812770128250122,1
1,C_DUPLICATE_ARITHMETIC,incumbent,73,STORY,STORY,0,0.1868958473205566,1
1,C_DUPLICATE_ARITHMETIC,capacity-shadow,73,STORY,STORY,0,,1
1,C_DUPLICATE_ARITHMETIC,geometry-shadow,73,STORY,STORY,0,0.1364349126815796,1
1,C_DUPLICATE_ARITHMETIC,incumbent,74,ARITH_A,ARITHMETIC,0,1.2810883522033691,1
1,C_DUPLICATE_ARITHMETIC,capacity-shadow,74,ARITH_A,ARITHMETIC,0,,1
1,C_DUPLICATE_ARITHMETIC,geometry-shadow,74,ARITH_A,ARITHMETIC,0,1.1764217615127563,1
1,C_DUPLICATE_ARITHMETIC,incumbent,75,ARITH_B,ARITHMETIC,0,1.2877311706542969,1
1,C_DUPLICATE_ARITHMETIC,capacity-shadow,75,ARITH_B,ARITHMETIC,0,,1
1,C_DUPLICATE_ARITHMETIC,geometry-shadow,75,ARITH_B,ARITHMETIC,0,1.1929876804351809,1
1,C_DUPLICATE_ARITHMETIC,incumbent,76,ARITH_B,ARITHMETIC,0,1.2905759811401367,1
1,C_DUPLICATE_ARITHMETIC,capacity-shadow,76,ARITH_B,ARITHMETIC,0,,1
1,C_DUPLICATE_ARITHMETIC,geometry-shadow,76,ARITH_B,ARITHMETIC,0,1.182284951210022,1
1,C_DUPLICATE_ARITHMETIC,incumbent,77,STORY,STORY,0,0.6950328946113586,1
1,C_DUPLICATE_ARITHMETIC,capacity-shadow,77,STORY,STORY,0,,1
1,C_DUPLICATE_ARITHMETIC,geometry-shadow,77,STORY,STORY,0,0.620430588722229,1
1,C_DUPLICATE_ARITHMETIC,incumbent,78,ARITH_B,ARITHMETIC,0,1.2874987125396729,1
1,C_DUPLICATE_ARITHMETIC,capacity-shadow,78,ARITH_B,ARITHMETIC,0,,1
1,C_DUPLICATE_ARITHMETIC,geometry-shadow,78,ARITH_B,ARITHMETIC,0,1.1857283115386963,1
1,C_DUPLICATE_ARITHMETIC,incumbent,79,STORY,STORY,1,0.0660431385040283,1
1,C_DUPLICATE_ARITHMETIC,capacity-shadow,79,STORY,STORY,2,,1
1,C_DUPLICATE_ARITHMETIC,geometry-shadow,79,STORY,STORY,2,0.0223822593688964,1
1,C_DUPLICATE_ARITHMETIC,incumbent,80,ARITH_B,ARITHMETIC,0,1.2687475681304932,1
1,C_DUPLICATE_ARITHMETIC,capacity-shadow,80,ARITH_B,ARITHMETIC,0,,1
1,C_DUPLICATE_ARITHMETIC,geometry-shadow,80,ARITH_B,ARITHMETIC,0,1.1552965641021729,1
1,C_DUPLICATE_ARITHMETIC,incumbent,81,ARITH_B,ARITHMETIC,0,1.2549904584884644,1
1,C_DUPLICATE_ARITHMETIC,capacity-shadow,81,ARITH_B,ARITHMETIC,0,,1
1,C_DUPLICATE_ARITHMETIC,geometry-shadow,81,ARITH_B,ARITHMETIC,0,1.143049240112305,1
1,C_DUPLICATE_ARITHMETIC,incumbent,82,STORY,STORY,1,1.236217021942139,1
1,C_DUPLICATE_ARITHMETIC,capacity-shadow,82,STORY,STORY,1,,1
1,C_DUPLICATE_ARITHMETIC,geometry-shadow,82,STORY,STORY,1,0.2229781150817871,1
1,C_DUPLICATE_ARITHMETIC,incumbent,83,ARITH_A,ARITHMETIC,0,1.2874571084976196,1
1,C_DUPLICATE_ARITHMETIC,capacity-shadow,83,ARITH_A,ARITHMETIC,0,,1
1,C_DUPLICATE_ARITHMETIC,geometry-shadow,83,ARITH_A,ARITHMETIC,0,1.187268853187561,1
1,C_DUPLICATE_ARITHMETIC,incumbent,84,ARITH_A,ARITHMETIC,0,1.2846157550811768,1
1,C_DUPLICATE_ARITHMETIC,capacity-shadow,84,ARITH_A,ARITHMETIC,0,,1
1,C_DUPLICATE_ARITHMETIC,geometry-shadow,84,ARITH_A,ARITHMETIC,0,1.180670976638794,1
1,C_DUPLICATE_ARITHMETIC,incumbent,85,ARITH_A,ARITHMETIC,0,1.274235486984253,1
1,C_DUPLICATE_ARITHMETIC,capacity-shadow,85,ARITH_A,ARITHMETIC,0,,1
1,C_DUPLICATE_ARITHMETIC,geometry-shadow,85,ARITH_A,ARITHMETIC,0,1.1642305850982666,1
1,C_DUPLICATE_ARITHMETIC,incumbent,86,ARITH_B,ARITHMETIC,0,1.2849302291870115,1
1,C_DUPLICATE_ARITHMETIC,capacity-shadow,86,ARITH_B,ARITHMETIC,0,,1
1,C_DUPLICATE_ARITHMETIC,geometry-shadow,86,ARITH_B,ARITHMETIC,0,1.1897836923599243,1
1,C_DUPLICATE_ARITHMETIC,incumbent,87,STORY,STORY,1,1.785025954246521,1
1,C_DUPLICATE_ARITHMETIC,capacity-shadow,87,STORY,STORY,2,,1
1,C_DUPLICATE_ARITHMETIC,geometry-shadow,87,STORY,STORY,1,0.8575934171676636,1
1,C_DUPLICATE_ARITHMETIC,incumbent,88,ARITH_A,ARITHMETIC,0,1.28546142578125,1
1,C_DUPLICATE_ARITHMETIC,capacity-shadow,88,ARITH_A,ARITHMETIC,0,,1
1,C_DUPLICATE_ARITHMETIC,geometry-shadow,88,ARITH_A,ARITHMETIC,0,1.1960022449493408,1
1,C_DUPLICATE_ARITHMETIC,incumbent,89,STORY,STORY,1,0.3720237016677856,1
1,C_DUPLICATE_ARITHMETIC,capacity-shadow,89,STORY,STORY,1,,1
1,C_DUPLICATE_ARITHMETIC,geometry-shadow,89,STORY,STORY,1,0.3845845460891723,1
1,C_DUPLICATE_ARITHMETIC,incumbent,90,STORY,STORY,1,0.9528326988220216,1
1,C_DUPLICATE_ARITHMETIC,capacity-shadow,90,STORY,STORY,2,,1
1,C_DUPLICATE_ARITHMETIC,geometry-shadow,90,STORY,STORY,1,1.0433425903320312,1
1,C_DUPLICATE_ARITHMETIC,incumbent,91,STORY,STORY,1,0.3817089796066284,1
1,C_DUPLICATE_ARITHMETIC,capacity-shadow,91,STORY,STORY,1,,1
1,C_DUPLICATE_ARITHMETIC,geometry-shadow,91,STORY,STORY,1,0.1224201917648315,1
1,C_DUPLICATE_ARITHMETIC,incumbent,92,ARITH_B,ARITHMETIC,0,1.2849633693695068,1
1,C_DUPLICATE_ARITHMETIC,capacity-shadow,92,ARITH_B,ARITHMETIC,0,,1
1,C_DUPLICATE_ARITHMETIC,geometry-shadow,92,ARITH_B,ARITHMETIC,0,1.171920657157898,1
1,C_DUPLICATE_ARITHMETIC,incumbent,93,ARITH_B,ARITHMETIC,0,1.2809914350509644,1
1,C_DUPLICATE_ARITHMETIC,capacity-shadow,93,ARITH_B,ARITHMETIC,0,,1
1,C_DUPLICATE_ARITHMETIC,geometry-shadow,93,ARITH_B,ARITHMETIC,0,1.184222936630249,1
1,C_DUPLICATE_ARITHMETIC,incumbent,94,STORY,STORY,1,1.5779718160629272,1
1,C_DUPLICATE_ARITHMETIC,capacity-shadow,94,STORY,STORY,2,,1
1,C_DUPLICATE_ARITHMETIC,geometry-shadow,94,STORY,STORY,1,1.0270333290100098,1
1,C_DUPLICATE_ARITHMETIC,incumbent,95,STORY,STORY,1,1.7025408744812012,1
1,C_DUPLICATE_ARITHMETIC,capacity-shadow,95,STORY,STORY,1,,1
1,C_DUPLICATE_ARITHMETIC,geometry-shadow,95,STORY,STORY,1,0.717052698135376,1
1,C_DUPLICATE_ARITHMETIC,incumbent,96,ARITH_A,ARITHMETIC,0,1.2685670852661133,1
1,C_DUPLICATE_ARITHMETIC,capacity-shadow,96,ARITH_A,ARITHMETIC,0,,1
1,C_DUPLICATE_ARITHMETIC,geometry-shadow,96,ARITH_A,ARITHMETIC,0,1.1723315715789795,1
1,C_DUPLICATE_ARITHMETIC,incumbent,97,STORY,STORY,0,0.2662084698677063,1
1,C_DUPLICATE_ARITHMETIC,capacity-shadow,97,STORY,STORY,0,,1
1,C_DUPLICATE_ARITHMETIC,geometry-shadow,97,STORY,STORY,0,0.309042751789093,1
1,C_DUPLICATE_ARITHMETIC,incumbent,98,STORY,STORY,1,1.7297606468200684,1
1,C_DUPLICATE_ARITHMETIC,capacity-shadow,98,STORY,STORY,2,,1
1,C_DUPLICATE_ARITHMETIC,geometry-shadow,98,STORY,STORY,1,0.4370606541633606,1
1,C_DUPLICATE_ARITHMETIC,incumbent,99,ARITH_A,ARITHMETIC,0,1.2830132246017456,1
1,C_DUPLICATE_ARITHMETIC,capacity-shadow,99,ARITH_A,ARITHMETIC,0,,1
1,C_DUPLICATE_ARITHMETIC,geometry-shadow,99,ARITH_A,ARITHMETIC,0,1.1561893224716189,1
1,C_DUPLICATE_ARITHMETIC,incumbent,100,ARITH_A,ARITHMETIC,0,1.281765341758728,1
1,C_DUPLICATE_ARITHMETIC,capacity-shadow,100,ARITH_A,ARITHMETIC,0,,1
1,C_DUPLICATE_ARITHMETIC,geometry-shadow,100,ARITH_A,ARITHMETIC,0,1.1627634763717651,1
1,C_DUPLICATE_ARITHMETIC,incumbent,101,ARITH_B,ARITHMETIC,0,1.278293490409851,1
1,C_DUPLICATE_ARITHMETIC,capacity-shadow,101,ARITH_B,ARITHMETIC,0,,1
1,C_DUPLICATE_ARITHMETIC,geometry-shadow,101,ARITH_B,ARITHMETIC,0,1.1805312633514404,1
1,C_DUPLICATE_ARITHMETIC,incumbent,102,ARITH_A,ARITHMETIC,0,1.2782394886016846,1
1,C_DUPLICATE_ARITHMETIC,capacity-shadow,102,ARITH_A,ARITHMETIC,0,,1
1,C_DUPLICATE_ARITHMETIC,geometry-shadow,102,ARITH_A,ARITHMETIC,0,1.1683282852172852,1
1,C_DUPLICATE_ARITHMETIC,incumbent,103,ARITH_A,ARITHMETIC,0,1.2768181562423706,1
1,C_DUPLICATE_ARITHMETIC,capacity-shadow,103,ARITH_A,ARITHMETIC,0,,1
1,C_DUPLICATE_ARITHMETIC,geometry-shadow,103,ARITH_A,ARITHMETIC,0,1.1870688199996948,1
1,C_DUPLICATE_ARITHMETIC,incumbent,104,STORY,STORY,1,0.4518204927444458,1
1,C_DUPLICATE_ARITHMETIC,capacity-shadow,104,STORY,STORY,1,,1
1,C_DUPLICATE_ARITHMETIC,geometry-shadow,104,STORY,STORY,1,0.3589167594909668,1
1,C_DUPLICATE_ARITHMETIC,incumbent,105,STORY,STORY,1,0.6924434900283813,1
1,C_DUPLICATE_ARITHMETIC,capacity-shadow,105,STORY,STORY,2,,1
1,C_DUPLICATE_ARITHMETIC,geometry-shadow,105,STORY,STORY,1,0.4533378481864929,1
1,C_DUPLICATE_ARITHMETIC,incumbent,106,ARITH_B,ARITHMETIC,0,1.2808302640914917,1
1,C_DUPLICATE_ARITHMETIC,capacity-shadow,106,ARITH_B,ARITHMETIC,0,,1
1,C_DUPLICATE_ARITHMETIC,geometry-shadow,106,ARITH_B,ARITHMETIC,0,1.198320984840393,1
1,C_DUPLICATE_ARITHMETIC,incumbent,107,STORY,STORY,0,0.0320572853088378,1
1,C_DUPLICATE_ARITHMETIC,capacity-shadow,107,STORY,STORY,0,,1
1,C_DUPLICATE_ARITHMETIC,geometry-shadow,107,STORY,STORY,1,0.0022343397140502,1
1,C_DUPLICATE_ARITHMETIC,incumbent,108,STORY,STORY,1,0.8359864950180054,1
1,C_DUPLICATE_ARITHMETIC,capacity-shadow,108,STORY,STORY,1,,1
1,C_DUPLICATE_ARITHMETIC,geometry-shadow,108,STORY,STORY,1,0.8300021886825562,1
1,C_DUPLICATE_ARITHMETIC,incumbent,109,STORY,STORY,0,0.5933400988578796,1
1,C_DUPLICATE_ARITHMETIC,capacity-shadow,109,STORY,STORY,0,,1
1,C_DUPLICATE_ARITHMETIC,geometry-shadow,109,STORY,STORY,0,0.4921295046806335,1
1,C_DUPLICATE_ARITHMETIC,incumbent,110,STORY,STORY,1,1.769904851913452,1
1,C_DUPLICATE_ARITHMETIC,capacity-shadow,110,STORY,STORY,2,,1
1,C_DUPLICATE_ARITHMETIC,geometry-shadow,110,STORY,STORY,1,0.8403385281562805,1
1,C_DUPLICATE_ARITHMETIC,incumbent,111,ARITH_B,ARITHMETIC,0,1.2829937934875488,1
1,C_DUPLICATE_ARITHMETIC,capacity-shadow,111,ARITH_B,ARITHMETIC,0,,1
1,C_DUPLICATE_ARITHMETIC,geometry-shadow,111,ARITH_B,ARITHMETIC,0,1.171013116836548,1
1,C_DUPLICATE_ARITHMETIC,incumbent,112,STORY,STORY,1,2.0177786350250244,1
1,C_DUPLICATE_ARITHMETIC,capacity-shadow,112,STORY,STORY,1,,1
1,C_DUPLICATE_ARITHMETIC,geometry-shadow,112,STORY,STORY,1,0.8075402975082397,1
1,C_DUPLICATE_ARITHMETIC,incumbent,113,STORY,STORY,1,0.1556674242019653,1
1,C_DUPLICATE_ARITHMETIC,capacity-shadow,113,STORY,STORY,2,,1
1,C_DUPLICATE_ARITHMETIC,geometry-shadow,113,STORY,STORY,2,0.4553022384643554,1
1,C_DUPLICATE_ARITHMETIC,incumbent,114,ARITH_B,ARITHMETIC,0,1.2795004844665527,1
1,C_DUPLICATE_ARITHMETIC,capacity-shadow,114,ARITH_B,ARITHMETIC,0,,1
1,C_DUPLICATE_ARITHMETIC,geometry-shadow,114,ARITH_B,ARITHMETIC,0,1.169512152671814,1
1,C_DUPLICATE_ARITHMETIC,incumbent,115,ARITH_B,ARITHMETIC,0,1.2847909927368164,1
1,C_DUPLICATE_ARITHMETIC,capacity-shadow,115,ARITH_B,ARITHMETIC,0,,1
1,C_DUPLICATE_ARITHMETIC,geometry-shadow,115,ARITH_B,ARITHMETIC,0,1.1789665222167969,1
1,C_DUPLICATE_ARITHMETIC,incumbent,116,ARITH_B,ARITHMETIC,0,1.291345238685608,1
1,C_DUPLICATE_ARITHMETIC,capacity-shadow,116,ARITH_B,ARITHMETIC,0,,1
1,C_DUPLICATE_ARITHMETIC,geometry-shadow,116,ARITH_B,ARITHMETIC,0,1.1811467409133911,1
1,C_DUPLICATE_ARITHMETIC,incumbent,117,ARITH_B,ARITHMETIC,0,1.2821494340896606,1
1,C_DUPLICATE_ARITHMETIC,capacity-shadow,117,ARITH_B,ARITHMETIC,0,,1
1,C_DUPLICATE_ARITHMETIC,geometry-shadow,117,ARITH_B,ARITHMETIC,0,1.1822760105133057,1
1,C_DUPLICATE_ARITHMETIC,incumbent,118,ARITH_B,ARITHMETIC,0,1.2855651378631592,1
1,C_DUPLICATE_ARITHMETIC,capacity-shadow,118,ARITH_B,ARITHMETIC,0,,1
1,C_DUPLICATE_ARITHMETIC,geometry-shadow,118,ARITH_B,ARITHMETIC,0,1.1799814701080322,1
1,C_DUPLICATE_ARITHMETIC,incumbent,119,STORY,STORY,1,0.055021047592163,1
1,C_DUPLICATE_ARITHMETIC,capacity-shadow,119,STORY,STORY,1,,1
1,C_DUPLICATE_ARITHMETIC,geometry-shadow,119,STORY,STORY,2,0.0720311403274536,1
1,C_DUPLICATE_ARITHMETIC,incumbent,120,ARITH_B,ARITHMETIC,0,1.28450608253479,1
1,C_DUPLICATE_ARITHMETIC,capacity-shadow,120,ARITH_B,ARITHMETIC,0,,1
1,C_DUPLICATE_ARITHMETIC,geometry-shadow,120,ARITH_B,ARITHMETIC,0,1.1673585176467896,1
1,C_DUPLICATE_ARITHMETIC,incumbent,121,STORY,STORY,1,2.1583921909332275,1
1,C_DUPLICATE_ARITHMETIC,capacity-shadow,121,STORY,STORY,2,,1
1,C_DUPLICATE_ARITHMETIC,geometry-shadow,121,STORY,STORY,1,1.0613502264022827,1
1,C_DUPLICATE_ARITHMETIC,incumbent,122,ARITH_B,ARITHMETIC,0,1.271942377090454,1
1,C_DUPLICATE_ARITHMETIC,capacity-shadow,122,ARITH_B,ARITHMETIC,0,,1
1,C_DUPLICATE_ARITHMETIC,geometry-shadow,122,ARITH_B,ARITHMETIC,0,1.1690301895141602,1
1,C_DUPLICATE_ARITHMETIC,incumbent,123,ARITH_A,ARITHMETIC,0,1.2715483903884888,1
1,C_DUPLICATE_ARITHMETIC,capacity-shadow,123,ARITH_A,ARITHMETIC,0,,1
1,C_DUPLICATE_ARITHMETIC,geometry-shadow,123,ARITH_A,ARITHMETIC,0,1.187504529953003,1
1,C_DUPLICATE_ARITHMETIC,incumbent,124,STORY,STORY,1,1.6436781883239746,1
1,C_DUPLICATE_ARITHMETIC,capacity-shadow,124,STORY,STORY,1,,1
1,C_DUPLICATE_ARITHMETIC,geometry-shadow,124,STORY,STORY,1,0.2835831642150879,1
1,C_DUPLICATE_ARITHMETIC,incumbent,125,ARITH_A,ARITHMETIC,0,1.2764703035354614,1
1,C_DUPLICATE_ARITHMETIC,capacity-shadow,125,ARITH_A,ARITHMETIC,0,,1
1,C_DUPLICATE_ARITHMETIC,geometry-shadow,125,ARITH_A,ARITHMETIC,0,1.1604866981506348,1
1,C_DUPLICATE_ARITHMETIC,incumbent,126,STORY,STORY,1,0.984467387199402,1
1,C_DUPLICATE_ARITHMETIC,capacity-shadow,126,STORY,STORY,2,,1
1,C_DUPLICATE_ARITHMETIC,geometry-shadow,126,STORY,STORY,1,1.0003631114959717,1
1,C_DUPLICATE_ARITHMETIC,incumbent,127,STORY,STORY,0,0.0377237796783447,1
1,C_DUPLICATE_ARITHMETIC,capacity-shadow,127,STORY,STORY,0,,1
1,C_DUPLICATE_ARITHMETIC,geometry-shadow,127,STORY,STORY,0,0.0583703517913818,1
1,C_DUPLICATE_ARITHMETIC,incumbent,128,STORY,STORY,1,0.0554769039154052,1
1,C_DUPLICATE_ARITHMETIC,capacity-shadow,128,STORY,STORY,1,,1
1,C_DUPLICATE_ARITHMETIC,geometry-shadow,128,STORY,STORY,1,0.013505220413208,1
1,C_DUPLICATE_ARITHMETIC,incumbent,129,STORY,STORY,1,0.5518814325332642,1
1,C_DUPLICATE_ARITHMETIC,capacity-shadow,129,STORY,STORY,2,,1
1,C_DUPLICATE_ARITHMETIC,geometry-shadow,129,STORY,STORY,2,0.2491153478622436,1
1,C_DUPLICATE_ARITHMETIC,incumbent,130,ARITH_A,ARITHMETIC,0,1.2870908975601196,1
1,C_DUPLICATE_ARITHMETIC,capacity-shadow,130,ARITH_A,ARITHMETIC,0,,1
1,C_DUPLICATE_ARITHMETIC,geometry-shadow,130,ARITH_A,ARITHMETIC,0,1.1776961088180542,1
1,C_DUPLICATE_ARITHMETIC,incumbent,131,STORY,STORY,0,0.3393994569778442,1
1,C_DUPLICATE_ARITHMETIC,capacity-shadow,131,STORY,STORY,0,,1
1,C_DUPLICATE_ARITHMETIC,geometry-shadow,131,STORY,STORY,2,0.0151698589324951,1
1,C_DUPLICATE_ARITHMETIC,incumbent,132,ARITH_B,ARITHMETIC,0,1.291026949882507,1
1,C_DUPLICATE_ARITHMETIC,capacity-shadow,132,ARITH_B,ARITHMETIC,0,,1
1,C_DUPLICATE_ARITHMETIC,geometry-shadow,132,ARITH_B,ARITHMETIC,0,1.172565221786499,1
1,C_DUPLICATE_ARITHMETIC,incumbent,133,STORY,STORY,1,0.552970290184021,1
1,C_DUPLICATE_ARITHMETIC,capacity-shadow,133,STORY,STORY,1,,1
1,C_DUPLICATE_ARITHMETIC,geometry-shadow,133,STORY,STORY,1,0.374341607093811,1
1,C_DUPLICATE_ARITHMETIC,incumbent,134,ARITH_B,ARITHMETIC,0,1.286029577255249,1
1,C_DUPLICATE_ARITHMETIC,capacity-shadow,134,ARITH_B,ARITHMETIC,0,,1
1,C_DUPLICATE_ARITHMETIC,geometry-shadow,134,ARITH_B,ARITHMETIC,0,1.1691359281539917,1
1,C_DUPLICATE_ARITHMETIC,incumbent,135,STORY,STORY,1,1.6951193809509275,1
1,C_DUPLICATE_ARITHMETIC,capacity-shadow,135,STORY,STORY,2,,1
1,C_DUPLICATE_ARITHMETIC,geometry-shadow,135,STORY,STORY,1,0.6987882256507874,1
1,C_DUPLICATE_ARITHMETIC,incumbent,136,STORY,STORY,0,0.158934473991394,1
1,C_DUPLICATE_ARITHMETIC,capacity-shadow,136,STORY,STORY,0,,1
1,C_DUPLICATE_ARITHMETIC,geometry-shadow,136,STORY,STORY,0,0.2006086111068725,1
1,C_DUPLICATE_ARITHMETIC,incumbent,137,STORY,STORY,0,0.6214888691902161,1
1,C_DUPLICATE_ARITHMETIC,capacity-shadow,137,STORY,STORY,0,,1
1,C_DUPLICATE_ARITHMETIC,geometry-shadow,137,STORY,STORY,0,0.4690936803817749,1
1,C_DUPLICATE_ARITHMETIC,incumbent,138,STORY,STORY,1,0.9182468056678772,1
1,C_DUPLICATE_ARITHMETIC,capacity-shadow,138,STORY,STORY,1,,1
1,C_DUPLICATE_ARITHMETIC,geometry-shadow,138,STORY,STORY,1,0.4413178563117981,1
1,C_DUPLICATE_ARITHMETIC,incumbent,139,STORY,STORY,1,1.4383227825164795,1
1,C_DUPLICATE_ARITHMETIC,capacity-shadow,139,STORY,STORY,2,,1
1,C_DUPLICATE_ARITHMETIC,geometry-shadow,139,STORY,STORY,1,0.1898219585418701,1
1,C_DUPLICATE_ARITHMETIC,incumbent,140,ARITH_B,ARITHMETIC,0,1.2792047262191772,1
1,C_DUPLICATE_ARITHMETIC,capacity-shadow,140,ARITH_B,ARITHMETIC,0,,1
1,C_DUPLICATE_ARITHMETIC,geometry-shadow,140,ARITH_B,ARITHMETIC,0,1.1802725791931152,1
1,C_DUPLICATE_ARITHMETIC,incumbent,141,ARITH_B,ARITHMETIC,0,1.2819186449050903,1
1,C_DUPLICATE_ARITHMETIC,capacity-shadow,141,ARITH_B,ARITHMETIC,0,,1
1,C_DUPLICATE_ARITHMETIC,geometry-shadow,141,ARITH_B,ARITHMETIC,0,1.182313084602356,1
1,C_DUPLICATE_ARITHMETIC,incumbent,142,STORY,STORY,1,1.0350898504257202,1
1,C_DUPLICATE_ARITHMETIC,capacity-shadow,142,STORY,STORY,1,,1
1,C_DUPLICATE_ARITHMETIC,geometry-shadow,142,STORY,STORY,1,0.0299067497253417,1
1,C_DUPLICATE_ARITHMETIC,incumbent,143,STORY,STORY,1,1.2765830755233765,1
1,C_DUPLICATE_ARITHMETIC,capacity-shadow,143,STORY,STORY,2,,1
1,C_DUPLICATE_ARITHMETIC,geometry-shadow,143,STORY,STORY,1,0.2851911783218384,1
1,C_DUPLICATE_ARITHMETIC,incumbent,144,ARITH_A,ARITHMETIC,0,1.270778775215149,1
1,C_DUPLICATE_ARITHMETIC,capacity-shadow,144,ARITH_A,ARITHMETIC,0,,1
1,C_DUPLICATE_ARITHMETIC,geometry-shadow,144,ARITH_A,ARITHMETIC,0,1.1515475511550903,1
1,C_DUPLICATE_ARITHMETIC,incumbent,145,STORY,STORY,1,0.1108655929565429,1
1,C_DUPLICATE_ARITHMETIC,capacity-shadow,145,STORY,STORY,1,,1
1,C_DUPLICATE_ARITHMETIC,geometry-shadow,145,STORY,STORY,1,0.0927283763885498,1
1,C_DUPLICATE_ARITHMETIC,incumbent,146,ARITH_A,ARITHMETIC,0,1.2900217771530151,1
1,C_DUPLICATE_ARITHMETIC,capacity-shadow,146,ARITH_A,ARITHMETIC,0,,1
1,C_DUPLICATE_ARITHMETIC,geometry-shadow,146,ARITH_A,ARITHMETIC,0,1.178438663482666,1
1,C_DUPLICATE_ARITHMETIC,incumbent,147,ARITH_A,ARITHMETIC,0,1.276638388633728,1
1,C_DUPLICATE_ARITHMETIC,capacity-shadow,147,ARITH_A,ARITHMETIC,0,,1
1,C_DUPLICATE_ARITHMETIC,geometry-shadow,147,ARITH_A,ARITHMETIC,0,1.185253620147705,1
1,C_DUPLICATE_ARITHMETIC,incumbent,148,STORY,STORY,1,0.9568043947219848,1
1,C_DUPLICATE_ARITHMETIC,capacity-shadow,148,STORY,STORY,2,,1
1,C_DUPLICATE_ARITHMETIC,geometry-shadow,148,STORY,STORY,1,0.3517334461212158,1
1,C_DUPLICATE_ARITHMETIC,incumbent,149,STORY,STORY,0,0.5028136968612671,1
1,C_DUPLICATE_ARITHMETIC,capacity-shadow,149,STORY,STORY,0,,1
1,C_DUPLICATE_ARITHMETIC,geometry-shadow,149,STORY,STORY,0,0.1831482052803039,1
1,C_DUPLICATE_ARITHMETIC,incumbent,150,STORY,STORY,1,0.4087258577346802,1
1,C_DUPLICATE_ARITHMETIC,capacity-shadow,150,STORY,STORY,1,,1
1,C_DUPLICATE_ARITHMETIC,geometry-shadow,150,STORY,STORY,2,0.0063089132308959,1
1,C_DUPLICATE_ARITHMETIC,incumbent,151,STORY,STORY,0,0.21417236328125,1
1,C_DUPLICATE_ARITHMETIC,capacity-shadow,151,STORY,STORY,0,,1
1,C_DUPLICATE_ARITHMETIC,geometry-shadow,151,STORY,STORY,2,0.0382516384124755,1
1,C_DUPLICATE_ARITHMETIC,incumbent,152,ARITH_B,ARITHMETIC,0,1.2872828245162964,1
1,C_DUPLICATE_ARITHMETIC,capacity-shadow,152,ARITH_B,ARITHMETIC,0,,1
1,C_DUPLICATE_ARITHMETIC,geometry-shadow,152,ARITH_B,ARITHMETIC,0,1.1808969974517822,1
1,C_DUPLICATE_ARITHMETIC,incumbent,153,STORY,STORY,1,1.751208782196045,1
1,C_DUPLICATE_ARITHMETIC,capacity-shadow,153,STORY,STORY,2,,1
1,C_DUPLICATE_ARITHMETIC,geometry-shadow,153,STORY,STORY,1,0.7292741537094116,1
1,C_DUPLICATE_ARITHMETIC,incumbent,154,STORY,STORY,0,0.329865038394928,1
1,C_DUPLICATE_ARITHMETIC,capacity-shadow,154,STORY,STORY,0,,1
1,C_DUPLICATE_ARITHMETIC,geometry-shadow,154,STORY,STORY,0,0.3498224020004272,1
1,C_DUPLICATE_ARITHMETIC,incumbent,155,STORY,STORY,1,1.280068278312683,1
1,C_DUPLICATE_ARITHMETIC,capacity-shadow,155,STORY,STORY,1,,1
1,C_DUPLICATE_ARITHMETIC,geometry-shadow,155,STORY,STORY,1,0.9611178040504456,1
1,C_DUPLICATE_ARITHMETIC,incumbent,156,STORY,STORY,1,1.16901695728302,1
1,C_DUPLICATE_ARITHMETIC,capacity-shadow,156,STORY,STORY,2,,1
1,C_DUPLICATE_ARITHMETIC,geometry-shadow,156,STORY,STORY,1,0.0451266765594482,1
1,C_DUPLICATE_ARITHMETIC,incumbent,157,ARITH_A,ARITHMETIC,0,1.2900285720825195,1
1,C_DUPLICATE_ARITHMETIC,capacity-shadow,157,ARITH_A,ARITHMETIC,0,,1
1,C_DUPLICATE_ARITHMETIC,geometry-shadow,157,ARITH_A,ARITHMETIC,0,1.183574676513672,1
1,C_DUPLICATE_ARITHMETIC,incumbent,158,STORY,STORY,1,0.4662230014801025,1
1,C_DUPLICATE_ARITHMETIC,capacity-shadow,158,STORY,STORY,1,,1
1,C_DUPLICATE_ARITHMETIC,geometry-shadow,158,STORY,STORY,1,0.5174888372421265,1
1,C_DUPLICATE_ARITHMETIC,incumbent,159,STORY,STORY,1,0.0867477655410766,1
1,C_DUPLICATE_ARITHMETIC,capacity-shadow,159,STORY,STORY,2,,1
1,C_DUPLICATE_ARITHMETIC,geometry-shadow,159,STORY,STORY,1,0.0549856424331665,1
1,C_DUPLICATE_ARITHMETIC,incumbent,160,STORY,STORY,0,0.6658135652542114,1
1,C_DUPLICATE_ARITHMETIC,capacity-shadow,160,STORY,STORY,0,,1
1,C_DUPLICATE_ARITHMETIC,geometry-shadow,160,STORY,STORY,0,0.6558060646057129,1
1,C_DUPLICATE_ARITHMETIC,incumbent,161,STORY,STORY,1,0.2450963258743286,1
1,C_DUPLICATE_ARITHMETIC,capacity-shadow,161,STORY,STORY,1,,1
1,C_DUPLICATE_ARITHMETIC,geometry-shadow,161,STORY,STORY,1,0.2051177024841308,1
1,C_DUPLICATE_ARITHMETIC,incumbent,162,ARITH_B,ARITHMETIC,0,1.285953164100647,1
1,C_DUPLICATE_ARITHMETIC,capacity-shadow,162,ARITH_B,ARITHMETIC,0,,1
1,C_DUPLICATE_ARITHMETIC,geometry-shadow,162,ARITH_B,ARITHMETIC,0,1.1967564821243286,1
1,C_DUPLICATE_ARITHMETIC,incumbent,163,STORY,STORY,1,0.6551584005355835,1
1,C_DUPLICATE_ARITHMETIC,capacity-shadow,163,STORY,STORY,2,,1
1,C_DUPLICATE_ARITHMETIC,geometry-shadow,163,STORY,STORY,2,0.0670380592346191,1
1,C_DUPLICATE_ARITHMETIC,incumbent,164,ARITH_B,ARITHMETIC,0,1.2844727039337158,1
1,C_DUPLICATE_ARITHMETIC,capacity-shadow,164,ARITH_B,ARITHMETIC,0,,1
1,C_DUPLICATE_ARITHMETIC,geometry-shadow,164,ARITH_B,ARITHMETIC,0,1.179855465888977,1
1,C_DUPLICATE_ARITHMETIC,incumbent,165,ARITH_A,ARITHMETIC,0,1.2810643911361694,1
1,C_DUPLICATE_ARITHMETIC,capacity-shadow,165,ARITH_A,ARITHMETIC,0,,1
1,C_DUPLICATE_ARITHMETIC,geometry-shadow,165,ARITH_A,ARITHMETIC,0,1.1887171268463137,1
1,C_DUPLICATE_ARITHMETIC,incumbent,166,STORY,STORY,1,1.299700140953064,1
1,C_DUPLICATE_ARITHMETIC,capacity-shadow,166,STORY,STORY,1,,1
1,C_DUPLICATE_ARITHMETIC,geometry-shadow,166,STORY,STORY,1,0.3478230834007263,1
1,C_DUPLICATE_ARITHMETIC,incumbent,167,ARITH_A,ARITHMETIC,0,1.2826855182647705,1
1,C_DUPLICATE_ARITHMETIC,capacity-shadow,167,ARITH_A,ARITHMETIC,0,,1
1,C_DUPLICATE_ARITHMETIC,geometry-shadow,167,ARITH_A,ARITHMETIC,0,1.1767511367797852,1
1,C_DUPLICATE_ARITHMETIC,incumbent,168,ARITH_A,ARITHMETIC,0,1.2918260097503662,1
1,C_DUPLICATE_ARITHMETIC,capacity-shadow,168,ARITH_A,ARITHMETIC,0,,1
1,C_DUPLICATE_ARITHMETIC,geometry-shadow,168,ARITH_A,ARITHMETIC,0,1.178647518157959,1
1,C_DUPLICATE_ARITHMETIC,incumbent,169,ARITH_A,ARITHMETIC,0,1.272279977798462,1
1,C_DUPLICATE_ARITHMETIC,capacity-shadow,169,ARITH_A,ARITHMETIC,0,,1
1,C_DUPLICATE_ARITHMETIC,geometry-shadow,169,ARITH_A,ARITHMETIC,0,1.1695529222488403,1
1,C_DUPLICATE_ARITHMETIC,incumbent,170,STORY,STORY,1,1.1460704803466797,1
1,C_DUPLICATE_ARITHMETIC,capacity-shadow,170,STORY,STORY,2,,1
1,C_DUPLICATE_ARITHMETIC,geometry-shadow,170,STORY,STORY,1,0.7735359072685242,1
1,C_DUPLICATE_ARITHMETIC,incumbent,171,STORY,STORY,1,0.9491271376609802,1
1,C_DUPLICATE_ARITHMETIC,capacity-shadow,171,STORY,STORY,1,,1
1,C_DUPLICATE_ARITHMETIC,geometry-shadow,171,STORY,STORY,1,0.292962908744812,1
1,C_DUPLICATE_ARITHMETIC,incumbent,172,ARITH_B,ARITHMETIC,0,1.28788423538208,1
1,C_DUPLICATE_ARITHMETIC,capacity-shadow,172,ARITH_B,ARITHMETIC,0,,1
1,C_DUPLICATE_ARITHMETIC,geometry-shadow,172,ARITH_B,ARITHMETIC,0,1.1738089323043823,1
1,C_DUPLICATE_ARITHMETIC,incumbent,173,STORY,STORY,1,1.6660358905792236,1
1,C_DUPLICATE_ARITHMETIC,capacity-shadow,173,STORY,STORY,2,,1
1,C_DUPLICATE_ARITHMETIC,geometry-shadow,173,STORY,STORY,1,0.5858551263809204,1
1,C_DUPLICATE_ARITHMETIC,incumbent,174,ARITH_A,ARITHMETIC,0,1.2728183269500732,1
1,C_DUPLICATE_ARITHMETIC,capacity-shadow,174,ARITH_A,ARITHMETIC,0,,1
1,C_DUPLICATE_ARITHMETIC,geometry-shadow,174,ARITH_A,ARITHMETIC,0,1.1606669425964355,1
1,C_DUPLICATE_ARITHMETIC,incumbent,175,STORY,STORY,0,0.2878097295761108,1
1,C_DUPLICATE_ARITHMETIC,capacity-shadow,175,STORY,STORY,0,,1
1,C_DUPLICATE_ARITHMETIC,geometry-shadow,175,STORY,STORY,0,0.2812007665634155,1
1,C_DUPLICATE_ARITHMETIC,incumbent,176,STORY,STORY,1,0.4406813383102417,1
1,C_DUPLICATE_ARITHMETIC,capacity-shadow,176,STORY,STORY,1,,1
1,C_DUPLICATE_ARITHMETIC,geometry-shadow,176,STORY,STORY,2,0.261073350906372,1
1,C_DUPLICATE_ARITHMETIC,incumbent,177,STORY,STORY,1,0.1785629987716674,1
1,C_DUPLICATE_ARITHMETIC,capacity-shadow,177,STORY,STORY,2,,1
1,C_DUPLICATE_ARITHMETIC,geometry-shadow,177,STORY,STORY,2,0.0902855396270752,1
1,C_DUPLICATE_ARITHMETIC,incumbent,178,STORY,STORY,1,1.738971471786499,1
1,C_DUPLICATE_ARITHMETIC,capacity-shadow,178,STORY,STORY,1,,1
1,C_DUPLICATE_ARITHMETIC,geometry-shadow,178,STORY,STORY,1,0.5482774376869202,1
1,C_DUPLICATE_ARITHMETIC,incumbent,179,STORY,STORY,1,1.8852570056915283,1
1,C_DUPLICATE_ARITHMETIC,capacity-shadow,179,STORY,STORY,2,,1
1,C_DUPLICATE_ARITHMETIC,geometry-shadow,179,STORY,STORY,1,0.493216872215271,1
1,C_DUPLICATE_ARITHMETIC,incumbent,180,STORY,STORY,1,0.2575048804283142,1
1,C_DUPLICATE_ARITHMETIC,capacity-shadow,180,STORY,STORY,1,,1
1,C_DUPLICATE_ARITHMETIC,geometry-shadow,180,STORY,STORY,1,0.2813212275505066,1
1,C_DUPLICATE_ARITHMETIC,incumbent,181,ARITH_B,ARITHMETIC,0,1.260297775268555,1
1,C_DUPLICATE_ARITHMETIC,capacity-shadow,181,ARITH_B,ARITHMETIC,0,,1
1,C_DUPLICATE_ARITHMETIC,geometry-shadow,181,ARITH_B,ARITHMETIC,0,1.1427052021026611,1
1,C_DUPLICATE_ARITHMETIC,incumbent,182,ARITH_B,ARITHMETIC,0,1.2864348888397217,1
1,C_DUPLICATE_ARITHMETIC,capacity-shadow,182,ARITH_B,ARITHMETIC,0,,1
1,C_DUPLICATE_ARITHMETIC,geometry-shadow,182,ARITH_B,ARITHMETIC,0,1.1869045495986938,1
1,C_DUPLICATE_ARITHMETIC,incumbent,183,ARITH_A,ARITHMETIC,0,1.2910056114196775,1
1,C_DUPLICATE_ARITHMETIC,capacity-shadow,183,ARITH_A,ARITHMETIC,0,,1
1,C_DUPLICATE_ARITHMETIC,geometry-shadow,183,ARITH_A,ARITHMETIC,0,1.1849753856658936,1
1,C_DUPLICATE_ARITHMETIC,incumbent,184,ARITH_A,ARITHMETIC,0,1.282742261886597,1
1,C_DUPLICATE_ARITHMETIC,capacity-shadow,184,ARITH_A,ARITHMETIC,0,,1
1,C_DUPLICATE_ARITHMETIC,geometry-shadow,184,ARITH_A,ARITHMETIC,0,1.183070182800293,1
1,C_DUPLICATE_ARITHMETIC,incumbent,185,STORY,STORY,1,1.0729618072509766,1
1,C_DUPLICATE_ARITHMETIC,capacity-shadow,185,STORY,STORY,2,,1
1,C_DUPLICATE_ARITHMETIC,geometry-shadow,185,STORY,STORY,1,0.7249652147293091,1
1,C_DUPLICATE_ARITHMETIC,incumbent,186,STORY,STORY,1,1.3149659633636477,1
1,C_DUPLICATE_ARITHMETIC,capacity-shadow,186,STORY,STORY,1,,1
1,C_DUPLICATE_ARITHMETIC,geometry-shadow,186,STORY,STORY,1,0.4304289817810058,1
1,C_DUPLICATE_ARITHMETIC,incumbent,187,STORY,STORY,1,0.8993822932243347,1
1,C_DUPLICATE_ARITHMETIC,capacity-shadow,187,STORY,STORY,2,,1
1,C_DUPLICATE_ARITHMETIC,geometry-shadow,187,STORY,STORY,1,0.7388578057289124,1
1,C_DUPLICATE_ARITHMETIC,incumbent,188,ARITH_B,ARITHMETIC,0,1.2843858003616333,1
1,C_DUPLICATE_ARITHMETIC,capacity-shadow,188,ARITH_B,ARITHMETIC,0,,1
1,C_DUPLICATE_ARITHMETIC,geometry-shadow,188,ARITH_B,ARITHMETIC,0,1.1902047395706177,1
1,C_DUPLICATE_ARITHMETIC,incumbent,189,STORY,STORY,1,1.5523449182510376,1
1,C_DUPLICATE_ARITHMETIC,capacity-shadow,189,STORY,STORY,1,,1
1,C_DUPLICATE_ARITHMETIC,geometry-shadow,189,STORY,STORY,1,0.6870180368423462,1
1,C_DUPLICATE_ARITHMETIC,incumbent,190,ARITH_A,ARITHMETIC,0,1.2825278043746948,1
1,C_DUPLICATE_ARITHMETIC,capacity-shadow,190,ARITH_A,ARITHMETIC,0,,1
1,C_DUPLICATE_ARITHMETIC,geometry-shadow,190,ARITH_A,ARITHMETIC,0,1.1877883672714231,1
1,C_DUPLICATE_ARITHMETIC,incumbent,191,ARITH_B,ARITHMETIC,0,1.285415530204773,1
1,C_DUPLICATE_ARITHMETIC,capacity-shadow,191,ARITH_B,ARITHMETIC,0,,1
1,C_DUPLICATE_ARITHMETIC,geometry-shadow,191,ARITH_B,ARITHMETIC,0,1.172274470329285,1
1,C_DUPLICATE_ARITHMETIC,incumbent,192,STORY,STORY,0,0.8455106019973755,1
1,C_DUPLICATE_ARITHMETIC,capacity-shadow,192,STORY,STORY,0,,1
1,C_DUPLICATE_ARITHMETIC,geometry-shadow,192,STORY,STORY,0,0.6827055215835571,1
1,C_DUPLICATE_ARITHMETIC,incumbent,193,ARITH_A,ARITHMETIC,0,1.282836675643921,1
1,C_DUPLICATE_ARITHMETIC,capacity-shadow,193,ARITH_A,ARITHMETIC,0,,1
1,C_DUPLICATE_ARITHMETIC,geometry-shadow,193,ARITH_A,ARITHMETIC,0,1.1824426651000977,1
1,C_DUPLICATE_ARITHMETIC,incumbent,194,STORY,STORY,0,0.2769562005996704,1
1,C_DUPLICATE_ARITHMETIC,capacity-shadow,194,STORY,STORY,0,,1
1,C_DUPLICATE_ARITHMETIC,geometry-shadow,194,STORY,STORY,0,0.3223500251770019,1
1,C_DUPLICATE_ARITHMETIC,incumbent,195,STORY,STORY,0,0.7605282664299011,1
1,C_DUPLICATE_ARITHMETIC,capacity-shadow,195,STORY,STORY,0,,1
1,C_DUPLICATE_ARITHMETIC,geometry-shadow,195,STORY,STORY,0,0.8097593784332275,1
1,C_DUPLICATE_ARITHMETIC,incumbent,196,STORY,STORY,1,0.7088668942451477,1
1,C_DUPLICATE_ARITHMETIC,capacity-shadow,196,STORY,STORY,2,,1
1,C_DUPLICATE_ARITHMETIC,geometry-shadow,196,STORY,STORY,1,0.4520134925842285,1
1,C_DUPLICATE_ARITHMETIC,incumbent,197,STORY,STORY,1,1.7645421028137207,1
1,C_DUPLICATE_ARITHMETIC,capacity-shadow,197,STORY,STORY,1,,1
1,C_DUPLICATE_ARITHMETIC,geometry-shadow,197,STORY,STORY,1,0.552869975566864,1
1,C_DUPLICATE_ARITHMETIC,incumbent,198,ARITH_A,ARITHMETIC,0,1.2608340978622437,1
1,C_DUPLICATE_ARITHMETIC,capacity-shadow,198,ARITH_A,ARITHMETIC,0,,1
1,C_DUPLICATE_ARITHMETIC,geometry-shadow,198,ARITH_A,ARITHMETIC,0,1.1419024467468262,1
1,C_DUPLICATE_ARITHMETIC,incumbent,199,STORY,STORY,1,0.9919838905334472,1
1,C_DUPLICATE_ARITHMETIC,capacity-shadow,199,STORY,STORY,2,,1
1,C_DUPLICATE_ARITHMETIC,geometry-shadow,199,STORY,STORY,1,0.2555558681488037,1
1,C_DUPLICATE_ARITHMETIC,incumbent,200,ARITH_B,ARITHMETIC,0,1.2788128852844238,1
1,C_DUPLICATE_ARITHMETIC,capacity-shadow,200,ARITH_B,ARITHMETIC,0,,1
1,C_DUPLICATE_ARITHMETIC,geometry-shadow,200,ARITH_B,ARITHMETIC,0,1.1788655519485474,1
1,C_DUPLICATE_ARITHMETIC,incumbent,201,ARITH_B,ARITHMETIC,0,1.2835772037506104,1
1,C_DUPLICATE_ARITHMETIC,capacity-shadow,201,ARITH_B,ARITHMETIC,0,,1
1,C_DUPLICATE_ARITHMETIC,geometry-shadow,201,ARITH_B,ARITHMETIC,0,1.1841745376586914,1
1,C_DUPLICATE_ARITHMETIC,incumbent,202,ARITH_B,ARITHMETIC,0,1.285258173942566,1
1,C_DUPLICATE_ARITHMETIC,capacity-shadow,202,ARITH_B,ARITHMETIC,0,,1
1,C_DUPLICATE_ARITHMETIC,geometry-shadow,202,ARITH_B,ARITHMETIC,0,1.1811193227767944,1
1,C_DUPLICATE_ARITHMETIC,incumbent,203,ARITH_A,ARITHMETIC,0,1.284807562828064,1
1,C_DUPLICATE_ARITHMETIC,capacity-shadow,203,ARITH_A,ARITHMETIC,0,,1
1,C_DUPLICATE_ARITHMETIC,geometry-shadow,203,ARITH_A,ARITHMETIC,0,1.1719462871551514,1
1,C_DUPLICATE_ARITHMETIC,incumbent,204,STORY,STORY,1,1.512486696243286,1
1,C_DUPLICATE_ARITHMETIC,capacity-shadow,204,STORY,STORY,1,,1
1,C_DUPLICATE_ARITHMETIC,geometry-shadow,204,STORY,STORY,1,0.8796217441558838,1
1,C_DUPLICATE_ARITHMETIC,incumbent,205,STORY,STORY,1,1.2160298824310305,1
1,C_DUPLICATE_ARITHMETIC,capacity-shadow,205,STORY,STORY,2,,1
1,C_DUPLICATE_ARITHMETIC,geometry-shadow,205,STORY,STORY,1,0.0588786602020263,1
1,C_DUPLICATE_ARITHMETIC,incumbent,206,STORY,STORY,1,1.0326340198516846,1
1,C_DUPLICATE_ARITHMETIC,capacity-shadow,206,STORY,STORY,1,,1
1,C_DUPLICATE_ARITHMETIC,geometry-shadow,206,STORY,STORY,2,0.0216568708419799,1
1,C_DUPLICATE_ARITHMETIC,incumbent,207,ARITH_A,ARITHMETIC,0,1.2811532020568848,1
1,C_DUPLICATE_ARITHMETIC,capacity-shadow,207,ARITH_A,ARITHMETIC,0,,1
1,C_DUPLICATE_ARITHMETIC,geometry-shadow,207,ARITH_A,ARITHMETIC,0,1.1696133613586426,1
1,C_DUPLICATE_ARITHMETIC,incumbent,208,STORY,STORY,1,0.5480945110321045,1
1,C_DUPLICATE_ARITHMETIC,capacity-shadow,208,STORY,STORY,2,,1
1,C_DUPLICATE_ARITHMETIC,geometry-shadow,208,STORY,STORY,2,0.3420401811599731,1
1,C_DUPLICATE_ARITHMETIC,incumbent,209,ARITH_B,ARITHMETIC,0,1.2770997285842896,1
1,C_DUPLICATE_ARITHMETIC,capacity-shadow,209,ARITH_B,ARITHMETIC,0,,1
1,C_DUPLICATE_ARITHMETIC,geometry-shadow,209,ARITH_B,ARITHMETIC,0,1.1924971342086792,1
1,C_DUPLICATE_ARITHMETIC,incumbent,210,ARITH_A,ARITHMETIC,0,1.2811143398284912,1
1,C_DUPLICATE_ARITHMETIC,capacity-shadow,210,ARITH_A,ARITHMETIC,0,,1
1,C_DUPLICATE_ARITHMETIC,geometry-shadow,210,ARITH_A,ARITHMETIC,0,1.17960524559021,1
1,C_DUPLICATE_ARITHMETIC,incumbent,211,STORY,STORY,1,0.5118273496627808,1
1,C_DUPLICATE_ARITHMETIC,capacity-shadow,211,STORY,STORY,1,,1
1,C_DUPLICATE_ARITHMETIC,geometry-shadow,211,STORY,STORY,1,0.1561535596847534,1
1,C_DUPLICATE_ARITHMETIC,incumbent,212,STORY,STORY,0,0.2763993740081787,1
1,C_DUPLICATE_ARITHMETIC,capacity-shadow,212,STORY,STORY,0,,1
1,C_DUPLICATE_ARITHMETIC,geometry-shadow,212,STORY,STORY,2,0.0181199312210083,1
1,C_DUPLICATE_ARITHMETIC,incumbent,213,ARITH_A,ARITHMETIC,0,1.2797703742980957,1
1,C_DUPLICATE_ARITHMETIC,capacity-shadow,213,ARITH_A,ARITHMETIC,0,,1
1,C_DUPLICATE_ARITHMETIC,geometry-shadow,213,ARITH_A,ARITHMETIC,0,1.1824313402175903,1
1,C_DUPLICATE_ARITHMETIC,incumbent,214,STORY,STORY,1,1.274296760559082,1
1,C_DUPLICATE_ARITHMETIC,capacity-shadow,214,STORY,STORY,2,,1
1,C_DUPLICATE_ARITHMETIC,geometry-shadow,214,STORY,STORY,1,1.1649198532104492,1
1,C_DUPLICATE_ARITHMETIC,incumbent,215,STORY,STORY,0,0.6817312836647034,1
1,C_DUPLICATE_ARITHMETIC,capacity-shadow,215,STORY,STORY,0,,1
1,C_DUPLICATE_ARITHMETIC,geometry-shadow,215,STORY,STORY,0,0.7091784477233887,1
1,C_DUPLICATE_ARITHMETIC,incumbent,216,ARITH_B,ARITHMETIC,0,1.2738124132156372,1
1,C_DUPLICATE_ARITHMETIC,capacity-shadow,216,ARITH_B,ARITHMETIC,0,,1
1,C_DUPLICATE_ARITHMETIC,geometry-shadow,216,ARITH_B,ARITHMETIC,0,1.1780203580856323,1
1,C_DUPLICATE_ARITHMETIC,incumbent,217,STORY,STORY,1,0.4339890480041504,1
1,C_DUPLICATE_ARITHMETIC,capacity-shadow,217,STORY,STORY,1,,1
1,C_DUPLICATE_ARITHMETIC,geometry-shadow,217,STORY,STORY,1,0.3633027076721191,1
1,C_DUPLICATE_ARITHMETIC,incumbent,218,ARITH_A,ARITHMETIC,0,1.2882894277572632,1
1,C_DUPLICATE_ARITHMETIC,capacity-shadow,218,ARITH_A,ARITHMETIC,0,,1
1,C_DUPLICATE_ARITHMETIC,geometry-shadow,218,ARITH_A,ARITHMETIC,0,1.1781268119812012,1
1,C_DUPLICATE_ARITHMETIC,incumbent,219,ARITH_A,ARITHMETIC,0,1.2857112884521484,1
1,C_DUPLICATE_ARITHMETIC,capacity-shadow,219,ARITH_A,ARITHMETIC,0,,1
1,C_DUPLICATE_ARITHMETIC,geometry-shadow,219,ARITH_A,ARITHMETIC,0,1.1898871660232544,1
1,C_DUPLICATE_ARITHMETIC,incumbent,220,ARITH_B,ARITHMETIC,0,1.2789479494094849,1
1,C_DUPLICATE_ARITHMETIC,capacity-shadow,220,ARITH_B,ARITHMETIC,0,,1
1,C_DUPLICATE_ARITHMETIC,geometry-shadow,220,ARITH_B,ARITHMETIC,0,1.175869703292847,1
1,C_DUPLICATE_ARITHMETIC,incumbent,221,ARITH_A,ARITHMETIC,0,1.2712222337722778,1
1,C_DUPLICATE_ARITHMETIC,capacity-shadow,221,ARITH_A,ARITHMETIC,0,,1
1,C_DUPLICATE_ARITHMETIC,geometry-shadow,221,ARITH_A,ARITHMETIC,0,1.1648976802825928,1
1,C_DUPLICATE_ARITHMETIC,incumbent,222,ARITH_B,ARITHMETIC,0,1.2836501598358154,1
1,C_DUPLICATE_ARITHMETIC,capacity-shadow,222,ARITH_B,ARITHMETIC,0,,1
1,C_DUPLICATE_ARITHMETIC,geometry-shadow,222,ARITH_B,ARITHMETIC,0,1.17941153049469,1
1,C_DUPLICATE_ARITHMETIC,incumbent,223,ARITH_A,ARITHMETIC,0,1.2797073125839231,1
1,C_DUPLICATE_ARITHMETIC,capacity-shadow,223,ARITH_A,ARITHMETIC,0,,1
1,C_DUPLICATE_ARITHMETIC,geometry-shadow,223,ARITH_A,ARITHMETIC,0,1.190019965171814,1
1,C_DUPLICATE_ARITHMETIC,incumbent,224,STORY,STORY,1,0.3663846254348755,1
1,C_DUPLICATE_ARITHMETIC,capacity-shadow,224,STORY,STORY,2,,1
1,C_DUPLICATE_ARITHMETIC,geometry-shadow,224,STORY,STORY,1,0.3735313415527344,1
1,C_DUPLICATE_ARITHMETIC,incumbent,225,STORY,STORY,1,1.832902193069458,1
1,C_DUPLICATE_ARITHMETIC,capacity-shadow,225,STORY,STORY,1,,1
1,C_DUPLICATE_ARITHMETIC,geometry-shadow,225,STORY,STORY,1,0.3043203353881836,1
1,C_DUPLICATE_ARITHMETIC,incumbent,226,ARITH_A,ARITHMETIC,0,1.2825440168380735,1
1,C_DUPLICATE_ARITHMETIC,capacity-shadow,226,ARITH_A,ARITHMETIC,0,,1
1,C_DUPLICATE_ARITHMETIC,geometry-shadow,226,ARITH_A,ARITHMETIC,0,1.173157811164856,1
1,C_DUPLICATE_ARITHMETIC,incumbent,227,ARITH_B,ARITHMETIC,0,1.2845561504364014,1
1,C_DUPLICATE_ARITHMETIC,capacity-shadow,227,ARITH_B,ARITHMETIC,0,,1
1,C_DUPLICATE_ARITHMETIC,geometry-shadow,227,ARITH_B,ARITHMETIC,0,1.168300747871399,1
1,C_DUPLICATE_ARITHMETIC,incumbent,228,STORY,STORY,0,0.6367431282997131,1
1,C_DUPLICATE_ARITHMETIC,capacity-shadow,228,STORY,STORY,0,,1
1,C_DUPLICATE_ARITHMETIC,geometry-shadow,228,STORY,STORY,0,0.5571033358573914,1
1,C_DUPLICATE_ARITHMETIC,incumbent,229,ARITH_A,ARITHMETIC,0,1.2704133987426758,1
1,C_DUPLICATE_ARITHMETIC,capacity-shadow,229,ARITH_A,ARITHMETIC,0,,1
1,C_DUPLICATE_ARITHMETIC,geometry-shadow,229,ARITH_A,ARITHMETIC,0,1.18519127368927,1
1,C_DUPLICATE_ARITHMETIC,incumbent,230,ARITH_B,ARITHMETIC,0,1.276697039604187,1
1,C_DUPLICATE_ARITHMETIC,capacity-shadow,230,ARITH_B,ARITHMETIC,0,,1
1,C_DUPLICATE_ARITHMETIC,geometry-shadow,230,ARITH_B,ARITHMETIC,0,1.172093391418457,1
1,C_DUPLICATE_ARITHMETIC,incumbent,231,STORY,STORY,1,1.5799813270568848,1
1,C_DUPLICATE_ARITHMETIC,capacity-shadow,231,STORY,STORY,2,,1
1,C_DUPLICATE_ARITHMETIC,geometry-shadow,231,STORY,STORY,1,0.9231821298599244,1
1,C_DUPLICATE_ARITHMETIC,incumbent,232,ARITH_A,ARITHMETIC,0,1.2864999771118164,1
1,C_DUPLICATE_ARITHMETIC,capacity-shadow,232,ARITH_A,ARITHMETIC,0,,1
1,C_DUPLICATE_ARITHMETIC,geometry-shadow,232,ARITH_A,ARITHMETIC,0,1.175466537475586,1
1,C_DUPLICATE_ARITHMETIC,incumbent,233,ARITH_B,ARITHMETIC,0,1.2784919738769531,1
1,C_DUPLICATE_ARITHMETIC,capacity-shadow,233,ARITH_B,ARITHMETIC,0,,1
1,C_DUPLICATE_ARITHMETIC,geometry-shadow,233,ARITH_B,ARITHMETIC,0,1.149976372718811,1
1,C_DUPLICATE_ARITHMETIC,incumbent,234,STORY,STORY,0,0.3936732411384582,1
1,C_DUPLICATE_ARITHMETIC,capacity-shadow,234,STORY,STORY,0,,1
1,C_DUPLICATE_ARITHMETIC,geometry-shadow,234,STORY,STORY,0,0.4368157386779785,1
1,C_DUPLICATE_ARITHMETIC,incumbent,235,STORY,STORY,1,1.6478638648986816,1
1,C_DUPLICATE_ARITHMETIC,capacity-shadow,235,STORY,STORY,1,,1
1,C_DUPLICATE_ARITHMETIC,geometry-shadow,235,STORY,STORY,1,0.4346949458122253,1
1,C_DUPLICATE_ARITHMETIC,incumbent,236,ARITH_B,ARITHMETIC,0,1.2809995412826538,1
1,C_DUPLICATE_ARITHMETIC,capacity-shadow,236,ARITH_B,ARITHMETIC,0,,1
1,C_DUPLICATE_ARITHMETIC,geometry-shadow,236,ARITH_B,ARITHMETIC,0,1.1789281368255615,1
1,C_DUPLICATE_ARITHMETIC,incumbent,237,STORY,STORY,1,0.3182446956634521,1
1,C_DUPLICATE_ARITHMETIC,capacity-shadow,237,STORY,STORY,2,,1
1,C_DUPLICATE_ARITHMETIC,geometry-shadow,237,STORY,STORY,1,0.322534441947937,1
1,C_DUPLICATE_ARITHMETIC,incumbent,238,ARITH_A,ARITHMETIC,0,1.2876815795898438,1
1,C_DUPLICATE_ARITHMETIC,capacity-shadow,238,ARITH_A,ARITHMETIC,0,,1
1,C_DUPLICATE_ARITHMETIC,geometry-shadow,238,ARITH_A,ARITHMETIC,0,1.1834471225738523,1
1,C_DUPLICATE_ARITHMETIC,incumbent,239,ARITH_B,ARITHMETIC,0,1.2787718772888184,1
1,C_DUPLICATE_ARITHMETIC,capacity-shadow,239,ARITH_B,ARITHMETIC,0,,1
1,C_DUPLICATE_ARITHMETIC,geometry-shadow,239,ARITH_B,ARITHMETIC,0,1.1686041355133057,1
1,C_DUPLICATE_ARITHMETIC,incumbent,240,ARITH_A,ARITHMETIC,0,1.2716166973114014,1
1,C_DUPLICATE_ARITHMETIC,capacity-shadow,240,ARITH_A,ARITHMETIC,0,,1
1,C_DUPLICATE_ARITHMETIC,geometry-shadow,240,ARITH_A,ARITHMETIC,0,1.1913617849349976,1
1,C_DUPLICATE_ARITHMETIC,incumbent,241,STORY,STORY,0,0.6147792339324951,1
1,C_DUPLICATE_ARITHMETIC,capacity-shadow,241,STORY,STORY,0,,1
1,C_DUPLICATE_ARITHMETIC,geometry-shadow,241,STORY,STORY,0,0.4789516925811767,1
1,C_DUPLICATE_ARITHMETIC,incumbent,242,STORY,STORY,0,0.1534914970397949,1
1,C_DUPLICATE_ARITHMETIC,capacity-shadow,242,STORY,STORY,0,,1
1,C_DUPLICATE_ARITHMETIC,geometry-shadow,242,STORY,STORY,0,0.1917937994003296,1
1,C_DUPLICATE_ARITHMETIC,incumbent,243,STORY,STORY,1,1.7450048923492432,1
1,C_DUPLICATE_ARITHMETIC,capacity-shadow,243,STORY,STORY,1,,1
1,C_DUPLICATE_ARITHMETIC,geometry-shadow,243,STORY,STORY,1,0.8049671053886414,1
1,C_DUPLICATE_ARITHMETIC,incumbent,244,ARITH_A,ARITHMETIC,0,1.282892823219299,1
1,C_DUPLICATE_ARITHMETIC,capacity-shadow,244,ARITH_A,ARITHMETIC,0,,1
1,C_DUPLICATE_ARITHMETIC,geometry-shadow,244,ARITH_A,ARITHMETIC,0,1.1816930770874023,1
1,C_DUPLICATE_ARITHMETIC,incumbent,245,STORY,STORY,0,0.1512167453765869,1
1,C_DUPLICATE_ARITHMETIC,capacity-shadow,245,STORY,STORY,0,,1
1,C_DUPLICATE_ARITHMETIC,geometry-shadow,245,STORY,STORY,0,0.1115316152572631,1
1,C_DUPLICATE_ARITHMETIC,incumbent,246,STORY,STORY,1,1.937351942062378,1
1,C_DUPLICATE_ARITHMETIC,capacity-shadow,246,STORY,STORY,2,,1
1,C_DUPLICATE_ARITHMETIC,geometry-shadow,246,STORY,STORY,1,0.7922980189323425,1
1,C_DUPLICATE_ARITHMETIC,incumbent,247,ARITH_B,ARITHMETIC,0,1.2870380878448486,1
1,C_DUPLICATE_ARITHMETIC,capacity-shadow,247,ARITH_B,ARITHMETIC,0,,1
1,C_DUPLICATE_ARITHMETIC,geometry-shadow,247,ARITH_B,ARITHMETIC,0,1.1817210912704468,1
1,C_DUPLICATE_ARITHMETIC,incumbent,248,STORY,STORY,1,2.0044078826904297,1
1,C_DUPLICATE_ARITHMETIC,capacity-shadow,248,STORY,STORY,1,,1
1,C_DUPLICATE_ARITHMETIC,geometry-shadow,248,STORY,STORY,1,1.0049902200698853,1
1,C_DUPLICATE_ARITHMETIC,incumbent,249,ARITH_B,ARITHMETIC,0,1.2778304815292358,1
1,C_DUPLICATE_ARITHMETIC,capacity-shadow,249,ARITH_B,ARITHMETIC,0,,1
1,C_DUPLICATE_ARITHMETIC,geometry-shadow,249,ARITH_B,ARITHMETIC,0,1.1734248399734497,1
1,C_DUPLICATE_ARITHMETIC,incumbent,250,STORY,STORY,1,1.978182077407837,1
1,C_DUPLICATE_ARITHMETIC,capacity-shadow,250,STORY,STORY,2,,1
1,C_DUPLICATE_ARITHMETIC,geometry-shadow,250,STORY,STORY,1,0.735531210899353,1
1,C_DUPLICATE_ARITHMETIC,incumbent,251,ARITH_B,ARITHMETIC,0,1.266866683959961,1
1,C_DUPLICATE_ARITHMETIC,capacity-shadow,251,ARITH_B,ARITHMETIC,0,,1
1,C_DUPLICATE_ARITHMETIC,geometry-shadow,251,ARITH_B,ARITHMETIC,0,1.1558572053909302,1
1,C_DUPLICATE_ARITHMETIC,incumbent,252,ARITH_A,ARITHMETIC,0,1.2788256406784058,1
1,C_DUPLICATE_ARITHMETIC,capacity-shadow,252,ARITH_A,ARITHMETIC,0,,1
1,C_DUPLICATE_ARITHMETIC,geometry-shadow,252,ARITH_A,ARITHMETIC,0,1.1779193878173828,1
1,C_DUPLICATE_ARITHMETIC,incumbent,253,STORY,STORY,1,1.1183373928070068,1
1,C_DUPLICATE_ARITHMETIC,capacity-shadow,253,STORY,STORY,1,,1
1,C_DUPLICATE_ARITHMETIC,geometry-shadow,253,STORY,STORY,1,0.3726567029953003,1
1,C_DUPLICATE_ARITHMETIC,incumbent,254,ARITH_B,ARITHMETIC,0,1.2893129587173462,1
1,C_DUPLICATE_ARITHMETIC,capacity-shadow,254,ARITH_B,ARITHMETIC,0,,1
1,C_DUPLICATE_ARITHMETIC,geometry-shadow,254,ARITH_B,ARITHMETIC,0,1.182362675666809,1
1,C_DUPLICATE_ARITHMETIC,incumbent,255,ARITH_A,ARITHMETIC,0,1.2747690677642822,1
1,C_DUPLICATE_ARITHMETIC,capacity-shadow,255,ARITH_A,ARITHMETIC,0,,1
1,C_DUPLICATE_ARITHMETIC,geometry-shadow,255,ARITH_A,ARITHMETIC,0,1.1726056337356567,1
1,C_DUPLICATE_ARITHMETIC,incumbent,256,STORY,STORY,1,1.7657148838043213,1
1,C_DUPLICATE_ARITHMETIC,capacity-shadow,256,STORY,STORY,2,,1
1,C_DUPLICATE_ARITHMETIC,geometry-shadow,256,STORY,STORY,1,1.0130863189697266,1
1,D_WEAK_TRANSFORM,incumbent,1,STORY,STORY,1,2.2111353874206543,1
1,D_WEAK_TRANSFORM,capacity-shadow,1,STORY,STORY,2,,1
1,D_WEAK_TRANSFORM,geometry-shadow,1,STORY,STORY,1,0.8071761131286621,1
1,D_WEAK_TRANSFORM,incumbent,2,STORY,STORY,1,1.4071316719055176,1
1,D_WEAK_TRANSFORM,capacity-shadow,2,STORY,STORY,1,,1
1,D_WEAK_TRANSFORM,geometry-shadow,2,STORY,STORY,1,0.8039994835853577,1
1,D_WEAK_TRANSFORM,incumbent,3,ARITH_A,ARITHMETIC,0,1.74671471118927,1
1,D_WEAK_TRANSFORM,capacity-shadow,3,ARITH_A,ARITHMETIC,0,,1
1,D_WEAK_TRANSFORM,geometry-shadow,3,ARITH_A,ARITHMETIC,0,1.8082046508789065,1
1,D_WEAK_TRANSFORM,incumbent,4,STORY,STORY,1,0.62934410572052,1
1,D_WEAK_TRANSFORM,capacity-shadow,4,STORY,STORY,2,,1
1,D_WEAK_TRANSFORM,geometry-shadow,4,STORY,STORY,1,0.599897027015686,1
1,D_WEAK_TRANSFORM,incumbent,5,STORY,STORY,0,0.4737900495529175,1
1,D_WEAK_TRANSFORM,capacity-shadow,5,STORY,STORY,0,,1
1,D_WEAK_TRANSFORM,geometry-shadow,5,STORY,STORY,0,0.474934458732605,1
1,D_WEAK_TRANSFORM,incumbent,6,STORY,STORY,1,1.736088752746582,1
1,D_WEAK_TRANSFORM,capacity-shadow,6,STORY,STORY,1,,1
1,D_WEAK_TRANSFORM,geometry-shadow,6,STORY,STORY,1,1.2120178937911987,1
1,D_WEAK_TRANSFORM,incumbent,7,STORY,STORY,0,0.2753276824951172,1
1,D_WEAK_TRANSFORM,capacity-shadow,7,STORY,STORY,0,,1
1,D_WEAK_TRANSFORM,geometry-shadow,7,STORY,STORY,0,0.3429350852966308,1
1,D_WEAK_TRANSFORM,incumbent,8,STORY,STORY,1,1.6027185916900637,1
1,D_WEAK_TRANSFORM,capacity-shadow,8,STORY,STORY,2,,1
1,D_WEAK_TRANSFORM,geometry-shadow,8,STORY,STORY,1,0.9184228777885436,1
1,D_WEAK_TRANSFORM,incumbent,9,STORY,STORY,1,0.5260210037231445,1
1,D_WEAK_TRANSFORM,capacity-shadow,9,STORY,STORY,1,,1
1,D_WEAK_TRANSFORM,geometry-shadow,9,STORY,STORY,1,0.0664663314819336,1
1,D_WEAK_TRANSFORM,incumbent,10,STORY,STORY,1,1.19433331489563,1
1,D_WEAK_TRANSFORM,capacity-shadow,10,STORY,STORY,2,,1
1,D_WEAK_TRANSFORM,geometry-shadow,10,STORY,STORY,1,1.201581954956055,1
1,D_WEAK_TRANSFORM,incumbent,11,TRANSFORM,TRANSFORM,0,1.4844653606414795,1
1,D_WEAK_TRANSFORM,capacity-shadow,11,TRANSFORM,TRANSFORM,0,,1
1,D_WEAK_TRANSFORM,geometry-shadow,11,TRANSFORM,TRANSFORM,0,1.5459619760513306,1
1,D_WEAK_TRANSFORM,incumbent,12,STORY,STORY,0,1.284717321395874,1
1,D_WEAK_TRANSFORM,capacity-shadow,12,STORY,STORY,0,,1
1,D_WEAK_TRANSFORM,geometry-shadow,12,STORY,STORY,0,1.3173848390579224,1
1,D_WEAK_TRANSFORM,incumbent,13,STORY,STORY,1,1.5259507894515991,1
1,D_WEAK_TRANSFORM,capacity-shadow,13,STORY,STORY,1,,1
1,D_WEAK_TRANSFORM,geometry-shadow,13,STORY,STORY,1,0.7038258910179138,1
1,D_WEAK_TRANSFORM,incumbent,14,STORY,STORY,1,0.303164005279541,1
1,D_WEAK_TRANSFORM,capacity-shadow,14,STORY,STORY,2,,1
1,D_WEAK_TRANSFORM,geometry-shadow,14,STORY,STORY,1,0.2810786962509155,1
1,D_WEAK_TRANSFORM,incumbent,15,STORY,STORY,1,0.5486199855804443,1
1,D_WEAK_TRANSFORM,capacity-shadow,15,STORY,STORY,1,,1
1,D_WEAK_TRANSFORM,geometry-shadow,15,STORY,STORY,1,0.5422598123550415,1
1,D_WEAK_TRANSFORM,incumbent,16,TRANSFORM,TRANSFORM,0,1.521609902381897,1
1,D_WEAK_TRANSFORM,capacity-shadow,16,TRANSFORM,TRANSFORM,0,,1
1,D_WEAK_TRANSFORM,geometry-shadow,16,TRANSFORM,TRANSFORM,0,1.5899792909622192,1
1,D_WEAK_TRANSFORM,incumbent,17,STORY,STORY,1,1.9509172439575195,1
1,D_WEAK_TRANSFORM,capacity-shadow,17,STORY,STORY,2,,1
1,D_WEAK_TRANSFORM,geometry-shadow,17,STORY,STORY,1,0.8751348853111267,1
1,D_WEAK_TRANSFORM,incumbent,18,STORY,STORY,1,0.9954289197921752,1
1,D_WEAK_TRANSFORM,capacity-shadow,18,STORY,STORY,1,,1
1,D_WEAK_TRANSFORM,geometry-shadow,18,STORY,STORY,1,0.4966192245483398,1
1,D_WEAK_TRANSFORM,incumbent,19,STORY,STORY,0,0.0369243621826171,1
1,D_WEAK_TRANSFORM,capacity-shadow,19,STORY,STORY,0,,1
1,D_WEAK_TRANSFORM,geometry-shadow,19,STORY,STORY,0,0.0649716854095459,1
1,D_WEAK_TRANSFORM,incumbent,20,ARITH_A,ARITHMETIC,0,1.7207525968551636,1
1,D_WEAK_TRANSFORM,capacity-shadow,20,ARITH_A,ARITHMETIC,0,,1
1,D_WEAK_TRANSFORM,geometry-shadow,20,ARITH_A,ARITHMETIC,0,1.784833908081055,1
1,D_WEAK_TRANSFORM,incumbent,21,STORY,STORY,1,0.4867732524871826,1
1,D_WEAK_TRANSFORM,capacity-shadow,21,STORY,STORY,2,,1
1,D_WEAK_TRANSFORM,geometry-shadow,21,STORY,STORY,1,0.4769954681396484,1
1,D_WEAK_TRANSFORM,incumbent,22,ARITH_A,ARITHMETIC,0,1.7609145641326904,1
1,D_WEAK_TRANSFORM,capacity-shadow,22,ARITH_A,ARITHMETIC,0,,1
1,D_WEAK_TRANSFORM,geometry-shadow,22,ARITH_A,ARITHMETIC,0,1.821665644645691,1
1,D_WEAK_TRANSFORM,incumbent,23,ARITH_A,ARITHMETIC,0,1.7174383401870728,1
1,D_WEAK_TRANSFORM,capacity-shadow,23,ARITH_A,ARITHMETIC,0,,1
1,D_WEAK_TRANSFORM,geometry-shadow,23,ARITH_A,ARITHMETIC,0,1.7807786464691162,1
1,D_WEAK_TRANSFORM,incumbent,24,STORY,STORY,0,0.3444355726242065,1
1,D_WEAK_TRANSFORM,capacity-shadow,24,STORY,STORY,0,,1
1,D_WEAK_TRANSFORM,geometry-shadow,24,STORY,STORY,0,0.3633900880813598,1
1,D_WEAK_TRANSFORM,incumbent,25,STORY,STORY,0,0.8112978339195251,1
1,D_WEAK_TRANSFORM,capacity-shadow,25,STORY,STORY,0,,1
1,D_WEAK_TRANSFORM,geometry-shadow,25,STORY,STORY,0,0.8464452624320984,1
1,D_WEAK_TRANSFORM,incumbent,26,ARITH_A,ARITHMETIC,0,1.7392265796661377,1
1,D_WEAK_TRANSFORM,capacity-shadow,26,ARITH_A,ARITHMETIC,0,,1
1,D_WEAK_TRANSFORM,geometry-shadow,26,ARITH_A,ARITHMETIC,0,1.802057147026062,1
1,D_WEAK_TRANSFORM,incumbent,27,STORY,STORY,0,0.1576646566390991,1
1,D_WEAK_TRANSFORM,capacity-shadow,27,STORY,STORY,0,,1
1,D_WEAK_TRANSFORM,geometry-shadow,27,STORY,STORY,0,0.1789230108261108,1
1,D_WEAK_TRANSFORM,incumbent,28,STORY,STORY,1,0.8164427280426025,1
1,D_WEAK_TRANSFORM,capacity-shadow,28,STORY,STORY,1,,1
1,D_WEAK_TRANSFORM,geometry-shadow,28,STORY,STORY,1,0.8206832408905029,1
1,D_WEAK_TRANSFORM,incumbent,29,TRANSFORM,TRANSFORM,0,1.5059030055999756,1
1,D_WEAK_TRANSFORM,capacity-shadow,29,TRANSFORM,TRANSFORM,0,,1
1,D_WEAK_TRANSFORM,geometry-shadow,29,TRANSFORM,TRANSFORM,0,1.5622544288635254,1
1,D_WEAK_TRANSFORM,incumbent,30,STORY,STORY,1,1.4972634315490725,1
1,D_WEAK_TRANSFORM,capacity-shadow,30,STORY,STORY,2,,1
1,D_WEAK_TRANSFORM,geometry-shadow,30,STORY,STORY,1,1.373705506324768,1
1,D_WEAK_TRANSFORM,incumbent,31,ARITH_A,ARITHMETIC,0,1.733161687850952,1
1,D_WEAK_TRANSFORM,capacity-shadow,31,ARITH_A,ARITHMETIC,0,,1
1,D_WEAK_TRANSFORM,geometry-shadow,31,ARITH_A,ARITHMETIC,0,1.7973144054412842,1
1,D_WEAK_TRANSFORM,incumbent,32,ARITH_A,ARITHMETIC,0,1.7453359365463257,1
1,D_WEAK_TRANSFORM,capacity-shadow,32,ARITH_A,ARITHMETIC,0,,1
1,D_WEAK_TRANSFORM,geometry-shadow,32,ARITH_A,ARITHMETIC,0,1.8082506656646729,1
1,D_WEAK_TRANSFORM,incumbent,33,STORY,STORY,1,1.0313822031021118,1
1,D_WEAK_TRANSFORM,capacity-shadow,33,STORY,STORY,1,,1
1,D_WEAK_TRANSFORM,geometry-shadow,33,STORY,STORY,1,1.0604071617126465,1
1,D_WEAK_TRANSFORM,incumbent,34,ARITH_A,ARITHMETIC,0,1.723929524421692,1
1,D_WEAK_TRANSFORM,capacity-shadow,34,ARITH_A,ARITHMETIC,0,,1
1,D_WEAK_TRANSFORM,geometry-shadow,34,ARITH_A,ARITHMETIC,0,1.7864844799041748,1
1,D_WEAK_TRANSFORM,incumbent,35,STORY,STORY,1,1.3987042903900146,1
1,D_WEAK_TRANSFORM,capacity-shadow,35,STORY,STORY,2,,1
1,D_WEAK_TRANSFORM,geometry-shadow,35,STORY,STORY,1,0.2685669660568237,1
1,D_WEAK_TRANSFORM,incumbent,36,STORY,STORY,1,1.2325831651687622,1
1,D_WEAK_TRANSFORM,capacity-shadow,36,STORY,STORY,1,,1
1,D_WEAK_TRANSFORM,geometry-shadow,36,STORY,STORY,1,1.1563901901245115,1
1,D_WEAK_TRANSFORM,incumbent,37,ARITH_A,ARITHMETIC,0,1.7309964895248413,1
1,D_WEAK_TRANSFORM,capacity-shadow,37,ARITH_A,ARITHMETIC,0,,1
1,D_WEAK_TRANSFORM,geometry-shadow,37,ARITH_A,ARITHMETIC,0,1.7955846786499023,1
1,D_WEAK_TRANSFORM,incumbent,38,ARITH_A,ARITHMETIC,0,1.7408603429794312,1
1,D_WEAK_TRANSFORM,capacity-shadow,38,ARITH_A,ARITHMETIC,0,,1
1,D_WEAK_TRANSFORM,geometry-shadow,38,ARITH_A,ARITHMETIC,0,1.8047066926956177,1
1,D_WEAK_TRANSFORM,incumbent,39,STORY,STORY,1,0.0762548446655273,1
1,D_WEAK_TRANSFORM,capacity-shadow,39,STORY,STORY,2,,1
1,D_WEAK_TRANSFORM,geometry-shadow,39,STORY,STORY,1,0.0133178234100341,1
1,D_WEAK_TRANSFORM,incumbent,40,TRANSFORM,TRANSFORM,0,1.5228393077850342,1
1,D_WEAK_TRANSFORM,capacity-shadow,40,TRANSFORM,TRANSFORM,0,,1
1,D_WEAK_TRANSFORM,geometry-shadow,40,TRANSFORM,TRANSFORM,0,1.5824668407440186,1
1,D_WEAK_TRANSFORM,incumbent,41,ARITH_A,ARITHMETIC,0,1.7550535202026367,1
1,D_WEAK_TRANSFORM,capacity-shadow,41,ARITH_A,ARITHMETIC,0,,1
1,D_WEAK_TRANSFORM,geometry-shadow,41,ARITH_A,ARITHMETIC,0,1.814856767654419,1
1,D_WEAK_TRANSFORM,incumbent,42,STORY,STORY,1,1.4047495126724243,1
1,D_WEAK_TRANSFORM,capacity-shadow,42,STORY,STORY,1,,1
1,D_WEAK_TRANSFORM,geometry-shadow,42,STORY,STORY,1,1.4461253881454468,1
1,D_WEAK_TRANSFORM,incumbent,43,STORY,STORY,0,0.4617966413497925,1
1,D_WEAK_TRANSFORM,capacity-shadow,43,STORY,STORY,0,,1
1,D_WEAK_TRANSFORM,geometry-shadow,43,STORY,STORY,0,0.5174216032028198,1
1,D_WEAK_TRANSFORM,incumbent,44,STORY,STORY,1,1.782740592956543,1
1,D_WEAK_TRANSFORM,capacity-shadow,44,STORY,STORY,2,,1
1,D_WEAK_TRANSFORM,geometry-shadow,44,STORY,STORY,1,1.1993412971496582,1
1,D_WEAK_TRANSFORM,incumbent,45,ARITH_A,ARITHMETIC,0,1.7255688905715942,1
1,D_WEAK_TRANSFORM,capacity-shadow,45,ARITH_A,ARITHMETIC,0,,1
1,D_WEAK_TRANSFORM,geometry-shadow,45,ARITH_A,ARITHMETIC,0,1.7870045900344849,1
1,D_WEAK_TRANSFORM,incumbent,46,ARITH_A,ARITHMETIC,0,1.7610925436019895,1
1,D_WEAK_TRANSFORM,capacity-shadow,46,ARITH_A,ARITHMETIC,0,,1
1,D_WEAK_TRANSFORM,geometry-shadow,46,ARITH_A,ARITHMETIC,0,1.8222688436508176,1
1,D_WEAK_TRANSFORM,incumbent,47,ARITH_A,ARITHMETIC,0,1.7533690929412842,1
1,D_WEAK_TRANSFORM,capacity-shadow,47,ARITH_A,ARITHMETIC,0,,1
1,D_WEAK_TRANSFORM,geometry-shadow,47,ARITH_A,ARITHMETIC,0,1.815130829811096,1
1,D_WEAK_TRANSFORM,incumbent,48,ARITH_A,ARITHMETIC,0,1.696471095085144,1
1,D_WEAK_TRANSFORM,capacity-shadow,48,ARITH_A,ARITHMETIC,0,,1
1,D_WEAK_TRANSFORM,geometry-shadow,48,ARITH_A,ARITHMETIC,0,1.7622170448303225,1
1,D_WEAK_TRANSFORM,incumbent,49,ARITH_A,ARITHMETIC,0,1.749527931213379,1
1,D_WEAK_TRANSFORM,capacity-shadow,49,ARITH_A,ARITHMETIC,0,,1
1,D_WEAK_TRANSFORM,geometry-shadow,49,ARITH_A,ARITHMETIC,0,1.8097281455993648,1
1,D_WEAK_TRANSFORM,incumbent,50,ARITH_A,ARITHMETIC,0,1.7318899631500244,1
1,D_WEAK_TRANSFORM,capacity-shadow,50,ARITH_A,ARITHMETIC,0,,1
1,D_WEAK_TRANSFORM,geometry-shadow,50,ARITH_A,ARITHMETIC,0,1.795547604560852,1
1,D_WEAK_TRANSFORM,incumbent,51,TRANSFORM,TRANSFORM,0,1.5235953330993652,1
1,D_WEAK_TRANSFORM,capacity-shadow,51,TRANSFORM,TRANSFORM,0,,1
1,D_WEAK_TRANSFORM,geometry-shadow,51,TRANSFORM,TRANSFORM,0,1.5919705629348757,1
1,D_WEAK_TRANSFORM,incumbent,52,ARITH_A,ARITHMETIC,0,1.744422435760498,1
1,D_WEAK_TRANSFORM,capacity-shadow,52,ARITH_A,ARITHMETIC,0,,1
1,D_WEAK_TRANSFORM,geometry-shadow,52,ARITH_A,ARITHMETIC,0,1.801929712295532,1
1,D_WEAK_TRANSFORM,incumbent,53,ARITH_A,ARITHMETIC,0,1.757007122039795,1
1,D_WEAK_TRANSFORM,capacity-shadow,53,ARITH_A,ARITHMETIC,0,,1
1,D_WEAK_TRANSFORM,geometry-shadow,53,ARITH_A,ARITHMETIC,0,1.8181586265563965,1
1,D_WEAK_TRANSFORM,incumbent,54,STORY,STORY,0,0.5581276416778564,1
1,D_WEAK_TRANSFORM,capacity-shadow,54,STORY,STORY,0,,1
1,D_WEAK_TRANSFORM,geometry-shadow,54,STORY,STORY,0,0.6075611114501953,1
1,D_WEAK_TRANSFORM,incumbent,55,ARITH_A,ARITHMETIC,0,1.7484683990478516,1
1,D_WEAK_TRANSFORM,capacity-shadow,55,ARITH_A,ARITHMETIC,0,,1
1,D_WEAK_TRANSFORM,geometry-shadow,55,ARITH_A,ARITHMETIC,0,1.8070435523986816,1
1,D_WEAK_TRANSFORM,incumbent,56,ARITH_A,ARITHMETIC,0,1.7223567962646484,1
1,D_WEAK_TRANSFORM,capacity-shadow,56,ARITH_A,ARITHMETIC,0,,1
1,D_WEAK_TRANSFORM,geometry-shadow,56,ARITH_A,ARITHMETIC,0,1.785705804824829,1
1,D_WEAK_TRANSFORM,incumbent,57,STORY,STORY,1,0.4246357679367065,1
1,D_WEAK_TRANSFORM,capacity-shadow,57,STORY,STORY,1,,1
1,D_WEAK_TRANSFORM,geometry-shadow,57,STORY,STORY,1,0.4091885089874267,1
1,D_WEAK_TRANSFORM,incumbent,58,STORY,STORY,0,0.5255337953567505,1
1,D_WEAK_TRANSFORM,capacity-shadow,58,STORY,STORY,0,,1
1,D_WEAK_TRANSFORM,geometry-shadow,58,STORY,STORY,0,0.5702396631240845,1
1,D_WEAK_TRANSFORM,incumbent,59,STORY,STORY,0,0.8432186841964722,1
1,D_WEAK_TRANSFORM,capacity-shadow,59,STORY,STORY,0,,1
1,D_WEAK_TRANSFORM,geometry-shadow,59,STORY,STORY,0,0.8917183876037598,1
1,D_WEAK_TRANSFORM,incumbent,60,ARITH_A,ARITHMETIC,0,1.748099446296692,1
1,D_WEAK_TRANSFORM,capacity-shadow,60,ARITH_A,ARITHMETIC,0,,1
1,D_WEAK_TRANSFORM,geometry-shadow,60,ARITH_A,ARITHMETIC,0,1.808985710144043,1
1,D_WEAK_TRANSFORM,incumbent,61,ARITH_A,ARITHMETIC,0,1.7281185388565063,1
1,D_WEAK_TRANSFORM,capacity-shadow,61,ARITH_A,ARITHMETIC,0,,1
1,D_WEAK_TRANSFORM,geometry-shadow,61,ARITH_A,ARITHMETIC,0,1.789250731468201,1
1,D_WEAK_TRANSFORM,incumbent,62,STORY,STORY,1,0.968069076538086,1
1,D_WEAK_TRANSFORM,capacity-shadow,62,STORY,STORY,2,,1
1,D_WEAK_TRANSFORM,geometry-shadow,62,STORY,STORY,1,0.801316499710083,1
1,D_WEAK_TRANSFORM,incumbent,63,STORY,STORY,1,1.020869493484497,1
1,D_WEAK_TRANSFORM,capacity-shadow,63,STORY,STORY,1,,1
1,D_WEAK_TRANSFORM,geometry-shadow,63,STORY,STORY,1,1.0232083797454834,1
1,D_WEAK_TRANSFORM,incumbent,64,TRANSFORM,TRANSFORM,0,1.5191819667816162,1
1,D_WEAK_TRANSFORM,capacity-shadow,64,TRANSFORM,TRANSFORM,0,,1
1,D_WEAK_TRANSFORM,geometry-shadow,64,TRANSFORM,TRANSFORM,0,1.5874247550964355,1
1,D_WEAK_TRANSFORM,incumbent,65,STORY,STORY,1,1.169697403907776,1
1,D_WEAK_TRANSFORM,capacity-shadow,65,STORY,STORY,2,,1
1,D_WEAK_TRANSFORM,geometry-shadow,65,STORY,STORY,1,0.0089859962463378,1
1,D_WEAK_TRANSFORM,incumbent,66,ARITH_A,ARITHMETIC,0,1.7019120454788208,1
1,D_WEAK_TRANSFORM,capacity-shadow,66,ARITH_A,ARITHMETIC,0,,1
1,D_WEAK_TRANSFORM,geometry-shadow,66,ARITH_A,ARITHMETIC,0,1.7674988508224487,1
1,D_WEAK_TRANSFORM,incumbent,67,TRANSFORM,TRANSFORM,0,1.520641207695007,1
1,D_WEAK_TRANSFORM,capacity-shadow,67,TRANSFORM,TRANSFORM,0,,1
1,D_WEAK_TRANSFORM,geometry-shadow,67,TRANSFORM,TRANSFORM,0,1.571018099784851,1
1,D_WEAK_TRANSFORM,incumbent,68,STORY,STORY,0,0.8760434985160828,1
1,D_WEAK_TRANSFORM,capacity-shadow,68,STORY,STORY,0,,1
1,D_WEAK_TRANSFORM,geometry-shadow,68,STORY,STORY,0,0.9145265221595764,1
1,D_WEAK_TRANSFORM,incumbent,69,ARITH_A,ARITHMETIC,0,1.7408218383789062,1
1,D_WEAK_TRANSFORM,capacity-shadow,69,ARITH_A,ARITHMETIC,0,,1
1,D_WEAK_TRANSFORM,geometry-shadow,69,ARITH_A,ARITHMETIC,0,1.8025109767913816,1
1,D_WEAK_TRANSFORM,incumbent,70,ARITH_A,ARITHMETIC,0,1.7447689771652222,1
1,D_WEAK_TRANSFORM,capacity-shadow,70,ARITH_A,ARITHMETIC,0,,1
1,D_WEAK_TRANSFORM,geometry-shadow,70,ARITH_A,ARITHMETIC,0,1.8077421188354488,1
1,D_WEAK_TRANSFORM,incumbent,71,ARITH_A,ARITHMETIC,0,1.7410519123077393,1
1,D_WEAK_TRANSFORM,capacity-shadow,71,ARITH_A,ARITHMETIC,0,,1
1,D_WEAK_TRANSFORM,geometry-shadow,71,ARITH_A,ARITHMETIC,0,1.8033435344696045,1
1,D_WEAK_TRANSFORM,incumbent,72,STORY,STORY,1,1.8708709478378296,1
1,D_WEAK_TRANSFORM,capacity-shadow,72,STORY,STORY,1,,1
1,D_WEAK_TRANSFORM,geometry-shadow,72,STORY,STORY,1,0.8565571308135986,1
1,D_WEAK_TRANSFORM,incumbent,73,ARITH_A,ARITHMETIC,0,1.7370349168777466,1
1,D_WEAK_TRANSFORM,capacity-shadow,73,ARITH_A,ARITHMETIC,0,,1
1,D_WEAK_TRANSFORM,geometry-shadow,73,ARITH_A,ARITHMETIC,0,1.8006166219711304,1
1,D_WEAK_TRANSFORM,incumbent,74,TRANSFORM,TRANSFORM,0,1.519392490386963,1
1,D_WEAK_TRANSFORM,capacity-shadow,74,TRANSFORM,TRANSFORM,0,,1
1,D_WEAK_TRANSFORM,geometry-shadow,74,TRANSFORM,TRANSFORM,0,1.5804132223129272,1
1,D_WEAK_TRANSFORM,incumbent,75,ARITH_A,ARITHMETIC,0,1.757341384887695,1
1,D_WEAK_TRANSFORM,capacity-shadow,75,ARITH_A,ARITHMETIC,0,,1
1,D_WEAK_TRANSFORM,geometry-shadow,75,ARITH_A,ARITHMETIC,0,1.8165700435638428,1
1,D_WEAK_TRANSFORM,incumbent,76,ARITH_A,ARITHMETIC,0,1.7540781497955322,1
1,D_WEAK_TRANSFORM,capacity-shadow,76,ARITH_A,ARITHMETIC,0,,1
1,D_WEAK_TRANSFORM,geometry-shadow,76,ARITH_A,ARITHMETIC,0,1.814364314079285,1
1,D_WEAK_TRANSFORM,incumbent,77,TRANSFORM,TRANSFORM,0,1.4728935956954956,1
1,D_WEAK_TRANSFORM,capacity-shadow,77,TRANSFORM,TRANSFORM,0,,1
1,D_WEAK_TRANSFORM,geometry-shadow,77,TRANSFORM,TRANSFORM,0,1.5289069414138794,1
1,D_WEAK_TRANSFORM,incumbent,78,STORY,STORY,0,0.9800294637680054,1
1,D_WEAK_TRANSFORM,capacity-shadow,78,STORY,STORY,0,,1
1,D_WEAK_TRANSFORM,geometry-shadow,78,STORY,STORY,0,1.013935685157776,1
1,D_WEAK_TRANSFORM,incumbent,79,ARITH_A,ARITHMETIC,0,1.7416001558303833,1
1,D_WEAK_TRANSFORM,capacity-shadow,79,ARITH_A,ARITHMETIC,0,,1
1,D_WEAK_TRANSFORM,geometry-shadow,79,ARITH_A,ARITHMETIC,0,1.8019371032714844,1
1,D_WEAK_TRANSFORM,incumbent,80,STORY,STORY,0,0.2432211637496948,1
1,D_WEAK_TRANSFORM,capacity-shadow,80,STORY,STORY,0,,1
1,D_WEAK_TRANSFORM,geometry-shadow,80,STORY,STORY,0,0.2713122367858886,1
1,D_WEAK_TRANSFORM,incumbent,81,STORY,STORY,0,0.4707616567611694,1
1,D_WEAK_TRANSFORM,capacity-shadow,81,STORY,STORY,0,,1
1,D_WEAK_TRANSFORM,geometry-shadow,81,STORY,STORY,0,0.5255084037780762,1
1,D_WEAK_TRANSFORM,incumbent,82,ARITH_A,ARITHMETIC,0,1.736866116523743,1
1,D_WEAK_TRANSFORM,capacity-shadow,82,ARITH_A,ARITHMETIC,0,,1
1,D_WEAK_TRANSFORM,geometry-shadow,82,ARITH_A,ARITHMETIC,0,1.7987927198410034,1
1,D_WEAK_TRANSFORM,incumbent,83,STORY,STORY,1,1.6383850574493408,1
1,D_WEAK_TRANSFORM,capacity-shadow,83,STORY,STORY,2,,1
1,D_WEAK_TRANSFORM,geometry-shadow,83,STORY,STORY,1,1.0569902658462524,1
1,D_WEAK_TRANSFORM,incumbent,84,STORY,STORY,1,0.310775876045227,1
1,D_WEAK_TRANSFORM,capacity-shadow,84,STORY,STORY,1,,1
1,D_WEAK_TRANSFORM,geometry-shadow,84,STORY,STORY,1,0.2959538698196411,1
1,D_WEAK_TRANSFORM,incumbent,85,STORY,STORY,0,0.9391785860061646,1
1,D_WEAK_TRANSFORM,capacity-shadow,85,STORY,STORY,0,,1
1,D_WEAK_TRANSFORM,geometry-shadow,85,STORY,STORY,0,0.9882544279098512,1
1,D_WEAK_TRANSFORM,incumbent,86,STORY,STORY,1,0.8269317150115967,1
1,D_WEAK_TRANSFORM,capacity-shadow,86,STORY,STORY,2,,1
1,D_WEAK_TRANSFORM,geometry-shadow,86,STORY,STORY,1,0.2737963199615478,1
1,D_WEAK_TRANSFORM,incumbent,87,ARITH_A,ARITHMETIC,0,1.726725459098816,1
1,D_WEAK_TRANSFORM,capacity-shadow,87,ARITH_A,ARITHMETIC,0,,1
1,D_WEAK_TRANSFORM,geometry-shadow,87,ARITH_A,ARITHMETIC,0,1.7867751121520996,1
1,D_WEAK_TRANSFORM,incumbent,88,ARITH_A,ARITHMETIC,0,1.749444842338562,1
1,D_WEAK_TRANSFORM,capacity-shadow,88,ARITH_A,ARITHMETIC,0,,1
1,D_WEAK_TRANSFORM,geometry-shadow,88,ARITH_A,ARITHMETIC,0,1.8096331357955933,1
1,D_WEAK_TRANSFORM,incumbent,89,ARITH_A,ARITHMETIC,0,1.7440531253814695,1
1,D_WEAK_TRANSFORM,capacity-shadow,89,ARITH_A,ARITHMETIC,0,,1
1,D_WEAK_TRANSFORM,geometry-shadow,89,ARITH_A,ARITHMETIC,0,1.8059208393096924,1
1,D_WEAK_TRANSFORM,incumbent,90,STORY,STORY,0,0.0627394914627075,1
1,D_WEAK_TRANSFORM,capacity-shadow,90,STORY,STORY,0,,1
1,D_WEAK_TRANSFORM,geometry-shadow,90,STORY,STORY,0,0.0820200443267822,1
1,D_WEAK_TRANSFORM,incumbent,91,STORY,STORY,1,0.0906068086624145,1
1,D_WEAK_TRANSFORM,capacity-shadow,91,STORY,STORY,1,,1
1,D_WEAK_TRANSFORM,geometry-shadow,91,STORY,STORY,2,0.3362970352172851,1
1,D_WEAK_TRANSFORM,incumbent,92,STORY,STORY,0,0.9303145408630372,1
1,D_WEAK_TRANSFORM,capacity-shadow,92,STORY,STORY,0,,1
1,D_WEAK_TRANSFORM,geometry-shadow,92,STORY,STORY,0,0.9788118600845336,1
1,D_WEAK_TRANSFORM,incumbent,93,ARITH_A,ARITHMETIC,0,1.7572015523910522,1
1,D_WEAK_TRANSFORM,capacity-shadow,93,ARITH_A,ARITHMETIC,0,,1
1,D_WEAK_TRANSFORM,geometry-shadow,93,ARITH_A,ARITHMETIC,0,1.8189293146133425,1
1,D_WEAK_TRANSFORM,incumbent,94,STORY,STORY,0,0.6920878887176514,1
1,D_WEAK_TRANSFORM,capacity-shadow,94,STORY,STORY,0,,1
1,D_WEAK_TRANSFORM,geometry-shadow,94,STORY,STORY,0,0.7200275659561157,1
1,D_WEAK_TRANSFORM,incumbent,95,STORY,STORY,0,0.9500399827957152,1
1,D_WEAK_TRANSFORM,capacity-shadow,95,STORY,STORY,0,,1
1,D_WEAK_TRANSFORM,geometry-shadow,95,STORY,STORY,0,0.9920127391815186,1
1,D_WEAK_TRANSFORM,incumbent,96,STORY,STORY,1,1.873626708984375,1
1,D_WEAK_TRANSFORM,capacity-shadow,96,STORY,STORY,2,,1
1,D_WEAK_TRANSFORM,geometry-shadow,96,STORY,STORY,1,0.9599190354347228,1
1,D_WEAK_TRANSFORM,incumbent,97,ARITH_A,ARITHMETIC,0,1.761628031730652,1
1,D_WEAK_TRANSFORM,capacity-shadow,97,ARITH_A,ARITHMETIC,0,,1
1,D_WEAK_TRANSFORM,geometry-shadow,97,ARITH_A,ARITHMETIC,0,1.824122190475464,1
1,D_WEAK_TRANSFORM,incumbent,98,ARITH_A,ARITHMETIC,0,1.7520853281021118,1
1,D_WEAK_TRANSFORM,capacity-shadow,98,ARITH_A,ARITHMETIC,0,,1
1,D_WEAK_TRANSFORM,geometry-shadow,98,ARITH_A,ARITHMETIC,0,1.8130271434783936,1
1,D_WEAK_TRANSFORM,incumbent,99,TRANSFORM,TRANSFORM,0,1.4959272146224976,1
1,D_WEAK_TRANSFORM,capacity-shadow,99,TRANSFORM,TRANSFORM,0,,1
1,D_WEAK_TRANSFORM,geometry-shadow,99,TRANSFORM,TRANSFORM,0,1.556846022605896,1
1,D_WEAK_TRANSFORM,incumbent,100,ARITH_A,ARITHMETIC,0,1.739588975906372,1
1,D_WEAK_TRANSFORM,capacity-shadow,100,ARITH_A,ARITHMETIC,0,,1
1,D_WEAK_TRANSFORM,geometry-shadow,100,ARITH_A,ARITHMETIC,0,1.8017197847366333,1
1,D_WEAK_TRANSFORM,incumbent,101,TRANSFORM,TRANSFORM,0,1.4934422969818115,1
1,D_WEAK_TRANSFORM,capacity-shadow,101,TRANSFORM,TRANSFORM,0,,1
1,D_WEAK_TRANSFORM,geometry-shadow,101,TRANSFORM,TRANSFORM,0,1.5493435859680176,1
1,D_WEAK_TRANSFORM,incumbent,102,ARITH_A,ARITHMETIC,0,1.7415502071380615,1
1,D_WEAK_TRANSFORM,capacity-shadow,102,ARITH_A,ARITHMETIC,0,,1
1,D_WEAK_TRANSFORM,geometry-shadow,102,ARITH_A,ARITHMETIC,0,1.8009785413742063,1
1,D_WEAK_TRANSFORM,incumbent,103,STORY,STORY,1,1.3420159816741943,1
1,D_WEAK_TRANSFORM,capacity-shadow,103,STORY,STORY,1,,1
1,D_WEAK_TRANSFORM,geometry-shadow,103,STORY,STORY,1,1.366117238998413,1
1,D_WEAK_TRANSFORM,incumbent,104,TRANSFORM,TRANSFORM,0,1.4804683923721311,1
1,D_WEAK_TRANSFORM,capacity-shadow,104,TRANSFORM,TRANSFORM,0,,1
1,D_WEAK_TRANSFORM,geometry-shadow,104,TRANSFORM,TRANSFORM,0,1.540452480316162,1
1,D_WEAK_TRANSFORM,incumbent,105,ARITH_A,ARITHMETIC,0,1.7320177555084229,1
1,D_WEAK_TRANSFORM,capacity-shadow,105,ARITH_A,ARITHMETIC,0,,1
1,D_WEAK_TRANSFORM,geometry-shadow,105,ARITH_A,ARITHMETIC,0,1.7944680452346802,1
1,D_WEAK_TRANSFORM,incumbent,106,ARITH_A,ARITHMETIC,0,1.7140259742736816,1
1,D_WEAK_TRANSFORM,capacity-shadow,106,ARITH_A,ARITHMETIC,0,,1
1,D_WEAK_TRANSFORM,geometry-shadow,106,ARITH_A,ARITHMETIC,0,1.7791409492492676,1
1,D_WEAK_TRANSFORM,incumbent,107,TRANSFORM,TRANSFORM,0,1.5311676263809204,1
1,D_WEAK_TRANSFORM,capacity-shadow,107,TRANSFORM,TRANSFORM,0,,1
1,D_WEAK_TRANSFORM,geometry-shadow,107,TRANSFORM,TRANSFORM,0,1.5941303968429563,1
1,D_WEAK_TRANSFORM,incumbent,108,ARITH_A,ARITHMETIC,0,1.7364709377288818,1
1,D_WEAK_TRANSFORM,capacity-shadow,108,ARITH_A,ARITHMETIC,0,,1
1,D_WEAK_TRANSFORM,geometry-shadow,108,ARITH_A,ARITHMETIC,0,1.7979729175567627,1
1,D_WEAK_TRANSFORM,incumbent,109,STORY,STORY,0,0.8888092041015625,1
1,D_WEAK_TRANSFORM,capacity-shadow,109,STORY,STORY,0,,1
1,D_WEAK_TRANSFORM,geometry-shadow,109,STORY,STORY,0,0.9089255332946776,1
1,D_WEAK_TRANSFORM,incumbent,110,STORY,STORY,1,0.4739797115325928,1
1,D_WEAK_TRANSFORM,capacity-shadow,110,STORY,STORY,2,,1
1,D_WEAK_TRANSFORM,geometry-shadow,110,STORY,STORY,1,0.4586842060089111,1
1,D_WEAK_TRANSFORM,incumbent,111,ARITH_A,ARITHMETIC,0,1.7451331615447998,1
1,D_WEAK_TRANSFORM,capacity-shadow,111,ARITH_A,ARITHMETIC,0,,1
1,D_WEAK_TRANSFORM,geometry-shadow,111,ARITH_A,ARITHMETIC,0,1.803321361541748,1
1,D_WEAK_TRANSFORM,incumbent,112,ARITH_A,ARITHMETIC,0,1.7262837886810305,1
1,D_WEAK_TRANSFORM,capacity-shadow,112,ARITH_A,ARITHMETIC,0,,1
1,D_WEAK_TRANSFORM,geometry-shadow,112,ARITH_A,ARITHMETIC,0,1.789803981781006,1
1,D_WEAK_TRANSFORM,incumbent,113,STORY,STORY,0,0.941929280757904,1
1,D_WEAK_TRANSFORM,capacity-shadow,113,STORY,STORY,0,,1
1,D_WEAK_TRANSFORM,geometry-shadow,113,STORY,STORY,0,0.966683566570282,1
1,D_WEAK_TRANSFORM,incumbent,114,ARITH_A,ARITHMETIC,0,1.7459746599197388,1
1,D_WEAK_TRANSFORM,capacity-shadow,114,ARITH_A,ARITHMETIC,0,,1
1,D_WEAK_TRANSFORM,geometry-shadow,114,ARITH_A,ARITHMETIC,0,1.80859649181366,1
1,D_WEAK_TRANSFORM,incumbent,115,ARITH_A,ARITHMETIC,0,1.755090832710266,1
1,D_WEAK_TRANSFORM,capacity-shadow,115,ARITH_A,ARITHMETIC,0,,1
1,D_WEAK_TRANSFORM,geometry-shadow,115,ARITH_A,ARITHMETIC,0,1.8172974586486816,1
1,D_WEAK_TRANSFORM,incumbent,116,ARITH_A,ARITHMETIC,0,1.746443748474121,1
1,D_WEAK_TRANSFORM,capacity-shadow,116,ARITH_A,ARITHMETIC,0,,1
1,D_WEAK_TRANSFORM,geometry-shadow,116,ARITH_A,ARITHMETIC,0,1.8076194524765012,1
1,D_WEAK_TRANSFORM,incumbent,117,ARITH_A,ARITHMETIC,0,1.7487221956253052,1
1,D_WEAK_TRANSFORM,capacity-shadow,117,ARITH_A,ARITHMETIC,0,,1
1,D_WEAK_TRANSFORM,geometry-shadow,117,ARITH_A,ARITHMETIC,0,1.809251070022583,1
1,D_WEAK_TRANSFORM,incumbent,118,STORY,STORY,1,1.387902855873108,1
1,D_WEAK_TRANSFORM,capacity-shadow,118,STORY,STORY,1,,1
1,D_WEAK_TRANSFORM,geometry-shadow,118,STORY,STORY,1,0.6645170450210571,1
1,D_WEAK_TRANSFORM,incumbent,119,STORY,STORY,0,0.1714376211166381,1
1,D_WEAK_TRANSFORM,capacity-shadow,119,STORY,STORY,0,,1
1,D_WEAK_TRANSFORM,geometry-shadow,119,STORY,STORY,0,0.1994283199310302,1
1,D_WEAK_TRANSFORM,incumbent,120,STORY,STORY,0,1.2857531309127808,1
1,D_WEAK_TRANSFORM,capacity-shadow,120,STORY,STORY,0,,1
1,D_WEAK_TRANSFORM,geometry-shadow,120,STORY,STORY,0,1.332155704498291,1
1,D_WEAK_TRANSFORM,incumbent,121,ARITH_A,ARITHMETIC,0,1.7056246995925903,1
1,D_WEAK_TRANSFORM,capacity-shadow,121,ARITH_A,ARITHMETIC,0,,1
1,D_WEAK_TRANSFORM,geometry-shadow,121,ARITH_A,ARITHMETIC,0,1.77133309841156,1
1,D_WEAK_TRANSFORM,incumbent,122,TRANSFORM,TRANSFORM,0,1.52150559425354,1
1,D_WEAK_TRANSFORM,capacity-shadow,122,TRANSFORM,TRANSFORM,0,,1
1,D_WEAK_TRANSFORM,geometry-shadow,122,TRANSFORM,TRANSFORM,0,1.5728009939193726,1
1,D_WEAK_TRANSFORM,incumbent,123,STORY,STORY,1,1.5963983535766602,1
1,D_WEAK_TRANSFORM,capacity-shadow,123,STORY,STORY,2,,1
1,D_WEAK_TRANSFORM,geometry-shadow,123,STORY,STORY,1,1.3617266416549685,1
1,D_WEAK_TRANSFORM,incumbent,124,ARITH_A,ARITHMETIC,0,1.7277828454971311,1
1,D_WEAK_TRANSFORM,capacity-shadow,124,ARITH_A,ARITHMETIC,0,,1
1,D_WEAK_TRANSFORM,geometry-shadow,124,ARITH_A,ARITHMETIC,0,1.7879880666732788,1
1,D_WEAK_TRANSFORM,incumbent,125,TRANSFORM,TRANSFORM,0,1.4778823852539062,1
1,D_WEAK_TRANSFORM,capacity-shadow,125,TRANSFORM,TRANSFORM,0,,1
1,D_WEAK_TRANSFORM,geometry-shadow,125,TRANSFORM,TRANSFORM,0,1.526658535003662,1
1,D_WEAK_TRANSFORM,incumbent,126,STORY,STORY,1,0.2141190767288208,1
1,D_WEAK_TRANSFORM,capacity-shadow,126,STORY,STORY,1,,1
1,D_WEAK_TRANSFORM,geometry-shadow,126,STORY,STORY,1,0.1734472513198852,1
1,D_WEAK_TRANSFORM,incumbent,127,ARITH_A,ARITHMETIC,0,1.7387676239013672,1
1,D_WEAK_TRANSFORM,capacity-shadow,127,ARITH_A,ARITHMETIC,0,,1
1,D_WEAK_TRANSFORM,geometry-shadow,127,ARITH_A,ARITHMETIC,0,1.7952793836593628,1
1,D_WEAK_TRANSFORM,incumbent,128,ARITH_A,ARITHMETIC,0,1.7485507726669312,1
1,D_WEAK_TRANSFORM,capacity-shadow,128,ARITH_A,ARITHMETIC,0,,1
1,D_WEAK_TRANSFORM,geometry-shadow,128,ARITH_A,ARITHMETIC,0,1.8115084171295168,1
1,D_WEAK_TRANSFORM,incumbent,129,ARITH_A,ARITHMETIC,0,1.7417926788330078,1
1,D_WEAK_TRANSFORM,capacity-shadow,129,ARITH_A,ARITHMETIC,0,,1
1,D_WEAK_TRANSFORM,geometry-shadow,129,ARITH_A,ARITHMETIC,0,1.8019118309021,1
1,D_WEAK_TRANSFORM,incumbent,130,STORY,STORY,0,1.225843906402588,1
1,D_WEAK_TRANSFORM,capacity-shadow,130,STORY,STORY,0,,1
1,D_WEAK_TRANSFORM,geometry-shadow,130,STORY,STORY,0,1.291821002960205,1
1,D_WEAK_TRANSFORM,incumbent,131,STORY,STORY,1,0.7047578692436218,1
1,D_WEAK_TRANSFORM,capacity-shadow,131,STORY,STORY,2,,1
1,D_WEAK_TRANSFORM,geometry-shadow,131,STORY,STORY,1,0.7135803699493408,1
1,D_WEAK_TRANSFORM,incumbent,132,STORY,STORY,0,0.1612340211868286,1
1,D_WEAK_TRANSFORM,capacity-shadow,132,STORY,STORY,0,,1
1,D_WEAK_TRANSFORM,geometry-shadow,132,STORY,STORY,0,0.1692994832992553,1
1,D_WEAK_TRANSFORM,incumbent,133,ARITH_A,ARITHMETIC,0,1.7609012126922607,1
1,D_WEAK_TRANSFORM,capacity-shadow,133,ARITH_A,ARITHMETIC,0,,1
1,D_WEAK_TRANSFORM,geometry-shadow,133,ARITH_A,ARITHMETIC,0,1.8219900131225584,1
1,D_WEAK_TRANSFORM,incumbent,134,STORY,STORY,1,1.7520264387130735,1
1,D_WEAK_TRANSFORM,capacity-shadow,134,STORY,STORY,1,,1
1,D_WEAK_TRANSFORM,geometry-shadow,134,STORY,STORY,1,1.12921142578125,1
1,D_WEAK_TRANSFORM,incumbent,135,STORY,STORY,0,0.351431131362915,1
1,D_WEAK_TRANSFORM,capacity-shadow,135,STORY,STORY,0,,1
1,D_WEAK_TRANSFORM,geometry-shadow,135,STORY,STORY,0,0.3761482238769531,1
1,D_WEAK_TRANSFORM,incumbent,136,ARITH_A,ARITHMETIC,0,1.7170478105545044,1
1,D_WEAK_TRANSFORM,capacity-shadow,136,ARITH_A,ARITHMETIC,0,,1
1,D_WEAK_TRANSFORM,geometry-shadow,136,ARITH_A,ARITHMETIC,0,1.7815178632736206,1
1,D_WEAK_TRANSFORM,incumbent,137,STORY,STORY,0,0.3657968044281006,1
1,D_WEAK_TRANSFORM,capacity-shadow,137,STORY,STORY,0,,1
1,D_WEAK_TRANSFORM,geometry-shadow,137,STORY,STORY,0,0.433182954788208,1
1,D_WEAK_TRANSFORM,incumbent,138,STORY,STORY,0,0.8759826421737671,1
1,D_WEAK_TRANSFORM,capacity-shadow,138,STORY,STORY,0,,1
1,D_WEAK_TRANSFORM,geometry-shadow,138,STORY,STORY,0,0.9127814769744872,1
1,D_WEAK_TRANSFORM,incumbent,139,STORY,STORY,0,0.187496542930603,1
1,D_WEAK_TRANSFORM,capacity-shadow,139,STORY,STORY,0,,1
1,D_WEAK_TRANSFORM,geometry-shadow,139,STORY,STORY,0,0.1925866603851318,1
1,D_WEAK_TRANSFORM,incumbent,140,STORY,STORY,0,1.0297586917877195,1
1,D_WEAK_TRANSFORM,capacity-shadow,140,STORY,STORY,0,,1
1,D_WEAK_TRANSFORM,geometry-shadow,140,STORY,STORY,0,1.0617272853851318,1
1,D_WEAK_TRANSFORM,incumbent,141,STORY,STORY,1,1.2056334018707275,1
1,D_WEAK_TRANSFORM,capacity-shadow,141,STORY,STORY,2,,1
1,D_WEAK_TRANSFORM,geometry-shadow,141,STORY,STORY,1,0.850240170955658,1
1,D_WEAK_TRANSFORM,incumbent,142,ARITH_A,ARITHMETIC,0,1.7427542209625244,1
1,D_WEAK_TRANSFORM,capacity-shadow,142,ARITH_A,ARITHMETIC,0,,1
1,D_WEAK_TRANSFORM,geometry-shadow,142,ARITH_A,ARITHMETIC,0,1.802911400794983,1
1,D_WEAK_TRANSFORM,incumbent,143,ARITH_A,ARITHMETIC,0,1.7441715002059937,1
1,D_WEAK_TRANSFORM,capacity-shadow,143,ARITH_A,ARITHMETIC,0,,1
1,D_WEAK_TRANSFORM,geometry-shadow,143,ARITH_A,ARITHMETIC,0,1.8083834648132324,1
1,D_WEAK_TRANSFORM,incumbent,144,ARITH_A,ARITHMETIC,0,1.7487801313400269,1
1,D_WEAK_TRANSFORM,capacity-shadow,144,ARITH_A,ARITHMETIC,0,,1
1,D_WEAK_TRANSFORM,geometry-shadow,144,ARITH_A,ARITHMETIC,0,1.8128098249435425,1
1,D_WEAK_TRANSFORM,incumbent,145,TRANSFORM,TRANSFORM,0,1.5171290636062622,1
1,D_WEAK_TRANSFORM,capacity-shadow,145,TRANSFORM,TRANSFORM,0,,1
1,D_WEAK_TRANSFORM,geometry-shadow,145,TRANSFORM,TRANSFORM,0,1.5845657587051392,1
1,D_WEAK_TRANSFORM,incumbent,146,ARITH_A,ARITHMETIC,0,1.7556991577148438,1
1,D_WEAK_TRANSFORM,capacity-shadow,146,ARITH_A,ARITHMETIC,0,,1
1,D_WEAK_TRANSFORM,geometry-shadow,146,ARITH_A,ARITHMETIC,0,1.817563772201538,1
1,D_WEAK_TRANSFORM,incumbent,147,ARITH_A,ARITHMETIC,0,1.7272233963012695,1
1,D_WEAK_TRANSFORM,capacity-shadow,147,ARITH_A,ARITHMETIC,0,,1
1,D_WEAK_TRANSFORM,geometry-shadow,147,ARITH_A,ARITHMETIC,0,1.790277123451233,1
1,D_WEAK_TRANSFORM,incumbent,148,STORY,STORY,0,1.023566961288452,1
1,D_WEAK_TRANSFORM,capacity-shadow,148,STORY,STORY,0,,1
1,D_WEAK_TRANSFORM,geometry-shadow,148,STORY,STORY,0,1.0831146240234375,1
1,D_WEAK_TRANSFORM,incumbent,149,STORY,STORY,0,0.4207583665847778,1
1,D_WEAK_TRANSFORM,capacity-shadow,149,STORY,STORY,0,,1
1,D_WEAK_TRANSFORM,geometry-shadow,149,STORY,STORY,0,0.4711629152297973,1
1,D_WEAK_TRANSFORM,incumbent,150,TRANSFORM,TRANSFORM,0,1.505925536155701,1
1,D_WEAK_TRANSFORM,capacity-shadow,150,TRANSFORM,TRANSFORM,0,,1
1,D_WEAK_TRANSFORM,geometry-shadow,150,TRANSFORM,TRANSFORM,0,1.5742154121398926,1
1,D_WEAK_TRANSFORM,incumbent,151,ARITH_A,ARITHMETIC,0,1.7388176918029783,1
1,D_WEAK_TRANSFORM,capacity-shadow,151,ARITH_A,ARITHMETIC,0,,1
1,D_WEAK_TRANSFORM,geometry-shadow,151,ARITH_A,ARITHMETIC,0,1.8013286590576172,1
1,D_WEAK_TRANSFORM,incumbent,152,ARITH_A,ARITHMETIC,0,1.7313804626464844,1
1,D_WEAK_TRANSFORM,capacity-shadow,152,ARITH_A,ARITHMETIC,0,,1
1,D_WEAK_TRANSFORM,geometry-shadow,152,ARITH_A,ARITHMETIC,0,1.7922953367233276,1
1,D_WEAK_TRANSFORM,incumbent,153,STORY,STORY,1,0.2846304178237915,1
1,D_WEAK_TRANSFORM,capacity-shadow,153,STORY,STORY,1,,1
1,D_WEAK_TRANSFORM,geometry-shadow,153,STORY,STORY,1,0.2658083438873291,1
1,D_WEAK_TRANSFORM,incumbent,154,ARITH_A,ARITHMETIC,0,1.7608486413955688,1
1,D_WEAK_TRANSFORM,capacity-shadow,154,ARITH_A,ARITHMETIC,0,,1
1,D_WEAK_TRANSFORM,geometry-shadow,154,ARITH_A,ARITHMETIC,0,1.8225387334823608,1
1,D_WEAK_TRANSFORM,incumbent,155,ARITH_A,ARITHMETIC,0,1.747075438499451,1
1,D_WEAK_TRANSFORM,capacity-shadow,155,ARITH_A,ARITHMETIC,0,,1
1,D_WEAK_TRANSFORM,geometry-shadow,155,ARITH_A,ARITHMETIC,0,1.8099342584609983,1
1,D_WEAK_TRANSFORM,incumbent,156,ARITH_A,ARITHMETIC,0,1.7346460819244385,1
1,D_WEAK_TRANSFORM,capacity-shadow,156,ARITH_A,ARITHMETIC,0,,1
1,D_WEAK_TRANSFORM,geometry-shadow,156,ARITH_A,ARITHMETIC,0,1.7961889505386353,1
1,D_WEAK_TRANSFORM,incumbent,157,STORY,STORY,0,1.1175382137298584,1
1,D_WEAK_TRANSFORM,capacity-shadow,157,STORY,STORY,0,,1
1,D_WEAK_TRANSFORM,geometry-shadow,157,STORY,STORY,0,1.1666179895401,1
1,D_WEAK_TRANSFORM,incumbent,158,STORY,STORY,0,0.3118889331817627,1
1,D_WEAK_TRANSFORM,capacity-shadow,158,STORY,STORY,0,,1
1,D_WEAK_TRANSFORM,geometry-shadow,158,STORY,STORY,0,0.3441448211669922,1
1,D_WEAK_TRANSFORM,incumbent,159,ARITH_A,ARITHMETIC,0,1.721346139907837,1
1,D_WEAK_TRANSFORM,capacity-shadow,159,ARITH_A,ARITHMETIC,0,,1
1,D_WEAK_TRANSFORM,geometry-shadow,159,ARITH_A,ARITHMETIC,0,1.785284399986267,1
1,D_WEAK_TRANSFORM,incumbent,160,STORY,STORY,1,0.7569445371627808,1
1,D_WEAK_TRANSFORM,capacity-shadow,160,STORY,STORY,2,,1
1,D_WEAK_TRANSFORM,geometry-shadow,160,STORY,STORY,1,0.735129714012146,1
1,D_WEAK_TRANSFORM,incumbent,161,ARITH_A,ARITHMETIC,0,1.7160812616348269,1
1,D_WEAK_TRANSFORM,capacity-shadow,161,ARITH_A,ARITHMETIC,0,,1
1,D_WEAK_TRANSFORM,geometry-shadow,161,ARITH_A,ARITHMETIC,0,1.7787660360336304,1
1,D_WEAK_TRANSFORM,incumbent,162,STORY,STORY,1,0.6520258188247681,1
1,D_WEAK_TRANSFORM,capacity-shadow,162,STORY,STORY,1,,1
1,D_WEAK_TRANSFORM,geometry-shadow,162,STORY,STORY,1,0.6320333480834961,1
1,D_WEAK_TRANSFORM,incumbent,163,STORY,STORY,0,0.3693313598632812,1
1,D_WEAK_TRANSFORM,capacity-shadow,163,STORY,STORY,0,,1
1,D_WEAK_TRANSFORM,geometry-shadow,163,STORY,STORY,0,0.371292233467102,1
1,D_WEAK_TRANSFORM,incumbent,164,ARITH_A,ARITHMETIC,0,1.750069260597229,1
1,D_WEAK_TRANSFORM,capacity-shadow,164,ARITH_A,ARITHMETIC,0,,1
1,D_WEAK_TRANSFORM,geometry-shadow,164,ARITH_A,ARITHMETIC,0,1.8114049434661863,1
1,D_WEAK_TRANSFORM,incumbent,165,STORY,STORY,1,1.0816502571105957,1
1,D_WEAK_TRANSFORM,capacity-shadow,165,STORY,STORY,2,,1
1,D_WEAK_TRANSFORM,geometry-shadow,165,STORY,STORY,1,0.8138951063156128,1
1,D_WEAK_TRANSFORM,incumbent,166,STORY,STORY,0,0.8970367908477783,1
1,D_WEAK_TRANSFORM,capacity-shadow,166,STORY,STORY,0,,1
1,D_WEAK_TRANSFORM,geometry-shadow,166,STORY,STORY,0,0.9200578927993774,1
1,D_WEAK_TRANSFORM,incumbent,167,STORY,STORY,0,1.0012969970703125,1
1,D_WEAK_TRANSFORM,capacity-shadow,167,STORY,STORY,0,,1
1,D_WEAK_TRANSFORM,geometry-shadow,167,STORY,STORY,0,1.0441231727600098,1
1,D_WEAK_TRANSFORM,incumbent,168,STORY,STORY,1,2.159261465072632,1
1,D_WEAK_TRANSFORM,capacity-shadow,168,STORY,STORY,1,,1
1,D_WEAK_TRANSFORM,geometry-shadow,168,STORY,STORY,1,0.9193034768104552,1
1,D_WEAK_TRANSFORM,incumbent,169,ARITH_A,ARITHMETIC,0,1.747820496559143,1
1,D_WEAK_TRANSFORM,capacity-shadow,169,ARITH_A,ARITHMETIC,0,,1
1,D_WEAK_TRANSFORM,geometry-shadow,169,ARITH_A,ARITHMETIC,0,1.8085782527923584,1
1,D_WEAK_TRANSFORM,incumbent,170,STORY,STORY,1,0.1385313272476196,1
1,D_WEAK_TRANSFORM,capacity-shadow,170,STORY,STORY,2,,1
1,D_WEAK_TRANSFORM,geometry-shadow,170,STORY,STORY,1,0.147145390510559,1
1,D_WEAK_TRANSFORM,incumbent,171,ARITH_A,ARITHMETIC,0,1.730157732963562,1
1,D_WEAK_TRANSFORM,capacity-shadow,171,ARITH_A,ARITHMETIC,0,,1
1,D_WEAK_TRANSFORM,geometry-shadow,171,ARITH_A,ARITHMETIC,0,1.7918099164962769,1
1,D_WEAK_TRANSFORM,incumbent,172,STORY,STORY,0,0.1951222419738769,1
1,D_WEAK_TRANSFORM,capacity-shadow,172,STORY,STORY,0,,1
1,D_WEAK_TRANSFORM,geometry-shadow,172,STORY,STORY,0,0.2525495290756225,1
1,D_WEAK_TRANSFORM,incumbent,173,ARITH_A,ARITHMETIC,0,1.7539032697677612,1
1,D_WEAK_TRANSFORM,capacity-shadow,173,ARITH_A,ARITHMETIC,0,,1
1,D_WEAK_TRANSFORM,geometry-shadow,173,ARITH_A,ARITHMETIC,0,1.8160085678100584,1
1,D_WEAK_TRANSFORM,incumbent,174,ARITH_A,ARITHMETIC,0,1.745051026344299,1
1,D_WEAK_TRANSFORM,capacity-shadow,174,ARITH_A,ARITHMETIC,0,,1
1,D_WEAK_TRANSFORM,geometry-shadow,174,ARITH_A,ARITHMETIC,0,1.80655300617218,1
1,D_WEAK_TRANSFORM,incumbent,175,ARITH_A,ARITHMETIC,0,1.727595329284668,1
1,D_WEAK_TRANSFORM,capacity-shadow,175,ARITH_A,ARITHMETIC,0,,1
1,D_WEAK_TRANSFORM,geometry-shadow,175,ARITH_A,ARITHMETIC,0,1.7914186716079712,1
1,D_WEAK_TRANSFORM,incumbent,176,STORY,STORY,1,1.2372736930847168,1
1,D_WEAK_TRANSFORM,capacity-shadow,176,STORY,STORY,1,,1
1,D_WEAK_TRANSFORM,geometry-shadow,176,STORY,STORY,1,1.1411452293395996,1
1,D_WEAK_TRANSFORM,incumbent,177,STORY,STORY,1,0.5473521947860718,1
1,D_WEAK_TRANSFORM,capacity-shadow,177,STORY,STORY,2,,1
1,D_WEAK_TRANSFORM,geometry-shadow,177,STORY,STORY,1,0.5339171886444092,1
1,D_WEAK_TRANSFORM,incumbent,178,ARITH_A,ARITHMETIC,0,1.752504825592041,1
1,D_WEAK_TRANSFORM,capacity-shadow,178,ARITH_A,ARITHMETIC,0,,1
1,D_WEAK_TRANSFORM,geometry-shadow,178,ARITH_A,ARITHMETIC,0,1.814307451248169,1
1,D_WEAK_TRANSFORM,incumbent,179,STORY,STORY,1,1.735108494758606,1
1,D_WEAK_TRANSFORM,capacity-shadow,179,STORY,STORY,1,,1
1,D_WEAK_TRANSFORM,geometry-shadow,179,STORY,STORY,1,0.4256535768508911,1
1,D_WEAK_TRANSFORM,incumbent,180,STORY,STORY,0,1.244471311569214,1
1,D_WEAK_TRANSFORM,capacity-shadow,180,STORY,STORY,0,,1
1,D_WEAK_TRANSFORM,geometry-shadow,180,STORY,STORY,0,1.2938449382781982,1
1,D_WEAK_TRANSFORM,incumbent,181,ARITH_A,ARITHMETIC,0,1.7357876300811768,1
1,D_WEAK_TRANSFORM,capacity-shadow,181,ARITH_A,ARITHMETIC,0,,1
1,D_WEAK_TRANSFORM,geometry-shadow,181,ARITH_A,ARITHMETIC,0,1.7953778505325315,1
1,D_WEAK_TRANSFORM,incumbent,182,ARITH_A,ARITHMETIC,0,1.7407443523406982,1
1,D_WEAK_TRANSFORM,capacity-shadow,182,ARITH_A,ARITHMETIC,0,,1
1,D_WEAK_TRANSFORM,geometry-shadow,182,ARITH_A,ARITHMETIC,0,1.8020942211151123,1
1,D_WEAK_TRANSFORM,incumbent,183,ARITH_A,ARITHMETIC,0,1.732481837272644,1
1,D_WEAK_TRANSFORM,capacity-shadow,183,ARITH_A,ARITHMETIC,0,,1
1,D_WEAK_TRANSFORM,geometry-shadow,183,ARITH_A,ARITHMETIC,0,1.794685125350952,1
1,D_WEAK_TRANSFORM,incumbent,184,STORY,STORY,1,1.225347638130188,1
1,D_WEAK_TRANSFORM,capacity-shadow,184,STORY,STORY,2,,1
1,D_WEAK_TRANSFORM,geometry-shadow,184,STORY,STORY,1,0.7230955958366394,1
1,D_WEAK_TRANSFORM,incumbent,185,ARITH_A,ARITHMETIC,0,1.7430522441864014,1
1,D_WEAK_TRANSFORM,capacity-shadow,185,ARITH_A,ARITHMETIC,0,,1
1,D_WEAK_TRANSFORM,geometry-shadow,185,ARITH_A,ARITHMETIC,0,1.804451584815979,1
1,D_WEAK_TRANSFORM,incumbent,186,STORY,STORY,1,0.5651839971542358,1
1,D_WEAK_TRANSFORM,capacity-shadow,186,STORY,STORY,1,,1
1,D_WEAK_TRANSFORM,geometry-shadow,186,STORY,STORY,1,0.4067935943603515,1
1,D_WEAK_TRANSFORM,incumbent,187,STORY,STORY,0,0.9547017216682434,1
1,D_WEAK_TRANSFORM,capacity-shadow,187,STORY,STORY,0,,1
1,D_WEAK_TRANSFORM,geometry-shadow,187,STORY,STORY,0,1.0041513442993164,1
1,D_WEAK_TRANSFORM,incumbent,188,ARITH_A,ARITHMETIC,0,1.7434349060058594,1
1,D_WEAK_TRANSFORM,capacity-shadow,188,ARITH_A,ARITHMETIC,0,,1
1,D_WEAK_TRANSFORM,geometry-shadow,188,ARITH_A,ARITHMETIC,0,1.805219054222107,1
1,D_WEAK_TRANSFORM,incumbent,189,STORY,STORY,0,0.9407033920288086,1
1,D_WEAK_TRANSFORM,capacity-shadow,189,STORY,STORY,0,,1
1,D_WEAK_TRANSFORM,geometry-shadow,189,STORY,STORY,0,0.9769010543823242,1
1,D_WEAK_TRANSFORM,incumbent,190,ARITH_A,ARITHMETIC,0,1.7533296346664429,1
1,D_WEAK_TRANSFORM,capacity-shadow,190,ARITH_A,ARITHMETIC,0,,1
1,D_WEAK_TRANSFORM,geometry-shadow,190,ARITH_A,ARITHMETIC,0,1.8142454624176023,1
1,D_WEAK_TRANSFORM,incumbent,191,ARITH_A,ARITHMETIC,0,1.7655456066131592,1
1,D_WEAK_TRANSFORM,capacity-shadow,191,ARITH_A,ARITHMETIC,0,,1
1,D_WEAK_TRANSFORM,geometry-shadow,191,ARITH_A,ARITHMETIC,0,1.8253765106201167,1
1,D_WEAK_TRANSFORM,incumbent,192,ARITH_A,ARITHMETIC,0,1.7410342693328855,1
1,D_WEAK_TRANSFORM,capacity-shadow,192,ARITH_A,ARITHMETIC,0,,1
1,D_WEAK_TRANSFORM,geometry-shadow,192,ARITH_A,ARITHMETIC,0,1.8019587993621824,1
1,D_WEAK_TRANSFORM,incumbent,193,ARITH_A,ARITHMETIC,0,1.764836072921753,1
1,D_WEAK_TRANSFORM,capacity-shadow,193,ARITH_A,ARITHMETIC,0,,1
1,D_WEAK_TRANSFORM,geometry-shadow,193,ARITH_A,ARITHMETIC,0,1.8239836692810056,1
1,D_WEAK_TRANSFORM,incumbent,194,TRANSFORM,TRANSFORM,0,1.5325113534927368,1
1,D_WEAK_TRANSFORM,capacity-shadow,194,TRANSFORM,TRANSFORM,0,,1
1,D_WEAK_TRANSFORM,geometry-shadow,194,TRANSFORM,TRANSFORM,0,1.6009019613265991,1
1,D_WEAK_TRANSFORM,incumbent,195,ARITH_A,ARITHMETIC,0,1.7106181383132937,1
1,D_WEAK_TRANSFORM,capacity-shadow,195,ARITH_A,ARITHMETIC,0,,1
1,D_WEAK_TRANSFORM,geometry-shadow,195,ARITH_A,ARITHMETIC,0,1.7745224237442017,1
1,D_WEAK_TRANSFORM,incumbent,196,ARITH_A,ARITHMETIC,0,1.7088909149169922,1
1,D_WEAK_TRANSFORM,capacity-shadow,196,ARITH_A,ARITHMETIC,0,,1
1,D_WEAK_TRANSFORM,geometry-shadow,196,ARITH_A,ARITHMETIC,0,1.774701476097107,1
1,D_WEAK_TRANSFORM,incumbent,197,ARITH_A,ARITHMETIC,0,1.7006791830062866,1
1,D_WEAK_TRANSFORM,capacity-shadow,197,ARITH_A,ARITHMETIC,0,,1
1,D_WEAK_TRANSFORM,geometry-shadow,197,ARITH_A,ARITHMETIC,0,1.766486644744873,1
1,D_WEAK_TRANSFORM,incumbent,198,ARITH_A,ARITHMETIC,0,1.7546017169952393,1
1,D_WEAK_TRANSFORM,capacity-shadow,198,ARITH_A,ARITHMETIC,0,,1
1,D_WEAK_TRANSFORM,geometry-shadow,198,ARITH_A,ARITHMETIC,0,1.815638780593872,1
1,D_WEAK_TRANSFORM,incumbent,199,ARITH_A,ARITHMETIC,0,1.7481987476348877,1
1,D_WEAK_TRANSFORM,capacity-shadow,199,ARITH_A,ARITHMETIC,0,,1
1,D_WEAK_TRANSFORM,geometry-shadow,199,ARITH_A,ARITHMETIC,0,1.808829665184021,1
1,D_WEAK_TRANSFORM,incumbent,200,ARITH_A,ARITHMETIC,0,1.7310380935668943,1
1,D_WEAK_TRANSFORM,capacity-shadow,200,ARITH_A,ARITHMETIC,0,,1
1,D_WEAK_TRANSFORM,geometry-shadow,200,ARITH_A,ARITHMETIC,0,1.791882038116455,1
1,D_WEAK_TRANSFORM,incumbent,201,STORY,STORY,1,1.902848482131958,1
1,D_WEAK_TRANSFORM,capacity-shadow,201,STORY,STORY,2,,1
1,D_WEAK_TRANSFORM,geometry-shadow,201,STORY,STORY,1,0.8036823272705078,1
1,D_WEAK_TRANSFORM,incumbent,202,ARITH_A,ARITHMETIC,0,1.7275722026824951,1
1,D_WEAK_TRANSFORM,capacity-shadow,202,ARITH_A,ARITHMETIC,0,,1
1,D_WEAK_TRANSFORM,geometry-shadow,202,ARITH_A,ARITHMETIC,0,1.791419506072998,1
1,D_WEAK_TRANSFORM,incumbent,203,ARITH_A,ARITHMETIC,0,1.7451266050338743,1
1,D_WEAK_TRANSFORM,capacity-shadow,203,ARITH_A,ARITHMETIC,0,,1
1,D_WEAK_TRANSFORM,geometry-shadow,203,ARITH_A,ARITHMETIC,0,1.807139992713928,1
1,D_WEAK_TRANSFORM,incumbent,204,ARITH_A,ARITHMETIC,0,1.7459880113601685,1
1,D_WEAK_TRANSFORM,capacity-shadow,204,ARITH_A,ARITHMETIC,0,,1
1,D_WEAK_TRANSFORM,geometry-shadow,204,ARITH_A,ARITHMETIC,0,1.8083685636520384,1
1,D_WEAK_TRANSFORM,incumbent,205,STORY,STORY,1,1.0317678451538086,1
1,D_WEAK_TRANSFORM,capacity-shadow,205,STORY,STORY,1,,1
1,D_WEAK_TRANSFORM,geometry-shadow,205,STORY,STORY,1,0.751144528388977,1
1,D_WEAK_TRANSFORM,incumbent,206,ARITH_A,ARITHMETIC,0,1.7556967735290527,1
1,D_WEAK_TRANSFORM,capacity-shadow,206,ARITH_A,ARITHMETIC,0,,1
1,D_WEAK_TRANSFORM,geometry-shadow,206,ARITH_A,ARITHMETIC,0,1.815906286239624,1
1,D_WEAK_TRANSFORM,incumbent,207,STORY,STORY,0,0.4677265882492065,1
1,D_WEAK_TRANSFORM,capacity-shadow,207,STORY,STORY,0,,1
1,D_WEAK_TRANSFORM,geometry-shadow,207,STORY,STORY,0,0.4989584684371948,1
1,D_WEAK_TRANSFORM,incumbent,208,STORY,STORY,1,1.3906855583190918,1
1,D_WEAK_TRANSFORM,capacity-shadow,208,STORY,STORY,2,,1
1,D_WEAK_TRANSFORM,geometry-shadow,208,STORY,STORY,1,0.6821631193161011,1
1,D_WEAK_TRANSFORM,incumbent,209,STORY,STORY,1,0.3837018013000488,1
1,D_WEAK_TRANSFORM,capacity-shadow,209,STORY,STORY,1,,1
1,D_WEAK_TRANSFORM,geometry-shadow,209,STORY,STORY,1,0.3429491519927978,1
1,D_WEAK_TRANSFORM,incumbent,210,TRANSFORM,TRANSFORM,0,1.5122557878494265,1
1,D_WEAK_TRANSFORM,capacity-shadow,210,TRANSFORM,TRANSFORM,0,,1
1,D_WEAK_TRANSFORM,geometry-shadow,210,TRANSFORM,TRANSFORM,0,1.5738904476165771,1
1,D_WEAK_TRANSFORM,incumbent,211,ARITH_A,ARITHMETIC,0,1.7465596199035645,1
1,D_WEAK_TRANSFORM,capacity-shadow,211,ARITH_A,ARITHMETIC,0,,1
1,D_WEAK_TRANSFORM,geometry-shadow,211,ARITH_A,ARITHMETIC,0,1.8099923133850095,1
1,D_WEAK_TRANSFORM,incumbent,212,STORY,STORY,1,0.3165992498397827,1
1,D_WEAK_TRANSFORM,capacity-shadow,212,STORY,STORY,2,,1
1,D_WEAK_TRANSFORM,geometry-shadow,212,STORY,STORY,1,0.3095492124557495,1
1,D_WEAK_TRANSFORM,incumbent,213,STORY,STORY,1,0.6275138854980469,1
1,D_WEAK_TRANSFORM,capacity-shadow,213,STORY,STORY,1,,1
1,D_WEAK_TRANSFORM,geometry-shadow,213,STORY,STORY,1,0.6404396295547485,1
1,D_WEAK_TRANSFORM,incumbent,214,STORY,STORY,1,0.5087701678276062,1
1,D_WEAK_TRANSFORM,capacity-shadow,214,STORY,STORY,2,,1
1,D_WEAK_TRANSFORM,geometry-shadow,214,STORY,STORY,1,0.4193115234375,1
1,D_WEAK_TRANSFORM,incumbent,215,ARITH_A,ARITHMETIC,0,1.7325377464294434,1
1,D_WEAK_TRANSFORM,capacity-shadow,215,ARITH_A,ARITHMETIC,0,,1
1,D_WEAK_TRANSFORM,geometry-shadow,215,ARITH_A,ARITHMETIC,0,1.7942116260528564,1
1,D_WEAK_TRANSFORM,incumbent,216,ARITH_A,ARITHMETIC,0,1.7375125885009766,1
1,D_WEAK_TRANSFORM,capacity-shadow,216,ARITH_A,ARITHMETIC,0,,1
1,D_WEAK_TRANSFORM,geometry-shadow,216,ARITH_A,ARITHMETIC,0,1.7994040250778198,1
1,D_WEAK_TRANSFORM,incumbent,217,TRANSFORM,TRANSFORM,0,1.4965204000473022,1
1,D_WEAK_TRANSFORM,capacity-shadow,217,TRANSFORM,TRANSFORM,0,,1
1,D_WEAK_TRANSFORM,geometry-shadow,217,TRANSFORM,TRANSFORM,0,1.5648406744003296,1
1,D_WEAK_TRANSFORM,incumbent,218,ARITH_A,ARITHMETIC,0,1.7661793231964111,1
1,D_WEAK_TRANSFORM,capacity-shadow,218,ARITH_A,ARITHMETIC,0,,1
1,D_WEAK_TRANSFORM,geometry-shadow,218,ARITH_A,ARITHMETIC,0,1.8285536766052248,1
1,D_WEAK_TRANSFORM,incumbent,219,ARITH_A,ARITHMETIC,0,1.737452745437622,1
1,D_WEAK_TRANSFORM,capacity-shadow,219,ARITH_A,ARITHMETIC,0,,1
1,D_WEAK_TRANSFORM,geometry-shadow,219,ARITH_A,ARITHMETIC,0,1.797471284866333,1
1,D_WEAK_TRANSFORM,incumbent,220,TRANSFORM,TRANSFORM,0,1.5286682844161987,1
1,D_WEAK_TRANSFORM,capacity-shadow,220,TRANSFORM,TRANSFORM,0,,1
1,D_WEAK_TRANSFORM,geometry-shadow,220,TRANSFORM,TRANSFORM,0,1.596652269363403,1
1,D_WEAK_TRANSFORM,incumbent,221,STORY,STORY,0,0.6305102109909058,1
1,D_WEAK_TRANSFORM,capacity-shadow,221,STORY,STORY,0,,1
1,D_WEAK_TRANSFORM,geometry-shadow,221,STORY,STORY,0,0.665406346321106,1
1,D_WEAK_TRANSFORM,incumbent,222,ARITH_A,ARITHMETIC,0,1.7153959274291992,1
1,D_WEAK_TRANSFORM,capacity-shadow,222,ARITH_A,ARITHMETIC,0,,1
1,D_WEAK_TRANSFORM,geometry-shadow,222,ARITH_A,ARITHMETIC,0,1.7795833349227903,1
1,D_WEAK_TRANSFORM,incumbent,223,TRANSFORM,TRANSFORM,0,1.473118543624878,1
1,D_WEAK_TRANSFORM,capacity-shadow,223,TRANSFORM,TRANSFORM,0,,1
1,D_WEAK_TRANSFORM,geometry-shadow,223,TRANSFORM,TRANSFORM,0,1.5409033298492432,1
1,D_WEAK_TRANSFORM,incumbent,224,TRANSFORM,TRANSFORM,0,1.516659140586853,1
1,D_WEAK_TRANSFORM,capacity-shadow,224,TRANSFORM,TRANSFORM,0,,1
1,D_WEAK_TRANSFORM,geometry-shadow,224,TRANSFORM,TRANSFORM,0,1.5734630823135376,1
1,D_WEAK_TRANSFORM,incumbent,225,ARITH_A,ARITHMETIC,0,1.756554126739502,1
1,D_WEAK_TRANSFORM,capacity-shadow,225,ARITH_A,ARITHMETIC,0,,1
1,D_WEAK_TRANSFORM,geometry-shadow,225,ARITH_A,ARITHMETIC,0,1.8198422193527224,1
1,D_WEAK_TRANSFORM,incumbent,226,STORY,STORY,1,1.841805458068848,1
1,D_WEAK_TRANSFORM,capacity-shadow,226,STORY,STORY,1,,1
1,D_WEAK_TRANSFORM,geometry-shadow,226,STORY,STORY,1,0.9267338514328004,1
1,D_WEAK_TRANSFORM,incumbent,227,STORY,STORY,0,0.0162577629089355,1
1,D_WEAK_TRANSFORM,capacity-shadow,227,STORY,STORY,0,,1
1,D_WEAK_TRANSFORM,geometry-shadow,227,STORY,STORY,0,0.0287846326828002,1
1,D_WEAK_TRANSFORM,incumbent,228,ARITH_A,ARITHMETIC,0,1.7190098762512207,1
1,D_WEAK_TRANSFORM,capacity-shadow,228,ARITH_A,ARITHMETIC,0,,1
1,D_WEAK_TRANSFORM,geometry-shadow,228,ARITH_A,ARITHMETIC,0,1.7822662591934204,1
1,D_WEAK_TRANSFORM,incumbent,229,STORY,STORY,1,1.5900160074234009,1
1,D_WEAK_TRANSFORM,capacity-shadow,229,STORY,STORY,2,,1
1,D_WEAK_TRANSFORM,geometry-shadow,229,STORY,STORY,1,0.7496934533119202,1
1,D_WEAK_TRANSFORM,incumbent,230,STORY,STORY,0,0.0104906558990478,1
1,D_WEAK_TRANSFORM,capacity-shadow,230,STORY,STORY,0,,1
1,D_WEAK_TRANSFORM,geometry-shadow,230,STORY,STORY,0,0.0617035627365112,1
1,D_WEAK_TRANSFORM,incumbent,231,TRANSFORM,TRANSFORM,0,1.512508511543274,1
1,D_WEAK_TRANSFORM,capacity-shadow,231,TRANSFORM,TRANSFORM,0,,1
1,D_WEAK_TRANSFORM,geometry-shadow,231,TRANSFORM,TRANSFORM,0,1.5804400444030762,1
1,D_WEAK_TRANSFORM,incumbent,232,ARITH_A,ARITHMETIC,0,1.7369357347488403,1
1,D_WEAK_TRANSFORM,capacity-shadow,232,ARITH_A,ARITHMETIC,0,,1
1,D_WEAK_TRANSFORM,geometry-shadow,232,ARITH_A,ARITHMETIC,0,1.799175500869751,1
1,D_WEAK_TRANSFORM,incumbent,233,ARITH_A,ARITHMETIC,0,1.7478581666946411,1
1,D_WEAK_TRANSFORM,capacity-shadow,233,ARITH_A,ARITHMETIC,0,,1
1,D_WEAK_TRANSFORM,geometry-shadow,233,ARITH_A,ARITHMETIC,0,1.8087916374206543,1
1,D_WEAK_TRANSFORM,incumbent,234,STORY,STORY,1,0.052189826965332,1
1,D_WEAK_TRANSFORM,capacity-shadow,234,STORY,STORY,1,,1
1,D_WEAK_TRANSFORM,geometry-shadow,234,STORY,STORY,1,0.0391696691513061,1
1,D_WEAK_TRANSFORM,incumbent,235,STORY,STORY,1,0.2691562175750732,1
1,D_WEAK_TRANSFORM,capacity-shadow,235,STORY,STORY,2,,1
1,D_WEAK_TRANSFORM,geometry-shadow,235,STORY,STORY,1,0.2371332645416259,1
1,D_WEAK_TRANSFORM,incumbent,236,STORY,STORY,0,0.1378014087677002,1
1,D_WEAK_TRANSFORM,capacity-shadow,236,STORY,STORY,0,,1
1,D_WEAK_TRANSFORM,geometry-shadow,236,STORY,STORY,0,0.1423790454864502,1
1,D_WEAK_TRANSFORM,incumbent,237,ARITH_A,ARITHMETIC,0,1.7365658283233645,1
1,D_WEAK_TRANSFORM,capacity-shadow,237,ARITH_A,ARITHMETIC,0,,1
1,D_WEAK_TRANSFORM,geometry-shadow,237,ARITH_A,ARITHMETIC,0,1.8007431030273438,1
1,D_WEAK_TRANSFORM,incumbent,238,STORY,STORY,1,0.9578534364700316,1
1,D_WEAK_TRANSFORM,capacity-shadow,238,STORY,STORY,1,,1
1,D_WEAK_TRANSFORM,geometry-shadow,238,STORY,STORY,1,0.968041181564331,1
1,D_WEAK_TRANSFORM,incumbent,239,STORY,STORY,0,0.2768616676330566,1
1,D_WEAK_TRANSFORM,capacity-shadow,239,STORY,STORY,0,,1
1,D_WEAK_TRANSFORM,geometry-shadow,239,STORY,STORY,0,0.318387508392334,1
1,D_WEAK_TRANSFORM,incumbent,240,ARITH_A,ARITHMETIC,0,1.723405122756958,1
1,D_WEAK_TRANSFORM,capacity-shadow,240,ARITH_A,ARITHMETIC,0,,1
1,D_WEAK_TRANSFORM,geometry-shadow,240,ARITH_A,ARITHMETIC,0,1.7860625982284546,1
1,D_WEAK_TRANSFORM,incumbent,241,STORY,STORY,0,0.1604357957839965,1
1,D_WEAK_TRANSFORM,capacity-shadow,241,STORY,STORY,0,,1
1,D_WEAK_TRANSFORM,geometry-shadow,241,STORY,STORY,0,0.1738572120666504,1
1,D_WEAK_TRANSFORM,incumbent,242,TRANSFORM,TRANSFORM,0,1.508839726448059,1
1,D_WEAK_TRANSFORM,capacity-shadow,242,TRANSFORM,TRANSFORM,0,,1
1,D_WEAK_TRANSFORM,geometry-shadow,242,TRANSFORM,TRANSFORM,0,1.5738502740859983,1
1,D_WEAK_TRANSFORM,incumbent,243,STORY,STORY,1,1.1969575881958008,1
1,D_WEAK_TRANSFORM,capacity-shadow,243,STORY,STORY,2,,1
1,D_WEAK_TRANSFORM,geometry-shadow,243,STORY,STORY,1,0.5846951603889465,1
1,D_WEAK_TRANSFORM,incumbent,244,ARITH_A,ARITHMETIC,0,1.7564198970794678,1
1,D_WEAK_TRANSFORM,capacity-shadow,244,ARITH_A,ARITHMETIC,0,,1
1,D_WEAK_TRANSFORM,geometry-shadow,244,ARITH_A,ARITHMETIC,0,1.8195356130599976,1
1,D_WEAK_TRANSFORM,incumbent,245,STORY,STORY,1,0.1529221534729004,1
1,D_WEAK_TRANSFORM,capacity-shadow,245,STORY,STORY,1,,1
1,D_WEAK_TRANSFORM,geometry-shadow,245,STORY,STORY,1,0.136915922164917,1
1,D_WEAK_TRANSFORM,incumbent,246,ARITH_A,ARITHMETIC,0,1.7206138372421265,1
1,D_WEAK_TRANSFORM,capacity-shadow,246,ARITH_A,ARITHMETIC,0,,1
1,D_WEAK_TRANSFORM,geometry-shadow,246,ARITH_A,ARITHMETIC,0,1.7850102186203003,1
1,D_WEAK_TRANSFORM,incumbent,247,STORY,STORY,0,1.0678701400756836,1
1,D_WEAK_TRANSFORM,capacity-shadow,247,STORY,STORY,0,,1
1,D_WEAK_TRANSFORM,geometry-shadow,247,STORY,STORY,0,1.1126177310943604,1
1,D_WEAK_TRANSFORM,incumbent,248,ARITH_A,ARITHMETIC,0,1.7113163471221924,1
1,D_WEAK_TRANSFORM,capacity-shadow,248,ARITH_A,ARITHMETIC,0,,1
1,D_WEAK_TRANSFORM,geometry-shadow,248,ARITH_A,ARITHMETIC,0,1.7755095958709717,1
1,D_WEAK_TRANSFORM,incumbent,249,ARITH_A,ARITHMETIC,0,1.7143447399139404,1
1,D_WEAK_TRANSFORM,capacity-shadow,249,ARITH_A,ARITHMETIC,0,,1
1,D_WEAK_TRANSFORM,geometry-shadow,249,ARITH_A,ARITHMETIC,0,1.778295636177063,1
1,D_WEAK_TRANSFORM,incumbent,250,ARITH_A,ARITHMETIC,0,1.7364904880523682,1
1,D_WEAK_TRANSFORM,capacity-shadow,250,ARITH_A,ARITHMETIC,0,,1
1,D_WEAK_TRANSFORM,geometry-shadow,250,ARITH_A,ARITHMETIC,0,1.799790620803833,1
1,D_WEAK_TRANSFORM,incumbent,251,ARITH_A,ARITHMETIC,0,1.7414271831512451,1
1,D_WEAK_TRANSFORM,capacity-shadow,251,ARITH_A,ARITHMETIC,0,,1
1,D_WEAK_TRANSFORM,geometry-shadow,251,ARITH_A,ARITHMETIC,0,1.803524374961853,1
1,D_WEAK_TRANSFORM,incumbent,252,ARITH_A,ARITHMETIC,0,1.7494317293167114,1
1,D_WEAK_TRANSFORM,capacity-shadow,252,ARITH_A,ARITHMETIC,0,,1
1,D_WEAK_TRANSFORM,geometry-shadow,252,ARITH_A,ARITHMETIC,0,1.8127442598342896,1
1,D_WEAK_TRANSFORM,incumbent,253,ARITH_A,ARITHMETIC,0,1.6871622800827026,1
1,D_WEAK_TRANSFORM,capacity-shadow,253,ARITH_A,ARITHMETIC,0,,1
1,D_WEAK_TRANSFORM,geometry-shadow,253,ARITH_A,ARITHMETIC,0,1.7521867752075195,1
1,D_WEAK_TRANSFORM,incumbent,254,TRANSFORM,TRANSFORM,0,1.499619960784912,1
1,D_WEAK_TRANSFORM,capacity-shadow,254,TRANSFORM,TRANSFORM,0,,1
1,D_WEAK_TRANSFORM,geometry-shadow,254,TRANSFORM,TRANSFORM,0,1.5569905042648315,1
1,D_WEAK_TRANSFORM,incumbent,255,STORY,STORY,1,1.811675786972046,1
1,D_WEAK_TRANSFORM,capacity-shadow,255,STORY,STORY,2,,1
1,D_WEAK_TRANSFORM,geometry-shadow,255,STORY,STORY,1,1.2956600189208984,1
1,D_WEAK_TRANSFORM,incumbent,256,ARITH_A,ARITHMETIC,0,1.7437901496887207,1
1,D_WEAK_TRANSFORM,capacity-shadow,256,ARITH_A,ARITHMETIC,0,,1
1,D_WEAK_TRANSFORM,geometry-shadow,256,ARITH_A,ARITHMETIC,0,1.801968216896057,1
1,E_TRANSFORM_BIRTH,incumbent,1,STORY,STORY,1,1.463031530380249,1
1,E_TRANSFORM_BIRTH,capacity-shadow,1,STORY,STORY,2,,1
1,E_TRANSFORM_BIRTH,geometry-shadow,1,STORY,STORY,1,0.982727348804474,1
1,E_TRANSFORM_BIRTH,incumbent,2,TRANSFORM,TRANSFORM,0,1.355246901512146,1
1,E_TRANSFORM_BIRTH,capacity-shadow,2,TRANSFORM,TRANSFORM,0,,1
1,E_TRANSFORM_BIRTH,geometry-shadow,2,TRANSFORM,TRANSFORM,0,0.882934033870697,1
1,E_TRANSFORM_BIRTH,incumbent,3,ARITH_A,ARITHMETIC,0,1.4317656755447388,1
1,E_TRANSFORM_BIRTH,capacity-shadow,3,ARITH_A,ARITHMETIC,0,,1
1,E_TRANSFORM_BIRTH,geometry-shadow,3,ARITH_A,ARITHMETIC,0,0.7142446637153625,1
1,E_TRANSFORM_BIRTH,incumbent,4,STORY,STORY,1,2.376037359237671,1
1,E_TRANSFORM_BIRTH,capacity-shadow,4,STORY,STORY,1,,1
1,E_TRANSFORM_BIRTH,geometry-shadow,4,STORY,STORY,1,0.8898652791976929,1
1,E_TRANSFORM_BIRTH,incumbent,5,TRANSFORM,TRANSFORM,0,1.3597052097320557,1
1,E_TRANSFORM_BIRTH,capacity-shadow,5,TRANSFORM,TRANSFORM,0,,1
1,E_TRANSFORM_BIRTH,geometry-shadow,5,TRANSFORM,TRANSFORM,0,0.891650915145874,1
1,E_TRANSFORM_BIRTH,incumbent,6,STORY,STORY,1,2.467165231704712,1
1,E_TRANSFORM_BIRTH,capacity-shadow,6,STORY,STORY,2,,1
1,E_TRANSFORM_BIRTH,geometry-shadow,6,STORY,STORY,1,1.1796514987945557,1
1,E_TRANSFORM_BIRTH,incumbent,7,ARITH_A,ARITHMETIC,0,1.392181634902954,1
1,E_TRANSFORM_BIRTH,capacity-shadow,7,ARITH_A,ARITHMETIC,0,,1
1,E_TRANSFORM_BIRTH,geometry-shadow,7,ARITH_A,ARITHMETIC,0,0.591606616973877,1
1,E_TRANSFORM_BIRTH,incumbent,8,ARITH_A,ARITHMETIC,0,1.4286667108535769,1
1,E_TRANSFORM_BIRTH,capacity-shadow,8,ARITH_A,ARITHMETIC,0,,1
1,E_TRANSFORM_BIRTH,geometry-shadow,8,ARITH_A,ARITHMETIC,0,0.6972951292991638,1
1,E_TRANSFORM_BIRTH,incumbent,9,ARITH_A,ARITHMETIC,0,1.4198596477508545,1
1,E_TRANSFORM_BIRTH,capacity-shadow,9,ARITH_A,ARITHMETIC,0,,1
1,E_TRANSFORM_BIRTH,geometry-shadow,9,ARITH_A,ARITHMETIC,0,0.6726071834564209,1
1,E_TRANSFORM_BIRTH,incumbent,10,TRANSFORM,TRANSFORM,0,1.3663283586502075,1
1,E_TRANSFORM_BIRTH,capacity-shadow,10,TRANSFORM,TRANSFORM,0,,1
1,E_TRANSFORM_BIRTH,geometry-shadow,10,TRANSFORM,TRANSFORM,0,0.8642029166221619,1
1,E_TRANSFORM_BIRTH,incumbent,11,TRANSFORM,TRANSFORM,0,1.3679341077804563,1
1,E_TRANSFORM_BIRTH,capacity-shadow,11,TRANSFORM,TRANSFORM,0,,1
1,E_TRANSFORM_BIRTH,geometry-shadow,11,TRANSFORM,TRANSFORM,0,0.878483235836029,1
1,E_TRANSFORM_BIRTH,incumbent,12,ARITH_A,ARITHMETIC,0,1.4147199392318726,1
1,E_TRANSFORM_BIRTH,capacity-shadow,12,ARITH_A,ARITHMETIC,0,,1
1,E_TRANSFORM_BIRTH,geometry-shadow,12,ARITH_A,ARITHMETIC,0,0.6376086473464966,1
1,E_TRANSFORM_BIRTH,incumbent,13,STORY,STORY,0,0.620293915271759,1
1,E_TRANSFORM_BIRTH,capacity-shadow,13,STORY,STORY,0,,1
1,E_TRANSFORM_BIRTH,geometry-shadow,13,STORY,STORY,2,0.2934639453887939,1
1,E_TRANSFORM_BIRTH,incumbent,14,TRANSFORM,TRANSFORM,0,1.3410041332244873,1
1,E_TRANSFORM_BIRTH,capacity-shadow,14,TRANSFORM,TRANSFORM,0,,1
1,E_TRANSFORM_BIRTH,geometry-shadow,14,TRANSFORM,TRANSFORM,0,0.8966727256774902,1
1,E_TRANSFORM_BIRTH,incumbent,15,STORY,STORY,1,1.2656316757202148,1
1,E_TRANSFORM_BIRTH,capacity-shadow,15,STORY,STORY,1,,1
1,E_TRANSFORM_BIRTH,geometry-shadow,15,STORY,STORY,1,0.1350189447402954,1
1,E_TRANSFORM_BIRTH,incumbent,16,STORY,STORY,1,2.065114498138428,1
1,E_TRANSFORM_BIRTH,capacity-shadow,16,STORY,STORY,2,,1
1,E_TRANSFORM_BIRTH,geometry-shadow,16,STORY,STORY,1,1.242292046546936,1
1,E_TRANSFORM_BIRTH,incumbent,17,TRANSFORM,TRANSFORM,0,1.358564019203186,1
1,E_TRANSFORM_BIRTH,capacity-shadow,17,TRANSFORM,TRANSFORM,0,,1
1,E_TRANSFORM_BIRTH,geometry-shadow,17,TRANSFORM,TRANSFORM,0,0.8880517482757568,1
1,E_TRANSFORM_BIRTH,incumbent,18,STORY,STORY,0,0.8193658590316772,1
1,E_TRANSFORM_BIRTH,capacity-shadow,18,STORY,STORY,0,,1
1,E_TRANSFORM_BIRTH,geometry-shadow,18,STORY,STORY,2,0.0969170928001403,1
1,E_TRANSFORM_BIRTH,incumbent,19,STORY,STORY,0,0.4130127429962158,1
1,E_TRANSFORM_BIRTH,capacity-shadow,19,STORY,STORY,0,,1
1,E_TRANSFORM_BIRTH,geometry-shadow,19,STORY,STORY,2,0.2106689810752868,1
1,E_TRANSFORM_BIRTH,incumbent,20,ARITH_A,ARITHMETIC,0,1.4217802286148071,1
1,E_TRANSFORM_BIRTH,capacity-shadow,20,ARITH_A,ARITHMETIC,0,,1
1,E_TRANSFORM_BIRTH,geometry-shadow,20,ARITH_A,ARITHMETIC,0,0.6710966229438782,1
1,E_TRANSFORM_BIRTH,incumbent,21,ARITH_A,ARITHMETIC,0,1.4258322715759275,1
1,E_TRANSFORM_BIRTH,capacity-shadow,21,ARITH_A,ARITHMETIC,0,,1
1,E_TRANSFORM_BIRTH,geometry-shadow,21,ARITH_A,ARITHMETIC,0,0.7101239562034607,1
1,E_TRANSFORM_BIRTH,incumbent,22,ARITH_A,ARITHMETIC,0,1.4324535131454468,1
1,E_TRANSFORM_BIRTH,capacity-shadow,22,ARITH_A,ARITHMETIC,0,,1
1,E_TRANSFORM_BIRTH,geometry-shadow,22,ARITH_A,ARITHMETIC,0,0.7225320935249329,1
1,E_TRANSFORM_BIRTH,incumbent,23,TRANSFORM,TRANSFORM,0,1.3548988103866575,1
1,E_TRANSFORM_BIRTH,capacity-shadow,23,TRANSFORM,TRANSFORM,0,,1
1,E_TRANSFORM_BIRTH,geometry-shadow,23,TRANSFORM,TRANSFORM,0,0.8904575109481812,1
1,E_TRANSFORM_BIRTH,incumbent,24,TRANSFORM,TRANSFORM,0,1.3490644693374634,1
1,E_TRANSFORM_BIRTH,capacity-shadow,24,TRANSFORM,TRANSFORM,0,,1
1,E_TRANSFORM_BIRTH,geometry-shadow,24,TRANSFORM,TRANSFORM,0,0.903476059436798,1
1,E_TRANSFORM_BIRTH,incumbent,25,TRANSFORM,TRANSFORM,0,1.361780047416687,1
1,E_TRANSFORM_BIRTH,capacity-shadow,25,TRANSFORM,TRANSFORM,0,,1
1,E_TRANSFORM_BIRTH,geometry-shadow,25,TRANSFORM,TRANSFORM,0,0.8680412173271179,1
1,E_TRANSFORM_BIRTH,incumbent,26,TRANSFORM,TRANSFORM,0,1.3685171604156494,1
1,E_TRANSFORM_BIRTH,capacity-shadow,26,TRANSFORM,TRANSFORM,0,,1
1,E_TRANSFORM_BIRTH,geometry-shadow,26,TRANSFORM,TRANSFORM,0,0.8739327788352966,1
1,E_TRANSFORM_BIRTH,incumbent,27,ARITH_A,ARITHMETIC,0,1.422759175300598,1
1,E_TRANSFORM_BIRTH,capacity-shadow,27,ARITH_A,ARITHMETIC,0,,1
1,E_TRANSFORM_BIRTH,geometry-shadow,27,ARITH_A,ARITHMETIC,0,0.6814850568771362,1
1,E_TRANSFORM_BIRTH,incumbent,28,STORY,STORY,1,1.3319284915924072,1
1,E_TRANSFORM_BIRTH,capacity-shadow,28,STORY,STORY,1,,1
1,E_TRANSFORM_BIRTH,geometry-shadow,28,STORY,STORY,1,1.0723233222961426,1
1,E_TRANSFORM_BIRTH,incumbent,29,ARITH_A,ARITHMETIC,0,1.4273074865341189,1
1,E_TRANSFORM_BIRTH,capacity-shadow,29,ARITH_A,ARITHMETIC,0,,1
1,E_TRANSFORM_BIRTH,geometry-shadow,29,ARITH_A,ARITHMETIC,0,0.7135706543922424,1
1,E_TRANSFORM_BIRTH,incumbent,30,ARITH_A,ARITHMETIC,0,1.4104129076004028,1
1,E_TRANSFORM_BIRTH,capacity-shadow,30,ARITH_A,ARITHMETIC,0,,1
1,E_TRANSFORM_BIRTH,geometry-shadow,30,ARITH_A,ARITHMETIC,0,0.6197919249534607,1
1,E_TRANSFORM_BIRTH,incumbent,31,STORY,STORY,1,1.2616591453552246,1
1,E_TRANSFORM_BIRTH,capacity-shadow,31,STORY,STORY,2,,1
1,E_TRANSFORM_BIRTH,geometry-shadow,31,STORY,STORY,1,0.1143083572387695,1
1,E_TRANSFORM_BIRTH,incumbent,32,STORY,STORY,1,1.2976211309432983,1
1,E_TRANSFORM_BIRTH,capacity-shadow,32,STORY,STORY,1,,1
1,E_TRANSFORM_BIRTH,geometry-shadow,32,STORY,STORY,1,0.6924721002578735,1
1,E_TRANSFORM_BIRTH,incumbent,33,STORY,STORY,1,2.145570039749145,1
1,E_TRANSFORM_BIRTH,capacity-shadow,33,STORY,STORY,2,,1
1,E_TRANSFORM_BIRTH,geometry-shadow,33,STORY,STORY,1,1.080918788909912,1
1,E_TRANSFORM_BIRTH,incumbent,34,ARITH_A,ARITHMETIC,0,1.4072084426879885,1
1,E_TRANSFORM_BIRTH,capacity-shadow,34,ARITH_A,ARITHMETIC,0,,1
1,E_TRANSFORM_BIRTH,geometry-shadow,34,ARITH_A,ARITHMETIC,0,0.6102339029312134,1
1,E_TRANSFORM_BIRTH,incumbent,35,TRANSFORM,TRANSFORM,0,1.3474607467651367,1
1,E_TRANSFORM_BIRTH,capacity-shadow,35,TRANSFORM,TRANSFORM,0,,1
1,E_TRANSFORM_BIRTH,geometry-shadow,35,TRANSFORM,TRANSFORM,0,0.8906882405281067,1
1,E_TRANSFORM_BIRTH,incumbent,36,ARITH_A,ARITHMETIC,0,1.4193271398544312,1
1,E_TRANSFORM_BIRTH,capacity-shadow,36,ARITH_A,ARITHMETIC,0,,1
1,E_TRANSFORM_BIRTH,geometry-shadow,36,ARITH_A,ARITHMETIC,0,0.6524518728256226,1
1,E_TRANSFORM_BIRTH,incumbent,37,STORY,STORY,1,1.2084308862686155,1
1,E_TRANSFORM_BIRTH,capacity-shadow,37,STORY,STORY,1,,1
1,E_TRANSFORM_BIRTH,geometry-shadow,37,STORY,STORY,1,0.1674343347549438,1
1,E_TRANSFORM_BIRTH,incumbent,38,ARITH_A,ARITHMETIC,0,1.4119845628738403,1
1,E_TRANSFORM_BIRTH,capacity-shadow,38,ARITH_A,ARITHMETIC,0,,1
1,E_TRANSFORM_BIRTH,geometry-shadow,38,ARITH_A,ARITHMETIC,0,0.6395915150642395,1
1,E_TRANSFORM_BIRTH,incumbent,39,TRANSFORM,TRANSFORM,0,1.3603354692459106,1
1,E_TRANSFORM_BIRTH,capacity-shadow,39,TRANSFORM,TRANSFORM,0,,1
1,E_TRANSFORM_BIRTH,geometry-shadow,39,TRANSFORM,TRANSFORM,0,0.8791961669921875,1
1,E_TRANSFORM_BIRTH,incumbent,40,TRANSFORM,TRANSFORM,0,1.369296312332153,1
1,E_TRANSFORM_BIRTH,capacity-shadow,40,TRANSFORM,TRANSFORM,0,,1
1,E_TRANSFORM_BIRTH,geometry-shadow,40,TRANSFORM,TRANSFORM,0,0.8757747411727905,1
1,E_TRANSFORM_BIRTH,incumbent,41,ARITH_A,ARITHMETIC,0,1.4272127151489258,1
1,E_TRANSFORM_BIRTH,capacity-shadow,41,ARITH_A,ARITHMETIC,0,,1
1,E_TRANSFORM_BIRTH,geometry-shadow,41,ARITH_A,ARITHMETIC,0,0.7069689035415649,1
1,E_TRANSFORM_BIRTH,incumbent,42,ARITH_A,ARITHMETIC,0,1.404628872871399,1
1,E_TRANSFORM_BIRTH,capacity-shadow,42,ARITH_A,ARITHMETIC,0,,1
1,E_TRANSFORM_BIRTH,geometry-shadow,42,ARITH_A,ARITHMETIC,0,0.6148939728736877,1
1,E_TRANSFORM_BIRTH,incumbent,43,STORY,STORY,1,0.0320707559585571,1
1,E_TRANSFORM_BIRTH,capacity-shadow,43,STORY,STORY,2,,1
1,E_TRANSFORM_BIRTH,geometry-shadow,43,STORY,STORY,2,0.4049422740936279,1
1,E_TRANSFORM_BIRTH,incumbent,44,ARITH_A,ARITHMETIC,0,1.4031683206558228,1
1,E_TRANSFORM_BIRTH,capacity-shadow,44,ARITH_A,ARITHMETIC,0,,1
1,E_TRANSFORM_BIRTH,geometry-shadow,44,ARITH_A,ARITHMETIC,0,0.6033313870429993,1
1,E_TRANSFORM_BIRTH,incumbent,45,TRANSFORM,TRANSFORM,0,1.3510173559188845,1
1,E_TRANSFORM_BIRTH,capacity-shadow,45,TRANSFORM,TRANSFORM,0,,1
1,E_TRANSFORM_BIRTH,geometry-shadow,45,TRANSFORM,TRANSFORM,0,0.8993052244186401,1
1,E_TRANSFORM_BIRTH,incumbent,46,ARITH_A,ARITHMETIC,0,1.428693771362305,1
1,E_TRANSFORM_BIRTH,capacity-shadow,46,ARITH_A,ARITHMETIC,0,,1
1,E_TRANSFORM_BIRTH,geometry-shadow,46,ARITH_A,ARITHMETIC,0,0.6693528294563293,1
1,E_TRANSFORM_BIRTH,incumbent,47,STORY,STORY,1,0.265618085861206,1
1,E_TRANSFORM_BIRTH,capacity-shadow,47,STORY,STORY,1,,1
1,E_TRANSFORM_BIRTH,geometry-shadow,47,STORY,STORY,2,0.7856318950653076,1
1,E_TRANSFORM_BIRTH,incumbent,48,TRANSFORM,TRANSFORM,0,1.3887357711791992,1
1,E_TRANSFORM_BIRTH,capacity-shadow,48,TRANSFORM,TRANSFORM,0,,1
1,E_TRANSFORM_BIRTH,geometry-shadow,48,TRANSFORM,TRANSFORM,0,0.8384183049201965,1
1,E_TRANSFORM_BIRTH,incumbent,49,TRANSFORM,TRANSFORM,0,1.3600752353668213,1
1,E_TRANSFORM_BIRTH,capacity-shadow,49,TRANSFORM,TRANSFORM,0,,1
1,E_TRANSFORM_BIRTH,geometry-shadow,49,TRANSFORM,TRANSFORM,0,0.891685426235199,1
1,E_TRANSFORM_BIRTH,incumbent,50,TRANSFORM,TRANSFORM,0,1.354311466217041,1
1,E_TRANSFORM_BIRTH,capacity-shadow,50,TRANSFORM,TRANSFORM,0,,1
1,E_TRANSFORM_BIRTH,geometry-shadow,50,TRANSFORM,TRANSFORM,0,0.8886076807975769,1
1,E_TRANSFORM_BIRTH,incumbent,51,STORY,STORY,1,0.4840773344039917,1
1,E_TRANSFORM_BIRTH,capacity-shadow,51,STORY,STORY,2,,1
1,E_TRANSFORM_BIRTH,geometry-shadow,51,STORY,STORY,2,0.422102689743042,1
1,E_TRANSFORM_BIRTH,incumbent,52,STORY,STORY,0,0.3967648148536682,1
1,E_TRANSFORM_BIRTH,capacity-shadow,52,STORY,STORY,0,,1
1,E_TRANSFORM_BIRTH,geometry-shadow,52,STORY,STORY,2,0.17596435546875,1
1,E_TRANSFORM_BIRTH,incumbent,53,TRANSFORM,TRANSFORM,0,1.36626935005188,1
1,E_TRANSFORM_BIRTH,capacity-shadow,53,TRANSFORM,TRANSFORM,0,,1
1,E_TRANSFORM_BIRTH,geometry-shadow,53,TRANSFORM,TRANSFORM,0,0.8889139294624329,1
1,E_TRANSFORM_BIRTH,incumbent,54,ARITH_A,ARITHMETIC,0,1.4244632720947266,1
1,E_TRANSFORM_BIRTH,capacity-shadow,54,ARITH_A,ARITHMETIC,0,,1
1,E_TRANSFORM_BIRTH,geometry-shadow,54,ARITH_A,ARITHMETIC,0,0.6722869873046875,1
1,E_TRANSFORM_BIRTH,incumbent,55,TRANSFORM,TRANSFORM,0,1.3549458980560305,1
1,E_TRANSFORM_BIRTH,capacity-shadow,55,TRANSFORM,TRANSFORM,0,,1
1,E_TRANSFORM_BIRTH,geometry-shadow,55,TRANSFORM,TRANSFORM,0,0.874215841293335,1
1,E_TRANSFORM_BIRTH,incumbent,56,STORY,STORY,1,1.4290515184402466,1
1,E_TRANSFORM_BIRTH,capacity-shadow,56,STORY,STORY,1,,1
1,E_TRANSFORM_BIRTH,geometry-shadow,56,STORY,STORY,1,0.1646037101745605,1
1,E_TRANSFORM_BIRTH,incumbent,57,TRANSFORM,TRANSFORM,0,1.3545693159103394,1
1,E_TRANSFORM_BIRTH,capacity-shadow,57,TRANSFORM,TRANSFORM,0,,1
1,E_TRANSFORM_BIRTH,geometry-shadow,57,TRANSFORM,TRANSFORM,0,0.9027602076530457,1
1,E_TRANSFORM_BIRTH,incumbent,58,TRANSFORM,TRANSFORM,0,1.3655565977096558,1
1,E_TRANSFORM_BIRTH,capacity-shadow,58,TRANSFORM,TRANSFORM,0,,1
1,E_TRANSFORM_BIRTH,geometry-shadow,58,TRANSFORM,TRANSFORM,0,0.8716601729393005,1
1,E_TRANSFORM_BIRTH,incumbent,59,ARITH_A,ARITHMETIC,0,1.4286214113235474,1
1,E_TRANSFORM_BIRTH,capacity-shadow,59,ARITH_A,ARITHMETIC,0,,1
1,E_TRANSFORM_BIRTH,geometry-shadow,59,ARITH_A,ARITHMETIC,0,0.7140443325042725,1
1,E_TRANSFORM_BIRTH,incumbent,60,TRANSFORM,TRANSFORM,0,1.360156774520874,1
1,E_TRANSFORM_BIRTH,capacity-shadow,60,TRANSFORM,TRANSFORM,0,,1
1,E_TRANSFORM_BIRTH,geometry-shadow,60,TRANSFORM,TRANSFORM,0,0.8621296882629395,1
1,E_TRANSFORM_BIRTH,incumbent,61,ARITH_A,ARITHMETIC,0,1.4253937005996704,1
1,E_TRANSFORM_BIRTH,capacity-shadow,61,ARITH_A,ARITHMETIC,0,,1
1,E_TRANSFORM_BIRTH,geometry-shadow,61,ARITH_A,ARITHMETIC,0,0.6939685344696045,1
1,E_TRANSFORM_BIRTH,incumbent,62,ARITH_A,ARITHMETIC,0,1.41814386844635,1
1,E_TRANSFORM_BIRTH,capacity-shadow,62,ARITH_A,ARITHMETIC,0,,1
1,E_TRANSFORM_BIRTH,geometry-shadow,62,ARITH_A,ARITHMETIC,0,0.6715242862701416,1
1,E_TRANSFORM_BIRTH,incumbent,63,TRANSFORM,TRANSFORM,0,1.374226689338684,1
1,E_TRANSFORM_BIRTH,capacity-shadow,63,TRANSFORM,TRANSFORM,0,,1
1,E_TRANSFORM_BIRTH,geometry-shadow,63,TRANSFORM,TRANSFORM,0,0.8601028323173523,1
1,E_TRANSFORM_BIRTH,incumbent,64,ARITH_A,ARITHMETIC,0,1.4240963459014893,1
1,E_TRANSFORM_BIRTH,capacity-shadow,64,ARITH_A,ARITHMETIC,0,,1
1,E_TRANSFORM_BIRTH,geometry-shadow,64,ARITH_A,ARITHMETIC,0,0.6773062944412231,1
1,E_TRANSFORM_BIRTH,incumbent,65,ARITH_A,ARITHMETIC,0,1.418352127075195,1
1,E_TRANSFORM_BIRTH,capacity-shadow,65,ARITH_A,ARITHMETIC,0,,1
1,E_TRANSFORM_BIRTH,geometry-shadow,65,ARITH_A,ARITHMETIC,0,0.6754694581031799,1
1,E_TRANSFORM_BIRTH,incumbent,66,STORY,STORY,1,0.614689826965332,1
1,E_TRANSFORM_BIRTH,capacity-shadow,66,STORY,STORY,2,,1
1,E_TRANSFORM_BIRTH,geometry-shadow,66,STORY,STORY,2,0.6518317461013794,1
1,E_TRANSFORM_BIRTH,incumbent,67,ARITH_A,ARITHMETIC,0,1.419079303741455,1
1,E_TRANSFORM_BIRTH,capacity-shadow,67,ARITH_A,ARITHMETIC,0,,1
1,E_TRANSFORM_BIRTH,geometry-shadow,67,ARITH_A,ARITHMETIC,0,0.6681455373764038,1
1,E_TRANSFORM_BIRTH,incumbent,68,STORY,STORY,1,1.7580949068069458,1
1,E_TRANSFORM_BIRTH,capacity-shadow,68,STORY,STORY,1,,1
1,E_TRANSFORM_BIRTH,geometry-shadow,68,STORY,STORY,1,0.8690958619117737,1
1,E_TRANSFORM_BIRTH,incumbent,69,STORY,STORY,0,0.0877851247787475,1
1,E_TRANSFORM_BIRTH,capacity-shadow,69,STORY,STORY,0,,1
1,E_TRANSFORM_BIRTH,geometry-shadow,69,STORY,STORY,2,0.4263198971748352,1
1,E_TRANSFORM_BIRTH,incumbent,70,ARITH_A,ARITHMETIC,0,1.4142111539840698,1
1,E_TRANSFORM_BIRTH,capacity-shadow,70,ARITH_A,ARITHMETIC,0,,1
1,E_TRANSFORM_BIRTH,geometry-shadow,70,ARITH_A,ARITHMETIC,0,0.612791895866394,1
1,E_TRANSFORM_BIRTH,incumbent,71,STORY,STORY,0,0.2658278942108154,1
1,E_TRANSFORM_BIRTH,capacity-shadow,71,STORY,STORY,0,,1
1,E_TRANSFORM_BIRTH,geometry-shadow,71,STORY,STORY,2,0.3435542583465576,1
1,E_TRANSFORM_BIRTH,incumbent,72,TRANSFORM,TRANSFORM,0,1.364731788635254,1
1,E_TRANSFORM_BIRTH,capacity-shadow,72,TRANSFORM,TRANSFORM,0,,1
1,E_TRANSFORM_BIRTH,geometry-shadow,72,TRANSFORM,TRANSFORM,0,0.856044590473175,1
1,E_TRANSFORM_BIRTH,incumbent,73,ARITH_A,ARITHMETIC,0,1.4121918678283691,1
1,E_TRANSFORM_BIRTH,capacity-shadow,73,ARITH_A,ARITHMETIC,0,,1
1,E_TRANSFORM_BIRTH,geometry-shadow,73,ARITH_A,ARITHMETIC,0,0.6231334805488586,1
1,E_TRANSFORM_BIRTH,incumbent,74,STORY,STORY,1,2.1454412937164307,1
1,E_TRANSFORM_BIRTH,capacity-shadow,74,STORY,STORY,2,,1
1,E_TRANSFORM_BIRTH,geometry-shadow,74,STORY,STORY,1,0.8350540399551392,1
1,E_TRANSFORM_BIRTH,incumbent,75,STORY,STORY,1,1.347931146621704,1
1,E_TRANSFORM_BIRTH,capacity-shadow,75,STORY,STORY,1,,1
1,E_TRANSFORM_BIRTH,geometry-shadow,75,STORY,STORY,2,0.1134072542190551,1
1,E_TRANSFORM_BIRTH,incumbent,76,TRANSFORM,TRANSFORM,0,1.3625763654708862,1
1,E_TRANSFORM_BIRTH,capacity-shadow,76,TRANSFORM,TRANSFORM,0,,1
1,E_TRANSFORM_BIRTH,geometry-shadow,76,TRANSFORM,TRANSFORM,0,0.8715790510177612,1
1,E_TRANSFORM_BIRTH,incumbent,77,ARITH_A,ARITHMETIC,0,1.4269369840621948,1
1,E_TRANSFORM_BIRTH,capacity-shadow,77,ARITH_A,ARITHMETIC,0,,1
1,E_TRANSFORM_BIRTH,geometry-shadow,77,ARITH_A,ARITHMETIC,0,0.677421510219574,1
1,E_TRANSFORM_BIRTH,incumbent,78,TRANSFORM,TRANSFORM,0,1.3501896858215332,1
1,E_TRANSFORM_BIRTH,capacity-shadow,78,TRANSFORM,TRANSFORM,0,,1
1,E_TRANSFORM_BIRTH,geometry-shadow,78,TRANSFORM,TRANSFORM,0,0.8878991007804871,1
1,E_TRANSFORM_BIRTH,incumbent,79,ARITH_A,ARITHMETIC,0,1.3965699672698977,1
1,E_TRANSFORM_BIRTH,capacity-shadow,79,ARITH_A,ARITHMETIC,0,,1
1,E_TRANSFORM_BIRTH,geometry-shadow,79,ARITH_A,ARITHMETIC,0,0.5900128483772278,1
1,E_TRANSFORM_BIRTH,incumbent,80,TRANSFORM,TRANSFORM,0,1.363786220550537,1
1,E_TRANSFORM_BIRTH,capacity-shadow,80,TRANSFORM,TRANSFORM,0,,1
1,E_TRANSFORM_BIRTH,geometry-shadow,80,TRANSFORM,TRANSFORM,0,0.8735447525978088,1
1,E_TRANSFORM_BIRTH,incumbent,81,STORY,STORY,0,0.0753275156021118,1
1,E_TRANSFORM_BIRTH,capacity-shadow,81,STORY,STORY,0,,1
1,E_TRANSFORM_BIRTH,geometry-shadow,81,STORY,STORY,2,0.498435378074646,1
1,E_TRANSFORM_BIRTH,incumbent,82,TRANSFORM,TRANSFORM,0,1.3568754196166992,1
1,E_TRANSFORM_BIRTH,capacity-shadow,82,TRANSFORM,TRANSFORM,0,,1
1,E_TRANSFORM_BIRTH,geometry-shadow,82,TRANSFORM,TRANSFORM,0,0.8748785257339478,1
1,E_TRANSFORM_BIRTH,incumbent,83,STORY,STORY,1,1.3170262575149536,1
1,E_TRANSFORM_BIRTH,capacity-shadow,83,STORY,STORY,2,,1
1,E_TRANSFORM_BIRTH,geometry-shadow,83,STORY,STORY,1,0.6029893159866333,1
1,E_TRANSFORM_BIRTH,incumbent,84,TRANSFORM,TRANSFORM,0,1.3741580247879028,1
1,E_TRANSFORM_BIRTH,capacity-shadow,84,TRANSFORM,TRANSFORM,0,,1
1,E_TRANSFORM_BIRTH,geometry-shadow,84,TRANSFORM,TRANSFORM,0,0.8767152428627014,1
1,E_TRANSFORM_BIRTH,incumbent,85,ARITH_A,ARITHMETIC,0,1.4267354011535645,1
1,E_TRANSFORM_BIRTH,capacity-shadow,85,ARITH_A,ARITHMETIC,0,,1
1,E_TRANSFORM_BIRTH,geometry-shadow,85,ARITH_A,ARITHMETIC,0,0.6949400901794434,1
1,E_TRANSFORM_BIRTH,incumbent,86,TRANSFORM,TRANSFORM,0,1.3680071830749512,1
1,E_TRANSFORM_BIRTH,capacity-shadow,86,TRANSFORM,TRANSFORM,0,,1
1,E_TRANSFORM_BIRTH,geometry-shadow,86,TRANSFORM,TRANSFORM,0,0.8675535321235657,1
1,E_TRANSFORM_BIRTH,incumbent,87,ARITH_A,ARITHMETIC,0,1.419718623161316,1
1,E_TRANSFORM_BIRTH,capacity-shadow,87,ARITH_A,ARITHMETIC,0,,1
1,E_TRANSFORM_BIRTH,geometry-shadow,87,ARITH_A,ARITHMETIC,0,0.6586304903030396,1
1,E_TRANSFORM_BIRTH,incumbent,88,STORY,STORY,1,0.2124131917953491,1
1,E_TRANSFORM_BIRTH,capacity-shadow,88,STORY,STORY,1,,1
1,E_TRANSFORM_BIRTH,geometry-shadow,88,STORY,STORY,2,0.7847556471824646,1
1,E_TRANSFORM_BIRTH,incumbent,89,ARITH_A,ARITHMETIC,0,1.4172238111495972,1
1,E_TRANSFORM_BIRTH,capacity-shadow,89,ARITH_A,ARITHMETIC,0,,1
1,E_TRANSFORM_BIRTH,geometry-shadow,89,ARITH_A,ARITHMETIC,0,0.644607424736023,1
1,E_TRANSFORM_BIRTH,incumbent,90,STORY,STORY,0,0.4344962835311889,1
1,E_TRANSFORM_BIRTH,capacity-shadow,90,STORY,STORY,0,,1
1,E_TRANSFORM_BIRTH,geometry-shadow,90,STORY,STORY,2,0.2766564488410949,1
1,E_TRANSFORM_BIRTH,incumbent,91,STORY,STORY,0,0.4525161981582641,1
1,E_TRANSFORM_BIRTH,capacity-shadow,91,STORY,STORY,0,,1
1,E_TRANSFORM_BIRTH,geometry-shadow,91,STORY,STORY,2,0.2246761918067932,1
1,E_TRANSFORM_BIRTH,incumbent,92,TRANSFORM,TRANSFORM,0,1.36446213722229,1
1,E_TRANSFORM_BIRTH,capacity-shadow,92,TRANSFORM,TRANSFORM,0,,1
1,E_TRANSFORM_BIRTH,geometry-shadow,92,TRANSFORM,TRANSFORM,0,0.875472903251648,1
1,E_TRANSFORM_BIRTH,incumbent,93,ARITH_A,ARITHMETIC,0,1.421902060508728,1
1,E_TRANSFORM_BIRTH,capacity-shadow,93,ARITH_A,ARITHMETIC,0,,1
1,E_TRANSFORM_BIRTH,geometry-shadow,93,ARITH_A,ARITHMETIC,0,0.6545684933662415,1
1,E_TRANSFORM_BIRTH,incumbent,94,TRANSFORM,TRANSFORM,0,1.371496081352234,1
1,E_TRANSFORM_BIRTH,capacity-shadow,94,TRANSFORM,TRANSFORM,0,,1
1,E_TRANSFORM_BIRTH,geometry-shadow,94,TRANSFORM,TRANSFORM,0,0.867236316204071,1
1,E_TRANSFORM_BIRTH,incumbent,95,ARITH_A,ARITHMETIC,0,1.4132301807403564,1
1,E_TRANSFORM_BIRTH,capacity-shadow,95,ARITH_A,ARITHMETIC,0,,1
1,E_TRANSFORM_BIRTH,geometry-shadow,95,ARITH_A,ARITHMETIC,0,0.6377376317977905,1
1,E_TRANSFORM_BIRTH,incumbent,96,ARITH_A,ARITHMETIC,0,1.42574942111969,1
1,E_TRANSFORM_BIRTH,capacity-shadow,96,ARITH_A,ARITHMETIC,0,,1
1,E_TRANSFORM_BIRTH,geometry-shadow,96,ARITH_A,ARITHMETIC,0,0.6681097745895386,1
1,E_TRANSFORM_BIRTH,incumbent,97,TRANSFORM,TRANSFORM,0,1.3575892448425293,1
1,E_TRANSFORM_BIRTH,capacity-shadow,97,TRANSFORM,TRANSFORM,0,,1
1,E_TRANSFORM_BIRTH,geometry-shadow,97,TRANSFORM,TRANSFORM,0,0.8833172917366028,1
1,E_TRANSFORM_BIRTH,incumbent,98,STORY,STORY,1,0.3562476634979248,1
1,E_TRANSFORM_BIRTH,capacity-shadow,98,STORY,STORY,2,,1
1,E_TRANSFORM_BIRTH,geometry-shadow,98,STORY,STORY,2,0.1907358169555664,1
1,E_TRANSFORM_BIRTH,incumbent,99,ARITH_A,ARITHMETIC,0,1.422843098640442,1
1,E_TRANSFORM_BIRTH,capacity-shadow,99,ARITH_A,ARITHMETIC,0,,1
1,E_TRANSFORM_BIRTH,geometry-shadow,99,ARITH_A,ARITHMETIC,0,0.708825409412384,1
1,E_TRANSFORM_BIRTH,incumbent,100,TRANSFORM,TRANSFORM,0,1.3508259057998655,1
1,E_TRANSFORM_BIRTH,capacity-shadow,100,TRANSFORM,TRANSFORM,0,,1
1,E_TRANSFORM_BIRTH,geometry-shadow,100,TRANSFORM,TRANSFORM,0,0.8965099453926086,1
1,E_TRANSFORM_BIRTH,incumbent,101,ARITH_A,ARITHMETIC,0,1.4218082427978516,1
1,E_TRANSFORM_BIRTH,capacity-shadow,101,ARITH_A,ARITHMETIC,0,,1
1,E_TRANSFORM_BIRTH,geometry-shadow,101,ARITH_A,ARITHMETIC,0,0.6923454999923706,1
1,E_TRANSFORM_BIRTH,incumbent,102,STORY,STORY,1,0.956118941307068,1
1,E_TRANSFORM_BIRTH,capacity-shadow,102,STORY,STORY,1,,1
1,E_TRANSFORM_BIRTH,geometry-shadow,102,STORY,STORY,1,0.3795887231826782,1
1,E_TRANSFORM_BIRTH,incumbent,103,STORY,STORY,1,1.5553388595581057,1
1,E_TRANSFORM_BIRTH,capacity-shadow,103,STORY,STORY,2,,1
1,E_TRANSFORM_BIRTH,geometry-shadow,103,STORY,STORY,1,1.1352858543395996,1
1,E_TRANSFORM_BIRTH,incumbent,104,ARITH_A,ARITHMETIC,0,1.4314366579055786,1
1,E_TRANSFORM_BIRTH,capacity-shadow,104,ARITH_A,ARITHMETIC,0,,1
1,E_TRANSFORM_BIRTH,geometry-shadow,104,ARITH_A,ARITHMETIC,0,0.7191727161407471,1
1,E_TRANSFORM_BIRTH,incumbent,105,STORY,STORY,1,1.9803292751312256,1
1,E_TRANSFORM_BIRTH,capacity-shadow,105,STORY,STORY,1,,1
1,E_TRANSFORM_BIRTH,geometry-shadow,105,STORY,STORY,1,1.4129559993743896,1
1,E_TRANSFORM_BIRTH,incumbent,106,TRANSFORM,TRANSFORM,0,1.342440843582153,1
1,E_TRANSFORM_BIRTH,capacity-shadow,106,TRANSFORM,TRANSFORM,0,,1
1,E_TRANSFORM_BIRTH,geometry-shadow,106,TRANSFORM,TRANSFORM,0,0.8940068483352661,1
1,E_TRANSFORM_BIRTH,incumbent,107,STORY,STORY,1,1.8096033334732056,1
1,E_TRANSFORM_BIRTH,capacity-shadow,107,STORY,STORY,2,,1
1,E_TRANSFORM_BIRTH,geometry-shadow,107,STORY,STORY,1,0.6366020441055298,1
1,E_TRANSFORM_BIRTH,incumbent,108,STORY,STORY,1,1.672999620437622,1
1,E_TRANSFORM_BIRTH,capacity-shadow,108,STORY,STORY,1,,1
1,E_TRANSFORM_BIRTH,geometry-shadow,108,STORY,STORY,1,0.681490957736969,1
1,E_TRANSFORM_BIRTH,incumbent,109,TRANSFORM,TRANSFORM,0,1.357589840888977,1
1,E_TRANSFORM_BIRTH,capacity-shadow,109,TRANSFORM,TRANSFORM,0,,1
1,E_TRANSFORM_BIRTH,geometry-shadow,109,TRANSFORM,TRANSFORM,0,0.8789770603179932,1
1,E_TRANSFORM_BIRTH,incumbent,110,STORY,STORY,1,0.5473121404647827,1
1,E_TRANSFORM_BIRTH,capacity-shadow,110,STORY,STORY,2,,1
1,E_TRANSFORM_BIRTH,geometry-shadow,110,STORY,STORY,2,0.4877569675445556,1
1,E_TRANSFORM_BIRTH,incumbent,111,ARITH_A,ARITHMETIC,0,1.4315160512924194,1
1,E_TRANSFORM_BIRTH,capacity-shadow,111,ARITH_A,ARITHMETIC,0,,1
1,E_TRANSFORM_BIRTH,geometry-shadow,111,ARITH_A,ARITHMETIC,0,0.7104957103729248,1
1,E_TRANSFORM_BIRTH,incumbent,112,ARITH_A,ARITHMETIC,0,1.3873624801635742,1
1,E_TRANSFORM_BIRTH,capacity-shadow,112,ARITH_A,ARITHMETIC,0,,1
1,E_TRANSFORM_BIRTH,geometry-shadow,112,ARITH_A,ARITHMETIC,0,0.5586687326431274,1
1,E_TRANSFORM_BIRTH,incumbent,113,TRANSFORM,TRANSFORM,0,1.3771742582321167,1
1,E_TRANSFORM_BIRTH,capacity-shadow,113,TRANSFORM,TRANSFORM,0,,1
1,E_TRANSFORM_BIRTH,geometry-shadow,113,TRANSFORM,TRANSFORM,0,0.873350977897644,1
1,E_TRANSFORM_BIRTH,incumbent,114,TRANSFORM,TRANSFORM,0,1.363018035888672,1
1,E_TRANSFORM_BIRTH,capacity-shadow,114,TRANSFORM,TRANSFORM,0,,1
1,E_TRANSFORM_BIRTH,geometry-shadow,114,TRANSFORM,TRANSFORM,0,0.8837577700614929,1
1,E_TRANSFORM_BIRTH,incumbent,115,TRANSFORM,TRANSFORM,0,1.3333722352981567,1
1,E_TRANSFORM_BIRTH,capacity-shadow,115,TRANSFORM,TRANSFORM,0,,1
1,E_TRANSFORM_BIRTH,geometry-shadow,115,TRANSFORM,TRANSFORM,0,0.9006562829017639,1
1,E_TRANSFORM_BIRTH,incumbent,116,TRANSFORM,TRANSFORM,0,1.3376154899597168,1
1,E_TRANSFORM_BIRTH,capacity-shadow,116,TRANSFORM,TRANSFORM,0,,1
1,E_TRANSFORM_BIRTH,geometry-shadow,116,TRANSFORM,TRANSFORM,0,0.9054549336433412,1
1,E_TRANSFORM_BIRTH,incumbent,117,TRANSFORM,TRANSFORM,0,1.3520532846450806,1
1,E_TRANSFORM_BIRTH,capacity-shadow,117,TRANSFORM,TRANSFORM,0,,1
1,E_TRANSFORM_BIRTH,geometry-shadow,117,TRANSFORM,TRANSFORM,0,0.8925697207450867,1
1,E_TRANSFORM_BIRTH,incumbent,118,STORY,STORY,1,0.2169724702835083,1
1,E_TRANSFORM_BIRTH,capacity-shadow,118,STORY,STORY,1,,1
1,E_TRANSFORM_BIRTH,geometry-shadow,118,STORY,STORY,2,0.3256511688232422,1
1,E_TRANSFORM_BIRTH,incumbent,119,ARITH_A,ARITHMETIC,0,1.4213439226150513,1
1,E_TRANSFORM_BIRTH,capacity-shadow,119,ARITH_A,ARITHMETIC,0,,1
1,E_TRANSFORM_BIRTH,geometry-shadow,119,ARITH_A,ARITHMETIC,0,0.6601674556732178,1
1,E_TRANSFORM_BIRTH,incumbent,120,ARITH_A,ARITHMETIC,0,1.4138717651367188,1
1,E_TRANSFORM_BIRTH,capacity-shadow,120,ARITH_A,ARITHMETIC,0,,1
1,E_TRANSFORM_BIRTH,geometry-shadow,120,ARITH_A,ARITHMETIC,0,0.6131846308708191,1
1,E_TRANSFORM_BIRTH,incumbent,121,ARITH_A,ARITHMETIC,0,1.418293595314026,1
1,E_TRANSFORM_BIRTH,capacity-shadow,121,ARITH_A,ARITHMETIC,0,,1
1,E_TRANSFORM_BIRTH,geometry-shadow,121,ARITH_A,ARITHMETIC,0,0.6363916397094727,1
1,E_TRANSFORM_BIRTH,incumbent,122,ARITH_A,ARITHMETIC,0,1.4115383625030518,1
1,E_TRANSFORM_BIRTH,capacity-shadow,122,ARITH_A,ARITHMETIC,0,,1
1,E_TRANSFORM_BIRTH,geometry-shadow,122,ARITH_A,ARITHMETIC,0,0.623350203037262,1
1,E_TRANSFORM_BIRTH,incumbent,123,STORY,STORY,1,0.4535439014434814,1
1,E_TRANSFORM_BIRTH,capacity-shadow,123,STORY,STORY,2,,1
1,E_TRANSFORM_BIRTH,geometry-shadow,123,STORY,STORY,2,0.3877881169319153,1
1,E_TRANSFORM_BIRTH,incumbent,124,ARITH_A,ARITHMETIC,0,1.4234492778778076,1
1,E_TRANSFORM_BIRTH,capacity-shadow,124,ARITH_A,ARITHMETIC,0,,1
1,E_TRANSFORM_BIRTH,geometry-shadow,124,ARITH_A,ARITHMETIC,0,0.7179538607597351,1
1,E_TRANSFORM_BIRTH,incumbent,125,ARITH_A,ARITHMETIC,0,1.4154659509658811,1
1,E_TRANSFORM_BIRTH,capacity-shadow,125,ARITH_A,ARITHMETIC,0,,1
1,E_TRANSFORM_BIRTH,geometry-shadow,125,ARITH_A,ARITHMETIC,0,0.6432670950889587,1
1,E_TRANSFORM_BIRTH,incumbent,126,TRANSFORM,TRANSFORM,0,1.361583232879639,1
1,E_TRANSFORM_BIRTH,capacity-shadow,126,TRANSFORM,TRANSFORM,0,,1
1,E_TRANSFORM_BIRTH,geometry-shadow,126,TRANSFORM,TRANSFORM,0,0.889492928981781,1
1,E_TRANSFORM_BIRTH,incumbent,127,STORY,STORY,1,1.947456955909729,1
1,E_TRANSFORM_BIRTH,capacity-shadow,127,STORY,STORY,1,,1
1,E_TRANSFORM_BIRTH,geometry-shadow,127,STORY,STORY,1,0.973555326461792,1
1,E_TRANSFORM_BIRTH,incumbent,128,TRANSFORM,TRANSFORM,0,1.3727648258209229,1
1,E_TRANSFORM_BIRTH,capacity-shadow,128,TRANSFORM,TRANSFORM,0,,1
1,E_TRANSFORM_BIRTH,geometry-shadow,128,TRANSFORM,TRANSFORM,0,0.8757635354995728,1
1,E_TRANSFORM_BIRTH,incumbent,129,TRANSFORM,TRANSFORM,0,1.3555153608322144,1
1,E_TRANSFORM_BIRTH,capacity-shadow,129,TRANSFORM,TRANSFORM,0,,1
1,E_TRANSFORM_BIRTH,geometry-shadow,129,TRANSFORM,TRANSFORM,0,0.872329592704773,1
1,E_TRANSFORM_BIRTH,incumbent,130,ARITH_A,ARITHMETIC,0,1.424539566040039,1
1,E_TRANSFORM_BIRTH,capacity-shadow,130,ARITH_A,ARITHMETIC,0,,1
1,E_TRANSFORM_BIRTH,geometry-shadow,130,ARITH_A,ARITHMETIC,0,0.7121766805648804,1
1,E_TRANSFORM_BIRTH,incumbent,131,TRANSFORM,TRANSFORM,0,1.3636335134506226,1
1,E_TRANSFORM_BIRTH,capacity-shadow,131,TRANSFORM,TRANSFORM,0,,1
1,E_TRANSFORM_BIRTH,geometry-shadow,131,TRANSFORM,TRANSFORM,0,0.8754503130912781,1
1,E_TRANSFORM_BIRTH,incumbent,132,STORY,STORY,1,0.1306228637695312,1
1,E_TRANSFORM_BIRTH,capacity-shadow,132,STORY,STORY,2,,1
1,E_TRANSFORM_BIRTH,geometry-shadow,132,STORY,STORY,2,0.6333392262458801,1
1,E_TRANSFORM_BIRTH,incumbent,133,TRANSFORM,TRANSFORM,0,1.3635107278823853,1
1,E_TRANSFORM_BIRTH,capacity-shadow,133,TRANSFORM,TRANSFORM,0,,1
1,E_TRANSFORM_BIRTH,geometry-shadow,133,TRANSFORM,TRANSFORM,0,0.8822218179702759,1
1,E_TRANSFORM_BIRTH,incumbent,134,STORY,STORY,1,0.4375379085540771,1
1,E_TRANSFORM_BIRTH,capacity-shadow,134,STORY,STORY,1,,1
1,E_TRANSFORM_BIRTH,geometry-shadow,134,STORY,STORY,1,0.2463005781173706,1
1,E_TRANSFORM_BIRTH,incumbent,135,ARITH_A,ARITHMETIC,0,1.4282697439193726,1
1,E_TRANSFORM_BIRTH,capacity-shadow,135,ARITH_A,ARITHMETIC,0,,1
1,E_TRANSFORM_BIRTH,geometry-shadow,135,ARITH_A,ARITHMETIC,0,0.7024792432785034,1
1,E_TRANSFORM_BIRTH,incumbent,136,TRANSFORM,TRANSFORM,0,1.3377556800842283,1
1,E_TRANSFORM_BIRTH,capacity-shadow,136,TRANSFORM,TRANSFORM,0,,1
1,E_TRANSFORM_BIRTH,geometry-shadow,136,TRANSFORM,TRANSFORM,0,0.9063065648078918,1
1,E_TRANSFORM_BIRTH,incumbent,137,TRANSFORM,TRANSFORM,0,1.3589835166931152,1
1,E_TRANSFORM_BIRTH,capacity-shadow,137,TRANSFORM,TRANSFORM,0,,1
1,E_TRANSFORM_BIRTH,geometry-shadow,137,TRANSFORM,TRANSFORM,0,0.871371865272522,1
1,E_TRANSFORM_BIRTH,incumbent,138,TRANSFORM,TRANSFORM,0,1.3138020038604736,1
1,E_TRANSFORM_BIRTH,capacity-shadow,138,TRANSFORM,TRANSFORM,0,,1
1,E_TRANSFORM_BIRTH,geometry-shadow,138,TRANSFORM,TRANSFORM,0,0.9076913595199584,1
1,E_TRANSFORM_BIRTH,incumbent,139,STORY,STORY,1,0.5056244134902954,1
1,E_TRANSFORM_BIRTH,capacity-shadow,139,STORY,STORY,2,,1
1,E_TRANSFORM_BIRTH,geometry-shadow,139,STORY,STORY,2,0.0382344722747802,1
1,E_TRANSFORM_BIRTH,incumbent,140,TRANSFORM,TRANSFORM,0,1.3685914278030396,1
1,E_TRANSFORM_BIRTH,capacity-shadow,140,TRANSFORM,TRANSFORM,0,,1
1,E_TRANSFORM_BIRTH,geometry-shadow,140,TRANSFORM,TRANSFORM,0,0.8692195415496826,1
1,E_TRANSFORM_BIRTH,incumbent,141,TRANSFORM,TRANSFORM,0,1.3454211950302124,1
1,E_TRANSFORM_BIRTH,capacity-shadow,141,TRANSFORM,TRANSFORM,0,,1
1,E_TRANSFORM_BIRTH,geometry-shadow,141,TRANSFORM,TRANSFORM,0,0.8935674428939819,1
1,E_TRANSFORM_BIRTH,incumbent,142,TRANSFORM,TRANSFORM,0,1.3613688945770264,1
1,E_TRANSFORM_BIRTH,capacity-shadow,142,TRANSFORM,TRANSFORM,0,,1
1,E_TRANSFORM_BIRTH,geometry-shadow,142,TRANSFORM,TRANSFORM,0,0.8718095421791077,1
1,E_TRANSFORM_BIRTH,incumbent,143,STORY,STORY,0,0.3356894850730896,1
1,E_TRANSFORM_BIRTH,capacity-shadow,143,STORY,STORY,0,,1
1,E_TRANSFORM_BIRTH,geometry-shadow,143,STORY,STORY,2,0.0351042747497558,1
1,E_TRANSFORM_BIRTH,incumbent,144,ARITH_A,ARITHMETIC,0,1.421743392944336,1
1,E_TRANSFORM_BIRTH,capacity-shadow,144,ARITH_A,ARITHMETIC,0,,1
1,E_TRANSFORM_BIRTH,geometry-shadow,144,ARITH_A,ARITHMETIC,0,0.6660792231559753,1
1,E_TRANSFORM_BIRTH,incumbent,145,ARITH_A,ARITHMETIC,0,1.4116594791412354,1
1,E_TRANSFORM_BIRTH,capacity-shadow,145,ARITH_A,ARITHMETIC,0,,1
1,E_TRANSFORM_BIRTH,geometry-shadow,145,ARITH_A,ARITHMETIC,0,0.6189167499542236,1
1,E_TRANSFORM_BIRTH,incumbent,146,STORY,STORY,0,0.1778653860092163,1
1,E_TRANSFORM_BIRTH,capacity-shadow,146,STORY,STORY,0,,1
1,E_TRANSFORM_BIRTH,geometry-shadow,146,STORY,STORY,2,0.4299322366714477,1
1,E_TRANSFORM_BIRTH,incumbent,147,TRANSFORM,TRANSFORM,0,1.3659979104995728,1
1,E_TRANSFORM_BIRTH,capacity-shadow,147,TRANSFORM,TRANSFORM,0,,1
1,E_TRANSFORM_BIRTH,geometry-shadow,147,TRANSFORM,TRANSFORM,0,0.880507230758667,1
1,E_TRANSFORM_BIRTH,incumbent,148,ARITH_A,ARITHMETIC,0,1.4079662561416626,1
1,E_TRANSFORM_BIRTH,capacity-shadow,148,ARITH_A,ARITHMETIC,0,,1
1,E_TRANSFORM_BIRTH,geometry-shadow,148,ARITH_A,ARITHMETIC,0,0.6192086338996887,1
1,E_TRANSFORM_BIRTH,incumbent,149,TRANSFORM,TRANSFORM,0,1.3798400163650513,1
1,E_TRANSFORM_BIRTH,capacity-shadow,149,TRANSFORM,TRANSFORM,0,,1
1,E_TRANSFORM_BIRTH,geometry-shadow,149,TRANSFORM,TRANSFORM,0,0.8635225892066956,1
1,E_TRANSFORM_BIRTH,incumbent,150,STORY,STORY,1,0.8682410717010498,1
1,E_TRANSFORM_BIRTH,capacity-shadow,150,STORY,STORY,1,,1
1,E_TRANSFORM_BIRTH,geometry-shadow,150,STORY,STORY,2,0.3348009586334228,1
1,E_TRANSFORM_BIRTH,incumbent,151,STORY,STORY,0,0.4306994676589966,1
1,E_TRANSFORM_BIRTH,capacity-shadow,151,STORY,STORY,0,,1
1,E_TRANSFORM_BIRTH,geometry-shadow,151,STORY,STORY,2,0.114690363407135,1
1,E_TRANSFORM_BIRTH,incumbent,152,TRANSFORM,TRANSFORM,0,1.3428322076797483,1
1,E_TRANSFORM_BIRTH,capacity-shadow,152,TRANSFORM,TRANSFORM,0,,1
1,E_TRANSFORM_BIRTH,geometry-shadow,152,TRANSFORM,TRANSFORM,0,0.8904223442077637,1
1,E_TRANSFORM_BIRTH,incumbent,153,ARITH_A,ARITHMETIC,0,1.3920812606811523,1
1,E_TRANSFORM_BIRTH,capacity-shadow,153,ARITH_A,ARITHMETIC,0,,1
1,E_TRANSFORM_BIRTH,geometry-shadow,153,ARITH_A,ARITHMETIC,0,0.5692043900489807,1
1,E_TRANSFORM_BIRTH,incumbent,154,ARITH_A,ARITHMETIC,0,1.4206146001815796,1
1,E_TRANSFORM_BIRTH,capacity-shadow,154,ARITH_A,ARITHMETIC,0,,1
1,E_TRANSFORM_BIRTH,geometry-shadow,154,ARITH_A,ARITHMETIC,0,0.6516082882881165,1
1,E_TRANSFORM_BIRTH,incumbent,155,STORY,STORY,1,0.934865951538086,1
1,E_TRANSFORM_BIRTH,capacity-shadow,155,STORY,STORY,2,,1
1,E_TRANSFORM_BIRTH,geometry-shadow,155,STORY,STORY,2,0.3947678208351135,1
1,E_TRANSFORM_BIRTH,incumbent,156,STORY,STORY,1,1.143622875213623,1
1,E_TRANSFORM_BIRTH,capacity-shadow,156,STORY,STORY,1,,1
1,E_TRANSFORM_BIRTH,geometry-shadow,156,STORY,STORY,2,0.0090135335922241,1
1,E_TRANSFORM_BIRTH,incumbent,157,ARITH_A,ARITHMETIC,0,1.3959922790527344,1
1,E_TRANSFORM_BIRTH,capacity-shadow,157,ARITH_A,ARITHMETIC,0,,1
1,E_TRANSFORM_BIRTH,geometry-shadow,157,ARITH_A,ARITHMETIC,0,0.5818466544151306,1
1,E_TRANSFORM_BIRTH,incumbent,158,TRANSFORM,TRANSFORM,0,1.3793394565582275,1
1,E_TRANSFORM_BIRTH,capacity-shadow,158,TRANSFORM,TRANSFORM,0,,1
1,E_TRANSFORM_BIRTH,geometry-shadow,158,TRANSFORM,TRANSFORM,0,0.8611570000648499,1
1,E_TRANSFORM_BIRTH,incumbent,159,ARITH_A,ARITHMETIC,0,1.4058406352996826,1
1,E_TRANSFORM_BIRTH,capacity-shadow,159,ARITH_A,ARITHMETIC,0,,1
1,E_TRANSFORM_BIRTH,geometry-shadow,159,ARITH_A,ARITHMETIC,0,0.6208495497703552,1
1,E_TRANSFORM_BIRTH,incumbent,160,STORY,STORY,0,0.4963409304618835,1
1,E_TRANSFORM_BIRTH,capacity-shadow,160,STORY,STORY,0,,1
1,E_TRANSFORM_BIRTH,geometry-shadow,160,STORY,STORY,2,0.2553175687789917,1
1,E_TRANSFORM_BIRTH,incumbent,161,STORY,STORY,0,0.2520310878753662,1
1,E_TRANSFORM_BIRTH,capacity-shadow,161,STORY,STORY,0,,1
1,E_TRANSFORM_BIRTH,geometry-shadow,161,STORY,STORY,2,0.4842571020126343,1
1,E_TRANSFORM_BIRTH,incumbent,162,TRANSFORM,TRANSFORM,0,1.3520220518112185,1
1,E_TRANSFORM_BIRTH,capacity-shadow,162,TRANSFORM,TRANSFORM,0,,1
1,E_TRANSFORM_BIRTH,geometry-shadow,162,TRANSFORM,TRANSFORM,0,0.8925217986106873,1
1,E_TRANSFORM_BIRTH,incumbent,163,ARITH_A,ARITHMETIC,0,1.4172649383544922,1
1,E_TRANSFORM_BIRTH,capacity-shadow,163,ARITH_A,ARITHMETIC,0,,1
1,E_TRANSFORM_BIRTH,geometry-shadow,163,ARITH_A,ARITHMETIC,0,0.6395286917686462,1
1,E_TRANSFORM_BIRTH,incumbent,164,ARITH_A,ARITHMETIC,0,1.421111226081848,1
1,E_TRANSFORM_BIRTH,capacity-shadow,164,ARITH_A,ARITHMETIC,0,,1
1,E_TRANSFORM_BIRTH,geometry-shadow,164,ARITH_A,ARITHMETIC,0,0.6924679279327393,1
1,E_TRANSFORM_BIRTH,incumbent,165,STORY,STORY,1,1.6765336990356443,1
1,E_TRANSFORM_BIRTH,capacity-shadow,165,STORY,STORY,2,,1
1,E_TRANSFORM_BIRTH,geometry-shadow,165,STORY,STORY,1,0.42576664686203,1
1,E_TRANSFORM_BIRTH,incumbent,166,STORY,STORY,1,2.046790599822998,1
1,E_TRANSFORM_BIRTH,capacity-shadow,166,STORY,STORY,1,,1
1,E_TRANSFORM_BIRTH,geometry-shadow,166,STORY,STORY,1,1.1201539039611816,1
1,E_TRANSFORM_BIRTH,incumbent,167,TRANSFORM,TRANSFORM,0,1.348231077194214,1
1,E_TRANSFORM_BIRTH,capacity-shadow,167,TRANSFORM,TRANSFORM,0,,1
1,E_TRANSFORM_BIRTH,geometry-shadow,167,TRANSFORM,TRANSFORM,0,0.8812350034713745,1
1,E_TRANSFORM_BIRTH,incumbent,168,ARITH_A,ARITHMETIC,0,1.420766830444336,1
1,E_TRANSFORM_BIRTH,capacity-shadow,168,ARITH_A,ARITHMETIC,0,,1
1,E_TRANSFORM_BIRTH,geometry-shadow,168,ARITH_A,ARITHMETIC,0,0.6602458953857422,1
1,E_TRANSFORM_BIRTH,incumbent,169,STORY,STORY,1,1.3415045738220217,1
1,E_TRANSFORM_BIRTH,capacity-shadow,169,STORY,STORY,2,,1
1,E_TRANSFORM_BIRTH,geometry-shadow,169,STORY,STORY,1,0.5833675861358643,1
1,E_TRANSFORM_BIRTH,incumbent,170,TRANSFORM,TRANSFORM,0,1.35768461227417,1
1,E_TRANSFORM_BIRTH,capacity-shadow,170,TRANSFORM,TRANSFORM,0,,1
1,E_TRANSFORM_BIRTH,geometry-shadow,170,TRANSFORM,TRANSFORM,0,0.8815485239028931,1
1,E_TRANSFORM_BIRTH,incumbent,171,ARITH_A,ARITHMETIC,0,1.4147257804870603,1
1,E_TRANSFORM_BIRTH,capacity-shadow,171,ARITH_A,ARITHMETIC,0,,1
1,E_TRANSFORM_BIRTH,geometry-shadow,171,ARITH_A,ARITHMETIC,0,0.6434838175773621,1
1,E_TRANSFORM_BIRTH,incumbent,172,TRANSFORM,TRANSFORM,0,1.3752365112304688,1
1,E_TRANSFORM_BIRTH,capacity-shadow,172,TRANSFORM,TRANSFORM,0,,1
1,E_TRANSFORM_BIRTH,geometry-shadow,172,TRANSFORM,TRANSFORM,0,0.8653794527053833,1
1,E_TRANSFORM_BIRTH,incumbent,173,STORY,STORY,1,1.520587921142578,1
1,E_TRANSFORM_BIRTH,capacity-shadow,173,STORY,STORY,1,,1
1,E_TRANSFORM_BIRTH,geometry-shadow,173,STORY,STORY,1,0.3767797946929931,1
1,E_TRANSFORM_BIRTH,incumbent,174,ARITH_A,ARITHMETIC,0,1.4267243146896362,1
1,E_TRANSFORM_BIRTH,capacity-shadow,174,ARITH_A,ARITHMETIC,0,,1
1,E_TRANSFORM_BIRTH,geometry-shadow,174,ARITH_A,ARITHMETIC,0,0.699334442615509,1
1,E_TRANSFORM_BIRTH,incumbent,175,ARITH_A,ARITHMETIC,0,1.416819453239441,1
1,E_TRANSFORM_BIRTH,capacity-shadow,175,ARITH_A,ARITHMETIC,0,,1
1,E_TRANSFORM_BIRTH,geometry-shadow,175,ARITH_A,ARITHMETIC,0,0.6407555937767029,1
1,E_TRANSFORM_BIRTH,incumbent,176,STORY,STORY,0,0.120280385017395,1
1,E_TRANSFORM_BIRTH,capacity-shadow,176,STORY,STORY,0,,1
1,E_TRANSFORM_BIRTH,geometry-shadow,176,STORY,STORY,2,0.012664794921875,1
1,E_TRANSFORM_BIRTH,incumbent,177,STORY,STORY,0,0.6770128011703491,1
1,E_TRANSFORM_BIRTH,capacity-shadow,177,STORY,STORY,0,,1
1,E_TRANSFORM_BIRTH,geometry-shadow,177,STORY,STORY,2,0.1174085140228271,1
1,E_TRANSFORM_BIRTH,incumbent,178,ARITH_A,ARITHMETIC,0,1.415351152420044,1
1,E_TRANSFORM_BIRTH,capacity-shadow,178,ARITH_A,ARITHMETIC,0,,1
1,E_TRANSFORM_BIRTH,geometry-shadow,178,ARITH_A,ARITHMETIC,0,0.6294007897377014,1
1,E_TRANSFORM_BIRTH,incumbent,179,ARITH_A,ARITHMETIC,0,1.4213541746139526,1
1,E_TRANSFORM_BIRTH,capacity-shadow,179,ARITH_A,ARITHMETIC,0,,1
1,E_TRANSFORM_BIRTH,geometry-shadow,179,ARITH_A,ARITHMETIC,0,0.6675496697425842,1
1,E_TRANSFORM_BIRTH,incumbent,180,ARITH_A,ARITHMETIC,0,1.4117553234100342,1
1,E_TRANSFORM_BIRTH,capacity-shadow,180,ARITH_A,ARITHMETIC,0,,1
1,E_TRANSFORM_BIRTH,geometry-shadow,180,ARITH_A,ARITHMETIC,0,0.6100900769233704,1
1,E_TRANSFORM_BIRTH,incumbent,181,STORY,STORY,0,0.5749578475952148,1
1,E_TRANSFORM_BIRTH,capacity-shadow,181,STORY,STORY,0,,1
1,E_TRANSFORM_BIRTH,geometry-shadow,181,STORY,STORY,0,0.4590857028961181,1
1,E_TRANSFORM_BIRTH,incumbent,182,ARITH_A,ARITHMETIC,0,1.397309184074402,1
1,E_TRANSFORM_BIRTH,capacity-shadow,182,ARITH_A,ARITHMETIC,0,,1
1,E_TRANSFORM_BIRTH,geometry-shadow,182,ARITH_A,ARITHMETIC,0,0.5764898061752319,1
1,E_TRANSFORM_BIRTH,incumbent,183,TRANSFORM,TRANSFORM,0,1.3617852926254272,1
1,E_TRANSFORM_BIRTH,capacity-shadow,183,TRANSFORM,TRANSFORM,0,,1
1,E_TRANSFORM_BIRTH,geometry-shadow,183,TRANSFORM,TRANSFORM,0,0.8754702210426331,1
1,E_TRANSFORM_BIRTH,incumbent,184,STORY,STORY,1,1.1773364543914795,1
1,E_TRANSFORM_BIRTH,capacity-shadow,184,STORY,STORY,2,,1
1,E_TRANSFORM_BIRTH,geometry-shadow,184,STORY,STORY,1,0.5957965850830078,1
1,E_TRANSFORM_BIRTH,incumbent,185,STORY,STORY,0,0.7843867540359497,1
1,E_TRANSFORM_BIRTH,capacity-shadow,185,STORY,STORY,0,,1
1,E_TRANSFORM_BIRTH,geometry-shadow,185,STORY,STORY,0,0.0577374100685119,1
1,E_TRANSFORM_BIRTH,incumbent,186,STORY,STORY,1,0.7448171377182007,1
1,E_TRANSFORM_BIRTH,capacity-shadow,186,STORY,STORY,1,,1
1,E_TRANSFORM_BIRTH,geometry-shadow,186,STORY,STORY,1,0.3074010610580444,1
1,E_TRANSFORM_BIRTH,incumbent,187,STORY,STORY,1,0.1086199283599853,1
1,E_TRANSFORM_BIRTH,capacity-shadow,187,STORY,STORY,2,,1
1,E_TRANSFORM_BIRTH,geometry-shadow,187,STORY,STORY,2,0.3529222011566162,1
1,E_TRANSFORM_BIRTH,incumbent,188,STORY,STORY,1,1.1929564476013184,1
1,E_TRANSFORM_BIRTH,capacity-shadow,188,STORY,STORY,1,,1
1,E_TRANSFORM_BIRTH,geometry-shadow,188,STORY,STORY,1,0.4688183069229126,1
1,E_TRANSFORM_BIRTH,incumbent,189,TRANSFORM,TRANSFORM,0,1.3413455486297607,1
1,E_TRANSFORM_BIRTH,capacity-shadow,189,TRANSFORM,TRANSFORM,0,,1
1,E_TRANSFORM_BIRTH,geometry-shadow,189,TRANSFORM,TRANSFORM,0,0.893078625202179,1
1,E_TRANSFORM_BIRTH,incumbent,190,ARITH_A,ARITHMETIC,0,1.4110671281814575,1
1,E_TRANSFORM_BIRTH,capacity-shadow,190,ARITH_A,ARITHMETIC,0,,1
1,E_TRANSFORM_BIRTH,geometry-shadow,190,ARITH_A,ARITHMETIC,0,0.6362270712852478,1
1,E_TRANSFORM_BIRTH,incumbent,191,TRANSFORM,TRANSFORM,0,1.3502392768859863,1
1,E_TRANSFORM_BIRTH,capacity-shadow,191,TRANSFORM,TRANSFORM,0,,1
1,E_TRANSFORM_BIRTH,geometry-shadow,191,TRANSFORM,TRANSFORM,0,0.8956681489944458,1
1,E_TRANSFORM_BIRTH,incumbent,192,ARITH_A,ARITHMETIC,0,1.4087796211242676,1
1,E_TRANSFORM_BIRTH,capacity-shadow,192,ARITH_A,ARITHMETIC,0,,1
1,E_TRANSFORM_BIRTH,geometry-shadow,192,ARITH_A,ARITHMETIC,0,0.6120784282684326,1
1,E_TRANSFORM_BIRTH,incumbent,193,ARITH_A,ARITHMETIC,0,1.421718955039978,1
1,E_TRANSFORM_BIRTH,capacity-shadow,193,ARITH_A,ARITHMETIC,0,,1
1,E_TRANSFORM_BIRTH,geometry-shadow,193,ARITH_A,ARITHMETIC,0,0.6596541404724121,1
1,E_TRANSFORM_BIRTH,incumbent,194,STORY,STORY,1,0.9195587635040284,1
1,E_TRANSFORM_BIRTH,capacity-shadow,194,STORY,STORY,2,,1
1,E_TRANSFORM_BIRTH,geometry-shadow,194,STORY,STORY,2,0.1079469919204711,1
1,E_TRANSFORM_BIRTH,incumbent,195,TRANSFORM,TRANSFORM,0,1.367387294769287,1
1,E_TRANSFORM_BIRTH,capacity-shadow,195,TRANSFORM,TRANSFORM,0,,1
1,E_TRANSFORM_BIRTH,geometry-shadow,195,TRANSFORM,TRANSFORM,0,0.8722280859947205,1
1,E_TRANSFORM_BIRTH,incumbent,196,TRANSFORM,TRANSFORM,0,1.3697868585586548,1
1,E_TRANSFORM_BIRTH,capacity-shadow,196,TRANSFORM,TRANSFORM,0,,1
1,E_TRANSFORM_BIRTH,geometry-shadow,196,TRANSFORM,TRANSFORM,0,0.8706828355789185,1
1,E_TRANSFORM_BIRTH,incumbent,197,ARITH_A,ARITHMETIC,0,1.4121403694152832,1
1,E_TRANSFORM_BIRTH,capacity-shadow,197,ARITH_A,ARITHMETIC,0,,1
1,E_TRANSFORM_BIRTH,geometry-shadow,197,ARITH_A,ARITHMETIC,0,0.6159208416938782,1
1,E_TRANSFORM_BIRTH,incumbent,198,ARITH_A,ARITHMETIC,0,1.417510986328125,1
1,E_TRANSFORM_BIRTH,capacity-shadow,198,ARITH_A,ARITHMETIC,0,,1
1,E_TRANSFORM_BIRTH,geometry-shadow,198,ARITH_A,ARITHMETIC,0,0.642133355140686,1
1,E_TRANSFORM_BIRTH,incumbent,199,STORY,STORY,1,1.245882272720337,1
1,E_TRANSFORM_BIRTH,capacity-shadow,199,STORY,STORY,1,,1
1,E_TRANSFORM_BIRTH,geometry-shadow,199,STORY,STORY,1,0.2583886384963989,1
1,E_TRANSFORM_BIRTH,incumbent,200,STORY,STORY,1,1.9835271835327148,1
1,E_TRANSFORM_BIRTH,capacity-shadow,200,STORY,STORY,2,,1
1,E_TRANSFORM_BIRTH,geometry-shadow,200,STORY,STORY,1,0.5881979465484619,1
1,E_TRANSFORM_BIRTH,incumbent,201,TRANSFORM,TRANSFORM,0,1.364530086517334,1
1,E_TRANSFORM_BIRTH,capacity-shadow,201,TRANSFORM,TRANSFORM,0,,1
1,E_TRANSFORM_BIRTH,geometry-shadow,201,TRANSFORM,TRANSFORM,0,0.8835194706916809,1
1,E_TRANSFORM_BIRTH,incumbent,202,STORY,STORY,0,0.4881693720817566,1
1,E_TRANSFORM_BIRTH,capacity-shadow,202,STORY,STORY,0,,1
1,E_TRANSFORM_BIRTH,geometry-shadow,202,STORY,STORY,2,0.2709634304046631,1
1,E_TRANSFORM_BIRTH,incumbent,203,STORY,STORY,1,0.2636928558349609,1
1,E_TRANSFORM_BIRTH,capacity-shadow,203,STORY,STORY,1,,1
1,E_TRANSFORM_BIRTH,geometry-shadow,203,STORY,STORY,2,0.8352157473564148,1
1,E_TRANSFORM_BIRTH,incumbent,204,TRANSFORM,TRANSFORM,0,1.3619729280471802,1
1,E_TRANSFORM_BIRTH,capacity-shadow,204,TRANSFORM,TRANSFORM,0,,1
1,E_TRANSFORM_BIRTH,geometry-shadow,204,TRANSFORM,TRANSFORM,0,0.8911089301109314,1
1,E_TRANSFORM_BIRTH,incumbent,205,TRANSFORM,TRANSFORM,0,1.3497328758239746,1
1,E_TRANSFORM_BIRTH,capacity-shadow,205,TRANSFORM,TRANSFORM,0,,1
1,E_TRANSFORM_BIRTH,geometry-shadow,205,TRANSFORM,TRANSFORM,0,0.8922772407531738,1
1,E_TRANSFORM_BIRTH,incumbent,206,TRANSFORM,TRANSFORM,0,1.3322926759719849,1
1,E_TRANSFORM_BIRTH,capacity-shadow,206,TRANSFORM,TRANSFORM,0,,1
1,E_TRANSFORM_BIRTH,geometry-shadow,206,TRANSFORM,TRANSFORM,0,0.912613570690155,1
1,E_TRANSFORM_BIRTH,incumbent,207,TRANSFORM,TRANSFORM,0,1.3619561195373535,1
1,E_TRANSFORM_BIRTH,capacity-shadow,207,TRANSFORM,TRANSFORM,0,,1
1,E_TRANSFORM_BIRTH,geometry-shadow,207,TRANSFORM,TRANSFORM,0,0.891853392124176,1
1,E_TRANSFORM_BIRTH,incumbent,208,STORY,STORY,1,0.2057613134384155,1
1,E_TRANSFORM_BIRTH,capacity-shadow,208,STORY,STORY,2,,1
1,E_TRANSFORM_BIRTH,geometry-shadow,208,STORY,STORY,2,0.8294374942779541,1
1,E_TRANSFORM_BIRTH,incumbent,209,TRANSFORM,TRANSFORM,0,1.3504256010055542,1
1,E_TRANSFORM_BIRTH,capacity-shadow,209,TRANSFORM,TRANSFORM,0,,1
1,E_TRANSFORM_BIRTH,geometry-shadow,209,TRANSFORM,TRANSFORM,0,0.8933002948760986,1
1,E_TRANSFORM_BIRTH,incumbent,210,ARITH_A,ARITHMETIC,0,1.4258241653442385,1
1,E_TRANSFORM_BIRTH,capacity-shadow,210,ARITH_A,ARITHMETIC,0,,1
1,E_TRANSFORM_BIRTH,geometry-shadow,210,ARITH_A,ARITHMETIC,0,0.6686150431632996,1
1,E_TRANSFORM_BIRTH,incumbent,211,TRANSFORM,TRANSFORM,0,1.3600934743881226,1
1,E_TRANSFORM_BIRTH,capacity-shadow,211,TRANSFORM,TRANSFORM,0,,1
1,E_TRANSFORM_BIRTH,geometry-shadow,211,TRANSFORM,TRANSFORM,0,0.8903272151947021,1
1,E_TRANSFORM_BIRTH,incumbent,212,TRANSFORM,TRANSFORM,0,1.3737635612487793,1
1,E_TRANSFORM_BIRTH,capacity-shadow,212,TRANSFORM,TRANSFORM,0,,1
1,E_TRANSFORM_BIRTH,geometry-shadow,212,TRANSFORM,TRANSFORM,0,0.8656014800071716,1
1,E_TRANSFORM_BIRTH,incumbent,213,TRANSFORM,TRANSFORM,0,1.3441920280456543,1
1,E_TRANSFORM_BIRTH,capacity-shadow,213,TRANSFORM,TRANSFORM,0,,1
1,E_TRANSFORM_BIRTH,geometry-shadow,213,TRANSFORM,TRANSFORM,0,0.9031319618225098,1
1,E_TRANSFORM_BIRTH,incumbent,214,STORY,STORY,0,0.8361594676971436,1
1,E_TRANSFORM_BIRTH,capacity-shadow,214,STORY,STORY,0,,1
1,E_TRANSFORM_BIRTH,geometry-shadow,214,STORY,STORY,0,0.2860885858535766,1
1,E_TRANSFORM_BIRTH,incumbent,215,STORY,STORY,1,1.0299785137176514,1
1,E_TRANSFORM_BIRTH,capacity-shadow,215,STORY,STORY,1,,1
1,E_TRANSFORM_BIRTH,geometry-shadow,215,STORY,STORY,2,0.2033994197845459,1
1,E_TRANSFORM_BIRTH,incumbent,216,STORY,STORY,1,1.755056619644165,1
1,E_TRANSFORM_BIRTH,capacity-shadow,216,STORY,STORY,2,,1
1,E_TRANSFORM_BIRTH,geometry-shadow,216,STORY,STORY,1,0.678577184677124,1
1,E_TRANSFORM_BIRTH,incumbent,217,TRANSFORM,TRANSFORM,0,1.367878794670105,1
1,E_TRANSFORM_BIRTH,capacity-shadow,217,TRANSFORM,TRANSFORM,0,,1
1,E_TRANSFORM_BIRTH,geometry-shadow,217,TRANSFORM,TRANSFORM,0,0.8585326671600342,1
1,E_TRANSFORM_BIRTH,incumbent,218,TRANSFORM,TRANSFORM,0,1.348263382911682,1
1,E_TRANSFORM_BIRTH,capacity-shadow,218,TRANSFORM,TRANSFORM,0,,1
1,E_TRANSFORM_BIRTH,geometry-shadow,218,TRANSFORM,TRANSFORM,0,0.8991581201553345,1
1,E_TRANSFORM_BIRTH,incumbent,219,STORY,STORY,1,0.7113343477249146,1
1,E_TRANSFORM_BIRTH,capacity-shadow,219,STORY,STORY,1,,1
1,E_TRANSFORM_BIRTH,geometry-shadow,219,STORY,STORY,1,0.1947609186172485,1
1,E_TRANSFORM_BIRTH,incumbent,220,ARITH_A,ARITHMETIC,0,1.4237629175186155,1
1,E_TRANSFORM_BIRTH,capacity-shadow,220,ARITH_A,ARITHMETIC,0,,1
1,E_TRANSFORM_BIRTH,geometry-shadow,220,ARITH_A,ARITHMETIC,0,0.667149543762207,1
1,E_TRANSFORM_BIRTH,incumbent,221,ARITH_A,ARITHMETIC,0,1.4164130687713623,1
1,E_TRANSFORM_BIRTH,capacity-shadow,221,ARITH_A,ARITHMETIC,0,,1
1,E_TRANSFORM_BIRTH,geometry-shadow,221,ARITH_A,ARITHMETIC,0,0.6556077599525452,1
1,E_TRANSFORM_BIRTH,incumbent,222,STORY,STORY,0,0.4432263970375061,1
1,E_TRANSFORM_BIRTH,capacity-shadow,222,STORY,STORY,0,,1
1,E_TRANSFORM_BIRTH,geometry-shadow,222,STORY,STORY,2,0.2443921566009521,1
1,E_TRANSFORM_BIRTH,incumbent,223,ARITH_A,ARITHMETIC,0,1.4283580780029297,1
1,E_TRANSFORM_BIRTH,capacity-shadow,223,ARITH_A,ARITHMETIC,0,,1
1,E_TRANSFORM_BIRTH,geometry-shadow,223,ARITH_A,ARITHMETIC,0,0.7308981418609619,1
1,E_TRANSFORM_BIRTH,incumbent,224,ARITH_A,ARITHMETIC,0,1.4088995456695557,1
1,E_TRANSFORM_BIRTH,capacity-shadow,224,ARITH_A,ARITHMETIC,0,,1
1,E_TRANSFORM_BIRTH,geometry-shadow,224,ARITH_A,ARITHMETIC,0,0.5998907089233398,1
1,E_TRANSFORM_BIRTH,incumbent,225,ARITH_A,ARITHMETIC,0,1.4092884063720703,1
1,E_TRANSFORM_BIRTH,capacity-shadow,225,ARITH_A,ARITHMETIC,0,,1
1,E_TRANSFORM_BIRTH,geometry-shadow,225,ARITH_A,ARITHMETIC,0,0.6111998558044434,1
1,E_TRANSFORM_BIRTH,incumbent,226,ARITH_A,ARITHMETIC,0,1.4171825647354126,1
1,E_TRANSFORM_BIRTH,capacity-shadow,226,ARITH_A,ARITHMETIC,0,,1
1,E_TRANSFORM_BIRTH,geometry-shadow,226,ARITH_A,ARITHMETIC,0,0.642992377281189,1
1,E_TRANSFORM_BIRTH,incumbent,227,TRANSFORM,TRANSFORM,0,1.374513030052185,1
1,E_TRANSFORM_BIRTH,capacity-shadow,227,TRANSFORM,TRANSFORM,0,,1
1,E_TRANSFORM_BIRTH,geometry-shadow,227,TRANSFORM,TRANSFORM,0,0.8473643064498901,1
1,E_TRANSFORM_BIRTH,incumbent,228,STORY,STORY,0,0.7712243795394897,1
1,E_TRANSFORM_BIRTH,capacity-shadow,228,STORY,STORY,0,,1
1,E_TRANSFORM_BIRTH,geometry-shadow,228,STORY,STORY,2,0.1951665878295898,1
1,E_TRANSFORM_BIRTH,incumbent,229,STORY,STORY,1,2.0833699703216557,1
1,E_TRANSFORM_BIRTH,capacity-shadow,229,STORY,STORY,2,,1
1,E_TRANSFORM_BIRTH,geometry-shadow,229,STORY,STORY,1,0.4964613914489746,1
1,E_TRANSFORM_BIRTH,incumbent,230,ARITH_A,ARITHMETIC,0,1.4000577926635742,1
1,E_TRANSFORM_BIRTH,capacity-shadow,230,ARITH_A,ARITHMETIC,0,,1
1,E_TRANSFORM_BIRTH,geometry-shadow,230,ARITH_A,ARITHMETIC,0,0.5868373513221741,1
1,E_TRANSFORM_BIRTH,incumbent,231,TRANSFORM,TRANSFORM,0,1.355574131011963,1
1,E_TRANSFORM_BIRTH,capacity-shadow,231,TRANSFORM,TRANSFORM,0,,1
1,E_TRANSFORM_BIRTH,geometry-shadow,231,TRANSFORM,TRANSFORM,0,0.8985258936882019,1
1,E_TRANSFORM_BIRTH,incumbent,232,ARITH_A,ARITHMETIC,0,1.4035226106643677,1
1,E_TRANSFORM_BIRTH,capacity-shadow,232,ARITH_A,ARITHMETIC,0,,1
1,E_TRANSFORM_BIRTH,geometry-shadow,232,ARITH_A,ARITHMETIC,0,0.5942732095718384,1
1,E_TRANSFORM_BIRTH,incumbent,233,STORY,STORY,1,0.442389965057373,1
1,E_TRANSFORM_BIRTH,capacity-shadow,233,STORY,STORY,1,,1
1,E_TRANSFORM_BIRTH,geometry-shadow,233,STORY,STORY,2,0.4522309899330139,1
1,E_TRANSFORM_BIRTH,incumbent,234,STORY,STORY,1,0.9219043254852296,1
1,E_TRANSFORM_BIRTH,capacity-shadow,234,STORY,STORY,2,,1
1,E_TRANSFORM_BIRTH,geometry-shadow,234,STORY,STORY,1,0.0502083301544189,1
1,E_TRANSFORM_BIRTH,incumbent,235,TRANSFORM,TRANSFORM,0,1.356340765953064,1
1,E_TRANSFORM_BIRTH,capacity-shadow,235,TRANSFORM,TRANSFORM,0,,1
1,E_TRANSFORM_BIRTH,geometry-shadow,235,TRANSFORM,TRANSFORM,0,0.8965801000595093,1
1,E_TRANSFORM_BIRTH,incumbent,236,ARITH_A,ARITHMETIC,0,1.4206327199935913,1
1,E_TRANSFORM_BIRTH,capacity-shadow,236,ARITH_A,ARITHMETIC,0,,1
1,E_TRANSFORM_BIRTH,geometry-shadow,236,ARITH_A,ARITHMETIC,0,0.6556567549705505,1
1,E_TRANSFORM_BIRTH,incumbent,237,ARITH_A,ARITHMETIC,0,1.4272494316101074,1
1,E_TRANSFORM_BIRTH,capacity-shadow,237,ARITH_A,ARITHMETIC,0,,1
1,E_TRANSFORM_BIRTH,geometry-shadow,237,ARITH_A,ARITHMETIC,0,0.7080786824226379,1
1,E_TRANSFORM_BIRTH,incumbent,238,TRANSFORM,TRANSFORM,0,1.3532836437225342,1
1,E_TRANSFORM_BIRTH,capacity-shadow,238,TRANSFORM,TRANSFORM,0,,1
1,E_TRANSFORM_BIRTH,geometry-shadow,238,TRANSFORM,TRANSFORM,0,0.8784870505332947,1
1,E_TRANSFORM_BIRTH,incumbent,239,STORY,STORY,0,0.334418773651123,1
1,E_TRANSFORM_BIRTH,capacity-shadow,239,STORY,STORY,0,,1
1,E_TRANSFORM_BIRTH,geometry-shadow,239,STORY,STORY,2,0.4085009098052978,1
1,E_TRANSFORM_BIRTH,incumbent,240,TRANSFORM,TRANSFORM,0,1.3568223714828491,1
1,E_TRANSFORM_BIRTH,capacity-shadow,240,TRANSFORM,TRANSFORM,0,,1
1,E_TRANSFORM_BIRTH,geometry-shadow,240,TRANSFORM,TRANSFORM,0,0.8975136876106262,1
1,E_TRANSFORM_BIRTH,incumbent,241,STORY,STORY,1,0.4210168123245239,1
1,E_TRANSFORM_BIRTH,capacity-shadow,241,STORY,STORY,1,,1
1,E_TRANSFORM_BIRTH,geometry-shadow,241,STORY,STORY,1,0.0101808309555053,1
1,E_TRANSFORM_BIRTH,incumbent,242,TRANSFORM,TRANSFORM,0,1.3872679471969604,1
1,E_TRANSFORM_BIRTH,capacity-shadow,242,TRANSFORM,TRANSFORM,0,,1
1,E_TRANSFORM_BIRTH,geometry-shadow,242,TRANSFORM,TRANSFORM,0,0.8482089638710022,1
1,E_TRANSFORM_BIRTH,incumbent,243,STORY,STORY,1,1.582051157951355,1
1,E_TRANSFORM_BIRTH,capacity-shadow,243,STORY,STORY,2,,1
1,E_TRANSFORM_BIRTH,geometry-shadow,243,STORY,STORY,1,0.4663436412811279,1
1,E_TRANSFORM_BIRTH,incumbent,244,TRANSFORM,TRANSFORM,0,1.3748079538345337,1
1,E_TRANSFORM_BIRTH,capacity-shadow,244,TRANSFORM,TRANSFORM,0,,1
1,E_TRANSFORM_BIRTH,geometry-shadow,244,TRANSFORM,TRANSFORM,0,0.8662757873535156,1
1,E_TRANSFORM_BIRTH,incumbent,245,TRANSFORM,TRANSFORM,0,1.3453296422958374,1
1,E_TRANSFORM_BIRTH,capacity-shadow,245,TRANSFORM,TRANSFORM,0,,1
1,E_TRANSFORM_BIRTH,geometry-shadow,245,TRANSFORM,TRANSFORM,0,0.8959442377090454,1
1,E_TRANSFORM_BIRTH,incumbent,246,ARITH_A,ARITHMETIC,0,1.417633056640625,1
1,E_TRANSFORM_BIRTH,capacity-shadow,246,ARITH_A,ARITHMETIC,0,,1
1,E_TRANSFORM_BIRTH,geometry-shadow,246,ARITH_A,ARITHMETIC,0,0.6485251784324646,1
1,E_TRANSFORM_BIRTH,incumbent,247,TRANSFORM,TRANSFORM,0,1.3478519916534424,1
1,E_TRANSFORM_BIRTH,capacity-shadow,247,TRANSFORM,TRANSFORM,0,,1
1,E_TRANSFORM_BIRTH,geometry-shadow,247,TRANSFORM,TRANSFORM,0,0.8978166580200195,1
1,E_TRANSFORM_BIRTH,incumbent,248,ARITH_A,ARITHMETIC,0,1.4076038599014282,1
1,E_TRANSFORM_BIRTH,capacity-shadow,248,ARITH_A,ARITHMETIC,0,,1
1,E_TRANSFORM_BIRTH,geometry-shadow,248,ARITH_A,ARITHMETIC,0,0.6124135255813599,1
1,E_TRANSFORM_BIRTH,incumbent,249,STORY,STORY,1,1.5051679611206057,1
1,E_TRANSFORM_BIRTH,capacity-shadow,249,STORY,STORY,1,,1
1,E_TRANSFORM_BIRTH,geometry-shadow,249,STORY,STORY,1,0.2688362598419189,1
1,E_TRANSFORM_BIRTH,incumbent,250,STORY,STORY,1,1.5309242010116575,1
1,E_TRANSFORM_BIRTH,capacity-shadow,250,STORY,STORY,2,,1
1,E_TRANSFORM_BIRTH,geometry-shadow,250,STORY,STORY,1,0.3002349138259887,1
1,E_TRANSFORM_BIRTH,incumbent,251,STORY,STORY,1,1.8257209062576292,1
1,E_TRANSFORM_BIRTH,capacity-shadow,251,STORY,STORY,1,,1
1,E_TRANSFORM_BIRTH,geometry-shadow,251,STORY,STORY,1,0.3313721418380737,1
1,E_TRANSFORM_BIRTH,incumbent,252,ARITH_A,ARITHMETIC,0,1.41833758354187,1
1,E_TRANSFORM_BIRTH,capacity-shadow,252,ARITH_A,ARITHMETIC,0,,1
1,E_TRANSFORM_BIRTH,geometry-shadow,252,ARITH_A,ARITHMETIC,0,0.6953834891319275,1
1,E_TRANSFORM_BIRTH,incumbent,253,STORY,STORY,1,0.8417513370513916,1
1,E_TRANSFORM_BIRTH,capacity-shadow,253,STORY,STORY,2,,1
1,E_TRANSFORM_BIRTH,geometry-shadow,253,STORY,STORY,1,0.3490279912948608,1
1,E_TRANSFORM_BIRTH,incumbent,254,STORY,STORY,0,0.3244615793228149,1
1,E_TRANSFORM_BIRTH,capacity-shadow,254,STORY,STORY,0,,1
1,E_TRANSFORM_BIRTH,geometry-shadow,254,STORY,STORY,2,0.4797267913818359,1
1,E_TRANSFORM_BIRTH,incumbent,255,ARITH_A,ARITHMETIC,0,1.404706597328186,1
1,E_TRANSFORM_BIRTH,capacity-shadow,255,ARITH_A,ARITHMETIC,0,,1
1,E_TRANSFORM_BIRTH,geometry-shadow,255,ARITH_A,ARITHMETIC,0,0.6128965020179749,1
1,E_TRANSFORM_BIRTH,incumbent,256,STORY,STORY,1,1.657978892326355,1
1,E_TRANSFORM_BIRTH,capacity-shadow,256,STORY,STORY,1,,1
1,E_TRANSFORM_BIRTH,geometry-shadow,256,STORY,STORY,1,1.1568934917449951,1
2,A_STORY_NULL,incumbent,1,STORY,STORY,0,0.0,0
2,A_STORY_NULL,capacity-shadow,1,STORY,STORY,0,,0
2,A_STORY_NULL,geometry-shadow,1,STORY,STORY,0,0.5183367729187012,0
2,A_STORY_NULL,incumbent,2,STORY,STORY,0,0.0,0
2,A_STORY_NULL,capacity-shadow,2,STORY,STORY,1,,0
2,A_STORY_NULL,geometry-shadow,2,STORY,STORY,0,0.4601912498474121,0
2,A_STORY_NULL,incumbent,3,STORY,STORY,0,0.0,0
2,A_STORY_NULL,capacity-shadow,3,STORY,STORY,0,,0
2,A_STORY_NULL,geometry-shadow,3,STORY,STORY,0,0.5431299209594727,0
2,A_STORY_NULL,incumbent,4,STORY,STORY,0,0.0,0
2,A_STORY_NULL,capacity-shadow,4,STORY,STORY,1,,0
2,A_STORY_NULL,geometry-shadow,4,STORY,STORY,0,0.2217000722885131,0
2,A_STORY_NULL,incumbent,5,STORY,STORY,0,0.0,0
2,A_STORY_NULL,capacity-shadow,5,STORY,STORY,0,,0
2,A_STORY_NULL,geometry-shadow,5,STORY,STORY,1,0.6678644418716431,0
2,A_STORY_NULL,incumbent,6,STORY,STORY,0,0.0,0
2,A_STORY_NULL,capacity-shadow,6,STORY,STORY,1,,0
2,A_STORY_NULL,geometry-shadow,6,STORY,STORY,0,0.1848827004432678,0
2,A_STORY_NULL,incumbent,7,STORY,STORY,0,0.0,0
2,A_STORY_NULL,capacity-shadow,7,STORY,STORY,0,,0
2,A_STORY_NULL,geometry-shadow,7,STORY,STORY,0,0.9386788606643676,0
2,A_STORY_NULL,incumbent,8,STORY,STORY,0,0.0,0
2,A_STORY_NULL,capacity-shadow,8,STORY,STORY,1,,0
2,A_STORY_NULL,geometry-shadow,8,STORY,STORY,1,0.1731699705123901,0
2,A_STORY_NULL,incumbent,9,STORY,STORY,0,0.0,0
2,A_STORY_NULL,capacity-shadow,9,STORY,STORY,0,,0
2,A_STORY_NULL,geometry-shadow,9,STORY,STORY,1,0.4297064542770386,0
2,A_STORY_NULL,incumbent,10,STORY,STORY,0,0.0,0
2,A_STORY_NULL,capacity-shadow,10,STORY,STORY,1,,0
2,A_STORY_NULL,geometry-shadow,10,STORY,STORY,0,0.7918173670768738,0
2,A_STORY_NULL,incumbent,11,STORY,STORY,0,0.0,0
2,A_STORY_NULL,capacity-shadow,11,STORY,STORY,0,,0
2,A_STORY_NULL,geometry-shadow,11,STORY,STORY,0,0.904714047908783,0
2,A_STORY_NULL,incumbent,12,STORY,STORY,0,0.0,0
2,A_STORY_NULL,capacity-shadow,12,STORY,STORY,1,,0
2,A_STORY_NULL,geometry-shadow,12,STORY,STORY,0,0.4262227416038513,0
2,A_STORY_NULL,incumbent,13,STORY,STORY,0,0.0,0
2,A_STORY_NULL,capacity-shadow,13,STORY,STORY,0,,0
2,A_STORY_NULL,geometry-shadow,13,STORY,STORY,0,0.2400139570236206,0
2,A_STORY_NULL,incumbent,14,STORY,STORY,0,0.0,0
2,A_STORY_NULL,capacity-shadow,14,STORY,STORY,1,,0
2,A_STORY_NULL,geometry-shadow,14,STORY,STORY,0,0.8043786287307739,0
2,A_STORY_NULL,incumbent,15,STORY,STORY,0,0.0,0
2,A_STORY_NULL,capacity-shadow,15,STORY,STORY,0,,0
2,A_STORY_NULL,geometry-shadow,15,STORY,STORY,0,0.7643423080444336,0
2,A_STORY_NULL,incumbent,16,STORY,STORY,0,0.0,0
2,A_STORY_NULL,capacity-shadow,16,STORY,STORY,1,,0
2,A_STORY_NULL,geometry-shadow,16,STORY,STORY,0,0.5540129542350769,0
2,A_STORY_NULL,incumbent,17,STORY,STORY,0,0.0,0
2,A_STORY_NULL,capacity-shadow,17,STORY,STORY,0,,0
2,A_STORY_NULL,geometry-shadow,17,STORY,STORY,0,0.5135682225227356,0
2,A_STORY_NULL,incumbent,18,STORY,STORY,0,0.0,0
2,A_STORY_NULL,capacity-shadow,18,STORY,STORY,1,,0
2,A_STORY_NULL,geometry-shadow,18,STORY,STORY,1,0.2174434661865234,0
2,A_STORY_NULL,incumbent,19,STORY,STORY,0,0.0,0
2,A_STORY_NULL,capacity-shadow,19,STORY,STORY,0,,0
2,A_STORY_NULL,geometry-shadow,19,STORY,STORY,0,0.0924111604690551,0
2,A_STORY_NULL,incumbent,20,STORY,STORY,0,0.0,0
2,A_STORY_NULL,capacity-shadow,20,STORY,STORY,1,,0
2,A_STORY_NULL,geometry-shadow,20,STORY,STORY,1,0.1273857355117797,0
2,A_STORY_NULL,incumbent,21,STORY,STORY,0,0.0,0
2,A_STORY_NULL,capacity-shadow,21,STORY,STORY,0,,0
2,A_STORY_NULL,geometry-shadow,21,STORY,STORY,1,0.5099102258682251,0
2,A_STORY_NULL,incumbent,22,STORY,STORY,0,0.0,0
2,A_STORY_NULL,capacity-shadow,22,STORY,STORY,1,,0
2,A_STORY_NULL,geometry-shadow,22,STORY,STORY,0,0.7138633728027344,0
2,A_STORY_NULL,incumbent,23,STORY,STORY,0,0.0,0
2,A_STORY_NULL,capacity-shadow,23,STORY,STORY,0,,0
2,A_STORY_NULL,geometry-shadow,23,STORY,STORY,0,0.5029565691947937,0
2,A_STORY_NULL,incumbent,24,STORY,STORY,0,0.0,0
2,A_STORY_NULL,capacity-shadow,24,STORY,STORY,1,,0
2,A_STORY_NULL,geometry-shadow,24,STORY,STORY,1,0.122998833656311,0
2,A_STORY_NULL,incumbent,25,STORY,STORY,0,0.0,0
2,A_STORY_NULL,capacity-shadow,25,STORY,STORY,0,,0
2,A_STORY_NULL,geometry-shadow,25,STORY,STORY,1,0.1781930327415466,0
2,A_STORY_NULL,incumbent,26,STORY,STORY,0,0.0,0
2,A_STORY_NULL,capacity-shadow,26,STORY,STORY,1,,0
2,A_STORY_NULL,geometry-shadow,26,STORY,STORY,1,0.0993934869766235,0
2,A_STORY_NULL,incumbent,27,STORY,STORY,0,0.0,0
2,A_STORY_NULL,capacity-shadow,27,STORY,STORY,0,,0
2,A_STORY_NULL,geometry-shadow,27,STORY,STORY,1,0.1887080669403076,0
2,A_STORY_NULL,incumbent,28,STORY,STORY,0,0.0,0
2,A_STORY_NULL,capacity-shadow,28,STORY,STORY,1,,0
2,A_STORY_NULL,geometry-shadow,28,STORY,STORY,0,0.176603078842163,0
2,A_STORY_NULL,incumbent,29,STORY,STORY,0,0.0,0
2,A_STORY_NULL,capacity-shadow,29,STORY,STORY,0,,0
2,A_STORY_NULL,geometry-shadow,29,STORY,STORY,0,0.0350271463394165,0
2,A_STORY_NULL,incumbent,30,STORY,STORY,0,0.0,0
2,A_STORY_NULL,capacity-shadow,30,STORY,STORY,1,,0
2,A_STORY_NULL,geometry-shadow,30,STORY,STORY,0,0.9417970180511476,0
2,A_STORY_NULL,incumbent,31,STORY,STORY,0,0.0,0
2,A_STORY_NULL,capacity-shadow,31,STORY,STORY,0,,0
2,A_STORY_NULL,geometry-shadow,31,STORY,STORY,1,0.4631303548812866,0
2,A_STORY_NULL,incumbent,32,STORY,STORY,0,0.0,0
2,A_STORY_NULL,capacity-shadow,32,STORY,STORY,1,,0
2,A_STORY_NULL,geometry-shadow,32,STORY,STORY,0,0.3338059186935425,0
2,A_STORY_NULL,incumbent,33,STORY,STORY,0,0.0,0
2,A_STORY_NULL,capacity-shadow,33,STORY,STORY,0,,0
2,A_STORY_NULL,geometry-shadow,33,STORY,STORY,0,0.2613600492477417,0
2,A_STORY_NULL,incumbent,34,STORY,STORY,0,0.0,0
2,A_STORY_NULL,capacity-shadow,34,STORY,STORY,1,,0
2,A_STORY_NULL,geometry-shadow,34,STORY,STORY,1,0.2540649175643921,0
2,A_STORY_NULL,incumbent,35,STORY,STORY,0,0.0,0
2,A_STORY_NULL,capacity-shadow,35,STORY,STORY,0,,0
2,A_STORY_NULL,geometry-shadow,35,STORY,STORY,0,0.3360852003097534,0
2,A_STORY_NULL,incumbent,36,STORY,STORY,0,0.0,0
2,A_STORY_NULL,capacity-shadow,36,STORY,STORY,1,,0
2,A_STORY_NULL,geometry-shadow,36,STORY,STORY,0,0.3297321200370788,0
2,A_STORY_NULL,incumbent,37,STORY,STORY,0,0.0,0
2,A_STORY_NULL,capacity-shadow,37,STORY,STORY,0,,0
2,A_STORY_NULL,geometry-shadow,37,STORY,STORY,0,0.6081797480583191,0
2,A_STORY_NULL,incumbent,38,STORY,STORY,0,0.0,0
2,A_STORY_NULL,capacity-shadow,38,STORY,STORY,1,,0
2,A_STORY_NULL,geometry-shadow,38,STORY,STORY,0,0.7032825946807861,0
2,A_STORY_NULL,incumbent,39,STORY,STORY,0,0.0,0
2,A_STORY_NULL,capacity-shadow,39,STORY,STORY,0,,0
2,A_STORY_NULL,geometry-shadow,39,STORY,STORY,0,0.8488956093788147,0
2,A_STORY_NULL,incumbent,40,STORY,STORY,0,0.0,0
2,A_STORY_NULL,capacity-shadow,40,STORY,STORY,1,,0
2,A_STORY_NULL,geometry-shadow,40,STORY,STORY,0,0.9272556900978088,0
2,A_STORY_NULL,incumbent,41,STORY,STORY,0,0.0,0
2,A_STORY_NULL,capacity-shadow,41,STORY,STORY,0,,0
2,A_STORY_NULL,geometry-shadow,41,STORY,STORY,0,0.1065227389335632,0
2,A_STORY_NULL,incumbent,42,STORY,STORY,0,0.0,0
2,A_STORY_NULL,capacity-shadow,42,STORY,STORY,1,,0
2,A_STORY_NULL,geometry-shadow,42,STORY,STORY,0,1.004855990409851,0
2,A_STORY_NULL,incumbent,43,STORY,STORY,0,0.0,0
2,A_STORY_NULL,capacity-shadow,43,STORY,STORY,0,,0
2,A_STORY_NULL,geometry-shadow,43,STORY,STORY,0,0.5251267552375793,0
2,A_STORY_NULL,incumbent,44,STORY,STORY,0,0.0,0
2,A_STORY_NULL,capacity-shadow,44,STORY,STORY,1,,0
2,A_STORY_NULL,geometry-shadow,44,STORY,STORY,0,1.0339207649230957,0
2,A_STORY_NULL,incumbent,45,STORY,STORY,0,0.0,0
2,A_STORY_NULL,capacity-shadow,45,STORY,STORY,0,,0
2,A_STORY_NULL,geometry-shadow,45,STORY,STORY,0,0.8579720258712769,0
2,A_STORY_NULL,incumbent,46,STORY,STORY,0,0.0,0
2,A_STORY_NULL,capacity-shadow,46,STORY,STORY,1,,0
2,A_STORY_NULL,geometry-shadow,46,STORY,STORY,0,0.5151300430297852,0
2,A_STORY_NULL,incumbent,47,STORY,STORY,0,0.0,0
2,A_STORY_NULL,capacity-shadow,47,STORY,STORY,0,,0
2,A_STORY_NULL,geometry-shadow,47,STORY,STORY,0,0.0132385492324829,0
2,A_STORY_NULL,incumbent,48,STORY,STORY,0,0.0,0
2,A_STORY_NULL,capacity-shadow,48,STORY,STORY,1,,0
2,A_STORY_NULL,geometry-shadow,48,STORY,STORY,1,0.4046027660369873,0
2,A_STORY_NULL,incumbent,49,STORY,STORY,0,0.0,0
2,A_STORY_NULL,capacity-shadow,49,STORY,STORY,0,,0
2,A_STORY_NULL,geometry-shadow,49,STORY,STORY,0,0.6468275189399719,0
2,A_STORY_NULL,incumbent,50,STORY,STORY,0,0.0,0
2,A_STORY_NULL,capacity-shadow,50,STORY,STORY,1,,0
2,A_STORY_NULL,geometry-shadow,50,STORY,STORY,0,0.0828274488449096,0
2,A_STORY_NULL,incumbent,51,STORY,STORY,0,0.0,0
2,A_STORY_NULL,capacity-shadow,51,STORY,STORY,0,,0
2,A_STORY_NULL,geometry-shadow,51,STORY,STORY,0,1.068619966506958,0
2,A_STORY_NULL,incumbent,52,STORY,STORY,0,0.0,0
2,A_STORY_NULL,capacity-shadow,52,STORY,STORY,1,,0
2,A_STORY_NULL,geometry-shadow,52,STORY,STORY,0,0.4932627081871032,0
2,A_STORY_NULL,incumbent,53,STORY,STORY,0,0.0,0
2,A_STORY_NULL,capacity-shadow,53,STORY,STORY,0,,0
2,A_STORY_NULL,geometry-shadow,53,STORY,STORY,0,0.9726606011390686,0
2,A_STORY_NULL,incumbent,54,STORY,STORY,0,0.0,0
2,A_STORY_NULL,capacity-shadow,54,STORY,STORY,1,,0
2,A_STORY_NULL,geometry-shadow,54,STORY,STORY,0,0.6267222762107849,0
2,A_STORY_NULL,incumbent,55,STORY,STORY,0,0.0,0
2,A_STORY_NULL,capacity-shadow,55,STORY,STORY,0,,0
2,A_STORY_NULL,geometry-shadow,55,STORY,STORY,1,0.2021374702453613,0
2,A_STORY_NULL,incumbent,56,STORY,STORY,0,0.0,0
2,A_STORY_NULL,capacity-shadow,56,STORY,STORY,1,,0
2,A_STORY_NULL,geometry-shadow,56,STORY,STORY,0,0.4213912487030029,0
2,A_STORY_NULL,incumbent,57,STORY,STORY,0,0.0,0
2,A_STORY_NULL,capacity-shadow,57,STORY,STORY,0,,0
2,A_STORY_NULL,geometry-shadow,57,STORY,STORY,0,0.3844829201698303,0
2,A_STORY_NULL,incumbent,58,STORY,STORY,0,0.0,0
2,A_STORY_NULL,capacity-shadow,58,STORY,STORY,1,,0
2,A_STORY_NULL,geometry-shadow,58,STORY,STORY,1,0.9283013343811036,0
2,A_STORY_NULL,incumbent,59,STORY,STORY,0,0.0,0
2,A_STORY_NULL,capacity-shadow,59,STORY,STORY,0,,0
2,A_STORY_NULL,geometry-shadow,59,STORY,STORY,0,0.8234436511993408,0
2,A_STORY_NULL,incumbent,60,STORY,STORY,0,0.0,0
2,A_STORY_NULL,capacity-shadow,60,STORY,STORY,1,,0
2,A_STORY_NULL,geometry-shadow,60,STORY,STORY,0,1.0003700256347656,0
2,A_STORY_NULL,incumbent,61,STORY,STORY,0,0.0,0
2,A_STORY_NULL,capacity-shadow,61,STORY,STORY,0,,0
2,A_STORY_NULL,geometry-shadow,61,STORY,STORY,0,0.2163830995559692,0
2,A_STORY_NULL,incumbent,62,STORY,STORY,0,0.0,0
2,A_STORY_NULL,capacity-shadow,62,STORY,STORY,1,,0
2,A_STORY_NULL,geometry-shadow,62,STORY,STORY,0,0.346149206161499,0
2,A_STORY_NULL,incumbent,63,STORY,STORY,0,0.0,0
2,A_STORY_NULL,capacity-shadow,63,STORY,STORY,0,,0
2,A_STORY_NULL,geometry-shadow,63,STORY,STORY,1,0.3530184030532837,0
2,A_STORY_NULL,incumbent,64,STORY,STORY,0,0.0,0
2,A_STORY_NULL,capacity-shadow,64,STORY,STORY,1,,0
2,A_STORY_NULL,geometry-shadow,64,STORY,STORY,1,0.5674148797988892,0
2,A_STORY_NULL,incumbent,65,STORY,STORY,0,0.0,0
2,A_STORY_NULL,capacity-shadow,65,STORY,STORY,0,,0
2,A_STORY_NULL,geometry-shadow,65,STORY,STORY,0,0.5433295965194702,0
2,A_STORY_NULL,incumbent,66,STORY,STORY,0,0.0,0
2,A_STORY_NULL,capacity-shadow,66,STORY,STORY,1,,0
2,A_STORY_NULL,geometry-shadow,66,STORY,STORY,0,0.4508122205734253,0
2,A_STORY_NULL,incumbent,67,STORY,STORY,0,0.0,0
2,A_STORY_NULL,capacity-shadow,67,STORY,STORY,0,,0
2,A_STORY_NULL,geometry-shadow,67,STORY,STORY,1,0.0151978731155395,0
2,A_STORY_NULL,incumbent,68,STORY,STORY,0,0.0,0
2,A_STORY_NULL,capacity-shadow,68,STORY,STORY,1,,0
2,A_STORY_NULL,geometry-shadow,68,STORY,STORY,1,0.1733136177062988,0
2,A_STORY_NULL,incumbent,69,STORY,STORY,0,0.0,0
2,A_STORY_NULL,capacity-shadow,69,STORY,STORY,0,,0
2,A_STORY_NULL,geometry-shadow,69,STORY,STORY,0,0.9519201517105104,0
2,A_STORY_NULL,incumbent,70,STORY,STORY,0,0.0,0
2,A_STORY_NULL,capacity-shadow,70,STORY,STORY,1,,0
2,A_STORY_NULL,geometry-shadow,70,STORY,STORY,0,0.1455409526824951,0
2,A_STORY_NULL,incumbent,71,STORY,STORY,0,0.0,0
2,A_STORY_NULL,capacity-shadow,71,STORY,STORY,0,,0
2,A_STORY_NULL,geometry-shadow,71,STORY,STORY,0,1.0315651893615725,0
2,A_STORY_NULL,incumbent,72,STORY,STORY,0,0.0,0
2,A_STORY_NULL,capacity-shadow,72,STORY,STORY,1,,0
2,A_STORY_NULL,geometry-shadow,72,STORY,STORY,0,0.0808935165405273,0
2,A_STORY_NULL,incumbent,73,STORY,STORY,0,0.0,0
2,A_STORY_NULL,capacity-shadow,73,STORY,STORY,0,,0
2,A_STORY_NULL,geometry-shadow,73,STORY,STORY,0,0.6534530520439148,0
2,A_STORY_NULL,incumbent,74,STORY,STORY,0,0.0,0
2,A_STORY_NULL,capacity-shadow,74,STORY,STORY,1,,0
2,A_STORY_NULL,geometry-shadow,74,STORY,STORY,0,0.2566826343536377,0
2,A_STORY_NULL,incumbent,75,STORY,STORY,0,0.0,0
2,A_STORY_NULL,capacity-shadow,75,STORY,STORY,0,,0
2,A_STORY_NULL,geometry-shadow,75,STORY,STORY,1,0.2032935619354248,0
2,A_STORY_NULL,incumbent,76,STORY,STORY,0,0.0,0
2,A_STORY_NULL,capacity-shadow,76,STORY,STORY,1,,0
2,A_STORY_NULL,geometry-shadow,76,STORY,STORY,0,0.8108310699462891,0
2,A_STORY_NULL,incumbent,77,STORY,STORY,0,0.0,0
2,A_STORY_NULL,capacity-shadow,77,STORY,STORY,0,,0
2,A_STORY_NULL,geometry-shadow,77,STORY,STORY,1,0.6024390459060669,0
2,A_STORY_NULL,incumbent,78,STORY,STORY,0,0.0,0
2,A_STORY_NULL,capacity-shadow,78,STORY,STORY,1,,0
2,A_STORY_NULL,geometry-shadow,78,STORY,STORY,1,0.5134553909301758,0
2,A_STORY_NULL,incumbent,79,STORY,STORY,0,0.0,0
2,A_STORY_NULL,capacity-shadow,79,STORY,STORY,0,,0
2,A_STORY_NULL,geometry-shadow,79,STORY,STORY,0,0.4876036643981933,0
2,A_STORY_NULL,incumbent,80,STORY,STORY,0,0.0,0
2,A_STORY_NULL,capacity-shadow,80,STORY,STORY,1,,0
2,A_STORY_NULL,geometry-shadow,80,STORY,STORY,0,0.0924979448318481,0
2,A_STORY_NULL,incumbent,81,STORY,STORY,0,0.0,0
2,A_STORY_NULL,capacity-shadow,81,STORY,STORY,0,,0
2,A_STORY_NULL,geometry-shadow,81,STORY,STORY,0,1.0048595666885376,0
2,A_STORY_NULL,incumbent,82,STORY,STORY,0,0.0,0
2,A_STORY_NULL,capacity-shadow,82,STORY,STORY,1,,0
2,A_STORY_NULL,geometry-shadow,82,STORY,STORY,0,0.1496754884719848,0
2,A_STORY_NULL,incumbent,83,STORY,STORY,0,0.0,0
2,A_STORY_NULL,capacity-shadow,83,STORY,STORY,0,,0
2,A_STORY_NULL,geometry-shadow,83,STORY,STORY,1,0.0005425214767456,0
2,A_STORY_NULL,incumbent,84,STORY,STORY,0,0.0,0
2,A_STORY_NULL,capacity-shadow,84,STORY,STORY,1,,0
2,A_STORY_NULL,geometry-shadow,84,STORY,STORY,0,0.1765189170837402,0
2,A_STORY_NULL,incumbent,85,STORY,STORY,0,0.0,0
2,A_STORY_NULL,capacity-shadow,85,STORY,STORY,0,,0
2,A_STORY_NULL,geometry-shadow,85,STORY,STORY,0,0.0199155807495117,0
2,A_STORY_NULL,incumbent,86,STORY,STORY,0,0.0,0
2,A_STORY_NULL,capacity-shadow,86,STORY,STORY,1,,0
2,A_STORY_NULL,geometry-shadow,86,STORY,STORY,1,0.74625164270401,0
2,A_STORY_NULL,incumbent,87,STORY,STORY,0,0.0,0
2,A_STORY_NULL,capacity-shadow,87,STORY,STORY,0,,0
2,A_STORY_NULL,geometry-shadow,87,STORY,STORY,0,0.2420800924301147,0
2,A_STORY_NULL,incumbent,88,STORY,STORY,0,0.0,0
2,A_STORY_NULL,capacity-shadow,88,STORY,STORY,1,,0
2,A_STORY_NULL,geometry-shadow,88,STORY,STORY,1,0.2289794087409973,0
2,A_STORY_NULL,incumbent,89,STORY,STORY,0,0.0,0
2,A_STORY_NULL,capacity-shadow,89,STORY,STORY,0,,0
2,A_STORY_NULL,geometry-shadow,89,STORY,STORY,0,0.0456543564796447,0
2,A_STORY_NULL,incumbent,90,STORY,STORY,0,0.0,0
2,A_STORY_NULL,capacity-shadow,90,STORY,STORY,1,,0
2,A_STORY_NULL,geometry-shadow,90,STORY,STORY,0,0.3573502898216247,0
2,A_STORY_NULL,incumbent,91,STORY,STORY,0,0.0,0
2,A_STORY_NULL,capacity-shadow,91,STORY,STORY,0,,0
2,A_STORY_NULL,geometry-shadow,91,STORY,STORY,1,0.0249757766723632,0
2,A_STORY_NULL,incumbent,92,STORY,STORY,0,0.0,0
2,A_STORY_NULL,capacity-shadow,92,STORY,STORY,1,,0
2,A_STORY_NULL,geometry-shadow,92,STORY,STORY,0,0.0077261924743652,0
2,A_STORY_NULL,incumbent,93,STORY,STORY,0,0.0,0
2,A_STORY_NULL,capacity-shadow,93,STORY,STORY,0,,0
2,A_STORY_NULL,geometry-shadow,93,STORY,STORY,0,0.8449490070343018,0
2,A_STORY_NULL,incumbent,94,STORY,STORY,0,0.0,0
2,A_STORY_NULL,capacity-shadow,94,STORY,STORY,1,,0
2,A_STORY_NULL,geometry-shadow,94,STORY,STORY,0,0.2897934913635254,0
2,A_STORY_NULL,incumbent,95,STORY,STORY,0,0.0,0
2,A_STORY_NULL,capacity-shadow,95,STORY,STORY,0,,0
2,A_STORY_NULL,geometry-shadow,95,STORY,STORY,0,0.1906553506851196,0
2,A_STORY_NULL,incumbent,96,STORY,STORY,0,0.0,0
2,A_STORY_NULL,capacity-shadow,96,STORY,STORY,1,,0
2,A_STORY_NULL,geometry-shadow,96,STORY,STORY,1,0.4502825736999511,0
2,A_STORY_NULL,incumbent,97,STORY,STORY,0,0.0,0
2,A_STORY_NULL,capacity-shadow,97,STORY,STORY,0,,0
2,A_STORY_NULL,geometry-shadow,97,STORY,STORY,1,0.5794225931167603,0
2,A_STORY_NULL,incumbent,98,STORY,STORY,0,0.0,0
2,A_STORY_NULL,capacity-shadow,98,STORY,STORY,1,,0
2,A_STORY_NULL,geometry-shadow,98,STORY,STORY,1,0.492123544216156,0
2,A_STORY_NULL,incumbent,99,STORY,STORY,0,0.0,0
2,A_STORY_NULL,capacity-shadow,99,STORY,STORY,0,,0
2,A_STORY_NULL,geometry-shadow,99,STORY,STORY,1,0.1316028833389282,0
2,A_STORY_NULL,incumbent,100,STORY,STORY,0,0.0,0
2,A_STORY_NULL,capacity-shadow,100,STORY,STORY,1,,0
2,A_STORY_NULL,geometry-shadow,100,STORY,STORY,1,0.7848350405693054,0
2,A_STORY_NULL,incumbent,101,STORY,STORY,0,0.0,0
2,A_STORY_NULL,capacity-shadow,101,STORY,STORY,0,,0
2,A_STORY_NULL,geometry-shadow,101,STORY,STORY,0,0.180876076221466,0
2,A_STORY_NULL,incumbent,102,STORY,STORY,0,0.0,0
2,A_STORY_NULL,capacity-shadow,102,STORY,STORY,1,,0
2,A_STORY_NULL,geometry-shadow,102,STORY,STORY,0,0.5269883871078491,0
2,A_STORY_NULL,incumbent,103,STORY,STORY,0,0.0,0
2,A_STORY_NULL,capacity-shadow,103,STORY,STORY,0,,0
2,A_STORY_NULL,geometry-shadow,103,STORY,STORY,0,0.2978507876396179,0
2,A_STORY_NULL,incumbent,104,STORY,STORY,0,0.0,0
2,A_STORY_NULL,capacity-shadow,104,STORY,STORY,1,,0
2,A_STORY_NULL,geometry-shadow,104,STORY,STORY,1,0.6339766979217529,0
2,A_STORY_NULL,incumbent,105,STORY,STORY,0,0.0,0
2,A_STORY_NULL,capacity-shadow,105,STORY,STORY,0,,0
2,A_STORY_NULL,geometry-shadow,105,STORY,STORY,0,0.0146135687828063,0
2,A_STORY_NULL,incumbent,106,STORY,STORY,0,0.0,0
2,A_STORY_NULL,capacity-shadow,106,STORY,STORY,1,,0
2,A_STORY_NULL,geometry-shadow,106,STORY,STORY,0,0.8328046798706055,0
2,A_STORY_NULL,incumbent,107,STORY,STORY,0,0.0,0
2,A_STORY_NULL,capacity-shadow,107,STORY,STORY,0,,0
2,A_STORY_NULL,geometry-shadow,107,STORY,STORY,1,0.1829780340194702,0
2,A_STORY_NULL,incumbent,108,STORY,STORY,0,0.0,0
2,A_STORY_NULL,capacity-shadow,108,STORY,STORY,1,,0
2,A_STORY_NULL,geometry-shadow,108,STORY,STORY,0,0.1798558831214904,0
2,A_STORY_NULL,incumbent,109,STORY,STORY,0,0.0,0
2,A_STORY_NULL,capacity-shadow,109,STORY,STORY,0,,0
2,A_STORY_NULL,geometry-shadow,109,STORY,STORY,0,0.5518049597740173,0
2,A_STORY_NULL,incumbent,110,STORY,STORY,0,0.0,0
2,A_STORY_NULL,capacity-shadow,110,STORY,STORY,1,,0
2,A_STORY_NULL,geometry-shadow,110,STORY,STORY,1,0.289397120475769,0
2,A_STORY_NULL,incumbent,111,STORY,STORY,0,0.0,0
2,A_STORY_NULL,capacity-shadow,111,STORY,STORY,0,,0
2,A_STORY_NULL,geometry-shadow,111,STORY,STORY,0,0.5031671524047852,0
2,A_STORY_NULL,incumbent,112,STORY,STORY,0,0.0,0
2,A_STORY_NULL,capacity-shadow,112,STORY,STORY,1,,0
2,A_STORY_NULL,geometry-shadow,112,STORY,STORY,0,0.6184801459312439,0
2,A_STORY_NULL,incumbent,113,STORY,STORY,0,0.0,0
2,A_STORY_NULL,capacity-shadow,113,STORY,STORY,0,,0
2,A_STORY_NULL,geometry-shadow,113,STORY,STORY,1,0.013211965560913,0
2,A_STORY_NULL,incumbent,114,STORY,STORY,0,0.0,0
2,A_STORY_NULL,capacity-shadow,114,STORY,STORY,1,,0
2,A_STORY_NULL,geometry-shadow,114,STORY,STORY,1,0.1842161417007446,0
2,A_STORY_NULL,incumbent,115,STORY,STORY,0,0.0,0
2,A_STORY_NULL,capacity-shadow,115,STORY,STORY,0,,0
2,A_STORY_NULL,geometry-shadow,115,STORY,STORY,0,0.1594665050506591,0
2,A_STORY_NULL,incumbent,116,STORY,STORY,0,0.0,0
2,A_STORY_NULL,capacity-shadow,116,STORY,STORY,1,,0
2,A_STORY_NULL,geometry-shadow,116,STORY,STORY,1,0.4087274074554443,0
2,A_STORY_NULL,incumbent,117,STORY,STORY,0,0.0,0
2,A_STORY_NULL,capacity-shadow,117,STORY,STORY,0,,0
2,A_STORY_NULL,geometry-shadow,117,STORY,STORY,0,0.4985759258270263,0
2,A_STORY_NULL,incumbent,118,STORY,STORY,0,0.0,0
2,A_STORY_NULL,capacity-shadow,118,STORY,STORY,1,,0
2,A_STORY_NULL,geometry-shadow,118,STORY,STORY,0,0.6165953874588013,0
2,A_STORY_NULL,incumbent,119,STORY,STORY,0,0.0,0
2,A_STORY_NULL,capacity-shadow,119,STORY,STORY,0,,0
2,A_STORY_NULL,geometry-shadow,119,STORY,STORY,0,0.7622255682945251,0
2,A_STORY_NULL,incumbent,120,STORY,STORY,0,0.0,0
2,A_STORY_NULL,capacity-shadow,120,STORY,STORY,1,,0
2,A_STORY_NULL,geometry-shadow,120,STORY,STORY,0,0.9309253096580504,0
2,A_STORY_NULL,incumbent,121,STORY,STORY,0,0.0,0
2,A_STORY_NULL,capacity-shadow,121,STORY,STORY,0,,0
2,A_STORY_NULL,geometry-shadow,121,STORY,STORY,1,0.537171483039856,0
2,A_STORY_NULL,incumbent,122,STORY,STORY,0,0.0,0
2,A_STORY_NULL,capacity-shadow,122,STORY,STORY,1,,0
2,A_STORY_NULL,geometry-shadow,122,STORY,STORY,1,0.3214668035507202,0
2,A_STORY_NULL,incumbent,123,STORY,STORY,0,0.0,0
2,A_STORY_NULL,capacity-shadow,123,STORY,STORY,0,,0
2,A_STORY_NULL,geometry-shadow,123,STORY,STORY,0,0.4295558929443359,0
2,A_STORY_NULL,incumbent,124,STORY,STORY,0,0.0,0
2,A_STORY_NULL,capacity-shadow,124,STORY,STORY,1,,0
2,A_STORY_NULL,geometry-shadow,124,STORY,STORY,1,0.2026790380477905,0
2,A_STORY_NULL,incumbent,125,STORY,STORY,0,0.0,0
2,A_STORY_NULL,capacity-shadow,125,STORY,STORY,0,,0
2,A_STORY_NULL,geometry-shadow,125,STORY,STORY,0,0.2840965986251831,0
2,A_STORY_NULL,incumbent,126,STORY,STORY,0,0.0,0
2,A_STORY_NULL,capacity-shadow,126,STORY,STORY,1,,0
2,A_STORY_NULL,geometry-shadow,126,STORY,STORY,0,0.827006995677948,0
2,A_STORY_NULL,incumbent,127,STORY,STORY,0,0.0,0
2,A_STORY_NULL,capacity-shadow,127,STORY,STORY,0,,0
2,A_STORY_NULL,geometry-shadow,127,STORY,STORY,0,0.041780948638916,0
2,A_STORY_NULL,incumbent,128,STORY,STORY,0,0.0,0
2,A_STORY_NULL,capacity-shadow,128,STORY,STORY,1,,0
2,A_STORY_NULL,geometry-shadow,128,STORY,STORY,1,0.0874456167221069,0
2,A_STORY_NULL,incumbent,129,STORY,STORY,0,0.0,0
2,A_STORY_NULL,capacity-shadow,129,STORY,STORY,0,,0
2,A_STORY_NULL,geometry-shadow,129,STORY,STORY,0,0.9900075197219848,0
2,A_STORY_NULL,incumbent,130,STORY,STORY,0,0.0,0
2,A_STORY_NULL,capacity-shadow,130,STORY,STORY,1,,0
2,A_STORY_NULL,geometry-shadow,130,STORY,STORY,0,0.6357930302619934,0
2,A_STORY_NULL,incumbent,131,STORY,STORY,0,0.0,0
2,A_STORY_NULL,capacity-shadow,131,STORY,STORY,0,,0
2,A_STORY_NULL,geometry-shadow,131,STORY,STORY,0,0.7450733780860901,0
2,A_STORY_NULL,incumbent,132,STORY,STORY,0,0.0,0
2,A_STORY_NULL,capacity-shadow,132,STORY,STORY,1,,0
2,A_STORY_NULL,geometry-shadow,132,STORY,STORY,0,0.109444260597229,0
2,A_STORY_NULL,incumbent,133,STORY,STORY,0,0.0,0
2,A_STORY_NULL,capacity-shadow,133,STORY,STORY,0,,0
2,A_STORY_NULL,geometry-shadow,133,STORY,STORY,1,0.6488565802574158,0
2,A_STORY_NULL,incumbent,134,STORY,STORY,0,0.0,0
2,A_STORY_NULL,capacity-shadow,134,STORY,STORY,1,,0
2,A_STORY_NULL,geometry-shadow,134,STORY,STORY,1,0.9495612382888794,0
2,A_STORY_NULL,incumbent,135,STORY,STORY,0,0.0,0
2,A_STORY_NULL,capacity-shadow,135,STORY,STORY,0,,0
2,A_STORY_NULL,geometry-shadow,135,STORY,STORY,0,0.3354344964027405,0
2,A_STORY_NULL,incumbent,136,STORY,STORY,0,0.0,0
2,A_STORY_NULL,capacity-shadow,136,STORY,STORY,1,,0
2,A_STORY_NULL,geometry-shadow,136,STORY,STORY,1,0.4224961996078491,0
2,A_STORY_NULL,incumbent,137,STORY,STORY,0,0.0,0
2,A_STORY_NULL,capacity-shadow,137,STORY,STORY,0,,0
2,A_STORY_NULL,geometry-shadow,137,STORY,STORY,0,0.9341588020324708,0
2,A_STORY_NULL,incumbent,138,STORY,STORY,0,0.0,0
2,A_STORY_NULL,capacity-shadow,138,STORY,STORY,1,,0
2,A_STORY_NULL,geometry-shadow,138,STORY,STORY,0,0.010573923587799,0
2,A_STORY_NULL,incumbent,139,STORY,STORY,0,0.0,0
2,A_STORY_NULL,capacity-shadow,139,STORY,STORY,0,,0
2,A_STORY_NULL,geometry-shadow,139,STORY,STORY,1,0.7056232690811157,0
2,A_STORY_NULL,incumbent,140,STORY,STORY,0,0.0,0
2,A_STORY_NULL,capacity-shadow,140,STORY,STORY,1,,0
2,A_STORY_NULL,geometry-shadow,140,STORY,STORY,0,0.1853644847869873,0
2,A_STORY_NULL,incumbent,141,STORY,STORY,0,0.0,0
2,A_STORY_NULL,capacity-shadow,141,STORY,STORY,0,,0
2,A_STORY_NULL,geometry-shadow,141,STORY,STORY,0,0.2646186351776123,0
2,A_STORY_NULL,incumbent,142,STORY,STORY,0,0.0,0
2,A_STORY_NULL,capacity-shadow,142,STORY,STORY,1,,0
2,A_STORY_NULL,geometry-shadow,142,STORY,STORY,0,0.267425537109375,0
2,A_STORY_NULL,incumbent,143,STORY,STORY,0,0.0,0
2,A_STORY_NULL,capacity-shadow,143,STORY,STORY,0,,0
2,A_STORY_NULL,geometry-shadow,143,STORY,STORY,1,0.4496555924415588,0
2,A_STORY_NULL,incumbent,144,STORY,STORY,0,0.0,0
2,A_STORY_NULL,capacity-shadow,144,STORY,STORY,1,,0
2,A_STORY_NULL,geometry-shadow,144,STORY,STORY,0,0.9190144538879396,0
2,A_STORY_NULL,incumbent,145,STORY,STORY,0,0.0,0
2,A_STORY_NULL,capacity-shadow,145,STORY,STORY,0,,0
2,A_STORY_NULL,geometry-shadow,145,STORY,STORY,0,0.4688634872436523,0
2,A_STORY_NULL,incumbent,146,STORY,STORY,0,0.0,0
2,A_STORY_NULL,capacity-shadow,146,STORY,STORY,1,,0
2,A_STORY_NULL,geometry-shadow,146,STORY,STORY,1,1.033069133758545,0
2,A_STORY_NULL,incumbent,147,STORY,STORY,0,0.0,0
2,A_STORY_NULL,capacity-shadow,147,STORY,STORY,0,,0
2,A_STORY_NULL,geometry-shadow,147,STORY,STORY,1,0.3423964977264404,0
2,A_STORY_NULL,incumbent,148,STORY,STORY,0,0.0,0
2,A_STORY_NULL,capacity-shadow,148,STORY,STORY,1,,0
2,A_STORY_NULL,geometry-shadow,148,STORY,STORY,0,0.6621156930923462,0
2,A_STORY_NULL,incumbent,149,STORY,STORY,0,0.0,0
2,A_STORY_NULL,capacity-shadow,149,STORY,STORY,0,,0
2,A_STORY_NULL,geometry-shadow,149,STORY,STORY,0,0.7457665205001831,0
2,A_STORY_NULL,incumbent,150,STORY,STORY,0,0.0,0
2,A_STORY_NULL,capacity-shadow,150,STORY,STORY,1,,0
2,A_STORY_NULL,geometry-shadow,150,STORY,STORY,0,0.3198453187942505,0
2,A_STORY_NULL,incumbent,151,STORY,STORY,0,0.0,0
2,A_STORY_NULL,capacity-shadow,151,STORY,STORY,0,,0
2,A_STORY_NULL,geometry-shadow,151,STORY,STORY,1,0.4696958661079407,0
2,A_STORY_NULL,incumbent,152,STORY,STORY,0,0.0,0
2,A_STORY_NULL,capacity-shadow,152,STORY,STORY,1,,0
2,A_STORY_NULL,geometry-shadow,152,STORY,STORY,0,0.2703905701637268,0
2,A_STORY_NULL,incumbent,153,STORY,STORY,0,0.0,0
2,A_STORY_NULL,capacity-shadow,153,STORY,STORY,0,,0
2,A_STORY_NULL,geometry-shadow,153,STORY,STORY,1,0.2499730587005615,0
2,A_STORY_NULL,incumbent,154,STORY,STORY,0,0.0,0
2,A_STORY_NULL,capacity-shadow,154,STORY,STORY,1,,0
2,A_STORY_NULL,geometry-shadow,154,STORY,STORY,1,0.7492899298667908,0
2,A_STORY_NULL,incumbent,155,STORY,STORY,0,0.0,0
2,A_STORY_NULL,capacity-shadow,155,STORY,STORY,0,,0
2,A_STORY_NULL,geometry-shadow,155,STORY,STORY,0,0.535290002822876,0
2,A_STORY_NULL,incumbent,156,STORY,STORY,0,0.0,0
2,A_STORY_NULL,capacity-shadow,156,STORY,STORY,1,,0
2,A_STORY_NULL,geometry-shadow,156,STORY,STORY,1,0.4935608506202698,0
2,A_STORY_NULL,incumbent,157,STORY,STORY,0,0.0,0
2,A_STORY_NULL,capacity-shadow,157,STORY,STORY,0,,0
2,A_STORY_NULL,geometry-shadow,157,STORY,STORY,0,0.8068130016326904,0
2,A_STORY_NULL,incumbent,158,STORY,STORY,0,0.0,0
2,A_STORY_NULL,capacity-shadow,158,STORY,STORY,1,,0
2,A_STORY_NULL,geometry-shadow,158,STORY,STORY,1,0.2679464817047119,0
2,A_STORY_NULL,incumbent,159,STORY,STORY,0,0.0,0
2,A_STORY_NULL,capacity-shadow,159,STORY,STORY,0,,0
2,A_STORY_NULL,geometry-shadow,159,STORY,STORY,0,0.7855251431465149,0
2,A_STORY_NULL,incumbent,160,STORY,STORY,0,0.0,0
2,A_STORY_NULL,capacity-shadow,160,STORY,STORY,1,,0
2,A_STORY_NULL,geometry-shadow,160,STORY,STORY,0,0.2799778580665588,0
2,A_STORY_NULL,incumbent,161,STORY,STORY,0,0.0,0
2,A_STORY_NULL,capacity-shadow,161,STORY,STORY,0,,0
2,A_STORY_NULL,geometry-shadow,161,STORY,STORY,1,0.9742227792739868,0
2,A_STORY_NULL,incumbent,162,STORY,STORY,0,0.0,0
2,A_STORY_NULL,capacity-shadow,162,STORY,STORY,1,,0
2,A_STORY_NULL,geometry-shadow,162,STORY,STORY,1,0.9087652564048768,0
2,A_STORY_NULL,incumbent,163,STORY,STORY,0,0.0,0
2,A_STORY_NULL,capacity-shadow,163,STORY,STORY,0,,0
2,A_STORY_NULL,geometry-shadow,163,STORY,STORY,0,0.9739246964454652,0
2,A_STORY_NULL,incumbent,164,STORY,STORY,0,0.0,0
2,A_STORY_NULL,capacity-shadow,164,STORY,STORY,1,,0
2,A_STORY_NULL,geometry-shadow,164,STORY,STORY,1,0.5897212028503418,0
2,A_STORY_NULL,incumbent,165,STORY,STORY,0,0.0,0
2,A_STORY_NULL,capacity-shadow,165,STORY,STORY,0,,0
2,A_STORY_NULL,geometry-shadow,165,STORY,STORY,1,0.5217063426971436,0
2,A_STORY_NULL,incumbent,166,STORY,STORY,0,0.0,0
2,A_STORY_NULL,capacity-shadow,166,STORY,STORY,1,,0
2,A_STORY_NULL,geometry-shadow,166,STORY,STORY,1,0.8134098052978516,0
2,A_STORY_NULL,incumbent,167,STORY,STORY,0,0.0,0
2,A_STORY_NULL,capacity-shadow,167,STORY,STORY,0,,0
2,A_STORY_NULL,geometry-shadow,167,STORY,STORY,0,0.1997489929199218,0
2,A_STORY_NULL,incumbent,168,STORY,STORY,0,0.0,0
2,A_STORY_NULL,capacity-shadow,168,STORY,STORY,1,,0
2,A_STORY_NULL,geometry-shadow,168,STORY,STORY,1,0.9059234857559204,0
2,A_STORY_NULL,incumbent,169,STORY,STORY,0,0.0,0
2,A_STORY_NULL,capacity-shadow,169,STORY,STORY,0,,0
2,A_STORY_NULL,geometry-shadow,169,STORY,STORY,0,0.3596787452697754,0
2,A_STORY_NULL,incumbent,170,STORY,STORY,0,0.0,0
2,A_STORY_NULL,capacity-shadow,170,STORY,STORY,1,,0
2,A_STORY_NULL,geometry-shadow,170,STORY,STORY,0,0.3744937181472778,0
2,A_STORY_NULL,incumbent,171,STORY,STORY,0,0.0,0
2,A_STORY_NULL,capacity-shadow,171,STORY,STORY,0,,0
2,A_STORY_NULL,geometry-shadow,171,STORY,STORY,0,0.8829703330993652,0
2,A_STORY_NULL,incumbent,172,STORY,STORY,0,0.0,0
2,A_STORY_NULL,capacity-shadow,172,STORY,STORY,1,,0
2,A_STORY_NULL,geometry-shadow,172,STORY,STORY,0,0.1446322202682495,0
2,A_STORY_NULL,incumbent,173,STORY,STORY,0,0.0,0
2,A_STORY_NULL,capacity-shadow,173,STORY,STORY,0,,0
2,A_STORY_NULL,geometry-shadow,173,STORY,STORY,0,0.8166255950927734,0
2,A_STORY_NULL,incumbent,174,STORY,STORY,0,0.0,0
2,A_STORY_NULL,capacity-shadow,174,STORY,STORY,1,,0
2,A_STORY_NULL,geometry-shadow,174,STORY,STORY,0,0.7326004505157471,0
2,A_STORY_NULL,incumbent,175,STORY,STORY,0,0.0,0
2,A_STORY_NULL,capacity-shadow,175,STORY,STORY,0,,0
2,A_STORY_NULL,geometry-shadow,175,STORY,STORY,1,0.2578868865966797,0
2,A_STORY_NULL,incumbent,176,STORY,STORY,0,0.0,0
2,A_STORY_NULL,capacity-shadow,176,STORY,STORY,1,,0
2,A_STORY_NULL,geometry-shadow,176,STORY,STORY,1,0.3958569765090942,0
2,A_STORY_NULL,incumbent,177,STORY,STORY,0,0.0,0
2,A_STORY_NULL,capacity-shadow,177,STORY,STORY,0,,0
2,A_STORY_NULL,geometry-shadow,177,STORY,STORY,0,0.8957004547119141,0
2,A_STORY_NULL,incumbent,178,STORY,STORY,0,0.0,0
2,A_STORY_NULL,capacity-shadow,178,STORY,STORY,1,,0
2,A_STORY_NULL,geometry-shadow,178,STORY,STORY,0,0.3731980323791504,0
2,A_STORY_NULL,incumbent,179,STORY,STORY,0,0.0,0
2,A_STORY_NULL,capacity-shadow,179,STORY,STORY,0,,0
2,A_STORY_NULL,geometry-shadow,179,STORY,STORY,0,0.4875313639640808,0
2,A_STORY_NULL,incumbent,180,STORY,STORY,0,0.0,0
2,A_STORY_NULL,capacity-shadow,180,STORY,STORY,1,,0
2,A_STORY_NULL,geometry-shadow,180,STORY,STORY,0,0.6929711699485779,0
2,A_STORY_NULL,incumbent,181,STORY,STORY,0,0.0,0
2,A_STORY_NULL,capacity-shadow,181,STORY,STORY,0,,0
2,A_STORY_NULL,geometry-shadow,181,STORY,STORY,0,0.6600055694580078,0
2,A_STORY_NULL,incumbent,182,STORY,STORY,0,0.0,0
2,A_STORY_NULL,capacity-shadow,182,STORY,STORY,1,,0
2,A_STORY_NULL,geometry-shadow,182,STORY,STORY,0,0.7808876633644104,0
2,A_STORY_NULL,incumbent,183,STORY,STORY,0,0.0,0
2,A_STORY_NULL,capacity-shadow,183,STORY,STORY,0,,0
2,A_STORY_NULL,geometry-shadow,183,STORY,STORY,0,0.3139275312423706,0
2,A_STORY_NULL,incumbent,184,STORY,STORY,0,0.0,0
2,A_STORY_NULL,capacity-shadow,184,STORY,STORY,1,,0
2,A_STORY_NULL,geometry-shadow,184,STORY,STORY,1,0.7974956035614014,0
2,A_STORY_NULL,incumbent,185,STORY,STORY,0,0.0,0
2,A_STORY_NULL,capacity-shadow,185,STORY,STORY,0,,0
2,A_STORY_NULL,geometry-shadow,185,STORY,STORY,0,0.7334311008453369,0
2,A_STORY_NULL,incumbent,186,STORY,STORY,0,0.0,0
2,A_STORY_NULL,capacity-shadow,186,STORY,STORY,1,,0
2,A_STORY_NULL,geometry-shadow,186,STORY,STORY,1,0.6765561103820801,0
2,A_STORY_NULL,incumbent,187,STORY,STORY,0,0.0,0
2,A_STORY_NULL,capacity-shadow,187,STORY,STORY,0,,0
2,A_STORY_NULL,geometry-shadow,187,STORY,STORY,0,0.4061290621757507,0
2,A_STORY_NULL,incumbent,188,STORY,STORY,0,0.0,0
2,A_STORY_NULL,capacity-shadow,188,STORY,STORY,1,,0
2,A_STORY_NULL,geometry-shadow,188,STORY,STORY,0,0.6772283315658569,0
2,A_STORY_NULL,incumbent,189,STORY,STORY,0,0.0,0
2,A_STORY_NULL,capacity-shadow,189,STORY,STORY,0,,0
2,A_STORY_NULL,geometry-shadow,189,STORY,STORY,1,0.4618064165115356,0
2,A_STORY_NULL,incumbent,190,STORY,STORY,0,0.0,0
2,A_STORY_NULL,capacity-shadow,190,STORY,STORY,1,,0
2,A_STORY_NULL,geometry-shadow,190,STORY,STORY,1,0.5042893886566162,0
2,A_STORY_NULL,incumbent,191,STORY,STORY,0,0.0,0
2,A_STORY_NULL,capacity-shadow,191,STORY,STORY,0,,0
2,A_STORY_NULL,geometry-shadow,191,STORY,STORY,0,0.7946797013282776,0
2,A_STORY_NULL,incumbent,192,STORY,STORY,0,0.0,0
2,A_STORY_NULL,capacity-shadow,192,STORY,STORY,1,,0
2,A_STORY_NULL,geometry-shadow,192,STORY,STORY,0,0.7006523609161377,0
2,A_STORY_NULL,incumbent,193,STORY,STORY,0,0.0,0
2,A_STORY_NULL,capacity-shadow,193,STORY,STORY,0,,0
2,A_STORY_NULL,geometry-shadow,193,STORY,STORY,1,0.7700515985488892,0
2,A_STORY_NULL,incumbent,194,STORY,STORY,0,0.0,0
2,A_STORY_NULL,capacity-shadow,194,STORY,STORY,1,,0
2,A_STORY_NULL,geometry-shadow,194,STORY,STORY,0,0.6449642181396484,0
2,A_STORY_NULL,incumbent,195,STORY,STORY,0,0.0,0
2,A_STORY_NULL,capacity-shadow,195,STORY,STORY,0,,0
2,A_STORY_NULL,geometry-shadow,195,STORY,STORY,0,0.0871661901473999,0
2,A_STORY_NULL,incumbent,196,STORY,STORY,0,0.0,0
2,A_STORY_NULL,capacity-shadow,196,STORY,STORY,1,,0
2,A_STORY_NULL,geometry-shadow,196,STORY,STORY,1,0.3570225238800049,0
2,A_STORY_NULL,incumbent,197,STORY,STORY,0,0.0,0
2,A_STORY_NULL,capacity-shadow,197,STORY,STORY,0,,0
2,A_STORY_NULL,geometry-shadow,197,STORY,STORY,0,0.8199423551559448,0
2,A_STORY_NULL,incumbent,198,STORY,STORY,0,0.0,0
2,A_STORY_NULL,capacity-shadow,198,STORY,STORY,1,,0
2,A_STORY_NULL,geometry-shadow,198,STORY,STORY,1,0.7118949890136719,0
2,A_STORY_NULL,incumbent,199,STORY,STORY,0,0.0,0
2,A_STORY_NULL,capacity-shadow,199,STORY,STORY,0,,0
2,A_STORY_NULL,geometry-shadow,199,STORY,STORY,0,0.2715674638748169,0
2,A_STORY_NULL,incumbent,200,STORY,STORY,0,0.0,0
2,A_STORY_NULL,capacity-shadow,200,STORY,STORY,1,,0
2,A_STORY_NULL,geometry-shadow,200,STORY,STORY,0,0.2102036476135254,0
2,A_STORY_NULL,incumbent,201,STORY,STORY,0,0.0,0
2,A_STORY_NULL,capacity-shadow,201,STORY,STORY,0,,0
2,A_STORY_NULL,geometry-shadow,201,STORY,STORY,0,0.895534098148346,0
2,A_STORY_NULL,incumbent,202,STORY,STORY,0,0.0,0
2,A_STORY_NULL,capacity-shadow,202,STORY,STORY,1,,0
2,A_STORY_NULL,geometry-shadow,202,STORY,STORY,1,0.1405488848686218,0
2,A_STORY_NULL,incumbent,203,STORY,STORY,0,0.0,0
2,A_STORY_NULL,capacity-shadow,203,STORY,STORY,0,,0
2,A_STORY_NULL,geometry-shadow,203,STORY,STORY,0,0.8314753174781799,0
2,A_STORY_NULL,incumbent,204,STORY,STORY,0,0.0,0
2,A_STORY_NULL,capacity-shadow,204,STORY,STORY,1,,0
2,A_STORY_NULL,geometry-shadow,204,STORY,STORY,1,0.6185908317565918,0
2,A_STORY_NULL,incumbent,205,STORY,STORY,0,0.0,0
2,A_STORY_NULL,capacity-shadow,205,STORY,STORY,0,,0
2,A_STORY_NULL,geometry-shadow,205,STORY,STORY,0,0.5551917552947998,0
2,A_STORY_NULL,incumbent,206,STORY,STORY,0,0.0,0
2,A_STORY_NULL,capacity-shadow,206,STORY,STORY,1,,0
2,A_STORY_NULL,geometry-shadow,206,STORY,STORY,0,0.2312716841697693,0
2,A_STORY_NULL,incumbent,207,STORY,STORY,0,0.0,0
2,A_STORY_NULL,capacity-shadow,207,STORY,STORY,0,,0
2,A_STORY_NULL,geometry-shadow,207,STORY,STORY,1,0.2654635906219482,0
2,A_STORY_NULL,incumbent,208,STORY,STORY,0,0.0,0
2,A_STORY_NULL,capacity-shadow,208,STORY,STORY,1,,0
2,A_STORY_NULL,geometry-shadow,208,STORY,STORY,1,0.4412091374397278,0
2,A_STORY_NULL,incumbent,209,STORY,STORY,0,0.0,0
2,A_STORY_NULL,capacity-shadow,209,STORY,STORY,0,,0
2,A_STORY_NULL,geometry-shadow,209,STORY,STORY,0,0.5581966638565063,0
2,A_STORY_NULL,incumbent,210,STORY,STORY,0,0.0,0
2,A_STORY_NULL,capacity-shadow,210,STORY,STORY,1,,0
2,A_STORY_NULL,geometry-shadow,210,STORY,STORY,0,0.3051531314849853,0
2,A_STORY_NULL,incumbent,211,STORY,STORY,0,0.0,0
2,A_STORY_NULL,capacity-shadow,211,STORY,STORY,0,,0
2,A_STORY_NULL,geometry-shadow,211,STORY,STORY,1,0.0479954481124877,0
2,A_STORY_NULL,incumbent,212,STORY,STORY,0,0.0,0
2,A_STORY_NULL,capacity-shadow,212,STORY,STORY,1,,0
2,A_STORY_NULL,geometry-shadow,212,STORY,STORY,1,0.6653765439987183,0
2,A_STORY_NULL,incumbent,213,STORY,STORY,0,0.0,0
2,A_STORY_NULL,capacity-shadow,213,STORY,STORY,0,,0
2,A_STORY_NULL,geometry-shadow,213,STORY,STORY,1,0.9862344264984132,0
2,A_STORY_NULL,incumbent,214,STORY,STORY,0,0.0,0
2,A_STORY_NULL,capacity-shadow,214,STORY,STORY,1,,0
2,A_STORY_NULL,geometry-shadow,214,STORY,STORY,1,0.5513051748275757,0
2,A_STORY_NULL,incumbent,215,STORY,STORY,0,0.0,0
2,A_STORY_NULL,capacity-shadow,215,STORY,STORY,0,,0
2,A_STORY_NULL,geometry-shadow,215,STORY,STORY,1,0.49808269739151,0
2,A_STORY_NULL,incumbent,216,STORY,STORY,0,0.0,0
2,A_STORY_NULL,capacity-shadow,216,STORY,STORY,1,,0
2,A_STORY_NULL,geometry-shadow,216,STORY,STORY,0,0.6360331773757935,0
2,A_STORY_NULL,incumbent,217,STORY,STORY,0,0.0,0
2,A_STORY_NULL,capacity-shadow,217,STORY,STORY,0,,0
2,A_STORY_NULL,geometry-shadow,217,STORY,STORY,0,0.6161257028579712,0
2,A_STORY_NULL,incumbent,218,STORY,STORY,0,0.0,0
2,A_STORY_NULL,capacity-shadow,218,STORY,STORY,1,,0
2,A_STORY_NULL,geometry-shadow,218,STORY,STORY,0,0.300889790058136,0
2,A_STORY_NULL,incumbent,219,STORY,STORY,0,0.0,0
2,A_STORY_NULL,capacity-shadow,219,STORY,STORY,0,,0
2,A_STORY_NULL,geometry-shadow,219,STORY,STORY,0,0.0963457822799682,0
2,A_STORY_NULL,incumbent,220,STORY,STORY,0,0.0,0
2,A_STORY_NULL,capacity-shadow,220,STORY,STORY,1,,0
2,A_STORY_NULL,geometry-shadow,220,STORY,STORY,0,0.274931788444519,0
2,A_STORY_NULL,incumbent,221,STORY,STORY,0,0.0,0
2,A_STORY_NULL,capacity-shadow,221,STORY,STORY,0,,0
2,A_STORY_NULL,geometry-shadow,221,STORY,STORY,1,0.9961052536964417,0
2,A_STORY_NULL,incumbent,222,STORY,STORY,0,0.0,0
2,A_STORY_NULL,capacity-shadow,222,STORY,STORY,1,,0
2,A_STORY_NULL,geometry-shadow,222,STORY,STORY,1,0.9077666997909546,0
2,A_STORY_NULL,incumbent,223,STORY,STORY,0,0.0,0
2,A_STORY_NULL,capacity-shadow,223,STORY,STORY,0,,0
2,A_STORY_NULL,geometry-shadow,223,STORY,STORY,0,0.0535719394683837,0
2,A_STORY_NULL,incumbent,224,STORY,STORY,0,0.0,0
2,A_STORY_NULL,capacity-shadow,224,STORY,STORY,1,,0
2,A_STORY_NULL,geometry-shadow,224,STORY,STORY,0,0.2479444146156311,0
2,A_STORY_NULL,incumbent,225,STORY,STORY,0,0.0,0
2,A_STORY_NULL,capacity-shadow,225,STORY,STORY,0,,0
2,A_STORY_NULL,geometry-shadow,225,STORY,STORY,1,0.1837592124938964,0
2,A_STORY_NULL,incumbent,226,STORY,STORY,0,0.0,0
2,A_STORY_NULL,capacity-shadow,226,STORY,STORY,1,,0
2,A_STORY_NULL,geometry-shadow,226,STORY,STORY,1,0.8360776901245117,0
2,A_STORY_NULL,incumbent,227,STORY,STORY,0,0.0,0
2,A_STORY_NULL,capacity-shadow,227,STORY,STORY,0,,0
2,A_STORY_NULL,geometry-shadow,227,STORY,STORY,1,0.0026586055755615,0
2,A_STORY_NULL,incumbent,228,STORY,STORY,0,0.0,0
2,A_STORY_NULL,capacity-shadow,228,STORY,STORY,1,,0
2,A_STORY_NULL,geometry-shadow,228,STORY,STORY,0,0.3658071756362915,0
2,A_STORY_NULL,incumbent,229,STORY,STORY,0,0.0,0
2,A_STORY_NULL,capacity-shadow,229,STORY,STORY,0,,0
2,A_STORY_NULL,geometry-shadow,229,STORY,STORY,0,0.8865241408348083,0
2,A_STORY_NULL,incumbent,230,STORY,STORY,0,0.0,0
2,A_STORY_NULL,capacity-shadow,230,STORY,STORY,1,,0
2,A_STORY_NULL,geometry-shadow,230,STORY,STORY,0,0.4646000862121582,0
2,A_STORY_NULL,incumbent,231,STORY,STORY,0,0.0,0
2,A_STORY_NULL,capacity-shadow,231,STORY,STORY,0,,0
2,A_STORY_NULL,geometry-shadow,231,STORY,STORY,1,0.749048113822937,0
2,A_STORY_NULL,incumbent,232,STORY,STORY,0,0.0,0
2,A_STORY_NULL,capacity-shadow,232,STORY,STORY,1,,0
2,A_STORY_NULL,geometry-shadow,232,STORY,STORY,0,0.7481401562690735,0
2,A_STORY_NULL,incumbent,233,STORY,STORY,0,0.0,0
2,A_STORY_NULL,capacity-shadow,233,STORY,STORY,0,,0
2,A_STORY_NULL,geometry-shadow,233,STORY,STORY,0,1.0118900537490845,0
2,A_STORY_NULL,incumbent,234,STORY,STORY,0,0.0,0
2,A_STORY_NULL,capacity-shadow,234,STORY,STORY,1,,0
2,A_STORY_NULL,geometry-shadow,234,STORY,STORY,0,0.3097019791603088,0
2,A_STORY_NULL,incumbent,235,STORY,STORY,0,0.0,0
2,A_STORY_NULL,capacity-shadow,235,STORY,STORY,0,,0
2,A_STORY_NULL,geometry-shadow,235,STORY,STORY,0,0.4610776305198669,0
2,A_STORY_NULL,incumbent,236,STORY,STORY,0,0.0,0
2,A_STORY_NULL,capacity-shadow,236,STORY,STORY,1,,0
2,A_STORY_NULL,geometry-shadow,236,STORY,STORY,0,0.627232015132904,0
2,A_STORY_NULL,incumbent,237,STORY,STORY,0,0.0,0
2,A_STORY_NULL,capacity-shadow,237,STORY,STORY,0,,0
2,A_STORY_NULL,geometry-shadow,237,STORY,STORY,1,0.2554916739463806,0
2,A_STORY_NULL,incumbent,238,STORY,STORY,0,0.0,0
2,A_STORY_NULL,capacity-shadow,238,STORY,STORY,1,,0
2,A_STORY_NULL,geometry-shadow,238,STORY,STORY,0,0.2569993734359741,0
2,A_STORY_NULL,incumbent,239,STORY,STORY,0,0.0,0
2,A_STORY_NULL,capacity-shadow,239,STORY,STORY,0,,0
2,A_STORY_NULL,geometry-shadow,239,STORY,STORY,1,0.158587098121643,0
2,A_STORY_NULL,incumbent,240,STORY,STORY,0,0.0,0
2,A_STORY_NULL,capacity-shadow,240,STORY,STORY,1,,0
2,A_STORY_NULL,geometry-shadow,240,STORY,STORY,0,0.7687618136405945,0
2,A_STORY_NULL,incumbent,241,STORY,STORY,0,0.0,0
2,A_STORY_NULL,capacity-shadow,241,STORY,STORY,0,,0
2,A_STORY_NULL,geometry-shadow,241,STORY,STORY,0,0.7659838795661926,0
2,A_STORY_NULL,incumbent,242,STORY,STORY,0,0.0,0
2,A_STORY_NULL,capacity-shadow,242,STORY,STORY,1,,0
2,A_STORY_NULL,geometry-shadow,242,STORY,STORY,0,0.8625918626785278,0
2,A_STORY_NULL,incumbent,243,STORY,STORY,0,0.0,0
2,A_STORY_NULL,capacity-shadow,243,STORY,STORY,0,,0
2,A_STORY_NULL,geometry-shadow,243,STORY,STORY,0,0.8478804230690002,0
2,A_STORY_NULL,incumbent,244,STORY,STORY,0,0.0,0
2,A_STORY_NULL,capacity-shadow,244,STORY,STORY,1,,0
2,A_STORY_NULL,geometry-shadow,244,STORY,STORY,1,0.3400598764419555,0
2,A_STORY_NULL,incumbent,245,STORY,STORY,0,0.0,0
2,A_STORY_NULL,capacity-shadow,245,STORY,STORY,0,,0
2,A_STORY_NULL,geometry-shadow,245,STORY,STORY,0,0.5133826732635498,0
2,A_STORY_NULL,incumbent,246,STORY,STORY,0,0.0,0
2,A_STORY_NULL,capacity-shadow,246,STORY,STORY,1,,0
2,A_STORY_NULL,geometry-shadow,246,STORY,STORY,0,0.8213337659835815,0
2,A_STORY_NULL,incumbent,247,STORY,STORY,0,0.0,0
2,A_STORY_NULL,capacity-shadow,247,STORY,STORY,0,,0
2,A_STORY_NULL,geometry-shadow,247,STORY,STORY,0,0.7233937978744507,0
2,A_STORY_NULL,incumbent,248,STORY,STORY,0,0.0,0
2,A_STORY_NULL,capacity-shadow,248,STORY,STORY,1,,0
2,A_STORY_NULL,geometry-shadow,248,STORY,STORY,1,0.8063114285469055,0
2,A_STORY_NULL,incumbent,249,STORY,STORY,0,0.0,0
2,A_STORY_NULL,capacity-shadow,249,STORY,STORY,0,,0
2,A_STORY_NULL,geometry-shadow,249,STORY,STORY,1,0.7020725607872009,0
2,A_STORY_NULL,incumbent,250,STORY,STORY,0,0.0,0
2,A_STORY_NULL,capacity-shadow,250,STORY,STORY,1,,0
2,A_STORY_NULL,geometry-shadow,250,STORY,STORY,0,0.1240392923355102,0
2,A_STORY_NULL,incumbent,251,STORY,STORY,0,0.0,0
2,A_STORY_NULL,capacity-shadow,251,STORY,STORY,0,,0
2,A_STORY_NULL,geometry-shadow,251,STORY,STORY,0,1.0011811256408691,0
2,A_STORY_NULL,incumbent,252,STORY,STORY,0,0.0,0
2,A_STORY_NULL,capacity-shadow,252,STORY,STORY,1,,0
2,A_STORY_NULL,geometry-shadow,252,STORY,STORY,1,0.3993412256240845,0
2,A_STORY_NULL,incumbent,253,STORY,STORY,0,0.0,0
2,A_STORY_NULL,capacity-shadow,253,STORY,STORY,0,,0
2,A_STORY_NULL,geometry-shadow,253,STORY,STORY,0,0.9779627919197084,0
2,A_STORY_NULL,incumbent,254,STORY,STORY,0,0.0,0
2,A_STORY_NULL,capacity-shadow,254,STORY,STORY,1,,0
2,A_STORY_NULL,geometry-shadow,254,STORY,STORY,0,0.6029325723648071,0
2,A_STORY_NULL,incumbent,255,STORY,STORY,0,0.0,0
2,A_STORY_NULL,capacity-shadow,255,STORY,STORY,0,,0
2,A_STORY_NULL,geometry-shadow,255,STORY,STORY,0,0.8252472877502441,0
2,A_STORY_NULL,incumbent,256,STORY,STORY,0,0.0,0
2,A_STORY_NULL,capacity-shadow,256,STORY,STORY,1,,0
2,A_STORY_NULL,geometry-shadow,256,STORY,STORY,0,0.6508417129516602,0
2,B_ARITHMETIC_BIRTH,incumbent,1,STORY,STORY,0,0.0,0
2,B_ARITHMETIC_BIRTH,capacity-shadow,1,STORY,STORY,0,,0
2,B_ARITHMETIC_BIRTH,geometry-shadow,1,STORY,STORY,0,0.466912031173706,0
2,B_ARITHMETIC_BIRTH,incumbent,2,ARITH_A,ARITHMETIC,0,0.0,0
2,B_ARITHMETIC_BIRTH,capacity-shadow,2,ARITH_A,ARITHMETIC,0,,0
2,B_ARITHMETIC_BIRTH,geometry-shadow,2,ARITH_A,ARITHMETIC,0,1.684043288230896,0
2,B_ARITHMETIC_BIRTH,incumbent,3,ARITH_A,ARITHMETIC,0,0.0,0
2,B_ARITHMETIC_BIRTH,capacity-shadow,3,ARITH_A,ARITHMETIC,1,,0
2,B_ARITHMETIC_BIRTH,geometry-shadow,3,ARITH_A,ARITHMETIC,0,1.6924784183502195,0
2,B_ARITHMETIC_BIRTH,incumbent,4,STORY,STORY,0,0.0,0
2,B_ARITHMETIC_BIRTH,capacity-shadow,4,STORY,STORY,1,,0
2,B_ARITHMETIC_BIRTH,geometry-shadow,4,STORY,STORY,1,1.8443020582199097,0
2,B_ARITHMETIC_BIRTH,incumbent,5,STORY,STORY,0,0.0,0
2,B_ARITHMETIC_BIRTH,capacity-shadow,5,STORY,STORY,0,,0
2,B_ARITHMETIC_BIRTH,geometry-shadow,5,STORY,STORY,1,1.5837140083312988,0
2,B_ARITHMETIC_BIRTH,incumbent,6,STORY,STORY,0,0.0,0
2,B_ARITHMETIC_BIRTH,capacity-shadow,6,STORY,STORY,1,,0
2,B_ARITHMETIC_BIRTH,geometry-shadow,6,STORY,STORY,1,1.9580307006835935,0
2,B_ARITHMETIC_BIRTH,incumbent,7,ARITH_A,ARITHMETIC,0,0.0,0
2,B_ARITHMETIC_BIRTH,capacity-shadow,7,ARITH_A,ARITHMETIC,0,,0
2,B_ARITHMETIC_BIRTH,geometry-shadow,7,ARITH_A,ARITHMETIC,0,1.697199821472168,0
2,B_ARITHMETIC_BIRTH,incumbent,8,STORY,STORY,0,0.0,0
2,B_ARITHMETIC_BIRTH,capacity-shadow,8,STORY,STORY,0,,0
2,B_ARITHMETIC_BIRTH,geometry-shadow,8,STORY,STORY,1,0.5734946727752686,0
2,B_ARITHMETIC_BIRTH,incumbent,9,STORY,STORY,0,0.0,0
2,B_ARITHMETIC_BIRTH,capacity-shadow,9,STORY,STORY,1,,0
2,B_ARITHMETIC_BIRTH,geometry-shadow,9,STORY,STORY,0,0.8602079153060913,0
2,B_ARITHMETIC_BIRTH,incumbent,10,ARITH_A,ARITHMETIC,0,0.0,0
2,B_ARITHMETIC_BIRTH,capacity-shadow,10,ARITH_A,ARITHMETIC,1,,0
2,B_ARITHMETIC_BIRTH,geometry-shadow,10,ARITH_A,ARITHMETIC,0,1.704548716545105,0
2,B_ARITHMETIC_BIRTH,incumbent,11,STORY,STORY,0,0.0,0
2,B_ARITHMETIC_BIRTH,capacity-shadow,11,STORY,STORY,0,,0
2,B_ARITHMETIC_BIRTH,geometry-shadow,11,STORY,STORY,1,0.2511202096939087,0
2,B_ARITHMETIC_BIRTH,incumbent,12,ARITH_A,ARITHMETIC,0,0.0,0
2,B_ARITHMETIC_BIRTH,capacity-shadow,12,ARITH_A,ARITHMETIC,0,,0
2,B_ARITHMETIC_BIRTH,geometry-shadow,12,ARITH_A,ARITHMETIC,0,1.6933337450027466,0
2,B_ARITHMETIC_BIRTH,incumbent,13,STORY,STORY,0,0.0,0
2,B_ARITHMETIC_BIRTH,capacity-shadow,13,STORY,STORY,1,,0
2,B_ARITHMETIC_BIRTH,geometry-shadow,13,STORY,STORY,0,0.0615661144256591,0
2,B_ARITHMETIC_BIRTH,incumbent,14,ARITH_A,ARITHMETIC,0,0.0,0
2,B_ARITHMETIC_BIRTH,capacity-shadow,14,ARITH_A,ARITHMETIC,1,,0
2,B_ARITHMETIC_BIRTH,geometry-shadow,14,ARITH_A,ARITHMETIC,0,1.6980607509613037,0
2,B_ARITHMETIC_BIRTH,incumbent,15,STORY,STORY,0,0.0,0
2,B_ARITHMETIC_BIRTH,capacity-shadow,15,STORY,STORY,0,,0
2,B_ARITHMETIC_BIRTH,geometry-shadow,15,STORY,STORY,1,0.2076420783996582,0
2,B_ARITHMETIC_BIRTH,incumbent,16,ARITH_A,ARITHMETIC,0,0.0,0
2,B_ARITHMETIC_BIRTH,capacity-shadow,16,ARITH_A,ARITHMETIC,0,,0
2,B_ARITHMETIC_BIRTH,geometry-shadow,16,ARITH_A,ARITHMETIC,0,1.7041633129119873,0
2,B_ARITHMETIC_BIRTH,incumbent,17,ARITH_A,ARITHMETIC,0,0.0,0
2,B_ARITHMETIC_BIRTH,capacity-shadow,17,ARITH_A,ARITHMETIC,1,,0
2,B_ARITHMETIC_BIRTH,geometry-shadow,17,ARITH_A,ARITHMETIC,0,1.6797195672988892,0
2,B_ARITHMETIC_BIRTH,incumbent,18,ARITH_A,ARITHMETIC,0,0.0,0
2,B_ARITHMETIC_BIRTH,capacity-shadow,18,ARITH_A,ARITHMETIC,0,,0
2,B_ARITHMETIC_BIRTH,geometry-shadow,18,ARITH_A,ARITHMETIC,0,1.6768203973770142,0
2,B_ARITHMETIC_BIRTH,incumbent,19,STORY,STORY,0,0.0,0
2,B_ARITHMETIC_BIRTH,capacity-shadow,19,STORY,STORY,1,,0
2,B_ARITHMETIC_BIRTH,geometry-shadow,19,STORY,STORY,1,0.5037210583686829,0
2,B_ARITHMETIC_BIRTH,incumbent,20,ARITH_A,ARITHMETIC,0,0.0,0
2,B_ARITHMETIC_BIRTH,capacity-shadow,20,ARITH_A,ARITHMETIC,1,,0
2,B_ARITHMETIC_BIRTH,geometry-shadow,20,ARITH_A,ARITHMETIC,0,1.670240044593811,0
2,B_ARITHMETIC_BIRTH,incumbent,21,ARITH_A,ARITHMETIC,0,0.0,0
2,B_ARITHMETIC_BIRTH,capacity-shadow,21,ARITH_A,ARITHMETIC,0,,0
2,B_ARITHMETIC_BIRTH,geometry-shadow,21,ARITH_A,ARITHMETIC,0,1.6975406408309937,0
2,B_ARITHMETIC_BIRTH,incumbent,22,STORY,STORY,0,0.0,0
2,B_ARITHMETIC_BIRTH,capacity-shadow,22,STORY,STORY,0,,0
2,B_ARITHMETIC_BIRTH,geometry-shadow,22,STORY,STORY,1,1.0911846160888672,0
2,B_ARITHMETIC_BIRTH,incumbent,23,ARITH_A,ARITHMETIC,0,0.0,0
2,B_ARITHMETIC_BIRTH,capacity-shadow,23,ARITH_A,ARITHMETIC,1,,0
2,B_ARITHMETIC_BIRTH,geometry-shadow,23,ARITH_A,ARITHMETIC,0,1.6984052658081057,0
2,B_ARITHMETIC_BIRTH,incumbent,24,ARITH_A,ARITHMETIC,0,0.0,0
2,B_ARITHMETIC_BIRTH,capacity-shadow,24,ARITH_A,ARITHMETIC,0,,0
2,B_ARITHMETIC_BIRTH,geometry-shadow,24,ARITH_A,ARITHMETIC,0,1.6850651502609253,0
2,B_ARITHMETIC_BIRTH,incumbent,25,STORY,STORY,0,0.0,0
2,B_ARITHMETIC_BIRTH,capacity-shadow,25,STORY,STORY,1,,0
2,B_ARITHMETIC_BIRTH,geometry-shadow,25,STORY,STORY,1,2.0519227981567383,0
2,B_ARITHMETIC_BIRTH,incumbent,26,STORY,STORY,0,0.0,0
2,B_ARITHMETIC_BIRTH,capacity-shadow,26,STORY,STORY,0,,0
2,B_ARITHMETIC_BIRTH,geometry-shadow,26,STORY,STORY,1,0.2541850805282593,0
2,B_ARITHMETIC_BIRTH,incumbent,27,ARITH_A,ARITHMETIC,0,0.0,0
2,B_ARITHMETIC_BIRTH,capacity-shadow,27,ARITH_A,ARITHMETIC,1,,0
2,B_ARITHMETIC_BIRTH,geometry-shadow,27,ARITH_A,ARITHMETIC,0,1.7067917585372925,0
2,B_ARITHMETIC_BIRTH,incumbent,28,ARITH_A,ARITHMETIC,0,0.0,0
2,B_ARITHMETIC_BIRTH,capacity-shadow,28,ARITH_A,ARITHMETIC,0,,0
2,B_ARITHMETIC_BIRTH,geometry-shadow,28,ARITH_A,ARITHMETIC,0,1.6762460470199585,0
2,B_ARITHMETIC_BIRTH,incumbent,29,STORY,STORY,0,0.0,0
2,B_ARITHMETIC_BIRTH,capacity-shadow,29,STORY,STORY,1,,0
2,B_ARITHMETIC_BIRTH,geometry-shadow,29,STORY,STORY,1,0.6534597873687744,0
2,B_ARITHMETIC_BIRTH,incumbent,30,STORY,STORY,0,0.0,0
2,B_ARITHMETIC_BIRTH,capacity-shadow,30,STORY,STORY,0,,0
2,B_ARITHMETIC_BIRTH,geometry-shadow,30,STORY,STORY,1,1.1772446632385254,0
2,B_ARITHMETIC_BIRTH,incumbent,31,STORY,STORY,0,0.0,0
2,B_ARITHMETIC_BIRTH,capacity-shadow,31,STORY,STORY,1,,0
2,B_ARITHMETIC_BIRTH,geometry-shadow,31,STORY,STORY,1,0.4853061437606811,0
2,B_ARITHMETIC_BIRTH,incumbent,32,ARITH_A,ARITHMETIC,0,0.0,0
2,B_ARITHMETIC_BIRTH,capacity-shadow,32,ARITH_A,ARITHMETIC,1,,0
2,B_ARITHMETIC_BIRTH,geometry-shadow,32,ARITH_A,ARITHMETIC,0,1.6926374435424805,0
2,B_ARITHMETIC_BIRTH,incumbent,33,ARITH_A,ARITHMETIC,0,0.0,0
2,B_ARITHMETIC_BIRTH,capacity-shadow,33,ARITH_A,ARITHMETIC,0,,0
2,B_ARITHMETIC_BIRTH,geometry-shadow,33,ARITH_A,ARITHMETIC,0,1.6909101009368896,0
2,B_ARITHMETIC_BIRTH,incumbent,34,STORY,STORY,0,0.0,0
2,B_ARITHMETIC_BIRTH,capacity-shadow,34,STORY,STORY,0,,0
2,B_ARITHMETIC_BIRTH,geometry-shadow,34,STORY,STORY,0,0.3461748361587524,0
2,B_ARITHMETIC_BIRTH,incumbent,35,STORY,STORY,0,0.0,0
2,B_ARITHMETIC_BIRTH,capacity-shadow,35,STORY,STORY,1,,0
2,B_ARITHMETIC_BIRTH,geometry-shadow,35,STORY,STORY,0,0.1416199207305908,0
2,B_ARITHMETIC_BIRTH,incumbent,36,STORY,STORY,0,0.0,0
2,B_ARITHMETIC_BIRTH,capacity-shadow,36,STORY,STORY,0,,0
2,B_ARITHMETIC_BIRTH,geometry-shadow,36,STORY,STORY,0,0.4400779008865356,0
2,B_ARITHMETIC_BIRTH,incumbent,37,STORY,STORY,0,0.0,0
2,B_ARITHMETIC_BIRTH,capacity-shadow,37,STORY,STORY,1,,0
2,B_ARITHMETIC_BIRTH,geometry-shadow,37,STORY,STORY,0,0.8604050278663635,0
2,B_ARITHMETIC_BIRTH,incumbent,38,ARITH_A,ARITHMETIC,0,0.0,0
2,B_ARITHMETIC_BIRTH,capacity-shadow,38,ARITH_A,ARITHMETIC,1,,0
2,B_ARITHMETIC_BIRTH,geometry-shadow,38,ARITH_A,ARITHMETIC,0,1.6916074752807615,0
2,B_ARITHMETIC_BIRTH,incumbent,39,ARITH_A,ARITHMETIC,0,0.0,0
2,B_ARITHMETIC_BIRTH,capacity-shadow,39,ARITH_A,ARITHMETIC,0,,0
2,B_ARITHMETIC_BIRTH,geometry-shadow,39,ARITH_A,ARITHMETIC,0,1.6906530857086182,0
2,B_ARITHMETIC_BIRTH,incumbent,40,ARITH_A,ARITHMETIC,0,0.0,0
2,B_ARITHMETIC_BIRTH,capacity-shadow,40,ARITH_A,ARITHMETIC,1,,0
2,B_ARITHMETIC_BIRTH,geometry-shadow,40,ARITH_A,ARITHMETIC,0,1.7039196491241455,0
2,B_ARITHMETIC_BIRTH,incumbent,41,STORY,STORY,0,0.0,0
2,B_ARITHMETIC_BIRTH,capacity-shadow,41,STORY,STORY,0,,0
2,B_ARITHMETIC_BIRTH,geometry-shadow,41,STORY,STORY,1,1.2018122673034668,0
2,B_ARITHMETIC_BIRTH,incumbent,42,STORY,STORY,0,0.0,0
2,B_ARITHMETIC_BIRTH,capacity-shadow,42,STORY,STORY,1,,0
2,B_ARITHMETIC_BIRTH,geometry-shadow,42,STORY,STORY,1,1.2126150131225586,0
2,B_ARITHMETIC_BIRTH,incumbent,43,STORY,STORY,0,0.0,0
2,B_ARITHMETIC_BIRTH,capacity-shadow,43,STORY,STORY,0,,0
2,B_ARITHMETIC_BIRTH,geometry-shadow,43,STORY,STORY,1,1.1728986501693726,0
2,B_ARITHMETIC_BIRTH,incumbent,44,ARITH_A,ARITHMETIC,0,0.0,0
2,B_ARITHMETIC_BIRTH,capacity-shadow,44,ARITH_A,ARITHMETIC,0,,0
2,B_ARITHMETIC_BIRTH,geometry-shadow,44,ARITH_A,ARITHMETIC,0,1.700534462928772,0
2,B_ARITHMETIC_BIRTH,incumbent,45,STORY,STORY,0,0.0,0
2,B_ARITHMETIC_BIRTH,capacity-shadow,45,STORY,STORY,1,,0
2,B_ARITHMETIC_BIRTH,geometry-shadow,45,STORY,STORY,0,0.0989240407943725,0
2,B_ARITHMETIC_BIRTH,incumbent,46,ARITH_A,ARITHMETIC,0,0.0,0
2,B_ARITHMETIC_BIRTH,capacity-shadow,46,ARITH_A,ARITHMETIC,1,,0
2,B_ARITHMETIC_BIRTH,geometry-shadow,46,ARITH_A,ARITHMETIC,0,1.6946556568145752,0
2,B_ARITHMETIC_BIRTH,incumbent,47,ARITH_A,ARITHMETIC,0,0.0,0
2,B_ARITHMETIC_BIRTH,capacity-shadow,47,ARITH_A,ARITHMETIC,0,,0
2,B_ARITHMETIC_BIRTH,geometry-shadow,47,ARITH_A,ARITHMETIC,0,1.6849594116210938,0
2,B_ARITHMETIC_BIRTH,incumbent,48,STORY,STORY,0,0.0,0
2,B_ARITHMETIC_BIRTH,capacity-shadow,48,STORY,STORY,0,,0
2,B_ARITHMETIC_BIRTH,geometry-shadow,48,STORY,STORY,0,0.2946425676345825,0
2,B_ARITHMETIC_BIRTH,incumbent,49,STORY,STORY,0,0.0,0
2,B_ARITHMETIC_BIRTH,capacity-shadow,49,STORY,STORY,1,,0
2,B_ARITHMETIC_BIRTH,geometry-shadow,49,STORY,STORY,1,0.8778386116027832,0
2,B_ARITHMETIC_BIRTH,incumbent,50,ARITH_A,ARITHMETIC,0,0.0,0
2,B_ARITHMETIC_BIRTH,capacity-shadow,50,ARITH_A,ARITHMETIC,1,,0
2,B_ARITHMETIC_BIRTH,geometry-shadow,50,ARITH_A,ARITHMETIC,0,1.7133049964904783,0
2,B_ARITHMETIC_BIRTH,incumbent,51,ARITH_A,ARITHMETIC,0,0.0,0
2,B_ARITHMETIC_BIRTH,capacity-shadow,51,ARITH_A,ARITHMETIC,0,,0
2,B_ARITHMETIC_BIRTH,geometry-shadow,51,ARITH_A,ARITHMETIC,0,1.679263472557068,0
2,B_ARITHMETIC_BIRTH,incumbent,52,ARITH_A,ARITHMETIC,0,0.0,0
2,B_ARITHMETIC_BIRTH,capacity-shadow,52,ARITH_A,ARITHMETIC,1,,0
2,B_ARITHMETIC_BIRTH,geometry-shadow,52,ARITH_A,ARITHMETIC,0,1.6850059032440186,0
2,B_ARITHMETIC_BIRTH,incumbent,53,STORY,STORY,0,0.0,0
2,B_ARITHMETIC_BIRTH,capacity-shadow,53,STORY,STORY,0,,0
2,B_ARITHMETIC_BIRTH,geometry-shadow,53,STORY,STORY,0,0.927495300769806,0
2,B_ARITHMETIC_BIRTH,incumbent,54,STORY,STORY,0,0.0,0
2,B_ARITHMETIC_BIRTH,capacity-shadow,54,STORY,STORY,1,,0
2,B_ARITHMETIC_BIRTH,geometry-shadow,54,STORY,STORY,1,0.8835204839706421,0
2,B_ARITHMETIC_BIRTH,incumbent,55,STORY,STORY,0,0.0,0
2,B_ARITHMETIC_BIRTH,capacity-shadow,55,STORY,STORY,0,,0
2,B_ARITHMETIC_BIRTH,geometry-shadow,55,STORY,STORY,1,0.9627224802970886,0
2,B_ARITHMETIC_BIRTH,incumbent,56,ARITH_A,ARITHMETIC,0,0.0,0
2,B_ARITHMETIC_BIRTH,capacity-shadow,56,ARITH_A,ARITHMETIC,0,,0
2,B_ARITHMETIC_BIRTH,geometry-shadow,56,ARITH_A,ARITHMETIC,0,1.69492506980896,0
2,B_ARITHMETIC_BIRTH,incumbent,57,ARITH_A,ARITHMETIC,0,0.0,0
2,B_ARITHMETIC_BIRTH,capacity-shadow,57,ARITH_A,ARITHMETIC,1,,0
2,B_ARITHMETIC_BIRTH,geometry-shadow,57,ARITH_A,ARITHMETIC,0,1.6760839223861694,0
2,B_ARITHMETIC_BIRTH,incumbent,58,STORY,STORY,0,0.0,0
2,B_ARITHMETIC_BIRTH,capacity-shadow,58,STORY,STORY,1,,0
2,B_ARITHMETIC_BIRTH,geometry-shadow,58,STORY,STORY,0,0.7762933373451233,0
2,B_ARITHMETIC_BIRTH,incumbent,59,ARITH_A,ARITHMETIC,0,0.0,0
2,B_ARITHMETIC_BIRTH,capacity-shadow,59,ARITH_A,ARITHMETIC,0,,0
2,B_ARITHMETIC_BIRTH,geometry-shadow,59,ARITH_A,ARITHMETIC,0,1.687667727470398,0
2,B_ARITHMETIC_BIRTH,incumbent,60,ARITH_A,ARITHMETIC,0,0.0,0
2,B_ARITHMETIC_BIRTH,capacity-shadow,60,ARITH_A,ARITHMETIC,1,,0
2,B_ARITHMETIC_BIRTH,geometry-shadow,60,ARITH_A,ARITHMETIC,0,1.6868762969970703,0
2,B_ARITHMETIC_BIRTH,incumbent,61,ARITH_A,ARITHMETIC,0,0.0,0
2,B_ARITHMETIC_BIRTH,capacity-shadow,61,ARITH_A,ARITHMETIC,0,,0
2,B_ARITHMETIC_BIRTH,geometry-shadow,61,ARITH_A,ARITHMETIC,0,1.6989117860794067,0
2,B_ARITHMETIC_BIRTH,incumbent,62,STORY,STORY,0,0.0,0
2,B_ARITHMETIC_BIRTH,capacity-shadow,62,STORY,STORY,0,,0
2,B_ARITHMETIC_BIRTH,geometry-shadow,62,STORY,STORY,1,0.8625226020812988,0
2,B_ARITHMETIC_BIRTH,incumbent,63,ARITH_A,ARITHMETIC,0,0.0,0
2,B_ARITHMETIC_BIRTH,capacity-shadow,63,ARITH_A,ARITHMETIC,1,,0
2,B_ARITHMETIC_BIRTH,geometry-shadow,63,ARITH_A,ARITHMETIC,0,1.6900140047073364,0
2,B_ARITHMETIC_BIRTH,incumbent,64,STORY,STORY,0,0.0,0
2,B_ARITHMETIC_BIRTH,capacity-shadow,64,STORY,STORY,1,,0
2,B_ARITHMETIC_BIRTH,geometry-shadow,64,STORY,STORY,1,1.6133606433868408,0
2,B_ARITHMETIC_BIRTH,incumbent,65,STORY,STORY,0,0.0,0
2,B_ARITHMETIC_BIRTH,capacity-shadow,65,STORY,STORY,0,,0
2,B_ARITHMETIC_BIRTH,geometry-shadow,65,STORY,STORY,0,0.8764018416404724,0
2,B_ARITHMETIC_BIRTH,incumbent,66,STORY,STORY,0,0.0,0
2,B_ARITHMETIC_BIRTH,capacity-shadow,66,STORY,STORY,1,,0
2,B_ARITHMETIC_BIRTH,geometry-shadow,66,STORY,STORY,0,0.2963751554489136,0
2,B_ARITHMETIC_BIRTH,incumbent,67,ARITH_A,ARITHMETIC,0,0.0,0
2,B_ARITHMETIC_BIRTH,capacity-shadow,67,ARITH_A,ARITHMETIC,0,,0
2,B_ARITHMETIC_BIRTH,geometry-shadow,67,ARITH_A,ARITHMETIC,0,1.692174196243286,0
2,B_ARITHMETIC_BIRTH,incumbent,68,STORY,STORY,0,0.0,0
2,B_ARITHMETIC_BIRTH,capacity-shadow,68,STORY,STORY,0,,0
2,B_ARITHMETIC_BIRTH,geometry-shadow,68,STORY,STORY,0,0.4703651070594787,0
2,B_ARITHMETIC_BIRTH,incumbent,69,STORY,STORY,0,0.0,0
2,B_ARITHMETIC_BIRTH,capacity-shadow,69,STORY,STORY,1,,0
2,B_ARITHMETIC_BIRTH,geometry-shadow,69,STORY,STORY,0,1.200789451599121,0
2,B_ARITHMETIC_BIRTH,incumbent,70,ARITH_A,ARITHMETIC,0,0.0,0
2,B_ARITHMETIC_BIRTH,capacity-shadow,70,ARITH_A,ARITHMETIC,1,,0
2,B_ARITHMETIC_BIRTH,geometry-shadow,70,ARITH_A,ARITHMETIC,0,1.664242148399353,0
2,B_ARITHMETIC_BIRTH,incumbent,71,ARITH_A,ARITHMETIC,0,0.0,0
2,B_ARITHMETIC_BIRTH,capacity-shadow,71,ARITH_A,ARITHMETIC,0,,0
2,B_ARITHMETIC_BIRTH,geometry-shadow,71,ARITH_A,ARITHMETIC,0,1.70021653175354,0
2,B_ARITHMETIC_BIRTH,incumbent,72,ARITH_A,ARITHMETIC,0,0.0,0
2,B_ARITHMETIC_BIRTH,capacity-shadow,72,ARITH_A,ARITHMETIC,1,,0
2,B_ARITHMETIC_BIRTH,geometry-shadow,72,ARITH_A,ARITHMETIC,0,1.7066283226013184,0
2,B_ARITHMETIC_BIRTH,incumbent,73,STORY,STORY,0,0.0,0
2,B_ARITHMETIC_BIRTH,capacity-shadow,73,STORY,STORY,0,,0
2,B_ARITHMETIC_BIRTH,geometry-shadow,73,STORY,STORY,1,0.4593530893325805,0
2,B_ARITHMETIC_BIRTH,incumbent,74,STORY,STORY,0,0.0,0
2,B_ARITHMETIC_BIRTH,capacity-shadow,74,STORY,STORY,1,,0
2,B_ARITHMETIC_BIRTH,geometry-shadow,74,STORY,STORY,1,1.3997535705566406,0
2,B_ARITHMETIC_BIRTH,incumbent,75,ARITH_A,ARITHMETIC,0,0.0,0
2,B_ARITHMETIC_BIRTH,capacity-shadow,75,ARITH_A,ARITHMETIC,0,,0
2,B_ARITHMETIC_BIRTH,geometry-shadow,75,ARITH_A,ARITHMETIC,0,1.6985948085784912,0
2,B_ARITHMETIC_BIRTH,incumbent,76,ARITH_A,ARITHMETIC,0,0.0,0
2,B_ARITHMETIC_BIRTH,capacity-shadow,76,ARITH_A,ARITHMETIC,1,,0
2,B_ARITHMETIC_BIRTH,geometry-shadow,76,ARITH_A,ARITHMETIC,0,1.651585817337036,0
2,B_ARITHMETIC_BIRTH,incumbent,77,STORY,STORY,0,0.0,0
2,B_ARITHMETIC_BIRTH,capacity-shadow,77,STORY,STORY,0,,0
2,B_ARITHMETIC_BIRTH,geometry-shadow,77,STORY,STORY,0,0.6311835050582886,0
2,B_ARITHMETIC_BIRTH,incumbent,78,ARITH_A,ARITHMETIC,0,0.0,0
2,B_ARITHMETIC_BIRTH,capacity-shadow,78,ARITH_A,ARITHMETIC,0,,0
2,B_ARITHMETIC_BIRTH,geometry-shadow,78,ARITH_A,ARITHMETIC,0,1.684320330619812,0
2,B_ARITHMETIC_BIRTH,incumbent,79,STORY,STORY,0,0.0,0
2,B_ARITHMETIC_BIRTH,capacity-shadow,79,STORY,STORY,1,,0
2,B_ARITHMETIC_BIRTH,geometry-shadow,79,STORY,STORY,0,0.2929109930992126,0
2,B_ARITHMETIC_BIRTH,incumbent,80,STORY,STORY,0,0.0,0
2,B_ARITHMETIC_BIRTH,capacity-shadow,80,STORY,STORY,0,,0
2,B_ARITHMETIC_BIRTH,geometry-shadow,80,STORY,STORY,0,0.9641495943069458,0
2,B_ARITHMETIC_BIRTH,incumbent,81,STORY,STORY,0,0.0,0
2,B_ARITHMETIC_BIRTH,capacity-shadow,81,STORY,STORY,1,,0
2,B_ARITHMETIC_BIRTH,geometry-shadow,81,STORY,STORY,1,1.0870271921157837,0
2,B_ARITHMETIC_BIRTH,incumbent,82,STORY,STORY,0,0.0,0
2,B_ARITHMETIC_BIRTH,capacity-shadow,82,STORY,STORY,0,,0
2,B_ARITHMETIC_BIRTH,geometry-shadow,82,STORY,STORY,0,0.8362041115760803,0
2,B_ARITHMETIC_BIRTH,incumbent,83,STORY,STORY,0,0.0,0
2,B_ARITHMETIC_BIRTH,capacity-shadow,83,STORY,STORY,1,,0
2,B_ARITHMETIC_BIRTH,geometry-shadow,83,STORY,STORY,0,0.7104396224021912,0
2,B_ARITHMETIC_BIRTH,incumbent,84,ARITH_A,ARITHMETIC,0,0.0,0
2,B_ARITHMETIC_BIRTH,capacity-shadow,84,ARITH_A,ARITHMETIC,1,,0
2,B_ARITHMETIC_BIRTH,geometry-shadow,84,ARITH_A,ARITHMETIC,0,1.6892781257629397,0
2,B_ARITHMETIC_BIRTH,incumbent,85,STORY,STORY,0,0.0,0
2,B_ARITHMETIC_BIRTH,capacity-shadow,85,STORY,STORY,0,,0
2,B_ARITHMETIC_BIRTH,geometry-shadow,85,STORY,STORY,1,0.0659689903259277,0
2,B_ARITHMETIC_BIRTH,incumbent,86,STORY,STORY,0,0.0,0
2,B_ARITHMETIC_BIRTH,capacity-shadow,86,STORY,STORY,1,,0
2,B_ARITHMETIC_BIRTH,geometry-shadow,86,STORY,STORY,0,1.179793357849121,0
2,B_ARITHMETIC_BIRTH,incumbent,87,ARITH_A,ARITHMETIC,0,0.0,0
2,B_ARITHMETIC_BIRTH,capacity-shadow,87,ARITH_A,ARITHMETIC,0,,0
2,B_ARITHMETIC_BIRTH,geometry-shadow,87,ARITH_A,ARITHMETIC,0,1.6729363203048706,0
2,B_ARITHMETIC_BIRTH,incumbent,88,ARITH_A,ARITHMETIC,0,0.0,0
2,B_ARITHMETIC_BIRTH,capacity-shadow,88,ARITH_A,ARITHMETIC,1,,0
2,B_ARITHMETIC_BIRTH,geometry-shadow,88,ARITH_A,ARITHMETIC,0,1.7008357048034668,0
2,B_ARITHMETIC_BIRTH,incumbent,89,STORY,STORY,0,0.0,0
2,B_ARITHMETIC_BIRTH,capacity-shadow,89,STORY,STORY,0,,0
2,B_ARITHMETIC_BIRTH,geometry-shadow,89,STORY,STORY,0,0.0832785367965698,0
2,B_ARITHMETIC_BIRTH,incumbent,90,ARITH_A,ARITHMETIC,0,0.0,0
2,B_ARITHMETIC_BIRTH,capacity-shadow,90,ARITH_A,ARITHMETIC,0,,0
2,B_ARITHMETIC_BIRTH,geometry-shadow,90,ARITH_A,ARITHMETIC,0,1.6798913478851318,0
2,B_ARITHMETIC_BIRTH,incumbent,91,STORY,STORY,0,0.0,0
2,B_ARITHMETIC_BIRTH,capacity-shadow,91,STORY,STORY,1,,0
2,B_ARITHMETIC_BIRTH,geometry-shadow,91,STORY,STORY,1,0.4506760835647583,0
2,B_ARITHMETIC_BIRTH,incumbent,92,ARITH_A,ARITHMETIC,0,0.0,0
2,B_ARITHMETIC_BIRTH,capacity-shadow,92,ARITH_A,ARITHMETIC,1,,0
2,B_ARITHMETIC_BIRTH,geometry-shadow,92,ARITH_A,ARITHMETIC,0,1.6796185970306396,0
2,B_ARITHMETIC_BIRTH,incumbent,93,STORY,STORY,0,0.0,0
2,B_ARITHMETIC_BIRTH,capacity-shadow,93,STORY,STORY,0,,0
2,B_ARITHMETIC_BIRTH,geometry-shadow,93,STORY,STORY,0,0.6356232166290283,0
2,B_ARITHMETIC_BIRTH,incumbent,94,STORY,STORY,0,0.0,0
2,B_ARITHMETIC_BIRTH,capacity-shadow,94,STORY,STORY,1,,0
2,B_ARITHMETIC_BIRTH,geometry-shadow,94,STORY,STORY,1,0.4634217023849487,0
2,B_ARITHMETIC_BIRTH,incumbent,95,ARITH_A,ARITHMETIC,0,0.0,0
2,B_ARITHMETIC_BIRTH,capacity-shadow,95,ARITH_A,ARITHMETIC,0,,0
2,B_ARITHMETIC_BIRTH,geometry-shadow,95,ARITH_A,ARITHMETIC,0,1.6952730417251587,0
2,B_ARITHMETIC_BIRTH,incumbent,96,ARITH_A,ARITHMETIC,0,0.0,0
2,B_ARITHMETIC_BIRTH,capacity-shadow,96,ARITH_A,ARITHMETIC,1,,0
2,B_ARITHMETIC_BIRTH,geometry-shadow,96,ARITH_A,ARITHMETIC,0,1.6986756324768066,0
2,B_ARITHMETIC_BIRTH,incumbent,97,STORY,STORY,0,0.0,0
2,B_ARITHMETIC_BIRTH,capacity-shadow,97,STORY,STORY,0,,0
2,B_ARITHMETIC_BIRTH,geometry-shadow,97,STORY,STORY,1,0.3044463396072387,0
2,B_ARITHMETIC_BIRTH,incumbent,98,STORY,STORY,0,0.0,0
2,B_ARITHMETIC_BIRTH,capacity-shadow,98,STORY,STORY,1,,0
2,B_ARITHMETIC_BIRTH,geometry-shadow,98,STORY,STORY,1,0.0789538621902465,0
2,B_ARITHMETIC_BIRTH,incumbent,99,ARITH_A,ARITHMETIC,0,0.0,0
2,B_ARITHMETIC_BIRTH,capacity-shadow,99,ARITH_A,ARITHMETIC,0,,0
2,B_ARITHMETIC_BIRTH,geometry-shadow,99,ARITH_A,ARITHMETIC,0,1.6897741556167605,0
2,B_ARITHMETIC_BIRTH,incumbent,100,STORY,STORY,0,0.0,0
2,B_ARITHMETIC_BIRTH,capacity-shadow,100,STORY,STORY,0,,0
2,B_ARITHMETIC_BIRTH,geometry-shadow,100,STORY,STORY,1,0.3397939205169678,0
2,B_ARITHMETIC_BIRTH,incumbent,101,ARITH_A,ARITHMETIC,0,0.0,0
2,B_ARITHMETIC_BIRTH,capacity-shadow,101,ARITH_A,ARITHMETIC,1,,0
2,B_ARITHMETIC_BIRTH,geometry-shadow,101,ARITH_A,ARITHMETIC,0,1.6852132081985474,0
2,B_ARITHMETIC_BIRTH,incumbent,102,STORY,STORY,0,0.0,0
2,B_ARITHMETIC_BIRTH,capacity-shadow,102,STORY,STORY,1,,0
2,B_ARITHMETIC_BIRTH,geometry-shadow,102,STORY,STORY,1,0.765322208404541,0
2,B_ARITHMETIC_BIRTH,incumbent,103,ARITH_A,ARITHMETIC,0,0.0,0
2,B_ARITHMETIC_BIRTH,capacity-shadow,103,ARITH_A,ARITHMETIC,0,,0
2,B_ARITHMETIC_BIRTH,geometry-shadow,103,ARITH_A,ARITHMETIC,0,1.694613337516785,0
2,B_ARITHMETIC_BIRTH,incumbent,104,STORY,STORY,0,0.0,0
2,B_ARITHMETIC_BIRTH,capacity-shadow,104,STORY,STORY,0,,0
2,B_ARITHMETIC_BIRTH,geometry-shadow,104,STORY,STORY,0,1.1683743000030518,0
2,B_ARITHMETIC_BIRTH,incumbent,105,STORY,STORY,0,0.0,0
2,B_ARITHMETIC_BIRTH,capacity-shadow,105,STORY,STORY,1,,0
2,B_ARITHMETIC_BIRTH,geometry-shadow,105,STORY,STORY,0,0.5143860578536987,0
2,B_ARITHMETIC_BIRTH,incumbent,106,STORY,STORY,0,0.0,0
2,B_ARITHMETIC_BIRTH,capacity-shadow,106,STORY,STORY,0,,0
2,B_ARITHMETIC_BIRTH,geometry-shadow,106,STORY,STORY,1,0.1983454227447509,0
2,B_ARITHMETIC_BIRTH,incumbent,107,ARITH_A,ARITHMETIC,0,0.0,0
2,B_ARITHMETIC_BIRTH,capacity-shadow,107,ARITH_A,ARITHMETIC,1,,0
2,B_ARITHMETIC_BIRTH,geometry-shadow,107,ARITH_A,ARITHMETIC,0,1.6843717098236084,0
2,B_ARITHMETIC_BIRTH,incumbent,108,STORY,STORY,0,0.0,0
2,B_ARITHMETIC_BIRTH,capacity-shadow,108,STORY,STORY,1,,0
2,B_ARITHMETIC_BIRTH,geometry-shadow,108,STORY,STORY,1,1.3649301528930664,0
2,B_ARITHMETIC_BIRTH,incumbent,109,ARITH_A,ARITHMETIC,0,0.0,0
2,B_ARITHMETIC_BIRTH,capacity-shadow,109,ARITH_A,ARITHMETIC,0,,0
2,B_ARITHMETIC_BIRTH,geometry-shadow,109,ARITH_A,ARITHMETIC,0,1.6727896928787231,0
2,B_ARITHMETIC_BIRTH,incumbent,110,ARITH_A,ARITHMETIC,0,0.0,0
2,B_ARITHMETIC_BIRTH,capacity-shadow,110,ARITH_A,ARITHMETIC,1,,0
2,B_ARITHMETIC_BIRTH,geometry-shadow,110,ARITH_A,ARITHMETIC,0,1.6756935119628906,0
2,B_ARITHMETIC_BIRTH,incumbent,111,ARITH_A,ARITHMETIC,0,0.0,0
2,B_ARITHMETIC_BIRTH,capacity-shadow,111,ARITH_A,ARITHMETIC,0,,0
2,B_ARITHMETIC_BIRTH,geometry-shadow,111,ARITH_A,ARITHMETIC,0,1.7008112668991089,0
2,B_ARITHMETIC_BIRTH,incumbent,112,STORY,STORY,0,0.0,0
2,B_ARITHMETIC_BIRTH,capacity-shadow,112,STORY,STORY,0,,0
2,B_ARITHMETIC_BIRTH,geometry-shadow,112,STORY,STORY,0,0.4107723236083984,0
2,B_ARITHMETIC_BIRTH,incumbent,113,ARITH_A,ARITHMETIC,0,0.0,0
2,B_ARITHMETIC_BIRTH,capacity-shadow,113,ARITH_A,ARITHMETIC,1,,0
2,B_ARITHMETIC_BIRTH,geometry-shadow,113,ARITH_A,ARITHMETIC,0,1.672383189201355,0
2,B_ARITHMETIC_BIRTH,incumbent,114,STORY,STORY,0,0.0,0
2,B_ARITHMETIC_BIRTH,capacity-shadow,114,STORY,STORY,1,,0
2,B_ARITHMETIC_BIRTH,geometry-shadow,114,STORY,STORY,0,0.5579050183296204,0
2,B_ARITHMETIC_BIRTH,incumbent,115,STORY,STORY,0,0.0,0
2,B_ARITHMETIC_BIRTH,capacity-shadow,115,STORY,STORY,0,,0
2,B_ARITHMETIC_BIRTH,geometry-shadow,115,STORY,STORY,0,0.1811726093292236,0
2,B_ARITHMETIC_BIRTH,incumbent,116,ARITH_A,ARITHMETIC,0,0.0,0
2,B_ARITHMETIC_BIRTH,capacity-shadow,116,ARITH_A,ARITHMETIC,0,,0
2,B_ARITHMETIC_BIRTH,geometry-shadow,116,ARITH_A,ARITHMETIC,0,1.6756513118743896,0
2,B_ARITHMETIC_BIRTH,incumbent,117,STORY,STORY,0,0.0,0
2,B_ARITHMETIC_BIRTH,capacity-shadow,117,STORY,STORY,1,,0
2,B_ARITHMETIC_BIRTH,geometry-shadow,117,STORY,STORY,1,1.4879755973815918,0
2,B_ARITHMETIC_BIRTH,incumbent,118,ARITH_A,ARITHMETIC,0,0.0,0
2,B_ARITHMETIC_BIRTH,capacity-shadow,118,ARITH_A,ARITHMETIC,1,,0
2,B_ARITHMETIC_BIRTH,geometry-shadow,118,ARITH_A,ARITHMETIC,0,1.7191040515899658,0
2,B_ARITHMETIC_BIRTH,incumbent,119,STORY,STORY,0,0.0,0
2,B_ARITHMETIC_BIRTH,capacity-shadow,119,STORY,STORY,0,,0
2,B_ARITHMETIC_BIRTH,geometry-shadow,119,STORY,STORY,0,0.5078614950180054,0
2,B_ARITHMETIC_BIRTH,incumbent,120,STORY,STORY,0,0.0,0
2,B_ARITHMETIC_BIRTH,capacity-shadow,120,STORY,STORY,1,,0
2,B_ARITHMETIC_BIRTH,geometry-shadow,120,STORY,STORY,1,1.4346166849136353,0
2,B_ARITHMETIC_BIRTH,incumbent,121,ARITH_A,ARITHMETIC,0,0.0,0
2,B_ARITHMETIC_BIRTH,capacity-shadow,121,ARITH_A,ARITHMETIC,0,,0
2,B_ARITHMETIC_BIRTH,geometry-shadow,121,ARITH_A,ARITHMETIC,0,1.6856025457382202,0
2,B_ARITHMETIC_BIRTH,incumbent,122,STORY,STORY,0,0.0,0
2,B_ARITHMETIC_BIRTH,capacity-shadow,122,STORY,STORY,0,,0
2,B_ARITHMETIC_BIRTH,geometry-shadow,122,STORY,STORY,1,0.4369795322418213,0
2,B_ARITHMETIC_BIRTH,incumbent,123,STORY,STORY,0,0.0,0
2,B_ARITHMETIC_BIRTH,capacity-shadow,123,STORY,STORY,1,,0
2,B_ARITHMETIC_BIRTH,geometry-shadow,123,STORY,STORY,0,0.3111512660980224,0
2,B_ARITHMETIC_BIRTH,incumbent,124,ARITH_A,ARITHMETIC,0,0.0,0
2,B_ARITHMETIC_BIRTH,capacity-shadow,124,ARITH_A,ARITHMETIC,1,,0
2,B_ARITHMETIC_BIRTH,geometry-shadow,124,ARITH_A,ARITHMETIC,0,1.6705424785614014,0
2,B_ARITHMETIC_BIRTH,incumbent,125,STORY,STORY,0,0.0,0
2,B_ARITHMETIC_BIRTH,capacity-shadow,125,STORY,STORY,0,,0
2,B_ARITHMETIC_BIRTH,geometry-shadow,125,STORY,STORY,0,0.3881435394287109,0
2,B_ARITHMETIC_BIRTH,incumbent,126,STORY,STORY,0,0.0,0
2,B_ARITHMETIC_BIRTH,capacity-shadow,126,STORY,STORY,1,,0
2,B_ARITHMETIC_BIRTH,geometry-shadow,126,STORY,STORY,0,0.3123981952667236,0
2,B_ARITHMETIC_BIRTH,incumbent,127,STORY,STORY,0,0.0,0
2,B_ARITHMETIC_BIRTH,capacity-shadow,127,STORY,STORY,0,,0
2,B_ARITHMETIC_BIRTH,geometry-shadow,127,STORY,STORY,0,0.1042708158493042,0
2,B_ARITHMETIC_BIRTH,incumbent,128,ARITH_A,ARITHMETIC,0,0.0,0
2,B_ARITHMETIC_BIRTH,capacity-shadow,128,ARITH_A,ARITHMETIC,0,,0
2,B_ARITHMETIC_BIRTH,geometry-shadow,128,ARITH_A,ARITHMETIC,0,1.6911755800247192,0
2,B_ARITHMETIC_BIRTH,incumbent,129,STORY,STORY,0,0.0,0
2,B_ARITHMETIC_BIRTH,capacity-shadow,129,STORY,STORY,1,,0
2,B_ARITHMETIC_BIRTH,geometry-shadow,129,STORY,STORY,1,0.077822208404541,0
2,B_ARITHMETIC_BIRTH,incumbent,130,ARITH_A,ARITHMETIC,0,0.0,0
2,B_ARITHMETIC_BIRTH,capacity-shadow,130,ARITH_A,ARITHMETIC,1,,0
2,B_ARITHMETIC_BIRTH,geometry-shadow,130,ARITH_A,ARITHMETIC,0,1.6877193450927734,0
2,B_ARITHMETIC_BIRTH,incumbent,131,ARITH_A,ARITHMETIC,0,0.0,0
2,B_ARITHMETIC_BIRTH,capacity-shadow,131,ARITH_A,ARITHMETIC,0,,0
2,B_ARITHMETIC_BIRTH,geometry-shadow,131,ARITH_A,ARITHMETIC,0,1.681563377380371,0
2,B_ARITHMETIC_BIRTH,incumbent,132,ARITH_A,ARITHMETIC,0,0.0,0
2,B_ARITHMETIC_BIRTH,capacity-shadow,132,ARITH_A,ARITHMETIC,1,,0
2,B_ARITHMETIC_BIRTH,geometry-shadow,132,ARITH_A,ARITHMETIC,0,1.6916611194610596,0
2,B_ARITHMETIC_BIRTH,incumbent,133,STORY,STORY,0,0.0,0
2,B_ARITHMETIC_BIRTH,capacity-shadow,133,STORY,STORY,0,,0
2,B_ARITHMETIC_BIRTH,geometry-shadow,133,STORY,STORY,0,1.184666395187378,0
2,B_ARITHMETIC_BIRTH,incumbent,134,STORY,STORY,0,0.0,0
2,B_ARITHMETIC_BIRTH,capacity-shadow,134,STORY,STORY,1,,0
2,B_ARITHMETIC_BIRTH,geometry-shadow,134,STORY,STORY,0,0.3399304151535034,0
2,B_ARITHMETIC_BIRTH,incumbent,135,STORY,STORY,0,0.0,0
2,B_ARITHMETIC_BIRTH,capacity-shadow,135,STORY,STORY,0,,0
2,B_ARITHMETIC_BIRTH,geometry-shadow,135,STORY,STORY,0,0.9986262321472168,0
2,B_ARITHMETIC_BIRTH,incumbent,136,ARITH_A,ARITHMETIC,0,0.0,0
2,B_ARITHMETIC_BIRTH,capacity-shadow,136,ARITH_A,ARITHMETIC,0,,0
2,B_ARITHMETIC_BIRTH,geometry-shadow,136,ARITH_A,ARITHMETIC,0,1.690811276435852,0
2,B_ARITHMETIC_BIRTH,incumbent,137,STORY,STORY,0,0.0,0
2,B_ARITHMETIC_BIRTH,capacity-shadow,137,STORY,STORY,1,,0
2,B_ARITHMETIC_BIRTH,geometry-shadow,137,STORY,STORY,0,1.3915786743164062,0
2,B_ARITHMETIC_BIRTH,incumbent,138,STORY,STORY,0,0.0,0
2,B_ARITHMETIC_BIRTH,capacity-shadow,138,STORY,STORY,0,,0
2,B_ARITHMETIC_BIRTH,geometry-shadow,138,STORY,STORY,1,0.9029234647750854,0
2,B_ARITHMETIC_BIRTH,incumbent,139,ARITH_A,ARITHMETIC,0,0.0,0
2,B_ARITHMETIC_BIRTH,capacity-shadow,139,ARITH_A,ARITHMETIC,1,,0
2,B_ARITHMETIC_BIRTH,geometry-shadow,139,ARITH_A,ARITHMETIC,0,1.6807653903961182,0
2,B_ARITHMETIC_BIRTH,incumbent,140,STORY,STORY,0,0.0,0
2,B_ARITHMETIC_BIRTH,capacity-shadow,140,STORY,STORY,1,,0
2,B_ARITHMETIC_BIRTH,geometry-shadow,140,STORY,STORY,1,0.4895623922348022,0
2,B_ARITHMETIC_BIRTH,incumbent,141,ARITH_A,ARITHMETIC,0,0.0,0
2,B_ARITHMETIC_BIRTH,capacity-shadow,141,ARITH_A,ARITHMETIC,0,,0
2,B_ARITHMETIC_BIRTH,geometry-shadow,141,ARITH_A,ARITHMETIC,0,1.6688967943191528,0
2,B_ARITHMETIC_BIRTH,incumbent,142,STORY,STORY,0,0.0,0
2,B_ARITHMETIC_BIRTH,capacity-shadow,142,STORY,STORY,0,,0
2,B_ARITHMETIC_BIRTH,geometry-shadow,142,STORY,STORY,1,2.1271896362304688,0
2,B_ARITHMETIC_BIRTH,incumbent,143,ARITH_A,ARITHMETIC,0,0.0,0
2,B_ARITHMETIC_BIRTH,capacity-shadow,143,ARITH_A,ARITHMETIC,1,,0
2,B_ARITHMETIC_BIRTH,geometry-shadow,143,ARITH_A,ARITHMETIC,0,1.699812889099121,0
2,B_ARITHMETIC_BIRTH,incumbent,144,ARITH_A,ARITHMETIC,0,0.0,0
2,B_ARITHMETIC_BIRTH,capacity-shadow,144,ARITH_A,ARITHMETIC,0,,0
2,B_ARITHMETIC_BIRTH,geometry-shadow,144,ARITH_A,ARITHMETIC,0,1.6915994882583618,0
2,B_ARITHMETIC_BIRTH,incumbent,145,STORY,STORY,0,0.0,0
2,B_ARITHMETIC_BIRTH,capacity-shadow,145,STORY,STORY,1,,0
2,B_ARITHMETIC_BIRTH,geometry-shadow,145,STORY,STORY,0,0.9538387060165404,0
2,B_ARITHMETIC_BIRTH,incumbent,146,STORY,STORY,0,0.0,0
2,B_ARITHMETIC_BIRTH,capacity-shadow,146,STORY,STORY,0,,0
2,B_ARITHMETIC_BIRTH,geometry-shadow,146,STORY,STORY,1,1.2931190729141235,0
2,B_ARITHMETIC_BIRTH,incumbent,147,ARITH_A,ARITHMETIC,0,0.0,0
2,B_ARITHMETIC_BIRTH,capacity-shadow,147,ARITH_A,ARITHMETIC,1,,0
2,B_ARITHMETIC_BIRTH,geometry-shadow,147,ARITH_A,ARITHMETIC,0,1.679091215133667,0
2,B_ARITHMETIC_BIRTH,incumbent,148,ARITH_A,ARITHMETIC,0,0.0,0
2,B_ARITHMETIC_BIRTH,capacity-shadow,148,ARITH_A,ARITHMETIC,0,,0
2,B_ARITHMETIC_BIRTH,geometry-shadow,148,ARITH_A,ARITHMETIC,0,1.6941472291946411,0
2,B_ARITHMETIC_BIRTH,incumbent,149,ARITH_A,ARITHMETIC,0,0.0,0
2,B_ARITHMETIC_BIRTH,capacity-shadow,149,ARITH_A,ARITHMETIC,1,,0
2,B_ARITHMETIC_BIRTH,geometry-shadow,149,ARITH_A,ARITHMETIC,0,1.6903835535049438,0
2,B_ARITHMETIC_BIRTH,incumbent,150,ARITH_A,ARITHMETIC,0,0.0,0
2,B_ARITHMETIC_BIRTH,capacity-shadow,150,ARITH_A,ARITHMETIC,0,,0
2,B_ARITHMETIC_BIRTH,geometry-shadow,150,ARITH_A,ARITHMETIC,0,1.6847684383392334,0
2,B_ARITHMETIC_BIRTH,incumbent,151,ARITH_A,ARITHMETIC,0,0.0,0
2,B_ARITHMETIC_BIRTH,capacity-shadow,151,ARITH_A,ARITHMETIC,1,,0
2,B_ARITHMETIC_BIRTH,geometry-shadow,151,ARITH_A,ARITHMETIC,0,1.696454405784607,0
2,B_ARITHMETIC_BIRTH,incumbent,152,ARITH_A,ARITHMETIC,0,0.0,0
2,B_ARITHMETIC_BIRTH,capacity-shadow,152,ARITH_A,ARITHMETIC,0,,0
2,B_ARITHMETIC_BIRTH,geometry-shadow,152,ARITH_A,ARITHMETIC,0,1.6715693473815918,0
2,B_ARITHMETIC_BIRTH,incumbent,153,STORY,STORY,0,0.0,0
2,B_ARITHMETIC_BIRTH,capacity-shadow,153,STORY,STORY,1,,0
2,B_ARITHMETIC_BIRTH,geometry-shadow,153,STORY,STORY,1,1.5041834115982056,0
2,B_ARITHMETIC_BIRTH,incumbent,154,ARITH_A,ARITHMETIC,0,0.0,0
2,B_ARITHMETIC_BIRTH,capacity-shadow,154,ARITH_A,ARITHMETIC,1,,0
2,B_ARITHMETIC_BIRTH,geometry-shadow,154,ARITH_A,ARITHMETIC,0,1.7015974521636963,0
2,B_ARITHMETIC_BIRTH,incumbent,155,ARITH_A,ARITHMETIC,0,0.0,0
2,B_ARITHMETIC_BIRTH,capacity-shadow,155,ARITH_A,ARITHMETIC,0,,0
2,B_ARITHMETIC_BIRTH,geometry-shadow,155,ARITH_A,ARITHMETIC,0,1.6927123069763184,0
2,B_ARITHMETIC_BIRTH,incumbent,156,ARITH_A,ARITHMETIC,0,0.0,0
2,B_ARITHMETIC_BIRTH,capacity-shadow,156,ARITH_A,ARITHMETIC,1,,0
2,B_ARITHMETIC_BIRTH,geometry-shadow,156,ARITH_A,ARITHMETIC,0,1.6794440746307373,0
2,B_ARITHMETIC_BIRTH,incumbent,157,ARITH_A,ARITHMETIC,0,0.0,0
2,B_ARITHMETIC_BIRTH,capacity-shadow,157,ARITH_A,ARITHMETIC,0,,0
2,B_ARITHMETIC_BIRTH,geometry-shadow,157,ARITH_A,ARITHMETIC,0,1.6918948888778689,0
2,B_ARITHMETIC_BIRTH,incumbent,158,STORY,STORY,0,0.0,0
2,B_ARITHMETIC_BIRTH,capacity-shadow,158,STORY,STORY,0,,0
2,B_ARITHMETIC_BIRTH,geometry-shadow,158,STORY,STORY,0,0.9842841625213624,0
2,B_ARITHMETIC_BIRTH,incumbent,159,STORY,STORY,0,0.0,0
2,B_ARITHMETIC_BIRTH,capacity-shadow,159,STORY,STORY,1,,0
2,B_ARITHMETIC_BIRTH,geometry-shadow,159,STORY,STORY,1,1.3632698059082031,0
2,B_ARITHMETIC_BIRTH,incumbent,160,STORY,STORY,0,0.0,0
2,B_ARITHMETIC_BIRTH,capacity-shadow,160,STORY,STORY,0,,0
2,B_ARITHMETIC_BIRTH,geometry-shadow,160,STORY,STORY,1,0.9875972867012024,0
2,B_ARITHMETIC_BIRTH,incumbent,161,ARITH_A,ARITHMETIC,0,0.0,0
2,B_ARITHMETIC_BIRTH,capacity-shadow,161,ARITH_A,ARITHMETIC,1,,0
2,B_ARITHMETIC_BIRTH,geometry-shadow,161,ARITH_A,ARITHMETIC,0,1.695369005203247,0
2,B_ARITHMETIC_BIRTH,incumbent,162,STORY,STORY,0,0.0,0
2,B_ARITHMETIC_BIRTH,capacity-shadow,162,STORY,STORY,1,,0
2,B_ARITHMETIC_BIRTH,geometry-shadow,162,STORY,STORY,1,0.5381706953048706,0
2,B_ARITHMETIC_BIRTH,incumbent,163,ARITH_A,ARITHMETIC,0,0.0,0
2,B_ARITHMETIC_BIRTH,capacity-shadow,163,ARITH_A,ARITHMETIC,0,,0
2,B_ARITHMETIC_BIRTH,geometry-shadow,163,ARITH_A,ARITHMETIC,0,1.686959147453308,0
2,B_ARITHMETIC_BIRTH,incumbent,164,STORY,STORY,0,0.0,0
2,B_ARITHMETIC_BIRTH,capacity-shadow,164,STORY,STORY,0,,0
2,B_ARITHMETIC_BIRTH,geometry-shadow,164,STORY,STORY,0,0.8053927421569824,0
2,B_ARITHMETIC_BIRTH,incumbent,165,STORY,STORY,0,0.0,0
2,B_ARITHMETIC_BIRTH,capacity-shadow,165,STORY,STORY,1,,0
2,B_ARITHMETIC_BIRTH,geometry-shadow,165,STORY,STORY,0,0.2950769662857055,0
2,B_ARITHMETIC_BIRTH,incumbent,166,STORY,STORY,0,0.0,0
2,B_ARITHMETIC_BIRTH,capacity-shadow,166,STORY,STORY,0,,0
2,B_ARITHMETIC_BIRTH,geometry-shadow,166,STORY,STORY,1,0.6047229170799255,0
2,B_ARITHMETIC_BIRTH,incumbent,167,ARITH_A,ARITHMETIC,0,0.0,0
2,B_ARITHMETIC_BIRTH,capacity-shadow,167,ARITH_A,ARITHMETIC,1,,0
2,B_ARITHMETIC_BIRTH,geometry-shadow,167,ARITH_A,ARITHMETIC,0,1.6942152976989746,0
2,B_ARITHMETIC_BIRTH,incumbent,168,ARITH_A,ARITHMETIC,0,0.0,0
2,B_ARITHMETIC_BIRTH,capacity-shadow,168,ARITH_A,ARITHMETIC,0,,0
2,B_ARITHMETIC_BIRTH,geometry-shadow,168,ARITH_A,ARITHMETIC,0,1.68333101272583,0
2,B_ARITHMETIC_BIRTH,incumbent,169,STORY,STORY,0,0.0,0
2,B_ARITHMETIC_BIRTH,capacity-shadow,169,STORY,STORY,1,,0
2,B_ARITHMETIC_BIRTH,geometry-shadow,169,STORY,STORY,0,0.4906726479530334,0
2,B_ARITHMETIC_BIRTH,incumbent,170,ARITH_A,ARITHMETIC,0,0.0,0
2,B_ARITHMETIC_BIRTH,capacity-shadow,170,ARITH_A,ARITHMETIC,1,,0
2,B_ARITHMETIC_BIRTH,geometry-shadow,170,ARITH_A,ARITHMETIC,0,1.690842628479004,0
2,B_ARITHMETIC_BIRTH,incumbent,171,STORY,STORY,0,0.0,0
2,B_ARITHMETIC_BIRTH,capacity-shadow,171,STORY,STORY,0,,0
2,B_ARITHMETIC_BIRTH,geometry-shadow,171,STORY,STORY,1,0.5140175819396973,0
2,B_ARITHMETIC_BIRTH,incumbent,172,ARITH_A,ARITHMETIC,0,0.0,0
2,B_ARITHMETIC_BIRTH,capacity-shadow,172,ARITH_A,ARITHMETIC,0,,0
2,B_ARITHMETIC_BIRTH,geometry-shadow,172,ARITH_A,ARITHMETIC,0,1.678359866142273,0
2,B_ARITHMETIC_BIRTH,incumbent,173,ARITH_A,ARITHMETIC,0,0.0,0
2,B_ARITHMETIC_BIRTH,capacity-shadow,173,ARITH_A,ARITHMETIC,1,,0
2,B_ARITHMETIC_BIRTH,geometry-shadow,173,ARITH_A,ARITHMETIC,0,1.6931275129318235,0
2,B_ARITHMETIC_BIRTH,incumbent,174,ARITH_A,ARITHMETIC,0,0.0,0
2,B_ARITHMETIC_BIRTH,capacity-shadow,174,ARITH_A,ARITHMETIC,0,,0
2,B_ARITHMETIC_BIRTH,geometry-shadow,174,ARITH_A,ARITHMETIC,0,1.6970887184143066,0
2,B_ARITHMETIC_BIRTH,incumbent,175,STORY,STORY,0,0.0,0
2,B_ARITHMETIC_BIRTH,capacity-shadow,175,STORY,STORY,1,,0
2,B_ARITHMETIC_BIRTH,geometry-shadow,175,STORY,STORY,0,0.7550927996635437,0
2,B_ARITHMETIC_BIRTH,incumbent,176,STORY,STORY,0,0.0,0
2,B_ARITHMETIC_BIRTH,capacity-shadow,176,STORY,STORY,0,,0
2,B_ARITHMETIC_BIRTH,geometry-shadow,176,STORY,STORY,1,0.7171710729598999,0
2,B_ARITHMETIC_BIRTH,incumbent,177,STORY,STORY,0,0.0,0
2,B_ARITHMETIC_BIRTH,capacity-shadow,177,STORY,STORY,1,,0
2,B_ARITHMETIC_BIRTH,geometry-shadow,177,STORY,STORY,0,0.4719933271408081,0
2,B_ARITHMETIC_BIRTH,incumbent,178,STORY,STORY,0,0.0,0
2,B_ARITHMETIC_BIRTH,capacity-shadow,178,STORY,STORY,0,,0
2,B_ARITHMETIC_BIRTH,geometry-shadow,178,STORY,STORY,0,0.3305914402008056,0
2,B_ARITHMETIC_BIRTH,incumbent,179,ARITH_A,ARITHMETIC,0,0.0,0
2,B_ARITHMETIC_BIRTH,capacity-shadow,179,ARITH_A,ARITHMETIC,1,,0
2,B_ARITHMETIC_BIRTH,geometry-shadow,179,ARITH_A,ARITHMETIC,0,1.6714544296264648,0
2,B_ARITHMETIC_BIRTH,incumbent,180,STORY,STORY,0,0.0,0
2,B_ARITHMETIC_BIRTH,capacity-shadow,180,STORY,STORY,1,,0
2,B_ARITHMETIC_BIRTH,geometry-shadow,180,STORY,STORY,0,1.4204680919647217,0
2,B_ARITHMETIC_BIRTH,incumbent,181,STORY,STORY,0,0.0,0
2,B_ARITHMETIC_BIRTH,capacity-shadow,181,STORY,STORY,0,,0
2,B_ARITHMETIC_BIRTH,geometry-shadow,181,STORY,STORY,1,0.2445563077926635,0
2,B_ARITHMETIC_BIRTH,incumbent,182,ARITH_A,ARITHMETIC,0,0.0,0
2,B_ARITHMETIC_BIRTH,capacity-shadow,182,ARITH_A,ARITHMETIC,0,,0
2,B_ARITHMETIC_BIRTH,geometry-shadow,182,ARITH_A,ARITHMETIC,0,1.6848994493484497,0
2,B_ARITHMETIC_BIRTH,incumbent,183,STORY,STORY,0,0.0,0
2,B_ARITHMETIC_BIRTH,capacity-shadow,183,STORY,STORY,1,,0
2,B_ARITHMETIC_BIRTH,geometry-shadow,183,STORY,STORY,0,1.2002782821655271,0
2,B_ARITHMETIC_BIRTH,incumbent,184,STORY,STORY,0,0.0,0
2,B_ARITHMETIC_BIRTH,capacity-shadow,184,STORY,STORY,0,,0
2,B_ARITHMETIC_BIRTH,geometry-shadow,184,STORY,STORY,0,0.8438692092895508,0
2,B_ARITHMETIC_BIRTH,incumbent,185,ARITH_A,ARITHMETIC,0,0.0,0
2,B_ARITHMETIC_BIRTH,capacity-shadow,185,ARITH_A,ARITHMETIC,1,,0
2,B_ARITHMETIC_BIRTH,geometry-shadow,185,ARITH_A,ARITHMETIC,0,1.6872459650039673,0
2,B_ARITHMETIC_BIRTH,incumbent,186,ARITH_A,ARITHMETIC,0,0.0,0
2,B_ARITHMETIC_BIRTH,capacity-shadow,186,ARITH_A,ARITHMETIC,0,,0
2,B_ARITHMETIC_BIRTH,geometry-shadow,186,ARITH_A,ARITHMETIC,0,1.7060025930404663,0
2,B_ARITHMETIC_BIRTH,incumbent,187,STORY,STORY,0,0.0,0
2,B_ARITHMETIC_BIRTH,capacity-shadow,187,STORY,STORY,1,,0
2,B_ARITHMETIC_BIRTH,geometry-shadow,187,STORY,STORY,1,1.4149484634399414,0
2,B_ARITHMETIC_BIRTH,incumbent,188,STORY,STORY,0,0.0,0
2,B_ARITHMETIC_BIRTH,capacity-shadow,188,STORY,STORY,0,,0
2,B_ARITHMETIC_BIRTH,geometry-shadow,188,STORY,STORY,1,1.2219386100769043,0
2,B_ARITHMETIC_BIRTH,incumbent,189,STORY,STORY,0,0.0,0
2,B_ARITHMETIC_BIRTH,capacity-shadow,189,STORY,STORY,1,,0
2,B_ARITHMETIC_BIRTH,geometry-shadow,189,STORY,STORY,0,0.8058364391326904,0
2,B_ARITHMETIC_BIRTH,incumbent,190,ARITH_A,ARITHMETIC,0,0.0,0
2,B_ARITHMETIC_BIRTH,capacity-shadow,190,ARITH_A,ARITHMETIC,1,,0
2,B_ARITHMETIC_BIRTH,geometry-shadow,190,ARITH_A,ARITHMETIC,0,1.6841412782669067,0
2,B_ARITHMETIC_BIRTH,incumbent,191,ARITH_A,ARITHMETIC,0,0.0,0
2,B_ARITHMETIC_BIRTH,capacity-shadow,191,ARITH_A,ARITHMETIC,0,,0
2,B_ARITHMETIC_BIRTH,geometry-shadow,191,ARITH_A,ARITHMETIC,0,1.6882811784744265,0
2,B_ARITHMETIC_BIRTH,incumbent,192,ARITH_A,ARITHMETIC,0,0.0,0
2,B_ARITHMETIC_BIRTH,capacity-shadow,192,ARITH_A,ARITHMETIC,1,,0
2,B_ARITHMETIC_BIRTH,geometry-shadow,192,ARITH_A,ARITHMETIC,0,1.686489820480347,0
2,B_ARITHMETIC_BIRTH,incumbent,193,STORY,STORY,0,0.0,0
2,B_ARITHMETIC_BIRTH,capacity-shadow,193,STORY,STORY,0,,0
2,B_ARITHMETIC_BIRTH,geometry-shadow,193,STORY,STORY,1,1.8271863460540767,0
2,B_ARITHMETIC_BIRTH,incumbent,194,ARITH_A,ARITHMETIC,0,0.0,0
2,B_ARITHMETIC_BIRTH,capacity-shadow,194,ARITH_A,ARITHMETIC,0,,0
2,B_ARITHMETIC_BIRTH,geometry-shadow,194,ARITH_A,ARITHMETIC,0,1.6806964874267578,0
2,B_ARITHMETIC_BIRTH,incumbent,195,ARITH_A,ARITHMETIC,0,0.0,0
2,B_ARITHMETIC_BIRTH,capacity-shadow,195,ARITH_A,ARITHMETIC,1,,0
2,B_ARITHMETIC_BIRTH,geometry-shadow,195,ARITH_A,ARITHMETIC,0,1.6856390237808228,0
2,B_ARITHMETIC_BIRTH,incumbent,196,STORY,STORY,0,0.0,0
2,B_ARITHMETIC_BIRTH,capacity-shadow,196,STORY,STORY,1,,0
2,B_ARITHMETIC_BIRTH,geometry-shadow,196,STORY,STORY,1,0.6839234828948975,0
2,B_ARITHMETIC_BIRTH,incumbent,197,STORY,STORY,0,0.0,0
2,B_ARITHMETIC_BIRTH,capacity-shadow,197,STORY,STORY,0,,0
2,B_ARITHMETIC_BIRTH,geometry-shadow,197,STORY,STORY,0,0.99172842502594,0
2,B_ARITHMETIC_BIRTH,incumbent,198,ARITH_A,ARITHMETIC,0,0.0,0
2,B_ARITHMETIC_BIRTH,capacity-shadow,198,ARITH_A,ARITHMETIC,0,,0
2,B_ARITHMETIC_BIRTH,geometry-shadow,198,ARITH_A,ARITHMETIC,0,1.6932735443115234,0
2,B_ARITHMETIC_BIRTH,incumbent,199,STORY,STORY,0,0.0,0
2,B_ARITHMETIC_BIRTH,capacity-shadow,199,STORY,STORY,1,,0
2,B_ARITHMETIC_BIRTH,geometry-shadow,199,STORY,STORY,0,0.3747314214706421,0
2,B_ARITHMETIC_BIRTH,incumbent,200,ARITH_A,ARITHMETIC,0,0.0,0
2,B_ARITHMETIC_BIRTH,capacity-shadow,200,ARITH_A,ARITHMETIC,1,,0
2,B_ARITHMETIC_BIRTH,geometry-shadow,200,ARITH_A,ARITHMETIC,0,1.6864638328552246,0
2,B_ARITHMETIC_BIRTH,incumbent,201,ARITH_A,ARITHMETIC,0,0.0,0
2,B_ARITHMETIC_BIRTH,capacity-shadow,201,ARITH_A,ARITHMETIC,0,,0
2,B_ARITHMETIC_BIRTH,geometry-shadow,201,ARITH_A,ARITHMETIC,0,1.6858700513839722,0
2,B_ARITHMETIC_BIRTH,incumbent,202,STORY,STORY,0,0.0,0
2,B_ARITHMETIC_BIRTH,capacity-shadow,202,STORY,STORY,0,,0
2,B_ARITHMETIC_BIRTH,geometry-shadow,202,STORY,STORY,0,0.0730332136154174,0
2,B_ARITHMETIC_BIRTH,incumbent,203,STORY,STORY,0,0.0,0
2,B_ARITHMETIC_BIRTH,capacity-shadow,203,STORY,STORY,1,,0
2,B_ARITHMETIC_BIRTH,geometry-shadow,203,STORY,STORY,1,1.117496132850647,0
2,B_ARITHMETIC_BIRTH,incumbent,204,ARITH_A,ARITHMETIC,0,0.0,0
2,B_ARITHMETIC_BIRTH,capacity-shadow,204,ARITH_A,ARITHMETIC,1,,0
2,B_ARITHMETIC_BIRTH,geometry-shadow,204,ARITH_A,ARITHMETIC,0,1.6860843896865845,0
2,B_ARITHMETIC_BIRTH,incumbent,205,STORY,STORY,0,0.0,0
2,B_ARITHMETIC_BIRTH,capacity-shadow,205,STORY,STORY,0,,0
2,B_ARITHMETIC_BIRTH,geometry-shadow,205,STORY,STORY,0,0.0425209999084472,0
2,B_ARITHMETIC_BIRTH,incumbent,206,STORY,STORY,0,0.0,0
2,B_ARITHMETIC_BIRTH,capacity-shadow,206,STORY,STORY,1,,0
2,B_ARITHMETIC_BIRTH,geometry-shadow,206,STORY,STORY,1,0.5741045475006104,0
2,B_ARITHMETIC_BIRTH,incumbent,207,STORY,STORY,0,0.0,0
2,B_ARITHMETIC_BIRTH,capacity-shadow,207,STORY,STORY,0,,0
2,B_ARITHMETIC_BIRTH,geometry-shadow,207,STORY,STORY,0,0.851085901260376,0
2,B_ARITHMETIC_BIRTH,incumbent,208,ARITH_A,ARITHMETIC,0,0.0,0
2,B_ARITHMETIC_BIRTH,capacity-shadow,208,ARITH_A,ARITHMETIC,0,,0
2,B_ARITHMETIC_BIRTH,geometry-shadow,208,ARITH_A,ARITHMETIC,0,1.6906253099441528,0
2,B_ARITHMETIC_BIRTH,incumbent,209,STORY,STORY,0,0.0,0
2,B_ARITHMETIC_BIRTH,capacity-shadow,209,STORY,STORY,1,,0
2,B_ARITHMETIC_BIRTH,geometry-shadow,209,STORY,STORY,1,0.0606153011322021,0
2,B_ARITHMETIC_BIRTH,incumbent,210,ARITH_A,ARITHMETIC,0,0.0,0
2,B_ARITHMETIC_BIRTH,capacity-shadow,210,ARITH_A,ARITHMETIC,1,,0
2,B_ARITHMETIC_BIRTH,geometry-shadow,210,ARITH_A,ARITHMETIC,0,1.6873360872268677,0
2,B_ARITHMETIC_BIRTH,incumbent,211,ARITH_A,ARITHMETIC,0,0.0,0
2,B_ARITHMETIC_BIRTH,capacity-shadow,211,ARITH_A,ARITHMETIC,0,,0
2,B_ARITHMETIC_BIRTH,geometry-shadow,211,ARITH_A,ARITHMETIC,0,1.695245385169983,0
2,B_ARITHMETIC_BIRTH,incumbent,212,STORY,STORY,0,0.0,0
2,B_ARITHMETIC_BIRTH,capacity-shadow,212,STORY,STORY,0,,0
2,B_ARITHMETIC_BIRTH,geometry-shadow,212,STORY,STORY,1,0.1197119951248169,0
2,B_ARITHMETIC_BIRTH,incumbent,213,STORY,STORY,0,0.0,0
2,B_ARITHMETIC_BIRTH,capacity-shadow,213,STORY,STORY,1,,0
2,B_ARITHMETIC_BIRTH,geometry-shadow,213,STORY,STORY,0,0.8385483026504517,0
2,B_ARITHMETIC_BIRTH,incumbent,214,ARITH_A,ARITHMETIC,0,0.0,0
2,B_ARITHMETIC_BIRTH,capacity-shadow,214,ARITH_A,ARITHMETIC,1,,0
2,B_ARITHMETIC_BIRTH,geometry-shadow,214,ARITH_A,ARITHMETIC,0,1.685657978057861,0
2,B_ARITHMETIC_BIRTH,incumbent,215,ARITH_A,ARITHMETIC,0,0.0,0
2,B_ARITHMETIC_BIRTH,capacity-shadow,215,ARITH_A,ARITHMETIC,0,,0
2,B_ARITHMETIC_BIRTH,geometry-shadow,215,ARITH_A,ARITHMETIC,0,1.705937147140503,0
2,B_ARITHMETIC_BIRTH,incumbent,216,ARITH_A,ARITHMETIC,0,0.0,0
2,B_ARITHMETIC_BIRTH,capacity-shadow,216,ARITH_A,ARITHMETIC,1,,0
2,B_ARITHMETIC_BIRTH,geometry-shadow,216,ARITH_A,ARITHMETIC,0,1.7008283138275146,0
2,B_ARITHMETIC_BIRTH,incumbent,217,ARITH_A,ARITHMETIC,0,0.0,0
2,B_ARITHMETIC_BIRTH,capacity-shadow,217,ARITH_A,ARITHMETIC,0,,0
2,B_ARITHMETIC_BIRTH,geometry-shadow,217,ARITH_A,ARITHMETIC,0,1.6778031587600708,0
2,B_ARITHMETIC_BIRTH,incumbent,218,ARITH_A,ARITHMETIC,0,0.0,0
2,B_ARITHMETIC_BIRTH,capacity-shadow,218,ARITH_A,ARITHMETIC,1,,0
2,B_ARITHMETIC_BIRTH,geometry-shadow,218,ARITH_A,ARITHMETIC,0,1.7014271020889282,0
2,B_ARITHMETIC_BIRTH,incumbent,219,ARITH_A,ARITHMETIC,0,0.0,0
2,B_ARITHMETIC_BIRTH,capacity-shadow,219,ARITH_A,ARITHMETIC,0,,0
2,B_ARITHMETIC_BIRTH,geometry-shadow,219,ARITH_A,ARITHMETIC,0,1.6804437637329102,0
2,B_ARITHMETIC_BIRTH,incumbent,220,ARITH_A,ARITHMETIC,0,0.0,0
2,B_ARITHMETIC_BIRTH,capacity-shadow,220,ARITH_A,ARITHMETIC,1,,0
2,B_ARITHMETIC_BIRTH,geometry-shadow,220,ARITH_A,ARITHMETIC,0,1.6766687631607056,0
2,B_ARITHMETIC_BIRTH,incumbent,221,STORY,STORY,0,0.0,0
2,B_ARITHMETIC_BIRTH,capacity-shadow,221,STORY,STORY,0,,0
2,B_ARITHMETIC_BIRTH,geometry-shadow,221,STORY,STORY,0,0.704097330570221,0
2,B_ARITHMETIC_BIRTH,incumbent,222,STORY,STORY,0,0.0,0
2,B_ARITHMETIC_BIRTH,capacity-shadow,222,STORY,STORY,1,,0
2,B_ARITHMETIC_BIRTH,geometry-shadow,222,STORY,STORY,0,1.3233585357666016,0
2,B_ARITHMETIC_BIRTH,incumbent,223,ARITH_A,ARITHMETIC,0,0.0,0
2,B_ARITHMETIC_BIRTH,capacity-shadow,223,ARITH_A,ARITHMETIC,0,,0
2,B_ARITHMETIC_BIRTH,geometry-shadow,223,ARITH_A,ARITHMETIC,0,1.6824166774749756,0
2,B_ARITHMETIC_BIRTH,incumbent,224,STORY,STORY,0,0.0,0
2,B_ARITHMETIC_BIRTH,capacity-shadow,224,STORY,STORY,0,,0
2,B_ARITHMETIC_BIRTH,geometry-shadow,224,STORY,STORY,1,0.5743660926818848,0
2,B_ARITHMETIC_BIRTH,incumbent,225,ARITH_A,ARITHMETIC,0,0.0,0
2,B_ARITHMETIC_BIRTH,capacity-shadow,225,ARITH_A,ARITHMETIC,1,,0
2,B_ARITHMETIC_BIRTH,geometry-shadow,225,ARITH_A,ARITHMETIC,0,1.6938308477401731,0
2,B_ARITHMETIC_BIRTH,incumbent,226,STORY,STORY,0,0.0,0
2,B_ARITHMETIC_BIRTH,capacity-shadow,226,STORY,STORY,1,,0
2,B_ARITHMETIC_BIRTH,geometry-shadow,226,STORY,STORY,1,1.4772756099700928,0
2,B_ARITHMETIC_BIRTH,incumbent,227,ARITH_A,ARITHMETIC,0,0.0,0
2,B_ARITHMETIC_BIRTH,capacity-shadow,227,ARITH_A,ARITHMETIC,0,,0
2,B_ARITHMETIC_BIRTH,geometry-shadow,227,ARITH_A,ARITHMETIC,0,1.6757044792175293,0
2,B_ARITHMETIC_BIRTH,incumbent,228,ARITH_A,ARITHMETIC,0,0.0,0
2,B_ARITHMETIC_BIRTH,capacity-shadow,228,ARITH_A,ARITHMETIC,1,,0
2,B_ARITHMETIC_BIRTH,geometry-shadow,228,ARITH_A,ARITHMETIC,0,1.6906027793884275,0
2,B_ARITHMETIC_BIRTH,incumbent,229,ARITH_A,ARITHMETIC,0,0.0,0
2,B_ARITHMETIC_BIRTH,capacity-shadow,229,ARITH_A,ARITHMETIC,0,,0
2,B_ARITHMETIC_BIRTH,geometry-shadow,229,ARITH_A,ARITHMETIC,0,1.6680976152420044,0
2,B_ARITHMETIC_BIRTH,incumbent,230,ARITH_A,ARITHMETIC,0,0.0,0
2,B_ARITHMETIC_BIRTH,capacity-shadow,230,ARITH_A,ARITHMETIC,1,,0
2,B_ARITHMETIC_BIRTH,geometry-shadow,230,ARITH_A,ARITHMETIC,0,1.6724953651428225,0
2,B_ARITHMETIC_BIRTH,incumbent,231,ARITH_A,ARITHMETIC,0,0.0,0
2,B_ARITHMETIC_BIRTH,capacity-shadow,231,ARITH_A,ARITHMETIC,0,,0
2,B_ARITHMETIC_BIRTH,geometry-shadow,231,ARITH_A,ARITHMETIC,0,1.7030335664749146,0
2,B_ARITHMETIC_BIRTH,incumbent,232,ARITH_A,ARITHMETIC,0,0.0,0
2,B_ARITHMETIC_BIRTH,capacity-shadow,232,ARITH_A,ARITHMETIC,1,,0
2,B_ARITHMETIC_BIRTH,geometry-shadow,232,ARITH_A,ARITHMETIC,0,1.688933253288269,0
2,B_ARITHMETIC_BIRTH,incumbent,233,ARITH_A,ARITHMETIC,0,0.0,0
2,B_ARITHMETIC_BIRTH,capacity-shadow,233,ARITH_A,ARITHMETIC,0,,0
2,B_ARITHMETIC_BIRTH,geometry-shadow,233,ARITH_A,ARITHMETIC,0,1.699031114578247,0
2,B_ARITHMETIC_BIRTH,incumbent,234,STORY,STORY,0,0.0,0
2,B_ARITHMETIC_BIRTH,capacity-shadow,234,STORY,STORY,0,,0
2,B_ARITHMETIC_BIRTH,geometry-shadow,234,STORY,STORY,1,0.8890094757080078,0
2,B_ARITHMETIC_BIRTH,incumbent,235,STORY,STORY,0,0.0,0
2,B_ARITHMETIC_BIRTH,capacity-shadow,235,STORY,STORY,1,,0
2,B_ARITHMETIC_BIRTH,geometry-shadow,235,STORY,STORY,1,1.925391435623169,0
2,B_ARITHMETIC_BIRTH,incumbent,236,STORY,STORY,0,0.0,0
2,B_ARITHMETIC_BIRTH,capacity-shadow,236,STORY,STORY,0,,0
2,B_ARITHMETIC_BIRTH,geometry-shadow,236,STORY,STORY,1,0.3529335260391235,0
2,B_ARITHMETIC_BIRTH,incumbent,237,ARITH_A,ARITHMETIC,0,0.0,0
2,B_ARITHMETIC_BIRTH,capacity-shadow,237,ARITH_A,ARITHMETIC,1,,0
2,B_ARITHMETIC_BIRTH,geometry-shadow,237,ARITH_A,ARITHMETIC,0,1.6796352863311768,0
2,B_ARITHMETIC_BIRTH,incumbent,238,STORY,STORY,0,0.0,0
2,B_ARITHMETIC_BIRTH,capacity-shadow,238,STORY,STORY,1,,0
2,B_ARITHMETIC_BIRTH,geometry-shadow,238,STORY,STORY,1,1.4934003353118896,0
2,B_ARITHMETIC_BIRTH,incumbent,239,STORY,STORY,0,0.0,0
2,B_ARITHMETIC_BIRTH,capacity-shadow,239,STORY,STORY,0,,0
2,B_ARITHMETIC_BIRTH,geometry-shadow,239,STORY,STORY,0,0.8831099271774292,0
2,B_ARITHMETIC_BIRTH,incumbent,240,STORY,STORY,0,0.0,0
2,B_ARITHMETIC_BIRTH,capacity-shadow,240,STORY,STORY,1,,0
2,B_ARITHMETIC_BIRTH,geometry-shadow,240,STORY,STORY,0,0.7916033864021301,0
2,B_ARITHMETIC_BIRTH,incumbent,241,STORY,STORY,0,0.0,0
2,B_ARITHMETIC_BIRTH,capacity-shadow,241,STORY,STORY,0,,0
2,B_ARITHMETIC_BIRTH,geometry-shadow,241,STORY,STORY,1,0.8023537397384644,0
2,B_ARITHMETIC_BIRTH,incumbent,242,ARITH_A,ARITHMETIC,0,0.0,0
2,B_ARITHMETIC_BIRTH,capacity-shadow,242,ARITH_A,ARITHMETIC,0,,0
2,B_ARITHMETIC_BIRTH,geometry-shadow,242,ARITH_A,ARITHMETIC,0,1.693703293800354,0
2,B_ARITHMETIC_BIRTH,incumbent,243,ARITH_A,ARITHMETIC,0,0.0,0
2,B_ARITHMETIC_BIRTH,capacity-shadow,243,ARITH_A,ARITHMETIC,1,,0
2,B_ARITHMETIC_BIRTH,geometry-shadow,243,ARITH_A,ARITHMETIC,0,1.6718900203704834,0
2,B_ARITHMETIC_BIRTH,incumbent,244,ARITH_A,ARITHMETIC,0,0.0,0
2,B_ARITHMETIC_BIRTH,capacity-shadow,244,ARITH_A,ARITHMETIC,0,,0
2,B_ARITHMETIC_BIRTH,geometry-shadow,244,ARITH_A,ARITHMETIC,0,1.6861807107925415,0
2,B_ARITHMETIC_BIRTH,incumbent,245,ARITH_A,ARITHMETIC,0,0.0,0
2,B_ARITHMETIC_BIRTH,capacity-shadow,245,ARITH_A,ARITHMETIC,1,,0
2,B_ARITHMETIC_BIRTH,geometry-shadow,245,ARITH_A,ARITHMETIC,0,1.6980985403060913,0
2,B_ARITHMETIC_BIRTH,incumbent,246,ARITH_A,ARITHMETIC,0,0.0,0
2,B_ARITHMETIC_BIRTH,capacity-shadow,246,ARITH_A,ARITHMETIC,0,,0
2,B_ARITHMETIC_BIRTH,geometry-shadow,246,ARITH_A,ARITHMETIC,0,1.6939228773117063,0
2,B_ARITHMETIC_BIRTH,incumbent,247,STORY,STORY,0,0.0,0
2,B_ARITHMETIC_BIRTH,capacity-shadow,247,STORY,STORY,1,,0
2,B_ARITHMETIC_BIRTH,geometry-shadow,247,STORY,STORY,1,1.0847570896148682,0
2,B_ARITHMETIC_BIRTH,incumbent,248,ARITH_A,ARITHMETIC,0,0.0,0
2,B_ARITHMETIC_BIRTH,capacity-shadow,248,ARITH_A,ARITHMETIC,1,,0
2,B_ARITHMETIC_BIRTH,geometry-shadow,248,ARITH_A,ARITHMETIC,0,1.6887272596359253,0
2,B_ARITHMETIC_BIRTH,incumbent,249,ARITH_A,ARITHMETIC,0,0.0,0
2,B_ARITHMETIC_BIRTH,capacity-shadow,249,ARITH_A,ARITHMETIC,0,,0
2,B_ARITHMETIC_BIRTH,geometry-shadow,249,ARITH_A,ARITHMETIC,0,1.7045958042144775,0
2,B_ARITHMETIC_BIRTH,incumbent,250,ARITH_A,ARITHMETIC,0,0.0,0
2,B_ARITHMETIC_BIRTH,capacity-shadow,250,ARITH_A,ARITHMETIC,1,,0
2,B_ARITHMETIC_BIRTH,geometry-shadow,250,ARITH_A,ARITHMETIC,0,1.699920415878296,0
2,B_ARITHMETIC_BIRTH,incumbent,251,STORY,STORY,0,0.0,0
2,B_ARITHMETIC_BIRTH,capacity-shadow,251,STORY,STORY,0,,0
2,B_ARITHMETIC_BIRTH,geometry-shadow,251,STORY,STORY,0,0.4057333469390869,0
2,B_ARITHMETIC_BIRTH,incumbent,252,STORY,STORY,0,0.0,0
2,B_ARITHMETIC_BIRTH,capacity-shadow,252,STORY,STORY,1,,0
2,B_ARITHMETIC_BIRTH,geometry-shadow,252,STORY,STORY,0,0.6046479344367981,0
2,B_ARITHMETIC_BIRTH,incumbent,253,ARITH_A,ARITHMETIC,0,0.0,0
2,B_ARITHMETIC_BIRTH,capacity-shadow,253,ARITH_A,ARITHMETIC,0,,0
2,B_ARITHMETIC_BIRTH,geometry-shadow,253,ARITH_A,ARITHMETIC,0,1.6766917705535889,0
2,B_ARITHMETIC_BIRTH,incumbent,254,ARITH_A,ARITHMETIC,0,0.0,0
2,B_ARITHMETIC_BIRTH,capacity-shadow,254,ARITH_A,ARITHMETIC,1,,0
2,B_ARITHMETIC_BIRTH,geometry-shadow,254,ARITH_A,ARITHMETIC,0,1.6957967281341553,0
2,B_ARITHMETIC_BIRTH,incumbent,255,STORY,STORY,0,0.0,0
2,B_ARITHMETIC_BIRTH,capacity-shadow,255,STORY,STORY,0,,0
2,B_ARITHMETIC_BIRTH,geometry-shadow,255,STORY,STORY,1,1.2562355995178225,0
2,B_ARITHMETIC_BIRTH,incumbent,256,STORY,STORY,0,0.0,0
2,B_ARITHMETIC_BIRTH,capacity-shadow,256,STORY,STORY,1,,0
2,B_ARITHMETIC_BIRTH,geometry-shadow,256,STORY,STORY,0,0.896915078163147,0
2,C_DUPLICATE_ARITHMETIC,incumbent,1,ARITH_B,ARITHMETIC,0,0.8904613256454468,1
2,C_DUPLICATE_ARITHMETIC,capacity-shadow,1,ARITH_B,ARITHMETIC,0,,1
2,C_DUPLICATE_ARITHMETIC,geometry-shadow,1,ARITH_B,ARITHMETIC,0,0.8347078561782837,1
2,C_DUPLICATE_ARITHMETIC,incumbent,2,STORY,STORY,1,0.1893717050552368,1
2,C_DUPLICATE_ARITHMETIC,capacity-shadow,2,STORY,STORY,1,,1
2,C_DUPLICATE_ARITHMETIC,geometry-shadow,2,STORY,STORY,1,0.1836303472518921,1
2,C_DUPLICATE_ARITHMETIC,incumbent,3,ARITH_B,ARITHMETIC,0,0.895885169506073,1
2,C_DUPLICATE_ARITHMETIC,capacity-shadow,3,ARITH_B,ARITHMETIC,0,,1
2,C_DUPLICATE_ARITHMETIC,geometry-shadow,3,ARITH_B,ARITHMETIC,0,0.8407002687454224,1
2,C_DUPLICATE_ARITHMETIC,incumbent,4,ARITH_B,ARITHMETIC,0,0.8844495415687561,1
2,C_DUPLICATE_ARITHMETIC,capacity-shadow,4,ARITH_B,ARITHMETIC,0,,1
2,C_DUPLICATE_ARITHMETIC,geometry-shadow,4,ARITH_B,ARITHMETIC,0,0.8255472183227539,1
2,C_DUPLICATE_ARITHMETIC,incumbent,5,ARITH_B,ARITHMETIC,0,0.8935235738754272,1
2,C_DUPLICATE_ARITHMETIC,capacity-shadow,5,ARITH_B,ARITHMETIC,0,,1
2,C_DUPLICATE_ARITHMETIC,geometry-shadow,5,ARITH_B,ARITHMETIC,0,0.8371137380599976,1
2,C_DUPLICATE_ARITHMETIC,incumbent,6,STORY,STORY,1,0.7514462471008301,1
2,C_DUPLICATE_ARITHMETIC,capacity-shadow,6,STORY,STORY,2,,1
2,C_DUPLICATE_ARITHMETIC,geometry-shadow,6,STORY,STORY,2,0.2303113937377929,1
2,C_DUPLICATE_ARITHMETIC,incumbent,7,STORY,STORY,1,0.2978459596633911,1
2,C_DUPLICATE_ARITHMETIC,capacity-shadow,7,STORY,STORY,1,,1
2,C_DUPLICATE_ARITHMETIC,geometry-shadow,7,STORY,STORY,1,0.2911317348480224,1
2,C_DUPLICATE_ARITHMETIC,incumbent,8,STORY,STORY,1,0.4112656712532043,1
2,C_DUPLICATE_ARITHMETIC,capacity-shadow,8,STORY,STORY,2,,1
2,C_DUPLICATE_ARITHMETIC,geometry-shadow,8,STORY,STORY,1,0.4536789655685425,1
2,C_DUPLICATE_ARITHMETIC,incumbent,9,STORY,STORY,1,0.7633141279220581,1
2,C_DUPLICATE_ARITHMETIC,capacity-shadow,9,STORY,STORY,1,,1
2,C_DUPLICATE_ARITHMETIC,geometry-shadow,9,STORY,STORY,1,0.7659880518913269,1
2,C_DUPLICATE_ARITHMETIC,incumbent,10,STORY,STORY,1,0.1368178129196167,1
2,C_DUPLICATE_ARITHMETIC,capacity-shadow,10,STORY,STORY,2,,1
2,C_DUPLICATE_ARITHMETIC,geometry-shadow,10,STORY,STORY,1,0.2136057019233703,1
2,C_DUPLICATE_ARITHMETIC,incumbent,11,STORY,STORY,1,0.7997309565544128,1
2,C_DUPLICATE_ARITHMETIC,capacity-shadow,11,STORY,STORY,1,,1
2,C_DUPLICATE_ARITHMETIC,geometry-shadow,11,STORY,STORY,1,0.2459237575531005,1
2,C_DUPLICATE_ARITHMETIC,incumbent,12,ARITH_B,ARITHMETIC,0,0.8806830644607544,1
2,C_DUPLICATE_ARITHMETIC,capacity-shadow,12,ARITH_B,ARITHMETIC,0,,1
2,C_DUPLICATE_ARITHMETIC,geometry-shadow,12,ARITH_B,ARITHMETIC,0,0.8224987983703613,1
2,C_DUPLICATE_ARITHMETIC,incumbent,13,STORY,STORY,1,0.2637060880661011,1
2,C_DUPLICATE_ARITHMETIC,capacity-shadow,13,STORY,STORY,2,,1
2,C_DUPLICATE_ARITHMETIC,geometry-shadow,13,STORY,STORY,1,0.2799164056777954,1
2,C_DUPLICATE_ARITHMETIC,incumbent,14,ARITH_B,ARITHMETIC,0,0.8855962753295898,1
2,C_DUPLICATE_ARITHMETIC,capacity-shadow,14,ARITH_B,ARITHMETIC,0,,1
2,C_DUPLICATE_ARITHMETIC,geometry-shadow,14,ARITH_B,ARITHMETIC,0,0.826458752155304,1
2,C_DUPLICATE_ARITHMETIC,incumbent,15,ARITH_B,ARITHMETIC,0,0.8811895251274109,1
2,C_DUPLICATE_ARITHMETIC,capacity-shadow,15,ARITH_B,ARITHMETIC,0,,1
2,C_DUPLICATE_ARITHMETIC,geometry-shadow,15,ARITH_B,ARITHMETIC,0,0.8224635720252991,1
2,C_DUPLICATE_ARITHMETIC,incumbent,16,ARITH_B,ARITHMETIC,0,0.8874300122261047,1
2,C_DUPLICATE_ARITHMETIC,capacity-shadow,16,ARITH_B,ARITHMETIC,0,,1
2,C_DUPLICATE_ARITHMETIC,geometry-shadow,16,ARITH_B,ARITHMETIC,0,0.8311197757720947,1
2,C_DUPLICATE_ARITHMETIC,incumbent,17,STORY,STORY,1,0.3799937963485718,1
2,C_DUPLICATE_ARITHMETIC,capacity-shadow,17,STORY,STORY,1,,1
2,C_DUPLICATE_ARITHMETIC,geometry-shadow,17,STORY,STORY,1,0.4493728876113891,1
2,C_DUPLICATE_ARITHMETIC,incumbent,18,ARITH_A,ARITHMETIC,0,0.883976399898529,1
2,C_DUPLICATE_ARITHMETIC,capacity-shadow,18,ARITH_A,ARITHMETIC,0,,1
2,C_DUPLICATE_ARITHMETIC,geometry-shadow,18,ARITH_A,ARITHMETIC,0,0.8259772062301636,1
2,C_DUPLICATE_ARITHMETIC,incumbent,19,STORY,STORY,1,0.271492600440979,1
2,C_DUPLICATE_ARITHMETIC,capacity-shadow,19,STORY,STORY,2,,1
2,C_DUPLICATE_ARITHMETIC,geometry-shadow,19,STORY,STORY,1,0.2653682231903076,1
2,C_DUPLICATE_ARITHMETIC,incumbent,20,ARITH_A,ARITHMETIC,0,0.8846996426582336,1
2,C_DUPLICATE_ARITHMETIC,capacity-shadow,20,ARITH_A,ARITHMETIC,0,,1
2,C_DUPLICATE_ARITHMETIC,geometry-shadow,20,ARITH_A,ARITHMETIC,0,0.8256424069404602,1
2,C_DUPLICATE_ARITHMETIC,incumbent,21,ARITH_A,ARITHMETIC,0,0.88608318567276,1
2,C_DUPLICATE_ARITHMETIC,capacity-shadow,21,ARITH_A,ARITHMETIC,0,,1
2,C_DUPLICATE_ARITHMETIC,geometry-shadow,21,ARITH_A,ARITHMETIC,0,0.8276824355125427,1
2,C_DUPLICATE_ARITHMETIC,incumbent,22,STORY,STORY,1,0.1015453338623046,1
2,C_DUPLICATE_ARITHMETIC,capacity-shadow,22,STORY,STORY,1,,1
2,C_DUPLICATE_ARITHMETIC,geometry-shadow,22,STORY,STORY,1,0.0464564561843872,1
2,C_DUPLICATE_ARITHMETIC,incumbent,23,STORY,STORY,1,1.2005170583724976,1
2,C_DUPLICATE_ARITHMETIC,capacity-shadow,23,STORY,STORY,2,,1
2,C_DUPLICATE_ARITHMETIC,geometry-shadow,23,STORY,STORY,2,0.0720573663711547,1
2,C_DUPLICATE_ARITHMETIC,incumbent,24,ARITH_B,ARITHMETIC,0,0.8853681087493896,1
2,C_DUPLICATE_ARITHMETIC,capacity-shadow,24,ARITH_B,ARITHMETIC,0,,1
2,C_DUPLICATE_ARITHMETIC,geometry-shadow,24,ARITH_B,ARITHMETIC,0,0.8302562832832336,1
2,C_DUPLICATE_ARITHMETIC,incumbent,25,STORY,STORY,0,0.116047203540802,1
2,C_DUPLICATE_ARITHMETIC,capacity-shadow,25,STORY,STORY,0,,1
2,C_DUPLICATE_ARITHMETIC,geometry-shadow,25,STORY,STORY,0,0.0488264560699462,1
2,C_DUPLICATE_ARITHMETIC,incumbent,26,ARITH_A,ARITHMETIC,0,0.8968955278396606,1
2,C_DUPLICATE_ARITHMETIC,capacity-shadow,26,ARITH_A,ARITHMETIC,0,,1
2,C_DUPLICATE_ARITHMETIC,geometry-shadow,26,ARITH_A,ARITHMETIC,0,0.8407751321792603,1
2,C_DUPLICATE_ARITHMETIC,incumbent,27,ARITH_B,ARITHMETIC,0,0.8893338441848755,1
2,C_DUPLICATE_ARITHMETIC,capacity-shadow,27,ARITH_B,ARITHMETIC,0,,1
2,C_DUPLICATE_ARITHMETIC,geometry-shadow,27,ARITH_B,ARITHMETIC,0,0.835006594657898,1
2,C_DUPLICATE_ARITHMETIC,incumbent,28,ARITH_B,ARITHMETIC,0,0.8871232271194458,1
2,C_DUPLICATE_ARITHMETIC,capacity-shadow,28,ARITH_B,ARITHMETIC,0,,1
2,C_DUPLICATE_ARITHMETIC,geometry-shadow,28,ARITH_B,ARITHMETIC,0,0.8297311067581177,1
2,C_DUPLICATE_ARITHMETIC,incumbent,29,ARITH_A,ARITHMETIC,0,0.8744271993637085,1
2,C_DUPLICATE_ARITHMETIC,capacity-shadow,29,ARITH_A,ARITHMETIC,0,,1
2,C_DUPLICATE_ARITHMETIC,geometry-shadow,29,ARITH_A,ARITHMETIC,0,0.8149157762527466,1
2,C_DUPLICATE_ARITHMETIC,incumbent,30,ARITH_A,ARITHMETIC,0,0.8801090121269226,1
2,C_DUPLICATE_ARITHMETIC,capacity-shadow,30,ARITH_A,ARITHMETIC,0,,1
2,C_DUPLICATE_ARITHMETIC,geometry-shadow,30,ARITH_A,ARITHMETIC,0,0.8209061026573181,1
2,C_DUPLICATE_ARITHMETIC,incumbent,31,STORY,STORY,1,1.5958125591278076,1
2,C_DUPLICATE_ARITHMETIC,capacity-shadow,31,STORY,STORY,1,,1
2,C_DUPLICATE_ARITHMETIC,geometry-shadow,31,STORY,STORY,1,0.2603445053100586,1
2,C_DUPLICATE_ARITHMETIC,incumbent,32,ARITH_A,ARITHMETIC,0,0.8876911401748657,1
2,C_DUPLICATE_ARITHMETIC,capacity-shadow,32,ARITH_A,ARITHMETIC,0,,1
2,C_DUPLICATE_ARITHMETIC,geometry-shadow,32,ARITH_A,ARITHMETIC,0,0.8292582035064697,1
2,C_DUPLICATE_ARITHMETIC,incumbent,33,STORY,STORY,1,0.6928501129150391,1
2,C_DUPLICATE_ARITHMETIC,capacity-shadow,33,STORY,STORY,2,,1
2,C_DUPLICATE_ARITHMETIC,geometry-shadow,33,STORY,STORY,1,0.7292895913124084,1
2,C_DUPLICATE_ARITHMETIC,incumbent,34,ARITH_B,ARITHMETIC,0,0.8908821940422058,1
2,C_DUPLICATE_ARITHMETIC,capacity-shadow,34,ARITH_B,ARITHMETIC,0,,1
2,C_DUPLICATE_ARITHMETIC,geometry-shadow,34,ARITH_B,ARITHMETIC,0,0.8344091176986694,1
2,C_DUPLICATE_ARITHMETIC,incumbent,35,STORY,STORY,1,0.4216422438621521,1
2,C_DUPLICATE_ARITHMETIC,capacity-shadow,35,STORY,STORY,1,,1
2,C_DUPLICATE_ARITHMETIC,geometry-shadow,35,STORY,STORY,1,0.4496802687644958,1
2,C_DUPLICATE_ARITHMETIC,incumbent,36,ARITH_A,ARITHMETIC,0,0.8855172395706177,1
2,C_DUPLICATE_ARITHMETIC,capacity-shadow,36,ARITH_A,ARITHMETIC,0,,1
2,C_DUPLICATE_ARITHMETIC,geometry-shadow,36,ARITH_A,ARITHMETIC,0,0.8297595381736755,1
2,C_DUPLICATE_ARITHMETIC,incumbent,37,ARITH_B,ARITHMETIC,0,0.8820019960403442,1
2,C_DUPLICATE_ARITHMETIC,capacity-shadow,37,ARITH_B,ARITHMETIC,0,,1
2,C_DUPLICATE_ARITHMETIC,geometry-shadow,37,ARITH_B,ARITHMETIC,0,0.8237814903259277,1
2,C_DUPLICATE_ARITHMETIC,incumbent,38,STORY,STORY,0,0.0223332047462463,1
2,C_DUPLICATE_ARITHMETIC,capacity-shadow,38,STORY,STORY,0,,1
2,C_DUPLICATE_ARITHMETIC,geometry-shadow,38,STORY,STORY,1,0.0375847816467285,1
2,C_DUPLICATE_ARITHMETIC,incumbent,39,STORY,STORY,1,0.3380343914031982,1
2,C_DUPLICATE_ARITHMETIC,capacity-shadow,39,STORY,STORY,2,,1
2,C_DUPLICATE_ARITHMETIC,geometry-shadow,39,STORY,STORY,1,0.1773508787155151,1
2,C_DUPLICATE_ARITHMETIC,incumbent,40,ARITH_B,ARITHMETIC,0,0.8840863704681396,1
2,C_DUPLICATE_ARITHMETIC,capacity-shadow,40,ARITH_B,ARITHMETIC,0,,1
2,C_DUPLICATE_ARITHMETIC,geometry-shadow,40,ARITH_B,ARITHMETIC,0,0.8262430429458618,1
2,C_DUPLICATE_ARITHMETIC,incumbent,41,STORY,STORY,1,0.7360434532165527,1
2,C_DUPLICATE_ARITHMETIC,capacity-shadow,41,STORY,STORY,1,,1
2,C_DUPLICATE_ARITHMETIC,geometry-shadow,41,STORY,STORY,1,0.7546457052230835,1
2,C_DUPLICATE_ARITHMETIC,incumbent,42,STORY,STORY,1,0.8098173141479492,1
2,C_DUPLICATE_ARITHMETIC,capacity-shadow,42,STORY,STORY,2,,1
2,C_DUPLICATE_ARITHMETIC,geometry-shadow,42,STORY,STORY,2,0.1017138957977294,1
2,C_DUPLICATE_ARITHMETIC,incumbent,43,STORY,STORY,1,0.2657970190048218,1
2,C_DUPLICATE_ARITHMETIC,capacity-shadow,43,STORY,STORY,1,,1
2,C_DUPLICATE_ARITHMETIC,geometry-shadow,43,STORY,STORY,1,0.2060195207595825,1
2,C_DUPLICATE_ARITHMETIC,incumbent,44,ARITH_B,ARITHMETIC,0,0.8830037117004395,1
2,C_DUPLICATE_ARITHMETIC,capacity-shadow,44,ARITH_B,ARITHMETIC,0,,1
2,C_DUPLICATE_ARITHMETIC,geometry-shadow,44,ARITH_B,ARITHMETIC,0,0.823798418045044,1
2,C_DUPLICATE_ARITHMETIC,incumbent,45,STORY,STORY,1,1.3407913446426392,1
2,C_DUPLICATE_ARITHMETIC,capacity-shadow,45,STORY,STORY,2,,1
2,C_DUPLICATE_ARITHMETIC,geometry-shadow,45,STORY,STORY,1,0.8916846513748169,1
2,C_DUPLICATE_ARITHMETIC,incumbent,46,ARITH_A,ARITHMETIC,0,0.8888142704963684,1
2,C_DUPLICATE_ARITHMETIC,capacity-shadow,46,ARITH_A,ARITHMETIC,0,,1
2,C_DUPLICATE_ARITHMETIC,geometry-shadow,46,ARITH_A,ARITHMETIC,0,0.8303929567337036,1
2,C_DUPLICATE_ARITHMETIC,incumbent,47,ARITH_B,ARITHMETIC,0,0.8811487555503845,1
2,C_DUPLICATE_ARITHMETIC,capacity-shadow,47,ARITH_B,ARITHMETIC,0,,1
2,C_DUPLICATE_ARITHMETIC,geometry-shadow,47,ARITH_B,ARITHMETIC,0,0.8230680823326111,1
2,C_DUPLICATE_ARITHMETIC,incumbent,48,ARITH_B,ARITHMETIC,0,0.8767236471176147,1
2,C_DUPLICATE_ARITHMETIC,capacity-shadow,48,ARITH_B,ARITHMETIC,0,,1
2,C_DUPLICATE_ARITHMETIC,geometry-shadow,48,ARITH_B,ARITHMETIC,0,0.8159645795822144,1
2,C_DUPLICATE_ARITHMETIC,incumbent,49,ARITH_A,ARITHMETIC,0,0.8865123391151428,1
2,C_DUPLICATE_ARITHMETIC,capacity-shadow,49,ARITH_A,ARITHMETIC,0,,1
2,C_DUPLICATE_ARITHMETIC,geometry-shadow,49,ARITH_A,ARITHMETIC,0,0.831633985042572,1
2,C_DUPLICATE_ARITHMETIC,incumbent,50,ARITH_B,ARITHMETIC,0,0.8946460485458374,1
2,C_DUPLICATE_ARITHMETIC,capacity-shadow,50,ARITH_B,ARITHMETIC,0,,1
2,C_DUPLICATE_ARITHMETIC,geometry-shadow,50,ARITH_B,ARITHMETIC,0,0.8390083312988281,1
2,C_DUPLICATE_ARITHMETIC,incumbent,51,STORY,STORY,1,0.018368124961853,1
2,C_DUPLICATE_ARITHMETIC,capacity-shadow,51,STORY,STORY,1,,1
2,C_DUPLICATE_ARITHMETIC,geometry-shadow,51,STORY,STORY,0,0.0135496854782104,1
2,C_DUPLICATE_ARITHMETIC,incumbent,52,ARITH_B,ARITHMETIC,0,0.8884985446929932,1
2,C_DUPLICATE_ARITHMETIC,capacity-shadow,52,ARITH_B,ARITHMETIC,0,,1
2,C_DUPLICATE_ARITHMETIC,geometry-shadow,52,ARITH_B,ARITHMETIC,0,0.8328733444213867,1
2,C_DUPLICATE_ARITHMETIC,incumbent,53,STORY,STORY,1,1.2681159973144531,1
2,C_DUPLICATE_ARITHMETIC,capacity-shadow,53,STORY,STORY,2,,1
2,C_DUPLICATE_ARITHMETIC,geometry-shadow,53,STORY,STORY,2,0.2741436958312988,1
2,C_DUPLICATE_ARITHMETIC,incumbent,54,ARITH_B,ARITHMETIC,0,0.8883718252182007,1
2,C_DUPLICATE_ARITHMETIC,capacity-shadow,54,ARITH_B,ARITHMETIC,0,,1
2,C_DUPLICATE_ARITHMETIC,geometry-shadow,54,ARITH_B,ARITHMETIC,0,0.8322582840919495,1
2,C_DUPLICATE_ARITHMETIC,incumbent,55,STORY,STORY,1,0.4159231185913086,1
2,C_DUPLICATE_ARITHMETIC,capacity-shadow,55,STORY,STORY,1,,1
2,C_DUPLICATE_ARITHMETIC,geometry-shadow,55,STORY,STORY,1,0.4382369518280029,1
2,C_DUPLICATE_ARITHMETIC,incumbent,56,ARITH_A,ARITHMETIC,0,0.8828274607658386,1
2,C_DUPLICATE_ARITHMETIC,capacity-shadow,56,ARITH_A,ARITHMETIC,0,,1
2,C_DUPLICATE_ARITHMETIC,geometry-shadow,56,ARITH_A,ARITHMETIC,0,0.8246884346008301,1
2,C_DUPLICATE_ARITHMETIC,incumbent,57,ARITH_B,ARITHMETIC,0,0.889782726764679,1
2,C_DUPLICATE_ARITHMETIC,capacity-shadow,57,ARITH_B,ARITHMETIC,0,,1
2,C_DUPLICATE_ARITHMETIC,geometry-shadow,57,ARITH_B,ARITHMETIC,0,0.833468496799469,1
2,C_DUPLICATE_ARITHMETIC,incumbent,58,ARITH_A,ARITHMETIC,0,0.8930420279502869,1
2,C_DUPLICATE_ARITHMETIC,capacity-shadow,58,ARITH_A,ARITHMETIC,0,,1
2,C_DUPLICATE_ARITHMETIC,geometry-shadow,58,ARITH_A,ARITHMETIC,0,0.8355290293693542,1
2,C_DUPLICATE_ARITHMETIC,incumbent,59,STORY,STORY,1,0.8033697605133057,1
2,C_DUPLICATE_ARITHMETIC,capacity-shadow,59,STORY,STORY,2,,1
2,C_DUPLICATE_ARITHMETIC,geometry-shadow,59,STORY,STORY,1,0.8326752185821533,1
2,C_DUPLICATE_ARITHMETIC,incumbent,60,ARITH_B,ARITHMETIC,0,0.8813090324401855,1
2,C_DUPLICATE_ARITHMETIC,capacity-shadow,60,ARITH_B,ARITHMETIC,0,,1
2,C_DUPLICATE_ARITHMETIC,geometry-shadow,60,ARITH_B,ARITHMETIC,0,0.8221521973609924,1
2,C_DUPLICATE_ARITHMETIC,incumbent,61,ARITH_A,ARITHMETIC,0,0.8842622637748718,1
2,C_DUPLICATE_ARITHMETIC,capacity-shadow,61,ARITH_A,ARITHMETIC,0,,1
2,C_DUPLICATE_ARITHMETIC,geometry-shadow,61,ARITH_A,ARITHMETIC,0,0.8252180218696594,1
2,C_DUPLICATE_ARITHMETIC,incumbent,62,ARITH_B,ARITHMETIC,0,0.8931609988212585,1
2,C_DUPLICATE_ARITHMETIC,capacity-shadow,62,ARITH_B,ARITHMETIC,0,,1
2,C_DUPLICATE_ARITHMETIC,geometry-shadow,62,ARITH_B,ARITHMETIC,0,0.8378894925117493,1
2,C_DUPLICATE_ARITHMETIC,incumbent,63,ARITH_A,ARITHMETIC,0,0.8889486789703369,1
2,C_DUPLICATE_ARITHMETIC,capacity-shadow,63,ARITH_A,ARITHMETIC,0,,1
2,C_DUPLICATE_ARITHMETIC,geometry-shadow,63,ARITH_A,ARITHMETIC,0,0.8307434320449829,1
2,C_DUPLICATE_ARITHMETIC,incumbent,64,STORY,STORY,1,1.5165119171142578,1
2,C_DUPLICATE_ARITHMETIC,capacity-shadow,64,STORY,STORY,1,,1
2,C_DUPLICATE_ARITHMETIC,geometry-shadow,64,STORY,STORY,1,0.3622537851333618,1
2,C_DUPLICATE_ARITHMETIC,incumbent,65,ARITH_B,ARITHMETIC,0,0.8846726417541504,1
2,C_DUPLICATE_ARITHMETIC,capacity-shadow,65,ARITH_B,ARITHMETIC,0,,1
2,C_DUPLICATE_ARITHMETIC,geometry-shadow,65,ARITH_B,ARITHMETIC,0,0.8281922340393066,1
2,C_DUPLICATE_ARITHMETIC,incumbent,66,STORY,STORY,1,0.993622064590454,1
2,C_DUPLICATE_ARITHMETIC,capacity-shadow,66,STORY,STORY,2,,1
2,C_DUPLICATE_ARITHMETIC,geometry-shadow,66,STORY,STORY,2,0.0254206657409667,1
2,C_DUPLICATE_ARITHMETIC,incumbent,67,ARITH_B,ARITHMETIC,0,0.8813969492912292,1
2,C_DUPLICATE_ARITHMETIC,capacity-shadow,67,ARITH_B,ARITHMETIC,0,,1
2,C_DUPLICATE_ARITHMETIC,geometry-shadow,67,ARITH_B,ARITHMETIC,0,0.8257062435150146,1
2,C_DUPLICATE_ARITHMETIC,incumbent,68,ARITH_A,ARITHMETIC,0,0.8845435976982117,1
2,C_DUPLICATE_ARITHMETIC,capacity-shadow,68,ARITH_A,ARITHMETIC,0,,1
2,C_DUPLICATE_ARITHMETIC,geometry-shadow,68,ARITH_A,ARITHMETIC,0,0.8260357975959778,1
2,C_DUPLICATE_ARITHMETIC,incumbent,69,STORY,STORY,1,0.4795812964439392,1
2,C_DUPLICATE_ARITHMETIC,capacity-shadow,69,STORY,STORY,1,,1
2,C_DUPLICATE_ARITHMETIC,geometry-shadow,69,STORY,STORY,1,0.5412685871124268,1
2,C_DUPLICATE_ARITHMETIC,incumbent,70,STORY,STORY,1,0.5781399607658386,1
2,C_DUPLICATE_ARITHMETIC,capacity-shadow,70,STORY,STORY,2,,1
2,C_DUPLICATE_ARITHMETIC,geometry-shadow,70,STORY,STORY,1,0.5839264392852783,1
2,C_DUPLICATE_ARITHMETIC,incumbent,71,STORY,STORY,1,1.0095568895339966,1
2,C_DUPLICATE_ARITHMETIC,capacity-shadow,71,STORY,STORY,1,,1
2,C_DUPLICATE_ARITHMETIC,geometry-shadow,71,STORY,STORY,1,0.5129338502883911,1
2,C_DUPLICATE_ARITHMETIC,incumbent,72,STORY,STORY,1,1.5612670183181765,1
2,C_DUPLICATE_ARITHMETIC,capacity-shadow,72,STORY,STORY,2,,1
2,C_DUPLICATE_ARITHMETIC,geometry-shadow,72,STORY,STORY,2,0.0044450759887695,1
2,C_DUPLICATE_ARITHMETIC,incumbent,73,STORY,STORY,1,0.8888452649116516,1
2,C_DUPLICATE_ARITHMETIC,capacity-shadow,73,STORY,STORY,1,,1
2,C_DUPLICATE_ARITHMETIC,geometry-shadow,73,STORY,STORY,1,0.6771353483200073,1
2,C_DUPLICATE_ARITHMETIC,incumbent,74,STORY,STORY,1,0.947163462638855,1
2,C_DUPLICATE_ARITHMETIC,capacity-shadow,74,STORY,STORY,2,,1
2,C_DUPLICATE_ARITHMETIC,geometry-shadow,74,STORY,STORY,1,0.3473191261291504,1
2,C_DUPLICATE_ARITHMETIC,incumbent,75,STORY,STORY,1,1.5993423461914062,1
2,C_DUPLICATE_ARITHMETIC,capacity-shadow,75,STORY,STORY,1,,1
2,C_DUPLICATE_ARITHMETIC,geometry-shadow,75,STORY,STORY,2,0.3149451613426208,1
2,C_DUPLICATE_ARITHMETIC,incumbent,76,ARITH_A,ARITHMETIC,0,0.8798279166221619,1
2,C_DUPLICATE_ARITHMETIC,capacity-shadow,76,ARITH_A,ARITHMETIC,0,,1
2,C_DUPLICATE_ARITHMETIC,geometry-shadow,76,ARITH_A,ARITHMETIC,0,0.8198915719985962,1
2,C_DUPLICATE_ARITHMETIC,incumbent,77,STORY,STORY,1,0.8657298684120178,1
2,C_DUPLICATE_ARITHMETIC,capacity-shadow,77,STORY,STORY,2,,1
2,C_DUPLICATE_ARITHMETIC,geometry-shadow,77,STORY,STORY,1,0.8369011282920837,1
2,C_DUPLICATE_ARITHMETIC,incumbent,78,STORY,STORY,1,0.3163871765136719,1
2,C_DUPLICATE_ARITHMETIC,capacity-shadow,78,STORY,STORY,1,,1
2,C_DUPLICATE_ARITHMETIC,geometry-shadow,78,STORY,STORY,1,0.3564121723175049,1
2,C_DUPLICATE_ARITHMETIC,incumbent,79,STORY,STORY,1,0.4735114574432373,1
2,C_DUPLICATE_ARITHMETIC,capacity-shadow,79,STORY,STORY,2,,1
2,C_DUPLICATE_ARITHMETIC,geometry-shadow,79,STORY,STORY,2,0.2270777225494384,1
2,C_DUPLICATE_ARITHMETIC,incumbent,80,ARITH_A,ARITHMETIC,0,0.8895933032035828,1
2,C_DUPLICATE_ARITHMETIC,capacity-shadow,80,ARITH_A,ARITHMETIC,0,,1
2,C_DUPLICATE_ARITHMETIC,geometry-shadow,80,ARITH_A,ARITHMETIC,0,0.8329737782478333,1
2,C_DUPLICATE_ARITHMETIC,incumbent,81,ARITH_A,ARITHMETIC,0,0.8832173347473145,1
2,C_DUPLICATE_ARITHMETIC,capacity-shadow,81,ARITH_A,ARITHMETIC,0,,1
2,C_DUPLICATE_ARITHMETIC,geometry-shadow,81,ARITH_A,ARITHMETIC,0,0.8244481682777405,1
2,C_DUPLICATE_ARITHMETIC,incumbent,82,STORY,STORY,1,0.3735567927360534,1
2,C_DUPLICATE_ARITHMETIC,capacity-shadow,82,STORY,STORY,1,,1
2,C_DUPLICATE_ARITHMETIC,geometry-shadow,82,STORY,STORY,1,0.4270647764205932,1
2,C_DUPLICATE_ARITHMETIC,incumbent,83,STORY,STORY,1,1.2629938125610352,1
2,C_DUPLICATE_ARITHMETIC,capacity-shadow,83,STORY,STORY,2,,1
2,C_DUPLICATE_ARITHMETIC,geometry-shadow,83,STORY,STORY,1,0.3018512725830078,1
2,C_DUPLICATE_ARITHMETIC,incumbent,84,ARITH_B,ARITHMETIC,0,0.8934844732284546,1
2,C_DUPLICATE_ARITHMETIC,capacity-shadow,84,ARITH_B,ARITHMETIC,0,,1
2,C_DUPLICATE_ARITHMETIC,geometry-shadow,84,ARITH_B,ARITHMETIC,0,0.8367278575897217,1
2,C_DUPLICATE_ARITHMETIC,incumbent,85,ARITH_B,ARITHMETIC,0,0.8918482661247253,1
2,C_DUPLICATE_ARITHMETIC,capacity-shadow,85,ARITH_B,ARITHMETIC,0,,1
2,C_DUPLICATE_ARITHMETIC,geometry-shadow,85,ARITH_B,ARITHMETIC,0,0.8342447876930237,1
2,C_DUPLICATE_ARITHMETIC,incumbent,86,STORY,STORY,1,1.2674914598464966,1
2,C_DUPLICATE_ARITHMETIC,capacity-shadow,86,STORY,STORY,1,,1
2,C_DUPLICATE_ARITHMETIC,geometry-shadow,86,STORY,STORY,2,0.7120669484138489,1
2,C_DUPLICATE_ARITHMETIC,incumbent,87,STORY,STORY,1,0.4722844362258911,1
2,C_DUPLICATE_ARITHMETIC,capacity-shadow,87,STORY,STORY,2,,1
2,C_DUPLICATE_ARITHMETIC,geometry-shadow,87,STORY,STORY,1,0.4810926914215088,1
2,C_DUPLICATE_ARITHMETIC,incumbent,88,STORY,STORY,1,0.7075334787368774,1
2,C_DUPLICATE_ARITHMETIC,capacity-shadow,88,STORY,STORY,1,,1
2,C_DUPLICATE_ARITHMETIC,geometry-shadow,88,STORY,STORY,1,0.5880942344665527,1
2,C_DUPLICATE_ARITHMETIC,incumbent,89,STORY,STORY,1,0.0650473833084106,1
2,C_DUPLICATE_ARITHMETIC,capacity-shadow,89,STORY,STORY,2,,1
2,C_DUPLICATE_ARITHMETIC,geometry-shadow,89,STORY,STORY,1,0.061885118484497,1
2,C_DUPLICATE_ARITHMETIC,incumbent,90,STORY,STORY,1,0.9117623567581176,1
2,C_DUPLICATE_ARITHMETIC,capacity-shadow,90,STORY,STORY,1,,1
2,C_DUPLICATE_ARITHMETIC,geometry-shadow,90,STORY,STORY,1,0.2238551378250122,1
2,C_DUPLICATE_ARITHMETIC,incumbent,91,ARITH_A,ARITHMETIC,0,0.8842284679412842,1
2,C_DUPLICATE_ARITHMETIC,capacity-shadow,91,ARITH_A,ARITHMETIC,0,,1
2,C_DUPLICATE_ARITHMETIC,geometry-shadow,91,ARITH_A,ARITHMETIC,0,0.8253219127655029,1
2,C_DUPLICATE_ARITHMETIC,incumbent,92,STORY,STORY,1,0.9378480911254884,1
2,C_DUPLICATE_ARITHMETIC,capacity-shadow,92,STORY,STORY,2,,1
2,C_DUPLICATE_ARITHMETIC,geometry-shadow,92,STORY,STORY,1,0.3552017211914062,1
2,C_DUPLICATE_ARITHMETIC,incumbent,93,STORY,STORY,1,1.512228012084961,1
2,C_DUPLICATE_ARITHMETIC,capacity-shadow,93,STORY,STORY,1,,1
2,C_DUPLICATE_ARITHMETIC,geometry-shadow,93,STORY,STORY,1,0.5661242604255676,1
2,C_DUPLICATE_ARITHMETIC,incumbent,94,STORY,STORY,1,0.9525244235992432,1
2,C_DUPLICATE_ARITHMETIC,capacity-shadow,94,STORY,STORY,2,,1
2,C_DUPLICATE_ARITHMETIC,geometry-shadow,94,STORY,STORY,1,0.2127546072006225,1
2,C_DUPLICATE_ARITHMETIC,incumbent,95,STORY,STORY,1,0.9948363304138184,1
2,C_DUPLICATE_ARITHMETIC,capacity-shadow,95,STORY,STORY,1,,1
2,C_DUPLICATE_ARITHMETIC,geometry-shadow,95,STORY,STORY,1,1.0299229621887207,1
2,C_DUPLICATE_ARITHMETIC,incumbent,96,ARITH_A,ARITHMETIC,0,0.8820917010307312,1
2,C_DUPLICATE_ARITHMETIC,capacity-shadow,96,ARITH_A,ARITHMETIC,0,,1
2,C_DUPLICATE_ARITHMETIC,geometry-shadow,96,ARITH_A,ARITHMETIC,0,0.8240953087806702,1
2,C_DUPLICATE_ARITHMETIC,incumbent,97,ARITH_A,ARITHMETIC,0,0.8769333362579346,1
2,C_DUPLICATE_ARITHMETIC,capacity-shadow,97,ARITH_A,ARITHMETIC,0,,1
2,C_DUPLICATE_ARITHMETIC,geometry-shadow,97,ARITH_A,ARITHMETIC,0,0.8188362121582031,1
2,C_DUPLICATE_ARITHMETIC,incumbent,98,STORY,STORY,1,1.5270934104919434,1
2,C_DUPLICATE_ARITHMETIC,capacity-shadow,98,STORY,STORY,2,,1
2,C_DUPLICATE_ARITHMETIC,geometry-shadow,98,STORY,STORY,2,0.8759362697601318,1
2,C_DUPLICATE_ARITHMETIC,incumbent,99,ARITH_B,ARITHMETIC,0,0.8850812315940857,1
2,C_DUPLICATE_ARITHMETIC,capacity-shadow,99,ARITH_B,ARITHMETIC,0,,1
2,C_DUPLICATE_ARITHMETIC,geometry-shadow,99,ARITH_B,ARITHMETIC,0,0.8268062472343445,1
2,C_DUPLICATE_ARITHMETIC,incumbent,100,ARITH_B,ARITHMETIC,0,0.8824217915534973,1
2,C_DUPLICATE_ARITHMETIC,capacity-shadow,100,ARITH_B,ARITHMETIC,0,,1
2,C_DUPLICATE_ARITHMETIC,geometry-shadow,100,ARITH_B,ARITHMETIC,0,0.8241168856620789,1
2,C_DUPLICATE_ARITHMETIC,incumbent,101,STORY,STORY,1,0.2275376319885254,1
2,C_DUPLICATE_ARITHMETIC,capacity-shadow,101,STORY,STORY,1,,1
2,C_DUPLICATE_ARITHMETIC,geometry-shadow,101,STORY,STORY,1,0.2623187899589538,1
2,C_DUPLICATE_ARITHMETIC,incumbent,102,STORY,STORY,1,1.2522168159484863,1
2,C_DUPLICATE_ARITHMETIC,capacity-shadow,102,STORY,STORY,2,,1
2,C_DUPLICATE_ARITHMETIC,geometry-shadow,102,STORY,STORY,2,0.3459066152572632,1
2,C_DUPLICATE_ARITHMETIC,incumbent,103,STORY,STORY,1,1.1265392303466797,1
2,C_DUPLICATE_ARITHMETIC,capacity-shadow,103,STORY,STORY,1,,1
2,C_DUPLICATE_ARITHMETIC,geometry-shadow,103,STORY,STORY,2,0.7652394771575928,1
2,C_DUPLICATE_ARITHMETIC,incumbent,104,STORY,STORY,1,1.2073166370391846,1
2,C_DUPLICATE_ARITHMETIC,capacity-shadow,104,STORY,STORY,2,,1
2,C_DUPLICATE_ARITHMETIC,geometry-shadow,104,STORY,STORY,1,0.8201055526733398,1
2,C_DUPLICATE_ARITHMETIC,incumbent,105,ARITH_A,ARITHMETIC,0,0.8867398500442505,1
2,C_DUPLICATE_ARITHMETIC,capacity-shadow,105,ARITH_A,ARITHMETIC,0,,1
2,C_DUPLICATE_ARITHMETIC,geometry-shadow,105,ARITH_A,ARITHMETIC,0,0.8295397758483887,1
2,C_DUPLICATE_ARITHMETIC,incumbent,106,STORY,STORY,1,0.9716530442237854,1
2,C_DUPLICATE_ARITHMETIC,capacity-shadow,106,STORY,STORY,1,,1
2,C_DUPLICATE_ARITHMETIC,geometry-shadow,106,STORY,STORY,1,0.4530096650123596,1
2,C_DUPLICATE_ARITHMETIC,incumbent,107,STORY,STORY,1,0.7758921384811401,1
2,C_DUPLICATE_ARITHMETIC,capacity-shadow,107,STORY,STORY,2,,1
2,C_DUPLICATE_ARITHMETIC,geometry-shadow,107,STORY,STORY,1,0.5061391592025757,1
2,C_DUPLICATE_ARITHMETIC,incumbent,108,ARITH_A,ARITHMETIC,0,0.8890191316604614,1
2,C_DUPLICATE_ARITHMETIC,capacity-shadow,108,ARITH_A,ARITHMETIC,0,,1
2,C_DUPLICATE_ARITHMETIC,geometry-shadow,108,ARITH_A,ARITHMETIC,0,0.8339155316352844,1
2,C_DUPLICATE_ARITHMETIC,incumbent,109,ARITH_A,ARITHMETIC,0,0.877363383769989,1
2,C_DUPLICATE_ARITHMETIC,capacity-shadow,109,ARITH_A,ARITHMETIC,0,,1
2,C_DUPLICATE_ARITHMETIC,geometry-shadow,109,ARITH_A,ARITHMETIC,0,0.8169556260108948,1
2,C_DUPLICATE_ARITHMETIC,incumbent,110,ARITH_A,ARITHMETIC,0,0.8867723941802979,1
2,C_DUPLICATE_ARITHMETIC,capacity-shadow,110,ARITH_A,ARITHMETIC,0,,1
2,C_DUPLICATE_ARITHMETIC,geometry-shadow,110,ARITH_A,ARITHMETIC,0,0.8302667737007141,1
2,C_DUPLICATE_ARITHMETIC,incumbent,111,ARITH_A,ARITHMETIC,0,0.8808638453483582,1
2,C_DUPLICATE_ARITHMETIC,capacity-shadow,111,ARITH_A,ARITHMETIC,0,,1
2,C_DUPLICATE_ARITHMETIC,geometry-shadow,111,ARITH_A,ARITHMETIC,0,0.8206544518470764,1
2,C_DUPLICATE_ARITHMETIC,incumbent,112,ARITH_B,ARITHMETIC,0,0.8857792019844055,1
2,C_DUPLICATE_ARITHMETIC,capacity-shadow,112,ARITH_B,ARITHMETIC,0,,1
2,C_DUPLICATE_ARITHMETIC,geometry-shadow,112,ARITH_B,ARITHMETIC,0,0.8289294838905334,1
2,C_DUPLICATE_ARITHMETIC,incumbent,113,ARITH_B,ARITHMETIC,0,0.888196587562561,1
2,C_DUPLICATE_ARITHMETIC,capacity-shadow,113,ARITH_B,ARITHMETIC,0,,1
2,C_DUPLICATE_ARITHMETIC,geometry-shadow,113,ARITH_B,ARITHMETIC,0,0.828640878200531,1
2,C_DUPLICATE_ARITHMETIC,incumbent,114,ARITH_B,ARITHMETIC,0,0.8897354602813721,1
2,C_DUPLICATE_ARITHMETIC,capacity-shadow,114,ARITH_B,ARITHMETIC,0,,1
2,C_DUPLICATE_ARITHMETIC,geometry-shadow,114,ARITH_B,ARITHMETIC,0,0.834536075592041,1
2,C_DUPLICATE_ARITHMETIC,incumbent,115,STORY,STORY,1,1.229090690612793,1
2,C_DUPLICATE_ARITHMETIC,capacity-shadow,115,STORY,STORY,1,,1
2,C_DUPLICATE_ARITHMETIC,geometry-shadow,115,STORY,STORY,2,0.3028693199157715,1
2,C_DUPLICATE_ARITHMETIC,incumbent,116,ARITH_A,ARITHMETIC,0,0.8900715112686157,1
2,C_DUPLICATE_ARITHMETIC,capacity-shadow,116,ARITH_A,ARITHMETIC,0,,1
2,C_DUPLICATE_ARITHMETIC,geometry-shadow,116,ARITH_A,ARITHMETIC,0,0.8338538408279419,1
2,C_DUPLICATE_ARITHMETIC,incumbent,117,STORY,STORY,1,0.3309674859046936,1
2,C_DUPLICATE_ARITHMETIC,capacity-shadow,117,STORY,STORY,2,,1
2,C_DUPLICATE_ARITHMETIC,geometry-shadow,117,STORY,STORY,1,0.3395140171051025,1
2,C_DUPLICATE_ARITHMETIC,incumbent,118,ARITH_A,ARITHMETIC,0,0.8797432780265808,1
2,C_DUPLICATE_ARITHMETIC,capacity-shadow,118,ARITH_A,ARITHMETIC,0,,1
2,C_DUPLICATE_ARITHMETIC,geometry-shadow,118,ARITH_A,ARITHMETIC,0,0.8204721212387085,1
2,C_DUPLICATE_ARITHMETIC,incumbent,119,ARITH_A,ARITHMETIC,0,0.8750145435333252,1
2,C_DUPLICATE_ARITHMETIC,capacity-shadow,119,ARITH_A,ARITHMETIC,0,,1
2,C_DUPLICATE_ARITHMETIC,geometry-shadow,119,ARITH_A,ARITHMETIC,0,0.8137143850326538,1
2,C_DUPLICATE_ARITHMETIC,incumbent,120,ARITH_A,ARITHMETIC,0,0.8836314082145691,1
2,C_DUPLICATE_ARITHMETIC,capacity-shadow,120,ARITH_A,ARITHMETIC,0,,1
2,C_DUPLICATE_ARITHMETIC,geometry-shadow,120,ARITH_A,ARITHMETIC,0,0.8238500356674194,1
2,C_DUPLICATE_ARITHMETIC,incumbent,121,ARITH_B,ARITHMETIC,0,0.8731297254562378,1
2,C_DUPLICATE_ARITHMETIC,capacity-shadow,121,ARITH_B,ARITHMETIC,0,,1
2,C_DUPLICATE_ARITHMETIC,geometry-shadow,121,ARITH_B,ARITHMETIC,0,0.8130236268043518,1
2,C_DUPLICATE_ARITHMETIC,incumbent,122,STORY,STORY,1,0.3601802587509155,1
2,C_DUPLICATE_ARITHMETIC,capacity-shadow,122,STORY,STORY,1,,1
2,C_DUPLICATE_ARITHMETIC,geometry-shadow,122,STORY,STORY,1,0.3711684942245483,1
2,C_DUPLICATE_ARITHMETIC,incumbent,123,ARITH_B,ARITHMETIC,0,0.8911629319190979,1
2,C_DUPLICATE_ARITHMETIC,capacity-shadow,123,ARITH_B,ARITHMETIC,0,,1
2,C_DUPLICATE_ARITHMETIC,geometry-shadow,123,ARITH_B,ARITHMETIC,0,0.8385370373725891,1
2,C_DUPLICATE_ARITHMETIC,incumbent,124,ARITH_B,ARITHMETIC,0,0.8921946287155151,1
2,C_DUPLICATE_ARITHMETIC,capacity-shadow,124,ARITH_B,ARITHMETIC,0,,1
2,C_DUPLICATE_ARITHMETIC,geometry-shadow,124,ARITH_B,ARITHMETIC,0,0.8360141515731812,1
2,C_DUPLICATE_ARITHMETIC,incumbent,125,STORY,STORY,1,1.855953812599182,1
2,C_DUPLICATE_ARITHMETIC,capacity-shadow,125,STORY,STORY,2,,1
2,C_DUPLICATE_ARITHMETIC,geometry-shadow,125,STORY,STORY,2,0.4795491695404053,1
2,C_DUPLICATE_ARITHMETIC,incumbent,126,STORY,STORY,0,0.026605486869812,1
2,C_DUPLICATE_ARITHMETIC,capacity-shadow,126,STORY,STORY,0,,1
2,C_DUPLICATE_ARITHMETIC,geometry-shadow,126,STORY,STORY,1,0.0096693038940429,1
2,C_DUPLICATE_ARITHMETIC,incumbent,127,ARITH_B,ARITHMETIC,0,0.891606330871582,1
2,C_DUPLICATE_ARITHMETIC,capacity-shadow,127,ARITH_B,ARITHMETIC,0,,1
2,C_DUPLICATE_ARITHMETIC,geometry-shadow,127,ARITH_B,ARITHMETIC,0,0.8346749544143677,1
2,C_DUPLICATE_ARITHMETIC,incumbent,128,ARITH_A,ARITHMETIC,0,0.8797541856765747,1
2,C_DUPLICATE_ARITHMETIC,capacity-shadow,128,ARITH_A,ARITHMETIC,0,,1
2,C_DUPLICATE_ARITHMETIC,geometry-shadow,128,ARITH_A,ARITHMETIC,0,0.8217222690582275,1
2,C_DUPLICATE_ARITHMETIC,incumbent,129,STORY,STORY,1,1.218155860900879,1
2,C_DUPLICATE_ARITHMETIC,capacity-shadow,129,STORY,STORY,1,,1
2,C_DUPLICATE_ARITHMETIC,geometry-shadow,129,STORY,STORY,2,0.6255289316177368,1
2,C_DUPLICATE_ARITHMETIC,incumbent,130,ARITH_A,ARITHMETIC,0,0.8840590715408325,1
2,C_DUPLICATE_ARITHMETIC,capacity-shadow,130,ARITH_A,ARITHMETIC,0,,1
2,C_DUPLICATE_ARITHMETIC,geometry-shadow,130,ARITH_A,ARITHMETIC,0,0.8275747299194336,1
2,C_DUPLICATE_ARITHMETIC,incumbent,131,ARITH_B,ARITHMETIC,0,0.8894100189208984,1
2,C_DUPLICATE_ARITHMETIC,capacity-shadow,131,ARITH_B,ARITHMETIC,0,,1
2,C_DUPLICATE_ARITHMETIC,geometry-shadow,131,ARITH_B,ARITHMETIC,0,0.8307419419288635,1
2,C_DUPLICATE_ARITHMETIC,incumbent,132,ARITH_A,ARITHMETIC,0,0.8737190365791321,1
2,C_DUPLICATE_ARITHMETIC,capacity-shadow,132,ARITH_A,ARITHMETIC,0,,1
2,C_DUPLICATE_ARITHMETIC,geometry-shadow,132,ARITH_A,ARITHMETIC,0,0.8147786855697632,1
2,C_DUPLICATE_ARITHMETIC,incumbent,133,STORY,STORY,1,0.7875691652297974,1
2,C_DUPLICATE_ARITHMETIC,capacity-shadow,133,STORY,STORY,2,,1
2,C_DUPLICATE_ARITHMETIC,geometry-shadow,133,STORY,STORY,1,0.8039613962173462,1
2,C_DUPLICATE_ARITHMETIC,incumbent,134,STORY,STORY,1,0.872071385383606,1
2,C_DUPLICATE_ARITHMETIC,capacity-shadow,134,STORY,STORY,1,,1
2,C_DUPLICATE_ARITHMETIC,geometry-shadow,134,STORY,STORY,1,0.9241610765457152,1
2,C_DUPLICATE_ARITHMETIC,incumbent,135,ARITH_A,ARITHMETIC,0,0.8956201076507568,1
2,C_DUPLICATE_ARITHMETIC,capacity-shadow,135,ARITH_A,ARITHMETIC,0,,1
2,C_DUPLICATE_ARITHMETIC,geometry-shadow,135,ARITH_A,ARITHMETIC,0,0.8393688201904297,1
2,C_DUPLICATE_ARITHMETIC,incumbent,136,STORY,STORY,1,1.1811559200286863,1
2,C_DUPLICATE_ARITHMETIC,capacity-shadow,136,STORY,STORY,2,,1
2,C_DUPLICATE_ARITHMETIC,geometry-shadow,136,STORY,STORY,2,0.2651731967926025,1
2,C_DUPLICATE_ARITHMETIC,incumbent,137,STORY,STORY,1,0.8133271932601929,1
2,C_DUPLICATE_ARITHMETIC,capacity-shadow,137,STORY,STORY,1,,1
2,C_DUPLICATE_ARITHMETIC,geometry-shadow,137,STORY,STORY,2,0.1674331426620483,1
2,C_DUPLICATE_ARITHMETIC,incumbent,138,ARITH_A,ARITHMETIC,0,0.8864494562149048,1
2,C_DUPLICATE_ARITHMETIC,capacity-shadow,138,ARITH_A,ARITHMETIC,0,,1
2,C_DUPLICATE_ARITHMETIC,geometry-shadow,138,ARITH_A,ARITHMETIC,0,0.8301644325256348,1
2,C_DUPLICATE_ARITHMETIC,incumbent,139,ARITH_A,ARITHMETIC,0,0.894705593585968,1
2,C_DUPLICATE_ARITHMETIC,capacity-shadow,139,ARITH_A,ARITHMETIC,0,,1
2,C_DUPLICATE_ARITHMETIC,geometry-shadow,139,ARITH_A,ARITHMETIC,0,0.8390690684318542,1
2,C_DUPLICATE_ARITHMETIC,incumbent,140,STORY,STORY,0,0.0530785322189331,1
2,C_DUPLICATE_ARITHMETIC,capacity-shadow,140,STORY,STORY,0,,1
2,C_DUPLICATE_ARITHMETIC,geometry-shadow,140,STORY,STORY,0,0.0194951891899108,1
2,C_DUPLICATE_ARITHMETIC,incumbent,141,ARITH_B,ARITHMETIC,0,0.8991243839263916,1
2,C_DUPLICATE_ARITHMETIC,capacity-shadow,141,ARITH_B,ARITHMETIC,0,,1
2,C_DUPLICATE_ARITHMETIC,geometry-shadow,141,ARITH_B,ARITHMETIC,0,0.8455719947814941,1
2,C_DUPLICATE_ARITHMETIC,incumbent,142,ARITH_B,ARITHMETIC,0,0.8863025307655334,1
2,C_DUPLICATE_ARITHMETIC,capacity-shadow,142,ARITH_B,ARITHMETIC,0,,1
2,C_DUPLICATE_ARITHMETIC,geometry-shadow,142,ARITH_B,ARITHMETIC,0,0.8287627696990967,1
2,C_DUPLICATE_ARITHMETIC,incumbent,143,ARITH_A,ARITHMETIC,0,0.8823568820953369,1
2,C_DUPLICATE_ARITHMETIC,capacity-shadow,143,ARITH_A,ARITHMETIC,0,,1
2,C_DUPLICATE_ARITHMETIC,geometry-shadow,143,ARITH_A,ARITHMETIC,0,0.8246601819992065,1
2,C_DUPLICATE_ARITHMETIC,incumbent,144,ARITH_B,ARITHMETIC,0,0.8790656924247742,1
2,C_DUPLICATE_ARITHMETIC,capacity-shadow,144,ARITH_B,ARITHMETIC,0,,1
2,C_DUPLICATE_ARITHMETIC,geometry-shadow,144,ARITH_B,ARITHMETIC,0,0.8173186182975769,1
2,C_DUPLICATE_ARITHMETIC,incumbent,145,STORY,STORY,1,0.4579770565032959,1
2,C_DUPLICATE_ARITHMETIC,capacity-shadow,145,STORY,STORY,2,,1
2,C_DUPLICATE_ARITHMETIC,geometry-shadow,145,STORY,STORY,1,0.3932510614395141,1
2,C_DUPLICATE_ARITHMETIC,incumbent,146,ARITH_B,ARITHMETIC,0,0.8802918195724487,1
2,C_DUPLICATE_ARITHMETIC,capacity-shadow,146,ARITH_B,ARITHMETIC,0,,1
2,C_DUPLICATE_ARITHMETIC,geometry-shadow,146,ARITH_B,ARITHMETIC,0,0.8214477896690369,1
2,C_DUPLICATE_ARITHMETIC,incumbent,147,ARITH_B,ARITHMETIC,0,0.8855299353599548,1
2,C_DUPLICATE_ARITHMETIC,capacity-shadow,147,ARITH_B,ARITHMETIC,0,,1
2,C_DUPLICATE_ARITHMETIC,geometry-shadow,147,ARITH_B,ARITHMETIC,0,0.825450599193573,1
2,C_DUPLICATE_ARITHMETIC,incumbent,148,ARITH_A,ARITHMETIC,0,0.87875896692276,1
2,C_DUPLICATE_ARITHMETIC,capacity-shadow,148,ARITH_A,ARITHMETIC,0,,1
2,C_DUPLICATE_ARITHMETIC,geometry-shadow,148,ARITH_A,ARITHMETIC,0,0.8184192180633545,1
2,C_DUPLICATE_ARITHMETIC,incumbent,149,STORY,STORY,1,0.2681862711906433,1
2,C_DUPLICATE_ARITHMETIC,capacity-shadow,149,STORY,STORY,1,,1
2,C_DUPLICATE_ARITHMETIC,geometry-shadow,149,STORY,STORY,1,0.3082515001296997,1
2,C_DUPLICATE_ARITHMETIC,incumbent,150,STORY,STORY,1,0.652423083782196,1
2,C_DUPLICATE_ARITHMETIC,capacity-shadow,150,STORY,STORY,2,,1
2,C_DUPLICATE_ARITHMETIC,geometry-shadow,150,STORY,STORY,1,0.6999156475067139,1
2,C_DUPLICATE_ARITHMETIC,incumbent,151,STORY,STORY,1,0.2369608879089355,1
2,C_DUPLICATE_ARITHMETIC,capacity-shadow,151,STORY,STORY,1,,1
2,C_DUPLICATE_ARITHMETIC,geometry-shadow,151,STORY,STORY,1,0.2782741189002991,1
2,C_DUPLICATE_ARITHMETIC,incumbent,152,STORY,STORY,1,0.4358705282211303,1
2,C_DUPLICATE_ARITHMETIC,capacity-shadow,152,STORY,STORY,2,,1
2,C_DUPLICATE_ARITHMETIC,geometry-shadow,152,STORY,STORY,1,0.4721015691757202,1
2,C_DUPLICATE_ARITHMETIC,incumbent,153,STORY,STORY,1,0.4223160743713379,1
2,C_DUPLICATE_ARITHMETIC,capacity-shadow,153,STORY,STORY,1,,1
2,C_DUPLICATE_ARITHMETIC,geometry-shadow,153,STORY,STORY,1,0.4657453298568725,1
2,C_DUPLICATE_ARITHMETIC,incumbent,154,STORY,STORY,1,0.8919552564620972,1
2,C_DUPLICATE_ARITHMETIC,capacity-shadow,154,STORY,STORY,2,,1
2,C_DUPLICATE_ARITHMETIC,geometry-shadow,154,STORY,STORY,1,0.2706340551376343,1
2,C_DUPLICATE_ARITHMETIC,incumbent,155,ARITH_A,ARITHMETIC,0,0.8808582425117493,1
2,C_DUPLICATE_ARITHMETIC,capacity-shadow,155,ARITH_A,ARITHMETIC,0,,1
2,C_DUPLICATE_ARITHMETIC,geometry-shadow,155,ARITH_A,ARITHMETIC,0,0.8223587870597839,1
2,C_DUPLICATE_ARITHMETIC,incumbent,156,STORY,STORY,1,0.4418624639511108,1
2,C_DUPLICATE_ARITHMETIC,capacity-shadow,156,STORY,STORY,1,,1
2,C_DUPLICATE_ARITHMETIC,geometry-shadow,156,STORY,STORY,1,0.4521107077598572,1
2,C_DUPLICATE_ARITHMETIC,incumbent,157,STORY,STORY,1,0.8265023231506348,1
2,C_DUPLICATE_ARITHMETIC,capacity-shadow,157,STORY,STORY,2,,1
2,C_DUPLICATE_ARITHMETIC,geometry-shadow,157,STORY,STORY,2,0.4161943197250366,1
2,C_DUPLICATE_ARITHMETIC,incumbent,158,STORY,STORY,1,0.749701976776123,1
2,C_DUPLICATE_ARITHMETIC,capacity-shadow,158,STORY,STORY,1,,1
2,C_DUPLICATE_ARITHMETIC,geometry-shadow,158,STORY,STORY,1,0.3161733150482178,1
2,C_DUPLICATE_ARITHMETIC,incumbent,159,STORY,STORY,1,1.1355128288269043,1
2,C_DUPLICATE_ARITHMETIC,capacity-shadow,159,STORY,STORY,2,,1
2,C_DUPLICATE_ARITHMETIC,geometry-shadow,159,STORY,STORY,2,0.8450944423675537,1
2,C_DUPLICATE_ARITHMETIC,incumbent,160,STORY,STORY,1,0.1308240294456482,1
2,C_DUPLICATE_ARITHMETIC,capacity-shadow,160,STORY,STORY,1,,1
2,C_DUPLICATE_ARITHMETIC,geometry-shadow,160,STORY,STORY,1,0.1650034189224243,1
2,C_DUPLICATE_ARITHMETIC,incumbent,161,STORY,STORY,1,1.6171177625656128,1
2,C_DUPLICATE_ARITHMETIC,capacity-shadow,161,STORY,STORY,2,,1
2,C_DUPLICATE_ARITHMETIC,geometry-shadow,161,STORY,STORY,2,0.366432785987854,1
2,C_DUPLICATE_ARITHMETIC,incumbent,162,STORY,STORY,1,0.4658769965171814,1
2,C_DUPLICATE_ARITHMETIC,capacity-shadow,162,STORY,STORY,1,,1
2,C_DUPLICATE_ARITHMETIC,geometry-shadow,162,STORY,STORY,1,0.5262977480888367,1
2,C_DUPLICATE_ARITHMETIC,incumbent,163,ARITH_A,ARITHMETIC,0,0.8699308633804321,1
2,C_DUPLICATE_ARITHMETIC,capacity-shadow,163,ARITH_A,ARITHMETIC,0,,1
2,C_DUPLICATE_ARITHMETIC,geometry-shadow,163,ARITH_A,ARITHMETIC,0,0.8077658414840698,1
2,C_DUPLICATE_ARITHMETIC,incumbent,164,ARITH_B,ARITHMETIC,0,0.8832882046699524,1
2,C_DUPLICATE_ARITHMETIC,capacity-shadow,164,ARITH_B,ARITHMETIC,0,,1
2,C_DUPLICATE_ARITHMETIC,geometry-shadow,164,ARITH_B,ARITHMETIC,0,0.828863799571991,1
2,C_DUPLICATE_ARITHMETIC,incumbent,165,ARITH_B,ARITHMETIC,0,0.8965323567390442,1
2,C_DUPLICATE_ARITHMETIC,capacity-shadow,165,ARITH_B,ARITHMETIC,0,,1
2,C_DUPLICATE_ARITHMETIC,geometry-shadow,165,ARITH_B,ARITHMETIC,0,0.8418725728988647,1
2,C_DUPLICATE_ARITHMETIC,incumbent,166,STORY,STORY,1,0.8189160823822021,1
2,C_DUPLICATE_ARITHMETIC,capacity-shadow,166,STORY,STORY,2,,1
2,C_DUPLICATE_ARITHMETIC,geometry-shadow,166,STORY,STORY,2,0.4432857036590576,1
2,C_DUPLICATE_ARITHMETIC,incumbent,167,ARITH_B,ARITHMETIC,0,0.8912048935890198,1
2,C_DUPLICATE_ARITHMETIC,capacity-shadow,167,ARITH_B,ARITHMETIC,0,,1
2,C_DUPLICATE_ARITHMETIC,geometry-shadow,167,ARITH_B,ARITHMETIC,0,0.8342166543006897,1
2,C_DUPLICATE_ARITHMETIC,incumbent,168,ARITH_B,ARITHMETIC,0,0.8719427585601807,1
2,C_DUPLICATE_ARITHMETIC,capacity-shadow,168,ARITH_B,ARITHMETIC,0,,1
2,C_DUPLICATE_ARITHMETIC,geometry-shadow,168,ARITH_B,ARITHMETIC,0,0.8110355138778687,1
2,C_DUPLICATE_ARITHMETIC,incumbent,169,STORY,STORY,1,0.2073062062263488,1
2,C_DUPLICATE_ARITHMETIC,capacity-shadow,169,STORY,STORY,1,,1
2,C_DUPLICATE_ARITHMETIC,geometry-shadow,169,STORY,STORY,1,0.2589073479175567,1
2,C_DUPLICATE_ARITHMETIC,incumbent,170,STORY,STORY,1,0.8738747835159302,1
2,C_DUPLICATE_ARITHMETIC,capacity-shadow,170,STORY,STORY,2,,1
2,C_DUPLICATE_ARITHMETIC,geometry-shadow,170,STORY,STORY,1,0.8630426526069641,1
2,C_DUPLICATE_ARITHMETIC,incumbent,171,ARITH_A,ARITHMETIC,0,0.8968305587768555,1
2,C_DUPLICATE_ARITHMETIC,capacity-shadow,171,ARITH_A,ARITHMETIC,0,,1
2,C_DUPLICATE_ARITHMETIC,geometry-shadow,171,ARITH_A,ARITHMETIC,0,0.8411933779716492,1
2,C_DUPLICATE_ARITHMETIC,incumbent,172,ARITH_A,ARITHMETIC,0,0.8995904922485352,1
2,C_DUPLICATE_ARITHMETIC,capacity-shadow,172,ARITH_A,ARITHMETIC,0,,1
2,C_DUPLICATE_ARITHMETIC,geometry-shadow,172,ARITH_A,ARITHMETIC,0,0.8420819044113159,1
2,C_DUPLICATE_ARITHMETIC,incumbent,173,STORY,STORY,1,0.9055966734886168,1
2,C_DUPLICATE_ARITHMETIC,capacity-shadow,173,STORY,STORY,1,,1
2,C_DUPLICATE_ARITHMETIC,geometry-shadow,173,STORY,STORY,1,0.5695748329162598,1
2,C_DUPLICATE_ARITHMETIC,incumbent,174,STORY,STORY,1,0.783785343170166,1
2,C_DUPLICATE_ARITHMETIC,capacity-shadow,174,STORY,STORY,2,,1
2,C_DUPLICATE_ARITHMETIC,geometry-shadow,174,STORY,STORY,1,0.3891478776931762,1
2,C_DUPLICATE_ARITHMETIC,incumbent,175,STORY,STORY,1,0.923207938671112,1
2,C_DUPLICATE_ARITHMETIC,capacity-shadow,175,STORY,STORY,1,,1
2,C_DUPLICATE_ARITHMETIC,geometry-shadow,175,STORY,STORY,1,0.9120597839355468,1
2,C_DUPLICATE_ARITHMETIC,incumbent,176,ARITH_B,ARITHMETIC,0,0.8847283720970154,1
2,C_DUPLICATE_ARITHMETIC,capacity-shadow,176,ARITH_B,ARITHMETIC,0,,1
2,C_DUPLICATE_ARITHMETIC,geometry-shadow,176,ARITH_B,ARITHMETIC,0,0.8244366645812988,1
2,C_DUPLICATE_ARITHMETIC,incumbent,177,ARITH_B,ARITHMETIC,0,0.8799362778663635,1
2,C_DUPLICATE_ARITHMETIC,capacity-shadow,177,ARITH_B,ARITHMETIC,0,,1
2,C_DUPLICATE_ARITHMETIC,geometry-shadow,177,ARITH_B,ARITHMETIC,0,0.8212925791740417,1
2,C_DUPLICATE_ARITHMETIC,incumbent,178,STORY,STORY,1,1.3062632083892822,1
2,C_DUPLICATE_ARITHMETIC,capacity-shadow,178,STORY,STORY,2,,1
2,C_DUPLICATE_ARITHMETIC,geometry-shadow,178,STORY,STORY,1,0.1482645273208618,1
2,C_DUPLICATE_ARITHMETIC,incumbent,179,ARITH_A,ARITHMETIC,0,0.8743324875831604,1
2,C_DUPLICATE_ARITHMETIC,capacity-shadow,179,ARITH_A,ARITHMETIC,0,,1
2,C_DUPLICATE_ARITHMETIC,geometry-shadow,179,ARITH_A,ARITHMETIC,0,0.8151102662086487,1
2,C_DUPLICATE_ARITHMETIC,incumbent,180,STORY,STORY,1,0.0069526433944702,1
2,C_DUPLICATE_ARITHMETIC,capacity-shadow,180,STORY,STORY,1,,1
2,C_DUPLICATE_ARITHMETIC,geometry-shadow,180,STORY,STORY,0,0.0014920234680175,1
2,C_DUPLICATE_ARITHMETIC,incumbent,181,ARITH_A,ARITHMETIC,0,0.879452645778656,1
2,C_DUPLICATE_ARITHMETIC,capacity-shadow,181,ARITH_A,ARITHMETIC,0,,1
2,C_DUPLICATE_ARITHMETIC,geometry-shadow,181,ARITH_A,ARITHMETIC,0,0.820182740688324,1
2,C_DUPLICATE_ARITHMETIC,incumbent,182,STORY,STORY,1,0.3213250637054443,1
2,C_DUPLICATE_ARITHMETIC,capacity-shadow,182,STORY,STORY,2,,1
2,C_DUPLICATE_ARITHMETIC,geometry-shadow,182,STORY,STORY,1,0.383385419845581,1
2,C_DUPLICATE_ARITHMETIC,incumbent,183,STORY,STORY,1,0.2785546779632568,1
2,C_DUPLICATE_ARITHMETIC,capacity-shadow,183,STORY,STORY,1,,1
2,C_DUPLICATE_ARITHMETIC,geometry-shadow,183,STORY,STORY,1,0.2475279569625854,1
2,C_DUPLICATE_ARITHMETIC,incumbent,184,STORY,STORY,1,1.6935250759124756,1
2,C_DUPLICATE_ARITHMETIC,capacity-shadow,184,STORY,STORY,2,,1
2,C_DUPLICATE_ARITHMETIC,geometry-shadow,184,STORY,STORY,2,0.1315895318984985,1
2,C_DUPLICATE_ARITHMETIC,incumbent,185,STORY,STORY,1,0.7913619875907898,1
2,C_DUPLICATE_ARITHMETIC,capacity-shadow,185,STORY,STORY,1,,1
2,C_DUPLICATE_ARITHMETIC,geometry-shadow,185,STORY,STORY,1,0.5192708373069763,1
2,C_DUPLICATE_ARITHMETIC,incumbent,186,STORY,STORY,1,0.7483373880386353,1
2,C_DUPLICATE_ARITHMETIC,capacity-shadow,186,STORY,STORY,2,,1
2,C_DUPLICATE_ARITHMETIC,geometry-shadow,186,STORY,STORY,1,0.7615739703178406,1
2,C_DUPLICATE_ARITHMETIC,incumbent,187,ARITH_B,ARITHMETIC,0,0.8916296362876892,1
2,C_DUPLICATE_ARITHMETIC,capacity-shadow,187,ARITH_B,ARITHMETIC,0,,1
2,C_DUPLICATE_ARITHMETIC,geometry-shadow,187,ARITH_B,ARITHMETIC,0,0.8368458151817322,1
2,C_DUPLICATE_ARITHMETIC,incumbent,188,ARITH_B,ARITHMETIC,0,0.8878235220909119,1
2,C_DUPLICATE_ARITHMETIC,capacity-shadow,188,ARITH_B,ARITHMETIC,0,,1
2,C_DUPLICATE_ARITHMETIC,geometry-shadow,188,ARITH_B,ARITHMETIC,0,0.8310396075248718,1
2,C_DUPLICATE_ARITHMETIC,incumbent,189,ARITH_A,ARITHMETIC,0,0.8877793550491333,1
2,C_DUPLICATE_ARITHMETIC,capacity-shadow,189,ARITH_A,ARITHMETIC,0,,1
2,C_DUPLICATE_ARITHMETIC,geometry-shadow,189,ARITH_A,ARITHMETIC,0,0.8288872838020325,1
2,C_DUPLICATE_ARITHMETIC,incumbent,190,STORY,STORY,1,0.3673406839370727,1
2,C_DUPLICATE_ARITHMETIC,capacity-shadow,190,STORY,STORY,1,,1
2,C_DUPLICATE_ARITHMETIC,geometry-shadow,190,STORY,STORY,1,0.4438835382461548,1
2,C_DUPLICATE_ARITHMETIC,incumbent,191,STORY,STORY,1,0.7850817441940308,1
2,C_DUPLICATE_ARITHMETIC,capacity-shadow,191,STORY,STORY,2,,1
2,C_DUPLICATE_ARITHMETIC,geometry-shadow,191,STORY,STORY,1,0.7844017148017883,1
2,C_DUPLICATE_ARITHMETIC,incumbent,192,ARITH_B,ARITHMETIC,0,0.8901366591453552,1
2,C_DUPLICATE_ARITHMETIC,capacity-shadow,192,ARITH_B,ARITHMETIC,0,,1
2,C_DUPLICATE_ARITHMETIC,geometry-shadow,192,ARITH_B,ARITHMETIC,0,0.8324119448661804,1
2,C_DUPLICATE_ARITHMETIC,incumbent,193,ARITH_B,ARITHMETIC,0,0.8864629864692688,1
2,C_DUPLICATE_ARITHMETIC,capacity-shadow,193,ARITH_B,ARITHMETIC,0,,1
2,C_DUPLICATE_ARITHMETIC,geometry-shadow,193,ARITH_B,ARITHMETIC,0,0.8298710584640503,1
2,C_DUPLICATE_ARITHMETIC,incumbent,194,STORY,STORY,1,1.017401099205017,1
2,C_DUPLICATE_ARITHMETIC,capacity-shadow,194,STORY,STORY,1,,1
2,C_DUPLICATE_ARITHMETIC,geometry-shadow,194,STORY,STORY,1,0.9353824853897096,1
2,C_DUPLICATE_ARITHMETIC,incumbent,195,ARITH_A,ARITHMETIC,0,0.8779788017272949,1
2,C_DUPLICATE_ARITHMETIC,capacity-shadow,195,ARITH_A,ARITHMETIC,0,,1
2,C_DUPLICATE_ARITHMETIC,geometry-shadow,195,ARITH_A,ARITHMETIC,0,0.8200638294219971,1
2,C_DUPLICATE_ARITHMETIC,incumbent,196,ARITH_B,ARITHMETIC,0,0.8880438804626465,1
2,C_DUPLICATE_ARITHMETIC,capacity-shadow,196,ARITH_B,ARITHMETIC,0,,1
2,C_DUPLICATE_ARITHMETIC,geometry-shadow,196,ARITH_B,ARITHMETIC,0,0.8307148814201355,1
2,C_DUPLICATE_ARITHMETIC,incumbent,197,STORY,STORY,1,0.78586745262146,1
2,C_DUPLICATE_ARITHMETIC,capacity-shadow,197,STORY,STORY,2,,1
2,C_DUPLICATE_ARITHMETIC,geometry-shadow,197,STORY,STORY,2,0.134867787361145,1
2,C_DUPLICATE_ARITHMETIC,incumbent,198,ARITH_A,ARITHMETIC,0,0.8869904279708862,1
2,C_DUPLICATE_ARITHMETIC,capacity-shadow,198,ARITH_A,ARITHMETIC,0,,1
2,C_DUPLICATE_ARITHMETIC,geometry-shadow,198,ARITH_A,ARITHMETIC,0,0.829914391040802,1
2,C_DUPLICATE_ARITHMETIC,incumbent,199,ARITH_A,ARITHMETIC,0,0.889122486114502,1
2,C_DUPLICATE_ARITHMETIC,capacity-shadow,199,ARITH_A,ARITHMETIC,0,,1
2,C_DUPLICATE_ARITHMETIC,geometry-shadow,199,ARITH_A,ARITHMETIC,0,0.8335492610931396,1
2,C_DUPLICATE_ARITHMETIC,incumbent,200,ARITH_B,ARITHMETIC,0,0.8852204084396362,1
2,C_DUPLICATE_ARITHMETIC,capacity-shadow,200,ARITH_B,ARITHMETIC,0,,1
2,C_DUPLICATE_ARITHMETIC,geometry-shadow,200,ARITH_B,ARITHMETIC,0,0.8291991353034973,1
2,C_DUPLICATE_ARITHMETIC,incumbent,201,STORY,STORY,1,0.5032246112823486,1
2,C_DUPLICATE_ARITHMETIC,capacity-shadow,201,STORY,STORY,1,,1
2,C_DUPLICATE_ARITHMETIC,geometry-shadow,201,STORY,STORY,1,0.536815345287323,1
2,C_DUPLICATE_ARITHMETIC,incumbent,202,ARITH_B,ARITHMETIC,0,0.8873616456985474,1
2,C_DUPLICATE_ARITHMETIC,capacity-shadow,202,ARITH_B,ARITHMETIC,0,,1
2,C_DUPLICATE_ARITHMETIC,geometry-shadow,202,ARITH_B,ARITHMETIC,0,0.8304436206817627,1
2,C_DUPLICATE_ARITHMETIC,incumbent,203,STORY,STORY,1,1.0789276361465454,1
2,C_DUPLICATE_ARITHMETIC,capacity-shadow,203,STORY,STORY,2,,1
2,C_DUPLICATE_ARITHMETIC,geometry-shadow,203,STORY,STORY,1,0.7773305177688599,1
2,C_DUPLICATE_ARITHMETIC,incumbent,204,ARITH_B,ARITHMETIC,0,0.8841760158538818,1
2,C_DUPLICATE_ARITHMETIC,capacity-shadow,204,ARITH_B,ARITHMETIC,0,,1
2,C_DUPLICATE_ARITHMETIC,geometry-shadow,204,ARITH_B,ARITHMETIC,0,0.8264933228492737,1
2,C_DUPLICATE_ARITHMETIC,incumbent,205,STORY,STORY,1,0.6317771673202515,1
2,C_DUPLICATE_ARITHMETIC,capacity-shadow,205,STORY,STORY,1,,1
2,C_DUPLICATE_ARITHMETIC,geometry-shadow,205,STORY,STORY,1,0.6743947267532349,1
2,C_DUPLICATE_ARITHMETIC,incumbent,206,ARITH_A,ARITHMETIC,0,0.8890001773834229,1
2,C_DUPLICATE_ARITHMETIC,capacity-shadow,206,ARITH_A,ARITHMETIC,0,,1
2,C_DUPLICATE_ARITHMETIC,geometry-shadow,206,ARITH_A,ARITHMETIC,0,0.8331047892570496,1
2,C_DUPLICATE_ARITHMETIC,incumbent,207,STORY,STORY,1,0.4430962204933166,1
2,C_DUPLICATE_ARITHMETIC,capacity-shadow,207,STORY,STORY,2,,1
2,C_DUPLICATE_ARITHMETIC,geometry-shadow,207,STORY,STORY,1,0.4890864491462707,1
2,C_DUPLICATE_ARITHMETIC,incumbent,208,ARITH_B,ARITHMETIC,0,0.8814849853515625,1
2,C_DUPLICATE_ARITHMETIC,capacity-shadow,208,ARITH_B,ARITHMETIC,0,,1
2,C_DUPLICATE_ARITHMETIC,geometry-shadow,208,ARITH_B,ARITHMETIC,0,0.8240821361541748,1
2,C_DUPLICATE_ARITHMETIC,incumbent,209,ARITH_B,ARITHMETIC,0,0.8787035942077637,1
2,C_DUPLICATE_ARITHMETIC,capacity-shadow,209,ARITH_B,ARITHMETIC,0,,1
2,C_DUPLICATE_ARITHMETIC,geometry-shadow,209,ARITH_B,ARITHMETIC,0,0.8196431994438171,1
2,C_DUPLICATE_ARITHMETIC,incumbent,210,STORY,STORY,1,0.6778161525726318,1
2,C_DUPLICATE_ARITHMETIC,capacity-shadow,210,STORY,STORY,1,,1
2,C_DUPLICATE_ARITHMETIC,geometry-shadow,210,STORY,STORY,1,0.66856849193573,1
2,C_DUPLICATE_ARITHMETIC,incumbent,211,ARITH_A,ARITHMETIC,0,0.8901901245117188,1
2,C_DUPLICATE_ARITHMETIC,capacity-shadow,211,ARITH_A,ARITHMETIC,0,,1
2,C_DUPLICATE_ARITHMETIC,geometry-shadow,211,ARITH_A,ARITHMETIC,0,0.8330212235450745,1
2,C_DUPLICATE_ARITHMETIC,incumbent,212,ARITH_A,ARITHMETIC,0,0.8856562972068787,1
2,C_DUPLICATE_ARITHMETIC,capacity-shadow,212,ARITH_A,ARITHMETIC,0,,1
2,C_DUPLICATE_ARITHMETIC,geometry-shadow,212,ARITH_A,ARITHMETIC,0,0.8262048959732056,1
2,C_DUPLICATE_ARITHMETIC,incumbent,213,ARITH_A,ARITHMETIC,0,0.884550154209137,1
2,C_DUPLICATE_ARITHMETIC,capacity-shadow,213,ARITH_A,ARITHMETIC,0,,1
2,C_DUPLICATE_ARITHMETIC,geometry-shadow,213,ARITH_A,ARITHMETIC,0,0.8249490857124329,1
2,C_DUPLICATE_ARITHMETIC,incumbent,214,STORY,STORY,1,0.4883249402046203,1
2,C_DUPLICATE_ARITHMETIC,capacity-shadow,214,STORY,STORY,2,,1
2,C_DUPLICATE_ARITHMETIC,geometry-shadow,214,STORY,STORY,1,0.4330854415893554,1
2,C_DUPLICATE_ARITHMETIC,incumbent,215,STORY,STORY,1,1.0119035243988037,1
2,C_DUPLICATE_ARITHMETIC,capacity-shadow,215,STORY,STORY,1,,1
2,C_DUPLICATE_ARITHMETIC,geometry-shadow,215,STORY,STORY,1,0.9160556197166444,1
2,C_DUPLICATE_ARITHMETIC,incumbent,216,ARITH_A,ARITHMETIC,0,0.886995255947113,1
2,C_DUPLICATE_ARITHMETIC,capacity-shadow,216,ARITH_A,ARITHMETIC,0,,1
2,C_DUPLICATE_ARITHMETIC,geometry-shadow,216,ARITH_A,ARITHMETIC,0,0.8303599953651428,1
2,C_DUPLICATE_ARITHMETIC,incumbent,217,STORY,STORY,1,0.1893062591552734,1
2,C_DUPLICATE_ARITHMETIC,capacity-shadow,217,STORY,STORY,2,,1
2,C_DUPLICATE_ARITHMETIC,geometry-shadow,217,STORY,STORY,1,0.1663836240768432,1
2,C_DUPLICATE_ARITHMETIC,incumbent,218,ARITH_A,ARITHMETIC,0,0.8879889249801636,1
2,C_DUPLICATE_ARITHMETIC,capacity-shadow,218,ARITH_A,ARITHMETIC,0,,1
2,C_DUPLICATE_ARITHMETIC,geometry-shadow,218,ARITH_A,ARITHMETIC,0,0.8302948474884033,1
2,C_DUPLICATE_ARITHMETIC,incumbent,219,ARITH_A,ARITHMETIC,0,0.8767713308334351,1
2,C_DUPLICATE_ARITHMETIC,capacity-shadow,219,ARITH_A,ARITHMETIC,0,,1
2,C_DUPLICATE_ARITHMETIC,geometry-shadow,219,ARITH_A,ARITHMETIC,0,0.8161100149154663,1
2,C_DUPLICATE_ARITHMETIC,incumbent,220,STORY,STORY,1,0.6751794815063477,1
2,C_DUPLICATE_ARITHMETIC,capacity-shadow,220,STORY,STORY,1,,1
2,C_DUPLICATE_ARITHMETIC,geometry-shadow,220,STORY,STORY,1,0.6989316344261169,1
2,C_DUPLICATE_ARITHMETIC,incumbent,221,ARITH_A,ARITHMETIC,0,0.8893819451332092,1
2,C_DUPLICATE_ARITHMETIC,capacity-shadow,221,ARITH_A,ARITHMETIC,0,,1
2,C_DUPLICATE_ARITHMETIC,geometry-shadow,221,ARITH_A,ARITHMETIC,0,0.8319269418716431,1
2,C_DUPLICATE_ARITHMETIC,incumbent,222,ARITH_A,ARITHMETIC,0,0.8859406113624573,1
2,C_DUPLICATE_ARITHMETIC,capacity-shadow,222,ARITH_A,ARITHMETIC,0,,1
2,C_DUPLICATE_ARITHMETIC,geometry-shadow,222,ARITH_A,ARITHMETIC,0,0.8276699185371399,1
2,C_DUPLICATE_ARITHMETIC,incumbent,223,STORY,STORY,1,0.1607534885406494,1
2,C_DUPLICATE_ARITHMETIC,capacity-shadow,223,STORY,STORY,2,,1
2,C_DUPLICATE_ARITHMETIC,geometry-shadow,223,STORY,STORY,1,0.2216805815696716,1
2,C_DUPLICATE_ARITHMETIC,incumbent,224,ARITH_A,ARITHMETIC,0,0.8791109919548035,1
2,C_DUPLICATE_ARITHMETIC,capacity-shadow,224,ARITH_A,ARITHMETIC,0,,1
2,C_DUPLICATE_ARITHMETIC,geometry-shadow,224,ARITH_A,ARITHMETIC,0,0.8191222548484802,1
2,C_DUPLICATE_ARITHMETIC,incumbent,225,ARITH_A,ARITHMETIC,0,0.888719916343689,1
2,C_DUPLICATE_ARITHMETIC,capacity-shadow,225,ARITH_A,ARITHMETIC,0,,1
2,C_DUPLICATE_ARITHMETIC,geometry-shadow,225,ARITH_A,ARITHMETIC,0,0.8307485580444336,1
2,C_DUPLICATE_ARITHMETIC,incumbent,226,STORY,STORY,1,0.3659176826477051,1
2,C_DUPLICATE_ARITHMETIC,capacity-shadow,226,STORY,STORY,1,,1
2,C_DUPLICATE_ARITHMETIC,geometry-shadow,226,STORY,STORY,1,0.3781913518905639,1
2,C_DUPLICATE_ARITHMETIC,incumbent,227,ARITH_B,ARITHMETIC,0,0.8901450037956238,1
2,C_DUPLICATE_ARITHMETIC,capacity-shadow,227,ARITH_B,ARITHMETIC,0,,1
2,C_DUPLICATE_ARITHMETIC,geometry-shadow,227,ARITH_B,ARITHMETIC,0,0.8323084712028503,1
2,C_DUPLICATE_ARITHMETIC,incumbent,228,STORY,STORY,1,0.4810633063316345,1
2,C_DUPLICATE_ARITHMETIC,capacity-shadow,228,STORY,STORY,2,,1
2,C_DUPLICATE_ARITHMETIC,geometry-shadow,228,STORY,STORY,1,0.5328115224838257,1
2,C_DUPLICATE_ARITHMETIC,incumbent,229,ARITH_B,ARITHMETIC,0,0.8924200534820557,1
2,C_DUPLICATE_ARITHMETIC,capacity-shadow,229,ARITH_B,ARITHMETIC,0,,1
2,C_DUPLICATE_ARITHMETIC,geometry-shadow,229,ARITH_B,ARITHMETIC,0,0.8377363681793213,1
2,C_DUPLICATE_ARITHMETIC,incumbent,230,ARITH_B,ARITHMETIC,0,0.887833297252655,1
2,C_DUPLICATE_ARITHMETIC,capacity-shadow,230,ARITH_B,ARITHMETIC,0,,1
2,C_DUPLICATE_ARITHMETIC,geometry-shadow,230,ARITH_B,ARITHMETIC,0,0.8311571478843689,1
2,C_DUPLICATE_ARITHMETIC,incumbent,231,STORY,STORY,1,0.9699233770370485,1
2,C_DUPLICATE_ARITHMETIC,capacity-shadow,231,STORY,STORY,1,,1
2,C_DUPLICATE_ARITHMETIC,geometry-shadow,231,STORY,STORY,1,0.968222200870514,1
2,C_DUPLICATE_ARITHMETIC,incumbent,232,STORY,STORY,1,0.4055259823799133,1
2,C_DUPLICATE_ARITHMETIC,capacity-shadow,232,STORY,STORY,2,,1
2,C_DUPLICATE_ARITHMETIC,geometry-shadow,232,STORY,STORY,1,0.4041943550109863,1
2,C_DUPLICATE_ARITHMETIC,incumbent,233,STORY,STORY,1,0.1227753758430481,1
2,C_DUPLICATE_ARITHMETIC,capacity-shadow,233,STORY,STORY,1,,1
2,C_DUPLICATE_ARITHMETIC,geometry-shadow,233,STORY,STORY,1,0.1896979212760925,1
2,C_DUPLICATE_ARITHMETIC,incumbent,234,ARITH_A,ARITHMETIC,0,0.8879448771476746,1
2,C_DUPLICATE_ARITHMETIC,capacity-shadow,234,ARITH_A,ARITHMETIC,0,,1
2,C_DUPLICATE_ARITHMETIC,geometry-shadow,234,ARITH_A,ARITHMETIC,0,0.8332043290138245,1
2,C_DUPLICATE_ARITHMETIC,incumbent,235,STORY,STORY,1,0.8396356105804443,1
2,C_DUPLICATE_ARITHMETIC,capacity-shadow,235,STORY,STORY,2,,1
2,C_DUPLICATE_ARITHMETIC,geometry-shadow,235,STORY,STORY,1,0.1520029306411743,1
2,C_DUPLICATE_ARITHMETIC,incumbent,236,STORY,STORY,1,1.2776093482971191,1
2,C_DUPLICATE_ARITHMETIC,capacity-shadow,236,STORY,STORY,1,,1
2,C_DUPLICATE_ARITHMETIC,geometry-shadow,236,STORY,STORY,1,0.2718124389648437,1
2,C_DUPLICATE_ARITHMETIC,incumbent,237,STORY,STORY,1,0.3611979484558105,1
2,C_DUPLICATE_ARITHMETIC,capacity-shadow,237,STORY,STORY,2,,1
2,C_DUPLICATE_ARITHMETIC,geometry-shadow,237,STORY,STORY,1,0.4187188446521759,1
2,C_DUPLICATE_ARITHMETIC,incumbent,238,STORY,STORY,1,0.6972578167915344,1
2,C_DUPLICATE_ARITHMETIC,capacity-shadow,238,STORY,STORY,1,,1
2,C_DUPLICATE_ARITHMETIC,geometry-shadow,238,STORY,STORY,1,0.7429523468017578,1
2,C_DUPLICATE_ARITHMETIC,incumbent,239,STORY,STORY,1,1.1090573072433472,1
2,C_DUPLICATE_ARITHMETIC,capacity-shadow,239,STORY,STORY,2,,1
2,C_DUPLICATE_ARITHMETIC,geometry-shadow,239,STORY,STORY,1,0.4301224946975708,1
2,C_DUPLICATE_ARITHMETIC,incumbent,240,STORY,STORY,1,1.3153482675552368,1
2,C_DUPLICATE_ARITHMETIC,capacity-shadow,240,STORY,STORY,1,,1
2,C_DUPLICATE_ARITHMETIC,geometry-shadow,240,STORY,STORY,1,0.7593338489532471,1
2,C_DUPLICATE_ARITHMETIC,incumbent,241,STORY,STORY,1,0.9944210052490234,1
2,C_DUPLICATE_ARITHMETIC,capacity-shadow,241,STORY,STORY,2,,1
2,C_DUPLICATE_ARITHMETIC,geometry-shadow,241,STORY,STORY,2,0.5500657558441162,1
2,C_DUPLICATE_ARITHMETIC,incumbent,242,ARITH_A,ARITHMETIC,0,0.8861045241355896,1
2,C_DUPLICATE_ARITHMETIC,capacity-shadow,242,ARITH_A,ARITHMETIC,0,,1
2,C_DUPLICATE_ARITHMETIC,geometry-shadow,242,ARITH_A,ARITHMETIC,0,0.8274430632591248,1
2,C_DUPLICATE_ARITHMETIC,incumbent,243,STORY,STORY,1,0.0208299160003662,1
2,C_DUPLICATE_ARITHMETIC,capacity-shadow,243,STORY,STORY,1,,1
2,C_DUPLICATE_ARITHMETIC,geometry-shadow,243,STORY,STORY,1,0.0888128876686096,1
2,C_DUPLICATE_ARITHMETIC,incumbent,244,ARITH_B,ARITHMETIC,0,0.8866151571273804,1
2,C_DUPLICATE_ARITHMETIC,capacity-shadow,244,ARITH_B,ARITHMETIC,0,,1
2,C_DUPLICATE_ARITHMETIC,geometry-shadow,244,ARITH_B,ARITHMETIC,0,0.8317729830741882,1
2,C_DUPLICATE_ARITHMETIC,incumbent,245,ARITH_A,ARITHMETIC,0,0.8897140622138977,1
2,C_DUPLICATE_ARITHMETIC,capacity-shadow,245,ARITH_A,ARITHMETIC,0,,1
2,C_DUPLICATE_ARITHMETIC,geometry-shadow,245,ARITH_A,ARITHMETIC,0,0.8338001370429993,1
2,C_DUPLICATE_ARITHMETIC,incumbent,246,STORY,STORY,1,1.0059685707092283,1
2,C_DUPLICATE_ARITHMETIC,capacity-shadow,246,STORY,STORY,2,,1
2,C_DUPLICATE_ARITHMETIC,geometry-shadow,246,STORY,STORY,1,0.3981449007987976,1
2,C_DUPLICATE_ARITHMETIC,incumbent,247,STORY,STORY,1,0.9517041444778442,1
2,C_DUPLICATE_ARITHMETIC,capacity-shadow,247,STORY,STORY,1,,1
2,C_DUPLICATE_ARITHMETIC,geometry-shadow,247,STORY,STORY,1,0.8725386261940002,1
2,C_DUPLICATE_ARITHMETIC,incumbent,248,ARITH_A,ARITHMETIC,0,0.8942102789878845,1
2,C_DUPLICATE_ARITHMETIC,capacity-shadow,248,ARITH_A,ARITHMETIC,0,,1
2,C_DUPLICATE_ARITHMETIC,geometry-shadow,248,ARITH_A,ARITHMETIC,0,0.838333785533905,1
2,C_DUPLICATE_ARITHMETIC,incumbent,249,STORY,STORY,1,1.0666447877883911,1
2,C_DUPLICATE_ARITHMETIC,capacity-shadow,249,STORY,STORY,2,,1
2,C_DUPLICATE_ARITHMETIC,geometry-shadow,249,STORY,STORY,2,0.1748625040054321,1
2,C_DUPLICATE_ARITHMETIC,incumbent,250,ARITH_B,ARITHMETIC,0,0.8927320241928101,1
2,C_DUPLICATE_ARITHMETIC,capacity-shadow,250,ARITH_B,ARITHMETIC,0,,1
2,C_DUPLICATE_ARITHMETIC,geometry-shadow,250,ARITH_B,ARITHMETIC,0,0.836216926574707,1
2,C_DUPLICATE_ARITHMETIC,incumbent,251,STORY,STORY,1,0.5687581300735474,1
2,C_DUPLICATE_ARITHMETIC,capacity-shadow,251,STORY,STORY,1,,1
2,C_DUPLICATE_ARITHMETIC,geometry-shadow,251,STORY,STORY,1,0.5414330959320068,1
2,C_DUPLICATE_ARITHMETIC,incumbent,252,STORY,STORY,1,1.4266961812973022,1
2,C_DUPLICATE_ARITHMETIC,capacity-shadow,252,STORY,STORY,2,,1
2,C_DUPLICATE_ARITHMETIC,geometry-shadow,252,STORY,STORY,1,0.4053205251693725,1
2,C_DUPLICATE_ARITHMETIC,incumbent,253,STORY,STORY,1,1.708635926246643,1
2,C_DUPLICATE_ARITHMETIC,capacity-shadow,253,STORY,STORY,1,,1
2,C_DUPLICATE_ARITHMETIC,geometry-shadow,253,STORY,STORY,1,0.0279654264450073,1
2,C_DUPLICATE_ARITHMETIC,incumbent,254,STORY,STORY,1,0.322390615940094,1
2,C_DUPLICATE_ARITHMETIC,capacity-shadow,254,STORY,STORY,2,,1
2,C_DUPLICATE_ARITHMETIC,geometry-shadow,254,STORY,STORY,1,0.3375139832496643,1
2,C_DUPLICATE_ARITHMETIC,incumbent,255,ARITH_A,ARITHMETIC,0,0.8897883296012878,1
2,C_DUPLICATE_ARITHMETIC,capacity-shadow,255,ARITH_A,ARITHMETIC,0,,1
2,C_DUPLICATE_ARITHMETIC,geometry-shadow,255,ARITH_A,ARITHMETIC,0,0.8339915871620178,1
2,C_DUPLICATE_ARITHMETIC,incumbent,256,ARITH_B,ARITHMETIC,0,0.8828365206718445,1
2,C_DUPLICATE_ARITHMETIC,capacity-shadow,256,ARITH_B,ARITHMETIC,0,,1
2,C_DUPLICATE_ARITHMETIC,geometry-shadow,256,ARITH_B,ARITHMETIC,0,0.823863685131073,1
2,D_WEAK_TRANSFORM,incumbent,1,STORY,STORY,1,0.7582178115844727,1
2,D_WEAK_TRANSFORM,capacity-shadow,1,STORY,STORY,1,,1
2,D_WEAK_TRANSFORM,geometry-shadow,1,STORY,STORY,2,0.2217698097229004,1
2,D_WEAK_TRANSFORM,incumbent,2,ARITH_A,ARITHMETIC,0,0.6857113242149353,1
2,D_WEAK_TRANSFORM,capacity-shadow,2,ARITH_A,ARITHMETIC,0,,1
2,D_WEAK_TRANSFORM,geometry-shadow,2,ARITH_A,ARITHMETIC,0,0.6620398163795471,1
2,D_WEAK_TRANSFORM,incumbent,3,STORY,STORY,1,1.3005363941192627,1
2,D_WEAK_TRANSFORM,capacity-shadow,3,STORY,STORY,2,,1
2,D_WEAK_TRANSFORM,geometry-shadow,3,STORY,STORY,1,0.0394939184188842,1
2,D_WEAK_TRANSFORM,incumbent,4,STORY,STORY,1,0.5577695369720459,1
2,D_WEAK_TRANSFORM,capacity-shadow,4,STORY,STORY,1,,1
2,D_WEAK_TRANSFORM,geometry-shadow,4,STORY,STORY,1,0.6068012118339539,1
2,D_WEAK_TRANSFORM,incumbent,5,ARITH_A,ARITHMETIC,0,0.683283805847168,1
2,D_WEAK_TRANSFORM,capacity-shadow,5,ARITH_A,ARITHMETIC,0,,1
2,D_WEAK_TRANSFORM,geometry-shadow,5,ARITH_A,ARITHMETIC,0,0.6571688055992126,1
2,D_WEAK_TRANSFORM,incumbent,6,STORY,STORY,1,0.8509092330932617,1
2,D_WEAK_TRANSFORM,capacity-shadow,6,STORY,STORY,2,,1
2,D_WEAK_TRANSFORM,geometry-shadow,6,STORY,STORY,2,0.3361867666244507,1
2,D_WEAK_TRANSFORM,incumbent,7,STORY,STORY,1,0.7552080154418945,1
2,D_WEAK_TRANSFORM,capacity-shadow,7,STORY,STORY,1,,1
2,D_WEAK_TRANSFORM,geometry-shadow,7,STORY,STORY,1,0.8008408546447754,1
2,D_WEAK_TRANSFORM,incumbent,8,ARITH_A,ARITHMETIC,0,0.6908580660820007,1
2,D_WEAK_TRANSFORM,capacity-shadow,8,ARITH_A,ARITHMETIC,0,,1
2,D_WEAK_TRANSFORM,geometry-shadow,8,ARITH_A,ARITHMETIC,0,0.6664058566093445,1
2,D_WEAK_TRANSFORM,incumbent,9,TRANSFORM,TRANSFORM,0,0.6985639333724976,1
2,D_WEAK_TRANSFORM,capacity-shadow,9,TRANSFORM,TRANSFORM,0,,1
2,D_WEAK_TRANSFORM,geometry-shadow,9,TRANSFORM,TRANSFORM,0,0.6949660778045654,1
2,D_WEAK_TRANSFORM,incumbent,10,STORY,STORY,1,0.239192932844162,1
2,D_WEAK_TRANSFORM,capacity-shadow,10,STORY,STORY,2,,1
2,D_WEAK_TRANSFORM,geometry-shadow,10,STORY,STORY,1,0.3052811026573181,1
2,D_WEAK_TRANSFORM,incumbent,11,ARITH_A,ARITHMETIC,0,0.6820692420005798,1
2,D_WEAK_TRANSFORM,capacity-shadow,11,ARITH_A,ARITHMETIC,0,,1
2,D_WEAK_TRANSFORM,geometry-shadow,11,ARITH_A,ARITHMETIC,0,0.6560143828392029,1
2,D_WEAK_TRANSFORM,incumbent,12,ARITH_A,ARITHMETIC,0,0.6786462068557739,1
2,D_WEAK_TRANSFORM,capacity-shadow,12,ARITH_A,ARITHMETIC,0,,1
2,D_WEAK_TRANSFORM,geometry-shadow,12,ARITH_A,ARITHMETIC,0,0.6493222117424011,1
2,D_WEAK_TRANSFORM,incumbent,13,ARITH_A,ARITHMETIC,0,0.6788752675056458,1
2,D_WEAK_TRANSFORM,capacity-shadow,13,ARITH_A,ARITHMETIC,0,,1
2,D_WEAK_TRANSFORM,geometry-shadow,13,ARITH_A,ARITHMETIC,0,0.6492283940315247,1
2,D_WEAK_TRANSFORM,incumbent,14,ARITH_A,ARITHMETIC,0,0.6852039098739624,1
2,D_WEAK_TRANSFORM,capacity-shadow,14,ARITH_A,ARITHMETIC,0,,1
2,D_WEAK_TRANSFORM,geometry-shadow,14,ARITH_A,ARITHMETIC,0,0.6576361060142517,1
2,D_WEAK_TRANSFORM,incumbent,15,ARITH_A,ARITHMETIC,0,0.6572297215461731,1
2,D_WEAK_TRANSFORM,capacity-shadow,15,ARITH_A,ARITHMETIC,0,,1
2,D_WEAK_TRANSFORM,geometry-shadow,15,ARITH_A,ARITHMETIC,0,0.6226699352264404,1
2,D_WEAK_TRANSFORM,incumbent,16,ARITH_A,ARITHMETIC,0,0.6805194616317749,1
2,D_WEAK_TRANSFORM,capacity-shadow,16,ARITH_A,ARITHMETIC,0,,1
2,D_WEAK_TRANSFORM,geometry-shadow,16,ARITH_A,ARITHMETIC,0,0.6536464691162109,1
2,D_WEAK_TRANSFORM,incumbent,17,STORY,STORY,1,1.0108606815338137,1
2,D_WEAK_TRANSFORM,capacity-shadow,17,STORY,STORY,1,,1
2,D_WEAK_TRANSFORM,geometry-shadow,17,STORY,STORY,2,0.3475379943847656,1
2,D_WEAK_TRANSFORM,incumbent,18,ARITH_A,ARITHMETIC,0,0.6714252233505249,1
2,D_WEAK_TRANSFORM,capacity-shadow,18,ARITH_A,ARITHMETIC,0,,1
2,D_WEAK_TRANSFORM,geometry-shadow,18,ARITH_A,ARITHMETIC,0,0.6402722597122192,1
2,D_WEAK_TRANSFORM,incumbent,19,ARITH_A,ARITHMETIC,0,0.6807293891906738,1
2,D_WEAK_TRANSFORM,capacity-shadow,19,ARITH_A,ARITHMETIC,0,,1
2,D_WEAK_TRANSFORM,geometry-shadow,19,ARITH_A,ARITHMETIC,0,0.6531179547309875,1
2,D_WEAK_TRANSFORM,incumbent,20,TRANSFORM,TRANSFORM,0,0.6936027407646179,1
2,D_WEAK_TRANSFORM,capacity-shadow,20,TRANSFORM,TRANSFORM,0,,1
2,D_WEAK_TRANSFORM,geometry-shadow,20,TRANSFORM,TRANSFORM,0,0.6919330358505249,1
2,D_WEAK_TRANSFORM,incumbent,21,STORY,STORY,1,1.1212162971496582,1
2,D_WEAK_TRANSFORM,capacity-shadow,21,STORY,STORY,2,,1
2,D_WEAK_TRANSFORM,geometry-shadow,21,STORY,STORY,1,0.7147806882858276,1
2,D_WEAK_TRANSFORM,incumbent,22,STORY,STORY,1,1.0787471532821655,1
2,D_WEAK_TRANSFORM,capacity-shadow,22,STORY,STORY,1,,1
2,D_WEAK_TRANSFORM,geometry-shadow,22,STORY,STORY,1,0.3989216089248657,1
2,D_WEAK_TRANSFORM,incumbent,23,ARITH_A,ARITHMETIC,0,0.6726852059364319,1
2,D_WEAK_TRANSFORM,capacity-shadow,23,ARITH_A,ARITHMETIC,0,,1
2,D_WEAK_TRANSFORM,geometry-shadow,23,ARITH_A,ARITHMETIC,0,0.6409664154052734,1
2,D_WEAK_TRANSFORM,incumbent,24,ARITH_A,ARITHMETIC,0,0.6734153628349304,1
2,D_WEAK_TRANSFORM,capacity-shadow,24,ARITH_A,ARITHMETIC,0,,1
2,D_WEAK_TRANSFORM,geometry-shadow,24,ARITH_A,ARITHMETIC,0,0.6427750587463379,1
2,D_WEAK_TRANSFORM,incumbent,25,STORY,STORY,1,1.362091302871704,1
2,D_WEAK_TRANSFORM,capacity-shadow,25,STORY,STORY,2,,1
2,D_WEAK_TRANSFORM,geometry-shadow,25,STORY,STORY,1,0.1110999584197998,1
2,D_WEAK_TRANSFORM,incumbent,26,STORY,STORY,1,0.2683045864105224,1
2,D_WEAK_TRANSFORM,capacity-shadow,26,STORY,STORY,1,,1
2,D_WEAK_TRANSFORM,geometry-shadow,26,STORY,STORY,1,0.2892879247665405,1
2,D_WEAK_TRANSFORM,incumbent,27,STORY,STORY,1,0.271181046962738,1
2,D_WEAK_TRANSFORM,capacity-shadow,27,STORY,STORY,2,,1
2,D_WEAK_TRANSFORM,geometry-shadow,27,STORY,STORY,1,0.2773217558860779,1
2,D_WEAK_TRANSFORM,incumbent,28,TRANSFORM,TRANSFORM,0,0.6988804936408997,1
2,D_WEAK_TRANSFORM,capacity-shadow,28,TRANSFORM,TRANSFORM,0,,1
2,D_WEAK_TRANSFORM,geometry-shadow,28,TRANSFORM,TRANSFORM,0,0.6960378289222717,1
2,D_WEAK_TRANSFORM,incumbent,29,STORY,STORY,1,0.4263944029808044,1
2,D_WEAK_TRANSFORM,capacity-shadow,29,STORY,STORY,1,,1
2,D_WEAK_TRANSFORM,geometry-shadow,29,STORY,STORY,1,0.4590556621551513,1
2,D_WEAK_TRANSFORM,incumbent,30,ARITH_A,ARITHMETIC,0,0.6771966814994812,1
2,D_WEAK_TRANSFORM,capacity-shadow,30,ARITH_A,ARITHMETIC,0,,1
2,D_WEAK_TRANSFORM,geometry-shadow,30,ARITH_A,ARITHMETIC,0,0.6470175981521606,1
2,D_WEAK_TRANSFORM,incumbent,31,STORY,STORY,1,0.6276024580001831,1
2,D_WEAK_TRANSFORM,capacity-shadow,31,STORY,STORY,2,,1
2,D_WEAK_TRANSFORM,geometry-shadow,31,STORY,STORY,1,0.4989500641822815,1
2,D_WEAK_TRANSFORM,incumbent,32,STORY,STORY,1,1.549712300300598,1
2,D_WEAK_TRANSFORM,capacity-shadow,32,STORY,STORY,1,,1
2,D_WEAK_TRANSFORM,geometry-shadow,32,STORY,STORY,2,0.0651032924652099,1
2,D_WEAK_TRANSFORM,incumbent,33,STORY,STORY,1,0.302451491355896,1
2,D_WEAK_TRANSFORM,capacity-shadow,33,STORY,STORY,2,,1
2,D_WEAK_TRANSFORM,geometry-shadow,33,STORY,STORY,1,0.3078950643539428,1
2,D_WEAK_TRANSFORM,incumbent,34,ARITH_A,ARITHMETIC,0,0.6876407265663147,1
2,D_WEAK_TRANSFORM,capacity-shadow,34,ARITH_A,ARITHMETIC,0,,1
2,D_WEAK_TRANSFORM,geometry-shadow,34,ARITH_A,ARITHMETIC,0,0.6620075106620789,1
2,D_WEAK_TRANSFORM,incumbent,35,STORY,STORY,1,0.3063498735427856,1
2,D_WEAK_TRANSFORM,capacity-shadow,35,STORY,STORY,1,,1
2,D_WEAK_TRANSFORM,geometry-shadow,35,STORY,STORY,1,0.2785570621490478,1
2,D_WEAK_TRANSFORM,incumbent,36,STORY,STORY,1,1.135218858718872,1
2,D_WEAK_TRANSFORM,capacity-shadow,36,STORY,STORY,2,,1
2,D_WEAK_TRANSFORM,geometry-shadow,36,STORY,STORY,2,0.6780267953872681,1
2,D_WEAK_TRANSFORM,incumbent,37,ARITH_A,ARITHMETIC,0,0.6885346174240112,1
2,D_WEAK_TRANSFORM,capacity-shadow,37,ARITH_A,ARITHMETIC,0,,1
2,D_WEAK_TRANSFORM,geometry-shadow,37,ARITH_A,ARITHMETIC,0,0.6622663736343384,1
2,D_WEAK_TRANSFORM,incumbent,38,ARITH_A,ARITHMETIC,0,0.6797719597816467,1
2,D_WEAK_TRANSFORM,capacity-shadow,38,ARITH_A,ARITHMETIC,0,,1
2,D_WEAK_TRANSFORM,geometry-shadow,38,ARITH_A,ARITHMETIC,0,0.6513010263442993,1
2,D_WEAK_TRANSFORM,incumbent,39,ARITH_A,ARITHMETIC,0,0.6732697486877441,1
2,D_WEAK_TRANSFORM,capacity-shadow,39,ARITH_A,ARITHMETIC,0,,1
2,D_WEAK_TRANSFORM,geometry-shadow,39,ARITH_A,ARITHMETIC,0,0.6427765488624573,1
2,D_WEAK_TRANSFORM,incumbent,40,ARITH_A,ARITHMETIC,0,0.676064670085907,1
2,D_WEAK_TRANSFORM,capacity-shadow,40,ARITH_A,ARITHMETIC,0,,1
2,D_WEAK_TRANSFORM,geometry-shadow,40,ARITH_A,ARITHMETIC,0,0.6484247446060181,1
2,D_WEAK_TRANSFORM,incumbent,41,ARITH_A,ARITHMETIC,0,0.6666451692581177,1
2,D_WEAK_TRANSFORM,capacity-shadow,41,ARITH_A,ARITHMETIC,0,,1
2,D_WEAK_TRANSFORM,geometry-shadow,41,ARITH_A,ARITHMETIC,0,0.6345511674880981,1
2,D_WEAK_TRANSFORM,incumbent,42,STORY,STORY,1,0.7386263608932495,1
2,D_WEAK_TRANSFORM,capacity-shadow,42,STORY,STORY,1,,1
2,D_WEAK_TRANSFORM,geometry-shadow,42,STORY,STORY,2,0.3506127595901489,1
2,D_WEAK_TRANSFORM,incumbent,43,ARITH_A,ARITHMETIC,0,0.6760870218276978,1
2,D_WEAK_TRANSFORM,capacity-shadow,43,ARITH_A,ARITHMETIC,0,,1
2,D_WEAK_TRANSFORM,geometry-shadow,43,ARITH_A,ARITHMETIC,0,0.6474383473396301,1
2,D_WEAK_TRANSFORM,incumbent,44,ARITH_A,ARITHMETIC,0,0.6746690273284912,1
2,D_WEAK_TRANSFORM,capacity-shadow,44,ARITH_A,ARITHMETIC,0,,1
2,D_WEAK_TRANSFORM,geometry-shadow,44,ARITH_A,ARITHMETIC,0,0.6463529467582703,1
2,D_WEAK_TRANSFORM,incumbent,45,ARITH_A,ARITHMETIC,0,0.6782695651054382,1
2,D_WEAK_TRANSFORM,capacity-shadow,45,ARITH_A,ARITHMETIC,0,,1
2,D_WEAK_TRANSFORM,geometry-shadow,45,ARITH_A,ARITHMETIC,0,0.6480740904808044,1
2,D_WEAK_TRANSFORM,incumbent,46,ARITH_A,ARITHMETIC,0,0.6756960153579712,1
2,D_WEAK_TRANSFORM,capacity-shadow,46,ARITH_A,ARITHMETIC,0,,1
2,D_WEAK_TRANSFORM,geometry-shadow,46,ARITH_A,ARITHMETIC,0,0.6455605030059814,1
2,D_WEAK_TRANSFORM,incumbent,47,ARITH_A,ARITHMETIC,0,0.6828904747962952,1
2,D_WEAK_TRANSFORM,capacity-shadow,47,ARITH_A,ARITHMETIC,0,,1
2,D_WEAK_TRANSFORM,geometry-shadow,47,ARITH_A,ARITHMETIC,0,0.6546267867088318,1
2,D_WEAK_TRANSFORM,incumbent,48,ARITH_A,ARITHMETIC,0,0.6761862635612488,1
2,D_WEAK_TRANSFORM,capacity-shadow,48,ARITH_A,ARITHMETIC,0,,1
2,D_WEAK_TRANSFORM,geometry-shadow,48,ARITH_A,ARITHMETIC,0,0.6464229226112366,1
2,D_WEAK_TRANSFORM,incumbent,49,STORY,STORY,1,0.5756191611289978,1
2,D_WEAK_TRANSFORM,capacity-shadow,49,STORY,STORY,2,,1
2,D_WEAK_TRANSFORM,geometry-shadow,49,STORY,STORY,1,0.5524098873138428,1
2,D_WEAK_TRANSFORM,incumbent,50,ARITH_A,ARITHMETIC,0,0.679057776927948,1
2,D_WEAK_TRANSFORM,capacity-shadow,50,ARITH_A,ARITHMETIC,0,,1
2,D_WEAK_TRANSFORM,geometry-shadow,50,ARITH_A,ARITHMETIC,0,0.6500191688537598,1
2,D_WEAK_TRANSFORM,incumbent,51,ARITH_A,ARITHMETIC,0,0.6676505208015442,1
2,D_WEAK_TRANSFORM,capacity-shadow,51,ARITH_A,ARITHMETIC,0,,1
2,D_WEAK_TRANSFORM,geometry-shadow,51,ARITH_A,ARITHMETIC,0,0.6359516978263855,1
2,D_WEAK_TRANSFORM,incumbent,52,ARITH_A,ARITHMETIC,0,0.6868749856948853,1
2,D_WEAK_TRANSFORM,capacity-shadow,52,ARITH_A,ARITHMETIC,0,,1
2,D_WEAK_TRANSFORM,geometry-shadow,52,ARITH_A,ARITHMETIC,0,0.6592870950698853,1
2,D_WEAK_TRANSFORM,incumbent,53,ARITH_A,ARITHMETIC,0,0.6893613934516907,1
2,D_WEAK_TRANSFORM,capacity-shadow,53,ARITH_A,ARITHMETIC,0,,1
2,D_WEAK_TRANSFORM,geometry-shadow,53,ARITH_A,ARITHMETIC,0,0.6644330620765686,1
2,D_WEAK_TRANSFORM,incumbent,54,STORY,STORY,1,1.183963656425476,1
2,D_WEAK_TRANSFORM,capacity-shadow,54,STORY,STORY,1,,1
2,D_WEAK_TRANSFORM,geometry-shadow,54,STORY,STORY,1,0.797667384147644,1
2,D_WEAK_TRANSFORM,incumbent,55,TRANSFORM,TRANSFORM,0,0.7012625932693481,1
2,D_WEAK_TRANSFORM,capacity-shadow,55,TRANSFORM,TRANSFORM,0,,1
2,D_WEAK_TRANSFORM,geometry-shadow,55,TRANSFORM,TRANSFORM,0,0.6961454749107361,1
2,D_WEAK_TRANSFORM,incumbent,56,TRANSFORM,TRANSFORM,0,0.6990790367126465,1
2,D_WEAK_TRANSFORM,capacity-shadow,56,TRANSFORM,TRANSFORM,0,,1
2,D_WEAK_TRANSFORM,geometry-shadow,56,TRANSFORM,TRANSFORM,0,0.6970033645629883,1
2,D_WEAK_TRANSFORM,incumbent,57,ARITH_A,ARITHMETIC,0,0.6878323554992676,1
2,D_WEAK_TRANSFORM,capacity-shadow,57,ARITH_A,ARITHMETIC,0,,1
2,D_WEAK_TRANSFORM,geometry-shadow,57,ARITH_A,ARITHMETIC,0,0.6629705429077148,1
2,D_WEAK_TRANSFORM,incumbent,58,STORY,STORY,1,1.2796416282653809,1
2,D_WEAK_TRANSFORM,capacity-shadow,58,STORY,STORY,2,,1
2,D_WEAK_TRANSFORM,geometry-shadow,58,STORY,STORY,2,0.3933478593826294,1
2,D_WEAK_TRANSFORM,incumbent,59,ARITH_A,ARITHMETIC,0,0.6640344858169556,1
2,D_WEAK_TRANSFORM,capacity-shadow,59,ARITH_A,ARITHMETIC,0,,1
2,D_WEAK_TRANSFORM,geometry-shadow,59,ARITH_A,ARITHMETIC,0,0.6312736868858337,1
2,D_WEAK_TRANSFORM,incumbent,60,STORY,STORY,1,1.0517737865447998,1
2,D_WEAK_TRANSFORM,capacity-shadow,60,STORY,STORY,1,,1
2,D_WEAK_TRANSFORM,geometry-shadow,60,STORY,STORY,1,0.4811666011810303,1
2,D_WEAK_TRANSFORM,incumbent,61,STORY,STORY,1,1.1984045505523682,1
2,D_WEAK_TRANSFORM,capacity-shadow,61,STORY,STORY,2,,1
2,D_WEAK_TRANSFORM,geometry-shadow,61,STORY,STORY,2,1.1664111614227295,1
2,D_WEAK_TRANSFORM,incumbent,62,ARITH_A,ARITHMETIC,0,0.6551557779312134,1
2,D_WEAK_TRANSFORM,capacity-shadow,62,ARITH_A,ARITHMETIC,0,,1
2,D_WEAK_TRANSFORM,geometry-shadow,62,ARITH_A,ARITHMETIC,0,0.6203448176383972,1
2,D_WEAK_TRANSFORM,incumbent,63,TRANSFORM,TRANSFORM,0,0.6863250136375427,1
2,D_WEAK_TRANSFORM,capacity-shadow,63,TRANSFORM,TRANSFORM,0,,1
2,D_WEAK_TRANSFORM,geometry-shadow,63,TRANSFORM,TRANSFORM,0,0.6812747716903687,1
2,D_WEAK_TRANSFORM,incumbent,64,TRANSFORM,TRANSFORM,0,0.7063254117965698,1
2,D_WEAK_TRANSFORM,capacity-shadow,64,TRANSFORM,TRANSFORM,0,,1
2,D_WEAK_TRANSFORM,geometry-shadow,64,TRANSFORM,TRANSFORM,0,0.7053229808807373,1
2,D_WEAK_TRANSFORM,incumbent,65,ARITH_A,ARITHMETIC,0,0.6652897596359253,1
2,D_WEAK_TRANSFORM,capacity-shadow,65,ARITH_A,ARITHMETIC,0,,1
2,D_WEAK_TRANSFORM,geometry-shadow,65,ARITH_A,ARITHMETIC,0,0.6321304440498352,1
2,D_WEAK_TRANSFORM,incumbent,66,ARITH_A,ARITHMETIC,0,0.6812493801116943,1
2,D_WEAK_TRANSFORM,capacity-shadow,66,ARITH_A,ARITHMETIC,0,,1
2,D_WEAK_TRANSFORM,geometry-shadow,66,ARITH_A,ARITHMETIC,0,0.6546754240989685,1
2,D_WEAK_TRANSFORM,incumbent,67,TRANSFORM,TRANSFORM,0,0.701069712638855,1
2,D_WEAK_TRANSFORM,capacity-shadow,67,TRANSFORM,TRANSFORM,0,,1
2,D_WEAK_TRANSFORM,geometry-shadow,67,TRANSFORM,TRANSFORM,0,0.6965833902359009,1
2,D_WEAK_TRANSFORM,incumbent,68,ARITH_A,ARITHMETIC,0,0.6746801137924194,1
2,D_WEAK_TRANSFORM,capacity-shadow,68,ARITH_A,ARITHMETIC,0,,1
2,D_WEAK_TRANSFORM,geometry-shadow,68,ARITH_A,ARITHMETIC,0,0.6437532305717468,1
2,D_WEAK_TRANSFORM,incumbent,69,STORY,STORY,1,1.137006402015686,1
2,D_WEAK_TRANSFORM,capacity-shadow,69,STORY,STORY,1,,1
2,D_WEAK_TRANSFORM,geometry-shadow,69,STORY,STORY,1,0.2950406074523926,1
2,D_WEAK_TRANSFORM,incumbent,70,STORY,STORY,1,0.9372248649597168,1
2,D_WEAK_TRANSFORM,capacity-shadow,70,STORY,STORY,2,,1
2,D_WEAK_TRANSFORM,geometry-shadow,70,STORY,STORY,2,1.2666984796524048,1
2,D_WEAK_TRANSFORM,incumbent,71,ARITH_A,ARITHMETIC,0,0.6736661195755005,1
2,D_WEAK_TRANSFORM,capacity-shadow,71,ARITH_A,ARITHMETIC,0,,1
2,D_WEAK_TRANSFORM,geometry-shadow,71,ARITH_A,ARITHMETIC,0,0.644579291343689,1
2,D_WEAK_TRANSFORM,incumbent,72,ARITH_A,ARITHMETIC,0,0.6767910718917847,1
2,D_WEAK_TRANSFORM,capacity-shadow,72,ARITH_A,ARITHMETIC,0,,1
2,D_WEAK_TRANSFORM,geometry-shadow,72,ARITH_A,ARITHMETIC,0,0.6470141410827637,1
2,D_WEAK_TRANSFORM,incumbent,73,TRANSFORM,TRANSFORM,0,0.6944129467010498,1
2,D_WEAK_TRANSFORM,capacity-shadow,73,TRANSFORM,TRANSFORM,0,,1
2,D_WEAK_TRANSFORM,geometry-shadow,73,TRANSFORM,TRANSFORM,0,0.6900757551193237,1
2,D_WEAK_TRANSFORM,incumbent,74,TRANSFORM,TRANSFORM,0,0.696031391620636,1
2,D_WEAK_TRANSFORM,capacity-shadow,74,TRANSFORM,TRANSFORM,0,,1
2,D_WEAK_TRANSFORM,geometry-shadow,74,TRANSFORM,TRANSFORM,0,0.6901737451553345,1
2,D_WEAK_TRANSFORM,incumbent,75,ARITH_A,ARITHMETIC,0,0.672248363494873,1
2,D_WEAK_TRANSFORM,capacity-shadow,75,ARITH_A,ARITHMETIC,0,,1
2,D_WEAK_TRANSFORM,geometry-shadow,75,ARITH_A,ARITHMETIC,0,0.6412250995635986,1
2,D_WEAK_TRANSFORM,incumbent,76,STORY,STORY,1,0.4107996225357055,1
2,D_WEAK_TRANSFORM,capacity-shadow,76,STORY,STORY,1,,1
2,D_WEAK_TRANSFORM,geometry-shadow,76,STORY,STORY,1,0.0142749547958374,1
2,D_WEAK_TRANSFORM,incumbent,77,ARITH_A,ARITHMETIC,0,0.680065929889679,1
2,D_WEAK_TRANSFORM,capacity-shadow,77,ARITH_A,ARITHMETIC,0,,1
2,D_WEAK_TRANSFORM,geometry-shadow,77,ARITH_A,ARITHMETIC,0,0.6505886912345886,1
2,D_WEAK_TRANSFORM,incumbent,78,STORY,STORY,1,0.6606881022453308,1
2,D_WEAK_TRANSFORM,capacity-shadow,78,STORY,STORY,2,,1
2,D_WEAK_TRANSFORM,geometry-shadow,78,STORY,STORY,1,0.7191387414932251,1
2,D_WEAK_TRANSFORM,incumbent,79,ARITH_A,ARITHMETIC,0,0.6704856157302856,1
2,D_WEAK_TRANSFORM,capacity-shadow,79,ARITH_A,ARITHMETIC,0,,1
2,D_WEAK_TRANSFORM,geometry-shadow,79,ARITH_A,ARITHMETIC,0,0.6391988396644592,1
2,D_WEAK_TRANSFORM,incumbent,80,STORY,STORY,1,0.6693829298019409,1
2,D_WEAK_TRANSFORM,capacity-shadow,80,STORY,STORY,1,,1
2,D_WEAK_TRANSFORM,geometry-shadow,80,STORY,STORY,2,0.3226642608642578,1
2,D_WEAK_TRANSFORM,incumbent,81,ARITH_A,ARITHMETIC,0,0.6823441386222839,1
2,D_WEAK_TRANSFORM,capacity-shadow,81,ARITH_A,ARITHMETIC,0,,1
2,D_WEAK_TRANSFORM,geometry-shadow,81,ARITH_A,ARITHMETIC,0,0.6525719165802002,1
2,D_WEAK_TRANSFORM,incumbent,82,STORY,STORY,1,0.5129476189613342,1
2,D_WEAK_TRANSFORM,capacity-shadow,82,STORY,STORY,2,,1
2,D_WEAK_TRANSFORM,geometry-shadow,82,STORY,STORY,1,0.1530983448028564,1
2,D_WEAK_TRANSFORM,incumbent,83,ARITH_A,ARITHMETIC,0,0.6660342216491699,1
2,D_WEAK_TRANSFORM,capacity-shadow,83,ARITH_A,ARITHMETIC,0,,1
2,D_WEAK_TRANSFORM,geometry-shadow,83,ARITH_A,ARITHMETIC,0,0.6338909268379211,1
2,D_WEAK_TRANSFORM,incumbent,84,ARITH_A,ARITHMETIC,0,0.6804202198982239,1
2,D_WEAK_TRANSFORM,capacity-shadow,84,ARITH_A,ARITHMETIC,0,,1
2,D_WEAK_TRANSFORM,geometry-shadow,84,ARITH_A,ARITHMETIC,0,0.65296870470047,1
2,D_WEAK_TRANSFORM,incumbent,85,ARITH_A,ARITHMETIC,0,0.6673856973648071,1
2,D_WEAK_TRANSFORM,capacity-shadow,85,ARITH_A,ARITHMETIC,0,,1
2,D_WEAK_TRANSFORM,geometry-shadow,85,ARITH_A,ARITHMETIC,0,0.6356079578399658,1
2,D_WEAK_TRANSFORM,incumbent,86,STORY,STORY,1,0.7301274538040161,1
2,D_WEAK_TRANSFORM,capacity-shadow,86,STORY,STORY,1,,1
2,D_WEAK_TRANSFORM,geometry-shadow,86,STORY,STORY,2,0.2441538572311401,1
2,D_WEAK_TRANSFORM,incumbent,87,ARITH_A,ARITHMETIC,0,0.6645511984825134,1
2,D_WEAK_TRANSFORM,capacity-shadow,87,ARITH_A,ARITHMETIC,0,,1
2,D_WEAK_TRANSFORM,geometry-shadow,87,ARITH_A,ARITHMETIC,0,0.6322386860847473,1
2,D_WEAK_TRANSFORM,incumbent,88,ARITH_A,ARITHMETIC,0,0.6835897564888,1
2,D_WEAK_TRANSFORM,capacity-shadow,88,ARITH_A,ARITHMETIC,0,,1
2,D_WEAK_TRANSFORM,geometry-shadow,88,ARITH_A,ARITHMETIC,0,0.6553053855895996,1
2,D_WEAK_TRANSFORM,incumbent,89,STORY,STORY,1,1.4131085872650146,1
2,D_WEAK_TRANSFORM,capacity-shadow,89,STORY,STORY,2,,1
2,D_WEAK_TRANSFORM,geometry-shadow,89,STORY,STORY,2,1.1611478328704834,1
2,D_WEAK_TRANSFORM,incumbent,90,STORY,STORY,1,0.0153689384460449,1
2,D_WEAK_TRANSFORM,capacity-shadow,90,STORY,STORY,1,,1
2,D_WEAK_TRANSFORM,geometry-shadow,90,STORY,STORY,1,0.04619961977005,1
2,D_WEAK_TRANSFORM,incumbent,91,TRANSFORM,TRANSFORM,0,0.6955783367156982,1
2,D_WEAK_TRANSFORM,capacity-shadow,91,TRANSFORM,TRANSFORM,0,,1
2,D_WEAK_TRANSFORM,geometry-shadow,91,TRANSFORM,TRANSFORM,0,0.6921196579933167,1
2,D_WEAK_TRANSFORM,incumbent,92,ARITH_A,ARITHMETIC,0,0.6677389740943909,1
2,D_WEAK_TRANSFORM,capacity-shadow,92,ARITH_A,ARITHMETIC,0,,1
2,D_WEAK_TRANSFORM,geometry-shadow,92,ARITH_A,ARITHMETIC,0,0.6362584233283997,1
2,D_WEAK_TRANSFORM,incumbent,93,ARITH_A,ARITHMETIC,0,0.690497875213623,1
2,D_WEAK_TRANSFORM,capacity-shadow,93,ARITH_A,ARITHMETIC,0,,1
2,D_WEAK_TRANSFORM,geometry-shadow,93,ARITH_A,ARITHMETIC,0,0.6667904853820801,1
2,D_WEAK_TRANSFORM,incumbent,94,STORY,STORY,1,0.4662495255470276,1
2,D_WEAK_TRANSFORM,capacity-shadow,94,STORY,STORY,2,,1
2,D_WEAK_TRANSFORM,geometry-shadow,94,STORY,STORY,1,0.516550600528717,1
2,D_WEAK_TRANSFORM,incumbent,95,ARITH_A,ARITHMETIC,0,0.6828543543815613,1
2,D_WEAK_TRANSFORM,capacity-shadow,95,ARITH_A,ARITHMETIC,0,,1
2,D_WEAK_TRANSFORM,geometry-shadow,95,ARITH_A,ARITHMETIC,0,0.6553777456283569,1
2,D_WEAK_TRANSFORM,incumbent,96,STORY,STORY,1,0.5359626412391663,1
2,D_WEAK_TRANSFORM,capacity-shadow,96,STORY,STORY,1,,1
2,D_WEAK_TRANSFORM,geometry-shadow,96,STORY,STORY,1,0.3866177201271057,1
2,D_WEAK_TRANSFORM,incumbent,97,ARITH_A,ARITHMETIC,0,0.669623613357544,1
2,D_WEAK_TRANSFORM,capacity-shadow,97,ARITH_A,ARITHMETIC,0,,1
2,D_WEAK_TRANSFORM,geometry-shadow,97,ARITH_A,ARITHMETIC,0,0.6379329562187195,1
2,D_WEAK_TRANSFORM,incumbent,98,ARITH_A,ARITHMETIC,0,0.6874163746833801,1
2,D_WEAK_TRANSFORM,capacity-shadow,98,ARITH_A,ARITHMETIC,0,,1
2,D_WEAK_TRANSFORM,geometry-shadow,98,ARITH_A,ARITHMETIC,0,0.6622174382209778,1
2,D_WEAK_TRANSFORM,incumbent,99,TRANSFORM,TRANSFORM,0,0.6922430396080017,1
2,D_WEAK_TRANSFORM,capacity-shadow,99,TRANSFORM,TRANSFORM,0,,1
2,D_WEAK_TRANSFORM,geometry-shadow,99,TRANSFORM,TRANSFORM,0,0.6886250972747803,1
2,D_WEAK_TRANSFORM,incumbent,100,STORY,STORY,1,0.7768164873123169,1
2,D_WEAK_TRANSFORM,capacity-shadow,100,STORY,STORY,2,,1
2,D_WEAK_TRANSFORM,geometry-shadow,100,STORY,STORY,1,0.2429364919662475,1
2,D_WEAK_TRANSFORM,incumbent,101,ARITH_A,ARITHMETIC,0,0.6794198155403137,1
2,D_WEAK_TRANSFORM,capacity-shadow,101,ARITH_A,ARITHMETIC,0,,1
2,D_WEAK_TRANSFORM,geometry-shadow,101,ARITH_A,ARITHMETIC,0,0.6498851180076599,1
2,D_WEAK_TRANSFORM,incumbent,102,STORY,STORY,1,0.7717514634132385,1
2,D_WEAK_TRANSFORM,capacity-shadow,102,STORY,STORY,1,,1
2,D_WEAK_TRANSFORM,geometry-shadow,102,STORY,STORY,1,0.5586298704147339,1
2,D_WEAK_TRANSFORM,incumbent,103,ARITH_A,ARITHMETIC,0,0.6740890145301819,1
2,D_WEAK_TRANSFORM,capacity-shadow,103,ARITH_A,ARITHMETIC,0,,1
2,D_WEAK_TRANSFORM,geometry-shadow,103,ARITH_A,ARITHMETIC,0,0.6455435752868652,1
2,D_WEAK_TRANSFORM,incumbent,104,ARITH_A,ARITHMETIC,0,0.661587119102478,1
2,D_WEAK_TRANSFORM,capacity-shadow,104,ARITH_A,ARITHMETIC,0,,1
2,D_WEAK_TRANSFORM,geometry-shadow,104,ARITH_A,ARITHMETIC,0,0.6279633641242981,1
2,D_WEAK_TRANSFORM,incumbent,105,ARITH_A,ARITHMETIC,0,0.6746740937232971,1
2,D_WEAK_TRANSFORM,capacity-shadow,105,ARITH_A,ARITHMETIC,0,,1
2,D_WEAK_TRANSFORM,geometry-shadow,105,ARITH_A,ARITHMETIC,0,0.6450655460357666,1
2,D_WEAK_TRANSFORM,incumbent,106,STORY,STORY,1,0.7468553781509399,1
2,D_WEAK_TRANSFORM,capacity-shadow,106,STORY,STORY,2,,1
2,D_WEAK_TRANSFORM,geometry-shadow,106,STORY,STORY,1,0.4206809997558594,1
2,D_WEAK_TRANSFORM,incumbent,107,STORY,STORY,1,0.7602906823158264,1
2,D_WEAK_TRANSFORM,capacity-shadow,107,STORY,STORY,1,,1
2,D_WEAK_TRANSFORM,geometry-shadow,107,STORY,STORY,1,0.399106502532959,1
2,D_WEAK_TRANSFORM,incumbent,108,STORY,STORY,1,0.7600307464599609,1
2,D_WEAK_TRANSFORM,capacity-shadow,108,STORY,STORY,2,,1
2,D_WEAK_TRANSFORM,geometry-shadow,108,STORY,STORY,2,0.1377451419830322,1
2,D_WEAK_TRANSFORM,incumbent,109,ARITH_A,ARITHMETIC,0,0.6875314116477966,1
2,D_WEAK_TRANSFORM,capacity-shadow,109,ARITH_A,ARITHMETIC,0,,1
2,D_WEAK_TRANSFORM,geometry-shadow,109,ARITH_A,ARITHMETIC,0,0.6610090732574463,1
2,D_WEAK_TRANSFORM,incumbent,110,ARITH_A,ARITHMETIC,0,0.6726697087287903,1
2,D_WEAK_TRANSFORM,capacity-shadow,110,ARITH_A,ARITHMETIC,0,,1
2,D_WEAK_TRANSFORM,geometry-shadow,110,ARITH_A,ARITHMETIC,0,0.642771303653717,1
2,D_WEAK_TRANSFORM,incumbent,111,STORY,STORY,1,0.8653092980384827,1
2,D_WEAK_TRANSFORM,capacity-shadow,111,STORY,STORY,1,,1
2,D_WEAK_TRANSFORM,geometry-shadow,111,STORY,STORY,1,0.383379578590393,1
2,D_WEAK_TRANSFORM,incumbent,112,STORY,STORY,1,1.3144303560256958,1
2,D_WEAK_TRANSFORM,capacity-shadow,112,STORY,STORY,2,,1
2,D_WEAK_TRANSFORM,geometry-shadow,112,STORY,STORY,2,0.1728320121765136,1
2,D_WEAK_TRANSFORM,incumbent,113,TRANSFORM,TRANSFORM,0,0.6917742490768433,1
2,D_WEAK_TRANSFORM,capacity-shadow,113,TRANSFORM,TRANSFORM,0,,1
2,D_WEAK_TRANSFORM,geometry-shadow,113,TRANSFORM,TRANSFORM,0,0.6858242154121399,1
2,D_WEAK_TRANSFORM,incumbent,114,ARITH_A,ARITHMETIC,0,0.6660584211349487,1
2,D_WEAK_TRANSFORM,capacity-shadow,114,ARITH_A,ARITHMETIC,0,,1
2,D_WEAK_TRANSFORM,geometry-shadow,114,ARITH_A,ARITHMETIC,0,0.6341354846954346,1
2,D_WEAK_TRANSFORM,incumbent,115,ARITH_A,ARITHMETIC,0,0.684363842010498,1
2,D_WEAK_TRANSFORM,capacity-shadow,115,ARITH_A,ARITHMETIC,0,,1
2,D_WEAK_TRANSFORM,geometry-shadow,115,ARITH_A,ARITHMETIC,0,0.6610018610954285,1
2,D_WEAK_TRANSFORM,incumbent,116,ARITH_A,ARITHMETIC,0,0.6817931532859802,1
2,D_WEAK_TRANSFORM,capacity-shadow,116,ARITH_A,ARITHMETIC,0,,1
2,D_WEAK_TRANSFORM,geometry-shadow,116,ARITH_A,ARITHMETIC,0,0.6551792621612549,1
2,D_WEAK_TRANSFORM,incumbent,117,ARITH_A,ARITHMETIC,0,0.691726565361023,1
2,D_WEAK_TRANSFORM,capacity-shadow,117,ARITH_A,ARITHMETIC,0,,1
2,D_WEAK_TRANSFORM,geometry-shadow,117,ARITH_A,ARITHMETIC,0,0.6655194759368896,1
2,D_WEAK_TRANSFORM,incumbent,118,ARITH_A,ARITHMETIC,0,0.6747221946716309,1
2,D_WEAK_TRANSFORM,capacity-shadow,118,ARITH_A,ARITHMETIC,0,,1
2,D_WEAK_TRANSFORM,geometry-shadow,118,ARITH_A,ARITHMETIC,0,0.6437711119651794,1
2,D_WEAK_TRANSFORM,incumbent,119,ARITH_A,ARITHMETIC,0,0.6858466863632202,1
2,D_WEAK_TRANSFORM,capacity-shadow,119,ARITH_A,ARITHMETIC,0,,1
2,D_WEAK_TRANSFORM,geometry-shadow,119,ARITH_A,ARITHMETIC,0,0.6576427817344666,1
2,D_WEAK_TRANSFORM,incumbent,120,STORY,STORY,1,0.5636292695999146,1
2,D_WEAK_TRANSFORM,capacity-shadow,120,STORY,STORY,1,,1
2,D_WEAK_TRANSFORM,geometry-shadow,120,STORY,STORY,2,0.3441396951675415,1
2,D_WEAK_TRANSFORM,incumbent,121,TRANSFORM,TRANSFORM,0,0.6981900930404663,1
2,D_WEAK_TRANSFORM,capacity-shadow,121,TRANSFORM,TRANSFORM,0,,1
2,D_WEAK_TRANSFORM,geometry-shadow,121,TRANSFORM,TRANSFORM,0,0.695214033126831,1
2,D_WEAK_TRANSFORM,incumbent,122,STORY,STORY,1,1.31384015083313,1
2,D_WEAK_TRANSFORM,capacity-shadow,122,STORY,STORY,2,,1
2,D_WEAK_TRANSFORM,geometry-shadow,122,STORY,STORY,2,0.3387085199356079,1
2,D_WEAK_TRANSFORM,incumbent,123,ARITH_A,ARITHMETIC,0,0.6873071193695068,1
2,D_WEAK_TRANSFORM,capacity-shadow,123,ARITH_A,ARITHMETIC,0,,1
2,D_WEAK_TRANSFORM,geometry-shadow,123,ARITH_A,ARITHMETIC,0,0.6650038957595825,1
2,D_WEAK_TRANSFORM,incumbent,124,STORY,STORY,1,1.2962238788604736,1
2,D_WEAK_TRANSFORM,capacity-shadow,124,STORY,STORY,1,,1
2,D_WEAK_TRANSFORM,geometry-shadow,124,STORY,STORY,2,0.1306148767471313,1
2,D_WEAK_TRANSFORM,incumbent,125,STORY,STORY,1,0.4758906364440918,1
2,D_WEAK_TRANSFORM,capacity-shadow,125,STORY,STORY,2,,1
2,D_WEAK_TRANSFORM,geometry-shadow,125,STORY,STORY,2,0.7455595135688782,1
2,D_WEAK_TRANSFORM,incumbent,126,ARITH_A,ARITHMETIC,0,0.6664800643920898,1
2,D_WEAK_TRANSFORM,capacity-shadow,126,ARITH_A,ARITHMETIC,0,,1
2,D_WEAK_TRANSFORM,geometry-shadow,126,ARITH_A,ARITHMETIC,0,0.6351879835128784,1
2,D_WEAK_TRANSFORM,incumbent,127,STORY,STORY,1,0.9404300451278688,1
2,D_WEAK_TRANSFORM,capacity-shadow,127,STORY,STORY,1,,1
2,D_WEAK_TRANSFORM,geometry-shadow,127,STORY,STORY,2,0.394383430480957,1
2,D_WEAK_TRANSFORM,incumbent,128,STORY,STORY,1,1.2052158117294312,1
2,D_WEAK_TRANSFORM,capacity-shadow,128,STORY,STORY,2,,1
2,D_WEAK_TRANSFORM,geometry-shadow,128,STORY,STORY,2,0.3609617948532104,1
2,D_WEAK_TRANSFORM,incumbent,129,TRANSFORM,TRANSFORM,0,0.6991538405418396,1
2,D_WEAK_TRANSFORM,capacity-shadow,129,TRANSFORM,TRANSFORM,0,,1
2,D_WEAK_TRANSFORM,geometry-shadow,129,TRANSFORM,TRANSFORM,0,0.6971376538276672,1
2,D_WEAK_TRANSFORM,incumbent,130,ARITH_A,ARITHMETIC,0,0.6759418845176697,1
2,D_WEAK_TRANSFORM,capacity-shadow,130,ARITH_A,ARITHMETIC,0,,1
2,D_WEAK_TRANSFORM,geometry-shadow,130,ARITH_A,ARITHMETIC,0,0.6466806530952454,1
2,D_WEAK_TRANSFORM,incumbent,131,STORY,STORY,1,1.2670574188232422,1
2,D_WEAK_TRANSFORM,capacity-shadow,131,STORY,STORY,1,,1
2,D_WEAK_TRANSFORM,geometry-shadow,131,STORY,STORY,1,0.0742275714874267,1
2,D_WEAK_TRANSFORM,incumbent,132,STORY,STORY,1,0.0728663802146911,1
2,D_WEAK_TRANSFORM,capacity-shadow,132,STORY,STORY,2,,1
2,D_WEAK_TRANSFORM,geometry-shadow,132,STORY,STORY,1,0.0548949837684631,1
2,D_WEAK_TRANSFORM,incumbent,133,STORY,STORY,1,0.7899167537689209,1
2,D_WEAK_TRANSFORM,capacity-shadow,133,STORY,STORY,1,,1
2,D_WEAK_TRANSFORM,geometry-shadow,133,STORY,STORY,2,0.503266453742981,1
2,D_WEAK_TRANSFORM,incumbent,134,ARITH_A,ARITHMETIC,0,0.6752923130989075,1
2,D_WEAK_TRANSFORM,capacity-shadow,134,ARITH_A,ARITHMETIC,0,,1
2,D_WEAK_TRANSFORM,geometry-shadow,134,ARITH_A,ARITHMETIC,0,0.6466369032859802,1
2,D_WEAK_TRANSFORM,incumbent,135,ARITH_A,ARITHMETIC,0,0.676133930683136,1
2,D_WEAK_TRANSFORM,capacity-shadow,135,ARITH_A,ARITHMETIC,0,,1
2,D_WEAK_TRANSFORM,geometry-shadow,135,ARITH_A,ARITHMETIC,0,0.6456023454666138,1
2,D_WEAK_TRANSFORM,incumbent,136,STORY,STORY,1,0.6074388027191162,1
2,D_WEAK_TRANSFORM,capacity-shadow,136,STORY,STORY,2,,1
2,D_WEAK_TRANSFORM,geometry-shadow,136,STORY,STORY,2,0.6001311540603638,1
2,D_WEAK_TRANSFORM,incumbent,137,ARITH_A,ARITHMETIC,0,0.6823341250419617,1
2,D_WEAK_TRANSFORM,capacity-shadow,137,ARITH_A,ARITHMETIC,0,,1
2,D_WEAK_TRANSFORM,geometry-shadow,137,ARITH_A,ARITHMETIC,0,0.6569606065750122,1
2,D_WEAK_TRANSFORM,incumbent,138,ARITH_A,ARITHMETIC,0,0.6641234755516052,1
2,D_WEAK_TRANSFORM,capacity-shadow,138,ARITH_A,ARITHMETIC,0,,1
2,D_WEAK_TRANSFORM,geometry-shadow,138,ARITH_A,ARITHMETIC,0,0.6314307451248169,1
2,D_WEAK_TRANSFORM,incumbent,139,TRANSFORM,TRANSFORM,0,0.6910409927368164,1
2,D_WEAK_TRANSFORM,capacity-shadow,139,TRANSFORM,TRANSFORM,0,,1
2,D_WEAK_TRANSFORM,geometry-shadow,139,TRANSFORM,TRANSFORM,0,0.6870818138122559,1
2,D_WEAK_TRANSFORM,incumbent,140,STORY,STORY,1,0.4145774841308594,1
2,D_WEAK_TRANSFORM,capacity-shadow,140,STORY,STORY,1,,1
2,D_WEAK_TRANSFORM,geometry-shadow,140,STORY,STORY,2,0.1995289325714111,1
2,D_WEAK_TRANSFORM,incumbent,141,STORY,STORY,0,0.1006684303283691,1
2,D_WEAK_TRANSFORM,capacity-shadow,141,STORY,STORY,0,,1
2,D_WEAK_TRANSFORM,geometry-shadow,141,STORY,STORY,0,0.0392043590545654,1
2,D_WEAK_TRANSFORM,incumbent,142,STORY,STORY,1,0.88435959815979,1
2,D_WEAK_TRANSFORM,capacity-shadow,142,STORY,STORY,2,,1
2,D_WEAK_TRANSFORM,geometry-shadow,142,STORY,STORY,1,0.4382383823394775,1
2,D_WEAK_TRANSFORM,incumbent,143,STORY,STORY,1,0.8271219730377197,1
2,D_WEAK_TRANSFORM,capacity-shadow,143,STORY,STORY,1,,1
2,D_WEAK_TRANSFORM,geometry-shadow,143,STORY,STORY,1,0.0972430109977722,1
2,D_WEAK_TRANSFORM,incumbent,144,STORY,STORY,1,0.4049640297889709,1
2,D_WEAK_TRANSFORM,capacity-shadow,144,STORY,STORY,2,,1
2,D_WEAK_TRANSFORM,geometry-shadow,144,STORY,STORY,1,0.4211630821228027,1
2,D_WEAK_TRANSFORM,incumbent,145,STORY,STORY,1,0.3699203729629516,1
2,D_WEAK_TRANSFORM,capacity-shadow,145,STORY,STORY,1,,1
2,D_WEAK_TRANSFORM,geometry-shadow,145,STORY,STORY,2,0.4056102037429809,1
2,D_WEAK_TRANSFORM,incumbent,146,TRANSFORM,TRANSFORM,0,0.696381151676178,1
2,D_WEAK_TRANSFORM,capacity-shadow,146,TRANSFORM,TRANSFORM,0,,1
2,D_WEAK_TRANSFORM,geometry-shadow,146,TRANSFORM,TRANSFORM,0,0.6933825016021729,1
2,D_WEAK_TRANSFORM,incumbent,147,STORY,STORY,1,0.6644498109817505,1
2,D_WEAK_TRANSFORM,capacity-shadow,147,STORY,STORY,2,,1
2,D_WEAK_TRANSFORM,geometry-shadow,147,STORY,STORY,2,0.8513993620872498,1
2,D_WEAK_TRANSFORM,incumbent,148,ARITH_A,ARITHMETIC,0,0.6710227131843567,1
2,D_WEAK_TRANSFORM,capacity-shadow,148,ARITH_A,ARITHMETIC,0,,1
2,D_WEAK_TRANSFORM,geometry-shadow,148,ARITH_A,ARITHMETIC,0,0.6405788660049438,1
2,D_WEAK_TRANSFORM,incumbent,149,TRANSFORM,TRANSFORM,0,0.7004390954971313,1
2,D_WEAK_TRANSFORM,capacity-shadow,149,TRANSFORM,TRANSFORM,0,,1
2,D_WEAK_TRANSFORM,geometry-shadow,149,TRANSFORM,TRANSFORM,0,0.6968765258789062,1
2,D_WEAK_TRANSFORM,incumbent,150,STORY,STORY,1,0.5315461158752441,1
2,D_WEAK_TRANSFORM,capacity-shadow,150,STORY,STORY,1,,1
2,D_WEAK_TRANSFORM,geometry-shadow,150,STORY,STORY,2,0.445297360420227,1
2,D_WEAK_TRANSFORM,incumbent,151,TRANSFORM,TRANSFORM,0,0.7033458352088928,1
2,D_WEAK_TRANSFORM,capacity-shadow,151,TRANSFORM,TRANSFORM,0,,1
2,D_WEAK_TRANSFORM,geometry-shadow,151,TRANSFORM,TRANSFORM,0,0.7023987174034119,1
2,D_WEAK_TRANSFORM,incumbent,152,STORY,STORY,1,0.9985518455505372,1
2,D_WEAK_TRANSFORM,capacity-shadow,152,STORY,STORY,2,,1
2,D_WEAK_TRANSFORM,geometry-shadow,152,STORY,STORY,2,0.2338695526123047,1
2,D_WEAK_TRANSFORM,incumbent,153,STORY,STORY,1,0.8290356397628784,1
2,D_WEAK_TRANSFORM,capacity-shadow,153,STORY,STORY,1,,1
2,D_WEAK_TRANSFORM,geometry-shadow,153,STORY,STORY,1,0.0016441345214843,1
2,D_WEAK_TRANSFORM,incumbent,154,STORY,STORY,1,0.2460154294967651,1
2,D_WEAK_TRANSFORM,capacity-shadow,154,STORY,STORY,2,,1
2,D_WEAK_TRANSFORM,geometry-shadow,154,STORY,STORY,1,0.1436274051666259,1
2,D_WEAK_TRANSFORM,incumbent,155,ARITH_A,ARITHMETIC,0,0.6672185063362122,1
2,D_WEAK_TRANSFORM,capacity-shadow,155,ARITH_A,ARITHMETIC,0,,1
2,D_WEAK_TRANSFORM,geometry-shadow,155,ARITH_A,ARITHMETIC,0,0.6355276703834534,1
2,D_WEAK_TRANSFORM,incumbent,156,STORY,STORY,1,0.6209431886672974,1
2,D_WEAK_TRANSFORM,capacity-shadow,156,STORY,STORY,1,,1
2,D_WEAK_TRANSFORM,geometry-shadow,156,STORY,STORY,1,0.0822346210479736,1
2,D_WEAK_TRANSFORM,incumbent,157,ARITH_A,ARITHMETIC,0,0.6853156685829163,1
2,D_WEAK_TRANSFORM,capacity-shadow,157,ARITH_A,ARITHMETIC,0,,1
2,D_WEAK_TRANSFORM,geometry-shadow,157,ARITH_A,ARITHMETIC,0,0.6584051847457886,1
2,D_WEAK_TRANSFORM,incumbent,158,ARITH_A,ARITHMETIC,0,0.6887697577476501,1
2,D_WEAK_TRANSFORM,capacity-shadow,158,ARITH_A,ARITHMETIC,0,,1
2,D_WEAK_TRANSFORM,geometry-shadow,158,ARITH_A,ARITHMETIC,0,0.663237452507019,1
2,D_WEAK_TRANSFORM,incumbent,159,STORY,STORY,1,0.1931310296058654,1
2,D_WEAK_TRANSFORM,capacity-shadow,159,STORY,STORY,2,,1
2,D_WEAK_TRANSFORM,geometry-shadow,159,STORY,STORY,1,0.2450655698776245,1
2,D_WEAK_TRANSFORM,incumbent,160,STORY,STORY,1,1.3238089084625244,1
2,D_WEAK_TRANSFORM,capacity-shadow,160,STORY,STORY,1,,1
2,D_WEAK_TRANSFORM,geometry-shadow,160,STORY,STORY,2,0.6130194664001465,1
2,D_WEAK_TRANSFORM,incumbent,161,STORY,STORY,1,1.4425435066223145,1
2,D_WEAK_TRANSFORM,capacity-shadow,161,STORY,STORY,2,,1
2,D_WEAK_TRANSFORM,geometry-shadow,161,STORY,STORY,1,0.3274431824684143,1
2,D_WEAK_TRANSFORM,incumbent,162,ARITH_A,ARITHMETIC,0,0.6752768754959106,1
2,D_WEAK_TRANSFORM,capacity-shadow,162,ARITH_A,ARITHMETIC,0,,1
2,D_WEAK_TRANSFORM,geometry-shadow,162,ARITH_A,ARITHMETIC,0,0.6453675627708435,1
2,D_WEAK_TRANSFORM,incumbent,163,STORY,STORY,1,0.9601925611495972,1
2,D_WEAK_TRANSFORM,capacity-shadow,163,STORY,STORY,1,,1
2,D_WEAK_TRANSFORM,geometry-shadow,163,STORY,STORY,1,0.8988707065582275,1
2,D_WEAK_TRANSFORM,incumbent,164,ARITH_A,ARITHMETIC,0,0.6817288398742676,1
2,D_WEAK_TRANSFORM,capacity-shadow,164,ARITH_A,ARITHMETIC,0,,1
2,D_WEAK_TRANSFORM,geometry-shadow,164,ARITH_A,ARITHMETIC,0,0.6555370688438416,1
2,D_WEAK_TRANSFORM,incumbent,165,STORY,STORY,1,0.4228789806365967,1
2,D_WEAK_TRANSFORM,capacity-shadow,165,STORY,STORY,2,,1
2,D_WEAK_TRANSFORM,geometry-shadow,165,STORY,STORY,1,0.4297028183937073,1
2,D_WEAK_TRANSFORM,incumbent,166,STORY,STORY,1,0.6397571563720703,1
2,D_WEAK_TRANSFORM,capacity-shadow,166,STORY,STORY,1,,1
2,D_WEAK_TRANSFORM,geometry-shadow,166,STORY,STORY,1,0.685135006904602,1
2,D_WEAK_TRANSFORM,incumbent,167,STORY,STORY,1,0.617012083530426,1
2,D_WEAK_TRANSFORM,capacity-shadow,167,STORY,STORY,2,,1
2,D_WEAK_TRANSFORM,geometry-shadow,167,STORY,STORY,1,0.3561680316925049,1
2,D_WEAK_TRANSFORM,incumbent,168,ARITH_A,ARITHMETIC,0,0.6815128922462463,1
2,D_WEAK_TRANSFORM,capacity-shadow,168,ARITH_A,ARITHMETIC,0,,1
2,D_WEAK_TRANSFORM,geometry-shadow,168,ARITH_A,ARITHMETIC,0,0.6540782451629639,1
2,D_WEAK_TRANSFORM,incumbent,169,ARITH_A,ARITHMETIC,0,0.6992549300193787,1
2,D_WEAK_TRANSFORM,capacity-shadow,169,ARITH_A,ARITHMETIC,0,,1
2,D_WEAK_TRANSFORM,geometry-shadow,169,ARITH_A,ARITHMETIC,0,0.6787160038948059,1
2,D_WEAK_TRANSFORM,incumbent,170,STORY,STORY,1,0.5560269355773926,1
2,D_WEAK_TRANSFORM,capacity-shadow,170,STORY,STORY,1,,1
2,D_WEAK_TRANSFORM,geometry-shadow,170,STORY,STORY,1,0.5518282055854797,1
2,D_WEAK_TRANSFORM,incumbent,171,ARITH_A,ARITHMETIC,0,0.683914840221405,1
2,D_WEAK_TRANSFORM,capacity-shadow,171,ARITH_A,ARITHMETIC,0,,1
2,D_WEAK_TRANSFORM,geometry-shadow,171,ARITH_A,ARITHMETIC,0,0.6569991111755371,1
2,D_WEAK_TRANSFORM,incumbent,172,STORY,STORY,1,0.5217992067337036,1
2,D_WEAK_TRANSFORM,capacity-shadow,172,STORY,STORY,2,,1
2,D_WEAK_TRANSFORM,geometry-shadow,172,STORY,STORY,2,0.7206997871398926,1
2,D_WEAK_TRANSFORM,incumbent,173,ARITH_A,ARITHMETIC,0,0.6816750764846802,1
2,D_WEAK_TRANSFORM,capacity-shadow,173,ARITH_A,ARITHMETIC,0,,1
2,D_WEAK_TRANSFORM,geometry-shadow,173,ARITH_A,ARITHMETIC,0,0.6544597148895264,1
2,D_WEAK_TRANSFORM,incumbent,174,STORY,STORY,1,0.1205843687057495,1
2,D_WEAK_TRANSFORM,capacity-shadow,174,STORY,STORY,1,,1
2,D_WEAK_TRANSFORM,geometry-shadow,174,STORY,STORY,2,0.4022996425628662,1
2,D_WEAK_TRANSFORM,incumbent,175,TRANSFORM,TRANSFORM,0,0.701540470123291,1
2,D_WEAK_TRANSFORM,capacity-shadow,175,TRANSFORM,TRANSFORM,0,,1
2,D_WEAK_TRANSFORM,geometry-shadow,175,TRANSFORM,TRANSFORM,0,0.6987409591674805,1
2,D_WEAK_TRANSFORM,incumbent,176,STORY,STORY,1,1.4068024158477783,1
2,D_WEAK_TRANSFORM,capacity-shadow,176,STORY,STORY,2,,1
2,D_WEAK_TRANSFORM,geometry-shadow,176,STORY,STORY,1,0.0591965913772583,1
2,D_WEAK_TRANSFORM,incumbent,177,ARITH_A,ARITHMETIC,0,0.6747305393218994,1
2,D_WEAK_TRANSFORM,capacity-shadow,177,ARITH_A,ARITHMETIC,0,,1
2,D_WEAK_TRANSFORM,geometry-shadow,177,ARITH_A,ARITHMETIC,0,0.6443943977355957,1
2,D_WEAK_TRANSFORM,incumbent,178,STORY,STORY,1,0.2698751091957092,1
2,D_WEAK_TRANSFORM,capacity-shadow,178,STORY,STORY,1,,1
2,D_WEAK_TRANSFORM,geometry-shadow,178,STORY,STORY,1,0.3052190542221069,1
2,D_WEAK_TRANSFORM,incumbent,179,ARITH_A,ARITHMETIC,0,0.684088945388794,1
2,D_WEAK_TRANSFORM,capacity-shadow,179,ARITH_A,ARITHMETIC,0,,1
2,D_WEAK_TRANSFORM,geometry-shadow,179,ARITH_A,ARITHMETIC,0,0.6572028994560242,1
2,D_WEAK_TRANSFORM,incumbent,180,ARITH_A,ARITHMETIC,0,0.6814101338386536,1
2,D_WEAK_TRANSFORM,capacity-shadow,180,ARITH_A,ARITHMETIC,0,,1
2,D_WEAK_TRANSFORM,geometry-shadow,180,ARITH_A,ARITHMETIC,0,0.652627170085907,1
2,D_WEAK_TRANSFORM,incumbent,181,STORY,STORY,1,0.966821551322937,1
2,D_WEAK_TRANSFORM,capacity-shadow,181,STORY,STORY,2,,1
2,D_WEAK_TRANSFORM,geometry-shadow,181,STORY,STORY,1,0.8772154450416565,1
2,D_WEAK_TRANSFORM,incumbent,182,ARITH_A,ARITHMETIC,0,0.6745562553405762,1
2,D_WEAK_TRANSFORM,capacity-shadow,182,ARITH_A,ARITHMETIC,0,,1
2,D_WEAK_TRANSFORM,geometry-shadow,182,ARITH_A,ARITHMETIC,0,0.6453596353530884,1
2,D_WEAK_TRANSFORM,incumbent,183,ARITH_A,ARITHMETIC,0,0.6815392374992371,1
2,D_WEAK_TRANSFORM,capacity-shadow,183,ARITH_A,ARITHMETIC,0,,1
2,D_WEAK_TRANSFORM,geometry-shadow,183,ARITH_A,ARITHMETIC,0,0.6536305546760559,1
2,D_WEAK_TRANSFORM,incumbent,184,ARITH_A,ARITHMETIC,0,0.6772164702415466,1
2,D_WEAK_TRANSFORM,capacity-shadow,184,ARITH_A,ARITHMETIC,0,,1
2,D_WEAK_TRANSFORM,geometry-shadow,184,ARITH_A,ARITHMETIC,0,0.6493909358978271,1
2,D_WEAK_TRANSFORM,incumbent,185,ARITH_A,ARITHMETIC,0,0.6804136037826538,1
2,D_WEAK_TRANSFORM,capacity-shadow,185,ARITH_A,ARITHMETIC,0,,1
2,D_WEAK_TRANSFORM,geometry-shadow,185,ARITH_A,ARITHMETIC,0,0.651863694190979,1
2,D_WEAK_TRANSFORM,incumbent,186,ARITH_A,ARITHMETIC,0,0.6764900088310242,1
2,D_WEAK_TRANSFORM,capacity-shadow,186,ARITH_A,ARITHMETIC,0,,1
2,D_WEAK_TRANSFORM,geometry-shadow,186,ARITH_A,ARITHMETIC,0,0.6460631489753723,1
2,D_WEAK_TRANSFORM,incumbent,187,STORY,STORY,1,1.2639203071594238,1
2,D_WEAK_TRANSFORM,capacity-shadow,187,STORY,STORY,1,,1
2,D_WEAK_TRANSFORM,geometry-shadow,187,STORY,STORY,1,0.2278122901916504,1
2,D_WEAK_TRANSFORM,incumbent,188,ARITH_A,ARITHMETIC,0,0.6752956509590149,1
2,D_WEAK_TRANSFORM,capacity-shadow,188,ARITH_A,ARITHMETIC,0,,1
2,D_WEAK_TRANSFORM,geometry-shadow,188,ARITH_A,ARITHMETIC,0,0.6453866958618164,1
2,D_WEAK_TRANSFORM,incumbent,189,STORY,STORY,1,0.2582534551620483,1
2,D_WEAK_TRANSFORM,capacity-shadow,189,STORY,STORY,2,,1
2,D_WEAK_TRANSFORM,geometry-shadow,189,STORY,STORY,1,0.310289055109024,1
2,D_WEAK_TRANSFORM,incumbent,190,STORY,STORY,1,0.5668209195137024,1
2,D_WEAK_TRANSFORM,capacity-shadow,190,STORY,STORY,1,,1
2,D_WEAK_TRANSFORM,geometry-shadow,190,STORY,STORY,1,0.6136217713356018,1
2,D_WEAK_TRANSFORM,incumbent,191,ARITH_A,ARITHMETIC,0,0.684323251247406,1
2,D_WEAK_TRANSFORM,capacity-shadow,191,ARITH_A,ARITHMETIC,0,,1
2,D_WEAK_TRANSFORM,geometry-shadow,191,ARITH_A,ARITHMETIC,0,0.6557875871658325,1
2,D_WEAK_TRANSFORM,incumbent,192,ARITH_A,ARITHMETIC,0,0.6778380274772644,1
2,D_WEAK_TRANSFORM,capacity-shadow,192,ARITH_A,ARITHMETIC,0,,1
2,D_WEAK_TRANSFORM,geometry-shadow,192,ARITH_A,ARITHMETIC,0,0.648125946521759,1
2,D_WEAK_TRANSFORM,incumbent,193,ARITH_A,ARITHMETIC,0,0.6721542477607727,1
2,D_WEAK_TRANSFORM,capacity-shadow,193,ARITH_A,ARITHMETIC,0,,1
2,D_WEAK_TRANSFORM,geometry-shadow,193,ARITH_A,ARITHMETIC,0,0.6426616907119751,1
2,D_WEAK_TRANSFORM,incumbent,194,STORY,STORY,1,0.7825301885604858,1
2,D_WEAK_TRANSFORM,capacity-shadow,194,STORY,STORY,2,,1
2,D_WEAK_TRANSFORM,geometry-shadow,194,STORY,STORY,1,0.5745678544044495,1
2,D_WEAK_TRANSFORM,incumbent,195,STORY,STORY,1,1.4262524843215942,1
2,D_WEAK_TRANSFORM,capacity-shadow,195,STORY,STORY,1,,1
2,D_WEAK_TRANSFORM,geometry-shadow,195,STORY,STORY,1,0.0971062183380127,1
2,D_WEAK_TRANSFORM,incumbent,196,TRANSFORM,TRANSFORM,0,0.6927359104156494,1
2,D_WEAK_TRANSFORM,capacity-shadow,196,TRANSFORM,TRANSFORM,0,,1
2,D_WEAK_TRANSFORM,geometry-shadow,196,TRANSFORM,TRANSFORM,0,0.6901311874389648,1
2,D_WEAK_TRANSFORM,incumbent,197,TRANSFORM,TRANSFORM,0,0.6965287923812866,1
2,D_WEAK_TRANSFORM,capacity-shadow,197,TRANSFORM,TRANSFORM,0,,1
2,D_WEAK_TRANSFORM,geometry-shadow,197,TRANSFORM,TRANSFORM,0,0.6924144625663757,1
2,D_WEAK_TRANSFORM,incumbent,198,ARITH_A,ARITHMETIC,0,0.6811435222625732,1
2,D_WEAK_TRANSFORM,capacity-shadow,198,ARITH_A,ARITHMETIC,0,,1
2,D_WEAK_TRANSFORM,geometry-shadow,198,ARITH_A,ARITHMETIC,0,0.6533694863319397,1
2,D_WEAK_TRANSFORM,incumbent,199,STORY,STORY,1,0.599709153175354,1
2,D_WEAK_TRANSFORM,capacity-shadow,199,STORY,STORY,2,,1
2,D_WEAK_TRANSFORM,geometry-shadow,199,STORY,STORY,1,0.6466358304023743,1
2,D_WEAK_TRANSFORM,incumbent,200,TRANSFORM,TRANSFORM,0,0.6970482468605042,1
2,D_WEAK_TRANSFORM,capacity-shadow,200,TRANSFORM,TRANSFORM,0,,1
2,D_WEAK_TRANSFORM,geometry-shadow,200,TRANSFORM,TRANSFORM,0,0.69156414270401,1
2,D_WEAK_TRANSFORM,incumbent,201,ARITH_A,ARITHMETIC,0,0.6892353892326355,1
2,D_WEAK_TRANSFORM,capacity-shadow,201,ARITH_A,ARITHMETIC,0,,1
2,D_WEAK_TRANSFORM,geometry-shadow,201,ARITH_A,ARITHMETIC,0,0.6634140610694885,1
2,D_WEAK_TRANSFORM,incumbent,202,STORY,STORY,1,1.266734600067139,1
2,D_WEAK_TRANSFORM,capacity-shadow,202,STORY,STORY,1,,1
2,D_WEAK_TRANSFORM,geometry-shadow,202,STORY,STORY,1,0.5111804008483887,1
2,D_WEAK_TRANSFORM,incumbent,203,STORY,STORY,1,1.100228786468506,1
2,D_WEAK_TRANSFORM,capacity-shadow,203,STORY,STORY,2,,1
2,D_WEAK_TRANSFORM,geometry-shadow,203,STORY,STORY,1,0.661496102809906,1
2,D_WEAK_TRANSFORM,incumbent,204,STORY,STORY,1,0.9899126291275024,1
2,D_WEAK_TRANSFORM,capacity-shadow,204,STORY,STORY,1,,1
2,D_WEAK_TRANSFORM,geometry-shadow,204,STORY,STORY,1,0.6229190826416016,1
2,D_WEAK_TRANSFORM,incumbent,205,ARITH_A,ARITHMETIC,0,0.6633560657501221,1
2,D_WEAK_TRANSFORM,capacity-shadow,205,ARITH_A,ARITHMETIC,0,,1
2,D_WEAK_TRANSFORM,geometry-shadow,205,ARITH_A,ARITHMETIC,0,0.6293554306030273,1
2,D_WEAK_TRANSFORM,incumbent,206,STORY,STORY,1,0.8780995011329651,1
2,D_WEAK_TRANSFORM,capacity-shadow,206,STORY,STORY,2,,1
2,D_WEAK_TRANSFORM,geometry-shadow,206,STORY,STORY,1,0.3182421922683716,1
2,D_WEAK_TRANSFORM,incumbent,207,STORY,STORY,1,0.4339401125907898,1
2,D_WEAK_TRANSFORM,capacity-shadow,207,STORY,STORY,1,,1
2,D_WEAK_TRANSFORM,geometry-shadow,207,STORY,STORY,1,0.3587120175361633,1
2,D_WEAK_TRANSFORM,incumbent,208,STORY,STORY,1,1.5019077062606812,1
2,D_WEAK_TRANSFORM,capacity-shadow,208,STORY,STORY,2,,1
2,D_WEAK_TRANSFORM,geometry-shadow,208,STORY,STORY,2,0.1628363132476806,1
2,D_WEAK_TRANSFORM,incumbent,209,ARITH_A,ARITHMETIC,0,0.6592018008232117,1
2,D_WEAK_TRANSFORM,capacity-shadow,209,ARITH_A,ARITHMETIC,0,,1
2,D_WEAK_TRANSFORM,geometry-shadow,209,ARITH_A,ARITHMETIC,0,0.6239418387413025,1
2,D_WEAK_TRANSFORM,incumbent,210,STORY,STORY,1,0.992162823677063,1
2,D_WEAK_TRANSFORM,capacity-shadow,210,STORY,STORY,1,,1
2,D_WEAK_TRANSFORM,geometry-shadow,210,STORY,STORY,1,0.5959435701370239,1
2,D_WEAK_TRANSFORM,incumbent,211,ARITH_A,ARITHMETIC,0,0.6818982362747192,1
2,D_WEAK_TRANSFORM,capacity-shadow,211,ARITH_A,ARITHMETIC,0,,1
2,D_WEAK_TRANSFORM,geometry-shadow,211,ARITH_A,ARITHMETIC,0,0.6532905697822571,1
2,D_WEAK_TRANSFORM,incumbent,212,ARITH_A,ARITHMETIC,0,0.6897355914115906,1
2,D_WEAK_TRANSFORM,capacity-shadow,212,ARITH_A,ARITHMETIC,0,,1
2,D_WEAK_TRANSFORM,geometry-shadow,212,ARITH_A,ARITHMETIC,0,0.6656660437583923,1
2,D_WEAK_TRANSFORM,incumbent,213,ARITH_A,ARITHMETIC,0,0.6684138774871826,1
2,D_WEAK_TRANSFORM,capacity-shadow,213,ARITH_A,ARITHMETIC,0,,1
2,D_WEAK_TRANSFORM,geometry-shadow,213,ARITH_A,ARITHMETIC,0,0.635939359664917,1
2,D_WEAK_TRANSFORM,incumbent,214,STORY,STORY,1,0.8624919056892395,1
2,D_WEAK_TRANSFORM,capacity-shadow,214,STORY,STORY,2,,1
2,D_WEAK_TRANSFORM,geometry-shadow,214,STORY,STORY,1,0.6592365503311157,1
2,D_WEAK_TRANSFORM,incumbent,215,STORY,STORY,1,1.4291999340057373,1
2,D_WEAK_TRANSFORM,capacity-shadow,215,STORY,STORY,1,,1
2,D_WEAK_TRANSFORM,geometry-shadow,215,STORY,STORY,2,1.1580790281295776,1
2,D_WEAK_TRANSFORM,incumbent,216,STORY,STORY,1,0.3361867666244507,1
2,D_WEAK_TRANSFORM,capacity-shadow,216,STORY,STORY,2,,1
2,D_WEAK_TRANSFORM,geometry-shadow,216,STORY,STORY,1,0.3794524669647217,1
2,D_WEAK_TRANSFORM,incumbent,217,STORY,STORY,1,0.2208911180496215,1
2,D_WEAK_TRANSFORM,capacity-shadow,217,STORY,STORY,1,,1
2,D_WEAK_TRANSFORM,geometry-shadow,217,STORY,STORY,1,0.2626968622207641,1
2,D_WEAK_TRANSFORM,incumbent,218,STORY,STORY,1,0.5715794563293457,1
2,D_WEAK_TRANSFORM,capacity-shadow,218,STORY,STORY,2,,1
2,D_WEAK_TRANSFORM,geometry-shadow,218,STORY,STORY,2,0.2883996963500976,1
2,D_WEAK_TRANSFORM,incumbent,219,TRANSFORM,TRANSFORM,0,0.6966874003410339,1
2,D_WEAK_TRANSFORM,capacity-shadow,219,TRANSFORM,TRANSFORM,0,,1
2,D_WEAK_TRANSFORM,geometry-shadow,219,TRANSFORM,TRANSFORM,0,0.6932981610298157,1
2,D_WEAK_TRANSFORM,incumbent,220,STORY,STORY,1,1.0185954570770264,1
2,D_WEAK_TRANSFORM,capacity-shadow,220,STORY,STORY,1,,1
2,D_WEAK_TRANSFORM,geometry-shadow,220,STORY,STORY,1,0.6590708494186401,1
2,D_WEAK_TRANSFORM,incumbent,221,ARITH_A,ARITHMETIC,0,0.6835497617721558,1
2,D_WEAK_TRANSFORM,capacity-shadow,221,ARITH_A,ARITHMETIC,0,,1
2,D_WEAK_TRANSFORM,geometry-shadow,221,ARITH_A,ARITHMETIC,0,0.6563013195991516,1
2,D_WEAK_TRANSFORM,incumbent,222,ARITH_A,ARITHMETIC,0,0.6690693497657776,1
2,D_WEAK_TRANSFORM,capacity-shadow,222,ARITH_A,ARITHMETIC,0,,1
2,D_WEAK_TRANSFORM,geometry-shadow,222,ARITH_A,ARITHMETIC,0,0.6378576159477234,1
2,D_WEAK_TRANSFORM,incumbent,223,ARITH_A,ARITHMETIC,0,0.6779723763465881,1
2,D_WEAK_TRANSFORM,capacity-shadow,223,ARITH_A,ARITHMETIC,0,,1
2,D_WEAK_TRANSFORM,geometry-shadow,223,ARITH_A,ARITHMETIC,0,0.648628830909729,1
2,D_WEAK_TRANSFORM,incumbent,224,STORY,STORY,1,0.8226321935653687,1
2,D_WEAK_TRANSFORM,capacity-shadow,224,STORY,STORY,2,,1
2,D_WEAK_TRANSFORM,geometry-shadow,224,STORY,STORY,2,0.276960015296936,1
2,D_WEAK_TRANSFORM,incumbent,225,STORY,STORY,0,0.0303429365158081,1
2,D_WEAK_TRANSFORM,capacity-shadow,225,STORY,STORY,0,,1
2,D_WEAK_TRANSFORM,geometry-shadow,225,STORY,STORY,1,0.0160359740257263,1
2,D_WEAK_TRANSFORM,incumbent,226,STORY,STORY,1,0.9637008905410768,1
2,D_WEAK_TRANSFORM,capacity-shadow,226,STORY,STORY,1,,1
2,D_WEAK_TRANSFORM,geometry-shadow,226,STORY,STORY,1,0.4260534644126892,1
2,D_WEAK_TRANSFORM,incumbent,227,STORY,STORY,1,0.7072224020957947,1
2,D_WEAK_TRANSFORM,capacity-shadow,227,STORY,STORY,2,,1
2,D_WEAK_TRANSFORM,geometry-shadow,227,STORY,STORY,1,0.1078431606292724,1
2,D_WEAK_TRANSFORM,incumbent,228,STORY,STORY,1,0.91277277469635,1
2,D_WEAK_TRANSFORM,capacity-shadow,228,STORY,STORY,1,,1
2,D_WEAK_TRANSFORM,geometry-shadow,228,STORY,STORY,1,0.0623786449432373,1
2,D_WEAK_TRANSFORM,incumbent,229,STORY,STORY,1,0.1526135206222534,1
2,D_WEAK_TRANSFORM,capacity-shadow,229,STORY,STORY,2,,1
2,D_WEAK_TRANSFORM,geometry-shadow,229,STORY,STORY,1,0.169964849948883,1
2,D_WEAK_TRANSFORM,incumbent,230,ARITH_A,ARITHMETIC,0,0.6736300587654114,1
2,D_WEAK_TRANSFORM,capacity-shadow,230,ARITH_A,ARITHMETIC,0,,1
2,D_WEAK_TRANSFORM,geometry-shadow,230,ARITH_A,ARITHMETIC,0,0.6438543200492859,1
2,D_WEAK_TRANSFORM,incumbent,231,ARITH_A,ARITHMETIC,0,0.6633784770965576,1
2,D_WEAK_TRANSFORM,capacity-shadow,231,ARITH_A,ARITHMETIC,0,,1
2,D_WEAK_TRANSFORM,geometry-shadow,231,ARITH_A,ARITHMETIC,0,0.6298642754554749,1
2,D_WEAK_TRANSFORM,incumbent,232,ARITH_A,ARITHMETIC,0,0.677505373954773,1
2,D_WEAK_TRANSFORM,capacity-shadow,232,ARITH_A,ARITHMETIC,0,,1
2,D_WEAK_TRANSFORM,geometry-shadow,232,ARITH_A,ARITHMETIC,0,0.6487952470779419,1
2,D_WEAK_TRANSFORM,incumbent,233,TRANSFORM,TRANSFORM,0,0.6918454170227051,1
2,D_WEAK_TRANSFORM,capacity-shadow,233,TRANSFORM,TRANSFORM,0,,1
2,D_WEAK_TRANSFORM,geometry-shadow,233,TRANSFORM,TRANSFORM,0,0.6882813572883606,1
2,D_WEAK_TRANSFORM,incumbent,234,ARITH_A,ARITHMETIC,0,0.6654707789421082,1
2,D_WEAK_TRANSFORM,capacity-shadow,234,ARITH_A,ARITHMETIC,0,,1
2,D_WEAK_TRANSFORM,geometry-shadow,234,ARITH_A,ARITHMETIC,0,0.6322788000106812,1
2,D_WEAK_TRANSFORM,incumbent,235,STORY,STORY,1,1.0476980209350586,1
2,D_WEAK_TRANSFORM,capacity-shadow,235,STORY,STORY,1,,1
2,D_WEAK_TRANSFORM,geometry-shadow,235,STORY,STORY,1,0.0674097537994384,1
2,D_WEAK_TRANSFORM,incumbent,236,STORY,STORY,1,0.6163749098777771,1
2,D_WEAK_TRANSFORM,capacity-shadow,236,STORY,STORY,2,,1
2,D_WEAK_TRANSFORM,geometry-shadow,236,STORY,STORY,1,0.4381430745124817,1
2,D_WEAK_TRANSFORM,incumbent,237,STORY,STORY,1,0.6003737449645996,1
2,D_WEAK_TRANSFORM,capacity-shadow,237,STORY,STORY,1,,1
2,D_WEAK_TRANSFORM,geometry-shadow,237,STORY,STORY,2,0.131642460823059,1
2,D_WEAK_TRANSFORM,incumbent,238,ARITH_A,ARITHMETIC,0,0.6710010170936584,1
2,D_WEAK_TRANSFORM,capacity-shadow,238,ARITH_A,ARITHMETIC,0,,1
2,D_WEAK_TRANSFORM,geometry-shadow,238,ARITH_A,ARITHMETIC,0,0.6396315693855286,1
2,D_WEAK_TRANSFORM,incumbent,239,STORY,STORY,0,0.0050350427627563,1
2,D_WEAK_TRANSFORM,capacity-shadow,239,STORY,STORY,0,,1
2,D_WEAK_TRANSFORM,geometry-shadow,239,STORY,STORY,0,0.0408914685249328,1
2,D_WEAK_TRANSFORM,incumbent,240,ARITH_A,ARITHMETIC,0,0.6840521693229675,1
2,D_WEAK_TRANSFORM,capacity-shadow,240,ARITH_A,ARITHMETIC,0,,1
2,D_WEAK_TRANSFORM,geometry-shadow,240,ARITH_A,ARITHMETIC,0,0.6578291058540344,1
2,D_WEAK_TRANSFORM,incumbent,241,STORY,STORY,1,0.990176558494568,1
2,D_WEAK_TRANSFORM,capacity-shadow,241,STORY,STORY,2,,1
2,D_WEAK_TRANSFORM,geometry-shadow,241,STORY,STORY,2,0.0194842815399169,1
2,D_WEAK_TRANSFORM,incumbent,242,ARITH_A,ARITHMETIC,0,0.6868380308151245,1
2,D_WEAK_TRANSFORM,capacity-shadow,242,ARITH_A,ARITHMETIC,0,,1
2,D_WEAK_TRANSFORM,geometry-shadow,242,ARITH_A,ARITHMETIC,0,0.6623913049697876,1
2,D_WEAK_TRANSFORM,incumbent,243,STORY,STORY,1,0.4443235397338867,1
2,D_WEAK_TRANSFORM,capacity-shadow,243,STORY,STORY,1,,1
2,D_WEAK_TRANSFORM,geometry-shadow,243,STORY,STORY,1,0.4156728982925415,1
2,D_WEAK_TRANSFORM,incumbent,244,STORY,STORY,1,0.07876718044281,1
2,D_WEAK_TRANSFORM,capacity-shadow,244,STORY,STORY,2,,1
2,D_WEAK_TRANSFORM,geometry-shadow,244,STORY,STORY,1,0.0812904834747314,1
2,D_WEAK_TRANSFORM,incumbent,245,ARITH_A,ARITHMETIC,0,0.6687788963317871,1
2,D_WEAK_TRANSFORM,capacity-shadow,245,ARITH_A,ARITHMETIC,0,,1
2,D_WEAK_TRANSFORM,geometry-shadow,245,ARITH_A,ARITHMETIC,0,0.6384016871452332,1
2,D_WEAK_TRANSFORM,incumbent,246,STORY,STORY,1,0.2856674790382385,1
2,D_WEAK_TRANSFORM,capacity-shadow,246,STORY,STORY,1,,1
2,D_WEAK_TRANSFORM,geometry-shadow,246,STORY,STORY,1,0.2592871189117431,1
2,D_WEAK_TRANSFORM,incumbent,247,ARITH_A,ARITHMETIC,0,0.672163188457489,1
2,D_WEAK_TRANSFORM,capacity-shadow,247,ARITH_A,ARITHMETIC,0,,1
2,D_WEAK_TRANSFORM,geometry-shadow,247,ARITH_A,ARITHMETIC,0,0.6412241458892822,1
2,D_WEAK_TRANSFORM,incumbent,248,STORY,STORY,1,0.875948429107666,1
2,D_WEAK_TRANSFORM,capacity-shadow,248,STORY,STORY,2,,1
2,D_WEAK_TRANSFORM,geometry-shadow,248,STORY,STORY,1,0.1833596229553222,1
2,D_WEAK_TRANSFORM,incumbent,249,ARITH_A,ARITHMETIC,0,0.6796804070472717,1
2,D_WEAK_TRANSFORM,capacity-shadow,249,ARITH_A,ARITHMETIC,0,,1
2,D_WEAK_TRANSFORM,geometry-shadow,249,ARITH_A,ARITHMETIC,0,0.653803288936615,1
2,D_WEAK_TRANSFORM,incumbent,250,TRANSFORM,TRANSFORM,0,0.6977536082267761,1
2,D_WEAK_TRANSFORM,capacity-shadow,250,TRANSFORM,TRANSFORM,0,,1
2,D_WEAK_TRANSFORM,geometry-shadow,250,TRANSFORM,TRANSFORM,0,0.6966968178749084,1
2,D_WEAK_TRANSFORM,incumbent,251,STORY,STORY,1,0.1207033395767211,1
2,D_WEAK_TRANSFORM,capacity-shadow,251,STORY,STORY,1,,1
2,D_WEAK_TRANSFORM,geometry-shadow,251,STORY,STORY,1,0.0859754085540771,1
2,D_WEAK_TRANSFORM,incumbent,252,ARITH_A,ARITHMETIC,0,0.6670694351196289,1
2,D_WEAK_TRANSFORM,capacity-shadow,252,ARITH_A,ARITHMETIC,0,,1
2,D_WEAK_TRANSFORM,geometry-shadow,252,ARITH_A,ARITHMETIC,0,0.6355454325675964,1
2,D_WEAK_TRANSFORM,incumbent,253,ARITH_A,ARITHMETIC,0,0.6745235919952393,1
2,D_WEAK_TRANSFORM,capacity-shadow,253,ARITH_A,ARITHMETIC,0,,1
2,D_WEAK_TRANSFORM,geometry-shadow,253,ARITH_A,ARITHMETIC,0,0.6431984305381775,1
2,D_WEAK_TRANSFORM,incumbent,254,STORY,STORY,1,0.3377953767776489,1
2,D_WEAK_TRANSFORM,capacity-shadow,254,STORY,STORY,2,,1
2,D_WEAK_TRANSFORM,geometry-shadow,254,STORY,STORY,1,0.3824654817581177,1
2,D_WEAK_TRANSFORM,incumbent,255,STORY,STORY,1,0.4543571472167969,1
2,D_WEAK_TRANSFORM,capacity-shadow,255,STORY,STORY,1,,1
2,D_WEAK_TRANSFORM,geometry-shadow,255,STORY,STORY,1,0.3538740873336792,1
2,D_WEAK_TRANSFORM,incumbent,256,STORY,STORY,1,0.1847505569458007,1
2,D_WEAK_TRANSFORM,capacity-shadow,256,STORY,STORY,2,,1
2,D_WEAK_TRANSFORM,geometry-shadow,256,STORY,STORY,1,0.1511937379837036,1
2,E_TRANSFORM_BIRTH,incumbent,1,TRANSFORM,TRANSFORM,0,1.1426787376403809,1
2,E_TRANSFORM_BIRTH,capacity-shadow,1,TRANSFORM,TRANSFORM,0,,1
2,E_TRANSFORM_BIRTH,geometry-shadow,1,TRANSFORM,TRANSFORM,0,1.0153231620788574,1
2,E_TRANSFORM_BIRTH,incumbent,2,STORY,STORY,0,0.030826449394226,1
2,E_TRANSFORM_BIRTH,capacity-shadow,2,STORY,STORY,0,,1
2,E_TRANSFORM_BIRTH,geometry-shadow,2,STORY,STORY,1,0.2887607216835022,1
2,E_TRANSFORM_BIRTH,incumbent,3,ARITH_A,ARITHMETIC,0,1.091101050376892,1
2,E_TRANSFORM_BIRTH,capacity-shadow,3,ARITH_A,ARITHMETIC,0,,1
2,E_TRANSFORM_BIRTH,geometry-shadow,3,ARITH_A,ARITHMETIC,0,0.9144887924194336,1
2,E_TRANSFORM_BIRTH,incumbent,4,STORY,STORY,0,0.1340333223342895,1
2,E_TRANSFORM_BIRTH,capacity-shadow,4,STORY,STORY,0,,1
2,E_TRANSFORM_BIRTH,geometry-shadow,4,STORY,STORY,1,0.1522004604339599,1
2,E_TRANSFORM_BIRTH,incumbent,5,ARITH_A,ARITHMETIC,0,1.0786205530166626,1
2,E_TRANSFORM_BIRTH,capacity-shadow,5,ARITH_A,ARITHMETIC,0,,1
2,E_TRANSFORM_BIRTH,geometry-shadow,5,ARITH_A,ARITHMETIC,0,0.8952504396438599,1
2,E_TRANSFORM_BIRTH,incumbent,6,STORY,STORY,0,0.0111311674118042,1
2,E_TRANSFORM_BIRTH,capacity-shadow,6,STORY,STORY,0,,1
2,E_TRANSFORM_BIRTH,geometry-shadow,6,STORY,STORY,0,0.0529260635375976,1
2,E_TRANSFORM_BIRTH,incumbent,7,ARITH_A,ARITHMETIC,0,1.080940008163452,1
2,E_TRANSFORM_BIRTH,capacity-shadow,7,ARITH_A,ARITHMETIC,0,,1
2,E_TRANSFORM_BIRTH,geometry-shadow,7,ARITH_A,ARITHMETIC,0,0.8976659774780273,1
2,E_TRANSFORM_BIRTH,incumbent,8,ARITH_A,ARITHMETIC,0,1.0772303342819214,1
2,E_TRANSFORM_BIRTH,capacity-shadow,8,ARITH_A,ARITHMETIC,0,,1
2,E_TRANSFORM_BIRTH,geometry-shadow,8,ARITH_A,ARITHMETIC,0,0.8955861330032349,1
2,E_TRANSFORM_BIRTH,incumbent,9,STORY,STORY,1,0.1780111193656921,1
2,E_TRANSFORM_BIRTH,capacity-shadow,9,STORY,STORY,1,,1
2,E_TRANSFORM_BIRTH,geometry-shadow,9,STORY,STORY,1,0.436234176158905,1
2,E_TRANSFORM_BIRTH,incumbent,10,ARITH_A,ARITHMETIC,0,1.0670288801193235,1
2,E_TRANSFORM_BIRTH,capacity-shadow,10,ARITH_A,ARITHMETIC,0,,1
2,E_TRANSFORM_BIRTH,geometry-shadow,10,ARITH_A,ARITHMETIC,0,0.8735457062721252,1
2,E_TRANSFORM_BIRTH,incumbent,11,STORY,STORY,1,1.17352294921875,1
2,E_TRANSFORM_BIRTH,capacity-shadow,11,STORY,STORY,2,,1
2,E_TRANSFORM_BIRTH,geometry-shadow,11,STORY,STORY,2,0.3961201906204223,1
2,E_TRANSFORM_BIRTH,incumbent,12,STORY,STORY,1,0.4405505657196045,1
2,E_TRANSFORM_BIRTH,capacity-shadow,12,STORY,STORY,1,,1
2,E_TRANSFORM_BIRTH,geometry-shadow,12,STORY,STORY,1,0.549987256526947,1
2,E_TRANSFORM_BIRTH,incumbent,13,ARITH_A,ARITHMETIC,0,1.0640970468521118,1
2,E_TRANSFORM_BIRTH,capacity-shadow,13,ARITH_A,ARITHMETIC,0,,1
2,E_TRANSFORM_BIRTH,geometry-shadow,13,ARITH_A,ARITHMETIC,0,0.8721696734428406,1
2,E_TRANSFORM_BIRTH,incumbent,14,STORY,STORY,0,0.1777758598327636,1
2,E_TRANSFORM_BIRTH,capacity-shadow,14,STORY,STORY,0,,1
2,E_TRANSFORM_BIRTH,geometry-shadow,14,STORY,STORY,0,0.0327734947204589,1
2,E_TRANSFORM_BIRTH,incumbent,15,TRANSFORM,TRANSFORM,0,1.145248532295227,1
2,E_TRANSFORM_BIRTH,capacity-shadow,15,TRANSFORM,TRANSFORM,0,,1
2,E_TRANSFORM_BIRTH,geometry-shadow,15,TRANSFORM,TRANSFORM,0,1.0205594301223757,1
2,E_TRANSFORM_BIRTH,incumbent,16,ARITH_A,ARITHMETIC,0,1.075080394744873,1
2,E_TRANSFORM_BIRTH,capacity-shadow,16,ARITH_A,ARITHMETIC,0,,1
2,E_TRANSFORM_BIRTH,geometry-shadow,16,ARITH_A,ARITHMETIC,0,0.8864793181419373,1
2,E_TRANSFORM_BIRTH,incumbent,17,STORY,STORY,1,0.6600726246833801,1
2,E_TRANSFORM_BIRTH,capacity-shadow,17,STORY,STORY,2,,1
2,E_TRANSFORM_BIRTH,geometry-shadow,17,STORY,STORY,1,0.89710932970047,1
2,E_TRANSFORM_BIRTH,incumbent,18,STORY,STORY,1,0.9477097988128662,1
2,E_TRANSFORM_BIRTH,capacity-shadow,18,STORY,STORY,1,,1
2,E_TRANSFORM_BIRTH,geometry-shadow,18,STORY,STORY,1,0.0036913156509399,1
2,E_TRANSFORM_BIRTH,incumbent,19,ARITH_A,ARITHMETIC,0,1.0628905296325684,1
2,E_TRANSFORM_BIRTH,capacity-shadow,19,ARITH_A,ARITHMETIC,0,,1
2,E_TRANSFORM_BIRTH,geometry-shadow,19,ARITH_A,ARITHMETIC,0,0.8766764402389526,1
2,E_TRANSFORM_BIRTH,incumbent,20,TRANSFORM,TRANSFORM,0,1.1491144895553589,1
2,E_TRANSFORM_BIRTH,capacity-shadow,20,TRANSFORM,TRANSFORM,0,,1
2,E_TRANSFORM_BIRTH,geometry-shadow,20,TRANSFORM,TRANSFORM,0,1.0194989442825315,1
2,E_TRANSFORM_BIRTH,incumbent,21,TRANSFORM,TRANSFORM,0,1.1517002582550049,1
2,E_TRANSFORM_BIRTH,capacity-shadow,21,TRANSFORM,TRANSFORM,0,,1
2,E_TRANSFORM_BIRTH,geometry-shadow,21,TRANSFORM,TRANSFORM,0,1.0215216875076294,1
2,E_TRANSFORM_BIRTH,incumbent,22,ARITH_A,ARITHMETIC,0,1.0701181888580322,1
2,E_TRANSFORM_BIRTH,capacity-shadow,22,ARITH_A,ARITHMETIC,0,,1
2,E_TRANSFORM_BIRTH,geometry-shadow,22,ARITH_A,ARITHMETIC,0,0.883209228515625,1
2,E_TRANSFORM_BIRTH,incumbent,23,TRANSFORM,TRANSFORM,0,1.1407936811447144,1
2,E_TRANSFORM_BIRTH,capacity-shadow,23,TRANSFORM,TRANSFORM,0,,1
2,E_TRANSFORM_BIRTH,geometry-shadow,23,TRANSFORM,TRANSFORM,0,1.0070558786392212,1
2,E_TRANSFORM_BIRTH,incumbent,24,STORY,STORY,1,1.0055210590362549,1
2,E_TRANSFORM_BIRTH,capacity-shadow,24,STORY,STORY,2,,1
2,E_TRANSFORM_BIRTH,geometry-shadow,24,STORY,STORY,1,1.0046188831329346,1
2,E_TRANSFORM_BIRTH,incumbent,25,TRANSFORM,TRANSFORM,0,1.145511031150818,1
2,E_TRANSFORM_BIRTH,capacity-shadow,25,TRANSFORM,TRANSFORM,0,,1
2,E_TRANSFORM_BIRTH,geometry-shadow,25,TRANSFORM,TRANSFORM,0,1.0183727741241455,1
2,E_TRANSFORM_BIRTH,incumbent,26,TRANSFORM,TRANSFORM,0,1.1366599798202517,1
2,E_TRANSFORM_BIRTH,capacity-shadow,26,TRANSFORM,TRANSFORM,0,,1
2,E_TRANSFORM_BIRTH,geometry-shadow,26,TRANSFORM,TRANSFORM,0,0.9918612837791444,1
2,E_TRANSFORM_BIRTH,incumbent,27,TRANSFORM,TRANSFORM,0,1.143582820892334,1
2,E_TRANSFORM_BIRTH,capacity-shadow,27,TRANSFORM,TRANSFORM,0,,1
2,E_TRANSFORM_BIRTH,geometry-shadow,27,TRANSFORM,TRANSFORM,0,1.010151505470276,1
2,E_TRANSFORM_BIRTH,incumbent,28,STORY,STORY,1,0.4506581425666809,1
2,E_TRANSFORM_BIRTH,capacity-shadow,28,STORY,STORY,1,,1
2,E_TRANSFORM_BIRTH,geometry-shadow,28,STORY,STORY,1,0.5866957306861877,1
2,E_TRANSFORM_BIRTH,incumbent,29,TRANSFORM,TRANSFORM,0,1.147067666053772,1
2,E_TRANSFORM_BIRTH,capacity-shadow,29,TRANSFORM,TRANSFORM,0,,1
2,E_TRANSFORM_BIRTH,geometry-shadow,29,TRANSFORM,TRANSFORM,0,1.0127464532852173,1
2,E_TRANSFORM_BIRTH,incumbent,30,TRANSFORM,TRANSFORM,0,1.1454654932022097,1
2,E_TRANSFORM_BIRTH,capacity-shadow,30,TRANSFORM,TRANSFORM,0,,1
2,E_TRANSFORM_BIRTH,geometry-shadow,30,TRANSFORM,TRANSFORM,0,1.0153800249099731,1
2,E_TRANSFORM_BIRTH,incumbent,31,STORY,STORY,0,0.0559280514717102,1
2,E_TRANSFORM_BIRTH,capacity-shadow,31,STORY,STORY,0,,1
2,E_TRANSFORM_BIRTH,geometry-shadow,31,STORY,STORY,0,0.0484803915023803,1
2,E_TRANSFORM_BIRTH,incumbent,32,ARITH_A,ARITHMETIC,0,1.0823979377746582,1
2,E_TRANSFORM_BIRTH,capacity-shadow,32,ARITH_A,ARITHMETIC,0,,1
2,E_TRANSFORM_BIRTH,geometry-shadow,32,ARITH_A,ARITHMETIC,0,0.90180641412735,1
2,E_TRANSFORM_BIRTH,incumbent,33,STORY,STORY,1,0.5662029981613159,1
2,E_TRANSFORM_BIRTH,capacity-shadow,33,STORY,STORY,2,,1
2,E_TRANSFORM_BIRTH,geometry-shadow,33,STORY,STORY,1,0.8320819735527039,1
2,E_TRANSFORM_BIRTH,incumbent,34,STORY,STORY,0,0.1535887122154235,1
2,E_TRANSFORM_BIRTH,capacity-shadow,34,STORY,STORY,0,,1
2,E_TRANSFORM_BIRTH,geometry-shadow,34,STORY,STORY,0,0.1521466970443725,1
2,E_TRANSFORM_BIRTH,incumbent,35,TRANSFORM,TRANSFORM,0,1.148887038230896,1
2,E_TRANSFORM_BIRTH,capacity-shadow,35,TRANSFORM,TRANSFORM,0,,1
2,E_TRANSFORM_BIRTH,geometry-shadow,35,TRANSFORM,TRANSFORM,0,1.018930435180664,1
2,E_TRANSFORM_BIRTH,incumbent,36,STORY,STORY,1,0.000742495059967,1
2,E_TRANSFORM_BIRTH,capacity-shadow,36,STORY,STORY,1,,1
2,E_TRANSFORM_BIRTH,geometry-shadow,36,STORY,STORY,1,0.2173753380775451,1
2,E_TRANSFORM_BIRTH,incumbent,37,ARITH_A,ARITHMETIC,0,1.0848878622055054,1
2,E_TRANSFORM_BIRTH,capacity-shadow,37,ARITH_A,ARITHMETIC,0,,1
2,E_TRANSFORM_BIRTH,geometry-shadow,37,ARITH_A,ARITHMETIC,0,0.9032784700393676,1
2,E_TRANSFORM_BIRTH,incumbent,38,ARITH_A,ARITHMETIC,0,1.0770262479782104,1
2,E_TRANSFORM_BIRTH,capacity-shadow,38,ARITH_A,ARITHMETIC,0,,1
2,E_TRANSFORM_BIRTH,geometry-shadow,38,ARITH_A,ARITHMETIC,0,0.8968214988708496,1
2,E_TRANSFORM_BIRTH,incumbent,39,ARITH_A,ARITHMETIC,0,1.0928844213485718,1
2,E_TRANSFORM_BIRTH,capacity-shadow,39,ARITH_A,ARITHMETIC,0,,1
2,E_TRANSFORM_BIRTH,geometry-shadow,39,ARITH_A,ARITHMETIC,0,0.9146108627319336,1
2,E_TRANSFORM_BIRTH,incumbent,40,STORY,STORY,1,1.5403647422790527,1
2,E_TRANSFORM_BIRTH,capacity-shadow,40,STORY,STORY,2,,1
2,E_TRANSFORM_BIRTH,geometry-shadow,40,STORY,STORY,2,0.5896859169006348,1
2,E_TRANSFORM_BIRTH,incumbent,41,TRANSFORM,TRANSFORM,0,1.147004008293152,1
2,E_TRANSFORM_BIRTH,capacity-shadow,41,TRANSFORM,TRANSFORM,0,,1
2,E_TRANSFORM_BIRTH,geometry-shadow,41,TRANSFORM,TRANSFORM,0,1.0169204473495483,1
2,E_TRANSFORM_BIRTH,incumbent,42,TRANSFORM,TRANSFORM,0,1.141854763031006,1
2,E_TRANSFORM_BIRTH,capacity-shadow,42,TRANSFORM,TRANSFORM,0,,1
2,E_TRANSFORM_BIRTH,geometry-shadow,42,TRANSFORM,TRANSFORM,0,1.0100479125976562,1
2,E_TRANSFORM_BIRTH,incumbent,43,ARITH_A,ARITHMETIC,0,1.0842198133468628,1
2,E_TRANSFORM_BIRTH,capacity-shadow,43,ARITH_A,ARITHMETIC,0,,1
2,E_TRANSFORM_BIRTH,geometry-shadow,43,ARITH_A,ARITHMETIC,0,0.9060003757476808,1
2,E_TRANSFORM_BIRTH,incumbent,44,TRANSFORM,TRANSFORM,0,1.147645354270935,1
2,E_TRANSFORM_BIRTH,capacity-shadow,44,TRANSFORM,TRANSFORM,0,,1
2,E_TRANSFORM_BIRTH,geometry-shadow,44,TRANSFORM,TRANSFORM,0,1.0155291557312012,1
2,E_TRANSFORM_BIRTH,incumbent,45,STORY,STORY,1,0.3798729181289673,1
2,E_TRANSFORM_BIRTH,capacity-shadow,45,STORY,STORY,1,,1
2,E_TRANSFORM_BIRTH,geometry-shadow,45,STORY,STORY,1,0.546175479888916,1
2,E_TRANSFORM_BIRTH,incumbent,46,STORY,STORY,1,0.7305153608322144,1
2,E_TRANSFORM_BIRTH,capacity-shadow,46,STORY,STORY,2,,1
2,E_TRANSFORM_BIRTH,geometry-shadow,46,STORY,STORY,1,0.6951256394386292,1
2,E_TRANSFORM_BIRTH,incumbent,47,STORY,STORY,1,0.1766741275787353,1
2,E_TRANSFORM_BIRTH,capacity-shadow,47,STORY,STORY,1,,1
2,E_TRANSFORM_BIRTH,geometry-shadow,47,STORY,STORY,1,0.1366490125656128,1
2,E_TRANSFORM_BIRTH,incumbent,48,TRANSFORM,TRANSFORM,0,1.1459025144577026,1
2,E_TRANSFORM_BIRTH,capacity-shadow,48,TRANSFORM,TRANSFORM,0,,1
2,E_TRANSFORM_BIRTH,geometry-shadow,48,TRANSFORM,TRANSFORM,0,1.0147842168807983,1
2,E_TRANSFORM_BIRTH,incumbent,49,ARITH_A,ARITHMETIC,0,1.0811675786972046,1
2,E_TRANSFORM_BIRTH,capacity-shadow,49,ARITH_A,ARITHMETIC,0,,1
2,E_TRANSFORM_BIRTH,geometry-shadow,49,ARITH_A,ARITHMETIC,0,0.8984853029251099,1
2,E_TRANSFORM_BIRTH,incumbent,50,TRANSFORM,TRANSFORM,0,1.1413912773132324,1
2,E_TRANSFORM_BIRTH,capacity-shadow,50,TRANSFORM,TRANSFORM,0,,1
2,E_TRANSFORM_BIRTH,geometry-shadow,50,TRANSFORM,TRANSFORM,0,1.0086605548858645,1
2,E_TRANSFORM_BIRTH,incumbent,51,STORY,STORY,1,0.1647967100143432,1
2,E_TRANSFORM_BIRTH,capacity-shadow,51,STORY,STORY,2,,1
2,E_TRANSFORM_BIRTH,geometry-shadow,51,STORY,STORY,1,0.3061757087707519,1
2,E_TRANSFORM_BIRTH,incumbent,52,ARITH_A,ARITHMETIC,0,1.0737488269805908,1
2,E_TRANSFORM_BIRTH,capacity-shadow,52,ARITH_A,ARITHMETIC,0,,1
2,E_TRANSFORM_BIRTH,geometry-shadow,52,ARITH_A,ARITHMETIC,0,0.8826019167900085,1
2,E_TRANSFORM_BIRTH,incumbent,53,TRANSFORM,TRANSFORM,0,1.146579623222351,1
2,E_TRANSFORM_BIRTH,capacity-shadow,53,TRANSFORM,TRANSFORM,0,,1
2,E_TRANSFORM_BIRTH,geometry-shadow,53,TRANSFORM,TRANSFORM,0,1.0216606855392456,1
2,E_TRANSFORM_BIRTH,incumbent,54,STORY,STORY,0,0.0140950679779052,1
2,E_TRANSFORM_BIRTH,capacity-shadow,54,STORY,STORY,0,,1
2,E_TRANSFORM_BIRTH,geometry-shadow,54,STORY,STORY,1,0.2646848559379577,1
2,E_TRANSFORM_BIRTH,incumbent,55,STORY,STORY,1,1.321410894393921,1
2,E_TRANSFORM_BIRTH,capacity-shadow,55,STORY,STORY,1,,1
2,E_TRANSFORM_BIRTH,geometry-shadow,55,STORY,STORY,1,0.7527012825012207,1
2,E_TRANSFORM_BIRTH,incumbent,56,STORY,STORY,1,1.0305535793304443,1
2,E_TRANSFORM_BIRTH,capacity-shadow,56,STORY,STORY,2,,1
2,E_TRANSFORM_BIRTH,geometry-shadow,56,STORY,STORY,2,0.9110618233680724,1
2,E_TRANSFORM_BIRTH,incumbent,57,ARITH_A,ARITHMETIC,0,1.0758931636810305,1
2,E_TRANSFORM_BIRTH,capacity-shadow,57,ARITH_A,ARITHMETIC,0,,1
2,E_TRANSFORM_BIRTH,geometry-shadow,57,ARITH_A,ARITHMETIC,0,0.8910515904426575,1
2,E_TRANSFORM_BIRTH,incumbent,58,STORY,STORY,0,0.3600881099700928,1
2,E_TRANSFORM_BIRTH,capacity-shadow,58,STORY,STORY,0,,1
2,E_TRANSFORM_BIRTH,geometry-shadow,58,STORY,STORY,0,0.0875297784805297,1
2,E_TRANSFORM_BIRTH,incumbent,59,ARITH_A,ARITHMETIC,0,1.0570720434188845,1
2,E_TRANSFORM_BIRTH,capacity-shadow,59,ARITH_A,ARITHMETIC,0,,1
2,E_TRANSFORM_BIRTH,geometry-shadow,59,ARITH_A,ARITHMETIC,0,0.8626778721809387,1
2,E_TRANSFORM_BIRTH,incumbent,60,TRANSFORM,TRANSFORM,0,1.147525191307068,1
2,E_TRANSFORM_BIRTH,capacity-shadow,60,TRANSFORM,TRANSFORM,0,,1
2,E_TRANSFORM_BIRTH,geometry-shadow,60,TRANSFORM,TRANSFORM,0,1.0197573900222778,1
2,E_TRANSFORM_BIRTH,incumbent,61,ARITH_A,ARITHMETIC,0,1.077945590019226,1
2,E_TRANSFORM_BIRTH,capacity-shadow,61,ARITH_A,ARITHMETIC,0,,1
2,E_TRANSFORM_BIRTH,geometry-shadow,61,ARITH_A,ARITHMETIC,0,0.8977116942405701,1
2,E_TRANSFORM_BIRTH,incumbent,62,STORY,STORY,1,0.2037283182144165,1
2,E_TRANSFORM_BIRTH,capacity-shadow,62,STORY,STORY,1,,1
2,E_TRANSFORM_BIRTH,geometry-shadow,62,STORY,STORY,1,0.4299886226654053,1
2,E_TRANSFORM_BIRTH,incumbent,63,ARITH_A,ARITHMETIC,0,1.083065629005432,1
2,E_TRANSFORM_BIRTH,capacity-shadow,63,ARITH_A,ARITHMETIC,0,,1
2,E_TRANSFORM_BIRTH,geometry-shadow,63,ARITH_A,ARITHMETIC,0,0.903087556362152,1
2,E_TRANSFORM_BIRTH,incumbent,64,TRANSFORM,TRANSFORM,0,1.1472662687301636,1
2,E_TRANSFORM_BIRTH,capacity-shadow,64,TRANSFORM,TRANSFORM,0,,1
2,E_TRANSFORM_BIRTH,geometry-shadow,64,TRANSFORM,TRANSFORM,0,1.0166621208190918,1
2,E_TRANSFORM_BIRTH,incumbent,65,STORY,STORY,1,0.9981399178504944,1
2,E_TRANSFORM_BIRTH,capacity-shadow,65,STORY,STORY,2,,1
2,E_TRANSFORM_BIRTH,geometry-shadow,65,STORY,STORY,1,1.222567081451416,1
2,E_TRANSFORM_BIRTH,incumbent,66,ARITH_A,ARITHMETIC,0,1.079499363899231,1
2,E_TRANSFORM_BIRTH,capacity-shadow,66,ARITH_A,ARITHMETIC,0,,1
2,E_TRANSFORM_BIRTH,geometry-shadow,66,ARITH_A,ARITHMETIC,0,0.8996965885162354,1
2,E_TRANSFORM_BIRTH,incumbent,67,STORY,STORY,1,0.8972060084342957,1
2,E_TRANSFORM_BIRTH,capacity-shadow,67,STORY,STORY,1,,1
2,E_TRANSFORM_BIRTH,geometry-shadow,67,STORY,STORY,1,0.8902439475059509,1
2,E_TRANSFORM_BIRTH,incumbent,68,STORY,STORY,0,0.3610462546348572,1
2,E_TRANSFORM_BIRTH,capacity-shadow,68,STORY,STORY,0,,1
2,E_TRANSFORM_BIRTH,geometry-shadow,68,STORY,STORY,0,0.0943447351455688,1
2,E_TRANSFORM_BIRTH,incumbent,69,TRANSFORM,TRANSFORM,0,1.1458419561386108,1
2,E_TRANSFORM_BIRTH,capacity-shadow,69,TRANSFORM,TRANSFORM,0,,1
2,E_TRANSFORM_BIRTH,geometry-shadow,69,TRANSFORM,TRANSFORM,0,1.0119446516036987,1
2,E_TRANSFORM_BIRTH,incumbent,70,STORY,STORY,1,0.3702893257141113,1
2,E_TRANSFORM_BIRTH,capacity-shadow,70,STORY,STORY,2,,1
2,E_TRANSFORM_BIRTH,geometry-shadow,70,STORY,STORY,1,0.437512457370758,1
2,E_TRANSFORM_BIRTH,incumbent,71,ARITH_A,ARITHMETIC,0,1.085757851600647,1
2,E_TRANSFORM_BIRTH,capacity-shadow,71,ARITH_A,ARITHMETIC,0,,1
2,E_TRANSFORM_BIRTH,geometry-shadow,71,ARITH_A,ARITHMETIC,0,0.9079508185386658,1
2,E_TRANSFORM_BIRTH,incumbent,72,STORY,STORY,1,1.0109492540359497,1
2,E_TRANSFORM_BIRTH,capacity-shadow,72,STORY,STORY,1,,1
2,E_TRANSFORM_BIRTH,geometry-shadow,72,STORY,STORY,2,0.6453309059143066,1
2,E_TRANSFORM_BIRTH,incumbent,73,STORY,STORY,1,0.1654479503631591,1
2,E_TRANSFORM_BIRTH,capacity-shadow,73,STORY,STORY,2,,1
2,E_TRANSFORM_BIRTH,geometry-shadow,73,STORY,STORY,1,0.0922994613647461,1
2,E_TRANSFORM_BIRTH,incumbent,74,ARITH_A,ARITHMETIC,0,1.057567834854126,1
2,E_TRANSFORM_BIRTH,capacity-shadow,74,ARITH_A,ARITHMETIC,0,,1
2,E_TRANSFORM_BIRTH,geometry-shadow,74,ARITH_A,ARITHMETIC,0,0.8664392828941345,1
2,E_TRANSFORM_BIRTH,incumbent,75,TRANSFORM,TRANSFORM,0,1.1485822200775146,1
2,E_TRANSFORM_BIRTH,capacity-shadow,75,TRANSFORM,TRANSFORM,0,,1
2,E_TRANSFORM_BIRTH,geometry-shadow,75,TRANSFORM,TRANSFORM,0,1.022063136100769,1
2,E_TRANSFORM_BIRTH,incumbent,76,STORY,STORY,1,0.8404325842857361,1
2,E_TRANSFORM_BIRTH,capacity-shadow,76,STORY,STORY,1,,1
2,E_TRANSFORM_BIRTH,geometry-shadow,76,STORY,STORY,1,0.0719451904296875,1
2,E_TRANSFORM_BIRTH,incumbent,77,ARITH_A,ARITHMETIC,0,1.0772212743759155,1
2,E_TRANSFORM_BIRTH,capacity-shadow,77,ARITH_A,ARITHMETIC,0,,1
2,E_TRANSFORM_BIRTH,geometry-shadow,77,ARITH_A,ARITHMETIC,0,0.8945593237876892,1
2,E_TRANSFORM_BIRTH,incumbent,78,TRANSFORM,TRANSFORM,0,1.144025206565857,1
2,E_TRANSFORM_BIRTH,capacity-shadow,78,TRANSFORM,TRANSFORM,0,,1
2,E_TRANSFORM_BIRTH,geometry-shadow,78,TRANSFORM,TRANSFORM,0,1.0121355056762695,1
2,E_TRANSFORM_BIRTH,incumbent,79,TRANSFORM,TRANSFORM,0,1.145870566368103,1
2,E_TRANSFORM_BIRTH,capacity-shadow,79,TRANSFORM,TRANSFORM,0,,1
2,E_TRANSFORM_BIRTH,geometry-shadow,79,TRANSFORM,TRANSFORM,0,1.0128881931304932,1
2,E_TRANSFORM_BIRTH,incumbent,80,STORY,STORY,1,0.6219651103019714,1
2,E_TRANSFORM_BIRTH,capacity-shadow,80,STORY,STORY,2,,1
2,E_TRANSFORM_BIRTH,geometry-shadow,80,STORY,STORY,1,0.7947283983230591,1
2,E_TRANSFORM_BIRTH,incumbent,81,ARITH_A,ARITHMETIC,0,1.0795269012451172,1
2,E_TRANSFORM_BIRTH,capacity-shadow,81,ARITH_A,ARITHMETIC,0,,1
2,E_TRANSFORM_BIRTH,geometry-shadow,81,ARITH_A,ARITHMETIC,0,0.892888069152832,1
2,E_TRANSFORM_BIRTH,incumbent,82,STORY,STORY,1,1.3640644550323486,1
2,E_TRANSFORM_BIRTH,capacity-shadow,82,STORY,STORY,1,,1
2,E_TRANSFORM_BIRTH,geometry-shadow,82,STORY,STORY,2,0.2641953229904175,1
2,E_TRANSFORM_BIRTH,incumbent,83,ARITH_A,ARITHMETIC,0,1.067967653274536,1
2,E_TRANSFORM_BIRTH,capacity-shadow,83,ARITH_A,ARITHMETIC,0,,1
2,E_TRANSFORM_BIRTH,geometry-shadow,83,ARITH_A,ARITHMETIC,0,0.8857733607292175,1
2,E_TRANSFORM_BIRTH,incumbent,84,TRANSFORM,TRANSFORM,0,1.1484222412109375,1
2,E_TRANSFORM_BIRTH,capacity-shadow,84,TRANSFORM,TRANSFORM,0,,1
2,E_TRANSFORM_BIRTH,geometry-shadow,84,TRANSFORM,TRANSFORM,0,1.0184537172317505,1
2,E_TRANSFORM_BIRTH,incumbent,85,ARITH_A,ARITHMETIC,0,1.08160400390625,1
2,E_TRANSFORM_BIRTH,capacity-shadow,85,ARITH_A,ARITHMETIC,0,,1
2,E_TRANSFORM_BIRTH,geometry-shadow,85,ARITH_A,ARITHMETIC,0,0.9013160467147828,1
2,E_TRANSFORM_BIRTH,incumbent,86,ARITH_A,ARITHMETIC,0,1.081252932548523,1
2,E_TRANSFORM_BIRTH,capacity-shadow,86,ARITH_A,ARITHMETIC,0,,1
2,E_TRANSFORM_BIRTH,geometry-shadow,86,ARITH_A,ARITHMETIC,0,0.9003791809082031,1
2,E_TRANSFORM_BIRTH,incumbent,87,ARITH_A,ARITHMETIC,0,1.0918641090393066,1
2,E_TRANSFORM_BIRTH,capacity-shadow,87,ARITH_A,ARITHMETIC,0,,1
2,E_TRANSFORM_BIRTH,geometry-shadow,87,ARITH_A,ARITHMETIC,0,0.9169155359268188,1
2,E_TRANSFORM_BIRTH,incumbent,88,ARITH_A,ARITHMETIC,0,1.0825090408325195,1
2,E_TRANSFORM_BIRTH,capacity-shadow,88,ARITH_A,ARITHMETIC,0,,1
2,E_TRANSFORM_BIRTH,geometry-shadow,88,ARITH_A,ARITHMETIC,0,0.908931314945221,1
2,E_TRANSFORM_BIRTH,incumbent,89,ARITH_A,ARITHMETIC,0,1.08305025100708,1
2,E_TRANSFORM_BIRTH,capacity-shadow,89,ARITH_A,ARITHMETIC,0,,1
2,E_TRANSFORM_BIRTH,geometry-shadow,89,ARITH_A,ARITHMETIC,0,0.8998848795890808,1
2,E_TRANSFORM_BIRTH,incumbent,90,STORY,STORY,1,0.8567360043525696,1
2,E_TRANSFORM_BIRTH,capacity-shadow,90,STORY,STORY,2,,1
2,E_TRANSFORM_BIRTH,geometry-shadow,90,STORY,STORY,1,0.1719924211502075,1
2,E_TRANSFORM_BIRTH,incumbent,91,STORY,STORY,1,1.36237633228302,1
2,E_TRANSFORM_BIRTH,capacity-shadow,91,STORY,STORY,1,,1
2,E_TRANSFORM_BIRTH,geometry-shadow,91,STORY,STORY,2,0.4624071717262268,1
2,E_TRANSFORM_BIRTH,incumbent,92,ARITH_A,ARITHMETIC,0,1.0644347667694092,1
2,E_TRANSFORM_BIRTH,capacity-shadow,92,ARITH_A,ARITHMETIC,0,,1
2,E_TRANSFORM_BIRTH,geometry-shadow,92,ARITH_A,ARITHMETIC,0,0.8718906044960022,1
2,E_TRANSFORM_BIRTH,incumbent,93,STORY,STORY,1,1.3152118921279907,1
2,E_TRANSFORM_BIRTH,capacity-shadow,93,STORY,STORY,2,,1
2,E_TRANSFORM_BIRTH,geometry-shadow,93,STORY,STORY,2,0.061146855354309,1
2,E_TRANSFORM_BIRTH,incumbent,94,ARITH_A,ARITHMETIC,0,1.068122148513794,1
2,E_TRANSFORM_BIRTH,capacity-shadow,94,ARITH_A,ARITHMETIC,0,,1
2,E_TRANSFORM_BIRTH,geometry-shadow,94,ARITH_A,ARITHMETIC,0,0.8837127685546875,1
2,E_TRANSFORM_BIRTH,incumbent,95,ARITH_A,ARITHMETIC,0,1.0781351327896118,1
2,E_TRANSFORM_BIRTH,capacity-shadow,95,ARITH_A,ARITHMETIC,0,,1
2,E_TRANSFORM_BIRTH,geometry-shadow,95,ARITH_A,ARITHMETIC,0,0.9027446508407592,1
2,E_TRANSFORM_BIRTH,incumbent,96,TRANSFORM,TRANSFORM,0,1.1468287706375122,1
2,E_TRANSFORM_BIRTH,capacity-shadow,96,TRANSFORM,TRANSFORM,0,,1
2,E_TRANSFORM_BIRTH,geometry-shadow,96,TRANSFORM,TRANSFORM,0,1.0169862508773804,1
2,E_TRANSFORM_BIRTH,incumbent,97,ARITH_A,ARITHMETIC,0,1.083225965499878,1
2,E_TRANSFORM_BIRTH,capacity-shadow,97,ARITH_A,ARITHMETIC,0,,1
2,E_TRANSFORM_BIRTH,geometry-shadow,97,ARITH_A,ARITHMETIC,0,0.8993619084358215,1
2,E_TRANSFORM_BIRTH,incumbent,98,TRANSFORM,TRANSFORM,0,1.1454626321792605,1
2,E_TRANSFORM_BIRTH,capacity-shadow,98,TRANSFORM,TRANSFORM,0,,1
2,E_TRANSFORM_BIRTH,geometry-shadow,98,TRANSFORM,TRANSFORM,0,1.0173566341400146,1
2,E_TRANSFORM_BIRTH,incumbent,99,TRANSFORM,TRANSFORM,0,1.1487199068069458,1
2,E_TRANSFORM_BIRTH,capacity-shadow,99,TRANSFORM,TRANSFORM,0,,1
2,E_TRANSFORM_BIRTH,geometry-shadow,99,TRANSFORM,TRANSFORM,0,1.017242431640625,1
2,E_TRANSFORM_BIRTH,incumbent,100,STORY,STORY,1,0.1468758583068847,1
2,E_TRANSFORM_BIRTH,capacity-shadow,100,STORY,STORY,1,,1
2,E_TRANSFORM_BIRTH,geometry-shadow,100,STORY,STORY,2,0.2672587633132934,1
2,E_TRANSFORM_BIRTH,incumbent,101,ARITH_A,ARITHMETIC,0,1.0819183588027954,1
2,E_TRANSFORM_BIRTH,capacity-shadow,101,ARITH_A,ARITHMETIC,0,,1
2,E_TRANSFORM_BIRTH,geometry-shadow,101,ARITH_A,ARITHMETIC,0,0.9000127911567688,1
2,E_TRANSFORM_BIRTH,incumbent,102,TRANSFORM,TRANSFORM,0,1.1388403177261353,1
2,E_TRANSFORM_BIRTH,capacity-shadow,102,TRANSFORM,TRANSFORM,0,,1
2,E_TRANSFORM_BIRTH,geometry-shadow,102,TRANSFORM,TRANSFORM,0,1.0126245021820068,1
2,E_TRANSFORM_BIRTH,incumbent,103,TRANSFORM,TRANSFORM,0,1.1445298194885254,1
2,E_TRANSFORM_BIRTH,capacity-shadow,103,TRANSFORM,TRANSFORM,0,,1
2,E_TRANSFORM_BIRTH,geometry-shadow,103,TRANSFORM,TRANSFORM,0,1.0107938051223757,1
2,E_TRANSFORM_BIRTH,incumbent,104,TRANSFORM,TRANSFORM,0,1.1456514596939087,1
2,E_TRANSFORM_BIRTH,capacity-shadow,104,TRANSFORM,TRANSFORM,0,,1
2,E_TRANSFORM_BIRTH,geometry-shadow,104,TRANSFORM,TRANSFORM,0,1.009457230567932,1
2,E_TRANSFORM_BIRTH,incumbent,105,ARITH_A,ARITHMETIC,0,1.0826137065887451,1
2,E_TRANSFORM_BIRTH,capacity-shadow,105,ARITH_A,ARITHMETIC,0,,1
2,E_TRANSFORM_BIRTH,geometry-shadow,105,ARITH_A,ARITHMETIC,0,0.8979605436325073,1
2,E_TRANSFORM_BIRTH,incumbent,106,STORY,STORY,1,0.5829818248748779,1
2,E_TRANSFORM_BIRTH,capacity-shadow,106,STORY,STORY,2,,1
2,E_TRANSFORM_BIRTH,geometry-shadow,106,STORY,STORY,2,0.3126291036605835,1
2,E_TRANSFORM_BIRTH,incumbent,107,STORY,STORY,1,0.0254564881324768,1
2,E_TRANSFORM_BIRTH,capacity-shadow,107,STORY,STORY,1,,1
2,E_TRANSFORM_BIRTH,geometry-shadow,107,STORY,STORY,1,0.1858166456222534,1
2,E_TRANSFORM_BIRTH,incumbent,108,STORY,STORY,1,0.6431666612625122,1
2,E_TRANSFORM_BIRTH,capacity-shadow,108,STORY,STORY,2,,1
2,E_TRANSFORM_BIRTH,geometry-shadow,108,STORY,STORY,1,0.8372148871421814,1
2,E_TRANSFORM_BIRTH,incumbent,109,TRANSFORM,TRANSFORM,0,1.1381142139434814,1
2,E_TRANSFORM_BIRTH,capacity-shadow,109,TRANSFORM,TRANSFORM,0,,1
2,E_TRANSFORM_BIRTH,geometry-shadow,109,TRANSFORM,TRANSFORM,0,1.0049322843551636,1
2,E_TRANSFORM_BIRTH,incumbent,110,STORY,STORY,1,1.1006799936294556,1
2,E_TRANSFORM_BIRTH,capacity-shadow,110,STORY,STORY,1,,1
2,E_TRANSFORM_BIRTH,geometry-shadow,110,STORY,STORY,1,0.3579556345939636,1
2,E_TRANSFORM_BIRTH,incumbent,111,STORY,STORY,1,0.4521238803863525,1
2,E_TRANSFORM_BIRTH,capacity-shadow,111,STORY,STORY,2,,1
2,E_TRANSFORM_BIRTH,geometry-shadow,111,STORY,STORY,1,0.6928778290748596,1
2,E_TRANSFORM_BIRTH,incumbent,112,ARITH_A,ARITHMETIC,0,1.0853079557418823,1
2,E_TRANSFORM_BIRTH,capacity-shadow,112,ARITH_A,ARITHMETIC,0,,1
2,E_TRANSFORM_BIRTH,geometry-shadow,112,ARITH_A,ARITHMETIC,0,0.903006911277771,1
2,E_TRANSFORM_BIRTH,incumbent,113,ARITH_A,ARITHMETIC,0,1.0818935632705688,1
2,E_TRANSFORM_BIRTH,capacity-shadow,113,ARITH_A,ARITHMETIC,0,,1
2,E_TRANSFORM_BIRTH,geometry-shadow,113,ARITH_A,ARITHMETIC,0,0.906427562236786,1
2,E_TRANSFORM_BIRTH,incumbent,114,TRANSFORM,TRANSFORM,0,1.141971468925476,1
2,E_TRANSFORM_BIRTH,capacity-shadow,114,TRANSFORM,TRANSFORM,0,,1
2,E_TRANSFORM_BIRTH,geometry-shadow,114,TRANSFORM,TRANSFORM,0,1.0037084817886353,1
2,E_TRANSFORM_BIRTH,incumbent,115,STORY,STORY,1,0.695656955242157,1
2,E_TRANSFORM_BIRTH,capacity-shadow,115,STORY,STORY,1,,1
2,E_TRANSFORM_BIRTH,geometry-shadow,115,STORY,STORY,1,0.4742969274520874,1
2,E_TRANSFORM_BIRTH,incumbent,116,STORY,STORY,1,1.2099380493164062,1
2,E_TRANSFORM_BIRTH,capacity-shadow,116,STORY,STORY,2,,1
2,E_TRANSFORM_BIRTH,geometry-shadow,116,STORY,STORY,1,0.3482503890991211,1
2,E_TRANSFORM_BIRTH,incumbent,117,STORY,STORY,1,0.9986625909805298,1
2,E_TRANSFORM_BIRTH,capacity-shadow,117,STORY,STORY,1,,1
2,E_TRANSFORM_BIRTH,geometry-shadow,117,STORY,STORY,2,0.814556896686554,1
2,E_TRANSFORM_BIRTH,incumbent,118,ARITH_A,ARITHMETIC,0,1.087768793106079,1
2,E_TRANSFORM_BIRTH,capacity-shadow,118,ARITH_A,ARITHMETIC,0,,1
2,E_TRANSFORM_BIRTH,geometry-shadow,118,ARITH_A,ARITHMETIC,0,0.9071954488754272,1
2,E_TRANSFORM_BIRTH,incumbent,119,TRANSFORM,TRANSFORM,0,1.143703579902649,1
2,E_TRANSFORM_BIRTH,capacity-shadow,119,TRANSFORM,TRANSFORM,0,,1
2,E_TRANSFORM_BIRTH,geometry-shadow,119,TRANSFORM,TRANSFORM,0,1.0066238641738892,1
2,E_TRANSFORM_BIRTH,incumbent,120,TRANSFORM,TRANSFORM,0,1.1488724946975708,1
2,E_TRANSFORM_BIRTH,capacity-shadow,120,TRANSFORM,TRANSFORM,0,,1
2,E_TRANSFORM_BIRTH,geometry-shadow,120,TRANSFORM,TRANSFORM,0,1.0194642543792725,1
2,E_TRANSFORM_BIRTH,incumbent,121,ARITH_A,ARITHMETIC,0,1.0837489366531372,1
2,E_TRANSFORM_BIRTH,capacity-shadow,121,ARITH_A,ARITHMETIC,0,,1
2,E_TRANSFORM_BIRTH,geometry-shadow,121,ARITH_A,ARITHMETIC,0,0.904642939567566,1
2,E_TRANSFORM_BIRTH,incumbent,122,TRANSFORM,TRANSFORM,0,1.1510775089263916,1
2,E_TRANSFORM_BIRTH,capacity-shadow,122,TRANSFORM,TRANSFORM,0,,1
2,E_TRANSFORM_BIRTH,geometry-shadow,122,TRANSFORM,TRANSFORM,0,1.0194770097732544,1
2,E_TRANSFORM_BIRTH,incumbent,123,TRANSFORM,TRANSFORM,0,1.1376556158065796,1
2,E_TRANSFORM_BIRTH,capacity-shadow,123,TRANSFORM,TRANSFORM,0,,1
2,E_TRANSFORM_BIRTH,geometry-shadow,123,TRANSFORM,TRANSFORM,0,0.9993619322776794,1
2,E_TRANSFORM_BIRTH,incumbent,124,TRANSFORM,TRANSFORM,0,1.145161747932434,1
2,E_TRANSFORM_BIRTH,capacity-shadow,124,TRANSFORM,TRANSFORM,0,,1
2,E_TRANSFORM_BIRTH,geometry-shadow,124,TRANSFORM,TRANSFORM,0,1.0065346956253052,1
2,E_TRANSFORM_BIRTH,incumbent,125,ARITH_A,ARITHMETIC,0,1.0821685791015625,1
2,E_TRANSFORM_BIRTH,capacity-shadow,125,ARITH_A,ARITHMETIC,0,,1
2,E_TRANSFORM_BIRTH,geometry-shadow,125,ARITH_A,ARITHMETIC,0,0.9077149629592896,1
2,E_TRANSFORM_BIRTH,incumbent,126,STORY,STORY,1,0.2422754764556884,1
2,E_TRANSFORM_BIRTH,capacity-shadow,126,STORY,STORY,2,,1
2,E_TRANSFORM_BIRTH,geometry-shadow,126,STORY,STORY,1,0.3662777543067932,1
2,E_TRANSFORM_BIRTH,incumbent,127,TRANSFORM,TRANSFORM,0,1.1463589668273926,1
2,E_TRANSFORM_BIRTH,capacity-shadow,127,TRANSFORM,TRANSFORM,0,,1
2,E_TRANSFORM_BIRTH,geometry-shadow,127,TRANSFORM,TRANSFORM,0,1.0192842483520508,1
2,E_TRANSFORM_BIRTH,incumbent,128,STORY,STORY,1,0.2622561454772949,1
2,E_TRANSFORM_BIRTH,capacity-shadow,128,STORY,STORY,1,,1
2,E_TRANSFORM_BIRTH,geometry-shadow,128,STORY,STORY,1,0.4963124394416809,1
2,E_TRANSFORM_BIRTH,incumbent,129,ARITH_A,ARITHMETIC,0,1.0789417028427124,1
2,E_TRANSFORM_BIRTH,capacity-shadow,129,ARITH_A,ARITHMETIC,0,,1
2,E_TRANSFORM_BIRTH,geometry-shadow,129,ARITH_A,ARITHMETIC,0,0.8945828676223755,1
2,E_TRANSFORM_BIRTH,incumbent,130,ARITH_A,ARITHMETIC,0,1.0879101753234863,1
2,E_TRANSFORM_BIRTH,capacity-shadow,130,ARITH_A,ARITHMETIC,0,,1
2,E_TRANSFORM_BIRTH,geometry-shadow,130,ARITH_A,ARITHMETIC,0,0.913213849067688,1
2,E_TRANSFORM_BIRTH,incumbent,131,STORY,STORY,1,1.4760866165161133,1
2,E_TRANSFORM_BIRTH,capacity-shadow,131,STORY,STORY,2,,1
2,E_TRANSFORM_BIRTH,geometry-shadow,131,STORY,STORY,1,0.2492372989654541,1
2,E_TRANSFORM_BIRTH,incumbent,132,TRANSFORM,TRANSFORM,0,1.1522305011749268,1
2,E_TRANSFORM_BIRTH,capacity-shadow,132,TRANSFORM,TRANSFORM,0,,1
2,E_TRANSFORM_BIRTH,geometry-shadow,132,TRANSFORM,TRANSFORM,0,1.029643416404724,1
2,E_TRANSFORM_BIRTH,incumbent,133,STORY,STORY,1,0.4726864695549011,1
2,E_TRANSFORM_BIRTH,capacity-shadow,133,STORY,STORY,1,,1
2,E_TRANSFORM_BIRTH,geometry-shadow,133,STORY,STORY,1,0.7473865151405334,1
2,E_TRANSFORM_BIRTH,incumbent,134,TRANSFORM,TRANSFORM,0,1.1527438163757324,1
2,E_TRANSFORM_BIRTH,capacity-shadow,134,TRANSFORM,TRANSFORM,0,,1
2,E_TRANSFORM_BIRTH,geometry-shadow,134,TRANSFORM,TRANSFORM,0,1.0294110774993896,1
2,E_TRANSFORM_BIRTH,incumbent,135,STORY,STORY,1,0.3464864492416382,1
2,E_TRANSFORM_BIRTH,capacity-shadow,135,STORY,STORY,2,,1
2,E_TRANSFORM_BIRTH,geometry-shadow,135,STORY,STORY,1,0.5980956554412842,1
2,E_TRANSFORM_BIRTH,incumbent,136,STORY,STORY,1,0.8298190236091614,1
2,E_TRANSFORM_BIRTH,capacity-shadow,136,STORY,STORY,1,,1
2,E_TRANSFORM_BIRTH,geometry-shadow,136,STORY,STORY,1,0.8197174668312073,1
2,E_TRANSFORM_BIRTH,incumbent,137,TRANSFORM,TRANSFORM,0,1.1485254764556885,1
2,E_TRANSFORM_BIRTH,capacity-shadow,137,TRANSFORM,TRANSFORM,0,,1
2,E_TRANSFORM_BIRTH,geometry-shadow,137,TRANSFORM,TRANSFORM,0,1.0117249488830566,1
2,E_TRANSFORM_BIRTH,incumbent,138,TRANSFORM,TRANSFORM,0,1.1432487964630127,1
2,E_TRANSFORM_BIRTH,capacity-shadow,138,TRANSFORM,TRANSFORM,0,,1
2,E_TRANSFORM_BIRTH,geometry-shadow,138,TRANSFORM,TRANSFORM,0,1.0188803672790527,1
2,E_TRANSFORM_BIRTH,incumbent,139,TRANSFORM,TRANSFORM,0,1.14386248588562,1
2,E_TRANSFORM_BIRTH,capacity-shadow,139,TRANSFORM,TRANSFORM,0,,1
2,E_TRANSFORM_BIRTH,geometry-shadow,139,TRANSFORM,TRANSFORM,0,1.008958339691162,1
2,E_TRANSFORM_BIRTH,incumbent,140,ARITH_A,ARITHMETIC,0,1.0794992446899414,1
2,E_TRANSFORM_BIRTH,capacity-shadow,140,ARITH_A,ARITHMETIC,0,,1
2,E_TRANSFORM_BIRTH,geometry-shadow,140,ARITH_A,ARITHMETIC,0,0.898590624332428,1
2,E_TRANSFORM_BIRTH,incumbent,141,ARITH_A,ARITHMETIC,0,1.0930378437042236,1
2,E_TRANSFORM_BIRTH,capacity-shadow,141,ARITH_A,ARITHMETIC,0,,1
2,E_TRANSFORM_BIRTH,geometry-shadow,141,ARITH_A,ARITHMETIC,0,0.9200958013534546,1
2,E_TRANSFORM_BIRTH,incumbent,142,ARITH_A,ARITHMETIC,0,1.0700035095214844,1
2,E_TRANSFORM_BIRTH,capacity-shadow,142,ARITH_A,ARITHMETIC,0,,1
2,E_TRANSFORM_BIRTH,geometry-shadow,142,ARITH_A,ARITHMETIC,0,0.8796457052230835,1
2,E_TRANSFORM_BIRTH,incumbent,143,STORY,STORY,1,1.5932142734527588,1
2,E_TRANSFORM_BIRTH,capacity-shadow,143,STORY,STORY,2,,1
2,E_TRANSFORM_BIRTH,geometry-shadow,143,STORY,STORY,2,0.3788267374038696,1
2,E_TRANSFORM_BIRTH,incumbent,144,ARITH_A,ARITHMETIC,0,1.077455759048462,1
2,E_TRANSFORM_BIRTH,capacity-shadow,144,ARITH_A,ARITHMETIC,0,,1
2,E_TRANSFORM_BIRTH,geometry-shadow,144,ARITH_A,ARITHMETIC,0,0.8868600130081177,1
2,E_TRANSFORM_BIRTH,incumbent,145,TRANSFORM,TRANSFORM,0,1.1501668691635132,1
2,E_TRANSFORM_BIRTH,capacity-shadow,145,TRANSFORM,TRANSFORM,0,,1
2,E_TRANSFORM_BIRTH,geometry-shadow,145,TRANSFORM,TRANSFORM,0,1.0271010398864746,1
2,E_TRANSFORM_BIRTH,incumbent,146,ARITH_A,ARITHMETIC,0,1.0857746601104736,1
2,E_TRANSFORM_BIRTH,capacity-shadow,146,ARITH_A,ARITHMETIC,0,,1
2,E_TRANSFORM_BIRTH,geometry-shadow,146,ARITH_A,ARITHMETIC,0,0.9052749276161194,1
2,E_TRANSFORM_BIRTH,incumbent,147,ARITH_A,ARITHMETIC,0,1.086532711982727,1
2,E_TRANSFORM_BIRTH,capacity-shadow,147,ARITH_A,ARITHMETIC,0,,1
2,E_TRANSFORM_BIRTH,geometry-shadow,147,ARITH_A,ARITHMETIC,0,0.909153938293457,1
2,E_TRANSFORM_BIRTH,incumbent,148,STORY,STORY,1,0.3524253368377685,1
2,E_TRANSFORM_BIRTH,capacity-shadow,148,STORY,STORY,1,,1
2,E_TRANSFORM_BIRTH,geometry-shadow,148,STORY,STORY,2,0.1091926097869873,1
2,E_TRANSFORM_BIRTH,incumbent,149,STORY,STORY,1,0.1925735473632812,1
2,E_TRANSFORM_BIRTH,capacity-shadow,149,STORY,STORY,2,,1
2,E_TRANSFORM_BIRTH,geometry-shadow,149,STORY,STORY,1,0.4215345382690429,1
2,E_TRANSFORM_BIRTH,incumbent,150,STORY,STORY,1,0.7871776819229126,1
2,E_TRANSFORM_BIRTH,capacity-shadow,150,STORY,STORY,1,,1
2,E_TRANSFORM_BIRTH,geometry-shadow,150,STORY,STORY,1,0.4675779342651367,1
2,E_TRANSFORM_BIRTH,incumbent,151,STORY,STORY,1,1.3954061269760132,1
2,E_TRANSFORM_BIRTH,capacity-shadow,151,STORY,STORY,2,,1
2,E_TRANSFORM_BIRTH,geometry-shadow,151,STORY,STORY,2,0.5505062341690063,1
2,E_TRANSFORM_BIRTH,incumbent,152,TRANSFORM,TRANSFORM,0,1.146793007850647,1
2,E_TRANSFORM_BIRTH,capacity-shadow,152,TRANSFORM,TRANSFORM,0,,1
2,E_TRANSFORM_BIRTH,geometry-shadow,152,TRANSFORM,TRANSFORM,0,1.0110598802566528,1
2,E_TRANSFORM_BIRTH,incumbent,153,ARITH_A,ARITHMETIC,0,1.085024118423462,1
2,E_TRANSFORM_BIRTH,capacity-shadow,153,ARITH_A,ARITHMETIC,0,,1
2,E_TRANSFORM_BIRTH,geometry-shadow,153,ARITH_A,ARITHMETIC,0,0.9007160663604736,1
2,E_TRANSFORM_BIRTH,incumbent,154,ARITH_A,ARITHMETIC,0,1.0822477340698242,1
2,E_TRANSFORM_BIRTH,capacity-shadow,154,ARITH_A,ARITHMETIC,0,,1
2,E_TRANSFORM_BIRTH,geometry-shadow,154,ARITH_A,ARITHMETIC,0,0.9077003598213196,1
2,E_TRANSFORM_BIRTH,incumbent,155,TRANSFORM,TRANSFORM,0,1.1461269855499268,1
2,E_TRANSFORM_BIRTH,capacity-shadow,155,TRANSFORM,TRANSFORM,0,,1
2,E_TRANSFORM_BIRTH,geometry-shadow,155,TRANSFORM,TRANSFORM,0,1.0168862342834473,1
2,E_TRANSFORM_BIRTH,incumbent,156,ARITH_A,ARITHMETIC,0,1.0773577690124512,1
2,E_TRANSFORM_BIRTH,capacity-shadow,156,ARITH_A,ARITHMETIC,0,,1
2,E_TRANSFORM_BIRTH,geometry-shadow,156,ARITH_A,ARITHMETIC,0,0.8930939435958862,1
2,E_TRANSFORM_BIRTH,incumbent,157,TRANSFORM,TRANSFORM,0,1.1446949243545532,1
2,E_TRANSFORM_BIRTH,capacity-shadow,157,TRANSFORM,TRANSFORM,0,,1
2,E_TRANSFORM_BIRTH,geometry-shadow,157,TRANSFORM,TRANSFORM,0,1.0087037086486816,1
2,E_TRANSFORM_BIRTH,incumbent,158,STORY,STORY,1,0.6251004338264465,1
2,E_TRANSFORM_BIRTH,capacity-shadow,158,STORY,STORY,1,,1
2,E_TRANSFORM_BIRTH,geometry-shadow,158,STORY,STORY,1,0.8257552981376648,1
2,E_TRANSFORM_BIRTH,incumbent,159,STORY,STORY,1,1.6587002277374268,1
2,E_TRANSFORM_BIRTH,capacity-shadow,159,STORY,STORY,2,,1
2,E_TRANSFORM_BIRTH,geometry-shadow,159,STORY,STORY,2,0.4540955424308777,1
2,E_TRANSFORM_BIRTH,incumbent,160,TRANSFORM,TRANSFORM,0,1.1484687328338623,1
2,E_TRANSFORM_BIRTH,capacity-shadow,160,TRANSFORM,TRANSFORM,0,,1
2,E_TRANSFORM_BIRTH,geometry-shadow,160,TRANSFORM,TRANSFORM,0,1.019500970840454,1
2,E_TRANSFORM_BIRTH,incumbent,161,ARITH_A,ARITHMETIC,0,1.075051188468933,1
2,E_TRANSFORM_BIRTH,capacity-shadow,161,ARITH_A,ARITHMETIC,0,,1
2,E_TRANSFORM_BIRTH,geometry-shadow,161,ARITH_A,ARITHMETIC,0,0.8947832584381104,1
2,E_TRANSFORM_BIRTH,incumbent,162,ARITH_A,ARITHMETIC,0,1.0768800973892212,1
2,E_TRANSFORM_BIRTH,capacity-shadow,162,ARITH_A,ARITHMETIC,0,,1
2,E_TRANSFORM_BIRTH,geometry-shadow,162,ARITH_A,ARITHMETIC,0,0.8951801061630249,1
2,E_TRANSFORM_BIRTH,incumbent,163,STORY,STORY,1,0.5965956449508667,1
2,E_TRANSFORM_BIRTH,capacity-shadow,163,STORY,STORY,1,,1
2,E_TRANSFORM_BIRTH,geometry-shadow,163,STORY,STORY,1,0.223118782043457,1
2,E_TRANSFORM_BIRTH,incumbent,164,ARITH_A,ARITHMETIC,0,1.0814175605773926,1
2,E_TRANSFORM_BIRTH,capacity-shadow,164,ARITH_A,ARITHMETIC,0,,1
2,E_TRANSFORM_BIRTH,geometry-shadow,164,ARITH_A,ARITHMETIC,0,0.8994426727294922,1
2,E_TRANSFORM_BIRTH,incumbent,165,TRANSFORM,TRANSFORM,0,1.1418129205703735,1
2,E_TRANSFORM_BIRTH,capacity-shadow,165,TRANSFORM,TRANSFORM,0,,1
2,E_TRANSFORM_BIRTH,geometry-shadow,165,TRANSFORM,TRANSFORM,0,1.0122145414352417,1
2,E_TRANSFORM_BIRTH,incumbent,166,ARITH_A,ARITHMETIC,0,1.0684787034988403,1
2,E_TRANSFORM_BIRTH,capacity-shadow,166,ARITH_A,ARITHMETIC,0,,1
2,E_TRANSFORM_BIRTH,geometry-shadow,166,ARITH_A,ARITHMETIC,0,0.883675217628479,1
2,E_TRANSFORM_BIRTH,incumbent,167,TRANSFORM,TRANSFORM,0,1.1400437355041504,1
2,E_TRANSFORM_BIRTH,capacity-shadow,167,TRANSFORM,TRANSFORM,0,,1
2,E_TRANSFORM_BIRTH,geometry-shadow,167,TRANSFORM,TRANSFORM,0,0.997292697429657,1
2,E_TRANSFORM_BIRTH,incumbent,168,TRANSFORM,TRANSFORM,0,1.1460121870040894,1
2,E_TRANSFORM_BIRTH,capacity-shadow,168,TRANSFORM,TRANSFORM,0,,1
2,E_TRANSFORM_BIRTH,geometry-shadow,168,TRANSFORM,TRANSFORM,0,1.0133073329925537,1
2,E_TRANSFORM_BIRTH,incumbent,169,ARITH_A,ARITHMETIC,0,1.0774052143096924,1
2,E_TRANSFORM_BIRTH,capacity-shadow,169,ARITH_A,ARITHMETIC,0,,1
2,E_TRANSFORM_BIRTH,geometry-shadow,169,ARITH_A,ARITHMETIC,0,0.8985241651535034,1
2,E_TRANSFORM_BIRTH,incumbent,170,ARITH_A,ARITHMETIC,0,1.0671062469482422,1
2,E_TRANSFORM_BIRTH,capacity-shadow,170,ARITH_A,ARITHMETIC,0,,1
2,E_TRANSFORM_BIRTH,geometry-shadow,170,ARITH_A,ARITHMETIC,0,0.8777766823768616,1
2,E_TRANSFORM_BIRTH,incumbent,171,TRANSFORM,TRANSFORM,0,1.1446597576141355,1
2,E_TRANSFORM_BIRTH,capacity-shadow,171,TRANSFORM,TRANSFORM,0,,1
2,E_TRANSFORM_BIRTH,geometry-shadow,171,TRANSFORM,TRANSFORM,0,1.0048469305038452,1
2,E_TRANSFORM_BIRTH,incumbent,172,STORY,STORY,0,0.3783966898918152,1
2,E_TRANSFORM_BIRTH,capacity-shadow,172,STORY,STORY,0,,1
2,E_TRANSFORM_BIRTH,geometry-shadow,172,STORY,STORY,0,0.295171856880188,1
2,E_TRANSFORM_BIRTH,incumbent,173,STORY,STORY,1,0.1750661730766296,1
2,E_TRANSFORM_BIRTH,capacity-shadow,173,STORY,STORY,2,,1
2,E_TRANSFORM_BIRTH,geometry-shadow,173,STORY,STORY,1,0.4024040102958679,1
2,E_TRANSFORM_BIRTH,incumbent,174,ARITH_A,ARITHMETIC,0,1.0762088298797607,1
2,E_TRANSFORM_BIRTH,capacity-shadow,174,ARITH_A,ARITHMETIC,0,,1
2,E_TRANSFORM_BIRTH,geometry-shadow,174,ARITH_A,ARITHMETIC,0,0.8886740803718567,1
2,E_TRANSFORM_BIRTH,incumbent,175,STORY,STORY,1,0.226676344871521,1
2,E_TRANSFORM_BIRTH,capacity-shadow,175,STORY,STORY,1,,1
2,E_TRANSFORM_BIRTH,geometry-shadow,175,STORY,STORY,1,0.4166897535324096,1
2,E_TRANSFORM_BIRTH,incumbent,176,ARITH_A,ARITHMETIC,0,1.063380002975464,1
2,E_TRANSFORM_BIRTH,capacity-shadow,176,ARITH_A,ARITHMETIC,0,,1
2,E_TRANSFORM_BIRTH,geometry-shadow,176,ARITH_A,ARITHMETIC,0,0.8738223910331726,1
2,E_TRANSFORM_BIRTH,incumbent,177,TRANSFORM,TRANSFORM,0,1.1473896503448486,1
2,E_TRANSFORM_BIRTH,capacity-shadow,177,TRANSFORM,TRANSFORM,0,,1
2,E_TRANSFORM_BIRTH,geometry-shadow,177,TRANSFORM,TRANSFORM,0,1.0220012664794922,1
2,E_TRANSFORM_BIRTH,incumbent,178,STORY,STORY,1,1.0648454427719116,1
2,E_TRANSFORM_BIRTH,capacity-shadow,178,STORY,STORY,2,,1
2,E_TRANSFORM_BIRTH,geometry-shadow,178,STORY,STORY,2,0.7418755292892456,1
2,E_TRANSFORM_BIRTH,incumbent,179,ARITH_A,ARITHMETIC,0,1.0875303745269775,1
2,E_TRANSFORM_BIRTH,capacity-shadow,179,ARITH_A,ARITHMETIC,0,,1
2,E_TRANSFORM_BIRTH,geometry-shadow,179,ARITH_A,ARITHMETIC,0,0.9115075469017028,1
2,E_TRANSFORM_BIRTH,incumbent,180,ARITH_A,ARITHMETIC,0,1.0732638835906982,1
2,E_TRANSFORM_BIRTH,capacity-shadow,180,ARITH_A,ARITHMETIC,0,,1
2,E_TRANSFORM_BIRTH,geometry-shadow,180,ARITH_A,ARITHMETIC,0,0.893181562423706,1
2,E_TRANSFORM_BIRTH,incumbent,181,STORY,STORY,1,0.271819531917572,1
2,E_TRANSFORM_BIRTH,capacity-shadow,181,STORY,STORY,1,,1
2,E_TRANSFORM_BIRTH,geometry-shadow,181,STORY,STORY,1,0.5716767907142639,1
2,E_TRANSFORM_BIRTH,incumbent,182,TRANSFORM,TRANSFORM,0,1.1437358856201172,1
2,E_TRANSFORM_BIRTH,capacity-shadow,182,TRANSFORM,TRANSFORM,0,,1
2,E_TRANSFORM_BIRTH,geometry-shadow,182,TRANSFORM,TRANSFORM,0,1.0081950426101685,1
2,E_TRANSFORM_BIRTH,incumbent,183,STORY,STORY,1,0.1045774221420288,1
2,E_TRANSFORM_BIRTH,capacity-shadow,183,STORY,STORY,2,,1
2,E_TRANSFORM_BIRTH,geometry-shadow,183,STORY,STORY,1,0.3993235826492309,1
2,E_TRANSFORM_BIRTH,incumbent,184,ARITH_A,ARITHMETIC,0,1.0688718557357788,1
2,E_TRANSFORM_BIRTH,capacity-shadow,184,ARITH_A,ARITHMETIC,0,,1
2,E_TRANSFORM_BIRTH,geometry-shadow,184,ARITH_A,ARITHMETIC,0,0.8838120698928833,1
2,E_TRANSFORM_BIRTH,incumbent,185,ARITH_A,ARITHMETIC,0,1.087099552154541,1
2,E_TRANSFORM_BIRTH,capacity-shadow,185,ARITH_A,ARITHMETIC,0,,1
2,E_TRANSFORM_BIRTH,geometry-shadow,185,ARITH_A,ARITHMETIC,0,0.9065873622894288,1
2,E_TRANSFORM_BIRTH,incumbent,186,ARITH_A,ARITHMETIC,0,1.0732390880584717,1
2,E_TRANSFORM_BIRTH,capacity-shadow,186,ARITH_A,ARITHMETIC,0,,1
2,E_TRANSFORM_BIRTH,geometry-shadow,186,ARITH_A,ARITHMETIC,0,0.8862523436546326,1
2,E_TRANSFORM_BIRTH,incumbent,187,TRANSFORM,TRANSFORM,0,1.1460683345794678,1
2,E_TRANSFORM_BIRTH,capacity-shadow,187,TRANSFORM,TRANSFORM,0,,1
2,E_TRANSFORM_BIRTH,geometry-shadow,187,TRANSFORM,TRANSFORM,0,1.0176820755004885,1
2,E_TRANSFORM_BIRTH,incumbent,188,STORY,STORY,0,0.1907336711883545,1
2,E_TRANSFORM_BIRTH,capacity-shadow,188,STORY,STORY,0,,1
2,E_TRANSFORM_BIRTH,geometry-shadow,188,STORY,STORY,1,0.0359401702880859,1
2,E_TRANSFORM_BIRTH,incumbent,189,TRANSFORM,TRANSFORM,0,1.1463948488235474,1
2,E_TRANSFORM_BIRTH,capacity-shadow,189,TRANSFORM,TRANSFORM,0,,1
2,E_TRANSFORM_BIRTH,geometry-shadow,189,TRANSFORM,TRANSFORM,0,1.0220534801483154,1
2,E_TRANSFORM_BIRTH,incumbent,190,ARITH_A,ARITHMETIC,0,1.06388258934021,1
2,E_TRANSFORM_BIRTH,capacity-shadow,190,ARITH_A,ARITHMETIC,0,,1
2,E_TRANSFORM_BIRTH,geometry-shadow,190,ARITH_A,ARITHMETIC,0,0.8790466785430908,1
2,E_TRANSFORM_BIRTH,incumbent,191,ARITH_A,ARITHMETIC,0,1.0804811716079712,1
2,E_TRANSFORM_BIRTH,capacity-shadow,191,ARITH_A,ARITHMETIC,0,,1
2,E_TRANSFORM_BIRTH,geometry-shadow,191,ARITH_A,ARITHMETIC,0,0.8936285972595215,1
2,E_TRANSFORM_BIRTH,incumbent,192,STORY,STORY,1,0.5684611201286316,1
2,E_TRANSFORM_BIRTH,capacity-shadow,192,STORY,STORY,1,,1
2,E_TRANSFORM_BIRTH,geometry-shadow,192,STORY,STORY,1,0.8033168315887451,1
2,E_TRANSFORM_BIRTH,incumbent,193,STORY,STORY,1,1.1119389533996582,1
2,E_TRANSFORM_BIRTH,capacity-shadow,193,STORY,STORY,2,,1
2,E_TRANSFORM_BIRTH,geometry-shadow,193,STORY,STORY,2,0.7881062030792236,1
2,E_TRANSFORM_BIRTH,incumbent,194,TRANSFORM,TRANSFORM,0,1.1462953090667725,1
2,E_TRANSFORM_BIRTH,capacity-shadow,194,TRANSFORM,TRANSFORM,0,,1
2,E_TRANSFORM_BIRTH,geometry-shadow,194,TRANSFORM,TRANSFORM,0,1.012263536453247,1
2,E_TRANSFORM_BIRTH,incumbent,195,STORY,STORY,1,1.0077483654022217,1
2,E_TRANSFORM_BIRTH,capacity-shadow,195,STORY,STORY,1,,1
2,E_TRANSFORM_BIRTH,geometry-shadow,195,STORY,STORY,1,0.0084496736526489,1
2,E_TRANSFORM_BIRTH,incumbent,196,ARITH_A,ARITHMETIC,0,1.07279634475708,1
2,E_TRANSFORM_BIRTH,capacity-shadow,196,ARITH_A,ARITHMETIC,0,,1
2,E_TRANSFORM_BIRTH,geometry-shadow,196,ARITH_A,ARITHMETIC,0,0.8899188041687012,1
2,E_TRANSFORM_BIRTH,incumbent,197,TRANSFORM,TRANSFORM,0,1.1493330001831057,1
2,E_TRANSFORM_BIRTH,capacity-shadow,197,TRANSFORM,TRANSFORM,0,,1
2,E_TRANSFORM_BIRTH,geometry-shadow,197,TRANSFORM,TRANSFORM,0,1.0171445608139038,1
2,E_TRANSFORM_BIRTH,incumbent,198,ARITH_A,ARITHMETIC,0,1.086864709854126,1
2,E_TRANSFORM_BIRTH,capacity-shadow,198,ARITH_A,ARITHMETIC,0,,1
2,E_TRANSFORM_BIRTH,geometry-shadow,198,ARITH_A,ARITHMETIC,0,0.9043564796447754,1
2,E_TRANSFORM_BIRTH,incumbent,199,ARITH_A,ARITHMETIC,0,1.0751607418060305,1
2,E_TRANSFORM_BIRTH,capacity-shadow,199,ARITH_A,ARITHMETIC,0,,1
2,E_TRANSFORM_BIRTH,geometry-shadow,199,ARITH_A,ARITHMETIC,0,0.894420325756073,1
2,E_TRANSFORM_BIRTH,incumbent,200,TRANSFORM,TRANSFORM,0,1.1439727544784546,1
2,E_TRANSFORM_BIRTH,capacity-shadow,200,TRANSFORM,TRANSFORM,0,,1
2,E_TRANSFORM_BIRTH,geometry-shadow,200,TRANSFORM,TRANSFORM,0,1.006251096725464,1
2,E_TRANSFORM_BIRTH,incumbent,201,TRANSFORM,TRANSFORM,0,1.1420183181762695,1
2,E_TRANSFORM_BIRTH,capacity-shadow,201,TRANSFORM,TRANSFORM,0,,1
2,E_TRANSFORM_BIRTH,geometry-shadow,201,TRANSFORM,TRANSFORM,0,1.0037779808044434,1
2,E_TRANSFORM_BIRTH,incumbent,202,STORY,STORY,1,0.4599928259849548,1
2,E_TRANSFORM_BIRTH,capacity-shadow,202,STORY,STORY,2,,1
2,E_TRANSFORM_BIRTH,geometry-shadow,202,STORY,STORY,1,0.6564346551895142,1
2,E_TRANSFORM_BIRTH,incumbent,203,TRANSFORM,TRANSFORM,0,1.1474664211273191,1
2,E_TRANSFORM_BIRTH,capacity-shadow,203,TRANSFORM,TRANSFORM,0,,1
2,E_TRANSFORM_BIRTH,geometry-shadow,203,TRANSFORM,TRANSFORM,0,1.0177143812179563,1
2,E_TRANSFORM_BIRTH,incumbent,204,STORY,STORY,1,0.0723046660423278,1
2,E_TRANSFORM_BIRTH,capacity-shadow,204,STORY,STORY,1,,1
2,E_TRANSFORM_BIRTH,geometry-shadow,204,STORY,STORY,1,0.2603065967559814,1
2,E_TRANSFORM_BIRTH,incumbent,205,TRANSFORM,TRANSFORM,0,1.1405260562896729,1
2,E_TRANSFORM_BIRTH,capacity-shadow,205,TRANSFORM,TRANSFORM,0,,1
2,E_TRANSFORM_BIRTH,geometry-shadow,205,TRANSFORM,TRANSFORM,0,1.0039596557617188,1
2,E_TRANSFORM_BIRTH,incumbent,206,TRANSFORM,TRANSFORM,0,1.1499333381652832,1
2,E_TRANSFORM_BIRTH,capacity-shadow,206,TRANSFORM,TRANSFORM,0,,1
2,E_TRANSFORM_BIRTH,geometry-shadow,206,TRANSFORM,TRANSFORM,0,1.0250766277313232,1
2,E_TRANSFORM_BIRTH,incumbent,207,TRANSFORM,TRANSFORM,0,1.1468796730041504,1
2,E_TRANSFORM_BIRTH,capacity-shadow,207,TRANSFORM,TRANSFORM,0,,1
2,E_TRANSFORM_BIRTH,geometry-shadow,207,TRANSFORM,TRANSFORM,0,1.0158060789108276,1
2,E_TRANSFORM_BIRTH,incumbent,208,STORY,STORY,1,1.603236198425293,1
2,E_TRANSFORM_BIRTH,capacity-shadow,208,STORY,STORY,2,,1
2,E_TRANSFORM_BIRTH,geometry-shadow,208,STORY,STORY,2,0.2101842164993286,1
2,E_TRANSFORM_BIRTH,incumbent,209,ARITH_A,ARITHMETIC,0,1.07377290725708,1
2,E_TRANSFORM_BIRTH,capacity-shadow,209,ARITH_A,ARITHMETIC,0,,1
2,E_TRANSFORM_BIRTH,geometry-shadow,209,ARITH_A,ARITHMETIC,0,0.8873403072357178,1
2,E_TRANSFORM_BIRTH,incumbent,210,STORY,STORY,0,0.2008386254310608,1
2,E_TRANSFORM_BIRTH,capacity-shadow,210,STORY,STORY,0,,1
2,E_TRANSFORM_BIRTH,geometry-shadow,210,STORY,STORY,1,0.106533408164978,1
2,E_TRANSFORM_BIRTH,incumbent,211,STORY,STORY,1,1.944713115692139,1
2,E_TRANSFORM_BIRTH,capacity-shadow,211,STORY,STORY,1,,1
2,E_TRANSFORM_BIRTH,geometry-shadow,211,STORY,STORY,2,1.040264368057251,1
2,E_TRANSFORM_BIRTH,incumbent,212,STORY,STORY,1,0.3647911548614502,1
2,E_TRANSFORM_BIRTH,capacity-shadow,212,STORY,STORY,2,,1
2,E_TRANSFORM_BIRTH,geometry-shadow,212,STORY,STORY,1,0.61100172996521,1
2,E_TRANSFORM_BIRTH,incumbent,213,ARITH_A,ARITHMETIC,0,1.050611972808838,1
2,E_TRANSFORM_BIRTH,capacity-shadow,213,ARITH_A,ARITHMETIC,0,,1
2,E_TRANSFORM_BIRTH,geometry-shadow,213,ARITH_A,ARITHMETIC,0,0.8537298440933228,1
2,E_TRANSFORM_BIRTH,incumbent,214,ARITH_A,ARITHMETIC,0,1.078089952468872,1
2,E_TRANSFORM_BIRTH,capacity-shadow,214,ARITH_A,ARITHMETIC,0,,1
2,E_TRANSFORM_BIRTH,geometry-shadow,214,ARITH_A,ARITHMETIC,0,0.889997661113739,1
2,E_TRANSFORM_BIRTH,incumbent,215,ARITH_A,ARITHMETIC,0,1.076253056526184,1
2,E_TRANSFORM_BIRTH,capacity-shadow,215,ARITH_A,ARITHMETIC,0,,1
2,E_TRANSFORM_BIRTH,geometry-shadow,215,ARITH_A,ARITHMETIC,0,0.8931089043617249,1
2,E_TRANSFORM_BIRTH,incumbent,216,STORY,STORY,1,0.0384329557418823,1
2,E_TRANSFORM_BIRTH,capacity-shadow,216,STORY,STORY,1,,1
2,E_TRANSFORM_BIRTH,geometry-shadow,216,STORY,STORY,1,0.2492485046386718,1
2,E_TRANSFORM_BIRTH,incumbent,217,TRANSFORM,TRANSFORM,0,1.1446398496627808,1
2,E_TRANSFORM_BIRTH,capacity-shadow,217,TRANSFORM,TRANSFORM,0,,1
2,E_TRANSFORM_BIRTH,geometry-shadow,217,TRANSFORM,TRANSFORM,0,1.0147922039031982,1
2,E_TRANSFORM_BIRTH,incumbent,218,ARITH_A,ARITHMETIC,0,1.07863187789917,1
2,E_TRANSFORM_BIRTH,capacity-shadow,218,ARITH_A,ARITHMETIC,0,,1
2,E_TRANSFORM_BIRTH,geometry-shadow,218,ARITH_A,ARITHMETIC,0,0.8973832130432129,1
2,E_TRANSFORM_BIRTH,incumbent,219,TRANSFORM,TRANSFORM,0,1.1453917026519775,1
2,E_TRANSFORM_BIRTH,capacity-shadow,219,TRANSFORM,TRANSFORM,0,,1
2,E_TRANSFORM_BIRTH,geometry-shadow,219,TRANSFORM,TRANSFORM,0,1.0109031200408936,1
2,E_TRANSFORM_BIRTH,incumbent,220,ARITH_A,ARITHMETIC,0,1.078149676322937,1
2,E_TRANSFORM_BIRTH,capacity-shadow,220,ARITH_A,ARITHMETIC,0,,1
2,E_TRANSFORM_BIRTH,geometry-shadow,220,ARITH_A,ARITHMETIC,0,0.8926183581352234,1
2,E_TRANSFORM_BIRTH,incumbent,221,TRANSFORM,TRANSFORM,0,1.1443710327148438,1
2,E_TRANSFORM_BIRTH,capacity-shadow,221,TRANSFORM,TRANSFORM,0,,1
2,E_TRANSFORM_BIRTH,geometry-shadow,221,TRANSFORM,TRANSFORM,0,1.0063384771347046,1
2,E_TRANSFORM_BIRTH,incumbent,222,TRANSFORM,TRANSFORM,0,1.1482263803482056,1
2,E_TRANSFORM_BIRTH,capacity-shadow,222,TRANSFORM,TRANSFORM,0,,1
2,E_TRANSFORM_BIRTH,geometry-shadow,222,TRANSFORM,TRANSFORM,0,1.0214260816574097,1
2,E_TRANSFORM_BIRTH,incumbent,223,TRANSFORM,TRANSFORM,0,1.1351823806762695,1
2,E_TRANSFORM_BIRTH,capacity-shadow,223,TRANSFORM,TRANSFORM,0,,1
2,E_TRANSFORM_BIRTH,geometry-shadow,223,TRANSFORM,TRANSFORM,0,0.986174464225769,1
2,E_TRANSFORM_BIRTH,incumbent,224,TRANSFORM,TRANSFORM,0,1.150628685951233,1
2,E_TRANSFORM_BIRTH,capacity-shadow,224,TRANSFORM,TRANSFORM,0,,1
2,E_TRANSFORM_BIRTH,geometry-shadow,224,TRANSFORM,TRANSFORM,0,1.0269917249679563,1
2,E_TRANSFORM_BIRTH,incumbent,225,TRANSFORM,TRANSFORM,0,1.1448982954025269,1
2,E_TRANSFORM_BIRTH,capacity-shadow,225,TRANSFORM,TRANSFORM,0,,1
2,E_TRANSFORM_BIRTH,geometry-shadow,225,TRANSFORM,TRANSFORM,0,1.0199700593948364,1
2,E_TRANSFORM_BIRTH,incumbent,226,TRANSFORM,TRANSFORM,0,1.1488028764724731,1
2,E_TRANSFORM_BIRTH,capacity-shadow,226,TRANSFORM,TRANSFORM,0,,1
2,E_TRANSFORM_BIRTH,geometry-shadow,226,TRANSFORM,TRANSFORM,0,1.0116432905197144,1
2,E_TRANSFORM_BIRTH,incumbent,227,TRANSFORM,TRANSFORM,0,1.1510379314422607,1
2,E_TRANSFORM_BIRTH,capacity-shadow,227,TRANSFORM,TRANSFORM,0,,1
2,E_TRANSFORM_BIRTH,geometry-shadow,227,TRANSFORM,TRANSFORM,0,1.0277560949325562,1
2,E_TRANSFORM_BIRTH,incumbent,228,ARITH_A,ARITHMETIC,0,1.0714343786239624,1
2,E_TRANSFORM_BIRTH,capacity-shadow,228,ARITH_A,ARITHMETIC,0,,1
2,E_TRANSFORM_BIRTH,geometry-shadow,228,ARITH_A,ARITHMETIC,0,0.8914807438850403,1
2,E_TRANSFORM_BIRTH,incumbent,229,ARITH_A,ARITHMETIC,0,1.097966194152832,1
2,E_TRANSFORM_BIRTH,capacity-shadow,229,ARITH_A,ARITHMETIC,0,,1
2,E_TRANSFORM_BIRTH,geometry-shadow,229,ARITH_A,ARITHMETIC,0,0.9312119483947754,1
2,E_TRANSFORM_BIRTH,incumbent,230,TRANSFORM,TRANSFORM,0,1.1422888040542605,1
2,E_TRANSFORM_BIRTH,capacity-shadow,230,TRANSFORM,TRANSFORM,0,,1
2,E_TRANSFORM_BIRTH,geometry-shadow,230,TRANSFORM,TRANSFORM,0,1.0100568532943726,1
2,E_TRANSFORM_BIRTH,incumbent,231,TRANSFORM,TRANSFORM,0,1.1431130170822144,1
2,E_TRANSFORM_BIRTH,capacity-shadow,231,TRANSFORM,TRANSFORM,0,,1
2,E_TRANSFORM_BIRTH,geometry-shadow,231,TRANSFORM,TRANSFORM,0,1.01707124710083,1
2,E_TRANSFORM_BIRTH,incumbent,232,TRANSFORM,TRANSFORM,0,1.142949104309082,1
2,E_TRANSFORM_BIRTH,capacity-shadow,232,TRANSFORM,TRANSFORM,0,,1
2,E_TRANSFORM_BIRTH,geometry-shadow,232,TRANSFORM,TRANSFORM,0,1.0079697370529177,1
2,E_TRANSFORM_BIRTH,incumbent,233,TRANSFORM,TRANSFORM,0,1.15117084980011,1
2,E_TRANSFORM_BIRTH,capacity-shadow,233,TRANSFORM,TRANSFORM,0,,1
2,E_TRANSFORM_BIRTH,geometry-shadow,233,TRANSFORM,TRANSFORM,0,1.0278788805007937,1
2,E_TRANSFORM_BIRTH,incumbent,234,STORY,STORY,1,0.4438723921775818,1
2,E_TRANSFORM_BIRTH,capacity-shadow,234,STORY,STORY,2,,1
2,E_TRANSFORM_BIRTH,geometry-shadow,234,STORY,STORY,1,0.6148384213447571,1
2,E_TRANSFORM_BIRTH,incumbent,235,ARITH_A,ARITHMETIC,0,1.0802336931228638,1
2,E_TRANSFORM_BIRTH,capacity-shadow,235,ARITH_A,ARITHMETIC,0,,1
2,E_TRANSFORM_BIRTH,geometry-shadow,235,ARITH_A,ARITHMETIC,0,0.8934178352355957,1
2,E_TRANSFORM_BIRTH,incumbent,236,STORY,STORY,1,0.7550502419471741,1
2,E_TRANSFORM_BIRTH,capacity-shadow,236,STORY,STORY,1,,1
2,E_TRANSFORM_BIRTH,geometry-shadow,236,STORY,STORY,1,0.6899597644805908,1
2,E_TRANSFORM_BIRTH,incumbent,237,TRANSFORM,TRANSFORM,0,1.1482186317443848,1
2,E_TRANSFORM_BIRTH,capacity-shadow,237,TRANSFORM,TRANSFORM,0,,1
2,E_TRANSFORM_BIRTH,geometry-shadow,237,TRANSFORM,TRANSFORM,0,1.019636154174805,1
2,E_TRANSFORM_BIRTH,incumbent,238,STORY,STORY,1,1.8304365873336792,1
2,E_TRANSFORM_BIRTH,capacity-shadow,238,STORY,STORY,2,,1
2,E_TRANSFORM_BIRTH,geometry-shadow,238,STORY,STORY,2,1.2112724781036377,1
2,E_TRANSFORM_BIRTH,incumbent,239,TRANSFORM,TRANSFORM,0,1.140675067901611,1
2,E_TRANSFORM_BIRTH,capacity-shadow,239,TRANSFORM,TRANSFORM,0,,1
2,E_TRANSFORM_BIRTH,geometry-shadow,239,TRANSFORM,TRANSFORM,0,1.0013073682785034,1
2,E_TRANSFORM_BIRTH,incumbent,240,TRANSFORM,TRANSFORM,0,1.148748517036438,1
2,E_TRANSFORM_BIRTH,capacity-shadow,240,TRANSFORM,TRANSFORM,0,,1
2,E_TRANSFORM_BIRTH,geometry-shadow,240,TRANSFORM,TRANSFORM,0,1.0138695240020752,1
2,E_TRANSFORM_BIRTH,incumbent,241,ARITH_A,ARITHMETIC,0,1.0772231817245483,1
2,E_TRANSFORM_BIRTH,capacity-shadow,241,ARITH_A,ARITHMETIC,0,,1
2,E_TRANSFORM_BIRTH,geometry-shadow,241,ARITH_A,ARITHMETIC,0,0.8973026275634766,1
2,E_TRANSFORM_BIRTH,incumbent,242,STORY,STORY,1,0.3459191918373108,1
2,E_TRANSFORM_BIRTH,capacity-shadow,242,STORY,STORY,1,,1
2,E_TRANSFORM_BIRTH,geometry-shadow,242,STORY,STORY,1,0.5289667844772339,1
2,E_TRANSFORM_BIRTH,incumbent,243,STORY,STORY,1,0.3000309467315674,1
2,E_TRANSFORM_BIRTH,capacity-shadow,243,STORY,STORY,2,,1
2,E_TRANSFORM_BIRTH,geometry-shadow,243,STORY,STORY,1,0.4830339550971985,1
2,E_TRANSFORM_BIRTH,incumbent,244,TRANSFORM,TRANSFORM,0,1.1461846828460691,1
2,E_TRANSFORM_BIRTH,capacity-shadow,244,TRANSFORM,TRANSFORM,0,,1
2,E_TRANSFORM_BIRTH,geometry-shadow,244,TRANSFORM,TRANSFORM,0,1.0161234140396118,1
2,E_TRANSFORM_BIRTH,incumbent,245,STORY,STORY,0,0.5036108493804932,1
2,E_TRANSFORM_BIRTH,capacity-shadow,245,STORY,STORY,0,,1
2,E_TRANSFORM_BIRTH,geometry-shadow,245,STORY,STORY,0,0.376415491104126,1
2,E_TRANSFORM_BIRTH,incumbent,246,ARITH_A,ARITHMETIC,0,1.0798431634902954,1
2,E_TRANSFORM_BIRTH,capacity-shadow,246,ARITH_A,ARITHMETIC,0,,1
2,E_TRANSFORM_BIRTH,geometry-shadow,246,ARITH_A,ARITHMETIC,0,0.8959130048751831,1
2,E_TRANSFORM_BIRTH,incumbent,247,STORY,STORY,0,0.0935909152030944,1
2,E_TRANSFORM_BIRTH,capacity-shadow,247,STORY,STORY,0,,1
2,E_TRANSFORM_BIRTH,geometry-shadow,247,STORY,STORY,1,0.2611014246940613,1
2,E_TRANSFORM_BIRTH,incumbent,248,TRANSFORM,TRANSFORM,0,1.1451948881149292,1
2,E_TRANSFORM_BIRTH,capacity-shadow,248,TRANSFORM,TRANSFORM,0,,1
2,E_TRANSFORM_BIRTH,geometry-shadow,248,TRANSFORM,TRANSFORM,0,1.0136655569076538,1
2,E_TRANSFORM_BIRTH,incumbent,249,ARITH_A,ARITHMETIC,0,1.0800228118896484,1
2,E_TRANSFORM_BIRTH,capacity-shadow,249,ARITH_A,ARITHMETIC,0,,1
2,E_TRANSFORM_BIRTH,geometry-shadow,249,ARITH_A,ARITHMETIC,0,0.900092601776123,1
2,E_TRANSFORM_BIRTH,incumbent,250,TRANSFORM,TRANSFORM,0,1.1484389305114746,1
2,E_TRANSFORM_BIRTH,capacity-shadow,250,TRANSFORM,TRANSFORM,0,,1
2,E_TRANSFORM_BIRTH,geometry-shadow,250,TRANSFORM,TRANSFORM,0,1.0240654945373535,1
2,E_TRANSFORM_BIRTH,incumbent,251,ARITH_A,ARITHMETIC,0,1.091137170791626,1
2,E_TRANSFORM_BIRTH,capacity-shadow,251,ARITH_A,ARITHMETIC,0,,1
2,E_TRANSFORM_BIRTH,geometry-shadow,251,ARITH_A,ARITHMETIC,0,0.9192404747009276,1
2,E_TRANSFORM_BIRTH,incumbent,252,ARITH_A,ARITHMETIC,0,1.073678731918335,1
2,E_TRANSFORM_BIRTH,capacity-shadow,252,ARITH_A,ARITHMETIC,0,,1
2,E_TRANSFORM_BIRTH,geometry-shadow,252,ARITH_A,ARITHMETIC,0,0.8877719044685364,1
2,E_TRANSFORM_BIRTH,incumbent,253,TRANSFORM,TRANSFORM,0,1.1436649560928345,1
2,E_TRANSFORM_BIRTH,capacity-shadow,253,TRANSFORM,TRANSFORM,0,,1
2,E_TRANSFORM_BIRTH,geometry-shadow,253,TRANSFORM,TRANSFORM,0,1.002385139465332,1
2,E_TRANSFORM_BIRTH,incumbent,254,STORY,STORY,1,0.6259883642196655,1
2,E_TRANSFORM_BIRTH,capacity-shadow,254,STORY,STORY,1,,1
2,E_TRANSFORM_BIRTH,geometry-shadow,254,STORY,STORY,1,0.814744234085083,1
2,E_TRANSFORM_BIRTH,incumbent,255,STORY,STORY,1,0.0528686046600341,1
2,E_TRANSFORM_BIRTH,capacity-shadow,255,STORY,STORY,2,,1
2,E_TRANSFORM_BIRTH,geometry-shadow,255,STORY,STORY,1,0.1456426382064819,1
2,E_TRANSFORM_BIRTH,incumbent,256,TRANSFORM,TRANSFORM,0,1.148148775100708,1
2,E_TRANSFORM_BIRTH,capacity-shadow,256,TRANSFORM,TRANSFORM,0,,1
2,E_TRANSFORM_BIRTH,geometry-shadow,256,TRANSFORM,TRANSFORM,0,1.016040921211243,1
