replicate,arm,step,domain_posthoc,branch,routing_source,cluster_distance_score
0,unified,1,STORY,0,unified,
0,unified,2,ARITHMETIC,0,unified,
0,unified,3,STORY,0,unified,
0,unified,4,ARITHMETIC,0,unified,
0,unified,5,ARITHMETIC,0,unified,
0,unified,6,STORY,0,unified,
0,unified,7,ARITHMETIC,0,unified,
0,unified,8,ARITHMETIC,0,unified,
0,unified,9,ARITHMETIC,0,unified,
0,unified,10,STORY,0,unified,
0,unified,11,STORY,0,unified,
0,unified,12,ARITHMETIC,0,unified,
0,unified,13,STORY,0,unified,
0,unified,14,STORY,0,unified,
0,unified,15,ARITHMETIC,0,unified,
0,unified,16,ARITHMETIC,0,unified,
0,unified,17,STORY,0,unified,
0,unified,18,STORY,0,unified,
0,unified,19,STORY,0,unified,
0,unified,20,ARITHMETIC,0,unified,
0,unified,21,STORY,0,unified,
0,unified,22,STORY,0,unified,
0,unified,23,ARITHMETIC,0,unified,
0,unified,24,ARITHMETIC,0,unified,
0,unified,25,STORY,0,unified,
0,unified,26,STORY,0,unified,
0,unified,27,ARITHMETIC,0,unified,
0,unified,28,ARITHMETIC,0,unified,
0,unified,29,ARITHMETIC,0,unified,
0,unified,30,STORY,0,unified,
0,unified,31,STORY,0,unified,
0,unified,32,ARITHMETIC,0,unified,
0,unified,33,ARITHMETIC,0,unified,
0,unified,34,STORY,0,unified,
0,unified,35,STORY,0,unified,
0,unified,36,ARITHMETIC,0,unified,
0,unified,37,STORY,0,unified,
0,unified,38,STORY,0,unified,
0,unified,39,ARITHMETIC,0,unified,
0,unified,40,STORY,0,unified,
0,unified,41,ARITHMETIC,0,unified,
0,unified,42,STORY,0,unified,
0,unified,43,STORY,0,unified,
0,unified,44,ARITHMETIC,0,unified,
0,unified,45,ARITHMETIC,0,unified,
0,unified,46,ARITHMETIC,0,unified,
0,unified,47,STORY,0,unified,
0,unified,48,STORY,0,unified,
0,unified,49,ARITHMETIC,0,unified,
0,unified,50,ARITHMETIC,0,unified,
0,unified,51,STORY,0,unified,
0,unified,52,ARITHMETIC,0,unified,
0,unified,53,STORY,0,unified,
0,unified,54,ARITHMETIC,0,unified,
0,unified,55,ARITHMETIC,0,unified,
0,unified,56,ARITHMETIC,0,unified,
0,unified,57,STORY,0,unified,
0,unified,58,STORY,0,unified,
0,unified,59,ARITHMETIC,0,unified,
0,unified,60,STORY,0,unified,
0,unified,61,ARITHMETIC,0,unified,
0,unified,62,ARITHMETIC,0,unified,
0,unified,63,STORY,0,unified,
0,unified,64,STORY,0,unified,
0,unified,65,ARITHMETIC,0,unified,
0,unified,66,STORY,0,unified,
0,unified,67,ARITHMETIC,0,unified,
0,unified,68,ARITHMETIC,0,unified,
0,unified,69,ARITHMETIC,0,unified,
0,unified,70,ARITHMETIC,0,unified,
0,unified,71,STORY,0,unified,
0,unified,72,STORY,0,unified,
0,unified,73,ARITHMETIC,0,unified,
0,unified,74,ARITHMETIC,0,unified,
0,unified,75,STORY,0,unified,
0,unified,76,STORY,0,unified,
0,unified,77,ARITHMETIC,0,unified,
0,unified,78,STORY,0,unified,
0,unified,79,ARITHMETIC,0,unified,
0,unified,80,STORY,0,unified,
0,unified,81,STORY,0,unified,
0,unified,82,STORY,0,unified,
0,unified,83,ARITHMETIC,0,unified,
0,unified,84,STORY,0,unified,
0,unified,85,STORY,0,unified,
0,unified,86,STORY,0,unified,
0,unified,87,STORY,0,unified,
0,unified,88,ARITHMETIC,0,unified,
0,unified,89,STORY,0,unified,
0,unified,90,STORY,0,unified,
0,unified,91,ARITHMETIC,0,unified,
0,unified,92,STORY,0,unified,
0,unified,93,STORY,0,unified,
0,unified,94,ARITHMETIC,0,unified,
0,unified,95,STORY,0,unified,
0,unified,96,ARITHMETIC,0,unified,
0,unified,97,STORY,0,unified,
0,unified,98,ARITHMETIC,0,unified,
0,unified,99,ARITHMETIC,0,unified,
0,unified,100,STORY,0,unified,
0,unified,101,ARITHMETIC,0,unified,
0,unified,102,STORY,0,unified,
0,unified,103,ARITHMETIC,0,unified,
0,unified,104,STORY,0,unified,
0,unified,105,ARITHMETIC,0,unified,
0,unified,106,STORY,0,unified,
0,unified,107,ARITHMETIC,0,unified,
0,unified,108,STORY,0,unified,
0,unified,109,STORY,0,unified,
0,unified,110,STORY,0,unified,
0,unified,111,STORY,0,unified,
0,unified,112,STORY,0,unified,
0,unified,113,STORY,0,unified,
0,unified,114,STORY,0,unified,
0,unified,115,STORY,0,unified,
0,unified,116,ARITHMETIC,0,unified,
0,unified,117,STORY,0,unified,
0,unified,118,STORY,0,unified,
0,unified,119,STORY,0,unified,
0,unified,120,STORY,0,unified,
0,unified,121,STORY,0,unified,
0,unified,122,ARITHMETIC,0,unified,
0,unified,123,STORY,0,unified,
0,unified,124,ARITHMETIC,0,unified,
0,unified,125,STORY,0,unified,
0,unified,126,STORY,0,unified,
0,unified,127,ARITHMETIC,0,unified,
0,unified,128,STORY,0,unified,
0,unified,129,STORY,0,unified,
0,unified,130,STORY,0,unified,
0,unified,131,ARITHMETIC,0,unified,
0,unified,132,ARITHMETIC,0,unified,
0,unified,133,ARITHMETIC,0,unified,
0,unified,134,ARITHMETIC,0,unified,
0,unified,135,STORY,0,unified,
0,unified,136,ARITHMETIC,0,unified,
0,unified,137,STORY,0,unified,
0,unified,138,ARITHMETIC,0,unified,
0,unified,139,ARITHMETIC,0,unified,
0,unified,140,ARITHMETIC,0,unified,
0,unified,141,STORY,0,unified,
0,unified,142,ARITHMETIC,0,unified,
0,unified,143,ARITHMETIC,0,unified,
0,unified,144,ARITHMETIC,0,unified,
0,unified,145,ARITHMETIC,0,unified,
0,unified,146,ARITHMETIC,0,unified,
0,unified,147,ARITHMETIC,0,unified,
0,unified,148,ARITHMETIC,0,unified,
0,unified,149,ARITHMETIC,0,unified,
0,unified,150,ARITHMETIC,0,unified,
0,unified,151,STORY,0,unified,
0,unified,152,STORY,0,unified,
0,unified,153,ARITHMETIC,0,unified,
0,unified,154,ARITHMETIC,0,unified,
0,unified,155,ARITHMETIC,0,unified,
0,unified,156,ARITHMETIC,0,unified,
0,unified,157,STORY,0,unified,
0,unified,158,STORY,0,unified,
0,unified,159,STORY,0,unified,
0,unified,160,ARITHMETIC,0,unified,
0,unified,161,STORY,0,unified,
0,unified,162,STORY,0,unified,
0,unified,163,ARITHMETIC,0,unified,
0,unified,164,ARITHMETIC,0,unified,
0,unified,165,STORY,0,unified,
0,unified,166,ARITHMETIC,0,unified,
0,unified,167,ARITHMETIC,0,unified,
0,unified,168,ARITHMETIC,0,unified,
0,unified,169,ARITHMETIC,0,unified,
0,unified,170,STORY,0,unified,
0,unified,171,STORY,0,unified,
0,unified,172,ARITHMETIC,0,unified,
0,unified,173,STORY,0,unified,
0,unified,174,ARITHMETIC,0,unified,
0,unified,175,STORY,0,unified,
0,unified,176,ARITHMETIC,0,unified,
0,unified,177,STORY,0,unified,
0,unified,178,STORY,0,unified,
0,unified,179,STORY,0,unified,
0,unified,180,STORY,0,unified,
0,unified,181,ARITHMETIC,0,unified,
0,unified,182,ARITHMETIC,0,unified,
0,unified,183,STORY,0,unified,
0,unified,184,STORY,0,unified,
0,unified,185,STORY,0,unified,
0,unified,186,ARITHMETIC,0,unified,
0,unified,187,ARITHMETIC,0,unified,
0,unified,188,STORY,0,unified,
0,unified,189,STORY,0,unified,
0,unified,190,ARITHMETIC,0,unified,
0,unified,191,STORY,0,unified,
0,unified,192,STORY,0,unified,
0,unified,193,STORY,0,unified,
0,unified,194,STORY,0,unified,
0,unified,195,STORY,0,unified,
0,unified,196,ARITHMETIC,0,unified,
0,unified,197,ARITHMETIC,0,unified,
0,unified,198,STORY,0,unified,
0,unified,199,ARITHMETIC,0,unified,
0,unified,200,ARITHMETIC,0,unified,
0,unified,201,ARITHMETIC,0,unified,
0,unified,202,ARITHMETIC,0,unified,
0,unified,203,ARITHMETIC,0,unified,
0,unified,204,ARITHMETIC,0,unified,
0,unified,205,ARITHMETIC,0,unified,
0,unified,206,ARITHMETIC,0,unified,
0,unified,207,STORY,0,unified,
0,unified,208,ARITHMETIC,0,unified,
0,unified,209,ARITHMETIC,0,unified,
0,unified,210,ARITHMETIC,0,unified,
0,unified,211,STORY,0,unified,
0,unified,212,ARITHMETIC,0,unified,
0,unified,213,STORY,0,unified,
0,unified,214,ARITHMETIC,0,unified,
0,unified,215,ARITHMETIC,0,unified,
0,unified,216,ARITHMETIC,0,unified,
0,unified,217,ARITHMETIC,0,unified,
0,unified,218,ARITHMETIC,0,unified,
0,unified,219,ARITHMETIC,0,unified,
0,unified,220,ARITHMETIC,0,unified,
0,unified,221,STORY,0,unified,
0,unified,222,ARITHMETIC,0,unified,
0,unified,223,STORY,0,unified,
0,unified,224,STORY,0,unified,
0,unified,225,STORY,0,unified,
0,unified,226,STORY,0,unified,
0,unified,227,STORY,0,unified,
0,unified,228,ARITHMETIC,0,unified,
0,unified,229,STORY,0,unified,
0,unified,230,ARITHMETIC,0,unified,
0,unified,231,ARITHMETIC,0,unified,
0,unified,232,ARITHMETIC,0,unified,
0,unified,233,STORY,0,unified,
0,unified,234,STORY,0,unified,
0,unified,235,ARITHMETIC,0,unified,
0,unified,236,ARITHMETIC,0,unified,
0,unified,237,ARITHMETIC,0,unified,
0,unified,238,ARITHMETIC,0,unified,
0,unified,239,ARITHMETIC,0,unified,
0,unified,240,STORY,0,unified,
0,unified,241,ARITHMETIC,0,unified,
0,unified,242,ARITHMETIC,0,unified,
0,unified,243,ARITHMETIC,0,unified,
0,unified,244,STORY,0,unified,
0,unified,245,STORY,0,unified,
0,unified,246,ARITHMETIC,0,unified,
0,unified,247,ARITHMETIC,0,unified,
0,unified,248,ARITHMETIC,0,unified,
0,unified,249,ARITHMETIC,0,unified,
0,unified,250,STORY,0,unified,
0,unified,251,STORY,0,unified,
0,unified,252,STORY,0,unified,
0,unified,253,STORY,0,unified,
0,unified,254,STORY,0,unified,
0,unified,255,STORY,0,unified,
0,unified,256,ARITHMETIC,0,unified,
0,unified,257,STORY,0,unified,
0,unified,258,ARITHMETIC,0,unified,
0,unified,259,STORY,0,unified,
0,unified,260,STORY,0,unified,
0,unified,261,STORY,0,unified,
0,unified,262,STORY,0,unified,
0,unified,263,STORY,0,unified,
0,unified,264,STORY,0,unified,
0,unified,265,STORY,0,unified,
0,unified,266,ARITHMETIC,0,unified,
0,unified,267,STORY,0,unified,
0,unified,268,ARITHMETIC,0,unified,
0,unified,269,STORY,0,unified,
0,unified,270,ARITHMETIC,0,unified,
0,unified,271,STORY,0,unified,
0,unified,272,STORY,0,unified,
0,unified,273,STORY,0,unified,
0,unified,274,ARITHMETIC,0,unified,
0,unified,275,ARITHMETIC,0,unified,
0,unified,276,ARITHMETIC,0,unified,
0,unified,277,ARITHMETIC,0,unified,
0,unified,278,ARITHMETIC,0,unified,
0,unified,279,STORY,0,unified,
0,unified,280,ARITHMETIC,0,unified,
0,unified,281,ARITHMETIC,0,unified,
0,unified,282,STORY,0,unified,
0,unified,283,ARITHMETIC,0,unified,
0,unified,284,ARITHMETIC,0,unified,
0,unified,285,STORY,0,unified,
0,unified,286,STORY,0,unified,
0,unified,287,STORY,0,unified,
0,unified,288,ARITHMETIC,0,unified,
0,unified,289,ARITHMETIC,0,unified,
0,unified,290,ARITHMETIC,0,unified,
0,unified,291,STORY,0,unified,
0,unified,292,ARITHMETIC,0,unified,
0,unified,293,ARITHMETIC,0,unified,
0,unified,294,STORY,0,unified,
0,unified,295,STORY,0,unified,
0,unified,296,STORY,0,unified,
0,unified,297,STORY,0,unified,
0,unified,298,ARITHMETIC,0,unified,
0,unified,299,ARITHMETIC,0,unified,
0,unified,300,ARITHMETIC,0,unified,
0,unified,301,ARITHMETIC,0,unified,
0,unified,302,STORY,0,unified,
0,unified,303,ARITHMETIC,0,unified,
0,unified,304,STORY,0,unified,
0,unified,305,STORY,0,unified,
0,unified,306,ARITHMETIC,0,unified,
0,unified,307,STORY,0,unified,
0,unified,308,ARITHMETIC,0,unified,
0,unified,309,STORY,0,unified,
0,unified,310,STORY,0,unified,
0,unified,311,STORY,0,unified,
0,unified,312,STORY,0,unified,
0,unified,313,STORY,0,unified,
0,unified,314,STORY,0,unified,
0,unified,315,STORY,0,unified,
0,unified,316,STORY,0,unified,
0,unified,317,STORY,0,unified,
0,unified,318,STORY,0,unified,
0,unified,319,STORY,0,unified,
0,unified,320,ARITHMETIC,0,unified,
0,unified,321,ARITHMETIC,0,unified,
0,unified,322,ARITHMETIC,0,unified,
0,unified,323,ARITHMETIC,0,unified,
0,unified,324,STORY,0,unified,
0,unified,325,STORY,0,unified,
0,unified,326,ARITHMETIC,0,unified,
0,unified,327,ARITHMETIC,0,unified,
0,unified,328,STORY,0,unified,
0,unified,329,STORY,0,unified,
0,unified,330,ARITHMETIC,0,unified,
0,unified,331,STORY,0,unified,
0,unified,332,STORY,0,unified,
0,unified,333,STORY,0,unified,
0,unified,334,STORY,0,unified,
0,unified,335,STORY,0,unified,
0,unified,336,STORY,0,unified,
0,unified,337,ARITHMETIC,0,unified,
0,unified,338,STORY,0,unified,
0,unified,339,STORY,0,unified,
0,unified,340,STORY,0,unified,
0,unified,341,ARITHMETIC,0,unified,
0,unified,342,ARITHMETIC,0,unified,
0,unified,343,ARITHMETIC,0,unified,
0,unified,344,ARITHMETIC,0,unified,
0,unified,345,ARITHMETIC,0,unified,
0,unified,346,ARITHMETIC,0,unified,
0,unified,347,STORY,0,unified,
0,unified,348,ARITHMETIC,0,unified,
0,unified,349,STORY,0,unified,
0,unified,350,ARITHMETIC,0,unified,
0,unified,351,ARITHMETIC,0,unified,
0,unified,352,STORY,0,unified,
0,unified,353,STORY,0,unified,
0,unified,354,ARITHMETIC,0,unified,
0,unified,355,STORY,0,unified,
0,unified,356,ARITHMETIC,0,unified,
0,unified,357,STORY,0,unified,
0,unified,358,STORY,0,unified,
0,unified,359,ARITHMETIC,0,unified,
0,unified,360,STORY,0,unified,
0,unified,361,ARITHMETIC,0,unified,
0,unified,362,ARITHMETIC,0,unified,
0,unified,363,STORY,0,unified,
0,unified,364,ARITHMETIC,0,unified,
0,unified,365,ARITHMETIC,0,unified,
0,unified,366,ARITHMETIC,0,unified,
0,unified,367,STORY,0,unified,
0,unified,368,STORY,0,unified,
0,unified,369,ARITHMETIC,0,unified,
0,unified,370,STORY,0,unified,
0,unified,371,STORY,0,unified,
0,unified,372,ARITHMETIC,0,unified,
0,unified,373,ARITHMETIC,0,unified,
0,unified,374,ARITHMETIC,0,unified,
0,unified,375,ARITHMETIC,0,unified,
0,unified,376,ARITHMETIC,0,unified,
0,unified,377,ARITHMETIC,0,unified,
0,unified,378,ARITHMETIC,0,unified,
0,unified,379,STORY,0,unified,
0,unified,380,STORY,0,unified,
0,unified,381,ARITHMETIC,0,unified,
0,unified,382,STORY,0,unified,
0,unified,383,STORY,0,unified,
0,unified,384,STORY,0,unified,
0,unified,385,STORY,0,unified,
0,unified,386,ARITHMETIC,0,unified,
0,unified,387,STORY,0,unified,
0,unified,388,ARITHMETIC,0,unified,
0,unified,389,ARITHMETIC,0,unified,
0,unified,390,ARITHMETIC,0,unified,
0,unified,391,ARITHMETIC,0,unified,
0,unified,392,STORY,0,unified,
0,unified,393,STORY,0,unified,
0,unified,394,ARITHMETIC,0,unified,
0,unified,395,STORY,0,unified,
0,unified,396,ARITHMETIC,0,unified,
0,unified,397,ARITHMETIC,0,unified,
0,unified,398,ARITHMETIC,0,unified,
0,unified,399,STORY,0,unified,
0,unified,400,ARITHMETIC,0,unified,
0,stratified-capacity-fork,1,STORY,0,label-stratified-control,
0,stratified-capacity-fork,2,ARITHMETIC,0,label-stratified-control,
0,stratified-capacity-fork,3,STORY,1,label-stratified-control,
0,stratified-capacity-fork,4,ARITHMETIC,1,label-stratified-control,
0,stratified-capacity-fork,5,ARITHMETIC,0,label-stratified-control,
0,stratified-capacity-fork,6,STORY,0,label-stratified-control,
0,stratified-capacity-fork,7,ARITHMETIC,1,label-stratified-control,
0,stratified-capacity-fork,8,ARITHMETIC,0,label-stratified-control,
0,stratified-capacity-fork,9,ARITHMETIC,1,label-stratified-control,
0,stratified-capacity-fork,10,STORY,1,label-stratified-control,
0,stratified-capacity-fork,11,STORY,0,label-stratified-control,
0,stratified-capacity-fork,12,ARITHMETIC,0,label-stratified-control,
0,stratified-capacity-fork,13,STORY,1,label-stratified-control,
0,stratified-capacity-fork,14,STORY,0,label-stratified-control,
0,stratified-capacity-fork,15,ARITHMETIC,1,label-stratified-control,
0,stratified-capacity-fork,16,ARITHMETIC,0,label-stratified-control,
0,stratified-capacity-fork,17,STORY,1,label-stratified-control,
0,stratified-capacity-fork,18,STORY,0,label-stratified-control,
0,stratified-capacity-fork,19,STORY,1,label-stratified-control,
0,stratified-capacity-fork,20,ARITHMETIC,1,label-stratified-control,
0,stratified-capacity-fork,21,STORY,0,label-stratified-control,
0,stratified-capacity-fork,22,STORY,1,label-stratified-control,
0,stratified-capacity-fork,23,ARITHMETIC,0,label-stratified-control,
0,stratified-capacity-fork,24,ARITHMETIC,1,label-stratified-control,
0,stratified-capacity-fork,25,STORY,0,label-stratified-control,
0,stratified-capacity-fork,26,STORY,1,label-stratified-control,
0,stratified-capacity-fork,27,ARITHMETIC,0,label-stratified-control,
0,stratified-capacity-fork,28,ARITHMETIC,1,label-stratified-control,
0,stratified-capacity-fork,29,ARITHMETIC,0,label-stratified-control,
0,stratified-capacity-fork,30,STORY,0,label-stratified-control,
0,stratified-capacity-fork,31,STORY,1,label-stratified-control,
0,stratified-capacity-fork,32,ARITHMETIC,1,label-stratified-control,
0,stratified-capacity-fork,33,ARITHMETIC,0,label-stratified-control,
0,stratified-capacity-fork,34,STORY,0,label-stratified-control,
0,stratified-capacity-fork,35,STORY,1,label-stratified-control,
0,stratified-capacity-fork,36,ARITHMETIC,1,label-stratified-control,
0,stratified-capacity-fork,37,STORY,0,label-stratified-control,
0,stratified-capacity-fork,38,STORY,1,label-stratified-control,
0,stratified-capacity-fork,39,ARITHMETIC,0,label-stratified-control,
0,stratified-capacity-fork,40,STORY,0,label-stratified-control,
0,stratified-capacity-fork,41,ARITHMETIC,1,label-stratified-control,
0,stratified-capacity-fork,42,STORY,1,label-stratified-control,
0,stratified-capacity-fork,43,STORY,0,label-stratified-control,
0,stratified-capacity-fork,44,ARITHMETIC,0,label-stratified-control,
0,stratified-capacity-fork,45,ARITHMETIC,1,label-stratified-control,
0,stratified-capacity-fork,46,ARITHMETIC,0,label-stratified-control,
0,stratified-capacity-fork,47,STORY,1,label-stratified-control,
0,stratified-capacity-fork,48,STORY,0,label-stratified-control,
0,stratified-capacity-fork,49,ARITHMETIC,1,label-stratified-control,
0,stratified-capacity-fork,50,ARITHMETIC,0,label-stratified-control,
0,stratified-capacity-fork,51,STORY,1,label-stratified-control,
0,stratified-capacity-fork,52,ARITHMETIC,1,label-stratified-control,
0,stratified-capacity-fork,53,STORY,0,label-stratified-control,
0,stratified-capacity-fork,54,ARITHMETIC,0,label-stratified-control,
0,stratified-capacity-fork,55,ARITHMETIC,1,label-stratified-control,
0,stratified-capacity-fork,56,ARITHMETIC,0,label-stratified-control,
0,stratified-capacity-fork,57,STORY,1,label-stratified-control,
0,stratified-capacity-fork,58,STORY,0,label-stratified-control,
0,stratified-capacity-fork,59,ARITHMETIC,1,label-stratified-control,
0,stratified-capacity-fork,60,STORY,1,label-stratified-control,
0,stratified-capacity-fork,61,ARITHMETIC,0,label-stratified-control,
0,stratified-capacity-fork,62,ARITHMETIC,1,label-stratified-control,
0,stratified-capacity-fork,63,STORY,0,label-stratified-control,
0,stratified-capacity-fork,64,STORY,1,label-stratified-control,
0,stratified-capacity-fork,65,ARITHMETIC,0,label-stratified-control,
0,stratified-capacity-fork,66,STORY,0,label-stratified-control,
0,stratified-capacity-fork,67,ARITHMETIC,1,label-stratified-control,
0,stratified-capacity-fork,68,ARITHMETIC,0,label-stratified-control,
0,stratified-capacity-fork,69,ARITHMETIC,1,label-stratified-control,
0,stratified-capacity-fork,70,ARITHMETIC,0,label-stratified-control,
0,stratified-capacity-fork,71,STORY,1,label-stratified-control,
0,stratified-capacity-fork,72,STORY,0,label-stratified-control,
0,stratified-capacity-fork,73,ARITHMETIC,1,label-stratified-control,
0,stratified-capacity-fork,74,ARITHMETIC,0,label-stratified-control,
0,stratified-capacity-fork,75,STORY,1,label-stratified-control,
0,stratified-capacity-fork,76,STORY,0,label-stratified-control,
0,stratified-capacity-fork,77,ARITHMETIC,1,label-stratified-control,
0,stratified-capacity-fork,78,STORY,1,label-stratified-control,
0,stratified-capacity-fork,79,ARITHMETIC,0,label-stratified-control,
0,stratified-capacity-fork,80,STORY,0,label-stratified-control,
0,stratified-capacity-fork,81,STORY,1,label-stratified-control,
0,stratified-capacity-fork,82,STORY,0,label-stratified-control,
0,stratified-capacity-fork,83,ARITHMETIC,1,label-stratified-control,
0,stratified-capacity-fork,84,STORY,1,label-stratified-control,
0,stratified-capacity-fork,85,STORY,0,label-stratified-control,
0,stratified-capacity-fork,86,STORY,1,label-stratified-control,
0,stratified-capacity-fork,87,STORY,0,label-stratified-control,
0,stratified-capacity-fork,88,ARITHMETIC,0,label-stratified-control,
0,stratified-capacity-fork,89,STORY,1,label-stratified-control,
0,stratified-capacity-fork,90,STORY,0,label-stratified-control,
0,stratified-capacity-fork,91,ARITHMETIC,1,label-stratified-control,
0,stratified-capacity-fork,92,STORY,1,label-stratified-control,
0,stratified-capacity-fork,93,STORY,0,label-stratified-control,
0,stratified-capacity-fork,94,ARITHMETIC,0,label-stratified-control,
0,stratified-capacity-fork,95,STORY,1,label-stratified-control,
0,stratified-capacity-fork,96,ARITHMETIC,1,label-stratified-control,
0,stratified-capacity-fork,97,STORY,0,label-stratified-control,
0,stratified-capacity-fork,98,ARITHMETIC,0,label-stratified-control,
0,stratified-capacity-fork,99,ARITHMETIC,1,label-stratified-control,
0,stratified-capacity-fork,100,STORY,1,label-stratified-control,
0,stratified-capacity-fork,101,ARITHMETIC,0,label-stratified-control,
0,stratified-capacity-fork,102,STORY,0,label-stratified-control,
0,stratified-capacity-fork,103,ARITHMETIC,1,label-stratified-control,
0,stratified-capacity-fork,104,STORY,1,label-stratified-control,
0,stratified-capacity-fork,105,ARITHMETIC,0,label-stratified-control,
0,stratified-capacity-fork,106,STORY,0,label-stratified-control,
0,stratified-capacity-fork,107,ARITHMETIC,1,label-stratified-control,
0,stratified-capacity-fork,108,STORY,1,label-stratified-control,
0,stratified-capacity-fork,109,STORY,0,label-stratified-control,
0,stratified-capacity-fork,110,STORY,1,label-stratified-control,
0,stratified-capacity-fork,111,STORY,0,label-stratified-control,
0,stratified-capacity-fork,112,STORY,1,label-stratified-control,
0,stratified-capacity-fork,113,STORY,0,label-stratified-control,
0,stratified-capacity-fork,114,STORY,1,label-stratified-control,
0,stratified-capacity-fork,115,STORY,0,label-stratified-control,
0,stratified-capacity-fork,116,ARITHMETIC,0,label-stratified-control,
0,stratified-capacity-fork,117,STORY,1,label-stratified-control,
0,stratified-capacity-fork,118,STORY,0,label-stratified-control,
0,stratified-capacity-fork,119,STORY,1,label-stratified-control,
0,stratified-capacity-fork,120,STORY,0,label-stratified-control,
0,stratified-capacity-fork,121,STORY,1,label-stratified-control,
0,stratified-capacity-fork,122,ARITHMETIC,1,label-stratified-control,
0,stratified-capacity-fork,123,STORY,0,label-stratified-control,
0,stratified-capacity-fork,124,ARITHMETIC,0,label-stratified-control,
0,stratified-capacity-fork,125,STORY,1,label-stratified-control,
0,stratified-capacity-fork,126,STORY,0,label-stratified-control,
0,stratified-capacity-fork,127,ARITHMETIC,1,label-stratified-control,
0,stratified-capacity-fork,128,STORY,1,label-stratified-control,
0,stratified-capacity-fork,129,STORY,0,label-stratified-control,
0,stratified-capacity-fork,130,STORY,1,label-stratified-control,
0,stratified-capacity-fork,131,ARITHMETIC,0,label-stratified-control,
0,stratified-capacity-fork,132,ARITHMETIC,1,label-stratified-control,
0,stratified-capacity-fork,133,ARITHMETIC,0,label-stratified-control,
0,stratified-capacity-fork,134,ARITHMETIC,1,label-stratified-control,
0,stratified-capacity-fork,135,STORY,0,label-stratified-control,
0,stratified-capacity-fork,136,ARITHMETIC,0,label-stratified-control,
0,stratified-capacity-fork,137,STORY,1,label-stratified-control,
0,stratified-capacity-fork,138,ARITHMETIC,1,label-stratified-control,
0,stratified-capacity-fork,139,ARITHMETIC,0,label-stratified-control,
0,stratified-capacity-fork,140,ARITHMETIC,1,label-stratified-control,
0,stratified-capacity-fork,141,STORY,0,label-stratified-control,
0,stratified-capacity-fork,142,ARITHMETIC,0,label-stratified-control,
0,stratified-capacity-fork,143,ARITHMETIC,1,label-stratified-control,
0,stratified-capacity-fork,144,ARITHMETIC,0,label-stratified-control,
0,stratified-capacity-fork,145,ARITHMETIC,1,label-stratified-control,
0,stratified-capacity-fork,146,ARITHMETIC,0,label-stratified-control,
0,stratified-capacity-fork,147,ARITHMETIC,1,label-stratified-control,
0,stratified-capacity-fork,148,ARITHMETIC,0,label-stratified-control,
0,stratified-capacity-fork,149,ARITHMETIC,1,label-stratified-control,
0,stratified-capacity-fork,150,ARITHMETIC,0,label-stratified-control,
0,stratified-capacity-fork,151,STORY,1,label-stratified-control,
0,stratified-capacity-fork,152,STORY,0,label-stratified-control,
0,stratified-capacity-fork,153,ARITHMETIC,1,label-stratified-control,
0,stratified-capacity-fork,154,ARITHMETIC,0,label-stratified-control,
0,stratified-capacity-fork,155,ARITHMETIC,1,label-stratified-control,
0,stratified-capacity-fork,156,ARITHMETIC,0,label-stratified-control,
0,stratified-capacity-fork,157,STORY,1,label-stratified-control,
0,stratified-capacity-fork,158,STORY,0,label-stratified-control,
0,stratified-capacity-fork,159,STORY,1,label-stratified-control,
0,stratified-capacity-fork,160,ARITHMETIC,1,label-stratified-control,
0,stratified-capacity-fork,161,STORY,0,label-stratified-control,
0,stratified-capacity-fork,162,STORY,1,label-stratified-control,
0,stratified-capacity-fork,163,ARITHMETIC,0,label-stratified-control,
0,stratified-capacity-fork,164,ARITHMETIC,1,label-stratified-control,
0,stratified-capacity-fork,165,STORY,0,label-stratified-control,
0,stratified-capacity-fork,166,ARITHMETIC,0,label-stratified-control,
0,stratified-capacity-fork,167,ARITHMETIC,1,label-stratified-control,
0,stratified-capacity-fork,168,ARITHMETIC,0,label-stratified-control,
0,stratified-capacity-fork,169,ARITHMETIC,1,label-stratified-control,
0,stratified-capacity-fork,170,STORY,1,label-stratified-control,
0,stratified-capacity-fork,171,STORY,0,label-stratified-control,
0,stratified-capacity-fork,172,ARITHMETIC,0,label-stratified-control,
0,stratified-capacity-fork,173,STORY,1,label-stratified-control,
0,stratified-capacity-fork,174,ARITHMETIC,1,label-stratified-control,
0,stratified-capacity-fork,175,STORY,0,label-stratified-control,
0,stratified-capacity-fork,176,ARITHMETIC,0,label-stratified-control,
0,stratified-capacity-fork,177,STORY,1,label-stratified-control,
0,stratified-capacity-fork,178,STORY,0,label-stratified-control,
0,stratified-capacity-fork,179,STORY,1,label-stratified-control,
0,stratified-capacity-fork,180,STORY,0,label-stratified-control,
0,stratified-capacity-fork,181,ARITHMETIC,1,label-stratified-control,
0,stratified-capacity-fork,182,ARITHMETIC,0,label-stratified-control,
0,stratified-capacity-fork,183,STORY,1,label-stratified-control,
0,stratified-capacity-fork,184,STORY,0,label-stratified-control,
0,stratified-capacity-fork,185,STORY,1,label-stratified-control,
0,stratified-capacity-fork,186,ARITHMETIC,1,label-stratified-control,
0,stratified-capacity-fork,187,ARITHMETIC,0,label-stratified-control,
0,stratified-capacity-fork,188,STORY,0,label-stratified-control,
0,stratified-capacity-fork,189,STORY,1,label-stratified-control,
0,stratified-capacity-fork,190,ARITHMETIC,1,label-stratified-control,
0,stratified-capacity-fork,191,STORY,0,label-stratified-control,
0,stratified-capacity-fork,192,STORY,1,label-stratified-control,
0,stratified-capacity-fork,193,STORY,0,label-stratified-control,
0,stratified-capacity-fork,194,STORY,1,label-stratified-control,
0,stratified-capacity-fork,195,STORY,0,label-stratified-control,
0,stratified-capacity-fork,196,ARITHMETIC,0,label-stratified-control,
0,stratified-capacity-fork,197,ARITHMETIC,1,label-stratified-control,
0,stratified-capacity-fork,198,STORY,1,label-stratified-control,
0,stratified-capacity-fork,199,ARITHMETIC,0,label-stratified-control,
0,stratified-capacity-fork,200,ARITHMETIC,1,label-stratified-control,
0,stratified-capacity-fork,201,ARITHMETIC,0,label-stratified-control,
0,stratified-capacity-fork,202,ARITHMETIC,1,label-stratified-control,
0,stratified-capacity-fork,203,ARITHMETIC,0,label-stratified-control,
0,stratified-capacity-fork,204,ARITHMETIC,1,label-stratified-control,
0,stratified-capacity-fork,205,ARITHMETIC,0,label-stratified-control,
0,stratified-capacity-fork,206,ARITHMETIC,1,label-stratified-control,
0,stratified-capacity-fork,207,STORY,0,label-stratified-control,
0,stratified-capacity-fork,208,ARITHMETIC,0,label-stratified-control,
0,stratified-capacity-fork,209,ARITHMETIC,1,label-stratified-control,
0,stratified-capacity-fork,210,ARITHMETIC,0,label-stratified-control,
0,stratified-capacity-fork,211,STORY,1,label-stratified-control,
0,stratified-capacity-fork,212,ARITHMETIC,1,label-stratified-control,
0,stratified-capacity-fork,213,STORY,0,label-stratified-control,
0,stratified-capacity-fork,214,ARITHMETIC,0,label-stratified-control,
0,stratified-capacity-fork,215,ARITHMETIC,1,label-stratified-control,
0,stratified-capacity-fork,216,ARITHMETIC,0,label-stratified-control,
0,stratified-capacity-fork,217,ARITHMETIC,1,label-stratified-control,
0,stratified-capacity-fork,218,ARITHMETIC,0,label-stratified-control,
0,stratified-capacity-fork,219,ARITHMETIC,1,label-stratified-control,
0,stratified-capacity-fork,220,ARITHMETIC,0,label-stratified-control,
0,stratified-capacity-fork,221,STORY,1,label-stratified-control,
0,stratified-capacity-fork,222,ARITHMETIC,1,label-stratified-control,
0,stratified-capacity-fork,223,STORY,0,label-stratified-control,
0,stratified-capacity-fork,224,STORY,1,label-stratified-control,
0,stratified-capacity-fork,225,STORY,0,label-stratified-control,
0,stratified-capacity-fork,226,STORY,1,label-stratified-control,
0,stratified-capacity-fork,227,STORY,0,label-stratified-control,
0,stratified-capacity-fork,228,ARITHMETIC,0,label-stratified-control,
0,stratified-capacity-fork,229,STORY,1,label-stratified-control,
0,stratified-capacity-fork,230,ARITHMETIC,1,label-stratified-control,
0,stratified-capacity-fork,231,ARITHMETIC,0,label-stratified-control,
0,stratified-capacity-fork,232,ARITHMETIC,1,label-stratified-control,
0,stratified-capacity-fork,233,STORY,0,label-stratified-control,
0,stratified-capacity-fork,234,STORY,1,label-stratified-control,
0,stratified-capacity-fork,235,ARITHMETIC,0,label-stratified-control,
0,stratified-capacity-fork,236,ARITHMETIC,1,label-stratified-control,
0,stratified-capacity-fork,237,ARITHMETIC,0,label-stratified-control,
0,stratified-capacity-fork,238,ARITHMETIC,1,label-stratified-control,
0,stratified-capacity-fork,239,ARITHMETIC,0,label-stratified-control,
0,stratified-capacity-fork,240,STORY,0,label-stratified-control,
0,stratified-capacity-fork,241,ARITHMETIC,1,label-stratified-control,
0,stratified-capacity-fork,242,ARITHMETIC,0,label-stratified-control,
0,stratified-capacity-fork,243,ARITHMETIC,1,label-stratified-control,
0,stratified-capacity-fork,244,STORY,1,label-stratified-control,
0,stratified-capacity-fork,245,STORY,0,label-stratified-control,
0,stratified-capacity-fork,246,ARITHMETIC,0,label-stratified-control,
0,stratified-capacity-fork,247,ARITHMETIC,1,label-stratified-control,
0,stratified-capacity-fork,248,ARITHMETIC,0,label-stratified-control,
0,stratified-capacity-fork,249,ARITHMETIC,1,label-stratified-control,
0,stratified-capacity-fork,250,STORY,1,label-stratified-control,
0,stratified-capacity-fork,251,STORY,0,label-stratified-control,
0,stratified-capacity-fork,252,STORY,1,label-stratified-control,
0,stratified-capacity-fork,253,STORY,0,label-stratified-control,
0,stratified-capacity-fork,254,STORY,1,label-stratified-control,
0,stratified-capacity-fork,255,STORY,0,label-stratified-control,
0,stratified-capacity-fork,256,ARITHMETIC,0,label-stratified-control,
0,stratified-capacity-fork,257,STORY,1,label-stratified-control,
0,stratified-capacity-fork,258,ARITHMETIC,1,label-stratified-control,
0,stratified-capacity-fork,259,STORY,0,label-stratified-control,
0,stratified-capacity-fork,260,STORY,1,label-stratified-control,
0,stratified-capacity-fork,261,STORY,0,label-stratified-control,
0,stratified-capacity-fork,262,STORY,1,label-stratified-control,
0,stratified-capacity-fork,263,STORY,0,label-stratified-control,
0,stratified-capacity-fork,264,STORY,1,label-stratified-control,
0,stratified-capacity-fork,265,STORY,0,label-stratified-control,
0,stratified-capacity-fork,266,ARITHMETIC,0,label-stratified-control,
0,stratified-capacity-fork,267,STORY,1,label-stratified-control,
0,stratified-capacity-fork,268,ARITHMETIC,1,label-stratified-control,
0,stratified-capacity-fork,269,STORY,0,label-stratified-control,
0,stratified-capacity-fork,270,ARITHMETIC,0,label-stratified-control,
0,stratified-capacity-fork,271,STORY,1,label-stratified-control,
0,stratified-capacity-fork,272,STORY,0,label-stratified-control,
0,stratified-capacity-fork,273,STORY,1,label-stratified-control,
0,stratified-capacity-fork,274,ARITHMETIC,1,label-stratified-control,
0,stratified-capacity-fork,275,ARITHMETIC,0,label-stratified-control,
0,stratified-capacity-fork,276,ARITHMETIC,1,label-stratified-control,
0,stratified-capacity-fork,277,ARITHMETIC,0,label-stratified-control,
0,stratified-capacity-fork,278,ARITHMETIC,1,label-stratified-control,
0,stratified-capacity-fork,279,STORY,0,label-stratified-control,
0,stratified-capacity-fork,280,ARITHMETIC,0,label-stratified-control,
0,stratified-capacity-fork,281,ARITHMETIC,1,label-stratified-control,
0,stratified-capacity-fork,282,STORY,1,label-stratified-control,
0,stratified-capacity-fork,283,ARITHMETIC,0,label-stratified-control,
0,stratified-capacity-fork,284,ARITHMETIC,1,label-stratified-control,
0,stratified-capacity-fork,285,STORY,0,label-stratified-control,
0,stratified-capacity-fork,286,STORY,1,label-stratified-control,
0,stratified-capacity-fork,287,STORY,0,label-stratified-control,
0,stratified-capacity-fork,288,ARITHMETIC,0,label-stratified-control,
0,stratified-capacity-fork,289,ARITHMETIC,1,label-stratified-control,
0,stratified-capacity-fork,290,ARITHMETIC,0,label-stratified-control,
0,stratified-capacity-fork,291,STORY,1,label-stratified-control,
0,stratified-capacity-fork,292,ARITHMETIC,1,label-stratified-control,
0,stratified-capacity-fork,293,ARITHMETIC,0,label-stratified-control,
0,stratified-capacity-fork,294,STORY,0,label-stratified-control,
0,stratified-capacity-fork,295,STORY,1,label-stratified-control,
0,stratified-capacity-fork,296,STORY,0,label-stratified-control,
0,stratified-capacity-fork,297,STORY,1,label-stratified-control,
0,stratified-capacity-fork,298,ARITHMETIC,1,label-stratified-control,
0,stratified-capacity-fork,299,ARITHMETIC,0,label-stratified-control,
0,stratified-capacity-fork,300,ARITHMETIC,1,label-stratified-control,
0,stratified-capacity-fork,301,ARITHMETIC,0,label-stratified-control,
0,stratified-capacity-fork,302,STORY,0,label-stratified-control,
0,stratified-capacity-fork,303,ARITHMETIC,1,label-stratified-control,
0,stratified-capacity-fork,304,STORY,1,label-stratified-control,
0,stratified-capacity-fork,305,STORY,0,label-stratified-control,
0,stratified-capacity-fork,306,ARITHMETIC,0,label-stratified-control,
0,stratified-capacity-fork,307,STORY,1,label-stratified-control,
0,stratified-capacity-fork,308,ARITHMETIC,1,label-stratified-control,
0,stratified-capacity-fork,309,STORY,0,label-stratified-control,
0,stratified-capacity-fork,310,STORY,1,label-stratified-control,
0,stratified-capacity-fork,311,STORY,0,label-stratified-control,
0,stratified-capacity-fork,312,STORY,1,label-stratified-control,
0,stratified-capacity-fork,313,STORY,0,label-stratified-control,
0,stratified-capacity-fork,314,STORY,1,label-stratified-control,
0,stratified-capacity-fork,315,STORY,0,label-stratified-control,
0,stratified-capacity-fork,316,STORY,1,label-stratified-control,
0,stratified-capacity-fork,317,STORY,0,label-stratified-control,
0,stratified-capacity-fork,318,STORY,1,label-stratified-control,
0,stratified-capacity-fork,319,STORY,0,label-stratified-control,
0,stratified-capacity-fork,320,ARITHMETIC,0,label-stratified-control,
0,stratified-capacity-fork,321,ARITHMETIC,1,label-stratified-control,
0,stratified-capacity-fork,322,ARITHMETIC,0,label-stratified-control,
0,stratified-capacity-fork,323,ARITHMETIC,1,label-stratified-control,
0,stratified-capacity-fork,324,STORY,1,label-stratified-control,
0,stratified-capacity-fork,325,STORY,0,label-stratified-control,
0,stratified-capacity-fork,326,ARITHMETIC,0,label-stratified-control,
0,stratified-capacity-fork,327,ARITHMETIC,1,label-stratified-control,
0,stratified-capacity-fork,328,STORY,1,label-stratified-control,
0,stratified-capacity-fork,329,STORY,0,label-stratified-control,
0,stratified-capacity-fork,330,ARITHMETIC,0,label-stratified-control,
0,stratified-capacity-fork,331,STORY,1,label-stratified-control,
0,stratified-capacity-fork,332,STORY,0,label-stratified-control,
0,stratified-capacity-fork,333,STORY,1,label-stratified-control,
0,stratified-capacity-fork,334,STORY,0,label-stratified-control,
0,stratified-capacity-fork,335,STORY,1,label-stratified-control,
0,stratified-capacity-fork,336,STORY,0,label-stratified-control,
0,stratified-capacity-fork,337,ARITHMETIC,1,label-stratified-control,
0,stratified-capacity-fork,338,STORY,1,label-stratified-control,
0,stratified-capacity-fork,339,STORY,0,label-stratified-control,
0,stratified-capacity-fork,340,STORY,1,label-stratified-control,
0,stratified-capacity-fork,341,ARITHMETIC,0,label-stratified-control,
0,stratified-capacity-fork,342,ARITHMETIC,1,label-stratified-control,
0,stratified-capacity-fork,343,ARITHMETIC,0,label-stratified-control,
0,stratified-capacity-fork,344,ARITHMETIC,1,label-stratified-control,
0,stratified-capacity-fork,345,ARITHMETIC,0,label-stratified-control,
0,stratified-capacity-fork,346,ARITHMETIC,1,label-stratified-control,
0,stratified-capacity-fork,347,STORY,0,label-stratified-control,
0,stratified-capacity-fork,348,ARITHMETIC,0,label-stratified-control,
0,stratified-capacity-fork,349,STORY,1,label-stratified-control,
0,stratified-capacity-fork,350,ARITHMETIC,1,label-stratified-control,
0,stratified-capacity-fork,351,ARITHMETIC,0,label-stratified-control,
0,stratified-capacity-fork,352,STORY,0,label-stratified-control,
0,stratified-capacity-fork,353,STORY,1,label-stratified-control,
0,stratified-capacity-fork,354,ARITHMETIC,1,label-stratified-control,
0,stratified-capacity-fork,355,STORY,0,label-stratified-control,
0,stratified-capacity-fork,356,ARITHMETIC,0,label-stratified-control,
0,stratified-capacity-fork,357,STORY,1,label-stratified-control,
0,stratified-capacity-fork,358,STORY,0,label-stratified-control,
0,stratified-capacity-fork,359,ARITHMETIC,1,label-stratified-control,
0,stratified-capacity-fork,360,STORY,1,label-stratified-control,
0,stratified-capacity-fork,361,ARITHMETIC,0,label-stratified-control,
0,stratified-capacity-fork,362,ARITHMETIC,1,label-stratified-control,
0,stratified-capacity-fork,363,STORY,0,label-stratified-control,
0,stratified-capacity-fork,364,ARITHMETIC,0,label-stratified-control,
0,stratified-capacity-fork,365,ARITHMETIC,1,label-stratified-control,
0,stratified-capacity-fork,366,ARITHMETIC,0,label-stratified-control,
0,stratified-capacity-fork,367,STORY,1,label-stratified-control,
0,stratified-capacity-fork,368,STORY,0,label-stratified-control,
0,stratified-capacity-fork,369,ARITHMETIC,1,label-stratified-control,
0,stratified-capacity-fork,370,STORY,1,label-stratified-control,
0,stratified-capacity-fork,371,STORY,0,label-stratified-control,
0,stratified-capacity-fork,372,ARITHMETIC,0,label-stratified-control,
0,stratified-capacity-fork,373,ARITHMETIC,1,label-stratified-control,
0,stratified-capacity-fork,374,ARITHMETIC,0,label-stratified-control,
0,stratified-capacity-fork,375,ARITHMETIC,1,label-stratified-control,
0,stratified-capacity-fork,376,ARITHMETIC,0,label-stratified-control,
0,stratified-capacity-fork,377,ARITHMETIC,1,label-stratified-control,
0,stratified-capacity-fork,378,ARITHMETIC,0,label-stratified-control,
0,stratified-capacity-fork,379,STORY,1,label-stratified-control,
0,stratified-capacity-fork,380,STORY,0,label-stratified-control,
0,stratified-capacity-fork,381,ARITHMETIC,1,label-stratified-control,
0,stratified-capacity-fork,382,STORY,1,label-stratified-control,
0,stratified-capacity-fork,383,STORY,0,label-stratified-control,
0,stratified-capacity-fork,384,STORY,1,label-stratified-control,
0,stratified-capacity-fork,385,STORY,0,label-stratified-control,
0,stratified-capacity-fork,386,ARITHMETIC,0,label-stratified-control,
0,stratified-capacity-fork,387,STORY,1,label-stratified-control,
0,stratified-capacity-fork,388,ARITHMETIC,1,label-stratified-control,
0,stratified-capacity-fork,389,ARITHMETIC,0,label-stratified-control,
0,stratified-capacity-fork,390,ARITHMETIC,1,label-stratified-control,
0,stratified-capacity-fork,391,ARITHMETIC,0,label-stratified-control,
0,stratified-capacity-fork,392,STORY,0,label-stratified-control,
0,stratified-capacity-fork,393,STORY,1,label-stratified-control,
0,stratified-capacity-fork,394,ARITHMETIC,1,label-stratified-control,
0,stratified-capacity-fork,395,STORY,0,label-stratified-control,
0,stratified-capacity-fork,396,ARITHMETIC,0,label-stratified-control,
0,stratified-capacity-fork,397,ARITHMETIC,1,label-stratified-control,
0,stratified-capacity-fork,398,ARITHMETIC,0,label-stratified-control,
0,stratified-capacity-fork,399,STORY,1,label-stratified-control,
0,stratified-capacity-fork,400,ARITHMETIC,1,label-stratified-control,
0,geometry-bifurcation-fork,1,STORY,1,unlabeled-gradient-k2,-0.5321900844573975
0,geometry-bifurcation-fork,2,ARITHMETIC,0,unlabeled-gradient-k2,1.835636019706726
0,geometry-bifurcation-fork,3,STORY,1,unlabeled-gradient-k2,-2.5672476291656494
0,geometry-bifurcation-fork,4,ARITHMETIC,0,unlabeled-gradient-k2,1.836145043373108
0,geometry-bifurcation-fork,5,ARITHMETIC,0,unlabeled-gradient-k2,1.8478543758392332
0,geometry-bifurcation-fork,6,STORY,1,unlabeled-gradient-k2,-2.215716600418091
0,geometry-bifurcation-fork,7,ARITHMETIC,0,unlabeled-gradient-k2,1.8384290933609009
0,geometry-bifurcation-fork,8,ARITHMETIC,0,unlabeled-gradient-k2,1.834653377532959
0,geometry-bifurcation-fork,9,ARITHMETIC,0,unlabeled-gradient-k2,1.837690830230713
0,geometry-bifurcation-fork,10,STORY,1,unlabeled-gradient-k2,-0.0680184364318847
0,geometry-bifurcation-fork,11,STORY,0,unlabeled-gradient-k2,0.5910317301750183
0,geometry-bifurcation-fork,12,ARITHMETIC,0,unlabeled-gradient-k2,1.8386648893356323
0,geometry-bifurcation-fork,13,STORY,0,unlabeled-gradient-k2,0.8266845941543579
0,geometry-bifurcation-fork,14,STORY,1,unlabeled-gradient-k2,-2.370952606201172
0,geometry-bifurcation-fork,15,ARITHMETIC,0,unlabeled-gradient-k2,1.8332229852676392
0,geometry-bifurcation-fork,16,ARITHMETIC,0,unlabeled-gradient-k2,1.835569977760315
0,geometry-bifurcation-fork,17,STORY,0,unlabeled-gradient-k2,0.2714624404907226
0,geometry-bifurcation-fork,18,STORY,1,unlabeled-gradient-k2,-0.4183045625686645
0,geometry-bifurcation-fork,19,STORY,1,unlabeled-gradient-k2,-0.714009165763855
0,geometry-bifurcation-fork,20,ARITHMETIC,0,unlabeled-gradient-k2,1.836644172668457
0,geometry-bifurcation-fork,21,STORY,1,unlabeled-gradient-k2,-0.9802968502044678
0,geometry-bifurcation-fork,22,STORY,0,unlabeled-gradient-k2,0.7643064856529236
0,geometry-bifurcation-fork,23,ARITHMETIC,0,unlabeled-gradient-k2,1.8360064029693604
0,geometry-bifurcation-fork,24,ARITHMETIC,0,unlabeled-gradient-k2,1.8411469459533687
0,geometry-bifurcation-fork,25,STORY,1,unlabeled-gradient-k2,-2.740837335586548
0,geometry-bifurcation-fork,26,STORY,1,unlabeled-gradient-k2,-1.2814688682556152
0,geometry-bifurcation-fork,27,ARITHMETIC,0,unlabeled-gradient-k2,1.8380608558654783
0,geometry-bifurcation-fork,28,ARITHMETIC,0,unlabeled-gradient-k2,1.8418747186660769
0,geometry-bifurcation-fork,29,ARITHMETIC,0,unlabeled-gradient-k2,1.839146614074707
0,geometry-bifurcation-fork,30,STORY,0,unlabeled-gradient-k2,0.5147953033447266
0,geometry-bifurcation-fork,31,STORY,1,unlabeled-gradient-k2,-0.0964359045028686
0,geometry-bifurcation-fork,32,ARITHMETIC,0,unlabeled-gradient-k2,1.836746335029602
0,geometry-bifurcation-fork,33,ARITHMETIC,0,unlabeled-gradient-k2,1.8427025079727173
0,geometry-bifurcation-fork,34,STORY,1,unlabeled-gradient-k2,-1.961259365081787
0,geometry-bifurcation-fork,35,STORY,1,unlabeled-gradient-k2,-2.3002140522003174
0,geometry-bifurcation-fork,36,ARITHMETIC,0,unlabeled-gradient-k2,1.8453824520111084
0,geometry-bifurcation-fork,37,STORY,1,unlabeled-gradient-k2,-0.5563819408416748
0,geometry-bifurcation-fork,38,STORY,1,unlabeled-gradient-k2,-2.701231002807617
0,geometry-bifurcation-fork,39,ARITHMETIC,0,unlabeled-gradient-k2,1.8369405269622805
0,geometry-bifurcation-fork,40,STORY,1,unlabeled-gradient-k2,-2.3594982624053955
0,geometry-bifurcation-fork,41,ARITHMETIC,0,unlabeled-gradient-k2,1.8419972658157349
0,geometry-bifurcation-fork,42,STORY,1,unlabeled-gradient-k2,-2.2426490783691406
0,geometry-bifurcation-fork,43,STORY,1,unlabeled-gradient-k2,-0.5787731409072876
0,geometry-bifurcation-fork,44,ARITHMETIC,0,unlabeled-gradient-k2,1.8411904573440552
0,geometry-bifurcation-fork,45,ARITHMETIC,0,unlabeled-gradient-k2,1.8403093814849851
0,geometry-bifurcation-fork,46,ARITHMETIC,0,unlabeled-gradient-k2,1.8349847793579104
0,geometry-bifurcation-fork,47,STORY,0,unlabeled-gradient-k2,0.4769049882888794
0,geometry-bifurcation-fork,48,STORY,1,unlabeled-gradient-k2,-0.7565939426422119
0,geometry-bifurcation-fork,49,ARITHMETIC,0,unlabeled-gradient-k2,1.8454883098602293
0,geometry-bifurcation-fork,50,ARITHMETIC,0,unlabeled-gradient-k2,1.840920329093933
0,geometry-bifurcation-fork,51,STORY,1,unlabeled-gradient-k2,-1.4654104709625244
0,geometry-bifurcation-fork,52,ARITHMETIC,0,unlabeled-gradient-k2,1.8387507200241089
0,geometry-bifurcation-fork,53,STORY,1,unlabeled-gradient-k2,-2.446626663208008
0,geometry-bifurcation-fork,54,ARITHMETIC,0,unlabeled-gradient-k2,1.8470115661621092
0,geometry-bifurcation-fork,55,ARITHMETIC,0,unlabeled-gradient-k2,1.8241366147994995
0,geometry-bifurcation-fork,56,ARITHMETIC,0,unlabeled-gradient-k2,1.839553952217102
0,geometry-bifurcation-fork,57,STORY,1,unlabeled-gradient-k2,-2.064417600631714
0,geometry-bifurcation-fork,58,STORY,1,unlabeled-gradient-k2,-1.1161301136016846
0,geometry-bifurcation-fork,59,ARITHMETIC,0,unlabeled-gradient-k2,1.8415703773498533
0,geometry-bifurcation-fork,60,STORY,1,unlabeled-gradient-k2,-0.545991063117981
0,geometry-bifurcation-fork,61,ARITHMETIC,0,unlabeled-gradient-k2,1.841667652130127
0,geometry-bifurcation-fork,62,ARITHMETIC,0,unlabeled-gradient-k2,1.8416540622711184
0,geometry-bifurcation-fork,63,STORY,0,unlabeled-gradient-k2,0.3780890703201294
0,geometry-bifurcation-fork,64,STORY,1,unlabeled-gradient-k2,-2.33046817779541
0,geometry-bifurcation-fork,65,ARITHMETIC,0,unlabeled-gradient-k2,1.8370959758758545
0,geometry-bifurcation-fork,66,STORY,0,unlabeled-gradient-k2,0.4196529388427734
0,geometry-bifurcation-fork,67,ARITHMETIC,0,unlabeled-gradient-k2,1.8394666910171509
0,geometry-bifurcation-fork,68,ARITHMETIC,0,unlabeled-gradient-k2,1.8284666538238523
0,geometry-bifurcation-fork,69,ARITHMETIC,0,unlabeled-gradient-k2,1.840090036392212
0,geometry-bifurcation-fork,70,ARITHMETIC,0,unlabeled-gradient-k2,1.8415852785110476
0,geometry-bifurcation-fork,71,STORY,1,unlabeled-gradient-k2,-1.5434893369674685
0,geometry-bifurcation-fork,72,STORY,1,unlabeled-gradient-k2,-0.4022486209869385
0,geometry-bifurcation-fork,73,ARITHMETIC,0,unlabeled-gradient-k2,1.8313580751419067
0,geometry-bifurcation-fork,74,ARITHMETIC,0,unlabeled-gradient-k2,1.835349440574646
0,geometry-bifurcation-fork,75,STORY,0,unlabeled-gradient-k2,0.1806387901306152
0,geometry-bifurcation-fork,76,STORY,1,unlabeled-gradient-k2,-1.557521939277649
0,geometry-bifurcation-fork,77,ARITHMETIC,0,unlabeled-gradient-k2,1.8407323360443115
0,geometry-bifurcation-fork,78,STORY,1,unlabeled-gradient-k2,-2.444890260696411
0,geometry-bifurcation-fork,79,ARITHMETIC,0,unlabeled-gradient-k2,1.8457536697387693
0,geometry-bifurcation-fork,80,STORY,1,unlabeled-gradient-k2,-1.7758755683898926
0,geometry-bifurcation-fork,81,STORY,1,unlabeled-gradient-k2,-0.4763741493225097
0,geometry-bifurcation-fork,82,STORY,1,unlabeled-gradient-k2,-1.129173755645752
0,geometry-bifurcation-fork,83,ARITHMETIC,0,unlabeled-gradient-k2,1.8279118537902832
0,geometry-bifurcation-fork,84,STORY,1,unlabeled-gradient-k2,-0.2118259668350219
0,geometry-bifurcation-fork,85,STORY,1,unlabeled-gradient-k2,-0.619671106338501
0,geometry-bifurcation-fork,86,STORY,1,unlabeled-gradient-k2,-1.3089189529418943
0,geometry-bifurcation-fork,87,STORY,1,unlabeled-gradient-k2,-2.182723999023437
0,geometry-bifurcation-fork,88,ARITHMETIC,0,unlabeled-gradient-k2,1.8373935222625728
0,geometry-bifurcation-fork,89,STORY,1,unlabeled-gradient-k2,-1.7617239952087402
0,geometry-bifurcation-fork,90,STORY,1,unlabeled-gradient-k2,-0.176281452178955
0,geometry-bifurcation-fork,91,ARITHMETIC,0,unlabeled-gradient-k2,1.8449928760528564
0,geometry-bifurcation-fork,92,STORY,1,unlabeled-gradient-k2,-2.53403115272522
0,geometry-bifurcation-fork,93,STORY,1,unlabeled-gradient-k2,-0.5456624031066895
0,geometry-bifurcation-fork,94,ARITHMETIC,0,unlabeled-gradient-k2,1.8430408239364624
0,geometry-bifurcation-fork,95,STORY,1,unlabeled-gradient-k2,-2.4973275661468506
0,geometry-bifurcation-fork,96,ARITHMETIC,0,unlabeled-gradient-k2,1.8367958068847656
0,geometry-bifurcation-fork,97,STORY,0,unlabeled-gradient-k2,0.8609668016433716
0,geometry-bifurcation-fork,98,ARITHMETIC,0,unlabeled-gradient-k2,1.8265610933303835
0,geometry-bifurcation-fork,99,ARITHMETIC,0,unlabeled-gradient-k2,1.8343459367752075
0,geometry-bifurcation-fork,100,STORY,1,unlabeled-gradient-k2,-0.2521750926971435
0,geometry-bifurcation-fork,101,ARITHMETIC,0,unlabeled-gradient-k2,1.8344067335128784
0,geometry-bifurcation-fork,102,STORY,0,unlabeled-gradient-k2,0.5758640766143799
0,geometry-bifurcation-fork,103,ARITHMETIC,0,unlabeled-gradient-k2,1.8441193103790283
0,geometry-bifurcation-fork,104,STORY,1,unlabeled-gradient-k2,-2.337197542190552
0,geometry-bifurcation-fork,105,ARITHMETIC,0,unlabeled-gradient-k2,1.823513150215149
0,geometry-bifurcation-fork,106,STORY,1,unlabeled-gradient-k2,-0.7421001195907593
0,geometry-bifurcation-fork,107,ARITHMETIC,0,unlabeled-gradient-k2,1.8401577472686768
0,geometry-bifurcation-fork,108,STORY,1,unlabeled-gradient-k2,-2.8723838329315186
0,geometry-bifurcation-fork,109,STORY,0,unlabeled-gradient-k2,0.7688205242156982
0,geometry-bifurcation-fork,110,STORY,0,unlabeled-gradient-k2,0.786419153213501
0,geometry-bifurcation-fork,111,STORY,1,unlabeled-gradient-k2,-1.9129018783569336
0,geometry-bifurcation-fork,112,STORY,1,unlabeled-gradient-k2,-0.0721787214279174
0,geometry-bifurcation-fork,113,STORY,1,unlabeled-gradient-k2,-1.9732122421264648
0,geometry-bifurcation-fork,114,STORY,1,unlabeled-gradient-k2,-1.5459539890289309
0,geometry-bifurcation-fork,115,STORY,1,unlabeled-gradient-k2,-0.0446337461471557
0,geometry-bifurcation-fork,116,ARITHMETIC,0,unlabeled-gradient-k2,1.832383155822754
0,geometry-bifurcation-fork,117,STORY,1,unlabeled-gradient-k2,-2.7557334899902344
0,geometry-bifurcation-fork,118,STORY,1,unlabeled-gradient-k2,-1.919292449951172
0,geometry-bifurcation-fork,119,STORY,1,unlabeled-gradient-k2,-0.0220148563385009
0,geometry-bifurcation-fork,120,STORY,1,unlabeled-gradient-k2,-0.3337342739105224
0,geometry-bifurcation-fork,121,STORY,1,unlabeled-gradient-k2,-0.8818016052246094
0,geometry-bifurcation-fork,122,ARITHMETIC,0,unlabeled-gradient-k2,1.833097100257873
0,geometry-bifurcation-fork,123,STORY,1,unlabeled-gradient-k2,-2.347828865051269
0,geometry-bifurcation-fork,124,ARITHMETIC,0,unlabeled-gradient-k2,1.830053210258484
0,geometry-bifurcation-fork,125,STORY,0,unlabeled-gradient-k2,1.0106960535049438
0,geometry-bifurcation-fork,126,STORY,0,unlabeled-gradient-k2,0.9742013216018676
0,geometry-bifurcation-fork,127,ARITHMETIC,0,unlabeled-gradient-k2,1.835511922836304
0,geometry-bifurcation-fork,128,STORY,1,unlabeled-gradient-k2,-2.685197353363037
0,geometry-bifurcation-fork,129,STORY,1,unlabeled-gradient-k2,-2.1169657707214355
0,geometry-bifurcation-fork,130,STORY,1,unlabeled-gradient-k2,-1.2043380737304688
0,geometry-bifurcation-fork,131,ARITHMETIC,0,unlabeled-gradient-k2,1.8418455123901367
0,geometry-bifurcation-fork,132,ARITHMETIC,0,unlabeled-gradient-k2,1.8398284912109373
0,geometry-bifurcation-fork,133,ARITHMETIC,0,unlabeled-gradient-k2,1.84334933757782
0,geometry-bifurcation-fork,134,ARITHMETIC,0,unlabeled-gradient-k2,1.840369820594788
0,geometry-bifurcation-fork,135,STORY,1,unlabeled-gradient-k2,-2.170114517211914
0,geometry-bifurcation-fork,136,ARITHMETIC,0,unlabeled-gradient-k2,1.8411561250686648
0,geometry-bifurcation-fork,137,STORY,1,unlabeled-gradient-k2,-0.654771089553833
0,geometry-bifurcation-fork,138,ARITHMETIC,0,unlabeled-gradient-k2,1.8428285121917725
0,geometry-bifurcation-fork,139,ARITHMETIC,0,unlabeled-gradient-k2,1.8386861085891724
0,geometry-bifurcation-fork,140,ARITHMETIC,0,unlabeled-gradient-k2,1.829586625099182
0,geometry-bifurcation-fork,141,STORY,0,unlabeled-gradient-k2,0.4519513845443725
0,geometry-bifurcation-fork,142,ARITHMETIC,0,unlabeled-gradient-k2,1.843522310256958
0,geometry-bifurcation-fork,143,ARITHMETIC,0,unlabeled-gradient-k2,1.8372095823287964
0,geometry-bifurcation-fork,144,ARITHMETIC,0,unlabeled-gradient-k2,1.8381586074829104
0,geometry-bifurcation-fork,145,ARITHMETIC,0,unlabeled-gradient-k2,1.8367862701416016
0,geometry-bifurcation-fork,146,ARITHMETIC,0,unlabeled-gradient-k2,1.839534401893616
0,geometry-bifurcation-fork,147,ARITHMETIC,0,unlabeled-gradient-k2,1.8406093120574951
0,geometry-bifurcation-fork,148,ARITHMETIC,0,unlabeled-gradient-k2,1.841710448265076
0,geometry-bifurcation-fork,149,ARITHMETIC,0,unlabeled-gradient-k2,1.8414145708084104
0,geometry-bifurcation-fork,150,ARITHMETIC,0,unlabeled-gradient-k2,1.842756748199463
0,geometry-bifurcation-fork,151,STORY,1,unlabeled-gradient-k2,-2.3641960620880127
0,geometry-bifurcation-fork,152,STORY,1,unlabeled-gradient-k2,-0.8516479730606079
0,geometry-bifurcation-fork,153,ARITHMETIC,0,unlabeled-gradient-k2,1.8410954475402832
0,geometry-bifurcation-fork,154,ARITHMETIC,0,unlabeled-gradient-k2,1.8400715589523315
0,geometry-bifurcation-fork,155,ARITHMETIC,0,unlabeled-gradient-k2,1.835027813911438
0,geometry-bifurcation-fork,156,ARITHMETIC,0,unlabeled-gradient-k2,1.8423798084259035
0,geometry-bifurcation-fork,157,STORY,0,unlabeled-gradient-k2,0.6290155053138733
0,geometry-bifurcation-fork,158,STORY,1,unlabeled-gradient-k2,-1.0245630741119385
0,geometry-bifurcation-fork,159,STORY,1,unlabeled-gradient-k2,-2.058825731277466
0,geometry-bifurcation-fork,160,ARITHMETIC,0,unlabeled-gradient-k2,1.845361351966858
0,geometry-bifurcation-fork,161,STORY,0,unlabeled-gradient-k2,0.212382435798645
0,geometry-bifurcation-fork,162,STORY,0,unlabeled-gradient-k2,0.3073129653930664
0,geometry-bifurcation-fork,163,ARITHMETIC,0,unlabeled-gradient-k2,1.845967173576355
0,geometry-bifurcation-fork,164,ARITHMETIC,0,unlabeled-gradient-k2,1.8452692031860352
0,geometry-bifurcation-fork,165,STORY,0,unlabeled-gradient-k2,0.861301064491272
0,geometry-bifurcation-fork,166,ARITHMETIC,0,unlabeled-gradient-k2,1.83575439453125
0,geometry-bifurcation-fork,167,ARITHMETIC,0,unlabeled-gradient-k2,1.837105393409729
0,geometry-bifurcation-fork,168,ARITHMETIC,0,unlabeled-gradient-k2,1.84173595905304
0,geometry-bifurcation-fork,169,ARITHMETIC,0,unlabeled-gradient-k2,1.833392858505249
0,geometry-bifurcation-fork,170,STORY,1,unlabeled-gradient-k2,-2.3267598152160645
0,geometry-bifurcation-fork,171,STORY,1,unlabeled-gradient-k2,-0.7841387987136841
0,geometry-bifurcation-fork,172,ARITHMETIC,0,unlabeled-gradient-k2,1.8344873189926147
0,geometry-bifurcation-fork,173,STORY,1,unlabeled-gradient-k2,-2.170057535171509
0,geometry-bifurcation-fork,174,ARITHMETIC,0,unlabeled-gradient-k2,1.8360333442687988
0,geometry-bifurcation-fork,175,STORY,0,unlabeled-gradient-k2,0.2632501125335693
0,geometry-bifurcation-fork,176,ARITHMETIC,0,unlabeled-gradient-k2,1.831190824508667
0,geometry-bifurcation-fork,177,STORY,1,unlabeled-gradient-k2,-0.7619833946228027
0,geometry-bifurcation-fork,178,STORY,1,unlabeled-gradient-k2,-0.5371946096420288
0,geometry-bifurcation-fork,179,STORY,0,unlabeled-gradient-k2,0.7000239491462708
0,geometry-bifurcation-fork,180,STORY,1,unlabeled-gradient-k2,-0.5918123722076416
0,geometry-bifurcation-fork,181,ARITHMETIC,0,unlabeled-gradient-k2,1.8335626125335691
0,geometry-bifurcation-fork,182,ARITHMETIC,0,unlabeled-gradient-k2,1.8424596786499023
0,geometry-bifurcation-fork,183,STORY,1,unlabeled-gradient-k2,-2.3352653980255127
0,geometry-bifurcation-fork,184,STORY,0,unlabeled-gradient-k2,1.3865649700164795
0,geometry-bifurcation-fork,185,STORY,1,unlabeled-gradient-k2,-2.021479368209839
0,geometry-bifurcation-fork,186,ARITHMETIC,0,unlabeled-gradient-k2,1.8360333442687988
0,geometry-bifurcation-fork,187,ARITHMETIC,0,unlabeled-gradient-k2,1.845553040504456
0,geometry-bifurcation-fork,188,STORY,0,unlabeled-gradient-k2,0.3267371654510498
0,geometry-bifurcation-fork,189,STORY,0,unlabeled-gradient-k2,1.0984320640563965
0,geometry-bifurcation-fork,190,ARITHMETIC,0,unlabeled-gradient-k2,1.8404624462127688
0,geometry-bifurcation-fork,191,STORY,0,unlabeled-gradient-k2,0.3165881633758545
0,geometry-bifurcation-fork,192,STORY,1,unlabeled-gradient-k2,-0.4673905372619629
0,geometry-bifurcation-fork,193,STORY,0,unlabeled-gradient-k2,0.888572096824646
0,geometry-bifurcation-fork,194,STORY,1,unlabeled-gradient-k2,-1.5042754411697388
0,geometry-bifurcation-fork,195,STORY,1,unlabeled-gradient-k2,-1.8172599077224727
0,geometry-bifurcation-fork,196,ARITHMETIC,0,unlabeled-gradient-k2,1.8438869714736936
0,geometry-bifurcation-fork,197,ARITHMETIC,0,unlabeled-gradient-k2,1.837016463279724
0,geometry-bifurcation-fork,198,STORY,1,unlabeled-gradient-k2,-1.814967155456543
0,geometry-bifurcation-fork,199,ARITHMETIC,0,unlabeled-gradient-k2,1.8381062746047971
0,geometry-bifurcation-fork,200,ARITHMETIC,0,unlabeled-gradient-k2,1.831066370010376
0,geometry-bifurcation-fork,201,ARITHMETIC,0,unlabeled-gradient-k2,1.838143229484558
0,geometry-bifurcation-fork,202,ARITHMETIC,0,unlabeled-gradient-k2,1.841785907745361
0,geometry-bifurcation-fork,203,ARITHMETIC,0,unlabeled-gradient-k2,1.8320618867874143
0,geometry-bifurcation-fork,204,ARITHMETIC,0,unlabeled-gradient-k2,1.836544752120972
0,geometry-bifurcation-fork,205,ARITHMETIC,0,unlabeled-gradient-k2,1.8422249555587769
0,geometry-bifurcation-fork,206,ARITHMETIC,0,unlabeled-gradient-k2,1.8371504545211792
0,geometry-bifurcation-fork,207,STORY,0,unlabeled-gradient-k2,0.3730204105377197
0,geometry-bifurcation-fork,208,ARITHMETIC,0,unlabeled-gradient-k2,1.848725438117981
0,geometry-bifurcation-fork,209,ARITHMETIC,0,unlabeled-gradient-k2,1.8358986377716064
0,geometry-bifurcation-fork,210,ARITHMETIC,0,unlabeled-gradient-k2,1.835763692855835
0,geometry-bifurcation-fork,211,STORY,0,unlabeled-gradient-k2,0.7116395831108093
0,geometry-bifurcation-fork,212,ARITHMETIC,0,unlabeled-gradient-k2,1.8473482131958008
0,geometry-bifurcation-fork,213,STORY,1,unlabeled-gradient-k2,-2.426920890808105
0,geometry-bifurcation-fork,214,ARITHMETIC,0,unlabeled-gradient-k2,1.834402322769165
0,geometry-bifurcation-fork,215,ARITHMETIC,0,unlabeled-gradient-k2,1.8395062685012815
0,geometry-bifurcation-fork,216,ARITHMETIC,0,unlabeled-gradient-k2,1.831440806388855
0,geometry-bifurcation-fork,217,ARITHMETIC,0,unlabeled-gradient-k2,1.836434245109558
0,geometry-bifurcation-fork,218,ARITHMETIC,0,unlabeled-gradient-k2,1.8385087251663208
0,geometry-bifurcation-fork,219,ARITHMETIC,0,unlabeled-gradient-k2,1.8378279209136963
0,geometry-bifurcation-fork,220,ARITHMETIC,0,unlabeled-gradient-k2,1.842673659324646
0,geometry-bifurcation-fork,221,STORY,0,unlabeled-gradient-k2,0.4672420024871826
0,geometry-bifurcation-fork,222,ARITHMETIC,0,unlabeled-gradient-k2,1.8450771570205688
0,geometry-bifurcation-fork,223,STORY,1,unlabeled-gradient-k2,-1.6076349020004272
0,geometry-bifurcation-fork,224,STORY,1,unlabeled-gradient-k2,-1.226468563079834
0,geometry-bifurcation-fork,225,STORY,1,unlabeled-gradient-k2,-2.179053783416748
0,geometry-bifurcation-fork,226,STORY,1,unlabeled-gradient-k2,-2.327338933944702
0,geometry-bifurcation-fork,227,STORY,1,unlabeled-gradient-k2,-0.3222032785415649
0,geometry-bifurcation-fork,228,ARITHMETIC,0,unlabeled-gradient-k2,1.8429700136184688
0,geometry-bifurcation-fork,229,STORY,1,unlabeled-gradient-k2,-2.610008001327514
0,geometry-bifurcation-fork,230,ARITHMETIC,0,unlabeled-gradient-k2,1.8439111709594729
0,geometry-bifurcation-fork,231,ARITHMETIC,0,unlabeled-gradient-k2,1.8225847482681277
0,geometry-bifurcation-fork,232,ARITHMETIC,0,unlabeled-gradient-k2,1.8418247699737549
0,geometry-bifurcation-fork,233,STORY,0,unlabeled-gradient-k2,0.3662291765213012
0,geometry-bifurcation-fork,234,STORY,1,unlabeled-gradient-k2,-0.66798996925354
0,geometry-bifurcation-fork,235,ARITHMETIC,0,unlabeled-gradient-k2,1.8371059894561768
0,geometry-bifurcation-fork,236,ARITHMETIC,0,unlabeled-gradient-k2,1.839319467544556
0,geometry-bifurcation-fork,237,ARITHMETIC,0,unlabeled-gradient-k2,1.8292171955108645
0,geometry-bifurcation-fork,238,ARITHMETIC,0,unlabeled-gradient-k2,1.8429456949234009
0,geometry-bifurcation-fork,239,ARITHMETIC,0,unlabeled-gradient-k2,1.839416027069092
0,geometry-bifurcation-fork,240,STORY,1,unlabeled-gradient-k2,-1.190523982048035
0,geometry-bifurcation-fork,241,ARITHMETIC,0,unlabeled-gradient-k2,1.843189477920532
0,geometry-bifurcation-fork,242,ARITHMETIC,0,unlabeled-gradient-k2,1.839670300483704
0,geometry-bifurcation-fork,243,ARITHMETIC,0,unlabeled-gradient-k2,1.8431280851364136
0,geometry-bifurcation-fork,244,STORY,1,unlabeled-gradient-k2,-0.5243771076202393
0,geometry-bifurcation-fork,245,STORY,1,unlabeled-gradient-k2,-1.7101494073867798
0,geometry-bifurcation-fork,246,ARITHMETIC,0,unlabeled-gradient-k2,1.8391730785369875
0,geometry-bifurcation-fork,247,ARITHMETIC,0,unlabeled-gradient-k2,1.841869235038757
0,geometry-bifurcation-fork,248,ARITHMETIC,0,unlabeled-gradient-k2,1.839646577835083
0,geometry-bifurcation-fork,249,ARITHMETIC,0,unlabeled-gradient-k2,1.84625780582428
0,geometry-bifurcation-fork,250,STORY,1,unlabeled-gradient-k2,-1.83159613609314
0,geometry-bifurcation-fork,251,STORY,1,unlabeled-gradient-k2,-1.869215488433838
0,geometry-bifurcation-fork,252,STORY,1,unlabeled-gradient-k2,-2.064262866973877
0,geometry-bifurcation-fork,253,STORY,1,unlabeled-gradient-k2,-1.903898358345032
0,geometry-bifurcation-fork,254,STORY,0,unlabeled-gradient-k2,0.14472496509552
0,geometry-bifurcation-fork,255,STORY,1,unlabeled-gradient-k2,-1.6501712799072266
0,geometry-bifurcation-fork,256,ARITHMETIC,0,unlabeled-gradient-k2,1.831626296043396
0,geometry-bifurcation-fork,257,STORY,1,unlabeled-gradient-k2,-2.464608907699585
0,geometry-bifurcation-fork,258,ARITHMETIC,0,unlabeled-gradient-k2,1.840865969657898
0,geometry-bifurcation-fork,259,STORY,0,unlabeled-gradient-k2,0.5957956314086914
0,geometry-bifurcation-fork,260,STORY,1,unlabeled-gradient-k2,-0.2447789907455444
0,geometry-bifurcation-fork,261,STORY,1,unlabeled-gradient-k2,-2.334189414978028
0,geometry-bifurcation-fork,262,STORY,1,unlabeled-gradient-k2,-2.1487202644348145
0,geometry-bifurcation-fork,263,STORY,1,unlabeled-gradient-k2,-2.468533992767334
0,geometry-bifurcation-fork,264,STORY,0,unlabeled-gradient-k2,0.039114236831665
0,geometry-bifurcation-fork,265,STORY,1,unlabeled-gradient-k2,-0.87149977684021
0,geometry-bifurcation-fork,266,ARITHMETIC,0,unlabeled-gradient-k2,1.8350040912628172
0,geometry-bifurcation-fork,267,STORY,0,unlabeled-gradient-k2,1.0044212341308594
0,geometry-bifurcation-fork,268,ARITHMETIC,0,unlabeled-gradient-k2,1.8319100141525269
0,geometry-bifurcation-fork,269,STORY,1,unlabeled-gradient-k2,-0.8696061372756958
0,geometry-bifurcation-fork,270,ARITHMETIC,0,unlabeled-gradient-k2,1.8409587144851685
0,geometry-bifurcation-fork,271,STORY,1,unlabeled-gradient-k2,-2.7880687713623047
0,geometry-bifurcation-fork,272,STORY,1,unlabeled-gradient-k2,-2.9174931049346924
0,geometry-bifurcation-fork,273,STORY,1,unlabeled-gradient-k2,-1.11581552028656
0,geometry-bifurcation-fork,274,ARITHMETIC,0,unlabeled-gradient-k2,1.8383207321166992
0,geometry-bifurcation-fork,275,ARITHMETIC,0,unlabeled-gradient-k2,1.8447527885437007
0,geometry-bifurcation-fork,276,ARITHMETIC,0,unlabeled-gradient-k2,1.8342914581298828
0,geometry-bifurcation-fork,277,ARITHMETIC,0,unlabeled-gradient-k2,1.8248867988586424
0,geometry-bifurcation-fork,278,ARITHMETIC,0,unlabeled-gradient-k2,1.8449103832244875
0,geometry-bifurcation-fork,279,STORY,0,unlabeled-gradient-k2,1.0663573741912842
0,geometry-bifurcation-fork,280,ARITHMETIC,0,unlabeled-gradient-k2,1.8405675888061523
0,geometry-bifurcation-fork,281,ARITHMETIC,0,unlabeled-gradient-k2,1.8427788019180296
0,geometry-bifurcation-fork,282,STORY,1,unlabeled-gradient-k2,-0.030436635017395
0,geometry-bifurcation-fork,283,ARITHMETIC,0,unlabeled-gradient-k2,1.8308945894241333
0,geometry-bifurcation-fork,284,ARITHMETIC,0,unlabeled-gradient-k2,1.8423917293548584
0,geometry-bifurcation-fork,285,STORY,0,unlabeled-gradient-k2,0.2597181797027588
0,geometry-bifurcation-fork,286,STORY,1,unlabeled-gradient-k2,-0.3502435684204101
0,geometry-bifurcation-fork,287,STORY,1,unlabeled-gradient-k2,-0.6287250518798828
0,geometry-bifurcation-fork,288,ARITHMETIC,0,unlabeled-gradient-k2,1.8493859767913816
0,geometry-bifurcation-fork,289,ARITHMETIC,0,unlabeled-gradient-k2,1.8302197456359863
0,geometry-bifurcation-fork,290,ARITHMETIC,0,unlabeled-gradient-k2,1.8382163047790527
0,geometry-bifurcation-fork,291,STORY,0,unlabeled-gradient-k2,0.6501932740211487
0,geometry-bifurcation-fork,292,ARITHMETIC,0,unlabeled-gradient-k2,1.8317917585372925
0,geometry-bifurcation-fork,293,ARITHMETIC,0,unlabeled-gradient-k2,1.8302180767059328
0,geometry-bifurcation-fork,294,STORY,1,unlabeled-gradient-k2,-0.2536239624023437
0,geometry-bifurcation-fork,295,STORY,1,unlabeled-gradient-k2,-1.3456636667251587
0,geometry-bifurcation-fork,296,STORY,1,unlabeled-gradient-k2,-0.9620928764343262
0,geometry-bifurcation-fork,297,STORY,0,unlabeled-gradient-k2,0.5493804216384888
0,geometry-bifurcation-fork,298,ARITHMETIC,0,unlabeled-gradient-k2,1.8446972370147705
0,geometry-bifurcation-fork,299,ARITHMETIC,0,unlabeled-gradient-k2,1.83541476726532
0,geometry-bifurcation-fork,300,ARITHMETIC,0,unlabeled-gradient-k2,1.840244174003601
0,geometry-bifurcation-fork,301,ARITHMETIC,0,unlabeled-gradient-k2,1.836658835411072
0,geometry-bifurcation-fork,302,STORY,1,unlabeled-gradient-k2,-2.3900465965271
0,geometry-bifurcation-fork,303,ARITHMETIC,0,unlabeled-gradient-k2,1.834177136421204
0,geometry-bifurcation-fork,304,STORY,1,unlabeled-gradient-k2,-0.271176815032959
0,geometry-bifurcation-fork,305,STORY,0,unlabeled-gradient-k2,0.6223081350326538
0,geometry-bifurcation-fork,306,ARITHMETIC,0,unlabeled-gradient-k2,1.835591197013855
0,geometry-bifurcation-fork,307,STORY,1,unlabeled-gradient-k2,-1.0781322717666626
0,geometry-bifurcation-fork,308,ARITHMETIC,0,unlabeled-gradient-k2,1.8372899293899536
0,geometry-bifurcation-fork,309,STORY,0,unlabeled-gradient-k2,0.0820326805114746
0,geometry-bifurcation-fork,310,STORY,1,unlabeled-gradient-k2,-2.5740885734558105
0,geometry-bifurcation-fork,311,STORY,1,unlabeled-gradient-k2,-2.25321888923645
0,geometry-bifurcation-fork,312,STORY,1,unlabeled-gradient-k2,-1.57482647895813
0,geometry-bifurcation-fork,313,STORY,1,unlabeled-gradient-k2,-0.8811216354370117
0,geometry-bifurcation-fork,314,STORY,0,unlabeled-gradient-k2,0.5775299072265625
0,geometry-bifurcation-fork,315,STORY,1,unlabeled-gradient-k2,-2.671135425567627
0,geometry-bifurcation-fork,316,STORY,1,unlabeled-gradient-k2,-1.3328629732131958
0,geometry-bifurcation-fork,317,STORY,1,unlabeled-gradient-k2,-0.264849305152893
0,geometry-bifurcation-fork,318,STORY,1,unlabeled-gradient-k2,-0.5664793252944946
0,geometry-bifurcation-fork,319,STORY,1,unlabeled-gradient-k2,-1.7453739643096924
0,geometry-bifurcation-fork,320,ARITHMETIC,0,unlabeled-gradient-k2,1.8320256471633911
0,geometry-bifurcation-fork,321,ARITHMETIC,0,unlabeled-gradient-k2,1.8364371061325075
0,geometry-bifurcation-fork,322,ARITHMETIC,0,unlabeled-gradient-k2,1.848281025886536
0,geometry-bifurcation-fork,323,ARITHMETIC,0,unlabeled-gradient-k2,1.8448495864868164
0,geometry-bifurcation-fork,324,STORY,1,unlabeled-gradient-k2,-0.8799487352371216
0,geometry-bifurcation-fork,325,STORY,0,unlabeled-gradient-k2,0.6960470080375671
0,geometry-bifurcation-fork,326,ARITHMETIC,0,unlabeled-gradient-k2,1.845449447631836
0,geometry-bifurcation-fork,327,ARITHMETIC,0,unlabeled-gradient-k2,1.8424206972122192
0,geometry-bifurcation-fork,328,STORY,1,unlabeled-gradient-k2,-1.862094044685364
0,geometry-bifurcation-fork,329,STORY,1,unlabeled-gradient-k2,-1.8201051950454712
0,geometry-bifurcation-fork,330,ARITHMETIC,0,unlabeled-gradient-k2,1.8370983600616453
0,geometry-bifurcation-fork,331,STORY,1,unlabeled-gradient-k2,-1.4460991621017456
0,geometry-bifurcation-fork,332,STORY,0,unlabeled-gradient-k2,0.8292927742004395
0,geometry-bifurcation-fork,333,STORY,1,unlabeled-gradient-k2,-2.752208948135376
0,geometry-bifurcation-fork,334,STORY,0,unlabeled-gradient-k2,1.107807159423828
0,geometry-bifurcation-fork,335,STORY,1,unlabeled-gradient-k2,-1.5540181398391724
0,geometry-bifurcation-fork,336,STORY,1,unlabeled-gradient-k2,-0.620216965675354
0,geometry-bifurcation-fork,337,ARITHMETIC,0,unlabeled-gradient-k2,1.8377562761306765
0,geometry-bifurcation-fork,338,STORY,1,unlabeled-gradient-k2,-2.875662088394165
0,geometry-bifurcation-fork,339,STORY,1,unlabeled-gradient-k2,-0.9849462509155272
0,geometry-bifurcation-fork,340,STORY,0,unlabeled-gradient-k2,0.329870343208313
0,geometry-bifurcation-fork,341,ARITHMETIC,0,unlabeled-gradient-k2,1.840793251991272
0,geometry-bifurcation-fork,342,ARITHMETIC,0,unlabeled-gradient-k2,1.8349350690841677
0,geometry-bifurcation-fork,343,ARITHMETIC,0,unlabeled-gradient-k2,1.8407658338546755
0,geometry-bifurcation-fork,344,ARITHMETIC,0,unlabeled-gradient-k2,1.8329963684082031
0,geometry-bifurcation-fork,345,ARITHMETIC,0,unlabeled-gradient-k2,1.844220519065857
0,geometry-bifurcation-fork,346,ARITHMETIC,0,unlabeled-gradient-k2,1.8391880989074707
0,geometry-bifurcation-fork,347,STORY,1,unlabeled-gradient-k2,-1.3711183071136477
0,geometry-bifurcation-fork,348,ARITHMETIC,0,unlabeled-gradient-k2,1.83518385887146
0,geometry-bifurcation-fork,349,STORY,1,unlabeled-gradient-k2,-2.702728271484375
0,geometry-bifurcation-fork,350,ARITHMETIC,0,unlabeled-gradient-k2,1.8429263830184937
0,geometry-bifurcation-fork,351,ARITHMETIC,0,unlabeled-gradient-k2,1.8408657312393188
0,geometry-bifurcation-fork,352,STORY,1,unlabeled-gradient-k2,-2.2857367992401123
0,geometry-bifurcation-fork,353,STORY,1,unlabeled-gradient-k2,-0.0336071252822876
0,geometry-bifurcation-fork,354,ARITHMETIC,0,unlabeled-gradient-k2,1.839391827583313
0,geometry-bifurcation-fork,355,STORY,0,unlabeled-gradient-k2,0.8531692028045654
0,geometry-bifurcation-fork,356,ARITHMETIC,0,unlabeled-gradient-k2,1.838481307029724
0,geometry-bifurcation-fork,357,STORY,1,unlabeled-gradient-k2,-2.5180630683898926
0,geometry-bifurcation-fork,358,STORY,1,unlabeled-gradient-k2,-1.589025378227234
0,geometry-bifurcation-fork,359,ARITHMETIC,0,unlabeled-gradient-k2,1.8356139659881592
0,geometry-bifurcation-fork,360,STORY,0,unlabeled-gradient-k2,0.1351654529571533
0,geometry-bifurcation-fork,361,ARITHMETIC,0,unlabeled-gradient-k2,1.841107964515686
0,geometry-bifurcation-fork,362,ARITHMETIC,0,unlabeled-gradient-k2,1.843990921974182
0,geometry-bifurcation-fork,363,STORY,1,unlabeled-gradient-k2,-1.9107375144958496
0,geometry-bifurcation-fork,364,ARITHMETIC,0,unlabeled-gradient-k2,1.8383749723434448
0,geometry-bifurcation-fork,365,ARITHMETIC,0,unlabeled-gradient-k2,1.8391237258911133
0,geometry-bifurcation-fork,366,ARITHMETIC,0,unlabeled-gradient-k2,1.820767045021057
0,geometry-bifurcation-fork,367,STORY,1,unlabeled-gradient-k2,-1.8228288888931277
0,geometry-bifurcation-fork,368,STORY,1,unlabeled-gradient-k2,-1.730294942855835
0,geometry-bifurcation-fork,369,ARITHMETIC,0,unlabeled-gradient-k2,1.8363245725631716
0,geometry-bifurcation-fork,370,STORY,1,unlabeled-gradient-k2,-1.6010842323303225
0,geometry-bifurcation-fork,371,STORY,1,unlabeled-gradient-k2,-0.454425573348999
0,geometry-bifurcation-fork,372,ARITHMETIC,0,unlabeled-gradient-k2,1.8391557931900024
0,geometry-bifurcation-fork,373,ARITHMETIC,0,unlabeled-gradient-k2,1.8436932563781736
0,geometry-bifurcation-fork,374,ARITHMETIC,0,unlabeled-gradient-k2,1.845541715621948
0,geometry-bifurcation-fork,375,ARITHMETIC,0,unlabeled-gradient-k2,1.8445664644241333
0,geometry-bifurcation-fork,376,ARITHMETIC,0,unlabeled-gradient-k2,1.838008999824524
0,geometry-bifurcation-fork,377,ARITHMETIC,0,unlabeled-gradient-k2,1.8392571210861208
0,geometry-bifurcation-fork,378,ARITHMETIC,0,unlabeled-gradient-k2,1.8372704982757568
0,geometry-bifurcation-fork,379,STORY,1,unlabeled-gradient-k2,-2.926033496856689
0,geometry-bifurcation-fork,380,STORY,1,unlabeled-gradient-k2,-0.472466230392456
0,geometry-bifurcation-fork,381,ARITHMETIC,0,unlabeled-gradient-k2,1.8377169370651243
0,geometry-bifurcation-fork,382,STORY,1,unlabeled-gradient-k2,-1.186806082725525
0,geometry-bifurcation-fork,383,STORY,1,unlabeled-gradient-k2,-1.8456732034683228
0,geometry-bifurcation-fork,384,STORY,1,unlabeled-gradient-k2,-2.0667977333068848
0,geometry-bifurcation-fork,385,STORY,1,unlabeled-gradient-k2,-0.6309959888458252
0,geometry-bifurcation-fork,386,ARITHMETIC,0,unlabeled-gradient-k2,1.8357552289962769
0,geometry-bifurcation-fork,387,STORY,1,unlabeled-gradient-k2,-1.067121505737305
0,geometry-bifurcation-fork,388,ARITHMETIC,0,unlabeled-gradient-k2,1.8412322998046875
0,geometry-bifurcation-fork,389,ARITHMETIC,0,unlabeled-gradient-k2,1.8420922756195068
0,geometry-bifurcation-fork,390,ARITHMETIC,0,unlabeled-gradient-k2,1.8378136157989504
0,geometry-bifurcation-fork,391,ARITHMETIC,0,unlabeled-gradient-k2,1.838747501373291
0,geometry-bifurcation-fork,392,STORY,1,unlabeled-gradient-k2,-1.935552954673767
0,geometry-bifurcation-fork,393,STORY,1,unlabeled-gradient-k2,-1.0708260536193848
0,geometry-bifurcation-fork,394,ARITHMETIC,0,unlabeled-gradient-k2,1.832540512084961
0,geometry-bifurcation-fork,395,STORY,1,unlabeled-gradient-k2,-0.3075672388076782
0,geometry-bifurcation-fork,396,ARITHMETIC,0,unlabeled-gradient-k2,1.837033033370972
0,geometry-bifurcation-fork,397,ARITHMETIC,0,unlabeled-gradient-k2,1.8427802324295044
0,geometry-bifurcation-fork,398,ARITHMETIC,0,unlabeled-gradient-k2,1.8376493453979488
0,geometry-bifurcation-fork,399,STORY,1,unlabeled-gradient-k2,-0.3868005275726318
0,geometry-bifurcation-fork,400,ARITHMETIC,0,unlabeled-gradient-k2,1.8298978805541992
1,unified,1,STORY,0,unified,
1,unified,2,ARITHMETIC,0,unified,
1,unified,3,STORY,0,unified,
1,unified,4,ARITHMETIC,0,unified,
1,unified,5,STORY,0,unified,
1,unified,6,ARITHMETIC,0,unified,
1,unified,7,STORY,0,unified,
1,unified,8,STORY,0,unified,
1,unified,9,STORY,0,unified,
1,unified,10,STORY,0,unified,
1,unified,11,ARITHMETIC,0,unified,
1,unified,12,ARITHMETIC,0,unified,
1,unified,13,ARITHMETIC,0,unified,
1,unified,14,ARITHMETIC,0,unified,
1,unified,15,STORY,0,unified,
1,unified,16,ARITHMETIC,0,unified,
1,unified,17,ARITHMETIC,0,unified,
1,unified,18,ARITHMETIC,0,unified,
1,unified,19,STORY,0,unified,
1,unified,20,STORY,0,unified,
1,unified,21,ARITHMETIC,0,unified,
1,unified,22,STORY,0,unified,
1,unified,23,STORY,0,unified,
1,unified,24,STORY,0,unified,
1,unified,25,ARITHMETIC,0,unified,
1,unified,26,ARITHMETIC,0,unified,
1,unified,27,ARITHMETIC,0,unified,
1,unified,28,STORY,0,unified,
1,unified,29,ARITHMETIC,0,unified,
1,unified,30,ARITHMETIC,0,unified,
1,unified,31,ARITHMETIC,0,unified,
1,unified,32,ARITHMETIC,0,unified,
1,unified,33,ARITHMETIC,0,unified,
1,unified,34,ARITHMETIC,0,unified,
1,unified,35,STORY,0,unified,
1,unified,36,ARITHMETIC,0,unified,
1,unified,37,STORY,0,unified,
1,unified,38,STORY,0,unified,
1,unified,39,STORY,0,unified,
1,unified,40,STORY,0,unified,
1,unified,41,ARITHMETIC,0,unified,
1,unified,42,STORY,0,unified,
1,unified,43,ARITHMETIC,0,unified,
1,unified,44,STORY,0,unified,
1,unified,45,STORY,0,unified,
1,unified,46,ARITHMETIC,0,unified,
1,unified,47,STORY,0,unified,
1,unified,48,ARITHMETIC,0,unified,
1,unified,49,STORY,0,unified,
1,unified,50,ARITHMETIC,0,unified,
1,unified,51,ARITHMETIC,0,unified,
1,unified,52,ARITHMETIC,0,unified,
1,unified,53,STORY,0,unified,
1,unified,54,ARITHMETIC,0,unified,
1,unified,55,STORY,0,unified,
1,unified,56,STORY,0,unified,
1,unified,57,STORY,0,unified,
1,unified,58,STORY,0,unified,
1,unified,59,ARITHMETIC,0,unified,
1,unified,60,ARITHMETIC,0,unified,
1,unified,61,STORY,0,unified,
1,unified,62,ARITHMETIC,0,unified,
1,unified,63,ARITHMETIC,0,unified,
1,unified,64,STORY,0,unified,
1,unified,65,ARITHMETIC,0,unified,
1,unified,66,ARITHMETIC,0,unified,
1,unified,67,ARITHMETIC,0,unified,
1,unified,68,ARITHMETIC,0,unified,
1,unified,69,STORY,0,unified,
1,unified,70,ARITHMETIC,0,unified,
1,unified,71,STORY,0,unified,
1,unified,72,ARITHMETIC,0,unified,
1,unified,73,STORY,0,unified,
1,unified,74,ARITHMETIC,0,unified,
1,unified,75,ARITHMETIC,0,unified,
1,unified,76,ARITHMETIC,0,unified,
1,unified,77,ARITHMETIC,0,unified,
1,unified,78,STORY,0,unified,
1,unified,79,ARITHMETIC,0,unified,
1,unified,80,STORY,0,unified,
1,unified,81,STORY,0,unified,
1,unified,82,STORY,0,unified,
1,unified,83,STORY,0,unified,
1,unified,84,ARITHMETIC,0,unified,
1,unified,85,STORY,0,unified,
1,unified,86,STORY,0,unified,
1,unified,87,STORY,0,unified,
1,unified,88,STORY,0,unified,
1,unified,89,ARITHMETIC,0,unified,
1,unified,90,STORY,0,unified,
1,unified,91,ARITHMETIC,0,unified,
1,unified,92,ARITHMETIC,0,unified,
1,unified,93,STORY,0,unified,
1,unified,94,ARITHMETIC,0,unified,
1,unified,95,ARITHMETIC,0,unified,
1,unified,96,ARITHMETIC,0,unified,
1,unified,97,STORY,0,unified,
1,unified,98,STORY,0,unified,
1,unified,99,STORY,0,unified,
1,unified,100,ARITHMETIC,0,unified,
1,unified,101,ARITHMETIC,0,unified,
1,unified,102,ARITHMETIC,0,unified,
1,unified,103,ARITHMETIC,0,unified,
1,unified,104,ARITHMETIC,0,unified,
1,unified,105,ARITHMETIC,0,unified,
1,unified,106,ARITHMETIC,0,unified,
1,unified,107,STORY,0,unified,
1,unified,108,STORY,0,unified,
1,unified,109,STORY,0,unified,
1,unified,110,ARITHMETIC,0,unified,
1,unified,111,ARITHMETIC,0,unified,
1,unified,112,STORY,0,unified,
1,unified,113,ARITHMETIC,0,unified,
1,unified,114,STORY,0,unified,
1,unified,115,STORY,0,unified,
1,unified,116,STORY,0,unified,
1,unified,117,ARITHMETIC,0,unified,
1,unified,118,ARITHMETIC,0,unified,
1,unified,119,ARITHMETIC,0,unified,
1,unified,120,ARITHMETIC,0,unified,
1,unified,121,STORY,0,unified,
1,unified,122,STORY,0,unified,
1,unified,123,STORY,0,unified,
1,unified,124,ARITHMETIC,0,unified,
1,unified,125,ARITHMETIC,0,unified,
1,unified,126,STORY,0,unified,
1,unified,127,ARITHMETIC,0,unified,
1,unified,128,STORY,0,unified,
1,unified,129,ARITHMETIC,0,unified,
1,unified,130,ARITHMETIC,0,unified,
1,unified,131,STORY,0,unified,
1,unified,132,ARITHMETIC,0,unified,
1,unified,133,STORY,0,unified,
1,unified,134,STORY,0,unified,
1,unified,135,STORY,0,unified,
1,unified,136,STORY,0,unified,
1,unified,137,STORY,0,unified,
1,unified,138,ARITHMETIC,0,unified,
1,unified,139,ARITHMETIC,0,unified,
1,unified,140,ARITHMETIC,0,unified,
1,unified,141,STORY,0,unified,
1,unified,142,ARITHMETIC,0,unified,
1,unified,143,ARITHMETIC,0,unified,
1,unified,144,STORY,0,unified,
1,unified,145,STORY,0,unified,
1,unified,146,ARITHMETIC,0,unified,
1,unified,147,STORY,0,unified,
1,unified,148,ARITHMETIC,0,unified,
1,unified,149,ARITHMETIC,0,unified,
1,unified,150,ARITHMETIC,0,unified,
1,unified,151,STORY,0,unified,
1,unified,152,STORY,0,unified,
1,unified,153,ARITHMETIC,0,unified,
1,unified,154,STORY,0,unified,
1,unified,155,ARITHMETIC,0,unified,
1,unified,156,STORY,0,unified,
1,unified,157,ARITHMETIC,0,unified,
1,unified,158,ARITHMETIC,0,unified,
1,unified,159,STORY,0,unified,
1,unified,160,ARITHMETIC,0,unified,
1,unified,161,STORY,0,unified,
1,unified,162,ARITHMETIC,0,unified,
1,unified,163,ARITHMETIC,0,unified,
1,unified,164,STORY,0,unified,
1,unified,165,STORY,0,unified,
1,unified,166,STORY,0,unified,
1,unified,167,ARITHMETIC,0,unified,
1,unified,168,STORY,0,unified,
1,unified,169,STORY,0,unified,
1,unified,170,STORY,0,unified,
1,unified,171,ARITHMETIC,0,unified,
1,unified,172,ARITHMETIC,0,unified,
1,unified,173,ARITHMETIC,0,unified,
1,unified,174,STORY,0,unified,
1,unified,175,STORY,0,unified,
1,unified,176,STORY,0,unified,
1,unified,177,STORY,0,unified,
1,unified,178,STORY,0,unified,
1,unified,179,STORY,0,unified,
1,unified,180,STORY,0,unified,
1,unified,181,ARITHMETIC,0,unified,
1,unified,182,ARITHMETIC,0,unified,
1,unified,183,ARITHMETIC,0,unified,
1,unified,184,STORY,0,unified,
1,unified,185,STORY,0,unified,
1,unified,186,ARITHMETIC,0,unified,
1,unified,187,STORY,0,unified,
1,unified,188,ARITHMETIC,0,unified,
1,unified,189,STORY,0,unified,
1,unified,190,ARITHMETIC,0,unified,
1,unified,191,STORY,0,unified,
1,unified,192,STORY,0,unified,
1,unified,193,STORY,0,unified,
1,unified,194,ARITHMETIC,0,unified,
1,unified,195,STORY,0,unified,
1,unified,196,ARITHMETIC,0,unified,
1,unified,197,STORY,0,unified,
1,unified,198,STORY,0,unified,
1,unified,199,STORY,0,unified,
1,unified,200,ARITHMETIC,0,unified,
1,unified,201,STORY,0,unified,
1,unified,202,STORY,0,unified,
1,unified,203,STORY,0,unified,
1,unified,204,ARITHMETIC,0,unified,
1,unified,205,STORY,0,unified,
1,unified,206,ARITHMETIC,0,unified,
1,unified,207,ARITHMETIC,0,unified,
1,unified,208,STORY,0,unified,
1,unified,209,ARITHMETIC,0,unified,
1,unified,210,STORY,0,unified,
1,unified,211,STORY,0,unified,
1,unified,212,ARITHMETIC,0,unified,
1,unified,213,ARITHMETIC,0,unified,
1,unified,214,ARITHMETIC,0,unified,
1,unified,215,STORY,0,unified,
1,unified,216,STORY,0,unified,
1,unified,217,STORY,0,unified,
1,unified,218,STORY,0,unified,
1,unified,219,ARITHMETIC,0,unified,
1,unified,220,ARITHMETIC,0,unified,
1,unified,221,STORY,0,unified,
1,unified,222,ARITHMETIC,0,unified,
1,unified,223,ARITHMETIC,0,unified,
1,unified,224,STORY,0,unified,
1,unified,225,ARITHMETIC,0,unified,
1,unified,226,ARITHMETIC,0,unified,
1,unified,227,STORY,0,unified,
1,unified,228,STORY,0,unified,
1,unified,229,ARITHMETIC,0,unified,
1,unified,230,STORY,0,unified,
1,unified,231,STORY,0,unified,
1,unified,232,ARITHMETIC,0,unified,
1,unified,233,ARITHMETIC,0,unified,
1,unified,234,ARITHMETIC,0,unified,
1,unified,235,STORY,0,unified,
1,unified,236,STORY,0,unified,
1,unified,237,ARITHMETIC,0,unified,
1,unified,238,ARITHMETIC,0,unified,
1,unified,239,STORY,0,unified,
1,unified,240,ARITHMETIC,0,unified,
1,unified,241,STORY,0,unified,
1,unified,242,ARITHMETIC,0,unified,
1,unified,243,ARITHMETIC,0,unified,
1,unified,244,ARITHMETIC,0,unified,
1,unified,245,STORY,0,unified,
1,unified,246,STORY,0,unified,
1,unified,247,ARITHMETIC,0,unified,
1,unified,248,ARITHMETIC,0,unified,
1,unified,249,STORY,0,unified,
1,unified,250,ARITHMETIC,0,unified,
1,unified,251,ARITHMETIC,0,unified,
1,unified,252,ARITHMETIC,0,unified,
1,unified,253,STORY,0,unified,
1,unified,254,ARITHMETIC,0,unified,
1,unified,255,STORY,0,unified,
1,unified,256,STORY,0,unified,
1,unified,257,STORY,0,unified,
1,unified,258,ARITHMETIC,0,unified,
1,unified,259,STORY,0,unified,
1,unified,260,STORY,0,unified,
1,unified,261,ARITHMETIC,0,unified,
1,unified,262,ARITHMETIC,0,unified,
1,unified,263,STORY,0,unified,
1,unified,264,ARITHMETIC,0,unified,
1,unified,265,STORY,0,unified,
1,unified,266,ARITHMETIC,0,unified,
1,unified,267,ARITHMETIC,0,unified,
1,unified,268,STORY,0,unified,
1,unified,269,STORY,0,unified,
1,unified,270,ARITHMETIC,0,unified,
1,unified,271,STORY,0,unified,
1,unified,272,STORY,0,unified,
1,unified,273,ARITHMETIC,0,unified,
1,unified,274,STORY,0,unified,
1,unified,275,ARITHMETIC,0,unified,
1,unified,276,ARITHMETIC,0,unified,
1,unified,277,STORY,0,unified,
1,unified,278,STORY,0,unified,
1,unified,279,ARITHMETIC,0,unified,
1,unified,280,ARITHMETIC,0,unified,
1,unified,281,ARITHMETIC,0,unified,
1,unified,282,ARITHMETIC,0,unified,
1,unified,283,ARITHMETIC,0,unified,
1,unified,284,ARITHMETIC,0,unified,
1,unified,285,ARITHMETIC,0,unified,
1,unified,286,ARITHMETIC,0,unified,
1,unified,287,ARITHMETIC,0,unified,
1,unified,288,STORY,0,unified,
1,unified,289,STORY,0,unified,
1,unified,290,STORY,0,unified,
1,unified,291,ARITHMETIC,0,unified,
1,unified,292,ARITHMETIC,0,unified,
1,unified,293,STORY,0,unified,
1,unified,294,STORY,0,unified,
1,unified,295,STORY,0,unified,
1,unified,296,STORY,0,unified,
1,unified,297,ARITHMETIC,0,unified,
1,unified,298,STORY,0,unified,
1,unified,299,ARITHMETIC,0,unified,
1,unified,300,ARITHMETIC,0,unified,
1,unified,301,STORY,0,unified,
1,unified,302,ARITHMETIC,0,unified,
1,unified,303,STORY,0,unified,
1,unified,304,STORY,0,unified,
1,unified,305,ARITHMETIC,0,unified,
1,unified,306,ARITHMETIC,0,unified,
1,unified,307,ARITHMETIC,0,unified,
1,unified,308,ARITHMETIC,0,unified,
1,unified,309,STORY,0,unified,
1,unified,310,STORY,0,unified,
1,unified,311,ARITHMETIC,0,unified,
1,unified,312,STORY,0,unified,
1,unified,313,ARITHMETIC,0,unified,
1,unified,314,ARITHMETIC,0,unified,
1,unified,315,STORY,0,unified,
1,unified,316,ARITHMETIC,0,unified,
1,unified,317,ARITHMETIC,0,unified,
1,unified,318,ARITHMETIC,0,unified,
1,unified,319,STORY,0,unified,
1,unified,320,STORY,0,unified,
1,unified,321,STORY,0,unified,
1,unified,322,STORY,0,unified,
1,unified,323,ARITHMETIC,0,unified,
1,unified,324,STORY,0,unified,
1,unified,325,ARITHMETIC,0,unified,
1,unified,326,STORY,0,unified,
1,unified,327,STORY,0,unified,
1,unified,328,STORY,0,unified,
1,unified,329,STORY,0,unified,
1,unified,330,ARITHMETIC,0,unified,
1,unified,331,ARITHMETIC,0,unified,
1,unified,332,STORY,0,unified,
1,unified,333,ARITHMETIC,0,unified,
1,unified,334,ARITHMETIC,0,unified,
1,unified,335,STORY,0,unified,
1,unified,336,STORY,0,unified,
1,unified,337,ARITHMETIC,0,unified,
1,unified,338,ARITHMETIC,0,unified,
1,unified,339,STORY,0,unified,
1,unified,340,ARITHMETIC,0,unified,
1,unified,341,STORY,0,unified,
1,unified,342,STORY,0,unified,
1,unified,343,ARITHMETIC,0,unified,
1,unified,344,STORY,0,unified,
1,unified,345,ARITHMETIC,0,unified,
1,unified,346,ARITHMETIC,0,unified,
1,unified,347,ARITHMETIC,0,unified,
1,unified,348,ARITHMETIC,0,unified,
1,unified,349,STORY,0,unified,
1,unified,350,ARITHMETIC,0,unified,
1,unified,351,ARITHMETIC,0,unified,
1,unified,352,ARITHMETIC,0,unified,
1,unified,353,STORY,0,unified,
1,unified,354,ARITHMETIC,0,unified,
1,unified,355,ARITHMETIC,0,unified,
1,unified,356,ARITHMETIC,0,unified,
1,unified,357,STORY,0,unified,
1,unified,358,STORY,0,unified,
1,unified,359,STORY,0,unified,
1,unified,360,STORY,0,unified,
1,unified,361,ARITHMETIC,0,unified,
1,unified,362,STORY,0,unified,
1,unified,363,STORY,0,unified,
1,unified,364,ARITHMETIC,0,unified,
1,unified,365,STORY,0,unified,
1,unified,366,ARITHMETIC,0,unified,
1,unified,367,STORY,0,unified,
1,unified,368,STORY,0,unified,
1,unified,369,STORY,0,unified,
1,unified,370,ARITHMETIC,0,unified,
1,unified,371,STORY,0,unified,
1,unified,372,ARITHMETIC,0,unified,
1,unified,373,ARITHMETIC,0,unified,
1,unified,374,STORY,0,unified,
1,unified,375,STORY,0,unified,
1,unified,376,STORY,0,unified,
1,unified,377,ARITHMETIC,0,unified,
1,unified,378,STORY,0,unified,
1,unified,379,STORY,0,unified,
1,unified,380,ARITHMETIC,0,unified,
1,unified,381,STORY,0,unified,
1,unified,382,STORY,0,unified,
1,unified,383,STORY,0,unified,
1,unified,384,STORY,0,unified,
1,unified,385,STORY,0,unified,
1,unified,386,ARITHMETIC,0,unified,
1,unified,387,ARITHMETIC,0,unified,
1,unified,388,ARITHMETIC,0,unified,
1,unified,389,ARITHMETIC,0,unified,
1,unified,390,STORY,0,unified,
1,unified,391,STORY,0,unified,
1,unified,392,STORY,0,unified,
1,unified,393,STORY,0,unified,
1,unified,394,ARITHMETIC,0,unified,
1,unified,395,STORY,0,unified,
1,unified,396,ARITHMETIC,0,unified,
1,unified,397,STORY,0,unified,
1,unified,398,ARITHMETIC,0,unified,
1,unified,399,STORY,0,unified,
1,unified,400,ARITHMETIC,0,unified,
1,stratified-capacity-fork,1,STORY,1,label-stratified-control,
1,stratified-capacity-fork,2,ARITHMETIC,1,label-stratified-control,
1,stratified-capacity-fork,3,STORY,0,label-stratified-control,
1,stratified-capacity-fork,4,ARITHMETIC,0,label-stratified-control,
1,stratified-capacity-fork,5,STORY,1,label-stratified-control,
1,stratified-capacity-fork,6,ARITHMETIC,1,label-stratified-control,
1,stratified-capacity-fork,7,STORY,0,label-stratified-control,
1,stratified-capacity-fork,8,STORY,1,label-stratified-control,
1,stratified-capacity-fork,9,STORY,0,label-stratified-control,
1,stratified-capacity-fork,10,STORY,1,label-stratified-control,
1,stratified-capacity-fork,11,ARITHMETIC,0,label-stratified-control,
1,stratified-capacity-fork,12,ARITHMETIC,1,label-stratified-control,
1,stratified-capacity-fork,13,ARITHMETIC,0,label-stratified-control,
1,stratified-capacity-fork,14,ARITHMETIC,1,label-stratified-control,
1,stratified-capacity-fork,15,STORY,0,label-stratified-control,
1,stratified-capacity-fork,16,ARITHMETIC,0,label-stratified-control,
1,stratified-capacity-fork,17,ARITHMETIC,1,label-stratified-control,
1,stratified-capacity-fork,18,ARITHMETIC,0,label-stratified-control,
1,stratified-capacity-fork,19,STORY,1,label-stratified-control,
1,stratified-capacity-fork,20,STORY,0,label-stratified-control,
1,stratified-capacity-fork,21,ARITHMETIC,1,label-stratified-control,
1,stratified-capacity-fork,22,STORY,1,label-stratified-control,
1,stratified-capacity-fork,23,STORY,0,label-stratified-control,
1,stratified-capacity-fork,24,STORY,1,label-stratified-control,
1,stratified-capacity-fork,25,ARITHMETIC,0,label-stratified-control,
1,stratified-capacity-fork,26,ARITHMETIC,1,label-stratified-control,
1,stratified-capacity-fork,27,ARITHMETIC,0,label-stratified-control,
1,stratified-capacity-fork,28,STORY,0,label-stratified-control,
1,stratified-capacity-fork,29,ARITHMETIC,1,label-stratified-control,
1,stratified-capacity-fork,30,ARITHMETIC,0,label-stratified-control,
1,stratified-capacity-fork,31,ARITHMETIC,1,label-stratified-control,
1,stratified-capacity-fork,32,ARITHMETIC,0,label-stratified-control,
1,stratified-capacity-fork,33,ARITHMETIC,1,label-stratified-control,
1,stratified-capacity-fork,34,ARITHMETIC,0,label-stratified-control,
1,stratified-capacity-fork,35,STORY,1,label-stratified-control,
1,stratified-capacity-fork,36,ARITHMETIC,1,label-stratified-control,
1,stratified-capacity-fork,37,STORY,0,label-stratified-control,
1,stratified-capacity-fork,38,STORY,1,label-stratified-control,
1,stratified-capacity-fork,39,STORY,0,label-stratified-control,
1,stratified-capacity-fork,40,STORY,1,label-stratified-control,
1,stratified-capacity-fork,41,ARITHMETIC,0,label-stratified-control,
1,stratified-capacity-fork,42,STORY,0,label-stratified-control,
1,stratified-capacity-fork,43,ARITHMETIC,1,label-stratified-control,
1,stratified-capacity-fork,44,STORY,1,label-stratified-control,
1,stratified-capacity-fork,45,STORY,0,label-stratified-control,
1,stratified-capacity-fork,46,ARITHMETIC,0,label-stratified-control,
1,stratified-capacity-fork,47,STORY,1,label-stratified-control,
1,stratified-capacity-fork,48,ARITHMETIC,1,label-stratified-control,
1,stratified-capacity-fork,49,STORY,0,label-stratified-control,
1,stratified-capacity-fork,50,ARITHMETIC,0,label-stratified-control,
1,stratified-capacity-fork,51,ARITHMETIC,1,label-stratified-control,
1,stratified-capacity-fork,52,ARITHMETIC,0,label-stratified-control,
1,stratified-capacity-fork,53,STORY,1,label-stratified-control,
1,stratified-capacity-fork,54,ARITHMETIC,1,label-stratified-control,
1,stratified-capacity-fork,55,STORY,0,label-stratified-control,
1,stratified-capacity-fork,56,STORY,1,label-stratified-control,
1,stratified-capacity-fork,57,STORY,0,label-stratified-control,
1,stratified-capacity-fork,58,STORY,1,label-stratified-control,
1,stratified-capacity-fork,59,ARITHMETIC,0,label-stratified-control,
1,stratified-capacity-fork,60,ARITHMETIC,1,label-stratified-control,
1,stratified-capacity-fork,61,STORY,0,label-stratified-control,
1,stratified-capacity-fork,62,ARITHMETIC,0,label-stratified-control,
1,stratified-capacity-fork,63,ARITHMETIC,1,label-stratified-control,
1,stratified-capacity-fork,64,STORY,1,label-stratified-control,
1,stratified-capacity-fork,65,ARITHMETIC,0,label-stratified-control,
1,stratified-capacity-fork,66,ARITHMETIC,1,label-stratified-control,
1,stratified-capacity-fork,67,ARITHMETIC,0,label-stratified-control,
1,stratified-capacity-fork,68,ARITHMETIC,1,label-stratified-control,
1,stratified-capacity-fork,69,STORY,0,label-stratified-control,
1,stratified-capacity-fork,70,ARITHMETIC,0,label-stratified-control,
1,stratified-capacity-fork,71,STORY,1,label-stratified-control,
1,stratified-capacity-fork,72,ARITHMETIC,1,label-stratified-control,
1,stratified-capacity-fork,73,STORY,0,label-stratified-control,
1,stratified-capacity-fork,74,ARITHMETIC,0,label-stratified-control,
1,stratified-capacity-fork,75,ARITHMETIC,1,label-stratified-control,
1,stratified-capacity-fork,76,ARITHMETIC,0,label-stratified-control,
1,stratified-capacity-fork,77,ARITHMETIC,1,label-stratified-control,
1,stratified-capacity-fork,78,STORY,1,label-stratified-control,
1,stratified-capacity-fork,79,ARITHMETIC,0,label-stratified-control,
1,stratified-capacity-fork,80,STORY,0,label-stratified-control,
1,stratified-capacity-fork,81,STORY,1,label-stratified-control,
1,stratified-capacity-fork,82,STORY,0,label-stratified-control,
1,stratified-capacity-fork,83,STORY,1,label-stratified-control,
1,stratified-capacity-fork,84,ARITHMETIC,1,label-stratified-control,
1,stratified-capacity-fork,85,STORY,0,label-stratified-control,
1,stratified-capacity-fork,86,STORY,1,label-stratified-control,
1,stratified-capacity-fork,87,STORY,0,label-stratified-control,
1,stratified-capacity-fork,88,STORY,1,label-stratified-control,
1,stratified-capacity-fork,89,ARITHMETIC,0,label-stratified-control,
1,stratified-capacity-fork,90,STORY,0,label-stratified-control,
1,stratified-capacity-fork,91,ARITHMETIC,1,label-stratified-control,
1,stratified-capacity-fork,92,ARITHMETIC,0,label-stratified-control,
1,stratified-capacity-fork,93,STORY,1,label-stratified-control,
1,stratified-capacity-fork,94,ARITHMETIC,1,label-stratified-control,
1,stratified-capacity-fork,95,ARITHMETIC,0,label-stratified-control,
1,stratified-capacity-fork,96,ARITHMETIC,1,label-stratified-control,
1,stratified-capacity-fork,97,STORY,0,label-stratified-control,
1,stratified-capacity-fork,98,STORY,1,label-stratified-control,
1,stratified-capacity-fork,99,STORY,0,label-stratified-control,
1,stratified-capacity-fork,100,ARITHMETIC,0,label-stratified-control,
1,stratified-capacity-fork,101,ARITHMETIC,1,label-stratified-control,
1,stratified-capacity-fork,102,ARITHMETIC,0,label-stratified-control,
1,stratified-capacity-fork,103,ARITHMETIC,1,label-stratified-control,
1,stratified-capacity-fork,104,ARITHMETIC,0,label-stratified-control,
1,stratified-capacity-fork,105,ARITHMETIC,1,label-stratified-control,
1,stratified-capacity-fork,106,ARITHMETIC,0,label-stratified-control,
1,stratified-capacity-fork,107,STORY,1,label-stratified-control,
1,stratified-capacity-fork,108,STORY,0,label-stratified-control,
1,stratified-capacity-fork,109,STORY,1,label-stratified-control,
1,stratified-capacity-fork,110,ARITHMETIC,1,label-stratified-control,
1,stratified-capacity-fork,111,ARITHMETIC,0,label-stratified-control,
1,stratified-capacity-fork,112,STORY,0,label-stratified-control,
1,stratified-capacity-fork,113,ARITHMETIC,1,label-stratified-control,
1,stratified-capacity-fork,114,STORY,1,label-stratified-control,
1,stratified-capacity-fork,115,STORY,0,label-stratified-control,
1,stratified-capacity-fork,116,STORY,1,label-stratified-control,
1,stratified-capacity-fork,117,ARITHMETIC,0,label-stratified-control,
1,stratified-capacity-fork,118,ARITHMETIC,1,label-stratified-control,
1,stratified-capacity-fork,119,ARITHMETIC,0,label-stratified-control,
1,stratified-capacity-fork,120,ARITHMETIC,1,label-stratified-control,
1,stratified-capacity-fork,121,STORY,0,label-stratified-control,
1,stratified-capacity-fork,122,STORY,1,label-stratified-control,
1,stratified-capacity-fork,123,STORY,0,label-stratified-control,
1,stratified-capacity-fork,124,ARITHMETIC,0,label-stratified-control,
1,stratified-capacity-fork,125,ARITHMETIC,1,label-stratified-control,
1,stratified-capacity-fork,126,STORY,1,label-stratified-control,
1,stratified-capacity-fork,127,ARITHMETIC,0,label-stratified-control,
1,stratified-capacity-fork,128,STORY,0,label-stratified-control,
1,stratified-capacity-fork,129,ARITHMETIC,1,label-stratified-control,
1,stratified-capacity-fork,130,ARITHMETIC,0,label-stratified-control,
1,stratified-capacity-fork,131,STORY,1,label-stratified-control,
1,stratified-capacity-fork,132,ARITHMETIC,1,label-stratified-control,
1,stratified-capacity-fork,133,STORY,0,label-stratified-control,
1,stratified-capacity-fork,134,STORY,1,label-stratified-control,
1,stratified-capacity-fork,135,STORY,0,label-stratified-control,
1,stratified-capacity-fork,136,STORY,1,label-stratified-control,
1,stratified-capacity-fork,137,STORY,0,label-stratified-control,
1,stratified-capacity-fork,138,ARITHMETIC,0,label-stratified-control,
1,stratified-capacity-fork,139,ARITHMETIC,1,label-stratified-control,
1,stratified-capacity-fork,140,ARITHMETIC,0,label-stratified-control,
1,stratified-capacity-fork,141,STORY,1,label-stratified-control,
1,stratified-capacity-fork,142,ARITHMETIC,1,label-stratified-control,
1,stratified-capacity-fork,143,ARITHMETIC,0,label-stratified-control,
1,stratified-capacity-fork,144,STORY,0,label-stratified-control,
1,stratified-capacity-fork,145,STORY,1,label-stratified-control,
1,stratified-capacity-fork,146,ARITHMETIC,1,label-stratified-control,
1,stratified-capacity-fork,147,STORY,0,label-stratified-control,
1,stratified-capacity-fork,148,ARITHMETIC,0,label-stratified-control,
1,stratified-capacity-fork,149,ARITHMETIC,1,label-stratified-control,
1,stratified-capacity-fork,150,ARITHMETIC,0,label-stratified-control,
1,stratified-capacity-fork,151,STORY,1,label-stratified-control,
1,stratified-capacity-fork,152,STORY,0,label-stratified-control,
1,stratified-capacity-fork,153,ARITHMETIC,1,label-stratified-control,
1,stratified-capacity-fork,154,STORY,1,label-stratified-control,
1,stratified-capacity-fork,155,ARITHMETIC,0,label-stratified-control,
1,stratified-capacity-fork,156,STORY,0,label-stratified-control,
1,stratified-capacity-fork,157,ARITHMETIC,1,label-stratified-control,
1,stratified-capacity-fork,158,ARITHMETIC,0,label-stratified-control,
1,stratified-capacity-fork,159,STORY,1,label-stratified-control,
1,stratified-capacity-fork,160,ARITHMETIC,1,label-stratified-control,
1,stratified-capacity-fork,161,STORY,0,label-stratified-control,
1,stratified-capacity-fork,162,ARITHMETIC,0,label-stratified-control,
1,stratified-capacity-fork,163,ARITHMETIC,1,label-stratified-control,
1,stratified-capacity-fork,164,STORY,1,label-stratified-control,
1,stratified-capacity-fork,165,STORY,0,label-stratified-control,
1,stratified-capacity-fork,166,STORY,1,label-stratified-control,
1,stratified-capacity-fork,167,ARITHMETIC,0,label-stratified-control,
1,stratified-capacity-fork,168,STORY,0,label-stratified-control,
1,stratified-capacity-fork,169,STORY,1,label-stratified-control,
1,stratified-capacity-fork,170,STORY,0,label-stratified-control,
1,stratified-capacity-fork,171,ARITHMETIC,1,label-stratified-control,
1,stratified-capacity-fork,172,ARITHMETIC,0,label-stratified-control,
1,stratified-capacity-fork,173,ARITHMETIC,1,label-stratified-control,
1,stratified-capacity-fork,174,STORY,1,label-stratified-control,
1,stratified-capacity-fork,175,STORY,0,label-stratified-control,
1,stratified-capacity-fork,176,STORY,1,label-stratified-control,
1,stratified-capacity-fork,177,STORY,0,label-stratified-control,
1,stratified-capacity-fork,178,STORY,1,label-stratified-control,
1,stratified-capacity-fork,179,STORY,0,label-stratified-control,
1,stratified-capacity-fork,180,STORY,1,label-stratified-control,
1,stratified-capacity-fork,181,ARITHMETIC,0,label-stratified-control,
1,stratified-capacity-fork,182,ARITHMETIC,1,label-stratified-control,
1,stratified-capacity-fork,183,ARITHMETIC,0,label-stratified-control,
1,stratified-capacity-fork,184,STORY,0,label-stratified-control,
1,stratified-capacity-fork,185,STORY,1,label-stratified-control,
1,stratified-capacity-fork,186,ARITHMETIC,1,label-stratified-control,
1,stratified-capacity-fork,187,STORY,0,label-stratified-control,
1,stratified-capacity-fork,188,ARITHMETIC,0,label-stratified-control,
1,stratified-capacity-fork,189,STORY,1,label-stratified-control,
1,stratified-capacity-fork,190,ARITHMETIC,1,label-stratified-control,
1,stratified-capacity-fork,191,STORY,0,label-stratified-control,
1,stratified-capacity-fork,192,STORY,1,label-stratified-control,
1,stratified-capacity-fork,193,STORY,0,label-stratified-control,
1,stratified-capacity-fork,194,ARITHMETIC,0,label-stratified-control,
1,stratified-capacity-fork,195,STORY,1,label-stratified-control,
1,stratified-capacity-fork,196,ARITHMETIC,1,label-stratified-control,
1,stratified-capacity-fork,197,STORY,0,label-stratified-control,
1,stratified-capacity-fork,198,STORY,1,label-stratified-control,
1,stratified-capacity-fork,199,STORY,0,label-stratified-control,
1,stratified-capacity-fork,200,ARITHMETIC,0,label-stratified-control,
1,stratified-capacity-fork,201,STORY,1,label-stratified-control,
1,stratified-capacity-fork,202,STORY,0,label-stratified-control,
1,stratified-capacity-fork,203,STORY,1,label-stratified-control,
1,stratified-capacity-fork,204,ARITHMETIC,1,label-stratified-control,
1,stratified-capacity-fork,205,STORY,0,label-stratified-control,
1,stratified-capacity-fork,206,ARITHMETIC,0,label-stratified-control,
1,stratified-capacity-fork,207,ARITHMETIC,1,label-stratified-control,
1,stratified-capacity-fork,208,STORY,1,label-stratified-control,
1,stratified-capacity-fork,209,ARITHMETIC,0,label-stratified-control,
1,stratified-capacity-fork,210,STORY,0,label-stratified-control,
1,stratified-capacity-fork,211,STORY,1,label-stratified-control,
1,stratified-capacity-fork,212,ARITHMETIC,1,label-stratified-control,
1,stratified-capacity-fork,213,ARITHMETIC,0,label-stratified-control,
1,stratified-capacity-fork,214,ARITHMETIC,1,label-stratified-control,
1,stratified-capacity-fork,215,STORY,0,label-stratified-control,
1,stratified-capacity-fork,216,STORY,1,label-stratified-control,
1,stratified-capacity-fork,217,STORY,0,label-stratified-control,
1,stratified-capacity-fork,218,STORY,1,label-stratified-control,
1,stratified-capacity-fork,219,ARITHMETIC,0,label-stratified-control,
1,stratified-capacity-fork,220,ARITHMETIC,1,label-stratified-control,
1,stratified-capacity-fork,221,STORY,0,label-stratified-control,
1,stratified-capacity-fork,222,ARITHMETIC,0,label-stratified-control,
1,stratified-capacity-fork,223,ARITHMETIC,1,label-stratified-control,
1,stratified-capacity-fork,224,STORY,1,label-stratified-control,
1,stratified-capacity-fork,225,ARITHMETIC,0,label-stratified-control,
1,stratified-capacity-fork,226,ARITHMETIC,1,label-stratified-control,
1,stratified-capacity-fork,227,STORY,0,label-stratified-control,
1,stratified-capacity-fork,228,STORY,1,label-stratified-control,
1,stratified-capacity-fork,229,ARITHMETIC,0,label-stratified-control,
1,stratified-capacity-fork,230,STORY,0,label-stratified-control,
1,stratified-capacity-fork,231,STORY,1,label-stratified-control,
1,stratified-capacity-fork,232,ARITHMETIC,1,label-stratified-control,
1,stratified-capacity-fork,233,ARITHMETIC,0,label-stratified-control,
1,stratified-capacity-fork,234,ARITHMETIC,1,label-stratified-control,
1,stratified-capacity-fork,235,STORY,0,label-stratified-control,
1,stratified-capacity-fork,236,STORY,1,label-stratified-control,
1,stratified-capacity-fork,237,ARITHMETIC,0,label-stratified-control,
1,stratified-capacity-fork,238,ARITHMETIC,1,label-stratified-control,
1,stratified-capacity-fork,239,STORY,0,label-stratified-control,
1,stratified-capacity-fork,240,ARITHMETIC,0,label-stratified-control,
1,stratified-capacity-fork,241,STORY,1,label-stratified-control,
1,stratified-capacity-fork,242,ARITHMETIC,1,label-stratified-control,
1,stratified-capacity-fork,243,ARITHMETIC,0,label-stratified-control,
1,stratified-capacity-fork,244,ARITHMETIC,1,label-stratified-control,
1,stratified-capacity-fork,245,STORY,0,label-stratified-control,
1,stratified-capacity-fork,246,STORY,1,label-stratified-control,
1,stratified-capacity-fork,247,ARITHMETIC,0,label-stratified-control,
1,stratified-capacity-fork,248,ARITHMETIC,1,label-stratified-control,
1,stratified-capacity-fork,249,STORY,0,label-stratified-control,
1,stratified-capacity-fork,250,ARITHMETIC,0,label-stratified-control,
1,stratified-capacity-fork,251,ARITHMETIC,1,label-stratified-control,
1,stratified-capacity-fork,252,ARITHMETIC,0,label-stratified-control,
1,stratified-capacity-fork,253,STORY,1,label-stratified-control,
1,stratified-capacity-fork,254,ARITHMETIC,1,label-stratified-control,
1,stratified-capacity-fork,255,STORY,0,label-stratified-control,
1,stratified-capacity-fork,256,STORY,1,label-stratified-control,
1,stratified-capacity-fork,257,STORY,0,label-stratified-control,
1,stratified-capacity-fork,258,ARITHMETIC,0,label-stratified-control,
1,stratified-capacity-fork,259,STORY,1,label-stratified-control,
1,stratified-capacity-fork,260,STORY,0,label-stratified-control,
1,stratified-capacity-fork,261,ARITHMETIC,1,label-stratified-control,
1,stratified-capacity-fork,262,ARITHMETIC,0,label-stratified-control,
1,stratified-capacity-fork,263,STORY,1,label-stratified-control,
1,stratified-capacity-fork,264,ARITHMETIC,1,label-stratified-control,
1,stratified-capacity-fork,265,STORY,0,label-stratified-control,
1,stratified-capacity-fork,266,ARITHMETIC,0,label-stratified-control,
1,stratified-capacity-fork,267,ARITHMETIC,1,label-stratified-control,
1,stratified-capacity-fork,268,STORY,1,label-stratified-control,
1,stratified-capacity-fork,269,STORY,0,label-stratified-control,
1,stratified-capacity-fork,270,ARITHMETIC,0,label-stratified-control,
1,stratified-capacity-fork,271,STORY,1,label-stratified-control,
1,stratified-capacity-fork,272,STORY,0,label-stratified-control,
1,stratified-capacity-fork,273,ARITHMETIC,1,label-stratified-control,
1,stratified-capacity-fork,274,STORY,1,label-stratified-control,
1,stratified-capacity-fork,275,ARITHMETIC,0,label-stratified-control,
1,stratified-capacity-fork,276,ARITHMETIC,1,label-stratified-control,
1,stratified-capacity-fork,277,STORY,0,label-stratified-control,
1,stratified-capacity-fork,278,STORY,1,label-stratified-control,
1,stratified-capacity-fork,279,ARITHMETIC,0,label-stratified-control,
1,stratified-capacity-fork,280,ARITHMETIC,1,label-stratified-control,
1,stratified-capacity-fork,281,ARITHMETIC,0,label-stratified-control,
1,stratified-capacity-fork,282,ARITHMETIC,1,label-stratified-control,
1,stratified-capacity-fork,283,ARITHMETIC,0,label-stratified-control,
1,stratified-capacity-fork,284,ARITHMETIC,1,label-stratified-control,
1,stratified-capacity-fork,285,ARITHMETIC,0,label-stratified-control,
1,stratified-capacity-fork,286,ARITHMETIC,1,label-stratified-control,
1,stratified-capacity-fork,287,ARITHMETIC,0,label-stratified-control,
1,stratified-capacity-fork,288,STORY,0,label-stratified-control,
1,stratified-capacity-fork,289,STORY,1,label-stratified-control,
1,stratified-capacity-fork,290,STORY,0,label-stratified-control,
1,stratified-capacity-fork,291,ARITHMETIC,1,label-stratified-control,
1,stratified-capacity-fork,292,ARITHMETIC,0,label-stratified-control,
1,stratified-capacity-fork,293,STORY,1,label-stratified-control,
1,stratified-capacity-fork,294,STORY,0,label-stratified-control,
1,stratified-capacity-fork,295,STORY,1,label-stratified-control,
1,stratified-capacity-fork,296,STORY,0,label-stratified-control,
1,stratified-capacity-fork,297,ARITHMETIC,1,label-stratified-control,
1,stratified-capacity-fork,298,STORY,1,label-stratified-control,
1,stratified-capacity-fork,299,ARITHMETIC,0,label-stratified-control,
1,stratified-capacity-fork,300,ARITHMETIC,1,label-stratified-control,
1,stratified-capacity-fork,301,STORY,0,label-stratified-control,
1,stratified-capacity-fork,302,ARITHMETIC,0,label-stratified-control,
1,stratified-capacity-fork,303,STORY,1,label-stratified-control,
1,stratified-capacity-fork,304,STORY,0,label-stratified-control,
1,stratified-capacity-fork,305,ARITHMETIC,1,label-stratified-control,
1,stratified-capacity-fork,306,ARITHMETIC,0,label-stratified-control,
1,stratified-capacity-fork,307,ARITHMETIC,1,label-stratified-control,
1,stratified-capacity-fork,308,ARITHMETIC,0,label-stratified-control,
1,stratified-capacity-fork,309,STORY,1,label-stratified-control,
1,stratified-capacity-fork,310,STORY,0,label-stratified-control,
1,stratified-capacity-fork,311,ARITHMETIC,1,label-stratified-control,
1,stratified-capacity-fork,312,STORY,1,label-stratified-control,
1,stratified-capacity-fork,313,ARITHMETIC,0,label-stratified-control,
1,stratified-capacity-fork,314,ARITHMETIC,1,label-stratified-control,
1,stratified-capacity-fork,315,STORY,0,label-stratified-control,
1,stratified-capacity-fork,316,ARITHMETIC,0,label-stratified-control,
1,stratified-capacity-fork,317,ARITHMETIC,1,label-stratified-control,
1,stratified-capacity-fork,318,ARITHMETIC,0,label-stratified-control,
1,stratified-capacity-fork,319,STORY,1,label-stratified-control,
1,stratified-capacity-fork,320,STORY,0,label-stratified-control,
1,stratified-capacity-fork,321,STORY,1,label-stratified-control,
1,stratified-capacity-fork,322,STORY,0,label-stratified-control,
1,stratified-capacity-fork,323,ARITHMETIC,1,label-stratified-control,
1,stratified-capacity-fork,324,STORY,1,label-stratified-control,
1,stratified-capacity-fork,325,ARITHMETIC,0,label-stratified-control,
1,stratified-capacity-fork,326,STORY,0,label-stratified-control,
1,stratified-capacity-fork,327,STORY,1,label-stratified-control,
1,stratified-capacity-fork,328,STORY,0,label-stratified-control,
1,stratified-capacity-fork,329,STORY,1,label-stratified-control,
1,stratified-capacity-fork,330,ARITHMETIC,1,label-stratified-control,
1,stratified-capacity-fork,331,ARITHMETIC,0,label-stratified-control,
1,stratified-capacity-fork,332,STORY,0,label-stratified-control,
1,stratified-capacity-fork,333,ARITHMETIC,1,label-stratified-control,
1,stratified-capacity-fork,334,ARITHMETIC,0,label-stratified-control,
1,stratified-capacity-fork,335,STORY,1,label-stratified-control,
1,stratified-capacity-fork,336,STORY,0,label-stratified-control,
1,stratified-capacity-fork,337,ARITHMETIC,1,label-stratified-control,
1,stratified-capacity-fork,338,ARITHMETIC,0,label-stratified-control,
1,stratified-capacity-fork,339,STORY,1,label-stratified-control,
1,stratified-capacity-fork,340,ARITHMETIC,1,label-stratified-control,
1,stratified-capacity-fork,341,STORY,0,label-stratified-control,
1,stratified-capacity-fork,342,STORY,1,label-stratified-control,
1,stratified-capacity-fork,343,ARITHMETIC,0,label-stratified-control,
1,stratified-capacity-fork,344,STORY,0,label-stratified-control,
1,stratified-capacity-fork,345,ARITHMETIC,1,label-stratified-control,
1,stratified-capacity-fork,346,ARITHMETIC,0,label-stratified-control,
1,stratified-capacity-fork,347,ARITHMETIC,1,label-stratified-control,
1,stratified-capacity-fork,348,ARITHMETIC,0,label-stratified-control,
1,stratified-capacity-fork,349,STORY,1,label-stratified-control,
1,stratified-capacity-fork,350,ARITHMETIC,1,label-stratified-control,
1,stratified-capacity-fork,351,ARITHMETIC,0,label-stratified-control,
1,stratified-capacity-fork,352,ARITHMETIC,1,label-stratified-control,
1,stratified-capacity-fork,353,STORY,0,label-stratified-control,
1,stratified-capacity-fork,354,ARITHMETIC,0,label-stratified-control,
1,stratified-capacity-fork,355,ARITHMETIC,1,label-stratified-control,
1,stratified-capacity-fork,356,ARITHMETIC,0,label-stratified-control,
1,stratified-capacity-fork,357,STORY,1,label-stratified-control,
1,stratified-capacity-fork,358,STORY,0,label-stratified-control,
1,stratified-capacity-fork,359,STORY,1,label-stratified-control,
1,stratified-capacity-fork,360,STORY,0,label-stratified-control,
1,stratified-capacity-fork,361,ARITHMETIC,1,label-stratified-control,
1,stratified-capacity-fork,362,STORY,1,label-stratified-control,
1,stratified-capacity-fork,363,STORY,0,label-stratified-control,
1,stratified-capacity-fork,364,ARITHMETIC,0,label-stratified-control,
1,stratified-capacity-fork,365,STORY,1,label-stratified-control,
1,stratified-capacity-fork,366,ARITHMETIC,1,label-stratified-control,
1,stratified-capacity-fork,367,STORY,0,label-stratified-control,
1,stratified-capacity-fork,368,STORY,1,label-stratified-control,
1,stratified-capacity-fork,369,STORY,0,label-stratified-control,
1,stratified-capacity-fork,370,ARITHMETIC,0,label-stratified-control,
1,stratified-capacity-fork,371,STORY,1,label-stratified-control,
1,stratified-capacity-fork,372,ARITHMETIC,1,label-stratified-control,
1,stratified-capacity-fork,373,ARITHMETIC,0,label-stratified-control,
1,stratified-capacity-fork,374,STORY,0,label-stratified-control,
1,stratified-capacity-fork,375,STORY,1,label-stratified-control,
1,stratified-capacity-fork,376,STORY,0,label-stratified-control,
1,stratified-capacity-fork,377,ARITHMETIC,1,label-stratified-control,
1,stratified-capacity-fork,378,STORY,1,label-stratified-control,
1,stratified-capacity-fork,379,STORY,0,label-stratified-control,
1,stratified-capacity-fork,380,ARITHMETIC,0,label-stratified-control,
1,stratified-capacity-fork,381,STORY,1,label-stratified-control,
1,stratified-capacity-fork,382,STORY,0,label-stratified-control,
1,stratified-capacity-fork,383,STORY,1,label-stratified-control,
1,stratified-capacity-fork,384,STORY,0,label-stratified-control,
1,stratified-capacity-fork,385,STORY,1,label-stratified-control,
1,stratified-capacity-fork,386,ARITHMETIC,1,label-stratified-control,
1,stratified-capacity-fork,387,ARITHMETIC,0,label-stratified-control,
1,stratified-capacity-fork,388,ARITHMETIC,1,label-stratified-control,
1,stratified-capacity-fork,389,ARITHMETIC,0,label-stratified-control,
1,stratified-capacity-fork,390,STORY,0,label-stratified-control,
1,stratified-capacity-fork,391,STORY,1,label-stratified-control,
1,stratified-capacity-fork,392,STORY,0,label-stratified-control,
1,stratified-capacity-fork,393,STORY,1,label-stratified-control,
1,stratified-capacity-fork,394,ARITHMETIC,1,label-stratified-control,
1,stratified-capacity-fork,395,STORY,0,label-stratified-control,
1,stratified-capacity-fork,396,ARITHMETIC,0,label-stratified-control,
1,stratified-capacity-fork,397,STORY,1,label-stratified-control,
1,stratified-capacity-fork,398,ARITHMETIC,1,label-stratified-control,
1,stratified-capacity-fork,399,STORY,0,label-stratified-control,
1,stratified-capacity-fork,400,ARITHMETIC,0,label-stratified-control,
1,geometry-bifurcation-fork,1,STORY,0,unlabeled-gradient-k2,1.0796345472335815
1,geometry-bifurcation-fork,2,ARITHMETIC,1,unlabeled-gradient-k2,-1.181498885154724
1,geometry-bifurcation-fork,3,STORY,1,unlabeled-gradient-k2,-0.2641087770462036
1,geometry-bifurcation-fork,4,ARITHMETIC,1,unlabeled-gradient-k2,-1.178616642951965
1,geometry-bifurcation-fork,5,STORY,0,unlabeled-gradient-k2,1.4212863445281982
1,geometry-bifurcation-fork,6,ARITHMETIC,1,unlabeled-gradient-k2,-1.1798702478408811
1,geometry-bifurcation-fork,7,STORY,0,unlabeled-gradient-k2,1.89041805267334
1,geometry-bifurcation-fork,8,STORY,0,unlabeled-gradient-k2,1.922137975692749
1,geometry-bifurcation-fork,9,STORY,0,unlabeled-gradient-k2,1.540252923965454
1,geometry-bifurcation-fork,10,STORY,0,unlabeled-gradient-k2,1.917663335800171
1,geometry-bifurcation-fork,11,ARITHMETIC,1,unlabeled-gradient-k2,-1.181272029876709
1,geometry-bifurcation-fork,12,ARITHMETIC,1,unlabeled-gradient-k2,-1.175066590309143
1,geometry-bifurcation-fork,13,ARITHMETIC,1,unlabeled-gradient-k2,-1.1808288097381592
1,geometry-bifurcation-fork,14,ARITHMETIC,1,unlabeled-gradient-k2,-1.175764799118042
1,geometry-bifurcation-fork,15,STORY,0,unlabeled-gradient-k2,1.209904670715332
1,geometry-bifurcation-fork,16,ARITHMETIC,1,unlabeled-gradient-k2,-1.1807043552398682
1,geometry-bifurcation-fork,17,ARITHMETIC,1,unlabeled-gradient-k2,-1.1792495250701904
1,geometry-bifurcation-fork,18,ARITHMETIC,1,unlabeled-gradient-k2,-1.183653473854065
1,geometry-bifurcation-fork,19,STORY,0,unlabeled-gradient-k2,0.5371752977371216
1,geometry-bifurcation-fork,20,STORY,1,unlabeled-gradient-k2,-0.6083614826202393
1,geometry-bifurcation-fork,21,ARITHMETIC,1,unlabeled-gradient-k2,-1.177459955215454
1,geometry-bifurcation-fork,22,STORY,0,unlabeled-gradient-k2,1.9440141916275024
1,geometry-bifurcation-fork,23,STORY,0,unlabeled-gradient-k2,1.536719799041748
1,geometry-bifurcation-fork,24,STORY,1,unlabeled-gradient-k2,-0.3686306476593017
1,geometry-bifurcation-fork,25,ARITHMETIC,1,unlabeled-gradient-k2,-1.1819602251052856
1,geometry-bifurcation-fork,26,ARITHMETIC,1,unlabeled-gradient-k2,-1.1792243719100952
1,geometry-bifurcation-fork,27,ARITHMETIC,1,unlabeled-gradient-k2,-1.1777849197387695
1,geometry-bifurcation-fork,28,STORY,0,unlabeled-gradient-k2,1.1281765699386597
1,geometry-bifurcation-fork,29,ARITHMETIC,1,unlabeled-gradient-k2,-1.180964469909668
1,geometry-bifurcation-fork,30,ARITHMETIC,1,unlabeled-gradient-k2,-1.1811964511871338
1,geometry-bifurcation-fork,31,ARITHMETIC,1,unlabeled-gradient-k2,-1.1797789335250854
1,geometry-bifurcation-fork,32,ARITHMETIC,1,unlabeled-gradient-k2,-1.1772334575653076
1,geometry-bifurcation-fork,33,ARITHMETIC,1,unlabeled-gradient-k2,-1.1850839853286743
1,geometry-bifurcation-fork,34,ARITHMETIC,1,unlabeled-gradient-k2,-1.1842901706695557
1,geometry-bifurcation-fork,35,STORY,1,unlabeled-gradient-k2,-0.4570345282554626
1,geometry-bifurcation-fork,36,ARITHMETIC,1,unlabeled-gradient-k2,-1.1796430349349976
1,geometry-bifurcation-fork,37,STORY,0,unlabeled-gradient-k2,1.739570379257202
1,geometry-bifurcation-fork,38,STORY,0,unlabeled-gradient-k2,1.1496388912200928
1,geometry-bifurcation-fork,39,STORY,0,unlabeled-gradient-k2,2.43524169921875
1,geometry-bifurcation-fork,40,STORY,0,unlabeled-gradient-k2,1.3131495714187622
1,geometry-bifurcation-fork,41,ARITHMETIC,1,unlabeled-gradient-k2,-1.1827858686447144
1,geometry-bifurcation-fork,42,STORY,1,unlabeled-gradient-k2,-0.117860198020935
1,geometry-bifurcation-fork,43,ARITHMETIC,1,unlabeled-gradient-k2,-1.1778494119644165
1,geometry-bifurcation-fork,44,STORY,1,unlabeled-gradient-k2,-0.1331386566162109
1,geometry-bifurcation-fork,45,STORY,0,unlabeled-gradient-k2,0.7247153520584106
1,geometry-bifurcation-fork,46,ARITHMETIC,1,unlabeled-gradient-k2,-1.172502040863037
1,geometry-bifurcation-fork,47,STORY,0,unlabeled-gradient-k2,1.3019180297851562
1,geometry-bifurcation-fork,48,ARITHMETIC,1,unlabeled-gradient-k2,-1.176994562149048
1,geometry-bifurcation-fork,49,STORY,0,unlabeled-gradient-k2,2.0703125
1,geometry-bifurcation-fork,50,ARITHMETIC,1,unlabeled-gradient-k2,-1.1813071966171265
1,geometry-bifurcation-fork,51,ARITHMETIC,1,unlabeled-gradient-k2,-1.1835993528366089
1,geometry-bifurcation-fork,52,ARITHMETIC,1,unlabeled-gradient-k2,-1.175739049911499
1,geometry-bifurcation-fork,53,STORY,1,unlabeled-gradient-k2,-0.2058156728744506
1,geometry-bifurcation-fork,54,ARITHMETIC,1,unlabeled-gradient-k2,-1.1804264783859253
1,geometry-bifurcation-fork,55,STORY,0,unlabeled-gradient-k2,1.856472730636597
1,geometry-bifurcation-fork,56,STORY,0,unlabeled-gradient-k2,1.2824983596801758
1,geometry-bifurcation-fork,57,STORY,0,unlabeled-gradient-k2,0.774405837059021
1,geometry-bifurcation-fork,58,STORY,1,unlabeled-gradient-k2,-0.072542667388916
1,geometry-bifurcation-fork,59,ARITHMETIC,1,unlabeled-gradient-k2,-1.184785008430481
1,geometry-bifurcation-fork,60,ARITHMETIC,1,unlabeled-gradient-k2,-1.177026391029358
1,geometry-bifurcation-fork,61,STORY,0,unlabeled-gradient-k2,1.196405291557312
1,geometry-bifurcation-fork,62,ARITHMETIC,1,unlabeled-gradient-k2,-1.1807271242141724
1,geometry-bifurcation-fork,63,ARITHMETIC,1,unlabeled-gradient-k2,-1.1826040744781494
1,geometry-bifurcation-fork,64,STORY,0,unlabeled-gradient-k2,1.0857186317443848
1,geometry-bifurcation-fork,65,ARITHMETIC,1,unlabeled-gradient-k2,-1.1766386032104492
1,geometry-bifurcation-fork,66,ARITHMETIC,1,unlabeled-gradient-k2,-1.1811970472335815
1,geometry-bifurcation-fork,67,ARITHMETIC,1,unlabeled-gradient-k2,-1.181065797805786
1,geometry-bifurcation-fork,68,ARITHMETIC,1,unlabeled-gradient-k2,-1.177849531173706
1,geometry-bifurcation-fork,69,STORY,0,unlabeled-gradient-k2,1.6875663995742798
1,geometry-bifurcation-fork,70,ARITHMETIC,1,unlabeled-gradient-k2,-1.183866024017334
1,geometry-bifurcation-fork,71,STORY,0,unlabeled-gradient-k2,1.8750193119049072
1,geometry-bifurcation-fork,72,ARITHMETIC,1,unlabeled-gradient-k2,-1.1807403564453125
1,geometry-bifurcation-fork,73,STORY,0,unlabeled-gradient-k2,2.5292763710021973
1,geometry-bifurcation-fork,74,ARITHMETIC,1,unlabeled-gradient-k2,-1.1817528009414673
1,geometry-bifurcation-fork,75,ARITHMETIC,1,unlabeled-gradient-k2,-1.1775574684143066
1,geometry-bifurcation-fork,76,ARITHMETIC,1,unlabeled-gradient-k2,-1.1713533401489258
1,geometry-bifurcation-fork,77,ARITHMETIC,1,unlabeled-gradient-k2,-1.174595594406128
1,geometry-bifurcation-fork,78,STORY,1,unlabeled-gradient-k2,-0.8931240439414978
1,geometry-bifurcation-fork,79,ARITHMETIC,1,unlabeled-gradient-k2,-1.1834495067596436
1,geometry-bifurcation-fork,80,STORY,0,unlabeled-gradient-k2,0.3212940692901611
1,geometry-bifurcation-fork,81,STORY,0,unlabeled-gradient-k2,1.8099404573440552
1,geometry-bifurcation-fork,82,STORY,0,unlabeled-gradient-k2,1.3497209548950195
1,geometry-bifurcation-fork,83,STORY,0,unlabeled-gradient-k2,1.9027565717697144
1,geometry-bifurcation-fork,84,ARITHMETIC,1,unlabeled-gradient-k2,-1.1818121671676636
1,geometry-bifurcation-fork,85,STORY,0,unlabeled-gradient-k2,0.91033136844635
1,geometry-bifurcation-fork,86,STORY,0,unlabeled-gradient-k2,0.0404351949691772
1,geometry-bifurcation-fork,87,STORY,0,unlabeled-gradient-k2,1.987388610839844
1,geometry-bifurcation-fork,88,STORY,1,unlabeled-gradient-k2,-0.1697299480438232
1,geometry-bifurcation-fork,89,ARITHMETIC,1,unlabeled-gradient-k2,-1.1814905405044556
1,geometry-bifurcation-fork,90,STORY,0,unlabeled-gradient-k2,1.8718016147613523
1,geometry-bifurcation-fork,91,ARITHMETIC,1,unlabeled-gradient-k2,-1.1793160438537598
1,geometry-bifurcation-fork,92,ARITHMETIC,1,unlabeled-gradient-k2,-1.178863763809204
1,geometry-bifurcation-fork,93,STORY,0,unlabeled-gradient-k2,1.3186253309249878
1,geometry-bifurcation-fork,94,ARITHMETIC,1,unlabeled-gradient-k2,-1.1770325899124146
1,geometry-bifurcation-fork,95,ARITHMETIC,1,unlabeled-gradient-k2,-1.1806225776672363
1,geometry-bifurcation-fork,96,ARITHMETIC,1,unlabeled-gradient-k2,-1.1825190782546997
1,geometry-bifurcation-fork,97,STORY,1,unlabeled-gradient-k2,-0.077017068862915
1,geometry-bifurcation-fork,98,STORY,0,unlabeled-gradient-k2,0.0140646696090698
1,geometry-bifurcation-fork,99,STORY,0,unlabeled-gradient-k2,2.2275876998901367
1,geometry-bifurcation-fork,100,ARITHMETIC,1,unlabeled-gradient-k2,-1.180489182472229
1,geometry-bifurcation-fork,101,ARITHMETIC,1,unlabeled-gradient-k2,-1.1799710988998413
1,geometry-bifurcation-fork,102,ARITHMETIC,1,unlabeled-gradient-k2,-1.184504151344299
1,geometry-bifurcation-fork,103,ARITHMETIC,1,unlabeled-gradient-k2,-1.181681513786316
1,geometry-bifurcation-fork,104,ARITHMETIC,1,unlabeled-gradient-k2,-1.1854186058044434
1,geometry-bifurcation-fork,105,ARITHMETIC,1,unlabeled-gradient-k2,-1.1847584247589111
1,geometry-bifurcation-fork,106,ARITHMETIC,1,unlabeled-gradient-k2,-1.179426193237305
1,geometry-bifurcation-fork,107,STORY,1,unlabeled-gradient-k2,-0.5069327354431152
1,geometry-bifurcation-fork,108,STORY,0,unlabeled-gradient-k2,1.8160767555236816
1,geometry-bifurcation-fork,109,STORY,0,unlabeled-gradient-k2,0.5195726156234741
1,geometry-bifurcation-fork,110,ARITHMETIC,1,unlabeled-gradient-k2,-1.1806708574295044
1,geometry-bifurcation-fork,111,ARITHMETIC,1,unlabeled-gradient-k2,-1.1781046390533447
1,geometry-bifurcation-fork,112,STORY,0,unlabeled-gradient-k2,1.5315816402435305
1,geometry-bifurcation-fork,113,ARITHMETIC,1,unlabeled-gradient-k2,-1.182551026344299
1,geometry-bifurcation-fork,114,STORY,0,unlabeled-gradient-k2,0.9826505184173584
1,geometry-bifurcation-fork,115,STORY,0,unlabeled-gradient-k2,0.8396222591400146
1,geometry-bifurcation-fork,116,STORY,0,unlabeled-gradient-k2,0.9061853885650636
1,geometry-bifurcation-fork,117,ARITHMETIC,1,unlabeled-gradient-k2,-1.17747700214386
1,geometry-bifurcation-fork,118,ARITHMETIC,1,unlabeled-gradient-k2,-1.1824613809585571
1,geometry-bifurcation-fork,119,ARITHMETIC,1,unlabeled-gradient-k2,-1.1780141592025757
1,geometry-bifurcation-fork,120,ARITHMETIC,1,unlabeled-gradient-k2,-1.1777971982955933
1,geometry-bifurcation-fork,121,STORY,0,unlabeled-gradient-k2,0.3244574069976806
1,geometry-bifurcation-fork,122,STORY,0,unlabeled-gradient-k2,1.7382490634918213
1,geometry-bifurcation-fork,123,STORY,0,unlabeled-gradient-k2,0.499333381652832
1,geometry-bifurcation-fork,124,ARITHMETIC,1,unlabeled-gradient-k2,-1.1829833984375
1,geometry-bifurcation-fork,125,ARITHMETIC,1,unlabeled-gradient-k2,-1.1814745664596558
1,geometry-bifurcation-fork,126,STORY,0,unlabeled-gradient-k2,0.5736887454986572
1,geometry-bifurcation-fork,127,ARITHMETIC,1,unlabeled-gradient-k2,-1.174757719039917
1,geometry-bifurcation-fork,128,STORY,0,unlabeled-gradient-k2,1.4217519760131836
1,geometry-bifurcation-fork,129,ARITHMETIC,1,unlabeled-gradient-k2,-1.182422161102295
1,geometry-bifurcation-fork,130,ARITHMETIC,1,unlabeled-gradient-k2,-1.180558681488037
1,geometry-bifurcation-fork,131,STORY,0,unlabeled-gradient-k2,0.906670093536377
1,geometry-bifurcation-fork,132,ARITHMETIC,1,unlabeled-gradient-k2,-1.1800413131713867
1,geometry-bifurcation-fork,133,STORY,0,unlabeled-gradient-k2,0.4937697649002075
1,geometry-bifurcation-fork,134,STORY,0,unlabeled-gradient-k2,2.257697820663452
1,geometry-bifurcation-fork,135,STORY,0,unlabeled-gradient-k2,0.8393779993057251
1,geometry-bifurcation-fork,136,STORY,0,unlabeled-gradient-k2,1.7242114543914795
1,geometry-bifurcation-fork,137,STORY,1,unlabeled-gradient-k2,-0.4061751961708069
1,geometry-bifurcation-fork,138,ARITHMETIC,1,unlabeled-gradient-k2,-1.1807029247283936
1,geometry-bifurcation-fork,139,ARITHMETIC,1,unlabeled-gradient-k2,-1.1792813539505005
1,geometry-bifurcation-fork,140,ARITHMETIC,1,unlabeled-gradient-k2,-1.1866182088851929
1,geometry-bifurcation-fork,141,STORY,0,unlabeled-gradient-k2,1.7017658948898315
1,geometry-bifurcation-fork,142,ARITHMETIC,1,unlabeled-gradient-k2,-1.1773080825805664
1,geometry-bifurcation-fork,143,ARITHMETIC,1,unlabeled-gradient-k2,-1.1837059259414673
1,geometry-bifurcation-fork,144,STORY,0,unlabeled-gradient-k2,0.1998605728149414
1,geometry-bifurcation-fork,145,STORY,0,unlabeled-gradient-k2,0.7392055988311768
1,geometry-bifurcation-fork,146,ARITHMETIC,1,unlabeled-gradient-k2,-1.181912899017334
1,geometry-bifurcation-fork,147,STORY,0,unlabeled-gradient-k2,1.666567087173462
1,geometry-bifurcation-fork,148,ARITHMETIC,1,unlabeled-gradient-k2,-1.1771438121795654
1,geometry-bifurcation-fork,149,ARITHMETIC,1,unlabeled-gradient-k2,-1.1805613040924072
1,geometry-bifurcation-fork,150,ARITHMETIC,1,unlabeled-gradient-k2,-1.1832910776138306
1,geometry-bifurcation-fork,151,STORY,0,unlabeled-gradient-k2,1.031452178955078
1,geometry-bifurcation-fork,152,STORY,0,unlabeled-gradient-k2,0.2960457801818847
1,geometry-bifurcation-fork,153,ARITHMETIC,1,unlabeled-gradient-k2,-1.1810485124588013
1,geometry-bifurcation-fork,154,STORY,0,unlabeled-gradient-k2,1.7913286685943604
1,geometry-bifurcation-fork,155,ARITHMETIC,1,unlabeled-gradient-k2,-1.1833072900772097
1,geometry-bifurcation-fork,156,STORY,0,unlabeled-gradient-k2,2.334784984588623
1,geometry-bifurcation-fork,157,ARITHMETIC,1,unlabeled-gradient-k2,-1.1791869401931765
1,geometry-bifurcation-fork,158,ARITHMETIC,1,unlabeled-gradient-k2,-1.179057240486145
1,geometry-bifurcation-fork,159,STORY,0,unlabeled-gradient-k2,2.224117994308472
1,geometry-bifurcation-fork,160,ARITHMETIC,1,unlabeled-gradient-k2,-1.182425022125244
1,geometry-bifurcation-fork,161,STORY,0,unlabeled-gradient-k2,0.6919999122619629
1,geometry-bifurcation-fork,162,ARITHMETIC,1,unlabeled-gradient-k2,-1.1826308965682983
1,geometry-bifurcation-fork,163,ARITHMETIC,1,unlabeled-gradient-k2,-1.184577465057373
1,geometry-bifurcation-fork,164,STORY,0,unlabeled-gradient-k2,1.762339472770691
1,geometry-bifurcation-fork,165,STORY,0,unlabeled-gradient-k2,1.06593656539917
1,geometry-bifurcation-fork,166,STORY,0,unlabeled-gradient-k2,1.6253305673599243
1,geometry-bifurcation-fork,167,ARITHMETIC,1,unlabeled-gradient-k2,-1.1846531629562378
1,geometry-bifurcation-fork,168,STORY,0,unlabeled-gradient-k2,1.062870979309082
1,geometry-bifurcation-fork,169,STORY,1,unlabeled-gradient-k2,-0.1517057418823242
1,geometry-bifurcation-fork,170,STORY,0,unlabeled-gradient-k2,0.1253275871276855
1,geometry-bifurcation-fork,171,ARITHMETIC,1,unlabeled-gradient-k2,-1.1791837215423584
1,geometry-bifurcation-fork,172,ARITHMETIC,1,unlabeled-gradient-k2,-1.1807234287261963
1,geometry-bifurcation-fork,173,ARITHMETIC,1,unlabeled-gradient-k2,-1.1785690784454346
1,geometry-bifurcation-fork,174,STORY,0,unlabeled-gradient-k2,1.345592021942139
1,geometry-bifurcation-fork,175,STORY,0,unlabeled-gradient-k2,0.2487895488739013
1,geometry-bifurcation-fork,176,STORY,0,unlabeled-gradient-k2,0.5904949903488159
1,geometry-bifurcation-fork,177,STORY,1,unlabeled-gradient-k2,-0.1285961866378784
1,geometry-bifurcation-fork,178,STORY,0,unlabeled-gradient-k2,2.010443210601806
1,geometry-bifurcation-fork,179,STORY,0,unlabeled-gradient-k2,1.374560832977295
1,geometry-bifurcation-fork,180,STORY,0,unlabeled-gradient-k2,0.9646672010421752
1,geometry-bifurcation-fork,181,ARITHMETIC,1,unlabeled-gradient-k2,-1.1822197437286377
1,geometry-bifurcation-fork,182,ARITHMETIC,1,unlabeled-gradient-k2,-1.1762615442276
1,geometry-bifurcation-fork,183,ARITHMETIC,1,unlabeled-gradient-k2,-1.1781892776489258
1,geometry-bifurcation-fork,184,STORY,0,unlabeled-gradient-k2,2.43376088142395
1,geometry-bifurcation-fork,185,STORY,0,unlabeled-gradient-k2,0.7299425601959229
1,geometry-bifurcation-fork,186,ARITHMETIC,1,unlabeled-gradient-k2,-1.1820628643035889
1,geometry-bifurcation-fork,187,STORY,1,unlabeled-gradient-k2,-0.2697769403457641
1,geometry-bifurcation-fork,188,ARITHMETIC,1,unlabeled-gradient-k2,-1.1810392141342163
1,geometry-bifurcation-fork,189,STORY,0,unlabeled-gradient-k2,2.381662130355835
1,geometry-bifurcation-fork,190,ARITHMETIC,1,unlabeled-gradient-k2,-1.179019808769226
1,geometry-bifurcation-fork,191,STORY,0,unlabeled-gradient-k2,2.167685270309448
1,geometry-bifurcation-fork,192,STORY,0,unlabeled-gradient-k2,2.092973470687866
1,geometry-bifurcation-fork,193,STORY,0,unlabeled-gradient-k2,0.6273010969161987
1,geometry-bifurcation-fork,194,ARITHMETIC,1,unlabeled-gradient-k2,-1.171610951423645
1,geometry-bifurcation-fork,195,STORY,0,unlabeled-gradient-k2,0.2619147300720215
1,geometry-bifurcation-fork,196,ARITHMETIC,1,unlabeled-gradient-k2,-1.1765713691711426
1,geometry-bifurcation-fork,197,STORY,1,unlabeled-gradient-k2,-0.3420194387435913
1,geometry-bifurcation-fork,198,STORY,0,unlabeled-gradient-k2,0.0931745767593383
1,geometry-bifurcation-fork,199,STORY,0,unlabeled-gradient-k2,0.2857227325439453
1,geometry-bifurcation-fork,200,ARITHMETIC,1,unlabeled-gradient-k2,-1.1788864135742188
1,geometry-bifurcation-fork,201,STORY,0,unlabeled-gradient-k2,2.1409096717834477
1,geometry-bifurcation-fork,202,STORY,0,unlabeled-gradient-k2,1.5309240818023682
1,geometry-bifurcation-fork,203,STORY,0,unlabeled-gradient-k2,1.023139715194702
1,geometry-bifurcation-fork,204,ARITHMETIC,1,unlabeled-gradient-k2,-1.1819487810134888
1,geometry-bifurcation-fork,205,STORY,0,unlabeled-gradient-k2,0.6545407772064209
1,geometry-bifurcation-fork,206,ARITHMETIC,1,unlabeled-gradient-k2,-1.181172251701355
1,geometry-bifurcation-fork,207,ARITHMETIC,1,unlabeled-gradient-k2,-1.1822456121444702
1,geometry-bifurcation-fork,208,STORY,0,unlabeled-gradient-k2,1.7781625986099243
1,geometry-bifurcation-fork,209,ARITHMETIC,1,unlabeled-gradient-k2,-1.1842668056488037
1,geometry-bifurcation-fork,210,STORY,0,unlabeled-gradient-k2,1.394492745399475
1,geometry-bifurcation-fork,211,STORY,0,unlabeled-gradient-k2,0.474245548248291
1,geometry-bifurcation-fork,212,ARITHMETIC,1,unlabeled-gradient-k2,-1.1811858415603638
1,geometry-bifurcation-fork,213,ARITHMETIC,1,unlabeled-gradient-k2,-1.1784796714782717
1,geometry-bifurcation-fork,214,ARITHMETIC,1,unlabeled-gradient-k2,-1.1806249618530271
1,geometry-bifurcation-fork,215,STORY,1,unlabeled-gradient-k2,-0.4107687473297119
1,geometry-bifurcation-fork,216,STORY,0,unlabeled-gradient-k2,0.2423593997955322
1,geometry-bifurcation-fork,217,STORY,0,unlabeled-gradient-k2,0.4650831222534179
1,geometry-bifurcation-fork,218,STORY,0,unlabeled-gradient-k2,1.2245619297027588
1,geometry-bifurcation-fork,219,ARITHMETIC,1,unlabeled-gradient-k2,-1.1772781610488892
1,geometry-bifurcation-fork,220,ARITHMETIC,1,unlabeled-gradient-k2,-1.1795729398727417
1,geometry-bifurcation-fork,221,STORY,0,unlabeled-gradient-k2,1.9998952150344849
1,geometry-bifurcation-fork,222,ARITHMETIC,1,unlabeled-gradient-k2,-1.1800278425216677
1,geometry-bifurcation-fork,223,ARITHMETIC,1,unlabeled-gradient-k2,-1.177920937538147
1,geometry-bifurcation-fork,224,STORY,0,unlabeled-gradient-k2,1.7435505390167236
1,geometry-bifurcation-fork,225,ARITHMETIC,1,unlabeled-gradient-k2,-1.1826330423355105
1,geometry-bifurcation-fork,226,ARITHMETIC,1,unlabeled-gradient-k2,-1.1873129606246948
1,geometry-bifurcation-fork,227,STORY,1,unlabeled-gradient-k2,-0.0313735008239746
1,geometry-bifurcation-fork,228,STORY,1,unlabeled-gradient-k2,-0.0132962465286254
1,geometry-bifurcation-fork,229,ARITHMETIC,1,unlabeled-gradient-k2,-1.1852314472198486
1,geometry-bifurcation-fork,230,STORY,0,unlabeled-gradient-k2,1.2612237930297852
1,geometry-bifurcation-fork,231,STORY,0,unlabeled-gradient-k2,0.7642700672149658
1,geometry-bifurcation-fork,232,ARITHMETIC,1,unlabeled-gradient-k2,-1.1845333576202393
1,geometry-bifurcation-fork,233,ARITHMETIC,1,unlabeled-gradient-k2,-1.175504207611084
1,geometry-bifurcation-fork,234,ARITHMETIC,1,unlabeled-gradient-k2,-1.17889404296875
1,geometry-bifurcation-fork,235,STORY,0,unlabeled-gradient-k2,1.0905301570892334
1,geometry-bifurcation-fork,236,STORY,1,unlabeled-gradient-k2,-0.2352161407470703
1,geometry-bifurcation-fork,237,ARITHMETIC,1,unlabeled-gradient-k2,-1.1792458295822144
1,geometry-bifurcation-fork,238,ARITHMETIC,1,unlabeled-gradient-k2,-1.18294358253479
1,geometry-bifurcation-fork,239,STORY,0,unlabeled-gradient-k2,1.9015893936157229
1,geometry-bifurcation-fork,240,ARITHMETIC,1,unlabeled-gradient-k2,-1.1819123029708862
1,geometry-bifurcation-fork,241,STORY,0,unlabeled-gradient-k2,2.0150740146636963
1,geometry-bifurcation-fork,242,ARITHMETIC,1,unlabeled-gradient-k2,-1.1780717372894287
1,geometry-bifurcation-fork,243,ARITHMETIC,1,unlabeled-gradient-k2,-1.1848503351211548
1,geometry-bifurcation-fork,244,ARITHMETIC,1,unlabeled-gradient-k2,-1.1858181953430176
1,geometry-bifurcation-fork,245,STORY,0,unlabeled-gradient-k2,2.556082010269165
1,geometry-bifurcation-fork,246,STORY,0,unlabeled-gradient-k2,1.6483352184295654
1,geometry-bifurcation-fork,247,ARITHMETIC,1,unlabeled-gradient-k2,-1.1795552968978882
1,geometry-bifurcation-fork,248,ARITHMETIC,1,unlabeled-gradient-k2,-1.1761212348937988
1,geometry-bifurcation-fork,249,STORY,0,unlabeled-gradient-k2,0.0482949018478393
1,geometry-bifurcation-fork,250,ARITHMETIC,1,unlabeled-gradient-k2,-1.1804815530776978
1,geometry-bifurcation-fork,251,ARITHMETIC,1,unlabeled-gradient-k2,-1.1775742769241333
1,geometry-bifurcation-fork,252,ARITHMETIC,1,unlabeled-gradient-k2,-1.185910701751709
1,geometry-bifurcation-fork,253,STORY,0,unlabeled-gradient-k2,1.8175058364868164
1,geometry-bifurcation-fork,254,ARITHMETIC,1,unlabeled-gradient-k2,-1.1842994689941406
1,geometry-bifurcation-fork,255,STORY,1,unlabeled-gradient-k2,-0.3877670168876648
1,geometry-bifurcation-fork,256,STORY,0,unlabeled-gradient-k2,0.6457233428955078
1,geometry-bifurcation-fork,257,STORY,0,unlabeled-gradient-k2,0.7370874881744385
1,geometry-bifurcation-fork,258,ARITHMETIC,1,unlabeled-gradient-k2,-1.1820858716964722
1,geometry-bifurcation-fork,259,STORY,0,unlabeled-gradient-k2,0.1647547483444214
1,geometry-bifurcation-fork,260,STORY,1,unlabeled-gradient-k2,-0.6797140836715698
1,geometry-bifurcation-fork,261,ARITHMETIC,1,unlabeled-gradient-k2,-1.1799100637435913
1,geometry-bifurcation-fork,262,ARITHMETIC,1,unlabeled-gradient-k2,-1.174518585205078
1,geometry-bifurcation-fork,263,STORY,0,unlabeled-gradient-k2,1.4488811492919922
1,geometry-bifurcation-fork,264,ARITHMETIC,1,unlabeled-gradient-k2,-1.1821599006652832
1,geometry-bifurcation-fork,265,STORY,1,unlabeled-gradient-k2,-0.5255905389785767
1,geometry-bifurcation-fork,266,ARITHMETIC,1,unlabeled-gradient-k2,-1.1791212558746338
1,geometry-bifurcation-fork,267,ARITHMETIC,1,unlabeled-gradient-k2,-1.1834347248077393
1,geometry-bifurcation-fork,268,STORY,0,unlabeled-gradient-k2,1.9592701196670528
1,geometry-bifurcation-fork,269,STORY,0,unlabeled-gradient-k2,2.121216297149658
1,geometry-bifurcation-fork,270,ARITHMETIC,1,unlabeled-gradient-k2,-1.1801456212997437
1,geometry-bifurcation-fork,271,STORY,0,unlabeled-gradient-k2,0.2190200090408325
1,geometry-bifurcation-fork,272,STORY,0,unlabeled-gradient-k2,0.895017147064209
1,geometry-bifurcation-fork,273,ARITHMETIC,1,unlabeled-gradient-k2,-1.182828068733215
1,geometry-bifurcation-fork,274,STORY,0,unlabeled-gradient-k2,1.7678958177566528
1,geometry-bifurcation-fork,275,ARITHMETIC,1,unlabeled-gradient-k2,-1.1787174940109253
1,geometry-bifurcation-fork,276,ARITHMETIC,1,unlabeled-gradient-k2,-1.1824626922607422
1,geometry-bifurcation-fork,277,STORY,0,unlabeled-gradient-k2,0.844224214553833
1,geometry-bifurcation-fork,278,STORY,0,unlabeled-gradient-k2,1.084275722503662
1,geometry-bifurcation-fork,279,ARITHMETIC,1,unlabeled-gradient-k2,-1.1810742616653442
1,geometry-bifurcation-fork,280,ARITHMETIC,1,unlabeled-gradient-k2,-1.1835376024246216
1,geometry-bifurcation-fork,281,ARITHMETIC,1,unlabeled-gradient-k2,-1.177725315093994
1,geometry-bifurcation-fork,282,ARITHMETIC,1,unlabeled-gradient-k2,-1.1744258403778076
1,geometry-bifurcation-fork,283,ARITHMETIC,1,unlabeled-gradient-k2,-1.1808639764785769
1,geometry-bifurcation-fork,284,ARITHMETIC,1,unlabeled-gradient-k2,-1.181987762451172
1,geometry-bifurcation-fork,285,ARITHMETIC,1,unlabeled-gradient-k2,-1.1818116903305054
1,geometry-bifurcation-fork,286,ARITHMETIC,1,unlabeled-gradient-k2,-1.180827021598816
1,geometry-bifurcation-fork,287,ARITHMETIC,1,unlabeled-gradient-k2,-1.175273060798645
1,geometry-bifurcation-fork,288,STORY,0,unlabeled-gradient-k2,1.5430539846420288
1,geometry-bifurcation-fork,289,STORY,0,unlabeled-gradient-k2,0.2122957706451416
1,geometry-bifurcation-fork,290,STORY,0,unlabeled-gradient-k2,1.393327236175537
1,geometry-bifurcation-fork,291,ARITHMETIC,1,unlabeled-gradient-k2,-1.177223563194275
1,geometry-bifurcation-fork,292,ARITHMETIC,1,unlabeled-gradient-k2,-1.176206350326538
1,geometry-bifurcation-fork,293,STORY,0,unlabeled-gradient-k2,1.3976720571517944
1,geometry-bifurcation-fork,294,STORY,0,unlabeled-gradient-k2,0.2393121719360351
1,geometry-bifurcation-fork,295,STORY,0,unlabeled-gradient-k2,0.1449182033538818
1,geometry-bifurcation-fork,296,STORY,0,unlabeled-gradient-k2,1.9927507638931277
1,geometry-bifurcation-fork,297,ARITHMETIC,1,unlabeled-gradient-k2,-1.1741803884506226
1,geometry-bifurcation-fork,298,STORY,0,unlabeled-gradient-k2,2.150865316390991
1,geometry-bifurcation-fork,299,ARITHMETIC,1,unlabeled-gradient-k2,-1.1792782545089722
1,geometry-bifurcation-fork,300,ARITHMETIC,1,unlabeled-gradient-k2,-1.1808491945266724
1,geometry-bifurcation-fork,301,STORY,0,unlabeled-gradient-k2,0.3998153209686279
1,geometry-bifurcation-fork,302,ARITHMETIC,1,unlabeled-gradient-k2,-1.1834722757339478
1,geometry-bifurcation-fork,303,STORY,1,unlabeled-gradient-k2,-0.4343130588531494
1,geometry-bifurcation-fork,304,STORY,0,unlabeled-gradient-k2,0.4708322286605835
1,geometry-bifurcation-fork,305,ARITHMETIC,1,unlabeled-gradient-k2,-1.181061863899231
1,geometry-bifurcation-fork,306,ARITHMETIC,1,unlabeled-gradient-k2,-1.183165431022644
1,geometry-bifurcation-fork,307,ARITHMETIC,1,unlabeled-gradient-k2,-1.181252360343933
1,geometry-bifurcation-fork,308,ARITHMETIC,1,unlabeled-gradient-k2,-1.1745439767837524
1,geometry-bifurcation-fork,309,STORY,1,unlabeled-gradient-k2,-0.4038747549057007
1,geometry-bifurcation-fork,310,STORY,0,unlabeled-gradient-k2,1.869387149810791
1,geometry-bifurcation-fork,311,ARITHMETIC,1,unlabeled-gradient-k2,-1.1803830862045288
1,geometry-bifurcation-fork,312,STORY,0,unlabeled-gradient-k2,1.2215105295181274
1,geometry-bifurcation-fork,313,ARITHMETIC,1,unlabeled-gradient-k2,-1.1825892925262451
1,geometry-bifurcation-fork,314,ARITHMETIC,1,unlabeled-gradient-k2,-1.184071660041809
1,geometry-bifurcation-fork,315,STORY,0,unlabeled-gradient-k2,1.6300294399261477
1,geometry-bifurcation-fork,316,ARITHMETIC,1,unlabeled-gradient-k2,-1.1787209510803225
1,geometry-bifurcation-fork,317,ARITHMETIC,1,unlabeled-gradient-k2,-1.182437300682068
1,geometry-bifurcation-fork,318,ARITHMETIC,1,unlabeled-gradient-k2,-1.1808056831359863
1,geometry-bifurcation-fork,319,STORY,0,unlabeled-gradient-k2,2.284371852874756
1,geometry-bifurcation-fork,320,STORY,0,unlabeled-gradient-k2,1.0858091115951538
1,geometry-bifurcation-fork,321,STORY,0,unlabeled-gradient-k2,1.6353074312210083
1,geometry-bifurcation-fork,322,STORY,0,unlabeled-gradient-k2,0.4538445472717285
1,geometry-bifurcation-fork,323,ARITHMETIC,1,unlabeled-gradient-k2,-1.1813468933105469
1,geometry-bifurcation-fork,324,STORY,0,unlabeled-gradient-k2,1.5097696781158447
1,geometry-bifurcation-fork,325,ARITHMETIC,1,unlabeled-gradient-k2,-1.1834933757781982
1,geometry-bifurcation-fork,326,STORY,1,unlabeled-gradient-k2,-0.466931939125061
1,geometry-bifurcation-fork,327,STORY,0,unlabeled-gradient-k2,2.1921865940093994
1,geometry-bifurcation-fork,328,STORY,0,unlabeled-gradient-k2,0.1864619255065918
1,geometry-bifurcation-fork,329,STORY,0,unlabeled-gradient-k2,1.305506467819214
1,geometry-bifurcation-fork,330,ARITHMETIC,1,unlabeled-gradient-k2,-1.1825610399246216
1,geometry-bifurcation-fork,331,ARITHMETIC,1,unlabeled-gradient-k2,-1.1799819469451904
1,geometry-bifurcation-fork,332,STORY,0,unlabeled-gradient-k2,0.3399138450622558
1,geometry-bifurcation-fork,333,ARITHMETIC,1,unlabeled-gradient-k2,-1.1832376718521118
1,geometry-bifurcation-fork,334,ARITHMETIC,1,unlabeled-gradient-k2,-1.1824277639389038
1,geometry-bifurcation-fork,335,STORY,0,unlabeled-gradient-k2,2.485077381134033
1,geometry-bifurcation-fork,336,STORY,0,unlabeled-gradient-k2,0.3072419166564941
1,geometry-bifurcation-fork,337,ARITHMETIC,1,unlabeled-gradient-k2,-1.1799800395965576
1,geometry-bifurcation-fork,338,ARITHMETIC,1,unlabeled-gradient-k2,-1.1845728158950806
1,geometry-bifurcation-fork,339,STORY,0,unlabeled-gradient-k2,1.105058193206787
1,geometry-bifurcation-fork,340,ARITHMETIC,1,unlabeled-gradient-k2,-1.1838486194610596
1,geometry-bifurcation-fork,341,STORY,0,unlabeled-gradient-k2,1.7376532554626465
1,geometry-bifurcation-fork,342,STORY,0,unlabeled-gradient-k2,0.3754347562789917
1,geometry-bifurcation-fork,343,ARITHMETIC,1,unlabeled-gradient-k2,-1.1791911125183103
1,geometry-bifurcation-fork,344,STORY,0,unlabeled-gradient-k2,1.7474334239959717
1,geometry-bifurcation-fork,345,ARITHMETIC,1,unlabeled-gradient-k2,-1.183818221092224
1,geometry-bifurcation-fork,346,ARITHMETIC,1,unlabeled-gradient-k2,-1.1782759428024292
1,geometry-bifurcation-fork,347,ARITHMETIC,1,unlabeled-gradient-k2,-1.18536114692688
1,geometry-bifurcation-fork,348,ARITHMETIC,1,unlabeled-gradient-k2,-1.1822346448898315
1,geometry-bifurcation-fork,349,STORY,0,unlabeled-gradient-k2,0.9008774757385254
1,geometry-bifurcation-fork,350,ARITHMETIC,1,unlabeled-gradient-k2,-1.183160424232483
1,geometry-bifurcation-fork,351,ARITHMETIC,1,unlabeled-gradient-k2,-1.1811034679412842
1,geometry-bifurcation-fork,352,ARITHMETIC,1,unlabeled-gradient-k2,-1.1768085956573486
1,geometry-bifurcation-fork,353,STORY,0,unlabeled-gradient-k2,0.009231686592102
1,geometry-bifurcation-fork,354,ARITHMETIC,1,unlabeled-gradient-k2,-1.1767082214355469
1,geometry-bifurcation-fork,355,ARITHMETIC,1,unlabeled-gradient-k2,-1.1733887195587158
1,geometry-bifurcation-fork,356,ARITHMETIC,1,unlabeled-gradient-k2,-1.179431438446045
1,geometry-bifurcation-fork,357,STORY,0,unlabeled-gradient-k2,2.128089904785156
1,geometry-bifurcation-fork,358,STORY,1,unlabeled-gradient-k2,-0.1808837652206421
1,geometry-bifurcation-fork,359,STORY,0,unlabeled-gradient-k2,0.3388673067092895
1,geometry-bifurcation-fork,360,STORY,1,unlabeled-gradient-k2,-0.7436301708221436
1,geometry-bifurcation-fork,361,ARITHMETIC,1,unlabeled-gradient-k2,-1.1788346767425537
1,geometry-bifurcation-fork,362,STORY,0,unlabeled-gradient-k2,0.9357166290283204
1,geometry-bifurcation-fork,363,STORY,1,unlabeled-gradient-k2,-0.1754339933395385
1,geometry-bifurcation-fork,364,ARITHMETIC,1,unlabeled-gradient-k2,-1.1843907833099363
1,geometry-bifurcation-fork,365,STORY,0,unlabeled-gradient-k2,2.058274269104004
1,geometry-bifurcation-fork,366,ARITHMETIC,1,unlabeled-gradient-k2,-1.1836425065994265
1,geometry-bifurcation-fork,367,STORY,0,unlabeled-gradient-k2,0.5261842012405396
1,geometry-bifurcation-fork,368,STORY,0,unlabeled-gradient-k2,1.4692296981811523
1,geometry-bifurcation-fork,369,STORY,0,unlabeled-gradient-k2,2.4195029735565186
1,geometry-bifurcation-fork,370,ARITHMETIC,1,unlabeled-gradient-k2,-1.178268551826477
1,geometry-bifurcation-fork,371,STORY,0,unlabeled-gradient-k2,1.2891368865966797
1,geometry-bifurcation-fork,372,ARITHMETIC,1,unlabeled-gradient-k2,-1.1776461601257324
1,geometry-bifurcation-fork,373,ARITHMETIC,1,unlabeled-gradient-k2,-1.1777936220169067
1,geometry-bifurcation-fork,374,STORY,1,unlabeled-gradient-k2,-0.2738118171691894
1,geometry-bifurcation-fork,375,STORY,0,unlabeled-gradient-k2,1.458895206451416
1,geometry-bifurcation-fork,376,STORY,0,unlabeled-gradient-k2,0.7957158088684082
1,geometry-bifurcation-fork,377,ARITHMETIC,1,unlabeled-gradient-k2,-1.1752480268478394
1,geometry-bifurcation-fork,378,STORY,0,unlabeled-gradient-k2,0.23161381483078
1,geometry-bifurcation-fork,379,STORY,0,unlabeled-gradient-k2,0.8062450885772705
1,geometry-bifurcation-fork,380,ARITHMETIC,1,unlabeled-gradient-k2,-1.182690978050232
1,geometry-bifurcation-fork,381,STORY,0,unlabeled-gradient-k2,1.7025916576385498
1,geometry-bifurcation-fork,382,STORY,0,unlabeled-gradient-k2,2.4223453998565674
1,geometry-bifurcation-fork,383,STORY,0,unlabeled-gradient-k2,1.7618234157562256
1,geometry-bifurcation-fork,384,STORY,0,unlabeled-gradient-k2,2.001797199249268
1,geometry-bifurcation-fork,385,STORY,0,unlabeled-gradient-k2,1.1662416458129885
1,geometry-bifurcation-fork,386,ARITHMETIC,1,unlabeled-gradient-k2,-1.182443618774414
1,geometry-bifurcation-fork,387,ARITHMETIC,1,unlabeled-gradient-k2,-1.1811431646347046
1,geometry-bifurcation-fork,388,ARITHMETIC,1,unlabeled-gradient-k2,-1.1831213235855105
1,geometry-bifurcation-fork,389,ARITHMETIC,1,unlabeled-gradient-k2,-1.1806920766830444
1,geometry-bifurcation-fork,390,STORY,0,unlabeled-gradient-k2,1.6021300554275513
1,geometry-bifurcation-fork,391,STORY,0,unlabeled-gradient-k2,0.4762779474258423
1,geometry-bifurcation-fork,392,STORY,0,unlabeled-gradient-k2,1.579501986503601
1,geometry-bifurcation-fork,393,STORY,1,unlabeled-gradient-k2,-0.0544344186782836
1,geometry-bifurcation-fork,394,ARITHMETIC,1,unlabeled-gradient-k2,-1.1812375783920288
1,geometry-bifurcation-fork,395,STORY,0,unlabeled-gradient-k2,1.1419074535369873
1,geometry-bifurcation-fork,396,ARITHMETIC,1,unlabeled-gradient-k2,-1.1826092004776
1,geometry-bifurcation-fork,397,STORY,0,unlabeled-gradient-k2,1.5247058868408203
1,geometry-bifurcation-fork,398,ARITHMETIC,1,unlabeled-gradient-k2,-1.1849727630615234
1,geometry-bifurcation-fork,399,STORY,1,unlabeled-gradient-k2,-0.5457660555839539
1,geometry-bifurcation-fork,400,ARITHMETIC,1,unlabeled-gradient-k2,-1.18587327003479
2,unified,1,ARITHMETIC,0,unified,
2,unified,2,ARITHMETIC,0,unified,
2,unified,3,STORY,0,unified,
2,unified,4,STORY,0,unified,
2,unified,5,STORY,0,unified,
2,unified,6,ARITHMETIC,0,unified,
2,unified,7,STORY,0,unified,
2,unified,8,STORY,0,unified,
2,unified,9,STORY,0,unified,
2,unified,10,ARITHMETIC,0,unified,
2,unified,11,STORY,0,unified,
2,unified,12,ARITHMETIC,0,unified,
2,unified,13,STORY,0,unified,
2,unified,14,STORY,0,unified,
2,unified,15,STORY,0,unified,
2,unified,16,ARITHMETIC,0,unified,
2,unified,17,ARITHMETIC,0,unified,
2,unified,18,STORY,0,unified,
2,unified,19,STORY,0,unified,
2,unified,20,STORY,0,unified,
2,unified,21,ARITHMETIC,0,unified,
2,unified,22,STORY,0,unified,
2,unified,23,STORY,0,unified,
2,unified,24,ARITHMETIC,0,unified,
2,unified,25,STORY,0,unified,
2,unified,26,STORY,0,unified,
2,unified,27,ARITHMETIC,0,unified,
2,unified,28,ARITHMETIC,0,unified,
2,unified,29,STORY,0,unified,
2,unified,30,STORY,0,unified,
2,unified,31,ARITHMETIC,0,unified,
2,unified,32,STORY,0,unified,
2,unified,33,ARITHMETIC,0,unified,
2,unified,34,STORY,0,unified,
2,unified,35,ARITHMETIC,0,unified,
2,unified,36,ARITHMETIC,0,unified,
2,unified,37,ARITHMETIC,0,unified,
2,unified,38,ARITHMETIC,0,unified,
2,unified,39,STORY,0,unified,
2,unified,40,ARITHMETIC,0,unified,
2,unified,41,STORY,0,unified,
2,unified,42,ARITHMETIC,0,unified,
2,unified,43,STORY,0,unified,
2,unified,44,ARITHMETIC,0,unified,
2,unified,45,ARITHMETIC,0,unified,
2,unified,46,ARITHMETIC,0,unified,
2,unified,47,ARITHMETIC,0,unified,
2,unified,48,ARITHMETIC,0,unified,
2,unified,49,STORY,0,unified,
2,unified,50,ARITHMETIC,0,unified,
2,unified,51,ARITHMETIC,0,unified,
2,unified,52,ARITHMETIC,0,unified,
2,unified,53,STORY,0,unified,
2,unified,54,STORY,0,unified,
2,unified,55,STORY,0,unified,
2,unified,56,ARITHMETIC,0,unified,
2,unified,57,ARITHMETIC,0,unified,
2,unified,58,STORY,0,unified,
2,unified,59,ARITHMETIC,0,unified,
2,unified,60,STORY,0,unified,
2,unified,61,STORY,0,unified,
2,unified,62,STORY,0,unified,
2,unified,63,STORY,0,unified,
2,unified,64,ARITHMETIC,0,unified,
2,unified,65,STORY,0,unified,
2,unified,66,STORY,0,unified,
2,unified,67,STORY,0,unified,
2,unified,68,ARITHMETIC,0,unified,
2,unified,69,STORY,0,unified,
2,unified,70,STORY,0,unified,
2,unified,71,STORY,0,unified,
2,unified,72,ARITHMETIC,0,unified,
2,unified,73,ARITHMETIC,0,unified,
2,unified,74,STORY,0,unified,
2,unified,75,STORY,0,unified,
2,unified,76,ARITHMETIC,0,unified,
2,unified,77,STORY,0,unified,
2,unified,78,STORY,0,unified,
2,unified,79,STORY,0,unified,
2,unified,80,ARITHMETIC,0,unified,
2,unified,81,STORY,0,unified,
2,unified,82,ARITHMETIC,0,unified,
2,unified,83,ARITHMETIC,0,unified,
2,unified,84,STORY,0,unified,
2,unified,85,ARITHMETIC,0,unified,
2,unified,86,ARITHMETIC,0,unified,
2,unified,87,ARITHMETIC,0,unified,
2,unified,88,STORY,0,unified,
2,unified,89,ARITHMETIC,0,unified,
2,unified,90,ARITHMETIC,0,unified,
2,unified,91,ARITHMETIC,0,unified,
2,unified,92,STORY,0,unified,
2,unified,93,STORY,0,unified,
2,unified,94,STORY,0,unified,
2,unified,95,STORY,0,unified,
2,unified,96,ARITHMETIC,0,unified,
2,unified,97,ARITHMETIC,0,unified,
2,unified,98,ARITHMETIC,0,unified,
2,unified,99,ARITHMETIC,0,unified,
2,unified,100,STORY,0,unified,
2,unified,101,STORY,0,unified,
2,unified,102,ARITHMETIC,0,unified,
2,unified,103,STORY,0,unified,
2,unified,104,STORY,0,unified,
2,unified,105,ARITHMETIC,0,unified,
2,unified,106,STORY,0,unified,
2,unified,107,STORY,0,unified,
2,unified,108,ARITHMETIC,0,unified,
2,unified,109,STORY,0,unified,
2,unified,110,ARITHMETIC,0,unified,
2,unified,111,ARITHMETIC,0,unified,
2,unified,112,ARITHMETIC,0,unified,
2,unified,113,ARITHMETIC,0,unified,
2,unified,114,STORY,0,unified,
2,unified,115,STORY,0,unified,
2,unified,116,ARITHMETIC,0,unified,
2,unified,117,STORY,0,unified,
2,unified,118,ARITHMETIC,0,unified,
2,unified,119,ARITHMETIC,0,unified,
2,unified,120,ARITHMETIC,0,unified,
2,unified,121,STORY,0,unified,
2,unified,122,ARITHMETIC,0,unified,
2,unified,123,ARITHMETIC,0,unified,
2,unified,124,STORY,0,unified,
2,unified,125,STORY,0,unified,
2,unified,126,STORY,0,unified,
2,unified,127,STORY,0,unified,
2,unified,128,ARITHMETIC,0,unified,
2,unified,129,ARITHMETIC,0,unified,
2,unified,130,ARITHMETIC,0,unified,
2,unified,131,STORY,0,unified,
2,unified,132,ARITHMETIC,0,unified,
2,unified,133,STORY,0,unified,
2,unified,134,STORY,0,unified,
2,unified,135,STORY,0,unified,
2,unified,136,STORY,0,unified,
2,unified,137,ARITHMETIC,0,unified,
2,unified,138,STORY,0,unified,
2,unified,139,STORY,0,unified,
2,unified,140,ARITHMETIC,0,unified,
2,unified,141,STORY,0,unified,
2,unified,142,STORY,0,unified,
2,unified,143,ARITHMETIC,0,unified,
2,unified,144,STORY,0,unified,
2,unified,145,ARITHMETIC,0,unified,
2,unified,146,STORY,0,unified,
2,unified,147,ARITHMETIC,0,unified,
2,unified,148,ARITHMETIC,0,unified,
2,unified,149,ARITHMETIC,0,unified,
2,unified,150,STORY,0,unified,
2,unified,151,STORY,0,unified,
2,unified,152,STORY,0,unified,
2,unified,153,ARITHMETIC,0,unified,
2,unified,154,ARITHMETIC,0,unified,
2,unified,155,STORY,0,unified,
2,unified,156,ARITHMETIC,0,unified,
2,unified,157,STORY,0,unified,
2,unified,158,STORY,0,unified,
2,unified,159,ARITHMETIC,0,unified,
2,unified,160,ARITHMETIC,0,unified,
2,unified,161,ARITHMETIC,0,unified,
2,unified,162,ARITHMETIC,0,unified,
2,unified,163,STORY,0,unified,
2,unified,164,STORY,0,unified,
2,unified,165,STORY,0,unified,
2,unified,166,STORY,0,unified,
2,unified,167,ARITHMETIC,0,unified,
2,unified,168,STORY,0,unified,
2,unified,169,STORY,0,unified,
2,unified,170,ARITHMETIC,0,unified,
2,unified,171,ARITHMETIC,0,unified,
2,unified,172,ARITHMETIC,0,unified,
2,unified,173,STORY,0,unified,
2,unified,174,STORY,0,unified,
2,unified,175,STORY,0,unified,
2,unified,176,STORY,0,unified,
2,unified,177,ARITHMETIC,0,unified,
2,unified,178,ARITHMETIC,0,unified,
2,unified,179,STORY,0,unified,
2,unified,180,STORY,0,unified,
2,unified,181,ARITHMETIC,0,unified,
2,unified,182,ARITHMETIC,0,unified,
2,unified,183,ARITHMETIC,0,unified,
2,unified,184,STORY,0,unified,
2,unified,185,STORY,0,unified,
2,unified,186,STORY,0,unified,
2,unified,187,ARITHMETIC,0,unified,
2,unified,188,ARITHMETIC,0,unified,
2,unified,189,ARITHMETIC,0,unified,
2,unified,190,STORY,0,unified,
2,unified,191,ARITHMETIC,0,unified,
2,unified,192,ARITHMETIC,0,unified,
2,unified,193,STORY,0,unified,
2,unified,194,STORY,0,unified,
2,unified,195,ARITHMETIC,0,unified,
2,unified,196,STORY,0,unified,
2,unified,197,ARITHMETIC,0,unified,
2,unified,198,ARITHMETIC,0,unified,
2,unified,199,STORY,0,unified,
2,unified,200,ARITHMETIC,0,unified,
2,unified,201,STORY,0,unified,
2,unified,202,ARITHMETIC,0,unified,
2,unified,203,ARITHMETIC,0,unified,
2,unified,204,STORY,0,unified,
2,unified,205,STORY,0,unified,
2,unified,206,STORY,0,unified,
2,unified,207,ARITHMETIC,0,unified,
2,unified,208,STORY,0,unified,
2,unified,209,ARITHMETIC,0,unified,
2,unified,210,STORY,0,unified,
2,unified,211,STORY,0,unified,
2,unified,212,STORY,0,unified,
2,unified,213,STORY,0,unified,
2,unified,214,STORY,0,unified,
2,unified,215,ARITHMETIC,0,unified,
2,unified,216,STORY,0,unified,
2,unified,217,STORY,0,unified,
2,unified,218,ARITHMETIC,0,unified,
2,unified,219,STORY,0,unified,
2,unified,220,ARITHMETIC,0,unified,
2,unified,221,STORY,0,unified,
2,unified,222,ARITHMETIC,0,unified,
2,unified,223,STORY,0,unified,
2,unified,224,ARITHMETIC,0,unified,
2,unified,225,ARITHMETIC,0,unified,
2,unified,226,ARITHMETIC,0,unified,
2,unified,227,STORY,0,unified,
2,unified,228,ARITHMETIC,0,unified,
2,unified,229,ARITHMETIC,0,unified,
2,unified,230,ARITHMETIC,0,unified,
2,unified,231,STORY,0,unified,
2,unified,232,STORY,0,unified,
2,unified,233,ARITHMETIC,0,unified,
2,unified,234,ARITHMETIC,0,unified,
2,unified,235,ARITHMETIC,0,unified,
2,unified,236,ARITHMETIC,0,unified,
2,unified,237,ARITHMETIC,0,unified,
2,unified,238,ARITHMETIC,0,unified,
2,unified,239,ARITHMETIC,0,unified,
2,unified,240,ARITHMETIC,0,unified,
2,unified,241,ARITHMETIC,0,unified,
2,unified,242,STORY,0,unified,
2,unified,243,ARITHMETIC,0,unified,
2,unified,244,ARITHMETIC,0,unified,
2,unified,245,STORY,0,unified,
2,unified,246,ARITHMETIC,0,unified,
2,unified,247,STORY,0,unified,
2,unified,248,ARITHMETIC,0,unified,
2,unified,249,ARITHMETIC,0,unified,
2,unified,250,ARITHMETIC,0,unified,
2,unified,251,STORY,0,unified,
2,unified,252,ARITHMETIC,0,unified,
2,unified,253,ARITHMETIC,0,unified,
2,unified,254,ARITHMETIC,0,unified,
2,unified,255,STORY,0,unified,
2,unified,256,STORY,0,unified,
2,unified,257,STORY,0,unified,
2,unified,258,STORY,0,unified,
2,unified,259,STORY,0,unified,
2,unified,260,STORY,0,unified,
2,unified,261,ARITHMETIC,0,unified,
2,unified,262,STORY,0,unified,
2,unified,263,ARITHMETIC,0,unified,
2,unified,264,ARITHMETIC,0,unified,
2,unified,265,ARITHMETIC,0,unified,
2,unified,266,ARITHMETIC,0,unified,
2,unified,267,ARITHMETIC,0,unified,
2,unified,268,STORY,0,unified,
2,unified,269,STORY,0,unified,
2,unified,270,STORY,0,unified,
2,unified,271,STORY,0,unified,
2,unified,272,ARITHMETIC,0,unified,
2,unified,273,ARITHMETIC,0,unified,
2,unified,274,ARITHMETIC,0,unified,
2,unified,275,ARITHMETIC,0,unified,
2,unified,276,STORY,0,unified,
2,unified,277,ARITHMETIC,0,unified,
2,unified,278,STORY,0,unified,
2,unified,279,ARITHMETIC,0,unified,
2,unified,280,ARITHMETIC,0,unified,
2,unified,281,ARITHMETIC,0,unified,
2,unified,282,STORY,0,unified,
2,unified,283,ARITHMETIC,0,unified,
2,unified,284,ARITHMETIC,0,unified,
2,unified,285,ARITHMETIC,0,unified,
2,unified,286,ARITHMETIC,0,unified,
2,unified,287,STORY,0,unified,
2,unified,288,ARITHMETIC,0,unified,
2,unified,289,STORY,0,unified,
2,unified,290,STORY,0,unified,
2,unified,291,STORY,0,unified,
2,unified,292,STORY,0,unified,
2,unified,293,ARITHMETIC,0,unified,
2,unified,294,STORY,0,unified,
2,unified,295,STORY,0,unified,
2,unified,296,ARITHMETIC,0,unified,
2,unified,297,STORY,0,unified,
2,unified,298,STORY,0,unified,
2,unified,299,STORY,0,unified,
2,unified,300,STORY,0,unified,
2,unified,301,ARITHMETIC,0,unified,
2,unified,302,STORY,0,unified,
2,unified,303,ARITHMETIC,0,unified,
2,unified,304,ARITHMETIC,0,unified,
2,unified,305,ARITHMETIC,0,unified,
2,unified,306,STORY,0,unified,
2,unified,307,STORY,0,unified,
2,unified,308,STORY,0,unified,
2,unified,309,STORY,0,unified,
2,unified,310,STORY,0,unified,
2,unified,311,ARITHMETIC,0,unified,
2,unified,312,ARITHMETIC,0,unified,
2,unified,313,ARITHMETIC,0,unified,
2,unified,314,STORY,0,unified,
2,unified,315,ARITHMETIC,0,unified,
2,unified,316,STORY,0,unified,
2,unified,317,ARITHMETIC,0,unified,
2,unified,318,ARITHMETIC,0,unified,
2,unified,319,ARITHMETIC,0,unified,
2,unified,320,STORY,0,unified,
2,unified,321,ARITHMETIC,0,unified,
2,unified,322,ARITHMETIC,0,unified,
2,unified,323,STORY,0,unified,
2,unified,324,STORY,0,unified,
2,unified,325,STORY,0,unified,
2,unified,326,STORY,0,unified,
2,unified,327,STORY,0,unified,
2,unified,328,STORY,0,unified,
2,unified,329,ARITHMETIC,0,unified,
2,unified,330,STORY,0,unified,
2,unified,331,STORY,0,unified,
2,unified,332,STORY,0,unified,
2,unified,333,STORY,0,unified,
2,unified,334,ARITHMETIC,0,unified,
2,unified,335,STORY,0,unified,
2,unified,336,ARITHMETIC,0,unified,
2,unified,337,ARITHMETIC,0,unified,
2,unified,338,ARITHMETIC,0,unified,
2,unified,339,ARITHMETIC,0,unified,
2,unified,340,STORY,0,unified,
2,unified,341,ARITHMETIC,0,unified,
2,unified,342,STORY,0,unified,
2,unified,343,ARITHMETIC,0,unified,
2,unified,344,ARITHMETIC,0,unified,
2,unified,345,ARITHMETIC,0,unified,
2,unified,346,ARITHMETIC,0,unified,
2,unified,347,ARITHMETIC,0,unified,
2,unified,348,ARITHMETIC,0,unified,
2,unified,349,STORY,0,unified,
2,unified,350,STORY,0,unified,
2,unified,351,STORY,0,unified,
2,unified,352,ARITHMETIC,0,unified,
2,unified,353,ARITHMETIC,0,unified,
2,unified,354,STORY,0,unified,
2,unified,355,ARITHMETIC,0,unified,
2,unified,356,STORY,0,unified,
2,unified,357,ARITHMETIC,0,unified,
2,unified,358,STORY,0,unified,
2,unified,359,STORY,0,unified,
2,unified,360,STORY,0,unified,
2,unified,361,STORY,0,unified,
2,unified,362,STORY,0,unified,
2,unified,363,ARITHMETIC,0,unified,
2,unified,364,ARITHMETIC,0,unified,
2,unified,365,ARITHMETIC,0,unified,
2,unified,366,ARITHMETIC,0,unified,
2,unified,367,STORY,0,unified,
2,unified,368,STORY,0,unified,
2,unified,369,STORY,0,unified,
2,unified,370,ARITHMETIC,0,unified,
2,unified,371,ARITHMETIC,0,unified,
2,unified,372,STORY,0,unified,
2,unified,373,ARITHMETIC,0,unified,
2,unified,374,ARITHMETIC,0,unified,
2,unified,375,ARITHMETIC,0,unified,
2,unified,376,STORY,0,unified,
2,unified,377,ARITHMETIC,0,unified,
2,unified,378,ARITHMETIC,0,unified,
2,unified,379,STORY,0,unified,
2,unified,380,STORY,0,unified,
2,unified,381,ARITHMETIC,0,unified,
2,unified,382,ARITHMETIC,0,unified,
2,unified,383,ARITHMETIC,0,unified,
2,unified,384,STORY,0,unified,
2,unified,385,STORY,0,unified,
2,unified,386,ARITHMETIC,0,unified,
2,unified,387,ARITHMETIC,0,unified,
2,unified,388,STORY,0,unified,
2,unified,389,STORY,0,unified,
2,unified,390,ARITHMETIC,0,unified,
2,unified,391,STORY,0,unified,
2,unified,392,STORY,0,unified,
2,unified,393,STORY,0,unified,
2,unified,394,ARITHMETIC,0,unified,
2,unified,395,STORY,0,unified,
2,unified,396,ARITHMETIC,0,unified,
2,unified,397,STORY,0,unified,
2,unified,398,STORY,0,unified,
2,unified,399,ARITHMETIC,0,unified,
2,unified,400,STORY,0,unified,
2,stratified-capacity-fork,1,ARITHMETIC,0,label-stratified-control,
2,stratified-capacity-fork,2,ARITHMETIC,1,label-stratified-control,
2,stratified-capacity-fork,3,STORY,0,label-stratified-control,
2,stratified-capacity-fork,4,STORY,1,label-stratified-control,
2,stratified-capacity-fork,5,STORY,0,label-stratified-control,
2,stratified-capacity-fork,6,ARITHMETIC,0,label-stratified-control,
2,stratified-capacity-fork,7,STORY,1,label-stratified-control,
2,stratified-capacity-fork,8,STORY,0,label-stratified-control,
2,stratified-capacity-fork,9,STORY,1,label-stratified-control,
2,stratified-capacity-fork,10,ARITHMETIC,1,label-stratified-control,
2,stratified-capacity-fork,11,STORY,0,label-stratified-control,
2,stratified-capacity-fork,12,ARITHMETIC,0,label-stratified-control,
2,stratified-capacity-fork,13,STORY,1,label-stratified-control,
2,stratified-capacity-fork,14,STORY,0,label-stratified-control,
2,stratified-capacity-fork,15,STORY,1,label-stratified-control,
2,stratified-capacity-fork,16,ARITHMETIC,1,label-stratified-control,
2,stratified-capacity-fork,17,ARITHMETIC,0,label-stratified-control,
2,stratified-capacity-fork,18,STORY,0,label-stratified-control,
2,stratified-capacity-fork,19,STORY,1,label-stratified-control,
2,stratified-capacity-fork,20,STORY,0,label-stratified-control,
2,stratified-capacity-fork,21,ARITHMETIC,1,label-stratified-control,
2,stratified-capacity-fork,22,STORY,1,label-stratified-control,
2,stratified-capacity-fork,23,STORY,0,label-stratified-control,
2,stratified-capacity-fork,24,ARITHMETIC,0,label-stratified-control,
2,stratified-capacity-fork,25,STORY,1,label-stratified-control,
2,stratified-capacity-fork,26,STORY,0,label-stratified-control,
2,stratified-capacity-fork,27,ARITHMETIC,1,label-stratified-control,
2,stratified-capacity-fork,28,ARITHMETIC,0,label-stratified-control,
2,stratified-capacity-fork,29,STORY,1,label-stratified-control,
2,stratified-capacity-fork,30,STORY,0,label-stratified-control,
2,stratified-capacity-fork,31,ARITHMETIC,1,label-stratified-control,
2,stratified-capacity-fork,32,STORY,1,label-stratified-control,
2,stratified-capacity-fork,33,ARITHMETIC,0,label-stratified-control,
2,stratified-capacity-fork,34,STORY,0,label-stratified-control,
2,stratified-capacity-fork,35,ARITHMETIC,1,label-stratified-control,
2,stratified-capacity-fork,36,ARITHMETIC,0,label-stratified-control,
2,stratified-capacity-fork,37,ARITHMETIC,1,label-stratified-control,
2,stratified-capacity-fork,38,ARITHMETIC,0,label-stratified-control,
2,stratified-capacity-fork,39,STORY,1,label-stratified-control,
2,stratified-capacity-fork,40,ARITHMETIC,1,label-stratified-control,
2,stratified-capacity-fork,41,STORY,0,label-stratified-control,
2,stratified-capacity-fork,42,ARITHMETIC,0,label-stratified-control,
2,stratified-capacity-fork,43,STORY,1,label-stratified-control,
2,stratified-capacity-fork,44,ARITHMETIC,1,label-stratified-control,
2,stratified-capacity-fork,45,ARITHMETIC,0,label-stratified-control,
2,stratified-capacity-fork,46,ARITHMETIC,1,label-stratified-control,
2,stratified-capacity-fork,47,ARITHMETIC,0,label-stratified-control,
2,stratified-capacity-fork,48,ARITHMETIC,1,label-stratified-control,
2,stratified-capacity-fork,49,STORY,0,label-stratified-control,
2,stratified-capacity-fork,50,ARITHMETIC,0,label-stratified-control,
2,stratified-capacity-fork,51,ARITHMETIC,1,label-stratified-control,
2,stratified-capacity-fork,52,ARITHMETIC,0,label-stratified-control,
2,stratified-capacity-fork,53,STORY,1,label-stratified-control,
2,stratified-capacity-fork,54,STORY,0,label-stratified-control,
2,stratified-capacity-fork,55,STORY,1,label-stratified-control,
2,stratified-capacity-fork,56,ARITHMETIC,1,label-stratified-control,
2,stratified-capacity-fork,57,ARITHMETIC,0,label-stratified-control,
2,stratified-capacity-fork,58,STORY,0,label-stratified-control,
2,stratified-capacity-fork,59,ARITHMETIC,1,label-stratified-control,
2,stratified-capacity-fork,60,STORY,1,label-stratified-control,
2,stratified-capacity-fork,61,STORY,0,label-stratified-control,
2,stratified-capacity-fork,62,STORY,1,label-stratified-control,
2,stratified-capacity-fork,63,STORY,0,label-stratified-control,
2,stratified-capacity-fork,64,ARITHMETIC,0,label-stratified-control,
2,stratified-capacity-fork,65,STORY,1,label-stratified-control,
2,stratified-capacity-fork,66,STORY,0,label-stratified-control,
2,stratified-capacity-fork,67,STORY,1,label-stratified-control,
2,stratified-capacity-fork,68,ARITHMETIC,1,label-stratified-control,
2,stratified-capacity-fork,69,STORY,0,label-stratified-control,
2,stratified-capacity-fork,70,STORY,1,label-stratified-control,
2,stratified-capacity-fork,71,STORY,0,label-stratified-control,
2,stratified-capacity-fork,72,ARITHMETIC,0,label-stratified-control,
2,stratified-capacity-fork,73,ARITHMETIC,1,label-stratified-control,
2,stratified-capacity-fork,74,STORY,1,label-stratified-control,
2,stratified-capacity-fork,75,STORY,0,label-stratified-control,
2,stratified-capacity-fork,76,ARITHMETIC,0,label-stratified-control,
2,stratified-capacity-fork,77,STORY,1,label-stratified-control,
2,stratified-capacity-fork,78,STORY,0,label-stratified-control,
2,stratified-capacity-fork,79,STORY,1,label-stratified-control,
2,stratified-capacity-fork,80,ARITHMETIC,1,label-stratified-control,
2,stratified-capacity-fork,81,STORY,0,label-stratified-control,
2,stratified-capacity-fork,82,ARITHMETIC,0,label-stratified-control,
2,stratified-capacity-fork,83,ARITHMETIC,1,label-stratified-control,
2,stratified-capacity-fork,84,STORY,1,label-stratified-control,
2,stratified-capacity-fork,85,ARITHMETIC,0,label-stratified-control,
2,stratified-capacity-fork,86,ARITHMETIC,1,label-stratified-control,
2,stratified-capacity-fork,87,ARITHMETIC,0,label-stratified-control,
2,stratified-capacity-fork,88,STORY,0,label-stratified-control,
2,stratified-capacity-fork,89,ARITHMETIC,1,label-stratified-control,
2,stratified-capacity-fork,90,ARITHMETIC,0,label-stratified-control,
2,stratified-capacity-fork,91,ARITHMETIC,1,label-stratified-control,
2,stratified-capacity-fork,92,STORY,1,label-stratified-control,
2,stratified-capacity-fork,93,STORY,0,label-stratified-control,
2,stratified-capacity-fork,94,STORY,1,label-stratified-control,
2,stratified-capacity-fork,95,STORY,0,label-stratified-control,
2,stratified-capacity-fork,96,ARITHMETIC,0,label-stratified-control,
2,stratified-capacity-fork,97,ARITHMETIC,1,label-stratified-control,
2,stratified-capacity-fork,98,ARITHMETIC,0,label-stratified-control,
2,stratified-capacity-fork,99,ARITHMETIC,1,label-stratified-control,
2,stratified-capacity-fork,100,STORY,1,label-stratified-control,
2,stratified-capacity-fork,101,STORY,0,label-stratified-control,
2,stratified-capacity-fork,102,ARITHMETIC,0,label-stratified-control,
2,stratified-capacity-fork,103,STORY,1,label-stratified-control,
2,stratified-capacity-fork,104,STORY,0,label-stratified-control,
2,stratified-capacity-fork,105,ARITHMETIC,1,label-stratified-control,
2,stratified-capacity-fork,106,STORY,1,label-stratified-control,
2,stratified-capacity-fork,107,STORY,0,label-stratified-control,
2,stratified-capacity-fork,108,ARITHMETIC,0,label-stratified-control,
2,stratified-capacity-fork,109,STORY,1,label-stratified-control,
2,stratified-capacity-fork,110,ARITHMETIC,1,label-stratified-control,
2,stratified-capacity-fork,111,ARITHMETIC,0,label-stratified-control,
2,stratified-capacity-fork,112,ARITHMETIC,1,label-stratified-control,
2,stratified-capacity-fork,113,ARITHMETIC,0,label-stratified-control,
2,stratified-capacity-fork,114,STORY,0,label-stratified-control,
2,stratified-capacity-fork,115,STORY,1,label-stratified-control,
2,stratified-capacity-fork,116,ARITHMETIC,1,label-stratified-control,
2,stratified-capacity-fork,117,STORY,0,label-stratified-control,
2,stratified-capacity-fork,118,ARITHMETIC,0,label-stratified-control,
2,stratified-capacity-fork,119,ARITHMETIC,1,label-stratified-control,
2,stratified-capacity-fork,120,ARITHMETIC,0,label-stratified-control,
2,stratified-capacity-fork,121,STORY,1,label-stratified-control,
2,stratified-capacity-fork,122,ARITHMETIC,1,label-stratified-control,
2,stratified-capacity-fork,123,ARITHMETIC,0,label-stratified-control,
2,stratified-capacity-fork,124,STORY,0,label-stratified-control,
2,stratified-capacity-fork,125,STORY,1,label-stratified-control,
2,stratified-capacity-fork,126,STORY,0,label-stratified-control,
2,stratified-capacity-fork,127,STORY,1,label-stratified-control,
2,stratified-capacity-fork,128,ARITHMETIC,1,label-stratified-control,
2,stratified-capacity-fork,129,ARITHMETIC,0,label-stratified-control,
2,stratified-capacity-fork,130,ARITHMETIC,1,label-stratified-control,
2,stratified-capacity-fork,131,STORY,0,label-stratified-control,
2,stratified-capacity-fork,132,ARITHMETIC,0,label-stratified-control,
2,stratified-capacity-fork,133,STORY,1,label-stratified-control,
2,stratified-capacity-fork,134,STORY,0,label-stratified-control,
2,stratified-capacity-fork,135,STORY,1,label-stratified-control,
2,stratified-capacity-fork,136,STORY,0,label-stratified-control,
2,stratified-capacity-fork,137,ARITHMETIC,1,label-stratified-control,
2,stratified-capacity-fork,138,STORY,1,label-stratified-control,
2,stratified-capacity-fork,139,STORY,0,label-stratified-control,
2,stratified-capacity-fork,140,ARITHMETIC,0,label-stratified-control,
2,stratified-capacity-fork,141,STORY,1,label-stratified-control,
2,stratified-capacity-fork,142,STORY,0,label-stratified-control,
2,stratified-capacity-fork,143,ARITHMETIC,1,label-stratified-control,
2,stratified-capacity-fork,144,STORY,1,label-stratified-control,
2,stratified-capacity-fork,145,ARITHMETIC,0,label-stratified-control,
2,stratified-capacity-fork,146,STORY,0,label-stratified-control,
2,stratified-capacity-fork,147,ARITHMETIC,1,label-stratified-control,
2,stratified-capacity-fork,148,ARITHMETIC,0,label-stratified-control,
2,stratified-capacity-fork,149,ARITHMETIC,1,label-stratified-control,
2,stratified-capacity-fork,150,STORY,1,label-stratified-control,
2,stratified-capacity-fork,151,STORY,0,label-stratified-control,
2,stratified-capacity-fork,152,STORY,1,label-stratified-control,
2,stratified-capacity-fork,153,ARITHMETIC,0,label-stratified-control,
2,stratified-capacity-fork,154,ARITHMETIC,1,label-stratified-control,
2,stratified-capacity-fork,155,STORY,0,label-stratified-control,
2,stratified-capacity-fork,156,ARITHMETIC,0,label-stratified-control,
2,stratified-capacity-fork,157,STORY,1,label-stratified-control,
2,stratified-capacity-fork,158,STORY,0,label-stratified-control,
2,stratified-capacity-fork,159,ARITHMETIC,1,label-stratified-control,
2,stratified-capacity-fork,160,ARITHMETIC,0,label-stratified-control,
2,stratified-capacity-fork,161,ARITHMETIC,1,label-stratified-control,
2,stratified-capacity-fork,162,ARITHMETIC,0,label-stratified-control,
2,stratified-capacity-fork,163,STORY,1,label-stratified-control,
2,stratified-capacity-fork,164,STORY,0,label-stratified-control,
2,stratified-capacity-fork,165,STORY,1,label-stratified-control,
2,stratified-capacity-fork,166,STORY,0,label-stratified-control,
2,stratified-capacity-fork,167,ARITHMETIC,1,label-stratified-control,
2,stratified-capacity-fork,168,STORY,1,label-stratified-control,
2,stratified-capacity-fork,169,STORY,0,label-stratified-control,
2,stratified-capacity-fork,170,ARITHMETIC,0,label-stratified-control,
2,stratified-capacity-fork,171,ARITHMETIC,1,label-stratified-control,
2,stratified-capacity-fork,172,ARITHMETIC,0,label-stratified-control,
2,stratified-capacity-fork,173,STORY,1,label-stratified-control,
2,stratified-capacity-fork,174,STORY,0,label-stratified-control,
2,stratified-capacity-fork,175,STORY,1,label-stratified-control,
2,stratified-capacity-fork,176,STORY,0,label-stratified-control,
2,stratified-capacity-fork,177,ARITHMETIC,1,label-stratified-control,
2,stratified-capacity-fork,178,ARITHMETIC,0,label-stratified-control,
2,stratified-capacity-fork,179,STORY,1,label-stratified-control,
2,stratified-capacity-fork,180,STORY,0,label-stratified-control,
2,stratified-capacity-fork,181,ARITHMETIC,1,label-stratified-control,
2,stratified-capacity-fork,182,ARITHMETIC,0,label-stratified-control,
2,stratified-capacity-fork,183,ARITHMETIC,1,label-stratified-control,
2,stratified-capacity-fork,184,STORY,1,label-stratified-control,
2,stratified-capacity-fork,185,STORY,0,label-stratified-control,
2,stratified-capacity-fork,186,STORY,1,label-stratified-control,
2,stratified-capacity-fork,187,ARITHMETIC,0,label-stratified-control,
2,stratified-capacity-fork,188,ARITHMETIC,1,label-stratified-control,
2,stratified-capacity-fork,189,ARITHMETIC,0,label-stratified-control,
2,stratified-capacity-fork,190,STORY,0,label-stratified-control,
2,stratified-capacity-fork,191,ARITHMETIC,1,label-stratified-control,
2,stratified-capacity-fork,192,ARITHMETIC,0,label-stratified-control,
2,stratified-capacity-fork,193,STORY,1,label-stratified-control,
2,stratified-capacity-fork,194,STORY,0,label-stratified-control,
2,stratified-capacity-fork,195,ARITHMETIC,1,label-stratified-control,
2,stratified-capacity-fork,196,STORY,1,label-stratified-control,
2,stratified-capacity-fork,197,ARITHMETIC,0,label-stratified-control,
2,stratified-capacity-fork,198,ARITHMETIC,1,label-stratified-control,
2,stratified-capacity-fork,199,STORY,0,label-stratified-control,
2,stratified-capacity-fork,200,ARITHMETIC,0,label-stratified-control,
2,stratified-capacity-fork,201,STORY,1,label-stratified-control,
2,stratified-capacity-fork,202,ARITHMETIC,1,label-stratified-control,
2,stratified-capacity-fork,203,ARITHMETIC,0,label-stratified-control,
2,stratified-capacity-fork,204,STORY,0,label-stratified-control,
2,stratified-capacity-fork,205,STORY,1,label-stratified-control,
2,stratified-capacity-fork,206,STORY,0,label-stratified-control,
2,stratified-capacity-fork,207,ARITHMETIC,1,label-stratified-control,
2,stratified-capacity-fork,208,STORY,1,label-stratified-control,
2,stratified-capacity-fork,209,ARITHMETIC,0,label-stratified-control,
2,stratified-capacity-fork,210,STORY,0,label-stratified-control,
2,stratified-capacity-fork,211,STORY,1,label-stratified-control,
2,stratified-capacity-fork,212,STORY,0,label-stratified-control,
2,stratified-capacity-fork,213,STORY,1,label-stratified-control,
2,stratified-capacity-fork,214,STORY,0,label-stratified-control,
2,stratified-capacity-fork,215,ARITHMETIC,1,label-stratified-control,
2,stratified-capacity-fork,216,STORY,1,label-stratified-control,
2,stratified-capacity-fork,217,STORY,0,label-stratified-control,
2,stratified-capacity-fork,218,ARITHMETIC,0,label-stratified-control,
2,stratified-capacity-fork,219,STORY,1,label-stratified-control,
2,stratified-capacity-fork,220,ARITHMETIC,1,label-stratified-control,
2,stratified-capacity-fork,221,STORY,0,label-stratified-control,
2,stratified-capacity-fork,222,ARITHMETIC,0,label-stratified-control,
2,stratified-capacity-fork,223,STORY,1,label-stratified-control,
2,stratified-capacity-fork,224,ARITHMETIC,1,label-stratified-control,
2,stratified-capacity-fork,225,ARITHMETIC,0,label-stratified-control,
2,stratified-capacity-fork,226,ARITHMETIC,1,label-stratified-control,
2,stratified-capacity-fork,227,STORY,0,label-stratified-control,
2,stratified-capacity-fork,228,ARITHMETIC,0,label-stratified-control,
2,stratified-capacity-fork,229,ARITHMETIC,1,label-stratified-control,
2,stratified-capacity-fork,230,ARITHMETIC,0,label-stratified-control,
2,stratified-capacity-fork,231,STORY,1,label-stratified-control,
2,stratified-capacity-fork,232,STORY,0,label-stratified-control,
2,stratified-capacity-fork,233,ARITHMETIC,1,label-stratified-control,
2,stratified-capacity-fork,234,ARITHMETIC,0,label-stratified-control,
2,stratified-capacity-fork,235,ARITHMETIC,1,label-stratified-control,
2,stratified-capacity-fork,236,ARITHMETIC,0,label-stratified-control,
2,stratified-capacity-fork,237,ARITHMETIC,1,label-stratified-control,
2,stratified-capacity-fork,238,ARITHMETIC,0,label-stratified-control,
2,stratified-capacity-fork,239,ARITHMETIC,1,label-stratified-control,
2,stratified-capacity-fork,240,ARITHMETIC,0,label-stratified-control,
2,stratified-capacity-fork,241,ARITHMETIC,1,label-stratified-control,
2,stratified-capacity-fork,242,STORY,1,label-stratified-control,
2,stratified-capacity-fork,243,ARITHMETIC,0,label-stratified-control,
2,stratified-capacity-fork,244,ARITHMETIC,1,label-stratified-control,
2,stratified-capacity-fork,245,STORY,0,label-stratified-control,
2,stratified-capacity-fork,246,ARITHMETIC,0,label-stratified-control,
2,stratified-capacity-fork,247,STORY,1,label-stratified-control,
2,stratified-capacity-fork,248,ARITHMETIC,1,label-stratified-control,
2,stratified-capacity-fork,249,ARITHMETIC,0,label-stratified-control,
2,stratified-capacity-fork,250,ARITHMETIC,1,label-stratified-control,
2,stratified-capacity-fork,251,STORY,0,label-stratified-control,
2,stratified-capacity-fork,252,ARITHMETIC,0,label-stratified-control,
2,stratified-capacity-fork,253,ARITHMETIC,1,label-stratified-control,
2,stratified-capacity-fork,254,ARITHMETIC,0,label-stratified-control,
2,stratified-capacity-fork,255,STORY,1,label-stratified-control,
2,stratified-capacity-fork,256,STORY,0,label-stratified-control,
2,stratified-capacity-fork,257,STORY,1,label-stratified-control,
2,stratified-capacity-fork,258,STORY,0,label-stratified-control,
2,stratified-capacity-fork,259,STORY,1,label-stratified-control,
2,stratified-capacity-fork,260,STORY,0,label-stratified-control,
2,stratified-capacity-fork,261,ARITHMETIC,1,label-stratified-control,
2,stratified-capacity-fork,262,STORY,1,label-stratified-control,
2,stratified-capacity-fork,263,ARITHMETIC,0,label-stratified-control,
2,stratified-capacity-fork,264,ARITHMETIC,1,label-stratified-control,
2,stratified-capacity-fork,265,ARITHMETIC,0,label-stratified-control,
2,stratified-capacity-fork,266,ARITHMETIC,1,label-stratified-control,
2,stratified-capacity-fork,267,ARITHMETIC,0,label-stratified-control,
2,stratified-capacity-fork,268,STORY,0,label-stratified-control,
2,stratified-capacity-fork,269,STORY,1,label-stratified-control,
2,stratified-capacity-fork,270,STORY,0,label-stratified-control,
2,stratified-capacity-fork,271,STORY,1,label-stratified-control,
2,stratified-capacity-fork,272,ARITHMETIC,1,label-stratified-control,
2,stratified-capacity-fork,273,ARITHMETIC,0,label-stratified-control,
2,stratified-capacity-fork,274,ARITHMETIC,1,label-stratified-control,
2,stratified-capacity-fork,275,ARITHMETIC,0,label-stratified-control,
2,stratified-capacity-fork,276,STORY,0,label-stratified-control,
2,stratified-capacity-fork,277,ARITHMETIC,1,label-stratified-control,
2,stratified-capacity-fork,278,STORY,1,label-stratified-control,
2,stratified-capacity-fork,279,ARITHMETIC,0,label-stratified-control,
2,stratified-capacity-fork,280,ARITHMETIC,1,label-stratified-control,
2,stratified-capacity-fork,281,ARITHMETIC,0,label-stratified-control,
2,stratified-capacity-fork,282,STORY,0,label-stratified-control,
2,stratified-capacity-fork,283,ARITHMETIC,1,label-stratified-control,
2,stratified-capacity-fork,284,ARITHMETIC,0,label-stratified-control,
2,stratified-capacity-fork,285,ARITHMETIC,1,label-stratified-control,
2,stratified-capacity-fork,286,ARITHMETIC,0,label-stratified-control,
2,stratified-capacity-fork,287,STORY,1,label-stratified-control,
2,stratified-capacity-fork,288,ARITHMETIC,1,label-stratified-control,
2,stratified-capacity-fork,289,STORY,0,label-stratified-control,
2,stratified-capacity-fork,290,STORY,1,label-stratified-control,
2,stratified-capacity-fork,291,STORY,0,label-stratified-control,
2,stratified-capacity-fork,292,STORY,1,label-stratified-control,
2,stratified-capacity-fork,293,ARITHMETIC,0,label-stratified-control,
2,stratified-capacity-fork,294,STORY,0,label-stratified-control,
2,stratified-capacity-fork,295,STORY,1,label-stratified-control,
2,stratified-capacity-fork,296,ARITHMETIC,1,label-stratified-control,
2,stratified-capacity-fork,297,STORY,0,label-stratified-control,
2,stratified-capacity-fork,298,STORY,1,label-stratified-control,
2,stratified-capacity-fork,299,STORY,0,label-stratified-control,
2,stratified-capacity-fork,300,STORY,1,label-stratified-control,
2,stratified-capacity-fork,301,ARITHMETIC,0,label-stratified-control,
2,stratified-capacity-fork,302,STORY,0,label-stratified-control,
2,stratified-capacity-fork,303,ARITHMETIC,1,label-stratified-control,
2,stratified-capacity-fork,304,ARITHMETIC,0,label-stratified-control,
2,stratified-capacity-fork,305,ARITHMETIC,1,label-stratified-control,
2,stratified-capacity-fork,306,STORY,1,label-stratified-control,
2,stratified-capacity-fork,307,STORY,0,label-stratified-control,
2,stratified-capacity-fork,308,STORY,1,label-stratified-control,
2,stratified-capacity-fork,309,STORY,0,label-stratified-control,
2,stratified-capacity-fork,310,STORY,1,label-stratified-control,
2,stratified-capacity-fork,311,ARITHMETIC,0,label-stratified-control,
2,stratified-capacity-fork,312,ARITHMETIC,1,label-stratified-control,
2,stratified-capacity-fork,313,ARITHMETIC,0,label-stratified-control,
2,stratified-capacity-fork,314,STORY,0,label-stratified-control,
2,stratified-capacity-fork,315,ARITHMETIC,1,label-stratified-control,
2,stratified-capacity-fork,316,STORY,1,label-stratified-control,
2,stratified-capacity-fork,317,ARITHMETIC,0,label-stratified-control,
2,stratified-capacity-fork,318,ARITHMETIC,1,label-stratified-control,
2,stratified-capacity-fork,319,ARITHMETIC,0,label-stratified-control,
2,stratified-capacity-fork,320,STORY,0,label-stratified-control,
2,stratified-capacity-fork,321,ARITHMETIC,1,label-stratified-control,
2,stratified-capacity-fork,322,ARITHMETIC,0,label-stratified-control,
2,stratified-capacity-fork,323,STORY,1,label-stratified-control,
2,stratified-capacity-fork,324,STORY,0,label-stratified-control,
2,stratified-capacity-fork,325,STORY,1,label-stratified-control,
2,stratified-capacity-fork,326,STORY,0,label-stratified-control,
2,stratified-capacity-fork,327,STORY,1,label-stratified-control,
2,stratified-capacity-fork,328,STORY,0,label-stratified-control,
2,stratified-capacity-fork,329,ARITHMETIC,1,label-stratified-control,
2,stratified-capacity-fork,330,STORY,1,label-stratified-control,
2,stratified-capacity-fork,331,STORY,0,label-stratified-control,
2,stratified-capacity-fork,332,STORY,1,label-stratified-control,
2,stratified-capacity-fork,333,STORY,0,label-stratified-control,
2,stratified-capacity-fork,334,ARITHMETIC,0,label-stratified-control,
2,stratified-capacity-fork,335,STORY,1,label-stratified-control,
2,stratified-capacity-fork,336,ARITHMETIC,1,label-stratified-control,
2,stratified-capacity-fork,337,ARITHMETIC,0,label-stratified-control,
2,stratified-capacity-fork,338,ARITHMETIC,1,label-stratified-control,
2,stratified-capacity-fork,339,ARITHMETIC,0,label-stratified-control,
2,stratified-capacity-fork,340,STORY,0,label-stratified-control,
2,stratified-capacity-fork,341,ARITHMETIC,1,label-stratified-control,
2,stratified-capacity-fork,342,STORY,1,label-stratified-control,
2,stratified-capacity-fork,343,ARITHMETIC,0,label-stratified-control,
2,stratified-capacity-fork,344,ARITHMETIC,1,label-stratified-control,
2,stratified-capacity-fork,345,ARITHMETIC,0,label-stratified-control,
2,stratified-capacity-fork,346,ARITHMETIC,1,label-stratified-control,
2,stratified-capacity-fork,347,ARITHMETIC,0,label-stratified-control,
2,stratified-capacity-fork,348,ARITHMETIC,1,label-stratified-control,
2,stratified-capacity-fork,349,STORY,0,label-stratified-control,
2,stratified-capacity-fork,350,STORY,1,label-stratified-control,
2,stratified-capacity-fork,351,STORY,0,label-stratified-control,
2,stratified-capacity-fork,352,ARITHMETIC,0,label-stratified-control,
2,stratified-capacity-fork,353,ARITHMETIC,1,label-stratified-control,
2,stratified-capacity-fork,354,STORY,1,label-stratified-control,
2,stratified-capacity-fork,355,ARITHMETIC,0,label-stratified-control,
2,stratified-capacity-fork,356,STORY,0,label-stratified-control,
2,stratified-capacity-fork,357,ARITHMETIC,1,label-stratified-control,
2,stratified-capacity-fork,358,STORY,1,label-stratified-control,
2,stratified-capacity-fork,359,STORY,0,label-stratified-control,
2,stratified-capacity-fork,360,STORY,1,label-stratified-control,
2,stratified-capacity-fork,361,STORY,0,label-stratified-control,
2,stratified-capacity-fork,362,STORY,1,label-stratified-control,
2,stratified-capacity-fork,363,ARITHMETIC,0,label-stratified-control,
2,stratified-capacity-fork,364,ARITHMETIC,1,label-stratified-control,
2,stratified-capacity-fork,365,ARITHMETIC,0,label-stratified-control,
2,stratified-capacity-fork,366,ARITHMETIC,1,label-stratified-control,
2,stratified-capacity-fork,367,STORY,0,label-stratified-control,
2,stratified-capacity-fork,368,STORY,1,label-stratified-control,
2,stratified-capacity-fork,369,STORY,0,label-stratified-control,
2,stratified-capacity-fork,370,ARITHMETIC,0,label-stratified-control,
2,stratified-capacity-fork,371,ARITHMETIC,1,label-stratified-control,
2,stratified-capacity-fork,372,STORY,1,label-stratified-control,
2,stratified-capacity-fork,373,ARITHMETIC,0,label-stratified-control,
2,stratified-capacity-fork,374,ARITHMETIC,1,label-stratified-control,
2,stratified-capacity-fork,375,ARITHMETIC,0,label-stratified-control,
2,stratified-capacity-fork,376,STORY,0,label-stratified-control,
2,stratified-capacity-fork,377,ARITHMETIC,1,label-stratified-control,
2,stratified-capacity-fork,378,ARITHMETIC,0,label-stratified-control,
2,stratified-capacity-fork,379,STORY,1,label-stratified-control,
2,stratified-capacity-fork,380,STORY,0,label-stratified-control,
2,stratified-capacity-fork,381,ARITHMETIC,1,label-stratified-control,
2,stratified-capacity-fork,382,ARITHMETIC,0,label-stratified-control,
2,stratified-capacity-fork,383,ARITHMETIC,1,label-stratified-control,
2,stratified-capacity-fork,384,STORY,1,label-stratified-control,
2,stratified-capacity-fork,385,STORY,0,label-stratified-control,
2,stratified-capacity-fork,386,ARITHMETIC,0,label-stratified-control,
2,stratified-capacity-fork,387,ARITHMETIC,1,label-stratified-control,
2,stratified-capacity-fork,388,STORY,1,label-stratified-control,
2,stratified-capacity-fork,389,STORY,0,label-stratified-control,
2,stratified-capacity-fork,390,ARITHMETIC,0,label-stratified-control,
2,stratified-capacity-fork,391,STORY,1,label-stratified-control,
2,stratified-capacity-fork,392,STORY,0,label-stratified-control,
2,stratified-capacity-fork,393,STORY,1,label-stratified-control,
2,stratified-capacity-fork,394,ARITHMETIC,1,label-stratified-control,
2,stratified-capacity-fork,395,STORY,0,label-stratified-control,
2,stratified-capacity-fork,396,ARITHMETIC,0,label-stratified-control,
2,stratified-capacity-fork,397,STORY,1,label-stratified-control,
2,stratified-capacity-fork,398,STORY,0,label-stratified-control,
2,stratified-capacity-fork,399,ARITHMETIC,1,label-stratified-control,
2,stratified-capacity-fork,400,STORY,1,label-stratified-control,
2,geometry-bifurcation-fork,1,ARITHMETIC,1,unlabeled-gradient-k2,-0.870169997215271
2,geometry-bifurcation-fork,2,ARITHMETIC,1,unlabeled-gradient-k2,-0.8692436218261719
2,geometry-bifurcation-fork,3,STORY,0,unlabeled-gradient-k2,0.1536396741867065
2,geometry-bifurcation-fork,4,STORY,1,unlabeled-gradient-k2,-0.0988264083862304
2,geometry-bifurcation-fork,5,STORY,1,unlabeled-gradient-k2,-0.018710970878601
2,geometry-bifurcation-fork,6,ARITHMETIC,1,unlabeled-gradient-k2,-0.870772659778595
2,geometry-bifurcation-fork,7,STORY,0,unlabeled-gradient-k2,1.222261905670166
2,geometry-bifurcation-fork,8,STORY,1,unlabeled-gradient-k2,-0.1898977160453796
2,geometry-bifurcation-fork,9,STORY,1,unlabeled-gradient-k2,-0.267273485660553
2,geometry-bifurcation-fork,10,ARITHMETIC,1,unlabeled-gradient-k2,-0.8707419037818909
2,geometry-bifurcation-fork,11,STORY,0,unlabeled-gradient-k2,1.3572306632995603
2,geometry-bifurcation-fork,12,ARITHMETIC,1,unlabeled-gradient-k2,-0.871212363243103
2,geometry-bifurcation-fork,13,STORY,0,unlabeled-gradient-k2,0.6831953525543213
2,geometry-bifurcation-fork,14,STORY,0,unlabeled-gradient-k2,1.115175724029541
2,geometry-bifurcation-fork,15,STORY,0,unlabeled-gradient-k2,0.8952183723449707
2,geometry-bifurcation-fork,16,ARITHMETIC,1,unlabeled-gradient-k2,-0.8713181614875793
2,geometry-bifurcation-fork,17,ARITHMETIC,1,unlabeled-gradient-k2,-0.872931182384491
2,geometry-bifurcation-fork,18,STORY,0,unlabeled-gradient-k2,0.8226923942565918
2,geometry-bifurcation-fork,19,STORY,0,unlabeled-gradient-k2,1.6187858581542969
2,geometry-bifurcation-fork,20,STORY,1,unlabeled-gradient-k2,-0.4642379283905029
2,geometry-bifurcation-fork,21,ARITHMETIC,1,unlabeled-gradient-k2,-0.8672473430633545
2,geometry-bifurcation-fork,22,STORY,0,unlabeled-gradient-k2,0.6905800104141235
2,geometry-bifurcation-fork,23,STORY,0,unlabeled-gradient-k2,1.1279116868972778
2,geometry-bifurcation-fork,24,ARITHMETIC,1,unlabeled-gradient-k2,-0.8679883480072021
2,geometry-bifurcation-fork,25,STORY,0,unlabeled-gradient-k2,0.7583513259887695
2,geometry-bifurcation-fork,26,STORY,0,unlabeled-gradient-k2,1.3702189922332764
2,geometry-bifurcation-fork,27,ARITHMETIC,1,unlabeled-gradient-k2,-0.8732454776763916
2,geometry-bifurcation-fork,28,ARITHMETIC,1,unlabeled-gradient-k2,-0.8719643354415894
2,geometry-bifurcation-fork,29,STORY,1,unlabeled-gradient-k2,-0.2191280126571655
2,geometry-bifurcation-fork,30,STORY,1,unlabeled-gradient-k2,-0.0743423104286193
2,geometry-bifurcation-fork,31,ARITHMETIC,1,unlabeled-gradient-k2,-0.8672566413879395
2,geometry-bifurcation-fork,32,STORY,0,unlabeled-gradient-k2,0.2700636386871338
2,geometry-bifurcation-fork,33,ARITHMETIC,1,unlabeled-gradient-k2,-0.8667798638343811
2,geometry-bifurcation-fork,34,STORY,0,unlabeled-gradient-k2,1.8174817562103271
2,geometry-bifurcation-fork,35,ARITHMETIC,1,unlabeled-gradient-k2,-0.8702976107597351
2,geometry-bifurcation-fork,36,ARITHMETIC,1,unlabeled-gradient-k2,-0.8711643815040588
2,geometry-bifurcation-fork,37,ARITHMETIC,1,unlabeled-gradient-k2,-0.87261962890625
2,geometry-bifurcation-fork,38,ARITHMETIC,1,unlabeled-gradient-k2,-0.8679118752479553
2,geometry-bifurcation-fork,39,STORY,0,unlabeled-gradient-k2,0.733690083026886
2,geometry-bifurcation-fork,40,ARITHMETIC,1,unlabeled-gradient-k2,-0.8706787824630737
2,geometry-bifurcation-fork,41,STORY,0,unlabeled-gradient-k2,0.498088002204895
2,geometry-bifurcation-fork,42,ARITHMETIC,1,unlabeled-gradient-k2,-0.874541163444519
2,geometry-bifurcation-fork,43,STORY,0,unlabeled-gradient-k2,1.2496271133422852
2,geometry-bifurcation-fork,44,ARITHMETIC,1,unlabeled-gradient-k2,-0.8699648380279541
2,geometry-bifurcation-fork,45,ARITHMETIC,1,unlabeled-gradient-k2,-0.8711315393447876
2,geometry-bifurcation-fork,46,ARITHMETIC,1,unlabeled-gradient-k2,-0.8671809434890747
2,geometry-bifurcation-fork,47,ARITHMETIC,1,unlabeled-gradient-k2,-0.8687668442726135
2,geometry-bifurcation-fork,48,ARITHMETIC,1,unlabeled-gradient-k2,-0.8700164556503296
2,geometry-bifurcation-fork,49,STORY,0,unlabeled-gradient-k2,0.2225835919380188
2,geometry-bifurcation-fork,50,ARITHMETIC,1,unlabeled-gradient-k2,-0.8620198369026184
2,geometry-bifurcation-fork,51,ARITHMETIC,1,unlabeled-gradient-k2,-0.8701084852218628
2,geometry-bifurcation-fork,52,ARITHMETIC,1,unlabeled-gradient-k2,-0.8699613809585571
2,geometry-bifurcation-fork,53,STORY,1,unlabeled-gradient-k2,-0.4598666131496429
2,geometry-bifurcation-fork,54,STORY,0,unlabeled-gradient-k2,1.1905415058135986
2,geometry-bifurcation-fork,55,STORY,0,unlabeled-gradient-k2,2.0078935623168945
2,geometry-bifurcation-fork,56,ARITHMETIC,1,unlabeled-gradient-k2,-0.867846667766571
2,geometry-bifurcation-fork,57,ARITHMETIC,1,unlabeled-gradient-k2,-0.8694106340408325
2,geometry-bifurcation-fork,58,STORY,0,unlabeled-gradient-k2,1.449455738067627
2,geometry-bifurcation-fork,59,ARITHMETIC,1,unlabeled-gradient-k2,-0.8674030900001526
2,geometry-bifurcation-fork,60,STORY,0,unlabeled-gradient-k2,0.6985524892807007
2,geometry-bifurcation-fork,61,STORY,0,unlabeled-gradient-k2,1.6387813091278076
2,geometry-bifurcation-fork,62,STORY,0,unlabeled-gradient-k2,1.088667631149292
2,geometry-bifurcation-fork,63,STORY,0,unlabeled-gradient-k2,1.891430616378784
2,geometry-bifurcation-fork,64,ARITHMETIC,1,unlabeled-gradient-k2,-0.869236409664154
2,geometry-bifurcation-fork,65,STORY,0,unlabeled-gradient-k2,1.819757461547852
2,geometry-bifurcation-fork,66,STORY,0,unlabeled-gradient-k2,0.2344522476196289
2,geometry-bifurcation-fork,67,STORY,0,unlabeled-gradient-k2,1.7432644367218018
2,geometry-bifurcation-fork,68,ARITHMETIC,1,unlabeled-gradient-k2,-0.8638693690299988
2,geometry-bifurcation-fork,69,STORY,1,unlabeled-gradient-k2,-0.0397851467132568
2,geometry-bifurcation-fork,70,STORY,0,unlabeled-gradient-k2,1.2877862453460691
2,geometry-bifurcation-fork,71,STORY,0,unlabeled-gradient-k2,0.4775254726409912
2,geometry-bifurcation-fork,72,ARITHMETIC,1,unlabeled-gradient-k2,-0.8706374764442444
2,geometry-bifurcation-fork,73,ARITHMETIC,1,unlabeled-gradient-k2,-0.8672661781311035
2,geometry-bifurcation-fork,74,STORY,0,unlabeled-gradient-k2,2.0622801780700684
2,geometry-bifurcation-fork,75,STORY,0,unlabeled-gradient-k2,0.8911349773406982
2,geometry-bifurcation-fork,76,ARITHMETIC,1,unlabeled-gradient-k2,-0.8705938458442688
2,geometry-bifurcation-fork,77,STORY,0,unlabeled-gradient-k2,0.2261230945587158
2,geometry-bifurcation-fork,78,STORY,0,unlabeled-gradient-k2,0.2153226137161255
2,geometry-bifurcation-fork,79,STORY,0,unlabeled-gradient-k2,0.307961106300354
2,geometry-bifurcation-fork,80,ARITHMETIC,1,unlabeled-gradient-k2,-0.8742160201072693
2,geometry-bifurcation-fork,81,STORY,0,unlabeled-gradient-k2,1.2378195524215698
2,geometry-bifurcation-fork,82,ARITHMETIC,1,unlabeled-gradient-k2,-0.8747594952583313
2,geometry-bifurcation-fork,83,ARITHMETIC,1,unlabeled-gradient-k2,-0.8680304288864136
2,geometry-bifurcation-fork,84,STORY,0,unlabeled-gradient-k2,0.7618566751480103
2,geometry-bifurcation-fork,85,ARITHMETIC,1,unlabeled-gradient-k2,-0.8690828680992126
2,geometry-bifurcation-fork,86,ARITHMETIC,1,unlabeled-gradient-k2,-0.871631383895874
2,geometry-bifurcation-fork,87,ARITHMETIC,1,unlabeled-gradient-k2,-0.8730413317680359
2,geometry-bifurcation-fork,88,STORY,0,unlabeled-gradient-k2,0.9869621992111206
2,geometry-bifurcation-fork,89,ARITHMETIC,1,unlabeled-gradient-k2,-0.8655803799629211
2,geometry-bifurcation-fork,90,ARITHMETIC,1,unlabeled-gradient-k2,-0.8727877736091614
2,geometry-bifurcation-fork,91,ARITHMETIC,1,unlabeled-gradient-k2,-0.8684498071670532
2,geometry-bifurcation-fork,92,STORY,1,unlabeled-gradient-k2,-0.077166736125946
2,geometry-bifurcation-fork,93,STORY,1,unlabeled-gradient-k2,-0.1536880731582641
2,geometry-bifurcation-fork,94,STORY,0,unlabeled-gradient-k2,1.2088170051574707
2,geometry-bifurcation-fork,95,STORY,1,unlabeled-gradient-k2,-0.2174844741821289
2,geometry-bifurcation-fork,96,ARITHMETIC,1,unlabeled-gradient-k2,-0.8685976266860962
2,geometry-bifurcation-fork,97,ARITHMETIC,1,unlabeled-gradient-k2,-0.8667526245117188
2,geometry-bifurcation-fork,98,ARITHMETIC,1,unlabeled-gradient-k2,-0.8695735335350037
2,geometry-bifurcation-fork,99,ARITHMETIC,1,unlabeled-gradient-k2,-0.8712190985679626
2,geometry-bifurcation-fork,100,STORY,0,unlabeled-gradient-k2,0.2538903951644897
2,geometry-bifurcation-fork,101,STORY,0,unlabeled-gradient-k2,0.5046515464782715
2,geometry-bifurcation-fork,102,ARITHMETIC,1,unlabeled-gradient-k2,-0.869625449180603
2,geometry-bifurcation-fork,103,STORY,0,unlabeled-gradient-k2,0.5653536319732666
2,geometry-bifurcation-fork,104,STORY,1,unlabeled-gradient-k2,-0.2956167757511139
2,geometry-bifurcation-fork,105,ARITHMETIC,1,unlabeled-gradient-k2,-0.8741401433944702
2,geometry-bifurcation-fork,106,STORY,0,unlabeled-gradient-k2,0.8845049142837524
2,geometry-bifurcation-fork,107,STORY,0,unlabeled-gradient-k2,0.8686918020248413
2,geometry-bifurcation-fork,108,ARITHMETIC,1,unlabeled-gradient-k2,-0.8681498169898987
2,geometry-bifurcation-fork,109,STORY,0,unlabeled-gradient-k2,0.3658084869384765
2,geometry-bifurcation-fork,110,ARITHMETIC,1,unlabeled-gradient-k2,-0.8702501058578491
2,geometry-bifurcation-fork,111,ARITHMETIC,1,unlabeled-gradient-k2,-0.8620503544807434
2,geometry-bifurcation-fork,112,ARITHMETIC,1,unlabeled-gradient-k2,-0.8676844239234924
2,geometry-bifurcation-fork,113,ARITHMETIC,1,unlabeled-gradient-k2,-0.8682782053947449
2,geometry-bifurcation-fork,114,STORY,1,unlabeled-gradient-k2,-0.0399906635284423
2,geometry-bifurcation-fork,115,STORY,0,unlabeled-gradient-k2,1.3232282400131226
2,geometry-bifurcation-fork,116,ARITHMETIC,1,unlabeled-gradient-k2,-0.8715153932571411
2,geometry-bifurcation-fork,117,STORY,0,unlabeled-gradient-k2,0.6671793460845947
2,geometry-bifurcation-fork,118,ARITHMETIC,1,unlabeled-gradient-k2,-0.8711784482002258
2,geometry-bifurcation-fork,119,ARITHMETIC,1,unlabeled-gradient-k2,-0.8688835501670837
2,geometry-bifurcation-fork,120,ARITHMETIC,1,unlabeled-gradient-k2,-0.8749696612358093
2,geometry-bifurcation-fork,121,STORY,0,unlabeled-gradient-k2,1.0508451461791992
2,geometry-bifurcation-fork,122,ARITHMETIC,1,unlabeled-gradient-k2,-0.868759274482727
2,geometry-bifurcation-fork,123,ARITHMETIC,1,unlabeled-gradient-k2,-0.8723873496055603
2,geometry-bifurcation-fork,124,STORY,1,unlabeled-gradient-k2,-0.1419160366058349
2,geometry-bifurcation-fork,125,STORY,0,unlabeled-gradient-k2,1.124908447265625
2,geometry-bifurcation-fork,126,STORY,0,unlabeled-gradient-k2,0.3209236860275268
2,geometry-bifurcation-fork,127,STORY,0,unlabeled-gradient-k2,1.6138536930084229
2,geometry-bifurcation-fork,128,ARITHMETIC,1,unlabeled-gradient-k2,-0.871061384677887
2,geometry-bifurcation-fork,129,ARITHMETIC,1,unlabeled-gradient-k2,-0.8677261471748352
2,geometry-bifurcation-fork,130,ARITHMETIC,1,unlabeled-gradient-k2,-0.8724308013916016
2,geometry-bifurcation-fork,131,STORY,0,unlabeled-gradient-k2,0.9835331439971924
2,geometry-bifurcation-fork,132,ARITHMETIC,1,unlabeled-gradient-k2,-0.872188925743103
2,geometry-bifurcation-fork,133,STORY,1,unlabeled-gradient-k2,-0.1281366348266601
2,geometry-bifurcation-fork,134,STORY,0,unlabeled-gradient-k2,1.0426921844482422
2,geometry-bifurcation-fork,135,STORY,1,unlabeled-gradient-k2,-0.1768805384635925
2,geometry-bifurcation-fork,136,STORY,1,unlabeled-gradient-k2,-0.3457947969436645
2,geometry-bifurcation-fork,137,ARITHMETIC,1,unlabeled-gradient-k2,-0.8679003715515137
2,geometry-bifurcation-fork,138,STORY,0,unlabeled-gradient-k2,0.3233163356781006
2,geometry-bifurcation-fork,139,STORY,0,unlabeled-gradient-k2,1.7032122611999512
2,geometry-bifurcation-fork,140,ARITHMETIC,1,unlabeled-gradient-k2,-0.8763744235038757
2,geometry-bifurcation-fork,141,STORY,0,unlabeled-gradient-k2,0.2608803510665893
2,geometry-bifurcation-fork,142,STORY,0,unlabeled-gradient-k2,0.3833190202713012
2,geometry-bifurcation-fork,143,ARITHMETIC,1,unlabeled-gradient-k2,-0.8704926371574402
2,geometry-bifurcation-fork,144,STORY,1,unlabeled-gradient-k2,-0.2114091515541076
2,geometry-bifurcation-fork,145,ARITHMETIC,1,unlabeled-gradient-k2,-0.8736716508865356
2,geometry-bifurcation-fork,146,STORY,1,unlabeled-gradient-k2,-0.1051182150840759
2,geometry-bifurcation-fork,147,ARITHMETIC,1,unlabeled-gradient-k2,-0.8733826875686646
2,geometry-bifurcation-fork,148,ARITHMETIC,1,unlabeled-gradient-k2,-0.8731716275215149
2,geometry-bifurcation-fork,149,ARITHMETIC,1,unlabeled-gradient-k2,-0.8700998425483704
2,geometry-bifurcation-fork,150,STORY,0,unlabeled-gradient-k2,1.4421902894973757
2,geometry-bifurcation-fork,151,STORY,0,unlabeled-gradient-k2,0.0238134860992431
2,geometry-bifurcation-fork,152,STORY,0,unlabeled-gradient-k2,1.1215074062347412
2,geometry-bifurcation-fork,153,ARITHMETIC,1,unlabeled-gradient-k2,-0.8705099821090698
2,geometry-bifurcation-fork,154,ARITHMETIC,1,unlabeled-gradient-k2,-0.8666917085647583
2,geometry-bifurcation-fork,155,STORY,0,unlabeled-gradient-k2,0.5013464689254761
2,geometry-bifurcation-fork,156,ARITHMETIC,1,unlabeled-gradient-k2,-0.8705482482910156
2,geometry-bifurcation-fork,157,STORY,0,unlabeled-gradient-k2,0.5002214908599854
2,geometry-bifurcation-fork,158,STORY,0,unlabeled-gradient-k2,0.4913556575775146
2,geometry-bifurcation-fork,159,ARITHMETIC,1,unlabeled-gradient-k2,-0.8726513981819153
2,geometry-bifurcation-fork,160,ARITHMETIC,1,unlabeled-gradient-k2,-0.8728970885276794
2,geometry-bifurcation-fork,161,ARITHMETIC,1,unlabeled-gradient-k2,-0.8685978651046753
2,geometry-bifurcation-fork,162,ARITHMETIC,1,unlabeled-gradient-k2,-0.871738612651825
2,geometry-bifurcation-fork,163,STORY,0,unlabeled-gradient-k2,0.7537121772766113
2,geometry-bifurcation-fork,164,STORY,0,unlabeled-gradient-k2,0.2788060903549194
2,geometry-bifurcation-fork,165,STORY,0,unlabeled-gradient-k2,0.8030300140380859
2,geometry-bifurcation-fork,166,STORY,0,unlabeled-gradient-k2,1.5770516395568848
2,geometry-bifurcation-fork,167,ARITHMETIC,1,unlabeled-gradient-k2,-0.86810302734375
2,geometry-bifurcation-fork,168,STORY,1,unlabeled-gradient-k2,-0.3558290004730224
2,geometry-bifurcation-fork,169,STORY,0,unlabeled-gradient-k2,1.919772148132324
2,geometry-bifurcation-fork,170,ARITHMETIC,1,unlabeled-gradient-k2,-0.8705843687057495
2,geometry-bifurcation-fork,171,ARITHMETIC,1,unlabeled-gradient-k2,-0.8687877655029297
2,geometry-bifurcation-fork,172,ARITHMETIC,1,unlabeled-gradient-k2,-0.8714523315429688
2,geometry-bifurcation-fork,173,STORY,0,unlabeled-gradient-k2,1.4409329891204834
2,geometry-bifurcation-fork,174,STORY,0,unlabeled-gradient-k2,1.7264821529388428
2,geometry-bifurcation-fork,175,STORY,0,unlabeled-gradient-k2,0.8103580474853516
2,geometry-bifurcation-fork,176,STORY,1,unlabeled-gradient-k2,-0.2956367135047912
2,geometry-bifurcation-fork,177,ARITHMETIC,1,unlabeled-gradient-k2,-0.8677806258201599
2,geometry-bifurcation-fork,178,ARITHMETIC,1,unlabeled-gradient-k2,-0.8644840717315674
2,geometry-bifurcation-fork,179,STORY,0,unlabeled-gradient-k2,1.0500061511993408
2,geometry-bifurcation-fork,180,STORY,0,unlabeled-gradient-k2,0.4532785415649414
2,geometry-bifurcation-fork,181,ARITHMETIC,1,unlabeled-gradient-k2,-0.8700791001319885
2,geometry-bifurcation-fork,182,ARITHMETIC,1,unlabeled-gradient-k2,-0.8688904643058777
2,geometry-bifurcation-fork,183,ARITHMETIC,1,unlabeled-gradient-k2,-0.8669079542160034
2,geometry-bifurcation-fork,184,STORY,0,unlabeled-gradient-k2,1.2949832677841189
2,geometry-bifurcation-fork,185,STORY,0,unlabeled-gradient-k2,1.822899341583252
2,geometry-bifurcation-fork,186,STORY,0,unlabeled-gradient-k2,1.6310625076293943
2,geometry-bifurcation-fork,187,ARITHMETIC,1,unlabeled-gradient-k2,-0.8693290948867798
2,geometry-bifurcation-fork,188,ARITHMETIC,1,unlabeled-gradient-k2,-0.8705805540084839
2,geometry-bifurcation-fork,189,ARITHMETIC,1,unlabeled-gradient-k2,-0.86854487657547
2,geometry-bifurcation-fork,190,STORY,0,unlabeled-gradient-k2,0.4495396018028259
2,geometry-bifurcation-fork,191,ARITHMETIC,1,unlabeled-gradient-k2,-0.8673692941665649
2,geometry-bifurcation-fork,192,ARITHMETIC,1,unlabeled-gradient-k2,-0.870046854019165
2,geometry-bifurcation-fork,193,STORY,0,unlabeled-gradient-k2,0.935454249382019
2,geometry-bifurcation-fork,194,STORY,0,unlabeled-gradient-k2,1.988743543624878
2,geometry-bifurcation-fork,195,ARITHMETIC,1,unlabeled-gradient-k2,-0.8722898960113525
2,geometry-bifurcation-fork,196,STORY,0,unlabeled-gradient-k2,0.2114717960357666
2,geometry-bifurcation-fork,197,ARITHMETIC,1,unlabeled-gradient-k2,-0.8702303171157837
2,geometry-bifurcation-fork,198,ARITHMETIC,1,unlabeled-gradient-k2,-0.866144597530365
2,geometry-bifurcation-fork,199,STORY,0,unlabeled-gradient-k2,1.5386886596679688
2,geometry-bifurcation-fork,200,ARITHMETIC,1,unlabeled-gradient-k2,-0.8740494251251221
2,geometry-bifurcation-fork,201,STORY,0,unlabeled-gradient-k2,1.4498347043991089
2,geometry-bifurcation-fork,202,ARITHMETIC,1,unlabeled-gradient-k2,-0.8680937886238098
2,geometry-bifurcation-fork,203,ARITHMETIC,1,unlabeled-gradient-k2,-0.869268536567688
2,geometry-bifurcation-fork,204,STORY,0,unlabeled-gradient-k2,0.840904951095581
2,geometry-bifurcation-fork,205,STORY,0,unlabeled-gradient-k2,0.7902024984359741
2,geometry-bifurcation-fork,206,STORY,0,unlabeled-gradient-k2,0.0215826034545898
2,geometry-bifurcation-fork,207,ARITHMETIC,1,unlabeled-gradient-k2,-0.8677655458450317
2,geometry-bifurcation-fork,208,STORY,0,unlabeled-gradient-k2,1.781264066696167
2,geometry-bifurcation-fork,209,ARITHMETIC,1,unlabeled-gradient-k2,-0.8679388761520386
2,geometry-bifurcation-fork,210,STORY,1,unlabeled-gradient-k2,-0.4552158117294311
2,geometry-bifurcation-fork,211,STORY,1,unlabeled-gradient-k2,-0.1544318795204162
2,geometry-bifurcation-fork,212,STORY,0,unlabeled-gradient-k2,0.6539767980575562
2,geometry-bifurcation-fork,213,STORY,0,unlabeled-gradient-k2,1.8368921279907229
2,geometry-bifurcation-fork,214,STORY,1,unlabeled-gradient-k2,-0.1332836151123047
2,geometry-bifurcation-fork,215,ARITHMETIC,1,unlabeled-gradient-k2,-0.8722912073135376
2,geometry-bifurcation-fork,216,STORY,1,unlabeled-gradient-k2,-0.0541988015174865
2,geometry-bifurcation-fork,217,STORY,0,unlabeled-gradient-k2,1.1742026805877686
2,geometry-bifurcation-fork,218,ARITHMETIC,1,unlabeled-gradient-k2,-0.8677476048469543
2,geometry-bifurcation-fork,219,STORY,0,unlabeled-gradient-k2,1.7502026557922363
2,geometry-bifurcation-fork,220,ARITHMETIC,1,unlabeled-gradient-k2,-0.8706115484237671
2,geometry-bifurcation-fork,221,STORY,0,unlabeled-gradient-k2,0.0548745393753051
2,geometry-bifurcation-fork,222,ARITHMETIC,1,unlabeled-gradient-k2,-0.8696063160896301
2,geometry-bifurcation-fork,223,STORY,0,unlabeled-gradient-k2,0.3508516550064087
2,geometry-bifurcation-fork,224,ARITHMETIC,1,unlabeled-gradient-k2,-0.8723388910293579
2,geometry-bifurcation-fork,225,ARITHMETIC,1,unlabeled-gradient-k2,-0.8710202574729919
2,geometry-bifurcation-fork,226,ARITHMETIC,1,unlabeled-gradient-k2,-0.8649715185165405
2,geometry-bifurcation-fork,227,STORY,0,unlabeled-gradient-k2,1.7454266548156738
2,geometry-bifurcation-fork,228,ARITHMETIC,1,unlabeled-gradient-k2,-0.8720266222953796
2,geometry-bifurcation-fork,229,ARITHMETIC,1,unlabeled-gradient-k2,-0.8685285449028015
2,geometry-bifurcation-fork,230,ARITHMETIC,1,unlabeled-gradient-k2,-0.8732232451438904
2,geometry-bifurcation-fork,231,STORY,0,unlabeled-gradient-k2,2.015129327774048
2,geometry-bifurcation-fork,232,STORY,0,unlabeled-gradient-k2,1.4538569450378418
2,geometry-bifurcation-fork,233,ARITHMETIC,1,unlabeled-gradient-k2,-0.8681572079658508
2,geometry-bifurcation-fork,234,ARITHMETIC,1,unlabeled-gradient-k2,-0.8709201812744141
2,geometry-bifurcation-fork,235,ARITHMETIC,1,unlabeled-gradient-k2,-0.8695051074028015
2,geometry-bifurcation-fork,236,ARITHMETIC,1,unlabeled-gradient-k2,-0.8737781047821045
2,geometry-bifurcation-fork,237,ARITHMETIC,1,unlabeled-gradient-k2,-0.8738363981246948
2,geometry-bifurcation-fork,238,ARITHMETIC,1,unlabeled-gradient-k2,-0.8685183525085449
2,geometry-bifurcation-fork,239,ARITHMETIC,1,unlabeled-gradient-k2,-0.8643709421157837
2,geometry-bifurcation-fork,240,ARITHMETIC,1,unlabeled-gradient-k2,-0.8718036413192749
2,geometry-bifurcation-fork,241,ARITHMETIC,1,unlabeled-gradient-k2,-0.8693556189537048
2,geometry-bifurcation-fork,242,STORY,0,unlabeled-gradient-k2,0.347712755203247
2,geometry-bifurcation-fork,243,ARITHMETIC,1,unlabeled-gradient-k2,-0.8728430867195129
2,geometry-bifurcation-fork,244,ARITHMETIC,1,unlabeled-gradient-k2,-0.8711391687393188
2,geometry-bifurcation-fork,245,STORY,1,unlabeled-gradient-k2,-0.0166125297546386
2,geometry-bifurcation-fork,246,ARITHMETIC,1,unlabeled-gradient-k2,-0.8691138029098511
2,geometry-bifurcation-fork,247,STORY,0,unlabeled-gradient-k2,1.0709878206253052
2,geometry-bifurcation-fork,248,ARITHMETIC,1,unlabeled-gradient-k2,-0.8709607720375061
2,geometry-bifurcation-fork,249,ARITHMETIC,1,unlabeled-gradient-k2,-0.86737459897995
2,geometry-bifurcation-fork,250,ARITHMETIC,1,unlabeled-gradient-k2,-0.8727669715881348
2,geometry-bifurcation-fork,251,STORY,0,unlabeled-gradient-k2,0.9666538238525392
2,geometry-bifurcation-fork,252,ARITHMETIC,1,unlabeled-gradient-k2,-0.865012526512146
2,geometry-bifurcation-fork,253,ARITHMETIC,1,unlabeled-gradient-k2,-0.8673692941665649
2,geometry-bifurcation-fork,254,ARITHMETIC,1,unlabeled-gradient-k2,-0.866212010383606
2,geometry-bifurcation-fork,255,STORY,0,unlabeled-gradient-k2,0.5480470657348633
2,geometry-bifurcation-fork,256,STORY,1,unlabeled-gradient-k2,-0.2059388756752014
2,geometry-bifurcation-fork,257,STORY,1,unlabeled-gradient-k2,-0.2024619579315185
2,geometry-bifurcation-fork,258,STORY,0,unlabeled-gradient-k2,0.5604407787322998
2,geometry-bifurcation-fork,259,STORY,0,unlabeled-gradient-k2,1.473942518234253
2,geometry-bifurcation-fork,260,STORY,1,unlabeled-gradient-k2,-0.2365477085113525
2,geometry-bifurcation-fork,261,ARITHMETIC,1,unlabeled-gradient-k2,-0.867759644985199
2,geometry-bifurcation-fork,262,STORY,0,unlabeled-gradient-k2,0.0308151245117187
2,geometry-bifurcation-fork,263,ARITHMETIC,1,unlabeled-gradient-k2,-0.8707898259162903
2,geometry-bifurcation-fork,264,ARITHMETIC,1,unlabeled-gradient-k2,-0.8702298402786255
2,geometry-bifurcation-fork,265,ARITHMETIC,1,unlabeled-gradient-k2,-0.8700979948043823
2,geometry-bifurcation-fork,266,ARITHMETIC,1,unlabeled-gradient-k2,-0.8647729158401489
2,geometry-bifurcation-fork,267,ARITHMETIC,1,unlabeled-gradient-k2,-0.8683474659919739
2,geometry-bifurcation-fork,268,STORY,0,unlabeled-gradient-k2,0.6563775539398193
2,geometry-bifurcation-fork,269,STORY,0,unlabeled-gradient-k2,0.985617458820343
2,geometry-bifurcation-fork,270,STORY,0,unlabeled-gradient-k2,1.1174017190933228
2,geometry-bifurcation-fork,271,STORY,0,unlabeled-gradient-k2,0.3900185823440552
2,geometry-bifurcation-fork,272,ARITHMETIC,1,unlabeled-gradient-k2,-0.8687880039215088
2,geometry-bifurcation-fork,273,ARITHMETIC,1,unlabeled-gradient-k2,-0.8713042736053467
2,geometry-bifurcation-fork,274,ARITHMETIC,1,unlabeled-gradient-k2,-0.8676621317863464
2,geometry-bifurcation-fork,275,ARITHMETIC,1,unlabeled-gradient-k2,-0.8657029867172241
2,geometry-bifurcation-fork,276,STORY,1,unlabeled-gradient-k2,-0.346947431564331
2,geometry-bifurcation-fork,277,ARITHMETIC,1,unlabeled-gradient-k2,-0.8619359731674194
2,geometry-bifurcation-fork,278,STORY,0,unlabeled-gradient-k2,1.6671676635742188
2,geometry-bifurcation-fork,279,ARITHMETIC,1,unlabeled-gradient-k2,-0.8734953999519348
2,geometry-bifurcation-fork,280,ARITHMETIC,1,unlabeled-gradient-k2,-0.8705657124519348
2,geometry-bifurcation-fork,281,ARITHMETIC,1,unlabeled-gradient-k2,-0.8708298802375793
2,geometry-bifurcation-fork,282,STORY,0,unlabeled-gradient-k2,0.512384295463562
2,geometry-bifurcation-fork,283,ARITHMETIC,1,unlabeled-gradient-k2,-0.867875874042511
2,geometry-bifurcation-fork,284,ARITHMETIC,1,unlabeled-gradient-k2,-0.8684199452400208
2,geometry-bifurcation-fork,285,ARITHMETIC,1,unlabeled-gradient-k2,-0.8648610711097717
2,geometry-bifurcation-fork,286,ARITHMETIC,1,unlabeled-gradient-k2,-0.8684898018836975
2,geometry-bifurcation-fork,287,STORY,0,unlabeled-gradient-k2,1.6367137432098389
2,geometry-bifurcation-fork,288,ARITHMETIC,1,unlabeled-gradient-k2,-0.8686613440513611
2,geometry-bifurcation-fork,289,STORY,0,unlabeled-gradient-k2,1.3567067384719849
2,geometry-bifurcation-fork,290,STORY,0,unlabeled-gradient-k2,1.1607091426849363
2,geometry-bifurcation-fork,291,STORY,0,unlabeled-gradient-k2,0.143517255783081
2,geometry-bifurcation-fork,292,STORY,0,unlabeled-gradient-k2,0.9979411363601683
2,geometry-bifurcation-fork,293,ARITHMETIC,1,unlabeled-gradient-k2,-0.8686333298683167
2,geometry-bifurcation-fork,294,STORY,1,unlabeled-gradient-k2,-0.3821243047714233
2,geometry-bifurcation-fork,295,STORY,1,unlabeled-gradient-k2,-0.2000190615653991
2,geometry-bifurcation-fork,296,ARITHMETIC,1,unlabeled-gradient-k2,-0.8711898922920227
2,geometry-bifurcation-fork,297,STORY,0,unlabeled-gradient-k2,1.043998956680298
2,geometry-bifurcation-fork,298,STORY,0,unlabeled-gradient-k2,0.2604043483734131
2,geometry-bifurcation-fork,299,STORY,0,unlabeled-gradient-k2,2.0613179206848145
2,geometry-bifurcation-fork,300,STORY,0,unlabeled-gradient-k2,2.2138962745666504
2,geometry-bifurcation-fork,301,ARITHMETIC,1,unlabeled-gradient-k2,-0.865934431552887
2,geometry-bifurcation-fork,302,STORY,0,unlabeled-gradient-k2,1.3817756175994873
2,geometry-bifurcation-fork,303,ARITHMETIC,1,unlabeled-gradient-k2,-0.8648656010627747
2,geometry-bifurcation-fork,304,ARITHMETIC,1,unlabeled-gradient-k2,-0.873691201210022
2,geometry-bifurcation-fork,305,ARITHMETIC,1,unlabeled-gradient-k2,-0.8721292614936829
2,geometry-bifurcation-fork,306,STORY,0,unlabeled-gradient-k2,1.0962274074554443
2,geometry-bifurcation-fork,307,STORY,0,unlabeled-gradient-k2,0.1038588285446167
2,geometry-bifurcation-fork,308,STORY,0,unlabeled-gradient-k2,1.507889747619629
2,geometry-bifurcation-fork,309,STORY,0,unlabeled-gradient-k2,1.8903731107711792
2,geometry-bifurcation-fork,310,STORY,0,unlabeled-gradient-k2,0.4552559852600097
2,geometry-bifurcation-fork,311,ARITHMETIC,1,unlabeled-gradient-k2,-0.8701056838035583
2,geometry-bifurcation-fork,312,ARITHMETIC,1,unlabeled-gradient-k2,-0.8756570219993591
2,geometry-bifurcation-fork,313,ARITHMETIC,1,unlabeled-gradient-k2,-0.8669358491897583
2,geometry-bifurcation-fork,314,STORY,0,unlabeled-gradient-k2,0.9987466335296632
2,geometry-bifurcation-fork,315,ARITHMETIC,1,unlabeled-gradient-k2,-0.8722825646400452
2,geometry-bifurcation-fork,316,STORY,0,unlabeled-gradient-k2,0.3329349756240845
2,geometry-bifurcation-fork,317,ARITHMETIC,1,unlabeled-gradient-k2,-0.8679758310317993
2,geometry-bifurcation-fork,318,ARITHMETIC,1,unlabeled-gradient-k2,-0.8704939484596252
2,geometry-bifurcation-fork,319,ARITHMETIC,1,unlabeled-gradient-k2,-0.8706648945808411
2,geometry-bifurcation-fork,320,STORY,0,unlabeled-gradient-k2,1.007542848587036
2,geometry-bifurcation-fork,321,ARITHMETIC,1,unlabeled-gradient-k2,-0.869888424873352
2,geometry-bifurcation-fork,322,ARITHMETIC,1,unlabeled-gradient-k2,-0.8689982295036316
2,geometry-bifurcation-fork,323,STORY,0,unlabeled-gradient-k2,0.6923476457595825
2,geometry-bifurcation-fork,324,STORY,0,unlabeled-gradient-k2,1.5393680334091189
2,geometry-bifurcation-fork,325,STORY,0,unlabeled-gradient-k2,2.033154964447021
2,geometry-bifurcation-fork,326,STORY,1,unlabeled-gradient-k2,-0.2026719450950622
2,geometry-bifurcation-fork,327,STORY,0,unlabeled-gradient-k2,1.3260256052017212
2,geometry-bifurcation-fork,328,STORY,0,unlabeled-gradient-k2,0.0232585072517395
2,geometry-bifurcation-fork,329,ARITHMETIC,1,unlabeled-gradient-k2,-0.8706399202346802
2,geometry-bifurcation-fork,330,STORY,0,unlabeled-gradient-k2,1.4345253705978394
2,geometry-bifurcation-fork,331,STORY,0,unlabeled-gradient-k2,1.3459314107894895
2,geometry-bifurcation-fork,332,STORY,0,unlabeled-gradient-k2,0.8625653386116028
2,geometry-bifurcation-fork,333,STORY,0,unlabeled-gradient-k2,1.1848682165145874
2,geometry-bifurcation-fork,334,ARITHMETIC,1,unlabeled-gradient-k2,-0.8681155443191528
2,geometry-bifurcation-fork,335,STORY,1,unlabeled-gradient-k2,-0.3745949268341064
2,geometry-bifurcation-fork,336,ARITHMETIC,1,unlabeled-gradient-k2,-0.8727860450744629
2,geometry-bifurcation-fork,337,ARITHMETIC,1,unlabeled-gradient-k2,-0.8728038668632507
2,geometry-bifurcation-fork,338,ARITHMETIC,1,unlabeled-gradient-k2,-0.8678075671195984
2,geometry-bifurcation-fork,339,ARITHMETIC,1,unlabeled-gradient-k2,-0.8694916367530823
2,geometry-bifurcation-fork,340,STORY,1,unlabeled-gradient-k2,-0.0893098711967468
2,geometry-bifurcation-fork,341,ARITHMETIC,1,unlabeled-gradient-k2,-0.8715038895606995
2,geometry-bifurcation-fork,342,STORY,1,unlabeled-gradient-k2,-0.1670122146606445
2,geometry-bifurcation-fork,343,ARITHMETIC,1,unlabeled-gradient-k2,-0.8684324026107788
2,geometry-bifurcation-fork,344,ARITHMETIC,1,unlabeled-gradient-k2,-0.8693323731422424
2,geometry-bifurcation-fork,345,ARITHMETIC,1,unlabeled-gradient-k2,-0.8628687858581543
2,geometry-bifurcation-fork,346,ARITHMETIC,1,unlabeled-gradient-k2,-0.8722403049468994
2,geometry-bifurcation-fork,347,ARITHMETIC,1,unlabeled-gradient-k2,-0.8667227625846863
2,geometry-bifurcation-fork,348,ARITHMETIC,1,unlabeled-gradient-k2,-0.8692567944526672
2,geometry-bifurcation-fork,349,STORY,0,unlabeled-gradient-k2,1.5603076219558716
2,geometry-bifurcation-fork,350,STORY,0,unlabeled-gradient-k2,1.950618028640747
2,geometry-bifurcation-fork,351,STORY,0,unlabeled-gradient-k2,1.5384879112243652
2,geometry-bifurcation-fork,352,ARITHMETIC,1,unlabeled-gradient-k2,-0.8662572503089905
2,geometry-bifurcation-fork,353,ARITHMETIC,1,unlabeled-gradient-k2,-0.8738757967948914
2,geometry-bifurcation-fork,354,STORY,0,unlabeled-gradient-k2,0.4707039594650268
2,geometry-bifurcation-fork,355,ARITHMETIC,1,unlabeled-gradient-k2,-0.867755651473999
2,geometry-bifurcation-fork,356,STORY,0,unlabeled-gradient-k2,0.811825156211853
2,geometry-bifurcation-fork,357,ARITHMETIC,1,unlabeled-gradient-k2,-0.8683492541313171
2,geometry-bifurcation-fork,358,STORY,0,unlabeled-gradient-k2,1.2330622673034668
2,geometry-bifurcation-fork,359,STORY,0,unlabeled-gradient-k2,0.3731104731559753
2,geometry-bifurcation-fork,360,STORY,0,unlabeled-gradient-k2,1.922632336616516
2,geometry-bifurcation-fork,361,STORY,0,unlabeled-gradient-k2,0.8948698043823242
2,geometry-bifurcation-fork,362,STORY,0,unlabeled-gradient-k2,0.3853224515914917
2,geometry-bifurcation-fork,363,ARITHMETIC,1,unlabeled-gradient-k2,-0.8723390698432922
2,geometry-bifurcation-fork,364,ARITHMETIC,1,unlabeled-gradient-k2,-0.8736329078674316
2,geometry-bifurcation-fork,365,ARITHMETIC,1,unlabeled-gradient-k2,-0.8665555119514465
2,geometry-bifurcation-fork,366,ARITHMETIC,1,unlabeled-gradient-k2,-0.8744644522666931
2,geometry-bifurcation-fork,367,STORY,0,unlabeled-gradient-k2,0.4861387014389038
2,geometry-bifurcation-fork,368,STORY,0,unlabeled-gradient-k2,1.7827045917510986
2,geometry-bifurcation-fork,369,STORY,1,unlabeled-gradient-k2,-0.2856634259223938
2,geometry-bifurcation-fork,370,ARITHMETIC,1,unlabeled-gradient-k2,-0.867698073387146
2,geometry-bifurcation-fork,371,ARITHMETIC,1,unlabeled-gradient-k2,-0.8682854771614075
2,geometry-bifurcation-fork,372,STORY,0,unlabeled-gradient-k2,1.7991780042648315
2,geometry-bifurcation-fork,373,ARITHMETIC,1,unlabeled-gradient-k2,-0.8679226636886597
2,geometry-bifurcation-fork,374,ARITHMETIC,1,unlabeled-gradient-k2,-0.8700228929519653
2,geometry-bifurcation-fork,375,ARITHMETIC,1,unlabeled-gradient-k2,-0.872299075126648
2,geometry-bifurcation-fork,376,STORY,1,unlabeled-gradient-k2,-0.2629991769790649
2,geometry-bifurcation-fork,377,ARITHMETIC,1,unlabeled-gradient-k2,-0.8701077103614807
2,geometry-bifurcation-fork,378,ARITHMETIC,1,unlabeled-gradient-k2,-0.872469425201416
2,geometry-bifurcation-fork,379,STORY,0,unlabeled-gradient-k2,1.2451069355010986
2,geometry-bifurcation-fork,380,STORY,0,unlabeled-gradient-k2,0.4069072008132934
2,geometry-bifurcation-fork,381,ARITHMETIC,1,unlabeled-gradient-k2,-0.8703437447547913
2,geometry-bifurcation-fork,382,ARITHMETIC,1,unlabeled-gradient-k2,-0.8707932829856873
2,geometry-bifurcation-fork,383,ARITHMETIC,1,unlabeled-gradient-k2,-0.870747447013855
2,geometry-bifurcation-fork,384,STORY,0,unlabeled-gradient-k2,0.6502002477645874
2,geometry-bifurcation-fork,385,STORY,0,unlabeled-gradient-k2,1.3858342170715332
2,geometry-bifurcation-fork,386,ARITHMETIC,1,unlabeled-gradient-k2,-0.8692008852958679
2,geometry-bifurcation-fork,387,ARITHMETIC,1,unlabeled-gradient-k2,-0.877069890499115
2,geometry-bifurcation-fork,388,STORY,0,unlabeled-gradient-k2,1.8254854679107664
2,geometry-bifurcation-fork,389,STORY,0,unlabeled-gradient-k2,0.0063974857330322
2,geometry-bifurcation-fork,390,ARITHMETIC,1,unlabeled-gradient-k2,-0.8684887886047363
2,geometry-bifurcation-fork,391,STORY,0,unlabeled-gradient-k2,0.7100769281387329
2,geometry-bifurcation-fork,392,STORY,0,unlabeled-gradient-k2,1.6540935039520264
2,geometry-bifurcation-fork,393,STORY,0,unlabeled-gradient-k2,0.681380033493042
2,geometry-bifurcation-fork,394,ARITHMETIC,1,unlabeled-gradient-k2,-0.8705344796180725
2,geometry-bifurcation-fork,395,STORY,0,unlabeled-gradient-k2,0.6048629283905029
2,geometry-bifurcation-fork,396,ARITHMETIC,1,unlabeled-gradient-k2,-0.8703351616859436
2,geometry-bifurcation-fork,397,STORY,0,unlabeled-gradient-k2,0.345211386680603
2,geometry-bifurcation-fork,398,STORY,1,unlabeled-gradient-k2,-0.4176058769226074
2,geometry-bifurcation-fork,399,ARITHMETIC,1,unlabeled-gradient-k2,-0.87125563621521
2,geometry-bifurcation-fork,400,STORY,1,unlabeled-gradient-k2,-0.5387191772460938
