arm,step,cell_id,certificate_rank,parameter_dtype,machine_epsilon,basis_orthogonality_error,gradient_analytic_norm,gradient_analytic_violation_norm,gradient_analytic_rho,gradient_safe_ideal_violation_norm,gradient_safe_ideal_rho,gradient_float_commit_violation_norm,gradient_float_commit_rho,optimizer_raw_update_norm,optimizer_raw_violation_norm,optimizer_raw_rho,matched_safe_update_norm,matched_safe_ideal_violation_norm,matched_safe_ideal_rho,matched_safe_float_commit_norm,matched_safe_float_commit_violation_norm,matched_safe_float_commit_rho,roundoff_bound_norm,machine_floor_envelope_norm,committed_update_norm,committed_violation_norm,committed_rho,committed_excess_factor,eligible_for_ratio
current_adamw_grad_projection,1,0,58,torch.float32,1.1920928955078125e-07,4.814231254404896e-06,1.6898202113185475e-06,7.158763965063399e-13,4.2364056939983555e-07,2.4369914802847943e-22,1.4421602156027335e-16,1.0169333807225706e-07,0.059455997174469345,0.007677182471449636,0.0018056290189816624,0.2351942298748979,0.007461825148430165,1.2602263800289571e-18,1.6888982989558344e-16,0.007461825995695938,1.0128198508950438e-07,1.3573351234392884e-05,9.88045286667737e-06,9.88045286667737e-06,0.007677182471449636,0.0018056290189816624,0.2351942298748979,182.74759703285395,True
current_adamw_grad_projection,1,1,60,torch.float32,1.1920928955078125e-07,3.342961442244951e-06,1.975999155927725e-06,5.785724279714085e-13,2.9279993679945204e-07,2.8633184214291077e-22,1.4490484031026377e-16,1.0749579989852907e-07,0.05391055708500394,0.007677696428265785,0.0018282033378738181,0.2381187319601756,0.007456855570546624,1.3071804633865508e-18,1.7529915270850929e-16,0.007456855327065026,1.0748695674560036e-07,1.4414515507022259e-05,1.0196390510771178e-05,1.0196390510771178e-05,0.007677696428265785,0.0018282033378738181,0.2381187319601756,179.29907018984375,True
current_adamw_grad_projection,1,2,60,torch.float32,1.1920928955078125e-07,3.920330339574255e-06,1.8821437530646159e-06,5.989789178187162e-13,3.1824291680347154e-07,2.7509847254149896e-22,1.4616230672794338e-16,9.877736811338514e-08,0.052041967851678014,0.0076775473227556155,0.0018269969240912133,0.2379662211493175,0.007456997729147648,1.3031690668533111e-18,1.7475787363586422e-16,0.0074569970037278496,9.927229246010195e-08,1.3312636763897645e-05,9.403005951112793e-06,9.403005951112793e-06,0.0076775473227556155,0.0018269969240912133,0.2379662211493175,194.29924149681077,True
current_adamw_grad_projection,1,3,49,torch.float32,1.1920928955078125e-07,5.138758647397377e-06,1.7122383424116826e-06,7.818982493985917e-13,4.566526925785871e-07,2.247295878557731e-22,1.312490103096661e-16,8.955073136115781e-08,0.05174838832035919,0.007677255902148721,0.0016565975651567626,0.21577990707501515,0.007496395313361888,1.1533297603016752e-18,1.5385124611103848e-16,0.0074963959433236044,9.004871777267192e-08,1.2012268089023575e-05,9.520496134299753e-06,9.520496134299753e-06,0.007677255902148721,0.0016565975651567626,0.21577990707501515,174.00328110932088,True
current_adamw_grad_projection,1,4,60,torch.float32,1.1920928955078125e-07,8.425881056896194e-06,1.7982256805910066e-06,1.223942646421891e-12,6.806390652921989e-07,2.621892967275371e-22,1.4580444465759516e-16,1.1287146544999135e-07,0.06203808222355939,0.00767712954902585,0.0018437427473867469,0.24016043178803712,0.007452444618645927,1.329425812054017e-18,1.7838788210888674e-16,0.0074524454426845394,1.140583069429686e-07,1.530481609294173e-05,1.0830566778661596e-05,1.0830566778661596e-05,0.00767712954902585,0.0018437427473867469,0.24016043178803712,170.23511188900036,True
current_adamw_grad_projection,1,5,53,torch.float32,1.1920928955078125e-07,5.678672305444112e-06,3.4266948330285915e-06,1.1975117189594241e-12,3.4946552795337067e-07,4.484852648559843e-22,1.3087983806822684e-16,9.103429528943168e-08,0.02650669809839464,0.007678366144414863,0.001761443696058624,0.22940345158453715,0.007473595035410449,1.2137938952716119e-18,1.6241098019367736e-16,0.007473594229290423,9.039518869812122e-08,1.2095276506161582e-05,9.198467056879704e-06,9.198467056879704e-06,0.007678366144414863,0.001761443696058624,0.22940345158453715,191.49317871842652,True
current_adamw_grad_projection,1,6,60,torch.float32,1.1920928955078125e-07,3.095485046437789e-06,2.1541211026043923e-06,6.021345975201704e-13,2.7952680877234474e-07,3.1225989131345015e-22,1.4495930193336458e-16,9.848815176639059e-08,0.045402211318071976,0.007677816944170573,0.0018207912810367056,0.23714960831661297,0.00745879294115968,1.3091575058586924e-18,1.755186819350353e-16,0.007458793003992601,9.812867270488244e-08,1.315610617593964e-05,9.356803664749954e-06,9.356803664749954e-06,0.007677816944170573,0.0018207912810367056,0.23714960831661297,194.59543518009292,True
current_adamw_grad_projection,1,7,53,torch.float32,1.1920928955078125e-07,7.079248571757639e-06,1.0540401318025114e-06,5.965705391768638e-13,5.659846538828365e-07,1.4131180483494432e-22,1.340668164060414e-16,9.771449906547277e-08,0.09023480566999832,0.007675470873991428,0.0017184016196310126,0.22388224095200074,0.007480638275651367,1.2164757283095134e-18,1.6261656873170897e-16,0.007480638909321168,9.926244585348798e-08,1.3269247059873869e-05,1.0060236412613993e-05,1.0060236412613993e-05,0.007675470873991428,0.0017184016196310126,0.22388224095200074,170.81125623214982,True
current_adamw_grad_projection,2,0,58,torch.float32,1.1920928955078125e-07,4.814231254404896e-06,3.6267784532614645e-06,1.5315796085628125e-12,4.2229753713946993e-07,5.188773869209944e-22,1.4306839902349928e-16,1.030597007717493e-07,0.028346709884731962,0.011837824796460871,0.0022081404485756956,0.18653261781977534,0.011630056391568692,1.844395166718983e-18,1.5858866927387326e-16,0.01163005560343417,1.0129451640159064e-07,8.709719012149864e-06,9.88440364335553e-06,9.88440364335553e-06,0.011837824796460871,0.0022081404485756956,0.18653261781977534,223.39642615263355,True
current_adamw_grad_projection,2,1,60,torch.float32,1.1920928955078125e-07,3.342961442244951e-06,4.329783400865377e-06,1.293520477604147e-12,2.987494656997429e-07,6.34319377756273e-22,1.4650141104737997e-16,1.058279557810786e-07,0.024391198714168047,0.011769734613011841,0.0021894996170012167,0.18602795126583827,0.011564287452665665,1.890571978160226e-18,1.6348365482081072e-16,0.011564287742602968,1.0662172346977162e-07,9.219912703916557e-06,1.0200293045581434e-05,1.0200293045581434e-05,0.011769734613011841,0.0021894996170012167,0.18602795126583827,214.6506582915934,True
current_adamw_grad_projection,2,2,60,torch.float32,1.1920928955078125e-07,3.920330339574255e-06,4.069323104721338e-06,1.3013650562426803e-12,3.1979890088668597e-07,6.029887506045468e-22,1.481791283432308e-16,9.768292860831138e-08,0.023954418614935535,0.011843677631128941,0.0022090875705838646,0.1865204068690355,0.011635833959609253,1.9130921981517204e-18,1.6441384474825941e-16,0.011635834073518156,9.901164510829815e-08,8.509200499312505e-06,9.406941048211916e-06,9.406941048211916e-06,0.011843677631128941,0.0022090875705838646,0.1865204068690355,234.83591097913504,True
current_adamw_grad_projection,2,3,49,torch.float32,1.1920928955078125e-07,5.138758647397377e-06,2.9893651411172385e-06,1.2523943858390668e-12,4.1894995315660894e-07,3.910755734116962e-22,1.3082228331115513e-16,8.993062240963127e-08,0.029978986944855308,0.011225926428430857,0.0018739481333042202,0.1669303772166408,0.01106841192629855,1.6046074152906133e-18,1.4497178330326372e-16,0.011068412552452387,9.005082099634242e-08,8.135838863034626e-06,9.523888204399078e-06,9.523888204399078e-06,0.011225926428430857,0.0018739481333042202,0.1669303772166408,196.76292844750577,True
current_adamw_grad_projection,2,4,60,torch.float32,1.1920928955078125e-07,8.425881056896194e-06,3.935839063467595e-06,2.7420928617109017e-12,6.966984212243257e-07,5.687364743521378e-22,1.4450196392207196e-16,1.1340912361938398e-07,0.0287374410078171,0.012508161103675803,0.002411007196568082,0.19275472841963584,0.01227359517393356,2.0455995984171895e-18,1.6666669948195756e-16,0.012273595459206288,1.13329187417128e-07,9.233576892264365e-06,1.0835081828886305e-05,1.0835081828886305e-05,0.012508161103675803,0.002411007196568082,0.19275472841963584,222.51859604237984,True
current_adamw_grad_projection,2,5,53,torch.float32,1.1920928955078125e-07,5.678672305444112e-06,5.704959922499955e-06,2.1462500140054886e-12,3.76207728566301e-07,7.727099550864242e-22,1.354452906915202e-16,9.038828390456435e-08,0.015832409397204858,0.01224902157339723,0.0023147194359811954,0.18897178212244872,0.012028325047081229,1.8496046748919883e-18,1.537707592413966e-16,0.012028325174510475,8.977285754339775e-08,7.463454491040669e-06,9.202813667659402e-06,9.202813667659402e-06,0.01224902157339723,0.0023147194359811954,0.18897178212244872,251.52301454451913,True
current_adamw_grad_projection,2,6,60,torch.float32,1.1920928955078125e-07,3.095485046437789e-06,4.222756713740645e-06,1.1985036894307491e-12,2.83820208142912e-07,6.118476590751643e-22,1.4489294566373345e-16,9.789002462938682e-08,0.023140450079147577,0.011895333509537075,0.0022427571307585864,0.1885409206022225,0.011681994682225598,1.9139716566914567e-18,1.6383945625344317e-16,0.011681994616500562,9.837232094167491e-08,8.42084970684083e-06,9.360817881899553e-06,9.360817881899553e-06,0.011895333509537075,0.0022427571307585864,0.1885409206022225,239.58986907493096,True
current_adamw_grad_projection,2,7,53,torch.float32,1.1920928955078125e-07,7.079248571757639e-06,2.1944847659620473e-06,1.2897691833913133e-12,5.87732119810769e-07,2.973768808895038e-22,1.355110254133786e-16,9.919101911839766e-08,0.04485750449542654,0.011422373338466634,0.0019929037375798556,0.17447369986309583,0.011247175084262432,1.7148347567229699e-18,1.524680414304607e-16,0.011247173901701133,9.794519182840391e-08,8.708426906566255e-06,1.0063791158906099e-05,1.0063791158906099e-05,0.011422373338466634,0.0019929037375798556,0.17447369986309583,198.02713570980717,True
current_adamw_grad_projection,3,0,58,torch.float32,1.1920928955078125e-07,4.814231254404896e-06,4.8481687670095676e-06,1.907626033424852e-12,3.9347352064262156e-07,6.868972150105751e-22,1.4168178708727543e-16,1.0132431436441068e-07,0.020870532530347055,0.01546746042115643,0.0024669838386146533,0.15949508008698743,0.015269457181578353,2.3638754004536457e-18,1.548107029833067e-16,0.015269456399539336,1.0163719342649701e-07,6.656241765722799e-06,9.887866214613215e-06,9.887866214613215e-06,0.01546746042115643,0.0024669838386146533,0.15949508008698743,249.49607782604437,True
current_adamw_grad_projection,3,1,60,torch.float32,1.1920928955078125e-07,3.342961442244951e-06,7.0534644604433766e-06,2.0277236116643745e-12,2.8747909953131215e-07,1.033112713397348e-21,1.4646883374704772e-16,1.0665211712789449e-07,0.015108845557658861,0.015380691239067282,0.0024695715357865096,0.1605631045706025,0.015181135643328996,2.431340524289966e-18,1.6015537845209646e-16,0.015181135292450992,1.0610797485039897e-07,6.989462435208155e-06,1.0203654659808116e-05,1.0203654659808116e-05,0.015380691239067282,0.0024695715357865096,0.1605631045706025,242.028137772447,True
current_adamw_grad_projection,3,2,60,torch.float32,1.1920928955078125e-07,3.920330339574255e-06,5.095072001165887e-06,1.6379621692590538e-12,3.214796903526083e-07,7.401482296130527e-22,1.4526747206785798e-16,9.862894077980767e-08,0.019334858755824157,0.015244394752985314,0.0024185418151238458,0.15865121930473639,0.01505131977181216,2.4292393374489964e-18,1.6139709834604883e-16,0.01505132077201803,9.771549451244195e-08,6.4921541433164605e-06,9.410114004649123e-06,9.410114004649123e-06,0.015244394752985314,0.0024185418151238458,0.15865121930473639,257.0151449736901,True
current_adamw_grad_projection,3,3,49,torch.float32,1.1920928955078125e-07,5.138758647397377e-06,4.3918435898443416e-06,1.996043559199864e-12,4.544887627181206e-07,5.652668146364319e-22,1.2870832102117845e-16,8.958633875453759e-08,0.020369732257814015,0.014336338741020863,0.0020369269136694987,0.1420813884538873,0.014190896280561862,2.0095369142090393e-18,1.4160746963964672e-16,0.014190896573668933,8.977920258701012e-08,6.326534910669036e-06,9.526842648354835e-06,9.526842648354835e-06,0.014336338741020863,0.0020369269136694987,0.1420813884538873,213.80923238206836,True
current_adamw_grad_projection,3,4,60,torch.float32,1.1920928955078125e-07,8.425881056896194e-06,5.716864565091249e-06,3.699128676522448e-12,6.470555029605472e-07,8.335768540229765e-22,1.4581014549709663e-16,1.1386013430504892e-07,0.01988765988725233,0.01690364549120936,0.0029373604141034455,0.17377082450238338,0.016646475443472725,2.7574611369357468e-18,1.6564834678063813e-16,0.016646475207834997,1.1338746582060704e-07,6.811499996542149e-06,1.0839054508875035e-05,1.0839054508875035e-05,0.01690364549120936,0.0029373604141034455,0.17377082450238338,270.997845033285,True
current_adamw_grad_projection,3,5,53,torch.float32,1.1920928955078125e-07,5.678672305444112e-06,1.0738972946568382e-05,3.8958141865890085e-12,3.6277344267208613e-07,1.4231949821135867e-21,1.3252617258603483e-16,9.055034962838978e-08,0.008429574812028247,0.016967915664205,0.0029416011844535395,0.17336255334289832,0.01671098873374029,2.485260187807921e-18,1.4872011629031028e-16,0.016710989106621187,8.944358424140177e-08,5.35238121877314e-06,9.207279381257808e-06,9.207279381257808e-06,0.016967915664205,0.0029416011844535395,0.17336255334289832,319.4864696341697,True
current_adamw_grad_projection,3,6,60,torch.float32,1.1920928955078125e-07,3.095485046437789e-06,6.41619908371543e-06,1.7762430443281916e-12,2.768372709687839e-07,9.34714507580051e-22,1.456804091307624e-16,9.761611944611165e-08,0.015202514683991836,0.015422536028779854,0.0024760758599678785,0.16054920250128096,0.015222472397567258,2.422167116049344e-18,1.5911785239541223e-16,0.015222471751393745,9.774298342327882e-08,6.420966648489897e-06,9.36419321049257e-06,9.36419321049257e-06,0.015422536028779854,0.0024760758599678785,0.16054920250128096,264.41956122748917,True
current_adamw_grad_projection,3,7,53,torch.float32,1.1920928955078125e-07,7.079248571757639e-06,3.231328390861647e-06,1.899030694474743e-12,5.876935008664838e-07,4.377156555866488e-22,1.3545997269253274e-16,9.897796861148521e-08,0.030527454608533483,0.014778855318366547,0.002184887953893333,0.14783878093576336,0.014616457476083013,2.1464846216166323e-18,1.4685395726898508e-16,0.014616456305161401,9.868352591111468e-08,6.7515356561677195e-06,1.0066886657279332e-05,1.0066886657279332e-05,0.014778855318366547,0.002184887953893333,0.14783878093576336,217.03710673184622,True
current_adamw_grad_projection,4,0,58,torch.float32,1.1920928955078125e-07,4.814231254404896e-06,6.2586501959836845e-06,2.5307445040721693e-12,4.0435947445923797e-07,8.900257646372294e-22,1.422073029754006e-16,1.0136188537888674e-07,0.01618176313383526,0.018898245252163336,0.0027234140096946374,0.14410935900955568,0.018700980983432744,2.8611801208602657e-18,1.5299625850617109e-16,0.018700980671420026,1.0176808877547778e-07,5.441858401094759e-06,9.891099381435441e-06,9.891099381435441e-06,0.018898245252163336,0.0027234140096946374,0.14410935900955568,275.3398691763426,True
current_adamw_grad_projection,4,1,60,torch.float32,1.1920928955078125e-07,3.342961442244951e-06,8.788404216049698e-06,2.495663574734107e-12,2.839723245975005e-07,1.2572821679361107e-21,1.4306148613875403e-16,1.0667319561632121e-07,0.01212894616216147,0.01906281948961992,0.0027619481875740975,0.14488665693330582,0.018861673549899788,2.9539025325282673e-18,1.5660871898315522e-16,0.018861672935753193,1.0619740868482806e-07,5.630328181734392e-06,1.0207017658912338e-05,1.0207017658912338e-05,0.01906281948961992,0.0027619481875740975,0.14488665693330582,270.59306448465685,True
current_adamw_grad_projection,4,2,60,torch.float32,1.1920928955078125e-07,3.920330339574255e-06,7.895850003906162e-06,2.5897115804259946e-12,3.279838876301901e-07,1.166163080624481e-21,1.4769316540304468e-16,9.899401359140457e-08,0.012529956763895024,0.019224528753886687,0.002786592450910204,0.14494984436728153,0.019021498582434203,3.0301644646740143e-18,1.5930208924086992e-16,0.019021498147428113,9.878984976092226e-08,5.19358932694161e-06,9.41378431186248e-06,9.41378431186248e-06,0.019224528753886687,0.002786592450910204,0.14494984436728153,296.0119287414275,True
current_adamw_grad_projection,4,3,49,torch.float32,1.1920928955078125e-07,5.138758647397377e-06,6.1255664632977815e-06,2.7662604595975644e-12,4.515925957496363e-07,7.957754607404532e-22,1.299105095844667e-16,9.018455054940471e-08,0.014710792326188103,0.01755337857368821,0.0022273073503733826,0.12688767242290463,0.01741149624007624,2.4139185427169406e-18,1.3863935123282496e-16,0.017411496012649276,9.009037848472114e-08,5.1741894217057165e-06,9.529882156513541e-06,9.529882156513541e-06,0.01755337857368821,0.0022273073503733826,0.12688767242290463,233.71824685691934,True
current_adamw_grad_projection,4,4,60,torch.float32,1.1920928955078125e-07,8.425881056896194e-06,6.89570967807159e-06,5.247227122094116e-12,7.609408410537264e-07,9.91098339599609e-22,1.4372680780799058e-16,1.1382900547060694e-07,0.016494330447211044,0.021451887556239984,0.0035212883747072344,0.1641481834862104,0.021160907539794115,3.4448607251868544e-18,1.6279361925799385e-16,0.021160908089151692,1.1338614570225122e-07,5.358283549295294e-06,1.0843049556002352e-05,1.0843049556002352e-05,0.021451887556239984,0.0035212883747072344,0.1641481834862104,324.75074069526556,True
current_adamw_grad_projection,4,5,53,torch.float32,1.1920928955078125e-07,5.678672305444112e-06,1.0185800540137366e-05,4.278393385234383e-12,4.2003506434033163e-07,1.3497867963111367e-21,1.3251651561331797e-16,9.037643974471088e-08,0.008870551999424926,0.02025218016515138,0.003218393609380285,0.15891590846689607,0.0199948179290748,2.9814658288739653e-18,1.4911192687274065e-16,0.019994817376850826,9.057096533191414e-08,4.529722058715748e-06,9.210441441404872e-06,9.210441441404872e-06,0.02025218016515138,0.003218393609380285,0.15891590846689607,349.4288118387279,True
current_adamw_grad_projection,4,6,60,torch.float32,1.1920928955078125e-07,3.095485046437789e-06,8.916368184888726e-06,2.54157637132763e-12,2.850461441952386e-07,1.2969043835800949e-21,1.4545208953776872e-16,9.854007498168733e-08,0.011046443860431698,0.019461743565036705,0.002842165884409121,0.14603860516973985,0.01925309210689931,3.0432931346669483e-18,1.58067759597763e-16,0.01925309225368659,9.788331239551807e-08,5.08403071598929e-06,9.367964761941224e-06,9.367964761941224e-06,0.019461743565036705,0.002842165884409121,0.14603860516973985,303.3920340900352,True
current_adamw_grad_projection,4,7,53,torch.float32,1.1920928955078125e-07,7.079248571757639e-06,4.213189595551454e-06,2.4369730105987904e-12,5.784152256456479e-07,5.632398490594003e-22,1.3368490458017793e-16,9.996627302983948e-08,0.023681892548648185,0.018355710587621914,0.0024425412187661674,0.13306710231165245,0.018192473816695833,2.6295866904501985e-18,1.4454255737539884e-16,0.018192473340623433,9.827308823761658e-08,5.401854184289209e-06,1.0070159110332215e-05,1.0070159110332215e-05,0.018355710587621914,0.0024425412187661674,0.13306710231165245,242.55239584646324,True
current_adamw_grad_projection,5,0,58,torch.float32,1.1920928955078125e-07,4.814231254404896e-06,9.650825211580346e-06,3.891491545861487e-12,4.032288908509043e-07,1.3622755290546868e-21,1.4115637773857493e-16,1.018273909387478e-07,0.010546435993311285,0.023086091571513607,0.003160946541066403,0.13691995161999437,0.022868669419378818,3.463942969484278e-18,1.5147111998343668e-16,0.022868669076428868,1.0041831314955352e-07,4.3910868977091635e-06,9.894995166253815e-06,9.894995166253815e-06,0.023086091571513607,0.003160946541066403,0.13691995161999437,319.449023264467,True
current_adamw_grad_projection,5,1,60,torch.float32,1.1920928955078125e-07,3.342961442244951e-06,1.1829452249234687e-05,3.516904434992141e-12,2.973007000573225e-07,1.7034152950614423e-21,1.4399781656599702e-16,1.065957217592317e-07,0.009009097570649788,0.023165050281317042,0.0031598255146276697,0.1364048631992876,0.02294853061206871,3.5697153617456796e-18,1.55553112401382e-16,0.022948530900060115,1.062744891081448e-07,4.630993137249862e-06,1.0210720096730566e-05,1.0210720096730566e-05,0.023165050281317042,0.0031598255146276697,0.1364048631992876,309.46157417824367,True
current_adamw_grad_projection,5,2,60,torch.float32,1.1920928955078125e-07,3.920330339574255e-06,1.0536773912625447e-05,3.3668352800519494e-12,3.1953188973882377e-07,1.576875529478206e-21,1.4965449031689211e-16,9.840136493805182e-08,0.009336186862711947,0.023312657462377793,0.0031944483462995076,0.13702634937500116,0.02309275855589763,3.6631550019010025e-18,1.5862786565901516e-16,0.02309275866973306,9.868411366047236e-08,4.273379160620359e-06,9.417486530627524e-06,9.417486530627524e-06,0.023312657462377793,0.0031944483462995076,0.13702634937500116,339.2039198474594,True
current_adamw_grad_projection,5,3,49,torch.float32,1.1920928955078125e-07,5.138758647397377e-06,8.306726602002337e-06,3.734926818547316e-12,4.496267901301834e-07,1.0653719292459992e-21,1.2825412226632077e-16,9.002281878079944e-08,0.010833514897276674,0.020811152767054447,0.002436635429420292,0.11708315520501397,0.02066801604600141,2.8224924688220727e-18,1.3656329966746534e-16,0.02066801603393072,8.957109886224543e-08,4.333802466342023e-06,9.532926896267003e-06,9.532926896267003e-06,0.020811152767054447,0.002436635429420292,0.11708315520501397,255.6020261074753,True
current_adamw_grad_projection,5,4,60,torch.float32,1.1920928955078125e-07,8.425881056896194e-06,1.1560197878273464e-05,7.932145095716018e-12,6.861599757408909e-07,1.725296828677154e-21,1.4924457581475558e-16,1.15222537929802e-07,0.00996479595655606,0.026428418413582688,0.004239635049618004,0.16041955228917806,0.026086141809195298,4.237853291310068e-18,1.6245611644326167e-16,0.026086140423887537,1.135127284932766e-07,4.3514573888182785e-06,1.0847471810089586e-05,1.0847471810089586e-05,0.026428418413582688,0.004239635049618004,0.16041955228917806,390.84084511513385,True
current_adamw_grad_projection,5,5,53,torch.float32,1.1920928955078125e-07,5.678672305444112e-06,1.821086236387567e-05,6.292822855402433e-12,3.4555325989862587e-07,2.395995802033304e-21,1.3156959589054444e-16,9.043900777762322e-08,0.004965896169144631,0.02521926541155959,0.003951068310242253,0.1566686517534816,0.024907838266427,3.622313046615625e-18,1.4542864008789158e-16,0.024907838071588195,8.979129148419219e-08,3.6049411926527286e-06,9.215199820568672e-06,9.215199820568672e-06,0.02521926541155959,0.003951068310242253,0.1566686517534816,428.7555763493398,True
current_adamw_grad_projection,5,6,60,torch.float32,1.1920928955078125e-07,3.095485046437789e-06,1.1072780412657634e-05,3.1540394068990747e-12,2.8484619845739884e-07,1.6118781922391737e-21,1.4557122350197175e-16,9.859291677644965e-08,0.008902061637899722,0.023357164924235105,0.003210148737278806,0.1374374307708893,0.023135515952372145,3.6087120780962584e-18,1.5598148256236522e-16,0.023135514275293322,9.820306962699628e-08,4.244689288444669e-06,9.371607550132654e-06,9.371607550132654e-06,0.023357164924235105,0.003210148737278806,0.1374374307708893,342.5398172198714,True
current_adamw_grad_projection,5,7,53,torch.float32,1.1920928955078125e-07,7.079248571757639e-06,5.790119126731612e-06,3.338606802581301e-12,5.766041646997801e-07,7.801774712734744e-22,1.3474290497266436e-16,9.832720429676128e-08,0.016965232478340295,0.021994325139594338,0.0027120629655590705,0.12330739626453897,0.02182647595964668,3.1309342315770733e-18,1.4344662131283221e-16,0.02182647672105706,9.909283907834865e-08,4.540029082327749e-06,1.0073486805668247e-05,1.0073486805668247e-05,0.021994325139594338,0.0027120629655590705,0.12330739626453897,269.2278272537192,True
current_adamw_grad_projection,6,0,58,torch.float32,1.1920928955078125e-07,4.814231254404896e-06,1.0166628384520093e-05,4.1811896613306236e-12,4.112661054570446e-07,1.463633482270319e-21,1.4396449116788804e-16,1.0216069934842253e-07,0.010045405044312472,0.02662379224928434,0.0034434542863502403,0.12933748333477182,0.026400169247769396,3.9881046367610824e-18,1.5106360112058924e-16,0.02640016916017698,1.0196587582516139e-07,3.862319033128416e-06,9.898354956997894e-06,9.898354956997894e-06,0.02662379224928434,0.0034434542863502403,0.12933748333477182,347.881471346489,True
current_adamw_grad_projection,6,1,60,torch.float32,1.1920928955078125e-07,3.342961442244951e-06,1.2240740570067872e-05,3.478617940181035e-12,2.8418361783495806e-07,1.7880846064165396e-21,1.460765054353813e-16,1.0641839860925728e-07,0.008691111583083418,0.02690854842115281,0.003464545269244993,0.1287525887692074,0.02668458176945776,4.1472353200659676e-18,1.5541691287861022e-16,0.026684580878383973,1.0641609742292298e-07,3.9879246336271325e-06,1.0214057551895798e-05,1.0214057551895798e-05,0.02690854842115281,0.003464545269244993,0.1287525887692074,339.1938269039761,True
current_adamw_grad_projection,6,2,60,torch.float32,1.1920928955078125e-07,3.920330339574255e-06,1.0293460891752517e-05,3.0765252257491147e-12,2.988815188693372e-07,1.5049181209630925e-21,1.4620137355055704e-16,9.855709619470188e-08,0.009571745664595127,0.02668943915366631,0.0034581541150540654,0.12957013053528407,0.02646445413103756,4.146813248805163e-18,1.5669370047356364e-16,0.02646445418786938,9.851704898693788e-08,3.722617828713639e-06,9.420516985910236e-06,9.420516985910236e-06,0.02668943915366631,0.0034581541150540654,0.12957013053528407,367.08750912781557,True
current_adamw_grad_projection,6,3,49,torch.float32,1.1920928955078125e-07,5.138758647397377e-06,9.756439321551786e-06,4.141407008430234e-12,4.244793486576548e-07,1.2856494982844134e-21,1.3177445745442749e-16,9.015027142084273e-08,0.009236321546783981,0.02390474218533227,0.002613437888486762,0.10932717317028182,0.023761452845948335,3.2419521049349125e-18,1.3643745296019268e-16,0.023761452582660426,8.986961211535115e-08,3.782159857555686e-06,9.535837108137997e-06,9.535837108137997e-06,0.02390474218533227,0.002613437888486762,0.10932717317028182,274.06486277501773,True
current_adamw_grad_projection,6,4,60,torch.float32,1.1920928955078125e-07,8.425881056896194e-06,9.788964342659085e-06,7.15262563344995e-12,7.306825710131254e-07,1.421968611374859e-21,1.452624160840465e-16,1.1241395357385581e-07,0.011479352578331537,0.03056973422067251,0.004719699344001375,0.15439124560035333,0.03020319665904238,4.884851946592762e-18,1.617329450831593e-16,0.03020319579211055,1.1342518275561616e-07,3.7554033532188084e-06,1.085117868822484e-05,1.085117868822484e-05,0.03056973422067251,0.004719699344001375,0.15439124560035333,434.9480807207569,True
current_adamw_grad_projection,6,5,53,torch.float32,1.1920928955078125e-07,5.678672305444112e-06,1.456370077137709e-05,6.27486256562514e-12,4.308563231371453e-07,1.9663662186888563e-21,1.350183067859823e-16,9.023495093016721e-08,0.006195102688858335,0.028931554913275925,0.004307990161491612,0.14890282165632202,0.02860902113789271,4.134752208100637e-18,1.4452616844776101e-16,0.028609021563530408,9.018273571214413e-08,3.15224816451274e-06,9.218825975900967e-06,9.218825975900967e-06,0.028931554913275925,0.004307990161491612,0.14890282165632202,467.303556087638,True
current_adamw_grad_projection,6,6,60,torch.float32,1.1920928955078125e-07,3.095485046437789e-06,1.3104338615118189e-05,3.5828180722296433e-12,2.7340701255202797e-07,1.9200920785284704e-21,1.4652338701881328e-16,9.771971154020537e-08,0.007455615054877418,0.027173920350621678,0.0035420862126387905,0.13034873757395685,0.026942078102554844,4.160784969971236e-18,1.5443444837971425e-16,0.026942078323109447,9.824303047631162e-08,3.6464533024552937e-06,9.375219051737423e-06,9.375219051737423e-06,0.027173920350621678,0.0035420862126387905,0.13034873757395685,377.813701535045,True
current_adamw_grad_projection,6,7,53,torch.float32,1.1920928955078125e-07,7.079248571757639e-06,5.67132827397379e-06,3.227717230369794e-12,5.691289719874027e-07,7.629163168676322e-22,1.3452162879882015e-16,9.953538195677295e-08,0.01753151486619571,0.024838004417000407,0.002862643423056562,0.11525255310355052,0.024672489457923837,3.527627119699201e-18,1.4297815896183373e-16,0.024672488919115155,9.90840444247148e-08,4.015972800699036e-06,1.0076153649991146e-05,1.0076153649991146e-05,0.024838004417000407,0.002862643423056562,0.11525255310355052,284.1008109338505,True
current_adamw_grad_projection,7,0,58,torch.float32,1.1920928955078125e-07,4.814231254404896e-06,1.1819668480010626e-05,4.808765254935049e-12,4.0684434280602817e-07,1.721061177905407e-21,1.4560993659138584e-16,1.0209275285905915e-07,0.008635685308492154,0.03054413626332301,0.003832618940113444,0.12547805926061173,0.03030272747018537,4.571033530725874e-18,1.50845613987166e-16,0.030302727827856,1.0111117258248514e-07,3.3367020011161495e-06,9.902119756023551e-06,9.902119756023551e-06,0.03054413626332301,0.003832618940113444,0.12547805926061173,387.05035230280123,True
current_adamw_grad_projection,7,1,60,torch.float32,1.1920928955078125e-07,3.342961442244951e-06,1.6238183772209187e-05,4.642203788245793e-12,2.8588195905201447e-07,2.3271310834529684e-21,1.4331227655126235e-16,1.0636198792469972e-07,0.0065491453934339635,0.03031108954923257,0.003745126483648709,0.12355631352563932,0.03007883271144459,4.618650487067869e-18,1.5355152014627665e-16,0.030078831558901536,1.0701090657543318e-07,3.5576816328746103e-06,1.021696757601354e-05,1.021696757601354e-05,0.03031108954923257,0.003745126483648709,0.12355631352563932,366.5594958372163,True
current_adamw_grad_projection,7,2,60,torch.float32,1.1920928955078125e-07,3.920330339574255e-06,1.24236739673882e-05,4.031523037849214e-12,3.245032869046508e-07,1.8240259541383377e-21,1.4681856260285413e-16,9.863413222027103e-08,0.007937471192997817,0.03013235730516613,0.0037180792169244567,0.12339158132467119,0.029902087614460518,4.658002486174165e-18,1.5577516012365555e-16,0.029902086865728778,9.871132954522889e-08,3.3011518556707626e-06,9.423619273827372e-06,9.423619273827372e-06,0.03013235730516613,0.0037180792169244567,0.12339158132467119,394.5489635018299,True
current_adamw_grad_projection,7,3,49,torch.float32,1.1920928955078125e-07,5.138758647397377e-06,1.0322366623038145e-05,4.413361462836667e-12,4.275532563420711e-07,1.328474550273624e-21,1.2869864041728254e-16,9.024174438541745e-08,0.008739688973058799,0.02707326566233408,0.0028134615336140654,0.10392028685066682,0.026926680965581172,3.698690246748022e-18,1.373615356261637e-16,0.02692668165653419,9.003885457702059e-08,3.343852604101747e-06,9.538824572846251e-06,9.538824572846251e-06,0.02707326566233408,0.0028134615336140654,0.10392028685066682,294.9484511564477,True
current_adamw_grad_projection,7,4,60,torch.float32,1.1920928955078125e-07,8.425881056896194e-06,1.121850832632892e-05,8.42763845492551e-12,7.512262958477763e-07,1.616050708686857e-21,1.4405219140360884e-16,1.1191673234343421e-07,0.009972767773278454,0.034650215835556004,0.005146369541404761,0.14852344833372902,0.03426590635010137,5.452297621048092e-18,1.5911727433504652e-16,0.03426590664658887,1.1393857003967978e-07,3.325129295857176e-06,1.0854878201013348e-05,1.0854878201013348e-05,0.034650215835556004,0.005146369541404761,0.14852344833372902,474.10661327589344,True
current_adamw_grad_projection,7,5,53,torch.float32,1.1920928955078125e-07,5.678672305444112e-06,2.3144220741175437e-05,1.0159844146518795e-11,4.3897974618102445e-07,3.128889186765144e-21,1.3519094990305285e-16,9.057938707371318e-08,0.0039134305727720285,0.03236764245998571,0.004670367301486334,0.1442912410831294,0.032028923611115576,4.638816407445843e-18,1.4483210437443332e-16,0.03202892347294718,9.016510455393708e-08,2.815115051559378e-06,9.222280362118442e-06,9.222280362118442e-06,0.03236764245998571,0.004670367301486334,0.1442912410831294,506.42217739013824,True
current_adamw_grad_projection,7,6,60,torch.float32,1.1920928955078125e-07,3.095485046437789e-06,1.3626802876943346e-05,3.861467337040661e-12,2.8337295049408055e-07,1.971453916616753e-21,1.4467472190065559e-16,9.739665770568861e-08,0.00714652245503296,0.03084840519685799,0.0038663457761971883,0.1253337328631494,0.03060515436210733,4.723258580676397e-18,1.5432885992969634e-16,0.030605154404637167,9.724172404425474e-08,3.1772989202603427e-06,9.378769272487446e-06,9.378769272487446e-06,0.03084840519685799,0.0038663457761971883,0.1253337328631494,412.2444708752018,True
current_adamw_grad_projection,7,7,53,torch.float32,1.1920928955078125e-07,7.079248571757639e-06,6.971964024828961e-06,3.988701119996613e-12,5.721058091797118e-07,9.45491412098141e-22,1.356133520957878e-16,9.862116213720418e-08,0.014134910263271572,0.028185504627419648,0.0030941336225186974,0.10977747829672127,0.028015156758945572,3.9894434803593496e-18,1.4240303970762086e-16,0.028015154859541765,9.947472846325067e-08,3.5507470496587414e-06,1.0079324339021126e-05,1.0079324339021126e-05,0.028185504627419648,0.0030941336225186974,0.10977747829672127,306.9782773573482,True
current_adamw_grad_projection,8,0,58,torch.float32,1.1920928955078125e-07,4.814231254404896e-06,1.25353467049342e-05,5.03799574143445e-12,4.019031830568659e-07,1.8097017599486812e-21,1.4436790641271114e-16,1.0099848453504125e-07,0.00805529852689175,0.03363021352204653,0.004035158971683322,0.11998612405591907,0.033387254358687314,4.992570757382075e-18,1.4953522993372516e-16,0.03338725478708544,1.015316988574766e-07,3.0410316602834382e-06,9.905180639841172e-06,9.905180639841172e-06,0.03363021352204653,0.004035158971683322,0.11998612405591907,407.3786353226997,True
current_adamw_grad_projection,8,1,60,torch.float32,1.1920928955078125e-07,3.342961442244951e-06,1.44892905148803e-05,3.9627998485151275e-12,2.734985432478828e-07,2.0892978633127005e-21,1.4419600884992253e-16,1.0652146366850288e-07,0.007350679416111475,0.03348823720593733,0.003984431601718748,0.11898003401063835,0.03325035843374249,5.08018213369866e-18,1.5278578556745083e-16,0.03325035905797917,1.0610305520039012e-07,3.1910348701912233e-06,1.021962180953512e-05,1.021962180953512e-05,0.03348823720593733,0.003984431601718748,0.11898003401063835,389.8805333482292,True
current_adamw_grad_projection,8,2,60,torch.float32,1.1920928955078125e-07,3.920330339574255e-06,1.5708468654548935e-05,5.164059257121984e-12,3.287436459076201e-07,2.3199075426720668e-21,1.4768514956423723e-16,9.799124079130463e-08,0.006237694236300429,0.03366394621863564,0.0039975002111184,0.11874722544873452,0.033425757539258576,5.194876144330199e-18,1.554153600925518e-16,0.03342575764212409,9.808626686156514e-08,2.934451566116606e-06,9.426775073080298e-06,9.426775073080298e-06,0.03366394621863564,0.0039975002111184,0.11874722544873452,424.0580877477301,True
current_adamw_grad_projection,8,3,49,torch.float32,1.1920928955078125e-07,5.138758647397377e-06,1.2948859551771355e-05,5.8206602233229685e-12,4.4951141836477205e-07,1.706704277792828e-21,1.3180344345919867e-16,9.008927258050122e-08,0.0069554961189678376,0.030041108792849793,0.002960290567646914,0.09854132176211501,0.029894897512099585,4.04927381805858e-18,1.3545033283421318e-16,0.029894895997716997,8.972938571866045e-08,3.0014951624355164e-06,9.541691233508538e-06,9.541691233508538e-06,0.030041108792849793,0.002960290567646914,0.09854132176211501,310.2479943231612,True
current_adamw_grad_projection,8,4,60,torch.float32,1.1920928955078125e-07,8.425881056896194e-06,1.7053356794674593e-05,1.163706448304423e-11,6.823914272806537e-07,2.4462309762192174e-21,1.4344571603543144e-16,1.1347223181296618e-07,0.006653264039069838,0.03994220456335443,0.0058817790934685334,0.1472572472593278,0.039506763725677255,6.347692197543823e-18,1.6067355558709475e-16,0.039506763302894814,1.1388529338662004e-07,2.8826784040360814e-06,1.0859664183543466e-05,1.0859664183543466e-05,0.03994220456335443,0.0058817790934685334,0.1472572472593278,541.6170329080408,True
current_adamw_grad_projection,8,5,53,torch.float32,1.1920928955078125e-07,5.678672305444112e-06,2.1610206105706356e-05,8.993515922581488e-12,4.161698356133066e-07,2.9301719243956715e-21,1.355920397085981e-16,9.06706026294264e-08,0.0041953749569475255,0.03643169483506824,0.005128617475878079,0.14077350776833475,0.03606890172075739,5.2891288383006725e-18,1.4663958662364308e-16,0.036068901797797016,9.076247446242546e-08,2.516363680026681e-06,9.226341039069075e-06,9.226341039069075e-06,0.03643169483506824,0.005128617475878079,0.14077350776833475,555.8668874433401,True
current_adamw_grad_projection,8,6,60,torch.float32,1.1920928955078125e-07,3.095485046437789e-06,1.6664022265786313e-05,4.502259217434753e-12,2.7017842064929023e-07,2.446573976732043e-21,1.468177333005194e-16,9.73208475690668e-08,0.0058392721166042015,0.03446730637768852,0.004152278894615229,0.12047007239599943,0.03421627958903161,5.278672424818581e-18,1.542737108832462e-16,0.034216280676505055,9.771862164049829e-08,2.8559101021052164e-06,9.38240879976802e-06,9.38240879976802e-06,0.03446730637768852,0.004152278894615229,0.12047007239599943,442.5600059888559,True
current_adamw_grad_projection,8,7,53,torch.float32,1.1920928955078125e-07,7.079248571757639e-06,7.933794448853266e-06,4.4686851330283465e-12,5.632469005639843e-07,1.0780372154301215e-21,1.3587914614880269e-16,9.909592244452442e-08,0.012482502490432555,0.03136571947358423,0.0033011344949247946,0.10524657333956468,0.03119151918618262,4.439179389716154e-18,1.423200762751769e-16,0.03119151908352995,9.856057146700349e-08,3.1598515995024556e-06,1.008242536292422e-05,1.008242536292422e-05,0.03136571947358423,0.0033011344949247946,0.10524657333956468,327.4147217656528,True
current_adamw_grad_projection,9,0,58,torch.float32,1.1920928955078125e-07,4.814231254404896e-06,1.534381560682867e-05,6.188368978993328e-12,4.033135653845601e-07,2.1815049067339265e-21,1.4217486462514835e-16,1.0211222534512603e-07,0.006654053601952472,0.03741032421407149,0.004414649859769559,0.11800619087147703,0.037148933018561654,5.574071041510665e-18,1.5004659861228186e-16,0.03714893238821194,1.0252980126994633e-07,2.7599662945490457e-06,9.908839627534024e-06,9.908839627534024e-06,0.03741032421407149,0.004414649859769559,0.11800619087147703,445.5264214290464,True
current_adamw_grad_projection,9,1,60,torch.float32,1.1920928955078125e-07,3.342961442244951e-06,1.9601154447851028e-05,5.777296020316333e-12,2.947426405769547e-07,2.829885761107542e-21,1.4437342293468432e-16,1.0632407454362515e-07,0.005424136943164835,0.03738758882103408,0.004365794687323689,0.11677122876850282,0.03713181431870585,5.6194854405562934e-18,1.5133883284893438e-16,0.03713181514765357,1.0721050754825571e-07,2.8872950897212076e-06,1.0222964789141371e-05,1.0222964789141371e-05,0.03738758882103408,0.004365794687323689,0.11677122876850282,427.05758822146674,True
current_adamw_grad_projection,9,2,60,torch.float32,1.1920928955078125e-07,3.920330339574255e-06,1.66800266393658e-05,5.567245712075611e-12,3.3376719548736205e-07,2.450879565309779e-21,1.4693499107044004e-16,9.908079196983259e-08,0.005939659339044046,0.03739851762699559,0.004317857250541688,0.11545530476921642,0.03714842162812095,5.8188061813486184e-18,1.5663670019680851e-16,0.03714842132140812,9.819455795276629e-08,2.6433036575952183e-06,9.430103510937388e-06,9.430103510937388e-06,0.03739851762699559,0.004317857250541688,0.11545530476921642,457.88015428819784,True
current_adamw_grad_projection,9,3,49,torch.float32,1.1920928955078125e-07,5.138758647397377e-06,1.3157002194936849e-05,5.795715550651454e-12,4.4050426265656426e-07,1.724319352853077e-21,1.310571608414572e-16,8.987040642857627e-08,0.006829625656432083,0.03278864560800464,0.0030921845030342236,0.09430656392465732,0.032642513319389437,4.420448494089295e-18,1.3541997979253571e-16,0.03264251393685169,9.052745331683809e-08,2.7732990630552302e-06,9.544447221473539e-06,9.544447221473539e-06,0.03278864560800464,0.0030921845030342236,0.09430656392465732,323.97732747448003,True
current_adamw_grad_projection,9,4,60,torch.float32,1.1920928955078125e-07,8.425881056896194e-06,2.1570455030705297e-05,1.5450693591117598e-11,7.162896456808033e-07,3.180734682774539e-21,1.4745793161282946e-16,1.1372253466362568e-07,0.005271597437144217,0.0451481905178418,0.006638351704768784,0.1470347233992782,0.04465748978255645,7.125072132259244e-18,1.5954932010178394e-16,0.044657490672222785,1.1357374937824391e-07,2.5432183418421993e-06,1.0864437672172148e-05,1.0864437672172148e-05,0.0451481905178418,0.006638351704768784,0.1470347233992782,611.0165942386566,True
current_adamw_grad_projection,9,5,53,torch.float32,1.1920928955078125e-07,5.678672305444112e-06,2.7671059303725382e-05,1.124894461467244e-11,4.065238157744826e-07,3.732037371306457e-21,1.3487150348466485e-16,9.085784743818158e-08,0.003283326696705515,0.04107113312943274,0.005703095728102478,0.13885898180918407,0.04067324274817152,5.9347832490426236e-18,1.459136977542668e-16,0.04067324161682733,9.066553243157785e-08,2.2291199035895805e-06,9.231048399517121e-06,9.231048399517121e-06,0.04107113312943274,0.005703095728102478,0.13885898180918407,617.8166857407884,True
current_adamw_grad_projection,9,6,60,torch.float32,1.1920928955078125e-07,3.095485046437789e-06,1.681959371337754e-05,4.6351058632584e-12,2.755777542695248e-07,2.460460378374533e-21,1.462853633864942e-16,9.786267918616459e-08,0.005817818309876521,0.03752155479826005,0.0043476483047953434,0.11587068628075489,0.03726882113371232,5.70160778163043e-18,1.529859976298772e-16,0.037268822180199175,9.733009400058453e-08,2.6115688209834477e-06,9.385639723751888e-06,9.385639723751888e-06,0.03752155479826005,0.0043476483047953434,0.11587068628075489,463.22343843999386,True
current_adamw_grad_projection,9,7,53,torch.float32,1.1920928955078125e-07,7.079248571757639e-06,8.197564881956748e-06,4.682395316138825e-12,5.711934438536757e-07,1.103549662173214e-21,1.3461920436913677e-16,9.934501171851504e-08,0.012110107644732792,0.03399185204175342,0.0034329464488517575,0.1009932158046271,0.03381805559028746,4.797845117410777e-18,1.4187229376927035e-16,0.03381805603027183,9.915872285660378e-08,2.932123678778077e-06,1.0085217169200651e-05,1.0085217169200651e-05,0.03399185204175342,0.0034329464488517575,0.1009932158046271,340.39390439064294,True
current_adamw_grad_projection,10,0,58,torch.float32,1.1920928955078125e-07,4.814231254404896e-06,1.666235650648236e-05,6.65927271875527e-12,3.996597189697947e-07,2.3781771530808968e-21,1.4272753989844567e-16,1.0132558500136582e-07,0.0060802034662363275,0.04055581808816038,0.004624128109801374,0.11401885913753305,0.04029133678626339,6.062604348964397e-18,1.5046917855133895e-16,0.040291337090018274,1.0148277540974581e-07,2.5187244390280367e-06,9.912041708323745e-06,9.912041708323745e-06,0.04055581808816038,0.004624128109801374,0.11401885913753305,466.5162078482995,True
current_adamw_grad_projection,10,1,60,torch.float32,1.1920928955078125e-07,3.342961442244951e-06,2.06814990922984e-05,6.157232311344865e-12,2.9771692486439544e-07,3.0102085686217175e-21,1.455507918061329e-16,1.0729131822484735e-07,0.005187350138349913,0.04090869051739986,0.004632996765154977,0.11325214047573598,0.040645495455492536,6.229497539819607e-18,1.5326415559729137e-16,0.04064549515639207,1.0614166712755698e-07,2.6114005185360555e-06,1.0226044896521698e-05,1.0226044896521698e-05,0.04090869051739986,0.004632996765154977,0.11325214047573598,453.0585198907988,True
current_adamw_grad_projection,10,2,60,torch.float32,1.1920928955078125e-07,3.920330339574255e-06,2.2843523627826382e-05,7.1726560667415116e-12,3.139907915959289e-07,3.3838814687943115e-21,1.4813307806298633e-16,9.861271743722339e-08,0.004316605471193665,0.04178691443804741,0.004775827583508379,0.11429002709900826,0.04151310262008003,6.488011086778607e-18,1.5628827231141076e-16,0.041513101519430246,9.822475333022348e-08,2.366114545410424e-06,9.43415289066084e-06,9.43415289066084e-06,0.04178691443804741,0.004775827583508379,0.11429002709900826,506.2274948115499,True
current_adamw_grad_projection,10,3,49,torch.float32,1.1920928955078125e-07,5.138758647397377e-06,1.5791296810553364e-05,6.972245256555462e-12,4.415245524291515e-07,2.05770951035962e-21,1.3030655651945242e-16,8.970937044478643e-08,0.0056806065299856295,0.035689234970048486,0.0032551528001655765,0.09120825377448975,0.03554047654428547,4.7441825590523345e-18,1.3348674582741769e-16,0.03554047622142488,8.881484234110859e-08,2.498977272779713e-06,9.54747366545508e-06,9.54747366545508e-06,0.035689234970048486,0.0032551528001655765,0.09120825377448975,340.94388884710474,True
current_adamw_grad_projection,10,4,60,torch.float32,1.1920928955078125e-07,8.425881056896194e-06,1.6799531245482663e-05,1.2086383993422921e-11,7.19447692724933e-07,2.402130098142425e-21,1.4298792407014163e-16,1.1177351194467833e-07,0.006652347784284,0.049493016143419305,0.007126307308226634,0.14398611892183424,0.04897728444004914,7.801900068968687e-18,1.5929629741964638e-16,0.04897728342544495,1.1323026249829083e-07,2.3118934856943254e-06,1.086857558454342e-05,1.086857558454342e-05,0.049493016143419305,0.007126307308226634,0.14398611892183424,655.6799695409215,True
current_adamw_grad_projection,10,5,53,torch.float32,1.1920928955078125e-07,5.678672305444112e-06,2.4390186147422734e-05,9.688041352389571e-12,3.9721063602514933e-07,3.289573968346972e-21,1.34872852075171e-16,9.064060173623061e-08,0.0037161782570228788,0.0430765719151628,0.005716092646452991,0.13269608959855383,0.04269563599267914,6.2034420491722155e-18,1.452945226120041e-16,0.0426956369161932,9.055980737370763e-08,2.121055309503088e-06,9.233381107474832e-06,9.233381107474832e-06,0.0430765719151628,0.005716092646452991,0.13269608959855383,619.0682026354962,True
current_adamw_grad_projection,10,6,60,torch.float32,1.1920928955078125e-07,3.095485046437789e-06,2.7768142805563763e-05,7.783400609930164e-12,2.8029964641245806e-07,4.085996696138961e-21,1.4714692029459135e-16,9.778441964353148e-08,0.0035214634563180726,0.04205830681478987,0.004911042021496286,0.11676746862689465,0.04177059777391386,6.389089101645965e-18,1.529566116393003e-16,0.04177059832114795,9.738219948079037e-08,2.331357543219268e-06,9.390454894050718e-06,9.390454894050718e-06,0.04205830681478987,0.004911042021496286,0.11676746862689465,522.9823343923046,True
current_adamw_grad_projection,10,7,53,torch.float32,1.1920928955078125e-07,7.079248571757639e-06,9.644941548114912e-06,5.738270233984801e-12,5.949512711257785e-07,1.3184932917835325e-21,1.3670308785245706e-16,9.900373759852015e-08,0.010260989564446129,0.03725221249535377,0.0036498168124605808,0.09797584003677094,0.037072984409600364,5.209941646319739e-18,1.405320270080706e-16,0.03707298351023577,9.90992308452479e-08,2.6730848575455717e-06,1.0088665034749913e-05,1.0088665034749913e-05,0.03725221249535377,0.0036498168124605808,0.09797584003677094,361.77401072282265,True
current_adamw_grad_projection,11,0,58,torch.float32,1.1920928955078125e-07,4.814231254404896e-06,1.6232447247308537e-05,6.849464526086041e-12,4.219612989792241e-07,2.2812413901129625e-21,1.4053588811085847e-16,1.0253588168720247e-07,0.006316139191360489,0.0428164591288905,0.004675013748183647,0.10918730421192564,0.042560467793367175,6.272836973502257e-18,1.4738646680194257e-16,0.042560467756764,1.0213145666969384e-07,2.3996789051610554e-06,9.914541239693289e-06,9.914541239693289e-06,0.0428164591288905,0.004675013748183647,0.10918730421192564,471.53102046386476,True
current_adamw_grad_projection,11,1,60,torch.float32,1.1920928955078125e-07,3.342961442244951e-06,2.0652224192038972e-05,5.857824842970011e-12,2.836413544855904e-07,2.998100131324222e-21,1.4517081082627658e-16,1.0615425948583206e-07,0.0051395624846016065,0.044129931397305706,0.004874756505965483,0.11046372272999057,0.043859863134059776,6.699437151757456e-18,1.5274642174053999e-16,0.043859861834792555,1.0662456691005758e-07,2.4310283354672103e-06,1.022895887820151e-05,1.022895887820151e-05,0.044129931397305706,0.004874756505965483,0.11046372272999057,476.5642881167374,True
current_adamw_grad_projection,11,2,60,torch.float32,1.1920928955078125e-07,3.920330339574255e-06,1.8535931246894263e-05,6.255233091121397e-12,3.3746527259964217e-07,2.7307460527166952e-21,1.4732176206007419e-16,9.769885054456961e-08,0.0052701380953292225,0.04488339521729281,0.004996354844404831,0.11131855823776497,0.04460443480754459,6.93222470836822e-18,1.5541559350048467e-16,0.044604433317238366,9.864037854750036e-08,2.2114478586902843e-06,9.437176246574485e-06,9.437176246574485e-06,0.04488339521729281,0.004996354844404831,0.11131855823776497,529.4332450576424,True
current_adamw_grad_projection,11,3,49,torch.float32,1.1920928955078125e-07,5.138758647397377e-06,1.5572914031490763e-05,6.6380459686426974e-12,4.2625586677095726e-07,2.0462811608468184e-21,1.3140001651001974e-16,9.001139993617078e-08,0.005779491197329874,0.03865541415196154,0.0034340043625014642,0.08883631019969833,0.03850257987847035,5.1455502836821395e-18,1.3364170141127086e-16,0.03850257925302207,9.013551952761687e-08,2.3410254917024067e-06,9.550661707389476e-06,9.550661707389476e-06,0.03865541415196154,0.0034340043625014642,0.08883631019969833,359.5566954114319,True
current_adamw_grad_projection,11,4,60,torch.float32,1.1920928955078125e-07,8.425881056896194e-06,1.6954372999864496e-05,1.6047349960319717e-11,9.465021183884519e-07,2.4923466017047027e-21,1.470031714959756e-16,1.1318369343957775e-07,0.006674903191011278,0.05325170902895386,0.007498833327696284,0.14081864158799187,0.05272107750442699,8.264806763245647e-18,1.5676475433476584e-16,0.05272107560787494,1.1339775859982546e-07,2.1508999445164443e-06,1.0872364231394513e-05,1.0872364231394513e-05,0.05325170902895386,0.007498833327696284,0.14081864158799187,689.7150581143167,True
current_adamw_grad_projection,11,5,53,torch.float32,1.1920928955078125e-07,5.678672305444112e-06,2.6541604187564432e-05,1.0778124928876294e-11,4.060841557544657e-07,3.5299686308585636e-21,1.3299756133477248e-16,9.01665803274013e-08,0.003397108703401824,0.04570203496610406,0.005850932396798144,0.12802345456034112,0.04532595934043863,6.577624324127806e-18,1.4511825937811807e-16,0.04532595967567678,9.027864563523859e-08,1.991764681458796e-06,9.236324454243301e-06,9.236324454243301e-06,0.04570203496610406,0.005850932396798144,0.12802345456034112,633.4697774838498,True
current_adamw_grad_projection,11,6,60,torch.float32,1.1920928955078125e-07,3.095485046437789e-06,2.3591153551693433e-05,6.444387494059622e-12,2.7316966421071967e-07,3.427637714293261e-21,1.452933493388815e-16,9.825852212031392e-08,0.004164807314801781,0.04543451399859712,0.0051712692034633235,0.11381808119754504,0.0451392627001597,6.989658312645495e-18,1.5484653258682415e-16,0.045139262976638596,9.775643108408263e-08,2.1656629868918233e-06,9.394307650643185e-06,9.394307650643185e-06,0.04543451399859712,0.0051712692034633235,0.11381808119754504,550.468368268658,True
current_adamw_grad_projection,11,7,53,torch.float32,1.1920928955078125e-07,7.079248571757639e-06,9.750931789176883e-06,5.3433976655338835e-12,5.47988415985519e-07,1.318903464144469e-21,1.3525922369886675e-16,9.832311518996034e-08,0.010079445573406677,0.03956080137801027,0.003732824544249043,0.09435664633234453,0.039384299239573005,5.560055576922073e-18,1.411744193568227e-16,0.039384298979128575,9.926475943172458e-08,2.5204145307836817e-06,1.0091349372811706e-05,1.0091349372811706e-05,0.03956080137801027,0.003732824544249043,0.09435664633234453,369.90340997469434,True
current_adamw_grad_projection,12,0,58,torch.float32,1.1920928955078125e-07,4.814231254404896e-06,1.8649174222360396e-05,7.704557107878083e-12,4.131312741258165e-07,2.643669019265919e-21,1.4175796674666592e-16,1.0132454373022426e-07,0.005432894765841753,0.04561585813379185,0.004809334053201406,0.1054311866521413,0.045361622758086396,6.708873862705519e-18,1.4789757188546702e-16,0.04536162143378008,1.0212329055527041e-07,2.251314819166072e-06,9.91767357838686e-06,9.91767357838686e-06,0.04561585813379185,0.004809334053201406,0.1054311866521413,484.9256244611812,True
current_adamw_grad_projection,12,1,60,torch.float32,1.1920928955078125e-07,3.342961442244951e-06,2.4832901591274547e-05,7.046688669643307e-12,2.837642086947777e-07,3.560092779903963e-21,1.433619332327642e-16,1.066576407636448e-07,0.004294808357801894,0.04760722029341046,0.0051339420074571086,0.10783956668370578,0.047329589724921343,7.195562155803987e-18,1.5203094296030148e-16,0.047329589910424553,1.0723647506837264e-07,2.265738521532242e-06,1.0232185333997953e-05,1.0232185333997953e-05,0.04760722029341046,0.0051339420074571086,0.10783956668370578,501.7444309182736,True
current_adamw_grad_projection,12,2,60,torch.float32,1.1920928955078125e-07,3.920330339574255e-06,2.1236806688687113e-05,6.9612815740675535e-12,3.277932354008685e-07,3.132649630531378e-21,1.4751038969527914e-16,9.818265221675513e-08,0.004622590199483387,0.04800850620994933,0.005194541507798728,0.10820044025286099,0.04772665300473625,7.365224800912494e-18,1.5432099963476576e-16,0.04772665335133688,9.77261854485363e-08,2.047622839362544e-06,9.440409050217415e-06,9.440409050217415e-06,0.04800850620994933,0.005194541507798728,0.10820044025286099,550.2453845131951,True
current_adamw_grad_projection,12,3,49,torch.float32,1.1920928955078125e-07,5.138758647397377e-06,1.78950247386041e-05,7.809242437899263e-12,4.363918213006294e-07,2.3605562259077198e-21,1.3191131392043438e-16,8.968409499175723e-08,0.00501142802885026,0.0416485614456655,0.0036121128907420754,0.08672839506004114,0.04149162940832656,5.566367632490466e-18,1.3415640002254054e-16,0.04149162926844794,9.00586082890287e-08,2.170524751061372e-06,9.553993655572638e-06,9.553993655572638e-06,0.0416485614456655,0.0036121128907420754,0.08672839506004114,378.07361203712,True
current_adamw_grad_projection,12,4,60,torch.float32,1.1920928955078125e-07,8.425881056896194e-06,2.2353430825086822e-05,1.6874357451957267e-11,7.548889288627454e-07,3.347343799537598e-21,1.4974631078920972e-16,1.1357117413441445e-07,0.0050801661798150965,0.057935857115708186,0.008155687021070852,0.14077097374744102,0.05735894271119449,9.144700914261276e-18,1.5942938419045417e-16,0.05735894168576042,1.132670574955979e-07,1.974706195175789e-06,1.0877135876444988e-05,1.0877135876444988e-05,0.057935857115708186,0.008155687021070852,0.14077097374744102,749.8009690889697,True
current_adamw_grad_projection,12,5,53,torch.float32,1.1920928955078125e-07,5.678672305444112e-06,2.3908189740180607e-05,1.0486687780953769e-11,4.3862324562907497e-07,3.1736252016517093e-21,1.3274217898306007e-16,9.094764559211706e-08,0.0038038562423112405,0.048662044599794035,0.006082994611087693,0.12500491216748916,0.04828034549580007,6.993232842563675e-18,1.448463711423113e-16,0.048280345754231783,8.964911668210933e-08,1.8568449600270635e-06,9.239706840983515e-06,9.239706840983515e-06,0.048662044599794035,0.006082994611087693,0.12500491216748916,658.3536378130577,True
current_adamw_grad_projection,12,6,60,torch.float32,1.1920928955078125e-07,3.095485046437789e-06,2.4802194119002113e-05,6.8399574276105065e-12,2.757803359973744e-07,3.638869850178782e-21,1.4671564268545954e-16,9.792539165609122e-08,0.0039482209691667335,0.04861848420566215,0.005410874044802055,0.1112925286175808,0.048316451116855716,7.381017477617946e-18,1.527640649717131e-16,0.048316450989978124,9.891853574563743e-08,2.0473054977931902e-06,9.398203694745132e-06,9.398203694745132e-06,0.04861848420566215,0.005410874044802055,0.1112925286175808,575.7349191981725,True
current_adamw_grad_projection,12,7,53,torch.float32,1.1920928955078125e-07,7.079248571757639e-06,1.1493903359422448e-05,6.57420039526441e-12,5.719728267834291e-07,1.5318102566340826e-21,1.3327154481237122e-16,9.866140719579453e-08,0.008582159091373307,0.042573509154067615,0.003907699485136575,0.09178711275584903,0.04239379160237195,5.940464845836676e-18,1.4012582081722325e-16,0.042393791214215486,9.976711641889967e-08,2.3533426372455637e-06,1.0094825267393785e-05,1.0094825267393785e-05,0.042573509154067615,0.003907699485136575,0.09178711275584903,387.0992693413344,True
current_adamw_grad_projection,13,0,58,torch.float32,1.1920928955078125e-07,4.814231254404896e-06,2.1203322524742458e-05,8.698786764103433e-12,4.102558339124774e-07,3.0129978823362794e-21,1.4210027125798905e-16,1.0124067719210319e-07,0.004774510392854328,0.04892143019087858,0.0050595101512724665,0.10342114144111458,0.048659096672155525,7.166169154551647e-18,1.4727295911048807e-16,0.04865909630734914,1.0160799489474137e-07,2.0881603360026888e-06,9.921478895428664e-06,9.921478895428664e-06,0.04892143019087858,0.0050595101512724665,0.10342114144111458,509.9552399999201,True
current_adamw_grad_projection,13,1,60,torch.float32,1.1920928955078125e-07,3.342961442244951e-06,3.0117042992565935e-05,9.097433541129043e-12,3.020692816148865e-07,4.348994310259021e-21,1.4440309798451068e-16,1.0634326699135274e-07,0.0035308105517029152,0.05207172294742677,0.00560639401160281,0.10766676603467105,0.051769032025915214,7.811344013367728e-18,1.5088835366783417e-16,0.05176903154520466,1.0601433668204223e-07,2.047833106351828e-06,1.0236526258621199e-05,1.0236526258621199e-05,0.05207172294742677,0.00560639401160281,0.10766676603467105,547.6852078488156,True
current_adamw_grad_projection,13,2,60,torch.float32,1.1920928955078125e-07,3.920330339574255e-06,2.3263839804096856e-05,7.499706127008785e-12,3.223761077347195e-07,3.430997709166546e-21,1.4748200374739993e-16,9.82495245027768e-08,0.0042228852556841796,0.05127311685656556,0.005458341919927932,0.10645621437833434,0.050981751790931874,7.884630436847317e-18,1.546559339345761e-16,0.05098175157555432,9.769931739510582e-08,1.916358586666381e-06,9.44394857237588e-06,9.44394857237588e-06,0.05127311685656556,0.005458341919927932,0.10645621437833434,577.9724315625682,True
current_adamw_grad_projection,13,3,49,torch.float32,1.1920928955078125e-07,5.138758647397377e-06,1.9617294364895058e-05,8.099344026064286e-12,4.128675379698628e-07,2.5509266146807653e-21,1.3003457904194165e-16,9.007389704019834e-08,0.00459137863509972,0.04419227994956389,0.0037413840177576516,0.08466148435943219,0.04403361957382443,5.885207932569838e-18,1.336526042948391e-16,0.04403361879221356,8.941013724880551e-08,2.0304971451634553e-06,9.557024577130612e-06,9.557024577130612e-06,0.04419227994956389,0.0037413840177576516,0.08466148435943219,391.4800037985211,True
current_adamw_grad_projection,13,4,60,torch.float32,1.1920928955078125e-07,8.425881056896194e-06,2.1133104384451104e-05,1.5853097600284612e-11,7.501547009794116e-07,3.0430313140450427e-21,1.439935779754554e-16,1.1426202725633323e-07,0.005406447411345059,0.062149377450680554,0.008668608645213854,0.13948021687092427,0.06154185845149043,9.661177394945457e-18,1.5698546709571265e-16,0.06154185856821258,1.1364681290400029e-07,1.8466587709247507e-06,1.0881705040343032e-05,1.0881705040343032e-05,0.062149377450680554,0.008668608645213854,0.13948021687092427,796.6222768468449,True
current_adamw_grad_projection,13,5,53,torch.float32,1.1920928955078125e-07,5.678672305444112e-06,3.24965339866914e-05,1.4253205630637222e-11,4.386069491741632e-07,4.394905768731924e-21,1.3524229293290883e-16,9.059481582445351e-08,0.0027876991838500617,0.05249716393968069,0.006397732521148425,0.12186815517309524,0.05210586569953089,7.51133300531171e-18,1.4415522906050355e-16,0.05210586430429603,9.016552380850181e-08,1.7304294825998662e-06,9.244089820036672e-06,9.244089820036672e-06,0.05249716393968069,0.006397732521148425,0.12186815517309524,692.0889612389168,True
current_adamw_grad_projection,13,6,60,torch.float32,1.1920928955078125e-07,3.095485046437789e-06,2.4074344467319676e-05,6.491276923766261e-12,2.6963462837287255e-07,3.502300824953767e-21,1.454785541391659e-16,9.731328688264224e-08,0.004042062713837022,0.051730562243808176,0.005652321132866254,0.10926463753141985,0.05142083562012062,7.848932254877872e-18,1.5264108722120103e-16,0.0514208357990558,9.6645638756297e-08,1.8795034591419775e-06,9.402295671435283e-06,9.402295671435283e-06,0.051730562243808176,0.005652321132866254,0.10926463753141985,601.1639423378624,True
current_adamw_grad_projection,13,7,53,torch.float32,1.1920928955078125e-07,7.079248571757639e-06,1.3014896901646708e-05,7.49418881964366e-12,5.758162263041407e-07,1.7347247965270085e-21,1.3328763259798163e-16,9.973075091989159e-08,0.007661155227622956,0.045456747062379434,0.004090168908817343,0.08997935781028242,0.04527235770081436,6.2707624808897155e-18,1.3851194855656739e-16,0.045272358748076065,9.885328964278247e-08,2.1835241718432315e-06,1.0098475801695593e-05,1.0098475801695593e-05,0.045456747062379434,0.004090168908817343,0.08997935781028242,405.0283418147697,True
current_adamw_grad_projection,14,0,58,torch.float32,1.1920928955078125e-07,4.814231254404896e-06,2.4228532890004414e-05,9.313207374092192e-12,3.843900667189963e-07,3.532205159979063e-21,1.4578700146704097e-16,1.0114157976358198e-07,0.004174210604287865,0.05201828147701702,0.005263558132827361,0.1011866978949109,0.051751295284316504,7.693109324575453e-18,1.486553965907572e-16,0.05175129579893776,1.0225855371841732e-07,1.975961222608e-06,9.925285346054828e-06,9.925285346054828e-06,0.05201828147701702,0.005263558132827361,0.1011866978949109,530.3180663636595,True
current_adamw_grad_projection,14,1,60,torch.float32,1.1920928955078125e-07,3.342961442244951e-06,3.250461036152137e-05,9.156087970691756e-12,2.816858245293917e-07,4.705488950054737e-21,1.447637395963138e-16,1.0701159242713184e-07,0.003292051888275917,0.05615486693546368,0.005982098946362647,0.10652859267278846,0.055835325491444564,8.392850194311988e-18,1.5031434169033353e-16,0.05583532566522552,1.0684396418628699e-07,1.9135549567113902e-06,1.0240793078612333e-05,1.0240793078612333e-05,0.05615486693546368,0.005982098946362647,0.10652859267278846,584.1441088050228,True
current_adamw_grad_projection,14,2,60,torch.float32,1.1920928955078125e-07,3.920330339574255e-06,2.67729882618159e-05,8.768331252021105e-12,3.275066334125523e-07,3.9045361109757575e-21,1.4583863679291579e-16,9.867470866539954e-08,0.0036855791741704554,0.05399321092820035,0.005600693558514951,0.1037295886322208,0.05370194650104168,8.197626955911634e-18,1.5265046222770754e-16,0.05370194570386213,9.824979191864271e-08,1.8295387742641287e-06,9.447196066279295e-06,9.447196066279295e-06,0.05399321092820035,0.005600693558514951,0.1037295886322208,592.8418886642987,True
current_adamw_grad_projection,14,3,49,torch.float32,1.1920928955078125e-07,5.138758647397377e-06,2.1942745259012544e-05,8.873358380693408e-12,4.043868839542242e-07,2.8836397409962607e-21,1.3141654368940457e-16,8.983351284525218e-08,0.0040937529954380445,0.046820686382238304,0.0038890043676943773,0.0830616692789385,0.0466588932394669,6.2178254430228155e-18,1.3326131443176636e-16,0.046658893385884456,8.952554630644706e-08,1.9187241661743072e-06,9.56027118780203e-06,9.56027118780203e-06,0.046820686382238304,0.0038890043676943773,0.0830616692789385,406.78808072477756,True
current_adamw_grad_projection,14,4,60,torch.float32,1.1920928955078125e-07,8.425881056896194e-06,2.6238558532391593e-05,2.1404866634623018e-11,8.157790607360779e-07,3.81435080288657e-21,1.4537196462904048e-16,1.1456860520151419e-07,0.0043662261266837425,0.06694238584578911,0.009220142962420875,0.1377325120090689,0.06630438889303654,1.0523386661930457e-17,1.5871327430386212e-16,0.06630438821130892,1.127190678845046e-07,1.7000242506615748e-06,1.0887150705809336e-05,1.0887150705809336e-05,0.06694238584578911,0.009220142962420875,0.1377325120090689,846.8830102169015,True
current_adamw_grad_projection,14,5,53,torch.float32,1.1920928955078125e-07,5.678672305444112e-06,3.224195498257049e-05,1.396741711031743e-11,4.3320627169996365e-07,4.3288614872033115e-21,1.3426175582540927e-16,9.026150437040103e-08,0.0027993191362821936,0.05514875280592486,0.006529721626201959,0.11840198180330279,0.05476082241469092,7.927636230839905e-18,1.4476839246141642e-16,0.05476082143840851,9.052018867329299e-08,1.6530100589361016e-06,9.247526634542068e-06,9.247526634542068e-06,0.05514875280592486,0.006529721626201959,0.11840198180330279,706.1046574131124,True
current_adamw_grad_projection,14,6,60,torch.float32,1.1920928955078125e-07,3.095485046437789e-06,2.9887910108986123e-05,7.933434828057741e-12,2.654395974535693e-07,4.319666417170026e-21,1.4452888814970787e-16,9.770402982193413e-08,0.0032688664657680336,0.05479336695721064,0.0058521327723817275,0.10680367163696636,0.05447995598861988,8.270863721532642e-18,1.5181480181922893e-16,0.05447995686252212,9.806417753541829e-08,1.800004683977249e-06,9.406555337135174e-06,9.406555337135174e-06,0.05479336695721064,0.0058521327723817275,0.10680367163696636,622.1334550894197,True
current_adamw_grad_projection,14,7,53,torch.float32,1.1920928955078125e-07,7.079248571757639e-06,1.240541395987834e-05,6.999319374092346e-12,5.642148981670087e-07,1.688145639536164e-21,1.3608136294332806e-16,9.935038974214467e-08,0.008006434469405015,0.04841835299020668,0.00426657775661433,0.08811901878358622,0.04823000332294224,6.742411302808742e-18,1.3979703168715074e-16,0.04823000426387329,9.9044265548178e-08,2.053581936387411e-06,1.0102340462164162e-05,1.0102340462164162e-05,0.04841835299020668,0.00426657775661433,0.08811901878358622,422.3355738795134,True
current_adamw_grad_projection,15,0,58,torch.float32,1.1920928955078125e-07,4.814231254404896e-06,2.3570079057033045e-05,9.437457497774686e-12,4.0039990850003774e-07,3.405036871170466e-21,1.4446438057893209e-16,1.029939144708842e-07,0.004369510795012635,0.054603048595733714,0.005388504665476986,0.09868505155036351,0.0543365156540074,8.03637648787111e-18,1.4790010715893989e-16,0.05433651453432069,1.0260740528209818e-07,1.8883692883408642e-06,9.928840006492968e-06,9.928840006492968e-06,0.054603048595733714,0.005388504665476986,0.09868505155036351,542.712407688428,True
current_adamw_grad_projection,15,1,60,torch.float32,1.1920928955078125e-07,3.342961442244951e-06,2.8352355935570262e-05,8.062633036665671e-12,2.843725951729628e-07,4.065226713227621e-21,1.4338232499852468e-16,1.0662729613376222e-07,0.0037605042542093493,0.05869667081394594,0.00613863144107408,0.10458227623389472,0.05837479223664432,8.850020552935876e-18,1.5160688738829198e-16,0.05837479113684641,1.0684229613369953e-07,1.8302814289002267e-06,1.0243798929003171e-05,1.0243798929003171e-05,0.05869667081394594,0.00613863144107408,0.10458227623389472,599.2534101478535,True
current_adamw_grad_projection,15,2,60,torch.float32,1.1920928955078125e-07,3.920330339574255e-06,2.5771757232081964e-05,8.81442597195833e-12,3.4201881899561337e-07,3.820579526267938e-21,1.4824676066372822e-16,9.784532432706679e-08,0.0037964367039203853,0.056847048610812634,0.005767351784991049,0.10145384722565993,0.05655373187640454,8.656069139092002e-18,1.5305920320182271e-16,0.05655373155845373,9.84161590647044e-08,1.7402239667064555e-06,9.450900227765999e-06,9.450900227765999e-06,0.056847048610812634,0.005767351784991049,0.10145384722565993,610.243643039107,True
current_adamw_grad_projection,15,3,49,torch.float32,1.1920928955078125e-07,5.138758647397377e-06,2.2502808908747127e-05,9.785769910120229e-12,4.3486881792416485e-07,2.9148685888738906e-21,1.295335440430781e-16,9.032052819031037e-08,0.004013721954333552,0.04945218951042476,0.004007801602040525,0.08104396674278014,0.0492895178886307,6.6489634899034925e-18,1.3489609504655282e-16,0.0492895182437589,8.937883190443915e-08,1.8133435888421655e-06,9.563540259971447e-06,9.563540259971447e-06,0.04945218951042476,0.004007801602040525,0.08104396674278014,419.07091862365314,True
current_adamw_grad_projection,15,4,60,torch.float32,1.1920928955078125e-07,8.425881056896194e-06,2.4881450478850783e-05,1.9805242632390335e-11,7.95984247350241e-07,3.633274773639966e-21,1.4602343125974098e-16,1.1404630585218419e-07,0.00458343127764934,0.0712368365584212,0.009784522468435053,0.13735200692707325,0.07056167517084543,1.115832963374298e-17,1.5813583799883146e-16,0.07056167610121204,1.1348583768520208e-07,1.608321173131157e-06,1.08923807194981e-05,1.08923807194981e-05,0.0712368365584212,0.009784522468435053,0.13735200692707325,898.290531740237,True
current_adamw_grad_projection,15,5,53,torch.float32,1.1920928955078125e-07,5.678672305444112e-06,3.679769014501439e-05,1.4422824514326071e-11,3.9194918098086585e-07,4.867558364315305e-21,1.3227891058197765e-16,8.986964143922347e-08,0.002442207982235455,0.05759971471564055,0.006632614843326029,0.1151501335739258,0.05721656714329574,8.233748829305453e-18,1.4390497788314498e-16,0.05721656805859322,9.011262648265538e-08,1.5749393845218853e-06,9.251036226514054e-06,9.251036226514054e-06,0.05759971471564055,0.006632614843326029,0.1151501335739258,716.9591255427728,True
current_adamw_grad_projection,15,6,60,torch.float32,1.1920928955078125e-07,3.095485046437789e-06,3.0678523089856485e-05,8.293758403209231e-12,2.7034412246368764e-07,4.439934492839833e-21,1.447245188380014e-16,9.814456308828844e-08,0.0031990269509302306,0.05799725139608298,0.0060693440416475855,0.10464882206568667,0.05767880227955991,8.781907819682607e-18,1.5225537758426583e-16,0.05767880290789642,9.82413609587724e-08,1.7032489581250106e-06,9.411258912939979e-06,9.411258912939979e-06,0.05799725139608298,0.0060693440416475855,0.10464882206568667,644.9024618058867,True
current_adamw_grad_projection,15,7,53,torch.float32,1.1920928955078125e-07,7.079248571757639e-06,1.4883462464940757e-05,8.230977164053663e-12,5.530283818998717e-07,2.037374877721166e-21,1.3688850175291432e-16,9.893462836413038e-08,0.006646103710399061,0.051539159770237604,0.004507070644859312,0.08744943970666004,0.05134171115208691,7.286989147441048e-18,1.4193117026924122e-16,0.05134171200126903,9.913010982157946e-08,1.9307908902439645e-06,1.0106591268500973e-05,1.0106591268500973e-05,0.051539159770237604,0.004507070644859312,0.08744943970666004,445.9535886156212,True
current_adamw_grad_projection,16,0,58,torch.float32,1.1920928955078125e-07,4.814231254404896e-06,2.3375083889657982e-05,9.303354876781403e-12,3.980030583290252e-07,3.3293425933296933e-21,1.4243125753242682e-16,1.0140702224712933e-07,0.00433804997106666,0.057091259301401194,0.005516761858722665,0.09663058629689864,0.05682409020137473,8.404914961268283e-18,1.4791112240394383e-16,0.056824089336714914,1.0197453414578133e-07,1.794565215845774e-06,9.93254988376688e-06,9.93254988376688e-06,0.057091259301401194,0.005516761858722665,0.09663058629689864,555.4225172066748,True
current_adamw_grad_projection,16,1,60,torch.float32,1.1920928955078125e-07,3.342961442244951e-06,2.8615460216239452e-05,8.294299576987546e-12,2.898537893261098e-07,4.112215926847879e-21,1.4370609089538048e-16,1.0666681263653097e-07,0.003727419692154408,0.06090997180030372,0.006236298542880138,0.10238551026301808,0.06058987741527347,9.080377517159765e-18,1.49866246715178e-16,0.060589876919674636,1.062863044321202e-07,1.7541924465868507e-06,1.0246798719738614e-05,1.0246798719738614e-05,0.06090997180030372,0.006236298542880138,0.10238551026301808,608.6094509563295,True
current_adamw_grad_projection,16,2,60,torch.float32,1.1920928955078125e-07,3.920330339574255e-06,2.8007286992690065e-05,8.865779097914964e-12,3.165525850550588e-07,4.091063492318142e-21,1.460713953974235e-16,9.758823090607815e-08,0.0034843037632351936,0.059538691907891884,0.005903103925249759,0.09914735672026578,0.05924533060208687,9.077387352328753e-18,1.532169246095659e-16,0.05924533028485829,9.834265329551252e-08,1.65992244152695e-06,9.45484463423611e-06,9.45484463423611e-06,0.059538691907891884,0.005903103925249759,0.09914735672026578,624.3470044842986,True
current_adamw_grad_projection,16,3,49,torch.float32,1.1920928955078125e-07,5.138758647397377e-06,2.2913428458624715e-05,9.28839583564535e-12,4.053690984052261e-07,2.9655994759602298e-21,1.2942626553313581e-16,8.990899134454952e-08,0.003923506340176754,0.051834181852780055,0.004114845033085705,0.07938477826799172,0.0516705956874968,6.958241268124082e-18,1.346653967414552e-16,0.05167059517395352,8.898558150523248e-08,1.7221706312004892e-06,9.566801771333895e-06,9.566801771333895e-06,0.051834181852780055,0.004114845033085705,0.07938477826799172,430.1170998876016,True
current_adamw_grad_projection,16,4,60,torch.float32,1.1920928955078125e-07,8.425881056896194e-06,3.134272527529434e-05,2.1542587367561432e-11,6.87323363821914e-07,4.621843546924805e-21,1.4746144460414962e-16,1.135638162354342e-07,0.0036230705496613303,0.07623056781997596,0.010461398572282007,0.13723364355605172,0.07550932796726383,1.1920114559953515e-17,1.5786280822312893e-16,0.07550932817220406,1.1272816233985355e-07,1.49290379173775e-06,1.0898709757659212e-05,1.0898709757659212e-05,0.07623056781997596,0.010461398572282007,0.13723364355605172,959.8749581279675,True
current_adamw_grad_projection,16,5,53,torch.float32,1.1920928955078125e-07,5.678672305444112e-06,3.093432320482525e-05,1.3192215290718185e-11,4.2645883032153795e-07,4.090988964413538e-21,1.322475664757968e-16,9.075681701697713e-08,0.0029338879192949423,0.05987588883563726,0.006786118807240157,0.11333641870216643,0.0594900887156139,8.529234218350574e-18,1.433723566815252e-16,0.05949008941623911,8.98641205667865e-08,1.5105729617924585e-06,9.254566033680454e-06,9.254566033680454e-06,0.05987588883563726,0.006786118807240157,0.11333641870216643,733.2725038152201,True
current_adamw_grad_projection,16,6,60,torch.float32,1.1920928955078125e-07,3.095485046437789e-06,2.8522350244205843e-05,7.39496720383474e-12,2.5926920960298445e-07,4.157558142567188e-21,1.4576492143777362e-16,9.761924494160942e-08,0.0034223397931712643,0.0604973668728314,0.006189276931732392,0.10230655070893536,0.06017993228318128,9.147446277062116e-18,1.5200160468805626e-16,0.06017993127619411,9.76564165723942e-08,1.6227405798156003e-06,9.415571035993407e-06,9.415571035993407e-06,0.0604973668728314,0.006189276931732392,0.10230655070893536,657.344828908657,True
current_adamw_grad_projection,16,7,53,torch.float32,1.1920928955078125e-07,7.079248571757639e-06,1.5074051203654955e-05,8.06839941829336e-12,5.352508963441124e-07,2.0212980563292034e-21,1.3409122929338302e-16,9.828662142879786e-08,0.00651954585202196,0.0539986426101101,0.004614435169846262,0.08545465120603433,0.0538011188712436,7.451768483179002e-18,1.3850582737902743e-16,0.05380111942922186,9.977547810496277e-08,1.8545242025349033e-06,1.011042541190375e-05,1.011042541190375e-05,0.0539986426101101,0.004614435169846262,0.08545465120603433,456.4036607612324,True
current_adamw_grad_projection,17,0,58,torch.float32,1.1920928955078125e-07,4.814231254404896e-06,2.368628817786024e-05,9.771330654397077e-12,4.125311058036698e-07,3.353113032226479e-21,1.4156346520181852e-16,1.0200547217357404e-07,0.004306239756631864,0.059288291388090414,0.005611172362209828,0.09464216678939372,0.059022167364818856,8.77681336268792e-18,1.4870367786458965e-16,0.05902216787613604,1.0150860187592342e-07,1.7198385882563554e-06,9.936224455624837e-06,9.936224455624837e-06,0.059288291388090414,0.005611172362209828,0.09464216678939372,564.7187608602559,True
current_adamw_grad_projection,17,1,60,torch.float32,1.1920928955078125e-07,3.342961442244951e-06,3.234019983386962e-05,9.539110759852788e-12,2.949614043467523e-07,4.731377643414743e-21,1.4630019813482464e-16,1.058543704540574e-07,0.003273066403287651,0.0629892784469695,0.006293375602742106,0.09991185417436527,0.0626740985000396,9.385750291599256e-18,1.4975485114625661e-16,0.06267409853154254,1.0685661397370138e-07,1.7049565367090634e-06,1.0249975449795966e-05,1.0249975449795966e-05,0.0629892784469695,0.006293375602742106,0.09991185417436527,613.9893342737109,True
current_adamw_grad_projection,17,2,60,torch.float32,1.1920928955078125e-07,3.920330339574255e-06,2.9183531152707834e-05,9.318973057313874e-12,3.193230116174341e-07,4.317865695918617e-21,1.4795556004942872e-16,9.837122351073182e-08,0.0033707833932590087,0.06295186830315073,0.006158828856265644,0.09783393284862041,0.06264987270518962,9.545098016329007e-18,1.5235622363105512e-16,0.06264987333538385,9.815124079607005e-08,1.5666630365018705e-06,9.459695287902347e-06,9.459695287902347e-06,0.06295186830315073,0.006158828856265644,0.09783393284862041,651.0599621683314,True
current_adamw_grad_projection,17,3,49,torch.float32,1.1920928955078125e-07,5.138758647397377e-06,2.2585591401642757e-05,1.007257639488565e-11,4.4597355082555084e-07,2.949443633504435e-21,1.3058961268953982e-16,9.047965496279721e-08,0.004005936414227018,0.05413149814372294,0.004209455703258001,0.0777635175010601,0.05396757891518007,7.261537385155226e-18,1.3455369929727737e-16,0.05396757944463684,9.055202296590052e-08,1.6778966908974339e-06,9.57021718822616e-06,9.57021718822616e-06,0.05413149814372294,0.004209455703258001,0.0777635175010601,439.8495478698978,True
current_adamw_grad_projection,17,4,60,torch.float32,1.1920928955078125e-07,8.425881056896194e-06,3.783572810444845e-05,2.5766211442587028e-11,6.810021303530201e-07,5.5268491809154376e-21,1.460748730844937e-16,1.1301483449151235e-07,0.0029868424418257253,0.08152727377146192,0.011235005221588908,0.13780670813405327,0.08074943359725673,1.2698613630258642e-17,1.5725947619142245e-16,0.0807494319429433,1.1362203870798777e-07,1.4070939692587795e-06,1.0905814038657101e-05,1.0905814038657101e-05,0.08152727377146192,0.011235005221588908,0.13780670813405327,1030.1849253769544,True
current_adamw_grad_projection,17,5,53,torch.float32,1.1920928955078125e-07,5.678672305444112e-06,3.630479395547885e-05,1.5219978995627453e-11,4.192278026503044e-07,4.839767322320526e-21,1.333093179996018e-16,9.03590082907541e-08,0.0024887483722914523,0.061899378920055044,0.006940114109965129,0.11211928505661584,0.061509088164507994,8.865289291569045e-18,1.4412974661335491e-16,0.061509088507620074,9.071091606713447e-08,1.4747563046052408e-06,9.258273382812289e-06,9.258273382812289e-06,0.061899378920055044,0.006940114109965129,0.11211928505661584,749.6121385710262,True
current_adamw_grad_projection,17,6,60,torch.float32,1.1920928955078125e-07,3.095485046437789e-06,3.280159248736812e-05,8.864618250959729e-12,2.702496305438064e-07,4.762181653697434e-21,1.45181416284332e-16,9.776571065623282e-08,0.002980495505855614,0.06385884292058538,0.00644982052432649,0.10100121188145333,0.06353228812470062,9.651879812874729e-18,1.5192085942080511e-16,0.06353228862954512,9.779982697108536e-08,1.5393720119442453e-06,9.421001810134753e-06,9.421001810134753e-06,0.06385884292058538,0.00644982052432649,0.10100121188145333,684.6215141778256,True
current_adamw_grad_projection,17,7,53,torch.float32,1.1920928955078125e-07,7.079248571757639e-06,1.4709797993715623e-05,8.47331861899984e-12,5.76032289676571e-07,2.0081804705347767e-21,1.3651992171429223e-16,9.897347585066807e-08,0.006727224971920608,0.05603860495110226,0.004671730906714501,0.08336629562407781,0.05584353297563606,7.741116772120132e-18,1.3862154415440547e-16,0.055843533085721715,9.972832520161599e-08,1.7858527154528283e-06,1.011397693828237e-05,1.011397693828237e-05,0.05603860495110226,0.004671730906714501,0.08336629562407781,461.90840014985133,True
current_adamw_grad_projection,18,0,58,torch.float32,1.1920928955078125e-07,4.814231254404896e-06,2.4160934382529014e-05,9.772656301923829e-12,4.044817202512881e-07,3.430895937328188e-21,1.4200179028710826e-16,1.0155875416269741e-07,0.0042031994650048405,0.061421786799325445,0.005705194299195265,0.09288551500194914,0.061156247854411566,9.137154725665542e-18,1.494067253343834e-16,0.061156247406444715,1.0251865594855722e-07,1.6763398719875295e-06,9.940109514224542e-06,9.940109514224542e-06,0.061421786799325445,0.005705194299195265,0.09288551500194914,573.9568855887344,True
current_adamw_grad_projection,18,1,60,torch.float32,1.1920928955078125e-07,3.342961442244951e-06,3.252251142125718e-05,9.211709089713656e-12,2.8324101329065105e-07,4.689828276713626e-21,1.4420252532061454e-16,1.0641648444408865e-07,0.0032718388740929105,0.06549379326183717,0.0064323430315255175,0.09821301700772925,0.06517715795391091,9.797982796528423e-18,1.5032847555974942e-16,0.06517715789487473,1.0678117716820383e-07,1.6383220842558504e-06,1.0253696386654598e-05,1.0253696386654598e-05,0.06549379326183717,0.0064323430315255175,0.09821301700772925,627.3194357400076,True
current_adamw_grad_projection,18,2,60,torch.float32,1.1920928955078125e-07,3.920330339574255e-06,3.019486950808064e-05,9.556192628271862e-12,3.1648398499336015e-07,4.470528096540187e-21,1.4805588397538943e-16,9.782913578543286e-08,0.003239828661808729,0.06551277933938522,0.006295829870547715,0.09610079031958829,0.06520956051847074,9.972149155347844e-18,1.529246490247885e-16,0.06520956049662209,9.848397989731352e-08,1.5102690333638281e-06,9.46403696495028e-06,9.46403696495028e-06,0.06551277933938522,0.006295829870547715,0.09610079031958829,665.2372443032602,True
current_adamw_grad_projection,18,3,49,torch.float32,1.1920928955078125e-07,5.138758647397377e-06,2.450108160383223e-05,1.0477916804679144e-11,4.2765119410239774e-07,3.223073379363868e-21,1.3154820801298993e-16,9.017623539867557e-08,0.0036802035519516558,0.05647476497773529,0.00431121221445681,0.07633873671110397,0.05630996828743873,7.53565818736099e-18,1.3382458588672296e-16,0.05630996802925159,9.016754239073905e-08,1.6012714186571607e-06,9.573801120115746e-06,9.573801120115746e-06,0.05647476497773529,0.00431121221445681,0.07633873671110397,450.3135338166172,True
current_adamw_grad_projection,18,4,60,torch.float32,1.1920928955078125e-07,8.425881056896194e-06,4.038209178864678e-05,2.8902923188178635e-11,7.157361569938421e-07,5.690874895932627e-21,1.4092570849769713e-16,1.1412784902732865e-07,0.0028261311130073703,0.08654710430854455,0.011894634224362119,0.13743538064493968,0.08572583590063573,1.3550258670644695e-17,1.580650515481787e-16,0.08572583676446795,1.1393902672530362e-07,1.3291095313347773e-06,1.0913193931831455e-05,1.0913193931831455e-05,0.08654710430854455,0.011894634224362119,0.13743538064493968,1089.931535961073,True
current_adamw_grad_projection,18,5,53,torch.float32,1.1920928955078125e-07,5.678672305444112e-06,3.713662691929633e-05,1.5180231765460338e-11,4.0876711281423983e-07,4.954953064754414e-21,1.334249627873504e-16,9.082972607587737e-08,0.00244579646544133,0.06467200463556429,0.0072171109362987665,0.11159559653312415,0.06426804410681566,9.212629089878295e-18,1.4334696532177943e-16,0.06426804465644967,9.079255354134886e-08,1.4127169112844217e-06,9.263080136175117e-06,9.263080136175117e-06,0.06467200463556429,0.0072171109362987665,0.11159559653312415,779.1264709147636,True
current_adamw_grad_projection,18,6,60,torch.float32,1.1920928955078125e-07,3.095485046437789e-06,3.192830839188147e-05,8.81946485304377e-12,2.762271256214228e-07,4.652036999540571e-21,1.4570258287544098e-16,9.783321782290625e-08,0.003064112565142552,0.0665362928069868,0.0066262214488959905,0.09958807696301633,0.06620552431487325,1.0056887187882616e-17,1.5190404867201254e-16,0.06620552327830945,9.880885615909778e-08,1.4924563883247786e-06,9.426261956203793e-06,9.426261956203793e-06,0.0665362928069868,0.0066262214488959905,0.09958807696301633,702.9532469692309,True
current_adamw_grad_projection,18,7,53,torch.float32,1.1920928955078125e-07,7.079248571757639e-06,1.6316520605222154e-05,9.276299154990887e-12,5.685218913658576e-07,2.201166051320145e-21,1.3490413211110772e-16,9.955090783387898e-08,0.006100469170470878,0.058582866703725756,0.004805380089366863,0.08202705602764997,0.05838544847325587,8.238269662133864e-18,1.4110141957558995e-16,0.058385449361749345,9.962551409182239e-08,1.7063414802985325e-06,1.0118182716039199e-05,1.0118182716039199e-05,0.058582866703725756,0.004805380089366863,0.08202705602764997,474.92521376881666,True
current_adamw_grad_projection,19,0,58,torch.float32,1.1920928955078125e-07,4.814231254404896e-06,2.5780455903000167e-05,1.0071755205510201e-11,3.9067405337615127e-07,3.6790280499011394e-21,1.4270608959530764e-16,1.0209417469278254e-07,0.003960021155428673,0.06408517500585106,0.005880208116872838,0.09175613730220705,0.06381483219466161,9.39910329405874e-18,1.472871270018793e-16,0.06381483250096691,1.0281263151297146e-07,1.611108695010892e-06,9.944873178874737e-06,9.944873178874737e-06,0.06408517500585106,0.005880208116872838,0.09175613730220705,591.2803523089456,True
current_adamw_grad_projection,19,1,60,torch.float32,1.1920928955078125e-07,3.342961442244951e-06,3.485965737879744e-05,1.016412390832744e-11,2.915726852355562e-07,5.1162345284722335e-21,1.4676663264006371e-16,1.0591508734534336e-07,0.0030382812559302873,0.06823919931908648,0.006605526788688056,0.0967995939958295,0.06791874070942376,1.0211508147642937e-17,1.503489028356806e-16,0.06791874041166603,1.0679552695295873e-07,1.5724014654225692e-06,1.0257988555429308e-05,1.0257988555429308e-05,0.06823919931908648,0.006605526788688056,0.0967995939958295,643.9397697701572,True
current_adamw_grad_projection,19,2,60,torch.float32,1.1920928955078125e-07,3.920330339574255e-06,2.9988049464029347e-05,9.75284741715069e-12,3.2522446746158754e-07,4.417541175285398e-21,1.473100536460189e-16,9.809660422033359e-08,0.0032711028299013956,0.06818220066070889,0.006462526643992316,0.09478319240752305,0.06787524023024051,1.0398670674375333e-17,1.5320270895693132e-16,0.06787523964354338,9.90692215578148e-08,1.459578221426416e-06,9.46884793161542e-06,9.46884793161542e-06,0.06818220066070889,0.006462526643992316,0.09478319240752305,682.504005837359,True
current_adamw_grad_projection,19,3,49,torch.float32,1.1920928955078125e-07,5.138758647397377e-06,2.3738054156786395e-05,1.0056944129737808e-11,4.236633745678207e-07,3.119119577875829e-21,1.3139744130983852e-16,9.013718235124155e-08,0.003796865603677112,0.05872626269456225,0.004392828090475639,0.07480176481386057,0.05856173658147666,7.828122922534625e-18,1.3367299843718595e-16,0.058561736780908355,9.028314568931935e-08,1.5416746608299442e-06,9.577687857690198e-06,9.577687857690198e-06,0.05872626269456225,0.004392828090475639,0.07480176481386057,458.652250495772,True
current_adamw_grad_projection,19,4,60,torch.float32,1.1920928955078125e-07,8.425881056896194e-06,3.26509840369796e-05,2.4443967119841143e-11,7.486441171928105e-07,4.602323158362768e-21,1.409551134248081e-16,1.1296029568314664e-07,0.003459499855927499,0.09073737451239726,0.012330333059719785,0.1358903442597969,0.08989568410129278,1.4106498778466075e-17,1.5692075675814574e-16,0.08989568453024027,1.1478485949477858e-07,1.2768672945158538e-06,1.0920508077667505e-05,1.0920508077667505e-05,0.09073737451239726,0.012330333059719785,0.1358903442597969,1129.0988452208903,True
current_adamw_grad_projection,19,5,53,torch.float32,1.1920928955078125e-07,5.678672305444112e-06,4.327706759613542e-05,1.8106542457770168e-11,4.1838653733986023e-07,5.808978070992024e-21,1.3422762663132163e-16,9.092730912564499e-08,0.0021009736158605105,0.06652454760824371,0.007361848808776635,0.11066364332351139,0.06611594827723638,9.33910499233316e-18,1.4125343787209356e-16,0.06611594959354482,8.932079901605404e-08,1.350972035721541e-06,9.267435049719812e-06,9.267435049719812e-06,0.06652454760824371,0.007361848808776635,0.11066364332351139,794.3782469777558,True
current_adamw_grad_projection,19,6,60,torch.float32,1.1920928955078125e-07,3.095485046437789e-06,3.554189734465652e-05,9.467359788563934e-12,2.663718173725266e-07,5.140178480951611e-21,1.4462307487713746e-16,9.733621457197582e-08,0.002738540947558838,0.06960972534208647,0.006846016724914877,0.09834856683130358,0.06927225936262582,1.0486114642483197e-17,1.513753808373793e-16,0.06927225923473608,9.761732951193726e-08,1.4091835691564646e-06,9.432267439520994e-06,9.432267439520994e-06,0.06960972534208647,0.006846016724914877,0.09834856683130358,725.8081653018252,True
current_adamw_grad_projection,19,7,53,torch.float32,1.1920928955078125e-07,7.079248571757639e-06,1.8674655375780973e-05,1.0550119728588533e-11,5.649432086586673e-07,2.5348388560768006e-21,1.3573684788660783e-16,9.888747139219537e-08,0.005294999946347911,0.06137643854774072,0.0049536727173784875,0.08070968004318708,0.06117620726568208,8.537912412580708e-18,1.395626305419919e-16,0.061176207635746764,9.930538579387761e-08,1.623268091169663e-06,1.012298231074871e-05,1.012298231074871e-05,0.06137643854774072,0.0049536727173784875,0.08070968004318708,489.3491429021481,True
current_adamw_grad_projection,20,0,58,torch.float32,1.1920928955078125e-07,4.814231254404896e-06,2.809520666221527e-05,1.1154567454003397e-11,3.9702742137166664e-07,3.953958872669594e-21,1.4073428682008994e-16,1.01557374398924e-07,0.0036147878520802457,0.06609678006925726,0.005955690358793651,0.090105605031791,0.06582791268051824,9.784328034710975e-18,1.486349427817517e-16,0.06582791207720666,1.0112559492340009e-07,1.536211490420573e-06,9.949301960402343e-06,9.949301960402343e-06,0.06609678006925726,0.005955690358793651,0.090105605031791,598.6038399977165,True
current_adamw_grad_projection,20,1,60,torch.float32,1.1920928955078125e-07,3.342961442244951e-06,3.6159753119309195e-05,1.0183894697092084e-11,2.816361788613517e-07,5.194716209234053e-21,1.4366016803528164e-16,1.0694649418180793e-07,0.002957511086282627,0.07113000851436657,0.006790722472770075,0.09546916434571366,0.07080511421890143,1.0588088626331396e-17,1.4953847251198848e-16,0.0708051148685133,1.0645907782877867e-07,1.5035506689944021e-06,1.0262804062951965e-05,1.0262804062951965e-05,0.07113000851436657,0.006790722472770075,0.09546916434571366,661.6829504992819,True
current_adamw_grad_projection,20,2,60,torch.float32,1.1920928955078125e-07,3.920330339574255e-06,3.341962351374111e-05,1.1062896572002623e-11,3.310299581158927e-07,4.9273350688791154e-21,1.4743837754047163e-16,9.932894339730081e-08,0.002972007700234282,0.0710800530378267,0.006659549554555944,0.09369083547267373,0.07076739602098321,1.0865164129048056e-17,1.535334736045174e-16,0.07076739597058901,9.852771980356748e-08,1.3922756158007523e-06,9.474459306329284e-06,9.474459306329284e-06,0.0710800530378267,0.006659549554555944,0.09369083547267373,702.894945161369,True
current_adamw_grad_projection,20,3,49,torch.float32,1.1920928955078125e-07,5.138758647397377e-06,2.8518888661293936e-05,1.2061105099543566e-11,4.229163780814851e-07,3.743779076739426e-21,1.3127366641817454e-16,8.994561072983255e-08,0.0031538848451406025,0.06104769005932036,0.0044936487963435,0.07360882601744632,0.06088207931792378,8.071132869239109e-18,1.325699279601141e-16,0.060882079222050856,9.014287469010593e-08,1.4806142602543889e-06,9.582095057020942e-06,9.582095057020942e-06,0.06104769005932036,0.0044936487963435,0.07360882601744632,468.9630784919982,True
current_adamw_grad_projection,20,4,60,torch.float32,1.1920928955078125e-07,8.425881056896194e-06,3.8003799536674466e-05,3.1017786582409276e-11,8.161759340004006e-07,5.416308842295517e-21,1.4252019293677385e-16,1.1394087741105868e-07,0.002998025650428745,0.09516125260186328,0.012855337446832718,0.1350900402773913,0.09428894047492363,1.4706639784541223e-17,1.5597417587328271e-16,0.09428894013078504,1.1379720776785807e-07,1.206898790144568e-06,1.0928761988984425e-05,1.0928761988984425e-05,0.09516125260186328,0.012855337446832718,0.1350900402773913,1176.284876529489,True
current_adamw_grad_projection,20,5,53,torch.float32,1.1920928955078125e-07,5.678672305444112e-06,3.930623318333165e-05,1.68915922492547e-11,4.297433480961949e-07,5.2903279091611e-21,1.3459259462707874e-16,9.117507859497069e-08,0.00231955841032492,0.06932574553193442,0.007536838670491721,0.10871630175285932,0.06891483915974489,9.837367601143572e-18,1.427467251043061e-16,0.0689148389224489,9.078993370444414e-08,1.3174221274261653e-06,9.273130707449339e-06,9.273130707449339e-06,0.06932574553193442,0.007536838670491721,0.10871630175285932,812.7609658771647,True
current_adamw_grad_projection,20,6,60,torch.float32,1.1920928955078125e-07,3.095485046437789e-06,3.485215089419076e-05,9.307246803490559e-12,2.670494234845607e-07,5.119701754110418e-21,1.4689772719203866e-16,9.880646922074964e-08,0.002834946277348981,0.07188049572816317,0.006952900477913539,0.09672861055672095,0.07154343324911598,1.0761069832842158e-17,1.5041310353910262e-16,0.07154343349619563,9.813514289292324e-08,1.371686234462617e-06,9.43789548497464e-06,9.43789548497464e-06,0.07188049572816317,0.006952900477913539,0.09672861055672095,736.700304531103,True
current_adamw_grad_projection,20,7,53,torch.float32,1.1920928955078125e-07,7.079248571757639e-06,1.6826179008130196e-05,9.204967390274292e-12,5.470622525664662e-07,2.2779601390459125e-21,1.3538190327973876e-16,9.889503900519818e-08,0.005876571793410216,0.06328137569861177,0.0050121529234822635,0.07920423455004341,0.06308257155015545,8.828106454936972e-18,1.3994525330848242e-16,0.06308257125418881,9.958314469958704e-08,1.5786158160598837e-06,1.0127146366060346e-05,1.0127146366060346e-05,0.06328137569861177,0.0050121529234822635,0.07920423455004341,494.9225322031252,True
current_adamw_grad_projection,21,0,58,torch.float32,1.1920928955078125e-07,4.814231254404896e-06,3.2858835468499636e-05,1.2775264082449946e-11,3.887923567680007e-07,4.711891514217848e-21,1.433980068689681e-16,1.0114500207768575e-07,0.00307802236784311,0.06907131461046566,0.006117028553945968,0.08856105589481741,0.06879991616047315,1.0136692754238856e-17,1.473358300407723e-16,0.06879991533285897,1.0200910834215705e-07,1.4826923528703429e-06,9.954985810971911e-06,9.954985810971911e-06,0.06907131461046566,0.006117028553945968,0.08856105589481741,614.4688370328032,True
current_adamw_grad_projection,21,1,60,torch.float32,1.1920928955078125e-07,3.342961442244951e-06,3.681526294936723e-05,1.005538739220025e-11,2.731309404479774e-07,5.296903834318293e-21,1.4387793023788607e-16,1.0693852922481271e-07,0.002904674828777936,0.07287146801290464,0.006821462398641543,0.09360950979378575,0.07255148862083881,1.0807590399263604e-17,1.4896441967917614e-16,0.07255148822159747,1.0674196037643964e-07,1.4712580402267226e-06,1.0266911414628779e-05,1.0266911414628779e-05,0.07287146801290464,0.006821462398641543,0.09360950979378575,664.4123167286709,True
current_adamw_grad_projection,21,2,60,torch.float32,1.1920928955078125e-07,3.920330339574255e-06,3.4919511528494464e-05,1.1611959430156683e-11,3.3253499037869633e-07,5.082540294438176e-21,1.4555015439695037e-16,9.815102594425924e-08,0.0028107033194631078,0.07378368132652412,0.006798184932948369,0.09213670029370742,0.07346983266424048,1.1159447657127289e-17,1.518915621888827e-16,0.07346983274902938,9.804082899745171e-08,1.3344365344121047e-06,9.480231281595198e-06,9.480231281595198e-06,0.07378368132652412,0.006798184932948369,0.09213670029370742,717.0906205786646,True
current_adamw_grad_projection,21,3,49,torch.float32,1.1920928955078125e-07,5.138758647397377e-06,3.1499308493772524e-05,1.3610682333294947e-11,4.320946390294824e-07,4.131535153410586e-21,1.3116272550007833e-16,8.984047935149588e-08,0.002851947446746475,0.06336461592116861,0.004594331825751621,0.07250626803242034,0.06319783750977641,8.437203651861777e-18,1.3350462585933548e-16,0.06319783872047088,9.031608049127548e-08,1.4291007781255109e-06,9.586717004732284e-06,9.586717004732284e-06,0.06336461592116861,0.004594331825751621,0.07250626803242034,479.2393291137857,True
current_adamw_grad_projection,21,4,60,torch.float32,1.1920928955078125e-07,8.425881056896194e-06,3.257581984983575e-05,2.6159986164719753e-11,8.030492029152001e-07,4.6815234149557224e-21,1.4371160684635343e-16,1.1479993398724443e-07,0.0035240348084916422,0.09837865831542564,0.013144284343848628,0.133609103528378,0.09749660610006547,1.5276796440678656e-17,1.5669054597653731e-16,0.09749660582496815,1.1472046808721206e-07,1.17666114749846e-06,1.0936761300882032e-05,1.0936761300882032e-05,0.09837865831542564,0.013144284343848628,0.133609103528378,1201.844310416518,True
current_adamw_grad_projection,21,5,53,torch.float32,1.1920928955078125e-07,5.678672305444112e-06,3.884447738917894e-05,1.6155947663433275e-11,4.159136317260353e-07,5.264184039668333e-21,1.3551949706846237e-16,9.1451769258574e-08,0.0023542973823094558,0.0707437104163255,0.007497209978850164,0.10597705343314923,0.07034532255951316,9.904847344613175e-18,1.4080321170229237e-16,0.07034532209993923,9.11927362881518e-08,1.2963582163799714e-06,9.277907628899297e-06,9.277907628899297e-06,0.0707437104163255,0.007497209978850164,0.10597705343314923,808.0712029830383,True
current_adamw_grad_projection,21,6,60,torch.float32,1.1920928955078125e-07,3.095485046437789e-06,4.105919278777989e-05,1.0916019056306025e-11,2.6586053731565007e-07,5.916437103579621e-21,1.4409530976801595e-16,9.741806187265877e-08,0.0023725912563771303,0.07423177207638028,0.007035115016763568,0.09477228981580602,0.07389765315827411,1.119638110379121e-17,1.5151199835549289e-16,0.07389765490343786,9.882317389161194e-08,1.3372978346977894e-06,9.444050819009377e-06,9.444050819009377e-06,0.07423177207638028,0.007035115016763568,0.09477228981580602,744.9255781854749,True
current_adamw_grad_projection,21,7,53,torch.float32,1.1920928955078125e-07,7.079248571757639e-06,1.8659307867603534e-05,1.0604931961750892e-11,5.683454090043326e-07,2.505797440382054e-21,1.3429208940450828e-16,9.78111995777532e-08,0.005241484418814219,0.06530080823045462,0.005083151189110748,0.0778420869029933,0.06510266607090105,8.976056934389784e-18,1.378754124234217e-16,0.06510266583962863,9.938163445313788e-08,1.526537096006955e-06,1.013168557293374e-05,1.013168557293374e-05,0.06530080823045462,0.005083151189110748,0.0778420869029933,501.7083438406455,True
current_adamw_grad_projection,22,0,58,torch.float32,1.1920928955078125e-07,4.814231254404896e-06,3.0424861341156727e-05,1.1269840787130993e-11,3.704155184393857e-07,4.403548513718526e-21,1.4473520402743793e-16,1.0312232584072483e-07,0.003389315261386151,0.07141167165120992,0.006232250704420903,0.08727215818249663,0.07113920086125133,1.0521352995004281e-17,1.4789810494954738e-16,0.07113920053547675,1.022705059311435e-07,1.437611122437927e-06,9.960430860347816e-06,9.960430860347816e-06,0.07141167165120992,0.006232250704420903,0.08727215818249663,625.7009151312229,True
current_adamw_grad_projection,22,1,60,torch.float32,1.1920928955078125e-07,3.342961442244951e-06,4.0999406213369546e-05,1.1333084066416646e-11,2.7642068783720645e-07,5.958042902301721e-21,1.453202241831269e-16,1.0631711858940695e-07,0.002593103760766335,0.07574753304367514,0.0069919839532743625,0.09230642467580913,0.07542414018469028,1.125653948208882e-17,1.4924319262407303e-16,0.07542414025803301,1.0704200231358659e-07,1.419200828108692e-06,1.0272493969269205e-05,1.0272493969269205e-05,0.07574753304367514,0.0069919839532743625,0.09230642467580913,680.6510643073932,True
current_adamw_grad_projection,22,2,60,torch.float32,1.1920928955078125e-07,3.920330339574255e-06,3.6188560820161496e-05,1.1556447651789343e-11,3.1933979660641757e-07,5.283252731069732e-21,1.459923415392241e-16,9.845394373377965e-08,0.002720500965142772,0.07630099101234233,0.006941279910694744,0.0909723428044589,0.07598460279995502,1.148443880572015e-17,1.5114165742177108e-16,0.075984602739158,9.815519222053611e-08,1.2917773954479425e-06,9.486363202849632e-06,9.486363202849632e-06,0.07630099101234233,0.006941279910694744,0.0909723428044589,731.7113800375719,True
current_adamw_grad_projection,22,3,49,torch.float32,1.1920928955078125e-07,5.138758647397377e-06,3.138762420596616e-05,1.268669714148926e-11,4.0419424733260863e-07,4.103463672819507e-21,1.3073508354416502e-16,9.004932130391287e-08,0.002868916485146812,0.06548760393181936,0.004671930971014085,0.07134069183349781,0.0653207419563872,8.757837427412316e-18,1.3407437155658268e-16,0.06532074127745079,9.02329102879637e-08,1.3813822152553065e-06,9.591516732851774e-06,9.591516732851774e-06,0.06548760393181936,0.004671930971014085,0.07134069183349781,487.0899046667267,True
current_adamw_grad_projection,22,4,60,torch.float32,1.1920928955078125e-07,8.425881056896194e-06,3.68572822793813e-05,3.3850801393029344e-11,9.184291217251836e-07,5.4380033542009705e-21,1.4754216854576365e-16,1.1412302418950655e-07,0.0030962846057783233,0.10229422118789229,0.013592820259202616,0.1328796495183785,0.10138709447379604,1.5945753745514472e-17,1.5727597115070425e-16,0.10138709389912494,1.1414138391182196e-07,1.125797964239777e-06,1.0946333782180221e-05,1.0946333782180221e-05,0.10229422118789229,0.013592820259202616,0.1328796495183785,1241.7692105580288,True
current_adamw_grad_projection,22,5,53,torch.float32,1.1920928955078125e-07,5.678672305444112e-06,4.087992157031785e-05,1.7147858831473193e-11,4.194689757899128e-07,5.555809703792466e-21,1.3590558617477692e-16,9.014658111332169e-08,0.0022051212336325313,0.07247927217353466,0.0074796449958138755,0.10319702132087662,0.07209230059820475,1.023712726482578e-17,1.420002854657229e-16,0.0720923008861722,9.09126926069974e-08,1.2610596622590954e-06,9.283280403894532e-06,9.283280403894532e-06,0.07247927217353466,0.0074796449958138755,0.10319702132087662,805.7114156194191,True
current_adamw_grad_projection,22,6,60,torch.float32,1.1920928955078125e-07,3.095485046437789e-06,3.84192662040877e-05,1.041793924985934e-11,2.711644515675549e-07,5.589099567804859e-21,1.4547647886128546e-16,9.787751212508302e-08,0.0025475138648992438,0.07686039569089556,0.007193390777129423,0.093590342756738,0.07652303937304468,1.1583722273778555e-17,1.5137561665982303e-16,0.07652303872794645,9.759520227140385e-08,1.2753701877727677e-06,9.450890413857307e-06,9.450890413857307e-06,0.07686039569089556,0.007193390777129423,0.093590342756738,761.1336564205803,True
current_adamw_grad_projection,22,7,53,torch.float32,1.1920928955078125e-07,7.079248571757639e-06,1.8378425399050634e-05,9.905240762696013e-12,5.389602508171175e-07,2.508579733886365e-21,1.3649590100446332e-16,9.762687905782452e-08,0.005311491979954051,0.06737500693059857,0.005159809829892343,0.07658344043225618,0.06717713838366109,9.237268465347179e-18,1.3750613210987682e-16,0.06717713813906509,9.90461776732026e-08,1.4744030546249918e-06,1.0136630889879739e-05,1.0136630889879739e-05,0.06737500693059857,0.005159809829892343,0.07658344043225618,509.0261138978455,True
current_adamw_grad_projection,23,0,58,torch.float32,1.1920928955078125e-07,4.814231254404896e-06,3.2424241500239674e-05,1.409727844355268e-11,4.3477588962099474e-07,4.560116839471612e-21,1.406391214868769e-16,1.0150580799440559e-07,0.0031305232388378302,0.07372823748792637,0.006327215590942432,0.08581807739508987,0.07345624102785145,1.0796267775232278e-17,1.4697550030008747e-16,0.07345624135261672,1.0135414200901895e-07,1.3797893840290866e-06,9.966396184435318e-06,9.966396184435318e-06,0.07372823748792637,0.006327215590942432,0.08581807739508987,634.8549138377367,True
current_adamw_grad_projection,23,1,60,torch.float32,1.1920928955078125e-07,3.342961442244951e-06,4.1058934188232155e-05,1.1365023096101774e-11,2.767978107760792e-07,5.9321893589202456e-21,1.4447986720075871e-16,1.0600694752899751e-07,0.002581724962205749,0.07872243636608911,0.007175195109133666,0.09114549092162613,0.07839476106576773,1.1720078302048073e-17,1.4950078478095935e-16,0.07839476104059372,1.0718461282962953e-07,1.3672420376934129e-06,1.0278658846535302e-05,1.0278658846535302e-05,0.07872243636608911,0.007175195109133666,0.09114549092162613,698.0672494595206,True
current_adamw_grad_projection,23,2,60,torch.float32,1.1920928955078125e-07,3.920330339574255e-06,3.694159730292597e-05,1.2243359414563659e-11,3.3142474360722674e-07,5.4945931728566096e-21,1.4873729275430413e-16,9.873969767194341e-08,0.0026728510138947993,0.07810030159861145,0.006979215873151703,0.0893622141054035,0.07778783745284361,1.1951489558365254e-17,1.5364213673648483e-16,0.077787837852849,9.853259856312621e-08,1.266683858079717e-06,9.492255222301799e-06,9.492255222301799e-06,0.07810030159861145,0.006979215873151703,0.0893622141054035,735.2537104938164,True
current_adamw_grad_projection,23,3,49,torch.float32,1.1920928955078125e-07,5.138758647397377e-06,3.131550558734959e-05,1.4466695886943873e-11,4.619659052475248e-07,4.095940502795534e-21,1.307959244461502e-16,8.980760246332692e-08,0.0028677712450673803,0.06766419254894253,0.004747472801165147,0.07016226193390586,0.06749744036111716,9.125597634370657e-18,1.3519916585796318e-16,0.06749744089982807,9.004302459377264e-08,1.3340213109324269e-06,9.596800520258842e-06,9.596800520258842e-06,0.06766419254894253,0.004747472801165147,0.07016226193390586,494.69328774139194,True
current_adamw_grad_projection,23,4,60,torch.float32,1.1920928955078125e-07,8.425881056896194e-06,5.6995320832781775e-05,3.630300383956431e-11,6.36947091605528e-07,8.404530411582105e-21,1.474600070458733e-16,1.1392984965273654e-07,0.0019989020163143586,0.10792946850606602,0.014425109612499631,0.1336531145030969,0.10696114427524263,1.6875471625451265e-17,1.577719810291641e-16,0.10696114511452913,1.1369016470923689e-07,1.062910878408254e-06,1.0958508290255491e-05,1.0958508290255491e-05,0.10792946850606602,0.014425109612499631,0.1336531145030969,1316.3387963420812,True
current_adamw_grad_projection,23,5,53,torch.float32,1.1920928955078125e-07,5.678672305444112e-06,4.996381814546331e-05,2.164103425744492e-11,4.331341170612661e-07,6.555119899711919e-21,1.3119733725369295e-16,9.022405304248144e-08,0.0018057184283405765,0.07524474030473725,0.007773117112472206,0.10330445797263024,0.07484216454568336,1.0517905075714334e-17,1.4053448533405586e-16,0.0748421644157341,9.022089863533862e-08,1.2054822216815984e-06,9.289896329509404e-06,9.289896329509404e-06,0.07524474030473725,0.007773117112472206,0.10330445797263024,836.7280792769301,True
current_adamw_grad_projection,23,6,60,torch.float32,1.1920928955078125e-07,3.095485046437789e-06,4.038214000251629e-05,1.0089070210129257e-11,2.498399096605724e-07,5.869951195515465e-21,1.4536008233218645e-16,9.840757819969573e-08,0.0024368316527449045,0.07845277233187901,0.007209946849864362,0.0919017471984814,0.07812076646436447,1.177598205644362e-17,1.5074073885098586e-16,0.07812076714808072,9.897188528035791e-08,1.2669087733451611e-06,9.457454086985447e-06,9.457454086985447e-06,0.07845277233187901,0.007209946849864362,0.0919017471984814,762.3559980889661,True
current_adamw_grad_projection,23,7,53,torch.float32,1.1920928955078125e-07,7.079248571757639e-06,2.124523903649522e-05,1.1925257510165801e-11,5.613143485785456e-07,2.921390267272017e-21,1.3750799707426652e-16,9.891793799957666e-08,0.004655578204968983,0.06985794117551528,0.005270862791248678,0.07545116135051629,0.06965881100562643,9.59054340403106e-18,1.376788272090435e-16,0.06965881002337704,9.952456904525787e-08,1.428743457028021e-06,1.0142399564278552e-05,1.0142399564278552e-05,0.06985794117551528,0.005270862791248678,0.07545116135051629,519.6859735059752,True
current_adamw_grad_projection,24,0,58,torch.float32,1.1920928955078125e-07,4.814231254404896e-06,3.475026918007132e-05,1.4065666372177635e-11,4.0476424223626027e-07,4.9594012276330715e-21,1.4271547658910247e-16,1.0206567978100192e-07,0.002937084592047335,0.07548718088697527,0.006397015876637728,0.08474307559870055,0.07521564110035206,1.1152532382924936e-17,1.4827411187049942e-16,0.07521564113740092,1.0174233122646644e-07,1.3526751841496321e-06,9.972297327733574e-06,9.972297327733574e-06,0.07548718088697527,0.006397015876637728,0.08474307559870055,641.4786549581943,True
current_adamw_grad_projection,24,1,60,torch.float32,1.1920928955078125e-07,3.342961442244951e-06,4.1288356664520944e-05,1.1261491025524116e-11,2.727522220617007e-07,5.973287965896611e-21,1.4467245607354665e-16,1.0690573141901305e-07,0.0025892288277720513,0.08021356311153834,0.007151097000510849,0.08915072118872373,0.07989416448488607,1.192098747787978e-17,1.4920973959412176e-16,0.07989416312240379,1.0660548253557832e-07,1.3343338032373005e-06,1.0283898971412505e-05,1.0283898971412505e-05,0.08021356311153834,0.007151097000510849,0.08915072118872373,695.3682664901402,True
current_adamw_grad_projection,24,2,60,torch.float32,1.1920928955078125e-07,3.920330339574255e-06,3.733337468604364e-05,1.2519448091242748e-11,3.353419881413212e-07,5.43256194800149e-21,1.4551489099732132e-16,9.78887069931496e-08,0.0026219990834748627,0.07988371922027196,0.00702300898854138,0.0879153982449926,0.07957440506350089,1.213184379677246e-17,1.5245912033010075e-16,0.07957440488703513,9.886106961083878e-08,1.2423727170964489e-06,9.498718848390772e-06,9.498718848390772e-06,0.07988371922027196,0.00702300898854138,0.0879153982449926,739.3638132295267,True
current_adamw_grad_projection,24,3,49,torch.float32,1.1920928955078125e-07,5.138758647397377e-06,3.0456681815571373e-05,1.3252734043893473e-11,4.351338771618201e-07,3.9670747640812636e-21,1.3025301929159667e-16,8.974293520188444e-08,0.00294648322094894,0.06926716467656754,0.004791415109084819,0.06917296429639642,0.06910124777153565,9.258192448974583e-18,1.3398010524476e-16,0.0691012480476507,9.053959496246889e-08,1.3102454372464412e-06,9.60194349664475e-06,9.60194349664475e-06,0.06926716467656754,0.004791415109084819,0.06917296429639642,499.0047182384592,True
current_adamw_grad_projection,24,4,60,torch.float32,1.1920928955078125e-07,8.425881056896194e-06,3.463883430885124e-05,3.0606970800394204e-11,8.836027946983545e-07,5.027451949245065e-21,1.4513917831127375e-16,1.1354634317532055e-07,0.0032780030307734804,0.10907359766433504,0.014275023318122167,0.13087514874179146,0.10813544015126726,1.7099496174304955e-17,1.5813036087322537e-16,0.10813543964127038,1.1356950411879792e-07,1.0502523917741914e-06,1.0967480745852634e-05,1.0967480745852634e-05,0.10907359766433504,0.014275023318122167,0.13087514874179146,1301.57723992543,True
current_adamw_grad_projection,24,5,53,torch.float32,1.1920928955078125e-07,5.678672305444112e-06,4.1052441055062616e-05,1.795133402875418e-11,4.37278114708855e-07,5.499751653364738e-21,1.33968931250363e-16,9.129966209989582e-08,0.0022239989199338422,0.07679448488083919,0.007800158183498839,0.10157185370280461,0.07639731958927509,1.0741160299230722e-17,1.4059603605174915e-16,0.07639731990372087,9.12588403759544e-08,1.1945293433194076e-06,9.295907623853426e-06,9.295907623853426e-06,0.07679448488083919,0.007800158183498839,0.10157185370280461,839.095922541606,True
current_adamw_grad_projection,24,6,60,torch.float32,1.1920928955078125e-07,3.095485046437789e-06,4.260636457464533e-05,1.09301576652469e-11,2.5653814340572347e-07,6.189673698692283e-21,1.4527580000045126e-16,9.860423212342162e-08,0.0023142881199834705,0.08030629812270437,0.007287145962334751,0.09074189861423226,0.0799749899774692,1.2046426009660399e-17,1.506274150588097e-16,0.0799749905095873,9.881085051585972e-08,1.2355218786054674e-06,9.464769222548056e-06,9.464769222548056e-06,0.08030629812270437,0.007287145962334751,0.09074189861423226,769.923258664826,True
current_adamw_grad_projection,24,7,53,torch.float32,1.1920928955078125e-07,7.079248571757639e-06,1.873125285149397e-05,1.0607338214904623e-11,5.66290909583157e-07,2.5728892672546845e-21,1.3735809812902548e-16,9.940820817715699e-08,0.005306446117715837,0.07034782504246238,0.005214164658569798,0.07411977065989596,0.0701543225690208,9.759442476512051e-18,1.391139151391605e-16,0.07015432210526645,9.895338554831917e-08,1.410510180681951e-06,1.0146599200916648e-05,1.0146599200916648e-05,0.07034782504246238,0.005214164658569798,0.07411977065989596,513.8829823985507,True
current_adamw_grad_projection,25,0,58,torch.float32,1.1920928955078125e-07,4.814231254404896e-06,3.395854005240903e-05,1.2982281995171621e-11,3.822980014787371e-07,4.934027191819309e-21,1.4529562178482545e-16,1.025239488744729e-07,0.0030189986592162434,0.07765971085152029,0.006465453141290113,0.0832536339679604,0.07739010663656899,1.138306036548901e-17,1.4708676418996166e-16,0.07739010608925007,1.024395789203386e-07,1.323677975091548e-06,9.978972150083107e-06,9.978972150083107e-06,0.07765971085152029,0.006465453141290113,0.0832536339679604,647.9077247686544,True
current_adamw_grad_projection,25,1,60,torch.float32,1.1920928955078125e-07,3.342961442244951e-06,4.100522248833369e-05,1.2214770132110783e-11,2.978832790283233e-07,5.8860187421817665e-21,1.4354314853081572e-16,1.0718400313889888e-07,0.0026138566795280834,0.08196445191428743,0.0071972124583243495,0.08780894998054377,0.08164785061738784,1.2147255645097726e-17,1.4877618398090237e-16,0.08164784872324124,1.0723097109991613e-07,1.3133349228023518e-06,1.028988240468385e-05,1.028988240468385e-05,0.08196445191428743,0.0071972124583243495,0.08780894998054377,699.4455500335214,True
current_adamw_grad_projection,25,2,60,torch.float32,1.1920928955078125e-07,3.920330339574255e-06,3.744000916771149e-05,1.1899238173892485e-11,3.1782145459928105e-07,5.521762238834639e-21,1.4748292966757394e-16,9.885424202946679e-08,0.0026403112216803605,0.08182624565823814,0.007101432195940763,0.0867867288644912,0.08151750817639601,1.2342587156943775e-17,1.5141026060604807e-16,0.08151750814998464,9.884744979062214e-08,1.2125916509708813e-06,9.50583611691607e-06,9.50583611691607e-06,0.08182624565823814,0.007101432195940763,0.0867867288644912,747.0602384258908,True
current_adamw_grad_projection,25,3,49,torch.float32,1.1920928955078125e-07,5.138758647397377e-06,3.097410042611239e-05,1.3227871719482199e-11,4.2706233716252113e-07,4.0800416314892845e-21,1.317242978927653e-16,9.048264281691716e-08,0.0029211442944554787,0.07084788903193559,0.004831031242876481,0.06818878175324083,0.07068298605330572,9.513102035593422e-18,1.3458828732022012e-16,0.07068298520880034,9.027185554362557e-08,1.2771369980619653e-06,9.607491607543454e-06,9.607491607543454e-06,0.07084788903193559,0.004831031242876481,0.06818878175324083,502.840016959612,True
current_adamw_grad_projection,25,4,60,torch.float32,1.1920928955078125e-07,8.425881056896194e-06,3.6260664277100796e-05,2.942994901333395e-11,8.116218938636335e-07,5.309076796545815e-21,1.4641421778641634e-16,1.1444571895971604e-07,0.003156137429919876,0.11199288867500898,0.01446244081993166,0.12913713532204774,0.11105514359678675,1.7480398529536345e-17,1.574028717931631e-16,0.11105514316259937,1.1437875392776575e-07,1.0299275717496502e-06,1.097898650883049e-05,1.097898650883049e-05,0.11199288867500898,0.01446244081993166,0.12913713532204774,1317.2837773595404,True
current_adamw_grad_projection,25,5,53,torch.float32,1.1920928955078125e-07,5.678672305444112e-06,5.4735732233612255e-05,2.1498424198342613e-11,3.9276763680784025e-07,7.366186188273762e-21,1.3457728411918245e-16,9.10915293672327e-08,0.001664217166550343,0.0781745137424764,0.007730099750462755,0.09888260739206335,0.07779138870543788,1.100835046824761e-17,1.4151117047069877e-16,0.07779138863156793,9.050968337104544e-08,1.1634923217493048e-06,9.302174780479832e-06,9.302174780479832e-06,0.0781745137424764,0.007730099750462755,0.09888260739206335,830.9991945844749,True
current_adamw_grad_projection,25,6,60,torch.float32,1.1920928955078125e-07,3.095485046437789e-06,3.975432505883123e-05,1.0116719213576915e-11,2.544809702744415e-07,5.866498649242263e-21,1.4756881523106729e-16,9.850398027686157e-08,0.0024777893831169026,0.0821992605099652,0.007368256788151889,0.08963896685248912,0.08186835298385439,1.245065112557647e-17,1.5208136809631332e-16,0.08186835377847018,9.787195839116376e-08,1.1954797412440729e-06,9.472635089917184e-06,9.472635089917184e-06,0.0821992605099652,0.007368256788151889,0.08963896685248912,777.8465778751229,True
current_adamw_grad_projection,25,7,53,torch.float32,1.1920928955078125e-07,7.079248571757639e-06,2.2165280904455013e-05,1.226101173048373e-11,5.53162930049733e-07,3.0142579903193903e-21,1.3599006497201728e-16,9.998913071693634e-08,0.004510874563208554,0.07232273206283606,0.0052474716697887185,0.07255632523989228,0.07213211222546821,9.994828294982555e-18,1.3856281185474017e-16,0.07213211149494972,9.929843097900024e-08,1.3766189415646392e-06,1.0152585032495256e-05,1.0152585032495256e-05,0.07232273206283606,0.0052474716697887185,0.07255632523989228,516.8606471153109,True
current_adamw_grad_projection,26,0,58,torch.float32,1.1920928955078125e-07,4.814231254404896e-06,3.5313048047307885e-05,1.3470637149118944e-11,3.814634503108515e-07,5.043073903082572e-21,1.4281049589168504e-16,1.0243706930993296e-07,0.002900806517740462,0.08031655065751603,0.006614023324983012,0.08234944442754243,0.0800437568144944,1.1646663663928775e-17,1.4550371106294434e-16,0.08004375502158025,1.0094004477508822e-07,1.2610608378864062e-06,9.986751081559911e-06,9.986751081559911e-06,0.08031655065751603,0.006614023324983012,0.08234944442754243,662.2797815793676,True
current_adamw_grad_projection,26,1,60,torch.float32,1.1920928955078125e-07,3.342961442244951e-06,4.562796638362186e-05,1.33547405878708e-11,2.926876134603377e-07,6.583501425259973e-21,1.4428654062529948e-16,1.0693320632653896e-07,0.002343537848966578,0.08514894793782328,0.007405139742629855,0.08696689650278676,0.08482633577085753,1.2662101689685278e-17,1.4927087884462645e-16,0.08482633507833906,1.0690404837120826e-07,1.2602695645459624e-06,1.0297774971911828e-05,1.0297774971911828e-05,0.08514894793782328,0.007405139742629855,0.08696689650278676,719.1009478094138,True
current_adamw_grad_projection,26,2,60,torch.float32,1.1920928955078125e-07,3.920330339574255e-06,4.052785948055375e-05,1.3768644402658335e-11,3.3973283018474893e-07,5.9355016196800366e-21,1.4645485095328995e-16,9.820670345521661e-08,0.0024230933221019027,0.08386996554351818,0.007151028694600611,0.08526328404046032,0.08356454935485458,1.2793449501581954e-17,1.530966133408429e-16,0.08356455028560981,9.886013513302597e-08,1.183039157096381e-06,9.513657841804295e-06,9.513657841804295e-06,0.08386996554351818,0.007151028694600611,0.08526328404046032,751.6592265046602,True
current_adamw_grad_projection,26,3,49,torch.float32,1.1920928955078125e-07,5.138758647397377e-06,3.4779205926513885e-05,1.5421064916255635e-11,4.433989938942052e-07,4.485618599953311e-21,1.2897415224003564e-16,9.073487967193595e-08,0.00260875678940223,0.07347746104387327,0.004961132525373455,0.06751910660619004,0.07330978410498558,9.980176841824444e-18,1.361370376910675e-16,0.07330978338957994,8.915907620358524e-08,1.216196148470111e-06,9.614323541801147e-06,9.614323541801147e-06,0.07347746104387327,0.004961132525373455,0.06751910660619004,516.0147257166298,True
current_adamw_grad_projection,26,4,60,torch.float32,1.1920928955078125e-07,8.425881056896194e-06,3.8692371101852415e-05,2.9978489861372385e-11,7.747907147498942e-07,5.711673007810076e-21,1.4761754953648579e-16,1.1257408099278307e-07,0.002909386645815812,0.11394189565149862,0.014524784690889338,0.12747536459560652,0.1130123277095924,1.767013876596906e-17,1.5635585182685547e-16,0.11301232807308198,1.1454046549943122e-07,1.0135218648478866e-06,1.0990684010344523e-05,1.0990684010344523e-05,0.11394189565149862,0.014524784690889338,0.12747536459560652,1321.554206928203,True
current_adamw_grad_projection,26,5,53,torch.float32,1.1920928955078125e-07,5.678672305444112e-06,4.639622662625611e-05,1.9309313897850908e-11,4.1618285153654204e-07,6.316358859643778e-21,1.361394949318967e-16,9.120411677462705e-08,0.0019657535563927125,0.08097075406225297,0.00787373906303242,0.09724176530428297,0.08058701661295778,1.1266117790690392e-17,1.3980065603866624e-16,0.08058701712814571,9.066964369075504e-08,1.1251147755795007e-06,9.310214106958414e-06,9.310214106958414e-06,0.08097075406225297,0.00787373906303242,0.09724176530428297,845.7097734355671,True
current_adamw_grad_projection,26,6,60,torch.float32,1.1920928955078125e-07,3.095485046437789e-06,4.941066379251386e-05,1.2857232816272126e-11,2.6021169985213007e-07,7.169815450901636e-21,1.4510664096741335e-16,9.832010296844107e-08,0.0019898371808510715,0.08355551177979009,0.007310418171451916,0.08749175267717188,0.08323509677378374,1.2504032435010287e-17,1.5022548083284787e-16,0.08323509814899602,9.757453423550624e-08,1.1722763161862528e-06,9.480577970764531e-06,9.480577970764531e-06,0.08355551177979009,0.007310418171451916,0.08749175267717188,771.0941457361793,True
current_adamw_grad_projection,26,7,53,torch.float32,1.1920928955078125e-07,7.079248571757639e-06,2.1688384690349413e-05,1.161938942710351e-11,5.357424996373169e-07,2.8997898478756847e-21,1.3370243516412763e-16,9.834247460294536e-08,0.004533894116975084,0.07337098380004882,0.005233876223849658,0.0713344152248668,0.07318406796195773,1.005991639064337e-17,1.3746047016507307e-16,0.07318406766631554,9.877453407277088e-08,1.349672643547714e-06,1.0157952640766549e-05,1.0157952640766549e-05,0.07337098380004882,0.005233876223849658,0.0713344152248668,515.2491263687064,True
current_adamw_grad_projection,27,0,58,torch.float32,1.1920928955078125e-07,4.814231254404896e-06,3.6262627034604116e-05,1.5338385812127722e-11,4.2298054681727426e-07,5.213170618208871e-21,1.4376152652246061e-16,1.0268929907385598e-07,0.0028316783056861745,0.08242858918049512,0.006671718332974135,0.08093937309014199,0.0821581431677487,1.2045619377391552e-17,1.4661503915439116e-16,0.08215814129863885,1.0220792617772476e-07,1.244038929826886e-06,9.994645491050648e-06,9.994645491050648e-06,0.08242858918049512,0.006671718332974135,0.08093937309014199,667.5292624383816,True
current_adamw_grad_projection,27,1,60,torch.float32,1.1920928955078125e-07,3.342961442244951e-06,4.303796092442522e-05,1.2126170541273308e-11,2.817552291235846e-07,6.242022519666423e-21,1.4503527550079986e-16,1.0678688120459763e-07,0.0024811892653332146,0.08691425416282861,0.007439635465453379,0.08559741479821792,0.08659526199984581,1.2869755728634171e-17,1.4861962919700025e-16,0.08659526227619321,1.0598387397547037e-07,1.2238992202302907e-06,1.0304795652704041e-05,1.0304795652704041e-05,0.08691425416282861,0.007439635465453379,0.08559741479821792,721.9585633899662,True
current_adamw_grad_projection,27,2,60,torch.float32,1.1920928955078125e-07,3.920330339574255e-06,3.829356506828299e-05,1.2335776375348636e-11,3.2213705758009614e-07,5.515029857801561e-21,1.440197549632098e-16,9.853159430492996e-08,0.002572953822295733,0.08486331802097274,0.007098232908986695,0.08364312254715836,0.08456593779470867,1.2875376106000356e-17,1.5225250782716414e-16,0.08456593832839616,9.816833260177949e-08,1.160849563574414e-06,9.521137443238505e-06,9.521137443238505e-06,0.08486331802097274,0.007098232908986695,0.08364312254715836,745.5236258591718,True
current_adamw_grad_projection,27,3,49,torch.float32,1.1920928955078125e-07,5.138758647397377e-06,3.437073494299557e-05,1.4502204220377662e-11,4.2193465587598884e-07,4.454398459792194e-21,1.2959858051276132e-16,9.005148439774728e-08,0.002619865618603342,0.07557822576377213,0.005016985102115372,0.06638135589205943,0.07541152478291938,1.0038162730404772e-17,1.3311178575556935e-16,0.07541152444381535,9.080622374291505e-08,1.2041425287797937e-06,9.621117105265753e-06,9.621117105265753e-06,0.07557822576377213,0.005016985102115372,0.06638135589205943,521.4555697871629,True
current_adamw_grad_projection,27,4,60,torch.float32,1.1920928955078125e-07,8.425881056896194e-06,3.851808767683012e-05,3.194504470786474e-11,8.293517833981338e-07,5.628280593611952e-21,1.4612045750649978e-16,1.1344929504521197e-07,0.0029452086552137313,0.11627821272887705,0.014581208993219378,0.12539932160135633,0.11536035324026207,1.8440549020455196e-17,1.5985170383492927e-16,0.1153603540182138,1.1349628322348028e-07,9.838413221717471e-07,1.1003774724019145e-05,1.1003774724019145e-05,0.11627821272887705,0.014581208993219378,0.12539932160135633,1325.1097336072662,True
current_adamw_grad_projection,27,5,53,torch.float32,1.1920928955078125e-07,5.678672305444112e-06,4.67654055809437e-05,2.0452838883396157e-11,4.3734975949252595e-07,6.198192156603494e-21,1.3253797501822096e-16,9.115232832679391e-08,0.0019491590090970868,0.08234270129824456,0.007896237253546648,0.09589480462811809,0.08196322281564841,1.1469113955891629e-17,1.399300022851462e-16,0.08196322382351023,9.149384568504294e-08,1.116279245946387e-06,9.31738247557236e-06,9.31738247557236e-06,0.08234270129824456,0.007896237253546648,0.09589480462811809,847.4737700473746,True
current_adamw_grad_projection,27,6,60,torch.float32,1.1920928955078125e-07,3.095485046437789e-06,4.1061270432925475e-05,1.0774918567420948e-11,2.624107450601662e-07,5.928855082849686e-21,1.4439044433695275e-16,9.815622282936824e-08,0.0023904120123477844,0.08411930302943386,0.007220053289403047,0.08583111164005609,0.0838088776482295,1.2702498712232993e-17,1.5156507363753414e-16,0.08380887740154203,9.859434648089828e-08,1.1764188894753554e-06,9.488337214620253e-06,9.488337214620253e-06,0.08411930302943386,0.007220053289403047,0.08583111164005609,760.939785980405,True
current_adamw_grad_projection,27,7,53,torch.float32,1.1920928955078125e-07,7.079248571757639e-06,2.1512013867155447e-05,1.250005439577532e-11,5.810731841736309e-07,2.900207793093725e-21,1.3481805148527973e-16,9.979242135219871e-08,0.004638535132306714,0.07485050710977824,0.005262626328992441,0.07030849265021143,0.07466527424922752,1.0247469829307335e-17,1.3724545891443445e-16,0.07466527362020904,9.89959469901579e-08,1.3258633122234147e-06,1.0163923880409991e-05,1.0163923880409991e-05,0.07485050710977824,0.005262626328992441,0.07030849265021143,517.7750631461988,True
current_adamw_grad_projection,28,0,58,torch.float32,1.1920928955078125e-07,4.814231254404896e-06,3.752072349143567e-05,1.4392261490293409e-11,3.8358166237328895e-07,5.3588076759995984e-21,1.4282261047613255e-16,1.024361258447376e-07,0.0027300219938444855,0.08454635469151864,0.0067506700315342295,0.07984578467238672,0.08427641749475011,1.2321153152464788e-17,1.4619929891101883e-16,0.08427641771248032,1.0235162409229398e-07,1.2144752573783987e-06,1.0003328913253371e-05,1.0003328913253371e-05,0.08454635469151864,0.0067506700315342295,0.07984578467238672,674.8423539878104,True
current_adamw_grad_projection,28,1,60,torch.float32,1.1920928955078125e-07,3.342961442244951e-06,4.578507905808128e-05,1.2513648898119113e-11,2.733128162178066e-07,6.571387604582563e-21,1.4352683755872925e-16,1.0734197914809975e-07,0.00234445989043289,0.08962253700303821,0.007603900267571417,0.08484361770872034,0.08929938319821577,1.3297863654956129e-17,1.4891327553113294e-16,0.08929938349041787,1.0724294034163908e-07,1.2009370742536718e-06,1.0313233164572962e-05,1.0313233164572962e-05,0.08962253700303821,0.007603900267571417,0.08484361770872034,737.2954868984841,True
current_adamw_grad_projection,28,2,60,torch.float32,1.1920928955078125e-07,3.920330339574255e-06,4.223025008165072e-05,1.4094041534976728e-11,3.337427911917734e-07,6.178996759794227e-21,1.4631684036556015e-16,9.933436228459024e-08,0.0023522408282496067,0.08655322658625997,0.007105176963418115,0.08209026102957596,0.08626110069324974,1.317152656495911e-17,1.5269369923527804e-16,0.08626110076555048,9.92409673984132e-08,1.1504718409302564e-06,9.529728736022157e-06,9.529728736022157e-06,0.08655322658625997,0.007105176963418115,0.08209026102957596,745.5801901853416,True
current_adamw_grad_projection,28,3,49,torch.float32,1.1920928955078125e-07,5.138758647397377e-06,3.874744924631209e-05,1.5981509358555884e-11,4.1245319806637273e-07,5.058975701681345e-21,1.3056280607073198e-16,9.128630593650461e-08,0.0023559635788813265,0.07749540143863189,0.005052261132275736,0.06519433461192649,0.07733053666945552,1.028258749127552e-17,1.329693020912009e-16,0.07733053615098834,9.042489053337187e-08,1.169329672780449e-06,9.628203620360673e-06,9.628203620360673e-06,0.07749540143863189,0.005052261132275736,0.06519433461192649,524.7355925867382,True
current_adamw_grad_projection,28,4,60,torch.float32,1.1920928955078125e-07,8.425881056896194e-06,4.304889834242315e-05,4.16118918214051e-11,9.666192033629365e-07,6.2503933580192795e-21,1.4519287597802844e-16,1.1505796102373319e-07,0.002672642775294201,0.1179120507952372,0.01462621504713875,0.12404342854267057,0.11700139125725577,1.8424220750535353e-17,1.5747009973603871e-16,0.11700139235147312,1.1503647497572339e-07,9.83206034250882e-07,1.1017238005298995e-05,1.1017238005298995e-05,0.1179120507952372,0.01462621504713875,0.12404342854267057,1327.5754812688929,True
current_adamw_grad_projection,28,5,53,torch.float32,1.1920928955078125e-07,5.678672305444112e-06,4.67627303436876e-05,1.9668376897166517e-11,4.205994122373034e-07,6.345336465015969e-21,1.3569217234282116e-16,9.124666481379503e-08,0.0019512498846905614,0.08456447682366897,0.00792200328764322,0.09368003664425097,0.08419259233668609,1.1769062517068502e-17,1.3978738735118208e-16,0.08419259235071715,9.063638463614907e-08,1.07653633301359e-06,9.325890485726826e-06,9.325890485726826e-06,0.08456447682366897,0.00792200328764322,0.09368003664425097,849.4634694421685,True
current_adamw_grad_projection,28,6,60,torch.float32,1.1920928955078125e-07,3.095485046437789e-06,4.168118730364027e-05,1.0714182508370842e-11,2.5705079920876215e-07,6.024845411211124e-21,1.4454591629843367e-16,9.76357711439368e-08,0.002342413555745665,0.08477835249026554,0.007132844332276306,0.08413520813695119,0.08447775791707085,1.2739815330213249e-17,1.5080674066562614e-16,0.08447775912000531,9.825234451687193e-08,1.1630557621361508e-06,9.496724270730437e-06,9.496724270730437e-06,0.08477835249026554,0.007132844332276306,0.08413520813695119,751.0847034129681,True
current_adamw_grad_projection,28,7,53,torch.float32,1.1920928955078125e-07,7.079248571757639e-06,2.3412156958583794e-05,1.340418700005935e-11,5.725310582776041e-07,3.223439980302591e-21,1.3768231547419568e-16,9.935293901591824e-08,0.004243427643338975,0.07671197733515275,0.00531441633525337,0.06927753031361472,0.07652767111107316,1.0576203897241648e-17,1.3820104210268233e-16,0.07652767111816344,9.972892189593668e-08,1.3031746613842342e-06,1.0170616853146913e-05,1.0170616853146913e-05,0.07671197733515275,0.00531441633525337,0.06927753031361472,522.5264516388722,True
current_adamw_grad_projection,29,0,58,torch.float32,1.1920928955078125e-07,4.814231254404896e-06,3.702075782513823e-05,1.3999334029268458e-11,3.7814822957952746e-07,5.275779996637386e-21,1.4250869800010814e-16,1.0239843525543911e-07,0.002765898627662129,0.08573776942193428,0.0067830393418531285,0.07911378366367698,0.08546903230255765,1.2443411845264063e-17,1.45589712554774e-16,0.08546903257205589,1.02575242100795e-07,1.2001451170553202e-06,1.001147070386523e-05,1.001147070386523e-05,0.08573776942193428,0.0067830393418531285,0.07911378366367698,677.5267632990558,True
current_adamw_grad_projection,29,1,60,torch.float32,1.1920928955078125e-07,3.342961442244951e-06,4.977616501218065e-05,1.4204850285015883e-11,2.8537454184226196e-07,7.080217252812005e-21,1.42241115824807e-16,1.0689350410637776e-07,0.0021474604150792773,0.09205299482813314,0.007729900933248887,0.08397229169654871,0.09172787192773232,1.3630318721023739e-17,1.4859516998020368e-16,0.09172787101054536,1.0741644475815517e-07,1.1710338807035671e-06,1.0321872609796544e-05,1.0321872609796544e-05,0.09205299482813314,0.007729900933248887,0.08397229169654871,748.8855196597173,True
current_adamw_grad_projection,29,2,60,torch.float32,1.1920928955078125e-07,3.920330339574255e-06,4.289598792839481e-05,1.4402145385919707e-11,3.357457440999108e-07,6.267125421430666e-21,1.4610050319606984e-16,9.872864231763607e-08,0.0023015508664186056,0.08855496680904548,0.007172022005558592,0.08098949459293348,0.08826405976898487,1.3571277259716868e-17,1.5375768229149236e-16,0.08826406032969006,9.879584184856164e-08,1.1193212897699532e-06,9.539257748677813e-06,9.539257748677813e-06,0.08855496680904548,0.007172022005558592,0.08098949459293348,751.8427737789839,True
current_adamw_grad_projection,29,3,49,torch.float32,1.1920928955078125e-07,5.138758647397377e-06,3.852354259464578e-05,1.7840920228972167e-11,4.631173310486715e-07,5.033826982623042e-21,1.3066884932132933e-16,9.017259629221447e-08,0.0023407251967980714,0.08052207060623487,0.005201288125618774,0.06459456502371706,0.08035390753752907,1.0669642290240287e-17,1.327831168043329e-16,0.0803539083658824,9.02568687232792e-08,1.1232418006639427e-06,9.636908243894146e-06,9.636908243894146e-06,0.08052207060623487,0.005201288125618774,0.06459456502371706,539.7258118457505,True
current_adamw_grad_projection,29,4,60,torch.float32,1.1920928955078125e-07,8.425881056896194e-06,5.304518575744334e-05,4.005949991242196e-11,7.551957701797807e-07,7.634052137384826e-21,1.4391602231906196e-16,1.1481465247698855e-07,0.0021644461516683133,0.12061564328762986,0.014805756916660893,0.1227515479178259,0.11970347934714978,1.8815698048793893e-17,1.571858909315981e-16,0.11970347869777428,1.1545500899468699e-07,9.645083856433798e-07,1.1032422240975047e-05,1.1032422240975047e-05,0.12061564328762986,0.014805756916660893,0.1227515479178259,1342.022322321155,True
current_adamw_grad_projection,29,5,53,torch.float32,1.1920928955078125e-07,5.678672305444112e-06,5.8888493654358306e-05,2.7562133715420466e-11,4.680393741635571e-07,7.91612313596888e-21,1.344256346992479e-16,9.102160643241565e-08,0.0015456377950949047,0.08811645021781148,0.00820241747141119,0.09308610879280732,0.08773385405083227,1.2298299297201963e-17,1.4017735149394476e-16,0.08773385320558787,9.104493679117437e-08,1.0377400907928618e-06,9.336183928169399e-06,9.336183928169399e-06,0.08811645021781148,0.00820241747141119,0.09308610879280732,878.5621121561909,True
current_adamw_grad_projection,29,6,60,torch.float32,1.1920928955078125e-07,3.095485046437789e-06,4.532290032431454e-05,1.1759178321806052e-11,2.5945335002088475e-07,6.544256109814494e-21,1.44391820977615e-16,9.92066528911225e-08,0.0021888916473567313,0.08587006346205417,0.007084550898842266,0.08250315200911568,0.08557731555464289,1.2943210424990664e-17,1.5124581019050728e-16,0.0855773146909154,9.869596988860959e-08,1.1532959434994615e-06,9.506056005029709e-06,9.506056005029709e-06,0.08587006346205417,0.007084550898842266,0.08250315200911568,745.2671113123876,True
current_adamw_grad_projection,29,7,53,torch.float32,1.1920928955078125e-07,7.079248571757639e-06,2.520565057852607e-05,1.3544923999195166e-11,5.373764885376437e-07,3.3646416516366155e-21,1.3348759402796788e-16,9.939762107261423e-08,0.003943259497953143,0.07913633682122113,0.00540232332398288,0.06826602722574085,0.07895172390888568,1.0944190751820953e-17,1.3861876865983458e-16,0.07895172435768044,9.983116732573987e-08,1.264458352720301e-06,1.017840320675466e-05,1.017840320675466e-05,0.07913633682122113,0.00540232332398288,0.06826602722574085,530.763344136117,True
current_adamw_grad_projection,30,0,58,torch.float32,1.1920928955078125e-07,4.814231254404896e-06,3.684109637399293e-05,1.4614069671897995e-11,3.966784680766026e-07,5.27763423609576e-21,1.4325399500927427e-16,1.0113915981555578e-07,0.002745227590900181,0.08732399826203491,0.006781847556692986,0.07766304442843486,0.0870602504946181,1.2569461920778896e-17,1.4437658804526316e-16,0.08706025057208443,1.032117870805763e-07,1.1855213648290465e-06,1.002066070338015e-05,1.002066070338015e-05,0.08732399826203491,0.006781847556692986,0.07766304442843486,676.7864672241967,True
current_adamw_grad_projection,30,1,60,torch.float32,1.1920928955078125e-07,3.342961442244951e-06,4.5307277819917596e-05,1.2794494180528028e-11,2.82393796232521e-07,6.603330923841551e-21,1.4574547934854992e-16,1.0700372508531383e-07,0.0023617318066806755,0.09253362270381967,0.007639501826035278,0.08255919959480772,0.09221772791900078,1.368346775275987e-17,1.4838218270546322e-16,0.09221772760965845,1.069741234674514e-07,1.1600169104172053e-06,1.0329162873087696e-05,1.0329162873087696e-05,0.09253362270381967,0.007639501826035278,0.08255919959480772,739.605127724315,True
current_adamw_grad_projection,30,2,60,torch.float32,1.1920928955078125e-07,3.920330339574255e-06,4.36546459400885e-05,1.4009081291174673e-11,3.2090699602513537e-07,6.393020539004698e-21,1.4644536455017383e-16,9.887746704932308e-08,0.002264953977109026,0.08977080374625117,0.0071633295967702005,0.07979576095829867,0.08948454567318302,1.3667169236315917e-17,1.5273217440507978e-16,0.0894845443899522,9.982217689404646e-08,1.115524223479815e-06,9.54863864824331e-06,9.54863864824331e-06,0.08977080374625117,0.0071633295967702005,0.07979576095829867,750.1938088408089,True
current_adamw_grad_projection,30,3,49,torch.float32,1.1920928955078125e-07,5.138758647397377e-06,3.701143486644873e-05,1.619506715018294e-11,4.3756928658996535e-07,4.828226402611508e-21,1.304522891380472e-16,8.960497468096363e-08,0.0024209009179997046,0.08121076683298513,0.0051640963133298854,0.06358881358613647,0.08104641114119818,1.0861905009037659e-17,1.3402080186023495e-16,0.08104641035303833,9.070636519995942e-08,1.1191904096041059e-06,9.643780430612742e-06,9.643780430612742e-06,0.08121076683298513,0.0051640963133298854,0.06358881358613647,535.4846421987411,True
current_adamw_grad_projection,30,4,60,torch.float32,1.1920928955078125e-07,8.425881056896194e-06,5.383336919982141e-05,4.0244005173473617e-11,7.475661615028012e-07,7.783807215123976e-21,1.4459074976774765e-16,1.1471327787297258e-07,0.0021308425144184627,0.12299346830774727,0.01487660684153838,0.12095444616875897,0.12209045751102388,1.9290506735147182e-17,1.5800175647147027e-16,0.12209045773251363,1.1503497287916992e-07,9.422110049845052e-07,1.1048098774185273e-05,1.1048098774185273e-05,0.12299346830774727,0.01487660684153838,0.12095444616875897,1346.5309412601116,True
current_adamw_grad_projection,30,5,53,torch.float32,1.1920928955078125e-07,5.678672305444112e-06,5.23868052546932e-05,2.183615864889849e-11,4.1682554495804545e-07,7.03705606268545e-21,1.3432878810749067e-16,9.037346815523907e-08,0.0017250788469200802,0.0900391449102722,0.00827362051991071,0.09188915030407853,0.08965821111122789,1.248324905420214e-17,1.3923152045400184e-16,0.08965821153330951,9.111852435772491e-08,1.016287552466657e-06,9.345508719666457e-06,9.345508719666457e-06,0.0900391449102722,0.00827362051991071,0.09188915030407853,885.3044567279584,True
current_adamw_grad_projection,30,6,60,torch.float32,1.1920928955078125e-07,3.095485046437789e-06,4.523527721112963e-05,1.1365971095890151e-11,2.5126343412998213e-07,6.519784360870431e-21,1.4413052738552728e-16,9.84188682960198e-08,0.0021757027276263,0.08643257527621057,0.006986198496104606,0.0808283043028508,0.08614977132558642,1.292982885648927e-17,1.5008546926518794e-16,0.08614977052456556,9.8632773504762e-08,1.1448988535220406e-06,9.51565600381987e-06,9.51565600381987e-06,0.08643257527621057,0.006986198496104606,0.0808283043028508,734.1793874537011,True
current_adamw_grad_projection,30,7,53,torch.float32,1.1920928955078125e-07,7.079248571757639e-06,2.4604317989091917e-05,1.3807960747045465e-11,5.612007109145268e-07,3.388538984550606e-21,1.3772131322857293e-16,9.987766945455513e-08,0.004059132576838262,0.08009365114670053,0.0053688210485609445,0.06703179305345121,0.07991350771026066,1.1065788957649187e-17,1.3847207155228367e-16,0.07991350731704212,1.0005523342488115e-07,1.2520440759523974e-06,1.0185236130640752e-05,1.0185236130640752e-05,0.08009365114670053,0.0053688210485609445,0.06703179305345121,527.1179754399266,True
current_adamw_grad_projection,31,0,58,torch.float32,1.1920928955078125e-07,4.814231254404896e-06,4.799336787690136e-05,2.0146992036582025e-11,4.197870024095253e-07,6.775557453091018e-21,1.411769532505055e-16,1.0253345822933563e-07,0.002136345669690403,0.09098416130631588,0.007055477225089639,0.07754621380018004,0.0907101860307868,1.330442084852662e-17,1.4666953548095618e-16,0.09071018606383303,1.0270408137123143e-07,1.1322221442579586e-06,1.003228328642278e-05,1.003228328642278e-05,0.09098416130631588,0.007055477225089639,0.07754621380018004,703.2773122184647,True
current_adamw_grad_projection,31,1,60,torch.float32,1.1920928955078125e-07,3.342961442244951e-06,4.7441169357420064e-05,1.3317020010647995e-11,2.80705981556189e-07,6.874880465150371e-21,1.4491380710613477e-16,1.0713845236270325e-07,0.0022583438464012853,0.09397231422419575,0.00767110120522503,0.08163150251810969,0.09365868911612087,1.3803106460848675e-17,1.4737667792611497e-16,0.09365868957704176,1.074914100474974e-07,1.1476928679327411e-06,1.033782061361063e-05,1.033782061361063e-05,0.09397231422419575,0.00767110120522503,0.08163150251810969,742.0423986778572,True
current_adamw_grad_projection,31,2,60,torch.float32,1.1920928955078125e-07,3.920330339574255e-06,4.4547201545145555e-05,1.483427960280882e-11,3.3300138029490554e-07,6.485485436592664e-21,1.455868205328325e-16,9.944664066753206e-08,0.002232312034063389,0.09168344659146295,0.007235514510349793,0.07891843925317184,0.09139749290139285,1.3865716168792794e-17,1.5170783933594626e-16,0.09139749311817101,9.97392771306721e-08,1.0912692868032574e-06,9.559047596657352e-06,9.559047596657352e-06,0.09168344659146295,0.007235514510349793,0.07891843925317184,756.9283903220587,True
current_adamw_grad_projection,31,3,49,torch.float32,1.1920928955078125e-07,5.138758647397377e-06,4.009919440109086e-05,1.7142379689415373e-11,4.2749935367651756e-07,5.1844564904787e-21,1.2929078920194308e-16,9.041041305368144e-08,0.002254597658486215,0.08347243486613576,0.005275362193590388,0.06319885363414228,0.08330556965898327,1.1026479784438472e-17,1.323618556307349e-16,0.08330556916082654,9.116174109246878e-08,1.0943054829440684e-06,9.652779303805163e-06,9.652779303805163e-06,0.08347243486613576,0.005275362193590388,0.06319885363414228,546.5122559583249,True
current_adamw_grad_projection,31,4,60,torch.float32,1.1920928955078125e-07,8.425881056896194e-06,5.728315136536838e-05,4.537020225041839e-11,7.920339780371758e-07,8.205259393505936e-21,1.4324036296769028e-16,1.1480179966188527e-07,0.002004015066183458,0.1263707487485728,0.015150092662553039,0.11988607183689051,0.1254593194290124,1.9579034017127063e-17,1.5605882533266336e-16,0.12545932106385627,1.1485834156734775e-07,9.155026553099802e-07,1.1065228753402673e-05,1.1065228753402673e-05,0.1263707487485728,0.015150092662553039,0.11988607183689051,1369.1621746088374,True
current_adamw_grad_projection,31,5,53,torch.float32,1.1920928955078125e-07,5.678672305444112e-06,7.883523209284496e-05,2.8904743180923974e-11,3.66647530724367e-07,1.0485489188506767e-20,1.3300511598873226e-16,9.138049310213978e-08,0.0011591368811765994,0.09488968819635252,0.008745575889545257,0.09216571427074655,0.09448580754992365,1.3193684077517775e-17,1.3963667581024381e-16,0.09448580780973151,9.102144546428261e-08,9.633345745169986e-07,9.357884907270753e-06,9.357884907270753e-06,0.09488968819635252,0.008745575889545257,0.09216571427074655,934.5675840435105,True
current_adamw_grad_projection,31,6,60,torch.float32,1.1920928955078125e-07,3.095485046437789e-06,4.991904466405154e-05,1.2533474948217349e-11,2.510760178317905e-07,7.252274322712012e-21,1.4528071143025818e-16,9.825554390226687e-08,0.0019682748938187247,0.08840040031496403,0.007029710030652525,0.07952124657361496,0.08812045138746645,1.3213837616251984e-17,1.499519964798026e-16,0.08812045249933623,9.92127450608542e-08,1.1258764820981998e-06,9.526984033580982e-06,9.526984033580982e-06,0.08840040031496403,0.007029710030652525,0.07952124657361496,737.873602587556,True
current_adamw_grad_projection,31,7,53,torch.float32,1.1920928955078125e-07,7.079248571757639e-06,2.5025313335328876e-05,1.403658153836901e-11,5.608953362655087e-07,3.390030292852731e-21,1.3546404983738892e-16,1.0000323897879521e-07,0.00399590617116834,0.0814293330262564,0.005392099260131456,0.06621814350846772,0.08125060949106697,1.1143940492365975e-17,1.3715516181563151e-16,0.08125060862198888,1.0008068810971769e-07,1.231753088464039e-06,1.0192720361238337e-05,1.0192720361238337e-05,0.0814293330262564,0.005392099260131456,0.06621814350846772,529.0147349315054,True
current_adamw_grad_projection,32,0,58,torch.float32,1.1920928955078125e-07,4.814231254404896e-06,3.782583976741802e-05,1.5083040469730636e-11,3.987496526837902e-07,5.420102269944501e-21,1.4329099640012846e-16,1.022417739030151e-07,0.002702956095413941,0.09160110516073298,0.006993315602448425,0.0763453190895155,0.09133376157562008,1.3257118798409167e-17,1.45150255170788e-16,0.09133376190269175,1.0191775245172308e-07,1.1158825644377558e-06,1.0041689139784545e-05,1.0041689139784545e-05,0.09160110516073298,0.006993315602448425,0.0763453190895155,696.4282109412594,True
current_adamw_grad_projection,32,1,60,torch.float32,1.1920928955078125e-07,3.342961442244951e-06,4.779897893702385e-05,1.3468343590272464e-11,2.817705291993222e-07,6.870521524142522e-21,1.4373783032467806e-16,1.0689951189032825e-07,0.0022363842533204533,0.09532577848263896,0.007703207490942859,0.08080927964669905,0.09501402337377696,1.4034654561584303e-17,1.477114015725151e-16,0.09501402376269762,1.0678247199423413e-07,1.123860118385564e-06,1.0346768153679347e-05,1.0346768153679347e-05,0.09532577848263896,0.007703207490942859,0.08080927964669905,744.5037306845976,True
current_adamw_grad_projection,32,2,60,torch.float32,1.1920928955078125e-07,3.920330339574255e-06,4.4897577255531604e-05,1.4100581897413938e-11,3.1406108657403504e-07,6.646113907129805e-21,1.4802834169211878e-16,9.916713883913164e-08,0.002208747074679282,0.09339022736640483,0.00731357889985591,0.07831203655990687,0.09310341632413052,1.418481354910186e-17,1.5235545707279746e-16,0.093103416740957,9.961806226834912e-08,1.0699721423276862e-06,9.569918311711083e-06,9.569918311711083e-06,0.09339022736640483,0.00731357889985591,0.07831203655990687,764.2258441125874,True
current_adamw_grad_projection,32,3,49,torch.float32,1.1920928955078125e-07,5.138758647397377e-06,3.882663796873506e-05,1.700195834295981e-11,4.378941683452105e-07,5.039680794767949e-21,1.2979956695778315e-16,9.0481348862013e-08,0.0023303281564639876,0.08497241798317003,0.005324646294370393,0.06266323144323153,0.0848054241174844,1.1390778222111647e-17,1.3431662350195358e-16,0.0848054246313578,9.077870157278931e-08,1.07043508086183e-06,9.661747377997026e-06,9.661747377997026e-06,0.08497241798317003,0.005324646294370393,0.06266323144323153,551.1059320901272,True
current_adamw_grad_projection,32,4,60,torch.float32,1.1920928955078125e-07,8.425881056896194e-06,5.2711514096689844e-05,4.020079423392778e-11,7.626567918384324e-07,7.548462994092122e-21,1.432033043150309e-16,1.1503883754876052e-07,0.002182382968034861,0.12958030384407884,0.015414157701546046,0.11895448030507451,0.12866024594518566,2.0271423837549488e-17,1.5755778864425546e-16,0.1286602449063662,1.1597412181869634e-07,9.013982672199767e-07,1.1082762318322348e-05,1.1082762318322348e-05,0.12958030384407884,0.015414157701546046,0.11895448030507451,1390.822726213564,True
current_adamw_grad_projection,32,5,53,torch.float32,1.1920928955078125e-07,5.678672305444112e-06,4.603165263099003e-05,2.077817068315161e-11,4.513887617661387e-07,6.244928561377481e-21,1.3566596470998363e-16,9.084443974331426e-08,0.001973441998030539,0.0945361849513615,0.008568420992312073,0.09063641606354744,0.09414707869528685,1.3171156703200434e-17,1.3989979174850172e-16,0.09414707707332597,9.149706033107692e-08,9.71852373704761e-07,9.36577305811092e-06,9.36577305811092e-06,0.0945361849513615,0.008568420992312073,0.09063641606354744,914.8653228247587,True
current_adamw_grad_projection,32,6,60,torch.float32,1.1920928955078125e-07,3.095485046437789e-06,4.8096636999085026e-05,1.2528334314676931e-11,2.6048254298767845e-07,6.980615653324252e-21,1.4513729210333946e-16,9.838616547017552e-08,0.00204552878091551,0.09001352112938421,0.007042155839549843,0.07823442246446002,0.08973762882560243,1.3366579135635922e-17,1.4895177542090786e-16,0.08973762842422062,9.856291338747855e-08,1.098345422296406e-06,9.538509039159761e-06,9.538509039159761e-06,0.09001352112938421,0.007042155839549843,0.07823442246446002,738.286854962207,True
current_adamw_grad_projection,32,7,53,torch.float32,1.1920928955078125e-07,7.079248571757639e-06,2.3916429746150954e-05,1.2853283005611858e-11,5.374248222680658e-07,3.234391857184409e-21,1.352372361391194e-16,9.891148218430954e-08,0.004135364940157669,0.08236400387835588,0.005367626945076898,0.06516957277847242,0.0821889147990914,1.140099112549317e-17,1.3871689574394048e-16,0.08218891557782572,1.0002150130334342e-07,1.2169706900273163e-06,1.0200034323820127e-05,1.0200034323820127e-05,0.08236400387835588,0.005367626945076898,0.06516957277847242,526.2361649648459,True
current_adamw_grad_projection,33,0,58,torch.float32,1.1920928955078125e-07,4.814231254404896e-06,4.2254734434580594e-05,1.6494349573779896e-11,3.903550642192934e-07,6.018196356640217e-21,1.4242655733544217e-16,1.0261524977333715e-07,0.002428489782628146,0.09308902551011912,0.007017501902323325,0.07538484653661454,0.09282414199697457,1.3433306839921128e-17,1.447178131779442e-16,0.09282414160173189,1.0273418887417373e-07,1.1067615288591793e-06,1.0052686369006515e-05,1.0052686369006515e-05,0.09308902551011912,0.007017501902323325,0.07538484653661454,698.0723007492821,True
current_adamw_grad_projection,33,1,60,torch.float32,1.1920928955078125e-07,3.342961442244951e-06,5.8443835336625306e-05,1.5890602112831444e-11,2.7189526527998406e-07,8.460195923551747e-21,1.447577126795829e-16,1.0797570962244661e-07,0.0018474824704476003,0.09750762470657522,0.007826932078342496,0.0802699491644442,0.09719298333809559,1.4329846476845255e-17,1.4743704725059667e-16,0.09719298321289886,1.0748347395169384e-07,1.1058768894484277e-06,1.035714595250902e-05,1.035714595250902e-05,0.09750762470657522,0.007826932078342496,0.0802699491644442,755.70356102266,True
current_adamw_grad_projection,33,2,60,torch.float32,1.1920928955078125e-07,3.920330339574255e-06,4.3768386625603675e-05,1.3913255223686647e-11,3.1788366664508615e-07,6.404473105077547e-21,1.4632646069095395e-16,9.871211523592436e-08,0.002255282486428528,0.09501990476321222,0.007337864337109892,0.07722449686090203,0.09473614963771797,1.449717031674623e-17,1.530268052077807e-16,0.0947361495482597,9.976543256777644e-08,1.0530872644022203e-06,9.581146354991222e-06,9.581146354991222e-06,0.09501990476321222,0.007337864337109892,0.07722449686090203,765.8649670127719,True
current_adamw_grad_projection,33,3,49,torch.float32,1.1920928955078125e-07,5.138758647397377e-06,4.058478882017399e-05,1.7241071200524957e-11,4.2481608754742914e-07,5.261491555191143e-21,1.2964195966386848e-16,9.122760769394161e-08,0.002247772619660981,0.08660392472420979,0.005348279032688879,0.0617556196179385,0.08643862382653425,1.1579342951034621e-17,1.3396028810306078e-16,0.08643862341921571,9.139029526228877e-08,1.057285408388078e-06,9.671257216057194e-06,9.671257216057194e-06,0.08660392472420979,0.005348279032688879,0.0617556196179385,553.0076300534255,True
current_adamw_grad_projection,33,4,60,torch.float32,1.1920928955078125e-07,8.425881056896194e-06,5.668218610654762e-05,4.3660126142595096e-11,7.702618607639008e-07,8.180419011635246e-21,1.443208100029987e-16,1.1557721933482215e-07,0.0020390398837958758,0.13327331584402627,0.015577968027175594,0.11688737485459545,0.13235975078627898,2.0678887713292915e-17,1.5623244672531207e-16,0.1323597494020563,1.14684459340733e-07,8.664602332569186e-07,1.1101394171283769e-05,1.1101394171283769e-05,0.13327331584402627,0.015577968027175594,0.11688737485459545,1403.24429407898,True
current_adamw_grad_projection,33,5,53,torch.float32,1.1920928955078125e-07,5.678672305444112e-06,5.795466648479238e-05,2.558983258159666e-11,4.415491302725652e-07,7.805559758244889e-21,1.3468388710845004e-16,9.12508377772485e-08,0.0015745179236984588,0.09647511317537394,0.008652568156877127,0.08968704852564781,0.09608631810248433,1.3358461552647741e-17,1.3902563670302979e-16,0.09608631755436679,9.162701505381094e-08,9.535906608343823e-07,9.376518517296274e-06,9.376518517296274e-06,0.09647511317537394,0.008652568156877127,0.08968704852564781,922.791134141769,True
current_adamw_grad_projection,33,6,60,torch.float32,1.1920928955078125e-07,3.095485046437789e-06,4.6313142970491764e-05,1.106438335653116e-11,2.389037462558045e-07,6.7465488385512026e-21,1.4567244643383266e-16,9.929566141402705e-08,0.0021439938727773017,0.09098143090859855,0.007002576445231607,0.0769670951017083,0.09071154663715518,1.350265404912846e-17,1.488526494112031e-16,0.09071154682256162,9.938202700704147e-08,1.0955829824117093e-06,9.550007636303162e-06,9.550007636303162e-06,0.09098143090859855,0.007002576445231607,0.0769670951017083,733.2534917157748,True
current_adamw_grad_projection,33,7,53,torch.float32,1.1920928955078125e-07,7.079248571757639e-06,2.4046036493770594e-05,1.3088077591054675e-11,5.442925113436176e-07,3.265281297524148e-21,1.357929111673161e-16,9.96837318244124e-08,0.004145196352516497,0.08390050104094704,0.005406648491177614,0.06444119432062674,0.0837261143671125,1.1642666167295404e-17,1.3905656861425576e-16,0.08372611396338933,9.918888080563318e-08,1.1846827245440438e-06,1.0208379216948754e-05,1.0208379216948754e-05,0.08390050104094704,0.005406648491177614,0.06444119432062674,529.6284920725781,True
current_adamw_grad_projection,34,0,58,torch.float32,1.1920928955078125e-07,4.814231254404896e-06,4.0455624026684016e-05,1.540388052547714e-11,3.8075992883750693e-07,5.781058256861934e-21,1.4289875378140851e-16,1.0294189917130045e-07,0.0025444983382467657,0.09356148747944147,0.0068968758081130056,0.07371490122608916,0.09330693995332368,1.3579281424473635e-17,1.455334558315448e-16,0.09330693964273042,1.0276994409734947e-07,1.1014180133959235e-06,1.0063329811241743e-05,1.0063329811241743e-05,0.09356148747944147,0.0068968758081130056,0.07371490122608916,685.3472893642527,True
current_adamw_grad_projection,34,1,60,torch.float32,1.1920928955078125e-07,3.342961442244951e-06,5.2670426262859275e-05,1.478111189476794e-11,2.8063399033455113e-07,7.730562629065403e-21,1.4677235742283975e-16,1.076996153807503e-07,0.0020447515074149846,0.09875502166616565,0.007822722737818484,0.07921341726056873,0.09844470180386584,1.4505957308549672e-17,1.4735132559444693e-16,0.09844470113827242,1.0813428202213065e-07,1.0984266372066948e-06,1.036694905242257e-05,1.036694905242257e-05,0.09875502166616565,0.007822722737818484,0.07921341726056873,754.5829248568028,True
current_adamw_grad_projection,34,2,60,torch.float32,1.1920928955078125e-07,3.920330339574255e-06,4.560002219388247e-05,1.4472178746450066e-11,3.173721864633566e-07,6.678044213834102e-21,1.4644826674514954e-16,9.963257373938263e-08,0.002184912570525253,0.09591113712406879,0.007270166231523107,0.07580106387560144,0.0956351970113407,1.4436685568218953e-17,1.5095577799151718e-16,0.09563519652942888,9.844168314838017e-08,1.0293457505269796e-06,9.592156800328866e-06,9.592156800328866e-06,0.09591113712406879,0.007270166231523107,0.07580106387560144,757.9282097717429,True
current_adamw_grad_projection,34,3,49,torch.float32,1.1920928955078125e-07,5.138758647397377e-06,4.04969135340332e-05,1.6133001080435838e-11,3.9837606554578104e-07,5.1949254753261705e-21,1.2827954088305567e-16,9.19235306816968e-08,0.002269834754842116,0.08779244156440455,0.005367894648186287,0.06114301587396222,0.08762818326820065,1.160735712473718e-17,1.324614603638527e-16,0.0876281824972841,9.12305416221837e-08,1.0411095953634695e-06,9.680846359404834e-06,9.680846359404834e-06,0.08779244156440455,0.005367894648186287,0.06114301587396222,554.4860902550569,True
current_adamw_grad_projection,34,4,60,torch.float32,1.1920928955078125e-07,8.425881056896194e-06,4.933590459150351e-05,4.1898138744103106e-11,8.492423335705632e-07,7.219592299809777e-21,1.4633546013982925e-16,1.1460689958235599e-07,0.0023229194029286697,0.13620232953840128,0.015719088616677118,0.1154098367476544,0.1352922201190752,2.0674034182624607e-17,1.5281022193610763e-16,0.13529221984498038,1.1635661102387182e-07,8.60039188928933e-07,1.1120187736268089e-05,1.1120187736268089e-05,0.13620232953840128,0.015719088616677118,0.1154098367476544,1413.5632409702835,True
current_adamw_grad_projection,34,5,53,torch.float32,1.1920928955078125e-07,5.678672305444112e-06,5.4577548622261535e-05,2.303275053161519e-11,4.220187808548881e-07,7.339292638647212e-21,1.344745746908511e-16,9.172297626642827e-08,0.0016805695626685199,0.09536170918799636,0.008407801438355877,0.08816747843498392,0.09499033874152238,1.3177796245571427e-17,1.3872775295000733e-16,0.0949903394891087,9.139087381205815e-08,9.621070342899105e-07,9.384861248407822e-06,9.384861248407822e-06,0.09536170918799636,0.008407801438355877,0.08816747843498392,895.8897969623465,True
current_adamw_grad_projection,34,6,60,torch.float32,1.1920928955078125e-07,3.095485046437789e-06,4.875594758897676e-05,1.2502036032102865e-11,2.564207373733713e-07,7.017026216169065e-21,1.4392144062759998e-16,9.880698464296559e-08,0.0020265410138340873,0.09205875901023282,0.006983573252579124,0.07585995431247192,0.0917934900476607,1.3859178703992678e-17,1.5098215240314716e-16,0.09179348935473894,9.89896377565681e-08,1.0783949760752575e-06,9.562156208395876e-06,9.562156208395876e-06,0.09205875901023282,0.006983573252579124,0.07585995431247192,730.33457102984,True
current_adamw_grad_projection,34,7,53,torch.float32,1.1920928955078125e-07,7.079248571757639e-06,2.7246559903066696e-05,1.5307851899742916e-11,5.61826959227244e-07,3.714224522158026e-21,1.3631902652564089e-16,9.976370281543112e-08,0.00366141611352753,0.08551935422849183,0.005479534248966137,0.06407361583117009,0.08534362689781042,1.192920567279463e-17,1.3977851781573026e-16,0.08534362607536863,1.0013283933634012e-07,1.1732901909734986e-06,1.021701149158369e-05,1.021701149158369e-05,0.08551935422849183,0.005479534248966137,0.06407361583117009,536.31477790545,True
current_adamw_grad_projection,35,0,58,torch.float32,1.1920928955078125e-07,4.814231254404896e-06,4.4226229533216794e-05,1.8233686096350767e-11,4.122821748269559e-07,6.359432298026298e-21,1.4379322780049536e-16,1.0317889074978286e-07,0.00233290763147005,0.09395086218167056,0.006820946841536678,0.07260121603085636,0.0937029305244195,1.3630037677032015e-17,1.4546010034851528e-16,0.09370292916185553,1.0315207529363964e-07,1.10084152348602e-06,1.0074370457186734e-05,1.0074370457186734e-05,0.09395086218167056,0.006820946841536678,0.07260121603085636,677.0593627188716,True
current_adamw_grad_projection,35,1,60,torch.float32,1.1920928955078125e-07,3.342961442244951e-06,4.578346651088183e-05,1.3078702197055357e-11,2.856643062173286e-07,6.689027199807199e-21,1.4610137041976977e-16,1.079201871489003e-07,0.002357146231413475,0.09887441147507595,0.007707339998964903,0.07795080530929635,0.09857355707634266,1.4543001774830415e-17,1.4753451337428392e-16,0.09857355743426142,1.0761046455292193e-07,1.0916767879122878e-06,1.037633510417644e-05,1.037633510417644e-05,0.09887441147507595,0.007707339998964903,0.07795080530929635,742.7805599553858,True
current_adamw_grad_projection,35,2,60,torch.float32,1.1920928955078125e-07,3.920330339574255e-06,4.656821296958825e-05,1.5525684859747392e-11,3.3339662120783047e-07,6.735140019363694e-21,1.4462955715656312e-16,9.967064741361808e-08,0.002140323429884886,0.09716726175037091,0.007268550118966614,0.07480451736552994,0.09689502017768077,1.461343524904783e-17,1.5081719599470143e-16,0.09689502007203926,9.968207837846776e-08,1.0287636898610104e-06,9.604031534676712e-06,9.604031534676712e-06,0.09716726175037091,0.007268550118966614,0.07480451736552994,756.8228084968783,True
current_adamw_grad_projection,35,3,49,torch.float32,1.1920928955078125e-07,5.138758647397377e-06,4.467751161876529e-05,1.9421343605840117e-11,4.347006559264781e-07,5.851652800357229e-21,1.3097535176735291e-16,9.135891691997649e-08,0.0020448564981851445,0.08926250236832821,0.005393993170615273,0.06042843330066837,0.0890993780378469,1.1839555643266361e-17,1.3288033995295962e-16,0.0890993798205612,9.117649094561522e-08,1.0233122961039364e-06,9.6910620449988e-06,9.6910620449988e-06,0.08926250236832821,0.005393993170615273,0.06042843330066837,556.5946379838641,True
current_adamw_grad_projection,35,4,60,torch.float32,1.1920928955078125e-07,8.425881056896194e-06,5.16794634767963e-05,4.099720777772523e-11,7.932978599155286e-07,7.378461392618852e-21,1.4277356799445197e-16,1.1552540832097069e-07,0.0022353198839608034,0.13888982000464073,0.01586214916502632,0.11420670834260077,0.13798106509513527,2.1160316341849127e-17,1.5335666765044536e-16,0.1379810645416831,1.1649015178582449e-07,8.442473767886726e-07,1.1139751211709231e-05,1.1139751211709231e-05,0.13888982000464073,0.01586214916502632,0.11420670834260077,1423.9231077578534,True
current_adamw_grad_projection,35,5,53,torch.float32,1.1920928955078125e-07,5.678672305444112e-06,6.58173554163042e-05,2.6019646795705602e-11,3.9533108905892084e-07,8.758177778275577e-21,1.3306790774073998e-16,9.143224431316839e-08,0.0013891885624137037,0.09572477696494329,0.008385884164595252,0.08760411285853781,0.09535675053065791,1.3152905205090119e-17,1.3793365579148339e-16,0.09535675100900669,9.148606714507937e-08,9.5940839192852e-07,9.395256303383725e-06,9.395256303383725e-06,0.09572477696494329,0.008385884164595252,0.08760411285853781,892.56576870341,True
current_adamw_grad_projection,35,6,60,torch.float32,1.1920928955078125e-07,3.095485046437789e-06,4.8481518491592216e-05,1.2296917870046893e-11,2.536413514395069e-07,7.030988169483093e-21,1.4502409141130038e-16,1.0069916236589643e-07,0.0020770479153803334,0.09312847234316822,0.006949529528467605,0.07462303797768044,0.09286881285073695,1.3705623028388186e-17,1.4758046977962879e-16,0.09286881280128573,1.0006291937603211e-07,1.0774652583331699e-06,9.574950792499313e-06,9.574950792499313e-06,0.09312847234316822,0.006949529528467605,0.07462303797768044,725.8031585824574,True
current_adamw_grad_projection,35,7,53,torch.float32,1.1920928955078125e-07,7.079248571757639e-06,2.6494060394394558e-05,1.479390277435742e-11,5.583856364080539e-07,3.506486711012488e-21,1.3234991763493203e-16,1.0015761935412704e-07,0.0037802579806415835,0.08705015557386547,0.005513048232169212,0.06333185961386564,0.08687540437099535,1.1931322521232003e-17,1.373383250140641e-16,0.08687540388370825,1.0076701278061459e-07,1.1599026683720711e-06,1.0226210433868396e-05,1.0226210433868396e-05,0.08705015557386547,0.005513048232169212,0.06333185961386564,539.1096015304394,True
current_adamw_grad_projection,36,0,58,torch.float32,1.1920928955078125e-07,4.814231254404896e-06,4.789232879554899e-05,1.7966440276568252e-11,3.7514233966918755e-07,6.858304127402054e-21,1.4320256082514685e-16,1.0204251315163135e-07,0.0021305999382222863,0.0950854095243266,0.006831425647343368,0.07184515144350952,0.09483968962430085,1.3647813028680576e-17,1.4390402459924949e-16,0.09483968957162386,1.0351621728467994e-07,1.0914862517185222e-06,1.0086406242204728e-05,1.0086406242204728e-05,0.0950854095243266,0.006831425647343368,0.07184515144350952,677.2903533032918,True
current_adamw_grad_projection,36,1,60,torch.float32,1.1920928955078125e-07,3.342961442244951e-06,4.905441687997312e-05,1.405515145570518e-11,2.8652162944053493e-07,7.197509372918495e-21,1.4672500114576298e-16,1.0728617418933153e-07,0.002187024355706361,0.10036433091898446,0.0077140746000279705,0.07686071863772881,0.10006743713057023,1.4871975283483407e-17,1.486195280896234e-16,0.10006743723163247,1.0783648456155796e-07,1.0776381163029285e-06,1.0387440665841947e-05,1.0387440665841947e-05,0.10036433091898446,0.0077140746000279705,0.07686071863772881,742.6347690625015,True
current_adamw_grad_projection,36,2,60,torch.float32,1.1920928955078125e-07,3.920330339574255e-06,4.882554481253612e-05,1.5273298750388473e-11,3.1281368818371085e-07,7.114360193681074e-21,1.4570979639851938e-16,9.833679292431785e-08,0.0020139857797101353,0.09820485335415695,0.007250576180894588,0.07383113902473615,0.09793682845261283,1.476216959593277e-17,1.5073154633627442e-16,0.09793682841063579,9.903065804392072e-08,1.011168726321202e-06,9.61621643732394e-06,9.61621643732394e-06,0.09820485335415695,0.007250576180894588,0.07383113902473615,753.9946951227653,True
current_adamw_grad_projection,36,3,49,torch.float32,1.1920928955078125e-07,5.138758647397377e-06,4.214197775919119e-05,1.8146543049486476e-11,4.306049220845764e-07,5.46114291702605e-21,1.2958914620079685e-16,8.961492674595621e-08,0.002126453361746733,0.09070187125992532,0.005394289512490871,0.059472747778625185,0.09054132255885981,1.2062896077235556e-17,1.3323083578101716e-16,0.09054132281581741,9.149126255411231e-08,1.0104917810868226e-06,9.701880463312776e-06,9.701880463312776e-06,0.09070187125992532,0.005394289512490871,0.059472747778625185,556.0045326150052,True
current_adamw_grad_projection,36,4,60,torch.float32,1.1920928955078125e-07,8.425881056896194e-06,5.8947488536630675e-05,5.052780784491036e-11,8.571664221710103e-07,8.534383242373532e-21,1.4477942070548604e-16,1.1621314165222374e-07,0.001971476522763801,0.14408580330193488,0.01648058902805124,0.11438038065079745,0.14314017220351646,2.2156341359486238e-17,1.5478772323945781e-16,0.14314017206688595,1.1685141508919916e-07,8.163425640888381e-07,1.1162588943921003e-05,1.1162588943921003e-05,0.14408580330193488,0.01648058902805124,0.11438038065079745,1476.4127847802142,True
current_adamw_grad_projection,36,5,53,torch.float32,1.1920928955078125e-07,5.678672305444112e-06,7.252062988958587e-05,2.8560753405974594e-11,3.938293620650968e-07,9.79349824746943e-21,1.3504430756297884e-16,9.209968772334218e-08,0.0012699808823840202,0.09692115459176044,0.008540163772453058,0.0881145484535848,0.09654416507557362,1.33050444861568e-17,1.3781303588613326e-16,0.09654416497098958,9.142701976545999e-08,9.46996846395976e-07,9.407165551294366e-06,9.407165551294366e-06,0.09692115459176044,0.008540163772453058,0.0881145484535848,907.8360241335379,True
current_adamw_grad_projection,36,6,60,torch.float32,1.1920928955078125e-07,3.095485046437789e-06,5.41364235303212e-05,1.3740947772251374e-11,2.538207527609434e-07,7.77257337551955e-21,1.4357382458348897e-16,1.0002860657659395e-07,0.0018476957624460253,0.09519841141381168,0.007018430003472176,0.07372423446189902,0.09493934472072002,1.4113220117464023e-17,1.486551245848644e-16,0.09493934403314143,9.891088585791127e-08,1.0418324127390584e-06,9.589199452023805e-06,9.589199452023805e-06,0.09519841141381168,0.007018430003472176,0.07372423446189902,731.9098991095584,True
current_adamw_grad_projection,36,7,53,torch.float32,1.1920928955078125e-07,7.079248571757639e-06,2.516121765794828e-05,1.4092999693705136e-11,5.60108015648966e-07,3.403036080578626e-21,1.3524926046272492e-16,9.96763320676787e-08,0.003961319398817007,0.08653227933166827,0.005403004043370314,0.062439173971844904,0.08636343505003252,1.1980421151479272e-17,1.387209893230707e-16,0.08636343588076323,9.945509446809816e-08,1.1515879776414845e-06,1.0233726141705752e-05,1.0233726141705752e-05,0.08653227933166827,0.005403004043370314,0.062439173971844904,527.9605852800106,True
current_adamw_grad_projection,37,0,58,torch.float32,1.1920928955078125e-07,4.814231254404896e-06,4.432024021767352e-05,1.7710935326840615e-11,3.996128008299479e-07,6.36833000923058e-21,1.4368897772109995e-16,1.0325806449364129e-07,0.0023297980978352582,0.0970839080581883,0.006889307904544601,0.07096240811005897,0.0968391586107972,1.410332621477187e-17,1.456366042114641e-16,0.09683915774982818,1.0328908945227352e-07,1.0666045828187389e-06,1.0099607744511083e-05,1.0099607744511083e-05,0.0970839080581883,0.006889307904544601,0.07096240811005897,682.1361857631342,True
current_adamw_grad_projection,37,1,60,torch.float32,1.1920928955078125e-07,3.342961442244951e-06,4.78477003438167e-05,1.3102106627386053e-11,2.738293906131107e-07,6.904752619037674e-21,1.443068855853639e-16,1.0802205872310014e-07,0.0022575777615211393,0.1005827314566047,0.0076265443417429584,0.07582359547506767,0.10029317867469793,1.4912814952051608e-17,1.4869221565328478e-16,0.10029317723766638,1.07948274778097e-07,1.0763272014235843e-06,1.0397781571922123e-05,1.0397781571922123e-05,0.1005827314566047,0.0076265443417429584,0.07582359547506767,733.4780298075759,True
current_adamw_grad_projection,37,2,60,torch.float32,1.1920928955078125e-07,3.920330339574255e-06,4.725966282267664e-05,1.4957097805684874e-11,3.1648761147123546e-07,6.889181743004426e-21,1.457729770280784e-16,9.996212644211495e-08,0.0021151370622703846,0.09904135895745698,0.007203595803169895,0.0727332084191634,0.09877904125696098,1.4839684381305312e-17,1.502311036073106e-16,0.09877904104813566,1.001297916791226e-07,1.013674465925709e-06,9.628842862754167e-06,9.628842862754167e-06,0.09904135895745698,0.007203595803169895,0.0727332084191634,748.1268420148908,True
current_adamw_grad_projection,37,3,49,torch.float32,1.1920928955078125e-07,5.138758647397377e-06,4.271826946222831e-05,1.8852558058893975e-11,4.413230754949822e-07,5.557738867501722e-21,1.3010215389030312e-16,9.157983133842575e-08,0.002143742834657611,0.09276274515015749,0.005475773855867639,0.05902988152198234,0.09260098697353318,1.2267993446596723e-17,1.3248231846711427e-16,0.09260098803361372,9.092953057126542e-08,9.819498960233387e-07,9.713819785718403e-06,9.713819785718403e-06,0.09276274515015749,0.005475773855867639,0.05902988152198234,563.709640147773,True
current_adamw_grad_projection,37,4,60,torch.float32,1.1920928955078125e-07,8.425881056896194e-06,5.1028667178972185e-05,4.16916587055859e-11,8.170242534331003e-07,7.430624972507413e-21,1.4561667751282936e-16,1.1464241401692209e-07,0.0022465874671685985,0.147008235230011,0.01668403354820578,0.11349046889857377,0.14605842752133336,2.229130692950844e-17,1.5261910803642304e-16,0.14605842678187236,1.171296541565302e-07,8.019369832830996e-07,1.1184664991817036e-05,1.1184664991817036e-05,0.147008235230011,0.01668403354820578,0.11349046889857377,1491.688267857125,True
current_adamw_grad_projection,37,5,53,torch.float32,1.1920928955078125e-07,5.678672305444112e-06,6.343381751950816e-05,2.614277641230402e-11,4.1212680293542456e-07,8.53224647771473e-21,1.3450627459227857e-16,9.121409212262737e-08,0.0014378911526957178,0.09793545473293,0.008630440417814725,0.08812375907530054,0.09755444014467168,1.3497434154483458e-17,1.383579684785949e-16,0.09755444053383737,9.279407380105911e-08,9.512029723431493e-07,9.419694804970788e-06,9.419694804970788e-06,0.09793545473293,0.008630440417814725,0.08812375907530054,916.2123186051026,True
current_adamw_grad_projection,37,6,60,torch.float32,1.1920928955078125e-07,3.095485046437789e-06,5.2020859393529715e-05,1.3434251053941508e-11,2.582473878855689e-07,7.525431654162583e-21,1.4466180954901405e-16,9.965911337928832e-08,0.0019157836077403829,0.09641695298123383,0.006989234912270056,0.07248968875453272,0.09616329558374422,1.4326723473500596e-17,1.4898328293069062e-16,0.09616329477226625,9.925483640511153e-08,1.0321488738521977e-06,9.603201080320737e-06,9.603201080320737e-06,0.09641695298123383,0.006989234912270056,0.07248968875453272,727.8026205858248,True
current_adamw_grad_projection,37,7,53,torch.float32,1.1920928955078125e-07,7.079248571757639e-06,2.7512951951204723e-05,1.5036780503337234e-11,5.465346114079486e-07,3.643201838847935e-21,1.3241770077270652e-16,9.964899142733149e-08,0.003621956600772634,0.08700273875307782,0.005364071411120956,0.06165405236661237,0.08683722294288725,1.2097897670077896e-17,1.3931695717670143e-16,0.08683722249927567,9.974969086125548e-08,1.1486973902474543e-06,1.024265931348473e-05,1.024265931348473e-05,0.08700273875307782,0.005364071411120956,0.06165405236661237,523.6990948297006,True
current_adamw_grad_projection,38,0,58,torch.float32,1.1920928955078125e-07,4.814231254404896e-06,4.7088496805784825e-05,1.820146552310238e-11,3.8653740844974965e-07,6.6217054757929314e-21,1.406225707969499e-16,1.0270474712479403e-07,0.0021810598962461237,0.09957901489202227,0.007017681618830108,0.07047349912468683,0.09933142680724126,1.4381993960798157e-17,1.4478795304840733e-16,0.09933142673410364,1.0284435454183927e-07,1.0353657238523237e-06,1.011402739545128e-05,1.011402739545128e-05,0.09957901489202227,0.007017681618830108,0.07047349912468683,693.8562992212446,True
current_adamw_grad_projection,38,1,60,torch.float32,1.1920928955078125e-07,3.342961442244951e-06,5.1669609997453275e-05,1.4221269925759144e-11,2.752347061737081e-07,7.549820547015364e-21,1.4611723501276227e-16,1.0768059765432746e-07,0.002084005967450609,0.10153050044093463,0.007562015552631862,0.074480235198201,0.1012484984608087,1.4869340558810062e-17,1.4685986246567095e-16,0.10124849832210796,1.0779852820022994e-07,1.064692612598401e-06,1.040919323463092e-05,1.040919323463092e-05,0.10153050044093463,0.007562015552631862,0.074480235198201,726.4747019464847,True
current_adamw_grad_projection,38,2,60,torch.float32,1.1920928955078125e-07,3.920330339574255e-06,4.852725867888778e-05,1.5185639496517703e-11,3.129300914565024e-07,7.054770115272332e-21,1.453774704636658e-16,9.923875572583298e-08,0.0020449795385408588,0.10024426387700779,0.007207627657201095,0.07190064925853827,0.09998481156554889,1.4989046904852e-17,1.4991323852248654e-16,0.09998481221425738,1.0032869470995833e-07,1.0034393473177112e-06,9.64232023518105e-06,9.64232023518105e-06,0.10024426387700779,0.007207627657201095,0.07190064925853827,747.499303217838,True
current_adamw_grad_projection,38,3,49,torch.float32,1.1920928955078125e-07,5.138758647397377e-06,4.406707844229999e-05,1.8734606596846296e-11,4.2513838582189616e-07,5.69889376724431e-21,1.2932315843689918e-16,9.167750111135746e-08,0.002080366982296933,0.09398134268104404,0.005513278864631582,0.058663546480099464,0.09381948906433372,1.2452637640887848e-17,1.3272975332821147e-16,0.09381948953383151,9.234578766536781e-08,9.84292156397501e-07,9.725614737332005e-06,9.725614737332005e-06,0.09398134268104404,0.005513278864631582,0.058663546480099464,566.8823013797503,True
current_adamw_grad_projection,38,4,60,torch.float32,1.1920928955078125e-07,8.425881056896194e-06,5.346779674711469e-05,3.8022570165156075e-11,7.111302967090729e-07,7.743425206808647e-21,1.4482409371447437e-16,1.1667172782733949e-07,0.0021820884753663305,0.1472891103074282,0.016692767402534385,0.11333334397697507,0.1463401296008673,2.2469193968138633e-17,1.5354089154780593e-16,0.14634013060488768,1.1628408175261121e-07,7.946151289598984e-07,1.1205666743542247e-05,1.1205666743542247e-05,0.1472891103074282,0.016692767402534385,0.11333334397697507,1489.671947646874,True
current_adamw_grad_projection,38,5,53,torch.float32,1.1920928955078125e-07,5.678672305444112e-06,6.103844366117562e-05,2.461916682918648e-11,4.0333870512569855e-07,8.164950603054966e-21,1.3376734584484603e-16,9.201914799948658e-08,0.001507557428619133,0.09969370770366151,0.008714590680149193,0.08741364807148333,0.0993120902256143,1.3748401808200739e-17,1.3843633516289429e-16,0.09931208978322582,9.297087793523212e-08,9.36148641501402e-07,9.4333780228206e-06,9.4333780228206e-06,0.09969370770366151,0.008714590680149193,0.08741364807148333,923.8038228795067,True
current_adamw_grad_projection,38,6,60,torch.float32,1.1920928955078125e-07,3.095485046437789e-06,5.221930861019004e-05,1.3527454371546701e-11,2.590508134170693e-07,7.645738699678347e-21,1.4641593125548622e-16,9.928382880928913e-08,0.0019012876530989523,0.09702348552104935,0.006914446945444631,0.07126570343573706,0.09677679043082542,1.4245847100242378e-17,1.472031365870218e-16,0.09677679145126736,9.937130288925769e-08,1.0268092318321673e-06,9.617045040136444e-06,9.617045040136444e-06,0.09702348552104935,0.006914446945444631,0.07126570343573706,718.9783261477302,True
current_adamw_grad_projection,38,7,53,torch.float32,1.1920928955078125e-07,7.079248571757639e-06,2.646229230297465e-05,1.3964438605340649e-11,5.277108439986091e-07,3.550769928740324e-21,1.3418225027850942e-16,1.0018651808868385e-07,0.003785934865942882,0.08826660856680117,0.005392900238771778,0.06109785258929905,0.08810170721898387,1.2138903556027585e-17,1.3778284143637948e-16,0.08810170752103504,9.970721980497875e-08,1.1317285738323834e-06,1.0252505643623371e-05,1.0252505643623371e-05,0.08826660856680117,0.005392900238771778,0.06109785258929905,526.0080244019116,True
current_adamw_grad_projection,39,0,58,torch.float32,1.1920928955078125e-07,4.814231254404896e-06,4.293809694737739e-05,1.6933982613238203e-11,3.943813027855328e-07,6.1621018375323215e-21,1.435112935974955e-16,1.0355968705505383e-07,0.0024118007384332702,0.0999501483099767,0.00696880535707121,0.06972281157061182,0.09970690998662828,1.4631094333995765e-17,1.4674102663454263e-16,0.09970691035945556,1.0346899098176982e-07,1.037731393027339e-06,1.012699447773509e-05,1.012699447773509e-05,0.0999501483099767,0.00696880535707121,0.06972281157061182,688.1415184329979,True
current_adamw_grad_projection,39,1,60,torch.float32,1.1920928955078125e-07,3.342961442244951e-06,5.5282002531731535e-05,1.5139222939933304e-11,2.7385445979898215e-07,8.036536193930593e-21,1.4537346380167707e-16,1.065816905175201e-07,0.0019279240240230521,0.10297778880324271,0.007636452860886613,0.07415631030374334,0.10269425287964618,1.5323223036315044e-17,1.492120796114393e-16,0.10269425347019771,1.0783616735949292e-07,1.050070122869995e-06,1.0421718757236514e-05,1.0421718757236514e-05,0.10297778880324271,0.007636452860886613,0.07415631030374334,732.744093250847,True
current_adamw_grad_projection,39,2,60,torch.float32,1.1920928955078125e-07,3.920330339574255e-06,5.041233038303702e-05,1.6394824695347898e-11,3.2521457688582686e-07,7.38828672098803e-21,1.4655713522568017e-16,1.000712520809641e-07,0.0019850314156383674,0.10114550882082614,0.007145395360044018,0.0706447121908468,0.10089280093134732,1.525276427306413e-17,1.5117792480994655e-16,0.1008928012156374,9.934783119409762e-08,9.846870143070196e-07,9.65614132003754e-06,9.65614132003754e-06,0.10114550882082614,0.007145395360044018,0.0706447121908468,739.9845469552675,True
current_adamw_grad_projection,39,3,49,torch.float32,1.1920928955078125e-07,5.138758647397377e-06,4.616589211061865e-05,2.054734746242523e-11,4.450763653216423e-07,6.003224905469841e-21,1.3003593412829618e-16,9.074515957102326e-08,0.0019656053011435867,0.09572898963747038,0.005564858792971944,0.058131385425107825,0.09556710628466886,1.2616158126866487e-17,1.3201360402486526e-16,0.0955671050952465,9.134806193673907e-08,9.55852558740766e-07,9.738321477922674e-06,9.738321477922674e-06,0.09572898963747038,0.005564858792971944,0.058131385425107825,571.4392162538271,True
current_adamw_grad_projection,39,4,60,torch.float32,1.1920928955078125e-07,8.425881056896194e-06,5.15501291610886e-05,3.305037520128385e-11,6.41130793251846e-07,7.479145358971515e-21,1.4508490047816423e-16,1.1602796097637702e-07,0.002250751385015809,0.1488466267565262,0.01662114660137518,0.11166626321040507,0.14791570498920056,2.2842589754275514e-17,1.5442977982590332e-16,0.14791570524226144,1.1599373599742433e-07,7.841881009690336e-07,1.1229721833159873e-05,1.1229721833159873e-05,0.1488466267565262,0.01662114660137518,0.11166626321040507,1480.1031448789004,True
current_adamw_grad_projection,39,5,53,torch.float32,1.1920928955078125e-07,5.678672305444112e-06,5.935157945267791e-05,2.5748012803881285e-11,4.3382186356827524e-07,8.02460984942501e-21,1.3520465543505766e-16,9.18599814408624e-08,0.0015477097914579855,0.10099526519356095,0.008745919701739704,0.08659732399313813,0.10061586594612414,1.3944822307603872e-17,1.385946657266835e-16,0.10061586519576758,9.195630163359219e-08,9.139344123779432e-07,9.447311487064053e-06,9.447311487064053e-06,0.10099526519356095,0.008745919701739704,0.08659732399313813,925.7575251663136,True
current_adamw_grad_projection,39,6,60,torch.float32,1.1920928955078125e-07,3.095485046437789e-06,5.2497665304453255e-05,1.2823579561294934e-11,2.4426952107158065e-07,7.625535048391583e-21,1.452547461714446e-16,9.945763691287007e-08,0.0018944636015076363,0.09775554213212925,0.006888733617782157,0.07046898280683814,0.09751251902545507,1.4569735060904e-17,1.494139953158287e-16,0.09751251998948786,9.953550885030498e-08,1.0207459397114875e-06,9.631374871646486e-06,9.631374871646486e-06,0.09775554213212925,0.006888733617782157,0.07046898280683814,715.2388635667886,True
current_adamw_grad_projection,39,7,53,torch.float32,1.1920928955078125e-07,7.079248571757639e-06,2.9111780816520605e-05,1.560758639706418e-11,5.361261303604982e-07,3.850055180698625e-21,1.3225076146885234e-16,1.0032934298508686e-07,0.003446241009274393,0.08960487150722196,0.0054044607959976825,0.06031436355067028,0.08944173970429177,1.2338313996342674e-17,1.3794805464579567e-16,0.08944173955706641,1.0038538486253426e-07,1.1223550141093296e-06,1.0262806372068632e-05,1.0262806372068632e-05,0.08960487150722196,0.0054044607959976825,0.06031436355067028,526.6065245766034,True
current_adamw_grad_projection,40,0,58,torch.float32,1.1920928955078125e-07,4.814231254404896e-06,4.2029236959117415e-05,1.595719937220898e-11,3.7966902391615704e-07,5.973822916333132e-21,1.4213493626221209e-16,1.0402697020666437e-07,0.0024750737603262767,0.10048195015654962,0.006861052139151314,0.06828143888988898,0.10024743523306302,1.4623849886558413e-17,1.4587754641861662e-16,0.10024743624378703,1.030612894018471e-07,1.0280690785070771e-06,1.0140707259791556e-05,1.0140707259791556e-05,0.10048195015654962,0.006861052139151314,0.06828143888988898,676.5851693950136,True
current_adamw_grad_projection,40,1,60,torch.float32,1.1920928955078125e-07,3.342961442244951e-06,5.700989451609107e-05,1.6281802311666395e-11,2.8559607853810095e-07,8.213803924315925e-21,1.4407681322753387e-16,1.0823945648714671e-07,0.0018985468555715362,0.10301831015907861,0.007527218847686577,0.07306680565875338,0.10274294722486382,1.5203264045129375e-17,1.4797379728513551e-16,0.10274294889525322,1.0880245716284656e-07,1.0589773637290771e-06,1.043346902689193e-05,1.043346902689193e-05,0.10301831015907861,0.007527218847686577,0.07306680565875338,721.4492924918272,True
current_adamw_grad_projection,40,2,60,torch.float32,1.1920928955078125e-07,3.920330339574255e-06,4.933906393299159e-05,1.5760442640369315e-11,3.1943132649970623e-07,7.041717364407443e-21,1.427209355647952e-16,1.0025836186491065e-07,0.0020319935573180105,0.10294826044754393,0.007218783129278147,0.07012049643088814,0.10269485624561625,1.5521045104957183e-17,1.5113751235831474e-16,0.10269485815294715,9.984655724161561e-08,9.722644252832067e-07,9.671445120167233e-06,9.671445120167233e-06,0.10294826044754393,0.007218783129278147,0.07012049643088814,746.4017051831571,True
current_adamw_grad_projection,40,3,49,torch.float32,1.1920928955078125e-07,5.138758647397377e-06,4.68593571004917e-05,2.007012991126234e-11,4.2830570355929493e-07,6.152969350206962e-21,1.313071653333238e-16,9.100438108761991e-08,0.0019420258420626588,0.09685123741299026,0.005565901066467236,0.057468559154626814,0.09669117298774331,1.2836513917044512e-17,1.327578673460884e-16,0.09669117315059188,9.144416048336518e-08,9.45734315798871e-07,9.750937398809088e-06,9.750937398809088e-06,0.09685123741299026,0.005565901066467236,0.057468559154626814,570.806768500741,True
current_adamw_grad_projection,40,4,60,torch.float32,1.1920928955078125e-07,8.425881056896194e-06,5.022280815881205e-05,4.675105275148397e-11,9.308729333423597e-07,7.386521484014855e-21,1.4707503930606124e-16,1.1631677553737158e-07,0.0023159004305694083,0.14953195692937132,0.016594736910961135,0.11097786220238764,0.1486082798836705,2.3013747463551197e-17,1.5486181174808156e-16,0.14860827924389386,1.1736909952568786e-07,7.897884298428846e-07,1.1254126696333962e-05,1.1254126696333962e-05,0.14953195692937132,0.016594736910961135,0.11097786220238764,1474.546835905702,True
current_adamw_grad_projection,40,5,53,torch.float32,1.1920928955078125e-07,5.678672305444112e-06,6.897037551756223e-05,2.6442036303577583e-11,3.83382519018539e-07,9.307799324683796e-21,1.3495358340211431e-16,9.237053962204082e-08,0.0013392511256770795,0.09892156332232194,0.008277906491797334,0.08368151709071707,0.098574600959097,1.3693822051980426e-17,1.3891836151244076e-16,0.09857460175682153,9.273702314144672e-08,9.407800943515266e-07,9.458468770452231e-06,9.458468770452231e-06,0.09892156332232194,0.008277906491797334,0.08368151709071707,875.184630059475,True
current_adamw_grad_projection,40,6,60,torch.float32,1.1920928955078125e-07,3.095485046437789e-06,5.352880636168338e-05,1.362943165792902e-11,2.546186359142345e-07,7.761668835537695e-21,1.4499984892422054e-16,1.0058481124113303e-07,0.0018790188279557594,0.09820953812409357,0.006801342643536582,0.06925338183489553,0.09797374707947533,1.467781358407478e-17,1.4981374114606726e-16,0.09797374808121612,1.002031964238468e-07,1.0227555685711092e-06,9.646167630146899e-06,9.646167630146899e-06,0.09820953812409357,0.006801342643536582,0.06925338183489553,705.0823606134041,True
current_adamw_grad_projection,40,7,53,torch.float32,1.1920928955078125e-07,7.079248571757639e-06,2.8474043194572558e-05,1.6717684887783246e-11,5.87120163214819e-07,3.8361172350645186e-21,1.3472330602477917e-16,1.0022869390490061e-07,0.0035197962820288147,0.0897762301654378,0.005328673043904851,0.05935505460727501,0.08961794879547749,1.240413976752708e-17,1.38411333156434e-16,0.08961794896456952,9.993811115693825e-08,1.115157312922312e-06,1.027231600444124e-05,1.027231600444124e-05,0.0897762301654378,0.005328673043904851,0.05935505460727501,518.7411525892503,True
current_adamw_grad_projection,41,0,58,torch.float32,1.1920928955078125e-07,4.814231254404896e-06,4.526568511312249e-05,1.7483838583270928e-11,3.8624928661915637e-07,6.475063291312755e-21,1.4304573707724844e-16,1.0315093879534798e-07,0.0022787454214812835,0.10043815122406395,0.006793869933245803,0.0676423236633418,0.10020811121180799,1.433370607029945e-17,1.4303937971650384e-16,0.1002081112066592,1.0369322051911108e-07,1.034778714721651e-06,1.0154570600639051e-05,1.0154570600639051e-05,0.10043815122406395,0.006793869933245803,0.0676423236633418,669.045516589175,True
current_adamw_grad_projection,41,1,60,torch.float32,1.1920928955078125e-07,3.342961442244951e-06,5.275868814181803e-05,1.5090074466968327e-11,2.860206536297006e-07,7.686331902139196e-21,1.456884576333335e-16,1.076471478109482e-07,0.00204034579067572,0.10114180619089676,0.007272704604711338,0.07190601867426326,0.10087999170940457,1.4991641015724158e-17,1.4860866621509207e-16,0.10087999069923306,1.0817889308434753e-07,1.0723523300757993e-06,1.0443789151338562e-05,1.0443789151338562e-05,0.10114180619089676,0.007272704604711338,0.07190601867426326,696.3664719120845,True
current_adamw_grad_projection,41,2,60,torch.float32,1.1920928955078125e-07,3.920330339574255e-06,4.744370967970053e-05,1.5220180902058815e-11,3.208050341091052e-07,6.896859121003322e-21,1.4536930538453652e-16,1.0088363192008507e-07,0.0021263289198205737,0.10144923720644335,0.0070360263674946275,0.06935514313603679,0.10120495078169413,1.51781238053809e-17,1.4997412367820951e-16,0.10120495022549264,1.0066048124406303e-07,9.946201348825676e-07,9.68438007122755e-06,9.68438007122755e-06,0.10144923720644335,0.0070360263674946275,0.06935514313603679,726.5334813117028,True
current_adamw_grad_projection,41,3,49,torch.float32,1.1920928955078125e-07,5.138758647397377e-06,4.104351421186326e-05,1.7832012802976147e-11,4.3446603307233286e-07,5.306201031271925e-21,1.29282327139003e-16,9.01899199570095e-08,0.0021973830459013806,0.09519445627316854,0.0054486258552035125,0.05723679790310709,0.0950383974056497,1.2364828743227377e-17,1.3010350638017314e-16,0.0950383971505383,9.162785249484743e-08,9.641140343487837e-07,9.761327433651404e-06,9.761327433651404e-06,0.09519445627316854,0.0054486258552035125,0.05723679790310709,558.1849284575586,True
current_adamw_grad_projection,41,4,60,torch.float32,1.1920928955078125e-07,8.425881056896194e-06,5.118359156208543e-05,3.756544769485165e-11,7.33935359914807e-07,7.395915365059061e-21,1.4449778023274992e-16,1.1772818560719539e-07,0.0023000501205258446,0.1464992525136167,0.016163670176546335,0.11033278258565836,0.14560483080403705,2.2600460074548783e-17,1.5521779016360878e-16,0.14560483036750752,1.178388089082605e-07,8.093056295648613e-07,1.1276368370241496e-05,1.1276368370241496e-05,0.1464992525136167,0.016163670176546335,0.11033278258565836,1433.4109746895551,True
current_adamw_grad_projection,41,5,53,torch.float32,1.1920928955078125e-07,5.678672305444112e-06,6.335796478493022e-05,2.665463865315822e-11,4.206990982686689e-07,8.538618119627135e-21,1.3476787249420634e-16,9.261560926158726e-08,0.0014617641832455242,0.09731657519055348,0.00796285368527017,0.08182422850042018,0.09699025089154903,1.3649690033549459e-17,1.407325984630357e-16,0.09699025006567871,9.282501123174174e-08,9.570550768647734e-07,9.470730063444365e-06,9.470730063444365e-06,0.09731657519055348,0.00796285368527017,0.08182422850042018,840.7856239093564,True
current_adamw_grad_projection,41,6,60,torch.float32,1.1920928955078125e-07,3.095485046437789e-06,5.350693240392498e-05,1.3366553497894044e-11,2.4980975169702583e-07,7.710460529197239e-21,1.4410208514648246e-16,1.0035870971508459e-07,0.0018756072601700373,0.09735695508309104,0.006608167503865843,0.0678756591989343,0.09713242931838913,1.4492184228084024e-17,1.4920026534681103e-16,0.09713242936087195,9.962057389071334e-08,1.0256160022580852e-06,9.66016873359525e-06,9.66016873359525e-06,0.09735695508309104,0.006608167503865843,0.0678756591989343,684.0633622562475,True
current_adamw_grad_projection,41,7,53,torch.float32,1.1920928955078125e-07,7.079248571757639e-06,3.088468421615016e-05,1.6578771098227614e-11,5.367958753341657e-07,4.22391916870304e-21,1.3676420128313582e-16,1.0075880692999753e-07,0.003262226160505738,0.09104299353399693,0.00536865870209196,0.058968389479495925,0.09088456511075937,1.2306779526420005e-17,1.3541110651101158e-16,0.09088456500781959,9.968660777870563e-08,1.0968485987706354e-06,1.0282996977943345e-05,1.0282996977943345e-05,0.09104299353399693,0.00536865870209196,0.058968389479495925,522.0908567422064,True
current_adamw_grad_projection,42,0,58,torch.float32,1.1920928955078125e-07,4.814231254404896e-06,4.7398114059833304e-05,1.9195585979869206e-11,4.049862818515846e-07,6.6909142820463115e-21,1.4116414576327958e-16,1.0338007916417848e-07,0.002181074704830274,0.10042869170953687,0.006783533507602852,0.06754577195152962,0.1001993302953689,1.450797390143743e-17,1.4479112643438468e-16,0.10019933075993466,1.043222799956846e-07,1.0411474727872986e-06,1.0168727294031191e-05,1.0168727294031191e-05,0.10042869170953687,0.006783533507602852,0.06754577195152962,667.0975935783655,True
current_adamw_grad_projection,42,1,60,torch.float32,1.1920928955078125e-07,3.342961442244951e-06,5.331580488136782e-05,1.4389712817031289e-11,2.698958188674e-07,7.680854134655742e-21,1.4406336266978567e-16,1.0934494176257177e-07,0.002050871748883969,0.1001564980733875,0.007147606717872295,0.0713643832937833,0.09990113024651474,1.481553448993191e-17,1.483019706921562e-16,0.0999011301804395,1.0938968826367522e-07,1.0949794868796545e-06,1.0455127268919505e-05,1.0455127268919505e-05,0.1001564980733875,0.007147606717872295,0.0713643832937833,683.646074698713,True
current_adamw_grad_projection,42,2,60,torch.float32,1.1920928955078125e-07,3.920330339574255e-06,5.1790390648594545e-05,1.6559864082989307e-11,3.1974781181610374e-07,7.625868469075582e-21,1.4724485321647053e-16,1.0135143401064133e-07,0.001956909230911009,0.10055309487299419,0.006902124774820931,0.06864159460769272,0.1003159287557573,1.5157619139247263e-17,1.5109882674916014e-16,0.10031592869404604,1.0014112406978765e-07,9.982574589446157e-07,9.698323785752185e-06,9.698323785752185e-06,0.10055309487299419,0.006902124774820931,0.06864159460769272,711.6822378069959,True
current_adamw_grad_projection,42,3,49,torch.float32,1.1920928955078125e-07,5.138758647397377e-06,3.992531655080485e-05,1.647163333408327e-11,4.125611205392239e-07,5.247245391221919e-21,1.3142651942521884e-16,9.243989724071777e-08,0.0023153000862550606,0.09346334224489874,0.005282864226258556,0.056523382316203186,0.09331392012531675,1.2162923782815073e-17,1.3034415193875434e-16,0.09331392004353684,9.137099337263066e-08,9.79178597684036e-07,9.771756521845259e-06,9.771756521845259e-06,0.09346334224489874,0.005282864226258556,0.056523382316203186,540.625855182581,True
current_adamw_grad_projection,42,4,60,torch.float32,1.1920928955078125e-07,8.425881056896194e-06,5.730769715890261e-05,4.7006581709888526e-11,8.202490073811345e-07,8.265478685911257e-21,1.442298172092929e-16,1.1781175281202288e-07,0.0020557802540065724,0.1428582260473466,0.015644564625558303,0.10951112202928603,0.14199901530317566,2.172472922157524e-17,1.529921117776187e-16,0.14199901404385024,1.1731611506804747e-07,8.261755608515668e-07,1.1298423104058106e-05,1.1298423104058106e-05,0.1428582260473466,0.015644564625558303,0.10951112202928603,1384.6679737050363,True
current_adamw_grad_projection,42,5,53,torch.float32,1.1920928955078125e-07,5.678672305444112e-06,6.532641609692122e-05,2.795351747078273e-11,4.279052662143539e-07,8.930330326951126e-21,1.3670320309172483e-16,9.280349593640176e-08,0.0014206067866634217,0.09755460071945715,0.00786361287048513,0.08060729901502986,0.09723715192330476,1.3631123034097258e-17,1.4018430984947736e-16,0.09723715210995072,9.227450032201383e-08,9.489634190198681e-07,9.484968350353417e-06,9.484968350353417e-06,0.09755460071945715,0.00786361287048513,0.08060729901502986,829.0605281979803,True
current_adamw_grad_projection,42,6,60,torch.float32,1.1920928955078125e-07,3.095485046437789e-06,5.0967162307663486e-05,1.3163416829514944e-11,2.582725078954548e-07,7.431177897285507e-21,1.4580324979498408e-16,9.984145535637241e-08,0.0019589407536639084,0.09538117150584123,0.006396106668438739,0.06705837816268628,0.09516647359922847,1.4108495997798022e-17,1.4825069653429294e-16,0.09516647351418052,9.986088445353172e-08,1.049328411214604e-06,9.67306833093421e-06,9.67306833093421e-06,0.09538117150584123,0.006396106668438739,0.06705837816268628,661.2283144929477,True
current_adamw_grad_projection,42,7,53,torch.float32,1.1920928955078125e-07,7.079248571757639e-06,3.216882123958802e-05,1.74821476565927e-11,5.434500545229363e-07,4.428798980485662e-21,1.3767364826648012e-16,1.0041126412332166e-07,0.003121206335758554,0.09118275893819684,0.0053397882348167995,0.05856138042978144,0.09102627197237416,1.2551688529062637e-17,1.3789083368010486e-16,0.09102627220918874,1.004494426050501e-07,1.103521435813672e-06,1.0292758508986685e-05,1.0292758508986685e-05,0.09118275893819684,0.0053397882348167995,0.05856138042978144,518.7907819030817,True
current_adamw_grad_projection,43,0,58,torch.float32,1.1920928955078125e-07,4.814231254404896e-06,4.48027885250088e-05,1.765269529600706e-11,3.940088525104497e-07,6.3557174584899346e-21,1.418598633641449e-16,1.0397524961711302e-07,0.0023206730216072053,0.0983980256688898,0.006527948278242618,0.0663422689008946,0.09818124742949687,1.4201180730001064e-17,1.4464249642172059e-16,0.09818124742968981,1.045976922543833e-07,1.0653530586814808e-06,1.0181816064425963e-05,1.0181816064425963e-05,0.0983980256688898,0.006527948278242618,0.0663422689008946,641.137910657263,True
current_adamw_grad_projection,43,1,60,torch.float32,1.1920928955078125e-07,3.342961442244951e-06,5.0298936527730656e-05,1.3930914078395758e-11,2.769623980164155e-07,7.237549286734069e-21,1.43890701998126e-16,1.0880763433629496e-07,0.0021631593494009613,0.09842971891865195,0.0069208616278841435,0.07031272367651427,0.09818610513067777,1.4565678525940078e-17,1.4834765577628665e-16,0.09818610398510651,1.0913732861235252e-07,1.1115353821240036e-06,1.0465880703882248e-05,1.0465880703882248e-05,0.09842971891865195,0.0069208616278841435,0.07031272367651427,661.2784746645256,True
current_adamw_grad_projection,43,2,60,torch.float32,1.1920928955078125e-07,3.920330339574255e-06,5.0168322083233515e-05,1.569517673127124e-11,3.128503421986409e-07,7.324261996138974e-21,1.4599376044484325e-16,1.0069666669077834e-07,0.0020071620127247746,0.099889421126071,0.006772774030406175,0.0678027157836686,0.09965955039450368,1.509711085093644e-17,1.5148684487512056e-16,0.09965954970668897,1.0058193728736115e-07,1.0092553857948073e-06,9.71280380538999e-06,9.71280380538999e-06,0.099889421126071,0.006772774030406175,0.0678027157836686,697.3036999519866,True
current_adamw_grad_projection,43,3,49,torch.float32,1.1920928955078125e-07,5.138758647397377e-06,4.6216592115807475e-05,2.013909364964857e-11,4.3575462247811193e-07,6.065319380889692e-21,1.3123683731790656e-16,9.107177813365556e-08,0.001970561458222338,0.09260335825968036,0.005157137677714199,0.0556906118161767,0.09245964466697787,1.230233061349975e-17,1.3305621774570318e-16,0.09245964560253592,9.1592689588758e-08,9.906234118882007e-07,9.783208500693435e-06,9.783208500693435e-06,0.09260335825968036,0.005157137677714199,0.0556906118161767,527.1417528665223,True
current_adamw_grad_projection,43,4,60,torch.float32,1.1920928955078125e-07,8.425881056896194e-06,5.1373874656072644e-05,3.9344878304722864e-11,7.658538229425159e-07,7.561487880123116e-21,1.471854698666675e-16,1.1720516270111284e-07,0.0022813776094765255,0.1405177391107748,0.015397296175510304,0.10957546195197534,0.13967160869442075,2.15181006159592e-17,1.5406209477430293e-16,0.13967160847679952,1.1705008176228358e-07,8.38037758988982e-07,1.1322422031337273e-05,1.1322422031337273e-05,0.1405177391107748,0.015397296175510304,0.10957546195197534,1359.8942110526289,True
current_adamw_grad_projection,43,5,53,torch.float32,1.1920928955078125e-07,5.678672305444112e-06,6.554945259625678e-05,2.8882311467654063e-11,4.4061865238678427e-07,8.852481037988565e-21,1.3505041899457367e-16,9.240243213191323e-08,0.0014096447400718548,0.09827205208239478,0.007829614590411163,0.07967285127867825,0.09795965167277054,1.3727657006720111e-17,1.4013582911234396e-16,0.09795965093339884,9.291210536724646e-08,9.484732181254492e-07,9.499869593484272e-06,9.499869593484272e-06,0.09827205208239478,0.007829614590411163,0.07967285127867825,824.1812704230492,True
current_adamw_grad_projection,43,6,60,torch.float32,1.1920928955078125e-07,3.095485046437789e-06,5.483851005586336e-05,1.392968333914548e-11,2.5401279730166757e-07,7.873777384366512e-21,1.4358116907891624e-16,1.0101925516034421e-07,0.0018421101808534105,0.0934611929151139,0.006199208981661397,0.06632923022170097,0.09325537190488185,1.4002580309925885e-17,1.5015306918949578e-16,0.09325537136635206,1.0056126895722808e-07,1.078342914556363e-06,9.686009643199137e-06,9.686009643199137e-06,0.0934611929151139,0.006199208981661397,0.06632923022170097,640.0168087809063,True
current_adamw_grad_projection,43,7,53,torch.float32,1.1920928955078125e-07,7.079248571757639e-06,3.029533822298065e-05,1.638370919459298e-11,5.407996792775548e-07,4.116025470662084e-21,1.3586332789446987e-16,1.0028144299688398e-07,0.0033099169209743146,0.09075143575494055,0.005270611427507083,0.058077443994820205,0.09059825465627544,1.2529076207789546e-17,1.382926884775445e-16,0.09059825493539571,9.981681021423436e-08,1.101752018131169e-06,1.0302258575493554e-05,1.0302258575493554e-05,0.09075143575494055,0.005270611427507083,0.058077443994820205,511.5976646173999,True
current_adamw_grad_projection,44,0,58,torch.float32,1.1920928955078125e-07,4.814231254404896e-06,4.996871879734711e-05,2.133514965689591e-11,4.269701159123699e-07,7.01052307808523e-21,1.4029823551245556e-16,1.0391901011200543e-07,0.0020796527222817643,0.0992722581256791,0.006587462562133026,0.06635753720634895,0.09905345309661827,1.4183502641420757e-17,1.4319039062258586e-16,0.09905345301016685,1.0346657169025443e-07,1.0445529009436412e-06,1.0197387067589903e-05,1.0197387067589903e-05,0.0992722581256791,0.006587462562133026,0.06635753720634895,645.9951474304424,True
current_adamw_grad_projection,44,1,60,torch.float32,1.1920928955078125e-07,3.342961442244951e-06,5.3119335126009155e-05,1.4433150415303055e-11,2.7171180477061466e-07,7.72862415945142e-21,1.4549549878811435e-16,1.0867260733899279e-07,0.002045833855854535,0.09646099535998746,0.006758744337192743,0.07006712207322201,0.09622392114658386,1.432386970386887e-17,1.4885975891637622e-16,0.09622392054419245,1.0831220111084732e-07,1.1256265645620117e-06,1.0476500877022581e-05,1.0476500877022581e-05,0.09646099535998746,0.006758744337192743,0.07006712207322201,645.1337537723356,True
current_adamw_grad_projection,44,2,60,torch.float32,1.1920928955078125e-07,3.920330339574255e-06,5.463718856883165e-05,1.7167092979348456e-11,3.1420161668313957e-07,7.871688404877352e-21,1.4407198853141993e-16,1.0077553822187224e-07,0.0018444274021194667,0.09929313081513348,0.006681288294693419,0.06728852479365177,0.09906808877632799,1.4878221094542328e-17,1.5018177173210424e-16,0.09906808841080303,1.011081572603953e-07,1.0205925932590196e-06,9.727600629762984e-06,9.727600629762984e-06,0.09929313081513348,0.006681288294693419,0.06728852479365177,686.8382604288937,True
current_adamw_grad_projection,44,3,49,torch.float32,1.1920928955078125e-07,5.138758647397377e-06,4.1913964256393594e-05,1.7142029950229374e-11,4.089813563176505e-07,5.50823611855378e-21,1.314176842080503e-16,9.231469363851338e-08,0.0022024813628704295,0.09107337282977479,0.004991959452018972,0.05481250223761277,0.09093645902178378,1.2123297572633204e-17,1.3331613857681742e-16,0.09093645900109576,9.189685962653747e-08,1.010561227432774e-06,9.794390936542993e-06,9.794390936542993e-06,0.09107337282977479,0.004991959452018972,0.05481250223761277,509.6753319692305,True
current_adamw_grad_projection,44,4,60,torch.float32,1.1920928955078125e-07,8.425881056896194e-06,6.163335643427882e-05,5.1364540473763593e-11,8.333886623314906e-07,9.151117467789005e-21,1.4847670153336932e-16,1.1877747723329275e-07,0.0019271566814159904,0.1394680248442194,0.015232100261229316,0.10921571649303131,0.13863373714785182,2.145486753124193e-17,1.5475935347801005e-16,0.138633738361036,1.1824562832787346e-07,8.529354378364453e-07,1.1348027024928999e-05,1.1348027024928999e-05,0.1394680248442194,0.015232100261229316,0.10921571649303131,1342.2685923965375,True
current_adamw_grad_projection,44,5,53,torch.float32,1.1920928955078125e-07,5.678672305444112e-06,7.500229262170471e-05,3.142356215657167e-11,4.1896802161855636e-07,9.99262275758463e-21,1.3323089746051e-16,9.381545239595223e-08,0.0012508586235069788,0.10029551185257071,0.008171896767037555,0.08147818996177841,0.09996204180086575,1.4077201117637282e-17,1.4082546598718398e-16,0.09996204202882825,9.101035435060272e-08,9.104491315249049e-07,9.516132003498928e-06,9.516132003498928e-06,0.10029551185257071,0.008171896767037555,0.08147818996177841,858.7414260366376,True
current_adamw_grad_projection,44,6,60,torch.float32,1.1920928955078125e-07,3.095485046437789e-06,5.074935252387755e-05,1.2975288126888805e-11,2.556739639344943e-07,7.401096688033945e-21,1.458362780993506e-16,1.0115245619532947e-07,0.0019931276318067726,0.09132578945449593,0.0059630653722222695,0.06529443006012482,0.09113090403838603,1.3606466545362401e-17,1.493068316279525e-16,0.09113090311518766,1.0100701302789054e-07,1.1083727865641765e-06,9.698626866695989e-06,9.698626866695989e-06,0.09132578945449593,0.0059630653722222695,0.06529443006012482,614.8360437185986,True
current_adamw_grad_projection,44,7,53,torch.float32,1.1920928955078125e-07,7.079248571757639e-06,2.7945067862707154e-05,1.5768381263947275e-11,5.642634808194638e-07,3.782210054837263e-21,1.3534445768461508e-16,1.003953942610318e-07,0.0035924170682202702,0.0895777994739174,0.005123559548724886,0.05719675610268508,0.08943115394615025,1.2343638626596964e-17,1.3802392211141003e-16,0.08943115271137242,1.0037389349939609e-07,1.1223593843561423e-06,1.0311013176141623e-05,1.0311013176141623e-05,0.0895777994739174,0.005123559548724886,0.05719675610268508,496.90165856641056,True
current_adamw_grad_projection,45,0,58,torch.float32,1.1920928955078125e-07,4.814231254404896e-06,4.337339056001238e-05,1.6710500748446874e-11,3.852707969723017e-07,6.271496461921537e-21,1.4459317984939688e-16,1.0482504370282058e-07,0.0024168358198195733,0.09700737958161695,0.006335553371951708,0.06531001455019515,0.09680027095397545,1.40051607559845e-17,1.446810077901887e-16,0.09680027106067732,1.0436710536691206e-07,1.0781695569993974e-06,1.0210408466867164e-05,1.0210408466867164e-05,0.09700737958161695,0.006335553371951708,0.06531001455019515,620.4995022981319,True
current_adamw_grad_projection,45,1,60,torch.float32,1.1920928955078125e-07,3.342961442244951e-06,5.0170573338768926e-05,1.4459022208398502e-11,2.881972687608376e-07,7.180474092466098e-21,1.4312122853333508e-16,1.0858044136206774e-07,0.0021642009652678242,0.09527870524462416,0.0066141117900302285,0.06941857336378332,0.09504885690170584,1.3977916946769068e-17,1.4706033720346833e-16,0.09504885723835794,1.1045573692071629e-07,1.1620943179119122e-06,1.0487919756513654e-05,1.0487919756513654e-05,0.09527870524462416,0.0066141117900302285,0.06941857336378332,630.6409606082705,True
current_adamw_grad_projection,45,2,60,torch.float32,1.1920928955078125e-07,3.920330339574255e-06,4.9427208340093705e-05,1.622704884221994e-11,3.2830194921320483e-07,7.17002261939717e-21,1.4506226145856333e-16,1.0101702283438223e-07,0.0020437739306977273,0.0980599597700752,0.00648927945745748,0.06617664817192595,0.09784500478936974,1.459437715248043e-17,1.4915812190819187e-16,0.09784500375246354,1.0142139409457782e-07,1.0365515887879379e-06,9.74184830563645e-06,9.74184830563645e-06,0.0980599597700752,0.00648927945745748,0.06617664817192595,666.1240509876246,True
current_adamw_grad_projection,45,3,49,torch.float32,1.1920928955078125e-07,5.138758647397377e-06,4.4339339291159015e-05,1.7802834476003223e-11,4.015133008432761e-07,5.79491437100579e-21,1.3069464867199155e-16,9.174933595701184e-08,0.002069225834069352,0.09038234931637981,0.0048960154110359805,0.054170039261733215,0.09024964321836958,1.1893302837558537e-17,1.3178226986206802e-16,0.09024964303180785,9.235126597313345e-08,1.023286772897095e-06,9.806207196292374e-06,9.806207196292374e-06,0.09038234931637981,0.0048960154110359805,0.054170039261733215,499.2771734302242,True
current_adamw_grad_projection,45,4,60,torch.float32,1.1920928955078125e-07,8.425881056896194e-06,5.308744296224217e-05,4.226819444412004e-11,7.961994793040381e-07,7.841459340935043e-21,1.4770836385008553e-16,1.17041092612766e-07,0.002204671808440307,0.13894910377663433,0.015036368667715065,0.1082149381250171,0.13813312802372374,2.1397329365691146e-17,1.5490367641581426e-16,0.13813312745419376,1.1865812148267625e-07,8.590127775252493e-07,1.1374569742179226e-05,1.1374569742179226e-05,0.13894910377663433,0.015036368667715065,0.1082149381250171,1321.9285659621164,True
current_adamw_grad_projection,45,5,53,torch.float32,1.1920928955078125e-07,5.678672305444112e-06,4.8443113248172745e-05,2.068740390581901e-11,4.270453015651163e-07,6.505300577400876e-21,1.3428741757522874e-16,9.321977964809918e-08,0.0019242433146277093,0.09781931032379176,0.007878893376377628,0.08054537851777628,0.09750148979059729,1.3647768929231278e-17,1.3997497841871357e-16,0.09750149054902038,9.308345399593356e-08,9.546874973068686e-07,9.52788515900295e-06,9.52788515900295e-06,0.09781931032379176,0.007878893376377628,0.08054537851777628,826.9299267249061,True
current_adamw_grad_projection,45,6,60,torch.float32,1.1920928955078125e-07,3.095485046437789e-06,5.09342060421028e-05,1.2759033149886522e-11,2.5050028539445096e-07,7.324234366590681e-21,1.4379794907447095e-16,1.00886481777767e-07,0.0019806951828800975,0.09025081571801469,0.005805907966923484,0.0643308087659155,0.09006387272623058,1.3458350088262612e-17,1.4943117235445002e-16,0.09006387266780976,1.0051079348907491e-07,1.1159945770908323e-06,9.712029001269779e-06,9.712029001269779e-06,0.09025081571801469,0.005805907966923484,0.0643308087659155,597.8058720957694,True
current_adamw_grad_projection,45,7,53,torch.float32,1.1920928955078125e-07,7.079248571757639e-06,3.235191162085591e-05,1.82689604298478e-11,5.646949288174543e-07,4.409393485773666e-21,1.362946813607088e-16,1.0013533494634846e-07,0.003095173876069589,0.08813489913425282,0.005029847929093679,0.0570698778633863,0.08799125567472663,1.21414213453273e-17,1.3798440824858726e-16,0.08799125647890543,1.0089176994598847e-07,1.1466113109792418e-06,1.0319705151930471e-05,1.0319705151930471e-05,0.08813489913425282,0.005029847929093679,0.0570698778633863,487.40229057346306,True
current_adamw_grad_projection,46,0,58,torch.float32,1.1920928955078125e-07,4.814231254404896e-06,4.473408858377939e-05,1.8714265600272013e-11,4.183446269442453e-07,6.4102943405661895e-21,1.4329775219542812e-16,1.0421707577814911e-07,0.002329620114323063,0.09625590272474156,0.006219420930607503,0.06461339777148925,0.09605476361244575,1.4000337639587668e-17,1.4575370458538772e-16,0.09605476376505462,1.0430368426523009e-07,1.0858772660182887e-06,1.0224672609286304e-05,1.0224672609286304e-05,0.09625590272474156,0.006219420930607503,0.06461339777148925,608.2758019028277,True
current_adamw_grad_projection,46,1,60,torch.float32,1.1920928955078125e-07,3.342961442244951e-06,5.05219487288234e-05,1.459985388859946e-11,2.8898041852985894e-07,7.377108245687551e-21,1.4601788789431882e-16,1.0828928002064581e-07,0.0021434039924161864,0.09346894210627388,0.006384143174038574,0.06830229411155445,0.09325066141534523,1.3859081428667856e-17,1.486218029804475e-16,0.09325066136004073,1.088844873143837e-07,1.167653780963341e-06,1.0498884688425848e-05,1.0498884688425848e-05,0.09346894210627388,0.006384143174038574,0.06830229411155445,608.0782257830266,True
current_adamw_grad_projection,46,2,60,torch.float32,1.1920928955078125e-07,3.920330339574255e-06,4.59132211443906e-05,1.4971916121225133e-11,3.2609160821325456e-07,6.715745945082353e-21,1.462704157471905e-16,1.0098045629624842e-07,0.0021993597233415365,0.09543346120352468,0.006225836981281527,0.06523746391220259,0.09523016576257316,1.434565411647205e-17,1.5064191059205423e-16,0.09523016692365921,1.008743048629018e-07,1.0592683822949422e-06,9.75482842843486e-06,9.75482842843486e-06,0.09543346120352468,0.006225836981281527,0.06523746391220259,638.2313155947991,True
current_adamw_grad_projection,46,3,49,torch.float32,1.1920928955078125e-07,5.138758647397377e-06,3.89924875641245e-05,1.5629743721213172e-11,4.0083987192429097e-07,5.068278936361519e-21,1.2998090793840647e-16,9.234514059208899e-08,0.0023681931757658977,0.08859348908775558,0.004741032035512504,0.05351445218300763,0.08846654126832647,1.1701857394654744e-17,1.3227438562520518e-16,0.08846654089474086,9.151690002224835e-08,1.034480370732895e-06,9.817128874407828e-06,9.817128874407828e-06,0.08859348908775558,0.004741032035512504,0.05351445218300763,482.93468448518087,True
current_adamw_grad_projection,46,4,60,torch.float32,1.1920928955078125e-07,8.425881056896194e-06,5.482013606782644e-05,4.6516732373521476e-11,8.485336905397035e-07,7.872995919830956e-21,1.4361503791404118e-16,1.1741943104152804e-07,0.0021418573752099825,0.1372214819786329,0.014693496998568631,0.10707869341373671,0.13643253373871397,2.1234052593563503e-17,1.5563775011486242e-16,0.13643253444793174,1.1792353582823928e-07,8.643358881033157e-07,1.1400336959518413e-05,1.1400336959518413e-05,0.1372214819786329,0.014693496998568631,0.10707869341373671,1288.8651494025078,True
current_adamw_grad_projection,46,5,53,torch.float32,1.1920928955078125e-07,5.678672305444112e-06,5.232285763542803e-05,2.393009832323048e-11,4.5735457512602117e-07,7.01225820025271e-21,1.340190218415252e-16,9.374857350518239e-08,0.0017917077400469274,0.09563721727211688,0.007637605431109277,0.07986018047114414,0.09533175919300337,1.3361178456933373e-17,1.4015453580252384e-16,0.09533175865332007,9.291074827501007e-08,9.7460436676602e-07,9.540108879443295e-06,9.540108879443295e-06,0.09563721727211688,0.007637605431109277,0.07986018047114414,800.5784344418262,True
current_adamw_grad_projection,46,6,60,torch.float32,1.1920928955078125e-07,3.095485046437789e-06,4.8395798946926785e-05,1.2121349402066885e-11,2.504628431769409e-07,7.02431808007152e-21,1.451431370680532e-16,1.0046046124111123e-07,0.002075816896948042,0.08855038344993162,0.005607098795036248,0.06332099960026293,0.08837268159466832,1.3171966779701244e-17,1.4905021033667414e-16,0.08837268099328932,1.0106849167019688e-07,1.1436621649836745e-06,9.724619292438495e-06,9.724619292438495e-06,0.08855038344993162,0.005607098795036248,0.06332099960026293,576.5880006630307,True
current_adamw_grad_projection,46,7,53,torch.float32,1.1920928955078125e-07,7.079248571757639e-06,3.0120100618217652e-05,1.7634232775492595e-11,5.854639398125655e-07,4.048485788975032e-21,1.344114297721524e-16,1.0191858437555937e-07,0.0033835457426458805,0.08822295374311587,0.0049958501257811525,0.056627554551481836,0.08808138877584011,1.230532539713987e-17,1.3970403473605429e-16,0.08808138875067135,1.01758811846882e-07,1.1552816467838264e-06,1.0329588086012351e-05,1.0329588086012351e-05,0.08822295374311587,0.0049958501257811525,0.056627554551481836,483.6446607726986,True
current_adamw_grad_projection,47,0,58,torch.float32,1.1920928955078125e-07,4.814231254404896e-06,4.854366599818873e-05,1.878761499013757e-11,3.8702505473811097e-07,6.929433428339765e-21,1.4274639720450524e-16,1.0424093399689475e-07,0.002147301358081858,0.0953077410607376,0.006116431678188209,0.06417560221357399,0.095111275722843,1.3711569516830143e-17,1.4416344868284652e-16,0.09511127650038388,1.0447955124334145e-07,1.0984980444765639e-06,1.0238676465978867e-05,1.0238676465978867e-05,0.0953077410607376,0.006116431678188209,0.06417560221357399,597.3849939014992,True
current_adamw_grad_projection,47,1,60,torch.float32,1.1920928955078125e-07,3.342961442244951e-06,4.966661658066147e-05,1.4377993547682649e-11,2.894900949077526e-07,7.220645789385879e-21,1.453822765973888e-16,1.0909327086282233e-07,0.0021964564710114805,0.09221791839837153,0.006173811982797313,0.06694807354170701,0.09201102390110534,1.36510694808611e-17,1.4836341236169102e-16,0.09201102423186162,1.0876662837570621e-07,1.182104310692397e-06,1.0510270080975897e-05,1.0510270080975897e-05,0.09221791839837153,0.006173811982797313,0.06694807354170701,587.4075485436111,True
current_adamw_grad_projection,47,2,60,torch.float32,1.1920928955078125e-07,3.920330339574255e-06,4.844831507007937e-05,1.5531824584021866e-11,3.205854437157503e-07,7.070828107382813e-21,1.4594580012030112e-16,1.0092361915565484e-07,0.0020830791124593546,0.09401415345150092,0.0060285565803215105,0.06412392558990027,0.0938206669916614,1.412897043631354e-17,1.5059550192250599e-16,0.09382066692937398,1.0170883133961152e-07,1.084077044732325e-06,9.768807183341047e-06,9.768807183341047e-06,0.09401415345150092,0.0060285565803215105,0.06412392558990027,617.1231008225994,True
current_adamw_grad_projection,47,3,49,torch.float32,1.1920928955078125e-07,5.138758647397377e-06,4.374877954292249e-05,1.8543790942320495e-11,4.238699030249962e-07,5.681408101104518e-21,1.2986437931442007e-16,9.21658648248582e-08,0.0021066558538600203,0.08797306962375945,0.0046499292022773335,0.052856280020283586,0.08785009469226904,1.1618290745095307e-17,1.3225131726713708e-16,0.08785009403425226,9.179162778194912e-08,1.0448665854149237e-06,9.829095277459064e-06,9.829095277459064e-06,0.08797306962375945,0.0046499292022773335,0.052856280020283586,473.07804747207564,True
current_adamw_grad_projection,47,4,60,torch.float32,1.1920928955078125e-07,8.425881056896194e-06,5.050717735670965e-05,4.543926083820107e-11,8.996594784397444e-07,7.32450863896067e-21,1.450191640533364e-16,1.1817291394558566e-07,0.002339682073608914,0.135732373037901,0.014413857386484234,0.10619321731345112,0.1349648761928155,2.0919021674106402e-17,1.5499604240899508e-16,0.13496487710198535,1.1837337196336446e-07,8.770679787595137e-07,1.1426495747595112e-05,1.1426495747595112e-05,0.135732373037901,0.014413857386484234,0.10619321731345112,1261.4416269763071,True
current_adamw_grad_projection,47,5,53,torch.float32,1.1920928955078125e-07,5.678672305444112e-06,5.589496835843538e-05,2.3478816411738964e-11,4.2005241439940206e-07,7.478872632911763e-21,1.3380225184050488e-16,9.273440088978307e-08,0.0016590551218264886,0.09213183695151445,0.007186416178655187,0.0780014424594305,0.09185113392096804,1.2751741009341925e-17,1.3883052353293726e-16,0.09185113507679209,9.261976245724653e-08,1.008368185976274e-06,9.551167956228727e-06,9.551167956228727e-06,0.09213183695151445,0.007186416178655187,0.0780014424594305,752.4122925687445,True
current_adamw_grad_projection,47,6,60,torch.float32,1.1920928955078125e-07,3.095485046437789e-06,5.3236425094234834e-05,1.3825370664045804e-11,2.59697578106968e-07,7.659965307422555e-21,1.4388579424451886e-16,1.0091596415314061e-07,0.0018956042727077758,0.08844337109668665,0.005536993783001432,0.06260496082796718,0.08826987929522297,1.3159709462159136e-17,1.4908493777527257e-16,0.0882698786722047,1.000739204805733e-07,1.1337267251969791e-06,9.738595682920046e-06,9.738595682920046e-06,0.08844337109668665,0.005536993783001432,0.06260496082796718,568.5618299887367,True
current_adamw_grad_projection,47,7,53,torch.float32,1.1920928955078125e-07,7.079248571757639e-06,2.7270929350950666e-05,1.488491395659384e-11,5.458161606830224e-07,3.705854643064785e-21,1.3589029531683895e-16,1.011697753351049e-07,0.0037097065255456588,0.08697619782176795,0.004875982722530285,0.0560611160828411,0.08683941374756567,1.2053246789955493e-17,1.3879926487059429e-16,0.08683941393813735,1.0192582711317434e-07,1.1737277175290963e-06,1.0338322592648793e-05,1.0338322592648793e-05,0.08697619782176795,0.004875982722530285,0.0560611160828411,471.64157229891623,True
current_adamw_grad_projection,48,0,58,torch.float32,1.1920928955078125e-07,4.814231254404896e-06,4.8940691918973494e-05,2.0684604015742583e-11,4.226463338521682e-07,6.967004685907699e-21,1.4235607247733514e-16,1.0432855805800652e-07,0.0021316861977751043,0.09735111658796562,0.00629113355141058,0.06462312680025573,0.09714762755498454,1.4001559023020022e-17,1.4412661817289656e-16,0.0971476280186309,1.0529987382632613e-07,1.083916056150458e-06,1.025554285644285e-05,1.025554285644285e-05,0.09735111658796562,0.00629113355141058,0.06462312680025573,613.4374005817054,True
current_adamw_grad_projection,48,1,60,torch.float32,1.1920928955078125e-07,3.342961442244951e-06,4.834512417833215e-05,1.3735708519343719e-11,2.8411776270708057e-07,6.97330133376089e-21,1.4424001287158844e-16,1.0872759253281307e-07,0.002248922110012361,0.08999980128763951,0.005906268823895367,0.06562535404960419,0.08980579168625197,1.3327991546286134e-17,1.484090424017326e-16,0.0898057926230371,1.095196626321318e-07,1.219516686321609e-06,1.052054600009868e-05,1.052054600009868e-05,0.08999980128763951,0.005906268823895367,0.06562535404960419,561.4032602338289,True
current_adamw_grad_projection,48,2,60,torch.float32,1.1920928955078125e-07,3.920330339574255e-06,4.8331117538038407e-05,1.5369172654327883e-11,3.179974607918339e-07,7.115234534160528e-21,1.4721849807343956e-16,1.0079472305347728e-07,0.0020854957519785837,0.0939740953313044,0.005997629901027688,0.06382216162744771,0.09378250918432171,1.4062084409293347e-17,1.4994357190481534e-16,0.09378251023535433,1.0134997164069161e-07,1.080691606423694e-06,9.783891925698962e-06,9.783891925698962e-06,0.0939740953313044,0.005997629901027688,0.06382216162744771,613.010645106775,True
current_adamw_grad_projection,48,3,49,torch.float32,1.1920928955078125e-07,5.138758647397377e-06,4.036022797666641e-05,1.6139794464838788e-11,3.998935405957008e-07,5.224879953361579e-21,1.2945615560899888e-16,9.220962004651644e-08,0.0022846096609650344,0.08735685893199738,0.004582389348773104,0.052455976609006146,0.08723658928638339,1.1389842286513859e-17,1.3056267306740843e-16,0.08723658969385158,9.23078895574309e-08,1.0581327156572324e-06,9.841104794825391e-06,9.841104794825391e-06,0.08735685893199738,0.004582389348773104,0.052455976609006146,465.6376945790271,True
current_adamw_grad_projection,48,4,60,torch.float32,1.1920928955078125e-07,8.425881056896194e-06,5.1543988158898895e-05,4.121267234057263e-11,7.995631268097248e-07,7.456389192162596e-21,1.446606958153598e-16,1.1835754094525892e-07,0.0022961973608456214,0.13470865993339884,0.014269467736501866,0.1059283623158067,0.13395075718923366,2.0888758514468774e-17,1.5594356428279836e-16,0.13395075634005268,1.1797555973843051e-07,8.807382874265607e-07,1.1453136086424485e-05,1.1453136086424485e-05,0.13470865993339884,0.014269467736501866,0.1059283623158067,1245.9004790326037,True
current_adamw_grad_projection,48,5,53,torch.float32,1.1920928955078125e-07,5.678672305444112e-06,7.237384004371747e-05,2.7112422357405158e-11,3.7461633016885494e-07,9.663837308478166e-21,1.3352666243274357e-16,9.339258970592736e-08,0.0012903934904693614,0.08985340375702468,0.006979552845344488,0.07767711131142131,0.0895819178674019,1.2491762013698144e-17,1.394451281137819e-16,0.08958191760894843,9.399135627951508e-08,1.049222418857064e-06,9.563533310007526e-06,9.563533310007526e-06,0.08985340375702468,0.006979552845344488,0.07767711131142131,729.8090171381434,True
current_adamw_grad_projection,48,6,60,torch.float32,1.1920928955078125e-07,3.095485046437789e-06,5.1742937864970534e-05,1.2755646338100804e-11,2.4651956120829875e-07,7.483233488977321e-21,1.4462328189609088e-16,1.012575754676058e-07,0.0019569465335072104,0.08728900962804023,0.005400167890288799,0.061865381601879,0.08712180776706137,1.3030606520931781e-17,1.4956767834491993e-16,0.08712180809111698,1.013837371209061e-07,1.163701022077884e-06,9.751646068843932e-06,9.751646068843932e-06,0.08728900962804023,0.005400167890288799,0.061865381601879,553.7698817374117,True
current_adamw_grad_projection,48,7,53,torch.float32,1.1920928955078125e-07,7.079248571757639e-06,2.6314538470170995e-05,1.483334797924437e-11,5.636940201728714e-07,3.645307141634686e-21,1.385282567569036e-16,1.009737186343417e-07,0.0038370280270753404,0.08549146655385266,0.004730750278924417,0.055335935498830514,0.08536047595536803,1.1884268684963377e-17,1.392244894601717e-16,0.0853604762857348,1.007922330903437e-07,1.1807833962049696e-06,1.034677494774421e-05,1.034677494774421e-05,0.08549146655385266,0.004730750278924417,0.055335935498830514,457.21979097997183,True
current_adamw_grad_projection,49,0,58,torch.float32,1.1920928955078125e-07,4.814231254404896e-06,4.004102847595509e-05,1.546497508851643e-11,3.862282183336837e-07,5.715493737377738e-21,1.4274093236167391e-16,1.0413687106759574e-07,0.0026007128590489438,0.09504968402121405,0.006042085660135219,0.06356765645624547,0.09485744901381347,1.3548706199528833e-17,1.4283228508027686e-16,0.0948574477799618,1.0512521990898073e-07,1.1082442377412134e-06,1.0268440785778138e-05,1.0268440785778138e-05,0.09504968402121405,0.006042085660135219,0.06356765645624547,588.4131569910351,True
current_adamw_grad_projection,49,1,60,torch.float32,1.1920928955078125e-07,3.342961442244951e-06,5.1686427301787676e-05,1.3792065464268016e-11,2.6684114542757323e-07,7.563012311832112e-21,1.4632491945464377e-16,1.0910625214693802e-07,0.00211082137052721,0.08875093275116518,0.00573181665531416,0.06458317087646506,0.08856564989899698,1.3137229116734553e-17,1.4833323226009924e-16,0.0885656487965554,1.0915447145941871e-07,1.232469619345961e-06,1.0531907047754173e-05,1.0531907047754173e-05,0.08875093275116518,0.00573181665531416,0.06458317087646506,544.2335019977616,True
current_adamw_grad_projection,49,2,60,torch.float32,1.1920928955078125e-07,3.920330339574255e-06,4.7759301819028023e-05,1.490745030150783e-11,3.121371069869467e-07,7.02053751025468e-21,1.4699832792484277e-16,1.0111303270032641e-07,0.0021171564561146493,0.09194557221135259,0.005749257739496662,0.06252892446284429,0.09176564871844961,1.3718352236534338e-17,1.4949332814748843e-16,0.09176564885281606,1.0181023200518627e-07,1.109459076222311e-06,9.79739298518329e-06,9.79739298518329e-06,0.09194557221135259,0.005749257739496662,0.06252892446284429,586.8150586785006,True
current_adamw_grad_projection,49,3,49,torch.float32,1.1920928955078125e-07,5.138758647397377e-06,4.3731714719892345e-05,1.8403280947231605e-11,4.208223040213985e-07,5.750931536146978e-21,1.3150482602804384e-16,9.214567600311458e-08,0.002107084088758718,0.08628909001245791,0.004477826382955296,0.051893308670989735,0.08617282707479296,1.1454863898002667e-17,1.329289555286438e-16,0.08617282864749884,9.275406713509707e-08,1.0763725479468666e-06,9.852719538483014e-06,9.852719538483014e-06,0.08628909001245791,0.004477826382955296,0.051893308670989735,454.4761845159281,True
current_adamw_grad_projection,49,4,60,torch.float32,1.1920928955078125e-07,8.425881056896194e-06,5.02517180322017e-05,3.8384551194946396e-11,7.638455499242686e-07,7.300018486199773e-21,1.4526903302139825e-16,1.1906554660063077e-07,0.0023693923371500146,0.13315963900085304,0.013948039321104156,0.10474674928350326,0.132427118287511,2.0370382982185534e-17,1.5382335012349683e-16,0.13242711764678367,1.1969701723031262e-07,9.03870894098704e-07,1.1479834133973114e-05,1.1479834133973114e-05,0.13315963900085304,0.013948039321104156,0.10474674928350326,1215.003558268033,True
current_adamw_grad_projection,49,5,53,torch.float32,1.1920928955078125e-07,5.678672305444112e-06,5.4043667702278535e-05,2.3882060949795614e-11,4.4190303813870727e-07,7.242960496107005e-21,1.340205208870815e-16,9.404955141266945e-08,0.0017402554293864908,0.08763865122896515,0.006745101216153275,0.07696491355772914,0.0873786976260006,1.2240738799496599e-17,1.4008836400708972e-16,0.08737869837946856,9.37382945032894e-08,1.0727819965479728e-06,9.57607559092508e-06,9.57607559092508e-06,0.08763865122896515,0.006745101216153275,0.07696491355772914,704.3700889898339,True
current_adamw_grad_projection,49,6,60,torch.float32,1.1920928955078125e-07,3.095485046437789e-06,4.902182889980695e-05,1.2592934169883431e-11,2.568842177557562e-07,7.143794863379905e-21,1.457268123957789e-16,1.0102096277170089e-07,0.0020607392966416724,0.08633012291169406,0.005258196548165406,0.06090801647003266,0.0861698409596366,1.2784772905953933e-17,1.4836714056304844e-16,0.08616984087637858,1.0196612927548151e-07,1.1833157429380042e-06,9.764909936860725e-06,9.764909936860725e-06,0.08633012291169406,0.005258196548165406,0.06090801647003266,538.4787552741975,True
current_adamw_grad_projection,49,7,53,torch.float32,1.1920928955078125e-07,7.079248571757639e-06,2.7349391418252023e-05,1.5842772509315858e-11,5.792733105842694e-07,3.715270618277756e-21,1.3584472727239328e-16,1.014282179358274e-07,0.003708385659137912,0.08407855106074826,0.004581798410127266,0.05449425985964999,0.0839536173836709,1.1701650005249133e-17,1.393823204993323e-16,0.0839536180693252,1.0154372441232369e-07,1.2095217186288904e-06,1.0355401586982467e-05,1.0355401586982467e-05,0.08407855106074826,0.004581798410127266,0.05449425985964999,442.45492283823523,True
current_adamw_grad_projection,50,0,58,torch.float32,1.1920928955078125e-07,4.814231254404896e-06,3.9336198638505795e-05,1.514991694468707e-11,3.85139323804842e-07,5.633727128675412e-21,1.432199176247049e-16,1.0462514555412596e-07,0.002659737070837247,0.0930080343782745,0.0058258101442592945,0.06263770848618354,0.09282539736016936,1.3370600127474117e-17,1.4404032202087114e-16,0.09282539751057255,1.0501272508129937e-07,1.131293028606085e-06,1.0281295114977015e-05,1.0281295114977015e-05,0.0930080343782745,0.0058258101442592945,0.06263770848618354,566.6416612993331,True
current_adamw_grad_projection,50,1,60,torch.float32,1.1920928955078125e-07,3.342961442244951e-06,5.1389565599997703e-05,1.5015625688311494e-11,2.9219211162804937e-07,7.623820470860789e-21,1.4835347179625613e-16,1.1002205375058742e-07,0.0021409012909037986,0.08675718164802085,0.005535223495207099,0.06380132906649547,0.08658042427919715,1.2928676765542316e-17,1.493256342086177e-16,0.08658042477427898,1.087754282732328e-07,1.2563512890681433e-06,1.0542422743751436e-05,1.0542422743751436e-05,0.08675718164802085,0.005535223495207099,0.06380132906649547,525.0428321599854,True
current_adamw_grad_projection,50,2,60,torch.float32,1.1920928955078125e-07,3.920330339574255e-06,4.690630121687845e-05,1.4058127545156382e-11,2.997065891031672e-07,6.794092056182021e-21,1.4484390966511737e-16,1.0249703535040754e-07,0.0021851408591077896,0.09090388045663153,0.005628756569344968,0.06191987119879155,0.09072944715778121,1.3532232070178927e-17,1.4914928387743809e-16,0.09072944694174166,1.017814057931752e-07,1.1218122585771973e-06,9.811549121492038e-06,9.811549121492038e-06,0.09090388045663153,0.005628756569344968,0.06191987119879155,573.6868357531094,True
current_adamw_grad_projection,50,3,49,torch.float32,1.1920928955078125e-07,5.138758647397377e-06,4.035072833591069e-05,1.810570694260524e-11,4.4870830563154453e-07,5.203246689073354e-21,1.2895050234925195e-16,9.304722403128752e-08,0.0023058867568111967,0.08598834095793248,0.0044264904820906685,0.05147779841753444,0.08587433238581602,1.1380405278941445e-17,1.325239447313731e-16,0.08587433205484717,9.268743371675292e-08,1.0793380454773645e-06,9.864823768252468e-06,9.864823768252468e-06,0.08598834095793248,0.0044264904820906685,0.05147779841753444,448.71460312714856,True
current_adamw_grad_projection,50,4,60,torch.float32,1.1920928955078125e-07,8.425881056896194e-06,5.098463893969015e-05,3.900710287064748e-11,7.650755929994733e-07,7.29440728498321e-21,1.4307068632208843e-16,1.1887574308312617e-07,0.002331561455423222,0.13206916629067617,0.01366046429589457,0.10343416771352007,0.13136078714721097,2.0140931443250255e-17,1.5332529501881784e-16,0.1313607867677163,1.2012413920071457e-07,9.144596508326998e-07,1.1506962594954327e-05,1.1506962594954327e-05,0.13206916629067617,0.01366046429589457,0.10343416771352007,1187.1477101945677,True
current_adamw_grad_projection,50,5,53,torch.float32,1.1920928955078125e-07,5.678672305444112e-06,6.99241119021897e-05,3.082505923105526e-11,4.4083590613454705e-07,9.507573325173503e-21,1.359698831566668e-16,9.31591227405317e-08,0.0013322800124983194,0.08769602854257842,0.006855269943567682,0.07817081408925254,0.08742767694581359,1.2109563549867407e-17,1.38509496911061e-16,0.0874276765250893,9.396768303721904e-08,1.0748047617421576e-06,9.590635876267676e-06,9.590635876267676e-06,0.08769602854257842,0.006855269943567682,0.07817081408925254,714.787844310851,True
current_adamw_grad_projection,50,6,60,torch.float32,1.1920928955078125e-07,3.095485046437789e-06,5.0262782823069226e-05,1.2785639229851604e-11,2.5437587239963463e-07,7.320512207121554e-21,1.456447851861055e-16,1.014510913016002e-07,0.0020183704956180577,0.08578792597340294,0.005148958714641706,0.06001961996654461,0.08563326729124014,1.2678152099070706e-17,1.4805171518157896e-16,0.08563326742516451,1.0207316068727782e-07,1.1919802169931241e-06,9.77838135670898e-06,9.77838135670898e-06,0.08578792597340294,0.005148958714641706,0.06001961996654461,526.5655456471831,True
current_adamw_grad_projection,50,7,53,torch.float32,1.1920928955078125e-07,7.079248571757639e-06,2.696989719705533e-05,1.5198284369352246e-11,5.635277086266258e-07,3.677954992478076e-21,1.363725996286049e-16,1.0058983989241955e-07,0.0037293131868514975,0.0839448054128988,0.0045385048684748125,0.05406534503417212,0.08382202770971527,1.1634329091353436e-17,1.3879799152132627e-16,0.08382202779807316,1.0108668895360988e-07,1.2059680684071162e-06,1.0364587061069304e-05,1.0364587061069304e-05,0.0839448054128988,0.0045385048684748125,0.05406534503417212,437.8857393674669,True
current_adamw_grad_projection,51,0,58,torch.float32,1.1920928955078125e-07,4.814231254404896e-06,3.884478547493921e-05,1.4895968229090085e-11,3.8347407630041484e-07,5.4958351473831724e-21,1.4148192814526483e-16,1.0498774950444812e-07,0.002702657552300099,0.08950190737487403,0.005528765012032629,0.06177259428534509,0.0893309810826135,1.2916145009743472e-17,1.4458751995344806e-16,0.0893309803589095,1.0514805917661084e-07,1.1770615161073156e-06,1.0292678586444573e-05,1.0292678586444573e-05,0.08950190737487403,0.005528765012032629,0.06177259428534509,537.1551210502188,True
current_adamw_grad_projection,51,1,60,torch.float32,1.1920928955078125e-07,3.342961442244951e-06,4.5403215667168056e-05,1.2576116631650618e-11,2.769873553415436e-07,6.627552685741387e-21,1.4597099761227162e-16,1.0949220615026001e-07,0.002411478035772482,0.08458093100562801,0.005359830839981256,0.06336925801425161,0.08441093592151191,1.2548761334903964e-17,1.4866274372993824e-16,0.0844109340470143,1.1045239445075498e-07,1.3085081417205547e-06,1.055226034098296e-05,1.055226034098296e-05,0.08458093100562801,0.005359830839981256,0.06336925801425161,507.93201331137544,True
current_adamw_grad_projection,51,2,60,torch.float32,1.1920928955078125e-07,3.920330339574255e-06,4.932824489791624e-05,1.5819807699581652e-11,3.207048564634807e-07,7.245795439153647e-21,1.4688938262751978e-16,1.029973443261879e-07,0.002087953645423963,0.08950399444232002,0.00544482747576081,0.060833346150485794,0.08933822739952955,1.3452986731421844e-17,1.5058488536221713e-16,0.08933822752236148,1.0252783284274005e-07,1.1476367472936174e-06,9.825443317735618e-06,9.825443317735618e-06,0.08950399444232002,0.00544482747576081,0.060833346150485794,554.1559092740897,True
current_adamw_grad_projection,51,3,49,torch.float32,1.1920928955078125e-07,5.138758647397377e-06,4.27946765804199e-05,1.784644424913635e-11,4.170248655951226e-07,5.705420154664219e-21,1.3332079152282108e-16,9.250277956569738e-08,0.00216148478139484,0.08482183527275643,0.00430483580581694,0.050751505104483306,0.0847125263920489,1.118229648050853e-17,1.3200286848673298e-16,0.08471252562074977,9.305736455369435e-08,1.0985077339129714e-06,9.875974601475676e-06,9.875974601475676e-06,0.08482183527275643,0.00430483580581694,0.050751505104483306,435.88972020783734,True
current_adamw_grad_projection,51,4,60,torch.float32,1.1920928955078125e-07,8.425881056896194e-06,4.8745500341607564e-05,3.669430447686672e-11,7.527731630553326e-07,7.127288889833886e-21,1.462142934196592e-16,1.2057277794449636e-07,0.002473417292583413,0.13105059344942477,0.013459955603933049,0.1027080858594321,0.130357537712963,2.01317821713066e-17,1.5443512147057576e-16,0.1303575388257614,1.1971052317489017e-07,9.183245115949738e-07,1.1534581314172985e-05,1.1534581314172985e-05,0.13105059344942477,0.013459955603933049,0.1027080858594321,1166.9219052965782,True
current_adamw_grad_projection,51,5,53,torch.float32,1.1920928955078125e-07,5.678672305444112e-06,4.801419885894532e-05,2.120695252493637e-11,4.4168085751545127e-07,6.4539035997681366e-21,1.3441656329055602e-16,9.3835139801823e-08,0.00195432178691338,0.08613476616983043,0.006648221802787946,0.07718395368578307,0.0858778148883185,1.1983669533726915e-17,1.3954325164550722e-16,0.08587781502075928,9.331805812727354e-08,1.086637545502476e-06,9.603505474584531e-06,9.603505474584531e-06,0.08613476616983043,0.006648221802787946,0.07718395368578307,692.2703194559862,True
current_adamw_grad_projection,51,6,60,torch.float32,1.1920928955078125e-07,3.095485046437789e-06,5.3604453321266366e-05,1.3399943202278008e-11,2.499781710666543e-07,7.722329729818806e-21,1.4406134661120378e-16,1.0237926171319359e-07,0.0019098832769437275,0.08475913601789685,0.005024711268626931,0.059282237935577416,0.08461006686658079,1.2570373387640332e-17,1.4856829515880416e-16,0.08461006599398951,1.0133396177055697e-07,1.1976584651021958e-06,9.79126983495449e-06,9.79126983495449e-06,0.08475913601789685,0.005024711268626931,0.059282237935577416,513.1827999151742,True
current_adamw_grad_projection,51,7,53,torch.float32,1.1920928955078125e-07,7.079248571757639e-06,2.629005615021875e-05,1.4342019262050097e-11,5.455301875393964e-07,3.560087846670619e-21,1.3541575667732178e-16,1.0150618114105743e-07,0.003860936301256159,0.08232976672782792,0.0043958587177718444,0.05339330952198629,0.08221232824578045,1.1408766260533791e-17,1.3877196405904422e-16,0.08221232889987495,1.0191129153859486e-07,1.2396108090151656e-06,1.0372186552830792e-05,1.0372186552830792e-05,0.08232976672782792,0.0043958587177718444,0.05339330952198629,423.8121533373424,True
current_adamw_grad_projection,52,0,58,torch.float32,1.1920928955078125e-07,4.814231254404896e-06,3.884144664542323e-05,1.6431304897461676e-11,4.230353479740387e-07,5.603794358709e-21,1.442735748198454e-16,1.058400105287313e-07,0.0027247751251666544,0.08705536638329936,0.005312996368131959,0.06103008451815787,0.08689308882599758,1.2455823504748526e-17,1.4334653852265708e-16,0.08689308900060262,1.0547383710872772e-07,1.2138345905506504e-06,1.0304705188945817e-05,1.0304705188945817e-05,0.08705536638329936,0.005312996368131959,0.06103008451815787,515.5893614337825,True
current_adamw_grad_projection,52,1,60,torch.float32,1.1920928955078125e-07,3.342961442244951e-06,4.7250773852805e-05,1.2860466909162574e-11,2.721747362112065e-07,6.866885068048824e-21,1.4532852074424666e-16,1.0984831263861255e-07,0.0023247122319410138,0.08454762821379726,0.005307546362283368,0.06277581612179671,0.08438087098502065,1.2483807478615673e-17,1.4794594240241735e-16,0.08438087038874642,1.1011014443039093e-07,1.3049183295112815e-06,1.056384896752387e-05,1.056384896752387e-05,0.08454762821379726,0.005307546362283368,0.06277581612179671,502.4254302196294,True
current_adamw_grad_projection,52,2,60,torch.float32,1.1920928955078125e-07,3.920330339574255e-06,4.209332750431058e-05,1.3595685662905542e-11,3.229890927846764e-07,6.250760694240283e-21,1.4849766138351732e-16,1.0172768807739496e-07,0.002416649264575593,0.08809109668270948,0.005272529540317523,0.05985314905669026,0.08793316636519435,1.3083611692817216e-17,1.4879040791593697e-16,0.08793316651006106,1.0333773697951519e-07,1.175184985152236e-06,9.838840382492961e-06,9.838840382492961e-06,0.08809109668270948,0.005272529540317523,0.05985314905669026,535.8893259107402,True
current_adamw_grad_projection,52,3,49,torch.float32,1.1920928955078125e-07,5.138758647397377e-06,3.855869254050014e-05,1.5369927881065895e-11,3.9861123052660786e-07,4.9925985118141995e-21,1.2948049279862428e-16,9.338262706585363e-08,0.002421766268619401,0.0829389289487026,0.004177232061172058,0.05036515559244393,0.08283366868287952,1.098231410200369e-17,1.3258273207780268e-16,0.08283367004214716,9.315668497605871e-08,1.1246234161622807e-06,9.886332135997389e-06,9.886332135997389e-06,0.0829389289487026,0.004177232061172058,0.05036515559244393,422.5259685502803,True
current_adamw_grad_projection,52,4,60,torch.float32,1.1920928955078125e-07,8.425881056896194e-06,5.3136565895395885e-05,3.910200014273049e-11,7.358774411524128e-07,7.719413697579598e-21,1.4527498282026824e-16,1.196175789752337e-07,0.0022510330418679184,0.13009579527772322,0.013250602388945515,0.10185265681076523,0.12941923151245083,1.984005891606711e-17,1.5330070101798116e-16,0.12941923254028675,1.2012933675380033e-07,9.282185838677834e-07,1.1562007672434045e-05,1.1562007672434045e-05,0.13009579527772322,0.013250602388945515,0.10185265681076523,1146.046842758753,True
current_adamw_grad_projection,52,5,53,torch.float32,1.1920928955078125e-07,5.678672305444112e-06,5.008656792653574e-05,2.24047493770015e-11,4.473205153498153e-07,6.856447233222094e-21,1.3689193564389247e-16,9.367680654842527e-08,0.0018702635298286586,0.08602092060221878,0.006560105300827356,0.07626174254938337,0.08577041331190659,1.1995061801176741e-17,1.398508102969768e-16,0.08577041329758311,9.348408304044358e-08,1.0899339229729213e-06,9.61764584221706e-06,9.61764584221706e-06,0.08602092060221878,0.006560105300827356,0.07626174254938337,682.0905456958602,True
current_adamw_grad_projection,52,6,60,torch.float32,1.1920928955078125e-07,3.095485046437789e-06,5.11362810758959e-05,1.2632268649214902e-11,2.4703143019857524e-07,7.445747702130367e-21,1.4560596792480268e-16,1.0243436026631429e-07,0.002003127648180491,0.08445822969223366,0.0049684346219032284,0.05882712247235393,0.08431196368341787,1.2509207911712201e-17,1.4836812434689456e-16,0.08431196336305008,1.0120848193388808e-07,1.2004047574847834e-06,9.804605601005644e-06,9.804605601005644e-06,0.08445822969223366,0.0049684346219032284,0.05882712247235393,506.7449751771375,True
current_adamw_grad_projection,52,7,53,torch.float32,1.1920928955078125e-07,7.079248571757639e-06,2.889038622232428e-05,1.5988305286668086e-11,5.534126530407388e-07,3.9236175948206675e-21,1.358104929656287e-16,1.0191034585592695e-07,0.0035273642237508393,0.08222685194003167,0.004377729243482638,0.053239655175846105,0.08211023484705574,1.136319850010497e-17,1.3838955059951853e-16,0.0821102348992957,1.0154793262186804e-07,1.2367268556278247e-06,1.038126453832847e-05,1.038126453832847e-05,0.08222685194003167,0.004377729243482638,0.053239655175846105,421.6951824433051,True
current_adamw_grad_projection,53,0,58,torch.float32,1.1920928955078125e-07,4.814231254404896e-06,4.054872721932587e-05,1.5837800311977644e-11,3.9058686666814077e-07,5.764356204963647e-21,1.421587457920688e-16,1.0514170102109156e-07,0.0025928418000754692,0.08366442357765279,0.005042455334155993,0.06027000627663273,0.0835123309265401,1.2055155151681516e-17,1.443517983264721e-16,0.08351233211712755,1.0551198441923069e-07,1.2634299838645175e-06,1.0315835022694675e-05,1.0315835022694675e-05,0.08366442357765279,0.005042455334155993,0.06027000627663273,488.8072873463632,True
current_adamw_grad_projection,53,1,60,torch.float32,1.1920928955078125e-07,3.342961442244951e-06,4.458674107583688e-05,1.2086780376358393e-11,2.710846337883314e-07,6.4247230090694576e-21,1.4409492270677473e-16,1.1075790671939057e-07,0.00248402551352169,0.08318016860035865,0.00514844856011074,0.061895144560797886,0.08302068372284092,1.2331996447715322e-17,1.4854125375412324e-16,0.08302068489705407,1.0998161707264242e-07,1.3247495754704988e-06,1.0574065087541946e-05,1.0574065087541946e-05,0.08318016860035865,0.00514844856011074,0.061895144560797886,486.89397289378246,True
current_adamw_grad_projection,53,2,60,torch.float32,1.1920928955078125e-07,3.920330339574255e-06,4.373563424616238e-05,1.3796446140570788e-11,3.1545092184827225e-07,6.386356319578833e-21,1.4602180646641768e-16,1.019407981888351e-07,0.0023308175315221434,0.08603383444374714,0.005083620287779771,0.05908861694527488,0.08588351107089047,1.2881639411950668e-17,1.499896691614975e-16,0.08588351073049379,1.0266335410156962e-07,1.195379103955493e-06,9.851521730725401e-06,9.851521730725401e-06,0.08603383444374714,0.005083620287779771,0.05908861694527488,516.0238617679471,True
current_adamw_grad_projection,53,3,49,torch.float32,1.1920928955078125e-07,5.138758647397377e-06,4.183800316659626e-05,1.823500460358958e-11,4.3584787091723655e-07,5.411231123213279e-21,1.293377005032151e-16,9.335746557197619e-08,0.002231350941839523,0.08220050882165963,0.004118049055056132,0.05009761027137384,0.08209729180990014,1.0990716220213928e-17,1.3387428474088294e-16,0.08209729313766745,9.262706389193159e-08,1.1282596581668893e-06,9.89785209774725e-06,9.89785209774725e-06,0.08220050882165963,0.004118049055056132,0.05009761027137384,416.0548181956971,True
current_adamw_grad_projection,53,4,60,torch.float32,1.1920928955078125e-07,8.425881056896194e-06,4.66107312211974e-05,3.245184680531773e-11,6.962312316301839e-07,6.707753719782958e-21,1.4391007272449879e-16,1.194411323540653e-07,0.002562406059090083,0.12851648295502208,0.012947823071064719,0.10074834584133593,0.12786258353736202,1.95905944969865e-17,1.5321600702102223e-16,0.12786258279670193,1.2058567305603792e-07,9.430880435738257e-07,1.1588625786476588e-05,1.1588625786476588e-05,0.12851648295502208,0.012947823071064719,0.10074834584133593,1117.2871839708773,True
current_adamw_grad_projection,53,5,53,torch.float32,1.1920928955078125e-07,5.678672305444112e-06,4.769911315651234e-05,2.0864845974235972e-11,4.3742628727233067e-07,6.4072299181740395e-21,1.3432597577131005e-16,9.387547658774001e-08,0.0019680443995363727,0.08489274652070272,0.006365126518516066,0.0749784496248311,0.08465378654396724,1.1785826638126618e-17,1.3922385659624722e-16,0.08465378710630145,9.340023856556826e-08,1.1033202619545386e-06,9.630843207632914e-06,9.630843207632914e-06,0.08489274652070272,0.006365126518516066,0.0749784496248311,660.9106161619776,True
current_adamw_grad_projection,53,6,60,torch.float32,1.1920928955078125e-07,3.095485046437789e-06,5.0073322564621755e-05,1.1790284039217797e-11,2.354603895917219e-07,7.205536150451183e-21,1.438997011063592e-16,1.015954126719042e-07,0.00202888323337528,0.08361725579819325,0.004845220228504422,0.05794521934800346,0.08347675908992738,1.2438218485410343e-17,1.490021728324523e-16,0.0834767597039372,1.0174725198452802e-07,1.218869207973451e-06,9.817479693804246e-06,9.817479693804246e-06,0.08361725579819325,0.004845220228504422,0.05794521934800346,493.52994654648603,True
current_adamw_grad_projection,53,7,53,torch.float32,1.1920928955078125e-07,7.079248571757639e-06,2.6607980414228895e-05,1.463193840913057e-11,5.49907891592779e-07,3.654033975416311e-21,1.3732849763610134e-16,1.0087261034754e-07,0.0037909333764219173,0.08159070430968723,0.004304089057868695,0.052752198847702214,0.08147710013944257,1.1376759721617051e-17,1.3963137743177523e-16,0.08147710008249646,1.0129308649869817e-07,1.243209274705872e-06,1.0389751208736555e-05,1.0389751208736555e-05,0.08159070430968723,0.004304089057868695,0.052752198847702214,414.2629569656551,True
current_adamw_grad_projection,54,0,58,torch.float32,1.1920928955078125e-07,4.814231254404896e-06,4.984731084574697e-05,1.9307135031636307e-11,3.8732550871966675e-07,7.04434585412759e-21,1.4131847304515424e-16,1.05360103501791e-07,0.002113622098909956,0.08216215444372593,0.004907850958383716,0.05973371793390807,0.08201544136200796,1.1888497776401395e-17,1.4495438394249145e-16,0.0820154407785582,1.0488909746051149e-07,1.2788945162620315e-06,1.0328307007536496e-05,1.0328307007536496e-05,0.08216215444372593,0.004907850958383716,0.05973371793390807,475.18445712375615,True
current_adamw_grad_projection,54,1,60,torch.float32,1.1920928955078125e-07,3.342961442244951e-06,4.714653177293091e-05,1.276756530632468e-11,2.708060344251059e-07,6.835310273075396e-21,1.4498012931250493e-16,1.1008468791836617e-07,0.002334912456464127,0.08240140610424185,0.005017306146673888,0.06088859867666273,0.08224851589534449,1.2127095443907296e-17,1.4744455035928163e-16,0.08224851592456903,1.1017699503179792e-07,1.3395621038663166e-06,1.0584655825102753e-05,1.0584655825102753e-05,0.08240140610424185,0.005017306146673888,0.06088859867666273,474.0169382527071,True
current_adamw_grad_projection,54,2,60,torch.float32,1.1920928955078125e-07,3.920330339574255e-06,5.671412231282652e-05,1.7737340452246367e-11,3.127499770587982e-07,8.343713630512136e-21,1.4711880022562778e-16,1.0244115366372261e-07,0.0018062755362172323,0.08653438578152171,0.005110674339209298,0.05905946281415238,0.08638333711071698,1.3006482435487597e-17,1.50567029134534e-16,0.08638333600611764,1.0249750938153702e-07,1.1865426148195778e-06,9.86642800381283e-06,9.86642800381283e-06,0.08653438578152171,0.005110674339209298,0.05905946281415238,517.9862800634945,True
current_adamw_grad_projection,54,3,49,torch.float32,1.1920928955078125e-07,5.138758647397377e-06,4.5670989012098965e-05,1.8208126780443404e-11,3.9868036962413457e-07,5.930636547203713e-21,1.298556627629208e-16,9.232190271241742e-08,0.0020214397351053523,0.08218395710719414,0.004106347176294799,0.049965313436280634,0.08208130553703968,1.0817771313058204e-17,1.3179336320590831e-16,0.08208130470136606,9.32899102608637e-08,1.136554914670004e-06,9.909979396538418e-06,9.909979396538418e-06,0.08218395710719414,0.004106347176294799,0.049965313436280634,414.36485506005766,True
current_adamw_grad_projection,54,4,60,torch.float32,1.1920928955078125e-07,8.425881056896194e-06,6.129755514786333e-05,4.2915741687543616e-11,7.001215886020463e-07,8.683319304076763e-21,1.416584932813845e-16,1.2127608075877617e-07,0.001978502389129322,0.12903714782040493,0.012873305285443882,0.09976433533203218,0.1283933936332115,1.9799161348775806e-17,1.5420701010004582e-16,0.12839339348769166,1.2091346809872208e-07,9.417421318513041e-07,1.1617005200526805e-05,1.1617005200526805e-05,0.12903714782040493,0.012873305285443882,0.09976433533203218,1108.1431972553569,True
current_adamw_grad_projection,54,5,53,torch.float32,1.1920928955078125e-07,5.678672305444112e-06,6.60553456912291e-05,2.568915891577413e-11,3.889035572662995e-07,9.020615520224223e-21,1.3656147622618032e-16,9.353157399258792e-08,0.0014159448807880796,0.08263045484356389,0.006005614115644415,0.07268039522491136,0.08241192065926035,1.1451974809544141e-17,1.389601736973633e-16,0.08241192106263993,9.453668770002563e-08,1.1471239413066205e-06,9.642804565170926e-06,9.642804565170926e-06,0.08263045484356389,0.006005614115644415,0.07268039522491136,622.8078226677159,True
current_adamw_grad_projection,54,6,60,torch.float32,1.1920928955078125e-07,3.095485046437789e-06,5.323064263610829e-05,1.5001089223302122e-11,2.8181304001628444e-07,7.679218692351785e-21,1.4426312199250052e-16,1.0303272966708328e-07,0.0019355491425976715,0.08289404460686432,0.004749646005560597,0.05729779537343611,0.08275786061823175,1.227742433051711e-17,1.483535731687627e-16,0.08275786050145673,1.0245655612565063e-07,1.2380280918916114e-06,9.830146141594197e-06,9.830146141594197e-06,0.08289404460686432,0.004749646005560597,0.05729779537343611,483.17145413163985,True
current_adamw_grad_projection,54,7,53,torch.float32,1.1920928955078125e-07,7.079248571757639e-06,2.8821541566299022e-05,1.568447158010453e-11,5.441926672806549e-07,3.879568548559663e-21,1.3460655945956097e-16,1.0185529599240447e-07,0.003533943914430217,0.0807623514771863,0.004238633066805428,0.05248278423397261,0.08065104714664006,1.1158715415761215e-17,1.3835797315157474e-16,0.08065104729583902,1.0188376684620971e-07,1.2632665075319627e-06,1.0397678595475782e-05,1.0397678595475782e-05,0.0807623514771863,0.004238633066805428,0.05248278423397261,407.65186458540217,True
current_adamw_grad_projection,55,0,58,torch.float32,1.1920928955078125e-07,4.814231254404896e-06,3.864044308398277e-05,1.4677715501190847e-11,3.7985370585139723e-07,5.5347115709123814e-21,1.4323623460743979e-16,1.0647392709259274e-07,0.0027554642641680945,0.08106427823951783,0.004832852012099193,0.05961752965738783,0.08092008865493854,1.1666112644125671e-17,1.441683126902221e-16,0.08092008912930973,1.0638584303580518e-07,1.3147024945289092e-06,1.034075694772037e-05,1.034075694772037e-05,0.08106427823951783,0.004832852012099193,0.05961752965738783,467.35959819310904,True
current_adamw_grad_projection,55,1,60,torch.float32,1.1920928955078125e-07,3.342961442244951e-06,4.472141961634399e-05,1.1971636552516369e-11,2.676935717877164e-07,6.462868179307931e-21,1.44513931685349e-16,1.1047062678790498e-07,0.002470161776337743,0.08170337220945877,0.004913812519996997,0.060142101691955954,0.08155547484329718,1.1898306438225326e-17,1.4589218517931557e-16,0.08155547569882853,1.1009946522341499e-07,1.349994764667855e-06,1.059530615600566e-05,1.059530615600566e-05,0.08170337220945877,0.004913812519996997,0.060142101691955954,463.7725845431787,True
current_adamw_grad_projection,55,2,60,torch.float32,1.1920928955078125e-07,3.920330339574255e-06,4.4767375483571495e-05,1.459366442358195e-11,3.259888315082813e-07,6.5388401546281506e-21,1.4606262002176312e-16,1.025252979623668e-07,0.002290102999074925,0.0858043504421045,0.005019452963479324,0.05849881664061011,0.08565740859224552,1.284594997582471e-17,1.4996893073166868e-16,0.08565740844588053,1.0212426413635694e-07,1.1922408813112805e-06,9.879933101165079e-06,9.879933101165079e-06,0.0858043504421045,0.005019452963479324,0.05849881664061011,508.045237966987,True
current_adamw_grad_projection,55,3,49,torch.float32,1.1920928955078125e-07,5.138758647397377e-06,3.809029948298047e-05,1.6629920978889328e-11,4.36592024862391e-07,5.047616706249492e-21,1.3251711786895644e-16,9.242807589254785e-08,0.0024264315876739886,0.0809449934874342,0.004017707461243594,0.049635033473284525,0.08084522247750099,1.0643059011474845e-17,1.3164734643951014e-16,0.08084522294104515,9.314432162265237e-08,1.1521314214270409e-06,9.920847494454824e-06,9.920847494454824e-06,0.0809449934874342,0.004017707461243594,0.049635033473284525,404.9762344889646,True
current_adamw_grad_projection,55,4,60,torch.float32,1.1920928955078125e-07,8.425881056896194e-06,4.6674574223745126e-05,3.232486038175447e-11,6.925582272437653e-07,6.786371407773338e-21,1.4539760716922578e-16,1.2060811154313602e-07,0.0025839266943769616,0.12557703100114273,0.012359431406907442,0.09842111497917938,0.1249673364138002,1.9159101310002074e-17,1.533128724658192e-16,0.1249673371500155,1.2110861965383076e-07,9.69122191572726e-07,1.1642354690452672e-05,1.1642354690452672e-05,0.12557703100114273,0.012359431406907442,0.09842111497917938,1061.5920692609382,True
current_adamw_grad_projection,55,5,53,torch.float32,1.1920928955078125e-07,5.678672305444112e-06,4.850231245469934e-05,2.0876140129850536e-11,4.3041535698630115e-07,6.5377253851281e-21,1.3479203473514535e-16,9.487442565186864e-08,0.001956036842909421,0.08273550675629458,0.005941329915048204,0.07181112617765145,0.08252190422585642,1.1538429455657109e-17,1.398226272636326e-16,0.08252190451246912,9.440064607669057e-08,1.1439465270996815e-06,9.656511630034114e-06,9.656511630034114e-06,0.08273550675629458,0.005941329915048204,0.07181112617765145,615.266686633423,True
current_adamw_grad_projection,55,6,60,torch.float32,1.1920928955078125e-07,3.095485046437789e-06,4.6340923841857717e-05,1.1405000069272919e-11,2.4611076180080997e-07,6.671152415453318e-21,1.4395812302360193e-16,1.0148321169838681e-07,0.0021898485361344796,0.08215127810887886,0.004688448684087872,0.05707091590071253,0.08201738196174657,1.2113880931247862e-17,1.4769894675372413e-16,0.08201738062700455,1.014183270797905e-07,1.2365467697757482e-06,9.842620664584943e-06,9.842620664584943e-06,0.08215127810887886,0.004688448684087872,0.05707091590071253,476.34149926731743,True
current_adamw_grad_projection,55,7,53,torch.float32,1.1920928955078125e-07,7.079248571757639e-06,2.5798772346239253e-05,1.3847589201024097e-11,5.367538042190094e-07,3.454605149106229e-21,1.3390579608763099e-16,1.0151864501342337e-07,0.00393473649349391,0.08003232204400926,0.00415107851969372,0.05186752569057123,0.07992459645740696,1.1073224679531108e-17,1.3854589413450713e-16,0.07992459721339254,1.021056006889441e-07,1.2775241195939967e-06,1.040534785880132e-05,1.040534785880132e-05,0.08003232204400926,0.00415107851969372,0.05186752569057123,398.9370250781715,True
current_adamw_grad_projection,56,0,58,torch.float32,1.1920928955078125e-07,4.814231254404896e-06,3.81362204050537e-05,1.479530124095876e-11,3.879592965378953e-07,5.398060547251818e-21,1.4154681533508468e-16,1.0620326338114442e-07,0.002784809399490017,0.08019670306281579,0.004735029381007254,0.05904269377880087,0.08005679658159227,1.160858942329796e-17,1.4500442084847498e-16,0.08005679610006533,1.0608848578407928e-07,1.325165269560328e-06,1.0353470568435288e-05,1.0353470568435288e-05,0.08019670306281579,0.004735029381007254,0.05904269377880087,457.33740678637537,True
current_adamw_grad_projection,56,1,60,torch.float32,1.1920928955078125e-07,3.342961442244951e-06,4.250666964292725e-05,1.1950143109565526e-11,2.811357184637477e-07,6.249503366968142e-21,1.4702406515181444e-16,1.1087936178380082e-07,0.002608416475720581,0.07970964248329561,0.004735579453875768,0.059410371271809204,0.07956884686892751,1.1860016818395033e-17,1.49053521385472e-16,0.07956884686903302,1.0947224749287584e-07,1.3758179463510707e-06,1.06047684600056e-05,1.06047684600056e-05,0.07970964248329561,0.004735579453875768,0.059410371271809204,446.5518951908609,True
current_adamw_grad_projection,56,2,60,torch.float32,1.1920928955078125e-07,3.920330339574255e-06,4.623358164698181e-05,1.491683511384161e-11,3.226406993025037e-07,6.809542917306392e-21,1.4728564551414724e-16,1.0254695306159536e-07,0.0022180140355621044,0.08520299443356448,0.004940912830166821,0.05798989651730386,0.08505961227780617,1.2803789920836072e-17,1.5052725468602737e-16,0.08505961368039637,1.0423289969263236e-07,1.2254099822775805e-06,9.89350784280104e-06,9.89350784280104e-06,0.08520299443356448,0.004940912830166821,0.05798989651730386,499.40960361820004,True
current_adamw_grad_projection,56,3,49,torch.float32,1.1920928955078125e-07,5.138758647397377e-06,3.626380120150674e-05,1.476637170234602e-11,4.0719315717328843e-07,4.755719046859488e-21,1.3114232069698984e-16,9.309544363014653e-08,0.0025671012307857733,0.07908609282169529,0.0038807342295458865,0.049069742745987625,0.07899082212283548,1.057373731577162e-17,1.3386032746093998e-16,0.07899082227712459,9.303360673752769e-08,1.177777418383323e-06,9.931047385889217e-06,9.931047385889217e-06,0.07908609282169529,0.0038807342295458865,0.049069742745987625,390.76786956629843,True
current_adamw_grad_projection,56,4,60,torch.float32,1.1920928955078125e-07,8.425881056896194e-06,5.06571570916408e-05,4.049721936749421e-11,7.994372699248231e-07,7.296156981798717e-21,1.4403013119354512e-16,1.2130079669441382e-07,0.0023944665862524047,0.12426573323026363,0.012091148257365625,0.09730074368096957,0.12367609546340574,1.8722330695391558e-17,1.5138196775407797e-16,0.12367609523409603,1.2110543287327313e-07,9.792145575427724e-07,1.1669252444017253e-05,1.1669252444017253e-05,0.12426573323026363,0.012091148257365625,0.09730074368096957,1036.1544850771204,True
current_adamw_grad_projection,56,5,53,torch.float32,1.1920928955078125e-07,5.678672305444112e-06,5.021889238766937e-05,2.199986917529322e-11,4.3807953798469314e-07,6.817494510011066e-21,1.3575557297009744e-16,9.457967428597889e-08,0.0018833237203493738,0.08239643559546093,0.005833153349903796,0.07079375834341471,0.08218970081971005,1.1525243608798509e-17,1.4022734593084953e-16,0.08218970074121998,9.458849332160246e-08,1.1508557942000658e-06,9.66986118406533e-06,9.66986118406533e-06,0.08239643559546093,0.005833153349903796,0.07079375834341471,603.2303089847941,True
current_adamw_grad_projection,56,6,60,torch.float32,1.1920928955078125e-07,3.095485046437789e-06,4.48487031516894e-05,1.107889018887726e-11,2.4702810583855046e-07,6.4661796213148806e-21,1.441776275992833e-16,1.0174975155338391e-07,0.0022687286012756593,0.08082920495785652,0.004545392092566991,0.056234526801753275,0.08070129977171377,1.1945003003485139e-17,1.4801500145939317e-16,0.08070129839459664,1.0204087437806968e-07,1.2644266747621724e-06,9.854287406564992e-06,9.854287406564992e-06,0.08082920495785652,0.004545392092566991,0.056234526801753275,461.2603534923104,True
current_adamw_grad_projection,56,7,53,torch.float32,1.1920928955078125e-07,7.079248571757639e-06,2.64682805449411e-05,1.4839121652398768e-11,5.606379162863671e-07,3.587583360659418e-21,1.3554274349512587e-16,1.0185981892459917e-07,0.003848152031317007,0.07859089440560754,0.004072845234846483,0.051823372995687414,0.07848528916406147,1.0758801860786514e-17,1.3708048954622422e-16,0.07848528831929262,1.017504811230442e-07,1.296427436299966e-06,1.0412299768322701e-05,1.0412299768322701e-05,0.07859089440560754,0.004072845234846483,0.051823372995687414,391.1571243115074,True
current_adamw_grad_projection,57,0,58,torch.float32,1.1920928955078125e-07,4.814231254404896e-06,3.955266135959892e-05,1.4880253865126207e-11,3.762137199780354e-07,5.67821587542264e-21,1.4356090539138936e-16,1.0620838759466474e-07,0.0026852051013190677,0.07953619279263682,0.004636171530948008,0.058290086162851994,0.07940095640156433,1.1357217629360553e-17,1.4303628248408348e-16,0.07940095584065987,1.0555699185028103e-07,1.3294171428126198e-06,1.036601423610538e-05,1.036601423610538e-05,0.07953619279263682,0.004636171530948008,0.058290086162851994,447.247266437275,True
current_adamw_grad_projection,57,1,60,torch.float32,1.1920928955078125e-07,3.342961442244951e-06,4.188815506869292e-05,1.1154836234824294e-11,2.663004903541666e-07,6.112595536789637e-21,1.4592658776128312e-16,1.111837171079124e-07,0.0026542904460505803,0.07839313692521727,0.004597767665619945,0.05865012992152568,0.07825819094170808,1.1455343604543866e-17,1.4637884503459287e-16,0.07825819112122463,1.1041483260066862e-07,1.4109044819299778e-06,1.061463380023976e-05,1.061463380023976e-05,0.07839313692521727,0.004597767665619945,0.05865012992152568,433.15367747459095,True
current_adamw_grad_projection,57,2,60,torch.float32,1.1920928955078125e-07,3.920330339574255e-06,4.4339741640300506e-05,1.3441423638464398e-11,3.0314618762341757e-07,6.4304545921644196e-21,1.4502688455721758e-16,1.0355661809558717e-07,0.0023354404116425827,0.08403835721521362,0.004802189290418859,0.05714282679420951,0.08390103969231151,1.2413062344244161e-17,1.4794885009490133e-16,0.08390104018510698,1.0318665151413682e-07,1.2298614091849265e-06,9.906379283105004e-06,9.906379283105004e-06,0.08403835721521362,0.004802189290418859,0.05714282679420951,484.757261273938,True
current_adamw_grad_projection,57,3,49,torch.float32,1.1920928955078125e-07,5.138758647397377e-06,4.0151627372677404e-05,1.768661781780082e-11,4.4049566543438047e-07,5.296474546878355e-21,1.3191182757596124e-16,9.287308313023789e-08,0.0023130094063698137,0.07895107589171851,0.0038371972504880666,0.04860221608317012,0.07885777261450352,1.0443644780755785e-17,1.3243646674893515e-16,0.07885777381841554,9.398080294733959e-08,1.1917760088402647e-06,9.942887669914972e-06,9.942887669914972e-06,0.07895107589171851,0.0038371972504880666,0.04860221608317012,385.923825942296,True
current_adamw_grad_projection,57,4,60,torch.float32,1.1920928955078125e-07,8.425881056896194e-06,4.5368363298608716e-05,3.238169039118116e-11,7.13750464790829e-07,6.6743140727305905e-21,1.4711383853111068e-16,1.2185701421153002e-07,0.0026859208737868554,0.12065716325284143,0.01152887822442409,0.0955507150476007,0.12010510401772787,1.819238243653064e-17,1.5147051897016292e-16,0.1201051055977174,1.2148487774361812e-07,1.0114880390723952e-06,1.1693767878037456e-05,1.1693767878037456e-05,0.12065716325284143,0.01152887822442409,0.0955507150476007,985.8993563637387,True
current_adamw_grad_projection,57,5,53,torch.float32,1.1920928955078125e-07,5.678672305444112e-06,4.822630376914038e-05,2.1797477473417436e-11,4.519831662356315e-07,6.6001299188521494e-21,1.3685746994933901e-16,9.42638624708714e-08,0.0019545354223659407,0.08160296598880855,0.005696870571660276,0.06981205281731517,0.08140386799078037,1.1274912891926125e-17,1.3850586182468747e-16,0.0814038687736748,9.50301878576717e-08,1.1673915415725735e-06,9.682788285429841e-06,9.682788285429841e-06,0.08160296598880855,0.005696870571660276,0.06981205281731517,588.3502152197867,True
current_adamw_grad_projection,57,6,60,torch.float32,1.1920928955078125e-07,3.095485046437789e-06,4.5569424505205724e-05,1.1411393456602109e-11,2.504177654316987e-07,6.607199498965054e-21,1.4499194516293427e-16,1.0251657539491714e-07,0.0022496077802720777,0.08007437059883502,0.00446604356811074,0.05577369556215676,0.07994972971591155,1.1752718492009503e-17,1.4700135364773451e-16,0.07994972989045457,1.0216149713709967e-07,1.2778216671535876e-06,9.866452697727302e-06,9.866452697727302e-06,0.08007437059883502,0.00446604356811074,0.05577369556215676,452.6493669948345,True
current_adamw_grad_projection,57,7,53,torch.float32,1.1920928955078125e-07,7.079248571757639e-06,2.6941829686741496e-05,1.5260545740898536e-11,5.664257371654492e-07,3.656694143161738e-21,1.3572553110458723e-16,1.0179445215104313e-07,0.0037779853094221747,0.07846901746239836,0.0040556820510474195,0.05168513869809655,0.07836413812845126,1.0610786822468723e-17,1.354036052189582e-16,0.07836413830881703,1.0254183500015801e-07,1.3085301161107858e-06,1.0420318085302998e-05,1.0420318085302998e-05,0.07846901746239836,0.0040556820510474195,0.05168513869809655,389.2090450451437,True
current_adamw_grad_projection,58,0,58,torch.float32,1.1920928955078125e-07,4.814231254404896e-06,3.6904993397313076e-05,1.4482487410484305e-11,3.924262295502463e-07,5.342040336201429e-21,1.4475115274213205e-16,1.0592436614287816e-07,0.002870102816745241,0.0788816451465636,0.004555581427183231,0.05775210974262611,0.07874998805643518,1.136662820422905e-17,1.4433815781766594e-16,0.0787499873336662,1.0605723735427939e-07,1.3467587861939775e-06,1.0378205842787785e-05,1.0378205842787785e-05,0.0788816451465636,0.004555581427183231,0.05775210974262611,438.95654954166093,True
current_adamw_grad_projection,58,1,60,torch.float32,1.1920928955078125e-07,3.342961442244951e-06,4.562906367174173e-05,1.3181698435918127e-11,2.888882079796349e-07,6.592043014372126e-21,1.4447026706039734e-16,1.1052385009922746e-07,0.0024221989499735933,0.0781254913829738,0.004544652324053881,0.0581711838684744,0.07799319546655711,1.1632137990073705e-17,1.4914298510902117e-16,0.07799319480810181,1.1083549526027694e-07,1.4210918726048073e-06,1.0625165300041857e-05,1.0625165300041857e-05,0.0781254913829738,0.004544652324053881,0.0581711838684744,427.7253290389729,True
current_adamw_grad_projection,58,2,60,torch.float32,1.1920928955078125e-07,3.920330339574255e-06,4.887776826290836e-05,1.515071743725645e-11,3.099715468955607e-07,7.083544009218324e-21,1.4492363831173773e-16,1.025349495747099e-07,0.002097815783876397,0.08359172552118424,0.004720154292140902,0.056466764655368866,0.08345835320126674,1.2448947431157807e-17,1.4916358822868382e-16,0.08345835279077697,1.0250230481917737e-07,1.2281850934218889e-06,9.919626426426598e-06,9.919626426426598e-06,0.08359172552118424,0.004720154292140902,0.056466764655368866,475.8399247340677,True
current_adamw_grad_projection,58,3,49,torch.float32,1.1920928955078125e-07,5.138758647397377e-06,3.923384962596822e-05,1.6429253826706047e-11,4.1875202110760504e-07,5.1214857870332505e-21,1.3053742714158424e-16,9.342693161517441e-08,0.0023812678329642,0.0777319362672171,0.003732719339660129,0.04802040858506669,0.07764226118668897,1.0149342203398537e-17,1.3071930219799607e-16,0.07764226075783758,9.350551797233489e-08,1.204312149848058e-06,9.953639095491344e-06,9.953639095491344e-06,0.0777319362672171,0.003732719339660129,0.04802040858506669,375.0105166411873,True
current_adamw_grad_projection,58,4,60,torch.float32,1.1920928955078125e-07,8.425881056896194e-06,4.694445180161289e-05,3.68531102101285e-11,7.850365441664893e-07,6.880199218043915e-21,1.4656043374671272e-16,1.2411596568574133e-07,0.002643775957965785,0.11808226477856013,0.01108390177155642,0.09386593145331418,0.11756091347362214,1.7740262180889834e-17,1.509027248658656e-16,0.11756091305539736,1.2073695477594753e-07,1.0270161368945267e-06,1.1718819482145816e-05,1.1718819482145816e-05,0.11808226477856013,0.01108390177155642,0.09386593145331418,945.8206766000002,True
current_adamw_grad_projection,58,5,53,torch.float32,1.1920928955078125e-07,5.678672305444112e-06,5.8036516198125895e-05,2.3962645151109376e-11,4.1288910363443166e-07,7.813813017425036e-21,1.3463614857154407e-16,9.505784728598298e-08,0.0016378715295230122,0.08084770808624636,0.005651206505522298,0.06989940270778894,0.08064995826304468,1.1165719407290266e-17,1.3844668550072403e-16,0.08064995826856157,9.552007786806991e-08,1.1843785157332797e-06,9.695553458925231e-06,9.695553458925231e-06,0.08084770808624636,0.005651206505522298,0.06989940270778894,582.8657981685498,True
current_adamw_grad_projection,58,6,60,torch.float32,1.1920928955078125e-07,3.095485046437789e-06,4.54447758184649e-05,1.1201840151330908e-11,2.4649346266066144e-07,6.5532963648081176e-21,1.4420351397455048e-16,1.0256286649758029e-07,0.002256832620967159,0.0786403411545829,0.004346305898094536,0.05526814652992191,0.07852014316052522,1.1449696697547738e-17,1.4581859172289303e-16,0.07852014215788346,1.0282982123687402e-07,1.3095980013651804e-06,9.877839225744959e-06,9.877839225744959e-06,0.0786403411545829,0.004346305898094536,0.05526814652992191,440.00573392271934,True
current_adamw_grad_projection,58,7,53,torch.float32,1.1920928955078125e-07,7.079248571757639e-06,2.7733187832600328e-05,1.5362892774543124e-11,5.539533668929348e-07,3.782210670346658e-21,1.3637850409325299e-16,1.017472907016135e-07,0.0036685916984224155,0.07880501506347772,0.004064282249855181,0.051573903597142735,0.07870013982801086,1.0921612329304792e-17,1.3877500539608425e-16,0.07870014009516857,1.0151006263884314e-07,1.2898333156216946e-06,1.0428610565265631e-05,1.0428610565265631e-05,0.07880501506347772,0.004064282249855181,0.051573903597142735,389.72423262136243,True
current_adamw_grad_projection,59,0,58,torch.float32,1.1920928955078125e-07,4.814231254404896e-06,3.588524168123425e-05,1.4057342184720641e-11,3.917304587103215e-07,5.021257940126261e-21,1.3992543187336124e-16,1.067030825449854e-07,0.002973290234696804,0.07819941273273509,0.00449748489564323,0.057513026485434667,0.07806997362211744,1.1256209151443049e-17,1.4418102926390812e-16,0.07806997391496043,1.0576473679124718e-07,1.3547428222078558e-06,1.039003521902398e-05,1.039003521902398e-05,0.07819941273273509,0.00449748489564323,0.057513026485434667,432.8652214198861,True
current_adamw_grad_projection,59,1,60,torch.float32,1.1920928955078125e-07,3.342961442244951e-06,4.436319429776199e-05,1.2180473797552515e-11,2.745625960970757e-07,6.3882529004782456e-21,1.4399893879600002e-16,1.1096733826393061e-07,0.002501300958300426,0.07884368730837205,0.004542585000052412,0.05761507553909209,0.07871271784087783,1.1561855454678067e-17,1.4688675187218165e-16,0.07871271810602563,1.1054982122512952e-07,1.4044721600925973e-06,1.0636422328461832e-05,1.0636422328461832e-05,0.07884368730837205,0.004542585000052412,0.05761507553909209,427.07828438675114,True
current_adamw_grad_projection,59,2,60,torch.float32,1.1920928955078125e-07,3.920330339574255e-06,4.3465458051654906e-05,1.423105902093628e-11,3.2741076843188693e-07,6.377178013643708e-21,1.467182976897501e-16,1.0338396911517e-07,0.002378454643912364,0.0825364365879995,0.00461290542897921,0.05588932136730882,0.0824074296902176,1.2213346650771075e-17,1.4820686310303517e-16,0.08240742792240793,1.0327843938480373e-07,1.2532661434603595e-06,9.931903869530078e-06,9.931903869530078e-06,0.0825364365879995,0.00461290542897921,0.05588932136730882,464.4532900817804,True
current_adamw_grad_projection,59,3,49,torch.float32,1.1920928955078125e-07,5.138758647397377e-06,3.480320882301771e-05,1.4331257348350703e-11,4.117797706880544e-07,4.535401845617656e-21,1.303156231565198e-16,9.273794089196818e-08,0.002664538609698849,0.07626675624740449,0.003613646508781679,0.047381673045845035,0.07618109783542491,1.0120637089490851e-17,1.3284971439181152e-16,0.07618109849195398,9.35384216287747e-08,1.227842909598553e-06,9.96368159800723e-06,9.96368159800723e-06,0.07626675624740449,0.003613646508781679,0.047381673045845035,362.68185341294134,True
current_adamw_grad_projection,59,4,60,torch.float32,1.1920928955078125e-07,8.425881056896194e-06,4.652444390672472e-05,3.39279343154998e-11,7.292496474223477e-07,6.751910235995761e-21,1.4512608145374573e-16,1.22287180071625e-07,0.0026283401939486864,0.11568730238747527,0.01070525397240198,0.09253611892985907,0.1151909261664195,1.7446217897950494e-17,1.5145479317307913e-16,0.11519092573116226,1.222828956137878e-07,1.061567088185202e-06,1.1743092497834236e-05,1.1743092497834236e-05,0.11568730238747527,0.01070525397240198,0.09253611892985907,911.6213616112057,True
current_adamw_grad_projection,59,5,53,torch.float32,1.1920928955078125e-07,5.678672305444112e-06,4.815315052609968e-05,2.124999159554789e-11,4.4130013017590816e-07,6.590902906838806e-21,1.3687376287595317e-16,9.449740896651949e-08,0.001962385862141448,0.08017791856702275,0.005525692081194346,0.06891787888675709,0.07998728244392328,1.1121413536723287e-17,1.3903977228530276e-16,0.07998728229020222,9.576716974383494e-08,1.1972799550356224e-06,9.708235379378314e-06,9.708235379378314e-06,0.08017791856702275,0.005525692081194346,0.06891787888675709,569.1757425795124,True
current_adamw_grad_projection,59,6,60,torch.float32,1.1920928955078125e-07,3.095485046437789e-06,4.480181937807453e-05,1.0930260462615057e-11,2.439691203247026e-07,6.5436743697509855e-21,1.4605822845117705e-16,1.0295843259078606e-07,0.0022981068325041115,0.07697010517663841,0.0041994120118266165,0.05455900056508175,0.07685546193770293,1.1414669174985058e-17,1.4852124868155105e-16,0.0768554621383874,1.0314760228522911e-07,1.3420985238433618e-06,9.888810429804748e-06,9.888810429804748e-06,0.07697010517663841,0.0041994120118266165,0.05455900056508175,424.6630109491878,True
current_adamw_grad_projection,59,7,53,torch.float32,1.1920928955078125e-07,7.079248571757639e-06,2.4261040432233547e-05,1.3188969409920031e-11,5.436275268886237e-07,3.3333656778200604e-21,1.373958255059745e-16,1.015410203537005e-07,0.00418507325374061,0.07764936807205569,0.003986220676994165,0.051336163783008544,0.07754698193162571,1.0655062969895936e-17,1.3740138822282804e-16,0.07754698047775493,1.0221672929693536e-07,1.3181264914145453e-06,1.043514858823914e-05,1.043514858823914e-05,0.07764936807205569,0.003986220676994165,0.051336163783008544,381.99941699793396,True
current_adamw_grad_projection,60,0,58,torch.float32,1.1920928955078125e-07,4.814231254404896e-06,3.626317806565384e-05,1.4095277830818802e-11,3.8869394748853927e-07,5.1609671303366214e-21,1.4231976913311827e-16,1.0552774730366936e-07,0.002909981392215728,0.07841387598233583,0.004478134434663907,0.05710895397738902,0.07828590076481347,1.120239706010515e-17,1.4309597195233655e-16,0.07828590153804532,1.0662268005433742e-07,1.3619652831425978e-06,1.040277116950047e-05,1.040277116950047e-05,0.07841387598233583,0.004478134434663907,0.05710895397738902,430.47514567975855,True
current_adamw_grad_projection,60,1,60,torch.float32,1.1920928955078125e-07,3.342961442244951e-06,4.4244968340135174e-05,1.2658865443541263e-11,2.8610858857951186e-07,6.4114485442618806e-21,1.4490796998596192e-16,1.108352513069226e-07,0.002504925264140968,0.0778895905951378,0.004464669945435761,0.057320495734053394,0.07776152676842514,1.1406390586102575e-17,1.4668424168253483e-16,0.0777615271912299,1.1063374715351577e-07,1.4227311518901503e-06,1.0645637206266946e-05,1.0645637206266946e-05,0.0778895905951378,0.004464669945435761,0.057320495734053394,419.3896390539656,True
current_adamw_grad_projection,60,2,60,torch.float32,1.1920928955078125e-07,3.920330339574255e-06,4.318625416940595e-05,1.3137696562186189e-11,3.042101431314506e-07,6.231739048968637e-21,1.4429913334284084e-16,1.0315529706248187e-07,0.002388596264720181,0.08232470160321662,0.0045816866314632824,0.055653850451178134,0.08219710847511442,1.226065469369385e-17,1.491616301491411e-16,0.08219710789204077,1.0388215937405985e-07,1.2638176942977195e-06,9.944530550748195e-06,9.944530550748195e-06,0.08232470160321662,0.0045816866314632824,0.055653850451178134,460.72427532726226,True
current_adamw_grad_projection,60,3,49,torch.float32,1.1920928955078125e-07,5.138758647397377e-06,3.4961115674192135e-05,1.4477732627430924e-11,4.141095713978661e-07,4.559111854146182e-21,1.3040521637334511e-16,9.42527961719631e-08,0.0026958888228723037,0.0760654760981682,0.0035785396315809875,0.0470455167724529,0.0759812523465243,9.93586716589294e-18,1.3076735193280148e-16,0.07598125157478246,9.373966793965848e-08,1.2337210298174383e-06,9.974563314371035e-06,9.974563314371035e-06,0.0760654760981682,0.0035785396315809875,0.0470455167724529,358.7665463434515,True
current_adamw_grad_projection,60,4,60,torch.float32,1.1920928955078125e-07,8.425881056896194e-06,4.9828096044997975e-05,3.1526535429590024e-11,6.327060018733112e-07,7.135519126973006e-21,1.4320272483481212e-16,1.2380214898796993e-07,0.0024845060153785197,0.11439685381612397,0.010385075018491513,0.09078112441085125,0.11392449420510033,1.7145012169475487e-17,1.504945208587805e-16,0.11392449475478526,1.2299147661712068e-07,1.0795876416380119e-06,1.1767761310848245e-05,1.1767761310848245e-05,0.11439685381612397,0.010385075018491513,0.09078112441085125,882.5021806754283,True
current_adamw_grad_projection,60,5,53,torch.float32,1.1920928955078125e-07,5.678672305444112e-06,5.212582663100417e-05,2.246575061454435e-11,4.3099077878569e-07,6.981146493449531e-21,1.3392874405367856e-16,9.495475884189647e-08,0.001821652934218059,0.08043962560184147,0.005549855396644252,0.06899404808414725,0.08024794372468846,1.1257512473964721e-17,1.4028412382236932e-16,0.0802479443128488,9.506152876476536e-08,1.184597681333311e-06,9.721411854834114e-06,9.721411854834114e-06,0.08043962560184147,0.005549855396644252,0.06899404808414725,570.8898542226154,True
current_adamw_grad_projection,60,6,60,torch.float32,1.1920928955078125e-07,3.095485046437789e-06,4.527044468285343e-05,1.1088539662207038e-11,2.4493993244132893e-07,6.6375406687190176e-21,1.466197364576196e-16,1.027725173133119e-07,0.0022701513392408305,0.07596016239846534,0.00411510682361864,0.054174539570254775,0.07584861348390909,1.1159209226525326e-17,1.4712476225940104e-16,0.0758486128021655,1.0296296611120233e-07,1.357479884038996e-06,9.900129658853146e-06,9.900129658853146e-06,0.07596016239846534,0.00411510682361864,0.054174539570254775,415.66191205776016,True
current_adamw_grad_projection,60,7,53,torch.float32,1.1920928955078125e-07,7.079248571757639e-06,2.49949994517937e-05,1.4058341447055184e-11,5.62446159447558e-07,3.3810798394041304e-21,1.3527025059254523e-16,1.020218398298238e-07,0.004081431703634703,0.07687209764788241,0.003913043163200927,0.050903296292562135,0.07677243965114365,1.0613307736709494e-17,1.382437211183687e-16,0.0767724394892643,1.0213890129902668e-07,1.330411043058096e-06,1.0441982516266829e-05,1.0441982516266829e-05,0.07687209764788241,0.003913043163200927,0.050903296292562135,374.74140155905,True
current_adamw_grad_projection,61,0,58,torch.float32,1.1920928955078125e-07,4.814231254404896e-06,3.9224408841267165e-05,1.4619991881925847e-11,3.7272688904222477e-07,5.676573341521395e-21,1.4472043070154792e-16,1.0672244507975188e-07,0.002720777732643373,0.07905060130932123,0.004507355463185552,0.05701861071933514,0.07892199512235959,1.140430290105395e-17,1.4450094531154305e-16,0.07892199552465794,1.0668537421261336e-07,1.35178252277315e-06,1.04157324779365e-05,1.04157324779365e-05,0.07905060130932123,0.004507355463185552,0.05701861071933514,432.74493394808474,True
current_adamw_grad_projection,61,1,60,torch.float32,1.1920928955078125e-07,3.342961442244951e-06,4.7448361159004115e-05,1.2612203279927703e-11,2.6580903896054434e-07,6.868404095828372e-21,1.4475534935362506e-16,1.1063933250243076e-07,0.002331773952758663,0.07761017644213702,0.004427125528039953,0.05704310608468514,0.07748380506233944,1.1244090021712274e-17,1.451153568499361e-16,0.07748380491135447,1.1168329464313204e-07,1.4413759723196812e-06,1.065558639711832e-05,1.065558639711832e-05,0.07761017644213702,0.004427125528039953,0.05704310608468514,415.4746029967172,True
current_adamw_grad_projection,61,2,60,torch.float32,1.1920928955078125e-07,3.920330339574255e-06,4.2051213510681345e-05,1.3655107810701896e-11,3.2472565404642575e-07,6.0881104537653125e-21,1.4477847237914322e-16,1.0287003812532306e-07,0.0024462736118254533,0.0812445884971316,0.004445893308936166,0.05472233155680432,0.08112285246928762,1.2164954476519556e-17,1.4995718353376565e-16,0.08112285414930527,1.028827862850425e-07,1.2682343017134042e-06,9.956276922245527e-06,9.956276922245527e-06,0.0812445884971316,0.004445893308936166,0.05472233155680432,446.54174885419366,True
current_adamw_grad_projection,61,3,49,torch.float32,1.1920928955078125e-07,5.138758647397377e-06,3.6953365299110856e-05,1.5280604524072343e-11,4.1351049898667857e-07,4.90974858487467e-21,1.3286336833287615e-16,9.399589043132842e-08,0.0025435967301135013,0.07540789443258425,0.003538066162526562,0.04691904195375252,0.07532484736516468,9.90971478899883e-18,1.3155970620103446e-16,0.07532484832603656,9.416342734214482e-08,1.2500978021829826e-06,9.984759076212088e-06,9.984759076212088e-06,0.07540789443258425,0.003538066162526562,0.04691904195375252,354.3466733169085,True
current_adamw_grad_projection,61,4,60,torch.float32,1.1920928955078125e-07,8.425881056896194e-06,4.5117796815073336e-05,3.38498752049414e-11,7.502554999235367e-07,6.607258911211163e-21,1.4644462668012222e-16,1.2301040434169e-07,0.0027263750568192126,0.1118497071955894,0.010095799685372615,0.09026219145766996,0.11139314085010761,1.6764331786137614e-17,1.5049698444804574e-16,0.11139314027707777,1.2398246463319159e-07,1.113017052260124e-06,1.179067437048613e-05,1.179067437048613e-05,0.1118497071955894,0.010095799685372615,0.09026219145766996,856.2529477231559,True
current_adamw_grad_projection,61,5,53,torch.float32,1.1920928955078125e-07,5.678672305444112e-06,4.746143165393977e-05,1.9652337319916066e-11,4.14069627381009e-07,6.253616378823378e-21,1.3176206787063497e-16,9.537944586061422e-08,0.0020095815445303963,0.0801507952232039,0.005551342762621515,0.06926123124745223,0.07995831769393259,1.106934480370828e-17,1.3843894072509038e-16,0.0799583175926122,9.530734111345576e-08,1.191962812412423e-06,9.734300002603038e-06,9.734300002603038e-06,0.0801507952232039,0.005551342762621515,0.06926123124745223,570.2867962911598,True
current_adamw_grad_projection,61,6,60,torch.float32,1.1920928955078125e-07,3.095485046437789e-06,4.759430936601981e-05,1.1669636125729737e-11,2.4518973552038415e-07,6.89184288728802e-21,1.4480392675282084e-16,1.0332838563228551e-07,0.0021709881354331356,0.07634127864681328,0.004100403847183124,0.05371149029548364,0.07623107970979025,1.1289190046301529e-17,1.480916981535508e-16,0.07623107956306557,1.0274578891392404e-07,1.3478202001445223e-06,9.91272005070249e-06,9.91272005070249e-06,0.07634127864681328,0.004100403847183124,0.05371149029548364,413.65072615891523,True
current_adamw_grad_projection,61,7,53,torch.float32,1.1920928955078125e-07,7.079248571757639e-06,2.577034978490623e-05,1.4304929729388587e-11,5.55092571454619e-07,3.440844077275386e-21,1.3351949453519755e-16,1.0089581214771373e-07,0.003915085359516144,0.07686759092450623,0.003911733440996747,0.05088924205831515,0.0767679938257072,1.0514701335378226e-17,1.3696725433845036e-16,0.07676799319914357,1.0267402817538392e-07,1.3374588014700032e-06,1.0449533523546727e-05,1.0449533523546727e-05,0.07686759092450623,0.003911733440996747,0.05088924205831515,374.34526930624617,True
current_adamw_grad_projection,62,0,58,torch.float32,1.1920928955078125e-07,4.814231254404896e-06,3.898114475938821e-05,1.5300016227191974e-11,3.924978684343825e-07,5.547755416242435e-21,1.4231894549240353e-16,1.0715684597060216e-07,0.0027488964754744196,0.07912452437397209,0.0044862789611391915,0.05669896908239675,0.07899723829660213,1.1505415189430346e-17,1.4564325839129015e-16,0.07899723848160681,1.0717592901458599e-07,1.3567047541736553e-06,1.0428238944538823e-05,1.0428238944538823e-05,0.07912452437397209,0.0044862789611391915,0.05669896908239675,430.2048490640518,True
current_adamw_grad_projection,62,1,60,torch.float32,1.1920928955078125e-07,3.342961442244951e-06,4.6594830822885785e-05,1.2594041649130168e-11,2.702883866453359e-07,6.688044581705593e-21,1.4353619196790598e-16,1.1085813599840372e-07,0.0023791839265126942,0.0769243207172908,0.004381456735448785,0.05695801658816514,0.07679943980714968,1.1262973419079188e-17,1.4665436945063051e-16,0.07679943850212938,1.1056418843727563e-07,1.4396483957914623e-06,1.0664986874803558e-05,1.0664986874803558e-05,0.0769243207172908,0.004381456735448785,0.05695801658816514,410.82626606884486,True
current_adamw_grad_projection,62,2,60,torch.float32,1.1920928955078125e-07,3.920330339574255e-06,4.310307232189285e-05,1.4309991793003114e-11,3.319947052993437e-07,6.246323548931602e-21,1.4491597031145555e-16,1.0324019015835355e-07,0.002395143608050312,0.07967939812751429,0.00431450222990439,0.05414827836675813,0.07956250094404448,1.1782655983782757e-17,1.4809308209239655e-16,0.0795625007279726,1.0295664565239106e-07,1.2940348117564076e-06,9.96750627957745e-06,9.96750627957745e-06,0.07967939812751429,0.00431450222990439,0.05414827836675813,432.85673556528667,True
current_adamw_grad_projection,62,3,49,torch.float32,1.1920928955078125e-07,5.138758647397377e-06,3.822340828582637e-05,1.5390726160253374e-11,4.026518526334663e-07,4.985990721263566e-21,1.3044338390705014e-16,9.42107101398556e-08,0.0024646723447447443,0.07460207367160546,0.0034778712173634567,0.04661896172850193,0.07452096220459772,9.85962825007526e-18,1.3230677595124974e-16,0.07452096187124255,9.395532606168752e-08,1.2607905709003555e-06,9.994626942472017e-06,9.994626942472017e-06,0.07460207367160546,0.0034778712173634567,0.04661896172850193,347.97409021684393,True
current_adamw_grad_projection,62,4,60,torch.float32,1.1920928955078125e-07,8.425881056896194e-06,4.810626079200547e-05,3.470000342295887e-11,7.213199041386622e-07,6.991102148380437e-21,1.4532624305616515e-16,1.240276293266245e-07,0.0025781894091939043,0.11129683490277209,0.009912006868100851,0.08905919810531801,0.11085457852169044,1.674592274827549e-17,1.5106207584379464e-16,0.11085457833948281,1.233738121312227e-07,1.1129338452165753e-06,1.1814850717817484e-05,1.1814850717817484e-05,0.11129683490277209,0.009912006868100851,0.08905919810531801,838.9447403811007,True
current_adamw_grad_projection,62,5,53,torch.float32,1.1920928955078125e-07,5.678672305444112e-06,5.360860833036367e-05,2.280994268082397e-11,4.2549029701083514e-07,7.169023513686107e-21,1.337289613919385e-16,9.555389660549833e-08,0.0017824173018495088,0.07848939412981275,0.005325840242792822,0.06785426619530881,0.07830849517500214,1.0799633720241544e-17,1.3791139385460996e-16,0.07830849647607964,9.525456960115331e-08,1.216401462008022e-06,9.745904294386286e-06,9.745904294386286e-06,0.07848939412981275,0.005325840242792822,0.06785426619530881,546.4695816744832,True
current_adamw_grad_projection,62,6,60,torch.float32,1.1920928955078125e-07,3.095485046437789e-06,4.552084289361464e-05,1.1369334185675315e-11,2.4976106466759053e-07,6.587860806631892e-21,1.4472185460248143e-16,1.0237778931184211e-07,0.002248994788809354,0.07501835677819438,0.003998471684660545,0.05329991026706657,0.07491172189909555,1.1000633853883245e-17,1.468479641770998e-16,0.07491172328357544,1.0284460926884054e-07,1.3728773649956795e-06,9.923629195619529e-06,9.923629195619529e-06,0.07501835677819438,0.003998471684660545,0.05329991026706657,402.92433401537653,True
current_adamw_grad_projection,62,7,53,torch.float32,1.1920928955078125e-07,7.079248571757639e-06,2.505380598499995e-05,1.4137283635936291e-11,5.6427688648984e-07,3.415825870386727e-21,1.3633959935797265e-16,1.0253672129146096e-07,0.004092304931946918,0.07558758989372062,0.0038051661700060023,0.0503411495902466,0.07549175091597715,1.024093037622262e-17,1.3565628365966564e-16,0.0754917506607042,1.0248102148481253e-07,1.3575128485946886e-06,1.0455949318731478e-05,1.0455949318731478e-05,0.07558758989372062,0.0038051661700060023,0.0503411495902466,363.92354763896725,True
current_adamw_grad_projection,63,0,58,torch.float32,1.1920928955078125e-07,4.814231254404896e-06,3.551698333602147e-05,1.3621577833781396e-11,3.8352293900947195e-07,5.0670643725399364e-21,1.426659557373295e-16,1.0726469069463503e-07,0.0030200208427446223,0.07809062556906425,0.004386393784121902,0.05617055507184437,0.07796733515606655,1.1248224240098633e-17,1.4426841981431273e-16,0.07796733548923677,1.0566544519209337e-07,1.3552527417931356e-06,1.0439848507249471e-05,1.0439848507249471e-05,0.07809062556906425,0.004386393784121902,0.05617055507184437,420.15875815400705,True
current_adamw_grad_projection,63,1,60,torch.float32,1.1920928955078125e-07,3.342961442244951e-06,3.900627275964642e-05,1.0862862527622855e-11,2.7849014425343733e-07,5.6385316521956815e-21,1.4455448452970855e-16,1.1160230493830535e-07,0.0028611948702889833,0.07586079202056492,0.004294033470709866,0.056604121263930475,0.0757391645223251,1.1048978839631237e-17,1.4588197413208074e-16,0.07573916577565376,1.1057078451033473e-07,1.459889125764276e-06,1.0674176789817389e-05,1.0674176789817389e-05,0.07586079202056492,0.004294033470709866,0.056604121263930475,402.28240128139447,True
current_adamw_grad_projection,63,2,60,torch.float32,1.1920928955078125e-07,3.920330339574255e-06,4.1509566002451707e-05,1.27650710158852e-11,3.0752118716758564e-07,6.072744155218019e-21,1.4629746200814593e-16,1.031757099264919e-07,0.002485588397541607,0.07870010744080139,0.004201810352835782,0.05339014760553414,0.07858785975551494,1.1674179566191396e-17,1.4854940193701046e-16,0.07858785911414289,1.0375996679743399e-07,1.3203052986432743e-06,9.979308991413897e-06,9.979308991413897e-06,0.07870010744080139,0.004201810352835782,0.05339014760553414,421.0522348241727,True
current_adamw_grad_projection,63,3,49,torch.float32,1.1920928955078125e-07,5.138758647397377e-06,3.697149562584367e-05,1.6305205213946748e-11,4.4102097948531856e-07,4.8408697525043486e-21,1.3093518859759012e-16,9.449144815457975e-08,0.002555810776291411,0.07516242224157865,0.0035151220388007004,0.0467670138078146,0.07508018136814598,9.938031355019571e-18,1.3236557469526767e-16,0.0750801817917581,9.430836492111433e-08,1.2561019788509222e-06,1.0005683847304924e-05,1.0005683847304924e-05,0.07516242224157865,0.0035151220388007004,0.0467670138078146,351.31252320624884,True
current_adamw_grad_projection,63,4,60,torch.float32,1.1920928955078125e-07,8.425881056896194e-06,4.568170135079432e-05,3.5650756343284624e-11,7.80416562630164e-07,6.7551552305776365e-21,1.478744230366156e-16,1.2350766428655542e-07,0.0027035308169209146,0.1093399523127335,0.0095309194844901,0.08716776697715962,0.10892376575169904,1.6666929875093828e-17,1.5301463147250625e-16,0.10892376563519801,1.239819887015009e-07,1.138245524091915e-06,1.1837246511771693e-05,1.1837246511771693e-05,0.1093399523127335,0.0095309194844901,0.08716776697715962,805.1635551402906,True
current_adamw_grad_projection,63,5,53,torch.float32,1.1920928955078125e-07,5.678672305444112e-06,4.518201951209926e-05,1.9571569273090847e-11,4.33171635186643e-07,6.0749557276899535e-21,1.344551614401325e-16,9.511536182234973e-08,0.0021050997509175226,0.07684007204114748,0.005103770584489675,0.06642068973798763,0.07667038670249182,1.0551461965360259e-17,1.376210870867739e-16,0.0766703864129406,9.551364249643246e-08,1.2457696767302511e-06,9.757444147679437e-06,9.757444147679437e-06,0.07684007204114748,0.005103770584489675,0.06642068973798763,523.0642888899835,True
current_adamw_grad_projection,63,6,60,torch.float32,1.1920928955078125e-07,3.095485046437789e-06,4.6172671295916185e-05,1.144533197992043e-11,2.478810876366326e-07,6.724870879225227e-21,1.4564612985301169e-16,1.0323711948546132e-07,0.002235833208362563,0.0752922898989799,0.003981164857885901,0.052876129325160025,0.07518696193228162,1.1116509643705238e-17,1.4785156040375066e-16,0.07518696107420343,1.0321190367529063e-07,1.3727367378690683e-06,9.935628253780892e-06,9.935628253780892e-06,0.0752922898989799,0.003981164857885901,0.052876129325160025,400.6958348477776,True
current_adamw_grad_projection,63,7,53,torch.float32,1.1920928955078125e-07,7.079248571757639e-06,2.5824567554005836e-05,1.3818646572881581e-11,5.350969205576521e-07,3.492309244527758e-21,1.3523205131024701e-16,1.0243652896021321e-07,0.003966529293867403,0.07541296784135255,0.003775747545672107,0.05006761640272806,0.07531838719139056,1.0343044039572378e-17,1.3732428992790043e-16,0.07531838767725771,1.0237745398579282e-07,1.359262421076833e-06,1.046339404125695e-05,1.046339404125695e-05,0.07541296784135255,0.003775747545672107,0.05006761640272806,360.85303972921326,True
current_adamw_grad_projection,64,0,58,torch.float32,1.1920928955078125e-07,4.814231254404896e-06,3.801524751680789e-05,1.5503483926067275e-11,4.0782278003615876e-07,5.3536765398281634e-21,1.4082971674619658e-16,1.0646046694694825e-07,0.002800428199022892,0.078572652915841,0.004363476230950259,0.05553428666363053,0.07845139808451566,1.1323730615150626e-17,1.4434071146764745e-16,0.07845139695498426,1.0654169989349656e-07,1.3580599457601835e-06,1.0452740781262294e-05,1.0452740781262294e-05,0.078572652915841,0.004363476230950259,0.05553428666363053,417.4480475754529,True
current_adamw_grad_projection,64,1,60,torch.float32,1.1920928955078125e-07,3.342961442244951e-06,4.5788583890389214e-05,1.258050271079343e-11,2.747519499818821e-07,6.656075074387029e-21,1.4536538387648968e-16,1.109472929199185e-07,0.002423019843652864,0.07557121790383213,0.004263819965620887,0.05642121542948792,0.07545083707136224,1.1041803498272464e-17,1.4634434721816279e-16,0.07545083785830216,1.1045271549981986e-07,1.4639031008144903e-06,1.0683850531024236e-05,1.0683850531024236e-05,0.07557121790383213,0.004263819965620887,0.05642121542948792,399.0901925517789,True
current_adamw_grad_projection,64,2,60,torch.float32,1.1920928955078125e-07,3.920330339574255e-06,4.521203760996029e-05,1.4413077430389084e-11,3.1878849510675136e-07,6.5422205781670534e-21,1.4470085676311397e-16,1.038147671754997e-07,0.002296198748316509,0.07909047366354346,0.004208097356249417,0.053206121563400474,0.07897844605310989,1.1656448087806234e-17,1.4759024354527985e-16,0.07897844720935952,1.0361762647598908e-07,1.311973457787983e-06,9.992059766036726e-06,9.992059766036726e-06,0.07909047366354346,0.004208097356249417,0.053206121563400474,421.1441339205006,True
current_adamw_grad_projection,64,3,49,torch.float32,1.1920928955078125e-07,5.138758647397377e-06,3.749308970207223e-05,1.520386079402794e-11,4.0551101322512844e-07,4.883662962475887e-21,1.302550150249786e-16,9.328411814548763e-08,0.0024879446917967177,0.07535241794537217,0.003507636951203258,0.046549759740240455,0.07527073384279312,1.0006444673933981e-17,1.3293937979710637e-16,0.07527073223611311,9.51061939353015e-08,1.2635215721957838e-06,1.001652691059258e-05,1.001652691059258e-05,0.07535241794537217,0.003507636951203258,0.046549759740240455,350.1849475883598,True
current_adamw_grad_projection,64,4,60,torch.float32,1.1920928955078125e-07,8.425881056896194e-06,4.985378992505728e-05,4.306344505059469e-11,8.637948110931951e-07,7.413455076950384e-21,1.4870394182864386e-16,1.247675611356216e-07,0.0025025276446083637,0.10931960702942588,0.009436589317431058,0.0863211053703384,0.1089115570686704,1.6547601122999708e-17,1.5193613578186375e-16,0.10891155631488618,1.2381573816131886e-07,1.1368466520057942e-06,1.1860579302189142e-05,1.1860579302189142e-05,0.10931960702942588,0.009436589317431058,0.0863211053703384,795.6263414291508,True
current_adamw_grad_projection,64,5,53,torch.float32,1.1920928955078125e-07,5.678672305444112e-06,4.756826685669752e-05,2.1197760550309695e-11,4.4562818767749765e-07,6.388740999765279e-21,1.343067852148662e-16,9.625568482117547e-08,0.0020234966746060143,0.07688409697543162,0.005048258959618272,0.06566063930270843,0.07671818199882091,1.0548652940885654e-17,1.3749873453789322e-16,0.07671818116780232,9.550062520075955e-08,1.244823896331369e-06,9.770487041913374e-06,9.770487041913374e-06,0.07688409697543162,0.005048258959618272,0.06566063930270843,516.6844741682049,True
current_adamw_grad_projection,64,6,60,torch.float32,1.1920928955078125e-07,3.095485046437789e-06,4.257848311816451e-05,1.0809017482705868e-11,2.5386102770989995e-07,6.233542516844542e-21,1.4640123509203729e-16,1.0346663895542776e-07,0.0024299832585414783,0.07542781408511509,0.003974277495942211,0.05268981401817521,0.07532303934417367,1.1144890732504607e-17,1.479612457163371e-16,0.07532303959530268,1.0315894203406177e-07,1.3695536264643122e-06,9.947151987262934e-06,9.947151987262934e-06,0.07542781408511509,0.003974277495942211,0.05268981401817521,399.53923505252243,True
current_adamw_grad_projection,64,7,53,torch.float32,1.1920928955078125e-07,7.079248571757639e-06,2.925147827380448e-05,1.63614491558401e-11,5.593375145929714e-07,3.928063453026291e-21,1.342859809086844e-16,1.0246936063946489e-07,0.0035028649187214696,0.07681154797768083,0.003870723336540728,0.05039246621699964,0.07671395833601291,1.0502995895778044e-17,1.3691114529345666e-16,0.07671395874348808,1.0299512926261029e-07,1.3425865507345247e-06,1.0472610315907964e-05,1.0472610315907964e-05,0.07681154797768083,0.003870723336540728,0.05039246621699964,369.60444624403465,True
