replicate,input_family,candidate_family,candidate_kind,matching_family,recruitment,mean_value,median_value,positive_fraction,mean_loss
0,DELAY_COPY,DELAY_COPY,trained,1,0.0,0.0,0.0,0.0,8.46843634173274
0,DELAY_COPY,DELAY_COPY,trained,1,0.0001,0.00037767365574832383,0.0003771781921386,0.98828125,8.468058668076992
0,DELAY_COPY,DELAY_COPY,trained,1,0.0003,0.0011243112385272527,0.0011177062988281,0.98828125,8.467312030494213
0,DELAY_COPY,DELAY_COPY,trained,1,0.001,0.0037112254649400243,0.0036959648132324,0.98828125,8.4647251162678
0,DELAY_COPY,DELAY_COPY,trained,1,0.003,0.01105611585080619,0.010944604873657199,0.9921875,8.457380225881934
0,DELAY_COPY,DELAY_COPY,trained,1,0.01,0.03657693974673744,0.03577733039855955,1.0,8.431859401986003
0,DELAY_COPY,DELAY_COPY,trained,1,0.02,0.07260587625205513,0.0705456733703613,1.0,8.395830465480685
0,DELAY_COPY,DELAY_COPY,trained,1,0.05,0.17928471975028512,0.17182016372680659,1.0,8.289151621982455
0,DELAY_COPY,DELAY_COPY,trained,1,0.1,0.3665949981659651,0.3711271286010742,0.98828125,8.101841343566775
0,DELAY_COPY,DELAY_COPY,trained,1,0.25,0.7355954088270664,0.6572909355163574,0.984375,7.732840932905674
0,DELAY_COPY,DELAY_COPY,trained,1,0.5,1.0351097024977207,0.8556983470916748,0.90234375,7.43332663923502
0,DELAY_COPY,DELAY_COPY,trained,1,1.0,1.237115828320384,0.8803596496582031,0.796875,7.231320513412356
0,DELAY_COPY,LOCAL_RULE,trained,0,0.0,0.0,0.0,0.0,8.46843634173274
0,DELAY_COPY,LOCAL_RULE,trained,0,0.0001,0.00037163682281966375,0.0003719329833984,1.0,8.46806470490992
0,DELAY_COPY,LOCAL_RULE,trained,0,0.0003,0.0011068470776080628,0.0011038780212402001,0.99609375,8.467329494655132
0,DELAY_COPY,LOCAL_RULE,trained,0,0.001,0.0036540459841489328,0.0036385059356689,0.9921875,8.464782295748591
0,DELAY_COPY,LOCAL_RULE,trained,0,0.003,0.01088562794029708,0.0108017921447753,1.0,8.457550713792443
0,DELAY_COPY,LOCAL_RULE,trained,0,0.01,0.03601207584142681,0.03530454635620115,1.0,8.432424265891314
0,DELAY_COPY,LOCAL_RULE,trained,0,0.02,0.07147858291864391,0.0695109367370605,1.0,8.396957758814096
0,DELAY_COPY,LOCAL_RULE,trained,0,0.05,0.17636981420218942,0.16940069198608393,1.0,8.292066527530551
0,DELAY_COPY,LOCAL_RULE,trained,0,0.1,0.3605009224265814,0.3631551265716553,0.98828125,8.107935419306159
0,DELAY_COPY,LOCAL_RULE,trained,0,0.25,0.726484727114439,0.6502342224121094,0.984375,7.741951614618301
0,DELAY_COPY,LOCAL_RULE,trained,0,0.5,1.0256394743919373,0.8515365123748779,0.90625,7.442796867340803
0,DELAY_COPY,LOCAL_RULE,trained,0,1.0,1.236636221408844,0.8902490139007568,0.80859375,7.231800120323896
0,DELAY_COPY,LOOKUP,trained,0,0.0,0.0,0.0,0.0,8.46843634173274
0,DELAY_COPY,LOOKUP,trained,0,0.0001,0.00015616603195663526,0.0001626014709472,0.96875,8.468280175700784
0,DELAY_COPY,LOOKUP,trained,0,0.0003,0.00045296736061568757,0.0004703998565673,0.96875,8.467983374372125
0,DELAY_COPY,LOOKUP,trained,0,0.001,0.0014577042311429535,0.0015144348144530998,0.96875,8.466978637501597
0,DELAY_COPY,LOOKUP,trained,0,0.003,0.0042826924473046805,0.0044479370117187,0.97265625,8.464153649285436
0,DELAY_COPY,LOOKUP,trained,0,0.01,0.014040978625416709,0.014241695404052651,0.9765625,8.454395363107324
0,DELAY_COPY,LOOKUP,trained,0,0.02,0.028280479833483647,0.027918338775634752,0.98828125,8.440155861899257
0,DELAY_COPY,LOOKUP,trained,0,0.05,0.07954940199851986,0.07983350753784174,0.99609375,8.38888693973422
0,DELAY_COPY,LOOKUP,trained,0,0.1,0.23403436504304406,0.25513434410095215,0.97265625,8.234401976689696
0,DELAY_COPY,LOOKUP,trained,0,0.25,0.4685673173516989,0.45630598068237305,0.95703125,7.9998690243810415
0,DELAY_COPY,LOOKUP,trained,0,0.5,0.8345511462539434,0.6437873840332031,0.8515625,7.633885195478797
0,DELAY_COPY,LOOKUP,trained,0,1.0,0.9026847165077925,0.28281450271606445,0.5703125,7.565751625224948
0,DELAY_COPY,MOD_ADD,trained,0,0.0,0.0,0.0,0.0,8.46843634173274
0,DELAY_COPY,MOD_ADD,trained,0,0.0001,0.0003842674195766046,0.0003840923309326,1.0,8.468052074313164
0,DELAY_COPY,MOD_ADD,trained,0,0.0003,0.001144234091043423,0.0011377334594725999,0.99609375,8.467292107641697
0,DELAY_COPY,MOD_ADD,trained,0,0.001,0.003777522593736604,0.0037584304809569497,0.9921875,8.464658819139004
0,DELAY_COPY,MOD_ADD,trained,0,0.003,0.011254010722041085,0.01114869117736815,1.0,8.4571823310107
0,DELAY_COPY,MOD_ADD,trained,0,0.01,0.03722590208053584,0.0363545417785644,1.0,8.431210439652205
0,DELAY_COPY,MOD_ADD,trained,0,0.02,0.07387542352080341,0.07188034057617185,1.0,8.394560918211937
0,DELAY_COPY,MOD_ADD,trained,0,0.05,0.18228402920067308,0.17502427101135248,1.0,8.286152312532067
0,DELAY_COPY,MOD_ADD,trained,0,0.1,0.37146314047276974,0.3763144016265869,0.98828125,8.09697320125997
0,DELAY_COPY,MOD_ADD,trained,0,0.25,0.7422470562160015,0.6635713577270508,0.984375,7.726189285516739
0,DELAY_COPY,MOD_ADD,trained,0,0.5,1.038768719881773,0.8581531047821045,0.90625,7.429667621850967
0,DELAY_COPY,MOD_ADD,trained,0,1.0,1.233527610078454,0.8633596897125244,0.79296875,7.234908731654286
0,DELAY_COPY,PARITY,trained,0,0.0,0.0,0.0,0.0,8.46843634173274
0,DELAY_COPY,PARITY,trained,0,0.0001,0.0003936700522899244,0.00036001205444329996,0.96484375,8.46804267168045
0,DELAY_COPY,PARITY,trained,0,0.0003,0.0011630039662122304,0.0010592937469482001,0.96484375,8.467273337766528
0,DELAY_COPY,PARITY,trained,0,0.001,0.0038207359611987643,0.00346422195434565,0.9609375,8.464615605771542
0,DELAY_COPY,PARITY,trained,0,0.003,0.011383170261979058,0.0102601051330566,0.9609375,8.457053171470761
0,DELAY_COPY,PARITY,trained,0,0.01,0.037925420328974675,0.03332567214965815,0.97265625,8.430510921403766
0,DELAY_COPY,PARITY,trained,0,0.02,0.07690834626555439,0.06700706481933591,0.97265625,8.391527995467186
0,DELAY_COPY,PARITY,trained,0,0.05,0.20239402912557122,0.1728124618530273,0.9765625,8.26604231260717
0,DELAY_COPY,PARITY,trained,0,0.1,0.44554881751537323,0.41865444183349604,0.95703125,8.022887524217367
0,DELAY_COPY,PARITY,trained,0,0.25,0.9242326710373163,0.6705954074859619,0.86328125,7.544203670695424
0,DELAY_COPY,PARITY,trained,0,0.5,1.1304496452212334,0.6565649509429932,0.7578125,7.337986696511507
0,DELAY_COPY,PARITY,trained,0,1.0,0.5898294486105442,-0.12308740615844725,0.47265625,7.878606893122196
0,DELAY_COPY,RANDOM,untrained-control,0,0.0,0.0,0.0,0.0,8.46843634173274
0,DELAY_COPY,RANDOM,untrained-control,0,0.0001,-5.62518835067749e-07,0.0,0.1015625,8.468436904251575
0,DELAY_COPY,RANDOM,untrained-control,0,0.0003,-1.5404075384140015e-06,-9.5367431640625e-07,0.125,8.468437882140279
0,DELAY_COPY,RANDOM,untrained-control,0,0.001,-4.827976226806641e-06,-2.86102294921875e-06,0.171875,8.468441169708967
0,DELAY_COPY,RANDOM,untrained-control,0,0.003,-1.4424324035644531e-05,-8.58306884765625e-06,0.1953125,8.468450766056776
0,DELAY_COPY,RANDOM,untrained-control,0,0.01,-4.8194080591191625e-05,-2.7894973754882812e-05,0.2109375,8.468484535813332
0,DELAY_COPY,RANDOM,untrained-control,0,0.02,-9.699352085588662e-05,-5.6743621826171875e-05,0.203125,8.468533335253596
0,DELAY_COPY,RANDOM,untrained-control,0,0.05,-0.00024712271988389534,-0.0001485347747802,0.1953125,8.468683464452624
0,DELAY_COPY,RANDOM,untrained-control,0,0.1,-0.0005013160407542907,-0.000309944152832,0.1953125,8.468937657773495
0,DELAY_COPY,RANDOM,untrained-control,0,0.25,-0.001264560967683761,-0.0007815361022948501,0.19140625,8.469700902700424
0,DELAY_COPY,RANDOM,untrained-control,0,0.5,-0.0025075711309909526,-0.00151062011718745,0.19140625,8.470943912863731
0,DELAY_COPY,RANDOM,untrained-control,0,1.0,-0.004937276244163487,-0.00297164916992185,0.2109375,8.473373617976904
0,DELAY_COPY,REVERSE_INC,trained,0,0.0,0.0,0.0,0.0,8.46843634173274
0,DELAY_COPY,REVERSE_INC,trained,0,0.0001,0.00038604810833926817,0.000385046005249,1.0,8.468050293624401
0,DELAY_COPY,REVERSE_INC,trained,0,0.0003,0.0011498872190713466,0.00114393234252925,0.99609375,8.467286454513669
0,DELAY_COPY,REVERSE_INC,trained,0,0.001,0.00379741005599494,0.0037736892700194497,0.99609375,8.464638931676745
0,DELAY_COPY,REVERSE_INC,trained,0,0.003,0.011314883828163097,0.011214256286621049,1.0,8.457121457904577
0,DELAY_COPY,REVERSE_INC,trained,0,0.01,0.037431953474879216,0.0366387367248535,1.0,8.431004388257861
0,DELAY_COPY,REVERSE_INC,trained,0,0.02,0.07428556680679317,0.0722627639770507,1.0,8.394150774925947
0,DELAY_COPY,REVERSE_INC,trained,0,0.05,0.18308343365788457,0.17584037780761713,1.0,8.285352908074856
0,DELAY_COPY,REVERSE_INC,trained,0,0.1,0.37170783057808876,0.37373781204223633,0.98828125,8.096728511154652
0,DELAY_COPY,REVERSE_INC,trained,0,0.25,0.7451682295650244,0.6630713939666748,0.984375,7.723268112167716
0,DELAY_COPY,REVERSE_INC,trained,0,0.5,1.0412939954549074,0.8614428043365479,0.90625,7.427142346277833
0,DELAY_COPY,REVERSE_INC,trained,0,1.0,1.238795455545187,0.8868606090545654,0.796875,7.229640886187553
0,LOCAL_RULE,DELAY_COPY,trained,0,0.0,0.0,0.0,0.0,8.535871839150786
0,LOCAL_RULE,DELAY_COPY,trained,0,0.0001,0.00038168765604491156,0.00038695335388180005,1.0,8.535490151494741
0,LOCAL_RULE,DELAY_COPY,trained,0,0.0003,0.0011383593082427523,0.0011460781097412,1.0,8.534733479842544
0,LOCAL_RULE,DELAY_COPY,trained,0,0.001,0.0037646759301423536,0.0037856101989746,1.0,8.532107163220644
0,LOCAL_RULE,DELAY_COPY,trained,0,0.003,0.011229189112782431,0.01124858856201165,1.0,8.524642650038004
0,LOCAL_RULE,DELAY_COPY,trained,0,0.01,0.03718188777565951,0.037391662597656194,1.0,8.498689951375127
0,LOCAL_RULE,DELAY_COPY,trained,0,0.02,0.07376612350344654,0.07389974594116205,1.0,8.46210571564734
0,LOCAL_RULE,DELAY_COPY,trained,0,0.05,0.1818746607750654,0.17996430397033686,1.0,8.353997178375721
0,LOCAL_RULE,DELAY_COPY,trained,0,0.1,0.37030835822224617,0.36305809020996094,1.0,8.16556348092854
0,LOCAL_RULE,DELAY_COPY,trained,0,0.25,0.7411135267466307,0.6977307796478271,1.0,7.794758312404156
0,LOCAL_RULE,DELAY_COPY,trained,0,0.5,1.0407564211636782,1.0003464221954346,0.9921875,7.495115417987108
0,LOCAL_RULE,DELAY_COPY,trained,0,1.0,1.2401195205748081,1.1191127300262451,0.9375,7.295752318575978
0,LOCAL_RULE,LOCAL_RULE,trained,1,0.0,0.0,0.0,0.0,8.535871839150786
0,LOCAL_RULE,LOCAL_RULE,trained,1,0.0001,0.00037572905421252146,0.0003819465637207,1.0,8.535496110096574
0,LOCAL_RULE,LOCAL_RULE,trained,1,0.0003,0.0011207628995179655,0.0011303424835205,1.0,8.534751076251268
0,LOCAL_RULE,LOCAL_RULE,trained,1,0.001,0.003706745803356123,0.0037262439727783,1.0,8.53216509334743
0,LOCAL_RULE,LOCAL_RULE,trained,1,0.003,0.011056298390030814,0.011067867279052651,1.0,8.524815540760756
0,LOCAL_RULE,LOCAL_RULE,trained,1,0.01,0.03660666570067401,0.0368051528930664,1.0,8.499265173450112
0,LOCAL_RULE,LOCAL_RULE,trained,1,0.02,0.07262406311929222,0.0728974342346191,1.0,8.463247776031494
0,LOCAL_RULE,LOCAL_RULE,trained,1,0.05,0.17895146273076531,0.177750825881958,1.0,8.356920376420021
0,LOCAL_RULE,LOCAL_RULE,trained,1,0.1,0.3645389024168253,0.35838127136230463,1.0,8.171332936733961
0,LOCAL_RULE,LOCAL_RULE,trained,1,0.25,0.732089115306735,0.6911540031433105,1.0,7.803782723844051
0,LOCAL_RULE,LOCAL_RULE,trained,1,0.5,1.032234564423561,0.9916071891784668,0.9921875,7.503637274727225
0,LOCAL_RULE,LOCAL_RULE,trained,1,1.0,1.2409587111324072,1.1236393451690674,0.9375,7.294913128018379
0,LOCAL_RULE,LOOKUP,trained,0,0.0,0.0,0.0,0.0,8.535871839150786
0,LOCAL_RULE,LOOKUP,trained,0,0.0001,0.00015657208859916645,0.0001580715179443,0.99609375,8.535715267062187
0,LOCAL_RULE,LOOKUP,trained,0,0.0003,0.0004573743790387624,0.00045728683471675004,0.99609375,8.535414464771748
0,LOCAL_RULE,LOOKUP,trained,0,0.001,0.0014817323535680305,0.0014691352844238,0.99609375,8.534390106797218
0,LOCAL_RULE,LOOKUP,trained,0,0.003,0.004374459385871841,0.0043706893920898,0.99609375,8.531497379764915
0,LOCAL_RULE,LOOKUP,trained,0,0.01,0.014389341697096778,0.0141248703002929,1.0,8.52148249745369
0,LOCAL_RULE,LOOKUP,trained,0,0.02,0.02890080399811263,0.02837491035461425,1.0,8.506971035152674
0,LOCAL_RULE,LOOKUP,trained,0,0.05,0.08123524673283096,0.0804157257080078,1.0,8.454636592417955
0,LOCAL_RULE,LOOKUP,trained,0,0.1,0.23803628422319886,0.23489332199096674,1.0,8.297835554927588
0,LOCAL_RULE,LOOKUP,trained,0,0.25,0.47755885124206543,0.4639549255371094,1.0,8.058312987908721
0,LOCAL_RULE,LOOKUP,trained,0,0.5,0.835097448900342,0.7769558429718018,0.97265625,7.700774390250444
0,LOCAL_RULE,LOOKUP,trained,0,1.0,0.9152117557823658,0.6686594486236572,0.70703125,7.620660083368421
0,LOCAL_RULE,MOD_ADD,trained,0,0.0,0.0,0.0,0.0,8.535871839150786
0,LOCAL_RULE,MOD_ADD,trained,0,0.0001,0.00038835406303401197,0.00039339065551749995,1.0,8.535483485087752
0,LOCAL_RULE,MOD_ADD,trained,0,0.0003,0.0011582653969525836,0.0011663436889648,1.0,8.534713573753834
0,LOCAL_RULE,MOD_ADD,trained,0,0.001,0.003830578178167297,0.0038487911224364497,1.0,8.532041260972619
0,LOCAL_RULE,MOD_ADD,trained,0,0.003,0.011425971984863234,0.01144504547119135,1.0,8.524445867165923
0,LOCAL_RULE,MOD_ADD,trained,0,0.01,0.037827137857675504,0.03813076019287105,1.0,8.49804470129311
0,LOCAL_RULE,MOD_ADD,trained,0,0.02,0.075028458610177,0.07516670227050776,1.0,8.46084338054061
0,LOCAL_RULE,MOD_ADD,trained,0,0.05,0.18486521393060681,0.18288755416870114,1.0,8.35100662522018
0,LOCAL_RULE,MOD_ADD,trained,0,0.1,0.3752524275332689,0.36800146102905273,1.0,8.160619411617517
0,LOCAL_RULE,MOD_ADD,trained,0,0.25,0.7480797711759806,0.7066679000854492,1.0,7.787792067974806
0,LOCAL_RULE,MOD_ADD,trained,0,0.5,1.0452164318412542,1.0070841312408447,0.9921875,7.490655407309532
0,LOCAL_RULE,MOD_ADD,trained,0,1.0,1.2379149422049522,1.1047086715698242,0.9375,7.297956896945834
0,LOCAL_RULE,PARITY,trained,0,0.0,0.0,0.0,0.0,8.535871839150786
0,LOCAL_RULE,PARITY,trained,0,0.0001,0.0004001427441834945,0.0003848075866699,0.99609375,8.535471696406603
0,LOCAL_RULE,PARITY,trained,0,0.0003,0.001185936853289558,0.0011265277862548499,0.99609375,8.534685902297497
0,LOCAL_RULE,PARITY,trained,0,0.001,0.003907565027475311,0.0036473274230957,0.99609375,8.531964274123311
0,LOCAL_RULE,PARITY,trained,0,0.003,0.011665605008602095,0.0109715461730957,0.99609375,8.524206234142184
0,LOCAL_RULE,PARITY,trained,0,0.01,0.0388982947915792,0.03648352622985835,0.99609375,8.496973544359207
0,LOCAL_RULE,PARITY,trained,0,0.02,0.07878051511943336,0.0750670433044433,0.99609375,8.457091324031353
0,LOCAL_RULE,PARITY,trained,0,0.05,0.20707951113581655,0.1950674057006836,0.99609375,8.32879232801497
0,LOCAL_RULE,PARITY,trained,0,0.1,0.4507114812731743,0.4170749187469482,0.99609375,8.085160357877612
0,LOCAL_RULE,PARITY,trained,0,0.25,0.9219800513237715,0.8473660945892334,0.984375,7.613891787827015
0,LOCAL_RULE,PARITY,trained,0,0.5,1.1315514296293259,0.9487209320068359,0.890625,7.4043204095214605
0,LOCAL_RULE,PARITY,trained,0,1.0,0.609676057472825,0.3500983715057373,0.625,7.926195781677961
0,LOCAL_RULE,RANDOM,untrained-control,0,0.0,0.0,0.0,0.0,8.535871839150786
0,LOCAL_RULE,RANDOM,untrained-control,0,0.0001,-4.600733518600464e-07,0.0,0.08984375,8.535872299224138
0,LOCAL_RULE,RANDOM,untrained-control,0,0.0003,-1.3522803783416748e-06,-9.5367431640625e-07,0.09375,8.535873191431165
0,LOCAL_RULE,RANDOM,untrained-control,0,0.001,-4.55416738986969e-06,-3.814697265625e-06,0.1015625,8.535876393318176
0,LOCAL_RULE,RANDOM,untrained-control,0,0.003,-1.3653188943862915e-05,-1.1444091796875e-05,0.11328125,8.53588549233973
0,LOCAL_RULE,RANDOM,untrained-control,0,0.01,-4.5906752347940014e-05,-3.790855407714844e-05,0.11328125,8.535917745903134
0,LOCAL_RULE,RANDOM,untrained-control,0,0.02,-9.230710566042135e-05,-7.653236389160156e-05,0.11328125,8.535964146256447
0,LOCAL_RULE,RANDOM,untrained-control,0,0.05,-0.00023410841822621247,-0.0001993179321289,0.1171875,8.536105947569013
0,LOCAL_RULE,RANDOM,untrained-control,0,0.1,-0.000473346561193433,-0.00041222572326654995,0.11328125,8.53634518571198
0,LOCAL_RULE,RANDOM,untrained-control,0,0.25,-0.0011885408312081924,-0.0010414123535155998,0.1171875,8.537060379981995
0,LOCAL_RULE,RANDOM,untrained-control,0,0.5,-0.0023462362587451605,-0.0020527839660644,0.12109375,8.538218075409532
0,LOCAL_RULE,RANDOM,untrained-control,0,1.0,-0.004588333889842002,-0.0040686130523681,0.14453125,8.540460173040628
0,LOCAL_RULE,REVERSE_INC,trained,0,0.0,0.0,0.0,0.0,8.535871839150786
0,LOCAL_RULE,REVERSE_INC,trained,0,0.0001,0.000390214845538091,0.00039553642272940003,1.0,8.535481624305248
0,LOCAL_RULE,REVERSE_INC,trained,0,0.0003,0.0011639688163995261,0.0011734962463378,1.0,8.534707870334387
0,LOCAL_RULE,REVERSE_INC,trained,0,0.001,0.003850474953651383,0.00387001037597655,1.0,8.532021364197135
0,LOCAL_RULE,REVERSE_INC,trained,0,0.003,0.01148658618330951,0.011518955230712849,1.0,8.524385252967477
0,LOCAL_RULE,REVERSE_INC,trained,0,0.01,0.038030175492167424,0.03831291198730465,1.0,8.497841663658619
0,LOCAL_RULE,REVERSE_INC,trained,0,0.02,0.0754365790635347,0.0756592750549316,1.0,8.460435260087252
0,LOCAL_RULE,REVERSE_INC,trained,0,0.05,0.18566728383302686,0.18395829200744623,1.0,8.35020455531776
0,LOCAL_RULE,REVERSE_INC,trained,0,0.1,0.37573885172605515,0.3685755729675293,1.0,8.160132987424731
0,LOCAL_RULE,REVERSE_INC,trained,0,0.25,0.750689335167408,0.7095708847045898,1.0,7.785182503983378
0,LOCAL_RULE,REVERSE_INC,trained,0,0.5,1.0478493589907885,1.0114963054656982,0.9921875,7.488022480159998
0,LOCAL_RULE,REVERSE_INC,trained,0,1.0,1.2434082571417093,1.1243557929992676,0.9375,7.292463582009077
0,LOOKUP,DELAY_COPY,trained,0,0.0,0.0,0.0,0.0,8.255604533478618
0,LOOKUP,DELAY_COPY,trained,0,0.0001,0.00035081617534156445,0.0002119541168212,0.91796875,8.255253717303276
0,LOOKUP,DELAY_COPY,trained,0,0.0003,0.0010444205254315907,0.00062441825866695,0.921875,8.254560112953186
0,LOOKUP,DELAY_COPY,trained,0,0.001,0.0034492257982492013,0.00203537940979,0.921875,8.252155307680368
0,LOOKUP,DELAY_COPY,trained,0,0.003,0.010290546342730482,0.005992412567138601,0.9296875,8.245313987135887
0,LOOKUP,DELAY_COPY,trained,0,0.01,0.03419152274727817,0.0193555355072021,0.9453125,8.22141301073134
0,LOOKUP,DELAY_COPY,trained,0,0.02,0.06825435347855087,0.0373868942260742,0.95703125,8.187350180000067
0,LOOKUP,DELAY_COPY,trained,0,0.05,0.17370529472827909,0.0916109085083007,0.953125,8.081899238750339
0,LOOKUP,DELAY_COPY,trained,0,0.1,0.4320609364658594,0.3373522758483886,1.0,7.823543597012758
0,LOOKUP,DELAY_COPY,trained,0,0.25,0.9017730504274368,0.4579925537109375,1.0,7.353831483051181
0,LOOKUP,DELAY_COPY,trained,0,0.5,1.3971125613898039,0.5054221153259277,1.0,6.858491972088814
0,LOOKUP,DELAY_COPY,trained,0,1.0,1.9648664109408855,0.3994426727294922,1.0,6.290738122537732
0,LOOKUP,LOCAL_RULE,trained,0,0.0,0.0,0.0,0.0,8.255604533478618
0,LOOKUP,LOCAL_RULE,trained,0,0.0001,0.0003447141498326822,0.00020813941955559999,0.921875,8.255259819328785
0,LOOKUP,LOCAL_RULE,trained,0,0.0003,0.0010266751050948667,0.0006115436553954499,0.92578125,8.254577858373523
0,LOOKUP,LOCAL_RULE,trained,0,0.001,0.003391237929463343,0.0019938945770263,0.92578125,8.252213295549154
0,LOOKUP,LOCAL_RULE,trained,0,0.003,0.010117473080754238,0.005882978439331,0.94140625,8.245487060397863
0,LOOKUP,LOCAL_RULE,trained,0,0.01,0.03361386619508262,0.019138813018798752,0.9609375,8.221990667283535
0,LOOKUP,LOCAL_RULE,trained,0,0.02,0.06708301417529579,0.0370416641235351,0.96875,8.188521519303322
0,LOOKUP,LOCAL_RULE,trained,0,0.05,0.1703516114503145,0.0898902416229248,0.9609375,8.085252922028303
0,LOOKUP,LOCAL_RULE,trained,0,0.1,0.4207737110555172,0.32749509811401367,1.0,7.8348308224231005
0,LOOKUP,LOCAL_RULE,trained,0,0.25,0.8862985428422689,0.454430341720581,1.0,7.369305990636349
0,LOOKUP,LOCAL_RULE,trained,0,0.5,1.3752379715442657,0.5094785690307617,1.0,6.880366561934352
0,LOOKUP,LOCAL_RULE,trained,0,1.0,1.9425745736807585,0.4099435806274414,1.0,6.313029959797859
0,LOOKUP,LOOKUP,trained,1,0.0,0.0,0.0,0.0,8.255604533478618
0,LOOKUP,LOOKUP,trained,1,0.0001,0.00015361793339248577,0.00013113021850580001,0.98046875,8.255450915545225
0,LOOKUP,LOOKUP,trained,1,0.0003,0.0004468988627194917,0.0003857612609863,0.98828125,8.255157634615898
0,LOOKUP,LOOKUP,trained,1,0.001,0.0014444142580031915,0.0012381076812744,0.99609375,8.254160119220614
0,LOOKUP,LOOKUP,trained,1,0.003,0.004272120073437646,0.0035779476165771,1.0,8.25133241340518
0,LOOKUP,LOOKUP,trained,1,0.01,0.014165572822093917,0.01112437248229975,1.0,8.241438960656524
0,LOOKUP,LOOKUP,trained,1,0.02,0.0289963018149137,0.022187709808349547,1.0,8.226608231663704
0,LOOKUP,LOOKUP,trained,1,0.05,0.08540268614888187,0.06782007217407225,1.0,8.170201847329736
0,LOOKUP,LOOKUP,trained,1,0.1,0.34260699339210987,0.34548234939575195,1.0,7.912997540086508
0,LOOKUP,LOOKUP,trained,1,0.25,0.650608703494072,0.4655580520629883,1.0,7.604995829984546
0,LOOKUP,LOOKUP,trained,1,0.5,1.3290520682930946,0.4922401905059814,1.0,6.926552465185523
0,LOOKUP,LOOKUP,trained,1,1.0,2.247932044789195,0.26661825180053705,0.88671875,6.007672488689423
0,LOOKUP,MOD_ADD,trained,0,0.0,0.0,0.0,0.0,8.255604533478618
0,LOOKUP,MOD_ADD,trained,0,0.0001,0.000357510522007899,0.000216007232666,0.92578125,8.25524702295661
0,LOOKUP,MOD_ADD,trained,0,0.0003,0.0010645780712365662,0.0006353855133056001,0.92578125,8.254539955407381
0,LOOKUP,MOD_ADD,trained,0,0.001,0.0035163741558789773,0.0020744800567626,0.9296875,8.252088159322739
0,LOOKUP,MOD_ADD,trained,0,0.003,0.010491296648979144,0.006110668182373,0.9453125,8.245113236829638
0,LOOKUP,MOD_ADD,trained,0,0.01,0.03485195897519584,0.01975584030151365,0.9765625,8.220752574503422
0,LOOKUP,MOD_ADD,trained,0,0.02,0.06954751349985595,0.03816509246826165,0.984375,8.186057019978762
0,LOOKUP,MOD_ADD,trained,0,0.05,0.17671699821949002,0.09339308738708495,0.96875,8.078887535259128
0,LOOKUP,MOD_ADD,trained,0,0.1,0.43757082894444466,0.33975100517272944,1.0,7.818033704534173
0,LOOKUP,MOD_ADD,trained,0,0.25,0.9107346497476101,0.46006631851196284,1.0,7.344869883731008
0,LOOKUP,MOD_ADD,trained,0,0.5,1.4052529726177454,0.5093512535095215,1.0,6.850351560860872
0,LOOKUP,MOD_ADD,trained,0,1.0,1.982275653630495,0.39708828926086426,1.0,6.273328879848123
0,LOOKUP,PARITY,trained,0,0.0,0.0,0.0,0.0,8.255604533478618
0,LOOKUP,PARITY,trained,0,0.0001,0.0004058331251143994,0.0001883506774902,0.91796875,8.255198700353503
0,LOOKUP,PARITY,trained,0,0.0003,0.0012012682855128852,0.0005645751953125,0.91796875,8.254403265193105
0,LOOKUP,PARITY,trained,0,0.001,0.003957530483603438,0.00187349319458,0.91796875,8.251647002995014
0,LOOKUP,PARITY,trained,0,0.003,0.011837847530841787,0.0055072307586669506,0.91796875,8.243766685947776
0,LOOKUP,PARITY,trained,0,0.01,0.03974403813481327,0.0176305770874023,0.91796875,8.215860495343804
0,LOOKUP,PARITY,trained,0,0.02,0.0815646685659885,0.0344281196594238,0.91796875,8.17403986491263
0,LOOKUP,PARITY,trained,0,0.05,0.2234513349831104,0.09418272972106931,0.9375,8.032153198495507
0,LOOKUP,PARITY,trained,0,0.1,0.6199784707278013,0.4069504737854004,1.0,7.635626062750816
0,LOOKUP,PARITY,trained,0,0.25,1.3523804377764463,0.4382305145263672,1.0,6.903224095702171
0,LOOKUP,PARITY,trained,0,0.5,2.0168541483581066,0.3384327888488769,1.0,6.238750385120511
0,LOOKUP,PARITY,trained,0,1.0,2.0938596576452255,-0.09343147277832026,0.453125,6.161744875833392
0,LOOKUP,RANDOM,untrained-control,0,0.0,0.0,0.0,0.0,8.255604533478618
0,LOOKUP,RANDOM,untrained-control,0,0.0001,-1.0114163160324097e-06,-4.76837158203125e-07,0.03125,8.255605544894934
0,LOOKUP,RANDOM,untrained-control,0,0.0003,-2.9616057872772217e-06,-1.430511474609375e-06,0.015625,8.255607495084405
0,LOOKUP,RANDOM,untrained-control,0,0.001,-9.683892130851746e-06,-4.291534423828125e-06,0.0078125,8.255614217370749
0,LOOKUP,RANDOM,untrained-control,0,0.003,-2.9087066650390405e-05,-1.2874603271484377e-05,0.015625,8.255633620545268
0,LOOKUP,RANDOM,untrained-control,0,0.01,-9.712204337118488e-05,-4.3392181396484375e-05,0.015625,8.255701655521989
0,LOOKUP,RANDOM,untrained-control,0,0.02,-0.00019519962370393834,-8.606910705566406e-05,0.015625,8.255799733102322
0,LOOKUP,RANDOM,untrained-control,0,0.05,-0.0004919394850730488,-0.0002148151397705,0.015625,8.25609647296369
0,LOOKUP,RANDOM,untrained-control,0,0.1,-0.0009888820350169704,-0.0004341602325439,0.015625,8.256593415513635
0,LOOKUP,RANDOM,untrained-control,0,0.25,-0.002472035586833914,-0.00109648704528805,0.01953125,8.258076569065452
0,LOOKUP,RANDOM,untrained-control,0,0.5,-0.004889735952019648,-0.0021905899047851,0.05078125,8.260494269430637
0,LOOKUP,RANDOM,untrained-control,0,1.0,-0.009618975222110707,-0.00435113906860345,0.0703125,8.265223508700728
0,LOOKUP,REVERSE_INC,trained,0,0.0,0.0,0.0,0.0,8.255604533478618
0,LOOKUP,REVERSE_INC,trained,0,0.0001,0.0003579445183276721,0.0002143383026123,0.92578125,8.25524658896029
0,LOOKUP,REVERSE_INC,trained,0,0.0003,0.0010661426931619226,0.0006318092346191001,0.92578125,8.254538390785456
0,LOOKUP,REVERSE_INC,trained,0,0.001,0.003522543236613231,0.0020599365234374497,0.9296875,8.252081990242004
0,LOOKUP,REVERSE_INC,trained,0,0.003,0.010510874912142712,0.00607061386108395,0.9453125,8.245093658566475
0,LOOKUP,REVERSE_INC,trained,0,0.01,0.03492038510739799,0.0197069644927978,0.9609375,8.22068414837122
0,LOOKUP,REVERSE_INC,trained,0,0.02,0.06968241743743415,0.038254022598266546,0.97265625,8.185922116041183
0,LOOKUP,REVERSE_INC,trained,0,0.05,0.1767578367143869,0.092350959777832,0.9609375,8.07884669676423
0,LOOKUP,REVERSE_INC,trained,0,0.1,0.4331573564559221,0.3303706645965576,1.0,7.8224471770226955
0,LOOKUP,REVERSE_INC,trained,0,0.25,0.9090365674346685,0.45579981803894043,1.0,7.346567966043949
0,LOOKUP,REVERSE_INC,trained,0,0.5,1.3983063716441393,0.5110840797424316,1.0,6.857298161834478
0,LOOKUP,REVERSE_INC,trained,0,1.0,1.95645235106349,0.4032783508300781,1.0,6.299152182415128
0,MOD_ADD,DELAY_COPY,trained,0,0.0,0.0,0.0,0.0,8.603824689984322
0,MOD_ADD,DELAY_COPY,trained,0,0.0001,0.00038585998117919275,0.0003895759582519,1.0,8.603438830003142
0,MOD_ADD,DELAY_COPY,trained,0,0.0003,0.0011491850018500813,0.0011634826660156,1.0,8.602675504982471
0,MOD_ADD,DELAY_COPY,trained,0,0.001,0.0037937629967927473,0.00384569168090815,1.0,8.600030926987529
0,MOD_ADD,DELAY_COPY,trained,0,0.003,0.011288763955235434,0.01139950752258295,1.0,8.592535926029086
0,MOD_ADD,DELAY_COPY,trained,0,0.01,0.03720960952341552,0.0372986793518066,1.0,8.566615080460906
0,MOD_ADD,DELAY_COPY,trained,0,0.02,0.07355874218046661,0.07380008697509766,1.0,8.530265947803855
0,MOD_ADD,DELAY_COPY,trained,0,0.05,0.18143820762634275,0.18168497085571284,1.0,8.422386482357979
0,MOD_ADD,DELAY_COPY,trained,0,0.1,0.38038100115954876,0.37423253059387207,1.0,8.223443688824773
0,MOD_ADD,DELAY_COPY,trained,0,0.25,0.7493951227515936,0.7229673862457275,1.0,7.854429567232728
0,MOD_ADD,DELAY_COPY,trained,0,0.5,1.060924468562007,1.0347890853881836,0.984375,7.542900221422315
0,MOD_ADD,DELAY_COPY,trained,0,1.0,1.2774376720190048,1.1471233367919922,0.94140625,7.326387017965317
0,MOD_ADD,LOCAL_RULE,trained,0,0.0,0.0,0.0,0.0,8.603824689984322
0,MOD_ADD,LOCAL_RULE,trained,0,0.0001,0.00037967041134829476,0.0003843307495117,1.0,8.603445019572973
0,MOD_ADD,LOCAL_RULE,trained,0,0.0003,0.0011312514543532872,0.0011463165283203,1.0,8.602693438529968
0,MOD_ADD,LOCAL_RULE,trained,0,0.001,0.0037356466054915926,0.0037925243377685,1.0,8.60008904337883
0,MOD_ADD,LOCAL_RULE,trained,0,0.003,0.011117389425635291,0.011240959167480451,1.0,8.592707300558686
0,MOD_ADD,LOCAL_RULE,trained,0,0.01,0.03665713220834727,0.03677654266357415,1.0,8.567167557775974
0,MOD_ADD,LOCAL_RULE,trained,0,0.02,0.0724821854382753,0.07284164428710935,1.0,8.531342504546046
0,MOD_ADD,LOCAL_RULE,trained,0,0.05,0.17860230617225167,0.17932128906249994,1.0,8.42522238381207
0,MOD_ADD,LOCAL_RULE,trained,0,0.1,0.3742610942572355,0.3704290390014648,1.0,8.229563595727086
0,MOD_ADD,LOCAL_RULE,trained,0,0.25,0.7412796132266521,0.7137343883514404,1.0,7.8625450767576694
0,MOD_ADD,LOCAL_RULE,trained,0,0.5,1.0523552615195513,1.0269007682800293,0.984375,7.55146942846477
0,MOD_ADD,LOCAL_RULE,trained,0,1.0,1.278124175965786,1.1542901992797852,0.9453125,7.325700514018536
0,MOD_ADD,LOOKUP,trained,0,0.0,0.0,0.0,0.0,8.603824689984322
0,MOD_ADD,LOOKUP,trained,0,0.0001,0.0001640878617763106,0.0001697540283203,0.99609375,8.603660602122545
0,MOD_ADD,LOOKUP,trained,0,0.0003,0.0004775933921336653,0.0004966259002685,0.99609375,8.603347096592188
0,MOD_ADD,LOOKUP,trained,0,0.001,0.0015370752662419744,0.001598834991455,0.99609375,8.60228761471808
0,MOD_ADD,LOOKUP,trained,0,0.003,0.004485478624701451,0.004643440246582,0.99609375,8.59933921135962
0,MOD_ADD,LOOKUP,trained,0,0.01,0.014409527182578992,0.01458454132080075,0.99609375,8.589415162801743
0,MOD_ADD,LOOKUP,trained,0,0.02,0.028483649715781163,0.0280380249023437,1.0,8.57534104026854
0,MOD_ADD,LOOKUP,trained,0,0.05,0.08011560887098308,0.08048343658447266,1.0,8.523709081113338
0,MOD_ADD,LOOKUP,trained,0,0.1,0.24608586728572843,0.24696254730224604,0.99609375,8.357738822698593
0,MOD_ADD,LOOKUP,trained,0,0.25,0.4674305412918329,0.45873093605041504,0.98828125,8.136394148692489
0,MOD_ADD,LOOKUP,trained,0,0.5,0.8449796512722969,0.7900381088256836,0.96875,7.758845038712025
0,MOD_ADD,LOOKUP,trained,0,1.0,0.9408942051231861,0.7430758476257324,0.7109375,7.6629304848611355
0,MOD_ADD,MOD_ADD,trained,1,0.0,0.0,0.0,0.0,8.603824689984322
0,MOD_ADD,MOD_ADD,trained,1,0.0001,0.0003928374499082086,0.000396728515625,1.0,8.603431852534413
0,MOD_ADD,MOD_ADD,trained,1,0.0003,0.001169845461845352,0.0011854171752929,1.0,8.602654844522476
0,MOD_ADD,MOD_ADD,trained,1,0.001,0.0038628168404101866,0.0039148330688476,1.0,8.599961873143911
0,MOD_ADD,MOD_ADD,trained,1,0.003,0.01149515062570567,0.01161623001098625,1.0,8.592329539358616
0,MOD_ADD,MOD_ADD,trained,1,0.01,0.03788947314023967,0.038125514984130804,1.0,8.565935216844082
0,MOD_ADD,MOD_ADD,trained,1,0.02,0.07489423267543312,0.0752458572387695,1.0,8.528930457308888
0,MOD_ADD,MOD_ADD,trained,1,0.05,0.18462521769106385,0.1846814155578613,1.0,8.419199472293258
0,MOD_ADD,MOD_ADD,trained,1,0.1,0.3856462351977825,0.3790161609649658,1.0,8.218178454786539
0,MOD_ADD,MOD_ADD,trained,1,0.25,0.7566519379615784,0.7303528785705566,1.0,7.847172752022743
0,MOD_ADD,MOD_ADD,trained,1,0.5,1.065358804538846,1.0395605564117432,0.984375,7.538465885445476
0,MOD_ADD,MOD_ADD,trained,1,1.0,1.2750624418258667,1.145435810089111,0.94140625,7.328762248158455
0,MOD_ADD,PARITY,trained,0,0.0,0.0,0.0,0.0,8.603824689984322
0,MOD_ADD,PARITY,trained,0,0.0001,0.0004019513726233979,0.0003867149353027,0.9921875,8.603422738611698
0,MOD_ADD,PARITY,trained,0,0.0003,0.0011886227875947473,0.0011353492736815999,0.9921875,8.602636067196727
0,MOD_ADD,PARITY,trained,0,0.001,0.0039018988609313505,0.0037271976470947,0.9921875,8.59992279112339
0,MOD_ADD,PARITY,trained,0,0.003,0.011580472812056495,0.0109806060791015,0.9921875,8.592244217172265
0,MOD_ADD,PARITY,trained,0,0.01,0.03818144090473647,0.036325931549072196,0.9921875,8.565643249079585
0,MOD_ADD,PARITY,trained,0,0.02,0.07688311673700805,0.0726313591003418,0.9921875,8.526941573247313
0,MOD_ADD,PARITY,trained,0,0.05,0.20270656421780583,0.18813991546630854,0.99609375,8.401118125766516
0,MOD_ADD,PARITY,trained,0,0.1,0.45249373838305473,0.43582582473754883,0.9921875,8.151330951601267
0,MOD_ADD,PARITY,trained,0,0.25,0.9248838070780039,0.8370976448059082,0.96875,7.678940882906318
0,MOD_ADD,PARITY,trained,0,0.5,1.1710022073239088,0.9894778728485107,0.90625,7.432822482660413
0,MOD_ADD,PARITY,trained,0,1.0,0.6262329686433077,0.4431664943695068,0.640625,7.977591721341014
0,MOD_ADD,RANDOM,untrained-control,0,0.0,0.0,0.0,0.0,8.603824689984322
0,MOD_ADD,RANDOM,untrained-control,0,0.0001,-5.289912223815918e-07,0.0,0.0703125,8.603825218975544
0,MOD_ADD,RANDOM,untrained-control,0,0.0003,-1.7639249563217163e-06,-1.430511474609375e-06,0.0546875,8.603826453909278
0,MOD_ADD,RANDOM,untrained-control,0,0.001,-5.714595317840576e-06,-4.291534423828125e-06,0.0546875,8.60383040457964
0,MOD_ADD,RANDOM,untrained-control,0,0.003,-1.7406418919563293e-05,-1.33514404296875e-05,0.0625,8.603842096403241
0,MOD_ADD,RANDOM,untrained-control,0,0.01,-5.8347359299650235e-05,-4.482269287109375e-05,0.0703125,8.603883037343621
0,MOD_ADD,RANDOM,untrained-control,0,0.02,-0.0001174602657556313,-9.012222290039062e-05,0.0625,8.603942150250077
0,MOD_ADD,RANDOM,untrained-control,0,0.05,-0.00029804743826385773,-0.00022983551025385,0.0625,8.604122737422585
0,MOD_ADD,RANDOM,untrained-control,0,0.1,-0.0006031040102242983,-0.0004646778106689,0.05859375,8.604427793994546
0,MOD_ADD,RANDOM,untrained-control,0,0.25,-0.0015226025134324624,-0.0011749267578124501,0.05859375,8.605347292497754
0,MOD_ADD,RANDOM,untrained-control,0,0.5,-0.0030401870608329357,-0.00230479240417475,0.05859375,8.606864877045155
0,MOD_ADD,RANDOM,untrained-control,0,1.0,-0.00605402886867519,-0.00456571578979485,0.05859375,8.609878718852997
0,MOD_ADD,REVERSE_INC,trained,0,0.0,0.0,0.0,0.0,8.603824689984322
0,MOD_ADD,REVERSE_INC,trained,0,0.0001,0.000394225120544386,0.000399112701416,1.0,8.603430464863777
0,MOD_ADD,REVERSE_INC,trained,0,0.0003,0.001174550503492307,0.00118970870971675,1.0,8.60265013948083
0,MOD_ADD,REVERSE_INC,trained,0,0.001,0.0038796495646237854,0.003932714462280201,1.0,8.599945040419698
0,MOD_ADD,REVERSE_INC,trained,0,0.003,0.011548576876521064,0.01165723800659175,1.0,8.5922761131078
0,MOD_ADD,REVERSE_INC,trained,0,0.01,0.03808247670531269,0.03834486007690425,1.0,8.565742213279009
0,MOD_ADD,REVERSE_INC,trained,0,0.02,0.07529940456151958,0.07570552825927729,1.0,8.528525285422802
0,MOD_ADD,REVERSE_INC,trained,0,0.05,0.18536942452192304,0.1856276988983154,1.0,8.418455265462399
0,MOD_ADD,REVERSE_INC,trained,0,0.1,0.3856269996613264,0.3806080818176269,1.0,8.218197690322995
0,MOD_ADD,REVERSE_INC,trained,0,0.25,0.7602648455649614,0.7341194152832031,1.0,7.84355984441936
0,MOD_ADD,REVERSE_INC,trained,0,0.5,1.0685236137360334,1.0436208248138428,0.984375,7.535301076248288
0,MOD_ADD,REVERSE_INC,trained,0,1.0,1.2805525660514832,1.1541357040405273,0.94140625,7.323272123932838
0,PARITY,DELAY_COPY,trained,0,0.0,0.0,0.0,0.0,12.000670827925205
0,PARITY,DELAY_COPY,trained,0,0.0001,0.0006544142961501625,0.0006537437438964,1.0,12.000016413629055
0,PARITY,DELAY_COPY,trained,0,0.0003,0.0019997060298919244,0.0020089149475096997,1.0,11.998671121895313
0,PARITY,DELAY_COPY,trained,0,0.001,0.00679048523306842,0.0068159103393554,1.0,11.993880342692137
0,PARITY,DELAY_COPY,trained,0,0.003,0.020675443112850144,0.0207581520080566,1.0,11.979995384812355
0,PARITY,DELAY_COPY,trained,0,0.01,0.07037616893649097,0.0706396102905273,1.0,11.930294658988714
0,PARITY,DELAY_COPY,trained,0,0.02,0.14310277625918386,0.1435093879699707,1.0,11.857568051666021
0,PARITY,DELAY_COPY,trained,0,0.05,0.36851509660482407,0.36878204345703125,1.0,11.632155731320381
0,PARITY,DELAY_COPY,trained,0,0.1,0.7281614132225513,0.7337722778320312,1.0,11.272509414702654
0,PARITY,DELAY_COPY,trained,0,0.25,1.6619306020438671,1.6670117378234863,1.0,10.338740225881338
0,PARITY,DELAY_COPY,trained,0,0.5,2.741128485649824,2.756210327148438,1.0,9.259542342275381
0,PARITY,DELAY_COPY,trained,0,1.0,4.335795721039176,4.346677541732788,1.0,7.664875106886029
0,PARITY,LOCAL_RULE,trained,0,0.0,0.0,0.0,0.0,12.000670827925205
0,PARITY,LOCAL_RULE,trained,0,0.0001,0.000641815364360761,0.0006427764892578,1.0,12.000029012560844
0,PARITY,LOCAL_RULE,trained,0,0.0003,0.00196070224046703,0.0019693374633789,1.0,11.998710125684738
0,PARITY,LOCAL_RULE,trained,0,0.001,0.006656147539615588,0.0066747665405273,1.0,11.99401468038559
0,PARITY,LOCAL_RULE,trained,0,0.003,0.02025980502367015,0.02032136917114255,1.0,11.980411022901535
0,PARITY,LOCAL_RULE,trained,0,0.01,0.06892418861389156,0.06909894943237299,1.0,11.931746639311314
0,PARITY,LOCAL_RULE,trained,0,0.02,0.1401061564683914,0.14031219482421875,1.0,11.860564671456814
0,PARITY,LOCAL_RULE,trained,0,0.05,0.3606288619339466,0.3608689308166504,1.0,11.640041965991259
0,PARITY,LOCAL_RULE,trained,0,0.1,0.714704267680645,0.7187609672546387,1.0,11.28596656024456
0,PARITY,LOCAL_RULE,trained,0,0.25,1.63468337059021,1.641343593597412,1.0,10.365987457334995
0,PARITY,LOCAL_RULE,trained,0,0.5,2.6853697784245014,2.7011375427246094,1.0,9.315301049500704
0,PARITY,LOCAL_RULE,trained,0,1.0,4.261614004150033,4.274001121520996,1.0,7.739056823775172
0,PARITY,LOOKUP,trained,0,0.0,0.0,0.0,0.0,12.000670827925205
0,PARITY,LOOKUP,trained,0,0.0001,0.00014524906873700162,0.0001411437988281,0.94140625,12.000525578856468
0,PARITY,LOOKUP,trained,0,0.0003,0.0004934668540954136,0.0004935264587402,0.9921875,12.00017736107111
0,PARITY,LOOKUP,trained,0,0.001,0.001821823418140369,0.0018501281738280998,1.0,11.998849004507065
0,PARITY,LOOKUP,trained,0,0.003,0.005926240235567048,0.0060076713562011,1.0,11.994744587689638
0,PARITY,LOOKUP,trained,0,0.01,0.02197457849979396,0.022025108337402302,1.0,11.978696249425411
0,PARITY,LOOKUP,trained,0,0.02,0.04750936105847354,0.0477771759033203,1.0,11.953161466866732
0,PARITY,LOOKUP,trained,0,0.05,0.13644239678978917,0.1376376152038574,1.0,11.864228431135416
0,PARITY,LOOKUP,trained,0,0.1,0.2856280133128166,0.2898664474487304,1.0,11.715042814612389
0,PARITY,LOOKUP,trained,0,0.25,0.8458174988627434,0.8591604232788086,1.0,11.154853329062462
0,PARITY,LOOKUP,trained,0,0.5,2.4634966924786568,2.485175132751465,1.0,9.537174135446548
0,PARITY,LOOKUP,trained,0,1.0,5.42679020576179,5.420920372009277,1.0,6.573880622163415
0,PARITY,MOD_ADD,trained,0,0.0,0.0,0.0,0.0,12.000670827925205
0,PARITY,MOD_ADD,trained,0,0.0001,0.0006655678153037593,0.0006666183471679,1.0,12.000005260109901
0,PARITY,MOD_ADD,trained,0,0.0003,0.0020327195525168913,0.0020408630371093,1.0,11.998638108372688
0,PARITY,MOD_ADD,trained,0,0.001,0.006899911910295441,0.0069179534912109,1.0,11.99377091601491
0,PARITY,MOD_ADD,trained,0,0.003,0.02100181207060809,0.02104473114013665,1.0,11.979669015854597
0,PARITY,MOD_ADD,trained,0,0.01,0.07145095616579052,0.07157611846923825,1.0,11.929219871759415
0,PARITY,MOD_ADD,trained,0,0.02,0.14522102475166318,0.14535427093505854,1.0,11.855449803173542
0,PARITY,MOD_ADD,trained,0,0.05,0.3736157901585102,0.3739128112792969,1.0,11.627055037766695
0,PARITY,MOD_ADD,trained,0,0.1,0.7380064763128757,0.7409811019897461,1.0,11.26266435161233
0,PARITY,MOD_ADD,trained,0,0.25,1.6808635480701923,1.6887283325195312,1.0,10.319807279855013
0,PARITY,MOD_ADD,trained,0,0.5,2.762034311890602,2.778660297393799,1.0,9.238636516034603
0,PARITY,MOD_ADD,trained,0,1.0,4.395951537415385,4.406571388244629,1.0,7.60471929050982
0,PARITY,PARITY,trained,1,0.0,0.0,0.0,0.0,12.000670827925205
0,PARITY,PARITY,trained,1,0.0001,0.0008359774947165977,0.0008368492126464,1.0,11.999834850430489
0,PARITY,PARITY,trained,1,0.0003,0.00257460772991176,0.00257539749145505,1.0,11.998096220195293
0,PARITY,PARITY,trained,1,0.001,0.008789394050836515,0.0087943077087402,1.0,11.991881433874369
0,PARITY,PARITY,trained,1,0.003,0.026988044381141617,0.027100086212158148,1.0,11.973682783544064
0,PARITY,PARITY,trained,1,0.01,0.09354486688971515,0.093876838684082,1.0,11.90712596103549
0,PARITY,PARITY,trained,1,0.02,0.19397492706775663,0.1939706802368164,1.0,11.806695900857449
0,PARITY,PARITY,trained,1,0.05,0.5196815691888332,0.5203943252563477,1.0,11.480989258736372
0,PARITY,PARITY,trained,1,0.1,1.0356194823980331,1.0374259948730469,1.0,10.965051345527172
0,PARITY,PARITY,trained,1,0.25,2.819368999451399,2.827749252319336,1.0,9.181301828473806
0,PARITY,PARITY,trained,1,0.5,4.714278113096952,4.723721027374268,1.0,7.286392714828253
0,PARITY,PARITY,trained,1,1.0,5.760192750021815,5.757594585418701,1.0,6.24047807790339
0,PARITY,RANDOM,untrained-control,0,0.0,0.0,0.0,0.0,12.000670827925205
0,PARITY,RANDOM,untrained-control,0,0.0001,-2.291053533554077e-06,-1.9073486328125e-06,0.0,12.000673118978739
0,PARITY,RANDOM,untrained-control,0,0.0003,-6.4782798290252686e-06,-6.67572021484375e-06,0.0,12.000677306205034
0,PARITY,RANDOM,untrained-control,0,0.001,-2.099946141242981e-05,-2.09808349609375e-05,0.0,12.000691827386618
0,PARITY,RANDOM,untrained-control,0,0.003,-6.29425048828125e-05,-6.29425048828125e-05,0.0,12.000733770430088
0,PARITY,RANDOM,untrained-control,0,0.01,-0.00020650029182429452,-0.0002088546752929,0.0,12.00087732821703
0,PARITY,RANDOM,untrained-control,0,0.02,-0.0004076473414897492,-0.00041151046752925004,0.0,12.001078475266695
0,PARITY,RANDOM,untrained-control,0,0.05,-0.0009954869747161434,-0.0009946823120117,0.0,12.001666314899921
0,PARITY,RANDOM,untrained-control,0,0.1,-0.0019490197300910462,-0.001962661743164,0.0,12.002619847655296
0,PARITY,RANDOM,untrained-control,0,0.25,-0.004717655479907944,-0.00476264953613275,0.0,12.005388483405113
0,PARITY,RANDOM,untrained-control,0,0.5,-0.009118851274251891,-0.0091896057128906,0.0,12.009789679199457
0,PARITY,RANDOM,untrained-control,0,1.0,-0.017486333847045853,-0.0175275802612304,0.0,12.018157161772251
0,PARITY,REVERSE_INC,trained,0,0.0,0.0,0.0,0.0,12.000670827925205
0,PARITY,REVERSE_INC,trained,0,0.0001,0.0006701499223708645,0.0006723403930664,1.0,12.000000678002834
0,PARITY,REVERSE_INC,trained,0,0.0003,0.0020451471209525602,0.002054214477539,1.0,11.998625680804253
0,PARITY,REVERSE_INC,trained,0,0.001,0.006937637925147967,0.006953716278076101,1.0,11.993733190000057
0,PARITY,REVERSE_INC,trained,0,0.003,0.02110685408115382,0.02113294601440425,1.0,11.979563973844051
0,PARITY,REVERSE_INC,trained,0,0.01,0.07176699116826053,0.0718774795532226,1.0,11.928903836756945
0,PARITY,REVERSE_INC,trained,0,0.02,0.14583249762654302,0.14600849151611325,1.0,11.854838330298662
0,PARITY,REVERSE_INC,trained,0,0.05,0.3750719539821148,0.3751516342163086,1.0,11.62559887394309
0,PARITY,REVERSE_INC,trained,0,0.1,0.7423352226614952,0.7462658882141113,1.0,11.25833560526371
0,PARITY,REVERSE_INC,trained,0,0.25,1.6913870386779308,1.6985373497009277,1.0,10.309283789247274
0,PARITY,REVERSE_INC,trained,0,0.5,2.7518621012568474,2.7670679092407227,1.0,9.248808726668358
0,PARITY,REVERSE_INC,trained,0,1.0,4.317472435534,4.329655170440674,1.0,7.683198392391205
0,REVERSE_INC,DELAY_COPY,trained,0,0.0,0.0,0.0,0.0,8.591219263151288
0,REVERSE_INC,DELAY_COPY,trained,0,0.0001,0.00038258358836169544,0.0003824234008789,1.0,8.590836679562926
0,REVERSE_INC,DELAY_COPY,trained,0,0.0003,0.0011408198624848855,0.0011358261108398,1.0,8.590078443288803
0,REVERSE_INC,DELAY_COPY,trained,0,0.001,0.0037716366350650336,0.00376534461975095,1.0,8.587447626516223
0,REVERSE_INC,DELAY_COPY,trained,0,0.003,0.01124116405844684,0.0111777782440185,1.0,8.579978099092841
0,REVERSE_INC,DELAY_COPY,trained,0,0.01,0.03715677186846728,0.03693699836730955,1.0,8.55406249128282
0,REVERSE_INC,DELAY_COPY,trained,0,0.02,0.07361280545592304,0.07288312911987299,1.0,8.517606457695365
0,REVERSE_INC,DELAY_COPY,trained,0,0.05,0.18143561296164987,0.17645788192749018,1.0,8.409783650189638
0,REVERSE_INC,DELAY_COPY,trained,0,0.1,0.37720902636647224,0.37482190132141113,0.99609375,8.214010236784816
0,REVERSE_INC,DELAY_COPY,trained,0,0.25,0.7485963832587004,0.7118237018585205,0.99609375,7.842622879892588
0,REVERSE_INC,DELAY_COPY,trained,0,0.5,1.0563650093972683,0.9735145568847656,0.99609375,7.53485425375402
0,REVERSE_INC,DELAY_COPY,trained,0,1.0,1.2609567176550627,1.1338200569152832,0.9765625,7.330262545496225
0,REVERSE_INC,LOCAL_RULE,trained,0,0.0,0.0,0.0,0.0,8.591219263151288
0,REVERSE_INC,LOCAL_RULE,trained,0,0.0001,0.0003765262663363908,0.0003767013549804,1.0,8.590842736884952
0,REVERSE_INC,LOCAL_RULE,trained,0,0.0003,0.0011230092495679383,0.0011181831359863,1.0,8.59009625390172
0,REVERSE_INC,LOCAL_RULE,trained,0,0.001,0.0037133768200873873,0.0037043094635009002,1.0,8.5875058863312
0,REVERSE_INC,LOCAL_RULE,trained,0,0.003,0.011068476364016486,0.011002779006957949,1.0,8.580150786787271
0,REVERSE_INC,LOCAL_RULE,trained,0,0.01,0.03659252077341075,0.0363566875457763,1.0,8.554626742377877
0,REVERSE_INC,LOCAL_RULE,trained,0,0.02,0.07250146754086013,0.0719056129455566,1.0,8.518717795610428
0,REVERSE_INC,LOCAL_RULE,trained,0,0.05,0.17852689698338506,0.1735131740570068,1.0,8.412692366167903
0,REVERSE_INC,LOCAL_RULE,trained,0,0.1,0.3711268752813339,0.3668334484100342,1.0,8.220092387869954
0,REVERSE_INC,LOCAL_RULE,trained,0,0.25,0.7402626797556877,0.7057642936706543,0.99609375,7.8509565833956
0,REVERSE_INC,LOCAL_RULE,trained,0,0.5,1.0475684460252523,0.975529670715332,0.99609375,7.543650817126036
0,REVERSE_INC,LOCAL_RULE,trained,0,1.0,1.2623399179428816,1.1421217918395996,0.9765625,7.3288793452084064
0,REVERSE_INC,LOOKUP,trained,0,0.0,0.0,0.0,0.0,8.591219263151288
0,REVERSE_INC,LOOKUP,trained,0,0.0001,0.00015655532479281843,0.0001564025878906,0.99609375,8.591062707826495
0,REVERSE_INC,LOOKUP,trained,0,0.0003,0.0004569943994283205,0.0004591941833496,0.99609375,8.59076226875186
0,REVERSE_INC,LOOKUP,trained,0,0.001,0.001477945595979646,0.0014688968658446498,1.0,8.589741317555308
0,REVERSE_INC,LOOKUP,trained,0,0.003,0.004340816289186431,0.00431537628173825,1.0,8.586878446862102
0,REVERSE_INC,LOOKUP,trained,0,0.01,0.014109509065747212,0.0139369964599609,1.0,8.57710975408554
0,REVERSE_INC,LOOKUP,trained,0,0.02,0.02796021103858943,0.02760338783264155,1.0,8.563259052112699
0,REVERSE_INC,LOOKUP,trained,0,0.05,0.0784894116222858,0.07711219787597651,1.0,8.512729851529002
0,REVERSE_INC,LOOKUP,trained,0,0.1,0.2353389039635658,0.2361960411071777,0.99609375,8.355880359187722
0,REVERSE_INC,LOOKUP,trained,0,0.25,0.45890278927981853,0.4546504020690918,0.99609375,8.13231647387147
0,REVERSE_INC,LOOKUP,trained,0,0.5,0.8403038624674082,0.7601194381713867,0.9921875,7.75091540068388
0,REVERSE_INC,LOOKUP,trained,0,1.0,0.9282847549766302,0.7061460018157959,0.7734375,7.662934508174658
0,REVERSE_INC,MOD_ADD,trained,0,0.0,0.0,0.0,0.0,8.591219263151288
0,REVERSE_INC,MOD_ADD,trained,0,0.0001,0.0003894846886395964,0.0003883838653564,1.0,8.590829778462648
0,REVERSE_INC,MOD_ADD,trained,0,0.0003,0.0011615045368670914,0.0011584758758544,1.0,8.590057758614421
0,REVERSE_INC,MOD_ADD,trained,0,0.001,0.003840481862425756,0.0038244724273681,1.0,8.587378781288862
0,REVERSE_INC,MOD_ADD,trained,0,0.003,0.011446921154856635,0.0113799571990966,1.0,8.579772341996431
0,REVERSE_INC,MOD_ADD,trained,0,0.01,0.037833508104085874,0.037604808807373005,1.0,8.553385755047202
0,REVERSE_INC,MOD_ADD,trained,0,0.02,0.0749404169619083,0.074345588684082,1.0,8.51627884618938
0,REVERSE_INC,MOD_ADD,trained,0,0.05,0.1845939792692661,0.179293155670166,1.0,8.406625283882022
0,REVERSE_INC,MOD_ADD,trained,0,0.1,0.3824184536933899,0.379793643951416,0.99609375,8.208800809457898
0,REVERSE_INC,MOD_ADD,trained,0,0.25,0.7558030001819134,0.7169177532196045,0.99609375,7.835416262969375
0,REVERSE_INC,MOD_ADD,trained,0,0.5,1.0608800500631332,0.980553150177002,0.99609375,7.530339213088155
0,REVERSE_INC,MOD_ADD,trained,0,1.0,1.25893335044384,1.116307258605957,0.97265625,7.332285912707448
0,REVERSE_INC,PARITY,trained,0,0.0,0.0,0.0,0.0,8.591219263151288
0,REVERSE_INC,PARITY,trained,0,0.0001,0.0003975089639424824,0.0003829002380371,0.99609375,8.590821754187346
0,REVERSE_INC,PARITY,trained,0,0.0003,0.001177448779344509,0.0011324882507323499,0.99609375,8.590041814371943
0,REVERSE_INC,PARITY,trained,0,0.001,0.0038757268339395068,0.0037293434143066,0.99609375,8.587343536317348
0,REVERSE_INC,PARITY,trained,0,0.003,0.011542757973074866,0.01106238365173335,0.99609375,8.579676505178213
0,REVERSE_INC,PARITY,trained,0,0.01,0.038283636793494176,0.0361831188201904,1.0,8.552935626357794
0,REVERSE_INC,PARITY,trained,0,0.02,0.07711609639227386,0.071995735168457,1.0,8.514103166759014
0,REVERSE_INC,PARITY,trained,0,0.05,0.20340752601623532,0.190326452255249,1.0,8.387811737135053
0,REVERSE_INC,PARITY,trained,0,0.1,0.446344505995512,0.42368006706237793,0.99609375,8.144874757155776
0,REVERSE_INC,PARITY,trained,0,0.25,0.9237374607473612,0.8262996673583984,0.99609375,7.667481802403927
0,REVERSE_INC,PARITY,trained,0,0.5,1.1519874278455973,0.979114294052124,0.9296875,7.439231835305691
0,REVERSE_INC,PARITY,trained,0,1.0,0.6129288021475077,0.42426037788391113,0.66015625,7.97829046100378
0,REVERSE_INC,RANDOM,untrained-control,0,0.0,0.0,0.0,0.0,8.591219263151288
0,REVERSE_INC,RANDOM,untrained-control,0,0.0001,-5.941838026046753e-07,-4.76837158203125e-07,0.0703125,8.59121985733509
0,REVERSE_INC,RANDOM,untrained-control,0,0.0003,-1.821666955947876e-06,-1.9073486328125e-06,0.05078125,8.591221084818244
0,REVERSE_INC,RANDOM,untrained-control,0,0.001,-5.979090929031372e-06,-4.76837158203125e-06,0.04296875,8.591225242242217
0,REVERSE_INC,RANDOM,untrained-control,0,0.003,-1.8052756786346436e-05,-1.4781951904296875e-05,0.046875,8.591237315908074
0,REVERSE_INC,RANDOM,untrained-control,0,0.01,-6.0269609093657776e-05,-4.9591064453125e-05,0.05078125,8.591279532760382
0,REVERSE_INC,RANDOM,untrained-control,0,0.02,-0.0001211483031511077,-0.000101089477539,0.05078125,8.59134041145444
0,REVERSE_INC,RANDOM,untrained-control,0,0.05,-0.00030658394098277925,-0.0002555847167968,0.05078125,8.59152584709227
0,REVERSE_INC,RANDOM,untrained-control,0,0.1,-0.000618794932961425,-0.0005054473876953,0.046875,8.59183805808425
0,REVERSE_INC,RANDOM,untrained-control,0,0.25,-0.0015570204704999488,-0.0012907981872558,0.04296875,8.592776283621788
0,REVERSE_INC,RANDOM,untrained-control,0,0.5,-0.0030996855348348197,-0.0025358200073242,0.0390625,8.594318948686123
0,REVERSE_INC,RANDOM,untrained-control,0,1.0,-0.0061512086540460136,-0.0051302909851074,0.04296875,8.597370471805334
0,REVERSE_INC,REVERSE_INC,trained,1,0.0,0.0,0.0,0.0,8.591219263151288
0,REVERSE_INC,REVERSE_INC,trained,1,0.0001,0.00039122626185412573,0.0003895759582519,1.0,8.590828036889434
0,REVERSE_INC,REVERSE_INC,trained,1,0.0003,0.0011667273938655374,0.0011637210845947,1.0,8.590052535757422
0,REVERSE_INC,REVERSE_INC,trained,1,0.001,0.0038589052855968007,0.00384569168090815,1.0,8.587360357865691
0,REVERSE_INC,REVERSE_INC,trained,1,0.003,0.011504344642162276,0.01142811775207515,1.0,8.579714918509126
0,REVERSE_INC,REVERSE_INC,trained,1,0.01,0.03803456760942931,0.0377840995788574,1.0,8.553184695541859
0,REVERSE_INC,REVERSE_INC,trained,1,0.02,0.07535425573587413,0.0746660232543945,1.0,8.515865007415414
0,REVERSE_INC,REVERSE_INC,trained,1,0.05,0.18538517318665979,0.1799700260162353,1.0,8.405834089964628
0,REVERSE_INC,REVERSE_INC,trained,1,0.1,0.3826938793063164,0.3767244815826416,1.0,8.208525383844972
0,REVERSE_INC,REVERSE_INC,trained,1,0.25,0.7595865838229656,0.7187860012054443,0.99609375,7.831632679328322
0,REVERSE_INC,REVERSE_INC,trained,1,0.5,1.0639193337410688,0.986377477645874,0.99609375,7.527299929410219
0,REVERSE_INC,REVERSE_INC,trained,1,1.0,1.2647876404225826,1.1422910690307617,0.9765625,7.326431622728705
1,DELAY_COPY,DELAY_COPY,trained,1,0.0,0.0,0.0,0.0,8.25240097567439
1,DELAY_COPY,DELAY_COPY,trained,1,0.0001,0.0001920182257890534,0.00042843818664545,0.69140625,8.252208957448602
1,DELAY_COPY,DELAY_COPY,trained,1,0.0003,0.0006656423211097523,0.00118732452392575,0.703125,8.251735333353281
1,DELAY_COPY,DELAY_COPY,trained,1,0.001,0.0029549561440944437,0.00349450111389155,0.734375,8.249446019530296
1,DELAY_COPY,DELAY_COPY,trained,1,0.003,0.011034751310944528,0.010466098785400349,0.78125,8.241366224363446
1,DELAY_COPY,DELAY_COPY,trained,1,0.01,0.04137220606207844,0.03618240356445305,0.859375,8.211028769612312
1,DELAY_COPY,DELAY_COPY,trained,1,0.02,0.08529394678771492,0.07343268394470209,0.94140625,8.167107028886676
1,DELAY_COPY,DELAY_COPY,trained,1,0.05,0.21323714591562745,0.1779127120971679,0.96875,8.039163829758763
1,DELAY_COPY,DELAY_COPY,trained,1,0.1,0.36674147471785545,0.27214980125427246,0.9921875,7.885659500956535
1,DELAY_COPY,DELAY_COPY,trained,1,0.25,0.7977106720209122,0.5332839488983154,0.99609375,7.454690303653479
1,DELAY_COPY,DELAY_COPY,trained,1,0.5,1.090972512960434,0.6949028968811035,0.9296875,7.161428462713957
1,DELAY_COPY,DELAY_COPY,trained,1,1.0,1.240137567743659,0.7947096824645996,0.8203125,7.012263407930732
1,DELAY_COPY,LOCAL_RULE,trained,0,0.0,0.0,0.0,0.0,8.25240097567439
1,DELAY_COPY,LOCAL_RULE,trained,0,0.0001,-0.0003247298300266361,0.0003435611724853,0.60546875,8.252725705504417
1,DELAY_COPY,LOCAL_RULE,trained,0,0.0003,-0.0003632362931966879,0.00086927413940425,0.62109375,8.252764211967587
1,DELAY_COPY,LOCAL_RULE,trained,0,0.001,0.0011780522763728924,0.0027115345001220504,0.66796875,8.251222923398018
1,DELAY_COPY,LOCAL_RULE,trained,0,0.003,0.007393423467874503,0.0085172653198242,0.75,8.245007552206516
1,DELAY_COPY,LOCAL_RULE,trained,0,0.01,0.03091925382614132,0.02963495254516595,0.87890625,8.22148172184825
1,DELAY_COPY,LOCAL_RULE,trained,0,0.02,0.06368240900337692,0.058975458145141546,0.96484375,8.188718566671014
1,DELAY_COPY,LOCAL_RULE,trained,0,0.05,0.1547693237662315,0.143073558807373,0.9921875,8.09763165190816
1,DELAY_COPY,LOCAL_RULE,trained,0,0.1,0.25240203738212585,0.21867418289184565,0.9453125,7.999998938292265
1,DELAY_COPY,LOCAL_RULE,trained,0,0.25,0.44981625117361546,0.3851921558380127,0.94140625,7.802584724500775
1,DELAY_COPY,LOCAL_RULE,trained,0,0.5,0.662532152608037,0.5269312858581543,0.890625,7.589868823066354
1,DELAY_COPY,LOCAL_RULE,trained,0,1.0,1.0951781198382378,0.6261260509490967,0.7734375,7.157222855836153
1,DELAY_COPY,LOOKUP,trained,0,0.0,0.0,0.0,0.0,8.25240097567439
1,DELAY_COPY,LOOKUP,trained,0,0.0001,-0.0002880971878767075,0.00014305114746085,0.5859375,8.252689072862267
1,DELAY_COPY,LOOKUP,trained,0,0.0003,-0.0006025526672601752,0.0003871917724609,0.58984375,8.253003528341651
1,DELAY_COPY,LOOKUP,trained,0,0.001,-0.0005216021090746007,0.00106859207153315,0.609375,8.252922577783465
1,DELAY_COPY,LOOKUP,trained,0,0.003,0.0014230031520128107,0.0032229423522949,0.65625,8.250977972522378
1,DELAY_COPY,LOOKUP,trained,0,0.01,0.010420331731438614,0.011482238769531201,0.7578125,8.241980643942952
1,DELAY_COPY,LOOKUP,trained,0,0.02,0.02393141575157639,0.022139549255371052,0.84765625,8.228469559922814
1,DELAY_COPY,LOOKUP,trained,0,0.05,0.06643968075513836,0.0582990646362304,0.98828125,8.185961294919252
1,DELAY_COPY,LOOKUP,trained,0,0.1,0.12186432629823682,0.1039669513702392,0.89453125,8.130536649376154
1,DELAY_COPY,LOOKUP,trained,0,0.25,0.27759579941630363,0.23980784416198725,0.9140625,7.974805176258087
1,DELAY_COPY,LOOKUP,trained,0,0.5,0.5249386969953775,0.36545276641845703,0.88671875,7.727462278679013
1,DELAY_COPY,LOOKUP,trained,0,1.0,0.9162305481731892,0.37529540061950684,0.6171875,7.336170427501202
1,DELAY_COPY,MOD_ADD,trained,0,0.0,0.0,0.0,0.0,8.25240097567439
1,DELAY_COPY,MOD_ADD,trained,0,0.0001,0.0002016928046941583,0.00046014785766595003,0.69140625,8.252199282869697
1,DELAY_COPY,MOD_ADD,trained,0,0.0003,0.0007224343717098045,0.00128126144409175,0.703125,8.251678541302681
1,DELAY_COPY,MOD_ADD,trained,0,0.001,0.003306547179818133,0.00388932228088375,0.7421875,8.249094428494573
1,DELAY_COPY,MOD_ADD,trained,0,0.003,0.012304663658142062,0.011897325515747001,0.78515625,8.240096312016249
1,DELAY_COPY,MOD_ADD,trained,0,0.01,0.04577162489295002,0.04054594039916985,0.89453125,8.20662935078144
1,DELAY_COPY,MOD_ADD,trained,0,0.02,0.09381212294101711,0.0816006660461425,0.953125,8.158588852733374
1,DELAY_COPY,MOD_ADD,trained,0,0.05,0.2312673646956682,0.19664001464843744,0.98046875,8.021133610978723
1,DELAY_COPY,MOD_ADD,trained,0,0.1,0.3896393235772848,0.29590344429016113,0.99609375,7.862761652097106
1,DELAY_COPY,MOD_ADD,trained,0,0.25,0.8087722845375538,0.5638670921325684,1.0,7.443628691136837
1,DELAY_COPY,MOD_ADD,trained,0,0.5,1.0713091008365154,0.7156124114990234,0.93359375,7.181091874837875
1,DELAY_COPY,MOD_ADD,trained,0,1.0,1.2139657754451036,0.8044648170471191,0.81640625,7.038435200229287
1,DELAY_COPY,PARITY,trained,0,0.0,0.0,0.0,0.0,8.25240097567439
1,DELAY_COPY,PARITY,trained,0,0.0001,-0.00019232928752900528,0.0004312992095947,0.65234375,8.25259330496192
1,DELAY_COPY,PARITY,trained,0,0.0003,2.9377639293658216e-05,0.00118732452392575,0.6484375,8.252371598035097
1,DELAY_COPY,PARITY,trained,0,0.001,0.0024776123464107375,0.00368976593017575,0.69140625,8.24992336332798
1,DELAY_COPY,PARITY,trained,0,0.003,0.011285949498414969,0.0115888118743896,0.76171875,8.241115026175976
1,DELAY_COPY,PARITY,trained,0,0.01,0.04374945722520348,0.03899836540222165,0.921875,8.208651518449187
1,DELAY_COPY,PARITY,trained,0,0.02,0.08894468285143371,0.0780649185180664,0.98828125,8.163456292822957
1,DELAY_COPY,PARITY,trained,0,0.05,0.21413252130150792,0.18380355834960935,0.99609375,8.038268454372883
1,DELAY_COPY,PARITY,trained,0,0.1,0.33701074682176113,0.2721855640411377,0.95703125,7.91539022885263
1,DELAY_COPY,PARITY,trained,0,0.25,0.635834576562047,0.46707296371459955,0.94921875,7.616566399112344
1,DELAY_COPY,PARITY,trained,0,0.5,0.9833857510238886,0.5658869743347168,0.86328125,7.269015224650502
1,DELAY_COPY,PARITY,trained,0,1.0,0.4555809684097767,-0.10654997825622554,0.46484375,7.796820007264614
1,DELAY_COPY,RANDOM,untrained-control,0,0.0,0.0,0.0,0.0,8.25240097567439
1,DELAY_COPY,RANDOM,untrained-control,0,0.0001,-1.3113021850585938e-06,-9.5367431640625e-07,0.1640625,8.252402286976576
1,DELAY_COPY,RANDOM,untrained-control,0,0.0003,-3.680586814880371e-06,-2.86102294921875e-06,0.19140625,8.252404656261206
1,DELAY_COPY,RANDOM,untrained-control,0,0.001,-1.2559816241263403e-05,-8.58306884765625e-06,0.19921875,8.252413535490632
1,DELAY_COPY,RANDOM,untrained-control,0,0.003,-3.794208168983074e-05,-2.8371810913085938e-05,0.19140625,8.25243891775608
1,DELAY_COPY,RANDOM,untrained-control,0,0.01,-0.00012544356286524067,-9.417533874511719e-05,0.1875,8.252526419237256
1,DELAY_COPY,RANDOM,untrained-control,0,0.02,-0.000245571136474581,-0.00018429756164545,0.19140625,8.252646546810865
1,DELAY_COPY,RANDOM,untrained-control,0,0.05,-0.0005936473608016675,-0.0004467964172363,0.19140625,8.252994623035192
1,DELAY_COPY,RANDOM,untrained-control,0,0.1,-0.0011162832379340818,-0.0008735656738281001,0.17578125,8.253517258912325
1,DELAY_COPY,RANDOM,untrained-control,0,0.25,-0.0023673567920922895,-0.00206375122070305,0.14453125,8.254768332466483
1,DELAY_COPY,RANDOM,untrained-control,0,0.5,-0.003592021763324702,-0.00346565246582025,0.15625,8.255992997437716
1,DELAY_COPY,RANDOM,untrained-control,0,1.0,-0.0050703193992376,-0.00378274917602535,0.14453125,8.257471295073628
1,DELAY_COPY,REVERSE_INC,trained,0,0.0,0.0,0.0,0.0,8.25240097567439
1,DELAY_COPY,REVERSE_INC,trained,0,0.0001,0.00019218400120733615,0.00044727325439445004,0.69140625,8.252208791673183
1,DELAY_COPY,REVERSE_INC,trained,0,0.0003,0.0006931237876415054,0.0012538433074950998,0.703125,8.25170785188675
1,DELAY_COPY,REVERSE_INC,trained,0,0.001,0.0032032951712608095,0.0037927627563476,0.73828125,8.24919768050313
1,DELAY_COPY,REVERSE_INC,trained,0,0.003,0.011989453807473155,0.0115737915039062,0.78125,8.240411521866918
1,DELAY_COPY,REVERSE_INC,trained,0,0.01,0.044734863564372035,0.039510726928710896,0.87890625,8.207666112110019
1,DELAY_COPY,REVERSE_INC,trained,0,0.02,0.09181177057325836,0.07981443405151359,0.9453125,8.160589205101132
1,DELAY_COPY,REVERSE_INC,trained,0,0.05,0.22691985219717023,0.19238543510437006,0.97265625,8.02548112347722
1,DELAY_COPY,REVERSE_INC,trained,0,0.1,0.3833391610532999,0.2892074584960937,0.9921875,7.869061814621091
1,DELAY_COPY,REVERSE_INC,trained,0,0.25,0.8030820228159428,0.5548863410949707,1.0,7.449318952858448
1,DELAY_COPY,REVERSE_INC,trained,0,0.5,1.070655407384038,0.7140965461730957,0.9296875,7.181745568290353
1,DELAY_COPY,REVERSE_INC,trained,0,1.0,1.2154120802879333,0.8030498027801514,0.80859375,7.036988895386457
1,LOCAL_RULE,DELAY_COPY,trained,0,0.0,0.0,0.0,0.0,8.144092239439487
1,LOCAL_RULE,DELAY_COPY,trained,0,0.0001,-0.0005909949541091856,-0.00024056434631345,0.4140625,8.144683234393597
1,LOCAL_RULE,DELAY_COPY,trained,0,0.0003,-0.0012465175241231858,-0.00058841705322265,0.43359375,8.14533875696361
1,LOCAL_RULE,DELAY_COPY,trained,0,0.001,-0.0011532567441463453,-0.0003333091735839,0.484375,8.145245496183634
1,LOCAL_RULE,DELAY_COPY,trained,0,0.003,0.005273332819342595,0.00630331039428705,0.69140625,8.138818906620145
1,LOCAL_RULE,DELAY_COPY,trained,0,0.01,0.03356341831386086,0.0321595668792724,0.89453125,8.110528821125627
1,LOCAL_RULE,DELAY_COPY,trained,0,0.02,0.0751207377761602,0.07116603851318354,0.9765625,8.068971501663327
1,LOCAL_RULE,DELAY_COPY,trained,0,0.05,0.19680210575461385,0.18491721153259277,1.0,7.947290133684874
1,LOCAL_RULE,DELAY_COPY,trained,0,0.1,0.3417769055813551,0.3252902030944824,1.0,7.802315333858132
1,LOCAL_RULE,DELAY_COPY,trained,0,0.25,0.7357343900948763,0.6875364780426025,1.0,7.408357849344611
1,LOCAL_RULE,DELAY_COPY,trained,0,0.5,0.9992111138999462,0.9346768856048584,0.99609375,7.144881125539541
1,LOCAL_RULE,DELAY_COPY,trained,0,1.0,1.1229974515736103,1.0496907234191895,0.94921875,7.021094787865877
1,LOCAL_RULE,LOCAL_RULE,trained,1,0.0,0.0,0.0,0.0,8.144092239439487
1,LOCAL_RULE,LOCAL_RULE,trained,1,0.0001,-0.0022163074463605738,-0.00147581100463865,0.33984375,8.146308546885848
1,LOCAL_RULE,LOCAL_RULE,trained,1,0.0003,-0.004150442779064159,-0.00323390960693355,0.32421875,8.148242682218552
1,LOCAL_RULE,LOCAL_RULE,trained,1,0.001,-0.004026541486382471,-0.00284957885742185,0.375,8.14811878092587
1,LOCAL_RULE,LOCAL_RULE,trained,1,0.003,0.0015234034508466586,0.0028128623962401997,0.60546875,8.14256883598864
1,LOCAL_RULE,LOCAL_RULE,trained,1,0.01,0.024081094190478287,0.0242853164672851,0.89453125,8.12001114524901
1,LOCAL_RULE,LOCAL_RULE,trained,1,0.02,0.05593130365014072,0.0544543266296386,0.98046875,8.088160935789347
1,LOCAL_RULE,LOCAL_RULE,trained,1,0.05,0.14469960331916806,0.1441109180450439,1.0,7.999392636120319
1,LOCAL_RULE,LOCAL_RULE,trained,1,0.1,0.26736046560108656,0.26754832267761225,0.984375,7.876731773838401
1,LOCAL_RULE,LOCAL_RULE,trained,1,0.25,0.4703684728592634,0.4705994129180908,0.98828125,7.673723766580224
1,LOCAL_RULE,LOCAL_RULE,trained,1,0.5,0.6767820212990046,0.6764636039733887,0.984375,7.467310218140483
1,LOCAL_RULE,LOCAL_RULE,trained,1,1.0,1.0110146068036556,0.9511613845825195,0.8984375,7.133077632635832
1,LOCAL_RULE,LOOKUP,trained,0,0.0,0.0,0.0,0.0,8.144092239439487
1,LOCAL_RULE,LOOKUP,trained,0,0.0001,-0.0015444159507751255,-0.00113511085510245,0.3203125,8.145636655390263
1,LOCAL_RULE,LOOKUP,trained,0,0.0003,-0.0034014396369457054,-0.00257539749145505,0.30859375,8.147493679076433
1,LOCAL_RULE,LOOKUP,trained,0,0.001,-0.005254523828625663,-0.0039813518524169506,0.3359375,8.149346763268113
1,LOCAL_RULE,LOOKUP,trained,0,0.003,-0.004228556528687467,-0.00276637077331535,0.39453125,8.148320795968175
1,LOCAL_RULE,LOOKUP,trained,0,0.01,0.003768026828765856,0.00484991073608395,0.64453125,8.140324212610722
1,LOCAL_RULE,LOOKUP,trained,0,0.02,0.016239520162343944,0.015995979309081948,0.83203125,8.127852719277143
1,LOCAL_RULE,LOOKUP,trained,0,0.05,0.05804854817688461,0.055829048156738253,1.0,8.086043691262603
1,LOCAL_RULE,LOOKUP,trained,0,0.1,0.12332052551209922,0.11981368064880366,0.953125,8.020771713927388
1,LOCAL_RULE,LOOKUP,trained,0,0.25,0.2901885900646448,0.28418874740600586,0.98046875,7.853903649374843
1,LOCAL_RULE,LOOKUP,trained,0,0.5,0.5159411672502756,0.5034630298614502,0.98046875,7.628151072189212
1,LOCAL_RULE,LOOKUP,trained,0,1.0,0.7480380795896053,0.6843302249908447,0.75,7.396054159849882
1,LOCAL_RULE,MOD_ADD,trained,0,0.0,0.0,0.0,0.0,8.144092239439487
1,LOCAL_RULE,MOD_ADD,trained,0,0.0001,-0.0006817411631345665,-0.0002965927124023,0.41015625,8.144773980602622
1,LOCAL_RULE,MOD_ADD,trained,0,0.0003,-0.0013982225209474507,-0.00078988075256345,0.43359375,8.145490461960435
1,LOCAL_RULE,MOD_ADD,trained,0,0.001,-0.0010196082293987287,-0.00011086463928215,0.49609375,8.145111847668886
1,LOCAL_RULE,MOD_ADD,trained,0,0.003,0.0064591020345687675,0.00738644599914545,0.7109375,8.137633137404919
1,LOCAL_RULE,MOD_ADD,trained,0,0.01,0.03794985637068745,0.03646469116210935,0.9140625,8.1061423830688
1,LOCAL_RULE,MOD_ADD,trained,0,0.02,0.08368764258921142,0.0801203250885009,0.984375,8.060404596850276
1,LOCAL_RULE,MOD_ADD,trained,0,0.05,0.2152225915342569,0.20365953445434565,1.0,7.9288696479052305
1,LOCAL_RULE,MOD_ADD,trained,0,0.1,0.36515639163553715,0.3477447032928467,1.0,7.77893584780395
1,LOCAL_RULE,MOD_ADD,trained,0,0.25,0.7540749628096819,0.7075269222259521,1.0,7.390017276629806
1,LOCAL_RULE,MOD_ADD,trained,0,0.5,0.9960843082517385,0.9386045932769775,0.99609375,7.148007931187749
1,LOCAL_RULE,MOD_ADD,trained,0,1.0,1.1191996168345213,1.0621728897094727,0.95703125,7.024892622604966
1,LOCAL_RULE,PARITY,trained,0,0.0,0.0,0.0,0.0,8.144092239439487
1,LOCAL_RULE,PARITY,trained,0,0.0001,-0.0020812209695577483,-0.00132703781127925,0.3515625,8.146173460409045
1,LOCAL_RULE,PARITY,trained,0,0.0003,-0.0037696324288844923,-0.0027687549591064,0.34375,8.147861871868372
1,LOCAL_RULE,PARITY,trained,0,0.001,-0.002810802310705177,-0.001666784286499,0.4375,8.146903041750193
1,LOCAL_RULE,PARITY,trained,0,0.003,0.005153810605406746,0.00624465942382805,0.6796875,8.13893842883408
1,LOCAL_RULE,PARITY,trained,0,0.01,0.03604862652719017,0.0345983505249023,0.94140625,8.108043612912297
1,LOCAL_RULE,PARITY,trained,0,0.02,0.07950598560273643,0.07536172866821285,0.99609375,8.064586253836751
1,LOCAL_RULE,PARITY,trained,0,0.05,0.2005524709820747,0.194040298461914,1.0,7.943539768457413
1,LOCAL_RULE,PARITY,trained,0,0.1,0.34474220126867294,0.34503626823425293,0.9921875,7.7993500381708145
1,LOCAL_RULE,PARITY,trained,0,0.25,0.6163644678890705,0.597161054611206,0.9921875,7.527727771550417
1,LOCAL_RULE,PARITY,trained,0,0.5,0.8908468168228865,0.8325955867767334,0.97265625,7.253245422616601
1,LOCAL_RULE,PARITY,trained,0,1.0,0.2316182255744934,0.19798636436462397,0.54296875,7.912474013864994
1,LOCAL_RULE,RANDOM,untrained-control,0,0.0,0.0,0.0,0.0,8.144092239439487
1,LOCAL_RULE,RANDOM,untrained-control,0,0.0001,-3.7066638469696045e-06,-2.86102294921875e-06,0.14453125,8.144095946103334
1,LOCAL_RULE,RANDOM,untrained-control,0,0.0003,-1.1032447218894958e-05,-8.344650268554688e-06,0.1640625,8.144103271886706
1,LOCAL_RULE,RANDOM,untrained-control,0,0.001,-3.6697834730144616e-05,-2.7418136596679688e-05,0.171875,8.144128937274218
1,LOCAL_RULE,RANDOM,untrained-control,0,0.003,-0.00010973401367662375,-8.034706115722656e-05,0.16015625,8.144201973453164
1,LOCAL_RULE,RANDOM,untrained-control,0,0.01,-0.00035429187119004297,-0.00025248527526850004,0.16015625,8.144446531310678
1,LOCAL_RULE,RANDOM,untrained-control,0,0.02,-0.0006831809878348967,-0.00048494338989249995,0.15234375,8.144775420427322
1,LOCAL_RULE,RANDOM,untrained-control,0,0.05,-0.001543711870908702,-0.0011687278747558,0.15234375,8.145635951310396
1,LOCAL_RULE,RANDOM,untrained-control,0,0.1,-0.0027022827416658037,-0.002112865447998,0.125,8.146794522181153
1,LOCAL_RULE,RANDOM,untrained-control,0,0.25,-0.004928166046738588,-0.0042366981506347,0.109375,8.149020405486226
1,LOCAL_RULE,RANDOM,untrained-control,0,0.5,-0.005772111937403637,-0.00532579421997065,0.0703125,8.149864351376891
1,LOCAL_RULE,RANDOM,untrained-control,0,1.0,-0.004452364519238433,-0.00412082672119135,0.078125,8.148544603958726
1,LOCAL_RULE,REVERSE_INC,trained,0,0.0,0.0,0.0,0.0,8.144092239439487
1,LOCAL_RULE,REVERSE_INC,trained,0,0.0001,-0.0006884727627038846,-0.0003054141998291,0.41015625,8.144780712202191
1,LOCAL_RULE,REVERSE_INC,trained,0,0.0003,-0.001421760767698281,-0.00080633163452145,0.421875,8.145514000207186
1,LOCAL_RULE,REVERSE_INC,trained,0,0.001,-0.0011182595044374423,-0.0001864433288574,0.48828125,8.145210498943925
1,LOCAL_RULE,REVERSE_INC,trained,0,0.003,0.006140558049082738,0.00720214843749995,0.7109375,8.137951681390405
1,LOCAL_RULE,REVERSE_INC,trained,0,0.01,0.036892917007207836,0.035371303558349554,0.91015625,8.10719932243228
1,LOCAL_RULE,REVERSE_INC,trained,0,0.02,0.08164424449205394,0.07789659500122065,0.98046875,8.062447994947433
1,LOCAL_RULE,REVERSE_INC,trained,0,0.05,0.21076940558850762,0.1989991664886474,1.0,7.93332283385098
1,LOCAL_RULE,REVERSE_INC,trained,0,0.1,0.35882547684013844,0.3417990207672119,1.0,7.785266762599349
1,LOCAL_RULE,REVERSE_INC,trained,0,0.25,0.747940069064498,0.7021503448486328,1.0,7.3961521703749895
1,LOCAL_RULE,REVERSE_INC,trained,0,0.5,0.9938544239848852,0.9369714260101318,0.9921875,7.150237815454602
1,LOCAL_RULE,REVERSE_INC,trained,0,1.0,1.118377422913909,1.0605738162994385,0.95703125,7.0257148165255785
1,LOOKUP,DELAY_COPY,trained,0,0.0,0.0,0.0,0.0,7.922108756378293
1,LOOKUP,DELAY_COPY,trained,0,0.0001,-0.0014492031186819014,-8.821487426757812e-05,0.40625,7.923557959496975
1,LOOKUP,DELAY_COPY,trained,0,0.0003,-0.0030710846185684096,-0.00025320053100579996,0.39453125,7.9251798409968615
1,LOOKUP,DELAY_COPY,trained,0,0.001,-0.003996497020125379,-0.0007655620574951001,0.3984375,7.926105253398418
1,LOOKUP,DELAY_COPY,trained,0,0.003,0.002587703987956059,-0.0018174648284912,0.4140625,7.919521052390337
1,LOOKUP,DELAY_COPY,trained,0,0.01,0.033259062096476555,-0.00193452835083,0.49609375,7.8888496942818165
1,LOOKUP,DELAY_COPY,trained,0,0.02,0.07908183336257933,0.00941824913024895,0.63671875,7.843026923015714
1,LOOKUP,DELAY_COPY,trained,0,0.05,0.22039437294006345,0.03970170021057125,0.875,7.70171438343823
1,LOOKUP,DELAY_COPY,trained,0,0.1,0.5451506804674864,0.2563669681549072,1.0,7.376958075910807
1,LOOKUP,DELAY_COPY,trained,0,0.25,1.1861442625522614,0.40755653381347656,1.0,6.735964493826032
1,LOOKUP,DELAY_COPY,trained,0,0.5,1.6880770027637482,0.475501537322998,1.0,6.234031753614545
1,LOOKUP,DELAY_COPY,trained,0,1.0,1.9767953027039766,0.4154820442199707,1.0,5.945313453674316
1,LOOKUP,LOCAL_RULE,trained,0,0.0,0.0,0.0,0.0,7.922108756378293
1,LOOKUP,LOCAL_RULE,trained,0,0.0001,-0.004191739484667766,-0.00045776367187495,0.37890625,7.926300495862961
1,LOOKUP,LOCAL_RULE,trained,0,0.0003,-0.007295025512576094,-0.00036740303039545,0.390625,7.929403781890869
1,LOOKUP,LOCAL_RULE,trained,0,0.001,-0.007811747491359699,-0.0009052753448486,0.3984375,7.929920503869653
1,LOOKUP,LOCAL_RULE,trained,0,0.003,-0.002500586211681359,-0.00177288055419915,0.4296875,7.924609342589974
1,LOOKUP,LOCAL_RULE,trained,0,0.01,0.020422352477908134,0.0016238689422607001,0.51171875,7.901686403900385
1,LOOKUP,LOCAL_RULE,trained,0,0.02,0.05375864356756209,0.0187623500823974,0.69921875,7.868350112810731
1,LOOKUP,LOCAL_RULE,trained,0,0.05,0.1585863176733255,0.08935952186584464,1.0,7.7635224387049675
1,LOOKUP,LOCAL_RULE,trained,0,0.1,0.44140028208494186,0.42457127571105957,1.0,7.480708474293351
1,LOOKUP,LOCAL_RULE,trained,0,0.25,0.7075904086232185,0.4886913299560547,1.0,7.2145183477550745
1,LOOKUP,LOCAL_RULE,trained,0,0.5,1.0781734939664602,0.49832749366760254,1.0,6.843935262411833
1,LOOKUP,LOCAL_RULE,trained,0,1.0,1.8928109761327505,0.3712379932403564,1.0,6.0292977802455425
1,LOOKUP,LOOKUP,trained,1,0.0,0.0,0.0,0.0,7.922108756378293
1,LOOKUP,LOOKUP,trained,1,0.0001,-0.0029256958514451833,-0.00050497055053705,0.38671875,7.925034452229738
1,LOOKUP,LOOKUP,trained,1,0.0003,-0.005890894681215275,-0.00048565864562985,0.38671875,7.927999651059508
1,LOOKUP,LOOKUP,trained,1,0.001,-0.008567431941628446,-0.0003445148468017,0.4140625,7.9306761883199215
1,LOOKUP,LOOKUP,trained,1,0.003,-0.007145626470446576,-0.00057673454284665,0.42578125,7.92925438284874
1,LOOKUP,LOOKUP,trained,1,0.01,0.0032233800739049925,-0.00018453598022455001,0.49609375,7.918885376304388
1,LOOKUP,LOOKUP,trained,1,0.02,0.019608229398727407,0.0024623870849609,0.625,7.902500526979566
1,LOOKUP,LOOKUP,trained,1,0.05,0.07680910825729366,0.038887739181518555,0.96875,7.845299648120999
1,LOOKUP,LOOKUP,trained,1,0.1,0.306070489808917,0.308361291885376,1.0,7.616038266569376
1,LOOKUP,LOOKUP,trained,1,0.25,0.5661534033715725,0.48151111602783203,1.0,7.3559553530067205
1,LOOKUP,LOOKUP,trained,1,0.5,1.075880829244852,0.5626626014709473,1.0,6.846227927133441
1,LOOKUP,LOOKUP,trained,1,1.0,2.208201417699456,0.38266968727111816,0.921875,5.713907338678837
1,LOOKUP,MOD_ADD,trained,0,0.0,0.0,0.0,0.0,7.922108756378293
1,LOOKUP,MOD_ADD,trained,0,0.0001,-0.001662982627749437,-9.751319885253906e-05,0.40625,7.9237717390060425
1,LOOKUP,MOD_ADD,trained,0,0.0003,-0.0034106541424989614,-0.00027418136596675,0.3984375,7.925519410520792
1,LOOKUP,MOD_ADD,trained,0,0.001,-0.004109783098101605,-0.0008194446563720001,0.3984375,7.926218539476395
1,LOOKUP,MOD_ADD,trained,0,0.003,0.0033989660441875514,-0.0019288063049315999,0.421875,7.9187097903341055
1,LOOKUP,MOD_ADD,trained,0,0.01,0.036525117233395576,-0.0005409717559814501,0.5,7.8855836391448975
1,LOOKUP,MOD_ADD,trained,0,0.02,0.08552383631467818,0.011596679687499951,0.69140625,7.836584920063615
1,LOOKUP,MOD_ADD,trained,0,0.05,0.2347689680755138,0.04644346237182615,0.875,7.687339788302779
1,LOOKUP,MOD_ADD,trained,0,0.1,0.5732900071889162,0.2784910202026367,1.0,7.348818749189377
1,LOOKUP,MOD_ADD,trained,0,0.25,1.1726170554757118,0.4182527065277099,1.0,6.749491700902581
1,LOOKUP,MOD_ADD,trained,0,0.5,1.6078838929533958,0.4888887405395508,1.0,6.314224863424897
1,LOOKUP,MOD_ADD,trained,0,1.0,1.869710173457861,0.4258756637573242,1.0,6.052398582920432
1,LOOKUP,PARITY,trained,0,0.0,0.0,0.0,0.0,7.922108756378293
1,LOOKUP,PARITY,trained,0,0.0001,-0.004008619114756575,-0.0001478195190429,0.40234375,7.92611737549305
1,LOOKUP,PARITY,trained,0,0.0003,-0.0067978668957948555,-0.00033307075500484996,0.40234375,7.928906623274088
1,LOOKUP,PARITY,trained,0,0.001,-0.0062523335218429435,-0.00083971023559565,0.40625,7.928361089900136
1,LOOKUP,PARITY,trained,0,0.003,0.002134459093213087,-0.0014834403991699,0.44921875,7.91997429728508
1,LOOKUP,PARITY,trained,0,0.01,0.03576708398759365,0.00409889221191405,0.546875,7.886341672390699
1,LOOKUP,PARITY,trained,0,0.02,0.08424465730786322,0.02445626258850095,0.78125,7.83786409907043
1,LOOKUP,PARITY,trained,0,0.05,0.2328822612762451,0.1072447299957275,0.9921875,7.689226495102048
1,LOOKUP,PARITY,trained,0,0.1,0.5848115086555481,0.4481165409088135,1.0,7.337297247722745
1,LOOKUP,PARITY,trained,0,0.25,1.0429275371134281,0.5146992206573486,1.0,6.879181219264865
1,LOOKUP,PARITY,trained,0,0.5,1.7434949800372124,0.509364128112793,1.0,6.178613776341081
1,LOOKUP,PARITY,trained,0,1.0,1.9832220859825611,0.00257539749145505,0.50390625,5.938886670395732
1,LOOKUP,RANDOM,untrained-control,0,0.0,0.0,0.0,0.0,7.922108756378293
1,LOOKUP,RANDOM,untrained-control,0,0.0001,-7.223337888717651e-06,-3.814697265625e-06,0.01953125,7.922115979716182
1,LOOKUP,RANDOM,untrained-control,0,0.0003,-2.1653249859809767e-05,-1.0967254638671875e-05,0.03125,7.922130409628153
1,LOOKUP,RANDOM,untrained-control,0,0.001,-7.189624011515244e-05,-3.5762786865234375e-05,0.046875,7.922180652618408
1,LOOKUP,RANDOM,untrained-control,0,0.003,-0.00021309405565259312,-0.0001068115234375,0.04296875,7.922321850433946
1,LOOKUP,RANDOM,untrained-control,0,0.01,-0.0006859004497527698,-0.0003538131713867,0.05078125,7.922794656828046
1,LOOKUP,RANDOM,untrained-control,0,0.02,-0.0013167541474103516,-0.00070142745971675,0.0546875,7.923425510525703
1,LOOKUP,RANDOM,untrained-control,0,0.05,-0.0029351171106099666,-0.0016946792602539,0.0625,7.925043873488903
1,LOOKUP,RANDOM,untrained-control,0,0.1,-0.004999371245503381,-0.0032219886779784497,0.0625,7.9271081276237965
1,LOOKUP,RANDOM,untrained-control,0,0.25,-0.008743170648813208,-0.0065333843231201,0.0703125,7.930851927027106
1,LOOKUP,RANDOM,untrained-control,0,0.5,-0.01058579422533508,-0.0096845626831054,0.078125,7.932694550603628
1,LOOKUP,RANDOM,untrained-control,0,1.0,-0.008996365591883635,-0.00299882888793945,0.19921875,7.931105121970177
1,LOOKUP,REVERSE_INC,trained,0,0.0,0.0,0.0,0.0,7.922108756378293
1,LOOKUP,REVERSE_INC,trained,0,0.0001,-0.0016644094139337464,-9.846687316894531e-05,0.40625,7.923773165792227
1,LOOKUP,REVERSE_INC,trained,0,0.0003,-0.0034239701926708117,-0.0002784729003906,0.39453125,7.925532726570964
1,LOOKUP,REVERSE_INC,trained,0,0.001,-0.004184287041425695,-0.0008344650268554,0.3984375,7.926293043419719
1,LOOKUP,REVERSE_INC,trained,0,0.003,0.003145052120089532,-0.00197768211364745,0.4140625,7.9189637042582035
1,LOOKUP,REVERSE_INC,trained,0,0.01,0.035682156682014465,-0.0009255409240722501,0.5,7.886426599696279
1,LOOKUP,REVERSE_INC,trained,0,0.02,0.08390155993402003,0.01132440567016595,0.6796875,7.838207196444273
1,LOOKUP,REVERSE_INC,trained,0,0.05,0.23126186057925222,0.0447607040405273,0.875,7.690846895799041
1,LOOKUP,REVERSE_INC,trained,0,0.1,0.5680690482258797,0.27643394470214844,1.0,7.354039708152413
1,LOOKUP,REVERSE_INC,trained,0,0.25,1.1716738790273666,0.41715121269226074,1.0,6.750434877350926
1,LOOKUP,REVERSE_INC,trained,0,0.5,1.6166378743946552,0.4849057197570801,1.0,6.305470881983638
1,LOOKUP,REVERSE_INC,trained,0,1.0,1.880957119166851,0.4222860336303711,1.0,6.041151637211442
1,MOD_ADD,DELAY_COPY,trained,0,0.0,0.0,0.0,0.0,8.426241459324956
1,MOD_ADD,DELAY_COPY,trained,0,0.0001,0.0005166400223970248,0.00053119659423825,0.6875,8.425724819302559
1,MOD_ADD,DELAY_COPY,trained,0,0.0003,0.0014419946819543633,0.0014996528625488,0.71484375,8.424799464643002
1,MOD_ADD,DELAY_COPY,trained,0,0.001,0.004664970561861966,0.00486373901367185,0.7890625,8.421576488763094
1,MOD_ADD,DELAY_COPY,trained,0,0.003,0.014148486778140028,0.014822244644164949,0.8984375,8.412092972546816
1,MOD_ADD,DELAY_COPY,trained,0,0.01,0.0477132778614759,0.049957275390624944,0.98046875,8.37852818146348
1,MOD_ADD,DELAY_COPY,trained,0,0.02,0.09537469409406181,0.0958247184753418,1.0,8.330866765230894
1,MOD_ADD,DELAY_COPY,trained,0,0.05,0.23241472430527207,0.21007347106933588,0.99609375,8.193826735019684
1,MOD_ADD,DELAY_COPY,trained,0,0.1,0.3669473882764578,0.325514554977417,1.0,8.059294071048498
1,MOD_ADD,DELAY_COPY,trained,0,0.25,0.8083641938865185,0.7030370235443115,0.99609375,7.6178772654384375
1,MOD_ADD,DELAY_COPY,trained,0,0.5,1.112619673833251,0.9587228298187256,0.98828125,7.313621785491705
1,MOD_ADD,DELAY_COPY,trained,0,1.0,1.260808989405632,1.1073129177093506,0.96484375,7.165432469919324
1,MOD_ADD,LOCAL_RULE,trained,0,0.0,0.0,0.0,0.0,8.426241459324956
1,MOD_ADD,LOCAL_RULE,trained,0,0.0001,0.0003770217299461301,0.00038146972656245,0.5859375,8.42586443759501
1,MOD_ADD,LOCAL_RULE,trained,0,0.0003,0.0009851586073636915,0.0009839534759521,0.6171875,8.425256300717592
1,MOD_ADD,LOCAL_RULE,trained,0,0.001,0.0033994354307651325,0.0035738945007324,0.703125,8.42284202389419
1,MOD_ADD,LOCAL_RULE,trained,0,0.003,0.010605765506625143,0.01044273376464835,0.87109375,8.41563569381833
1,MOD_ADD,LOCAL_RULE,trained,0,0.01,0.035335546359419774,0.03623795509338375,0.99609375,8.390905912965536
1,MOD_ADD,LOCAL_RULE,trained,0,0.02,0.06925357133150097,0.0717406272888183,1.0,8.356987887993455
1,MOD_ADD,LOCAL_RULE,trained,0,0.05,0.16084761358797547,0.16175866127014155,1.0,8.26539384573698
1,MOD_ADD,LOCAL_RULE,trained,0,0.1,0.2513040676712989,0.2484331130981445,0.98828125,8.174937391653657
1,MOD_ADD,LOCAL_RULE,trained,0,0.25,0.49550415575504303,0.4936892986297607,0.9921875,7.930737303569913
1,MOD_ADD,LOCAL_RULE,trained,0,0.5,0.7628035452216864,0.735771656036377,0.98828125,7.66343791410327
1,MOD_ADD,LOCAL_RULE,trained,0,1.0,1.144299602136016,1.0262949466705322,0.94140625,7.28194185718894
1,MOD_ADD,LOOKUP,trained,0,0.0,0.0,0.0,0.0,8.426241459324956
1,MOD_ADD,LOOKUP,trained,0,0.0001,0.00018500536680221124,0.00015068054199215,0.58203125,8.426056453958154
1,MOD_ADD,LOOKUP,trained,0,0.0003,0.00035093538463115286,0.00033044815063470003,0.5625,8.425890523940325
1,MOD_ADD,LOOKUP,trained,0,0.001,0.001188576221466053,0.00111913681030265,0.609375,8.42505288310349
1,MOD_ADD,LOOKUP,trained,0,0.003,0.003917066380381567,0.00378036499023435,0.72265625,8.422324392944574
1,MOD_ADD,LOOKUP,trained,0,0.01,0.013525174930691684,0.01345729827880855,0.890625,8.412716284394264
1,MOD_ADD,LOOKUP,trained,0,0.02,0.02709197439253326,0.0277924537658691,0.96875,8.399149484932423
1,MOD_ADD,LOOKUP,trained,0,0.05,0.06845068000257011,0.0675098896026611,1.0,8.357790779322386
1,MOD_ADD,LOOKUP,trained,0,0.1,0.09643650799989698,0.09663558006286621,0.90625,8.329804951325059
1,MOD_ADD,LOOKUP,trained,0,0.25,0.28332517109811306,0.27007174491882324,0.98046875,8.142916288226843
1,MOD_ADD,LOOKUP,trained,0,0.5,0.5823621824383736,0.5074949264526367,0.984375,7.843879276886582
1,MOD_ADD,LOOKUP,trained,0,1.0,0.8601185828447342,0.6437513828277588,0.765625,7.566122876480222
1,MOD_ADD,MOD_ADD,trained,1,0.0,0.0,0.0,0.0,8.426241459324956
1,MOD_ADD,MOD_ADD,trained,1,0.0001,0.0005652382969856107,0.0005741119384765,0.68359375,8.42567622102797
1,MOD_ADD,MOD_ADD,trained,1,0.0003,0.0015716683119535277,0.0016450881958007,0.7109375,8.424669791013002
1,MOD_ADD,MOD_ADD,trained,1,0.001,0.005124494433402987,0.0053484439849852995,0.80078125,8.421116964891553
1,MOD_ADD,MOD_ADD,trained,1,0.003,0.015580035746097525,0.0161528587341308,0.91796875,8.410661423578858
1,MOD_ADD,MOD_ADD,trained,1,0.01,0.05235168151557441,0.054344177246093694,0.99609375,8.373889777809381
1,MOD_ADD,MOD_ADD,trained,1,0.02,0.10420779511332508,0.1048169136047363,1.0,8.32203366421163
1,MOD_ADD,MOD_ADD,trained,1,0.05,0.2507058568298816,0.2296910285949707,1.0,8.175535602495074
1,MOD_ADD,MOD_ADD,trained,1,0.1,0.38856914453208447,0.3415660858154297,1.0,8.037672314792871
1,MOD_ADD,MOD_ADD,trained,1,0.25,0.8230557553470135,0.7233550548553467,0.99609375,7.6031857039779425
1,MOD_ADD,MOD_ADD,trained,1,0.5,1.1054671555757523,0.9648833274841307,0.98828125,7.320774303749204
1,MOD_ADD,MOD_ADD,trained,1,1.0,1.2594917006790638,1.1157662868499756,0.96875,7.166749758645892
1,MOD_ADD,PARITY,trained,0,0.0,0.0,0.0,0.0,8.426241459324956
1,MOD_ADD,PARITY,trained,0,0.0001,0.0005071759223937897,0.0005245208740234,0.609375,8.425734283402562
1,MOD_ADD,PARITY,trained,0,0.0003,0.0013797618448734156,0.0013771057128906,0.65234375,8.424861697480083
1,MOD_ADD,PARITY,trained,0,0.001,0.004722665995359394,0.00484085083007805,0.75,8.421518793329597
1,MOD_ADD,PARITY,trained,0,0.003,0.014585329219698868,0.015045642852783151,0.8984375,8.411656130105257
1,MOD_ADD,PARITY,trained,0,0.01,0.048512879759073216,0.05079555511474605,1.0,8.377728579565883
1,MOD_ADD,PARITY,trained,0,0.02,0.09532164782285686,0.0951266288757324,1.0,8.330919811502099
1,MOD_ADD,PARITY,trained,0,0.05,0.2230522073805332,0.21879529953002924,1.0,8.203189251944423
1,MOD_ADD,PARITY,trained,0,0.1,0.3405749164521694,0.31885671615600586,0.9921875,8.085666542872787
1,MOD_ADD,PARITY,trained,0,0.25,0.6730677261948586,0.6001026630401611,0.9921875,7.753173733130097
1,MOD_ADD,PARITY,trained,0,0.5,0.9975080713629723,0.8619637489318848,0.9765625,7.428733387961984
1,MOD_ADD,PARITY,trained,0,1.0,0.3405928537249565,0.11503624916076655,0.55859375,8.0856486056
1,MOD_ADD,RANDOM,untrained-control,0,0.0,0.0,0.0,0.0,8.426241459324956
1,MOD_ADD,RANDOM,untrained-control,0,0.0001,-3.632158041000366e-07,-9.5367431640625e-07,0.3125,8.42624182254076
1,MOD_ADD,RANDOM,untrained-control,0,0.0003,-1.0319054126739502e-06,-2.86102294921875e-06,0.33203125,8.426242491230369
1,MOD_ADD,RANDOM,untrained-control,0,0.001,-3.300607204437842e-06,-8.58306884765625e-06,0.33203125,8.42624475993216
1,MOD_ADD,RANDOM,untrained-control,0,0.003,-9.510666131972523e-06,-2.574920654296875e-05,0.3359375,8.426250969991088
1,MOD_ADD,RANDOM,untrained-control,0,0.01,-3.3112242817866675e-05,-9.226799011230469e-05,0.33203125,8.426274571567774
1,MOD_ADD,RANDOM,untrained-control,0,0.02,-6.598420441149695e-05,-0.00018167495727535,0.3359375,8.426307443529367
1,MOD_ADD,RANDOM,untrained-control,0,0.05,-0.0001878105103969421,-0.00044441223144530003,0.32421875,8.426429269835353
1,MOD_ADD,RANDOM,untrained-control,0,0.1,-0.00044107809662817196,-0.0008850097656249499,0.3203125,8.426682537421584
1,MOD_ADD,RANDOM,untrained-control,0,0.25,-0.0013200547546148068,-0.0020115375518798,0.25,8.42756151407957
1,MOD_ADD,RANDOM,untrained-control,0,0.5,-0.0025691445916890786,-0.00326395034790035,0.19140625,8.428810603916645
1,MOD_ADD,RANDOM,untrained-control,0,1.0,-0.004988413304090461,-0.0043714046478271,0.0859375,8.431229872629046
1,MOD_ADD,REVERSE_INC,trained,0,0.0,0.0,0.0,0.0,8.426241459324956
1,MOD_ADD,REVERSE_INC,trained,0,0.0001,0.0005539897829294045,0.00056362152099605,0.68359375,8.425687469542027
1,MOD_ADD,REVERSE_INC,trained,0,0.0003,0.0015386082231998285,0.0016102790832519,0.7109375,8.424702851101756
1,MOD_ADD,REVERSE_INC,trained,0,0.001,0.00501237623393533,0.00523138046264645,0.79296875,8.42122908309102
1,MOD_ADD,REVERSE_INC,trained,0,0.003,0.015242444351315462,0.0158166885375976,0.91015625,8.41099901497364
1,MOD_ADD,REVERSE_INC,trained,0,0.01,0.051251225173473317,0.053254842758178655,0.9921875,8.374990234151483
1,MOD_ADD,REVERSE_INC,trained,0,0.02,0.10208999179303642,0.10285377502441401,1.0,8.32415146753192
1,MOD_ADD,REVERSE_INC,trained,0,0.05,0.24611074477434156,0.22501373291015625,1.0,8.180130714550614
1,MOD_ADD,REVERSE_INC,trained,0,0.1,0.382049024105072,0.33472442626953125,1.0,8.044192435219884
1,MOD_ADD,REVERSE_INC,trained,0,0.25,0.8172560688108206,0.7166564464569092,0.99609375,7.608985390514135
1,MOD_ADD,REVERSE_INC,trained,0,0.5,1.1042566895484924,0.9596705436706542,0.98828125,7.3219847697764635
1,MOD_ADD,REVERSE_INC,trained,0,1.0,1.2588631995022297,1.1160216331481934,0.96875,7.167378259822726
1,PARITY,DELAY_COPY,trained,0,0.0,0.0,0.0,0.0,12.06066707149148
1,PARITY,DELAY_COPY,trained,0,0.0001,0.0008925348520278464,0.0009737014770507,1.0,12.059774536639452
1,PARITY,DELAY_COPY,trained,0,0.0003,0.002752713859081221,0.0029253959655761,1.0,12.057914357632399
1,PARITY,DELAY_COPY,trained,0,0.001,0.009548630565404849,0.0098161697387695,1.0,12.051118440926075
1,PARITY,DELAY_COPY,trained,0,0.003,0.029709633439779237,0.02977943420410155,1.0,12.0309574380517
1,PARITY,DELAY_COPY,trained,0,0.01,0.10191233828663822,0.10171222686767575,1.0,11.958754733204842
1,PARITY,DELAY_COPY,trained,0,0.02,0.2073656320571899,0.20646476745605463,1.0,11.85330143943429
1,PARITY,DELAY_COPY,trained,0,0.05,0.535018689930439,0.5327367782592773,1.0,11.52564838156104
1,PARITY,DELAY_COPY,trained,0,0.1,1.10235945135355,1.0929641723632812,1.0,10.95830762013793
1,PARITY,DELAY_COPY,trained,0,0.25,2.656819961965084,2.6409873962402344,1.0,9.403847109526396
1,PARITY,DELAY_COPY,trained,0,0.5,3.970284404233098,3.9497742652893066,1.0,8.090382667258382
1,PARITY,DELAY_COPY,trained,0,1.0,4.854769341647625,4.842209815979004,1.0,7.205897729843855
1,PARITY,LOCAL_RULE,trained,0,0.0,0.0,0.0,0.0,12.06066707149148
1,PARITY,LOCAL_RULE,trained,0,0.0001,0.00042888149619099377,0.0006904602050781001,0.8125,12.060238189995289
1,PARITY,LOCAL_RULE,trained,0,0.0003,0.0015904568135737996,0.0020713806152343,0.9375,12.059076614677906
1,PARITY,LOCAL_RULE,trained,0,0.001,0.006427764892578081,0.0069589614868164,1.0,12.054239306598902
1,PARITY,LOCAL_RULE,trained,0,0.003,0.02111551538109775,0.0213069915771484,1.0,12.039551556110382
1,PARITY,LOCAL_RULE,trained,0,0.01,0.07419243082404132,0.0739588737487793,1.0,11.986474640667439
1,PARITY,LOCAL_RULE,trained,0,0.02,0.15063610672950742,0.15008068084716797,1.0,11.910030964761972
1,PARITY,LOCAL_RULE,trained,0,0.05,0.377101544290781,0.3762736320495605,1.0,11.683565527200699
1,PARITY,LOCAL_RULE,trained,0,0.1,0.750696200877428,0.7462501525878906,1.0,11.309970870614052
1,PARITY,LOCAL_RULE,trained,0,0.25,1.4075873717665672,1.3998308181762695,1.0,10.653079699724913
1,PARITY,LOCAL_RULE,trained,0,0.5,2.2572880536317825,2.2410240173339844,1.0,9.803379017859697
1,PARITY,LOCAL_RULE,trained,0,1.0,4.736504886299372,4.714301347732544,1.0,7.324162185192108
1,PARITY,LOOKUP,trained,0,0.0,0.0,0.0,0.0,12.06066707149148
1,PARITY,LOOKUP,trained,0,0.0001,7.168948650358356e-05,0.00023651123046870002,0.6875,12.060595382004976
1,PARITY,LOOKUP,trained,0,0.0003,0.0003799945116042862,0.0007143020629881999,0.76171875,12.060287076979876
1,PARITY,LOOKUP,trained,0,0.001,0.001961134374141651,0.00239515304565425,0.9453125,12.058705937117338
1,PARITY,LOOKUP,trained,0,0.003,0.007278330624103498,0.00741100311279295,1.0,12.053388740867376
1,PARITY,LOOKUP,trained,0,0.01,0.027240302413701963,0.0269374847412109,1.0,12.033426769077778
1,PARITY,LOOKUP,trained,0,0.02,0.05681020021438594,0.05626678466796875,1.0,12.003856871277094
1,PARITY,LOOKUP,trained,0,0.05,0.1500991582870483,0.1494140625,1.0,11.910567913204432
1,PARITY,LOOKUP,trained,0,0.1,0.35958604887127876,0.3556938171386719,1.0,11.701081022620201
1,PARITY,LOOKUP,trained,0,0.25,0.8587971925735474,0.8492512702941895,1.0,11.201869878917933
1,PARITY,LOOKUP,trained,0,0.5,2.0590741261839867,2.037799835205078,1.0,10.001592945307493
1,PARITY,LOOKUP,trained,0,1.0,5.741183917969465,5.700464248657227,1.0,6.319483153522015
1,PARITY,MOD_ADD,trained,0,0.0,0.0,0.0,0.0,12.06066707149148
1,PARITY,MOD_ADD,trained,0,0.0001,0.0009828582406043531,0.00108003616333,1.0,12.059684213250875
1,PARITY,MOD_ADD,trained,0,0.0003,0.003041040152311279,0.0032448768615721997,1.0,12.057626031339169
1,PARITY,MOD_ADD,trained,0,0.001,0.010575670748949006,0.0108833312988281,1.0,12.05009140074253
1,PARITY,MOD_ADD,trained,0,0.003,0.032868225127458524,0.03301668167114255,1.0,12.027798846364021
1,PARITY,MOD_ADD,trained,0,0.01,0.11252772435545917,0.11205339431762695,1.0,11.94813934713602
1,PARITY,MOD_ADD,trained,0,0.02,0.22844273224472997,0.2271575927734375,1.0,11.83222433924675
1,PARITY,MOD_ADD,trained,0,0.05,0.5847700983285904,0.5811467170715332,1.0,11.47589697316289
1,PARITY,MOD_ADD,trained,0,0.1,1.186100035905838,1.1797137260437012,1.0,10.874567035585642
1,PARITY,MOD_ADD,trained,0,0.25,2.6819278225302696,2.671914577484131,1.0,9.37873924896121
1,PARITY,MOD_ADD,trained,0,0.5,3.7983824387192726,3.7871832847595215,1.0,8.262284632772207
1,PARITY,MOD_ADD,trained,0,1.0,4.554001320153475,4.551035165786743,1.0,7.506665751338005
1,PARITY,PARITY,trained,1,0.0,0.0,0.0,0.0,12.06066707149148
1,PARITY,PARITY,trained,1,0.0001,0.0008135810494422508,0.0010585784912109,0.9375,12.059853490442038
1,PARITY,PARITY,trained,1,0.0003,0.0027431510388850728,0.0031890869140625,0.98828125,12.057923920452595
1,PARITY,PARITY,trained,1,0.001,0.010261218994855834,0.0106911659240722,1.0,12.050405852496624
1,PARITY,PARITY,trained,1,0.003,0.03261137381196017,0.03265380859374995,1.0,12.02805569767952
1,PARITY,PARITY,trained,1,0.01,0.1125925630331039,0.11219930648803705,1.0,11.948074508458376
1,PARITY,PARITY,trained,1,0.02,0.22760664299130437,0.22670793533325195,1.0,11.833060428500175
1,PARITY,PARITY,trained,1,0.05,0.5645972080528736,0.5623626708984375,1.0,11.496069863438606
1,PARITY,PARITY,trained,1,0.1,1.0896535627543926,1.0864319801330566,1.0,10.971013508737087
1,PARITY,PARITY,trained,1,0.25,2.2348217964172363,2.218801975250244,1.0,9.825845275074244
1,PARITY,PARITY,trained,1,0.5,4.107381762936711,4.094106674194336,1.0,7.953285308554769
1,PARITY,PARITY,trained,1,1.0,5.964586511254311,5.945250749588013,1.0,6.096080560237169
1,PARITY,RANDOM,untrained-control,0,0.0,0.0,0.0,0.0,12.06066707149148
1,PARITY,RANDOM,untrained-control,0,0.0001,-2.9727816581726074e-06,-2.86102294921875e-06,0.0,12.060670044273138
1,PARITY,RANDOM,untrained-control,0,0.0003,-8.974224328994751e-06,-8.58306884765625e-06,0.0,12.060676045715809
1,PARITY,RANDOM,untrained-control,0,0.001,-3.058090806007385e-05,-2.86102294921875e-05,0.0,12.06069765239954
1,PARITY,RANDOM,untrained-control,0,0.003,-9.131431579588311e-05,-8.58306884765625e-05,0.0,12.060758385807276
1,PARITY,RANDOM,untrained-control,0,0.01,-0.000302542001008943,-0.0002851486206054,0.0,12.060969613492489
1,PARITY,RANDOM,untrained-control,0,0.02,-0.0006005167961120172,-0.0005645751953125,0.0,12.061267588287592
1,PARITY,RANDOM,untrained-control,0,0.05,-0.0014759078621863892,-0.0014071464538574,0.0,12.062142979353666
1,PARITY,RANDOM,untrained-control,0,0.1,-0.0028916932642459414,-0.00274848937988275,0.0,12.063558764755726
1,PARITY,RANDOM,untrained-control,0,0.25,-0.006927441805601074,-0.0066308975219726,0.0,12.067594513297081
1,PARITY,RANDOM,untrained-control,0,0.5,-0.013252291828393888,-0.012881755828857401,0.0,12.073919363319874
1,PARITY,RANDOM,untrained-control,0,1.0,-0.025426644831895783,-0.024843692779540953,0.0,12.086093716323376
1,PARITY,REVERSE_INC,trained,0,0.0,0.0,0.0,0.0,12.06066707149148
1,PARITY,REVERSE_INC,trained,0,0.0001,0.0009604468941688121,0.0010581016540527001,1.0,12.059706624597311
1,PARITY,REVERSE_INC,trained,0,0.0003,0.002973765134811358,0.0031743049621582,1.0,12.057693306356668
1,PARITY,REVERSE_INC,trained,0,0.001,0.010349664837121917,0.0106449127197265,1.0,12.050317406654358
1,PARITY,REVERSE_INC,trained,0,0.003,0.03218916431069369,0.0323104858398437,1.0,12.028477907180786
1,PARITY,REVERSE_INC,trained,0,0.01,0.11027573794126506,0.10997915267944336,1.0,11.950391333550215
1,PARITY,REVERSE_INC,trained,0,0.02,0.22399470210075376,0.2229161262512207,1.0,11.836672369390726
1,PARITY,REVERSE_INC,trained,0,0.05,0.5742702260613441,0.5711755752563477,1.0,11.486396845430136
1,PARITY,REVERSE_INC,trained,0,0.1,1.1683653555810452,1.160715103149414,1.0,10.892301715910435
1,PARITY,REVERSE_INC,trained,0,0.25,2.6684586629271507,2.655330181121826,1.0,9.39220840856433
1,PARITY,REVERSE_INC,trained,0,0.5,3.8115567844361067,3.7995309829711914,1.0,8.249110287055373
1,PARITY,REVERSE_INC,trained,0,1.0,4.5788614600896835,4.576699495315552,1.0,7.481805611401796
1,REVERSE_INC,DELAY_COPY,trained,0,0.0,0.0,0.0,0.0,8.188587805256248
1,REVERSE_INC,DELAY_COPY,trained,0,0.0001,0.0003030169755220254,0.00048923492431635,0.6875,8.188284788280725
1,REVERSE_INC,DELAY_COPY,trained,0,0.0003,0.0009520165622234138,0.00144386291503905,0.69140625,8.187635788694024
1,REVERSE_INC,DELAY_COPY,trained,0,0.001,0.0038300566375255325,0.00500321388244625,0.77734375,8.184757748618722
1,REVERSE_INC,DELAY_COPY,trained,0,0.003,0.012513833120465242,0.01379776000976555,0.875,8.176073972135782
1,REVERSE_INC,DELAY_COPY,trained,0,0.01,0.04336779750883575,0.04279661178588865,0.96484375,8.145220007747412
1,REVERSE_INC,DELAY_COPY,trained,0,0.02,0.08716010674834247,0.08229064941406244,0.98828125,8.101427698507905
1,REVERSE_INC,DELAY_COPY,trained,0,0.05,0.21260669641196725,0.19274854660034174,0.99609375,7.97598110884428
1,REVERSE_INC,DELAY_COPY,trained,0,0.1,0.3338415827602148,0.3001339435577392,0.99609375,7.854746222496033
1,REVERSE_INC,DELAY_COPY,trained,0,0.25,0.7245084773749113,0.6503281593322754,0.99609375,7.464079327881336
1,REVERSE_INC,DELAY_COPY,trained,0,0.5,0.9808300267904997,0.8615555763244629,0.98046875,7.207757778465748
1,REVERSE_INC,DELAY_COPY,trained,0,1.0,1.0916687175631523,0.9538872241973877,0.9375,7.096919087693095
1,REVERSE_INC,LOCAL_RULE,trained,0,0.0,0.0,0.0,0.0,8.188587805256248
1,REVERSE_INC,LOCAL_RULE,trained,0,0.0001,-3.087893128396254e-05,0.00034570693969720003,0.6171875,8.188618684187531
1,REVERSE_INC,LOCAL_RULE,trained,0,0.0003,0.00045731663703917216,0.0011382102966308,0.6484375,8.188130488619208
1,REVERSE_INC,LOCAL_RULE,trained,0,0.001,0.0026516839861869617,0.0037865638732909497,0.7109375,8.18593612127006
1,REVERSE_INC,LOCAL_RULE,trained,0,0.003,0.009345073252916301,0.01091098785400385,0.8359375,8.179242732003331
1,REVERSE_INC,LOCAL_RULE,trained,0,0.01,0.03242279216647143,0.033780813217163044,0.953125,8.156165013089776
1,REVERSE_INC,LOCAL_RULE,trained,0,0.02,0.06408519297838207,0.0659883022308349,0.98828125,8.124502612277865
1,REVERSE_INC,LOCAL_RULE,trained,0,0.05,0.14940298721194264,0.14649820327758784,1.0,8.039184818044305
1,REVERSE_INC,LOCAL_RULE,trained,0,0.1,0.23316250368952748,0.22658061981201166,0.9765625,7.95542530156672
1,REVERSE_INC,LOCAL_RULE,trained,0,0.25,0.452264865860343,0.43582653999328613,0.98828125,7.7363229393959045
1,REVERSE_INC,LOCAL_RULE,trained,0,0.5,0.681180926039815,0.651984691619873,0.96484375,7.507406879216433
1,REVERSE_INC,LOCAL_RULE,trained,0,1.0,0.9966309275478125,0.8740103244781494,0.91015625,7.191956877708435
1,REVERSE_INC,LOOKUP,trained,0,0.0,0.0,0.0,0.0,8.188587805256248
1,REVERSE_INC,LOOKUP,trained,0,0.0001,-0.00011308677494526527,0.00012969970703120002,0.5859375,8.188700892031193
1,REVERSE_INC,LOOKUP,trained,0,0.0003,-7.331743836403926e-05,0.0004324913024902,0.60546875,8.188661122694612
1,REVERSE_INC,LOOKUP,trained,0,0.001,0.0006432179361581659,0.0015807151794433,0.66015625,8.18794458732009
1,REVERSE_INC,LOOKUP,trained,0,0.003,0.0031711254268884464,0.0044775009155273,0.7109375,8.185416679829359
1,REVERSE_INC,LOOKUP,trained,0,0.01,0.012236829847097362,0.014064788818359299,0.859375,8.17635097540915
1,REVERSE_INC,LOOKUP,trained,0,0.02,0.02509227022528644,0.02625966072082515,0.9375,8.163495535030961
1,REVERSE_INC,LOOKUP,trained,0,0.05,0.06411104835569854,0.061043739318847656,0.9921875,8.124476756900549
1,REVERSE_INC,LOOKUP,trained,0,0.1,0.09214994497597215,0.09123277664184565,0.859375,8.096437860280275
1,REVERSE_INC,LOOKUP,trained,0,0.25,0.26349882036447525,0.25524902343749994,0.96484375,7.925088984891772
1,REVERSE_INC,LOOKUP,trained,0,0.5,0.5235589724034071,0.47086262702941895,0.9609375,7.66502883285284
1,REVERSE_INC,LOOKUP,trained,0,1.0,0.6975359134376049,0.5820543766021729,0.70703125,7.491051891818643
1,REVERSE_INC,MOD_ADD,trained,0,0.0,0.0,0.0,0.0,8.188587805256248
1,REVERSE_INC,MOD_ADD,trained,0,0.0001,0.00032506324350832294,0.0005350112915038501,0.6875,8.18826274201274
1,REVERSE_INC,MOD_ADD,trained,0,0.0003,0.0010555554181337207,0.0015780925750732001,0.69140625,8.187532249838114
1,REVERSE_INC,MOD_ADD,trained,0,0.001,0.004253195598721478,0.00545954704284665,0.78125,8.184334609657526
1,REVERSE_INC,MOD_ADD,trained,0,0.003,0.013846024870872458,0.015187740325927651,0.89453125,8.174741780385375
1,REVERSE_INC,MOD_ADD,trained,0,0.01,0.04769610427319999,0.047652482986450154,0.97265625,8.140891700983047
1,REVERSE_INC,MOD_ADD,trained,0,0.02,0.09539944678544994,0.09071159362792965,0.9921875,8.093188358470798
1,REVERSE_INC,MOD_ADD,trained,0,0.05,0.22965401038527486,0.20950412750244135,0.99609375,7.958933794870973
1,REVERSE_INC,MOD_ADD,trained,0,0.1,0.3539917338639498,0.32244110107421875,1.0,7.834596071392298
1,REVERSE_INC,MOD_ADD,trained,0,0.25,0.7386034205555916,0.6701679229736328,1.0,7.449984384700656
1,REVERSE_INC,MOD_ADD,trained,0,0.5,0.9771153870970011,0.8721873760223389,0.98046875,7.2114724181592464
1,REVERSE_INC,MOD_ADD,trained,0,1.0,1.093953212723136,0.9796030521392822,0.94140625,7.094634592533112
1,REVERSE_INC,PARITY,trained,0,0.0,0.0,0.0,0.0,8.188587805256248
1,REVERSE_INC,PARITY,trained,0,0.0001,9.047240018843664e-05,0.00048303604125970003,0.6328125,8.188497332856059
1,REVERSE_INC,PARITY,trained,0,0.0003,0.0008227191865444048,0.00160026550292965,0.6640625,8.187765086069703
1,REVERSE_INC,PARITY,trained,0,0.001,0.003871256485581372,0.0051736831665039,0.75,8.184716548770666
1,REVERSE_INC,PARITY,trained,0,0.003,0.013009220361709562,0.0146012306213378,0.875,8.175578584894538
1,REVERSE_INC,PARITY,trained,0,0.01,0.04453755356371398,0.04518461227416985,0.9765625,8.144050251692533
1,REVERSE_INC,PARITY,trained,0,0.02,0.08799414709210392,0.0851485729217529,0.9921875,8.100593658164144
1,REVERSE_INC,PARITY,trained,0,0.05,0.20618731714785096,0.19800090789794922,1.0,7.9824004881083965
1,REVERSE_INC,PARITY,trained,0,0.1,0.3131961561739445,0.29837083816528315,0.98828125,7.875391649082303
1,REVERSE_INC,PARITY,trained,0,0.25,0.6062487941235304,0.5587389469146729,0.984375,7.582339011132717
1,REVERSE_INC,PARITY,trained,0,0.5,0.8775311969220638,0.7819037437438965,0.95703125,7.311056608334184
1,REVERSE_INC,PARITY,trained,0,1.0,0.17120168916881084,-0.0204279422760009,0.4921875,8.017386116087437
1,REVERSE_INC,RANDOM,untrained-control,0,0.0,0.0,0.0,0.0,8.188587805256248
1,REVERSE_INC,RANDOM,untrained-control,0,0.0001,-6.575137376785278e-07,-4.76837158203125e-07,0.30859375,8.188588462769985
1,REVERSE_INC,RANDOM,untrained-control,0,0.0003,-2.0917505025863647e-06,-1.9073486328125e-06,0.31640625,8.18858989700675
1,REVERSE_INC,RANDOM,untrained-control,0,0.001,-7.236376404760998e-06,-5.7220458984375e-06,0.328125,8.188595041632652
1,REVERSE_INC,RANDOM,untrained-control,0,0.003,-2.1494925022120118e-05,-1.8596649169921875e-05,0.33203125,8.18860930018127
1,REVERSE_INC,RANDOM,untrained-control,0,0.01,-6.76233321428276e-05,-6.198883056640625e-05,0.328125,8.18865542858839
1,REVERSE_INC,RANDOM,untrained-control,0,0.02,-0.00013925507664679218,-0.000124454498291,0.328125,8.188727060332894
1,REVERSE_INC,RANDOM,untrained-control,0,0.05,-0.0003532096743583491,-0.0003118515014648,0.3125,8.188941014930606
1,REVERSE_INC,RANDOM,untrained-control,0,0.1,-0.0006967019289731848,-0.0006241798400878501,0.30859375,8.18928450718522
1,REVERSE_INC,RANDOM,untrained-control,0,0.25,-0.0014930870383977654,-0.00143146514892575,0.29296875,8.190080892294645
1,REVERSE_INC,RANDOM,untrained-control,0,0.5,-0.0025779139250516597,-0.0025370121002197,0.2109375,8.1911657191813
1,REVERSE_INC,RANDOM,untrained-control,0,1.0,-0.004459707066416708,-0.00385332107543945,0.1328125,8.193047512322664
1,REVERSE_INC,REVERSE_INC,trained,1,0.0,0.0,0.0,0.0,8.188587805256248
1,REVERSE_INC,REVERSE_INC,trained,1,0.0001,0.0003153160214423977,0.0005240440368652,0.68359375,8.188272489234805
1,REVERSE_INC,REVERSE_INC,trained,1,0.0003,0.0010250397026538662,0.0015482902526855,0.69140625,8.187562765553594
1,REVERSE_INC,REVERSE_INC,trained,1,0.001,0.004149345681071254,0.00537395477294915,0.78125,8.184438459575176
1,REVERSE_INC,REVERSE_INC,trained,1,0.003,0.01353292725980278,0.01486015319824215,0.890625,8.175054877996445
1,REVERSE_INC,REVERSE_INC,trained,1,0.01,0.046677179634571034,0.0466978549957275,0.96875,8.141910625621676
1,REVERSE_INC,REVERSE_INC,trained,1,0.02,0.09344299510121341,0.08886837959289545,0.9921875,8.095144810155034
1,REVERSE_INC,REVERSE_INC,trained,1,0.05,0.2254482805728912,0.20546936988830566,0.99609375,7.963139524683356
1,REVERSE_INC,REVERSE_INC,trained,1,0.1,0.3480893559753895,0.31682896614074707,0.99609375,7.840498449280858
1,REVERSE_INC,REVERSE_INC,trained,1,0.25,0.7334714606404305,0.6636555194854736,0.9921875,7.455116344615817
1,REVERSE_INC,REVERSE_INC,trained,1,0.5,0.9758753813803196,0.8705952167510986,0.98046875,7.212712423875928
1,REVERSE_INC,REVERSE_INC,trained,1,1.0,1.0929321683943272,0.976762056350708,0.94140625,7.09565563686192
2,DELAY_COPY,DELAY_COPY,trained,1,0.0,0.0,0.0,0.0,8.097487639635801
2,DELAY_COPY,DELAY_COPY,trained,1,0.0001,0.00018928945064540918,0.0001440048217773,0.9765625,8.097298350185156
2,DELAY_COPY,DELAY_COPY,trained,1,0.0003,0.0005499795079230809,0.0004310607910156,0.9765625,8.096937660127878
2,DELAY_COPY,DELAY_COPY,trained,1,0.001,0.0016868710517882822,0.00144910812377925,0.984375,8.095800768584013
2,DELAY_COPY,DELAY_COPY,trained,1,0.003,0.0049619246274232405,0.004415512084960851,0.99609375,8.092525715008378
2,DELAY_COPY,DELAY_COPY,trained,1,0.01,0.01664558239281173,0.01508975028991695,1.0,8.08084205724299
2,DELAY_COPY,DELAY_COPY,trained,1,0.02,0.033870667219161946,0.02999234199523925,1.0,8.06361697241664
2,DELAY_COPY,DELAY_COPY,trained,1,0.05,0.08632656559348102,0.07784843444824215,1.0,8.01116107404232
2,DELAY_COPY,DELAY_COPY,trained,1,0.1,0.16411479748785493,0.15029311180114746,0.9609375,7.933372842147946
2,DELAY_COPY,DELAY_COPY,trained,1,0.25,0.36454760283231735,0.2931950092315674,0.94921875,7.732940036803484
2,DELAY_COPY,DELAY_COPY,trained,1,0.5,0.6092007737606764,0.43205189704895014,0.87109375,7.488286865875125
2,DELAY_COPY,DELAY_COPY,trained,1,1.0,0.8518007360398769,0.4952366352081299,0.7578125,7.245686903595924
2,DELAY_COPY,LOCAL_RULE,trained,0,0.0,0.0,0.0,0.0,8.097487639635801
2,DELAY_COPY,LOCAL_RULE,trained,0,0.0001,0.00020797178149219167,0.0001585483551025,0.9765625,8.097279667854309
2,DELAY_COPY,LOCAL_RULE,trained,0,0.0003,0.000579342246055562,0.0004754066467285,0.9765625,8.096908297389746
2,DELAY_COPY,LOCAL_RULE,trained,0,0.001,0.0017860978841781159,0.00155663490295405,0.9921875,8.095701541751623
2,DELAY_COPY,LOCAL_RULE,trained,0,0.003,0.0052645411342381945,0.0046949386596679,0.99609375,8.092223098501563
2,DELAY_COPY,LOCAL_RULE,trained,0,0.01,0.017683088779449418,0.015935182571411098,1.0,8.079804550856352
2,DELAY_COPY,LOCAL_RULE,trained,0,0.02,0.0360346063971519,0.03280138969421385,1.0,8.06145303323865
2,DELAY_COPY,LOCAL_RULE,trained,0,0.05,0.09036635234951969,0.081700325012207,1.0,8.007121287286282
2,DELAY_COPY,LOCAL_RULE,trained,0,0.1,0.1642903313040733,0.1559796333312988,0.95703125,7.933197308331728
2,DELAY_COPY,LOCAL_RULE,trained,0,0.25,0.347278980538249,0.29083728790283203,0.94921875,7.750208659097552
2,DELAY_COPY,LOCAL_RULE,trained,0,0.5,0.5777135044336319,0.42334747314453125,0.87109375,7.519774135202169
2,DELAY_COPY,LOCAL_RULE,trained,0,1.0,0.8303284160792828,0.45642137527465815,0.75,7.2671592235565186
2,DELAY_COPY,LOOKUP,trained,0,0.0,0.0,0.0,0.0,8.097487639635801
2,DELAY_COPY,LOOKUP,trained,0,0.0001,5.6143850088116376e-05,1.33514404296875e-05,0.6015625,8.097431495785713
2,DELAY_COPY,LOOKUP,trained,0,0.0003,0.00012498721480368714,4.291534423828125e-05,0.60546875,8.097362652420998
2,DELAY_COPY,LOOKUP,trained,0,0.001,0.0002710819244384659,0.0001487731933593,0.625,8.097216557711363
2,DELAY_COPY,LOOKUP,trained,0,0.003,0.0007172077894210674,0.00064492225646965,0.66796875,8.09677043184638
2,DELAY_COPY,LOOKUP,trained,0,0.01,0.0025208313018083356,0.0025525093078613,0.73046875,8.094966808333993
2,DELAY_COPY,LOOKUP,trained,0,0.02,0.005809009075164768,0.0055451393127441,0.80859375,8.091678630560637
2,DELAY_COPY,LOOKUP,trained,0,0.05,0.01878828369081017,0.0178108215332031,0.859375,8.078699355944991
2,DELAY_COPY,LOOKUP,trained,0,0.1,0.04941731877624987,0.040628910064697196,0.6875,8.048070320859551
2,DELAY_COPY,LOOKUP,trained,0,0.25,0.10994007997214791,0.09661412239074704,0.8125,7.987547559663653
2,DELAY_COPY,LOOKUP,trained,0,0.5,0.2917335368692875,0.23454308509826655,0.8046875,7.805754102766514
2,DELAY_COPY,LOOKUP,trained,0,1.0,0.37449473701417446,-0.08432960510253905,0.4453125,7.722992902621627
2,DELAY_COPY,MOD_ADD,trained,0,0.0,0.0,0.0,0.0,8.097487639635801
2,DELAY_COPY,MOD_ADD,trained,0,0.0001,0.0002097189426421751,0.0001606941223144,0.9765625,8.097277920693159
2,DELAY_COPY,MOD_ADD,trained,0,0.0003,0.0005846563726663151,0.0004806518554687,0.9765625,8.096902983263135
2,DELAY_COPY,MOD_ADD,trained,0,0.001,0.0018036719411611115,0.0015759468078613,0.9921875,8.09568396769464
2,DELAY_COPY,MOD_ADD,trained,0,0.003,0.0053159110248088386,0.00477123260498045,0.99609375,8.092171728610992
2,DELAY_COPY,MOD_ADD,trained,0,0.01,0.01783978752791877,0.01638865470886225,1.0,8.079647852107882
2,DELAY_COPY,MOD_ADD,trained,0,0.02,0.03630845248699184,0.0331528186798095,1.0,8.06117918714881
2,DELAY_COPY,MOD_ADD,trained,0,0.05,0.09081068821251388,0.08174538612365714,1.0,8.006676951423287
2,DELAY_COPY,MOD_ADD,trained,0,0.1,0.16433466039597985,0.15553092956542966,0.95703125,7.933152979239821
2,DELAY_COPY,MOD_ADD,trained,0,0.25,0.3457237705588341,0.2897651195526123,0.953125,7.751763869076967
2,DELAY_COPY,MOD_ADD,trained,0,0.5,0.573238767683506,0.42436718940734863,0.87890625,7.524248871952295
2,DELAY_COPY,MOD_ADD,trained,0,1.0,0.8221555612981319,0.44531679153442383,0.74609375,7.275332078337669
2,DELAY_COPY,PARITY,trained,0,0.0,0.0,0.0,0.0,8.097487639635801
2,DELAY_COPY,PARITY,trained,0,0.0001,0.00015339814126489554,7.939338684082031e-05,0.83203125,8.097334241494536
2,DELAY_COPY,PARITY,trained,0,0.0003,0.00042568519711491513,0.00023865699768059999,0.83203125,8.097061954438686
2,DELAY_COPY,PARITY,trained,0,0.001,0.0012755654752254165,0.0008141994476317501,0.82421875,8.096212074160576
2,DELAY_COPY,PARITY,trained,0,0.003,0.0037491042166948037,0.0025100708007812,0.8125,8.093738535419106
2,DELAY_COPY,PARITY,trained,0,0.01,0.012836713343858691,0.008546113967895449,0.7890625,8.084650926291943
2,DELAY_COPY,PARITY,trained,0,0.02,0.026996297761797884,0.0183775424957275,0.75,8.070491341874003
2,DELAY_COPY,PARITY,trained,0,0.05,0.07484223134815692,0.047735214233398396,0.78515625,8.022645408287644
2,DELAY_COPY,PARITY,trained,0,0.1,0.15389677882194516,0.1104090213775634,0.8125,7.943590860813856
2,DELAY_COPY,PARITY,trained,0,0.25,0.39766101725399494,0.15866041183471674,0.7421875,7.699826622381806
2,DELAY_COPY,PARITY,trained,0,0.5,0.5605002604424953,0.11765265464782715,0.5625,7.536987379193306
2,DELAY_COPY,PARITY,trained,0,1.0,0.07223811373114586,-0.4700911045074463,0.359375,8.025249525904655
2,DELAY_COPY,RANDOM,untrained-control,0,0.0,0.0,0.0,0.0,8.097487639635801
2,DELAY_COPY,RANDOM,untrained-control,0,0.0001,-4.954636096954346e-07,0.0,0.18359375,8.097488135099411
2,DELAY_COPY,RANDOM,untrained-control,0,0.0003,-1.564621925354004e-06,-9.5367431640625e-07,0.32421875,8.097489204257727
2,DELAY_COPY,RANDOM,untrained-control,0,0.001,-5.107372999191284e-06,-2.86102294921875e-06,0.3515625,8.0974927470088
2,DELAY_COPY,RANDOM,untrained-control,0,0.003,-1.541338860988468e-05,-8.106231689453125e-06,0.3515625,8.097503053024411
2,DELAY_COPY,RANDOM,untrained-control,0,0.01,-5.1075592637044116e-05,-2.765655517578125e-05,0.3515625,8.097538715228438
2,DELAY_COPY,RANDOM,untrained-control,0,0.02,-0.00010213255882261735,-5.5789947509765625e-05,0.3515625,8.097589772194624
2,DELAY_COPY,RANDOM,untrained-control,0,0.05,-0.00025439076125620554,-0.00013780593872065,0.3515625,8.097742030397058
2,DELAY_COPY,RANDOM,untrained-control,0,0.1,-0.0005044899880885954,-0.00027656555175775005,0.3515625,8.09799212962389
2,DELAY_COPY,RANDOM,untrained-control,0,0.25,-0.0012545399367809153,-0.0006697177886961999,0.34765625,8.098742179572582
2,DELAY_COPY,RANDOM,untrained-control,0,0.5,-0.002508968114852892,-0.0013084411621093,0.3515625,8.099996607750654
2,DELAY_COPY,RANDOM,untrained-control,0,1.0,-0.0049726348370313506,-0.0026373863220214002,0.36328125,8.102460274472833
2,DELAY_COPY,REVERSE_INC,trained,0,0.0,0.0,0.0,0.0,8.097487639635801
2,DELAY_COPY,REVERSE_INC,trained,0,0.0001,0.00021173991262908847,0.00016236305236809999,0.9765625,8.097275899723172
2,DELAY_COPY,REVERSE_INC,trained,0,0.0003,0.0005895439535378984,0.0004827976226806,0.9765625,8.096898095682263
2,DELAY_COPY,REVERSE_INC,trained,0,0.001,0.0018200054764747151,0.00159382820129385,0.9921875,8.095667634159327
2,DELAY_COPY,REVERSE_INC,trained,0,0.003,0.005365194752812339,0.0048420429229736,0.99609375,8.092122444882989
2,DELAY_COPY,REVERSE_INC,trained,0,0.01,0.01800413802266116,0.01634001731872555,1.0,8.07948350161314
2,DELAY_COPY,REVERSE_INC,trained,0,0.02,0.0366367176175117,0.03340005874633785,1.0,8.06085092201829
2,DELAY_COPY,REVERSE_INC,trained,0,0.05,0.09148835204541679,0.0833637714385986,1.0,8.005999287590384
2,DELAY_COPY,REVERSE_INC,trained,0,0.1,0.165178719907999,0.15589523315429682,0.95703125,7.932308919727802
2,DELAY_COPY,REVERSE_INC,trained,0,0.25,0.3461044579744339,0.2871570587158203,0.953125,7.751383181661367
2,DELAY_COPY,REVERSE_INC,trained,0,0.5,0.5684173218905926,0.42259716987609863,0.87109375,7.529070317745209
2,DELAY_COPY,REVERSE_INC,trained,0,1.0,0.8208308033645153,0.4529290199279785,0.734375,7.276656836271286
2,LOCAL_RULE,DELAY_COPY,trained,0,0.0,0.0,0.0,0.0,8.179993441328406
2,LOCAL_RULE,DELAY_COPY,trained,0,0.0001,0.00018815882503982241,0.000157356262207,0.984375,8.179805282503366
2,LOCAL_RULE,DELAY_COPY,trained,0,0.0003,0.0005278773605823055,0.00047159194946284997,0.984375,8.179465563967824
2,LOCAL_RULE,DELAY_COPY,trained,0,0.001,0.0017069838941096793,0.0015811920166015,0.99609375,8.178286457434297
2,LOCAL_RULE,DELAY_COPY,trained,0,0.003,0.005112418904900503,0.0047998428344726,1.0,8.174881022423506
2,LOCAL_RULE,DELAY_COPY,trained,0,0.01,0.017272869125008534,0.01621890068054195,1.0,8.162720572203398
2,LOCAL_RULE,DELAY_COPY,trained,0,0.02,0.03516242280602451,0.033101081848144503,1.0,8.144831018522382
2,LOCAL_RULE,DELAY_COPY,trained,0,0.05,0.0903785582631826,0.08619356155395505,1.0,8.089614883065224
2,LOCAL_RULE,DELAY_COPY,trained,0,0.1,0.16815057955682275,0.1564016342163086,0.99609375,8.011842861771584
2,LOCAL_RULE,DELAY_COPY,trained,0,0.25,0.3577408976852894,0.3167204856872558,1.0,7.822252543643117
2,LOCAL_RULE,DELAY_COPY,trained,0,0.5,0.5897995661944151,0.49394845962524414,0.984375,7.590193875133991
2,LOCAL_RULE,DELAY_COPY,trained,0,1.0,0.8482160978019238,0.6760170459747314,0.91796875,7.331777343526483
2,LOCAL_RULE,LOCAL_RULE,trained,1,0.0,0.0,0.0,0.0,8.179993441328406
2,LOCAL_RULE,LOCAL_RULE,trained,1,0.0001,0.0002028644084930001,0.0001707077026367,0.984375,8.179790576919913
2,LOCAL_RULE,LOCAL_RULE,trained,1,0.0003,0.0005626082420348654,0.0005064010620117,0.984375,8.179430833086371
2,LOCAL_RULE,LOCAL_RULE,trained,1,0.001,0.001825168728828384,0.0016968250274658,0.99609375,8.178168272599578
2,LOCAL_RULE,LOCAL_RULE,trained,1,0.003,0.005474947392940475,0.0051462650299072,1.0,8.174518493935466
2,LOCAL_RULE,LOCAL_RULE,trained,1,0.01,0.018522623926401093,0.0173103809356689,1.0,8.161470817402005
2,LOCAL_RULE,LOCAL_RULE,trained,1,0.02,0.037704655900597524,0.03553867340087885,1.0,8.142288785427809
2,LOCAL_RULE,LOCAL_RULE,trained,1,0.05,0.09548953920602794,0.0909295082092285,1.0,8.084503902122378
2,LOCAL_RULE,LOCAL_RULE,trained,1,0.1,0.1689819600433111,0.1635804176330566,0.9921875,8.011011481285095
2,LOCAL_RULE,LOCAL_RULE,trained,1,0.25,0.3437809683382511,0.3165922164916992,1.0,7.836212472990155
2,LOCAL_RULE,LOCAL_RULE,trained,1,0.5,0.5668018329888582,0.4980485439300537,0.98828125,7.613191608339548
2,LOCAL_RULE,LOCAL_RULE,trained,1,1.0,0.8348961733281612,0.675487756729126,0.91015625,7.345097268000245
2,LOCAL_RULE,LOOKUP,trained,0,0.0,0.0,0.0,0.0,8.179993441328406
2,LOCAL_RULE,LOOKUP,trained,0,0.0001,4.63705509901027e-05,1.5497207641601562e-05,0.66015625,8.179947070777416
2,LOCAL_RULE,LOOKUP,trained,0,0.0003,9.351223707197857e-05,5.078315734863281e-05,0.6640625,8.179899929091334
2,LOCAL_RULE,LOOKUP,trained,0,0.001,0.0002610925585031332,0.00019311904907219998,0.6953125,8.179732348769903
2,LOCAL_RULE,LOOKUP,trained,0,0.003,0.0007814001291990046,0.0006453990936279,0.73828125,8.179212041199207
2,LOCAL_RULE,LOOKUP,trained,0,0.01,0.0028855074197053606,0.00254726409912105,0.8359375,8.177107933908701
2,LOCAL_RULE,LOOKUP,trained,0,0.02,0.006576750427484479,0.0060951709747314,0.8828125,8.173416690900922
2,LOCAL_RULE,LOOKUP,trained,0,0.05,0.022212520241737328,0.02064228057861325,0.9375,8.157780921086669
2,LOCAL_RULE,LOOKUP,trained,0,0.1,0.052815360948443385,0.04569959640502925,0.75390625,8.127178080379963
2,LOCAL_RULE,LOOKUP,trained,0,0.25,0.10717091336846349,0.09837746620178214,0.8828125,8.072822527959943
2,LOCAL_RULE,LOOKUP,trained,0,0.5,0.2798402737826109,0.2539083957672119,0.91015625,7.900153167545795
2,LOCAL_RULE,LOOKUP,trained,0,1.0,0.38896817341446877,0.16168045997619623,0.60546875,7.791025267913938
2,LOCAL_RULE,MOD_ADD,trained,0,0.0,0.0,0.0,0.0,8.179993441328406
2,LOCAL_RULE,MOD_ADD,trained,0,0.0001,0.00020522624254222228,0.0001745223999023,0.984375,8.179788215085864
2,LOCAL_RULE,MOD_ADD,trained,0,0.0003,0.0005694366991519481,0.0005228519439697,0.984375,8.179424004629254
2,LOCAL_RULE,MOD_ADD,trained,0,0.001,0.0018477104604243753,0.0017449855804443,0.99609375,8.178145730867982
2,LOCAL_RULE,MOD_ADD,trained,0,0.003,0.005541432648897124,0.00523614883422845,1.0,8.17445200867951
2,LOCAL_RULE,MOD_ADD,trained,0,0.01,0.018729530274867966,0.017498731613159152,1.0,8.161263911053538
2,LOCAL_RULE,MOD_ADD,trained,0,0.02,0.038079828023910474,0.0358362197875976,1.0,8.141913613304496
2,LOCAL_RULE,MOD_ADD,trained,0,0.05,0.09619197435677047,0.09201002120971676,1.0,8.083801466971636
2,LOCAL_RULE,MOD_ADD,trained,0,0.1,0.1695407014340162,0.16413617134094236,0.9921875,8.01045273989439
2,LOCAL_RULE,MOD_ADD,trained,0,0.25,0.34366450272500515,0.32124495506286616,1.0,7.836328938603401
2,LOCAL_RULE,MOD_ADD,trained,0,0.5,0.5648250598460436,0.5014874935150146,0.9921875,7.615168381482363
2,LOCAL_RULE,MOD_ADD,trained,0,1.0,0.8285956662148237,0.6700417995452881,0.91015625,7.351397775113583
2,LOCAL_RULE,PARITY,trained,0,0.0,0.0,0.0,0.0,8.179993441328406
2,LOCAL_RULE,PARITY,trained,0,0.0001,0.00014077872037885706,8.893013000488281e-05,0.91796875,8.179852662608027
2,LOCAL_RULE,PARITY,trained,0,0.0003,0.00037956982851024935,0.0002670288085937,0.921875,8.179613871499896
2,LOCAL_RULE,PARITY,trained,0,0.001,0.0012162234634160599,0.00090122222900385,0.921875,8.17877721786499
2,LOCAL_RULE,PARITY,trained,0,0.003,0.0036634448915719613,0.0027885437011718,0.92578125,8.176329996436834
2,LOCAL_RULE,PARITY,trained,0,0.01,0.012690532952547037,0.009523868560791,0.921875,8.16730290837586
2,LOCAL_RULE,PARITY,trained,0,0.02,0.02672083303332325,0.020884513854980448,0.91796875,8.153272608295083
2,LOCAL_RULE,PARITY,trained,0,0.05,0.07529962435364719,0.0574421882629394,0.953125,8.104693816974759
2,LOCAL_RULE,PARITY,trained,0,0.1,0.1481887940317392,0.1257522106170654,0.85546875,8.031804647296667
2,LOCAL_RULE,PARITY,trained,0,0.25,0.37234457582235336,0.26376962661743164,0.81640625,7.807648865506053
2,LOCAL_RULE,PARITY,trained,0,0.5,0.5489247348159552,0.34377479553222656,0.7109375,7.631068706512451
2,LOCAL_RULE,PARITY,trained,0,1.0,0.07695378921926022,-0.11554241180419919,0.4375,8.103039652109146
2,LOCAL_RULE,RANDOM,untrained-control,0,0.0,0.0,0.0,0.0,8.179993441328406
2,LOCAL_RULE,RANDOM,untrained-control,0,0.0001,-6.183981895446777e-07,-4.76837158203125e-07,0.140625,8.179994059726596
2,LOCAL_RULE,RANDOM,untrained-control,0,0.0003,-1.5981495380401611e-06,-9.5367431640625e-07,0.21484375,8.179995039477944
2,LOCAL_RULE,RANDOM,untrained-control,0,0.001,-5.4407864809036255e-06,-4.5299530029296875e-06,0.23046875,8.179998882114887
2,LOCAL_RULE,RANDOM,untrained-control,0,0.003,-1.6357749700546265e-05,-1.2874603271484377e-05,0.2421875,8.180009799078107
2,LOCAL_RULE,RANDOM,untrained-control,0,0.01,-5.4461881518353626e-05,-4.4345855712890625e-05,0.24609375,8.180047903209925
2,LOCAL_RULE,RANDOM,untrained-control,0,0.02,-0.00010901689529416884,-8.7738037109375e-05,0.24609375,8.1801024582237
2,LOCAL_RULE,RANDOM,untrained-control,0,0.05,-0.0002728234976529849,-0.0002188682556152,0.25,8.18026626482606
2,LOCAL_RULE,RANDOM,untrained-control,0,0.1,-0.0005463492125272523,-0.0004377365112304,0.25,8.180539790540934
2,LOCAL_RULE,RANDOM,untrained-control,0,0.25,-0.0013635922223329282,-0.0010962486267089,0.25,8.18135703355074
2,LOCAL_RULE,RANDOM,untrained-control,0,0.5,-0.0027270857244729783,-0.0022072792053221997,0.25,8.18272052705288
2,LOCAL_RULE,RANDOM,untrained-control,0,1.0,-0.005430787801742531,-0.00445508956909175,0.24609375,8.185424229130149
2,LOCAL_RULE,REVERSE_INC,trained,0,0.0,0.0,0.0,0.0,8.179993441328406
2,LOCAL_RULE,REVERSE_INC,trained,0,0.0001,0.0002066567540168339,0.0001740455627441,0.984375,8.17978678457439
2,LOCAL_RULE,REVERSE_INC,trained,0,0.0003,0.000573767349123907,0.0005221366882324,0.984375,8.179419673979282
2,LOCAL_RULE,REVERSE_INC,trained,0,0.001,0.001862253993749572,0.00173854827880855,0.99609375,8.178131187334657
2,LOCAL_RULE,REVERSE_INC,trained,0,0.003,0.005585331469774202,0.005257606506347601,1.0,8.174408109858632
2,LOCAL_RULE,REVERSE_INC,trained,0,0.01,0.018877167254686314,0.01768279075622555,1.0,8.16111627407372
2,LOCAL_RULE,REVERSE_INC,trained,0,0.02,0.03837318718433375,0.03610539436340325,1.0,8.141620254144073
2,LOCAL_RULE,REVERSE_INC,trained,0,0.05,0.09678360819816585,0.09238958358764646,1.0,8.08320983313024
2,LOCAL_RULE,REVERSE_INC,trained,0,0.1,0.1702409368008375,0.16378355026245114,0.9921875,8.009752504527569
2,LOCAL_RULE,REVERSE_INC,trained,0,0.25,0.344021650031209,0.3205838203430176,1.0,7.835971791297197
2,LOCAL_RULE,REVERSE_INC,trained,0,0.5,0.5600383654236794,0.4950108528137207,0.9921875,7.619955075904727
2,LOCAL_RULE,REVERSE_INC,trained,0,1.0,0.82704390399158,0.6699204444885254,0.91796875,7.352949537336826
2,LOOKUP,DELAY_COPY,trained,0,0.0,0.0,0.0,0.0,8.29830483905971
2,LOOKUP,DELAY_COPY,trained,0,0.0001,0.0002753902226686123,0.00019836425781245002,1.0,8.298029448837042
2,LOOKUP,DELAY_COPY,trained,0,0.0003,0.0007485374808311019,0.0005996227264404,1.0,8.29755630157888
2,LOOKUP,DELAY_COPY,trained,0,0.001,0.002410290762782049,0.0019764900207519,1.0,8.295894548296928
2,LOOKUP,DELAY_COPY,trained,0,0.003,0.007173296064138367,0.0057117938995361,1.0,8.291131542995572
2,LOOKUP,DELAY_COPY,trained,0,0.01,0.023948308080434754,0.01726651191711425,1.0,8.274356530979276
2,LOOKUP,DELAY_COPY,trained,0,0.02,0.04858898557722564,0.0321230888366699,1.0,8.249715853482485
2,LOOKUP,DELAY_COPY,trained,0,0.05,0.13153743185102937,0.08720374107360834,1.0,8.166767407208681
2,LOOKUP,DELAY_COPY,trained,0,0.1,0.36262370832264423,0.3541891574859619,1.0,7.935681130737066
2,LOOKUP,DELAY_COPY,trained,0,0.25,0.7732252404093742,0.5147128105163574,1.0,7.525079598650336
2,LOOKUP,DELAY_COPY,trained,0,0.5,1.349500274285674,0.5886032581329346,1.0,6.948804564774036
2,LOOKUP,DELAY_COPY,trained,0,1.0,2.1137946974486113,0.5386030673980713,0.99609375,6.184510141611099
2,LOOKUP,LOCAL_RULE,trained,0,0.0,0.0,0.0,0.0,8.29830483905971
2,LOOKUP,LOCAL_RULE,trained,0,0.0001,0.0002857111394404945,0.0002217292785644,1.0,8.29801912792027
2,LOOKUP,LOCAL_RULE,trained,0,0.0003,0.0007785912603139406,0.00067090988159175,1.0,8.297526247799397
2,LOOKUP,LOCAL_RULE,trained,0,0.001,0.00251049548387523,0.00220942497253415,1.0,8.295794343575835
2,LOOKUP,LOCAL_RULE,trained,0,0.003,0.007461152970790814,0.0063352584838867,1.0,8.29084368608892
2,LOOKUP,LOCAL_RULE,trained,0,0.01,0.024794604629278138,0.01943922042846675,1.0,8.273510234430432
2,LOOKUP,LOCAL_RULE,trained,0,0.02,0.050278540700674015,0.0374627113342285,1.0,8.248026298359036
2,LOOKUP,LOCAL_RULE,trained,0,0.05,0.13515584915876386,0.09783816337585445,1.0,8.163148989900947
2,LOOKUP,LOCAL_RULE,trained,0,0.1,0.36669167317450047,0.3608770370483398,1.0,7.93161316588521
2,LOOKUP,LOCAL_RULE,trained,0,0.25,0.7081767171621323,0.533653974533081,1.0,7.590128121897578
2,LOOKUP,LOCAL_RULE,trained,0,0.5,1.2385183461010456,0.6073606014251709,1.0,7.059786492958665
2,LOOKUP,LOCAL_RULE,trained,0,1.0,2.1072933599352837,0.5287950038909912,0.99609375,6.191011479124427
2,LOOKUP,LOOKUP,trained,1,0.0,0.0,0.0,0.0,8.29830483905971
2,LOOKUP,LOOKUP,trained,1,0.0001,0.00012047216296194294,8.106231689453125e-05,0.8671875,8.298184366896749
2,LOOKUP,LOOKUP,trained,1,0.0003,0.0002822894603013635,0.00024509429931639996,0.8671875,8.298022549599409
2,LOOKUP,LOOKUP,trained,1,0.001,0.0008546579629182501,0.0008251667022704499,0.875,8.297450181096792
2,LOOKUP,LOOKUP,trained,1,0.003,0.002479160204529725,0.0024213790893554002,0.90234375,8.29582567885518
2,LOOKUP,LOOKUP,trained,1,0.01,0.008024586364626841,0.007971048355102501,0.94921875,8.290280252695084
2,LOOKUP,LOOKUP,trained,1,0.02,0.016298618167638734,0.015425205230712849,0.97265625,8.282006220892072
2,LOOKUP,LOOKUP,trained,1,0.05,0.047976380214095074,0.04507780075073235,0.98828125,8.250328458845615
2,LOOKUP,LOOKUP,trained,1,0.1,0.2012946121394634,0.19936370849609375,0.84765625,8.097010226920247
2,LOOKUP,LOOKUP,trained,1,0.25,0.31616646610200405,0.3503122329711914,0.94921875,7.9821383729577065
2,LOOKUP,LOOKUP,trained,1,0.5,0.8569188695400953,0.5985486507415771,1.0,7.441385969519615
2,LOOKUP,LOOKUP,trained,1,1.0,2.3291209395974874,0.34077930450439453,0.87890625,5.969183899462223
2,LOOKUP,MOD_ADD,trained,0,0.0,0.0,0.0,0.0,8.29830483905971
2,LOOKUP,MOD_ADD,trained,0,0.0001,0.0002833418548106712,0.0002193450927734,1.0,8.2980214972049
2,LOOKUP,MOD_ADD,trained,0,0.0003,0.0007713548839091781,0.0006628036499023,1.0,8.297533484175801
2,LOOKUP,MOD_ADD,trained,0,0.001,0.0024864058941602226,0.0021891593933105,1.0,8.29581843316555
2,LOOKUP,MOD_ADD,trained,0,0.003,0.00738693028688426,0.0063424110412597,1.0,8.290917908772826
2,LOOKUP,MOD_ADD,trained,0,0.01,0.024528037756681397,0.01974654197692865,1.0,8.273776801303029
2,LOOKUP,MOD_ADD,trained,0,0.02,0.049687134101986836,0.0385618209838867,1.0,8.248617704957724
2,LOOKUP,MOD_ADD,trained,0,0.05,0.13327947631478307,0.09930348396301265,1.0,8.165025362744927
2,LOOKUP,MOD_ADD,trained,0,0.1,0.3616764061152935,0.3545925617218017,1.0,7.936628432944417
2,LOOKUP,MOD_ADD,trained,0,0.25,0.6926495842635632,0.5387086868286133,1.0,7.605655254796147
2,LOOKUP,MOD_ADD,trained,0,0.5,1.2118638660758734,0.6142866611480713,1.0,7.086440972983837
2,LOOKUP,MOD_ADD,trained,0,1.0,2.0949165672063828,0.532289981842041,0.99609375,6.203388271853328
2,LOOKUP,PARITY,trained,0,0.0,0.0,0.0,0.0,8.29830483905971
2,LOOKUP,PARITY,trained,0,0.0001,0.0003426112234592221,0.0001254081726074,0.953125,8.297962227836251
2,LOOKUP,PARITY,trained,0,0.0003,0.0009491220116614877,0.0003736019134521,0.95703125,8.297355717048049
2,LOOKUP,PARITY,trained,0,0.001,0.0030831098556518147,0.0011577606201171,0.953125,8.295221729204059
2,LOOKUP,PARITY,trained,0,0.003,0.009215446189045868,0.0030047893524169497,0.9453125,8.289089392870665
2,LOOKUP,PARITY,trained,0,0.01,0.0310769863426685,0.00692629814147945,0.90625,8.267227852717042
2,LOOKUP,PARITY,trained,0,0.02,0.0640573129057884,0.011459827423095651,0.86328125,8.234247526153922
2,LOOKUP,PARITY,trained,0,0.05,0.17941758967936036,0.0375773906707763,0.91015625,8.11888724938035
2,LOOKUP,PARITY,trained,0,0.1,0.4906836599111557,0.3746309280395508,1.0,7.807621179148555
2,LOOKUP,PARITY,trained,0,0.25,1.2463970612734556,0.3633098602294922,1.0,7.051907777786255
2,LOOKUP,PARITY,trained,0,0.5,2.0832488108426332,0.3287794589996338,0.9140625,6.215056028217077
2,LOOKUP,PARITY,trained,0,1.0,2.2101901937276125,0.011364221572875949,0.5078125,6.088114645332098
2,LOOKUP,RANDOM,untrained-control,0,0.0,0.0,0.0,0.0,8.29830483905971
2,LOOKUP,RANDOM,untrained-control,0,0.0001,-1.7937272787094116e-06,-4.76837158203125e-07,0.12109375,8.29830663278699
2,LOOKUP,RANDOM,untrained-control,0,0.0003,-5.323439836502075e-06,-9.5367431640625e-07,0.1015625,8.298310162499547
2,LOOKUP,RANDOM,untrained-control,0,0.001,-1.7605721950531006e-05,-1.9073486328125e-06,0.1484375,8.298322444781661
2,LOOKUP,RANDOM,untrained-control,0,0.003,-5.2738934755307665e-05,-6.198883056640625e-06,0.17578125,8.298357577994466
2,LOOKUP,RANDOM,untrained-control,0,0.01,-0.000175960361957531,-2.002716064453125e-05,0.1796875,8.298480799421668
2,LOOKUP,RANDOM,untrained-control,0,0.02,-0.0003517344594001564,-3.981590270996094e-05,0.18359375,8.29865657351911
2,LOOKUP,RANDOM,untrained-control,0,0.05,-0.0008790735155343822,-0.00010037422180172656,0.1875,8.299183912575245
2,LOOKUP,RANDOM,untrained-control,0,0.1,-0.0017556138336658257,-0.0002021789550781,0.1875,8.300060452893376
2,LOOKUP,RANDOM,untrained-control,0,0.25,-0.00438115932047364,-0.000511884689331,0.1796875,8.302685998380184
2,LOOKUP,RANDOM,untrained-control,0,0.5,-0.008709412068128556,-0.0010480880737304,0.16796875,8.307014251127839
2,LOOKUP,RANDOM,untrained-control,0,1.0,-0.0171076841652393,-0.0022058486938476,0.140625,8.31541252322495
2,LOOKUP,REVERSE_INC,trained,0,0.0,0.0,0.0,0.0,8.29830483905971
2,LOOKUP,REVERSE_INC,trained,0,0.0001,0.00028744712471957736,0.0002236366271972,1.0,8.29801739193499
2,LOOKUP,REVERSE_INC,trained,0,0.0003,0.0007834918797015665,0.0006752014160156001,1.0,8.297521347180009
2,LOOKUP,REVERSE_INC,trained,0,0.001,0.0025268308818339816,0.00223326683044425,1.0,8.295778008177876
2,LOOKUP,REVERSE_INC,trained,0,0.003,0.007507657632231665,0.0065202713012695,1.0,8.290797181427479
2,LOOKUP,REVERSE_INC,trained,0,0.01,0.024919943884015035,0.019673585891723598,1.0,8.273384895175695
2,LOOKUP,REVERSE_INC,trained,0,0.02,0.05045667476952072,0.03850531578063965,1.0,8.24784816429019
2,LOOKUP,REVERSE_INC,trained,0,0.05,0.13503400050103662,0.0988540649414062,1.0,8.163270838558674
2,LOOKUP,REVERSE_INC,trained,0,0.1,0.36448836885392666,0.3560600280761719,1.0,7.933816470205784
2,LOOKUP,REVERSE_INC,trained,0,0.25,0.6927929315716028,0.5360386371612549,1.0,7.605511907488108
2,LOOKUP,REVERSE_INC,trained,0,0.5,1.1970787532627583,0.6116476058959961,1.0,7.101226085796952
2,LOOKUP,REVERSE_INC,trained,0,1.0,2.0867986902594566,0.5295846462249756,0.99609375,6.211506148800254
2,MOD_ADD,DELAY_COPY,trained,0,0.0,0.0,0.0,0.0,8.267869981005788
2,MOD_ADD,DELAY_COPY,trained,0,0.0001,0.0001746863126754358,0.0001695156097412,1.0,8.267695294693112
2,MOD_ADD,DELAY_COPY,trained,0,0.0003,0.0005249232053756247,0.0005066394805907999,1.0,8.267345057800412
2,MOD_ADD,DELAY_COPY,trained,0,0.001,0.001757897436618759,0.00169873237609855,1.0,8.266112083569169
2,MOD_ADD,DELAY_COPY,trained,0,0.003,0.005331100896000813,0.0051631927490234,1.0,8.262538880109787
2,MOD_ADD,DELAY_COPY,trained,0,0.01,0.018193751573562577,0.01765346527099605,1.0,8.249676229432225
2,MOD_ADD,DELAY_COPY,trained,0,0.02,0.0370990857481956,0.0358147621154785,1.0,8.230770895257592
2,MOD_ADD,DELAY_COPY,trained,0,0.05,0.09502554498612877,0.09096693992614746,1.0,8.172844436019659
2,MOD_ADD,DELAY_COPY,trained,0,0.1,0.17879906669259069,0.17574739456176755,0.97265625,8.089070914313197
2,MOD_ADD,DELAY_COPY,trained,0,0.25,0.3897172976285219,0.3522610664367676,0.97265625,7.878152683377266
2,MOD_ADD,DELAY_COPY,trained,0,0.5,0.6366221569478512,0.5619404315948486,0.93359375,7.631247824057937
2,MOD_ADD,DELAY_COPY,trained,0,1.0,0.9026106894016266,0.7555298805236816,0.859375,7.365259291604161
2,MOD_ADD,LOCAL_RULE,trained,0,0.0,0.0,0.0,0.0,8.267869981005788
2,MOD_ADD,LOCAL_RULE,trained,0,0.0001,0.00018551386892791464,0.0001792907714843,1.0,8.26768446713686
2,MOD_ADD,LOCAL_RULE,trained,0,0.0003,0.0005575623363256015,0.0005369186401367,1.0,8.267312418669462
2,MOD_ADD,LOCAL_RULE,trained,0,0.001,0.0018694344907998555,0.0018112659454345,1.0,8.266000546514988
2,MOD_ADD,LOCAL_RULE,trained,0,0.003,0.005679784342646551,0.00547742843627925,1.0,8.262190196663141
2,MOD_ADD,LOCAL_RULE,trained,0,0.01,0.01942185312509532,0.0186996459960937,1.0,8.248448127880692
2,MOD_ADD,LOCAL_RULE,trained,0,0.02,0.03953658416867251,0.038537502288818345,1.0,8.228333396837115
2,MOD_ADD,LOCAL_RULE,trained,0,0.05,0.10005538165569301,0.09580469131469721,1.0,8.167814599350095
2,MOD_ADD,LOCAL_RULE,trained,0,0.1,0.17964851111173627,0.1815333366394043,0.97265625,8.088221469894052
2,MOD_ADD,LOCAL_RULE,trained,0,0.25,0.3726126253604889,0.3473730087280273,0.97265625,7.895257355645299
2,MOD_ADD,LOCAL_RULE,trained,0,0.5,0.6070279814302921,0.551541805267334,0.94140625,7.660841999575496
2,MOD_ADD,LOCAL_RULE,trained,0,1.0,0.8927919398993254,0.7347512245178223,0.85546875,7.3750780411064625
2,MOD_ADD,LOOKUP,trained,0,0.0,0.0,0.0,0.0,8.267869981005788
2,MOD_ADD,LOOKUP,trained,0,0.0001,1.947954297065674e-05,2.6702880859375e-05,0.6796875,8.267850501462817
2,MOD_ADD,LOOKUP,trained,0,0.0003,5.917064845560482e-05,8.20159912109375e-05,0.6953125,8.267810810357332
2,MOD_ADD,LOOKUP,trained,0,0.001,0.0002075992524623653,0.00028085708618159997,0.70703125,8.267662381753325
2,MOD_ADD,LOOKUP,trained,0,0.003,0.0006901118904351955,0.00089383125305175,0.76171875,8.267179869115353
2,MOD_ADD,LOOKUP,trained,0,0.01,0.0027680974453687364,0.0032408237457275,0.8125,8.265101883560419
2,MOD_ADD,LOOKUP,trained,0,0.02,0.006293425336480105,0.0068018436431884505,0.86328125,8.261576555669308
2,MOD_ADD,LOOKUP,trained,0,0.05,0.020829312503337822,0.02130722999572745,0.89453125,8.24704066850245
2,MOD_ADD,LOOKUP,trained,0,0.1,0.0518304221332073,0.045865058898925753,0.76171875,8.21603955887258
2,MOD_ADD,LOOKUP,trained,0,0.25,0.10782792046666143,0.10646796226501459,0.84375,8.160042060539126
2,MOD_ADD,LOOKUP,trained,0,0.5,0.2929611597210169,0.2717609405517578,0.85546875,7.974908821284771
2,MOD_ADD,LOOKUP,trained,0,1.0,0.43797835521399975,0.1528840065002441,0.5703125,7.829891625791788
2,MOD_ADD,MOD_ADD,trained,1,0.0,0.0,0.0,0.0,8.267869981005788
2,MOD_ADD,MOD_ADD,trained,1,0.0001,0.00018737651407714276,0.0001819133758544,1.0,8.26768260449171
2,MOD_ADD,MOD_ADD,trained,1,0.0003,0.0005631484091281418,0.0005445480346679,1.0,8.26730683259666
2,MOD_ADD,MOD_ADD,trained,1,0.001,0.0018879454582929156,0.0018262863159178998,1.0,8.265982035547495
2,MOD_ADD,MOD_ADD,trained,1,0.003,0.005734268575906703,0.005564689636230399,1.0,8.262135712429881
2,MOD_ADD,MOD_ADD,trained,1,0.01,0.019588591530919026,0.01890707015991205,1.0,8.248281389474869
2,MOD_ADD,MOD_ADD,trained,1,0.02,0.039831461384892415,0.03856706619262695,1.0,8.228038519620895
2,MOD_ADD,MOD_ADD,trained,1,0.05,0.10055885650217529,0.09616899490356445,1.0,8.167311124503613
2,MOD_ADD,MOD_ADD,trained,1,0.1,0.1799371652305126,0.18268966674804685,0.97265625,8.087932815775275
2,MOD_ADD,MOD_ADD,trained,1,0.25,0.3715602867305279,0.3483693599700928,0.98046875,7.89630969427526
2,MOD_ADD,MOD_ADD,trained,1,0.5,0.6037640459835529,0.5484871864318848,0.94140625,7.664105935022235
2,MOD_ADD,MOD_ADD,trained,1,1.0,0.8872515745460987,0.7352406978607178,0.85546875,7.380618406459689
2,MOD_ADD,PARITY,trained,0,0.0,0.0,0.0,0.0,8.267869981005788
2,MOD_ADD,PARITY,trained,0,0.0001,0.00012563541531560146,0.0001015663146972,0.8828125,8.267744345590472
2,MOD_ADD,PARITY,trained,0,0.0003,0.00037798099219795404,0.00030446052551265,0.87890625,8.26749200001359
2,MOD_ADD,PARITY,trained,0,0.001,0.0012720376253127683,0.0010232925415038499,0.8828125,8.266597943380475
2,MOD_ADD,PARITY,trained,0,0.003,0.003899799659848179,0.0031952857971191,0.8828125,8.26397018134594
2,MOD_ADD,PARITY,trained,0,0.01,0.013684220612049063,0.011111497879028251,0.87890625,8.254185760393739
2,MOD_ADD,PARITY,trained,0,0.02,0.028744438663125003,0.0235810279846191,0.875,8.239125542342663
2,MOD_ADD,PARITY,trained,0,0.05,0.08004104718565938,0.0632665157318115,0.875,8.187828933820128
2,MOD_ADD,PARITY,trained,0,0.1,0.15738626755774018,0.13359928131103516,0.86328125,8.110483713448048
2,MOD_ADD,PARITY,trained,0,0.25,0.3999151047319174,0.26737546920776367,0.78125,7.8679548762738705
2,MOD_ADD,PARITY,trained,0,0.5,0.6024186201393604,0.3698763847351074,0.71484375,7.665451360866427
2,MOD_ADD,PARITY,trained,0,1.0,0.12867072969675064,-0.1945695877075195,0.44140625,8.139199251309037
2,MOD_ADD,RANDOM,untrained-control,0,0.0,0.0,0.0,0.0,8.267869981005788
2,MOD_ADD,RANDOM,untrained-control,0,0.0001,-6.668269634246826e-07,-4.76837158203125e-07,0.16796875,8.267870647832751
2,MOD_ADD,RANDOM,untrained-control,0,0.0003,-1.8943101167678833e-06,-1.9073486328125e-06,0.1953125,8.267871875315905
2,MOD_ADD,RANDOM,untrained-control,0,0.001,-6.243586540222168e-06,-4.76837158203125e-06,0.234375,8.267876224592328
2,MOD_ADD,RANDOM,untrained-control,0,0.003,-1.878105103969574e-05,-1.4781951904296877e-05,0.2421875,8.267888762056828
2,MOD_ADD,RANDOM,untrained-control,0,0.01,-6.261281669138499e-05,-4.982948303222656e-05,0.24609375,8.26793259382248
2,MOD_ADD,RANDOM,untrained-control,0,0.02,-0.00012501515448091316,-9.942054748532031e-05,0.24609375,8.267994996160269
2,MOD_ADD,RANDOM,untrained-control,0,0.05,-0.00031230598688123187,-0.0002477169036865,0.24609375,8.268182286992669
2,MOD_ADD,RANDOM,untrained-control,0,0.1,-0.0006243903189897294,-0.0004959106445312,0.24609375,8.268494371324778
2,MOD_ADD,RANDOM,untrained-control,0,0.25,-0.0015598144382238165,-0.0012409687042235999,0.24609375,8.269429795444012
2,MOD_ADD,RANDOM,untrained-control,0,0.5,-0.003116637468337992,-0.00253391265869135,0.2421875,8.270986618474126
2,MOD_ADD,RANDOM,untrained-control,0,1.0,-0.006191493943333602,-0.0050067901611328,0.23828125,8.274061474949121
2,MOD_ADD,REVERSE_INC,trained,0,0.0,0.0,0.0,0.0,8.267869981005788
2,MOD_ADD,REVERSE_INC,trained,0,0.0001,0.0001891367137431653,0.00018310546875,1.0,8.267680844292045
2,MOD_ADD,REVERSE_INC,trained,0,0.0003,0.0005685072392224781,0.0005486011505125999,1.0,8.267301473766565
2,MOD_ADD,REVERSE_INC,trained,0,0.001,0.001905761659145311,0.00184345245361325,1.0,8.265964219346642
2,MOD_ADD,REVERSE_INC,trained,0,0.003,0.00578797794878478,0.0056080818176269,1.0,8.262082003057003
2,MOD_ADD,REVERSE_INC,trained,0,0.01,0.01976780034601684,0.019070625305175698,1.0,8.248102180659771
2,MOD_ADD,REVERSE_INC,trained,0,0.02,0.040181931108236264,0.03915071487426755,1.0,8.227688049897552
2,MOD_ADD,REVERSE_INC,trained,0,0.05,0.10127305984497066,0.09725213050842285,1.0,8.166596921160817
2,MOD_ADD,REVERSE_INC,trained,0,0.1,0.18074746057391164,0.18541646003723145,0.97265625,8.087122520431876
2,MOD_ADD,REVERSE_INC,trained,0,0.25,0.37180788628757,0.3550572395324707,0.9765625,7.896062094718218
2,MOD_ADD,REVERSE_INC,trained,0,0.5,0.5984794721007347,0.5448417663574219,0.94140625,7.669390508905053
2,MOD_ADD,REVERSE_INC,trained,0,1.0,0.8854857534170151,0.7306663990020752,0.85546875,7.382384227588773
2,PARITY,DELAY_COPY,trained,0,0.0,0.0,0.0,0.0,11.562010433524847
2,PARITY,DELAY_COPY,trained,0,0.0001,0.00026902556419368124,0.0002660751342773,1.0,11.561741407960653
2,PARITY,DELAY_COPY,trained,0,0.0003,0.0008163414895534082,0.0008049011230468,1.0,11.561194092035294
2,PARITY,DELAY_COPY,trained,0,0.001,0.002797823399305294,0.0027327537536621,1.0,11.559212610125542
2,PARITY,DELAY_COPY,trained,0,0.003,0.008825462311506226,0.00857973098754875,1.0,11.55318497121334
2,PARITY,DELAY_COPY,trained,0,0.01,0.032295100390911054,0.03151750564575195,1.0,11.529715333133936
2,PARITY,DELAY_COPY,trained,0,0.02,0.06967911496758457,0.0682482719421386,1.0,11.492331318557262
2,PARITY,DELAY_COPY,trained,0,0.05,0.1991394609212875,0.19808435440063474,1.0,11.36287097260356
2,PARITY,DELAY_COPY,trained,0,0.1,0.3695218972861767,0.36467027664184565,1.0,11.19248853623867
2,PARITY,DELAY_COPY,trained,0,0.25,1.0173003487288952,0.9975523948669434,1.0,10.544710084795952
2,PARITY,DELAY_COPY,trained,0,0.5,2.1408348716795444,2.1178722381591797,1.0,9.421175561845303
2,PARITY,DELAY_COPY,trained,0,1.0,4.239927988499403,4.236937046051025,1.0,7.322082445025444
2,PARITY,LOCAL_RULE,trained,0,0.0,0.0,0.0,0.0,11.562010433524847
2,PARITY,LOCAL_RULE,trained,0,0.0001,0.00026960298418994056,0.0002651214599609,1.0,11.561740830540657
2,PARITY,LOCAL_RULE,trained,0,0.0003,0.0008214078843593152,0.0008015632629394,1.0,11.561189025640488
2,PARITY,LOCAL_RULE,trained,0,0.001,0.002840843051671936,0.00277185440063475,1.0,11.559169590473175
2,PARITY,LOCAL_RULE,trained,0,0.003,0.009069744497537568,0.008882999420166,1.0,11.55294068902731
2,PARITY,LOCAL_RULE,trained,0,0.01,0.033620640635490376,0.03310632705688475,1.0,11.528389792889357
2,PARITY,LOCAL_RULE,trained,0,0.02,0.07285153865814205,0.0724000930786132,1.0,11.489158894866705
2,PARITY,LOCAL_RULE,trained,0,0.05,0.2075550779700279,0.2054476737976074,1.0,11.354455355554819
2,PARITY,LOCAL_RULE,trained,0,0.1,0.3483143784105778,0.3458542823791504,1.0,11.21369605511427
2,PARITY,LOCAL_RULE,trained,0,0.25,0.9075983315706253,0.896240234375,1.0,10.654412101954222
2,PARITY,LOCAL_RULE,trained,0,0.5,1.9704728424549103,1.9425406455993655,1.0,9.591537591069937
2,PARITY,LOCAL_RULE,trained,0,1.0,4.315145965665579,4.313356399536133,1.0,7.246864467859268
2,PARITY,LOOKUP,trained,0,0.0,0.0,0.0,0.0,11.562010433524847
2,PARITY,LOOKUP,trained,0,0.0001,-5.426630377768555e-05,-5.4836273193359375e-05,0.13671875,11.562064699828625
2,PARITY,LOOKUP,trained,0,0.0003,-0.00015112385153767785,-0.000154972076416,0.15234375,11.562161557376385
2,PARITY,LOOKUP,trained,0,0.001,-0.0004072859883308104,-0.00041151046752925004,0.1953125,11.562417719513178
2,PARITY,LOOKUP,trained,0,0.003,-0.0007206983864307199,-0.00077772140502925,0.25390625,11.562731131911278
2,PARITY,LOOKUP,trained,0,0.01,0.0005202963948249796,0.00033473968505855,0.53515625,11.561490137130022
2,PARITY,LOOKUP,trained,0,0.02,0.005480181425809828,0.0053629875183105,0.84765625,11.556530252099037
2,PARITY,LOOKUP,trained,0,0.05,0.03128025308251377,0.02986145019531245,0.9921875,11.530730180442333
2,PARITY,LOOKUP,trained,0,0.1,-0.006573151797056194,-0.00712537765502925,0.453125,11.568583585321903
2,PARITY,LOOKUP,trained,0,0.25,0.05247010663151739,0.04812288284301755,0.76171875,11.50954032689333
2,PARITY,LOOKUP,trained,0,0.5,1.1065434031188488,1.0891308784484863,1.0,10.455467030405998
2,PARITY,LOOKUP,trained,0,1.0,5.2881176099181175,5.28662633895874,1.0,6.2738928236067295
2,PARITY,MOD_ADD,trained,0,0.0,0.0,0.0,0.0,11.562010433524847
2,PARITY,MOD_ADD,trained,0,0.0001,0.00026523694396014385,0.00025892257690425004,1.0,11.561745196580887
2,PARITY,MOD_ADD,trained,0,0.0003,0.0008080638945102215,0.0007882118225097,1.0,11.561202369630337
2,PARITY,MOD_ADD,trained,0,0.001,0.0027962923049926333,0.00274133682250975,1.0,11.559214141219854
2,PARITY,MOD_ADD,trained,0,0.003,0.008933451026678045,0.0087652206420898,1.0,11.553076982498169
2,PARITY,MOD_ADD,trained,0,0.01,0.03314137458801265,0.032619953155517495,1.0,11.528869058936834
2,PARITY,MOD_ADD,trained,0,0.02,0.07182632386684414,0.0710673332214355,1.0,11.490184109658003
2,PARITY,MOD_ADD,trained,0,0.05,0.20461247116327283,0.2021527290344238,1.0,11.357397962361574
2,PARITY,MOD_ADD,trained,0,0.1,0.34316690266132355,0.3408966064453125,1.0,11.218843530863523
2,PARITY,MOD_ADD,trained,0,0.25,0.8896340094506741,0.8810057640075684,1.0,10.672376424074173
2,PARITY,MOD_ADD,trained,0,0.5,1.9345074109733105,1.91363525390625,1.0,9.627503022551537
2,PARITY,MOD_ADD,trained,0,1.0,4.300252323970199,4.296342611312866,1.0,7.261758109554648
2,PARITY,PARITY,trained,1,0.0,0.0,0.0,0.0,11.562010433524847
2,PARITY,PARITY,trained,1,0.0001,0.0004404187202453168,0.00043630599975579996,1.0,11.561570014804602
2,PARITY,PARITY,trained,1,0.0003,0.0013329498469829145,0.0013208389282225999,1.0,11.560677483677864
2,PARITY,PARITY,trained,1,0.001,0.004542633891105603,0.004499912261962851,1.0,11.557467799633741
2,PARITY,PARITY,trained,1,0.003,0.014186233282089192,0.01398754119873045,1.0,11.547824200242758
2,PARITY,PARITY,trained,1,0.01,0.05127085745334621,0.050753116607666,1.0,11.5107395760715
2,PARITY,PARITY,trained,1,0.02,0.11033495515584942,0.1096549034118652,1.0,11.451675478368998
2,PARITY,PARITY,trained,1,0.05,0.3174736835062504,0.3154439926147461,1.0,11.244536750018597
2,PARITY,PARITY,trained,1,0.1,0.6221692226827145,0.6133718490600586,1.0,10.939841210842133
2,PARITY,PARITY,trained,1,0.25,2.1595396772027016,2.1367902755737305,1.0,9.402470756322145
2,PARITY,PARITY,trained,1,0.5,4.492017775774002,4.5256688594818115,1.0,7.069992657750845
2,PARITY,PARITY,trained,1,1.0,5.678567515686154,5.682712554931641,1.0,5.883442917838693
2,PARITY,RANDOM,untrained-control,0,0.0,0.0,0.0,0.0,11.562010433524847
2,PARITY,RANDOM,untrained-control,0,0.0001,-3.606081008911133e-06,-3.814697265625e-06,0.0,11.562014039605856
2,PARITY,RANDOM,untrained-control,0,0.0003,-1.0851770639419556e-05,-1.049041748046875e-05,0.0,11.562021285295486
2,PARITY,RANDOM,untrained-control,0,0.001,-3.536418080329895e-05,-3.528594970703125e-05,0.0,11.56204579770565
2,PARITY,RANDOM,untrained-control,0,0.003,-0.00010624900460239399,-0.000105857849121,0.0,11.56211668252945
2,PARITY,RANDOM,untrained-control,0,0.01,-0.00035361573100085663,-0.0003514289855957,0.0,11.562364049255848
2,PARITY,RANDOM,untrained-control,0,0.02,-0.0007071271538733996,-0.0007038116455078,0.0,11.56271756067872
2,PARITY,RANDOM,untrained-control,0,0.05,-0.0017645135521888282,-0.0017561912536620998,0.0,11.563774947077036
2,PARITY,RANDOM,untrained-control,0,0.1,-0.0035197250545024434,-0.0035009384155273,0.0,11.56553015857935
2,PARITY,RANDOM,untrained-control,0,0.25,-0.008733239024877503,-0.0086860656738281,0.0,11.570743672549725
2,PARITY,RANDOM,untrained-control,0,0.5,-0.017249114811420396,-0.0171623229980468,0.0,11.579259548336267
2,PARITY,RANDOM,untrained-control,0,1.0,-0.033503949642181355,-0.0333070755004882,0.0,11.595514383167028
2,PARITY,REVERSE_INC,trained,0,0.0,0.0,0.0,0.0,11.562010433524847
2,PARITY,REVERSE_INC,trained,0,0.0001,0.0002748221158980854,0.0002689361572265,1.0,11.561735611408949
2,PARITY,REVERSE_INC,trained,0,0.0003,0.0008371695876121082,0.0008196830749511,1.0,11.561173263937235
2,PARITY,REVERSE_INC,trained,0,0.001,0.0028940737247466616,0.00283908843994135,1.0,11.5591163598001
2,PARITY,REVERSE_INC,trained,0,0.003,0.009231053292751265,0.00903415679931635,1.0,11.552779380232096
2,PARITY,REVERSE_INC,trained,0,0.01,0.03414088487625117,0.0337281227111816,1.0,11.527869548648596
2,PARITY,REVERSE_INC,trained,0,0.02,0.07378129288554187,0.0732355117797851,1.0,11.488229140639305
2,PARITY,REVERSE_INC,trained,0,0.05,0.20914645120501515,0.2066965103149414,1.0,11.352863982319832
2,PARITY,REVERSE_INC,trained,0,0.1,0.3501306250691414,0.3482241630554199,1.0,11.211879808455706
2,PARITY,REVERSE_INC,trained,0,0.25,0.8932012915611267,0.8839912414550781,1.0,10.66880914196372
2,PARITY,REVERSE_INC,trained,0,0.5,1.899686984717846,1.8750863075256348,1.0,9.662323448807001
2,PARITY,REVERSE_INC,trained,0,1.0,4.283299112692475,4.276653289794922,1.0,7.278711320832372
2,REVERSE_INC,DELAY_COPY,trained,0,0.0,0.0,0.0,0.0,8.330915044993162
2,REVERSE_INC,DELAY_COPY,trained,0,0.0001,0.00017260760068889226,0.0001678466796875,0.99609375,8.330742437392473
2,REVERSE_INC,DELAY_COPY,trained,0,0.0003,0.0005239937454461573,0.0005035400390624499,0.99609375,8.330391051247716
2,REVERSE_INC,DELAY_COPY,trained,0,0.001,0.0017611645162105085,0.00168466567993155,0.99609375,8.329153880476952
2,REVERSE_INC,DELAY_COPY,trained,0,0.003,0.0053458865731954115,0.00508999824523925,1.0,8.325569158419967
2,REVERSE_INC,DELAY_COPY,trained,0,0.01,0.01825911551713939,0.017481327056884752,1.0,8.312655929476023
2,REVERSE_INC,DELAY_COPY,trained,0,0.02,0.03723953850567336,0.03567457199096675,1.0,8.293675506487489
2,REVERSE_INC,DELAY_COPY,trained,0,0.05,0.09485679119825359,0.09158563613891599,1.0,8.236058253794909
2,REVERSE_INC,DELAY_COPY,trained,0,0.1,0.17746995389461515,0.1672301292419433,0.9921875,8.153445091098547
2,REVERSE_INC,DELAY_COPY,trained,0,0.25,0.39676232635974884,0.3537888526916504,0.9921875,7.934152718633413
2,REVERSE_INC,DELAY_COPY,trained,0,0.5,0.6647674161940813,0.5769863128662109,0.9453125,7.666147628799081
2,REVERSE_INC,DELAY_COPY,trained,0,1.0,0.9527886155992746,0.739262580871582,0.87890625,7.3781264293938875
2,REVERSE_INC,LOCAL_RULE,trained,0,0.0,0.0,0.0,0.0,8.330915044993162
2,REVERSE_INC,LOCAL_RULE,trained,0,0.0001,0.00018178671598429762,0.0001792907714843,0.99609375,8.330733258277178
2,REVERSE_INC,LOCAL_RULE,trained,0,0.0003,0.0005517825484275368,0.0005390644073486001,0.99609375,8.330363262444735
2,REVERSE_INC,LOCAL_RULE,trained,0,0.001,0.0018564891070127043,0.0018091201782225999,0.99609375,8.32905855588615
2,REVERSE_INC,LOCAL_RULE,trained,0,0.003,0.005646388977765989,0.0055336952209472,1.0,8.325268656015396
2,REVERSE_INC,LOCAL_RULE,trained,0,0.01,0.01932651177048679,0.01865911483764645,1.0,8.311588533222675
2,REVERSE_INC,LOCAL_RULE,trained,0,0.02,0.039345726370811414,0.038405656814575154,1.0,8.29156931862235
2,REVERSE_INC,LOCAL_RULE,trained,0,0.05,0.09902814589440818,0.0957732200622558,1.0,8.231886899098754
2,REVERSE_INC,LOCAL_RULE,trained,0,0.1,0.17710463330149648,0.16751861572265625,0.9921875,8.153810411691666
2,REVERSE_INC,LOCAL_RULE,trained,0,0.25,0.3761739879846573,0.3480229377746582,0.9921875,7.954741057008505
2,REVERSE_INC,LOCAL_RULE,trained,0,0.5,0.6312792580574751,0.5561811923980713,0.95703125,7.699635786935687
2,REVERSE_INC,LOCAL_RULE,trained,0,1.0,0.9425179902464151,0.7307884693145752,0.87890625,7.388397054746747
2,REVERSE_INC,LOOKUP,trained,0,0.0,0.0,0.0,0.0,8.330915044993162
2,REVERSE_INC,LOOKUP,trained,0,0.0001,1.2543052434920214e-05,1.2159347534179688e-05,0.65625,8.330902501940727
2,REVERSE_INC,LOOKUP,trained,0,0.0003,4.403665661810929e-05,3.910064697265625e-05,0.6640625,8.330871008336544
2,REVERSE_INC,LOOKUP,trained,0,0.001,0.00016346387565134538,0.0001425743103027,0.68359375,8.33075158111751
2,REVERSE_INC,LOOKUP,trained,0,0.003,0.0005629882216453342,0.0005102157592773,0.73046875,8.330352056771517
2,REVERSE_INC,LOOKUP,trained,0,0.01,0.002359267324209183,0.0024118423461914,0.8046875,8.328555777668953
2,REVERSE_INC,LOOKUP,trained,0,0.02,0.005468251183629003,0.00589847564697265,0.8671875,8.325446793809533
2,REVERSE_INC,LOOKUP,trained,0,0.05,0.018194770440459213,0.0178263187408447,0.90234375,8.312720274552703
2,REVERSE_INC,LOOKUP,trained,0,0.1,0.04574478976428507,0.0393586158752441,0.74609375,8.285170255228877
2,REVERSE_INC,LOOKUP,trained,0,0.25,0.10392406210303304,0.09670877456665035,0.84765625,8.226990982890129
2,REVERSE_INC,LOOKUP,trained,0,0.5,0.3118461389094591,0.28003787994384766,0.89453125,8.019068906083703
2,REVERSE_INC,LOOKUP,trained,0,1.0,0.4750359673053026,0.15563869476318354,0.578125,7.8558790776878595
2,REVERSE_INC,MOD_ADD,trained,0,0.0,0.0,0.0,0.0,8.330915044993162
2,REVERSE_INC,MOD_ADD,trained,0,0.0001,0.00018326938152308633,0.0001811981201171,0.99609375,8.330731775611639
2,REVERSE_INC,MOD_ADD,trained,0,0.0003,0.000556470826268154,0.0005438327789306001,0.99609375,8.330358574166894
2,REVERSE_INC,MOD_ADD,trained,0,0.001,0.0018718689680099012,0.0018198490142822,0.99609375,8.329043176025152
2,REVERSE_INC,MOD_ADD,trained,0,0.003,0.005691150203347157,0.0055441856384277,1.0,8.325223894789815
2,REVERSE_INC,MOD_ADD,trained,0,0.01,0.01946053281426425,0.01898002624511715,1.0,8.311454512178898
2,REVERSE_INC,MOD_ADD,trained,0,0.02,0.03957251086831088,0.0391044616699218,1.0,8.291342534124851
2,REVERSE_INC,MOD_ADD,trained,0,0.05,0.09934556297957893,0.0961833000183105,1.0,8.231569482013583
2,REVERSE_INC,MOD_ADD,trained,0,0.1,0.17705615796148774,0.1690216064453125,0.9921875,8.153858887031674
2,REVERSE_INC,MOD_ADD,trained,0,0.25,0.3742644302546978,0.34924912452697754,0.99609375,7.956650614738464
2,REVERSE_INC,MOD_ADD,trained,0,0.5,0.6260913144797087,0.5500588417053223,0.9609375,7.7048237305134535
2,REVERSE_INC,MOD_ADD,trained,0,1.0,0.9361937344074249,0.725327730178833,0.87890625,7.394721310585737
2,REVERSE_INC,PARITY,trained,0,0.0,0.0,0.0,0.0,8.330915044993162
2,REVERSE_INC,PARITY,trained,0,0.0001,0.00013140216469762278,0.0001082420349121,0.8984375,8.330783642828465
2,REVERSE_INC,PARITY,trained,0,0.0003,0.00040073134005066214,0.0003266334533691,0.8984375,8.330514313653111
2,REVERSE_INC,PARITY,trained,0,0.001,0.0013541765511035535,0.0010819435119628499,0.8984375,8.329560868442059
2,REVERSE_INC,PARITY,trained,0,0.003,0.004152920097112616,0.0032904148101806,0.90234375,8.32676212489605
2,REVERSE_INC,PARITY,trained,0,0.01,0.014555694535374605,0.01176404953002925,0.90234375,8.316359350457788
2,REVERSE_INC,PARITY,trained,0,0.02,0.030525404959917034,0.02572822570800775,0.8828125,8.300389640033245
2,REVERSE_INC,PARITY,trained,0,0.05,0.08405742235481736,0.06818342208862299,0.9140625,8.246857622638345
2,REVERSE_INC,PARITY,trained,0,0.1,0.16542209312319753,0.1399321556091308,0.86328125,8.165492951869965
2,REVERSE_INC,PARITY,trained,0,0.25,0.43211468681693077,0.32194018363952637,0.79296875,7.898800358176231
2,REVERSE_INC,PARITY,trained,0,0.5,0.6492788083851337,0.3910074234008789,0.71875,7.681636236608028
2,REVERSE_INC,PARITY,trained,0,1.0,0.16175824590027332,-0.15735960006713864,0.44921875,8.169156799092889
2,REVERSE_INC,RANDOM,untrained-control,0,0.0,0.0,0.0,0.0,8.330915044993162
2,REVERSE_INC,RANDOM,untrained-control,0,0.0001,-8.083879947662354e-07,-9.5367431640625e-07,0.12109375,8.330915853381157
2,REVERSE_INC,RANDOM,untrained-control,0,0.0003,-2.209097146987915e-06,-1.9073486328125e-06,0.18359375,8.33091725409031
2,REVERSE_INC,RANDOM,untrained-control,0,0.001,-7.180497050285339e-06,-5.7220458984375e-06,0.23046875,8.330922225490212
2,REVERSE_INC,RANDOM,untrained-control,0,0.003,-2.1643936634063697e-05,-1.71661376953125e-05,0.23046875,8.330936688929796
2,REVERSE_INC,RANDOM,untrained-control,0,0.01,-7.198750972746193e-05,-5.507469177246094e-05,0.23046875,8.33098703250289
2,REVERSE_INC,RANDOM,untrained-control,0,0.02,-0.00014378875494000862,-0.0001106262207031,0.23046875,8.331058833748102
2,REVERSE_INC,RANDOM,untrained-control,0,0.05,-0.0003596339374780378,-0.00027561187744135,0.23046875,8.33127467893064
2,REVERSE_INC,RANDOM,untrained-control,0,0.1,-0.0007192455232143139,-0.0005524158477782501,0.23046875,8.331634290516376
2,REVERSE_INC,RANDOM,untrained-control,0,0.25,-0.0017934404313564047,-0.0013930797576904,0.23046875,8.332708485424519
2,REVERSE_INC,RANDOM,untrained-control,0,0.5,-0.003574091941118216,-0.0028305053710936997,0.23046875,8.33448913693428
2,REVERSE_INC,RANDOM,untrained-control,0,1.0,-0.00708116218447683,-0.00570821762084955,0.23046875,8.337996207177639
2,REVERSE_INC,REVERSE_INC,trained,1,0.0,0.0,0.0,0.0,8.330915044993162
2,REVERSE_INC,REVERSE_INC,trained,1,0.0001,0.0001853611320256741,0.00018358230590819998,0.99609375,8.330729683861136
2,REVERSE_INC,REVERSE_INC,trained,1,0.0003,0.0005624238401650912,0.0005507469177246,0.99609375,8.330352621152997
2,REVERSE_INC,REVERSE_INC,trained,1,0.001,0.001892223954200697,0.001842975616455,0.99609375,8.329022821038961
2,REVERSE_INC,REVERSE_INC,trained,1,0.003,0.005752714350819541,0.00560235977172845,1.0,8.325162330642343
2,REVERSE_INC,REVERSE_INC,trained,1,0.01,0.019666083157062482,0.0190820693969726,1.0,8.3112489618361
2,REVERSE_INC,REVERSE_INC,trained,1,0.02,0.03997604362666602,0.039245605468749944,1.0,8.290939001366496
2,REVERSE_INC,REVERSE_INC,trained,1,0.05,0.10019639879465099,0.09765052795410151,1.0,8.230718646198511
2,REVERSE_INC,REVERSE_INC,trained,1,0.1,0.17819337174296376,0.1705203056335449,0.9921875,8.152721673250198
2,REVERSE_INC,REVERSE_INC,trained,1,0.25,0.3750578463077545,0.34471988677978516,0.99609375,7.955857198685408
2,REVERSE_INC,REVERSE_INC,trained,1,0.5,0.6214361544698477,0.5428164005279541,0.9609375,7.7094788905233145
2,REVERSE_INC,REVERSE_INC,trained,1,1.0,0.9356726408004761,0.7205517292022705,0.87890625,7.395242404192686
