arm,step,cell_id,certificate_rank,parameter_dtype,machine_epsilon,basis_orthogonality_error,gradient_analytic_norm,gradient_analytic_violation_norm,gradient_analytic_rho,gradient_safe_ideal_violation_norm,gradient_safe_ideal_rho,gradient_float_commit_violation_norm,gradient_float_commit_rho,optimizer_raw_update_norm,optimizer_raw_violation_norm,optimizer_raw_rho,matched_safe_update_norm,matched_safe_ideal_violation_norm,matched_safe_ideal_rho,matched_safe_float_commit_norm,matched_safe_float_commit_violation_norm,matched_safe_float_commit_rho,roundoff_bound_norm,machine_floor_envelope_norm,committed_update_norm,committed_violation_norm,committed_rho,committed_excess_factor,eligible_for_ratio
adamw_final_update_projection,1,0,58,torch.float32,1.1920928955078125e-07,4.814231254404896e-06,1.6898202113185475e-06,7.158763965063399e-13,4.2364056939983555e-07,2.4369914802847943e-22,1.4421602156027335e-16,1.0169333807225706e-07,0.059455997174469345,0.007677182471449636,0.0018056290189816624,0.2351942298748979,0.007461825148430165,1.2602263800289571e-18,1.6888982989558344e-16,0.007461825995695938,1.0128198508950438e-07,1.3573351234392884e-05,9.88045286667737e-06,9.88045286667737e-06,0.007461826051661079,1.0130048479534501e-07,1.3575830379052389e-05,0.010252615559453669,True
adamw_final_update_projection,1,1,60,torch.float32,1.1920928955078125e-07,3.342961442244951e-06,1.975999155927725e-06,5.785724279714085e-13,2.9279993679945204e-07,2.8633184214291077e-22,1.4490484031026377e-16,1.0749579989852907e-07,0.05391055708500394,0.007677696428265785,0.0018282033378738181,0.2381187319601756,0.007456855570546624,1.3071804633865508e-18,1.7529915270850929e-16,0.007456855327065026,1.0748695674560036e-07,1.4414515507022259e-05,1.0196390510771178e-05,1.0196390510771178e-05,0.007456855354740685,1.0742209352956815e-07,1.4405816985745166e-05,0.010535305941459431,True
adamw_final_update_projection,1,2,60,torch.float32,1.1920928955078125e-07,3.920330339574255e-06,1.8821437530646159e-06,5.989789178187162e-13,3.1824291680347154e-07,2.7509847254149896e-22,1.4616230672794338e-16,9.877736811338514e-08,0.052041967851678014,0.0076775473227556155,0.0018269969240912133,0.2379662211493175,0.007456997729147648,1.3031690668533111e-18,1.7475787363586422e-16,0.0074569970037278496,9.927229246010195e-08,1.3312636763897645e-05,9.403005951112793e-06,9.403005951112793e-06,0.007456997084467434,9.924352652497622e-08,1.3308779043469886e-05,0.01055444684826891,True
adamw_final_update_projection,1,3,49,torch.float32,1.1920928955078125e-07,5.138758647397377e-06,1.7122383424116826e-06,7.818982493985917e-13,4.566526925785871e-07,2.247295878557731e-22,1.312490103096661e-16,8.955073136115781e-08,0.05174838832035919,0.007677255902148721,0.0016565975651567626,0.21577990707501515,0.007496395313361888,1.1533297603016752e-18,1.5385124611103848e-16,0.0074963959433236044,9.004871777267192e-08,1.2012268089023575e-05,9.520496134299753e-06,9.520496134299753e-06,0.00749639591233568,9.000979796797468e-08,1.2007076336491143e-05,0.009454317999635956,True
adamw_final_update_projection,1,4,60,torch.float32,1.1920928955078125e-07,8.425881056896194e-06,1.7982256805910066e-06,1.223942646421891e-12,6.806390652921989e-07,2.621892967275371e-22,1.4580444465759516e-16,1.1287146544999135e-07,0.06203808222355939,0.00767712954902585,0.0018437427473867469,0.24016043178803712,0.007452444618645927,1.329425812054017e-18,1.7838788210888674e-16,0.0074524454426845394,1.140583069429686e-07,1.530481609294173e-05,1.0830566778661596e-05,1.0830566778661596e-05,0.007452445484545742,1.1421130046118937e-07,1.5325345310882342e-05,0.010545274572906813,True
adamw_final_update_projection,1,5,53,torch.float32,1.1920928955078125e-07,5.678672305444112e-06,3.4266948330285915e-06,1.1975117189594241e-12,3.4946552795337067e-07,4.484852648559843e-22,1.3087983806822684e-16,9.103429528943168e-08,0.02650669809839464,0.007678366144414863,0.001761443696058624,0.22940345158453715,0.007473595035410449,1.2137938952716119e-18,1.6241098019367736e-16,0.007473594229290423,9.039518869812122e-08,1.2095276506161582e-05,9.198467056879704e-06,9.198467056879704e-06,0.007473594359719488,9.044620312156013e-08,1.2102102250697337e-05,0.009832747409136366,True
adamw_final_update_projection,1,6,60,torch.float32,1.1920928955078125e-07,3.095485046437789e-06,2.1541211026043923e-06,6.021345975201704e-13,2.7952680877234474e-07,3.1225989131345015e-22,1.4495930193336458e-16,9.848815176639059e-08,0.045402211318071976,0.007677816944170573,0.0018207912810367056,0.23714960831661297,0.00745879294115968,1.3091575058586924e-18,1.755186819350353e-16,0.007458793003992601,9.812867270488244e-08,1.315610617593964e-05,9.356803664749954e-06,9.356803664749954e-06,0.007458793074015254,9.808139435612319e-08,1.3149767446668624e-05,0.010482361057294266,True
adamw_final_update_projection,1,7,53,torch.float32,1.1920928955078125e-07,7.079248571757639e-06,1.0540401318025114e-06,5.965705391768638e-13,5.659846538828365e-07,1.4131180483494432e-22,1.340668164060414e-16,9.771449906547277e-08,0.09023480566999832,0.007675470873991428,0.0017184016196310126,0.22388224095200074,0.007480638275651367,1.2164757283095134e-18,1.6261656873170897e-16,0.007480638909321168,9.926244585348798e-08,1.3269247059873869e-05,1.0060236412613993e-05,1.0060236412613993e-05,0.007480638720138456,9.92458792769904e-08,1.326703280159926e-05,0.009865163720462006,True
adamw_final_update_projection,2,0,58,torch.float32,1.1920928955078125e-07,4.814231254404896e-06,3.6262880051630605e-06,1.527750467562102e-12,4.212987124538678e-07,5.195561671087587e-22,1.4327493193289325e-16,1.0324228907148841e-07,0.02840086361282269,0.011837729460084089,0.0022080921732490384,0.18653004198943346,0.011629968517781081,1.8520986545255627e-18,1.5925225005500965e-16,0.01162996798598903,1.0174517803818639e-07,8.748534661553827e-06,9.884400561009704e-06,9.884400561009704e-06,0.011629967986919017,1.0172324630172379e-07,8.746648865769756e-06,0.010291291381187473,True
adamw_final_update_projection,2,1,60,torch.float32,1.1920928955078125e-07,3.342961442244951e-06,4.329925932167399e-06,1.2858568501341242e-12,2.9696971040113664e-07,6.311456322188399e-22,1.457636093795581e-16,1.0604647261774081e-07,0.024440662001267835,0.011769741694632125,0.0021894827539130734,0.18602640658729494,0.011564297852817484,1.908161788067184e-18,1.6500455214427795e-16,0.011564298567950096,1.063526872166791e-07,9.19663969169998e-06,1.020029418152629e-05,1.020029418152629e-05,0.011564298545622104,1.0623798044228524e-07,9.186720666469109e-06,0.010415187890824991,True
adamw_final_update_projection,2,2,60,torch.float32,1.1920928955078125e-07,3.920330339574255e-06,4.069280107851333e-06,1.3101095349325102e-12,3.2195118060434434e-07,5.941710566370375e-22,1.4601380118578355e-16,9.772858409763042e-08,0.02396570355187267,0.011843718774092982,0.002209104560623995,0.1865211934494935,0.011635872611885745,1.916393814361418e-18,1.6469704321134204e-16,0.011635872857124458,9.849821752876922e-08,8.465047593611367e-06,9.406939369636547e-06,9.406939369636547e-06,0.011635872794940489,9.853203090569887e-08,8.467953598508106e-06,0.010474398423757017,True
adamw_final_update_projection,2,3,49,torch.float32,1.1920928955078125e-07,5.138758647397377e-06,2.989334219985035e-06,1.2461299128266721e-12,4.1685867859663763e-07,3.90136992191022e-22,1.3050965983757047e-16,9.001323741300728e-08,0.03000595193386657,0.011225995447432795,0.0018739853274077933,0.1669326641172248,0.011068475630295354,1.5964809310259797e-18,1.4423674807181906e-16,0.011068475228108809,9.030164964980573e-08,8.158454329868425e-06,9.52389582029706e-06,9.52389582029706e-06,0.01106847528193688,9.035638077439661e-08,8.16339906561955e-06,0.009487334015333476,True
adamw_final_update_projection,2,4,60,torch.float32,1.1920928955078125e-07,8.425881056896194e-06,3.935811629894611e-06,2.748877564564826e-12,6.984271156895872e-07,5.761477620466922e-22,1.4638601036459162e-16,1.1352558608209385e-07,0.028766296535770116,0.012508083854743363,0.002410962619301628,0.19275235498100166,0.012273525205319857,2.06811290338789e-18,1.685019477934085e-16,0.01227352473822571,1.1293674486400988e-07,9.20165537388539e-06,1.0835076336039117e-05,1.0835076336039117e-05,0.012273524779390662,1.129666073661498e-07,9.204088425831834e-06,0.0104260093664874,True
adamw_final_update_projection,2,5,53,torch.float32,1.1920928955078125e-07,5.678672305444112e-06,5.702861104590514e-06,2.1391479516700294e-12,3.751008331498945e-07,7.6384699743937175e-22,1.3394101371758248e-16,9.051596270314027e-08,0.015861501626975704,0.01224785335415214,0.0023143893225115817,0.18896285378261665,0.012027198919476649,1.8347380907058722e-18,1.5254907672099175e-16,0.012027199458391384,8.999566742925145e-08,7.482678552109769e-06,9.20281546886658e-06,9.20281546886658e-06,0.01202719943856509,8.999553043595265e-08,7.4826671741538535e-06,0.00977913017384847,True
adamw_final_update_projection,2,6,60,torch.float32,1.1920928955078125e-07,3.095485046437789e-06,4.222844962471571e-06,1.1936425077850293e-12,2.8266311417845834e-07,6.120390210052369e-22,1.449352335793649e-16,9.811586836559176e-08,0.02319342585599836,0.011895356591788517,0.0022428167585870004,0.18854556744732134,0.011682006738279509,1.9088211363548844e-18,1.6339839371090878e-16,0.011682007324877558,9.779382964803264e-08,8.371320692444236e-06,9.360812528338608e-06,9.360812528338608e-06,0.011682007272966581,9.786105415363382e-08,8.377075263434804e-06,0.01045433330251755,True
adamw_final_update_projection,2,7,53,torch.float32,1.1920928955078125e-07,7.079248571757639e-06,2.1945489957533497e-06,1.2923084382790748e-12,5.888719918214668e-07,2.932501605044013e-22,1.3362661807593163e-16,9.915917493376015e-08,0.044845581294046165,0.011422336829299174,0.0019928954146532824,0.17447352887907772,0.011247139481140006,1.707398673969919e-18,1.518073708282008e-16,0.011247139889235548,9.941248337345973e-08,8.838912323710474e-06,1.0063783876396568e-05,1.0063783876396568e-05,0.01124713989590197,9.947781601220081e-08,8.844721140922836e-06,0.00988473294279644,True
adamw_final_update_projection,3,0,58,torch.float32,1.1920928955078125e-07,4.814231254404896e-06,4.848100301949044e-06,1.9006921687498282e-12,3.920488542668368e-07,6.85665669819604e-22,1.4142976157980969e-16,1.0146394118015503e-07,0.020898817244059804,0.015466683342006661,0.002466722047712873,0.15948616734225052,0.015268712320992677,2.359272839330003e-18,1.5451681777292258e-16,0.01526871129215385,1.02069881584621e-07,6.68490481165046e-06,9.887857841550723e-06,9.887857841550723e-06,0.01526871128686207,1.0202896984885706e-07,6.682225364798644e-06,0.010318612128514962,True
adamw_final_update_projection,3,1,60,torch.float32,1.1920928955078125e-07,3.342961442244951e-06,7.050276289963135e-06,2.032586757873946e-12,2.882988799697911e-07,1.0222823051707743e-21,1.449988997773252e-16,1.0660692585889779e-07,0.015108345295744107,0.015380982788077043,0.002469539622298763,0.16055798620443743,0.015181436216017861,2.4178039967224862e-18,1.5926055758620997e-16,0.015181437057961298,1.0643687591194824e-07,7.010988189430438e-06,1.0203657285467436e-05,1.0203657285467436e-05,0.015181437137503553,1.0648105599140051e-07,7.013898290851162e-06,0.010435577461334007,True
adamw_final_update_projection,3,2,60,torch.float32,1.1920928955078125e-07,3.920330339574255e-06,5.095201020311414e-06,1.6422515628287828e-12,3.2231339966414316e-07,7.511646643465571e-22,1.4742591339422477e-16,9.853758737380435e-08,0.01931779505686368,0.01524437234892001,0.002418527599226583,0.15865051993419224,0.01505129936464943,2.421978311789137e-18,1.6091489864838983e-16,0.015051298553925325,9.826422125633743e-08,6.528620829909089e-06,9.410110717945996e-06,9.410110717945996e-06,0.015051298492001805,9.818674745270046e-08,6.523473539832891e-06,0.01043417557940618,True
adamw_final_update_projection,3,3,49,torch.float32,1.1920928955078125e-07,5.138758647397377e-06,4.391709877792391e-06,2.00118130260376e-12,4.556724734307146e-07,5.733476393800511e-22,1.3055225762506856e-16,8.97658087414334e-08,0.020411339975554707,0.014336330968157153,0.0020369565139468095,0.1420835301913128,0.01419088417924801,1.994193897358242e-18,1.4052640217263167e-16,0.014190884126088274,8.989938550928745e-08,6.335009482884719e-06,9.526860558693133e-06,9.526860558693133e-06,0.014190884149841742,9.00576083351877e-08,6.346159082427012e-06,0.009453020518182281,True
adamw_final_update_projection,3,4,60,torch.float32,1.1920928955078125e-07,8.425881056896194e-06,5.716793516006379e-06,3.6977249797455475e-12,6.468180054767298e-07,8.278378813814739e-22,1.4480807800103224e-16,1.1376888883254209e-07,0.019872482427317338,0.016903622107754094,0.00293734552122167,0.1737701838397251,0.016646454326694076,2.777316968635604e-18,1.668413533674813e-16,0.0166464537404668,1.1444411929560434e-07,6.874984971567589e-06,1.0839040435634444e-05,1.0839040435634444e-05,0.016646453623139216,1.1468537124335649e-07,6.889477713375501e-06,0.010580767912472833,True
adamw_final_update_projection,3,5,53,torch.float32,1.1920928955078125e-07,5.678672305444112e-06,1.0718360491376568e-05,3.883790492165935e-12,3.6234930662115995e-07,1.416928395440709e-21,1.321963743037742e-16,9.111857572421163e-08,0.00849893886715334,0.01696494136379959,0.0029402249224491847,0.17331182344803997,0.016708210942005936,2.4803989439980494e-18,1.4845389207782293e-16,0.01670821122819244,9.094251219253199e-08,5.4429831506487666e-06,9.207276522690064e-06,9.207276522690064e-06,0.01670821108179382,9.093528133939166e-08,5.4425504259088344e-06,0.009876458159510491,True
adamw_final_update_projection,3,6,60,torch.float32,1.1920928955078125e-07,3.095485046437789e-06,6.41616973759518e-06,1.7766715465169573e-12,2.769053218942529e-07,9.274779348040425e-22,1.4455321051897583e-16,9.755770629994982e-08,0.015193726898473191,0.015422636135206183,0.0024760632182165856,0.16054734070813786,0.015222575875927256,2.4522532106908887e-18,1.610931836161082e-16,0.015222575898197139,9.711996976842345e-08,6.379995765363581e-06,9.364191064519356e-06,9.364191064519356e-06,0.015222575927168023,9.71675843009713e-08,6.3831236425337476e-06,0.01037650595032564,True
adamw_final_update_projection,3,7,53,torch.float32,1.1920928955078125e-07,7.079248571757639e-06,3.23136030467311e-06,1.900153490700966e-12,5.880351652376905e-07,4.402044307254597e-22,1.3622882910609611e-16,9.906245118837437e-08,0.030554243523579952,0.014778751612665494,0.00218486828703944,0.14783848760046772,0.014616355557975191,2.1241807169602173e-18,1.4532902600342056e-16,0.014616355204764717,9.902233195037408e-08,6.774762282603413e-06,1.0066879046386627e-05,1.0066879046386627e-05,0.014616355037342611,9.906247771253599e-08,6.7775089931413205e-06,0.00984043587452192,True
adamw_final_update_projection,4,0,58,torch.float32,1.1920928955078125e-07,4.814231254404896e-06,6.2577488663402746e-06,2.536640202123667e-12,4.0535985964025637e-07,8.914074543638215e-22,1.4244858229429354e-16,1.0142714361731272e-07,0.01619535933159591,0.018896646020228065,0.0027229896606459927,0.14409909873588925,0.018699426678960407,2.867637998079028e-18,1.5335432723750513e-16,0.01869942682854947,1.01476028327887e-07,5.426691911912392e-06,9.891087288710925e-06,9.891087288710925e-06,0.018699426813052877,1.0154934068498989e-07,5.4306124834855775e-06,0.010266752048674369,True
adamw_final_update_projection,4,1,60,torch.float32,1.1920928955078125e-07,3.342961442244951e-06,8.789172322170588e-06,2.4980661371544294e-12,2.842208623960058e-07,1.2624490264853308e-21,1.436368500024591e-16,1.0655671296089552e-07,0.0121150153392722,0.019062484910310307,0.0027618188896673516,0.14488241709629207,0.01886135433569087,2.9817853549979412e-18,1.580896738340567e-16,0.018861352652967445,1.0615756781539637e-07,5.628311487972452e-06,1.020702508612657e-05,1.020702508612657e-05,0.01886135261464642,1.0606069422797757e-07,5.623175410315917e-06,0.010390950676915225,True
adamw_final_update_projection,4,2,60,torch.float32,1.1920928955078125e-07,3.920330339574255e-06,7.8958733800437e-06,2.5867963017367712e-12,3.276137011359286e-07,1.1838525585193854e-21,1.4993307282656765e-16,9.880022010221096e-08,0.01250531898729108,0.01922451418888296,0.0027866001335897866,0.14495035381446494,0.01902148273647561,3.0274378123228952e-18,1.5915887600694127e-16,0.019021482354006528,9.880897369993412e-08,5.194599025512952e-06,9.413778839811974e-06,9.413778839811974e-06,0.019021482397693492,9.886717251744591e-08,5.1976586498555105e-06,0.010502389550445466,True
adamw_final_update_projection,4,3,49,torch.float32,1.1920928955078125e-07,5.138758647397377e-06,6.1252875020494415e-06,2.76677437635882e-12,4.516970632697801e-07,7.992220098189852e-22,1.3047910151999516e-16,9.031755803557e-08,0.014732705168922708,0.0175531992359425,0.002227292367017393,0.1268881152135912,0.017411317357641794,2.427625884060859e-18,1.394280417842926e-16,0.017411316794182993,9.014939003175595e-08,5.177631944636965e-06,9.529904505479233e-06,9.529904505479233e-06,0.017411316866636835,9.01321655070391e-08,5.176642651294704e-06,0.00945782462512793,True
adamw_final_update_projection,4,4,60,torch.float32,1.1920928955078125e-07,8.425881056896194e-06,6.895818109646942e-06,5.257944565123661e-12,7.624830703942192e-07,9.976424933430734e-22,1.446735510537475e-16,1.1382801240940613e-07,0.016493773202447642,0.02145180324044586,0.0035212706809088254,0.1641480038503112,0.021160825008930427,3.4669856991790272e-18,1.6383981710145364e-16,0.02116082468419279,1.1384253583277102e-07,5.37987235997526e-06,1.0843015111503113e-05,1.0843015111503113e-05,0.02116082469497381,1.1379437828250468e-07,5.377596569264784e-06,0.010494717300705664,True
adamw_final_update_projection,4,5,53,torch.float32,1.1920928955078125e-07,5.678672305444112e-06,1.0192068535240898e-05,4.287692237231605e-12,4.20689109615594e-07,1.364096434583604e-21,1.3383901706185721e-16,9.000350073791913e-08,0.0088287615805142,0.020243030374992803,0.003215630727124736,0.15885125238448294,0.019985995041269588,2.966037798499734e-18,1.484058107877585e-16,0.01998599524009382,8.942723033721377e-08,4.474494728079099e-06,9.210429909706059e-06,9.210429909706059e-06,0.01998599528613264,8.942639856087811e-08,4.474453099812695e-06,0.009709253469986186,True
adamw_final_update_projection,4,6,60,torch.float32,1.1920928955078125e-07,3.095485046437789e-06,8.91651466845256e-06,2.535470784047621e-12,2.8435671092633844e-07,1.2919581288778264e-21,1.4489497039117134e-16,9.848377428439253e-08,0.011039717319288768,0.01946181916662751,0.002842185813226878,0.1460390618622418,0.019253165585887473,2.9975774367115642e-18,1.556927053548421e-16,0.019253166064532548,9.801176327613379e-08,5.090682901067754e-06,9.3679586515635e-06,9.3679586515635e-06,0.019253165959783,9.797800740679038e-08,5.088929665461352e-06,0.010458842854781172,True
adamw_final_update_projection,4,7,53,torch.float32,1.1920928955078125e-07,7.079248571757639e-06,4.213195432211419e-06,2.444947795208308e-12,5.803072358134134e-07,5.65277368713464e-22,1.3416832373637526e-16,9.963336715565159e-08,0.023602462357201752,0.018355560896056257,0.0024425351467474506,0.13306785668817322,0.018192323597213553,2.632045090158201e-18,1.4467888481058796e-16,0.018192323403795133,9.925460592612661e-08,5.4558510050135176e-06,1.0070157957414472e-05,1.0070157957414472e-05,0.018192323486791163,9.928086839085225e-08,5.457294581581993e-06,0.009858918679399023,True
adamw_final_update_projection,5,0,58,torch.float32,1.1920928955078125e-07,4.814231254404896e-06,9.64525644428711e-06,3.887705382229119e-12,4.0306915681146135e-07,1.3850358617659733e-21,1.4359761917853862e-16,1.0161851329760058e-07,0.010530527195768647,0.02308267719369352,0.003159818353995455,0.13689132882986196,0.02286537850983474,3.463158371254214e-18,1.5145860672127769e-16,0.022865377481722026,1.0170442790577281e-07,4.447966275084355e-06,9.89498444463838e-06,9.89498444463838e-06,0.022865377449910223,1.0161846474626365e-07,4.444206747466688e-06,0.010269694239016802,True
adamw_final_update_projection,5,1,60,torch.float32,1.1920928955078125e-07,3.342961442244951e-06,1.1827801916924131e-05,3.513849580445283e-12,2.9708390494918553e-07,1.7079927114031945e-21,1.444049133896419e-16,1.0660753986046684e-07,0.009011189408323062,0.02316356537096488,0.003159402199081644,0.13639533243193636,0.022947089977585423,3.56378554176472e-18,1.553044654135145e-16,0.022947090136438406,1.0700220696671633e-07,4.662996760395522e-06,1.021073707051405e-05,1.021073707051405e-05,0.02294709008108343,1.071001913834433e-07,4.667266786551379e-06,0.010488977499256227,True
adamw_final_update_projection,5,2,60,torch.float32,1.1920928955078125e-07,3.920330339574255e-06,1.0537014107358605e-05,3.363471766205273e-12,3.1920539651326526e-07,1.5662037868570967e-21,1.4863829267946087e-16,9.843385742298564e-08,0.009339013466863156,0.023312762762549396,0.003194472952731569,0.13702678593990175,0.023092861454942656,3.63831119258416e-18,1.5755133679223794e-16,0.023092861755743103,9.881329112655533e-08,4.278953911027543e-06,9.417485448227806e-06,9.417485448227806e-06,0.023092861696776365,9.888310208121554e-08,4.281976975379326e-06,0.010499947424906664,True
adamw_final_update_projection,5,3,49,torch.float32,1.1920928955078125e-07,5.138758647397377e-06,8.306198902461597e-06,3.744476471704319e-12,4.508050572440083e-07,1.0617916209317726e-21,1.278312298321211e-16,9.000625216849455e-08,0.010831847105327794,0.02081093813092822,0.002436647913911331,0.11708496265673393,0.02066779845152729,2.872052631838112e-18,1.389626785152763e-16,0.02066779989776078,9.006750749958498e-08,4.357866243389709e-06,9.532958454147552e-06,9.532958454147552e-06,0.02066779989548498,8.99401052460085e-08,4.351701956706893e-06,0.009434647772631151,True
adamw_final_update_projection,5,4,60,torch.float32,1.1920928955078125e-07,8.425881056896194e-06,1.1560825128884817e-05,7.94018641256115e-12,6.868183130564381e-07,1.7151609657021743e-21,1.483597361417772e-16,1.1524858183928054e-07,0.009966867172206831,0.02642832953466519,0.00423959565770888,0.16041860126452331,0.026086058166231104,4.224879969153403e-18,1.619593095373294e-16,0.026086057820285943,1.1400023767472536e-07,4.370159663836693e-06,1.0847416647972286e-05,1.0847416647972286e-05,0.026086057815041253,1.14084323383873e-07,4.373383061280031e-06,0.010517188293417202,True
adamw_final_update_projection,5,5,53,torch.float32,1.1920928955078125e-07,5.678672305444112e-06,1.813528545557736e-05,6.2899609788033895e-12,3.468355099350787e-07,2.3858760849852128e-21,1.3155988588266744e-16,9.027661420760293e-08,0.004977682712658115,0.025203805648730458,0.0039456618817595695,0.15655024232256437,0.024893042632306055,3.670653917990469e-18,1.4745702131352613e-16,0.02489304201487671,9.055779397814414e-08,3.6378757535549298e-06,9.215170166353321e-06,9.215170166353321e-06,0.024893042029549936,9.065200951958726e-08,3.6416605657105478e-06,0.00983725833415191,True
adamw_final_update_projection,5,6,60,torch.float32,1.1920928955078125e-07,3.095485046437789e-06,1.1072906267199914e-05,3.140267692206221e-12,2.835992300872536e-07,1.6194809948243653e-21,1.4625618204875855e-16,9.831407557041991e-08,0.00887677080328056,0.023357227356351172,0.003210154973447336,0.13743733040190867,0.023135578117322482,3.612772670845952e-18,1.5615657635721377e-16,0.023135577332261476,9.816409052741368e-08,4.242992907314591e-06,9.371602274331175e-06,9.371602274331175e-06,0.023135577401782074,9.81928865487998e-08,4.244237558611191e-06,0.010477705271141327,True
adamw_final_update_projection,5,7,53,torch.float32,1.1920928955078125e-07,7.079248571757639e-06,5.7900904221196595e-06,3.3356671057751775e-12,5.760993115119682e-07,7.691751207484614e-22,1.3284336939024973e-16,9.831092715865853e-08,0.016962630859572354,0.021994118914064806,0.0027120320669401458,0.12330714758506896,0.021826271987536297,3.1222791626737338e-18,1.430514182383819e-16,0.02182627316993068,9.909330149797757e-08,4.540092608869895e-06,1.0073493591449031e-05,1.0073493591449031e-05,0.021826273037347944,9.927956289537781e-08,4.548626452417963e-06,0.009855524500422782,True
adamw_final_update_projection,6,0,58,torch.float32,1.1920928955078125e-07,4.814231254404896e-06,1.0160791516199672e-05,4.187909394652352e-12,4.121636968906837e-07,1.4686293774132554e-21,1.4453887525119452e-16,1.0200425123563746e-07,0.010035989261007615,0.026617749651801397,0.0034416617384891014,0.12929950065317342,0.026394309254151614,3.9690405746680086e-18,1.5037486059779005e-16,0.02639430909154246,1.0120199022438668e-07,3.834235246446169e-06,9.898335226356101e-06,9.898335226356101e-06,0.026394309000175368,1.0115310538518989e-07,3.8323831620110915e-06,0.010219203843071662,True
adamw_final_update_projection,6,1,60,torch.float32,1.1920928955078125e-07,3.342961442244951e-06,1.2242222381387214e-05,3.4811872114035984e-12,2.843590896287191e-07,1.754305016885847e-21,1.4329955478942464e-16,1.0669890114041414e-07,0.008713331389394962,0.026907171811915737,0.0034641279742640843,0.12874366724525127,0.02668324778384134,4.136966050570777e-18,1.5503982439034325e-16,0.026683247602398874,1.0727276779712569e-07,4.02022907389585e-06,1.02140815193665e-05,1.02140815193665e-05,0.026683247548508263,1.07212588413018e-07,4.0179737574338756e-06,0.010496547164787809,True
adamw_final_update_projection,6,2,60,torch.float32,1.1920928955078125e-07,3.920330339574255e-06,1.029313667097431e-05,3.0726656532316848e-12,2.985159676249434e-07,1.5103007265677723e-21,1.46728910228769e-16,9.834706334986384e-08,0.009551838725328292,0.02668954171692613,0.00345821597623859,0.1295719504260142,0.02646454948268019,4.1776005254899884e-18,1.5785647619748948e-16,0.026464549019083742,9.884218030836737e-08,3.734890031078621e-06,9.420515690577458e-06,9.420515690577458e-06,0.026464549051989614,9.877979386508497e-08,3.7325326674198012e-06,0.010485603666462338,True
adamw_final_update_projection,6,3,49,torch.float32,1.1920928955078125e-07,5.138758647397377e-06,9.756384415158291e-06,4.136846795346055e-12,4.240143294188698e-07,1.2765941177186695e-21,1.3084704982876306e-16,9.005025984741108e-08,0.009226165773095462,0.023904528098762087,0.002613482205746352,0.10933000622094244,0.023761232593970234,3.246065144173295e-18,1.3661181638350833e-16,0.023761233922030816,8.918644048549882e-08,3.7534431409644683e-06,9.535885698337691e-06,9.535885698337691e-06,0.02376123391349502,8.913705008916185e-08,3.7513645298755764e-06,0.009347537597341414,True
adamw_final_update_projection,6,4,60,torch.float32,1.1920928955078125e-07,8.425881056896194e-06,9.78963202994257e-06,7.160515666064469e-12,7.314386939328582e-07,1.4145563971881056e-21,1.444953592598702e-16,1.1242054196678903e-07,0.011479563907027361,0.030569646170412492,0.004719630027514978,0.15438942280211854,0.03020311837190978,4.854363056850417e-18,1.6072390264725734e-16,0.03020311768216632,1.1338023885431329e-07,3.753925010240237e-06,1.085109125577726e-05,1.085109125577726e-05,0.030203117842031727,1.132548883919263e-07,3.749774741279087e-06,0.010437188824822382,True
adamw_final_update_projection,6,5,53,torch.float32,1.1920928955078125e-07,5.678672305444112e-06,1.4555722421300851e-05,6.270545648162329e-12,4.307959073873248e-07,1.939313465520359e-21,1.332337488576003e-16,9.074668971863029e-08,0.006233870248327754,0.028907922089541807,0.004299804957590952,0.14874140535844732,0.028586354032329748,4.20627474915354e-18,1.471427501526236e-16,0.028586353388399682,9.113910273446217e-08,3.1882031784944747e-06,9.21876969157765e-06,9.21876969157765e-06,0.02858635335002537,9.122547770705618e-08,3.1912247284585955e-06,0.009895623902005123,True
adamw_final_update_projection,6,6,60,torch.float32,1.1920928955078125e-07,3.095485046437789e-06,1.3104497402898922e-05,3.590357575689673e-12,2.739790367614884e-07,1.890521625340752e-21,1.4426509977579224e-16,9.770864685786624e-08,0.007454621324736243,0.02717413055635511,0.003542103257151716,0.13034835649316986,0.02694228787630159,4.1416038246952166e-18,1.5372131140867838e-16,0.026942287017990785,9.775464721826024e-08,3.6282980414017677e-06,9.375216868300513e-06,9.375216868300513e-06,0.026942286968529527,9.771558040182216e-08,3.626848029492106e-06,0.010422754137263545,True
adamw_final_update_projection,6,7,53,torch.float32,1.1920928955078125e-07,7.079248571757639e-06,5.6710682264106114e-06,3.2243408345420195e-12,5.685596973646006e-07,7.571031771098133e-22,1.3350274531772455e-16,9.951599140104762e-08,0.01752855893813539,0.024837952655708297,0.0028626500785954496,0.11525306124365894,0.02467243657717503,3.49789533531178e-18,1.4177340468058003e-16,0.024672436203565865,9.862259246993431e-08,3.997278244281388e-06,1.0076164176149604e-05,1.0076164176149604e-05,0.024672436301405712,9.856277781885725e-08,3.994853877208779e-06,0.009781775693190517,True
adamw_final_update_projection,7,0,58,torch.float32,1.1920928955078125e-07,4.814231254404896e-06,1.1806236244023259e-05,4.780050936251178e-12,4.04875087830892e-07,1.696314277279883e-21,1.4367951328593457e-16,1.0217090122553513e-07,0.008652771785156643,0.03053419184472418,0.003829567295779389,0.12541898325830678,0.030293089739039786,4.55115872660974e-18,1.5023752168615866e-16,0.03029308970071923,1.0038721011321459e-07,3.3138650136051044e-06,9.90209108054307e-06,9.90209108054307e-06,0.030293089713889353,1.0043570478288039e-07,3.3154658614050423e-06,0.010142878303778649,True
adamw_final_update_projection,7,1,60,torch.float32,1.1920928955078125e-07,3.342961442244951e-06,1.6250722579266358e-05,4.627737094760315e-12,2.8477115846311097e-07,2.3452878047068745e-21,1.443189860184573e-16,1.0668941562081384e-07,0.0065642205415671695,0.030311402832123125,0.00374521030901751,0.12355780198494962,0.030079137976219843,4.684951513743399e-18,1.5575418143456299e-16,0.030079137890098463,1.0656859690353008e-07,3.54294053549356e-06,1.021700866808744e-05,1.021700866808744e-05,0.030079137744309353,1.065078253784917e-07,3.540920164795676e-06,0.010424560538072765,True
adamw_final_update_projection,7,2,60,torch.float32,1.1920928955078125e-07,3.920330339574255e-06,1.2423190880047211e-05,4.026012461890302e-12,3.2407233381211656e-07,1.811713671822418e-21,1.4583319932178555e-16,9.839406100683639e-08,0.007918480896205986,0.030132623891757686,0.0037181696550764682,0.12339349100273728,0.029902345008681084,4.6521433697529066e-18,1.5557787753443155e-16,0.02990234464533938,9.804613740186714e-08,3.278877912911379e-06,9.423621861898912e-06,9.423621861898912e-06,0.029902344730992753,9.822546385418865e-08,3.284874973445856e-06,0.01042332399301044,True
adamw_final_update_projection,7,3,49,torch.float32,1.1920928955078125e-07,5.138758647397377e-06,1.0321041350559576e-05,4.428526233039871e-12,4.2907746249846865e-07,1.3196512853679167e-21,1.2786028468885947e-16,9.007475083657398e-08,0.008724317207642768,0.027072621955844627,0.0028134594310305835,0.10392268010166611,0.02692603397446467,3.661309103251627e-18,1.3597654622005723e-16,0.026926034076312326,8.907230076591515e-08,3.3080363975426607e-06,9.538892552468813e-06,9.538892552468813e-06,0.02692603397820578,8.90226502846834e-08,3.306192451392555e-06,0.009332598076245546,True
adamw_final_update_projection,7,4,60,torch.float32,1.1920928955078125e-07,8.425881056896194e-06,1.1220037431552291e-05,8.425185175199474e-12,7.509052644964171e-07,1.6070867196860862e-21,1.432336326407602e-16,1.1177666097105985e-07,0.009959453455865254,0.03465022624107577,0.00514631053432151,0.14852170079688734,0.034265925734497056,5.470358243306198e-18,1.596442566791342e-16,0.0342659261857236,1.1346883068772676e-07,3.311418756718209e-06,1.0854754573052794e-05,1.0854754573052794e-05,0.03426592612600552,1.1366824048035684e-07,3.3172382401796616e-06,0.010471746709275321,True
adamw_final_update_projection,7,5,53,torch.float32,1.1920928955078125e-07,5.678672305444112e-06,2.3172425515864265e-05,1.018301359291675e-11,4.39445304762994e-07,3.136213619715952e-21,1.3534248357251792e-16,9.038343895496964e-08,0.003900059574183945,0.0323385376189382,0.004661453739014551,0.14414547107673464,0.03200081037052825,4.6321951800722535e-18,1.4475243365519146e-16,0.03200081030289104,9.016846805993436e-08,2.817693277341427e-06,9.22219573761921e-06,9.22219573761921e-06,0.032000810433537585,9.020782114285434e-08,2.8189230185343826e-06,0.00978159905833253,True
adamw_final_update_projection,7,6,60,torch.float32,1.1920928955078125e-07,3.095485046437789e-06,1.3626976775616685e-05,3.853981437427288e-12,2.8281999014802584e-07,1.9661691019894064e-21,1.4428505561905946e-16,9.763422443481715e-08,0.00716375373305373,0.03084881059751226,0.003866400803352073,0.12533386955488882,0.03060555603332544,4.699707380254797e-18,1.5355732714469987e-16,0.03060555580504098,9.852523640352699e-08,3.2191944832218693e-06,9.378765967948323e-06,9.378765967948323e-06,0.030605555778955053,9.850738920712353e-08,3.2186113501281043e-06,0.01050323566488063,True
adamw_final_update_projection,7,7,53,torch.float32,1.1920928955078125e-07,7.079248571757639e-06,6.971647846258237e-06,3.9717696408248455e-12,5.697031359603942e-07,9.424035176535475e-22,1.351765806931139e-16,9.824460039676444e-08,0.014081578978946062,0.02818536105139345,0.00309418228121795,0.10977976388437917,0.02801500693571222,4.004378263219308e-18,1.429369006550098e-16,0.028015007645222283,9.952165841509829e-08,3.5524408800963095e-06,1.0079345161500464e-05,1.0079345161500464e-05,0.028015007534312575,9.949662478125253e-08,3.5515473147522734e-06,0.009871338185866923,True
adamw_final_update_projection,8,0,58,torch.float32,1.1920928955078125e-07,4.814231254404896e-06,1.2529459735102573e-05,5.041298730041949e-12,4.0235563516902734e-07,1.8065437166379754e-21,1.4418368827004592e-16,1.0195404787020557e-07,0.008135691264087683,0.03361531834846835,0.00403099389698157,0.11991538664589914,0.03337275409479072,5.0816984738803174e-18,1.5227087520096337e-16,0.03337275389286807,1.014545484001276e-07,3.040041248193454e-06,9.905133054896285e-06,9.905133054896285e-06,0.03337275372576243,1.0156177904223908e-07,3.043254382806219e-06,0.010253449244887759,True
adamw_final_update_projection,8,1,60,torch.float32,1.1920928955078125e-07,3.342961442244951e-06,1.4486334185659073e-05,3.977923716908213e-12,2.745983673941616e-07,2.08792960663195e-21,1.441309844072906e-16,1.0641211517292065e-07,0.007344900652721013,0.03348884278650824,0.003984578779591669,0.11898227732123814,0.03325095071014801,5.0481228652971375e-18,1.5181890314361682e-16,0.03325095089037246,1.0609693779563104e-07,3.1907940962479526e-06,1.0219675965606758e-05,1.0219675965606758e-05,0.03325095093844335,1.0610009730174548e-07,3.190889111657766e-06,0.01038194338634749,True
adamw_final_update_projection,8,2,60,torch.float32,1.1920928955078125e-07,3.920330339574255e-06,1.5708367656313372e-05,5.142781021116048e-12,3.2739117988807107e-07,2.3114146760892494e-21,1.4714544035773118e-16,9.812405166487586e-08,0.006246334010306798,0.03366447457898466,0.003997690429871835,0.11875101215354861,0.033426266915496494,5.187830454262078e-18,1.552022087114068e-16,0.03342626743522048,9.857099756837783e-08,2.9489083027115336e-06,9.426783571314342e-06,9.426783571314342e-06,0.033426267365647806,9.872143513277546e-08,2.953408888072006e-06,0.010472441038445426,True
adamw_final_update_projection,8,3,49,torch.float32,1.1920928955078125e-07,5.138758647397377e-06,1.2947615675031639e-05,5.817410452489086e-12,4.493036091353453e-07,1.6858292666198981e-21,1.3020383898720789e-16,9.019957487559518e-08,0.006964824729272027,0.030040378835713203,0.0029602711324775814,0.09854306926909633,0.02989416590934401,4.039757273427466e-18,1.3513530652363043e-16,0.029894165864303584,8.987643703509708e-08,3.0064875348275866e-06,9.541777310712818e-06,9.541777310712818e-06,0.02989416577854465,8.999996682233996e-08,3.0106197807645084e-06,0.00943220155864406,True
adamw_final_update_projection,8,4,60,torch.float32,1.1920928955078125e-07,8.425881056896194e-06,1.705509421595199e-05,1.1598765875770178e-11,6.800763296236503e-07,2.4867770653344385e-21,1.4580846249498157e-16,1.127779262255338e-07,0.006612049120634323,0.03994211414374342,0.005881746882448692,0.14725677417278163,0.03950667710504938,6.310208739216065e-18,1.5972511994458656e-16,0.03950667698583808,1.129319170420869e-07,2.8585526715539625e-06,1.085947963590191e-05,1.085947963590191e-05,0.03950667717754175,1.1289230102338204e-07,2.8575498900109374e-06,0.01039573762357408,True
adamw_final_update_projection,8,5,53,torch.float32,1.1920928955078125e-07,5.678672305444112e-06,2.1608373741688246e-05,8.982235492075445e-12,4.156830865409527e-07,2.914804983799326e-21,1.3489238101135538e-16,9.106401603160079e-08,0.004214095036069813,0.03639182580862578,0.005116286609866215,0.1405888958902833,0.03603038435835878,5.249210349447777e-18,1.4568843610545607e-16,0.03603038328651988,8.972514970928365e-08,2.490263536631671e-06,9.226221967077559e-06,9.226221967077559e-06,0.03603038311341072,8.989831667913962e-08,2.495069685941778e-06,0.009743784292197693,True
adamw_final_update_projection,8,6,60,torch.float32,1.1920928955078125e-07,3.095485046437789e-06,1.6664898271339562e-05,4.4967479138979605e-12,2.698335051724562e-07,2.4294093963733656e-21,1.4578003158600578e-16,9.723326413788033e-08,0.005833836467551232,0.034467960705036875,0.0041523744666580676,0.12047055821469799,0.034216927118790375,5.307286117453444e-18,1.5510703515333862e-16,0.03421692761324209,9.842282221684052e-08,2.876436579266412e-06,9.382400139932023e-06,9.382400139932023e-06,0.03421692745283217,9.837034114217695e-08,2.874902817553677e-06,0.01048456041898141,True
adamw_final_update_projection,8,7,53,torch.float32,1.1920928955078125e-07,7.079248571757639e-06,7.933943489818773e-06,4.484936589628243e-12,5.652846652340712e-07,1.080851116679765e-21,1.3623125978486475e-16,9.906119291553358e-08,0.012477840462871101,0.031366037468268194,0.003301224423373831,0.1052483733947443,0.031191829439250984,4.43538097415482e-18,1.4219688469357466e-16,0.031191830354566893,9.843130626437471e-08,3.1556758659391424e-06,1.0082449929234907e-05,1.0082449929234907e-05,0.03119183050470386,9.871029823327663e-08,3.16462024305982e-06,0.009790308796581063,True
adamw_final_update_projection,9,0,58,torch.float32,1.1920928955078125e-07,4.814231254404896e-06,1.5325016406792804e-05,6.198715352440334e-12,4.044834398802181e-07,2.188574693736533e-21,1.428105938448867e-16,1.0210874123063866e-07,0.006661746021099698,0.037389389909998086,0.004408784545980738,0.11791539141433836,0.03712854827042107,5.5802737756493975e-18,1.5029603999074192e-16,0.037128547947159155,1.024045148735731e-07,2.7581071853204123e-06,9.908771764625477e-06,9.908771764625477e-06,0.03712854806506146,1.0237885498508663e-07,2.7574160671644125e-06,0.010332143823372872,True
adamw_final_update_projection,9,1,60,torch.float32,1.1920928955078125e-07,3.342961442244951e-06,1.9613671104539796e-05,5.803952712277922e-12,2.959136350019928e-07,2.835669780613988e-21,1.4457618696164256e-16,1.0589608900209832e-07,0.0053986132419362644,0.037390263155369856,0.004366516661630551,0.11678218587245881,0.03713442218577679,5.653504939306951e-18,1.5224432229007062e-16,0.037134422642944226,1.0627721699348785e-07,2.8619595897684216e-06,1.0223028068669591e-05,1.0223028068669591e-05,0.03713442267119659,1.0648586872097969e-07,2.867578410033441e-06,0.01041627470899017,True
adamw_final_update_projection,9,2,60,torch.float32,1.1920928955078125e-07,3.920330339574255e-06,1.6682469364706448e-05,5.6050713924369524e-12,3.359857146985135e-07,2.4524595344854094e-21,1.4700818451217954e-16,9.903633449848984e-08,0.00593614051886866,0.037399596619180735,0.0043181164002483174,0.11545890305227867,0.03714947776256541,5.766600357924662e-18,1.552269562113608e-16,0.0371494769218755,9.790753914656583e-08,2.635502495834952e-06,9.430113197758265e-06,9.430113197758265e-06,0.03714947688777816,9.792268021949571e-08,2.6359100698861087e-06,0.010384040802688772,True
adamw_final_update_projection,9,3,49,torch.float32,1.1920928955078125e-07,5.138758647397377e-06,1.3155370518980523e-05,5.792200434194536e-12,4.402916988037372e-07,1.7127123065228678e-21,1.301911112311081e-16,9.003003984111899e-08,0.006842304174334968,0.03278741895124393,0.0030921151132912513,0.09430797580893262,0.032641287744366726,4.423499440707512e-18,1.355185333173911e-16,0.0326412882083214,8.982304742056676e-08,2.7518229932379857e-06,9.544550390602393e-06,9.544550390602393e-06,0.03264128814808196,8.967957475716895e-08,2.7474275632237457e-06,0.009395893058039471,True
adamw_final_update_projection,9,4,60,torch.float32,1.1920928955078125e-07,8.425881056896194e-06,2.15741635211407e-05,1.551679860144332e-11,7.192306012809387e-07,3.120411267572992e-21,1.4463648912812227e-16,1.135801784487155e-07,0.005263993913551402,0.04514768368289298,0.006638267375358612,0.1470345061772003,0.04465698991405277,7.145012648150179e-18,1.5999763221617785e-16,0.044656989994000626,1.1265307097599791e-07,2.5226301860275872e-06,1.0864178906603902e-05,1.0864178906603902e-05,0.04465698995595662,1.129886061372928e-07,2.5301437971687943e-06,0.01040010543904165,True
adamw_final_update_projection,9,5,53,torch.float32,1.1920928955078125e-07,5.678672305444112e-06,2.7549952819733466e-05,1.122308139798602e-11,4.0737207324533624e-07,3.705484883687308e-21,1.3450058909115274e-16,9.064591322407783e-08,0.003290088922004739,0.041017070326918946,0.005685694697998489,0.13861776700972825,0.0406210897687958,5.881088753437477e-18,1.4477919688789827e-16,0.040621089564681356,9.129067810764479e-08,2.247371478361794e-06,9.230892829616403e-06,9.230892829616403e-06,0.04062108940424202,9.149333904235244e-08,2.252360544343202e-06,0.009911645680557047,True
adamw_final_update_projection,9,6,60,torch.float32,1.1920928955078125e-07,3.095485046437789e-06,1.682086870770234e-05,4.636103177036472e-12,2.7561615619255045e-07,2.4574918910957364e-21,1.4609779874035487e-16,9.818751579946295e-08,0.0058367311464554315,0.03752252529764151,0.004347861026205256,0.11587335851509285,0.037269773398948276,5.762413676484599e-18,1.5461359570936402e-16,0.03726977281011558,9.830010184004317e-08,2.637528872012953e-06,9.385628734322613e-06,9.385628734322613e-06,0.03726977301180182,9.824900874518758e-08,2.6361579587317615e-06,0.010468026333270307,True
adamw_final_update_projection,9,7,53,torch.float32,1.1920928955078125e-07,7.079248571757639e-06,8.194455956660577e-06,4.693199739186675e-12,5.72728655081973e-07,1.1064487752592233e-21,1.3502406762709689e-16,9.930147500018378e-08,0.012109305484720693,0.03399202549963888,0.0034330323511289423,0.10099522757669777,0.033818221219398904,4.767346585346363e-18,1.4096976166835482e-16,0.033818221600243906,9.966104379448606e-08,2.946962882098072e-06,1.0085241553423206e-05,1.0085241553423206e-05,0.033818221277237,9.961197112011677e-08,2.945511838233948e-06,0.009877003995636152,True
adamw_final_update_projection,10,0,58,torch.float32,1.1920928955078125e-07,4.814231254404896e-06,1.6661007572994944e-05,6.680599931342286e-12,4.0097214421596933e-07,2.3895952565016457e-21,1.4342441452190576e-16,1.0118332753082916e-07,0.0060721962413518606,0.040534480716736626,0.004618260828711031,0.11393413082023666,0.040270532575240256,5.984987011911217e-18,1.4861951479606203e-16,0.04027053266537223,1.0144122788499171e-07,2.5189939434851048e-06,9.911956175386861e-06,9.911956175386861e-06,0.04027053260137565,1.0151154852692837e-07,2.520740153395953e-06,0.01024132338064604,True
adamw_final_update_projection,10,1,60,torch.float32,1.1920928955078125e-07,3.342961442244951e-06,2.0681203007376335e-05,6.125864601862015e-12,2.962044615913838e-07,2.9967002858947662e-21,1.4489970843698352e-16,1.0706043325476118e-07,0.005176182306303225,0.04091278821259655,0.004634007273420701,0.11326549658118745,0.04064950449782461,6.1807533521606176e-18,1.520499063522751e-16,0.04064950538894032,1.0632416574690469e-07,2.6156324592287104e-06,1.0226123622985128e-05,1.0226123622985128e-05,0.04064950538235954,1.0635425124102792e-07,2.6163725792142585e-06,0.01040025088313785,True
adamw_final_update_projection,10,2,60,torch.float32,1.1920928955078125e-07,3.920330339574255e-06,2.2845438263278125e-05,7.170704974050277e-12,3.1387907254887314e-07,3.4091306781954056e-21,1.4922588216114146e-16,9.830307340819785e-08,0.004302696037765715,0.04178863482315662,0.0047761760340484976,0.11429366032799528,0.04151479426511613,6.429133384157783e-18,1.548636696378868e-16,0.041514794981514565,9.890619394620777e-08,2.3824324313837528e-06,9.43415919871357e-06,9.43415919871357e-06,0.041514794819709155,9.896904788694939e-08,2.3839464537101317e-06,0.010490500086159737,True
adamw_final_update_projection,10,3,49,torch.float32,1.1920928955078125e-07,5.138758647397377e-06,1.5786597079406602e-05,6.970007445735911e-12,4.4151424215597357e-07,2.0590319716408754e-21,1.3042912042944675e-16,8.978990569348845e-08,0.005687374971100388,0.03568686129197133,0.0032549450633118783,0.0912084993040327,0.035538111957548094,4.796507686125135e-18,1.3496799413133661e-16,0.03553811142087905,9.007291198060913e-08,2.534544138090868e-06,9.547593529700647e-06,9.547593529700647e-06,0.03553811132456693,9.000544595019403e-08,2.5326457314566038e-06,0.00942702950960419,True
adamw_final_update_projection,10,4,60,torch.float32,1.1920928955078125e-07,8.425881056896194e-06,1.680295785432942e-05,1.2057859329343358e-11,7.176033787549228e-07,2.3911057632582544e-21,1.4230266980303009e-16,1.1183030452762595e-07,0.006654253019990596,0.04949254295443769,0.0071263036744395524,0.1439874221253887,0.04897680679705987,7.715330557305311e-18,1.5753028957715699e-16,0.048976807506123585,1.1415193710993077e-07,2.330734544011639e-06,1.0868244890915275e-05,1.0868244890915275e-05,0.04897680757954749,1.1470454157340255e-07,2.3420175230306905e-06,0.010554099831637364,True
adamw_final_update_projection,10,5,53,torch.float32,1.1920928955078125e-07,5.678672305444112e-06,2.4465168450147047e-05,9.721390647749519e-12,3.9735637494419497e-07,3.2888720669022996e-21,1.344307959131502e-16,9.12012401067916e-08,0.003727582583954443,0.043032287993754734,0.005700190909734009,0.1324631149187623,0.04265308468997328,6.1945710071195194e-18,1.4523148916766891e-16,0.042653083784802134,9.059828191642848e-08,2.1240734286300272e-06,9.233210908760123e-06,9.233210908760123e-06,0.042653083968113424,9.080851171571942e-08,2.1290022494881263e-06,0.00983498726640845,True
adamw_final_update_projection,10,6,60,torch.float32,1.1920928955078125e-07,3.095485046437789e-06,2.7767763370162228e-05,7.7957139479341e-12,2.807469166317861e-07,4.042546101536965e-21,1.4558414545843583e-16,9.750650983545097e-08,0.00351148252525704,0.04205993389224536,0.0049113386600198716,0.11677000426587406,0.041772201181966034,6.377191871083709e-18,1.5266592831207757e-16,0.04177220096127091,9.685769183566862e-08,2.318711717524059e-06,9.39043629853464e-06,9.39043629853464e-06,0.04177220112609134,9.701718042727646e-08,2.3225297640989895e-06,0.010331488052628162,True
adamw_final_update_projection,10,7,53,torch.float32,1.1920928955078125e-07,7.079248571757639e-06,9.643726112379154e-06,5.721206011758869e-12,5.93256791523232e-07,1.332006191495918e-21,1.3812152854344595e-16,9.894481954185953e-08,0.010255925403593361,0.037252067624794265,0.00364990779668714,0.09797866345163163,0.03707282988116671,5.251165385447852e-18,1.4164457912384738e-16,0.03707282945497163,9.91849776288837e-08,2.6754088934418397e-06,1.0088689247830924e-05,1.0088689247830924e-05,0.03707282931004756,9.924090121632158e-08,2.6769173829801305e-06,0.009836847857877916,True
adamw_final_update_projection,11,0,58,torch.float32,1.1920928955078125e-07,4.814231254404896e-06,1.6235235240096286e-05,6.845890576543983e-12,4.2166870238114163e-07,2.294581341294057e-21,1.413334212507938e-16,1.020297186944266e-07,0.006283816356642952,0.04279625547483194,0.00466927540161892,0.10910476512051095,0.042540772793767154,6.340918028710289e-18,1.4905507381002083e-16,0.04254077218388684,1.0199258959703607e-07,2.39752558219119e-06,9.914433606149045e-06,9.914433606149045e-06,0.042540772176293144,1.0195838202538973e-07,2.3967214700021e-06,0.010283833255200174,True
adamw_final_update_projection,11,1,60,torch.float32,1.1920928955078125e-07,3.342961442244951e-06,2.0648715960298456e-05,5.843847564176965e-12,2.83012637464383e-07,2.971037588011199e-21,1.4388485917108687e-16,1.0671279188847436e-07,0.005167457262757611,0.04413303961617108,0.004875773947767314,0.11047899691868832,0.04386287740416489,6.6687196839707674e-18,1.520356182409856e-16,0.0438628772639825,1.0706617401909527e-07,2.440929111301402e-06,1.0229035912093294e-05,1.0229035912093294e-05,0.043862877461248756,1.0718270923893613e-07,2.4435859077788074e-06,0.010478280666921816,True
adamw_final_update_projection,11,2,60,torch.float32,1.1920928955078125e-07,3.920330339574255e-06,1.8534003078046823e-05,6.234906291906491e-12,3.364036503960453e-07,2.740899114907264e-21,1.478848958514506e-16,9.816944366185008e-08,0.0052961313606415894,0.04488551083427597,0.004996709091639193,0.11132120363044973,0.044606523974721854,6.89296951268145e-18,1.545282819299625e-16,0.0446065230763827,9.819854522372768e-08,2.201439127088561e-06,9.437175444513214e-06,9.437175444513214e-06,0.04460652291317491,9.829291916090609e-08,2.2035548332747194e-06,0.010415501941108208,True
adamw_final_update_projection,11,3,49,torch.float32,1.1920928955078125e-07,5.138758647397377e-06,1.556697249863308e-05,6.600555309090589e-12,4.240102119837481e-07,2.048532551415492e-21,1.315947947872045e-16,9.018358849339912e-08,0.005792768920526772,0.03865191763504541,0.0034336671669677817,0.08883562257864537,0.038499099556389915,5.150973241972828e-18,1.337946419870979e-16,0.03849909906682641,9.064501102688417e-08,2.3544709674775334e-06,9.550800689088457e-06,9.550800689088457e-06,0.03849909881604512,9.05842608935317e-08,2.3528930203368617e-06,0.009484467726043312,True
adamw_final_update_projection,11,4,60,torch.float32,1.1920928955078125e-07,8.425881056896194e-06,1.6961705736533312e-05,1.6034410982700544e-11,9.45330100154049e-07,2.496584673691431e-21,1.471894815575787e-16,1.1398944330253588e-07,0.00671954665566119,0.053251432318819736,0.007498696980795674,0.14081681288684395,0.0527208174025787,8.412951757877916e-18,1.5957551821771296e-16,0.05272081892826497,1.1391827540478032e-07,2.160783495411636e-06,1.0871953546388538e-05,1.0871953546388538e-05,0.05272081867717618,1.1419792014570153e-07,2.166087762122327e-06,0.010503900670513438,True
adamw_final_update_projection,11,5,53,torch.float32,1.1920928955078125e-07,5.678672305444112e-06,2.6599712969069993e-05,1.0766276044571171e-11,4.047515872479579e-07,3.585633480010718e-21,1.3479970570285352e-16,8.976350650595721e-08,0.0033747482184228687,0.04567308559527349,0.005838044938333668,0.12782243332685678,0.04529843241317712,6.574092512495462e-18,1.45128477129886e-16,0.04529843201998391,9.063728710530731e-08,2.0008923722861235e-06,9.236142364753581e-06,9.236142364753581e-06,0.04529843190197122,9.066569123101657e-08,2.001519421847164e-06,0.00981640252504223,True
adamw_final_update_projection,11,6,60,torch.float32,1.1920928955078125e-07,3.095485046437789e-06,2.3589753609425935e-05,6.453925366741917e-12,2.7359019825298527e-07,3.415464430719193e-21,1.4478593067434917e-16,9.818578617376655e-08,0.004161834674779189,0.0454364668155181,0.005171662705113741,0.11382184988352666,0.04514118320937338,6.943134669924333e-18,1.5380931947930465e-16,0.045141184234008376,9.777433677883712e-08,2.1659674737814274e-06,9.394282075440947e-06,9.394282075440947e-06,0.04514118410103849,9.8087956153515e-08,2.172915002273023e-06,0.010441240252934492,True
adamw_final_update_projection,11,7,53,torch.float32,1.1920928955078125e-07,7.079248571757639e-06,9.750248684265612e-06,5.356443142440343e-12,5.493647716990297e-07,1.3202789227854117e-21,1.354097690776032e-16,9.873108047361389e-08,0.010121628743553364,0.039560757833198804,0.0037329370958716157,0.09435959522340065,0.03938424483185206,5.572748887944107e-18,1.414969085159947e-16,0.039384244117560634,9.885556526332358e-08,2.510028248053792e-06,1.0091376290168752e-05,1.0091376290168752e-05,0.039384244023045516,9.913387639127117e-08,2.517094814191772e-06,0.009823623016401602,True
adamw_final_update_projection,12,0,58,torch.float32,1.1920928955078125e-07,4.814231254404896e-06,1.8648342998833175e-05,7.703114404924839e-12,4.1307232526808534e-07,2.6764559103289713e-21,1.4352245186055755e-16,1.0167798586491051e-07,0.005452038905922252,0.04559817909614602,0.004804124357004782,0.10535781147916123,0.04534439685392938,6.705028688945314e-18,1.478689574490234e-16,0.045344397157383774,1.0180613403592128e-07,2.2451755987088564e-06,9.917545135665075e-06,9.917545135665075e-06,0.04534439721741187,1.0196198241658175e-07,2.248612588843263e-06,0.0102809698389887,True
adamw_final_update_projection,12,1,60,torch.float32,1.1920928955078125e-07,3.342961442244951e-06,2.4830948305916463e-05,7.03565325300595e-12,2.8334210865919954e-07,3.619026209523585e-21,1.4574659674441135e-16,1.0620624758306504e-07,0.004276784125482947,0.04760882850137448,0.005134728683205196,0.10785244764123854,0.047331122030046545,7.170499626776254e-18,1.5149650629926556e-16,0.04733112212072349,1.0626247627031276e-07,2.2450867739682583e-06,1.0232261851096361e-05,1.0232261851096361e-05,0.04733112214386693,1.064363517244968e-07,2.248760369571939e-06,0.010402035568811446,True
adamw_final_update_projection,12,2,60,torch.float32,1.1920928955078125e-07,3.920330339574255e-06,2.1234384587860063e-05,6.932404229180177e-12,3.264706919334743e-07,3.096427665783902e-21,1.45821398918918e-16,9.810070842499816e-08,0.004619336629352809,0.048011452346977686,0.0051950826488244084,0.10820507180827739,0.04772955764238752,7.286940383895454e-18,1.5267144184516997e-16,0.04772955727312211,9.869858976245337e-08,2.067871470034217e-06,9.440395798661708e-06,9.440395798661708e-06,0.04772955732319069,9.880622906821753e-08,2.0701266596539303e-06,0.010466322723696027,True
adamw_final_update_projection,12,3,49,torch.float32,1.1920928955078125e-07,5.138758647397377e-06,1.788838493918985e-05,7.821014419366624e-12,4.3721188055565353e-07,2.325609854373912e-21,1.3000669776952258e-16,8.964965845109281e-08,0.005011249558095789,0.041644256686284485,0.003611714246051887,0.08672778753766071,0.04148734307180946,5.5675217607103264e-18,1.3419807942566086e-16,0.041487343376257084,9.039473128466383e-08,2.1788507995042196e-06,9.554148867218873e-06,9.554148867218873e-06,0.041487343344538595,9.033463719082255e-08,2.17740230895537e-06,0.009455016710150777,True
adamw_final_update_projection,12,4,60,torch.float32,1.1920928955078125e-07,8.425881056896194e-06,2.2365196157540918e-05,1.6903530465282845e-11,7.557962088154299e-07,3.3332129765948766e-21,1.4903571393322935e-16,1.1367861779738527e-07,0.005082353248453459,0.0579354578636448,0.008155514235649034,0.14076896146818438,0.05735856401115955,9.148332263366029e-18,1.5949374641921214e-16,0.057358562535791906,1.1334117971830715e-07,1.976011509137488e-06,1.087663326854745e-05,1.087663326854745e-05,0.05735856265443996,1.1361084244374872e-07,1.980712855867814e-06,0.0104454052682169,True
adamw_final_update_projection,12,5,53,torch.float32,1.1920928955078125e-07,5.678672305444112e-06,2.3886839212863526e-05,1.0480822798358457e-11,4.387697637582092e-07,3.2243832154628217e-21,1.3498576294375267e-16,8.969937018363017e-08,0.003754964695336502,0.04863231955660998,0.006069070210016278,0.12479499775764624,0.04825213873231033,7.024387490651468e-18,1.455767075863901e-16,0.04825213790428244,9.035924354546341e-08,1.8726474612318454e-06,9.239497257942e-06,9.239497257942e-06,0.04825213820071107,9.036602959209476e-08,1.8727880869487162e-06,0.009780405477626911,True
adamw_final_update_projection,12,6,60,torch.float32,1.1920928955078125e-07,3.095485046437789e-06,2.4803381101678602e-05,6.7951483374936286e-12,2.7396056649041925e-07,3.618956389428029e-21,1.45905768838235e-16,9.745245728501732e-08,0.003928908074952405,0.048621679639264496,0.005411411401854795,0.1112962662335672,0.04831960634755983,7.337875114249306e-18,1.5186123540552962e-16,0.048319606901763346,9.833904782194106e-08,2.0351789703477974e-06,9.398163446202155e-06,9.398163446202155e-06,0.04831960684978031,9.831170190482205e-08,2.0346130342173724e-06,0.010460735490246268,True
adamw_final_update_projection,12,7,53,torch.float32,1.1920928955078125e-07,7.079248571757639e-06,1.1491703954465804e-05,6.571222358997347e-12,5.718231504252855e-07,1.5412595603902124e-21,1.3411932351350852e-16,9.952908884625258e-08,0.008659063007692801,0.04257375602697996,0.003907847890337491,0.09179006634653046,0.04239402584221976,5.9398527462724526e-18,1.4011060823473424e-16,0.04239402587201309,9.985035312244352e-08,2.3552930175560633e-06,1.009486013403346e-05,1.009486013403346e-05,0.04239402579445117,1.0011061579544383e-07,2.3614321574656166e-06,0.009916988890012888,True
adamw_final_update_projection,13,0,58,torch.float32,1.1920928955078125e-07,4.814231254404896e-06,2.120351210573423e-05,8.685379502445197e-12,4.0961985255717814e-07,3.0397795467226537e-21,1.433620775447308e-16,1.0089544684528588e-07,0.004758334249335646,0.048903516155795204,0.005054196435596203,0.10335036890792701,0.048641638446813545,7.203975454484464e-18,1.481030591179929e-16,0.04864163825224853,1.0085255120315399e-07,2.0733789984652076e-06,9.921327937251434e-06,9.921327937251434e-06,0.048641638335684224,1.011070499766155e-07,2.078611112538162e-06,0.01019087874285363,True
adamw_final_update_projection,13,1,60,torch.float32,1.1920928955078125e-07,3.342961442244951e-06,3.01169329565329e-05,9.089419245912723e-12,3.018042793079654e-07,4.315860667294745e-21,1.4330345900506957e-16,1.0643100748425064e-07,0.003533799288602207,0.05207290096309567,0.005607236562340241,0.10768051056564178,0.05177012567925951,7.822040104828445e-18,1.5109177353150915e-16,0.05177012580089108,1.0676571636607417e-07,2.0623035913935617e-06,1.0236601142394213e-05,1.0236601142394213e-05,0.05177012591161861,1.0689023699766757e-07,2.0647088473408278e-06,0.010441965600768467,True
adamw_final_update_projection,13,2,60,torch.float32,1.1920928955078125e-07,3.920330339574255e-06,2.326407909524683e-05,7.532312346599914e-12,3.237743611411151e-07,3.496693037789676e-21,1.5030438228282509e-16,9.770880969678553e-08,0.004199714063868324,0.0512768985439716,0.005458891933801017,0.10645908954731029,0.050985496203762096,7.919523582117317e-18,1.5532894983442282e-16,0.05098549564432318,9.778016017817286e-08,1.917803464347804e-06,9.443919685318235e-06,9.443919685318235e-06,0.050985495623451976,9.778904355979062e-08,1.917977698638086e-06,0.010354709359908685,True
adamw_final_update_projection,13,3,49,torch.float32,1.1920928955078125e-07,5.138758647397377e-06,1.960575525042949e-05,8.118842960362642e-12,4.1410508581069773e-07,2.5336358634782684e-21,1.292291896494517e-16,9.029497079910565e-08,0.004605333868884418,0.044186677138462443,0.0037408207883075097,0.0846594727316868,0.044028044430436446,5.864741857888036e-18,1.332046865527772e-16,0.04402804415644263,9.018688885536175e-08,2.0483964387540183e-06,9.557196292410344e-06,9.557196292410344e-06,0.04402804416607322,9.009547397351246e-08,2.046320150712884e-06,0.009426977454157761,True
adamw_final_update_projection,13,4,60,torch.float32,1.1920928955078125e-07,8.425881056896194e-06,2.1148351687888936e-05,1.5838941802761316e-11,7.489445057711912e-07,3.054383290690085e-21,1.4442654140464767e-16,1.138050885615596e-07,0.0053808656801615905,0.06214862529163093,0.008668321055469112,0.13947727749074454,0.061541139376183614,9.789807152057e-18,1.5907744398774732e-16,0.061541139085591334,1.1309578035793074e-07,1.8377264710787573e-06,1.0881106078664864e-05,1.0881106078664864e-05,0.061541138944881515,1.1367912961467016e-07,1.8472054882910978e-06,0.01044738731456415,True
adamw_final_update_projection,13,5,53,torch.float32,1.1920928955078125e-07,5.678672305444112e-06,3.250630462655542e-05,1.4289952017516775e-11,4.396055528822819e-07,4.350150757134558e-21,1.3382483204754083e-16,9.039816073315503e-08,0.002780836186216386,0.05247372595318151,0.006384704245997653,0.12167430709407334,0.052083850348267596,7.589233312070044e-18,1.457118331560231e-16,0.05208385081554677,9.120184089695833e-08,1.7510579473078252e-06,9.243853451237596e-06,9.243853451237596e-06,0.05208385083633274,9.163505437977938e-08,1.7593755628348519e-06,0.009913079525023299,True
adamw_final_update_projection,13,6,60,torch.float32,1.1920928955078125e-07,3.095485046437789e-06,2.407153964403247e-05,6.493660360718256e-12,2.6976506101171165e-07,3.522220731667133e-21,1.463230347436645e-16,9.671071438849778e-08,0.004017560197068745,0.051734569571272926,0.005653075484048774,0.10927075514295576,0.051424784163830235,7.889045001520438e-18,1.5340939451271864e-16,0.05142478376957387,9.784763801151666e-08,1.9027330955820072e-06,9.4022266103241e-06,9.4022266103241e-06,0.05142478356453893,9.792307884102325e-08,1.904200116236332e-06,0.010414881804007889,True
adamw_final_update_projection,13,7,53,torch.float32,1.1920928955078125e-07,7.079248571757639e-06,1.3014469751812967e-05,7.484487713674845e-12,5.750897160164537e-07,1.736697676679641e-21,1.3344359853293287e-16,9.96015441700557e-08,0.007651179422165882,0.04545763237279238,0.004090415573628792,0.08998303167406088,0.04527322433155116,6.276839606540171e-18,1.3864352935352578e-16,0.04527322580171975,9.855378996328593e-08,2.1768669719916943e-06,1.00985164767383e-05,1.00985164767383e-05,0.04527322587349754,9.86162110758027e-08,2.178245732949451e-06,0.009765415672981557,True
adamw_final_update_projection,14,0,58,torch.float32,1.1920928955078125e-07,4.814231254404896e-06,2.4230260154280246e-05,9.316126631453737e-12,3.8448314513074074e-07,3.4975597605812115e-21,1.4434676880527138e-16,1.0121425163318081e-07,0.004176912193669309,0.052006036472877444,0.005259487132234989,0.10113224327291225,0.05173940108586601,7.63995741799832e-18,1.4766227010086857e-16,0.05173940127508684,1.0154009147913305e-07,1.9625293099018882e-06,9.925115837846667e-06,9.925115837846667e-06,0.05173940129653855,1.0161888934706587e-07,1.964052285117268e-06,0.010238559529912036,True
adamw_final_update_projection,14,1,60,torch.float32,1.1920928955078125e-07,3.342961442244951e-06,3.2495684974198137e-05,9.152876835780302e-12,2.816643761486415e-07,4.684843540725406e-21,1.4416817323424323e-16,1.064254717620024e-07,0.0032749560872410736,0.05615213613492495,0.005982018792906454,0.10653234595621762,0.055832587649834564,8.357309621413955e-18,1.496851565223615e-16,0.055832587151424834,1.0600473101264699e-07,1.8986175712250114e-06,1.0240856076982878e-05,1.0240856076982878e-05,0.055832586880362474,1.0615671984794969e-07,1.9013398049318632e-06,0.010366000561861736,True
adamw_final_update_projection,14,2,60,torch.float32,1.1920928955078125e-07,3.920330339574255e-06,2.6773161358498384e-05,8.766434903984627e-12,3.274336857945231e-07,3.931938228564271e-21,1.4686118594345222e-16,9.798045929142946e-08,0.003659560982457127,0.053998153714055294,0.0056016230290593695,0.10373730662575063,0.05370681915704053,8.325920810441831e-18,1.550253941887074e-16,0.05370681943419761,9.867348519294484e-08,1.837261752464062e-06,9.447146013664146e-06,9.447146013664146e-06,0.05370681936485186,9.882520426658905e-08,1.8400867047298034e-06,0.010460852846314688,True
adamw_final_update_projection,14,3,49,torch.float32,1.1920928955078125e-07,5.138758647397377e-06,2.1928244728924674e-05,8.864322767659312e-12,4.0424223996217707e-07,2.8367210769659035e-21,1.2936380052455037e-16,8.955807337049209e-08,0.0040838481938361626,0.046814018318786045,0.00388831881560953,0.08305885619840463,0.04665225919438213,6.234696084048548e-18,1.3364188984012441e-16,0.04665225981687695,9.050328168080439e-08,1.9399549354319565e-06,9.560456501259284e-06,9.560456501259284e-06,0.04665225963929827,9.054968872271692e-08,1.940949686527959e-06,0.009471272497373938,True
adamw_final_update_projection,14,4,60,torch.float32,1.1920928955078125e-07,8.425881056896194e-06,2.6258485603876875e-05,2.1310316679243428e-11,8.115592422472801e-07,3.807672638866446e-21,1.4500732054043226e-16,1.1440554802791882e-07,0.004356433250109038,0.06694171124650823,0.00921959785059668,0.13772575691479033,0.06630378360308076,1.0468658667976638e-17,1.5788931036946462e-16,0.06630378403570865,1.1427490728908326e-07,1.7235050600964074e-06,1.0886450599342683e-05,1.0886450599342683e-05,0.06630378366886158,1.1437331531766874e-07,1.7249892689213478e-06,0.01050602437166936,True
adamw_final_update_projection,14,5,53,torch.float32,1.1920928955078125e-07,5.678672305444112e-06,3.2181287784551115e-05,1.3919263063640669e-11,4.3252660231709936e-07,4.297159995472359e-21,1.3352977122113946e-16,9.118628110524294e-08,0.0028333942955707614,0.05512305220970534,0.006516647768507431,0.11822000972870775,0.054736497757667216,7.903946938581275e-18,1.4439993902375914e-16,0.054736497638488424,9.049960831770675e-08,1.653368633766425e-06,9.247253303268976e-06,9.247253303268976e-06,0.05473649786135724,9.061545453209333e-08,1.6554850615692358e-06,0.009799175123715932,True
adamw_final_update_projection,14,6,60,torch.float32,1.1920928955078125e-07,3.095485046437789e-06,2.9891367778381726e-05,8.010982796405668e-12,2.680032193842744e-07,4.3141541529687215e-21,1.443277599390749e-16,9.815377351468858e-08,0.003283564157349743,0.054799111499303776,0.00585329343280934,0.10681365578132972,0.05448560889907131,8.256833388530737e-18,1.515415456552138e-16,0.054485609591970956,9.759048824745838e-08,1.7911240964043357e-06,9.406456468800141e-06,9.406456468800141e-06,0.05448560964545461,9.761794354597119e-08,1.7916279946427073e-06,0.010377759560122967,True
adamw_final_update_projection,14,7,53,torch.float32,1.1920928955078125e-07,7.079248571757639e-06,1.2403363328856255e-05,6.982578296400646e-12,5.629584582236475e-07,1.6906383565008025e-21,1.3630483213918464e-16,9.993153169272529e-08,0.00805477609160957,0.0484191733592472,0.004266734143818155,0.08812075563870164,0.04823081306114183,6.7300115062097145e-18,1.3953759182284842e-16,0.048230813556053694,9.981865303856167e-08,2.06960334439627e-06,1.0102374926867062e-05,1.0102374926867062e-05,0.04823081362499821,9.990343584291389e-08,2.071361197007333e-06,0.009889103954875276,True
adamw_final_update_projection,15,0,58,torch.float32,1.1920928955078125e-07,4.814231254404896e-06,2.3569784757014516e-05,9.451943086462859e-12,4.010194910095605e-07,3.378112575311211e-21,1.4332386189085307e-16,1.022412291605315e-07,0.004337675924261027,0.054598074411652465,0.005385806997711208,0.09864463272283014,0.05433178455051651,8.046504629947283e-18,1.4809939884205015e-16,0.05433178276072202,1.0202954629851248e-07,1.8778980021298421e-06,9.928647894198532e-06,9.928647894198532e-06,0.05433178253078411,1.0212833606909669e-07,1.8797162786115344e-06,0.010286228009835247,True
adamw_final_update_projection,15,1,60,torch.float32,1.1920928955078125e-07,3.342961442244951e-06,2.8335048665755764e-05,8.04710576689868e-12,2.839983040729337e-07,4.103638137674649e-21,1.448255193093864e-16,1.0585079784653026e-07,0.003735419736221449,0.058691456640597134,0.006138277302130711,0.10458553345709329,0.05836958655290647,8.725240754038142e-18,1.4948265474057353e-16,0.05836958633297347,1.05741660286137e-07,1.8115883104417797e-06,1.0243852508110204e-05,1.0243852508110204e-05,0.05836958646503711,1.0569048475690909e-07,1.8107115564407297e-06,0.010317454753788424,True
adamw_final_update_projection,15,2,60,torch.float32,1.1920928955078125e-07,3.920330339574255e-06,2.5769284141803067e-05,8.820579214735562e-12,3.422904247629748e-07,3.8235128080820545e-21,1.4837481658560147e-16,9.813375174133118e-08,0.0038080270639029804,0.05685323456716921,0.005768561753691277,0.10146409078758772,0.05655982652062694,8.67213090630041e-18,1.5332668856644654e-16,0.056559827024752526,9.807723922006814e-08,1.734044186117227e-06,9.450823652194523e-06,9.450823652194523e-06,0.056559827042883426,9.821610070486461e-08,1.7364993112584585e-06,0.010392332384919531,True
adamw_final_update_projection,15,3,49,torch.float32,1.1920928955078125e-07,5.138758647397377e-06,2.248826336307974e-05,9.778046842350354e-12,4.348066671259075e-07,2.927250131472338e-21,1.30167905107268e-16,8.972045740082109e-08,0.003989688615422158,0.04944409774292093,0.004006964132261899,0.08104029227301633,0.049281467511167784,6.564214602995419e-18,1.3319844019474233e-16,0.04928146751678279,9.031961758334642e-08,1.8327298705662142e-06,9.563732456202767e-06,9.563732456202767e-06,0.049281467474523936,9.050650045631207e-08,1.8365220253049368e-06,0.00946351237561148,True
adamw_final_update_projection,15,4,60,torch.float32,1.1920928955078125e-07,8.425881056896194e-06,2.4899640799073268e-05,1.9894522332345756e-11,7.98988326493698e-07,3.6223310073214414e-21,1.4547723947316605e-16,1.143860588976089e-07,0.0045936642888234226,0.0712355118033191,0.009783758141219442,0.13734383165846203,0.07056044372390904,1.1088439491395153e-17,1.5714809752022425e-16,0.07056044421042053,1.1456293734529773e-07,1.6236141740215805e-06,1.0891565605684543e-05,1.0891565605684543e-05,0.07056044407291587,1.1516699765560349e-07,1.6321750687480372e-06,0.010573961708084957,True
adamw_final_update_projection,15,5,53,torch.float32,1.1920928955078125e-07,5.678672305444112e-06,3.673063056519574e-05,1.4398444802839977e-11,3.920010242482274e-07,4.903516345654462e-21,1.3349937831726708e-16,9.091762185820262e-08,0.0024752258315339773,0.0575901706947813,0.006623327342587269,0.11500794775708942,0.05720803523603116,8.3043087562953e-18,1.45159831517252e-16,0.057208035206092085,9.039020299720036e-08,1.580026348948525e-06,9.250737082817703e-06,9.250737082817703e-06,0.057208035058622084,9.064380734185326e-08,1.5844593726907234e-06,0.00979854972964423,True
adamw_final_update_projection,15,6,60,torch.float32,1.1920928955078125e-07,3.095485046437789e-06,3.067592249393774e-05,8.266635919618258e-12,2.6948287932504505e-07,4.397197739701079e-21,1.4334361878017607e-16,9.77317335079676e-08,0.0031858836039881035,0.058005186685866565,0.006070866213579783,0.10466074777859474,0.057686621203525586,8.849672376917495e-18,1.534094421251463e-16,0.057686620788413405,9.769986619868562e-08,1.6936312937628172e-06,9.411135636940305e-06,9.411135636940305e-06,0.0576866208953899,9.792925647492749e-08,1.697607780710789e-06,0.010405679001218358,True
adamw_final_update_projection,15,7,53,torch.float32,1.1920928955078125e-07,7.079248571757639e-06,1.488176794700489e-05,8.253947989086187e-12,5.546349075243698e-07,2.04266196513565e-21,1.3725936141525924e-16,9.95751375853899e-08,0.006689763933580042,0.051540420812685964,0.004507380386082281,0.08745330975203934,0.05134294985296339,7.167557092558629e-18,1.3960158333491106e-16,0.05134295010975922,9.85475777342439e-08,1.919398428091339e-06,1.0106617226589766e-05,1.0106617226589766e-05,0.051342950054526416,9.892038741130826e-08,1.9266595960351795e-06,0.009787685156518643,True
adamw_final_update_projection,16,0,58,torch.float32,1.1920928955078125e-07,4.814231254404896e-06,2.337178972283042e-05,9.318931072992275e-12,3.987256082442502e-07,3.328776458215003e-21,1.424271096775955e-16,1.0133753684873777e-07,0.004335696302870627,0.05708391859637497,0.005513670266618976,0.09658885378217735,0.056817015079187023,8.390977506711856e-18,1.476842367557884e-16,0.056817014820866464,1.029124634101003e-07,1.8112965585144566e-06,9.932328708279692e-06,9.932328708279692e-06,0.056817014745720124,1.0282904125449925e-07,1.8098283008127435e-06,0.010352963969947943,True
adamw_final_update_projection,16,1,60,torch.float32,1.1920928955078125e-07,3.342961442244951e-06,2.86111535289738e-05,8.323926301210414e-12,2.909329151228028e-07,4.09579329349619e-21,1.4315372812035192e-16,1.0645204804941285e-07,0.0037204301985678833,0.060899149044621556,0.006235168305710066,0.10238514664862527,0.06057911381456896,9.124681700735498e-18,1.506242189125761e-16,0.0605791143968011,1.0690485305517557e-07,1.764714689536972e-06,1.0246848141486476e-05,1.0246848141486476e-05,0.06057911448029822,1.0684732821446532e-07,1.7637651050382161e-06,0.010427335970938409,True
adamw_final_update_projection,16,2,60,torch.float32,1.1920928955078125e-07,3.920330339574255e-06,2.8007376755866157e-05,8.860679150659512e-12,3.1636947750930077e-07,4.120028409591108e-21,1.471051161093969e-16,9.80803700295694e-08,0.003501771959118775,0.05954761887670523,0.005904867636772791,0.0991621117378171,0.059254126034205705,9.07795209608357e-18,1.5320371261307828e-16,0.0592541259887096,9.849736696005782e-08,1.6622870613065106e-06,9.454740532434945e-06,9.454740532434945e-06,0.05925412593674817,9.853759510660745e-08,1.6629659715475864e-06,0.01042203059603481,True
adamw_final_update_projection,16,3,49,torch.float32,1.1920928955078125e-07,5.138758647397377e-06,2.2905007420349537e-05,9.29582267732621e-12,4.058423779015023e-07,2.9905395241638656e-21,1.3056269615120146e-16,9.007210177196871e-08,0.0039320005293284966,0.051825976871273514,0.004113944776270969,0.07937997553792907,0.05166243642182945,6.944254661881523e-18,1.3441593433923486e-16,0.05166243600766342,9.05294824662419e-08,1.752327018664259e-06,9.567000571254881e-06,9.567000571254881e-06,0.05166243614316149,9.042675867845473e-08,1.7503386489145351e-06,0.00945194452586864,True
adamw_final_update_projection,16,4,60,torch.float32,1.1920928955078125e-07,8.425881056896194e-06,3.1365774577394556e-05,2.1553857229554342e-11,6.87177585121341e-07,4.546452418015203e-21,1.4494947053827657e-16,1.1391295986895818e-07,0.003631500797203668,0.07622802047590554,0.01046043030305024,0.13722552727650345,0.07550689043756274,1.1911168368867096e-17,1.5774942260026637e-16,0.07550689034638672,1.1450238302270911e-07,1.5164494590815641e-06,1.0897762244788375e-05,1.0897762244788375e-05,0.07550689032034875,1.1491463180742576e-07,1.5219092101380951e-06,0.010544791602733052,True
adamw_final_update_projection,16,5,53,torch.float32,1.1920928955078125e-07,5.678672305444112e-06,3.0938208646038924e-05,1.3233619314988532e-11,4.277435538170002e-07,4.165045378086702e-21,1.3462464571685347e-16,9.031725276198625e-08,0.002919126556913265,0.05983652286490239,0.006772743282532879,0.11318744736929706,0.05945199254012344,8.590547250340541e-18,1.4449553132374634e-16,0.059451992305200124,9.104736841668451e-08,1.531443520837582e-06,9.254204825215106e-06,9.254204825215106e-06,0.0594519924190899,9.113181905882841e-08,1.5328640025454588e-06,0.009847612061764597,True
adamw_final_update_projection,16,6,60,torch.float32,1.1920928955078125e-07,3.095485046437789e-06,2.8524150844397408e-05,7.37625901936017e-12,2.585969713734347e-07,4.135436198139602e-21,1.4498016858412475e-16,9.778423742908653e-08,0.0034278427037839113,0.06050809434006168,0.006191172723792387,0.10231974401635198,0.060190521354860964,9.131630037311881e-18,1.5171209406004612e-16,0.060190521251142284,9.863661362541822e-08,1.6387399805670617e-06,9.415419957638032e-06,9.415419957638032e-06,0.06019052114794615,9.857664934412103e-08,1.6377437421055575e-06,0.010469702869084782,True
adamw_final_update_projection,16,7,53,torch.float32,1.1920928955078125e-07,7.079248571757639e-06,1.507087080541796e-05,8.066019662750156e-12,5.352059457540059e-07,2.0378626412510814e-21,1.3521863915910978e-16,9.817357777637723e-08,0.006513719357423821,0.054000184191130805,0.00461482954689633,0.08545951492614144,0.05380263228624735,7.472929650640318e-18,1.388952423532351e-16,0.05380263255389602,9.878884149855694e-08,1.8361339735485364e-06,1.0110442771835795e-05,1.0110442771835795e-05,0.053802632354448134,9.898287943023721e-08,1.839740456900782e-06,0.00979016267279306,True
adamw_final_update_projection,17,0,58,torch.float32,1.1920928955078125e-07,4.814231254404896e-06,2.3678380205359755e-05,9.746243523921569e-12,4.116093854137642e-07,3.3948188934756116e-21,1.4337209150427693e-16,1.0184212585169402e-07,0.004300848114298615,0.05928244331065738,0.0056086148677021285,0.09460836218087947,0.05901653602294104,8.697176891149326e-18,1.4736847462156269e-16,0.059016535901124996,1.0136628380532563e-07,1.7175912184197404e-06,9.935970798707336e-06,9.935970798707336e-06,0.059016535755146725,1.0145654078981467e-07,1.7191205734397386e-06,0.010211034517433777,True
adamw_final_update_projection,17,1,60,torch.float32,1.1920928955078125e-07,3.342961442244951e-06,3.238076364798518e-05,9.566222120389475e-12,2.954291697498219e-07,4.7225381908361935e-21,1.458439412416467e-16,1.0678139837805315e-07,0.0032975163971069588,0.06296993707547455,0.006290954839929539,0.09990409919561015,0.06265490294056156,9.432058371880862e-18,1.5053982895526492e-16,0.0626549034526952,1.0526122065803301e-07,1.680015686840948e-06,1.0250019774182393e-05,1.0250019774182393e-05,0.0626549034817027,1.0528984459220339e-07,1.6804725367257407e-06,0.010272160143281478,True
adamw_final_update_projection,17,2,60,torch.float32,1.1920928955078125e-07,3.920330339574255e-06,2.918065259776647e-05,9.299200929471342e-12,3.1867693494226776e-07,4.242989220203714e-21,1.4540419224649875e-16,9.773628409540802e-08,0.0033494017667492493,0.06296163993463796,0.006160779903727029,0.09784973692112668,0.06265949963283166,9.645592285699004e-18,1.5393663119271078e-16,0.06265949971762247,9.870136551587142e-08,1.5752019400198382e-06,9.45956336902544e-06,9.45956336902544e-06,0.06265949973555665,9.874413961108927e-08,1.5758845829893548e-06,0.010438551522834428,True
adamw_final_update_projection,17,3,49,torch.float32,1.1920928955078125e-07,5.138758647397377e-06,2.2571484162007427e-05,1.0074087137207916e-11,4.463192169775319e-07,2.952925560533743e-21,1.3082549376635296e-16,8.97050175775031e-08,0.003974152095276686,0.05412229251392008,0.0042084338580242325,0.07775786395119602,0.053958425027283416,7.23645744571569e-18,1.3411172475951002e-16,0.05395842503462127,8.968954283180002e-08,1.6621971967167806e-06,9.57042038419868e-06,9.57042038419868e-06,0.05395842504283272,8.988242795933947e-08,1.6657718954545084e-06,0.009391690683487695,True
adamw_final_update_projection,17,4,60,torch.float32,1.1920928955078125e-07,8.425881056896194e-06,3.787225640422293e-05,2.578150380081163e-11,6.807490825378145e-07,5.579061332212442e-21,1.4731262042236394e-16,1.1353818291601612e-07,0.002997833524009315,0.08152374710596949,0.01123420593486676,0.1378028652223733,0.0807459841677038,1.2750410685918248e-17,1.5790767574814036e-16,0.08074598274308983,1.1316568485663061e-07,1.4015023535807449e-06,1.0904712682741451e-05,1.0904712682741451e-05,0.08074598292905052,1.1406765887273381e-07,1.4126728629083902e-06,0.010460400213319251,True
adamw_final_update_projection,17,5,53,torch.float32,1.1920928955078125e-07,5.678672305444112e-06,3.65325201991246e-05,1.5379743996923813e-11,4.2098776413712474e-07,4.8243261441991754e-21,1.3205566213072823e-16,8.997760341034272e-08,0.0024628704564662544,0.06182803393364543,0.0069242126680527875,0.11199147421514218,0.06143908413239563,8.818752739466044e-18,1.4353652669142065e-16,0.061439083690288145,9.110296091429666e-08,1.4828177023853884e-06,9.257852560513452e-06,9.257852560513452e-06,0.06143908369697836,9.125873917213371e-08,1.4853531934530122e-06,0.0098574414072406,True
adamw_final_update_projection,17,6,60,torch.float32,1.1920928955078125e-07,3.095485046437789e-06,3.281082710476809e-05,8.862578593098838e-12,2.701114045311867e-07,4.798875425350917e-21,1.4625889832121042e-16,9.764850819459562e-08,0.0029760103406117513,0.06387270781902299,0.00645212705635277,0.10101539885602212,0.06354599012198142,9.612950491358961e-18,1.5127548524944158e-16,0.06354599059056472,9.750661988626628e-08,1.5344259957251185e-06,9.420820103729494e-06,9.420820103729494e-06,0.06354599064845452,9.768584306454008e-08,1.5372463638965374e-06,0.010369144298368294,True
adamw_final_update_projection,17,7,53,torch.float32,1.1920928955078125e-07,7.079248571757639e-06,1.4697596686035539e-05,8.465577342544189e-12,5.759837831573847e-07,2.0222085023327518e-21,1.375876985558071e-16,9.925024091563214e-08,0.006752159774305733,0.05603699424619279,0.004671881724156182,0.0833713832621134,0.05584190402648658,7.801168853274122e-18,1.39700982430218e-16,0.05584190346391999,9.877281738833916e-08,1.7687938852614016e-06,1.0113985308508402e-05,1.0113985308508402e-05,0.05584190311367502,9.902371038708393e-08,1.7732868126916361e-06,0.00979077063754286,True
adamw_final_update_projection,18,0,58,torch.float32,1.1920928955078125e-07,4.814231254404896e-06,2.4153617908981852e-05,9.772093836573157e-12,4.0458095650090046e-07,3.450328728385448e-21,1.4284935455167064e-16,1.0199525280478526e-07,0.004222574051266567,0.061418388320293206,0.005703270378463494,0.09285932982678219,0.06115301407823224,9.081778308697666e-18,1.4850908733753445e-16,0.06115301386647742,1.0089982693985687e-07,1.64995673247051e-06,9.939825335418888e-06,9.939825335418888e-06,0.061153013963862586,1.0104780969296808e-07,1.6523766065345643e-06,0.010165954258059372,True
adamw_final_update_projection,18,1,60,torch.float32,1.1920928955078125e-07,3.342961442244951e-06,3.255954822502839e-05,9.261520368910708e-12,2.844486755437048e-07,4.721858420611902e-21,1.4502223396891058e-16,1.0726110540515757e-07,0.003294110873611337,0.06546938730005492,0.006429081784428054,0.09819981596838102,0.06515295527336981,9.794509837058969e-18,1.503310140877418e-16,0.06515295613320583,1.0711900934876329e-07,1.6441158729583577e-06,1.0253744326358642e-05,1.0253744326358642e-05,0.06515295636968786,1.071494468366776e-07,1.6445830367035875e-06,0.010449787260760481,True
adamw_final_update_projection,18,2,60,torch.float32,1.1920928955078125e-07,3.920330339574255e-06,3.0186953623877857e-05,9.554959254429861e-12,3.165261183186069e-07,4.408048559987189e-21,1.4602495551259094e-16,9.822524069753845e-08,0.003253760702057091,0.06552242134054337,0.0062976166213265855,0.09611391783883609,0.06521907484178602,9.974253575479451e-18,1.5293460693326062e-16,0.06521907459008061,9.807138354485517e-08,1.5037224027059588e-06,9.463887239705886e-06,9.463887239705886e-06,0.06521907463343578,9.82608619268884e-08,1.5066276619097127e-06,0.010382716894029911,True
adamw_final_update_projection,18,3,49,torch.float32,1.1920928955078125e-07,5.138758647397377e-06,2.4486846580927054e-05,1.043235017145032e-11,4.2603894041530596e-07,3.2036276833432404e-21,1.3083055316068567e-16,8.999623282870874e-08,0.003675017560242247,0.05646562871006971,0.004310256881861175,0.0763341696590817,0.05630087842330541,7.476383976478217e-18,1.3279338059818641e-16,0.05630087868134732,9.006588774640057e-08,1.5997243711977753e-06,9.574010610518212e-06,9.574010610518212e-06,0.05630087874161918,9.028428859562896e-08,1.6036035424947692e-06,0.009430142943067217,True
adamw_final_update_projection,18,4,60,torch.float32,1.1920928955078125e-07,8.425881056896194e-06,4.038478514726225e-05,2.8757057919248174e-11,7.120765361109681e-07,5.7528253234227384e-21,1.424503139597411e-16,1.1351925016260196e-07,0.0028108672045935607,0.08653662933485497,0.011892230760834316,0.13742424280031898,0.08571559405481098,1.3477322603862946e-17,1.5723303037770292e-16,0.08571559359277088,1.132408770384424e-07,1.3211234069782252e-06,1.0911925828481172e-05,1.0911925828481172e-05,0.08571559327488232,1.1448795862463212e-07,1.3356724751058933e-06,0.010492003008837136,True
adamw_final_update_projection,18,5,53,torch.float32,1.1920928955078125e-07,5.678672305444112e-06,3.740730072874547e-05,1.522939415692896e-11,4.0712357909390665e-07,4.9662043487730646e-21,1.3276029684112491e-16,9.056592186186363e-08,0.0024210727143006805,0.06458466828028185,0.007202594494416928,0.11152173861386744,0.06418178876771073,9.169887756072796e-18,1.4287367074265904e-16,0.06418178972845483,9.020242524987568e-08,1.405420846497284e-06,9.262612055216751e-06,9.262612055216751e-06,0.06418178979721818,9.031656629804748e-08,1.4071992473784528e-06,0.009750658427627953,True
adamw_final_update_projection,18,6,60,torch.float32,1.1920928955078125e-07,3.095485046437789e-06,3.193209325167576e-05,8.798569656216646e-12,2.755400213468595e-07,4.6454171502908764e-21,1.4547800276285572e-16,9.693858265118515e-08,0.0030357154113539835,0.06655304186137061,0.006629169945474526,0.09960731711231213,0.06622206193433852,9.9899119752505e-18,1.5085474060224588e-16,0.06622206180783771,9.765605926262597e-08,1.4746756080474058e-06,9.4260491296873e-06,9.4260491296873e-06,0.06622206188082869,9.793168731304038e-08,1.4788377850462498e-06,0.010389473465039023,True
adamw_final_update_projection,18,7,53,torch.float32,1.1920928955078125e-07,7.079248571757639e-06,1.630830332687522e-05,9.277871949532231e-12,5.689047942984227e-07,2.2040179865934777e-21,1.3514698263931164e-16,9.940587682085711e-08,0.006094897486976558,0.058579547582309585,0.0048052445623890895,0.08202939013206417,0.058382129283229334,8.110408688284197e-18,1.3891937118185868e-16,0.05838213078100929,9.914559429482055e-08,1.6982181528576707e-06,1.0118185181656854e-05,1.0118185181656854e-05,0.05838213079604429,9.929547725055076e-08,1.7007854269217349e-06,0.00981356591798324,True
adamw_final_update_projection,19,0,58,torch.float32,1.1920928955078125e-07,4.814231254404896e-06,2.5779560424317798e-05,1.0082141988069107e-11,3.910905314955893e-07,3.702759390233272e-21,1.4363159531381112e-16,1.0186607030267994e-07,0.003951208952648382,0.06408229869851265,0.005878343980758597,0.09173116601847234,0.0638121154525477,9.471277464960762e-18,1.4842443943115856e-16,0.06381211531224573,1.0225564109860695e-07,1.6024486979980084e-06,9.944548099125744e-06,9.944548099125744e-06,0.06381211524681685,1.0228096999024329e-07,1.6028456288376273e-06,0.010285129999947924,True
adamw_final_update_projection,19,1,60,torch.float32,1.1920928955078125e-07,3.342961442244951e-06,3.485600293171154e-05,1.01005950614785e-11,2.8978064642888556e-07,5.096818207461559e-21,1.4622497643941712e-16,1.0676074610304916e-07,0.0030629675999669557,0.06821738221834761,0.006602712370478308,0.09678929556904714,0.06789709438611391,1.022347583934443e-17,1.505730978884908e-16,0.06789709421116265,1.0587691705910473e-07,1.5593733176536737e-06,1.0258046149160623e-05,1.0258046149160623e-05,0.06789709406932219,1.0587075869544362e-07,1.5592826194792775e-06,0.010320752817446295,True
adamw_final_update_projection,19,2,60,torch.float32,1.1920928955078125e-07,3.920330339574255e-06,2.999218736280419e-05,9.771574047215984e-12,3.2580398118393083e-07,4.367615704323943e-21,1.4562511401688624e-16,9.759175779673412e-08,0.003253739536894387,0.0681949163464752,0.0064646749113004215,0.0947970209165681,0.06788780887459805,1.0459046598421178e-17,1.5406369378839527e-16,0.06788780856390438,9.821884251874516e-08,1.446781750603858e-06,9.468684987165132e-06,9.468684987165132e-06,0.06788780841655913,9.823125708820856e-08,1.446964622653043e-06,0.010374329404913323,True
adamw_final_update_projection,19,3,49,torch.float32,1.1920928955078125e-07,5.138758647397377e-06,2.372273416213047e-05,1.0062676726134768e-11,4.241786236511562e-07,3.0947377313565384e-21,1.3045451296659844e-16,9.043673985433622e-08,0.0038120742957884982,0.0587169939922329,0.004391984632427102,0.0747992077559024,0.05855250510842759,7.799897293843632e-18,1.332120167941538e-16,0.05855250492183619,8.982673219005172e-08,1.534122789622145e-06,9.57790126123315e-06,9.57790126123315e-06,0.058552505130446665,8.98938608382123e-08,1.535269253432309e-06,0.009385548919997794,True
adamw_final_update_projection,19,4,60,torch.float32,1.1920928955078125e-07,8.425881056896194e-06,3.2634470462625305e-05,2.4505101495711444e-11,7.508962501406592e-07,4.586313430261104e-21,1.4053586178194253e-16,1.1381099236232535e-07,0.003487303227207975,0.0907170667086415,0.012326156978799888,0.1358747303678606,0.08987575894730511,1.4140740403009845e-17,1.5733653399578718e-16,0.08987575745352115,1.1297092029454718e-07,1.2569676573014653e-06,1.0919054345742316e-05,1.0919054345742316e-05,0.08987575755383702,1.1376233313189723e-07,1.2657732877940057e-06,0.010418698316695965,True
adamw_final_update_projection,19,5,53,torch.float32,1.1920928955078125e-07,5.678672305444112e-06,4.337521722018394e-05,1.806340451827089e-11,4.164452808749366e-07,5.772365682513452e-21,1.330798103721744e-16,9.092730621577325e-08,0.002096289783544863,0.06645083963944966,0.007351107710185258,0.1106247528258642,0.06604298073392136,9.405241905976968e-18,1.4241092393860105e-16,0.06604298143831833,9.098695311404988e-08,1.3776929982942745e-06,9.26693851031161e-06,9.26693851031161e-06,0.06604298154233317,9.126227251861672e-08,1.3818617873894463e-06,0.009848157772609192,True
adamw_final_update_projection,19,6,60,torch.float32,1.1920928955078125e-07,3.095485046437789e-06,3.555605106432304e-05,9.448605465644161e-12,2.6573832534302146e-07,5.194113566946386e-21,1.4608240823903937e-16,9.787364066045844e-08,0.002752551837485924,0.06963164715101039,0.006849871962447864,0.09837297037642272,0.06929390694037163,1.0406390344636917e-17,1.5017756689043034e-16,0.06929390625241531,9.829981100977668e-08,1.4185924322364255e-06,9.432026127958748e-06,9.432026127958748e-06,0.06929390644924034,9.856767067046246e-08,1.4224579868745882e-06,0.010450317814354295,True
adamw_final_update_projection,19,7,53,torch.float32,1.1920928955078125e-07,7.079248571757639e-06,1.8671336055465998e-05,1.0563416398521768e-11,5.65755785613925e-07,2.5356049200631495e-21,1.35802007554851e-16,9.838008718532866e-08,0.005268729429756803,0.0613715176241482,0.004953314328859933,0.08071031189411103,0.061171299255865445,8.512110057043565e-18,1.3915202326240237e-16,0.06117129969907702,9.969682669579495e-08,1.6297974243842857e-06,1.012297317719522e-05,1.012297317719522e-05,0.061171299718738664,9.968612639660109e-08,1.6296225003384086e-06,0.00984751462358623,True
adamw_final_update_projection,20,0,58,torch.float32,1.1920928955078125e-07,4.814231254404896e-06,2.8086135330403413e-05,1.1143794220700574e-11,3.9677207595867944e-07,3.958258263940882e-21,1.4093282031780126e-16,1.0174193106557812e-07,0.0036223164368659956,0.06609201978948392,0.0059538040049410814,0.09008355356524309,0.06582330360688593,9.739718044539103e-18,1.4796762712955368e-16,0.06582330320073083,1.0137375588761062e-07,1.5400891623209373e-06,9.94893700114553e-06,9.94893700114553e-06,0.06582330353896132,1.0143561264822271e-07,1.5410288939415231e-06,0.010195623174269104,True
adamw_final_update_projection,20,1,60,torch.float32,1.1920928955078125e-07,3.342961442244951e-06,3.612957053633747e-05,1.0134229525319853e-11,2.8049681673152766e-07,5.204074320531654e-21,1.4403919679304903e-16,1.0631625947993032e-07,0.0029426131677751234,0.07110924389970937,0.006788129342116495,0.09546057544487882,0.07078450302165758,1.0483470828189971e-17,1.481040394531328e-16,0.07078450380138064,1.0718671903670876e-07,1.5142681417598366e-06,1.0262858920527543e-05,1.0262858920527543e-05,0.07078450378475133,1.0719283127380696e-07,1.514354492047719e-06,0.010444733977527668,True
adamw_final_update_projection,20,2,60,torch.float32,1.1920928955078125e-07,3.920330339574255e-06,3.3416337655387184e-05,1.104855495187185e-11,3.3063332869724776e-07,4.9277599169224885e-21,1.4746558907027125e-16,9.898864395608313e-08,0.002962119074232325,0.07109257070285675,0.006661757706770811,0.09370539904394141,0.07077976118493878,1.0805456423847732e-17,1.5266308112589427e-16,0.07077976028837556,9.814145459502349e-08,1.3865751197117525e-06,9.474265083185087e-06,9.474265083185087e-06,0.07077976028120415,9.842136654760584e-08,1.3905298090383902e-06,0.01038828507366592,True
adamw_final_update_projection,20,3,49,torch.float32,1.1920928955078125e-07,5.138758647397377e-06,2.849317782793889e-05,1.2070351311226422e-11,4.236225030467075e-07,3.7050980189850265e-21,1.300345662164905e-16,8.978443585157333e-08,0.0031511067636499222,0.06103686185299534,0.0044924909075922835,0.07360291422603368,0.060871307118435025,8.179649888245448e-18,1.3437611701570018e-16,0.06087130748765097,9.034211135443224e-08,1.4841493485705074e-06,9.582312468895499e-06,9.582312468895499e-06,0.06087130732858373,9.05346928100415e-08,1.4873131001004236e-06,0.009448104839402815,True
adamw_final_update_projection,20,4,60,torch.float32,1.1920928955078125e-07,8.425881056896194e-06,3.797617399658783e-05,3.107275454727688e-11,8.182170892220152e-07,5.4741346155067505e-21,1.4414655399462923e-16,1.1431322794470165e-07,0.0030101005707356175,0.09511871478445819,0.012845275346164002,0.13504466892000985,0.09424738088418338,1.489004771906809e-17,1.5798898154385677e-16,0.09424738155711512,1.1412629718575327e-07,1.2109227365281365e-06,1.0927099296164619e-05,1.0927099296164619e-05,0.09424738159138527,1.1531936695487461e-07,1.2235816529614383e-06,0.010553520548253037,True
adamw_final_update_projection,20,5,53,torch.float32,1.1920928955078125e-07,5.678672305444112e-06,3.9241300556353554e-05,1.693095424596345e-11,4.3145752067134686e-07,5.264332076316028e-21,1.341528441127105e-16,9.032966453495143e-08,0.0023018143037758817,0.06925350388097073,0.007524806856363124,0.10865597312298254,0.0688434824915624,9.911863488814845e-18,1.4397678807183618e-16,0.06884348300014319,9.043802553059759e-08,1.3136759151248853e-06,9.27258839363691e-06,9.27258839363691e-06,0.06884348292360971,9.062721935239904e-08,1.316424089887507e-06,0.009773670037439577,True
adamw_final_update_projection,20,6,60,torch.float32,1.1920928955078125e-07,3.095485046437789e-06,3.4870482522214774e-05,9.315901320045855e-12,2.6715722428306e-07,5.0930513785533994e-21,1.4605623467667746e-16,9.796317843090976e-08,0.002809152050476843,0.07191002528888162,0.0069578031087113735,0.09675706663653692,0.07157262544400617,1.0860054633786019e-17,1.5173475286696348e-16,0.07157262563320867,9.824638220634575e-08,1.3726809843449538e-06,9.437625736024212e-06,9.437625736024212e-06,0.07157262549512614,9.830510997913401e-08,1.3735015209946192e-06,0.010416296717922935,True
adamw_final_update_projection,20,7,53,torch.float32,1.1920928955078125e-07,7.079248571757639e-06,1.681318060085576e-05,9.197093187195912e-12,5.470168557356599e-07,2.2639087786271403e-21,1.3465083331777515e-16,9.85321495280818e-08,0.00585938280001486,0.0632728790896859,0.005011574911851915,0.07920573528427996,0.06307409408941922,8.65583203547282e-18,1.3723276030253522e-16,0.06307409239294165,9.932742247945283e-08,1.5747737099514433e-06,1.0127126803491291e-05,1.0127126803491291e-05,0.0630740924634137,9.935621129610958e-08,1.575230136743409e-06,0.009810898315389602,True
adamw_final_update_projection,21,0,58,torch.float32,1.1920928955078125e-07,4.814231254404896e-06,3.286702982990825e-05,1.2743314056887107e-11,3.8772332403736037e-07,4.6836214619695015e-21,1.4250212100723088e-16,1.01659356276605e-07,0.003092922976004883,0.06906828532696635,0.006115611719669553,0.08854442658766618,0.06879700088885761,1.0155449161026303e-17,1.4761470747006188e-16,0.06879699983941388,1.0169210783714044e-07,1.4781474203019083e-06,9.95458610586404e-06,9.95458610586404e-06,0.06879699992809264,1.0164683180366218e-07,1.4774893078172673e-06,0.010211055559987987,True
adamw_final_update_projection,21,1,60,torch.float32,1.1920928955078125e-07,3.342961442244951e-06,3.679341707428604e-05,1.0010115925820044e-11,2.7206268734457535e-07,5.291467201634119e-21,1.4381559589724496e-16,1.0688403848438241e-07,0.002904857693425626,0.07284685867323998,0.006818511479403442,0.09360062470213552,0.072527048194203,1.089409866299002e-17,1.502073906802231e-16,0.07252704940195437,1.0657988970321256e-07,1.4695191736331767e-06,1.0266953779292815e-05,1.0266953779292815e-05,0.07252704917160277,1.0680547465560625e-07,1.4726295344361653e-06,0.010402839727497339,True
adamw_final_update_projection,21,2,60,torch.float32,1.1920928955078125e-07,3.920330339574255e-06,3.49164481506105e-05,1.1573582962094913e-11,3.314650709079226e-07,5.151621287030607e-21,1.4754138980029148e-16,9.907269927105914e-08,0.0028374131332739045,0.07379833454769899,0.006800788338444088,0.09215368314373613,0.07348430757644646,1.1303466529991603e-17,1.5382150152578486e-16,0.07348430832734472,9.895641252077947e-08,1.346633244201826e-06,9.480005213275164e-06,9.480005213275164e-06,0.0734843084857833,9.897590515838484e-08,1.3468985038830881e-06,0.010440490583252592,True
adamw_final_update_projection,21,3,49,torch.float32,1.1920928955078125e-07,5.138758647397377e-06,3.1487153470185506e-05,1.3602458288778887e-11,4.3200025374344354e-07,4.12049377549777e-21,1.3086269546085706e-16,8.962888254805662e-08,0.0028464220131814858,0.06335360047456182,0.0045931842110086005,0.07250076043985675,0.06318687642140684,8.561852421552613e-18,1.3550048532945008e-16,0.06318687516798255,9.04428947457434e-08,1.4313557128011255e-06,9.586939203534746e-06,9.586939203534746e-06,0.06318687519928393,9.06605071526305e-08,1.434799661586334e-06,0.009456668622578056,True
adamw_final_update_projection,21,4,60,torch.float32,1.1920928955078125e-07,8.425881056896194e-06,3.2603065051747876e-05,2.621582569377579e-11,8.040908317106321e-07,4.801719107043408e-21,1.4727815005808894e-16,1.1400952285597118e-07,0.003496821767944549,0.09833252026503263,0.013132870368925782,0.13355571822555914,0.09745158930230971,1.5278402206169943e-17,1.5677940519547615e-16,0.09745159047059967,1.1338828864195447e-07,1.1635345107698655e-06,1.0934869289346446e-05,1.0934869289346446e-05,0.09745159050829465,1.1455994980663218e-07,1.1755575174207274e-06,0.010476572401120963,True
adamw_final_update_projection,21,5,53,torch.float32,1.1920928955078125e-07,5.678672305444112e-06,3.8830648299740056e-05,1.6134550992482725e-11,4.1551072925534273e-07,5.29256693703345e-21,1.3629870138092279e-16,9.03121104706093e-08,0.00232581403215114,0.07066496715698901,0.007484151000654615,0.10591034428740134,0.0702675249820124,9.921009559016275e-18,1.4118911348529678e-16,0.07026752387677229,9.073374185319772e-08,1.2912614085038332e-06,9.277311026027007e-06,9.277311026027007e-06,0.07026752396387649,9.114343824590577e-08,1.2970919295912759e-06,0.009824337891680862,True
adamw_final_update_projection,21,6,60,torch.float32,1.1920928955078125e-07,3.095485046437789e-06,4.1077112660303666e-05,1.0884281809887268e-11,2.6497192974338923e-07,5.9890288948948846e-21,1.4579965598903467e-16,9.742624021781182e-08,0.0023717609614314706,0.07426593418325926,0.007040557771721904,0.09480198221634918,0.07393145153705047,1.1191107817211272e-17,1.513714066820789e-16,0.07393145213547132,9.74664604888312e-08,1.3183355347901804e-06,9.44374927006968e-06,9.44374927006968e-06,0.07393145222675207,9.747553165095257e-08,1.3184582300911586e-06,0.010321698391536538,True
adamw_final_update_projection,21,7,53,torch.float32,1.1920928955078125e-07,7.079248571757639e-06,1.864997683216381e-05,1.0613339681405965e-11,5.690805826151036e-07,2.5079184095259512e-21,1.3447300402010114e-16,9.809968264398075e-08,0.005259482447809971,0.0652917275906464,0.00508274080404022,0.0778466276142518,0.06509358983563683,9.048794318254542e-18,1.3901206464573555e-16,0.06509359052310162,9.932391916770545e-08,1.5258632742413483e-06,1.0131656458501312e-05,1.0131656458501312e-05,0.0650935906349982,9.955805973053333e-08,1.529460254985611e-06,0.009826434614943516,True
adamw_final_update_projection,22,0,58,torch.float32,1.1920928955078125e-07,4.814231254404896e-06,3.041864965323016e-05,1.1321650409289822e-11,3.721943787234347e-07,4.3397129897209165e-21,1.4266619456134808e-16,1.0292088073378728e-07,0.00338336487565973,0.07140331286363887,0.006230433852759451,0.0872569297261866,0.07113096921811965,1.0495417367101391e-17,1.4755060253597424e-16,0.07113096970903227,1.022998035994613e-07,1.4381893571524188e-06,9.959987738355267e-06,9.959987738355267e-06,0.07113096995929737,1.0241585870360933e-07,1.4398209213541419e-06,0.010282729396263462,True
adamw_final_update_projection,22,1,60,torch.float32,1.1920928955078125e-07,3.342961442244951e-06,4.0958357313758466e-05,1.128637578910471e-11,2.755573350426694e-07,5.953913335388771e-21,1.4536504210311672e-16,1.0609527546379877e-07,0.00259024249167566,0.07571485377540464,0.006987939709077942,0.09229285088242378,0.07539169570220051,1.1234784720711592e-17,1.4901886230400404e-16,0.07539169616947346,1.0647378925827964e-07,1.4122747552852047e-06,1.0272520678050826e-05,1.0272520678050826e-05,0.07539169628690626,1.067171899925685e-07,1.4155032350837654e-06,0.01038860795097642,True
adamw_final_update_projection,22,2,60,torch.float32,1.1920928955078125e-07,3.920330339574255e-06,3.6179221400039395e-05,1.15450906453081e-11,3.1910832236139635e-07,5.339849424444003e-21,1.4759437096229106e-16,9.873837167940906e-08,0.0027290173149495793,0.0763150586891407,0.006944060438439084,0.09099200810058729,0.07599847503308402,1.1580402157828909e-17,1.5237677009686935e-16,0.07599847497731545,9.807654207758599e-08,1.2905067122315356e-06,9.48610314693527e-06,9.48610314693527e-06,0.07599847494424439,9.806819961815015e-08,1.2903969413872715e-06,0.010338091216078923,True
adamw_final_update_projection,22,3,49,torch.float32,1.1920928955078125e-07,5.138758647397377e-06,3.136350953168316e-05,1.2719122911982012e-11,4.055388922318549e-07,4.054239652909399e-21,1.2926613486332493e-16,8.991341471388745e-08,0.0028666745298864776,0.06547635009661205,0.004670714890463521,0.07133438078896823,0.06530954634956601,8.704864033212412e-18,1.3328624251376777e-16,0.06530954656572467,8.966322902612243e-08,1.3728962110598835e-06,9.591740361960239e-06,9.591740361960239e-06,0.06530954671605899,8.986187251291389e-08,1.3759377768092475e-06,0.00936867232867311,True
adamw_final_update_projection,22,4,60,torch.float32,1.1920928955078125e-07,8.425881056896194e-06,3.684716163970816e-05,3.3802678803350254e-11,9.173753770744439e-07,5.461977638918724e-21,1.4823333455988502e-16,1.1370216843756782e-07,0.0030856663707030394,0.10223600021485339,0.01357852521168646,0.1328154973116182,0.1013302688884575,1.6004296542300164e-17,1.5794191328868769e-16,0.10133026992342001,1.141044304259082e-07,1.1260646054939182e-06,1.0944188107571338e-05,1.0944188107571338e-05,0.10133027000884855,1.1569600069059933e-07,1.1417713648695135e-06,0.010571455785793674,True
adamw_final_update_projection,22,5,53,torch.float32,1.1920928955078125e-07,5.678672305444112e-06,4.082238987945247e-05,1.7077050950215577e-11,4.183256051554967e-07,5.524291336714745e-21,1.353250349386287e-16,9.068151413953685e-08,0.0022213574290296553,0.07239369708366959,0.0074663456627057975,0.10313529994298411,0.07200764584325128,1.0171053778978872e-17,1.4124963620001646e-16,0.07200764651822947,9.057319530224836e-08,1.2578274625225924e-06,9.282623823752578e-06,9.282623823752578e-06,0.0720076466670032,9.095071879965937e-08,1.2630702850248356e-06,0.009797953738783716,True
adamw_final_update_projection,22,6,60,torch.float32,1.1920928955078125e-07,3.095485046437789e-06,3.841933203036747e-05,1.0349193283504445e-11,2.6937462825548916e-07,5.6121953833421615e-21,1.4607738049444392e-16,9.851895585349536e-08,0.0025642761817177544,0.07689878010805251,0.007199799155851426,0.09362696190674023,0.07656099055146828,1.1518389429133967e-17,1.5044723619910202e-16,0.07656099075984998,9.827463673135285e-08,1.2836123952420154e-06,9.450559784615769e-06,9.450559784615769e-06,0.07656099047340986,9.829851857328508e-08,1.283924332293282e-06,0.010401343498540876,True
adamw_final_update_projection,22,7,53,torch.float32,1.1920928955078125e-07,7.079248571757639e-06,1.836719287670912e-05,9.889086181907772e-12,5.384103193279917e-07,2.4808054821910717e-21,1.3506720917257124e-16,9.773487043335872e-08,0.005320333822624191,0.06736394789729214,0.005159263067969724,0.07658789647892822,0.06716608877182424,9.358680278815773e-18,1.3933638909076513e-16,0.06716608855175486,9.842258382059729e-08,1.4653612551035739e-06,1.0136594504908651e-05,1.0136594504908651e-05,0.06716608884859694,9.890534059519368e-08,1.4725487562353387e-06,0.009757255313636026,True
adamw_final_update_projection,23,0,58,torch.float32,1.1920928955078125e-07,4.814231254404896e-06,3.2416250243334866e-05,1.409522840952972e-11,4.3481982967563783e-07,4.559806255721856e-21,1.4066421074287678e-16,1.019191042645638e-07,0.003144019920240754,0.07371762310387349,0.006325005893978639,0.08580045893593512,0.07344577766302074,1.0742966173694644e-17,1.4627071174853429e-16,0.07344577797671431,1.0241822464121832e-07,1.3944739570147873e-06,9.965914815629118e-06,9.965914815629118e-06,0.07344577814011867,1.0248497740213508e-07,1.3953828252267391e-06,0.010283549407969278,True
adamw_final_update_projection,23,1,60,torch.float32,1.1920928955078125e-07,3.342961442244951e-06,4.090712126237082e-05,1.1294543724754701e-11,2.761021400727164e-07,5.9121839971448916e-21,1.445270117939966e-16,1.0667492868630041e-07,0.0026076606935603605,0.07867513979138352,0.007169335645136274,0.09112580751869802,0.0783478030808849,1.1688442969742976e-17,1.4918660779391647e-16,0.07834780305856273,1.0577190243589798e-07,1.3500302281205834e-06,1.0278659421405877e-05,1.0278659421405877e-05,0.07834780285257553,1.0610158485159106e-07,1.3542381660815543e-06,0.010322511964024086,True
adamw_final_update_projection,23,2,60,torch.float32,1.1920928955078125e-07,3.920330339574255e-06,3.691902542396914e-05,1.2199504803867257e-11,3.304395136050072e-07,5.446587080107799e-21,1.4752792137822738e-16,9.855456139150062e-08,0.0026694606306699314,0.07810559210648926,0.006980979365001707,0.08937873943115149,0.07779299097869098,1.190866112324454e-17,1.5308141483474462e-16,0.07779299082018128,9.88034647627095e-08,1.2700818379781026e-06,9.491947899677871e-06,9.491947899677871e-06,0.07779299085011122,9.901652264338852e-08,1.2728206174020235e-06,0.010431633600385529,True
adamw_final_update_projection,23,3,49,torch.float32,1.1920928955078125e-07,5.138758647397377e-06,3.12842373916345e-05,1.4436165343794915e-11,4.614517260905068e-07,4.103405693364843e-21,1.311652779639929e-16,9.021188647974077e-08,0.0028835598390897035,0.06765397683404208,0.004746393111272737,0.07015689739741139,0.06748727534798218,8.985914701045778e-18,1.331497627473036e-16,0.06748727633638567,9.018288435592868e-08,1.3362946210248332e-06,9.597026179317965e-06,9.597026179317965e-06,0.0674872762936973,9.022703855534953e-08,1.3369488814853224e-06,0.009401562199527282,True
adamw_final_update_projection,23,4,60,torch.float32,1.1920928955078125e-07,8.425881056896194e-06,5.639770387200113e-05,3.609100762783853e-11,6.399375355732534e-07,8.268631362565949e-21,1.4661290788245434e-16,1.1453770002397365e-07,0.0020308571671991795,0.10778982295787042,0.014387434257753047,0.13347674078077265,0.1068253138014014,1.6916527461529277e-17,1.5835691803329256e-16,0.10682531372303923,1.1477766617635393e-07,1.074442584591255e-06,1.0956026054556246e-05,1.0956026054556246e-05,0.10682531352767637,1.1594743346381703e-07,1.0853928683652054e-06,0.010582982633159982,True
adamw_final_update_projection,23,5,53,torch.float32,1.1920928955078125e-07,5.678672305444112e-06,4.942871357039414e-05,2.1420891482762868e-11,4.3336939069345193e-07,6.5611829574875034e-21,1.3274031395018968e-16,9.115560976907081e-08,0.001844192915668154,0.07516250193451367,0.0077536643255828016,0.1031586778782096,0.07476150337293891,1.0512894935930583e-17,1.4061909487678774e-16,0.07476150387463247,9.074619681058927e-08,1.2138091411692509e-06,9.289184559653186e-06,9.289184559653186e-06,0.07476150379966139,9.114776924832812e-08,1.2191805222722251e-06,0.009812246560825263,True
adamw_final_update_projection,23,6,60,torch.float32,1.1920928955078125e-07,3.095485046437789e-06,4.0357188711451955e-05,1.0108287046755293e-11,2.504705448892409e-07,5.857777730162744e-21,1.4514830981030887e-16,9.835895991016175e-08,0.0024371474025595193,0.0784864910726241,0.007215714782027642,0.09193575459184294,0.07815409612475556,1.184490233172962e-17,1.5155830492648625e-16,0.07815409560682514,9.78119526143806e-08,1.251526895102843e-06,9.457083935968396e-06,9.457083935968396e-06,0.07815409569979136,9.795789925869092e-08,1.2533943151868933e-06,0.01035815055908776,True
adamw_final_update_projection,23,7,53,torch.float32,1.1920928955078125e-07,7.079248571757639e-06,2.1231340922733383e-05,1.193935766527672e-11,5.62345906870757e-07,2.887464492082132e-21,1.3600010016281384e-16,9.834103722390838e-08,0.004631489031430374,0.06984154602816438,0.00526988539214687,0.07545487881986075,0.06964244294650956,9.608428355205499e-18,1.3796799693809516e-16,0.06964244325306068,9.905755990734597e-08,1.422373415984261e-06,1.0142354134537813e-05,1.0142354134537813e-05,0.06964244325226507,9.909525156611546e-08,1.4229146327788041e-06,0.00977043891897502,True
adamw_final_update_projection,24,0,58,torch.float32,1.1920928955078125e-07,4.814231254404896e-06,3.47295277229638e-05,1.4045202499831366e-11,4.0441674335077186e-07,4.930778185309291e-21,1.4197654009701295e-16,1.016388036077298e-07,0.0029265386543289853,0.07547621828117017,0.006395095357572234,0.0847299388232291,0.07520480224955321,1.1008933339929718e-17,1.4638604198969384e-16,0.07520480327279949,1.0162839646419782e-07,1.3513551268201424e-06,9.971782461835791e-06,9.971782461835791e-06,0.07520480296515142,1.0177529388614726e-07,1.3533084307568514e-06,0.010206329136808162,True
adamw_final_update_projection,24,1,60,torch.float32,1.1920928955078125e-07,3.342961442244951e-06,4.126155368482581e-05,1.1288630191191816e-11,2.735871333740707e-07,6.008708507830915e-21,1.4562487282297563e-16,1.0609721160608451e-07,0.0025713096488460844,0.0801649101863021,0.0071451842435452245,0.08913107027675723,0.07984584627457884,1.1800676731350639e-17,1.4779324513350062e-16,0.07984584601746844,1.0620649721225225e-07,1.3301443031741026e-06,1.028387876156335e-05,1.028387876156335e-05,0.07984584595959168,1.0636004440521709e-07,1.3320673496157044e-06,0.010342405513641848,True
adamw_final_update_projection,24,2,60,torch.float32,1.1920928955078125e-07,3.920330339574255e-06,3.732756219497966e-05,1.2507196686689938e-11,3.3506599282746846e-07,5.4837484912546314e-21,1.4690883006532027e-16,9.867627839007136e-08,0.0026434921760845206,0.07988754300966386,0.007024547597015752,0.08793044988460848,0.07957810791403722,1.2220932186932174e-17,1.535715350273672e-16,0.07957810716370148,9.74439790661545e-08,1.224507374442833e-06,9.49837154318292e-06,9.49837154318292e-06,0.07957810730744247,9.772389696262019e-08,1.2280248961573461e-06,0.010288489613017681,True
adamw_final_update_projection,24,3,49,torch.float32,1.1920928955078125e-07,5.138758647397377e-06,3.0429940377070687e-05,1.3182760889703085e-11,4.332167834162583e-07,4.01795699502807e-21,1.3203959472940752e-16,8.97222644291342e-08,0.002948443992399964,0.06925536859049207,0.0047901167342184236,0.06916599870462677,0.06908951338862848,9.183122143376283e-18,1.3291629500588931e-16,0.06908951289304256,9.057207411662643e-08,1.3109380906598807e-06,9.602167756993419e-06,9.602167756993419e-06,0.06908951283006966,9.082431702677735e-08,1.3145890498629788e-06,0.009458730499748715,True
adamw_final_update_projection,24,4,60,torch.float32,1.1920928955078125e-07,8.425881056896194e-06,3.4720537308579234e-05,3.0756994918735976e-11,8.85844439715399e-07,4.965292527154998e-21,1.4300736428782317e-16,1.1409371673281604e-07,0.0032860945520487394,0.10891394993587965,0.014232516275579173,0.1306767065555717,0.10798001653593443,1.6940639368766707e-17,1.568868010233085e-16,0.10798001626016399,1.1381746423450386e-07,1.0540604472616053e-06,1.0964692946895348e-05,1.0964692946895348e-05,0.10798001603862763,1.1504446623542761e-07,1.065423681677106e-06,0.010492265200002928,True
adamw_final_update_projection,24,5,53,torch.float32,1.1920928955078125e-07,5.678672305444112e-06,4.1012486331653334e-05,1.7879033907181102e-11,4.3594123415488003e-07,5.483751425229158e-21,1.3370931430210154e-16,9.081962654851455e-08,0.0022144009679612663,0.07671527272532778,0.007782301076244699,0.10144396024124866,0.0763195182065512,1.0825404346031304e-17,1.4184319556018975e-16,0.07631951733057175,9.073748829566828e-08,1.1889159086612965e-06,9.295127566032177e-06,9.295127566032177e-06,0.07631951732210115,9.103349500605548e-08,1.1927944279554994e-06,0.009793678931177387,True
adamw_final_update_projection,24,6,60,torch.float32,1.1920928955078125e-07,3.095485046437789e-06,4.2605370537134697e-05,1.0902407616171812e-11,2.5589280127652713e-07,6.2687055196979195e-21,1.471341626810719e-16,9.817701763047607e-08,0.002304275751492314,0.08034398998302075,0.007293351154756077,0.09077656158596797,0.08001227252943861,1.2090321357892992e-17,1.5110583633835229e-16,0.08001227121912015,9.78588568291672e-08,1.223048106723189e-06,9.464368533526339e-06,9.464368533526339e-06,0.08001227115380576,9.819264876568944e-08,1.2272198670243463e-06,0.01037498153393481,True
adamw_final_update_projection,24,7,53,torch.float32,1.1920928955078125e-07,7.079248571757639e-06,1.8719622220705368e-05,1.0597829965568103e-11,5.661348204904516e-07,2.532291523933552e-21,1.3527471302989463e-16,9.94838377770861e-08,0.005314160249190883,0.07032734556677937,0.005212894429234636,0.07412329282760613,0.07013388101437747,9.874643681582827e-18,1.4079705184942669e-16,0.07013388176498625,9.856249671176388e-08,1.4053478038195567e-06,1.0146548874356458e-05,1.0146548874356458e-05,0.07013388177063754,9.926488944383324e-08,1.4153628308848545e-06,0.009783118444805115,True
adamw_final_update_projection,25,0,58,torch.float32,1.1920928955078125e-07,4.814231254404896e-06,3.395417262264715e-05,1.297176525021285e-11,3.820374418889769e-07,4.9223775869139144e-21,1.449712128644563e-16,1.0107658169459873e-07,0.0029768890955316975,0.07764711001429841,0.006463646808343899,0.08324388128745092,0.07737761280570464,1.1362495376756849e-17,1.468447392566646e-16,0.07737761371777059,1.0261553580391053e-07,1.3261656811774202e-06,9.978427650991962e-06,9.978427650991962e-06,0.07737761335679878,1.0267094101284477e-07,1.3268817240383854e-06,0.010289290517894187,True
adamw_final_update_projection,25,1,60,torch.float32,1.1920928955078125e-07,3.342961442244951e-06,4.09818139138377e-05,1.2223719076960272e-11,2.9827179203585414e-07,5.9207728039601795e-21,1.4447317574591949e-16,1.065754990367894e-07,0.002600466639595012,0.08190912056882767,0.00719043869273384,0.0877855682346359,0.08159290179767346,1.1969493916867147e-17,1.4669773538080546e-16,0.08159290118507893,1.0659584340384526e-07,1.3064352640440081e-06,1.0289836966644758e-05,1.0289836966644758e-05,0.0815929012575048,1.0696704037419527e-07,1.3109846411345324e-06,0.010395406722277192,True
adamw_final_update_projection,25,2,60,torch.float32,1.1920928955078125e-07,3.920330339574255e-06,3.742799606055034e-05,1.1932492096887013e-11,3.1881194167015625e-07,5.5410761283364735e-21,1.4804629452703002e-16,9.83001078461907e-08,0.0026262940145593268,0.08182580594515584,0.007102428829205748,0.08679937517469961,0.08151697996920867,1.2396495415630556e-17,1.5207255494883486e-16,0.08151697957327471,9.853773631389044e-08,1.2088001399182849e-06,9.505445240414536e-06,9.505445240414536e-06,0.08151697970048175,9.864782447416018e-08,1.210150631642909e-06,0.010378033009409891,True
adamw_final_update_projection,25,3,49,torch.float32,1.1920928955078125e-07,5.138758647397377e-06,3.09501355761135e-05,1.319540638547944e-11,4.2634405762226475e-07,4.071619504540227e-21,1.3155417347130994e-16,9.059811746619112e-08,0.0029271406212582497,0.0708380608451004,0.00483005895049392,0.06818451681018872,0.0706732013908306,9.544280333643538e-18,1.3504808252370817e-16,0.07067320025418775,9.208581152424301e-08,1.3029806375406986e-06,9.607718366605674e-06,9.607718366605674e-06,0.07067320035741144,9.235819637539028e-08,1.3068347819019457e-06,0.00961291670417892,True
adamw_final_update_projection,25,4,60,torch.float32,1.1920928955078125e-07,8.425881056896194e-06,3.6142345417824654e-05,2.930095095067023e-11,8.107097259996749e-07,5.3215618348142304e-21,1.4723897337862018e-16,1.1451388312408715e-07,0.003168189643461574,0.1117586375661964,0.014406278679903479,0.12890528189707406,0.11082622525940963,1.734058730605796e-17,1.5646646148480697e-16,0.11082622417639312,1.1404187013786854e-07,1.029015208136635e-06,1.0975823557969326e-05,1.0975823557969326e-05,0.11082622432253537,1.1570444326660102e-07,1.0440168288136267e-06,0.010541755036011884,True
adamw_final_update_projection,25,5,53,torch.float32,1.1920928955078125e-07,5.678672305444112e-06,5.494618945037083e-05,2.158248610527392e-11,3.9279313672457523e-07,7.32284035960464e-21,1.332729427255266e-16,9.098015194337014e-08,0.0016558336598493986,0.07809880722149896,0.007714795101511706,0.09878249586618507,0.07771682974724684,1.1011465539210554e-17,1.4168701393279158e-16,0.07771683019654428,9.1321290330452e-08,1.1750516599750957e-06,9.301316543092553e-06,9.301316543092553e-06,0.0777168303008265,9.173662102899053e-08,1.1803958122570902e-06,0.009862756589777283,True
adamw_final_update_projection,25,6,60,torch.float32,1.1920928955078125e-07,3.095485046437789e-06,3.976815873814631e-05,1.0076002145511106e-11,2.533685859548239e-07,5.778740789418286e-21,1.4531074539982168e-16,9.866125470646219e-08,0.0024808640892606346,0.0822429952515224,0.007375537334953466,0.08967982394606351,0.08191160917087786,1.2349329449640024e-17,1.5076409283912098e-16,0.08191161014150518,9.815997941831284e-08,1.1983646670934441e-06,9.47220079450585e-06,9.47220079450585e-06,0.08191161032449226,9.856107803766674e-08,1.2032613892855693e-06,0.010405298639238626,True
adamw_final_update_projection,25,7,53,torch.float32,1.1920928955078125e-07,7.079248571757639e-06,2.21603138779159e-05,1.2293948938383622e-11,5.547732313771642e-07,2.972187475543682e-21,1.3412208382599242e-16,1.0000294080552146e-07,0.00451245419002042,0.07229614428772374,0.005245445935748627,0.07255498875393457,0.0721056015563736,9.978474782431709e-18,1.3838695700541848e-16,0.07210560203339503,9.926750470061418e-08,1.3766961498309018e-06,1.0152524184678262e-05,1.0152524184678262e-05,0.07210560197352903,9.945751944770299e-08,1.3793313796092463e-06,0.009796334156760724,True
adamw_final_update_projection,26,0,58,torch.float32,1.1920928955078125e-07,4.814231254404896e-06,3.5289579098689283e-05,1.343954077029301e-11,3.808359610271514e-07,5.052116521524284e-21,1.4316171092310633e-16,1.0220216527080267e-07,0.002896011686779216,0.08029954866912395,0.006611589120228608,0.08233656639182127,0.08002689801416946,1.1710153055495734e-17,1.463277141320953e-16,0.0800268986804906,1.0170779972635107e-07,1.2709201706344015e-06,9.986177699593764e-06,9.986177699593764e-06,0.08002689865107464,1.01917002246628e-07,1.2735343236403102e-06,0.010205806997683805,True
adamw_final_update_projection,26,1,60,torch.float32,1.1920928955078125e-07,3.342961442244951e-06,4.5581865508176464e-05,1.3287649972168628e-11,2.9151176293530795e-07,6.497482021024405e-21,1.4254532912566214e-16,1.07118328032639e-07,0.0023499057711564774,0.08508110243057904,0.00739700409724314,0.08694062354538297,0.08475894242608298,1.2527512684680789e-17,1.4780166347174337e-16,0.0847589421941595,1.0741177877959058e-07,1.2672619076998346e-06,1.0297705722326441e-05,1.0297705722326441e-05,0.08475894209340003,1.0734203023001184e-07,1.266439004296755e-06,0.010423878203985158,True
adamw_final_update_projection,26,2,60,torch.float32,1.1920928955078125e-07,3.920330339574255e-06,4.0524762173512014e-05,1.3754737940162838e-11,3.3941563632798503e-07,5.946067723172156e-21,1.467267765252672e-16,9.887730694611758e-08,0.002439814237255164,0.08386661175922497,0.007151770967433578,0.0852755443127451,0.0835611197866684,1.276084399625101e-17,1.5271269735050768e-16,0.08356111996535523,9.901920157434952e-08,1.184991316720064e-06,9.513226441444822e-06,9.513226441444822e-06,0.08356111991798205,9.941703637004121e-08,1.1897523210270788e-06,0.01045040155219329,True
adamw_final_update_projection,26,3,49,torch.float32,1.1920928955078125e-07,5.138758647397377e-06,3.474254156598086e-05,1.5466619270343746e-11,4.4517811804212736e-07,4.506640628868055e-21,1.2971534106996093e-16,9.013328633586815e-08,0.002594287364992295,0.07346505385034831,0.004960063488303236,0.06751595797380226,0.07329742087840865,9.903302592478603e-18,1.3511120137374215e-16,0.07329742177852404,8.986440378787428e-08,1.2260240757090904e-06,9.614544156475823e-06,9.614544156475823e-06,0.07329742177457448,9.019875176823441e-08,1.2305856002089651e-06,0.009381490198625957,True
adamw_final_update_projection,26,4,60,torch.float32,1.1920928955078125e-07,8.425881056896194e-06,3.879766321165472e-05,3.005249287199766e-11,7.745954365357233e-07,5.643332066049434e-21,1.4545546300726394e-16,1.144993237164973e-07,0.002951177274963675,0.11363863826794378,0.014455504503885167,0.12720589338461746,0.11271547585372088,1.7537524870379072e-17,1.5559109995808208e-16,0.11271547631599543,1.1460335314865258e-07,1.0167490471970729e-06,1.0987119253729213e-05,1.0987119253729213e-05,0.11271547631022326,1.1633944092956849e-07,1.0321514377437497e-06,0.010588711949229179,True
adamw_final_update_projection,26,5,53,torch.float32,1.1920928955078125e-07,5.678672305444112e-06,4.6407261203324335e-05,1.9214845761329555e-11,4.140482601880656e-07,6.291773879729954e-21,1.355773582966751e-16,9.095557097389986e-08,0.001959966272048268,0.0809038118992529,0.007860678504431099,0.09716079279700401,0.08052103149662,1.1378835587589707e-17,1.4131507478350363e-16,0.08052103184741796,9.087543799551324e-08,1.1285925665696409e-06,9.309289311725764e-06,9.309289311725764e-06,0.08052103193523576,9.138171294028358e-08,1.1348800523791501e-06,0.009816185734520174,True
adamw_final_update_projection,26,6,60,torch.float32,1.1920928955078125e-07,3.095485046437789e-06,4.939474800947893e-05,1.2873598008885473e-11,2.606268586776677e-07,7.132128502999088e-21,1.4439042186490484e-16,9.859383629356519e-08,0.0019959848635578274,0.08359804396239755,0.007317825826943919,0.08753584988466334,0.08327714199890307,1.2617599984324887e-17,1.515133646696363e-16,0.08327714139666587,9.845211727371454e-08,1.1822225838032455e-06,9.480105929942502e-06,9.480105929942502e-06,0.0832771413512091,9.836746674339078e-08,1.1812060926604152e-06,0.010376199113208369,True
adamw_final_update_projection,26,7,53,torch.float32,1.1920928955078125e-07,7.079248571757639e-06,2.1665286338934155e-05,1.16062412999323e-11,5.3570680388724e-07,2.9452202403192493e-21,1.3594190237065496e-16,9.981467796739692e-08,0.00460677532012223,0.0733380052162677,0.005231222118035345,0.07133030278924148,0.07315119496121089,9.90725851575438e-18,1.3543536125428705e-16,0.07315119507152228,9.962170895211836e-08,1.3618603066527486e-06,1.0157878235889592e-05,1.0157878235889592e-05,0.07315119528160823,1.0006167055432252e-07,1.3678747171405437e-06,0.009850646781803982,True
adamw_final_update_projection,27,0,58,torch.float32,1.1920928955078125e-07,4.814231254404896e-06,3.6248318694026e-05,1.5268919017284603e-11,4.212310961556691e-07,5.16260066192736e-21,1.4242317569279855e-16,1.0185247163355937e-07,0.002809820018177609,0.08240627483258664,0.006668532114203222,0.08092262546451409,0.08213601409385314,1.2032121785622908e-17,1.46490207960108e-16,0.0821360137148124,1.0175897131912997e-07,1.2389080832733275e-06,9.994042966937799e-06,9.994042966937799e-06,0.08213601363334108,1.0169778688835265e-07,1.238163168501654e-06,0.010175840470647199,True
adamw_final_update_projection,27,1,60,torch.float32,1.1920928955078125e-07,3.342961442244951e-06,4.299462507862905e-05,1.2120526469189168e-11,2.819079465636231e-07,6.236868917446728e-21,1.45061595630638e-16,1.0705102129099736e-07,0.0024898510258627464,0.08684137057654631,0.007431049334394865,0.08557038292992818,0.08652284755717898,1.2818342999195277e-17,1.4814980506419672e-16,0.08652284773644559,1.0748186431306281e-07,1.2422367862932553e-06,1.030470340491391e-05,1.030470340491391e-05,0.08652284792070498,1.074221537063084e-07,1.2415466699010746e-06,0.010424575020284715,True
adamw_final_update_projection,27,2,60,torch.float32,1.1920928955078125e-07,3.920330339574255e-06,3.82663474838622e-05,1.2313989569004093e-11,3.2179683661204366e-07,5.627389926835011e-21,1.470584546698245e-16,9.909572314786599e-08,0.002589535155554726,0.08485488671128597,0.007098784193352015,0.08365793024396148,0.08455743055321271,1.2901161854534772e-17,1.5257277533304374e-16,0.08455743241510684,9.868636967198189e-08,1.1670927895198343e-06,9.520659165327306e-06,9.520659165327306e-06,0.0845574320751829,9.896680325271578e-08,1.1704092806971835e-06,0.010394952863467354,True
adamw_final_update_projection,27,3,49,torch.float32,1.1920928955078125e-07,5.138758647397377e-06,3.4338557375681934e-05,1.4442224048285056e-11,4.2058330786233984e-07,4.503753350082406e-21,1.3115732559202666e-16,8.934438196309613e-08,0.002601759233199119,0.07556491910057493,0.005016065045799524,0.06638086966153266,0.07539824991425692,1.0122431558322242e-17,1.3425287151669298e-16,0.07539825022783793,9.077960132078164e-08,1.2040014330102415e-06,9.621329191521728e-06,9.621329191521728e-06,0.07539824999892884,9.094585853715947e-08,1.2062064907136638e-06,0.009452525397145807,True
adamw_final_update_projection,27,4,60,torch.float32,1.1920928955078125e-07,8.425881056896194e-06,3.836994143150481e-05,3.1919656784574355e-11,8.318922467357676e-07,5.563461136613473e-21,1.4499529916006984e-16,1.1402650517151469e-07,0.0029716383192426796,0.11588838979797658,0.014496043121630268,0.1250862415717452,0.1149781876000122,1.8097944799730687e-17,1.5740328820184644e-16,0.1149781879269295,1.1435798326236278e-07,9.946058928589058e-07,1.0999768913842187e-05,1.0999768913842187e-05,0.11497818803801195,1.1554472076109724e-07,1.0049273060634596e-06,0.01050428619602135,True
adamw_final_update_projection,27,5,53,torch.float32,1.1920928955078125e-07,5.678672305444112e-06,4.663098669448162e-05,2.032928481860153e-11,4.359608547808689e-07,6.239401212633132e-21,1.3380375700632785e-16,9.190794581686176e-08,0.0019709394658077002,0.08227844653987948,0.007882130096769666,0.09579823669798242,0.08190002924391054,1.1609150546521556e-17,1.4174781930721622e-16,0.08190002925392534,9.145670096267361e-08,1.1166870365713604e-06,9.316383832625386e-06,9.316383832625386e-06,0.08190002971670013,9.162449656634423e-08,1.118735815887759e-06,0.009834770465927031,True
adamw_final_update_projection,27,6,60,torch.float32,1.1920928955078125e-07,3.095485046437789e-06,4.1061228767987943e-05,1.0725737149589508e-11,2.612132532660952e-07,5.959299717085601e-21,1.4513203564262984e-16,9.796112104162259e-08,0.0023857172054209184,0.08415875560021865,0.007227138274290535,0.0858750610408474,0.0838478659033229,1.2757810463160664e-17,1.521542656538271e-16,0.08384786500945186,9.775882720217854e-08,1.1659071723669833e-06,9.487825671353058e-06,9.487825671353058e-06,0.08384786512122634,9.79291021244829e-08,1.1679379311911884e-06,0.010321553695928862,True
adamw_final_update_projection,27,7,53,torch.float32,1.1920928955078125e-07,7.079248571757639e-06,2.148859917650151e-05,1.2470227968563646e-11,5.803183290886755e-07,2.865009485896833e-21,1.333269545569214e-16,9.909197582209627e-08,0.0046110225024064,0.07481392489948067,0.005259686049003523,0.07030357057286314,0.07462880852278864,1.0236089994290537e-17,1.371600350709719e-16,0.07462880869475534,9.877401431573822e-08,1.3235373315382927e-06,1.016383475823119e-05,1.016383475823119e-05,0.07462880894216971,9.90447441249856e-08,1.3271650121300468e-06,0.009744820383347352,True
adamw_final_update_projection,28,0,58,torch.float32,1.1920928955078125e-07,4.814231254404896e-06,3.7487873531699254e-05,1.4332250796719824e-11,3.82316985373968e-07,5.3461758020784e-21,1.4261080446609316e-16,1.022387817415473e-07,0.002727155043441734,0.08451821667925956,0.006746996441480355,0.07982890205888646,0.08424848360451907,1.2296898877518114e-17,1.4595988380327965e-16,0.08424848359730182,1.0179774667156617e-07,1.2083036076726062e-06,1.000269259683674e-05,1.000269259683674e-05,0.08424848353975797,1.0203031275579863e-07,1.2110640864847043e-06,0.010200284750134658,True
adamw_final_update_projection,28,1,60,torch.float32,1.1920928955078125e-07,3.342961442244951e-06,4.572083418317514e-05,1.2568572022400878e-11,2.7489813444886797e-07,6.581706389554708e-21,1.4395420615437865e-16,1.0688915694670426e-07,0.002337820189387437,0.08955059684134044,0.0075952669499127125,0.0848153693868672,0.08922791779818609,1.3182855612795309e-17,1.4774362036119712e-16,0.08922791661987826,1.0742006598883831e-07,1.2038840539834725e-06,1.0313111356852282e-05,1.0313111356852282e-05,0.08922791660119674,1.0760428016390048e-07,1.205948589440194e-06,0.010433735896045142,True
adamw_final_update_projection,28,2,60,torch.float32,1.1920928955078125e-07,3.920330339574255e-06,4.224441186950646e-05,1.4092330199794312e-11,3.3359039873310826e-07,6.188300417554067e-21,1.4648802394669741e-16,9.80964035465905e-08,0.0023221299334739895,0.08655119157493993,0.007106175873545797,0.0821037324182065,0.08625897650387575,1.313500224357499e-17,1.5227403310291788e-16,0.08625897653207516,9.854501409819052e-08,1.142431988646965e-06,9.529214442216037e-06,9.529214442216037e-06,0.08625897649736153,9.856199923534309e-08,1.142628897739795e-06,0.010343140017785381,True
adamw_final_update_projection,28,3,49,torch.float32,1.1920928955078125e-07,5.138758647397377e-06,3.8698302903919626e-05,1.595689923700238e-11,4.1234105993278987e-07,5.018586695688437e-21,1.2968492980555352e-16,9.010987604090053e-08,0.00232854645941538,0.07748341486330497,0.0050512113188353,0.06519087120445799,0.07731859312669559,1.0278730371149862e-17,1.3293995603757243e-16,0.07731859316783983,9.06663075387338e-08,1.1726326595456713e-06,9.628400348556122e-06,9.628400348556122e-06,0.07731859323673483,9.111243272262229e-08,1.1784026184187462e-06,0.009462883700747398,True
adamw_final_update_projection,28,4,60,torch.float32,1.1920928955078125e-07,8.425881056896194e-06,4.33663866288758e-05,4.205752379680995e-11,9.698184946035063e-07,6.354045648244896e-21,1.4652006178483406e-16,1.1413099300613038e-07,0.0026316886613691366,0.11759003781030584,0.014551143689909363,0.12374469777263793,0.11668625115901517,1.845490856189882e-17,1.581583809454058e-16,0.11668625098407931,1.1455129737941561e-07,9.81703469032054e-07,1.1012891503918074e-05,1.1012891503918074e-05,0.11668625136381272,1.1617024759213388e-07,9.955778528691439e-07,0.010548569151961935,True
adamw_final_update_projection,28,5,53,torch.float32,1.1920928955078125e-07,5.678672305444112e-06,4.671285788292721e-05,1.9619593981968572e-11,4.20004145992087e-07,6.253768576002355e-21,1.338768137816838e-16,9.040202274003136e-08,0.0019352446082895297,0.0845114164979489,0.00791082499273687,0.09360658382680011,0.08414034921738843,1.1785404181965796e-17,1.4006840108919141e-16,0.08414034934921104,9.155382847499491e-08,1.0881084899590257e-06,9.324823239605152e-06,9.324823239605152e-06,0.08414034942511038,9.155803147597296e-08,1.088158441241853e-06,0.009818741773795797,True
adamw_final_update_projection,28,6,60,torch.float32,1.1920928955078125e-07,3.095485046437789e-06,4.1649450078397756e-05,1.0750695605664905e-11,2.581233506187624e-07,6.050762506462252e-21,1.452783288872472e-16,9.77538166235617e-08,0.002346988108971798,0.08481305626613392,0.007139741844542026,0.08418210778937517,0.08451200269544969,1.2737865455171265e-17,1.5072256068849615e-16,0.08451200222894974,9.826173724137424e-08,1.162695648544397e-06,9.49617521576264e-06,9.49617521576264e-06,0.0845120022080062,9.858364273855462e-08,1.1665046403221453e-06,0.010381405197212059,True
adamw_final_update_projection,28,7,53,torch.float32,1.1920928955078125e-07,7.079248571757639e-06,2.339365564763296e-05,1.3402921956445634e-11,5.729297788394941e-07,3.2361442532502394e-21,1.3833426899990353e-16,9.934401994237496e-08,0.0042464873444007485,0.0766669321160972,0.005310514473482772,0.06926734025878364,0.07648278836523408,1.0642552391900406e-17,1.3914963901522805e-16,0.07648278883450275,9.8618158754136e-08,1.289416354410544e-06,1.0170509108192716e-05,1.0170509108192716e-05,0.07648278863274438,9.876301638905044e-08,1.2913103477867606e-06,0.009710724934063844,True
adamw_final_update_projection,29,0,58,torch.float32,1.1920928955078125e-07,4.814231254404896e-06,3.70293306946294e-05,1.3948502461686559e-11,3.7668794439510617e-07,5.3299719920407766e-21,1.439391933922855e-16,1.0163670910062298e-07,0.002744694763053432,0.08569795548230658,0.0067783443719742565,0.0790957536130921,0.08542946576809622,1.2394438302650518e-17,1.4508387932913003e-16,0.08542946638764592,1.0263970298290433e-07,1.201455508538061e-06,1.0010788714539333e-05,1.0010788714539333e-05,0.08542946629231447,1.0270581752949005e-07,1.2022294178692512e-06,0.010259513057180357,True
adamw_final_update_projection,29,1,60,torch.float32,1.1920928955078125e-07,3.342961442244951e-06,4.972978799213621e-05,1.4192606903670311e-11,2.8539447837410034e-07,7.182209437492435e-21,1.444246944834845e-16,1.0622643824924491e-07,0.0021360771253970063,0.09195200810493205,0.007718055975231607,0.08393569791781015,0.09162752537579896,1.353084561181407e-17,1.4767228031444679e-16,0.09162752592062025,1.071185892553516e-07,1.1690656075135296e-06,1.0321691240003843e-05,1.0321691240003843e-05,0.091627526007099,1.0720977741737389e-07,1.1700608113010453e-06,0.010386842129307287,True
adamw_final_update_projection,29,2,60,torch.float32,1.1920928955078125e-07,3.920330339574255e-06,4.287005882726269e-05,1.4341026189162076e-11,3.345231282967607e-07,6.283210168098694e-21,1.4656406685645402e-16,9.753529266031036e-08,0.002275087981781164,0.0885468492051251,0.00717220433501943,0.08099897850012153,0.08825590059101936,1.3418900283941653e-17,1.5204536120621851e-16,0.08825590001979207,9.869808396685518e-08,1.1183171203819956e-06,9.538696110580248e-06,9.538696110580248e-06,0.0882559000178172,9.912294471389953e-08,1.1231310846514338e-06,0.010391666068903602,True
adamw_final_update_projection,29,3,49,torch.float32,1.1920928955078125e-07,5.138758647397377e-06,3.8467826674265184e-05,1.7807384277172423e-11,4.629163073848799e-07,5.060316358876444e-21,1.3154671829335023e-16,8.998486028471026e-08,0.0023392063031348834,0.08050615388033346,0.005200053535199473,0.06459200054357303,0.08033803741587785,1.0841540055094558e-17,1.3494902793022248e-16,0.08033803779790885,9.091154720149308e-08,1.131612741528266e-06,9.637080682799329e-06,9.637080682799329e-06,0.08033803773378063,9.099451733254206e-08,1.132645505160012e-06,0.009442124677336463,True
adamw_final_update_projection,29,4,60,torch.float32,1.1920928955078125e-07,8.425881056896194e-06,5.390389095615985e-05,4.070974288622979e-11,7.552282806326377e-07,7.674133463246433e-21,1.4236696696885964e-16,1.1469252276493583e-07,0.0021276578757714287,0.12022934703368542,0.014714348841026108,0.12238566709427022,0.11932553719271895,1.860432355023325e-17,1.5591233853140748e-16,0.11932553619847215,1.1409207281698857e-07,9.561412959185965e-07,1.1027597962373503e-05,1.1027597962373503e-05,0.11932553596262421,1.1531483142506553e-07,9.663885478895737e-07,0.010456931039608373,True
adamw_final_update_projection,29,5,53,torch.float32,1.1920928955078125e-07,5.678672305444112e-06,5.875157611396349e-05,2.758628866828932e-11,4.695412530683221e-07,7.875047629445543e-21,1.3403976795738675e-16,9.081843766620938e-08,0.0015458055222995427,0.08804927248970208,0.008187546669978856,0.09298823759090617,0.08766777324360832,1.2233127077110852e-17,1.3953961215734135e-16,0.08766777332018642,9.18821205009676e-08,1.0480717944710339e-06,9.335019823995184e-06,9.335019823995184e-06,0.08766777313008646,9.242173894785183e-08,1.0542270625570831e-06,0.009900540190636398,True
adamw_final_update_projection,29,6,60,torch.float32,1.1920928955078125e-07,3.095485046437789e-06,4.532588245784763e-05,1.1792469227220012e-11,2.601707586870885e-07,6.6287600229064684e-21,1.462466843104784e-16,9.912728793937127e-08,0.002187019927408402,0.085900384106882,0.00709105731197366,0.08254977420299513,0.08560720119188671,1.2854294940810439e-17,1.501543650749405e-16,0.08560720170077671,9.799824261079786e-08,1.1447429732995085e-06,9.505475659680492e-06,9.505475659680492e-06,0.08560720148887782,9.786015679230876e-08,1.143129959750207e-06,0.010295135172183287,True
adamw_final_update_projection,29,7,53,torch.float32,1.1920928955078125e-07,7.079248571757639e-06,2.5175895072990717e-05,1.354758384071125e-11,5.381172665930521e-07,3.351186941221712e-21,1.331109353413785e-16,9.944605939056848e-08,0.003950055163090337,0.0790783368597546,0.005397369984491284,0.06825345851751431,0.07889392725524148,1.0838055399313845e-17,1.3737502715830128e-16,0.07889392799277108,9.967323365800258e-08,1.2633828254455208e-06,1.017827054628961e-05,1.017827054628961e-05,0.07889392782843631,9.98967570835589e-08,1.2662160426439358e-06,0.009814708366145298,True
adamw_final_update_projection,30,0,58,torch.float32,1.1920928955078125e-07,4.814231254404896e-06,3.6829919037624014e-05,1.4661610886331506e-11,3.9808968549058646e-07,5.2439312060389536e-21,1.4238237126403598e-16,1.028104514772246e-07,0.0027914432102247155,0.08728919321747075,0.00677764575331307,0.07764587463223956,0.08702566730913093,1.2691949075242116e-17,1.4584144503205031e-16,0.08702566834422178,1.0325066811667703e-07,1.1864392435146699e-06,1.0019935526825668e-05,1.0019935526825668e-05,0.0870256685018503,1.0326991204413601e-07,1.186660370692129e-06,0.010306444763806988,True
adamw_final_update_projection,30,1,60,torch.float32,1.1920928955078125e-07,3.342961442244951e-06,4.525880177459524e-05,1.2690433441379864e-11,2.803970265183486e-07,6.559772620224204e-21,1.4493915797626365e-16,1.0668662098720719e-07,0.002357180532138179,0.09243817411613038,0.007628322697574276,0.08252351120642852,0.09212287841109672,1.3705612404092354e-17,1.4877533833594843e-16,0.09212287779406751,1.0645005822655592e-07,1.1555225018536171e-06,1.0328952175706015e-05,1.0328952175706015e-05,0.0921228776928159,1.0650294600323217e-07,1.156096603477441e-06,0.010311108444642631,True
adamw_final_update_projection,30,2,60,torch.float32,1.1920928955078125e-07,3.920330339574255e-06,4.3605848021042304e-05,1.4040750696291075e-11,3.2199237793783105e-07,6.337245242913856e-21,1.4533016855574288e-16,9.879318501972242e-08,0.002265606792455835,0.08976122362612675,0.007163788040881271,0.07980938484885039,0.0894748981992428,1.361135688945276e-17,1.5212486589415252e-16,0.08947489781785697,9.84809933894634e-08,1.1006549970019529e-06,9.548024127039704e-06,9.548024127039704e-06,0.08947489786203477,9.869583369424623e-08,1.1030561202364223e-06,0.010336780927767322,True
adamw_final_update_projection,30,3,49,torch.float32,1.1920928955078125e-07,5.138758647397377e-06,3.69620762437581e-05,1.616889918150012e-11,4.3744564225421757e-07,4.761717753065692e-21,1.288271178724781e-16,9.073319104177128e-08,0.0024547001554692206,0.08119155556907964,0.005162574828994444,0.06358512030973476,0.0810272578634004,1.0812909834722647e-17,1.334478065758015e-16,0.0810272572523513,9.002151050150513e-08,1.1110028100931781e-06,9.643927012715996e-06,9.643927012715996e-06,0.0810272572102673,9.03485194445379e-08,1.11503860003655e-06,0.00936843666749125,True
adamw_final_update_projection,30,4,60,torch.float32,1.1920928955078125e-07,8.425881056896194e-06,5.43730678725141e-05,4.0414639503674484e-11,7.432841493960343e-07,7.833812189458127e-21,1.4407522871116727e-16,1.1406486973766483e-07,0.002097799962443825,0.12277164499476512,0.01480730183894488,0.12060848284289302,0.12187543077655569,1.903756104610148e-17,1.5620507697736565e-16,0.1218754319586532,1.1567715625787077e-07,9.491425334772538e-07,1.1042967765127808e-05,1.1042967765127808e-05,0.12187543179968559,1.1667811014049223e-07,9.573554605514288e-07,0.010565829097948275,True
adamw_final_update_projection,30,5,53,torch.float32,1.1920928955078125e-07,5.678672305444112e-06,5.228179862984015e-05,2.1764872943993058e-11,4.162992382509699e-07,7.04218496628183e-21,1.346966850957394e-16,9.062578199971713e-08,0.0017333827224898484,0.0899891874348673,0.008262668189696561,0.0918184553636174,0.08960905182834297,1.2600583013047895e-17,1.4061730099751353e-16,0.08960905126219193,9.027231689747848e-08,1.0074017705348299e-06,9.344270664006813e-06,9.344270664006813e-06,0.08960905123470707,9.069597672865198e-08,1.012129639572882e-06,0.009706051974500666,True
adamw_final_update_projection,30,6,60,torch.float32,1.1920928955078125e-07,3.095485046437789e-06,4.5216028793591686e-05,1.1460990827173536e-11,2.5347185794427537e-07,6.516468406011639e-21,1.4411854777780496e-16,9.83153624276714e-08,0.002174308279831562,0.08645976940682638,0.0069922746837552865,0.08087315906261502,0.0861765618983985,1.2912919046305077e-17,1.498425878434244e-16,0.08617656153895868,9.96679215248248e-08,1.156554865324569e-06,9.515036047666879e-06,9.515036047666879e-06,0.08617656153453522,9.982328247509399e-08,1.1583576867950324e-06,0.010491109227018748,True
adamw_final_update_projection,30,7,53,torch.float32,1.1920928955078125e-07,7.079248571757639e-06,2.458799771570207e-05,1.3777043581480561e-11,5.603157988209201e-07,3.3414411111352972e-21,1.3589724343442386e-16,9.990247283065089e-08,0.00406286098465143,0.08002925750425867,0.00536351464975982,0.06701942285887641,0.07984932540281574,1.0943655839529164e-17,1.3705382962625827e-16,0.07984932490811181,9.965974138253871e-08,1.2480974823171534e-06,1.0185081942960042e-05,1.0185081942960042e-05,0.07984932490850168,9.993935692575129e-08,1.2515992720072528e-06,0.009812327233638967,True
adamw_final_update_projection,31,0,58,torch.float32,1.1920928955078125e-07,4.814231254404896e-06,4.787787566158254e-05,2.011204881249152e-11,4.200697824325053e-07,6.7450194270999786e-21,1.4087967216375084e-16,1.0212737008330219e-07,0.0021330316516753748,0.09094136927864975,0.007048906462178639,0.077510450063495,0.09066777577487603,1.32091800401715e-17,1.4568770356702357e-16,0.09066777666595273,1.0327702978798327e-07,1.1390709421329125e-06,1.0031498089050219e-05,1.0031498089050219e-05,0.09066777666216333,1.0316104707004962e-07,1.137791736687637e-06,0.010283712976295538,True
adamw_final_update_projection,31,1,60,torch.float32,1.1920928955078125e-07,3.342961442244951e-06,4.7390008335667224e-05,1.334441353931245e-11,2.8158706883512025e-07,6.872313946801534e-21,1.4501609491445237e-16,1.07878787268836e-07,0.00227636340218747,0.09387958759742082,0.007660586122355525,0.08160012542029942,0.09356651317498042,1.3850336603032326e-17,1.4802664044058757e-16,0.09356651273640837,1.0783584693245336e-07,1.152504713264712e-06,1.0337577777826235e-05,1.0337577777826235e-05,0.09356651280225362,1.0808131301703399e-07,1.155128151943168e-06,0.010455187408491847,True
adamw_final_update_projection,31,2,60,torch.float32,1.1920928955078125e-07,3.920330339574255e-06,4.452141458471309e-05,1.4770724729634388e-11,3.317667434292637e-07,6.517802416242379e-21,1.4639701988446466e-16,9.94290861484772e-08,0.002233200301184403,0.09167611163653029,0.0072361950486116555,0.07893217676270031,0.09139008111393716,1.3868356712838601e-17,1.51749036041983e-16,0.09139008116245623,9.856317651329635e-08,1.0784887731753858e-06,9.558380178437809e-06,9.558380178437809e-06,0.09139008097902025,9.896751245682171e-08,1.0829130622998458e-06,0.010354004612630573,True
adamw_final_update_projection,31,3,49,torch.float32,1.1920928955078125e-07,5.138758647397377e-06,4.004143318618317e-05,1.7187922089514697e-11,4.2925341881732694e-07,5.222669063375541e-21,1.3043162164280807e-16,9.043835390684099e-08,0.0022585560737049017,0.08345591090811826,0.00527407316056892,0.06319592109389917,0.08328909423088197,1.1046486213399526e-17,1.3262824281385572e-16,0.08328909470722645,9.023731399231768e-08,1.0834229176042224e-06,9.65290283115195e-06,9.65290283115195e-06,0.08328909442654495,9.035988159426503e-08,1.084894513698381e-06,0.00936090243265007,True
adamw_final_update_projection,31,4,60,torch.float32,1.1920928955078125e-07,8.425881056896194e-06,5.8048164414442236e-05,4.571470549075772e-11,7.875305955304939e-07,8.321733936748236e-21,1.4335912290588108e-16,1.1455207403159667e-07,0.0019733736031376913,0.12626337494071724,0.01509884485606662,0.11958214219409057,0.1253573481509264,1.945976125082235e-17,1.5523430846186532e-16,0.12535734762263262,1.1555231899952491e-07,9.21783375214478e-07,1.105974597025231e-05,1.105974597025231e-05,0.12535734783966987,1.1691397344325845e-07,9.326455565475877e-07,0.010571126475935798,True
adamw_final_update_projection,31,5,53,torch.float32,1.1920928955078125e-07,5.678672305444112e-06,7.798723487072641e-05,2.8817172609866836e-11,3.6951140347051546e-07,1.0500369143570776e-20,1.3464215215447975e-16,9.149831710145394e-08,0.001173231531115598,0.09484180990903078,0.0087308498318517,0.09205697192225717,0.09443908707751461,1.3229742673248703e-17,1.4008757478129654e-16,0.09443908734956293,9.144621205519987e-08,9.68308934590981e-07,9.356558783419488e-06,9.356558783419488e-06,0.09443908749760929,9.177945890589096e-08,9.718376292889778e-07,0.009809104076653793,True
adamw_final_update_projection,31,6,60,torch.float32,1.1920928955078125e-07,3.095485046437789e-06,4.9891901658430794e-05,1.2477194797306144e-11,2.5008457049256875e-07,7.210950574225732e-21,1.4453148375849574e-16,9.797328335108837e-08,0.0019637179515199312,0.08841611732349328,0.007034688578415438,0.07956341888071387,0.08813582108976147,1.3211542855593384e-17,1.4989981022742339e-16,0.08813582130397045,9.838775656036989e-08,1.1163197336193383e-06,9.526314271709701e-06,9.526314271709701e-06,0.08813582116020939,9.829570329407825e-08,1.1152752876200095e-06,0.010318335138909602,True
adamw_final_update_projection,31,7,53,torch.float32,1.1920928955078125e-07,7.079248571757639e-06,2.501427635698003e-05,1.4028280767746297e-11,5.60810977201498e-07,3.3927086506759566e-21,1.356308934249774e-16,9.998618107579375e-08,0.003996987733705998,0.08135349208772806,0.0053862635552101015,0.06620814198610908,0.08117498900389113,1.1225566437625579e-17,1.3828848732073718e-16,0.08117498926651334,9.825033647103759e-08,1.2103523185997912e-06,1.0192534414235492e-05,1.0192534414235492e-05,0.0811749895171251,9.870201466321616e-08,1.2159165680260848e-06,0.00968375584048685,True
adamw_final_update_projection,32,0,58,torch.float32,1.1920928955078125e-07,4.814231254404896e-06,3.780530097980154e-05,1.5073867701797537e-11,3.9872365279808617e-07,5.403321144903489e-21,1.4292496038560261e-16,1.0316712036981006e-07,0.0027288178894023765,0.09153605097511645,0.006984700531619809,0.07630546060500862,0.09126917654171482,1.3377037763697102e-17,1.4656687252550252e-16,0.09126917599041676,1.030622751929679e-07,1.1292122896320377e-06,1.004083047814634e-05,1.004083047814634e-05,0.09126917638823659,1.0322973943936949e-07,1.1310471237327223e-06,0.01028099614509446,True
adamw_final_update_projection,32,1,60,torch.float32,1.1920928955078125e-07,3.342961442244951e-06,4.7725581578849106e-05,1.3413348934920261e-11,2.8105155539612647e-07,6.821853966253811e-21,1.4293914794906074e-16,1.0806547783982793e-07,0.0022642814928847095,0.09522955434344989,0.007692476773139379,0.08077825026247731,0.09491835344940823,1.412416423943355e-17,1.4880330016430143e-16,0.09491835321325688,1.062421446529103e-07,1.1193003360921339e-06,1.034649506807884e-05,1.034649506807884e-05,0.09491835316198946,1.06314887032187e-07,1.1200667045997732e-06,0.010275449447629011,True
adamw_final_update_projection,32,2,60,torch.float32,1.1920928955078125e-07,3.920330339574255e-06,4.4914222566896225e-05,1.4073690031869174e-11,3.133459565265215e-07,6.6039526808786695e-21,1.4703477659093222e-16,9.916709078051708e-08,0.002207948561206185,0.09339260897720544,0.007315077266895824,0.07832608326298318,0.09310568756068846,1.413950202838897e-17,1.5186507289549324e-16,0.09310568625273219,9.921912316672154e-08,1.0656612625935074e-06,9.569194247102567e-06,9.569194247102567e-06,0.09310568642035617,9.942753340181417e-08,1.067899687167505e-06,0.010390376747960738,True
adamw_final_update_projection,32,3,49,torch.float32,1.1920928955078125e-07,5.138758647397377e-06,3.87818127608809e-05,1.6921657166301222e-11,4.3632971131689975e-07,5.0365934618419076e-21,1.298699855238016e-16,9.054447560987936e-08,0.0023346187704035943,0.08496256310852295,0.005324127532674853,0.06266439403286748,0.08479558240843421,1.1352921051460444e-17,1.3388576066117358e-16,0.08479558285671453,9.057111728414591e-08,1.0681112651491615e-06,9.661843973414516e-06,9.661843973414516e-06,0.08479558295529896,9.082385277107521e-08,1.0710917904645356e-06,0.009400260759849332,True
adamw_final_update_projection,32,4,60,torch.float32,1.1920928955078125e-07,8.425881056896194e-06,5.272095284803652e-05,3.987878988463755e-11,7.564125405620917e-07,7.484179788456934e-21,1.4195835591271576e-16,1.146930402386275e-07,0.002175419756357019,0.12958712443015835,0.015380168233207949,0.11868592887480245,0.12867118264473817,1.9876747713973632e-17,1.544770733074976e-16,0.12867118256697582,1.1531118136776095e-07,8.961694379993692e-07,1.1076906854546487e-05,1.1076906854546487e-05,0.12867118236006994,1.1658989030701225e-07,9.061072430402503e-07,0.010525491623066076,True
adamw_final_update_projection,32,5,53,torch.float32,1.1920928955078125e-07,5.678672305444112e-06,4.5999994349186165e-05,2.0669551875010426e-11,4.493381394377522e-07,6.211471434610333e-21,1.3503200429677562e-16,9.250242012702639e-08,0.0020108919503458752,0.09442950493124255,0.008547703287677596,0.09051941227375362,0.09404184265562532,1.31818411981177e-17,1.4016995866817163e-16,0.09404184389019023,9.120934674581738e-08,9.698804593019223e-07,9.364329237925184e-06,9.364329237925184e-06,0.09404184389951749,9.127134209697881e-08,9.705396907625618e-07,0.009746703664298055,True
adamw_final_update_projection,32,6,60,torch.float32,1.1920928955078125e-07,3.095485046437789e-06,4.80860459828439e-05,1.2560118984518745e-11,2.612009103222988e-07,6.929213446893705e-21,1.4410029573581786e-16,9.816572406374397e-08,0.0020414047777465726,0.09003396157593797,0.007047773763609594,0.07827905870458939,0.08975769115810886,1.3490288155717005e-17,1.502967376016141e-16,0.08975769185156862,9.892910209123589e-08,1.102179657815109e-06,9.537799248901425e-06,9.537799248901425e-06,0.08975769201912388,9.932511157410554e-08,1.1065916395548942e-06,0.010413839606190696,True
adamw_final_update_projection,32,7,53,torch.float32,1.1920928955078125e-07,7.079248571757639e-06,2.3901424634105023e-05,1.2827783930888229e-11,5.366953697221972e-07,3.2032765209669628e-21,1.3402031761724608e-16,9.935692527551303e-08,0.004156693893479884,0.08228466578114771,0.005361654797191618,0.0651598295538077,0.08210979771349416,1.1313910908994706e-17,1.3779002292116651e-16,0.08210979811077024,1.0017072684308657e-07,1.2199607007674192e-06,1.0199823035690822e-05,1.0199823035690822e-05,0.08210979785602077,1.0044426156525178e-07,1.2232920332038868e-06,0.009847647475233751,True
adamw_final_update_projection,33,0,58,torch.float32,1.1920928955078125e-07,4.814231254404896e-06,4.2225029167151065e-05,1.6491958398083254e-11,3.9057304928786556e-07,5.983106635844919e-21,1.4169573719323632e-16,1.0258666297256602e-07,0.0024294812860485545,0.09300806145907904,0.007007424473128106,0.07534211941629573,0.09274370867411562,1.3578138020753231e-17,1.4640494988683617e-16,0.09274370945965112,1.0286063808344976e-07,1.1090847959688317e-06,1.0051751467130365e-05,1.0051751467130365e-05,0.09274370959285438,1.029514255884668e-07,1.1100637017909286e-06,0.010242137992082487,True
adamw_final_update_projection,33,1,60,torch.float32,1.1920928955078125e-07,3.342961442244951e-06,5.840160738625559e-05,1.5950325710122924e-11,2.731144984526012e-07,8.41746790586374e-21,1.4413075739838365e-16,1.0785122970904507e-07,0.0018467192795684339,0.09741092578938519,0.00781516490671025,0.0802288330942222,0.09709691890387684,1.428493468387642e-17,1.471203705033946e-16,0.09709691977971477,1.0734792060856427e-07,1.1055749332945484e-06,1.0356843537073083e-05,1.0356843537073083e-05,0.09709691981886252,1.075734724348681e-07,1.1078978883732865e-06,0.010386704409485472,True
adamw_final_update_projection,33,2,60,torch.float32,1.1920928955078125e-07,3.920330339574255e-06,4.374851311738437e-05,1.3926659877914988e-11,3.183344732322101e-07,6.400409367422079e-21,1.4630004339231062e-16,9.931630966520178e-08,0.002270102887238835,0.09502337604984969,0.007339580280787568,0.07723973390439413,0.09473949840068302,1.4442514235754193e-17,1.5244448703614912e-16,0.0947394970515356,1.0004679271992979e-07,1.0560198843520054e-06,9.58035174301665e-06,9.58035174301665e-06,0.0947394968864989,1.0011437983832046e-07,1.0567332857832341e-06,0.010449969116352773,True
adamw_final_update_projection,33,3,49,torch.float32,1.1920928955078125e-07,5.138758647397377e-06,4.051466076480282e-05,1.7230116958578137e-11,4.252810373657832e-07,5.263257333963868e-21,1.299099445634951e-16,9.058460788150367e-08,0.002235819092780417,0.08659282957554373,0.005347414574567156,0.061753549350204134,0.08642756094711264,1.1582849933691622e-17,1.34018012388195e-16,0.08642756164787233,9.111495643431099e-08,1.0542349534924553e-06,9.671320815906612e-06,9.671320815906612e-06,0.08642756182534715,9.135438989775837e-08,1.057005288224691e-06,0.00944590626623677,True
adamw_final_update_projection,33,4,60,torch.float32,1.1920928955078125e-07,8.425881056896194e-06,5.715683839231294e-05,4.400873478703685e-11,7.699644701298876e-07,8.248289172687549e-21,1.4430975198585006e-16,1.1518068932009967e-07,0.0020151491775159693,0.13335123926308734,0.015560365003200736,0.11668706709580588,0.13244028108535688,2.0446002151698506e-17,1.5437903018735812e-16,0.13244028077989262,1.156434501726693e-07,8.731743053675747e-07,1.109514532117506e-05,1.109514532117506e-05,0.13244028047319664,1.1747490494021791e-07,8.870028402272416e-07,0.010587955501224244,True
adamw_final_update_projection,33,5,53,torch.float32,1.1920928955078125e-07,5.678672305444112e-06,5.775477097372803e-05,2.563899117598104e-11,4.439285403390123e-07,7.802349614033693e-21,1.3509446029287622e-16,9.169310606765392e-08,0.0015876277969416811,0.09635237321920045,0.008628230649743432,0.08954870919592518,0.09596527216043796,1.3413031709836018e-17,1.397696417451061e-16,0.09596527159436617,9.115145383677175e-08,9.498379186801882e-07,9.37500079429596e-06,9.37500079429596e-06,0.09596527173726697,9.186138544559207e-08,9.572357143643536e-07,0.00979854695068222,True
adamw_final_update_projection,33,6,60,torch.float32,1.1920928955078125e-07,3.095485046437789e-06,4.6312813462238284e-05,1.1096993690811166e-11,2.3960957802443236e-07,6.772692123459598e-21,1.4623797642917953e-16,9.962254570201655e-08,0.0021510081207721647,0.09100716752511744,0.007008529732868983,0.07701074457607605,0.090736900167067,1.3510168699245474e-17,1.4889387530729197e-16,0.09073689979469939,9.954796483359406e-08,1.0971056434463875e-06,9.549255597185547e-06,9.549255597185547e-06,0.09073689974786465,9.969614397577032e-08,1.0987387077671949e-06,0.010440200595861501,True
adamw_final_update_projection,33,7,53,torch.float32,1.1920928955078125e-07,7.079248571757639e-06,2.4027947136236423e-05,1.306360827564371e-11,5.436839111378996e-07,3.2758229689941164e-21,1.3633386782570155e-16,9.929102458604167e-08,0.004131909972331353,0.08381438574970364,0.00540009925593342,0.06442926482883059,0.08364024262653828,1.1567624252034231e-17,1.3830213649289356e-16,0.08364024223482913,9.940774564783268e-08,1.1885157549966743e-06,1.0208137496699223e-05,1.0208137496699223e-05,0.08364024202373928,9.945677992493058e-08,1.1891020102106131e-06,0.009742891879844848,True
adamw_final_update_projection,34,0,58,torch.float32,1.1920928955078125e-07,4.814231254404896e-06,4.04405508587622e-05,1.539474344068844e-11,3.8067590855659374e-07,5.76945964934361e-21,1.4266520922263764e-16,1.0314531427426292e-07,0.002550583812700034,0.09346711561587144,0.006885417480380027,0.07366673760082129,0.09321315748150341,1.3691361596568892e-17,1.4688228536068756e-16,0.09321315764156568,1.0331719206032912e-07,1.1083970833561574e-06,1.0062312233724413e-05,1.0062312233724413e-05,0.09321315772359638,1.0349912711680647e-07,1.1103488997091047e-06,0.010285819472975927,True
adamw_final_update_projection,34,1,60,torch.float32,1.1920928955078125e-07,3.342961442244951e-06,5.2618117367564117e-05,1.467900580779772e-11,2.7897246313959606e-07,7.723975672813162e-21,1.4679308305269821e-16,1.0639397258744775e-07,0.0020219540868238422,0.09866708416910183,0.007811930555117526,0.07917463681939713,0.09835734461358057,1.459378905304437e-17,1.483751834738872e-16,0.09835734553009841,1.070183113318971e-07,1.0880561157391986e-06,1.036660655180756e-05,1.036660655180756e-05,0.09835734524752458,1.0730205542238885e-07,1.0909409475454441e-06,0.010350740609874816,True
adamw_final_update_projection,34,2,60,torch.float32,1.1920928955078125e-07,3.920330339574255e-06,4.5544714468258485e-05,1.4465036173033408e-11,3.1760076535586883e-07,6.655906141611592e-21,1.4614003445450588e-16,9.98387574623972e-08,0.0021920984231953893,0.0959075846678064,0.007271206617031946,0.07581471936987164,0.09563155520613939,1.446886926122912e-17,1.5129806505855341e-16,0.0956315553400184,9.910751054870502e-08,1.0363473666859004e-06,9.591269480309212e-06,9.591269480309212e-06,0.09563155528120097,9.928595019179936e-08,1.0382132748950154e-06,0.010351700616444205,True
adamw_final_update_projection,34,3,49,torch.float32,1.1920928955078125e-07,5.138758647397377e-06,4.044516769781951e-05,1.6113537384183327e-11,3.9840451409605717e-07,5.331105603939465e-21,1.3181069352389658e-16,9.073884160844086e-08,0.0022434577565730966,0.08778450461208313,0.005367204174993388,0.06114067851394604,0.08762027373463734,1.149724539692998e-17,1.3121672538652413e-16,0.08762027419550925,9.060538165775787e-08,1.0340686843274181e-06,9.680882020260449e-06,9.680882020260449e-06,0.08762027407868062,9.070932235522365e-08,1.0352549488006525e-06,0.009369943995328565,True
adamw_final_update_projection,34,4,60,torch.float32,1.1920928955078125e-07,8.425881056896194e-06,4.9350558994350544e-05,4.1922913526600675e-11,8.494921715354803e-07,7.149298115672615e-21,1.4486762179317196e-16,1.1558193560398269e-07,0.0023419946148282604,0.1362803657552773,0.015707184579767178,0.11525640170333147,0.13537216273285022,2.0880242697535697e-17,1.5424325264524103e-16,0.1353721628853541,1.1488723473165036e-07,8.486769530966841e-07,1.1113474107785256e-05,1.1113474107785256e-05,0.13537216312438471,1.1597579593727742e-07,8.567182001126389e-07,0.010435602297937921,True
adamw_final_update_projection,34,5,53,torch.float32,1.1920928955078125e-07,5.678672305444112e-06,5.4668280171873636e-05,2.3097602226280086e-11,4.2250464352752046e-07,7.344803428357897e-21,1.3435219482425552e-16,9.141032164112208e-08,0.0016720717845356747,0.09526881001062744,0.008388888221081156,0.08805492815692101,0.09489874980870523,1.3183549791715616e-17,1.3892227050715336e-16,0.09489875016866825,9.168223748507353e-08,9.661058477811578e-07,9.383321308328966e-06,9.383321308328966e-06,0.09489874996490126,9.213634640111899e-08,9.708910437197121e-07,0.009819161400701,True
adamw_final_update_projection,34,6,60,torch.float32,1.1920928955078125e-07,3.095485046437789e-06,4.875114739038972e-05,1.2534984492141355e-11,2.571218353439691e-07,7.032551652009412e-21,1.4425407459016988e-16,9.978494802999804e-08,0.0020467960261774357,0.09208576252043134,0.006989683266722339,0.07590406025221887,0.09182010665861905,1.3744278698748207e-17,1.496870260655273e-16,0.09182010610266515,9.874931096801692e-08,1.0754650060805215e-06,9.561354504497628e-06,9.561354504497628e-06,0.09182010616377242,9.85147930369426e-08,1.0729109032092533e-06,0.010303434831393562,True
adamw_final_update_projection,34,7,53,torch.float32,1.1920928955078125e-07,7.079248571757639e-06,2.7220811206103125e-05,1.5279461641267473e-11,5.613154408066169e-07,3.687395653339241e-21,1.354623719851919e-16,9.902554748535983e-08,0.0036376332864331735,0.08543256941051364,0.0054734859828182185,0.06406790783170138,0.08525705171584415,1.1960600061975007e-17,1.402886895718475e-16,0.0852570525419047,9.960169028661698e-08,1.1682516263116384e-06,1.0216741158455157e-05,1.0216741158455157e-05,0.0852570523386557,9.970929231315312e-08,1.1695137185495298e-06,0.009759402804350763,True
adamw_final_update_projection,35,0,58,torch.float32,1.1920928955078125e-07,4.814231254404896e-06,4.4177448955308484e-05,1.8240586647135762e-11,4.1289361605258383e-07,6.3028601109863166e-21,1.4267143667265752e-16,1.0246918407371654e-07,0.002319517052640245,0.09386767120583915,0.006811076868799265,0.07256041170834517,0.0936202378201147,1.3579020040836723e-17,1.450436396767966e-16,0.0936202378653823,1.0281079696261703e-07,1.098168508292512e-06,1.0073280197249378e-05,1.0073280197249378e-05,0.09362023787843687,1.0325845694368895e-07,1.1029501663707266e-06,0.010250728156244957,True
adamw_final_update_projection,35,1,60,torch.float32,1.1920928955078125e-07,3.342961442244951e-06,4.5698261143192474e-05,1.301042604923168e-11,2.8470286885674643e-07,6.690871633066129e-21,1.464141406190708e-16,1.0806645286387793e-07,0.0023647222765711125,0.09879089118720862,0.007697662389890996,0.07791874632757322,0.09849053850646847,1.4651522811935494e-17,1.4876071381184743e-16,0.09849053778940749,1.0823923793303218e-07,1.09898108348712e-06,1.0375960513672181e-05,1.0375960513672181e-05,0.09849053759034132,1.0839662741937302e-07,1.1005791020273927e-06,0.01044690053287511,True
adamw_final_update_projection,35,2,60,torch.float32,1.1920928955078125e-07,3.920330339574255e-06,4.6498953637295183e-05,1.5466019604581403e-11,3.326100566739775e-07,6.764612601186887e-21,1.454788134363867e-16,9.965844728243571e-08,0.0021431883514948886,0.09716077141512489,0.007269411262110885,0.07481837737837542,0.0968884469990331,1.45536794946195e-17,1.5021067986325284e-16,0.09688844700238416,1.00280337407163e-07,1.0350082028324324e-06,9.603043527899363e-06,9.603043527899363e-06,0.09688844713269716,1.0038709084227958e-07,1.0361100194411281e-06,0.010453674457543458,True
adamw_final_update_projection,35,3,49,torch.float32,1.1920928955078125e-07,5.138758647397377e-06,4.460551589359907e-05,1.9472693235802043e-11,4.365534810145844e-07,5.773046314764526e-21,1.294244937898703e-16,9.016844938139185e-08,0.0020214504528027486,0.08924463690941131,0.005392428693355754,0.0604229999706245,0.08908157458127766,1.1890361592753468e-17,1.3347722745857788e-16,0.08908157480981503,8.991256756741792e-08,1.0093284470933189e-06,9.691061884451457e-06,9.691061884451457e-06,0.08908157485137312,9.01035951406044e-08,1.011472858342889e-06,0.009297597746761735,True
adamw_final_update_projection,35,4,60,torch.float32,1.1920928955078125e-07,8.425881056896194e-06,5.124997719905699e-05,4.0713463116669945e-11,7.944093898527448e-07,7.418731793653127e-21,1.4475580671657304e-16,1.1511825889096294e-07,0.0022462154315930133,0.13894545886889118,0.01585158836051127,0.11408496894791514,0.13803828340984117,2.1356265752721894e-17,1.5471262917196882e-16,0.13803828285211145,1.1561256793282416e-07,8.375398878055207e-07,1.1132573915999319e-05,1.1132573915999319e-05,0.1380382828736879,1.1723715910992587e-07,8.493090226079084e-07,0.010531002084022727,True
adamw_final_update_projection,35,5,53,torch.float32,1.1920928955078125e-07,5.678672305444112e-06,6.566636238433424e-05,2.598612302757372e-11,3.957295955497167e-07,8.812514429247953e-21,1.3420134920327195e-16,9.112027390496314e-08,0.0013876116538985037,0.09568429440819387,0.00837502393717422,0.08752767618733708,0.09531706652245273,1.3354114323286942e-17,1.401020280050401e-16,0.09531706694667562,9.123275483101267e-08,9.5715025392097e-07,9.393703346820953e-06,9.393703346820953e-06,0.09531706691674441,9.160724437677694e-08,9.610791366124615e-07,0.009751983961445722,True
adamw_final_update_projection,35,6,60,torch.float32,1.1920928955078125e-07,3.095485046437789e-06,4.846900684826613e-05,1.2265529240574454e-11,2.530592235770811e-07,7.09265252224419e-21,1.4633377045352315e-16,1.0030720578992235e-07,0.002069530290356274,0.09315614283218326,0.00695563592064361,0.0746664225157313,0.09289610366592123,1.375369442905832e-17,1.480545887965357e-16,0.09289610396861672,9.987485581951498e-08,1.075124268432785e-06,9.574094225661697e-06,9.574094225661697e-06,0.09289610387519334,1.002002059501837e-07,1.0786265706557885e-06,0.010465763506025922,True
adamw_final_update_projection,35,7,53,torch.float32,1.1920928955078125e-07,7.079248571757639e-06,2.6465946710927166e-05,1.476364438161572e-11,5.578354911264202e-07,3.489796028848707e-21,1.3185986002943153e-16,9.995386230513838e-08,0.003776633223035555,0.08695813717757131,0.005506676352180375,0.06332560161604618,0.08678360523132032,1.1932162287003942e-17,1.3749327715988466e-16,0.08678360488091802,1.0032795348987916e-07,1.156070361764141e-06,1.0225910900294593e-05,1.0225910900294593e-05,0.08678360484644071,1.0049737787078936e-07,1.1580226247643721e-06,0.009827718904522645,True
adamw_final_update_projection,36,0,58,torch.float32,1.1920928955078125e-07,4.814231254404896e-06,4.7812624192620424e-05,1.7910532455363062e-11,3.745983985988253e-07,6.844786824953026e-21,1.4315856827640837e-16,1.0264842801921699e-07,0.002146833074531129,0.09500582134581594,0.00682226913152203,0.07180895901830424,0.0947605547339724,1.3743202912111721e-17,1.450308406350504e-16,0.09476055478824638,1.0320655987591965e-07,1.0891299666464265e-06,1.0085242930128305e-05,1.0085242930128305e-05,0.0947605546794238,1.0319668442565315e-07,1.08902575311815e-06,0.010232444090897103,True
adamw_final_update_projection,36,1,60,torch.float32,1.1920928955078125e-07,3.342961442244951e-06,4.90287695598507e-05,1.4027820538221324e-11,2.8611406454117103e-07,7.164144159865373e-21,1.4612123094625512e-16,1.0752462114215471e-07,0.0021930685621689185,0.10029579115378112,0.007706084503423332,0.07683357810705913,0.09999930992156385,1.4700114516802054e-17,1.4700215959822461e-16,0.09999930934700312,1.0740434129815809e-07,1.074050830945833e-06,1.038703808296848e-05,1.038703808296848e-05,0.09999930945477033,1.0750450031586417e-07,1.075052426881892e-06,0.010349870623093045,True
adamw_final_update_projection,36,2,60,torch.float32,1.1920928955078125e-07,3.920330339574255e-06,4.875791928228774e-05,1.5232577851881108e-11,3.124123850259262e-07,7.15375832749046e-21,1.4671992637900672e-16,9.867503597708798e-08,0.002023753992200651,0.09819140241452073,0.0072512590356846865,0.07384820725009175,0.09792329013328621,1.468624534822427e-17,1.4997704150089727e-16,0.09792328899922707,9.914875324864434e-08,1.012514533181447e-06,9.61513386179364e-06,9.61513386179364e-06,0.09792328903967551,9.949759318960887e-08,1.0160769125033728e-06,0.010348019551237765,True
adamw_final_update_projection,36,3,49,torch.float32,1.1920928955078125e-07,5.138758647397377e-06,4.2074936041700656e-05,1.812869221145516e-11,4.3086678001097216e-07,5.4537930531504125e-21,1.2962094696342833e-16,9.146268512528411e-08,0.0021738215850510578,0.09068199956108423,0.005392548571578143,0.05946658209654577,0.09052151934374307,1.1911465599450393e-17,1.315871152606071e-16,0.09052151928534259,9.0867801383895e-08,1.0038254119162633e-06,9.701844081130894e-06,9.701844081130894e-06,0.09052151936298422,9.108825267409464e-08,1.0062607578297252e-06,0.009388756602598065,True
adamw_final_update_projection,36,4,60,torch.float32,1.1920928955078125e-07,8.425881056896194e-06,5.84903543780153e-05,5.0124731249834396e-11,8.569743128223329e-07,8.459247894287044e-21,1.4462637445516519e-16,1.150706579862316e-07,0.0019672985146991116,0.14403327340628824,0.01645880630674684,0.11427086198561864,0.14308980237280214,2.1924202043649795e-17,1.5321987786753032e-16,0.14308980369771676,1.1527117612265761e-07,8.055862342656702e-07,1.115489792123643e-05,1.115489792123643e-05,0.1430898033829995,1.1730726693439878e-07,8.19815697282145e-07,0.010516211601638414,True
adamw_final_update_projection,36,5,53,torch.float32,1.1920928955078125e-07,5.678672305444112e-06,7.233201563461724e-05,2.8359268578510032e-11,3.9207076326707013e-07,9.610549154306603e-21,1.328671552975201e-16,9.153429645050336e-08,0.001265487639161351,0.09692401455989016,0.008535079646886788,0.08805949367288012,0.09654748579754471,1.3479247278748182e-17,1.396126182613755e-16,0.09654748570967164,9.16618251075454e-08,9.493962937904159e-07,9.405580098977903e-06,9.405580098977903e-06,0.09654748542096421,9.206665726101899e-08,9.535893851568685e-07,0.009788514508639802,True
adamw_final_update_projection,36,6,60,torch.float32,1.1920928955078125e-07,3.095485046437789e-06,5.4119675150411836e-05,1.377272138763262e-11,2.544864016525386e-07,7.884424674040446e-21,1.4568499629992148e-16,9.973581606166598e-08,0.001842827223722747,0.09522359869939859,0.007024865171746637,0.07377231345690577,0.09496412490294893,1.4102423117487008e-17,1.485026385690317e-16,0.09496412416564334,1.0030331764618998e-07,1.0562232688129006e-06,9.588293621529234e-06,9.588293621529234e-06,0.09496412396437787,1.0068422054680893e-07,1.0602342899996291e-06,0.010500744399476455,True
adamw_final_update_projection,36,7,53,torch.float32,1.1920928955078125e-07,7.079248571757639e-06,2.5119167165386593e-05,1.4108898171838104e-11,5.616785810988078e-07,3.397481120782617e-21,1.3525452887883852e-16,9.947290971702997e-08,0.003959877965187795,0.08643504690233768,0.005396273714025501,0.06243154724174224,0.08626643358231886,1.1916034383643038e-17,1.3813060177423799e-16,0.08626643317625447,1.00564790661367e-07,1.1657464781915692e-06,1.0233401601939462e-05,1.0233401601939462e-05,0.08626643300987752,1.0084057656535514e-07,1.1689433890677835e-06,0.009854062264715925,True
adamw_final_update_projection,37,0,58,torch.float32,1.1920928955078125e-07,4.814231254404896e-06,4.4311151413059604e-05,1.7693632334375716e-11,3.9930427827160814e-07,6.267442122407679e-21,1.4144164442905917e-16,1.0286013172731696e-07,0.0023212675924891395,0.09700797246422883,0.006879955720420271,0.07092154949385442,0.0967636963478847,1.4132731987177068e-17,1.4605407317602967e-16,0.09676369616094221,1.0312810806853182e-07,1.0657727242767163e-06,1.0098362549779949e-05,1.0098362549779949e-05,0.09676369626147002,1.0332374923990507e-07,1.0677945679204813e-06,0.010231732989439617,True
adamw_final_update_projection,37,1,60,torch.float32,1.1920928955078125e-07,3.342961442244951e-06,4.780593042020821e-05,1.3119612518398558e-11,2.744348327305585e-07,6.899215705409134e-21,1.4431715154931914e-16,1.0753891163152094e-07,0.0022494649003985605,0.10050634657336069,0.007617812360495113,0.0757943415536927,0.10021723722177128,1.496818424346142e-17,1.4935738260613032e-16,0.10021723746068466,1.0770299691612005e-07,1.0746953283198617e-06,1.0397326569961164e-05,1.0397326569961164e-05,0.10021723756908735,1.078457142963135e-07,1.0761194073221912e-06,0.010372446567936965,True
adamw_final_update_projection,37,2,60,torch.float32,1.1920928955078125e-07,3.920330339574255e-06,4.724400726890741e-05,1.4936216025030888e-11,3.1615048952168003e-07,6.839870902006668e-21,1.4477753470562433e-16,9.987486883811402e-08,0.002114034344290714,0.09903075279151613,0.007204909966372595,0.07275426837904268,0.09876831106600358,1.4989388199594216e-17,1.5176313169491484e-16,0.09876831033050106,1.000222224094509e-07,1.0126954898261797e-06,9.627678856217565e-06,9.627678856217565e-06,0.09876831017012634,1.0021494440464149e-07,1.0146467448114012e-06,0.010409045201993062,True
adamw_final_update_projection,37,3,49,torch.float32,1.1920928955078125e-07,5.138758647397377e-06,4.2626286032063914e-05,1.8815717097826107e-11,4.414111302981625e-07,5.550949613454964e-21,1.302236279576416e-16,9.182112357859318e-08,0.0021540028636929,0.0927307820810683,0.005473013665270811,0.059020462703378504,0.09256913128460448,1.2244699706447465e-17,1.3227627327300981e-16,0.09256913104684518,9.002463199634225e-08,9.725124453289371e-07,9.713733458468973e-06,9.713733458468973e-06,0.09256913111890387,9.028871516349171e-08,9.753652656360899e-07,0.009294954977869295,True
adamw_final_update_projection,37,4,60,torch.float32,1.1920928955078125e-07,8.425881056896194e-06,5.098448395793626e-05,4.161315384620158e-11,8.161925083037752e-07,7.473029658167457e-21,1.4657458658080016e-16,1.1632231984746125e-07,0.002281462234937429,0.14684884298880435,0.016650150567264804,0.11338291966341334,0.14590186829933988,2.2731951336834544e-17,1.5580301747881998e-16,0.14590186931225002,1.170739240568916e-07,8.024155181064701e-07,1.117644082940506e-05,1.117644082940506e-05,0.14590186932015264,1.187279777426977e-07,8.137522726468484e-07,0.010623057872800261,True
adamw_final_update_projection,37,5,53,torch.float32,1.1920928955078125e-07,5.678672305444112e-06,6.308068674574858e-05,2.6032106663751534e-11,4.1267950630715047e-07,8.411894623396385e-21,1.3335134820744532e-16,9.20947169227957e-08,0.0014599361916771995,0.09795197546539954,0.008623359031619647,0.08803660151464483,0.09757165150076132,1.354165172027886e-17,1.3878674299341135e-16,0.09757165205628726,9.207807624623961e-08,9.436970093846672e-07,9.418033949089832e-06,9.418033949089832e-06,0.09757165177429267,9.247597613202294e-08,9.477750396799955e-07,0.00981903193722931,True
adamw_final_update_projection,37,6,60,torch.float32,1.1920928955078125e-07,3.095485046437789e-06,5.199021090525105e-05,1.3392599881460638e-11,2.575984911057165e-07,7.556924504916853e-21,1.4535283418428772e-16,9.890357583135379e-08,0.0019022984299063184,0.09643400606376407,0.006995215478718652,0.07253888710268117,0.09617995885792621,1.4236042350850628e-17,1.4801464379787924e-16,0.09617995864046663,9.96903588888089e-08,1.03649825075788e-06,9.602241661786687e-06,9.602241661786687e-06,0.0961799585054001,9.984419356339314e-08,1.0380976984699707e-06,0.010398008827536127,True
adamw_final_update_projection,37,7,53,torch.float32,1.1920928955078125e-07,7.079248571757639e-06,2.7488370409278545e-05,1.500983920997851e-11,5.460432534375345e-07,3.668676876441042e-21,1.334628725463932e-16,1.0020922658163461e-07,0.003645568141300767,0.0869193317990979,0.005358035794954546,0.06164377571768396,0.08675402983620793,1.1934084572466266e-17,1.375623079988086e-16,0.08675403099028253,1.0103124719246135e-07,1.1645712140312886e-06,1.0242313942418074e-05,1.0242313942418074e-05,0.08675403115632048,1.0117459842250137e-07,1.1662235987650734e-06,0.009878099713726935,True
adamw_final_update_projection,38,0,58,torch.float32,1.1920928955078125e-07,4.814231254404896e-06,4.701482257593082e-05,1.814699640680903e-11,3.859845770448438e-07,6.709049901823371e-21,1.4270073849557737e-16,1.0233355333380246e-07,0.0021765699128225733,0.0994900629668676,0.0070053354247934805,0.07041241321885998,0.09924312522657382,1.4435865085147784e-17,1.4545959785315555e-16,0.09924312472660272,1.0324784437866979e-07,1.0403526154894796e-06,1.0112677357237229e-05,1.0112677357237229e-05,0.09924312462672324,1.0339246025923988e-07,1.041809804438577e-06,0.010224044197874673,True
adamw_final_update_projection,38,1,60,torch.float32,1.1920928955078125e-07,3.342961442244951e-06,5.1635836250343626e-05,1.4205437520976862e-11,2.7510811390959757e-07,7.503512483102403e-21,1.4531598649286429e-16,1.0839140260127958e-07,0.0020991074286016874,0.10143951273480457,0.007552248619071476,0.07445075804746298,0.10115798675670801,1.50551041115991e-17,1.488276367916225e-16,0.10115798579881888,1.090802122401431e-07,1.0783153833952348e-06,1.040867260381229e-05,1.040867260381229e-05,0.10115798593407092,1.0925125627869175e-07,1.0800062424126906e-06,0.01049617568321606,True
adamw_final_update_projection,38,2,60,torch.float32,1.1920928955078125e-07,3.920330339574255e-06,4.84885753294882e-05,1.510357454841128e-11,3.1148728222637795e-07,7.103782729631071e-21,1.465042575773776e-16,9.946934917710658e-08,0.002051402892778618,0.10022919195991714,0.007208892941333072,0.07192408519282481,0.0999696092995182,1.505262683993993e-17,1.5057202829352737e-16,0.09996960959383014,1.0032972851271883e-07,1.003602283937607e-06,9.641076164311328e-06,9.641076164311328e-06,0.09996960964636602,1.0039045344337567e-07,1.0042097173180764e-06,0.010412785018232108,True
adamw_final_update_projection,38,3,49,torch.float32,1.1920928955078125e-07,5.138758647397377e-06,4.398991651819017e-05,1.8726739900869575e-11,4.257052839171887e-07,5.638453221193919e-21,1.281760382260077e-16,9.077472927283867e-08,0.002063445998465168,0.09395080868156787,0.0055108675911066125,0.05865694684741745,0.09378904408465767,1.2404436346140429e-17,1.322589057944092e-16,0.09378904361102473,9.117483474656415e-08,9.72126713699069e-07,9.72549504907873e-06,9.72549504907873e-06,0.09378904363507536,9.157318369981812e-08,9.763740001030509e-07,0.009415786367450014,True
adamw_final_update_projection,38,4,60,torch.float32,1.1920928955078125e-07,8.425881056896194e-06,5.391087339204172e-05,3.8184821766093914e-11,7.082953653600189e-07,7.844387126511113e-21,1.4550658583229452e-16,1.1618282952953188e-07,0.002155022159487806,0.14699579877493965,0.01664220577056603,0.11321551982615745,0.14605068245158145,2.2600189654294065e-17,1.547421023642697e-16,0.14605068322600318,1.175750516656653e-07,8.050291109129984e-07,1.1196879583144116e-05,1.1196879583144116e-05,0.1460506827971598,1.1907959573087182e-07,8.153306335188699e-07,0.010635069784097288,True
adamw_final_update_projection,38,5,53,torch.float32,1.1920928955078125e-07,5.678672305444112e-06,6.043754388582305e-05,2.4457002574229214e-11,4.0466572600026093e-07,8.168352755229869e-21,1.3515361859611577e-16,9.112325953412065e-08,0.001507707127590573,0.09960211108664478,0.008686162234948919,0.08720861576310111,0.09922263410404136,1.3900659993326816e-17,1.4009565578304514e-16,0.09922263305514877,9.209517805520764e-08,9.281670443478392e-07,9.431515633190393e-06,9.431515633190393e-06,0.09922263297252348,9.228473302844737e-08,9.300774456771638e-07,0.00978471929831603,True
adamw_final_update_projection,38,6,60,torch.float32,1.1920928955078125e-07,3.095485046437789e-06,5.221783214887211e-05,1.35313076964485e-11,2.5913193136534244e-07,7.610492251073958e-21,1.4574508243423119e-16,9.94395290401176e-08,0.0019043118207806656,0.09704182733542907,0.0069204027600171135,0.07131360723553212,0.09679475336111135,1.4384567512723793e-17,1.486089587837412e-16,0.09679475315025618,9.959821225678072e-08,1.0289629242834337e-06,9.616029852830788e-06,9.616029852830788e-06,0.0967947532674739,9.990301748839291e-08,1.032111908094129e-06,0.010389216653584249,True
adamw_final_update_projection,38,7,53,torch.float32,1.1920928955078125e-07,7.079248571757639e-06,2.644271468138614e-05,1.3972612720046915e-11,5.284106752429121e-07,3.561912224332258e-21,1.347029708277304e-16,9.975039388103114e-08,0.003772102692250621,0.08818645731602781,0.005387283291392527,0.06108968945295632,0.08802174977066679,1.2198780317056065e-17,1.3858825061804557e-16,0.08802174924201402,1.0063242815897271e-07,1.143267760815408e-06,1.0252128136012154e-05,1.0252128136012154e-05,0.08802174930152433,1.0082350611542914e-07,1.1454385639400502e-06,0.009834397773597004,True
adamw_final_update_projection,39,0,58,torch.float32,1.1920928955078125e-07,4.814231254404896e-06,4.2858427072206276e-05,1.6928765287201646e-11,3.9499268740499263e-07,6.106439268957376e-21,1.4247931354713397e-16,1.029450024381122e-07,0.002401901413840049,0.09982166903983655,0.00695037621056349,0.06962793026221344,0.09957940490096483,1.442180896737421e-17,1.4482722588789518e-16,0.09957940445461098,1.0274562179025892e-07,1.0317959055187072e-06,1.0125504228606445e-05,1.0125504228606445e-05,0.09957940466493652,1.0304299811165085e-07,1.0347822268908776e-06,0.010176579435968738,True
adamw_final_update_projection,39,1,60,torch.float32,1.1920928955078125e-07,3.342961442244951e-06,5.525328118401437e-05,1.515199721051205e-11,2.742280075648387e-07,7.971266906024541e-21,1.4426775632523074e-16,1.0744735602803445e-07,0.0019446211767843715,0.10289310469510667,0.0076275639165919815,0.07413095308178341,0.10260999591899653,1.5350478730211824e-17,1.4960022747033303e-16,0.10260999600901777,1.0880828935069198e-07,1.0604063305989164e-06,1.042115760532258e-05,1.042115760532258e-05,0.10260999612188405,1.0904714118774643e-07,1.0627340932575039e-06,0.010464014202419401,True
adamw_final_update_projection,39,2,60,torch.float32,1.1920928955078125e-07,3.920330339574255e-06,5.037523093476429e-05,1.639856904737278e-11,3.255284143234769e-07,7.400561961913432e-21,1.469087451231245e-16,9.919813770519112e-08,0.0019691564798200627,0.10112119557530538,0.007146359163758828,0.07067122894563588,0.10086835849403777,1.5137841586744948e-17,1.5007522490454456e-16,0.10086835818713605,9.971714394590133e-08,9.885869636234296e-07,9.654812642003397e-06,9.654812642003397e-06,0.1008683582464268,1.0010708729021535e-07,9.924528269375454e-07,0.01036862039711657,True
adamw_final_update_projection,39,3,49,torch.float32,1.1920928955078125e-07,5.138758647397377e-06,4.60857347312226e-05,2.0447634312076106e-11,4.4368684651181327e-07,5.9600063370017545e-21,1.2932432067670822e-16,9.078139590972003e-08,0.0019698068596857125,0.09569445581931382,0.005561821455899701,0.058120623690063024,0.09553269082700068,1.2669452666672333e-17,1.326190287010269e-16,0.09553269128634964,9.172302194745944e-08,9.601218254443276e-07,9.738161581489473e-06,9.738161581489473e-06,0.09553269104588837,9.189038676550373e-08,9.618737393398133e-07,0.00943611235001185,True
adamw_final_update_projection,39,4,60,torch.float32,1.1920928955078125e-07,8.425881056896194e-06,5.161109154249441e-05,3.331261873236619e-11,6.454546442781195e-07,7.58762795894565e-21,1.4701545214752716e-16,1.1670837141987219e-07,0.002261198506697844,0.1484742898287185,0.01655912392591169,0.11152856124123893,0.14754799271744973,2.2581875982131414e-17,1.5304766649977458e-16,0.1475479923916374,1.168543738647275e-07,7.919753564288447e-07,1.1220395113939716e-05,1.1220395113939716e-05,0.1475479923532308,1.1816352335515914e-07,8.008480594725745e-07,0.010531137464879296,True
adamw_final_update_projection,39,5,53,torch.float32,1.1920928955078125e-07,5.678672305444112e-06,5.909383281704952e-05,2.5642799071435636e-11,4.3393359085074064e-07,8.027571801275067e-21,1.35844493724559e-16,9.222747505403396e-08,0.001560682881081696,0.10079783075255531,0.008698079003498992,0.08629232334227081,0.10042184078212109,1.3867888762597591e-17,1.3809634094126867e-16,0.10042184086013917,9.206951112144604e-08,9.168275579579775e-07,9.445239010155614e-06,9.445239010155614e-06,0.10042184099517722,9.253908160594608e-08,9.2150353637104e-07,0.009797431436774353,True
adamw_final_update_projection,39,6,60,torch.float32,1.1920928955078125e-07,3.095485046437789e-06,5.248483136044694e-05,1.2803416908447062e-11,2.4394508997309716e-07,7.630432245939517e-21,1.4538357175117283e-16,1.0029832334040169e-07,0.001910932013985383,0.09778333909361234,0.006895273805718314,0.07051583500454164,0.09753992312607464,1.4432737194300777e-17,1.4796748584316424e-16,0.0975399234578754,1.0051303855376441e-07,1.0304810070634616e-06,9.630307627454967e-06,9.630307627454967e-06,0.09753992356649377,1.0066202399387578e-07,1.0320084362712633e-06,0.010452628087071612,True
adamw_final_update_projection,39,7,53,torch.float32,1.1920928955078125e-07,7.079248571757639e-06,2.9069565679888615e-05,1.5549940368350815e-11,5.349216613548799e-07,3.8763294999069655e-21,1.3334666030422692e-16,1.0058097619587893e-07,0.0034596596696930128,0.0895235046113481,0.005398874108525428,0.0603067778899382,0.08936056197371613,1.2314801375521623e-17,1.378102498856689e-16,0.0893605607944362,1.0007807175573681e-07,1.1199355830583363e-06,1.0262397017832327e-05,1.0262397017832327e-05,0.08936056081135109,1.0034525588633229e-07,1.1229255386855838e-06,0.009777954966268465,True
adamw_final_update_projection,40,0,58,torch.float32,1.1920928955078125e-07,4.814231254404896e-06,4.202032164981561e-05,1.5904439779318328e-11,3.784940037313617e-07,6.024994828522244e-21,1.4338288218574629e-16,1.0272056732951416e-07,0.0024445635107176317,0.10035428213528287,0.006844003904949522,0.06819842421595367,0.10012063500316501,1.4629055440864097e-17,1.461142894309614e-16,0.10012063525943152,1.0339226151769855e-07,1.0326768427885984e-06,1.0139106862749334e-05,1.0139106862749334e-05,0.10012063540655834,1.0353013376851172e-07,1.0340539025557367e-06,0.010210971752243505,True
adamw_final_update_projection,40,1,60,torch.float32,1.1920928955078125e-07,3.342961442244951e-06,5.6977768651667225e-05,1.6252236107507695e-11,2.852381988993902e-07,8.351250337737924e-21,1.465703297156741e-16,1.0872290995550978e-07,0.0019081669136528227,0.10294049252206455,0.007518933512410728,0.0730415536995716,0.10266552800001165,1.5451135640248154e-17,1.5049974359695887e-16,0.10266552684672926,1.0875098232444812e-07,1.0592745750655321e-06,1.0432874502578304e-05,1.0432874502578304e-05,0.10266552689431954,1.0889817985577651e-07,1.060708332679894e-06,0.010437984261083963,True
adamw_final_update_projection,40,2,60,torch.float32,1.1920928955078125e-07,3.920330339574255e-06,4.9331422067800034e-05,1.5767753634828465e-11,3.196290107582467e-07,7.186065407192852e-21,1.4566913147804346e-16,9.995955193320959e-08,0.002026217673864015,0.10292621501473713,0.0072200068055966815,0.07014740418233499,0.10267267036065165,1.5495932502131457e-17,1.5092558173172955e-16,0.10267266915446428,1.0045918670493588e-07,9.784413664536337e-07,9.670037208834393e-06,9.670037208834393e-06,0.10267266932252007,1.0057691367933157e-07,9.795879891209877e-07,0.01040088176573365,True
adamw_final_update_projection,40,3,49,torch.float32,1.1920928955078125e-07,5.138758647397377e-06,4.6768364361503205e-05,1.9979806764774617e-11,4.272077297879749e-07,6.056153612106721e-21,1.2949252544509172e-16,9.159215930289824e-08,0.0019584165499530667,0.0968025450404106,0.005562160913357412,0.057458829321434333,0.09664261530129781,1.275710728601241e-17,1.3200291865281398e-16,0.09664261520286516,9.127734300423252e-08,9.444833711570176e-07,9.750721546789778e-06,9.750721546789778e-06,0.09664261528975397,9.141794985915426e-08,9.459382859731692e-07,0.009375506153106353,True
adamw_final_update_projection,40,4,60,torch.float32,1.1920928955078125e-07,8.425881056896194e-06,5.037508431110719e-05,4.6894356864473423e-11,9.30903789160184e-07,7.497110664465634e-21,1.4882576906805983e-16,1.1703350494082435e-07,0.002323214546276645,0.14912431453748617,0.01652711034137847,0.11082773719790652,0.14820565377217906,2.2968335935144034e-17,1.5497611157568144e-16,0.14820565373603253,1.175781594606396e-07,7.933446295514257e-07,1.1244295116247362e-05,1.1244295116247362e-05,0.14820565397055194,1.1914804731026506e-07,8.039372595996875e-07,0.01059631093621004,True
adamw_final_update_projection,40,5,53,torch.float32,1.1920928955078125e-07,5.678672305444112e-06,6.925247809083243e-05,2.64978527370363e-11,3.8262678055045744e-07,9.247211287450631e-21,1.3352895870848907e-16,9.193827588231547e-08,0.0013275776419907524,0.09881618819739613,0.008246523369174526,0.0834531620740237,0.09847148776262532,1.3772085511371728e-17,1.3985861109939378e-16,0.09847148715196796,9.280015571292814e-08,9.424063594135891e-07,9.456356537044765e-06,9.456356537044765e-06,0.09847148750802129,9.314908513443934e-08,9.459498123946954e-07,0.009850420166533785,True
adamw_final_update_projection,40,6,60,torch.float32,1.1920928955078125e-07,3.095485046437789e-06,5.352819738332161e-05,1.3572571914496319e-11,2.535592935682396e-07,7.699504703475917e-21,1.4384016424724936e-16,9.990061076198254e-08,0.0018662856536130208,0.09823341160982042,0.006807377411732741,0.06929798426192708,0.09799725898859944,1.454372919385032e-17,1.4840955087878805e-16,0.09799725912191494,9.941104050488343e-08,1.014426744131789e-06,9.645039227382535e-06,9.645039227382535e-06,0.0979972590595511,9.96316802706309e-08,1.016678233929855e-06,0.0103298367089865,True
adamw_final_update_projection,40,7,53,torch.float32,1.1920928955078125e-07,7.079248571757639e-06,2.8448338994147883e-05,1.6711835380960195e-11,5.874450309523516e-07,3.829317356165515e-21,1.34606008349166e-16,9.94528437149319e-08,0.0034959168229143573,0.08969175297659156,0.005322804095217261,0.05934552418221157,0.08953367136769194,1.2435495678706685e-17,1.388918324105942e-16,0.08953367236602996,1.0091099995482625e-07,1.1270731702178336e-06,1.0271857355478662e-05,1.0271857355478662e-05,0.08953367229712426,1.0118082555918062e-07,1.13008684848092e-06,0.009850295039895018,True
adamw_final_update_projection,41,0,58,torch.float32,1.1920928955078125e-07,4.814231254404896e-06,4.5228553675441495e-05,1.744540941393145e-11,3.8571672088210234e-07,6.46391442416195e-21,1.429166731827697e-16,1.0365676459764288e-07,0.002291776448036931,0.10030388673342164,0.006776694087441672,0.0675616300438301,0.10007470265294977,1.4396574752230845e-17,1.438582815694881e-16,0.10007470329338658,1.046416513589589e-07,1.0456353895168044e-06,1.0152851009583155e-05,1.0152851009583155e-05,0.10007470330100122,1.0490673994824599e-07,1.04828429650909e-06,0.010332737065601158,True
adamw_final_update_projection,41,1,60,torch.float32,1.1920928955078125e-07,3.342961442244951e-06,5.263496408987517e-05,1.4993074394492834e-11,2.8485009259039073e-07,7.624155691713015e-21,1.4484964174564532e-16,1.0797046871388351e-07,0.0020512776368916867,0.10104384969164482,0.007263111421818582,0.07188078684633845,0.1007824725484643,1.4892031176938558e-17,1.477640982639841e-16,0.10078247182864214,1.0886549086505961e-07,1.0802026273989472e-06,1.044312561814707e-05,1.044312561814707e-05,0.10078247197121074,1.0927864268636573e-07,1.0843020671052997e-06,0.010464170084909416,True
adamw_final_update_projection,41,2,60,torch.float32,1.1920928955078125e-07,3.920330339574255e-06,4.7407312229340895e-05,1.5218000379570645e-11,3.210053399769005e-07,6.926211003583934e-21,1.4610005667643788e-16,9.963778743741748e-08,0.0021016603254682483,0.10142596669854255,0.0070371683597104506,0.06938231489206571,0.10118154467199515,1.519360089539246e-17,1.5016178043778884e-16,0.10118154554351333,1.0067403443817051e-07,9.949841534578599e-07,9.682883982074994e-06,9.682883982074994e-06,0.1011815454508193,1.0089426759821198e-07,9.971607682870692e-07,0.010419857119530503,True
adamw_final_update_projection,41,3,49,torch.float32,1.1920928955078125e-07,5.138758647397377e-06,4.095784508504291e-05,1.7720234301095288e-11,4.3264566932908316e-07,5.337610165516868e-21,1.3031960432573074e-16,9.033559995298337e-08,0.0022055005384905672,0.09515149253593982,0.005445468015312797,0.05722945452753651,0.09499554415819311,1.265684323361345e-17,1.3323617803100746e-16,0.0949955437092394,9.13332995077865e-08,9.614482526394897e-07,9.761070169400386e-06,9.761070169400386e-06,0.09499554344934957,9.154347554898311e-08,9.63660738440777e-07,0.009378426131589478,True
adamw_final_update_projection,41,4,60,torch.float32,1.1920928955078125e-07,8.425881056896194e-06,5.10350457194778e-05,3.762848282445863e-11,7.37306732931906e-07,7.478629083419036e-21,1.4653908854179414e-16,1.1736748307516498e-07,0.0022996710183273926,0.1459795514607108,0.016085606778707105,0.11019082205521377,0.14509060169160207,2.2318471687055232e-17,1.5382437888357752e-16,0.1450906024590377,1.1742756226077972e-07,8.093395455707211e-07,1.1265937678023646e-05,1.1265937678023646e-05,0.14509060268418228,1.1890994735105444e-07,8.195565057365218e-07,0.01055482026880114,True
adamw_final_update_projection,41,5,53,torch.float32,1.1920928955078125e-07,5.678672305444112e-06,6.358130747663492e-05,2.6764803076590375e-11,4.2095395862103024e-07,8.545355469905174e-21,1.3440043637111753e-16,9.206141192989703e-08,0.0014479517781073351,0.09729381306706797,0.007947402231350459,0.08168455918026403,0.09696867978323047,1.3477584723625165e-17,1.389890504207519e-16,0.09696867943647597,9.229142866324705e-08,9.517653452598272e-07,9.468575289932035e-06,9.468575289932035e-06,0.09696867954397442,9.254408137835506e-08,9.543708526667846e-07,0.009773812695639381,True
adamw_final_update_projection,41,6,60,torch.float32,1.1920928955078125e-07,3.095485046437789e-06,5.348332316314101e-05,1.3373490044729929e-11,2.5004972118012493e-07,7.729681598420071e-21,1.4452508074044585e-16,1.0041887342525608e-07,0.0018775351667351455,0.09737121636558306,0.006612832356130156,0.06791362584300153,0.09714640613395284,1.4498963159467912e-17,1.4924857991633412e-16,0.09714640723566158,9.931738024539016e-08,1.0223474348820966e-06,9.658973220708586e-06,9.658973220708586e-06,0.09714640715601303,9.947267322172914e-08,1.0239459814708352e-06,0.01029847282405363,True
adamw_final_update_projection,41,7,53,torch.float32,1.1920928955078125e-07,7.079248571757639e-06,3.086655654707997e-05,1.6604157793724648e-11,5.379335971085323e-07,4.184405255278637e-21,1.355643687982129e-16,1.0109655796220811e-07,0.003275115819200911,0.09097200905115141,0.005364108100746853,0.05896437988668297,0.09081372569764042,1.2424294905816193e-17,1.3681076082245803e-16,0.09081372453458338,1.0176566115568646e-07,1.1205978135709255e-06,1.028250642145091e-05,1.028250642145091e-05,0.09081372492838917,1.018651178860576e-07,1.1216929816102464e-06,0.0099066427688828,True
adamw_final_update_projection,42,0,58,torch.float32,1.1920928955078125e-07,4.814231254404896e-06,4.732801140965729e-05,1.915049120999609e-11,4.046333374169283e-07,6.782183555973495e-21,1.433016802094107e-16,1.0347500719764417e-07,0.0021863001562944227,0.10025869233202557,0.006762359643618879,0.06744911075863676,0.10003037478775194,1.447322509443806e-17,1.4468830217969163e-16,0.10003037488515155,1.0405700052268106e-07,1.0402540292601384e-06,1.0166863197565154e-05,1.0166863197565154e-05,0.100030374574851,1.0418114347188255e-07,1.041495085014658e-06,0.010247127501118803,True
adamw_final_update_projection,42,1,60,torch.float32,1.1920928955078125e-07,3.342961442244951e-06,5.323659992646475e-05,1.4346892171710601e-11,2.6949302155899957e-07,7.609289135317229e-21,1.429334169693059e-16,1.0814146645388214e-07,0.002031287393305854,0.10005573061943215,0.007137766290058789,0.07133790584377123,0.09980080922606227,1.4648771743333033e-17,1.467800898302497e-16,0.09980080871948652,1.0804605219396956e-07,1.0826170006062599e-06,1.0454402624523142e-05,1.0454402624523142e-05,0.0998008090142074,1.0817350753361895e-07,1.083894094668307e-06,0.01034717251848267,True
adamw_final_update_projection,42,2,60,torch.float32,1.1920928955078125e-07,3.920330339574255e-06,5.1801924583290627e-05,1.6591824428815962e-11,3.20293590678055e-07,7.57760084307349e-21,1.4628029564596778e-16,1.009178828516488e-07,0.0019481294903442763,0.10054541143363209,0.0069039598659637975,0.06866509140022721,0.10030810086193198,1.5193613981868225e-17,1.5146946110345876e-16,0.10030810138589455,1.0152074869200023e-07,1.012089225988243e-06,9.696757450014887e-06,9.696757450014887e-06,0.1003081011246293,1.014267048821701e-07,1.0111516791266038e-06,0.010459857886000271,True
adamw_final_update_projection,42,3,49,torch.float32,1.1920928955078125e-07,5.138758647397377e-06,3.983955153368826e-05,1.646126973305642e-11,4.131891323911313e-07,5.181541645518882e-21,1.3006024029004997e-16,9.149605859203269e-08,0.002296609897270696,0.09341850513647558,0.005280157722851634,0.056521539443794615,0.09326916444546679,1.2350026230639546e-17,1.324127465284675e-16,0.09326916378829814,9.229925916484602e-08,9.896010151259252e-07,9.771451254836534e-06,9.771451254836534e-06,0.09326916375658283,9.264603855534852e-08,9.933190652072259e-07,0.009481297725298677,True
adamw_final_update_projection,42,4,60,torch.float32,1.1920928955078125e-07,8.425881056896194e-06,5.758067060650904e-05,4.6753341163921325e-11,8.119624289098889e-07,8.173519636873065e-21,1.4194901780028604e-16,1.1779869030879263e-07,0.002045757637873549,0.1423318638262312,0.015564096301095976,0.10935075170587048,0.14147833179175895,2.2084617030162032e-17,1.56098935790876e-16,0.14147833168961135,1.1701905781686013e-07,8.271164666656353e-07,1.1287502623800232e-05,1.1287502623800232e-05,0.1414783319503865,1.1829647291838236e-07,8.3614551633155e-07,0.010480305242095684,True
adamw_final_update_projection,42,5,53,torch.float32,1.1920928955078125e-07,5.678672305444112e-06,6.532573059289689e-05,2.7840613525682856e-11,4.2618143376279465e-07,8.921651809826465e-21,1.3657178769918508e-16,9.281269899692034e-08,0.001420742965146769,0.09759075021664843,0.007859329948276888,0.0805335539570033,0.09727376553116664,1.3614081737999758e-17,1.39956355792948e-16,0.09727376540093183,9.281161316809317e-08,9.541278965150874e-07,9.482748831713744e-06,9.482748831713744e-06,0.0972737653087209,9.292879285515554e-08,9.553325355528742e-07,0.009799773726408108,True
adamw_final_update_projection,42,6,60,torch.float32,1.1920928955078125e-07,3.095485046437789e-06,5.091734629857333e-05,1.3171268107679567e-11,2.5867939052527996e-07,7.405120549134111e-21,1.4543414155387444e-16,9.974449549130904e-08,0.0019589036468857027,0.09539656306657932,0.006401076812161933,0.06709965858722272,0.09518156576018619,1.4160544721583933e-17,1.4877402581569208e-16,0.0951815662735342,1.0028873460077757e-07,1.0536571158386521e-06,9.671823265226213e-06,9.671823265226213e-06,0.09518156601102226,1.003059473289288e-07,1.053837959729651e-06,0.010370945020218248,True
adamw_final_update_projection,42,7,53,torch.float32,1.1920928955078125e-07,7.079248571757639e-06,3.2104897867486276e-05,1.7502432461909172e-11,5.45163935239753e-07,4.4397687171030204e-21,1.3828945151699066e-16,1.0069726106236206e-07,0.003136393998660928,0.09110688217721784,0.005334337908262121,0.058550328809254586,0.09095058449033701,1.2567672055598382e-17,1.3818132259428884e-16,0.09095058536931647,1.0069992598680543e-07,1.1071938193459726e-06,1.0292221678813197e-05,1.0292221678813197e-05,0.09095058527065458,1.0130506319962246e-07,1.1138472929905244e-06,0.009842876140936756,True
adamw_final_update_projection,43,0,58,torch.float32,1.1920928955078125e-07,4.814231254404896e-06,4.4783566744604834e-05,1.758228119393203e-11,3.926056469374495e-07,6.345308995939489e-21,1.4168833474400317e-16,1.0395531366400516e-07,0.0023212669066444,0.0982453448323164,0.006508305649190999,0.06624543544835913,0.0980295350330576,1.4185682541746833e-17,1.44708250803833e-16,0.09802953492101799,1.0345748803493526e-07,1.0553705892646595e-06,1.017984633427647e-05,1.017984633427647e-05,0.09802953506957061,1.0383148214661569e-07,1.0591857043178618e-06,0.01019971016625326,True
adamw_final_update_projection,43,1,60,torch.float32,1.1920928955078125e-07,3.342961442244951e-06,5.0189256456328636e-05,1.3879093154452519e-11,2.7653514186904094e-07,7.206061675421842e-21,1.4357777309756232e-16,1.0823050322827825e-07,0.00215644824757595,0.09832001533318746,0.00691030112310165,0.07028376775251692,0.09807687369357915,1.4443574577946896e-17,1.472678933779318e-16,0.0980768730871076,1.0896400248456394e-07,1.1110060818087754e-06,1.0465073042684376e-05,1.0465073042684376e-05,0.09807687328338019,1.0906305521824866e-07,1.1120160295396586e-06,0.010421623888663571,True
adamw_final_update_projection,43,2,60,torch.float32,1.1920928955078125e-07,3.920330339574255e-06,5.013746850757087e-05,1.5735902702153912e-11,3.138551500616302e-07,7.291866460706984e-21,1.4543746778133113e-16,9.999521916113925e-08,0.001994417733338645,0.09989955934973137,0.006776214110787711,0.0678302702724177,0.09966947817960752,1.4885686844867547e-17,1.4935050445476472e-16,0.09966947724170472,1.0026166617785551e-07,1.00594152746196e-06,9.711152129409043e-06,9.711152129409043e-06,0.0996694773596861,1.0059046068381898e-07,1.009240374772e-06,0.010358241673425443,True
adamw_final_update_projection,43,3,49,torch.float32,1.1920928955078125e-07,5.138758647397377e-06,4.611713277323996e-05,2.012221041507905e-11,4.363283058819132e-07,6.088067107870989e-21,1.320131313845306e-16,9.26697234199445e-08,0.00200937179798811,0.09255694640261271,0.005154194778877159,0.055686741829802475,0.09241332481605408,1.2255531378757177e-17,1.326164966269901e-16,0.09241332393850188,9.146604188739482e-08,9.897495078551936e-07,9.78285256007017e-06,9.78285256007017e-06,0.09241332405180162,9.161746644277851e-08,9.913880642516764e-07,0.00936510755735251,True
adamw_final_update_projection,43,4,60,torch.float32,1.1920928955078125e-07,8.425881056896194e-06,5.1438228756364563e-05,3.92913605155381e-11,7.638552389049067e-07,7.581844612459506e-21,1.4739707792764152e-16,1.1844781992538259e-07,0.0023026684798767563,0.14000077529287833,0.01531382452107992,0.10938385511825745,0.13916071234779082,2.155318907041548e-17,1.5487984149254492e-16,0.13916071320002443,1.175549957379987e-07,8.447426937876462e-07,1.1310970475917193e-05,1.1310970475917193e-05,0.13916071292430102,1.1926753068088015e-07,8.570488622443166e-07,0.010544411811066008,True
adamw_final_update_projection,43,5,53,torch.float32,1.1920928955078125e-07,5.678672305444112e-06,6.518944049092159e-05,2.8756308476564688e-11,4.411191177591001e-07,8.788530705268699e-21,1.3481524981785146e-16,9.238396144941979e-08,0.0014171674671176143,0.09835322690855548,0.007832904074794587,0.07964053972603541,0.09804082240108386,1.3775566676259634e-17,1.4050847737592359e-16,0.09804082197245252,9.257743807611098e-08,9.442743972722236e-07,9.497580949822856e-06,9.497580949822856e-06,0.09804082171147448,9.29744885297604e-08,9.483242480706267e-07,0.009789280978067843,True
adamw_final_update_projection,43,6,60,torch.float32,1.1920928955078125e-07,3.095485046437789e-06,5.4837555990195205e-05,1.395204011193075e-11,2.5442490752916365e-07,7.925495591472977e-21,1.4452678366793536e-16,1.0058007424632222e-07,0.0018340878630969438,0.09347731740421156,0.006204441044096312,0.06637376014190985,0.09327118408392833,1.3841566716573752e-17,1.4840131871938795e-16,0.0932711833271568,1.001676453419721e-07,1.0739399005009443e-06,9.684718329547748e-06,9.684718329547748e-06,0.09327118313897903,1.002455286373225e-07,1.074774922581944e-06,0.010350897695338932,True
adamw_final_update_projection,43,7,53,torch.float32,1.1920928955078125e-07,7.079248571757639e-06,3.0272741771859296e-05,1.6397332468237513e-11,5.41653365651869e-07,4.144413835107024e-21,1.3690249354817818e-16,1.0056248124906969e-07,0.0033217844606399215,0.09069549100703408,0.00526670241155578,0.05807016813159222,0.09054244272558098,1.2442211720159184e-17,1.3741855582436017e-16,0.09054244263488447,1.0063162589040896e-07,1.1114304293314626e-06,1.0301702704217153e-05,1.0301702704217153e-05,0.09054244255207806,1.0096379232528188e-07,1.115099057187569e-06,0.009800689771793828,True
adamw_final_update_projection,44,0,58,torch.float32,1.1920928955078125e-07,4.814231254404896e-06,4.992702884525869e-05,2.14163977285242e-11,4.289539799153901e-07,7.07173671068597e-21,1.4164144901561046e-16,1.036822389357174e-07,0.0020766305944775265,0.09913790010133802,0.006569453975621715,0.06626581730000805,0.0989199955062932,1.421677307425488e-17,1.4371991225323522e-16,0.09891999498238715,1.0447350384509738e-07,1.056141418766742e-06,1.0195332574612331e-05,1.0195332574612331e-05,0.09891999456307897,1.046976899970106e-07,1.0584077613373434e-06,0.01026917849229569,True
adamw_final_update_projection,44,1,60,torch.float32,1.1920928955078125e-07,3.342961442244951e-06,5.2959004014091365e-05,1.4398671052730806e-11,2.718833429892224e-07,7.73349351615051e-21,1.4602792594235843e-16,1.0910677181294807e-07,0.002060151647238013,0.09632731238154406,0.006745753875292934,0.07002950366323513,0.09609082118134668,1.4218119455534886e-17,1.4796542771449365e-16,0.09609082135871351,1.0966428395906323e-07,1.1412565987929178e-06,1.047559102621127e-05,1.047559102621127e-05,0.0960908212113861,1.0996067204894075e-07,1.1443410584143406e-06,0.010496846600235258,True
adamw_final_update_projection,44,2,60,torch.float32,1.1920928955078125e-07,3.920330339574255e-06,5.460625016589591e-05,1.7112569668135778e-11,3.133811535519675e-07,7.986683141505025e-21,1.4625950540902485e-16,1.0044925586453563e-07,0.0018394565301213448,0.09931560925103597,0.006685865004144093,0.06731937763422977,0.09909030956683314,1.4971042921875558e-17,1.510848334950259e-16,0.0990903087331157,1.012826824440103e-07,1.0221250063595968e-06,9.725857579695256e-06,9.725857579695256e-06,0.09909030879496517,1.015262835951124e-07,1.0245833808550107e-06,0.010438800153424986,True
adamw_final_update_projection,44,3,49,torch.float32,1.1920928955078125e-07,5.138758647397377e-06,4.184349135711721e-05,1.713207986243517e-11,4.0943237064564774e-07,5.471345105811042e-21,1.3075737536133856e-16,9.133851385146218e-08,0.0021828748170946754,0.09101963301479479,0.004988652869033774,0.05480853639810757,0.09088281981045815,1.1916073661362768e-17,1.3111470007438691e-16,0.09088282018404366,9.218902639125153e-08,1.0143724215925817e-06,9.793973574285439e-06,9.793973574285439e-06,0.09088282011214908,9.232106012674361e-08,1.0158252133111598e-06,0.009426312969552738,True
adamw_final_update_projection,44,4,60,torch.float32,1.1920928955078125e-07,8.425881056896194e-06,6.185270812292017e-05,5.165280687927468e-11,8.350936999658094e-07,9.222067135447636e-21,1.490972249286773e-16,1.1799270446185155e-07,0.0019075779809292846,0.1390163025285826,0.015154095839278544,0.10900948711510126,0.13818786396790553,2.115064110864028e-17,1.530571535106192e-16,0.13818786450190323,1.1791955038214029e-07,8.533278288016109e-07,1.133609790759544e-05,1.133609790759544e-05,0.13818786391118945,1.1911526895401702e-07,8.619806803770409e-07,0.01050760763756346,True
adamw_final_update_projection,44,5,53,torch.float32,1.1920928955078125e-07,5.678672305444112e-06,7.414734213589301e-05,3.1117758856388563e-11,4.196746364739239e-07,9.875545702898774e-21,1.3318812810309922e-16,9.343967401467232e-08,0.001260173735391535,0.10036119403868034,0.008171678816118752,0.08142269424344728,0.10002796076195816,1.407441162669993e-17,1.4070477414003822e-16,0.10002796139967168,9.250426437485321e-08,9.247840611810853e-07,9.513733330805193e-06,9.513733330805193e-06,0.10002796146492184,9.283092923341676e-08,9.280497960159974e-07,0.009757571082304031,True
adamw_final_update_projection,44,6,60,torch.float32,1.1920928955078125e-07,3.095485046437789e-06,5.071407105560369e-05,1.3017771523646966e-11,2.5668953907041065e-07,7.345799939507787e-21,1.4484737246698218e-16,1.0078135884529805e-07,0.0019872042376270073,0.09132864892375414,0.005967306937752555,0.06533882859401949,0.0911334919892187,1.3653050574418182e-17,1.4981375426756794e-16,0.0911334925230484,1.0051494079616332e-07,1.1029418275695103e-06,9.69728190967766e-06,9.69728190967766e-06,0.09113349264111759,1.0051843560584598e-07,1.1029801743875457e-06,0.010365629930334493,True
adamw_final_update_projection,44,7,53,torch.float32,1.1920928955078125e-07,7.079248571757639e-06,2.7928939799651604e-05,1.575324513472964e-11,5.640473733602358e-07,3.748395237860053e-21,1.3421187000830614e-16,1.0025864163852026e-07,0.0035895124067208163,0.08952916871535647,0.0051206490457963655,0.05719531544045318,0.08938261018907731,1.2278716774365353e-17,1.3737254649860102e-16,0.0893826090825882,1.0080627300253338e-07,1.1278063376891346e-06,1.0310431467731069e-05,1.0310431467731069e-05,0.08938260918842911,1.011776759777726e-07,1.1319615403537626e-06,0.009813136947220108,True
adamw_final_update_projection,45,0,58,torch.float32,1.1920928955078125e-07,4.814231254404896e-06,4.338982551670621e-05,1.6755793207661405e-11,3.861687160094707e-07,6.257255902271726e-21,1.4421021121329437e-16,1.0447086440916393e-07,0.0024076551336165066,0.09689681238679394,0.006320306995657111,0.06522719210233283,0.09669046473257945,1.4115320893594187e-17,1.4598462146845064e-16,0.09669046511775718,1.0441706340599723e-07,1.0799106538460642e-06,1.0208278281555202e-05,1.0208278281555202e-05,0.09669046517278233,1.0475684012307462e-07,1.0834247196543938e-06,0.010261949883591458,True
adamw_final_update_projection,45,1,60,torch.float32,1.1920928955078125e-07,3.342961442244951e-06,5.0054571084950114e-05,1.4428816486377976e-11,2.8826171463721287e-07,7.229805046700484e-21,1.4443845766714732e-16,1.0910543244122566e-07,0.0021797310333683396,0.0951187806551327,0.006597993123202769,0.06936582952135158,0.0948896670879681,1.39384014295559e-17,1.4689061367065617e-16,0.09488966711706584,1.0856222527804358e-07,1.1440890096506486e-06,1.0486899054220075e-05,1.0486899054220075e-05,0.09488966732265769,1.0854417284155808e-07,1.1438987605728487e-06,0.010350454627278823,True
adamw_final_update_projection,45,2,60,torch.float32,1.1920928955078125e-07,3.920330339574255e-06,4.940294668603834e-05,1.6255815657975023e-11,3.2904546688849724e-07,7.183285228283894e-21,1.4540195899517743e-16,1.0130260574153478e-07,0.0020505000588191477,0.09808832218975917,0.00649424137744301,0.06620809931766818,0.0978731003848019,1.4694983468504576e-17,1.50143230476292e-16,0.09787310179329095,1.0090898039412609e-07,1.031018518318209e-06,9.7400028881254e-06,9.7400028881254e-06,0.09787310166666878,1.00618800634957e-07,1.0280536625644028e-06,0.010330469281238838,True
adamw_final_update_projection,45,3,49,torch.float32,1.1920928955078125e-07,5.138758647397377e-06,4.42451811252976e-05,1.774968281023574e-11,4.0116646285096097e-07,5.770947392809295e-21,1.3043109432566354e-16,9.142714089081443e-08,0.0020663671681995176,0.09031671578057299,0.004891901486049622,0.05416385487194458,0.09018413635024504,1.2035185344486592e-17,1.334512457683905e-16,0.09018413515779082,9.229901807099017e-08,1.0234507201238781e-06,9.805726184443267e-06,9.805726184443267e-06,0.09018413525571388,9.266999340488527e-08,1.0275642510971893e-06,0.009450599747717382,True
adamw_final_update_projection,45,4,60,torch.float32,1.1920928955078125e-07,8.425881056896194e-06,5.3114073244822384e-05,4.20665070859492e-11,7.920030326435166e-07,7.82964977769986e-21,1.474119625812272e-16,1.1920687398326444e-07,0.002244315818243377,0.1384832739293589,0.014952849911979992,0.1079758550451914,0.1376736337782353,2.13089765666394e-17,1.5477892158322704e-16,0.13767363358402104,1.1826217860446079e-07,8.590038304777246e-07,1.1362070912002233e-05,1.1362070912002233e-05,0.1376736331032381,1.1927266684832347e-07,8.663435703689449e-07,0.010497440807408687,True
adamw_final_update_projection,45,5,53,torch.float32,1.1920928955078125e-07,5.678672305444112e-06,4.813735271952433e-05,2.0607928356673982e-11,4.2810680671925453e-07,6.456099626867013e-21,1.341182940508699e-16,9.349818701865137e-08,0.0019423382586661949,0.09776634834481161,0.007861520818463153,0.08041131689542498,0.09744975812745725,1.3617692758097247e-17,1.3974065220650714e-16,0.09744975600272973,9.249920885225873e-08,9.491989784937755e-07,9.525301251071566e-06,9.525301251071566e-06,0.09744975587393627,9.303936114322022e-08,9.54741859626396e-07,0.009767603007070625,True
adamw_final_update_projection,45,6,60,torch.float32,1.1920928955078125e-07,3.095485046437789e-06,5.093027367270815e-05,1.270497692126668e-11,2.4945824958476234e-07,7.348750868394567e-21,1.4429042568315805e-16,1.003505006379212e-07,0.0019703183351421926,0.09023868033680203,0.005808570989141221,0.06436897090539911,0.09005154041987093,1.3572639399002049e-17,1.507207909572537e-16,0.09005153956077679,1.0171326666983461e-07,1.1295005856194962e-06,9.710616234073998e-06,9.710616234073998e-06,0.09005153962349,1.0198550431963861e-07,1.1325237163744798e-06,0.010502475008926551,True
adamw_final_update_projection,45,7,53,torch.float32,1.1920928955078125e-07,7.079248571757639e-06,3.2328420588039974e-05,1.8190379209356867e-11,5.626745408059455e-07,4.412577428192476e-21,1.3649220555567828e-16,1.0105037317412222e-07,0.003125675261489715,0.08809108194815031,0.005027511420860969,0.05707174108521133,0.08794750051996274,1.2284458024654985e-17,1.3967944457803666e-16,0.08794750171060349,1.0078682074760941e-07,1.1459884452346864e-06,1.0319086791402938e-05,1.0319086791402938e-05,0.08794750163806754,1.0109120790149019e-07,1.1494494558528024e-06,0.00979652656722604,True
adamw_final_update_projection,46,0,58,torch.float32,1.1920928955078125e-07,4.814231254404896e-06,4.4718655247447956e-05,1.8660451376164754e-11,4.1728561095829656e-07,6.347343373251141e-21,1.4193949567868387e-16,1.0382505767162668e-07,0.002321711198338394,0.09616104346405363,0.006205522147672248,0.06453259993993266,0.09596060532828228,1.3839635684070766e-17,1.4422205483932933e-16,0.09596060477746503,1.0409440701754061e-07,1.0847618901416688e-06,1.0222457549891599e-05,1.0222457549891599e-05,0.09596060444804567,1.0412799721422811e-07,1.085111935394325e-06,0.010186200011692131,True
adamw_final_update_projection,46,1,60,torch.float32,1.1920928955078125e-07,3.342961442244951e-06,5.04156463439001e-05,1.458965389218204e-11,2.893874213703753e-07,7.369433028702551e-21,1.4617353070183347e-16,1.0842984388056355e-07,0.0021506998139819394,0.09330133941596455,0.0063684255082829475,0.06825652823579147,0.09308374236867827,1.3787073422226969e-17,1.4811473057905523e-16,0.0930837425834299,1.0903012887373436e-07,1.1713122597752437e-06,1.0497762665842836e-05,1.0497762665842836e-05,0.09308374236005758,1.0908024741793155e-07,1.1718506868363525e-06,0.010390809059996385,True
adamw_final_update_projection,46,2,60,torch.float32,1.1920928955078125e-07,3.920330339574255e-06,4.59118569608179e-05,1.4939284732244427e-11,3.253905574979011e-07,6.679163907236285e-21,1.4547797343367688e-16,1.0173615542035005e-07,0.0022158251632878488,0.0954663066320068,0.006231802203226266,0.0652775038972435,0.09526269124508403,1.441125368526964e-17,1.5127909464780448e-16,0.09526269132334289,1.0083760531168677e-07,1.0585214831840238e-06,9.75289513575322e-06,9.75289513575322e-06,0.09526269138228095,1.0089191675177088e-07,1.0590916054103524e-06,0.01034481713864741,True
adamw_final_update_projection,46,3,49,torch.float32,1.1920928955078125e-07,5.138758647397377e-06,3.886447425690125e-05,1.557733177671647e-11,4.0081159142273403e-07,5.126157972415637e-21,1.3189829710627784e-16,9.218156735249942e-08,0.002371959439107542,0.08852561687308728,0.00473731900716327,0.053513538504394935,0.08839877064408194,1.1715330905164345e-17,1.3252821074100146e-16,0.08839877094297474,9.183150731343093e-08,1.0388323992951285e-06,9.816590039609657e-06,9.816590039609657e-06,0.08839877094059737,9.211641365085207e-08,1.0420553665022438e-06,0.009383748662128601,True
adamw_final_update_projection,46,4,60,torch.float32,1.1920928955078125e-07,8.425881056896194e-06,5.506075844586018e-05,4.685647834586112e-11,8.509958756186384e-07,7.976179652881385e-21,1.4486141996621868e-16,1.1829004195517334e-07,0.0021483655216777585,0.13685586057461896,0.014624479860695552,0.10686045741330702,0.13607222774109218,2.0878008387763073e-17,1.5343328123860918e-16,0.13607222913758124,1.1852658984139771e-07,8.710564278443376e-07,1.138734315862043e-05,1.138734315862043e-05,0.13607222879288822,1.194307114375709e-07,8.777008541496965e-07,0.010488022515344999,True
adamw_final_update_projection,46,5,53,torch.float32,1.1920928955078125e-07,5.678672305444112e-06,5.219365427974329e-05,2.3885434336302775e-11,4.5763100257904097e-07,6.980702376609454e-21,1.337461895117668e-16,9.362809752417241e-08,0.0017938196737212822,0.09555052369609944,0.00761674920960626,0.07971436382527321,0.09524645772981179,1.3335884107271884e-17,1.4001448899130872e-16,0.09524645782141565,9.277505846258376e-08,9.740525851001652e-07,9.537435094009407e-06,9.537435094009407e-06,0.09524645776475131,9.295387509410524e-08,9.759299954617891e-07,0.009746213125213385,True
adamw_final_update_projection,46,6,60,torch.float32,1.1920928955078125e-07,3.095485046437789e-06,4.838828666111176e-05,1.2118539456393165e-11,2.5044365677308595e-07,6.957023513443913e-21,1.4377495037523795e-16,1.0084617905749962e-07,0.002084070882559038,0.08853634986044516,0.0056089321572763825,0.06335174384439188,0.08835850342024937,1.3158415689615575e-17,1.4892076235188954e-16,0.08835850242554563,1.0046068712912303e-07,1.1369668381803459e-06,9.723158653186027e-06,9.723158653186027e-06,0.08835850247366413,1.0042956338664538e-07,1.1366145936728514e-06,0.010328903082717592,True
adamw_final_update_projection,46,7,53,torch.float32,1.1920928955078125e-07,7.079248571757639e-06,3.0094822012488944e-05,1.7576595060406077e-11,5.840405054767238e-07,4.05378416007067e-21,1.347003866109956e-16,1.0181363123884726e-07,0.003383011435006311,0.0881932338839218,0.004994849068600488,0.05663528650252932,0.0880516779265792,1.21552096165289e-17,1.380463144230411e-16,0.0880516794700686,1.0118525307619598e-07,1.149157559346632e-06,1.0328941579908957e-05,1.0328941579908957e-05,0.08805167921196255,1.013776199947771e-07,1.1513422674283776e-06,0.009814908837510404,True
adamw_final_update_projection,47,0,58,torch.float32,1.1920928955078125e-07,4.814231254404896e-06,4.856882350738082e-05,1.8808675341434232e-11,3.8725820357942065e-07,6.925257789269647e-21,1.425864842745833e-16,1.0424762231963307e-07,0.002146358859724335,0.09523665070083177,0.006105127057870633,0.06410480642634897,0.09504076525533398,1.3685436995942195e-17,1.4399544194720304e-16,0.09504076696818775,1.0465845155571892e-07,1.101195359573965e-06,1.0236391215704754e-05,1.0236391215704754e-05,0.0950407669001178,1.0449361107073085e-07,1.0994609416456774e-06,0.01020805173120151,True
adamw_final_update_projection,47,1,60,torch.float32,1.1920928955078125e-07,3.342961442244951e-06,4.960347703753846e-05,1.4344632424510652e-11,2.891860264887289e-07,7.149664324993394e-21,1.441363539814565e-16,1.0950852239611472e-07,0.002207637660882898,0.09206426362498167,0.006159060203285357,0.06689957602196141,0.09185801333701067,1.3579167794443515e-17,1.478277975011714e-16,0.09185801349017735,1.0923657793153495e-07,1.1891894215981053e-06,1.0509070353699826e-05,1.0509070353699826e-05,0.09185801330550411,1.0918444007204878e-07,1.1886218321413062e-06,0.010389543165786238,True
adamw_final_update_projection,47,2,60,torch.float32,1.1920928955078125e-07,3.920330339574255e-06,4.843454708865021e-05,1.54994203601956e-11,3.2000754196848095e-07,7.0824749953575e-21,1.4622775314476964e-16,1.009412171818289e-07,0.0020840230511040094,0.09405148299913625,0.00603547009093033,0.06417198217901315,0.09385762917908327,1.39361402094732e-17,1.4848169862550664e-16,0.0938576295858466,1.0044567300705577e-07,1.0701918794484728e-06,9.766802550631965e-06,9.766802550631965e-06,0.09385762943819327,1.0074229578622665e-07,1.0733522292140037e-06,0.010314767321645924,True
adamw_final_update_projection,47,3,49,torch.float32,1.1920928955078125e-07,5.138758647397377e-06,4.3658243865243375e-05,1.8518939041432258e-11,4.2417966005671866e-07,5.679738914538634e-21,1.3009545074855437e-16,9.141171704540675e-08,0.002093743030230753,0.08791017006550647,0.004646804919740894,0.05285855909820577,0.08778727245440618,1.16275427066227e-17,1.3245134951267182e-16,0.08778727255438666,9.208337322823505e-08,1.0489376255673831e-06,9.82849486706815e-06,9.82849486706815e-06,0.08778727262843157,9.212165385742958e-08,1.0493736859481183e-06,0.009372915701070062,True
adamw_final_update_projection,47,4,60,torch.float32,1.1920928955078125e-07,8.425881056896194e-06,5.063094922303492e-05,4.544936605056552e-11,8.97659766368512e-07,7.35727690237413e-21,1.4531185006955877e-16,1.1899801297938185e-07,0.0023502165447716735,0.135372194433645,0.014345250455812222,0.10596895851343971,0.13460997294086577,2.081780381676135e-17,1.5465275983605334e-16,0.13460997323955404,1.1937329745718287e-07,8.868087154637811e-07,1.1412906114670014e-05,1.1412906114670014e-05,0.1346099730755614,1.2046002573128957e-07,8.948818796930523e-07,0.010554719763834005,True
adamw_final_update_projection,47,5,53,torch.float32,1.1920928955078125e-07,5.678672305444112e-06,5.616163790841087e-05,2.3578470629328038e-11,4.19832318063446e-07,7.545715463742569e-21,1.3435711180733164e-16,9.393785917455302e-08,0.0016726162067458473,0.09204770164180469,0.007167849290312776,0.07787102950387413,0.09176819336834553,1.2779206432704277e-17,1.3925529057121364e-16,0.0917681945262223,9.4037814270584e-08,1.0247320954289144e-06,9.548438571028707e-06,9.548438571028707e-06,0.09176819460824118,9.397443572350236e-08,1.0240414571157212e-06,0.009841864198470511,True
adamw_final_update_projection,47,6,60,torch.float32,1.1920928955078125e-07,3.095485046437789e-06,5.321249422280941e-05,1.3901349853297698e-11,2.612422149409211e-07,7.735201068051984e-21,1.4536437693868847e-16,1.0079496764609313e-07,0.001894140836317919,0.08844261991993464,0.0055397658937973325,0.06263683616351905,0.08826895270786858,1.310049598609226e-17,1.4841567260290424e-16,0.08826895346891821,1.0040370708231898e-07,1.137474764756033e-06,9.737106139718478e-06,9.737106139718478e-06,0.08826895344795839,1.0044726854879543e-07,1.137968273386374e-06,0.010315926221555966,True
adamw_final_update_projection,47,7,53,torch.float32,1.1920928955078125e-07,7.079248571757639e-06,2.723305710573015e-05,1.485796563873565e-11,5.455856674867898e-07,3.708249731374969e-21,1.3616722195303085e-16,9.986004953439988e-08,0.0036668427794793695,0.08693678940581738,0.004874780292039596,0.056072697477753876,0.08680001076783218,1.1988143766073389e-17,1.3811223823622104e-16,0.08680001023634039,1.0057898094341799e-07,1.1587438834345758e-06,1.0337625466348867e-05,1.0337625466348867e-05,0.08680001004777199,1.0083467233621022e-07,1.161689638984074e-06,0.009754142541190738,True
adamw_final_update_projection,48,0,58,torch.float32,1.1920928955078125e-07,4.814231254404896e-06,4.8924356576326396e-05,2.0728747523495506e-11,4.236897319468432e-07,6.908261062304844e-21,1.4120290067643415e-16,1.0474039937967472e-07,0.0021408270998225613,0.09730455467925625,0.006281094922843287,0.06455088298330515,0.09710161794686328,1.4154333144238116e-17,1.4576825230640093e-16,0.09710161788978423,1.0468195188713139e-07,1.0780659906815483e-06,1.0253182028969419e-05,1.0253182028969419e-05,0.09710161771884077,1.0480857725989698e-07,1.0793700426636746e-06,0.010222053696478812,True
adamw_final_update_projection,48,1,60,torch.float32,1.1920928955078125e-07,3.342961442244951e-06,4.823594482890734e-05,1.358731628727495e-11,2.816844644687503e-07,7.019835074550552e-21,1.4553120291206384e-16,1.0919874979707418e-07,0.00226379616562182,0.08985864516186476,0.005893333693250397,0.06558449309617988,0.08966518124838606,1.311342433657664e-17,1.4624879082383693e-16,0.08966518110031402,1.087593135904113e-07,1.2129492435724353e-06,1.0519278178515354e-05,1.0519278178515354e-05,0.0896651811932203,1.0901803322762444e-07,1.2158346392308125e-06,0.01036364200827806,True
adamw_final_update_projection,48,2,60,torch.float32,1.1920928955078125e-07,3.920330339574255e-06,4.831287237852604e-05,1.5446393711637395e-11,3.1971590491694633e-07,7.001094148327643e-21,1.449115691875076e-16,1.0175881051576245e-07,0.002106151577688137,0.09401904390253985,0.006005626526718242,0.06387670281931047,0.09382703803472267,1.407804485896826e-17,1.5004251603635173e-16,0.0938270377254074,1.0115927103856353e-07,1.0781462730883023e-06,9.781825209946068e-06,9.781825209946068e-06,0.09382703779130562,1.0145939761840295e-07,1.081344994009867e-06,0.010372235798615579,True
adamw_final_update_projection,48,3,49,torch.float32,1.1920928955078125e-07,5.138758647397377e-06,4.025918929733699e-05,1.6133017856209356e-11,4.0072883080326957e-07,5.223246347060317e-21,1.297404751120072e-16,9.207982915974965e-08,0.002287082339510509,0.08727873884426125,0.004578598314212648,0.05245949213797215,0.08715856063360528,1.141442584650414e-17,1.3096161482619917e-16,0.08715856017938917,9.236211033734264e-08,1.0597021124172262e-06,9.840416595747149e-06,9.840416595747149e-06,0.0871585604096517,9.235827323939976e-08,1.0596580852793922e-06,0.009385606019903197,True
adamw_final_update_projection,48,4,60,torch.float32,1.1920928955078125e-07,8.425881056896194e-06,5.1808272981297644e-05,4.1322389705351864e-11,7.976021459018505e-07,7.46268637640293e-21,1.4404429923960737e-16,1.1804302724718531e-07,0.002278397878375915,0.13443358486497234,0.014207135403482419,0.10568144424440021,0.13368076167973772,2.0725892043522294e-17,1.5504020012375318e-16,0.13368076139342958,1.1830927488824774e-07,8.850134728067359e-07,1.143900620702541e-05,1.143900620702541e-05,0.13368076163146347,1.193334859501739e-07,8.926750902209645e-07,0.010432155013333567,True
adamw_final_update_projection,48,5,53,torch.float32,1.1920928955078125e-07,5.678672305444112e-06,7.233222819685136e-05,2.7085166871645514e-11,3.744550326575525e-07,9.711718003380874e-21,1.3426543389415875e-16,9.275048059272859e-08,0.0012822740907340957,0.08987079022899407,0.006975847624988283,0.07762085553285519,0.08959964557015168,1.247843002809584e-17,1.3926874318186787e-16,0.08959964558582602,9.356949445711016e-08,1.0443065242650038e-06,9.56082524555215e-06,9.56082524555215e-06,0.08959964582103516,9.398678972618348e-08,1.0489638532044103e-06,0.009830405567752392,True
adamw_final_update_projection,48,6,60,torch.float32,1.1920928955078125e-07,3.095485046437789e-06,5.174433800745606e-05,1.2763226618848806e-11,2.466593855546031e-07,7.544695192270374e-21,1.458071642772482e-16,1.0080865146230868e-07,0.0019481983511855617,0.08728915636924503,0.005402908262599811,0.061896671789847216,0.0871217848873658,1.2948907779539092e-17,1.4862996432269965e-16,0.0871217853984081,1.0044199648754529e-07,1.152891851655976e-06,9.750114815904463e-06,9.750114815904463e-06,0.08712178532250474,1.0074782202169868e-07,1.1564021748263479e-06,0.01033298826977484,True
adamw_final_update_projection,48,7,53,torch.float32,1.1920928955078125e-07,7.079248571757639e-06,2.6306975798529194e-05,1.483296215091889e-11,5.638414033036891e-07,3.605380913677129e-21,1.370503755843831e-16,1.0058155392537659e-07,0.0038232299852714287,0.08546224731313097,0.004730419185099107,0.055350980506831286,0.08533123021581258,1.1714344116483795e-17,1.372808535263919e-16,0.08533123065157841,1.0112129388310481e-07,1.185044363135929e-06,1.0346054886664704e-05,1.0346054886664704e-05,0.0853312303966011,1.0106019782563019e-07,1.1843283796087816e-06,0.009767993591053657,True
adamw_final_update_projection,49,0,58,torch.float32,1.1920928955078125e-07,4.814231254404896e-06,4.004387578560747e-05,1.538874657935237e-11,3.842971310205537e-07,5.736460663017551e-21,1.432543816120758e-16,1.0484448834860401e-07,0.0026180646766154935,0.09502009204137937,0.0060339074087615895,0.06350138459278636,0.09482831777973656,1.3635386131274391e-17,1.4379023534875018e-16,0.094828317977825,1.0511334383629734e-07,1.108459435723382e-06,1.0266000556740595e-05,1.0266000556740595e-05,0.09482831794032305,1.051679607109629e-07,1.1090353914866099e-06,0.010244297195358151,True
adamw_final_update_projection,49,1,60,torch.float32,1.1920928955078125e-07,3.342961442244951e-06,5.163388566733704e-05,1.3780466206796655e-11,2.668880334821287e-07,7.529205084656832e-21,1.4581906798891143e-16,1.0945678351322759e-07,0.0021198328606462664,0.08861057448087925,0.005719378491234889,0.06454510113202166,0.08842580290563071,1.3174433343276474e-17,1.489885634098954e-16,0.08842580386774854,1.0974294746271152e-07,1.2410737891265918e-06,1.053056823116664e-05,1.053056823116664e-05,0.08842580364250692,1.0995843881041489e-07,1.2435107658728372e-06,0.010441833374668048,True
adamw_final_update_projection,49,2,60,torch.float32,1.1920928955078125e-07,3.920330339574255e-06,4.772504084607831e-05,1.4952139395895192e-11,3.1329757148073446e-07,7.028487110476379e-21,1.4727042629769216e-16,1.0226642135525089e-07,0.002142814785289378,0.09198614317625263,0.00575623664112489,0.06257721481044695,0.09180586188350622,1.3739644827528801e-17,1.4965977711709995e-16,0.09180586203345895,1.0179949815228616e-07,1.1088561873661728e-06,9.7952611191374e-06,9.7952611191374e-06,0.09180586212237964,1.0190287282571071e-07,1.1099822001548387e-06,0.010403282933072496,True
adamw_final_update_projection,49,3,49,torch.float32,1.1920928955078125e-07,5.138758647397377e-06,4.359548425453212e-05,1.83419077214421e-11,4.2072953277346155e-07,5.6788855240482876e-21,1.3026315961746477e-16,9.263605183694331e-08,0.0021248306244080377,0.08620633752070873,0.0044736628111071075,0.0518948251343172,0.08609017928769153,1.1318946356333119e-17,1.3147778817497956e-16,0.08609017864292896,9.219082617049835e-08,1.0708634553178553e-06,9.851954594608625e-06,9.851954594608625e-06,0.08609017883648341,9.236162322221175e-08,1.0728473848061122e-06,0.009374954211903862,True
adamw_final_update_projection,49,4,60,torch.float32,1.1920928955078125e-07,8.425881056896194e-06,5.0385360680865626e-05,3.828797541376691e-11,7.599027752580358e-07,7.436361060914555e-21,1.4758971575132015e-16,1.1831320451964753e-07,0.002348058872562004,0.13289222546767818,0.013887086534589387,0.10449886353936469,0.13216464132790223,2.0405621729541803e-17,1.5439546859522878e-16,0.13216464082101068,1.1946962736061096e-07,9.039454624055426e-07,1.146509270116405e-05,1.146509270116405e-05,0.13216464094270788,1.2036111651272053e-07,9.106907540035306e-07,0.010498050007088061,True
adamw_final_update_projection,49,5,53,torch.float32,1.1920928955078125e-07,5.678672305444112e-06,5.3836053308891594e-05,2.3719111251646977e-11,4.405804250834545e-07,7.215914228262748e-21,1.3403497813744203e-16,9.360452320567726e-08,0.0017387026851645659,0.08766254089608766,0.006743678723740469,0.0769277122794582,0.08740276811193803,1.2055096074742947e-17,1.3792579268546512e-16,0.08740276867070715,9.399103515314295e-08,1.0753782355254364e-06,9.573282119041539e-06,9.573282119041539e-06,0.0874027688352362,9.418781678797898e-08,1.0776296682949865e-06,0.009838612882893803,True
adamw_final_update_projection,49,6,60,torch.float32,1.1920928955078125e-07,3.095485046437789e-06,4.901646061606795e-05,1.2619414539085171e-11,2.5745258593698697e-07,7.12256839409052e-21,1.453097246225062e-16,1.0085839642617357e-07,0.0020576157870353644,0.08632079333078972,0.005260724580909139,0.060943885915755294,0.08616033970534662,1.2777161336245971e-17,1.4829515969808895e-16,0.0861603405972401,1.0182268376437651e-07,1.1817813515890175e-06,9.763331784944385e-06,9.763331784944385e-06,0.08616034049058595,1.0158910194503832e-07,1.1790703398640602e-06,0.010405167434921602,True
adamw_final_update_projection,49,7,53,torch.float32,1.1920928955078125e-07,7.079248571757639e-06,2.731538390213987e-05,1.5781992365782662e-11,5.777693779565115e-07,3.743942663485213e-21,1.3706351984284353e-16,1.0147029692085515e-07,0.0037145507001284197,0.08404240445841367,0.0045814770733074665,0.05451387430942077,0.0839174345114193,1.161501632715319e-17,1.384100502449541e-16,0.08391743516318804,1.0003216858702196e-07,1.1920308144844607e-06,1.0354647830359303e-05,1.0354647830359303e-05,0.08391743508379489,1.0025184998956674e-07,1.194648643508483e-06,0.00968182130691431,True
adamw_final_update_projection,50,0,58,torch.float32,1.1920928955078125e-07,4.814231254404896e-06,3.9362190698484144e-05,1.5166430771593185e-11,3.8530453977444026e-07,5.6540170103097395e-21,1.4364081139741792e-16,1.0553393101047348e-07,0.0026810557451548197,0.09300002543114565,0.005819015842467229,0.06257004571225036,0.09281779885786373,1.3392771716166752e-17,1.4429098600663581e-16,0.092817799037428,1.0514820948601911e-07,1.1328453225185718e-06,1.0278774740910059e-05,1.0278774740910059e-05,0.09281779876304384,1.053203400269102e-07,1.1346998251465143e-06,0.010246390516539852,True
adamw_final_update_projection,50,1,60,torch.float32,1.1920928955078125e-07,3.342961442244951e-06,5.118841064813461e-05,1.4936866835710227e-11,2.9180173102824303e-07,7.475163127599253e-21,1.460323349162625e-16,1.0992296523313314e-07,0.0021473802724371075,0.08664505794869769,0.00552519543819616,0.06376815445686024,0.08646871273647433,1.2787999389206042e-17,1.4789163599762708e-16,0.08646871404160214,1.0904474881174604e-07,1.2610890542362182e-06,1.0541032482615904e-05,1.0541032482615904e-05,0.08646871436468781,1.091011617809601e-07,1.2617414585443976e-06,0.010350139984948147,True
adamw_final_update_projection,50,2,60,torch.float32,1.1920928955078125e-07,3.920330339574255e-06,4.688220011200255e-05,1.4090746770826277e-11,3.005564315915889e-07,6.738084391745843e-21,1.437237240498254e-16,1.0126519564230224e-07,0.0021599606243335352,0.090946262288313,0.005636023022832685,0.06197091426325652,0.09077145954924777,1.3520014039479592e-17,1.4894564995007435e-16,0.0907714585554672,1.0177636956298926e-07,1.121237569415031e-06,9.809368282215385e-06,9.809368282215385e-06,0.09077145863451884,1.0194656363812096e-07,1.1231125418904793e-06,0.01039277563091932,True
adamw_final_update_projection,50,3,49,torch.float32,1.1920928955078125e-07,5.138758647397377e-06,4.0211860114921586e-05,1.8073624960837028e-11,4.494600575348757e-07,5.2649175282881216e-21,1.309294698937585e-16,9.300393622793574e-08,0.002312801574461603,0.08588849369861304,0.004421554038775194,0.05148016746330009,0.0857746070215357,1.1326117268652936e-17,1.3204510824292382e-16,0.085774608173763,9.292255713966117e-08,1.0833340905669635e-06,9.863981745498429e-06,9.863981745498429e-06,0.08577460789462914,9.290861069684646e-08,1.0831715000199265e-06,0.009418976341805038,True
adamw_final_update_projection,50,4,60,torch.float32,1.1920928955078125e-07,8.425881056896194e-06,5.1100036078147084e-05,3.901012650911446e-11,7.634070247906759e-07,7.410719945145253e-21,1.4502377129077223e-16,1.1949794656318976e-07,0.0023385082235298396,0.1317997477422846,0.013600342516307271,0.10318944269074612,0.1310961638964656,1.993567407187446e-17,1.5206908790724677e-16,0.1310961630268933,1.1800268072490597e-07,9.001230699688647e-07,1.1491607722566757e-05,1.1491607722566757e-05,0.1310961630145333,1.1909554083967016e-07,9.084593942422803e-07,0.010363697031338368,True
adamw_final_update_projection,50,5,53,torch.float32,1.1920928955078125e-07,5.678672305444112e-06,6.927300472175237e-05,3.061404235074734e-11,4.4193322454705425e-07,9.445762641431282e-21,1.363556074891342e-16,9.306675581583092e-08,0.001343448245327556,0.08769998211290743,0.006847706346185986,0.07808104609839095,0.08743223536202588,1.2102021435549232e-17,1.384160131036231e-16,0.08743223546430637,9.367421581914974e-08,1.0713922081677944e-06,9.587725384909028e-06,9.587725384909028e-06,0.0874322351335244,9.380562715470027e-08,1.0728952200689205e-06,0.009783929283409522,True
adamw_final_update_projection,50,6,60,torch.float32,1.1920928955078125e-07,3.095485046437789e-06,5.025905860710123e-05,1.279631360747972e-11,2.5460710888985286e-07,7.287045509308799e-21,1.4498969362469178e-16,1.0177782531762948e-07,0.0020249857237140323,0.08577865877309175,0.005151032592008281,0.060050281336692206,0.0856238586151464,1.2640867209202775e-17,1.4763253389478377e-16,0.08562385856092415,1.0173220100793436e-07,1.188129135006788e-06,9.776763934577724e-06,9.776763934577724e-06,0.08562385866792362,1.017157794937035e-07,1.187937346857836e-06,0.01040382893300336,True
adamw_final_update_projection,50,7,53,torch.float32,1.1920928955078125e-07,7.079248571757639e-06,2.6931811716432144e-05,1.519568677245712e-11,5.642281675088958e-07,3.641159519955051e-21,1.3519920450557795e-16,1.0086830045964811e-07,0.0037451805360422252,0.0839129451271353,0.004537883619215456,0.05407846920806049,0.08379015438682565,1.1634848748569553e-17,1.3885699141758477e-16,0.08379015450420266,1.0105467012323518e-07,1.2060446805616833e-06,1.0363816152376653e-05,1.0363816152376653e-05,0.08379015463306826,1.013969658417966e-07,1.2101298331030854e-06,0.00978374802784822,True
adamw_final_update_projection,51,0,58,torch.float32,1.1920928955078125e-07,4.814231254404896e-06,3.884740808722337e-05,1.4922381905654982e-11,3.8412812180802464e-07,5.534990697454895e-21,1.4248030872555746e-16,1.048257258259326e-07,0.0026984308620045167,0.08947767762605308,0.005520725705233636,0.061699474681338566,0.0893072022909656,1.29217471010279e-17,1.4468874591915277e-16,0.08930720331700649,1.0513055944804768e-07,1.1771789457438759e-06,1.0290030749613069e-05,1.0290030749613069e-05,0.08930720330994327,1.056178027132758e-07,1.1826347573188034e-06,0.01026409009683934,True
adamw_final_update_projection,51,1,60,torch.float32,1.1920928955078125e-07,3.342961442244951e-06,4.5320674107462274e-05,1.2581292368481176e-11,2.776060289537839e-07,6.6080183496044736e-21,1.4580582658448776e-16,1.1036386873499592e-07,0.0024351271126621427,0.08445530397374863,0.0053489888075746615,0.06333514363097072,0.08428574427526117,1.2501941978804881e-17,1.4832807239591933e-16,0.08428574532397157,1.1012158833105315e-07,1.306526838052812e-06,1.0550790484411676e-05,1.0550790484411676e-05,0.08428574537312053,1.1041906012401814e-07,1.310056162346424e-06,0.010465477471774023,True
adamw_final_update_projection,51,2,60,torch.float32,1.1920928955078125e-07,3.920330339574255e-06,4.924823024467264e-05,1.5857008868642432e-11,3.2198129333505834e-07,7.143115007200895e-21,1.4504308016172748e-16,1.0119080493348284e-07,0.0020547312447772134,0.08952974317488974,0.00545058956986564,0.06088021004615546,0.08936367263213049,1.3314795227254904e-17,1.489956134867671e-16,0.0893636717428943,1.0097107118608878e-07,1.1298894642175156e-06,9.823203357998696e-06,9.823203357998696e-06,0.08936367189420796,1.008688481723661e-07,1.1287455633177025e-06,0.010268427161312106,True
adamw_final_update_projection,51,3,49,torch.float32,1.1920928955078125e-07,5.138758647397377e-06,4.2734536299323426e-05,1.7828493604497282e-11,4.171916943153901e-07,5.6952591614962456e-21,1.3327064371555868e-16,9.18387289338509e-08,0.0021490088024372356,0.08473329275417624,0.004300889752129542,0.05075796788172811,0.08462407014735797,1.1184290792826956e-17,1.3216441579034754e-16,0.08462407010061017,9.258994946044486e-08,1.0941325482261016e-06,9.875077160198154e-06,9.875077160198154e-06,0.08462407007122859,9.293555109294772e-08,1.0982165123318142e-06,0.009411121511792103,True
adamw_final_update_projection,51,4,60,torch.float32,1.1920928955078125e-07,8.425881056896194e-06,4.882933784214435e-05,3.6407504389109315e-11,7.456071697471634e-07,7.172246580990496e-21,1.4688396152696052e-16,1.1946868283421451e-07,0.002446557077412498,0.13075021272548834,0.013398849663303576,0.10247669494377515,0.13006186587720722,1.995778265322589e-17,1.534483802659593e-16,0.13006186553346957,1.1987059939366955e-07,9.216429343220711e-07,1.1518581701768985e-05,1.1518581701768985e-05,0.130061865526341,1.2059828665529543e-07,9.272378661281854e-07,0.010469890284910193,True
adamw_final_update_projection,51,5,53,torch.float32,1.1920928955078125e-07,5.678672305444112e-06,4.790023450304769e-05,2.1137127301355426e-11,4.4127398374240863e-07,6.467885996826319e-21,1.350282741604412e-16,9.278186172119432e-08,0.0019369665169057357,0.08608252820573013,0.006634134071990393,0.07706713789975313,0.08582651063281777,1.1847778122640336e-17,1.3804333923497597e-16,0.08582651051948825,9.338516524682973e-08,1.0880689973481465e-06,9.60043163774933e-06,9.60043163774933e-06,0.08582651064331819,9.357525339788349e-08,1.0902837910627392e-06,0.009746983982464015,True
adamw_final_update_projection,51,6,60,torch.float32,1.1920928955078125e-07,3.095485046437789e-06,5.360490549326949e-05,1.3447473808874525e-11,2.508627463313588e-07,7.846944760729737e-21,1.463848259505882e-16,1.0163126917519034e-07,0.0018958964165561888,0.08475223739164188,0.005026594880670482,0.059309288289847516,0.08460304419342625,1.2469267509258446e-17,1.4738556547386414e-16,0.08460304287038674,1.0091771174157949e-07,1.1928378497708066e-06,9.789615760859438e-06,9.789615760859438e-06,0.08460304282006081,1.0119765094294179e-07,1.1961467054816864e-06,0.010337244424602174,True
adamw_final_update_projection,51,7,53,torch.float32,1.1920928955078125e-07,7.079248571757639e-06,2.626025534431876e-05,1.435646272754653e-11,5.46699281454339e-07,3.565345307902464e-21,1.3576963594431827e-16,1.0148395275906109e-07,0.003864301513950033,0.082300413217861,0.004395219098828347,0.053404581179848656,0.08218296699988364,1.1416170821518554e-17,1.3891164116202714e-16,0.08218296633583161,1.0097093702787065e-07,1.2286114937159127e-06,1.0371390758128127e-05,1.0371390758128127e-05,0.08218296662344513,1.0121415162356946e-07,1.2315709176978667e-06,0.009758975819539656,True
adamw_final_update_projection,52,0,58,torch.float32,1.1920928955078125e-07,4.814231254404896e-06,3.878637102494681e-05,1.6367614831632605e-11,4.2199397363329514e-07,5.607483377981054e-21,1.4457355070354237e-16,1.0538847633232017e-07,0.002717070767034466,0.08700919265095546,0.005303649932700605,0.060955052806622785,0.08684740009443256,1.2442937232029682e-17,1.4327357201827564e-16,0.08684739931628359,1.0566939304662987e-07,1.2167248976771284e-06,1.0301924601620271e-05,1.0301924601620271e-05,0.0868473993152575,1.0550652181962382e-07,1.2148495251611783e-06,0.010241437973932552,True
adamw_final_update_projection,52,1,60,torch.float32,1.1920928955078125e-07,3.342961442244951e-06,4.7224489585943516e-05,1.276895973626249e-11,2.703885176572285e-07,6.715298232809089e-21,1.4219948784386988e-16,1.0989054231670666e-07,0.00232693832026408,0.08442613137366499,0.005297040784332244,0.06274172105420607,0.08425979478762372,1.2414704536925355e-17,1.4733841410623584e-16,0.08425979388474208,1.0950461797503752e-07,1.2996070002832847e-06,1.0562305012581047e-05,1.0562305012581047e-05,0.08425979390137762,1.0962415488372634e-07,1.3010256708203748e-06,0.010378809810278158,True
adamw_final_update_projection,52,2,60,torch.float32,1.1920928955078125e-07,3.920330339574255e-06,4.2070856796419426e-05,1.3564861502531024e-11,3.2242893383824557e-07,6.16598336866665e-21,1.4656186819546176e-16,1.0126499492504593e-07,0.0024069684227192548,0.08812055963298113,0.005278236653649969,0.05989790209723621,0.0879623399407829,1.3054851883319149e-17,1.4841410417353383e-16,0.08796234110069669,1.0230358010556582e-07,1.1630383960387288e-06,9.83656980668966e-06,9.83656980668966e-06,0.08796234104551519,1.0258785125114198e-07,1.1662701336934516e-06,0.010429230236476742,True
adamw_final_update_projection,52,3,49,torch.float32,1.1920928955078125e-07,5.138758647397377e-06,3.846958917022534e-05,1.5283754745454848e-11,3.972944623303686e-07,4.932804675125948e-21,1.2822608147175704e-16,9.306921966905851e-08,0.0024192205497324992,0.08286005435178685,0.004173869189955818,0.05037251330098614,0.08275486344116707,1.1009688092741226e-17,1.3303977113766064e-16,0.08275486371933721,9.304746220789878e-08,1.1243745446004102e-06,9.88539578263442e-06,9.88539578263442e-06,0.0827548637175872,9.291299957042457e-08,1.1227497139926842e-06,0.009399016651780797,True
adamw_final_update_projection,52,4,60,torch.float32,1.1920928955078125e-07,8.425881056896194e-06,5.322986282507328e-05,3.901232458550543e-11,7.32902970531969e-07,7.758794505048932e-21,1.4576018222230565e-16,1.2028378721511806e-07,0.0022596516246305245,0.1297325072570736,0.013185482464748703,0.10163591796326568,0.12906070854980792,1.9804433841139913e-17,1.534505277684638e-16,0.12906070847003154,1.2018958351977506e-07,9.312639372941581e-07,1.15453343236802e-05,1.15453343236802e-05,0.12906070828695088,1.21009485543017e-07,9.376167785625897e-07,0.01048124568335964,True
adamw_final_update_projection,52,5,53,torch.float32,1.1920928955078125e-07,5.678672305444112e-06,4.9794262366039265e-05,2.2233274554960452e-11,4.4650273944260724e-07,6.805141103169375e-21,1.3666516541896407e-16,9.408514401477082e-08,0.0018894790801073586,0.08587043586806757,0.006530156824485351,0.07604662487702249,0.08562177765042918,1.1844367018554847e-17,1.3833357988562478e-16,0.08562177712721485,9.307882404412332e-08,1.087092877152374e-06,9.614361911217301e-06,9.614361911217301e-06,0.08562177742754934,9.342689548317618e-08,1.0911580942387151e-06,0.009717430688163801,True
adamw_final_update_projection,52,6,60,torch.float32,1.1920928955078125e-07,3.095485046437789e-06,5.1144102151357465e-05,1.2545815349607024e-11,2.45303267080113e-07,7.476956990844363e-21,1.4619392415409005e-16,1.0202843409050909e-07,0.001994921825928608,0.08446158002847498,0.0049703861458478054,0.0588478944411425,0.08431520481187037,1.2549255971889408e-17,1.4883740127169391e-16,0.08431520499864,1.0194522409143969e-07,1.2090965572945482e-06,9.802920010741769e-06,9.802920010741769e-06,0.0843152049176784,1.02145475687893e-07,1.2114715938557378e-06,0.010419903006039507,True
adamw_final_update_projection,52,7,53,torch.float32,1.1920928955078125e-07,7.079248571757639e-06,2.885127349318721e-05,1.596521106385781e-11,5.533624388409667e-07,3.948687030315255e-21,1.3686352636213032e-16,1.0207139199541613e-07,0.0035377010909894446,0.082200860552214,0.00437709602401583,0.053248785896049075,0.08208424030178434,1.1355409903945844e-17,1.383384905823268e-16,0.08208423991850367,1.0154028155739945e-07,1.2370253005718574e-06,1.0380445265007334e-05,1.0380445265007334e-05,0.08208423957022791,1.0183486012775919e-07,1.2406140406604298e-06,0.00981025934128725,True
adamw_final_update_projection,53,0,58,torch.float32,1.1920928955078125e-07,4.814231254404896e-06,4.051860328660199e-05,1.5774532088141755e-11,3.8931579098526854e-07,5.730047075422056e-21,1.414176849802028e-16,1.0419489926945467e-07,0.002571437480164861,0.08363333318057861,0.0050355194617349415,0.06020947952489706,0.08348160253998578,1.205353685230333e-17,1.4438554706146135e-16,0.08348160262874178,1.0506326085713761e-07,1.258519931922887e-06,1.031296209541572e-05,1.031296209541572e-05,0.08348160228299682,1.051129576157124e-07,1.2591152390605392e-06,0.010192314937571313,True
adamw_final_update_projection,53,1,60,torch.float32,1.1920928955078125e-07,3.342961442244951e-06,4.449073918893063e-05,1.2006452422001492e-11,2.698640805003464e-07,6.490761638849676e-21,1.4589017303773693e-16,1.1042099358928418e-07,0.002481786375032787,0.08306283986738099,0.005137389008000839,0.061849426484854704,0.0829038153586109,1.2340213452810682e-17,1.4884976523012282e-16,0.08290381659233467,1.102174797028902e-07,1.3294620710270287e-06,1.057245166182636e-05,1.057245166182636e-05,0.08290381665023999,1.1018643445471965e-07,1.3290875970111405e-06,0.010422032465049386,True
adamw_final_update_projection,53,2,60,torch.float32,1.1920928955078125e-07,3.920330339574255e-06,4.372948673239733e-05,1.3795484238244012e-11,3.154732714487481e-07,6.4299426376366215e-21,1.4703906032524429e-16,1.0183484915046873e-07,0.0023286974832628245,0.08608068775682173,0.0050907553101463806,0.059139342898000345,0.08593002394425162,1.271907930420984e-17,1.480167084843539e-16,0.08593002398553115,1.0269734080827927e-07,1.1951275706099114e-06,9.849232543822831e-06,9.849232543822831e-06,0.08593002426272105,1.0304571016791608e-07,1.1991816719714382e-06,0.010462308581854282,True
adamw_final_update_projection,53,3,49,torch.float32,1.1920928955078125e-07,5.138758647397377e-06,4.174626593198636e-05,1.821923525121831e-11,4.3642790186076426e-07,5.443410481922904e-21,1.303927515527235e-16,9.283732550292726e-08,0.0022237816566136413,0.08212210072603951,0.004114518439110365,0.050102449921933405,0.0820189622323521,1.0832490076136866e-17,1.3207299606461039e-16,0.08201896204205518,9.274508898157127e-08,1.1307761848292627e-06,9.89686088177365e-06,9.89686088177365e-06,0.08201896221067213,9.28150459645637e-08,1.13162911920491e-06,0.009378230842417378,True
adamw_final_update_projection,53,4,60,torch.float32,1.1920928955078125e-07,8.425881056896194e-06,4.66139354274659e-05,3.22655955642569e-11,6.921877603418428e-07,6.6720930597289205e-21,1.4313515901511254e-16,1.1909088910358335e-07,0.0025547435739526453,0.12811874988603125,0.012878132105128708,0.10051715394182759,0.12746987010992944,1.9314348727239763e-17,1.5152089439318606e-16,0.1274698691928779,1.2020648768670407e-07,9.430188361205312e-07,1.1571291477787187e-05,1.1571291477787187e-05,0.12746986916797476,1.2149682040184207e-07,9.53141485080983e-07,0.010499849617916312,True
adamw_final_update_projection,53,5,53,torch.float32,1.1920928955078125e-07,5.678672305444112e-06,4.75734838856894e-05,2.0798874704328832e-11,4.3719469346211475e-07,6.406771257076827e-21,1.3467105483533156e-16,9.347567149293181e-08,0.0019648013041866255,0.08468372946206722,0.006328174555565489,0.07472715946455923,0.08444695519910049,1.1622240074235446e-17,1.3762769832060496e-16,0.08444695562866061,9.389858938395308e-08,1.1119239134783522e-06,9.62737627291611e-06,9.62737627291611e-06,0.08444695559680733,9.42158563530484e-08,1.115680911019253e-06,0.009786244318516766,True
adamw_final_update_projection,53,6,60,torch.float32,1.1920928955078125e-07,3.095485046437789e-06,5.006326649185168e-05,1.1846939648619132e-11,2.3663936612181198e-07,7.215882475084885e-21,1.4413527084293525e-16,1.0150136130202765e-07,0.0020274953149267503,0.08361399350932895,0.004846554282358621,0.05796343505370166,0.0834734138643332,1.2272174617126115e-17,1.470189614752274e-16,0.08347341363269345,1.0194424485638075e-07,1.221278014398263e-06,9.815752611394762e-06,9.815752611394762e-06,0.08347341369708423,1.0189811826017638e-07,1.2207254231862778e-06,0.010381080523757948,True
adamw_final_update_projection,53,7,53,torch.float32,1.1920928955078125e-07,7.079248571757639e-06,2.6574834946158162e-05,1.458865689542429e-11,5.489650989359513e-07,3.6273521967092475e-21,1.3649575638226828e-16,1.0136760731823192e-07,0.003814230244345682,0.0815762830868108,0.0043042481844683175,0.052763475137594565,0.08146265039774972,1.125807751951315e-17,1.3819925406974161e-16,0.08146265009165651,1.0220722243422185e-07,1.2546513318585253e-06,1.038892248301784e-05,1.038892248301784e-05,0.08146265021156499,1.0258153069972029e-07,1.2592461751895855e-06,0.009874126105705792,True
adamw_final_update_projection,54,0,58,torch.float32,1.1920928955078125e-07,4.814231254404896e-06,4.976296473212675e-05,1.935415671343421e-11,3.889269222124793e-07,7.029553466312901e-21,1.412607448963985e-16,1.052586257688104e-07,0.0021151329821288267,0.08210587790852604,0.0048998385275108615,0.05967707370439129,0.08195954349271417,1.1759305771669376e-17,1.4347695546540868e-16,0.0819595437402155,1.0531559993557861e-07,1.2849705492431003e-06,1.0325315838595234e-05,1.0325315838595234e-05,0.08195954351703108,1.053394818487192e-07,1.285261939347305e-06,0.010202059045493634,True
adamw_final_update_projection,54,1,60,torch.float32,1.1920928955078125e-07,3.342961442244951e-06,4.708371684277776e-05,1.270118634735821e-11,2.697575127675262e-07,6.8027845836555e-21,1.4448274350072334e-16,1.0949299624238321e-07,0.0023254414906496252,0.08228103489261289,0.005007517277541574,0.0608587055823619,0.08212851802945492,1.2077822887365332e-17,1.4706003684412873e-16,0.08212851816528122,1.1064217970735083e-07,1.3471834410148093e-06,1.0582976517087977e-05,1.0582976517087977e-05,0.08212851812326662,1.1076042171442165e-07,1.3486231609363928e-06,0.01046590451519764,True
adamw_final_update_projection,54,2,60,torch.float32,1.1920928955078125e-07,3.920330339574255e-06,5.66862897339276e-05,1.7835690306275745e-11,3.1463852000179184e-07,8.290757665355315e-21,1.4625684101518435e-16,1.0265025777775467e-07,0.0018108027828026973,0.08656347390192276,0.005116461873780476,0.05910647578189244,0.08641213359166068,1.2899451526074085e-17,1.4927824357433715e-16,0.08641213359918828,1.021956319454707e-07,1.182653727999498e-06,9.864086820592042e-06,9.864086820592042e-06,0.08641213352491278,1.0233696677205463e-07,1.1842893190752048e-06,0.010374702558215355,True
adamw_final_update_projection,54,3,49,torch.float32,1.1920928955078125e-07,5.138758647397377e-06,4.558030779156533e-05,1.8169427208658916e-11,3.9862449573061426e-07,5.882271706910011e-21,1.2905291762858602e-16,9.30798620740936e-08,0.0020420908947380635,0.08211026505204001,0.004102655469808853,0.04996519579139908,0.08200770600993734,1.0873577122605755e-17,1.3259213861302427e-16,0.08200770689013234,9.230460018103688e-08,1.125560068454292e-06,9.908935417865517e-06,9.908935417865517e-06,0.08200770671408376,9.238114465769075e-08,1.1264934523748302e-06,0.00932301410413174,True
adamw_final_update_projection,54,4,60,torch.float32,1.1920928955078125e-07,8.425881056896194e-06,6.127018026935855e-05,4.2935516997888996e-11,7.007571515072106e-07,8.763454875825623e-21,1.4302968976591066e-16,1.1945245035689735e-07,0.0019495653395546198,0.12860773076809712,0.012802432640633231,0.09954636913482535,0.12796892643060426,1.9557289527373364e-17,1.5282842540668656e-16,0.12796892635800064,1.200940923931611e-07,9.384629207342943e-07,1.1599002064582055e-05,1.1599002064582055e-05,0.12796892682674485,1.2103853244119164e-07,9.458431467903441e-07,0.010435253978511383,True
adamw_final_update_projection,54,5,53,torch.float32,1.1920928955078125e-07,5.678672305444112e-06,6.64566414438532e-05,2.5751109199078943e-11,3.8748736980389115e-07,8.790664130405886e-21,1.3227668355514865e-16,9.371572975189583e-08,0.0014101485385327188,0.08251901988400077,0.0059863897054661,0.07254557450974734,0.08230159039113646,1.1499611423909776e-17,1.3972526374348455e-16,0.08230159048973167,9.434155788652773e-08,1.1462908228766032e-06,9.639307347653457e-06,9.639307347653457e-06,0.08230159017808354,9.454786673895687e-08,1.1487975692131214e-06,0.009808574758431488,True
adamw_final_update_projection,54,6,60,torch.float32,1.1920928955078125e-07,3.095485046437789e-06,5.313386923754329e-05,1.497037307126704e-11,2.8174821984711187e-07,7.683772244240566e-21,1.4461156988002065e-16,1.0241745841524773e-07,0.001927547974718922,0.08288644312791661,0.0047507511045000875,0.05731638281508075,0.08275018319218662,1.2199088881263571e-17,1.4742068731051976e-16,0.0827501836307186,1.0281342572921305e-07,1.2424555598333023e-06,9.828373766846486e-06,9.828373766846486e-06,0.08275018357966132,1.0272682246490878e-07,1.2414089977941438e-06,0.010452067137640974,True
adamw_final_update_projection,54,7,53,torch.float32,1.1920928955078125e-07,7.079248571757639e-06,2.8767562203104608e-05,1.5714861278048434e-11,5.462701763569135e-07,3.8965687267816206e-21,1.3545008434401445e-16,1.0092735944678614e-07,0.0035082058050137335,0.08073258970557513,0.004237288860785654,0.052485481714864904,0.08062131494635272,1.110987855826881e-17,1.3780324180598616e-16,0.08062131508357981,1.0149929637650118e-07,1.2589635417293461e-06,1.0396827597369296e-05,1.0396827597369296e-05,0.08062131481727719,1.0160924570970342e-07,1.2603273208827464e-06,0.009773100953930752,True
adamw_final_update_projection,55,0,58,torch.float32,1.1920928955078125e-07,4.814231254404896e-06,3.859340518425173e-05,1.4718727738245598e-11,3.8137934882853153e-07,5.462835512513637e-21,1.415484196440685e-16,1.0642607733057822e-07,0.0027574709162403043,0.08099543372932842,0.004825039483559721,0.05957174696642899,0.0808515879805964,1.1578294483259564e-17,1.4320429285864174e-16,0.08085158665778977,1.0599978072982495e-07,1.3110414416290523e-06,1.033766196779919e-05,1.033766196779919e-05,0.08085158674233771,1.0613459785044786e-07,1.3127089043865452e-06,0.010266789355373274,True
adamw_final_update_projection,55,1,60,torch.float32,1.1920928955078125e-07,3.342961442244951e-06,4.468583643429297e-05,1.197279673177029e-11,2.6793269830308203e-07,6.490888191366376e-21,1.4525605223728892e-16,1.0967302014669954e-07,0.0024542382844685595,0.08157017586379901,0.004903550648242108,0.0601145038160732,0.08142265521027439,1.1927877633039814e-17,1.4649335129437888e-16,0.08142265546407164,1.1041103897726368e-07,1.3560235581604604e-06,1.0593553566515365e-05,1.0593553566515365e-05,0.08142265543390598,1.1044195182655737e-07,1.3564032177286027e-06,0.010425392304207326,True
adamw_final_update_projection,55,2,60,torch.float32,1.1920928955078125e-07,3.920330339574255e-06,4.4698948296733366e-05,1.4624189358506506e-11,3.271707705833261e-07,6.500470361189684e-21,1.4542781449882775e-16,1.023200291753176e-07,0.0022891010676502088,0.08581862630625615,0.005024272530803365,0.058545245327902624,0.08567142643045611,1.26871000857073e-17,1.480902164738213e-16,0.08567142726305234,1.0263568539286737e-07,1.1980153555481996e-06,9.877568765355833e-06,9.877568765355833e-06,0.08567142721762222,1.0275767429939959e-07,1.1994392720734645e-06,0.010403134287437969,True
adamw_final_update_projection,55,3,49,torch.float32,1.1920928955078125e-07,5.138758647397377e-06,3.800130729744886e-05,1.660450859785017e-11,4.3694572052169584e-07,4.972603149094311e-21,1.3085347591261978e-16,9.353804098694093e-08,0.0024613920295092793,0.08087789079923843,0.004014581129035629,0.04963755965151148,0.08077819234479024,1.0757540249852448e-17,1.3317381755629558e-16,0.08077819228194882,9.286175080644061e-08,1.1495893654356022e-06,9.919746507830154e-06,9.919746507830154e-06,0.08077819223074957,9.320842038347586e-08,1.1538809895276973e-06,0.009396250227755495,True
adamw_final_update_projection,55,4,60,torch.float32,1.1920928955078125e-07,8.425881056896194e-06,4.6834069215810356e-05,3.240954610491971e-11,6.920079046639581e-07,6.891019311000733e-21,1.4713689043864024e-16,1.2117369299109326e-07,0.0025872455254315617,0.125086047294195,0.012282216260026646,0.098190138114602,0.12448159057237149,1.8890581945464653e-17,1.5175402128623982e-16,0.12448158994369933,1.2173101684528104e-07,9.77903775974726e-07,1.1623632111934524e-05,1.1623632111934524e-05,0.12448158998555355,1.223540176343064e-07,9.829085381099802e-07,0.010526315394022134,True
adamw_final_update_projection,55,5,53,torch.float32,1.1920928955078125e-07,5.678672305444112e-06,4.840551350394652e-05,2.0768466607327272e-11,4.2905167415761455e-07,6.565001450592435e-21,1.3562507605787078e-16,9.479388266346249e-08,0.001958322092514098,0.08263704778561451,0.0059237621003487475,0.07168409640814828,0.08242445455870732,1.1430159021944024e-17,1.3867436652313936e-16,0.08242445515354262,9.435039358673296e-08,1.1446893207965327e-06,9.652921736524102e-06,9.652921736524102e-06,0.08242445486273209,9.45010473462986e-08,1.1465171047073178e-06,0.009789890556009756,True
adamw_final_update_projection,55,6,60,torch.float32,1.1920928955078125e-07,3.095485046437789e-06,4.6363976407011847e-05,1.1352775974743765e-11,2.448619996499444e-07,6.698329823457805e-21,1.4447272090417562e-16,1.0244934549959385e-07,0.0022096316428645425,0.08215555369554213,0.004690616708567165,0.05709433504580816,0.08202154057267162,1.2163707558289123e-17,1.482989404169018e-16,0.0820215403165175,1.024214403888944e-07,1.2487139353108292e-06,9.840805721422472e-06,9.840805721422472e-06,0.08202154034873033,1.0285718202784687e-07,1.2540264617139572e-06,0.010452109810880307,True
adamw_final_update_projection,55,7,53,torch.float32,1.1920928955078125e-07,7.079248571757639e-06,2.5775639766880884e-05,1.3784094068936388e-11,5.347721412000633e-07,3.469531286298695e-21,1.34605050259788e-16,1.0139114536576535e-07,0.003933436095343723,0.07999787732243921,0.004149632592889734,0.05187178374951422,0.0798901804068564,1.109284565658166e-17,1.3885117795565325e-16,0.07989018195401869,1.0193497119838043e-07,1.275938653601387e-06,1.040448005845261e-05,1.040448005845261e-05,0.07989018194165251,1.0218065245593566e-07,1.2790138909755257e-06,0.009820832168631433,True
adamw_final_update_projection,56,0,58,torch.float32,1.1920928955078125e-07,4.814231254404896e-06,3.808065818555545e-05,1.485628413128769e-11,3.9012676878896216e-07,5.413862996889645e-21,1.4216831469955038e-16,1.0568266826652767e-07,0.002775139224148588,0.08010295880247911,0.0047262595115012,0.059002308805538486,0.07996340713064702,1.1536459263067338e-17,1.442717322464595e-16,0.07996340578687783,1.0596303632601497e-07,1.3251441116506787e-06,1.035026693936258e-05,1.035026693936258e-05,0.07996340573891915,1.0605044381615998e-07,1.326237206084182e-06,0.010246155431300507,True
adamw_final_update_projection,56,1,60,torch.float32,1.1920928955078125e-07,3.342961442244951e-06,4.247595840393692e-05,1.194888122865186e-11,2.81309278887145e-07,6.1246074264057856e-21,1.441899760839384e-16,1.1015840278384183e-07,0.0025932795632421283,0.07959014167402484,0.004726468196351783,0.05938509590433762,0.079449676840628,1.165334470257086e-17,1.4667579738488901e-16,0.07944967839441854,1.1101213999365468e-07,1.3972635539510687e-06,1.0602959804099965e-05,1.0602959804099965e-05,0.07944967838535709,1.1103367976480767e-07,1.3975346662356237e-06,0.010471951400011253,True
adamw_final_update_projection,56,2,60,torch.float32,1.1920928955078125e-07,3.920330339574255e-06,4.618929973769825e-05,1.4931096875088564e-11,3.232587841746878e-07,6.726743360130535e-21,1.456342355985261e-16,1.0200622577724233e-07,0.002208358970870647,0.08521821279090085,0.004945422342454303,0.058032457857205254,0.0850745942636814,1.2584034413365096e-17,1.479176541748993e-16,0.0850745950555902,1.0233974728059283e-07,1.20294133887703e-06,9.891138927280815e-06,9.891138927280815e-06,0.08507459546897532,1.0236892073667111e-07,1.203284249221057e-06,0.010349558477469841,True
adamw_final_update_projection,56,3,49,torch.float32,1.1920928955078125e-07,5.138758647397377e-06,3.620279552178456e-05,1.4800397751743424e-11,4.0881919582252915e-07,4.759578387396206e-21,1.3146991327044318e-16,9.302200363814875e-08,0.0025694072917935218,0.07902381938174045,0.003878073804784945,0.049074745249291604,0.07892860427780654,1.0437959851401774e-17,1.3224559013691772e-16,0.07892860434515046,9.379896968863969e-08,1.1884027402595634e-06,9.929882767946708e-06,9.929882767946708e-06,0.07892860449466764,9.377484884370818e-08,1.188097134671164e-06,0.009443701505360154,True
adamw_final_update_projection,56,4,60,torch.float32,1.1920928955078125e-07,8.425881056896194e-06,5.0762525382992394e-05,4.045325780282694e-11,7.969118458472223e-07,7.295902992507467e-21,1.437261629019391e-16,1.20474037671679e-07,0.002373258647124249,0.12377653009488145,0.012014499668177182,0.09706605653727257,0.12319205006838899,1.867925689759841e-17,1.5162712924436913e-16,0.12319205043548132,1.215850740346805e-07,9.869555186790043e-07,1.1649862261436053e-05,1.1649862261436053e-05,0.12319205030222118,1.2287158572381927e-07,9.973986586178595e-07,0.010547041927744917,True
adamw_final_update_projection,56,5,53,torch.float32,1.1920928955078125e-07,5.678672305444112e-06,5.008064853021976e-05,2.1998151234295755e-11,4.3925452005721507e-07,6.849720004442172e-21,1.36773787989378e-16,9.440442559212214e-08,0.0018850099722447565,0.08234237844536448,0.005821459861530763,0.07069822333822186,0.08213633722732108,1.1383981034065142e-17,1.3859859616772001e-16,0.0821363375423439,9.408831876243914e-08,1.145513929373021e-06,9.666203254791135e-06,9.666203254791135e-06,0.08213633722203065,9.412748188030988e-08,1.145990740077255e-06,0.009737792533345996,True
adamw_final_update_projection,56,6,60,torch.float32,1.1920928955078125e-07,3.095485046437789e-06,4.485554961697133e-05,1.1040563160047312e-11,2.4613594648431323e-07,6.518656127411072e-21,1.4532552121365383e-16,1.0271604610758319e-07,0.002289832587705599,0.08083731249677042,0.004547325940095453,0.05625280949656913,0.08070931122550266,1.1954080083643436e-17,1.481127753679326e-16,0.08070931190478112,1.0191379836307722e-07,1.2627266415467974e-06,9.852425011587584e-06,9.852425011587584e-06,0.08070931168609428,1.018796716089824e-07,1.2623038095681795e-06,0.01034056808239192,True
adamw_final_update_projection,56,7,53,torch.float32,1.1920928955078125e-07,7.079248571757639e-06,2.6424002226829e-05,1.4826193500122208e-11,5.610881112123421e-07,3.526692624855845e-21,1.334654983216605e-16,1.0165673759242238e-07,0.003847012800756574,0.07856091565644768,0.00407084075718695,0.05181763378355999,0.07845537409450745,1.0815986144136465e-17,1.3786163496088252e-16,0.0784553744682278,1.0176571452254515e-07,1.2971159109533965e-06,1.0411430975624697e-05,1.0411430975624697e-05,0.07845537468985758,1.0188022511659966e-07,1.2985754706971065e-06,0.009785420021044393,True
adamw_final_update_projection,57,0,58,torch.float32,1.1920928955078125e-07,4.814231254404896e-06,3.95443006706713e-05,1.4837620654871123e-11,3.752151486617563e-07,5.6722988313093914e-21,1.434416271145932e-16,1.0594970942375818e-07,0.002679181809301138,0.07944995648024893,0.004628547689621785,0.058257397419373434,0.07931501831934697,1.1410658375973498e-17,1.438650411707734e-16,0.07931501959134588,1.0611375363847247e-07,1.3378771660802895e-06,1.0362740167425795e-05,1.0362740167425795e-05,0.07931501953805489,1.0624826327970913e-07,1.3395730581486123e-06,0.01025291202549781,True
adamw_final_update_projection,57,1,60,torch.float32,1.1920928955078125e-07,3.342961442244951e-06,4.182008554886237e-05,1.1172572166685164e-11,2.6715804188471083e-07,6.106231185284107e-21,1.4601192477595093e-16,1.1062188005100413e-07,0.0026451117115596982,0.07828861658654016,0.004590194314782996,0.05863169532072393,0.07815393530198479,1.1466238679015521e-17,1.4671351653260033e-16,0.07815393609118199,1.106854392601022e-07,1.4162490694130337e-06,1.0612775773123286e-05,1.0612775773123286e-05,0.07815393601839367,1.1075860213548724e-07,1.417185208809189e-06,0.010436346202280268,True
adamw_final_update_projection,57,2,60,torch.float32,1.1920928955078125e-07,3.920330339574255e-06,4.4283979946914504e-05,1.3399884005447118e-11,3.025898761021537e-07,6.4168810052179305e-21,1.4490298778272575e-16,1.0329232002336088e-07,0.0023324666891599705,0.08402996614644773,0.00480542713012224,0.05718706493047165,0.08389244948545868,1.2473411835580198e-17,1.4868336676404054e-16,0.08389244940183048,1.0224202934984532e-07,1.2187274311198555e-06,9.903990156998891e-06,9.903990156998891e-06,0.08389244930809332,1.0239166498760708e-07,1.2205110928586168e-06,0.010338425560252558,True
adamw_final_update_projection,57,3,49,torch.float32,1.1920928955078125e-07,5.138758647397377e-06,4.0062395380539815e-05,1.7663979195501133e-11,4.4091170854155554e-07,5.324715018735501e-21,1.3291055035921499e-16,9.28736352770956e-08,0.002318175960630054,0.07889127676924981,0.003835023715423041,0.04861150525729423,0.07879800849884798,1.039533351255324e-17,1.3192381013925267e-16,0.07879800813524843,9.420357483326079e-08,1.195507057381074e-06,9.941661943669362e-06,9.941661943669362e-06,0.07879800828478105,9.411526117878643e-08,1.1943862951287785e-06,0.00946675331670446,True
adamw_final_update_projection,57,4,60,torch.float32,1.1920928955078125e-07,8.425881056896194e-06,4.558383473488447e-05,3.2257191049452205e-11,7.07645401863621e-07,6.692599819951265e-21,1.4681958766473012e-16,1.2060630002732313e-07,0.0026457744770790816,0.12013934934865346,0.01144703355089282,0.09528130136340812,0.11959276184118559,1.8163765127495665e-17,1.518801376258575e-16,0.11959276226481137,1.2100565726230135e-07,1.0118142182748604e-06,1.167368626168642e-05,1.167368626168642e-05,0.1195927623960386,1.2182486815140327e-07,1.0186642210669315e-06,0.010435852516547248,True
adamw_final_update_projection,57,5,53,torch.float32,1.1920928955078125e-07,5.678672305444112e-06,4.8134646720499016e-05,2.1742580612310642e-11,4.5170333831599865e-07,6.543567943903523e-21,1.3594299303577298e-16,9.479748241964475e-08,0.0019693781747016194,0.08157984338634049,0.005689555802535413,0.0697421760862078,0.08138120054232229,1.1322811266319747e-17,1.3913300849415856e-16,0.0813812009291355,9.46700140138622e-08,1.163290943522672e-06,9.679058299823787e-06,9.679058299823787e-06,0.08138120086535906,9.484896759510473e-08,1.1654898992216567e-06,0.009799400381422593,True
adamw_final_update_projection,57,6,60,torch.float32,1.1920928955078125e-07,3.095485046437789e-06,4.558191834428506e-05,1.1426273257686482e-11,2.506755676973187e-07,6.580120822077553e-21,1.4435813719768023e-16,1.0203398769957911e-07,0.00223846678156139,0.08009368140434261,0.004468383959570593,0.05578946904703423,0.07996893988099497,1.1852201215430238e-17,1.4821005796835595e-16,0.07996894043110085,1.0267944510723097e-07,1.2839915666470146e-06,9.864556666837636e-06,9.864556666837636e-06,0.07996894039970479,1.0264943051035164e-07,1.2836162389708314e-06,0.010405883809805193,True
adamw_final_update_projection,57,7,53,torch.float32,1.1920928955078125e-07,7.079248571757639e-06,2.6914141666465495e-05,1.5202635310130787e-11,5.648567767283836e-07,3.6669579216395345e-21,1.362465118554785e-16,1.0226934695194291e-07,0.0037996053896090652,0.07844933861476716,0.004054155742616973,0.05167864782806246,0.07834451193484457,1.073699856404871e-17,1.3704850919204353e-16,0.0783445117256238,1.0194849633544394e-07,1.301284468942578e-06,1.0419448728594472e-05,1.0419448728594472e-05,0.07834451180796477,1.0214866607361505e-07,1.3038394613268912e-06,0.009803653603408475,True
adamw_final_update_projection,58,0,58,torch.float32,1.1920928955078125e-07,4.814231254404896e-06,3.683670553217166e-05,1.4471413766051834e-11,3.928530946778913e-07,5.344183259933148e-21,1.4507766595104906e-16,1.064076095771504e-07,0.0028885222023952027,0.07877668313851177,0.004546696344601439,0.0577162703919262,0.07864536450837692,1.1341071116770498e-17,1.442052076135079e-16,0.07864536571297903,1.0619034625680972e-07,1.3502428947225923e-06,1.0374823242184483e-05,1.0374823242184483e-05,0.0786453657745945,1.064528317831855e-07,1.3535804778159465e-06,0.010260688717118924,True
adamw_final_update_projection,58,1,60,torch.float32,1.1920928955078125e-07,3.342961442244951e-06,4.5533075485052466e-05,1.3180768865442652e-11,2.894767973617248e-07,6.656847904946213e-21,1.4619807324747464e-16,1.1029339225138879e-07,0.0024222432924244056,0.07802945983880656,0.004537670107967499,0.058153293862874725,0.07789740786911452,1.1320772734544474e-17,1.4532926119397919e-16,0.07789740685337576,1.105986972427036e-07,1.419799473567594e-06,1.0623250805373983e-05,1.0623250805373983e-05,0.07789740670921046,1.1094330859059417e-07,1.4242233891654883e-06,0.010443442466261955,True
adamw_final_update_projection,58,2,60,torch.float32,1.1920928955078125e-07,3.920330339574255e-06,4.885203506763589e-05,1.511025318668674e-11,3.0930652460571024e-07,7.020560979548536e-21,1.4371071685813846e-16,1.0309896428336519e-07,0.0021103806888121534,0.08357795398084482,0.00472279617446877,0.05650767875403105,0.08344441016580223,1.2465799674362547e-17,1.493904702495143e-16,0.08344441042878602,1.0262073086599578e-07,1.2298095263501851e-06,9.91722974861358e-06,9.91722974861358e-06,0.08344441043940318,1.0269361913045721e-07,1.2306830210638577e-06,0.01035507109682658,True
adamw_final_update_projection,58,3,49,torch.float32,1.1920928955078125e-07,5.138758647397377e-06,3.912761923652426e-05,1.637936506426762e-11,4.186138943250107e-07,5.099750034968627e-21,1.3033632340729374e-16,9.370070068893246e-08,0.0023946610538334613,0.0776575990087304,0.003728923853701876,0.04801750120142993,0.07756802054129046,1.0286573055543947e-17,1.3261358203756497e-16,0.07756801927243569,9.357121303849124e-08,1.2063117495607163e-06,9.952337165491265e-06,9.952337165491265e-06,0.07756801935092598,9.375413957082696e-08,1.208670020909948e-06,0.009420313843054882,True
adamw_final_update_projection,58,4,60,torch.float32,1.1920928955078125e-07,8.425881056896194e-06,4.702460284608137e-05,3.6961883607020795e-11,7.860116060523173e-07,6.869954918632546e-21,1.4609277915905146e-16,1.212254859947027e-07,0.002577849369525905,0.11759849663403968,0.011006504428064624,0.09359392120731173,0.11708229272977719,1.7868766688947117e-17,1.526171573201744e-16,0.11708229297801022,1.218187832514932e-07,1.0404543689144573e-06,1.169810581368815e-05,1.169810581368815e-05,0.11708229280125586,1.2245649803329223e-07,1.04590109318374e-06,0.010468062093437711,True
adamw_final_update_projection,58,5,53,torch.float32,1.1920928955078125e-07,5.678672305444112e-06,5.776633401728164e-05,2.4019559851188967e-11,4.1580550782404095e-07,7.791942040695147e-21,1.3488725177479234e-16,9.450356565036122e-08,0.0016359417235058049,0.08085818832266677,0.005648641600552014,0.06985862183816138,0.08066064385369333,1.1187713901003134e-17,1.3870102402475261e-16,0.08066064296713617,9.459596946016345e-08,1.1727648823566283e-06,9.691773289443252e-06,9.691773289443252e-06,0.08066064297261367,9.464801536766094e-08,1.1734101276603552e-06,0.009765809882362409,True
adamw_final_update_projection,58,6,60,torch.float32,1.1920928955078125e-07,3.095485046437789e-06,4.541759469139192e-05,1.1176002598558439e-11,2.460720933043301e-07,6.555587642845129e-21,1.4434026476720968e-16,1.025085552858592e-07,0.0022570142804955277,0.0786501001695195,0.004347544112672048,0.05527703211186653,0.0785298485727804,1.164496023442581e-17,1.4828705831048962e-16,0.07852984907520014,1.0272690754164858e-07,1.3081256204029802e-06,9.875889030183617e-06,9.875889030183617e-06,0.07852984902704327,1.0277331177820249e-07,1.3087165332867317e-06,0.010406487098437119,True
adamw_final_update_projection,58,7,53,torch.float32,1.1920928955078125e-07,7.079248571757639e-06,2.7684120465278216e-05,1.5384146655819933e-11,5.557029227320019e-07,3.788051299455174e-21,1.3683119549370483e-16,1.0189201050143675e-07,0.003680356740102146,0.07878442307893976,0.0040629124129222234,0.05156999637925,0.07867959114412262,1.0915268898339386e-17,1.3873062556140085e-16,0.07867959147813218,1.0158630656791206e-07,1.2911392225027816e-06,1.042773066224059e-05,1.042773066224059e-05,0.07867959158290544,1.0165616098142266e-07,1.2920270547452778e-06,0.009748637002058889,True
adamw_final_update_projection,59,0,58,torch.float32,1.1920928955078125e-07,4.814231254404896e-06,3.5857540529650776e-05,1.4042474042705759e-11,3.9161843883559076e-07,5.104632389739341e-21,1.423586870248027e-16,1.0560306423381437e-07,0.002944927498397372,0.07806183240628177,0.004485796176482269,0.057464653828972756,0.07793283846549849,1.1303020403773516e-17,1.4503540004869007e-16,0.07793283813963665,1.0742894563275182e-07,1.3784811152426572e-06,1.0386524704302887e-05,1.0386524704302887e-05,0.07793283820272334,1.0753269199986485e-07,1.3798123420084443e-06,0.010353096445755014,True
adamw_final_update_projection,59,1,60,torch.float32,1.1920928955078125e-07,3.342961442244951e-06,4.43438018203459e-05,1.2164757558014642e-11,2.7432825014189893e-07,6.448726442847381e-21,1.4542565540442246e-16,1.0950944474719155e-07,0.0024694647663437764,0.07876874481190087,0.004537735987353813,0.05760833180965229,0.07863793048746537,1.1465888350607431e-17,1.4580607957930754e-16,0.07863793056128171,1.0999101896176526e-07,1.3987018500703094e-06,1.0634458125689863e-05,1.0634458125689863e-05,0.07863793070321982,1.1004445024060815e-07,1.3993813069155745e-06,0.010347913258953144,True
adamw_final_update_projection,59,2,60,torch.float32,1.1920928955078125e-07,3.920330339574255e-06,4.342489237787278e-05,1.4155813068463309e-11,3.259838376865253e-07,6.3414492095701986e-21,1.4603258321031167e-16,1.0303659775893674e-07,0.0023727246377204876,0.08250810872920346,0.004614205634009372,0.05592426859708383,0.08237898465286601,1.2209438877411509e-17,1.482106016341479e-16,0.08237898573402422,1.0238653971432971e-07,1.242872060174467e-06,9.929490197717512e-06,9.929490197717512e-06,0.0823789855100965,1.0272570409757845e-07,1.2469891861558338e-06,0.010345516441638863,True
adamw_final_update_projection,59,3,49,torch.float32,1.1920928955078125e-07,5.138758647397377e-06,3.472214797574256e-05,1.4357828337682416e-11,4.1350634032528814e-07,4.597556216655615e-21,1.3240990217160338e-16,9.31482048623598e-08,0.0026824750336924556,0.07618965423679026,0.0036094836769039133,0.0473749843474283,0.07610410659292846,1.0056440264298505e-17,1.321405731505288e-16,0.07610410661799893,9.341200824208804e-08,1.2274240168269148e-06,9.96231950636968e-06,9.96231950636968e-06,0.07610410653589159,9.360892863964117e-08,1.230011531578708e-06,0.009396298580846533,True
adamw_final_update_projection,59,4,60,torch.float32,1.1920928955078125e-07,8.425881056896194e-06,4.662483411361457e-05,3.4067063600447075e-11,7.306634811275266e-07,6.828860206281636e-21,1.4646401078110032e-16,1.2275945104808965e-07,0.0026327952732758293,0.11515065290218175,0.010622872319536117,0.09225195039545317,0.11465961559102478,1.7548219973249418e-17,1.5304621320065756e-16,0.11465961433415155,1.2160195562364934e-07,1.0605473978768652e-06,1.1721683331133809e-05,1.1721683331133809e-05,0.11465961419485601,1.218076642738123e-07,1.0623414802949596e-06,0.010391652873805297,True
adamw_final_update_projection,59,5,53,torch.float32,1.1920928955078125e-07,5.678672305444112e-06,4.818544938607329e-05,2.1295745761809133e-11,4.4195386850462984e-07,6.6515797987067865e-21,1.380412527734959e-16,9.554452566416715e-08,0.00198282250932144,0.0801368572702373,0.0055156430210001415,0.06882779296423248,0.07994681716751002,1.1130754176134463e-17,1.392269832682963e-16,0.07994681788124545,9.522771634376419e-08,1.1911382950252914e-06,9.7043513935673e-06,9.7043513935673e-06,0.07994681762262813,9.52503655796517e-08,1.191421602661668e-06,0.009815222235541684,True
adamw_final_update_projection,59,6,60,torch.float32,1.1920928955078125e-07,3.095485046437789e-06,4.4820470045641754e-05,1.0911350361082997e-11,2.434456923359284e-07,6.550836272706669e-21,1.4615724168077645e-16,1.0285105844339399e-07,0.0022947736547543527,0.076973520304684,0.004200449536853331,0.05457005890112219,0.07685882546450959,1.1367721173959706e-17,1.4790391481078353e-16,0.07685882544055256,1.0320557510558656e-07,1.3427940709998518e-06,9.886814681875102e-06,9.886814681875102e-06,0.07685882550696595,1.0337181739298825e-07,1.3449570262249108e-06,0.010455522907948657,True
adamw_final_update_projection,59,7,53,torch.float32,1.1920928955078125e-07,7.079248571757639e-06,2.4215538362029694e-05,1.3188568561706965e-11,5.446324737667954e-07,3.3022553018395064e-21,1.3636927052664575e-16,1.0207354851156877e-07,0.004215114453912037,0.07761718154706149,0.003983603039296973,0.05132372703950352,0.07751488746127937,1.0558613024456876e-17,1.3621400185520708e-16,0.07751488694895589,1.0169874867018585e-07,1.3119898986262497e-06,1.0434257308575727e-05,1.0434257308575727e-05,0.07751488701340828,1.019430944880581e-07,1.3151421412821554e-06,0.009770038391163013,True
adamw_final_update_projection,60,0,58,torch.float32,1.1920928955078125e-07,4.814231254404896e-06,3.620603684723102e-05,1.3973235966291797e-11,3.859366333092722e-07,5.177728732454051e-21,1.4300733201762792e-16,1.0656363610253624e-07,0.0029431899066822333,0.0782818631356854,0.004466097824133047,0.05705150139812067,0.07815436050675262,1.126891286989359e-17,1.4418789683423925e-16,0.07815436132565182,1.0678644418293407e-07,1.3663529759776136e-06,1.0399166171954967e-05,1.0399166171954967e-05,0.07815436156898134,1.0699525714150352e-07,1.3690247734551111e-06,0.010288830409312442,True
adamw_final_update_projection,60,1,60,torch.float32,1.1920928955078125e-07,3.342961442244951e-06,4.41988978912207e-05,1.2627634384349335e-11,2.8570020943571045e-07,6.387678769024959e-21,1.4452122278582916e-16,1.0863053822305175e-07,0.002457706734798368,0.07783774421293335,0.004461017700057721,0.05731175466563031,0.07770980469180071,1.1336474426713505e-17,1.4588216341135182e-16,0.07770980529813416,1.120384462687602e-07,1.4417543042209923e-06,1.0643626103109907e-05,1.0643626103109907e-05,0.07770980517524892,1.1214414711181412e-07,1.4431145060640657e-06,0.010536272697426612,True
adamw_final_update_projection,60,2,60,torch.float32,1.1920928955078125e-07,3.920330339574255e-06,4.3141622131136625e-05,1.3105050286996585e-11,3.0376813943531045e-07,6.1887140735211495e-21,1.4345112139524425e-16,1.0360113071694648e-07,0.002401431179528974,0.08229790539042273,0.0045828483649854096,0.05568608755282769,0.08217020586876073,1.2201066435314172e-17,1.48485284980316e-16,0.0821702054184357,1.0314328148560405e-07,1.2552394260226936e-06,9.942107594830336e-06,9.942107594830336e-06,0.08217020536127698,1.0342659817537263e-07,1.2586873517065933e-06,0.010402884618664964,True
adamw_final_update_projection,60,3,49,torch.float32,1.1920928955078125e-07,5.138758647397377e-06,3.490915794088123e-05,1.443475842290184e-11,4.134948900041401e-07,4.531836777717504e-21,1.298179917542718e-16,9.391427958332774e-08,0.0026901332701501934,0.07600132190167853,0.0035751232431500968,0.04704027711222136,0.07591718793921999,1.0003335530208803e-17,1.3176641287369031e-16,0.07591718899177115,9.371435484305536e-08,1.23442867271091e-06,9.97315633025898e-06,9.97315633025898e-06,0.07591718898589225,9.368502370880066e-08,1.2340423158477354e-06,0.009393718558743165,True
adamw_final_update_projection,60,4,60,torch.float32,1.1920928955078125e-07,8.425881056896194e-06,4.985059842455804e-05,3.132208394750798e-11,6.28319116267172e-07,7.201925876084506e-21,1.4447019902850399e-16,1.2283147661450663e-07,0.0024639902048674157,0.1138701903871535,0.010303806432680897,0.0904873031093425,0.11340305036375534,1.723860118455682e-17,1.5201179447344422e-16,0.11340304985881437,1.2264884162734252e-07,1.0815303625435035e-06,1.1745707398024911e-05,1.1745707398024911e-05,0.11340305004299173,1.233368221254412e-07,1.0875970450414122e-06,0.010500586975815589,True
adamw_final_update_projection,60,5,53,torch.float32,1.1920928955078125e-07,5.678672305444112e-06,5.1918654807758946e-05,2.2371337522253087e-11,4.3089208695965324e-07,7.013076870956711e-21,1.3507816982017218e-16,9.449354766715573e-08,0.0018200338908713138,0.08037681740219303,0.005534300499779401,0.06885443687184858,0.08018606046990724,1.1153076807360344e-17,1.3908997077548093e-16,0.0801860607407678,9.506681501623817e-08,1.1855778191122035e-06,9.717470036377484e-06,9.717470036377484e-06,0.08018606066597499,9.505202153679451e-08,1.185393330802788e-06,0.009781560548266776,True
adamw_final_update_projection,60,6,60,torch.float32,1.1920928955078125e-07,3.095485046437789e-06,4.526609036518189e-05,1.105240263106971e-11,2.441651695983685e-07,6.583537015659388e-21,1.4544081369844918e-16,1.0325131531345516e-07,0.0022809403168551085,0.07595713640072983,0.004115727940676789,0.0541848749926971,0.07584554933361226,1.124337274324561e-17,1.4824037589589868e-16,0.07584554932098257,1.0255741608205042e-07,1.3521876629572784e-06,9.898089645178654e-06,9.898089645178654e-06,0.07584554931823852,1.0259054516049143e-07,1.3526244596111267e-06,0.01036468135146292,True
adamw_final_update_projection,60,7,53,torch.float32,1.1920928955078125e-07,7.079248571757639e-06,2.4952380479597035e-05,1.3987853531914363e-11,5.60581926976943e-07,3.3756179698496415e-21,1.352824021183203e-16,1.0076864002215122e-07,0.004038089321123885,0.07683213841161993,0.003909894610351719,0.050888790695956934,0.0767325890156084,1.0507350998476438e-17,1.3693466013950222e-16,0.07673258939991637,1.0175548267955047e-07,1.3261051591680207e-06,1.044107371503443e-05,1.044107371503443e-05,0.0767325893236957,1.0168287265257173e-07,1.3251588868404206e-06,0.00973873716705547,True
adamw_final_update_projection,61,0,58,torch.float32,1.1920928955078125e-07,4.814231254404896e-06,3.9203069704160816e-05,1.4570954552938476e-11,3.716789185871327e-07,5.651549167987789e-21,1.441608835898979e-16,1.07054574205513e-07,0.0027307334168646725,0.07889871873453438,0.004494124578383436,0.056960678835667,0.07877062055249494,1.1386146876014836e-17,1.4454814239309935e-16,0.07877062062489185,1.067031255590773e-07,1.3546056221544948e-06,1.04120214519476e-05,1.04120214519476e-05,0.07877062068576861,1.069707655899047e-07,1.3580033349823657e-06,0.010273774990148093,True
adamw_final_update_projection,61,1,60,torch.float32,1.1920928955078125e-07,3.342961442244951e-06,4.7434970115634675e-05,1.2560883229746614e-11,2.648021744111212e-07,6.88475860531832e-21,1.4514099173110536e-16,1.1178984830875577e-07,0.0023567099900567504,0.07760540642380202,0.004427360238249422,0.05704963664608198,0.0774790138522959,1.149810762584254e-17,1.4840286490690564e-16,0.07747901451408448,1.1097602527907666e-07,1.4323365620364587e-06,1.0653544601858015e-05,1.0653544601858015e-05,0.0774790145771898,1.1091817372151563e-07,1.4315898869752853e-06,0.010411386807558033,True
adamw_final_update_projection,61,2,60,torch.float32,1.1920928955078125e-07,3.920330339574255e-06,4.203508059469468e-05,1.3626219238876073e-11,3.241630334972133e-07,6.090840718811914e-21,1.4489898990656318e-16,1.0321424341730937e-07,0.0024553922178830703,0.0812309907238347,0.004447716400123016,0.05475393517289667,0.08110913433639763,1.198717098469518e-17,1.477906413718923e-16,0.08110913417218353,1.0251368498632346e-07,1.2638981544137927e-06,9.95385450307926e-06,9.95385450307926e-06,0.08110913400759918,1.025120009309221e-07,1.2638773941454936e-06,0.010298724067064637,True
adamw_final_update_projection,61,3,49,torch.float32,1.1920928955078125e-07,5.138758647397377e-06,3.686083221479742e-05,1.5231415647827653e-11,4.132141010563823e-07,4.87837818060827e-21,1.32345850255934e-16,9.344461678297039e-08,0.00253508249126737,0.07534736392780599,0.0035345420809221816,0.04690996335729542,0.07526441565007615,9.779067324706716e-18,1.2992949244663168e-16,0.07526441568840235,9.334987367306722e-08,1.240292279150075e-06,9.983291789334693e-06,9.983291789334693e-06,0.07526441592282479,9.339413726475991e-08,1.240880383108601e-06,0.009355044331623596,True
adamw_final_update_projection,61,4,60,torch.float32,1.1920928955078125e-07,8.425881056896194e-06,4.5236802735370666e-05,3.381545193262608e-11,7.475208212755887e-07,6.634834289784172e-21,1.4666894847982366e-16,1.2267217618565772e-07,0.0027118046487694092,0.11134776264307586,0.01001740154178833,0.08996500067898994,0.11089623939507298,1.6838474809048813e-17,1.5183990819617397e-16,0.1108962399934143,1.235130156379324e-07,1.1137709957097496e-06,1.1767978439540495e-05,1.1767978439540495e-05,0.11089623973019459,1.2376800192976033e-07,1.1160703215084851e-06,0.010517354579262223,True
adamw_final_update_projection,61,5,53,torch.float32,1.1920928955078125e-07,5.678672305444112e-06,4.7200678196987165e-05,1.95803795951712e-11,4.148325901897956e-07,6.292275985157894e-21,1.333090164276511e-16,9.511361868908586e-08,0.0020150301790714596,0.0800318301889167,0.005526067892831775,0.06904837587479111,0.07984081924073308,1.1046739986864021e-17,1.3835955206767481e-16,0.07984081968309688,9.608265663828189e-08,1.2034277330775396e-06,9.730279441085285e-06,9.730279441085285e-06,0.07984081953794765,9.60900780518631e-08,1.2035206878881337e-06,0.009875366749091587,True
adamw_final_update_projection,61,6,60,torch.float32,1.1920928955078125e-07,3.095485046437789e-06,4.761617535210965e-05,1.1675785448433212e-11,2.452062846730909e-07,6.910273692026682e-21,1.4512450109499875e-16,1.0332677798754896e-07,0.0021699551743838254,0.07635420594958446,0.004102068731576248,0.05372420131360913,0.07624393614126296,1.126185500365251e-17,1.4770820570945882e-16,0.07624393593270551,1.0298774075797725e-07,1.3507663199454494e-06,9.910650952793225e-06,9.910650952793225e-06,0.07624393608459867,1.0302036451699618e-07,1.3511942038601856e-06,0.010394914018030355,True
adamw_final_update_projection,61,7,53,torch.float32,1.1920928955078125e-07,7.079248571757639e-06,2.5742195315440916e-05,1.4315387520068024e-11,5.561059320951247e-07,3.465722599521707e-21,1.3463197513086236e-16,1.0209348735557564e-07,0.00396606596949255,0.07682557867626001,0.003908583463897884,0.050876069288960414,0.07672608757292372,1.0540607809258383e-17,1.3737971194269672e-16,0.07672608725087217,1.0173269820183825e-07,1.325920581212511e-06,1.044861286768079e-05,1.044861286768079e-05,0.07672608717487084,1.0201845086792969e-07,1.3296449046777737e-06,0.009763827233324805,True
adamw_final_update_projection,62,0,58,torch.float32,1.1920928955078125e-07,4.814231254404896e-06,3.8942328310665405e-05,1.5259046065399267e-11,3.9183702483500884e-07,5.5598146255016095e-21,1.4277047281683286e-16,1.0699292482919061e-07,0.0027474822107171333,0.07896115414698004,0.0044727860029858965,0.056645397997351375,0.07883437099130453,1.1344825044877465e-17,1.4390709156706286e-16,0.07883437220375526,1.0670368349925534e-07,1.3535172605100358e-06,1.042441987959426e-05,1.042441987959426e-05,0.07883437211619941,1.070175336624204e-07,1.3574983955561906e-06,0.010266042129778998,True
adamw_final_update_projection,62,1,60,torch.float32,1.1920928955078125e-07,3.342961442244951e-06,4.656754791030443e-05,1.260826641948477e-11,2.7075220803487534e-07,6.699731501799488e-21,1.4387125374744548e-16,1.1149610505730323e-07,0.0023942135907774544,0.07693430605588927,0.004383511676178895,0.056977334311620005,0.07680932413246483,1.1335718486770815e-17,1.475825834272583e-16,0.07680932470118844,1.1066246433785146e-07,1.4407425760916658e-06,1.0662884842496625e-05,1.0662884842496625e-05,0.07680932485045348,1.107216780004243e-07,1.441513490920505e-06,0.010383838861238207,True
adamw_final_update_projection,62,2,60,torch.float32,1.1920928955078125e-07,3.920330339574255e-06,4.3090278040114304e-05,1.4239371223667936e-11,3.304543825503281e-07,6.2262162961570735e-21,1.444923676371084e-16,1.0249785304890263e-07,0.0023785720328781475,0.0796703459858661,0.0043155854679935695,0.05416802719495124,0.07955337674527747,1.1886354792551595e-17,1.4941357964741836e-16,0.07955337483861419,1.0338011767375783e-07,1.2995063739719368e-06,9.96508568464273e-06,9.96508568464273e-06,0.07955337466341242,1.0349767394886609e-07,1.3009840800187444e-06,0.01038602950583427,True
adamw_final_update_projection,62,3,49,torch.float32,1.1920928955078125e-07,5.138758647397377e-06,3.8113011765369345e-05,1.532860803453822e-11,4.0218831639189076e-07,4.9728895857113866e-21,1.3047747620486684e-16,9.341729858720135e-08,0.002451097487757659,0.07454343865539542,0.003473779145061641,0.04660073653323759,0.07446245433117307,9.744889557206944e-18,1.308698409787351e-16,0.07446245419703966,9.50050978777273e-08,1.2758792186237709e-06,9.993097446112556e-06,9.993097446112556e-06,0.07446245426486435,9.507078931289081e-08,1.2767614262984434e-06,0.009513645776552953,True
adamw_final_update_projection,62,4,60,torch.float32,1.1920928955078125e-07,8.425881056896194e-06,4.82915793216616e-05,3.4679594122625075e-11,7.181292185875819e-07,7.016832016334619e-21,1.4530135719104486e-16,1.2345081958250992e-07,0.002556350414188307,0.11082788929368281,0.009837783600954799,0.08876631742832941,0.11039039387153937,1.695206074573668e-17,1.5356463684207603e-16,0.1103903942385139,1.2251480063972142e-07,1.1098320780974025e-06,1.1791518041890114e-05,1.1791518041890114e-05,0.11039039413665067,1.2295973355436869e-07,1.1138626192615874e-06,0.010427812018566775,True
adamw_final_update_projection,62,5,53,torch.float32,1.1920928955078125e-07,5.678672305444112e-06,5.368857454661253e-05,2.285094976478322e-11,4.256203476764685e-07,7.262528368087675e-21,1.3527139488091627e-16,9.494779253257851e-08,0.0017684946012280203,0.07841261393694023,0.005309995055124437,0.06771863337440527,0.07823261453472068,1.0761589443645767e-17,1.3755886221685242e-16,0.07823261446555517,9.495695905798248e-08,1.2137771402206023e-06,9.741896260294127e-06,9.741896260294127e-06,0.07823261440483585,9.51938043307115e-08,1.2168045904500312e-06,0.009771588794134563,True
adamw_final_update_projection,62,6,60,torch.float32,1.1920928955078125e-07,3.095485046437789e-06,4.549474953870152e-05,1.1350956763529477e-11,2.4950036825399894e-07,6.605543357605759e-21,1.4519353166208233e-16,1.0205461118577567e-07,0.0022431710029852956,0.07502568287986446,0.004000052283406389,0.05331577307748746,0.07491897405410729,1.1069110754319367e-17,1.477477620866129e-16,0.07491897413168339,1.0311382968139149e-07,1.3763379821532346e-06,9.92151487636259e-06,9.92151487636259e-06,0.07491897408699495,1.031973962907911e-07,1.3774534094788805e-06,0.010401374948965975,True
adamw_final_update_projection,62,7,53,torch.float32,1.1920928955078125e-07,7.079248571757639e-06,2.5010546098764295e-05,1.413783484676715e-11,5.652749360584998e-07,3.432347522616592e-21,1.3723600872460451e-16,1.0194748859187772e-07,0.004076033734737185,0.0755549611993226,0.0038026166545780033,0.05032914575319901,0.0754592093015125,1.0417890843506799e-17,1.3805989938060462e-16,0.07545920866202753,1.0206930773427743e-07,1.3526421697772268e-06,1.0455022555739756e-05,1.0455022555739756e-05,0.07545920881234072,1.021321918382109e-07,1.3534755193657428e-06,0.009768720372787797,True
adamw_final_update_projection,63,0,58,torch.float32,1.1920928955078125e-07,4.814231254404896e-06,3.5524863781413333e-05,1.3655487639493303e-11,3.84392399743356e-07,5.104534687139216e-21,1.4368907136556834e-16,1.076082208952441e-07,0.0030290068424416294,0.07794106445028678,0.004373629953930899,0.0561145781723386,0.07781825549747204,1.1282732644338425e-17,1.4498824950791849e-16,0.07781825468790676,1.0720310677402039e-07,1.3776087269492582e-06,1.0435948641734517e-05,1.0435948641734517e-05,0.07781825478330973,1.0724862552533071e-07,1.3781936619366738e-06,0.010276844895195397,True
adamw_final_update_projection,63,1,60,torch.float32,1.1920928955078125e-07,3.342961442244951e-06,3.897794904566242e-05,1.0825019992838185e-11,2.7772164154036795e-07,5.648661536277462e-21,1.4491941404254771e-16,1.1059735483501e-07,0.002837341204662104,0.07587966397633364,0.0042973023040844185,0.056633122484895534,0.07575788142542408,1.1056108046705092e-17,1.4594003737536807e-16,0.07575788080522136,1.1072937014505691e-07,1.4616218005061363e-06,1.0672015268701956e-05,1.0672015268701956e-05,0.0757578808126134,1.1094731481597578e-07,1.4644986584353276e-06,0.010396097833682201,True
adamw_final_update_projection,63,2,60,torch.float32,1.1920928955078125e-07,3.920330339574255e-06,4.152377813731655e-05,1.2788375484840209e-11,3.079771653376493e-07,6.095440499033128e-21,1.4679397618579347e-16,1.0332726668934945e-07,0.0024883596440360223,0.07871096695533684,0.004204433461976543,0.05341610736865011,0.07859859450593211,1.1693835274247806e-17,1.4877919061727283e-16,0.07859859461286871,1.0248481580891056e-07,1.303901377800603e-06,9.976904165297358e-06,9.976904165297358e-06,0.07859859462595273,1.0258692836531235e-07,1.3052005427516745e-06,0.010282440992280973,True
adamw_final_update_projection,63,3,49,torch.float32,1.1920928955078125e-07,5.138758647397377e-06,3.685016808453199e-05,1.6316357179807958e-11,4.4277565145372606e-07,4.777237616272307e-21,1.2963950680805821e-16,9.380114879279472e-08,0.002545468638377348,0.07508482016091426,0.0035099718180368307,0.046746756674846006,0.075002735393007,9.840671212447812e-18,1.3120416423325972e-16,0.0750027356849097,9.505254807762547e-08,1.2673210811529069e-06,1.0004070619142706e-05,1.0004070619142706e-05,0.07500273575668658,9.521656726669864e-08,1.2695079226921397e-06,0.00951778239994653,True
adamw_final_update_projection,63,4,60,torch.float32,1.1920928955078125e-07,8.425881056896194e-06,4.5938990696540096e-05,3.58358591714509e-11,7.800750218517509e-07,6.799411154948533e-21,1.4800958949807097e-16,1.2250649376221963e-07,0.0026666756172694355,0.10899217016919038,0.009470512120124825,0.08689167401129448,0.10857993626067536,1.6543064698408855e-17,1.5235839389970516e-16,0.10857993660806685,1.2337157810137497e-07,1.1362281279155692e-06,1.1813387231741061e-05,1.1813387231741061e-05,0.10857993690604169,1.2423261297839764e-07,1.1441580877496808e-06,0.010516256729873419,True
adamw_final_update_projection,63,5,53,torch.float32,1.1920928955078125e-07,5.678672305444112e-06,4.528122071818292e-05,1.9519095415600593e-11,4.3106380760098617e-07,6.07767295267604e-21,1.3422060748985247e-16,9.511770293672757e-08,0.0021005650688671537,0.07679892045642825,0.005094770495465765,0.06633908999223857,0.07662974289968175,1.0450083681136986e-17,1.3637111760661259e-16,0.07662974336778,9.673898184845648e-08,1.2624207989861503e-06,9.753416576563066e-06,9.753416576563066e-06,0.07662974339343749,9.669699228296801e-08,1.2618728446799035e-06,0.009914166130802376,True
adamw_final_update_projection,63,6,60,torch.float32,1.1920928955078125e-07,3.095485046437789e-06,4.6159475104139817e-05,1.1362182945648938e-11,2.4615060981553317e-07,6.666062862723142e-21,1.44413749239655e-16,1.030255354745909e-07,0.0022319268485623527,0.07530408130644457,0.003983743727526758,0.05290209585474123,0.07519863328093808,1.1236608415454135e-17,1.4942569997881167e-16,0.07519863338218617,1.036109159593284e-07,1.3778297729526668e-06,9.93348420974282e-06,9.93348420974282e-06,0.07519863343648814,1.0356368627362888e-07,1.3772017062131524e-06,0.010425716101914473,True
adamw_final_update_projection,63,7,53,torch.float32,1.1920928955078125e-07,7.079248571757639e-06,2.5780822444684226e-05,1.3749302670523355e-11,5.333151298809064e-07,3.457390984811905e-21,1.3410708646827052e-16,1.0186290579372029e-07,0.003950958717174503,0.07537559136868004,0.003773325920374208,0.05006031597043092,0.07528108517866135,1.0343698937320829e-17,1.3740103390875112e-16,0.0752810861011883,1.0182522121103637e-07,1.352600320805269e-06,1.0462448663835682e-05,1.0462448663835682e-05,0.07528108602945478,1.0182305166885514e-07,1.3525715028741142e-06,0.009732239071414987,True
adamw_final_update_projection,64,0,58,torch.float32,1.1920928955078125e-07,4.814231254404896e-06,3.796548796663177e-05,1.5489615246166476e-11,4.0799199683092305e-07,5.383476921931266e-21,1.4179922899090098e-16,1.0746696861484925e-07,0.0028305530844182207,0.07845090798245904,0.004353044042414785,0.055487490895428364,0.0783300451349101,1.1324869731011997e-17,1.4457887406431143e-16,0.07833004446635586,1.0639406791538169e-07,1.3582791716795185e-06,1.044877870883555e-05,1.044877870883555e-05,0.0783300443855503,1.0665576962524212e-07,1.3616201862502343e-06,0.01020748669268432,True
adamw_final_update_projection,64,1,60,torch.float32,1.1920928955078125e-07,3.342961442244951e-06,4.573555048280037e-05,1.26094626692104e-11,2.757037476558285e-07,6.621501050591176e-21,1.4477798956594075e-16,1.1096275524675602e-07,0.002426172758690906,0.07561541999400993,0.004268721719449685,0.0564530583813175,0.07549483264272076,1.1044512916845109e-17,1.4629495198847922e-16,0.07549483211349928,1.1099471821875551e-07,1.470229353605099e-06,1.0681652612736727e-05,1.0681652612736727e-05,0.07549483225338642,1.1123199921792408e-07,1.473372360701346e-06,0.010413369845532313,True
adamw_final_update_projection,64,2,60,torch.float32,1.1920928955078125e-07,3.920330339574255e-06,4.5151346769508706e-05,1.4416427796733221e-11,3.192912023272985e-07,6.575142597536546e-21,1.4562450664211772e-16,1.0393514808192013e-07,0.00230196990374756,0.07910048312116101,0.004211507807647346,0.05324250423599096,0.07898828794186642,1.1598035496440402e-17,1.468323443720706e-16,0.07898828743168468,1.0354011975074304e-07,1.3108287711680385e-06,9.989644277199683e-06,9.989644277199683e-06,0.07898828737845366,1.036226285928269e-07,1.311873342643114e-06,0.010373004855571754,True
adamw_final_update_projection,64,3,49,torch.float32,1.1920928955078125e-07,5.138758647397377e-06,3.739267101731006e-05,1.516807034244253e-11,4.0564286877021505e-07,4.824776054314479e-21,1.2902999232339833e-16,9.33059428621402e-08,0.0024952468275822592,0.07527058674221848,0.003502493631831124,0.04653203573164937,0.0751890535043288,9.894655927903486e-18,1.3159702731640088e-16,0.07518905403331157,9.421474898076357e-08,1.253038094335153e-06,1.0014838070005723e-05,1.0014838070005723e-05,0.07518905423388929,9.405497561295018e-08,1.2509131358452123e-06,0.009391562295414772,True
adamw_final_update_projection,64,4,60,torch.float32,1.1920928955078125e-07,8.425881056896194e-06,4.978829574289072e-05,4.3052486947634805e-11,8.647109989456162e-07,7.426340447820936e-21,1.491583581445268e-16,1.223418120891494e-07,0.0024571925389979487,0.10902301595733586,0.009384076753300045,0.08607427221580743,0.10861840135042351,1.6481212799618452e-17,1.5173499696839525e-16,0.10861840147290366,1.238190156161532e-07,1.139945110010126e-06,1.1836181953869465e-05,1.1836181953869465e-05,0.10861840205723634,1.243518266235617e-07,1.1448504513814763e-06,0.010506075954916257,True
adamw_final_update_projection,64,5,53,torch.float32,1.1920928955078125e-07,5.678672305444112e-06,4.753278731856515e-05,2.114058940647741e-11,4.4475804174480656e-07,6.4446786036898925e-21,1.355838562653235e-16,9.573368498330642e-08,0.0020140464078205697,0.07688391219479626,0.00504475475618939,0.06561521925949594,0.07671822732458725,1.062986083316476e-17,1.3855717479225463e-16,0.07671822691300816,9.508150132261588e-08,1.2393599949908916e-06,9.766440256006655e-06,9.766440256006655e-06,0.07671822689110275,9.53295777207687e-08,1.2425935997723688e-06,0.009760933894223962,True
adamw_final_update_projection,64,6,60,torch.float32,1.1920928955078125e-07,3.095485046437789e-06,4.254255026450861e-05,1.0779489014757764e-11,2.5338135461405616e-07,6.203412961819206e-21,1.458166687998167e-16,1.0330227748011422e-07,0.002428209614437627,0.0754228107842935,0.003975606565010065,0.05271093086652731,0.07531795894103602,1.1243138529564094e-17,1.4927566662243173e-16,0.07531795768920178,1.0394432233887874e-07,1.3800735644984314e-06,9.944956433623654e-06,9.944956433623654e-06,0.07531795758700444,1.0422245954746755e-07,1.3837664069298976e-06,0.010479931233795451,True
adamw_final_update_projection,64,7,53,torch.float32,1.1920928955078125e-07,7.079248571757639e-06,2.922330092049572e-05,1.6334353968354005e-11,5.589496550301725e-07,3.926099996608803e-21,1.3434827254082892e-16,1.029191893476706e-07,0.0035215047732303126,0.07677526438721358,0.0038684075024701765,0.050386117629761425,0.07667774543582628,1.0501944191744912e-17,1.369620889614481e-16,0.07667774574370266,1.0364834969886769e-07,1.3517396565793023e-06,1.047165137005733e-05,1.047165137005733e-05,0.0766777458280864,1.0380067477393238e-07,1.3537262168172801e-06,0.009912541117510875,True
