replicate,condition,arm,step,stream_key_posthoc,family_posthoc,branch,geometry_score
0,STORY_ONLY,capacity-shadow,1,STORY_A,STORY,0,
0,STORY_ONLY,capacity-shadow,2,STORY_A,STORY,1,
0,STORY_ONLY,capacity-shadow,3,STORY_A,STORY,0,
0,STORY_ONLY,capacity-shadow,4,STORY_A,STORY,1,
0,STORY_ONLY,capacity-shadow,5,STORY_A,STORY,0,
0,STORY_ONLY,capacity-shadow,6,STORY_A,STORY,1,
0,STORY_ONLY,capacity-shadow,7,STORY_A,STORY,0,
0,STORY_ONLY,capacity-shadow,8,STORY_A,STORY,1,
0,STORY_ONLY,capacity-shadow,9,STORY_A,STORY,0,
0,STORY_ONLY,capacity-shadow,10,STORY_A,STORY,1,
0,STORY_ONLY,capacity-shadow,11,STORY_A,STORY,0,
0,STORY_ONLY,capacity-shadow,12,STORY_A,STORY,1,
0,STORY_ONLY,capacity-shadow,13,STORY_A,STORY,0,
0,STORY_ONLY,capacity-shadow,14,STORY_A,STORY,1,
0,STORY_ONLY,capacity-shadow,15,STORY_A,STORY,0,
0,STORY_ONLY,capacity-shadow,16,STORY_A,STORY,1,
0,STORY_ONLY,capacity-shadow,17,STORY_A,STORY,0,
0,STORY_ONLY,capacity-shadow,18,STORY_A,STORY,1,
0,STORY_ONLY,capacity-shadow,19,STORY_A,STORY,0,
0,STORY_ONLY,capacity-shadow,20,STORY_A,STORY,1,
0,STORY_ONLY,capacity-shadow,21,STORY_A,STORY,0,
0,STORY_ONLY,capacity-shadow,22,STORY_A,STORY,1,
0,STORY_ONLY,capacity-shadow,23,STORY_A,STORY,0,
0,STORY_ONLY,capacity-shadow,24,STORY_A,STORY,1,
0,STORY_ONLY,capacity-shadow,25,STORY_A,STORY,0,
0,STORY_ONLY,capacity-shadow,26,STORY_A,STORY,1,
0,STORY_ONLY,capacity-shadow,27,STORY_A,STORY,0,
0,STORY_ONLY,capacity-shadow,28,STORY_A,STORY,1,
0,STORY_ONLY,capacity-shadow,29,STORY_A,STORY,0,
0,STORY_ONLY,capacity-shadow,30,STORY_A,STORY,1,
0,STORY_ONLY,capacity-shadow,31,STORY_A,STORY,0,
0,STORY_ONLY,capacity-shadow,32,STORY_A,STORY,1,
0,STORY_ONLY,capacity-shadow,33,STORY_A,STORY,0,
0,STORY_ONLY,capacity-shadow,34,STORY_A,STORY,1,
0,STORY_ONLY,capacity-shadow,35,STORY_A,STORY,0,
0,STORY_ONLY,capacity-shadow,36,STORY_A,STORY,1,
0,STORY_ONLY,capacity-shadow,37,STORY_A,STORY,0,
0,STORY_ONLY,capacity-shadow,38,STORY_A,STORY,1,
0,STORY_ONLY,capacity-shadow,39,STORY_A,STORY,0,
0,STORY_ONLY,capacity-shadow,40,STORY_A,STORY,1,
0,STORY_ONLY,capacity-shadow,41,STORY_A,STORY,0,
0,STORY_ONLY,capacity-shadow,42,STORY_A,STORY,1,
0,STORY_ONLY,capacity-shadow,43,STORY_A,STORY,0,
0,STORY_ONLY,capacity-shadow,44,STORY_A,STORY,1,
0,STORY_ONLY,capacity-shadow,45,STORY_A,STORY,0,
0,STORY_ONLY,capacity-shadow,46,STORY_A,STORY,1,
0,STORY_ONLY,capacity-shadow,47,STORY_A,STORY,0,
0,STORY_ONLY,capacity-shadow,48,STORY_A,STORY,1,
0,STORY_ONLY,capacity-shadow,49,STORY_A,STORY,0,
0,STORY_ONLY,capacity-shadow,50,STORY_A,STORY,1,
0,STORY_ONLY,capacity-shadow,51,STORY_A,STORY,0,
0,STORY_ONLY,capacity-shadow,52,STORY_A,STORY,1,
0,STORY_ONLY,capacity-shadow,53,STORY_A,STORY,0,
0,STORY_ONLY,capacity-shadow,54,STORY_A,STORY,1,
0,STORY_ONLY,capacity-shadow,55,STORY_A,STORY,0,
0,STORY_ONLY,capacity-shadow,56,STORY_A,STORY,1,
0,STORY_ONLY,capacity-shadow,57,STORY_A,STORY,0,
0,STORY_ONLY,capacity-shadow,58,STORY_A,STORY,1,
0,STORY_ONLY,capacity-shadow,59,STORY_A,STORY,0,
0,STORY_ONLY,capacity-shadow,60,STORY_A,STORY,1,
0,STORY_ONLY,capacity-shadow,61,STORY_A,STORY,0,
0,STORY_ONLY,capacity-shadow,62,STORY_A,STORY,1,
0,STORY_ONLY,capacity-shadow,63,STORY_A,STORY,0,
0,STORY_ONLY,capacity-shadow,64,STORY_A,STORY,1,
0,STORY_ONLY,capacity-shadow,65,STORY_A,STORY,0,
0,STORY_ONLY,capacity-shadow,66,STORY_A,STORY,1,
0,STORY_ONLY,capacity-shadow,67,STORY_A,STORY,0,
0,STORY_ONLY,capacity-shadow,68,STORY_A,STORY,1,
0,STORY_ONLY,capacity-shadow,69,STORY_A,STORY,0,
0,STORY_ONLY,capacity-shadow,70,STORY_A,STORY,1,
0,STORY_ONLY,capacity-shadow,71,STORY_A,STORY,0,
0,STORY_ONLY,capacity-shadow,72,STORY_A,STORY,1,
0,STORY_ONLY,capacity-shadow,73,STORY_A,STORY,0,
0,STORY_ONLY,capacity-shadow,74,STORY_A,STORY,1,
0,STORY_ONLY,capacity-shadow,75,STORY_A,STORY,0,
0,STORY_ONLY,capacity-shadow,76,STORY_A,STORY,1,
0,STORY_ONLY,capacity-shadow,77,STORY_A,STORY,0,
0,STORY_ONLY,capacity-shadow,78,STORY_A,STORY,1,
0,STORY_ONLY,capacity-shadow,79,STORY_A,STORY,0,
0,STORY_ONLY,capacity-shadow,80,STORY_A,STORY,1,
0,STORY_ONLY,capacity-shadow,81,STORY_A,STORY,0,
0,STORY_ONLY,capacity-shadow,82,STORY_A,STORY,1,
0,STORY_ONLY,capacity-shadow,83,STORY_A,STORY,0,
0,STORY_ONLY,capacity-shadow,84,STORY_A,STORY,1,
0,STORY_ONLY,capacity-shadow,85,STORY_A,STORY,0,
0,STORY_ONLY,capacity-shadow,86,STORY_A,STORY,1,
0,STORY_ONLY,capacity-shadow,87,STORY_A,STORY,0,
0,STORY_ONLY,capacity-shadow,88,STORY_A,STORY,1,
0,STORY_ONLY,capacity-shadow,89,STORY_A,STORY,0,
0,STORY_ONLY,capacity-shadow,90,STORY_A,STORY,1,
0,STORY_ONLY,capacity-shadow,91,STORY_A,STORY,0,
0,STORY_ONLY,capacity-shadow,92,STORY_A,STORY,1,
0,STORY_ONLY,capacity-shadow,93,STORY_A,STORY,0,
0,STORY_ONLY,capacity-shadow,94,STORY_A,STORY,1,
0,STORY_ONLY,capacity-shadow,95,STORY_A,STORY,0,
0,STORY_ONLY,capacity-shadow,96,STORY_A,STORY,1,
0,STORY_ONLY,capacity-shadow,97,STORY_A,STORY,0,
0,STORY_ONLY,capacity-shadow,98,STORY_A,STORY,1,
0,STORY_ONLY,capacity-shadow,99,STORY_A,STORY,0,
0,STORY_ONLY,capacity-shadow,100,STORY_A,STORY,1,
0,STORY_ONLY,capacity-shadow,101,STORY_A,STORY,0,
0,STORY_ONLY,capacity-shadow,102,STORY_A,STORY,1,
0,STORY_ONLY,capacity-shadow,103,STORY_A,STORY,0,
0,STORY_ONLY,capacity-shadow,104,STORY_A,STORY,1,
0,STORY_ONLY,capacity-shadow,105,STORY_A,STORY,0,
0,STORY_ONLY,capacity-shadow,106,STORY_A,STORY,1,
0,STORY_ONLY,capacity-shadow,107,STORY_A,STORY,0,
0,STORY_ONLY,capacity-shadow,108,STORY_A,STORY,1,
0,STORY_ONLY,capacity-shadow,109,STORY_A,STORY,0,
0,STORY_ONLY,capacity-shadow,110,STORY_A,STORY,1,
0,STORY_ONLY,capacity-shadow,111,STORY_A,STORY,0,
0,STORY_ONLY,capacity-shadow,112,STORY_A,STORY,1,
0,STORY_ONLY,capacity-shadow,113,STORY_A,STORY,0,
0,STORY_ONLY,capacity-shadow,114,STORY_A,STORY,1,
0,STORY_ONLY,capacity-shadow,115,STORY_A,STORY,0,
0,STORY_ONLY,capacity-shadow,116,STORY_A,STORY,1,
0,STORY_ONLY,capacity-shadow,117,STORY_A,STORY,0,
0,STORY_ONLY,capacity-shadow,118,STORY_A,STORY,1,
0,STORY_ONLY,capacity-shadow,119,STORY_A,STORY,0,
0,STORY_ONLY,capacity-shadow,120,STORY_A,STORY,1,
0,STORY_ONLY,capacity-shadow,121,STORY_A,STORY,0,
0,STORY_ONLY,capacity-shadow,122,STORY_A,STORY,1,
0,STORY_ONLY,capacity-shadow,123,STORY_A,STORY,0,
0,STORY_ONLY,capacity-shadow,124,STORY_A,STORY,1,
0,STORY_ONLY,capacity-shadow,125,STORY_A,STORY,0,
0,STORY_ONLY,capacity-shadow,126,STORY_A,STORY,1,
0,STORY_ONLY,capacity-shadow,127,STORY_A,STORY,0,
0,STORY_ONLY,capacity-shadow,128,STORY_A,STORY,1,
0,STORY_ONLY,capacity-shadow,129,STORY_A,STORY,0,
0,STORY_ONLY,capacity-shadow,130,STORY_A,STORY,1,
0,STORY_ONLY,capacity-shadow,131,STORY_A,STORY,0,
0,STORY_ONLY,capacity-shadow,132,STORY_A,STORY,1,
0,STORY_ONLY,capacity-shadow,133,STORY_A,STORY,0,
0,STORY_ONLY,capacity-shadow,134,STORY_A,STORY,1,
0,STORY_ONLY,capacity-shadow,135,STORY_A,STORY,0,
0,STORY_ONLY,capacity-shadow,136,STORY_A,STORY,1,
0,STORY_ONLY,capacity-shadow,137,STORY_A,STORY,0,
0,STORY_ONLY,capacity-shadow,138,STORY_A,STORY,1,
0,STORY_ONLY,capacity-shadow,139,STORY_A,STORY,0,
0,STORY_ONLY,capacity-shadow,140,STORY_A,STORY,1,
0,STORY_ONLY,capacity-shadow,141,STORY_A,STORY,0,
0,STORY_ONLY,capacity-shadow,142,STORY_A,STORY,1,
0,STORY_ONLY,capacity-shadow,143,STORY_A,STORY,0,
0,STORY_ONLY,capacity-shadow,144,STORY_A,STORY,1,
0,STORY_ONLY,capacity-shadow,145,STORY_A,STORY,0,
0,STORY_ONLY,capacity-shadow,146,STORY_A,STORY,1,
0,STORY_ONLY,capacity-shadow,147,STORY_A,STORY,0,
0,STORY_ONLY,capacity-shadow,148,STORY_A,STORY,1,
0,STORY_ONLY,capacity-shadow,149,STORY_A,STORY,0,
0,STORY_ONLY,capacity-shadow,150,STORY_A,STORY,1,
0,STORY_ONLY,capacity-shadow,151,STORY_A,STORY,0,
0,STORY_ONLY,capacity-shadow,152,STORY_A,STORY,1,
0,STORY_ONLY,capacity-shadow,153,STORY_A,STORY,0,
0,STORY_ONLY,capacity-shadow,154,STORY_A,STORY,1,
0,STORY_ONLY,capacity-shadow,155,STORY_A,STORY,0,
0,STORY_ONLY,capacity-shadow,156,STORY_A,STORY,1,
0,STORY_ONLY,capacity-shadow,157,STORY_A,STORY,0,
0,STORY_ONLY,capacity-shadow,158,STORY_A,STORY,1,
0,STORY_ONLY,capacity-shadow,159,STORY_A,STORY,0,
0,STORY_ONLY,capacity-shadow,160,STORY_A,STORY,1,
0,STORY_ONLY,capacity-shadow,161,STORY_A,STORY,0,
0,STORY_ONLY,capacity-shadow,162,STORY_A,STORY,1,
0,STORY_ONLY,capacity-shadow,163,STORY_A,STORY,0,
0,STORY_ONLY,capacity-shadow,164,STORY_A,STORY,1,
0,STORY_ONLY,capacity-shadow,165,STORY_A,STORY,0,
0,STORY_ONLY,capacity-shadow,166,STORY_A,STORY,1,
0,STORY_ONLY,capacity-shadow,167,STORY_A,STORY,0,
0,STORY_ONLY,capacity-shadow,168,STORY_A,STORY,1,
0,STORY_ONLY,capacity-shadow,169,STORY_A,STORY,0,
0,STORY_ONLY,capacity-shadow,170,STORY_A,STORY,1,
0,STORY_ONLY,capacity-shadow,171,STORY_A,STORY,0,
0,STORY_ONLY,capacity-shadow,172,STORY_A,STORY,1,
0,STORY_ONLY,capacity-shadow,173,STORY_A,STORY,0,
0,STORY_ONLY,capacity-shadow,174,STORY_A,STORY,1,
0,STORY_ONLY,capacity-shadow,175,STORY_A,STORY,0,
0,STORY_ONLY,capacity-shadow,176,STORY_A,STORY,1,
0,STORY_ONLY,capacity-shadow,177,STORY_A,STORY,0,
0,STORY_ONLY,capacity-shadow,178,STORY_A,STORY,1,
0,STORY_ONLY,capacity-shadow,179,STORY_A,STORY,0,
0,STORY_ONLY,capacity-shadow,180,STORY_A,STORY,1,
0,STORY_ONLY,capacity-shadow,181,STORY_A,STORY,0,
0,STORY_ONLY,capacity-shadow,182,STORY_A,STORY,1,
0,STORY_ONLY,capacity-shadow,183,STORY_A,STORY,0,
0,STORY_ONLY,capacity-shadow,184,STORY_A,STORY,1,
0,STORY_ONLY,capacity-shadow,185,STORY_A,STORY,0,
0,STORY_ONLY,capacity-shadow,186,STORY_A,STORY,1,
0,STORY_ONLY,capacity-shadow,187,STORY_A,STORY,0,
0,STORY_ONLY,capacity-shadow,188,STORY_A,STORY,1,
0,STORY_ONLY,capacity-shadow,189,STORY_A,STORY,0,
0,STORY_ONLY,capacity-shadow,190,STORY_A,STORY,1,
0,STORY_ONLY,capacity-shadow,191,STORY_A,STORY,0,
0,STORY_ONLY,capacity-shadow,192,STORY_A,STORY,1,
0,STORY_ONLY,capacity-shadow,193,STORY_A,STORY,0,
0,STORY_ONLY,capacity-shadow,194,STORY_A,STORY,1,
0,STORY_ONLY,capacity-shadow,195,STORY_A,STORY,0,
0,STORY_ONLY,capacity-shadow,196,STORY_A,STORY,1,
0,STORY_ONLY,capacity-shadow,197,STORY_A,STORY,0,
0,STORY_ONLY,capacity-shadow,198,STORY_A,STORY,1,
0,STORY_ONLY,capacity-shadow,199,STORY_A,STORY,0,
0,STORY_ONLY,capacity-shadow,200,STORY_A,STORY,1,
0,STORY_ONLY,capacity-shadow,201,STORY_A,STORY,0,
0,STORY_ONLY,capacity-shadow,202,STORY_A,STORY,1,
0,STORY_ONLY,capacity-shadow,203,STORY_A,STORY,0,
0,STORY_ONLY,capacity-shadow,204,STORY_A,STORY,1,
0,STORY_ONLY,capacity-shadow,205,STORY_A,STORY,0,
0,STORY_ONLY,capacity-shadow,206,STORY_A,STORY,1,
0,STORY_ONLY,capacity-shadow,207,STORY_A,STORY,0,
0,STORY_ONLY,capacity-shadow,208,STORY_A,STORY,1,
0,STORY_ONLY,capacity-shadow,209,STORY_A,STORY,0,
0,STORY_ONLY,capacity-shadow,210,STORY_A,STORY,1,
0,STORY_ONLY,capacity-shadow,211,STORY_A,STORY,0,
0,STORY_ONLY,capacity-shadow,212,STORY_A,STORY,1,
0,STORY_ONLY,capacity-shadow,213,STORY_A,STORY,0,
0,STORY_ONLY,capacity-shadow,214,STORY_A,STORY,1,
0,STORY_ONLY,capacity-shadow,215,STORY_A,STORY,0,
0,STORY_ONLY,capacity-shadow,216,STORY_A,STORY,1,
0,STORY_ONLY,capacity-shadow,217,STORY_A,STORY,0,
0,STORY_ONLY,capacity-shadow,218,STORY_A,STORY,1,
0,STORY_ONLY,capacity-shadow,219,STORY_A,STORY,0,
0,STORY_ONLY,capacity-shadow,220,STORY_A,STORY,1,
0,STORY_ONLY,capacity-shadow,221,STORY_A,STORY,0,
0,STORY_ONLY,capacity-shadow,222,STORY_A,STORY,1,
0,STORY_ONLY,capacity-shadow,223,STORY_A,STORY,0,
0,STORY_ONLY,capacity-shadow,224,STORY_A,STORY,1,
0,STORY_ONLY,capacity-shadow,225,STORY_A,STORY,0,
0,STORY_ONLY,capacity-shadow,226,STORY_A,STORY,1,
0,STORY_ONLY,capacity-shadow,227,STORY_A,STORY,0,
0,STORY_ONLY,capacity-shadow,228,STORY_A,STORY,1,
0,STORY_ONLY,capacity-shadow,229,STORY_A,STORY,0,
0,STORY_ONLY,capacity-shadow,230,STORY_A,STORY,1,
0,STORY_ONLY,capacity-shadow,231,STORY_A,STORY,0,
0,STORY_ONLY,capacity-shadow,232,STORY_A,STORY,1,
0,STORY_ONLY,capacity-shadow,233,STORY_A,STORY,0,
0,STORY_ONLY,capacity-shadow,234,STORY_A,STORY,1,
0,STORY_ONLY,capacity-shadow,235,STORY_A,STORY,0,
0,STORY_ONLY,capacity-shadow,236,STORY_A,STORY,1,
0,STORY_ONLY,capacity-shadow,237,STORY_A,STORY,0,
0,STORY_ONLY,capacity-shadow,238,STORY_A,STORY,1,
0,STORY_ONLY,capacity-shadow,239,STORY_A,STORY,0,
0,STORY_ONLY,capacity-shadow,240,STORY_A,STORY,1,
0,STORY_ONLY,capacity-shadow,241,STORY_A,STORY,0,
0,STORY_ONLY,capacity-shadow,242,STORY_A,STORY,1,
0,STORY_ONLY,capacity-shadow,243,STORY_A,STORY,0,
0,STORY_ONLY,capacity-shadow,244,STORY_A,STORY,1,
0,STORY_ONLY,capacity-shadow,245,STORY_A,STORY,0,
0,STORY_ONLY,capacity-shadow,246,STORY_A,STORY,1,
0,STORY_ONLY,capacity-shadow,247,STORY_A,STORY,0,
0,STORY_ONLY,capacity-shadow,248,STORY_A,STORY,1,
0,STORY_ONLY,capacity-shadow,249,STORY_A,STORY,0,
0,STORY_ONLY,capacity-shadow,250,STORY_A,STORY,1,
0,STORY_ONLY,capacity-shadow,251,STORY_A,STORY,0,
0,STORY_ONLY,capacity-shadow,252,STORY_A,STORY,1,
0,STORY_ONLY,capacity-shadow,253,STORY_A,STORY,0,
0,STORY_ONLY,capacity-shadow,254,STORY_A,STORY,1,
0,STORY_ONLY,capacity-shadow,255,STORY_A,STORY,0,
0,STORY_ONLY,capacity-shadow,256,STORY_A,STORY,1,
0,STORY_ONLY,geometry-shadow,1,STORY_A,STORY,0,0.3177310228347778
0,STORY_ONLY,geometry-shadow,2,STORY_A,STORY,1,-0.4549245238304138
0,STORY_ONLY,geometry-shadow,3,STORY_A,STORY,1,-0.381622314453125
0,STORY_ONLY,geometry-shadow,4,STORY_A,STORY,0,0.5724965333938599
0,STORY_ONLY,geometry-shadow,5,STORY_A,STORY,0,1.1052863597869873
0,STORY_ONLY,geometry-shadow,6,STORY_A,STORY,1,-1.3544044494628906
0,STORY_ONLY,geometry-shadow,7,STORY_A,STORY,0,0.6798341274261475
0,STORY_ONLY,geometry-shadow,8,STORY_A,STORY,0,0.0722724199295044
0,STORY_ONLY,geometry-shadow,9,STORY_A,STORY,0,0.8769246935844421
0,STORY_ONLY,geometry-shadow,10,STORY_A,STORY,1,-0.4462482929229736
0,STORY_ONLY,geometry-shadow,11,STORY_A,STORY,0,0.4823275208473205
0,STORY_ONLY,geometry-shadow,12,STORY_A,STORY,0,0.8127472400665283
0,STORY_ONLY,geometry-shadow,13,STORY_A,STORY,1,-0.5576372146606445
0,STORY_ONLY,geometry-shadow,14,STORY_A,STORY,1,-0.2379745841026306
0,STORY_ONLY,geometry-shadow,15,STORY_A,STORY,0,0.9097877144813538
0,STORY_ONLY,geometry-shadow,16,STORY_A,STORY,1,-0.553419828414917
0,STORY_ONLY,geometry-shadow,17,STORY_A,STORY,1,-0.9096382260322572
0,STORY_ONLY,geometry-shadow,18,STORY_A,STORY,1,-0.0938436985015869
0,STORY_ONLY,geometry-shadow,19,STORY_A,STORY,0,0.3800191879272461
0,STORY_ONLY,geometry-shadow,20,STORY_A,STORY,1,-0.6102610230445862
0,STORY_ONLY,geometry-shadow,21,STORY_A,STORY,0,1.0055357217788696
0,STORY_ONLY,geometry-shadow,22,STORY_A,STORY,0,0.9120433330535888
0,STORY_ONLY,geometry-shadow,23,STORY_A,STORY,0,0.5712268352508545
0,STORY_ONLY,geometry-shadow,24,STORY_A,STORY,1,-0.312593936920166
0,STORY_ONLY,geometry-shadow,25,STORY_A,STORY,1,-0.7055647373199463
0,STORY_ONLY,geometry-shadow,26,STORY_A,STORY,1,-1.227921724319458
0,STORY_ONLY,geometry-shadow,27,STORY_A,STORY,0,0.1939946413040161
0,STORY_ONLY,geometry-shadow,28,STORY_A,STORY,0,0.2297033071517944
0,STORY_ONLY,geometry-shadow,29,STORY_A,STORY,1,-0.4418953061103821
0,STORY_ONLY,geometry-shadow,30,STORY_A,STORY,1,-0.3400957584381103
0,STORY_ONLY,geometry-shadow,31,STORY_A,STORY,1,-0.9596503376960754
0,STORY_ONLY,geometry-shadow,32,STORY_A,STORY,0,0.7872722148895264
0,STORY_ONLY,geometry-shadow,33,STORY_A,STORY,1,-1.0902245044708252
0,STORY_ONLY,geometry-shadow,34,STORY_A,STORY,1,-1.3148300647735596
0,STORY_ONLY,geometry-shadow,35,STORY_A,STORY,1,-1.0254359245300293
0,STORY_ONLY,geometry-shadow,36,STORY_A,STORY,1,-0.983500838279724
0,STORY_ONLY,geometry-shadow,37,STORY_A,STORY,0,0.2640935182571411
0,STORY_ONLY,geometry-shadow,38,STORY_A,STORY,1,-0.893863320350647
0,STORY_ONLY,geometry-shadow,39,STORY_A,STORY,0,1.1430119276046753
0,STORY_ONLY,geometry-shadow,40,STORY_A,STORY,0,0.0521519184112548
0,STORY_ONLY,geometry-shadow,41,STORY_A,STORY,0,0.5723413228988647
0,STORY_ONLY,geometry-shadow,42,STORY_A,STORY,1,-0.6600118279457092
0,STORY_ONLY,geometry-shadow,43,STORY_A,STORY,0,0.3070443868637085
0,STORY_ONLY,geometry-shadow,44,STORY_A,STORY,0,0.0012102127075195
0,STORY_ONLY,geometry-shadow,45,STORY_A,STORY,0,0.0660071372985839
0,STORY_ONLY,geometry-shadow,46,STORY_A,STORY,0,1.04371976852417
0,STORY_ONLY,geometry-shadow,47,STORY_A,STORY,0,0.3432793617248535
0,STORY_ONLY,geometry-shadow,48,STORY_A,STORY,1,-1.0871131420135498
0,STORY_ONLY,geometry-shadow,49,STORY_A,STORY,0,0.0481799840927124
0,STORY_ONLY,geometry-shadow,50,STORY_A,STORY,1,-0.3253268003463745
0,STORY_ONLY,geometry-shadow,51,STORY_A,STORY,0,1.371742606163025
0,STORY_ONLY,geometry-shadow,52,STORY_A,STORY,0,0.571476399898529
0,STORY_ONLY,geometry-shadow,53,STORY_A,STORY,1,-0.3603773713111877
0,STORY_ONLY,geometry-shadow,54,STORY_A,STORY,0,0.5231065154075623
0,STORY_ONLY,geometry-shadow,55,STORY_A,STORY,1,-0.1741516590118408
0,STORY_ONLY,geometry-shadow,56,STORY_A,STORY,1,-0.8308475017547607
0,STORY_ONLY,geometry-shadow,57,STORY_A,STORY,0,0.3367063403129577
0,STORY_ONLY,geometry-shadow,58,STORY_A,STORY,1,-0.6771077513694763
0,STORY_ONLY,geometry-shadow,59,STORY_A,STORY,0,0.7637546062469482
0,STORY_ONLY,geometry-shadow,60,STORY_A,STORY,0,0.5551941394805908
0,STORY_ONLY,geometry-shadow,61,STORY_A,STORY,1,-0.1718029975891113
0,STORY_ONLY,geometry-shadow,62,STORY_A,STORY,1,-0.8480391502380371
0,STORY_ONLY,geometry-shadow,63,STORY_A,STORY,0,0.9096593260765076
0,STORY_ONLY,geometry-shadow,64,STORY_A,STORY,0,0.6443214416503906
0,STORY_ONLY,geometry-shadow,65,STORY_A,STORY,1,-0.3405966758728027
0,STORY_ONLY,geometry-shadow,66,STORY_A,STORY,1,-0.7096814513206482
0,STORY_ONLY,geometry-shadow,67,STORY_A,STORY,0,0.5005773305892944
0,STORY_ONLY,geometry-shadow,68,STORY_A,STORY,0,0.8150684237480164
0,STORY_ONLY,geometry-shadow,69,STORY_A,STORY,0,0.5148137807846069
0,STORY_ONLY,geometry-shadow,70,STORY_A,STORY,0,0.1670385599136352
0,STORY_ONLY,geometry-shadow,71,STORY_A,STORY,0,0.183040976524353
0,STORY_ONLY,geometry-shadow,72,STORY_A,STORY,1,-0.5966310501098633
0,STORY_ONLY,geometry-shadow,73,STORY_A,STORY,0,0.0283207893371582
0,STORY_ONLY,geometry-shadow,74,STORY_A,STORY,1,-1.2168300151824951
0,STORY_ONLY,geometry-shadow,75,STORY_A,STORY,0,1.150496482849121
0,STORY_ONLY,geometry-shadow,76,STORY_A,STORY,1,-0.2480189800262451
0,STORY_ONLY,geometry-shadow,77,STORY_A,STORY,0,0.9063960909843444
0,STORY_ONLY,geometry-shadow,78,STORY_A,STORY,1,-0.6726348400115967
0,STORY_ONLY,geometry-shadow,79,STORY_A,STORY,1,-0.3739361763000488
0,STORY_ONLY,geometry-shadow,80,STORY_A,STORY,1,-0.8624904751777649
0,STORY_ONLY,geometry-shadow,81,STORY_A,STORY,0,0.8369820713996887
0,STORY_ONLY,geometry-shadow,82,STORY_A,STORY,0,0.2329072952270507
0,STORY_ONLY,geometry-shadow,83,STORY_A,STORY,0,0.7237994074821472
0,STORY_ONLY,geometry-shadow,84,STORY_A,STORY,0,0.9275779724121094
0,STORY_ONLY,geometry-shadow,85,STORY_A,STORY,0,0.435550332069397
0,STORY_ONLY,geometry-shadow,86,STORY_A,STORY,0,0.8413360118865967
0,STORY_ONLY,geometry-shadow,87,STORY_A,STORY,0,0.6753090620040894
0,STORY_ONLY,geometry-shadow,88,STORY_A,STORY,1,-0.3106089830398559
0,STORY_ONLY,geometry-shadow,89,STORY_A,STORY,0,0.889819860458374
0,STORY_ONLY,geometry-shadow,90,STORY_A,STORY,1,-0.4172260761260986
0,STORY_ONLY,geometry-shadow,91,STORY_A,STORY,1,-1.0267664194107056
0,STORY_ONLY,geometry-shadow,92,STORY_A,STORY,1,-1.2787361145019531
0,STORY_ONLY,geometry-shadow,93,STORY_A,STORY,0,1.0496505498886108
0,STORY_ONLY,geometry-shadow,94,STORY_A,STORY,0,1.4048349857330322
0,STORY_ONLY,geometry-shadow,95,STORY_A,STORY,0,0.3519706726074219
0,STORY_ONLY,geometry-shadow,96,STORY_A,STORY,0,0.5480324625968933
0,STORY_ONLY,geometry-shadow,97,STORY_A,STORY,1,-1.3360376358032229
0,STORY_ONLY,geometry-shadow,98,STORY_A,STORY,1,-0.1432186365127563
0,STORY_ONLY,geometry-shadow,99,STORY_A,STORY,1,-0.5021483302116394
0,STORY_ONLY,geometry-shadow,100,STORY_A,STORY,0,0.0817347764968872
0,STORY_ONLY,geometry-shadow,101,STORY_A,STORY,0,0.6022713780403137
0,STORY_ONLY,geometry-shadow,102,STORY_A,STORY,1,-0.3443066477775574
0,STORY_ONLY,geometry-shadow,103,STORY_A,STORY,1,-0.8196620941162109
0,STORY_ONLY,geometry-shadow,104,STORY_A,STORY,0,1.2038328647613523
0,STORY_ONLY,geometry-shadow,105,STORY_A,STORY,1,-1.0113804340362549
0,STORY_ONLY,geometry-shadow,106,STORY_A,STORY,0,0.1817773580551147
0,STORY_ONLY,geometry-shadow,107,STORY_A,STORY,0,0.4217633008956909
0,STORY_ONLY,geometry-shadow,108,STORY_A,STORY,0,0.9179814457893372
0,STORY_ONLY,geometry-shadow,109,STORY_A,STORY,1,-0.0228916406631469
0,STORY_ONLY,geometry-shadow,110,STORY_A,STORY,1,-0.6574788689613342
0,STORY_ONLY,geometry-shadow,111,STORY_A,STORY,0,1.0021696090698242
0,STORY_ONLY,geometry-shadow,112,STORY_A,STORY,1,-0.0926917791366577
0,STORY_ONLY,geometry-shadow,113,STORY_A,STORY,1,-0.2992067337036133
0,STORY_ONLY,geometry-shadow,114,STORY_A,STORY,1,-0.8531991839408875
0,STORY_ONLY,geometry-shadow,115,STORY_A,STORY,1,-0.5612162351608276
0,STORY_ONLY,geometry-shadow,116,STORY_A,STORY,0,1.0617713928222656
0,STORY_ONLY,geometry-shadow,117,STORY_A,STORY,1,-0.3145064115524292
0,STORY_ONLY,geometry-shadow,118,STORY_A,STORY,0,0.543442964553833
0,STORY_ONLY,geometry-shadow,119,STORY_A,STORY,0,0.8662312030792236
0,STORY_ONLY,geometry-shadow,120,STORY_A,STORY,1,-0.6708953380584717
0,STORY_ONLY,geometry-shadow,121,STORY_A,STORY,0,0.7535052299499512
0,STORY_ONLY,geometry-shadow,122,STORY_A,STORY,1,-1.334244966506958
0,STORY_ONLY,geometry-shadow,123,STORY_A,STORY,0,0.3291083574295044
0,STORY_ONLY,geometry-shadow,124,STORY_A,STORY,0,0.5926684141159058
0,STORY_ONLY,geometry-shadow,125,STORY_A,STORY,1,-0.0520539283752441
0,STORY_ONLY,geometry-shadow,126,STORY_A,STORY,1,-0.7697873711585999
0,STORY_ONLY,geometry-shadow,127,STORY_A,STORY,1,-0.823606550693512
0,STORY_ONLY,geometry-shadow,128,STORY_A,STORY,1,-1.0829260349273682
0,STORY_ONLY,geometry-shadow,129,STORY_A,STORY,1,-0.4290489554405212
0,STORY_ONLY,geometry-shadow,130,STORY_A,STORY,1,-0.2638713121414184
0,STORY_ONLY,geometry-shadow,131,STORY_A,STORY,0,0.3897241353988647
0,STORY_ONLY,geometry-shadow,132,STORY_A,STORY,1,-0.6721370220184326
0,STORY_ONLY,geometry-shadow,133,STORY_A,STORY,1,-0.2877867817878723
0,STORY_ONLY,geometry-shadow,134,STORY_A,STORY,1,-0.3714308738708496
0,STORY_ONLY,geometry-shadow,135,STORY_A,STORY,0,0.7333081364631653
0,STORY_ONLY,geometry-shadow,136,STORY_A,STORY,1,-0.480858564376831
0,STORY_ONLY,geometry-shadow,137,STORY_A,STORY,0,0.5307263135910034
0,STORY_ONLY,geometry-shadow,138,STORY_A,STORY,1,-1.2998764514923096
0,STORY_ONLY,geometry-shadow,139,STORY_A,STORY,0,0.5970688462257385
0,STORY_ONLY,geometry-shadow,140,STORY_A,STORY,1,-1.157084584236145
0,STORY_ONLY,geometry-shadow,141,STORY_A,STORY,1,-0.4383176565170288
0,STORY_ONLY,geometry-shadow,142,STORY_A,STORY,0,1.2915358543395996
0,STORY_ONLY,geometry-shadow,143,STORY_A,STORY,0,0.6311505436897278
0,STORY_ONLY,geometry-shadow,144,STORY_A,STORY,1,-0.2194714546203613
0,STORY_ONLY,geometry-shadow,145,STORY_A,STORY,1,-0.2777789831161499
0,STORY_ONLY,geometry-shadow,146,STORY_A,STORY,1,-0.5720164775848389
0,STORY_ONLY,geometry-shadow,147,STORY_A,STORY,1,-0.1770495176315307
0,STORY_ONLY,geometry-shadow,148,STORY_A,STORY,1,-0.6264362335205078
0,STORY_ONLY,geometry-shadow,149,STORY_A,STORY,1,-0.8400593996047974
0,STORY_ONLY,geometry-shadow,150,STORY_A,STORY,0,0.86396723985672
0,STORY_ONLY,geometry-shadow,151,STORY_A,STORY,1,-0.3799439668655395
0,STORY_ONLY,geometry-shadow,152,STORY_A,STORY,0,0.1937054395675659
0,STORY_ONLY,geometry-shadow,153,STORY_A,STORY,1,-0.759055495262146
0,STORY_ONLY,geometry-shadow,154,STORY_A,STORY,1,-0.2559083700180053
0,STORY_ONLY,geometry-shadow,155,STORY_A,STORY,1,-0.2275304794311523
0,STORY_ONLY,geometry-shadow,156,STORY_A,STORY,1,-0.3644155859947204
0,STORY_ONLY,geometry-shadow,157,STORY_A,STORY,0,1.0795717239379885
0,STORY_ONLY,geometry-shadow,158,STORY_A,STORY,0,1.145399808883667
0,STORY_ONLY,geometry-shadow,159,STORY_A,STORY,1,-0.5693613886833191
0,STORY_ONLY,geometry-shadow,160,STORY_A,STORY,0,0.8390632271766663
0,STORY_ONLY,geometry-shadow,161,STORY_A,STORY,1,-0.6984415054321289
0,STORY_ONLY,geometry-shadow,162,STORY_A,STORY,1,-0.0371012687683105
0,STORY_ONLY,geometry-shadow,163,STORY_A,STORY,0,0.157414436340332
0,STORY_ONLY,geometry-shadow,164,STORY_A,STORY,1,-0.4738248586654663
0,STORY_ONLY,geometry-shadow,165,STORY_A,STORY,1,-0.2990761995315552
0,STORY_ONLY,geometry-shadow,166,STORY_A,STORY,1,-0.932778775691986
0,STORY_ONLY,geometry-shadow,167,STORY_A,STORY,0,0.8087759613990784
0,STORY_ONLY,geometry-shadow,168,STORY_A,STORY,0,0.399968147277832
0,STORY_ONLY,geometry-shadow,169,STORY_A,STORY,1,-1.0012586116790771
0,STORY_ONLY,geometry-shadow,170,STORY_A,STORY,0,0.9146606922149658
0,STORY_ONLY,geometry-shadow,171,STORY_A,STORY,1,-0.3877556324005127
0,STORY_ONLY,geometry-shadow,172,STORY_A,STORY,1,-0.6903553009033203
0,STORY_ONLY,geometry-shadow,173,STORY_A,STORY,1,-0.0033603906631469
0,STORY_ONLY,geometry-shadow,174,STORY_A,STORY,1,-1.2726130485534668
0,STORY_ONLY,geometry-shadow,175,STORY_A,STORY,0,0.6789066791534424
0,STORY_ONLY,geometry-shadow,176,STORY_A,STORY,1,-0.4890289902687073
0,STORY_ONLY,geometry-shadow,177,STORY_A,STORY,0,0.8288046717643738
0,STORY_ONLY,geometry-shadow,178,STORY_A,STORY,0,0.4704131484031677
0,STORY_ONLY,geometry-shadow,179,STORY_A,STORY,0,0.1703037023544311
0,STORY_ONLY,geometry-shadow,180,STORY_A,STORY,1,-0.9172295928001404
0,STORY_ONLY,geometry-shadow,181,STORY_A,STORY,1,-0.5872752666473389
0,STORY_ONLY,geometry-shadow,182,STORY_A,STORY,0,0.7454133629798889
0,STORY_ONLY,geometry-shadow,183,STORY_A,STORY,1,-0.421139121055603
0,STORY_ONLY,geometry-shadow,184,STORY_A,STORY,1,-0.8110039234161377
0,STORY_ONLY,geometry-shadow,185,STORY_A,STORY,0,0.6084311008453369
0,STORY_ONLY,geometry-shadow,186,STORY_A,STORY,1,-0.4641478061676025
0,STORY_ONLY,geometry-shadow,187,STORY_A,STORY,1,-0.8398194313049316
0,STORY_ONLY,geometry-shadow,188,STORY_A,STORY,1,-0.8585484623908997
0,STORY_ONLY,geometry-shadow,189,STORY_A,STORY,0,0.5807136297225952
0,STORY_ONLY,geometry-shadow,190,STORY_A,STORY,0,1.3794796466827393
0,STORY_ONLY,geometry-shadow,191,STORY_A,STORY,1,-0.4806326627731323
0,STORY_ONLY,geometry-shadow,192,STORY_A,STORY,1,-1.332179069519043
0,STORY_ONLY,geometry-shadow,193,STORY_A,STORY,0,0.281692624092102
0,STORY_ONLY,geometry-shadow,194,STORY_A,STORY,1,-0.1221776008605957
0,STORY_ONLY,geometry-shadow,195,STORY_A,STORY,0,0.2105131149291992
0,STORY_ONLY,geometry-shadow,196,STORY_A,STORY,1,-0.5071512460708618
0,STORY_ONLY,geometry-shadow,197,STORY_A,STORY,0,0.6559878587722778
0,STORY_ONLY,geometry-shadow,198,STORY_A,STORY,0,0.4360254406929016
0,STORY_ONLY,geometry-shadow,199,STORY_A,STORY,1,-0.594311535358429
0,STORY_ONLY,geometry-shadow,200,STORY_A,STORY,1,-0.5604395866394043
0,STORY_ONLY,geometry-shadow,201,STORY_A,STORY,1,-0.7517644166946411
0,STORY_ONLY,geometry-shadow,202,STORY_A,STORY,0,0.3081853985786438
0,STORY_ONLY,geometry-shadow,203,STORY_A,STORY,1,-0.0374411344528198
0,STORY_ONLY,geometry-shadow,204,STORY_A,STORY,0,0.0207244157791137
0,STORY_ONLY,geometry-shadow,205,STORY_A,STORY,0,0.7505626678466797
0,STORY_ONLY,geometry-shadow,206,STORY_A,STORY,0,0.524524986743927
0,STORY_ONLY,geometry-shadow,207,STORY_A,STORY,0,0.1964106559753418
0,STORY_ONLY,geometry-shadow,208,STORY_A,STORY,1,-0.863601565361023
0,STORY_ONLY,geometry-shadow,209,STORY_A,STORY,1,-0.2305477857589721
0,STORY_ONLY,geometry-shadow,210,STORY_A,STORY,0,1.255649209022522
0,STORY_ONLY,geometry-shadow,211,STORY_A,STORY,0,0.2422606945037841
0,STORY_ONLY,geometry-shadow,212,STORY_A,STORY,0,0.5011429786682129
0,STORY_ONLY,geometry-shadow,213,STORY_A,STORY,0,0.2028144598007202
0,STORY_ONLY,geometry-shadow,214,STORY_A,STORY,1,-0.3923256993293762
0,STORY_ONLY,geometry-shadow,215,STORY_A,STORY,1,-0.0242906808853149
0,STORY_ONLY,geometry-shadow,216,STORY_A,STORY,0,0.7726007699966431
0,STORY_ONLY,geometry-shadow,217,STORY_A,STORY,1,-1.0475647449493408
0,STORY_ONLY,geometry-shadow,218,STORY_A,STORY,1,-1.2196491956710815
0,STORY_ONLY,geometry-shadow,219,STORY_A,STORY,0,0.1070417165756225
0,STORY_ONLY,geometry-shadow,220,STORY_A,STORY,1,-0.2391247749328613
0,STORY_ONLY,geometry-shadow,221,STORY_A,STORY,0,0.9952272176742554
0,STORY_ONLY,geometry-shadow,222,STORY_A,STORY,1,-0.2396458387374878
0,STORY_ONLY,geometry-shadow,223,STORY_A,STORY,1,-1.036613941192627
0,STORY_ONLY,geometry-shadow,224,STORY_A,STORY,0,0.1934180259704589
0,STORY_ONLY,geometry-shadow,225,STORY_A,STORY,1,-0.1569193601608276
0,STORY_ONLY,geometry-shadow,226,STORY_A,STORY,1,-0.6947678923606873
0,STORY_ONLY,geometry-shadow,227,STORY_A,STORY,0,1.0998587608337402
0,STORY_ONLY,geometry-shadow,228,STORY_A,STORY,1,-0.949104368686676
0,STORY_ONLY,geometry-shadow,229,STORY_A,STORY,0,0.6429572105407715
0,STORY_ONLY,geometry-shadow,230,STORY_A,STORY,0,0.4019690752029419
0,STORY_ONLY,geometry-shadow,231,STORY_A,STORY,1,-0.2175429463386535
0,STORY_ONLY,geometry-shadow,232,STORY_A,STORY,0,1.0389585494995115
0,STORY_ONLY,geometry-shadow,233,STORY_A,STORY,1,-1.005096197128296
0,STORY_ONLY,geometry-shadow,234,STORY_A,STORY,1,-0.7283019423484802
0,STORY_ONLY,geometry-shadow,235,STORY_A,STORY,0,0.8587002754211426
0,STORY_ONLY,geometry-shadow,236,STORY_A,STORY,1,-1.4266526699066162
0,STORY_ONLY,geometry-shadow,237,STORY_A,STORY,1,-0.7007155418395996
0,STORY_ONLY,geometry-shadow,238,STORY_A,STORY,0,0.6431808471679688
0,STORY_ONLY,geometry-shadow,239,STORY_A,STORY,0,0.4003894329071045
0,STORY_ONLY,geometry-shadow,240,STORY_A,STORY,0,0.4222632646560669
0,STORY_ONLY,geometry-shadow,241,STORY_A,STORY,0,0.6713651418685913
0,STORY_ONLY,geometry-shadow,242,STORY_A,STORY,1,-0.6917983889579773
0,STORY_ONLY,geometry-shadow,243,STORY_A,STORY,0,0.377032995223999
0,STORY_ONLY,geometry-shadow,244,STORY_A,STORY,0,1.136666774749756
0,STORY_ONLY,geometry-shadow,245,STORY_A,STORY,0,1.0271450281143188
0,STORY_ONLY,geometry-shadow,246,STORY_A,STORY,1,-1.0757641792297363
0,STORY_ONLY,geometry-shadow,247,STORY_A,STORY,1,-0.4183311462402344
0,STORY_ONLY,geometry-shadow,248,STORY_A,STORY,0,0.8968912363052368
0,STORY_ONLY,geometry-shadow,249,STORY_A,STORY,0,0.8281302452087402
0,STORY_ONLY,geometry-shadow,250,STORY_A,STORY,0,0.3234511613845825
0,STORY_ONLY,geometry-shadow,251,STORY_A,STORY,0,1.1158697605133057
0,STORY_ONLY,geometry-shadow,252,STORY_A,STORY,0,1.2009894847869873
0,STORY_ONLY,geometry-shadow,253,STORY_A,STORY,1,-0.1178239583969116
0,STORY_ONLY,geometry-shadow,254,STORY_A,STORY,0,0.6532042026519775
0,STORY_ONLY,geometry-shadow,255,STORY_A,STORY,1,-0.8407238721847534
0,STORY_ONLY,geometry-shadow,256,STORY_A,STORY,1,-1.238326907157898
0,DUPLICATED_STORY,capacity-shadow,1,STORY_A,STORY,0,
0,DUPLICATED_STORY,capacity-shadow,2,STORY_B,STORY,0,
0,DUPLICATED_STORY,capacity-shadow,3,STORY_A,STORY,1,
0,DUPLICATED_STORY,capacity-shadow,4,STORY_B,STORY,1,
0,DUPLICATED_STORY,capacity-shadow,5,STORY_B,STORY,0,
0,DUPLICATED_STORY,capacity-shadow,6,STORY_A,STORY,0,
0,DUPLICATED_STORY,capacity-shadow,7,STORY_A,STORY,1,
0,DUPLICATED_STORY,capacity-shadow,8,STORY_A,STORY,0,
0,DUPLICATED_STORY,capacity-shadow,9,STORY_B,STORY,1,
0,DUPLICATED_STORY,capacity-shadow,10,STORY_A,STORY,1,
0,DUPLICATED_STORY,capacity-shadow,11,STORY_A,STORY,0,
0,DUPLICATED_STORY,capacity-shadow,12,STORY_B,STORY,0,
0,DUPLICATED_STORY,capacity-shadow,13,STORY_A,STORY,1,
0,DUPLICATED_STORY,capacity-shadow,14,STORY_A,STORY,0,
0,DUPLICATED_STORY,capacity-shadow,15,STORY_B,STORY,1,
0,DUPLICATED_STORY,capacity-shadow,16,STORY_B,STORY,0,
0,DUPLICATED_STORY,capacity-shadow,17,STORY_B,STORY,1,
0,DUPLICATED_STORY,capacity-shadow,18,STORY_A,STORY,1,
0,DUPLICATED_STORY,capacity-shadow,19,STORY_B,STORY,0,
0,DUPLICATED_STORY,capacity-shadow,20,STORY_B,STORY,1,
0,DUPLICATED_STORY,capacity-shadow,21,STORY_A,STORY,0,
0,DUPLICATED_STORY,capacity-shadow,22,STORY_A,STORY,1,
0,DUPLICATED_STORY,capacity-shadow,23,STORY_B,STORY,0,
0,DUPLICATED_STORY,capacity-shadow,24,STORY_B,STORY,1,
0,DUPLICATED_STORY,capacity-shadow,25,STORY_A,STORY,0,
0,DUPLICATED_STORY,capacity-shadow,26,STORY_B,STORY,0,
0,DUPLICATED_STORY,capacity-shadow,27,STORY_B,STORY,1,
0,DUPLICATED_STORY,capacity-shadow,28,STORY_A,STORY,1,
0,DUPLICATED_STORY,capacity-shadow,29,STORY_B,STORY,0,
0,DUPLICATED_STORY,capacity-shadow,30,STORY_B,STORY,1,
0,DUPLICATED_STORY,capacity-shadow,31,STORY_B,STORY,0,
0,DUPLICATED_STORY,capacity-shadow,32,STORY_A,STORY,0,
0,DUPLICATED_STORY,capacity-shadow,33,STORY_A,STORY,1,
0,DUPLICATED_STORY,capacity-shadow,34,STORY_B,STORY,1,
0,DUPLICATED_STORY,capacity-shadow,35,STORY_B,STORY,0,
0,DUPLICATED_STORY,capacity-shadow,36,STORY_B,STORY,1,
0,DUPLICATED_STORY,capacity-shadow,37,STORY_A,STORY,0,
0,DUPLICATED_STORY,capacity-shadow,38,STORY_A,STORY,1,
0,DUPLICATED_STORY,capacity-shadow,39,STORY_B,STORY,0,
0,DUPLICATED_STORY,capacity-shadow,40,STORY_A,STORY,0,
0,DUPLICATED_STORY,capacity-shadow,41,STORY_B,STORY,1,
0,DUPLICATED_STORY,capacity-shadow,42,STORY_A,STORY,1,
0,DUPLICATED_STORY,capacity-shadow,43,STORY_A,STORY,0,
0,DUPLICATED_STORY,capacity-shadow,44,STORY_A,STORY,1,
0,DUPLICATED_STORY,capacity-shadow,45,STORY_A,STORY,0,
0,DUPLICATED_STORY,capacity-shadow,46,STORY_A,STORY,1,
0,DUPLICATED_STORY,capacity-shadow,47,STORY_B,STORY,0,
0,DUPLICATED_STORY,capacity-shadow,48,STORY_B,STORY,1,
0,DUPLICATED_STORY,capacity-shadow,49,STORY_B,STORY,0,
0,DUPLICATED_STORY,capacity-shadow,50,STORY_A,STORY,0,
0,DUPLICATED_STORY,capacity-shadow,51,STORY_A,STORY,1,
0,DUPLICATED_STORY,capacity-shadow,52,STORY_B,STORY,1,
0,DUPLICATED_STORY,capacity-shadow,53,STORY_A,STORY,0,
0,DUPLICATED_STORY,capacity-shadow,54,STORY_B,STORY,0,
0,DUPLICATED_STORY,capacity-shadow,55,STORY_B,STORY,1,
0,DUPLICATED_STORY,capacity-shadow,56,STORY_A,STORY,1,
0,DUPLICATED_STORY,capacity-shadow,57,STORY_B,STORY,0,
0,DUPLICATED_STORY,capacity-shadow,58,STORY_B,STORY,1,
0,DUPLICATED_STORY,capacity-shadow,59,STORY_B,STORY,0,
0,DUPLICATED_STORY,capacity-shadow,60,STORY_B,STORY,1,
0,DUPLICATED_STORY,capacity-shadow,61,STORY_B,STORY,0,
0,DUPLICATED_STORY,capacity-shadow,62,STORY_A,STORY,0,
0,DUPLICATED_STORY,capacity-shadow,63,STORY_A,STORY,1,
0,DUPLICATED_STORY,capacity-shadow,64,STORY_A,STORY,0,
0,DUPLICATED_STORY,capacity-shadow,65,STORY_A,STORY,1,
0,DUPLICATED_STORY,capacity-shadow,66,STORY_A,STORY,0,
0,DUPLICATED_STORY,capacity-shadow,67,STORY_A,STORY,1,
0,DUPLICATED_STORY,capacity-shadow,68,STORY_A,STORY,0,
0,DUPLICATED_STORY,capacity-shadow,69,STORY_B,STORY,1,
0,DUPLICATED_STORY,capacity-shadow,70,STORY_A,STORY,1,
0,DUPLICATED_STORY,capacity-shadow,71,STORY_B,STORY,0,
0,DUPLICATED_STORY,capacity-shadow,72,STORY_B,STORY,1,
0,DUPLICATED_STORY,capacity-shadow,73,STORY_A,STORY,0,
0,DUPLICATED_STORY,capacity-shadow,74,STORY_A,STORY,1,
0,DUPLICATED_STORY,capacity-shadow,75,STORY_B,STORY,0,
0,DUPLICATED_STORY,capacity-shadow,76,STORY_A,STORY,0,
0,DUPLICATED_STORY,capacity-shadow,77,STORY_A,STORY,1,
0,DUPLICATED_STORY,capacity-shadow,78,STORY_A,STORY,0,
0,DUPLICATED_STORY,capacity-shadow,79,STORY_B,STORY,1,
0,DUPLICATED_STORY,capacity-shadow,80,STORY_A,STORY,1,
0,DUPLICATED_STORY,capacity-shadow,81,STORY_B,STORY,0,
0,DUPLICATED_STORY,capacity-shadow,82,STORY_A,STORY,0,
0,DUPLICATED_STORY,capacity-shadow,83,STORY_A,STORY,1,
0,DUPLICATED_STORY,capacity-shadow,84,STORY_A,STORY,0,
0,DUPLICATED_STORY,capacity-shadow,85,STORY_A,STORY,1,
0,DUPLICATED_STORY,capacity-shadow,86,STORY_A,STORY,0,
0,DUPLICATED_STORY,capacity-shadow,87,STORY_A,STORY,1,
0,DUPLICATED_STORY,capacity-shadow,88,STORY_A,STORY,0,
0,DUPLICATED_STORY,capacity-shadow,89,STORY_B,STORY,1,
0,DUPLICATED_STORY,capacity-shadow,90,STORY_B,STORY,0,
0,DUPLICATED_STORY,capacity-shadow,91,STORY_B,STORY,1,
0,DUPLICATED_STORY,capacity-shadow,92,STORY_B,STORY,0,
0,DUPLICATED_STORY,capacity-shadow,93,STORY_B,STORY,1,
0,DUPLICATED_STORY,capacity-shadow,94,STORY_A,STORY,1,
0,DUPLICATED_STORY,capacity-shadow,95,STORY_A,STORY,0,
0,DUPLICATED_STORY,capacity-shadow,96,STORY_A,STORY,1,
0,DUPLICATED_STORY,capacity-shadow,97,STORY_B,STORY,0,
0,DUPLICATED_STORY,capacity-shadow,98,STORY_B,STORY,1,
0,DUPLICATED_STORY,capacity-shadow,99,STORY_B,STORY,0,
0,DUPLICATED_STORY,capacity-shadow,100,STORY_B,STORY,1,
0,DUPLICATED_STORY,capacity-shadow,101,STORY_B,STORY,0,
0,DUPLICATED_STORY,capacity-shadow,102,STORY_B,STORY,1,
0,DUPLICATED_STORY,capacity-shadow,103,STORY_A,STORY,0,
0,DUPLICATED_STORY,capacity-shadow,104,STORY_B,STORY,0,
0,DUPLICATED_STORY,capacity-shadow,105,STORY_B,STORY,1,
0,DUPLICATED_STORY,capacity-shadow,106,STORY_B,STORY,0,
0,DUPLICATED_STORY,capacity-shadow,107,STORY_A,STORY,1,
0,DUPLICATED_STORY,capacity-shadow,108,STORY_B,STORY,1,
0,DUPLICATED_STORY,capacity-shadow,109,STORY_B,STORY,0,
0,DUPLICATED_STORY,capacity-shadow,110,STORY_B,STORY,1,
0,DUPLICATED_STORY,capacity-shadow,111,STORY_B,STORY,0,
0,DUPLICATED_STORY,capacity-shadow,112,STORY_B,STORY,1,
0,DUPLICATED_STORY,capacity-shadow,113,STORY_A,STORY,0,
0,DUPLICATED_STORY,capacity-shadow,114,STORY_A,STORY,1,
0,DUPLICATED_STORY,capacity-shadow,115,STORY_B,STORY,0,
0,DUPLICATED_STORY,capacity-shadow,116,STORY_A,STORY,0,
0,DUPLICATED_STORY,capacity-shadow,117,STORY_A,STORY,1,
0,DUPLICATED_STORY,capacity-shadow,118,STORY_A,STORY,0,
0,DUPLICATED_STORY,capacity-shadow,119,STORY_B,STORY,1,
0,DUPLICATED_STORY,capacity-shadow,120,STORY_A,STORY,1,
0,DUPLICATED_STORY,capacity-shadow,121,STORY_A,STORY,0,
0,DUPLICATED_STORY,capacity-shadow,122,STORY_A,STORY,1,
0,DUPLICATED_STORY,capacity-shadow,123,STORY_B,STORY,0,
0,DUPLICATED_STORY,capacity-shadow,124,STORY_A,STORY,0,
0,DUPLICATED_STORY,capacity-shadow,125,STORY_A,STORY,1,
0,DUPLICATED_STORY,capacity-shadow,126,STORY_B,STORY,1,
0,DUPLICATED_STORY,capacity-shadow,127,STORY_A,STORY,0,
0,DUPLICATED_STORY,capacity-shadow,128,STORY_A,STORY,1,
0,DUPLICATED_STORY,capacity-shadow,129,STORY_A,STORY,0,
0,DUPLICATED_STORY,capacity-shadow,130,STORY_A,STORY,1,
0,DUPLICATED_STORY,capacity-shadow,131,STORY_A,STORY,0,
0,DUPLICATED_STORY,capacity-shadow,132,STORY_A,STORY,1,
0,DUPLICATED_STORY,capacity-shadow,133,STORY_A,STORY,0,
0,DUPLICATED_STORY,capacity-shadow,134,STORY_A,STORY,1,
0,DUPLICATED_STORY,capacity-shadow,135,STORY_B,STORY,0,
0,DUPLICATED_STORY,capacity-shadow,136,STORY_B,STORY,1,
0,DUPLICATED_STORY,capacity-shadow,137,STORY_B,STORY,0,
0,DUPLICATED_STORY,capacity-shadow,138,STORY_B,STORY,1,
0,DUPLICATED_STORY,capacity-shadow,139,STORY_A,STORY,0,
0,DUPLICATED_STORY,capacity-shadow,140,STORY_A,STORY,1,
0,DUPLICATED_STORY,capacity-shadow,141,STORY_B,STORY,0,
0,DUPLICATED_STORY,capacity-shadow,142,STORY_B,STORY,1,
0,DUPLICATED_STORY,capacity-shadow,143,STORY_A,STORY,0,
0,DUPLICATED_STORY,capacity-shadow,144,STORY_A,STORY,1,
0,DUPLICATED_STORY,capacity-shadow,145,STORY_B,STORY,0,
0,DUPLICATED_STORY,capacity-shadow,146,STORY_B,STORY,1,
0,DUPLICATED_STORY,capacity-shadow,147,STORY_B,STORY,0,
0,DUPLICATED_STORY,capacity-shadow,148,STORY_B,STORY,1,
0,DUPLICATED_STORY,capacity-shadow,149,STORY_B,STORY,0,
0,DUPLICATED_STORY,capacity-shadow,150,STORY_A,STORY,0,
0,DUPLICATED_STORY,capacity-shadow,151,STORY_B,STORY,1,
0,DUPLICATED_STORY,capacity-shadow,152,STORY_A,STORY,1,
0,DUPLICATED_STORY,capacity-shadow,153,STORY_B,STORY,0,
0,DUPLICATED_STORY,capacity-shadow,154,STORY_B,STORY,1,
0,DUPLICATED_STORY,capacity-shadow,155,STORY_B,STORY,0,
0,DUPLICATED_STORY,capacity-shadow,156,STORY_B,STORY,1,
0,DUPLICATED_STORY,capacity-shadow,157,STORY_B,STORY,0,
0,DUPLICATED_STORY,capacity-shadow,158,STORY_B,STORY,1,
0,DUPLICATED_STORY,capacity-shadow,159,STORY_B,STORY,0,
0,DUPLICATED_STORY,capacity-shadow,160,STORY_B,STORY,1,
0,DUPLICATED_STORY,capacity-shadow,161,STORY_A,STORY,0,
0,DUPLICATED_STORY,capacity-shadow,162,STORY_B,STORY,0,
0,DUPLICATED_STORY,capacity-shadow,163,STORY_A,STORY,1,
0,DUPLICATED_STORY,capacity-shadow,164,STORY_B,STORY,1,
0,DUPLICATED_STORY,capacity-shadow,165,STORY_A,STORY,0,
0,DUPLICATED_STORY,capacity-shadow,166,STORY_A,STORY,1,
0,DUPLICATED_STORY,capacity-shadow,167,STORY_A,STORY,0,
0,DUPLICATED_STORY,capacity-shadow,168,STORY_B,STORY,0,
0,DUPLICATED_STORY,capacity-shadow,169,STORY_A,STORY,1,
0,DUPLICATED_STORY,capacity-shadow,170,STORY_B,STORY,1,
0,DUPLICATED_STORY,capacity-shadow,171,STORY_B,STORY,0,
0,DUPLICATED_STORY,capacity-shadow,172,STORY_B,STORY,1,
0,DUPLICATED_STORY,capacity-shadow,173,STORY_A,STORY,0,
0,DUPLICATED_STORY,capacity-shadow,174,STORY_B,STORY,0,
0,DUPLICATED_STORY,capacity-shadow,175,STORY_A,STORY,1,
0,DUPLICATED_STORY,capacity-shadow,176,STORY_A,STORY,0,
0,DUPLICATED_STORY,capacity-shadow,177,STORY_A,STORY,1,
0,DUPLICATED_STORY,capacity-shadow,178,STORY_B,STORY,1,
0,DUPLICATED_STORY,capacity-shadow,179,STORY_A,STORY,0,
0,DUPLICATED_STORY,capacity-shadow,180,STORY_A,STORY,1,
0,DUPLICATED_STORY,capacity-shadow,181,STORY_A,STORY,0,
0,DUPLICATED_STORY,capacity-shadow,182,STORY_A,STORY,1,
0,DUPLICATED_STORY,capacity-shadow,183,STORY_B,STORY,0,
0,DUPLICATED_STORY,capacity-shadow,184,STORY_B,STORY,1,
0,DUPLICATED_STORY,capacity-shadow,185,STORY_A,STORY,0,
0,DUPLICATED_STORY,capacity-shadow,186,STORY_A,STORY,1,
0,DUPLICATED_STORY,capacity-shadow,187,STORY_B,STORY,0,
0,DUPLICATED_STORY,capacity-shadow,188,STORY_B,STORY,1,
0,DUPLICATED_STORY,capacity-shadow,189,STORY_A,STORY,0,
0,DUPLICATED_STORY,capacity-shadow,190,STORY_A,STORY,1,
0,DUPLICATED_STORY,capacity-shadow,191,STORY_A,STORY,0,
0,DUPLICATED_STORY,capacity-shadow,192,STORY_A,STORY,1,
0,DUPLICATED_STORY,capacity-shadow,193,STORY_A,STORY,0,
0,DUPLICATED_STORY,capacity-shadow,194,STORY_B,STORY,0,
0,DUPLICATED_STORY,capacity-shadow,195,STORY_B,STORY,1,
0,DUPLICATED_STORY,capacity-shadow,196,STORY_A,STORY,1,
0,DUPLICATED_STORY,capacity-shadow,197,STORY_B,STORY,0,
0,DUPLICATED_STORY,capacity-shadow,198,STORY_A,STORY,0,
0,DUPLICATED_STORY,capacity-shadow,199,STORY_A,STORY,1,
0,DUPLICATED_STORY,capacity-shadow,200,STORY_A,STORY,0,
0,DUPLICATED_STORY,capacity-shadow,201,STORY_A,STORY,1,
0,DUPLICATED_STORY,capacity-shadow,202,STORY_B,STORY,1,
0,DUPLICATED_STORY,capacity-shadow,203,STORY_A,STORY,0,
0,DUPLICATED_STORY,capacity-shadow,204,STORY_B,STORY,0,
0,DUPLICATED_STORY,capacity-shadow,205,STORY_B,STORY,1,
0,DUPLICATED_STORY,capacity-shadow,206,STORY_B,STORY,0,
0,DUPLICATED_STORY,capacity-shadow,207,STORY_A,STORY,1,
0,DUPLICATED_STORY,capacity-shadow,208,STORY_B,STORY,1,
0,DUPLICATED_STORY,capacity-shadow,209,STORY_A,STORY,0,
0,DUPLICATED_STORY,capacity-shadow,210,STORY_B,STORY,0,
0,DUPLICATED_STORY,capacity-shadow,211,STORY_A,STORY,1,
0,DUPLICATED_STORY,capacity-shadow,212,STORY_B,STORY,1,
0,DUPLICATED_STORY,capacity-shadow,213,STORY_A,STORY,0,
0,DUPLICATED_STORY,capacity-shadow,214,STORY_A,STORY,1,
0,DUPLICATED_STORY,capacity-shadow,215,STORY_B,STORY,0,
0,DUPLICATED_STORY,capacity-shadow,216,STORY_B,STORY,1,
0,DUPLICATED_STORY,capacity-shadow,217,STORY_A,STORY,0,
0,DUPLICATED_STORY,capacity-shadow,218,STORY_A,STORY,1,
0,DUPLICATED_STORY,capacity-shadow,219,STORY_B,STORY,0,
0,DUPLICATED_STORY,capacity-shadow,220,STORY_B,STORY,1,
0,DUPLICATED_STORY,capacity-shadow,221,STORY_A,STORY,0,
0,DUPLICATED_STORY,capacity-shadow,222,STORY_B,STORY,0,
0,DUPLICATED_STORY,capacity-shadow,223,STORY_A,STORY,1,
0,DUPLICATED_STORY,capacity-shadow,224,STORY_B,STORY,1,
0,DUPLICATED_STORY,capacity-shadow,225,STORY_B,STORY,0,
0,DUPLICATED_STORY,capacity-shadow,226,STORY_A,STORY,0,
0,DUPLICATED_STORY,capacity-shadow,227,STORY_A,STORY,1,
0,DUPLICATED_STORY,capacity-shadow,228,STORY_B,STORY,1,
0,DUPLICATED_STORY,capacity-shadow,229,STORY_B,STORY,0,
0,DUPLICATED_STORY,capacity-shadow,230,STORY_B,STORY,1,
0,DUPLICATED_STORY,capacity-shadow,231,STORY_B,STORY,0,
0,DUPLICATED_STORY,capacity-shadow,232,STORY_A,STORY,0,
0,DUPLICATED_STORY,capacity-shadow,233,STORY_B,STORY,1,
0,DUPLICATED_STORY,capacity-shadow,234,STORY_B,STORY,0,
0,DUPLICATED_STORY,capacity-shadow,235,STORY_B,STORY,1,
0,DUPLICATED_STORY,capacity-shadow,236,STORY_B,STORY,0,
0,DUPLICATED_STORY,capacity-shadow,237,STORY_A,STORY,1,
0,DUPLICATED_STORY,capacity-shadow,238,STORY_A,STORY,0,
0,DUPLICATED_STORY,capacity-shadow,239,STORY_A,STORY,1,
0,DUPLICATED_STORY,capacity-shadow,240,STORY_A,STORY,0,
0,DUPLICATED_STORY,capacity-shadow,241,STORY_A,STORY,1,
0,DUPLICATED_STORY,capacity-shadow,242,STORY_B,STORY,1,
0,DUPLICATED_STORY,capacity-shadow,243,STORY_B,STORY,0,
0,DUPLICATED_STORY,capacity-shadow,244,STORY_B,STORY,1,
0,DUPLICATED_STORY,capacity-shadow,245,STORY_A,STORY,0,
0,DUPLICATED_STORY,capacity-shadow,246,STORY_B,STORY,0,
0,DUPLICATED_STORY,capacity-shadow,247,STORY_A,STORY,1,
0,DUPLICATED_STORY,capacity-shadow,248,STORY_B,STORY,1,
0,DUPLICATED_STORY,capacity-shadow,249,STORY_B,STORY,0,
0,DUPLICATED_STORY,capacity-shadow,250,STORY_A,STORY,0,
0,DUPLICATED_STORY,capacity-shadow,251,STORY_A,STORY,1,
0,DUPLICATED_STORY,capacity-shadow,252,STORY_A,STORY,0,
0,DUPLICATED_STORY,capacity-shadow,253,STORY_A,STORY,1,
0,DUPLICATED_STORY,capacity-shadow,254,STORY_B,STORY,1,
0,DUPLICATED_STORY,capacity-shadow,255,STORY_B,STORY,0,
0,DUPLICATED_STORY,capacity-shadow,256,STORY_B,STORY,1,
0,DUPLICATED_STORY,geometry-shadow,1,STORY_A,STORY,1,-0.1008814573287963
0,DUPLICATED_STORY,geometry-shadow,2,STORY_B,STORY,0,0.7258381843566895
0,DUPLICATED_STORY,geometry-shadow,3,STORY_A,STORY,1,-1.0999141931533811
0,DUPLICATED_STORY,geometry-shadow,4,STORY_B,STORY,0,0.2549721002578735
0,DUPLICATED_STORY,geometry-shadow,5,STORY_B,STORY,0,0.3829776048660278
0,DUPLICATED_STORY,geometry-shadow,6,STORY_A,STORY,1,-0.1353381872177124
0,DUPLICATED_STORY,geometry-shadow,7,STORY_A,STORY,0,1.203335881233215
0,DUPLICATED_STORY,geometry-shadow,8,STORY_A,STORY,0,1.4498101472854614
0,DUPLICATED_STORY,geometry-shadow,9,STORY_B,STORY,1,-0.279778778553009
0,DUPLICATED_STORY,geometry-shadow,10,STORY_A,STORY,0,0.2041418552398681
0,DUPLICATED_STORY,geometry-shadow,11,STORY_A,STORY,0,0.4706709384918213
0,DUPLICATED_STORY,geometry-shadow,12,STORY_B,STORY,0,1.2415056228637695
0,DUPLICATED_STORY,geometry-shadow,13,STORY_A,STORY,0,0.6632877588272095
0,DUPLICATED_STORY,geometry-shadow,14,STORY_A,STORY,0,1.1774299144744873
0,DUPLICATED_STORY,geometry-shadow,15,STORY_B,STORY,1,-1.2081427574157717
0,DUPLICATED_STORY,geometry-shadow,16,STORY_B,STORY,0,0.6299545764923096
0,DUPLICATED_STORY,geometry-shadow,17,STORY_B,STORY,0,0.1042453050613403
0,DUPLICATED_STORY,geometry-shadow,18,STORY_A,STORY,1,-0.2957240343093872
0,DUPLICATED_STORY,geometry-shadow,19,STORY_B,STORY,1,-0.772461473941803
0,DUPLICATED_STORY,geometry-shadow,20,STORY_B,STORY,1,-0.7313929796218872
0,DUPLICATED_STORY,geometry-shadow,21,STORY_A,STORY,1,-0.6188983917236328
0,DUPLICATED_STORY,geometry-shadow,22,STORY_A,STORY,1,-0.159622311592102
0,DUPLICATED_STORY,geometry-shadow,23,STORY_B,STORY,0,0.8027507066726685
0,DUPLICATED_STORY,geometry-shadow,24,STORY_B,STORY,0,0.1395971775054931
0,DUPLICATED_STORY,geometry-shadow,25,STORY_A,STORY,0,0.410496711730957
0,DUPLICATED_STORY,geometry-shadow,26,STORY_B,STORY,0,0.9140217900276184
0,DUPLICATED_STORY,geometry-shadow,27,STORY_B,STORY,0,1.2803033590316772
0,DUPLICATED_STORY,geometry-shadow,28,STORY_A,STORY,0,1.044818639755249
0,DUPLICATED_STORY,geometry-shadow,29,STORY_B,STORY,0,0.0831011533737182
0,DUPLICATED_STORY,geometry-shadow,30,STORY_B,STORY,0,0.7733619809150696
0,DUPLICATED_STORY,geometry-shadow,31,STORY_B,STORY,0,0.7498111724853516
0,DUPLICATED_STORY,geometry-shadow,32,STORY_A,STORY,0,0.351237952709198
0,DUPLICATED_STORY,geometry-shadow,33,STORY_A,STORY,0,0.3856904506683349
0,DUPLICATED_STORY,geometry-shadow,34,STORY_B,STORY,1,-0.8782235980033875
0,DUPLICATED_STORY,geometry-shadow,35,STORY_B,STORY,1,-0.5990593433380127
0,DUPLICATED_STORY,geometry-shadow,36,STORY_B,STORY,1,-0.8150452971458435
0,DUPLICATED_STORY,geometry-shadow,37,STORY_A,STORY,0,1.228711724281311
0,DUPLICATED_STORY,geometry-shadow,38,STORY_A,STORY,1,-0.6311608552932739
0,DUPLICATED_STORY,geometry-shadow,39,STORY_B,STORY,0,0.9309769868850708
0,DUPLICATED_STORY,geometry-shadow,40,STORY_A,STORY,1,-0.7781084179878235
0,DUPLICATED_STORY,geometry-shadow,41,STORY_B,STORY,0,1.0649635791778564
0,DUPLICATED_STORY,geometry-shadow,42,STORY_A,STORY,1,-0.983534812927246
0,DUPLICATED_STORY,geometry-shadow,43,STORY_A,STORY,0,0.8883126974105835
0,DUPLICATED_STORY,geometry-shadow,44,STORY_A,STORY,1,-1.0702288150787354
0,DUPLICATED_STORY,geometry-shadow,45,STORY_A,STORY,0,0.2563719749450683
0,DUPLICATED_STORY,geometry-shadow,46,STORY_A,STORY,0,1.0285708904266355
0,DUPLICATED_STORY,geometry-shadow,47,STORY_B,STORY,0,0.1559779644012451
0,DUPLICATED_STORY,geometry-shadow,48,STORY_B,STORY,0,0.2085061073303222
0,DUPLICATED_STORY,geometry-shadow,49,STORY_B,STORY,0,1.228109359741211
0,DUPLICATED_STORY,geometry-shadow,50,STORY_A,STORY,1,-1.082457184791565
0,DUPLICATED_STORY,geometry-shadow,51,STORY_A,STORY,1,-1.0302586555480957
0,DUPLICATED_STORY,geometry-shadow,52,STORY_B,STORY,0,0.8064400553703308
0,DUPLICATED_STORY,geometry-shadow,53,STORY_A,STORY,0,0.7399039268493652
0,DUPLICATED_STORY,geometry-shadow,54,STORY_B,STORY,0,0.4588383436203003
0,DUPLICATED_STORY,geometry-shadow,55,STORY_B,STORY,1,-0.6188785433769226
0,DUPLICATED_STORY,geometry-shadow,56,STORY_A,STORY,0,0.2174108028411865
0,DUPLICATED_STORY,geometry-shadow,57,STORY_B,STORY,0,0.6746678948402405
0,DUPLICATED_STORY,geometry-shadow,58,STORY_B,STORY,1,-0.6974552869796753
0,DUPLICATED_STORY,geometry-shadow,59,STORY_B,STORY,1,-0.0211380720138549
0,DUPLICATED_STORY,geometry-shadow,60,STORY_B,STORY,1,-0.2882328033447265
0,DUPLICATED_STORY,geometry-shadow,61,STORY_B,STORY,0,1.2910590171813965
0,DUPLICATED_STORY,geometry-shadow,62,STORY_A,STORY,0,0.6837139129638672
0,DUPLICATED_STORY,geometry-shadow,63,STORY_A,STORY,0,0.9368472695350648
0,DUPLICATED_STORY,geometry-shadow,64,STORY_A,STORY,1,-1.202987551689148
0,DUPLICATED_STORY,geometry-shadow,65,STORY_A,STORY,0,1.1274821758270264
0,DUPLICATED_STORY,geometry-shadow,66,STORY_A,STORY,0,1.199765682220459
0,DUPLICATED_STORY,geometry-shadow,67,STORY_A,STORY,1,-0.1409940123558044
0,DUPLICATED_STORY,geometry-shadow,68,STORY_A,STORY,1,-0.7475211024284363
0,DUPLICATED_STORY,geometry-shadow,69,STORY_B,STORY,0,0.5814555287361145
0,DUPLICATED_STORY,geometry-shadow,70,STORY_A,STORY,1,-0.3415248394012451
0,DUPLICATED_STORY,geometry-shadow,71,STORY_B,STORY,1,-0.3145647048950195
0,DUPLICATED_STORY,geometry-shadow,72,STORY_B,STORY,1,-1.201138973236084
0,DUPLICATED_STORY,geometry-shadow,73,STORY_A,STORY,0,0.9657944440841676
0,DUPLICATED_STORY,geometry-shadow,74,STORY_A,STORY,1,-0.3524059057235718
0,DUPLICATED_STORY,geometry-shadow,75,STORY_B,STORY,0,0.0948549509048461
0,DUPLICATED_STORY,geometry-shadow,76,STORY_A,STORY,0,0.7638817429542542
0,DUPLICATED_STORY,geometry-shadow,77,STORY_A,STORY,1,-0.0908540487289428
0,DUPLICATED_STORY,geometry-shadow,78,STORY_A,STORY,0,0.5057098865509033
0,DUPLICATED_STORY,geometry-shadow,79,STORY_B,STORY,1,-0.0458624362945556
0,DUPLICATED_STORY,geometry-shadow,80,STORY_A,STORY,0,0.4248037338256836
0,DUPLICATED_STORY,geometry-shadow,81,STORY_B,STORY,1,-0.636222779750824
0,DUPLICATED_STORY,geometry-shadow,82,STORY_A,STORY,1,-0.1332744359970092
0,DUPLICATED_STORY,geometry-shadow,83,STORY_A,STORY,0,1.1764543056488037
0,DUPLICATED_STORY,geometry-shadow,84,STORY_A,STORY,1,-0.0987685918807983
0,DUPLICATED_STORY,geometry-shadow,85,STORY_A,STORY,1,-0.3790030479431152
0,DUPLICATED_STORY,geometry-shadow,86,STORY_A,STORY,0,0.9314336776733398
0,DUPLICATED_STORY,geometry-shadow,87,STORY_A,STORY,0,0.0421506166458129
0,DUPLICATED_STORY,geometry-shadow,88,STORY_A,STORY,1,-0.6102461218833923
0,DUPLICATED_STORY,geometry-shadow,89,STORY_B,STORY,0,0.4092952013015747
0,DUPLICATED_STORY,geometry-shadow,90,STORY_B,STORY,0,0.9764449000358582
0,DUPLICATED_STORY,geometry-shadow,91,STORY_B,STORY,1,-0.3488432168960571
0,DUPLICATED_STORY,geometry-shadow,92,STORY_B,STORY,0,0.8766505122184753
0,DUPLICATED_STORY,geometry-shadow,93,STORY_B,STORY,1,-0.8789049983024597
0,DUPLICATED_STORY,geometry-shadow,94,STORY_A,STORY,1,-0.0513094663619995
0,DUPLICATED_STORY,geometry-shadow,95,STORY_A,STORY,0,1.07999849319458
0,DUPLICATED_STORY,geometry-shadow,96,STORY_A,STORY,0,0.7986138463020325
0,DUPLICATED_STORY,geometry-shadow,97,STORY_B,STORY,1,-0.5544648766517639
0,DUPLICATED_STORY,geometry-shadow,98,STORY_B,STORY,0,1.218074917793274
0,DUPLICATED_STORY,geometry-shadow,99,STORY_B,STORY,1,-0.3616338968276977
0,DUPLICATED_STORY,geometry-shadow,100,STORY_B,STORY,1,-0.4603469371795654
0,DUPLICATED_STORY,geometry-shadow,101,STORY_B,STORY,0,0.9326220154762268
0,DUPLICATED_STORY,geometry-shadow,102,STORY_B,STORY,0,0.1746821403503418
0,DUPLICATED_STORY,geometry-shadow,103,STORY_A,STORY,0,0.3347376585006714
0,DUPLICATED_STORY,geometry-shadow,104,STORY_B,STORY,0,1.3628463745117188
0,DUPLICATED_STORY,geometry-shadow,105,STORY_B,STORY,0,0.300455629825592
0,DUPLICATED_STORY,geometry-shadow,106,STORY_B,STORY,1,-0.0737757682800293
0,DUPLICATED_STORY,geometry-shadow,107,STORY_A,STORY,1,-0.4786887764930725
0,DUPLICATED_STORY,geometry-shadow,108,STORY_B,STORY,0,0.8864693641662598
0,DUPLICATED_STORY,geometry-shadow,109,STORY_B,STORY,0,0.2467881441116333
0,DUPLICATED_STORY,geometry-shadow,110,STORY_B,STORY,1,-1.1586589813232422
0,DUPLICATED_STORY,geometry-shadow,111,STORY_B,STORY,0,0.0010828971862792
0,DUPLICATED_STORY,geometry-shadow,112,STORY_B,STORY,0,1.0258662700653076
0,DUPLICATED_STORY,geometry-shadow,113,STORY_A,STORY,0,0.5365154147148132
0,DUPLICATED_STORY,geometry-shadow,114,STORY_A,STORY,1,-0.330188512802124
0,DUPLICATED_STORY,geometry-shadow,115,STORY_B,STORY,0,0.2230113744735717
0,DUPLICATED_STORY,geometry-shadow,116,STORY_A,STORY,1,-0.6121444702148438
0,DUPLICATED_STORY,geometry-shadow,117,STORY_A,STORY,0,0.2406738996505737
0,DUPLICATED_STORY,geometry-shadow,118,STORY_A,STORY,0,0.9021122455596924
0,DUPLICATED_STORY,geometry-shadow,119,STORY_B,STORY,1,-0.0921797752380371
0,DUPLICATED_STORY,geometry-shadow,120,STORY_A,STORY,1,-0.5423524975776672
0,DUPLICATED_STORY,geometry-shadow,121,STORY_A,STORY,1,-0.5322968363761902
0,DUPLICATED_STORY,geometry-shadow,122,STORY_A,STORY,1,-1.2078468799591064
0,DUPLICATED_STORY,geometry-shadow,123,STORY_B,STORY,0,0.5906611084938049
0,DUPLICATED_STORY,geometry-shadow,124,STORY_A,STORY,1,-0.8869566917419434
0,DUPLICATED_STORY,geometry-shadow,125,STORY_A,STORY,0,0.6143799424171448
0,DUPLICATED_STORY,geometry-shadow,126,STORY_B,STORY,0,0.6928479671478271
0,DUPLICATED_STORY,geometry-shadow,127,STORY_A,STORY,1,-0.8113064765930176
0,DUPLICATED_STORY,geometry-shadow,128,STORY_A,STORY,1,-1.1670567989349363
0,DUPLICATED_STORY,geometry-shadow,129,STORY_A,STORY,1,-0.6142873764038086
0,DUPLICATED_STORY,geometry-shadow,130,STORY_A,STORY,0,0.301608681678772
0,DUPLICATED_STORY,geometry-shadow,131,STORY_A,STORY,0,0.9768818616867064
0,DUPLICATED_STORY,geometry-shadow,132,STORY_A,STORY,0,0.4325265884399414
0,DUPLICATED_STORY,geometry-shadow,133,STORY_A,STORY,1,-0.5725616216659546
0,DUPLICATED_STORY,geometry-shadow,134,STORY_A,STORY,0,0.0958349704742431
0,DUPLICATED_STORY,geometry-shadow,135,STORY_B,STORY,1,-0.2090567350387573
0,DUPLICATED_STORY,geometry-shadow,136,STORY_B,STORY,0,0.2619555592536926
0,DUPLICATED_STORY,geometry-shadow,137,STORY_B,STORY,0,1.4962177276611328
0,DUPLICATED_STORY,geometry-shadow,138,STORY_B,STORY,0,1.2950644493103027
0,DUPLICATED_STORY,geometry-shadow,139,STORY_A,STORY,1,-0.265865683555603
0,DUPLICATED_STORY,geometry-shadow,140,STORY_A,STORY,0,0.926361083984375
0,DUPLICATED_STORY,geometry-shadow,141,STORY_B,STORY,1,-0.3406329154968261
0,DUPLICATED_STORY,geometry-shadow,142,STORY_B,STORY,1,-0.43547123670578
0,DUPLICATED_STORY,geometry-shadow,143,STORY_A,STORY,1,-1.0236647129058838
0,DUPLICATED_STORY,geometry-shadow,144,STORY_A,STORY,0,0.9011641144752502
0,DUPLICATED_STORY,geometry-shadow,145,STORY_B,STORY,0,0.3249152898788452
0,DUPLICATED_STORY,geometry-shadow,146,STORY_B,STORY,1,-0.6286650896072388
0,DUPLICATED_STORY,geometry-shadow,147,STORY_B,STORY,0,1.514307737350464
0,DUPLICATED_STORY,geometry-shadow,148,STORY_B,STORY,1,-0.0310592651367187
0,DUPLICATED_STORY,geometry-shadow,149,STORY_B,STORY,0,1.0396175384521484
0,DUPLICATED_STORY,geometry-shadow,150,STORY_A,STORY,0,1.3310550451278689
0,DUPLICATED_STORY,geometry-shadow,151,STORY_B,STORY,1,-0.7036159038543701
0,DUPLICATED_STORY,geometry-shadow,152,STORY_A,STORY,0,0.845240592956543
0,DUPLICATED_STORY,geometry-shadow,153,STORY_B,STORY,0,0.8843284845352173
0,DUPLICATED_STORY,geometry-shadow,154,STORY_B,STORY,0,0.056382417678833
0,DUPLICATED_STORY,geometry-shadow,155,STORY_B,STORY,1,-0.3703985810279846
0,DUPLICATED_STORY,geometry-shadow,156,STORY_B,STORY,1,-0.227321982383728
0,DUPLICATED_STORY,geometry-shadow,157,STORY_B,STORY,0,1.3788806200027466
0,DUPLICATED_STORY,geometry-shadow,158,STORY_B,STORY,1,-0.6310700178146362
0,DUPLICATED_STORY,geometry-shadow,159,STORY_B,STORY,1,-0.5805214643478394
0,DUPLICATED_STORY,geometry-shadow,160,STORY_B,STORY,1,-0.5576639175415039
0,DUPLICATED_STORY,geometry-shadow,161,STORY_A,STORY,1,-0.7877263426780701
0,DUPLICATED_STORY,geometry-shadow,162,STORY_B,STORY,1,-0.7928820848464966
0,DUPLICATED_STORY,geometry-shadow,163,STORY_A,STORY,1,-1.1647112369537354
0,DUPLICATED_STORY,geometry-shadow,164,STORY_B,STORY,1,-1.1867451667785645
0,DUPLICATED_STORY,geometry-shadow,165,STORY_A,STORY,1,-0.8345196843147278
0,DUPLICATED_STORY,geometry-shadow,166,STORY_A,STORY,1,-0.6649240255355835
0,DUPLICATED_STORY,geometry-shadow,167,STORY_A,STORY,1,-0.3296785354614258
0,DUPLICATED_STORY,geometry-shadow,168,STORY_B,STORY,0,0.2154444456100464
0,DUPLICATED_STORY,geometry-shadow,169,STORY_A,STORY,0,1.3026885986328125
0,DUPLICATED_STORY,geometry-shadow,170,STORY_B,STORY,0,1.4069526195526123
0,DUPLICATED_STORY,geometry-shadow,171,STORY_B,STORY,0,1.2373452186584473
0,DUPLICATED_STORY,geometry-shadow,172,STORY_B,STORY,1,-0.5363051891326904
0,DUPLICATED_STORY,geometry-shadow,173,STORY_A,STORY,0,0.0235852003097534
0,DUPLICATED_STORY,geometry-shadow,174,STORY_B,STORY,0,0.4994097948074341
0,DUPLICATED_STORY,geometry-shadow,175,STORY_A,STORY,1,-0.6753069162368774
0,DUPLICATED_STORY,geometry-shadow,176,STORY_A,STORY,1,-0.1454310417175293
0,DUPLICATED_STORY,geometry-shadow,177,STORY_A,STORY,0,0.2045048475265503
0,DUPLICATED_STORY,geometry-shadow,178,STORY_B,STORY,0,1.2587579488754272
0,DUPLICATED_STORY,geometry-shadow,179,STORY_A,STORY,0,0.7450728416442871
0,DUPLICATED_STORY,geometry-shadow,180,STORY_A,STORY,0,0.4185965061187744
0,DUPLICATED_STORY,geometry-shadow,181,STORY_A,STORY,1,-0.0661830902099609
0,DUPLICATED_STORY,geometry-shadow,182,STORY_A,STORY,1,-0.5560818910598755
0,DUPLICATED_STORY,geometry-shadow,183,STORY_B,STORY,1,-0.9956485033035278
0,DUPLICATED_STORY,geometry-shadow,184,STORY_B,STORY,0,0.8780519366264343
0,DUPLICATED_STORY,geometry-shadow,185,STORY_A,STORY,1,-0.6554834842681885
0,DUPLICATED_STORY,geometry-shadow,186,STORY_A,STORY,0,0.2637513875961303
0,DUPLICATED_STORY,geometry-shadow,187,STORY_B,STORY,0,1.4767496585845947
0,DUPLICATED_STORY,geometry-shadow,188,STORY_B,STORY,1,-0.1627043485641479
0,DUPLICATED_STORY,geometry-shadow,189,STORY_A,STORY,1,-0.9867485761642456
0,DUPLICATED_STORY,geometry-shadow,190,STORY_A,STORY,0,0.1334387063980102
0,DUPLICATED_STORY,geometry-shadow,191,STORY_A,STORY,0,1.0508248805999756
0,DUPLICATED_STORY,geometry-shadow,192,STORY_A,STORY,0,0.0323942899703979
0,DUPLICATED_STORY,geometry-shadow,193,STORY_A,STORY,1,-1.221174955368042
0,DUPLICATED_STORY,geometry-shadow,194,STORY_B,STORY,1,-0.7576960325241089
0,DUPLICATED_STORY,geometry-shadow,195,STORY_B,STORY,0,0.2052832841873169
0,DUPLICATED_STORY,geometry-shadow,196,STORY_A,STORY,1,-0.0754228234291076
0,DUPLICATED_STORY,geometry-shadow,197,STORY_B,STORY,0,0.5684589743614197
0,DUPLICATED_STORY,geometry-shadow,198,STORY_A,STORY,1,-0.712934672832489
0,DUPLICATED_STORY,geometry-shadow,199,STORY_A,STORY,0,0.008656620979309
0,DUPLICATED_STORY,geometry-shadow,200,STORY_A,STORY,1,-0.6592053771018982
0,DUPLICATED_STORY,geometry-shadow,201,STORY_A,STORY,0,0.8614563941955566
0,DUPLICATED_STORY,geometry-shadow,202,STORY_B,STORY,0,0.7823781967163086
0,DUPLICATED_STORY,geometry-shadow,203,STORY_A,STORY,1,-0.1177142858505249
0,DUPLICATED_STORY,geometry-shadow,204,STORY_B,STORY,1,-0.1505742073059082
0,DUPLICATED_STORY,geometry-shadow,205,STORY_B,STORY,0,0.9696331024169922
0,DUPLICATED_STORY,geometry-shadow,206,STORY_B,STORY,1,-0.8517375588417053
0,DUPLICATED_STORY,geometry-shadow,207,STORY_A,STORY,1,-0.6638058423995972
0,DUPLICATED_STORY,geometry-shadow,208,STORY_B,STORY,1,-0.0458320379257202
0,DUPLICATED_STORY,geometry-shadow,209,STORY_A,STORY,0,1.4069041013717651
0,DUPLICATED_STORY,geometry-shadow,210,STORY_B,STORY,0,0.0566972494125366
0,DUPLICATED_STORY,geometry-shadow,211,STORY_A,STORY,1,-0.499693751335144
0,DUPLICATED_STORY,geometry-shadow,212,STORY_B,STORY,0,0.0285866260528564
0,DUPLICATED_STORY,geometry-shadow,213,STORY_A,STORY,0,0.3928048610687256
0,DUPLICATED_STORY,geometry-shadow,214,STORY_A,STORY,0,0.7535088062286377
0,DUPLICATED_STORY,geometry-shadow,215,STORY_B,STORY,0,0.5485824346542358
0,DUPLICATED_STORY,geometry-shadow,216,STORY_B,STORY,1,-0.038359522819519
0,DUPLICATED_STORY,geometry-shadow,217,STORY_A,STORY,1,-0.9839178323745728
0,DUPLICATED_STORY,geometry-shadow,218,STORY_A,STORY,1,-0.1469653844833374
0,DUPLICATED_STORY,geometry-shadow,219,STORY_B,STORY,1,-0.8458127379417419
0,DUPLICATED_STORY,geometry-shadow,220,STORY_B,STORY,1,-0.1621080636978149
0,DUPLICATED_STORY,geometry-shadow,221,STORY_A,STORY,1,-0.7184972763061523
0,DUPLICATED_STORY,geometry-shadow,222,STORY_B,STORY,0,1.2883424758911133
0,DUPLICATED_STORY,geometry-shadow,223,STORY_A,STORY,0,0.4967811107635498
0,DUPLICATED_STORY,geometry-shadow,224,STORY_B,STORY,1,-0.743012011051178
0,DUPLICATED_STORY,geometry-shadow,225,STORY_B,STORY,1,-1.1709474325180054
0,DUPLICATED_STORY,geometry-shadow,226,STORY_A,STORY,0,0.7078601121902466
0,DUPLICATED_STORY,geometry-shadow,227,STORY_A,STORY,1,-0.5447410345077515
0,DUPLICATED_STORY,geometry-shadow,228,STORY_B,STORY,0,1.1283689737319946
0,DUPLICATED_STORY,geometry-shadow,229,STORY_B,STORY,1,-0.2000565528869629
0,DUPLICATED_STORY,geometry-shadow,230,STORY_B,STORY,1,-0.5874251127243042
0,DUPLICATED_STORY,geometry-shadow,231,STORY_B,STORY,0,0.4489286541938782
0,DUPLICATED_STORY,geometry-shadow,232,STORY_A,STORY,0,0.806731641292572
0,DUPLICATED_STORY,geometry-shadow,233,STORY_B,STORY,0,0.4709391593933105
0,DUPLICATED_STORY,geometry-shadow,234,STORY_B,STORY,1,-0.7326534986495972
0,DUPLICATED_STORY,geometry-shadow,235,STORY_B,STORY,0,1.4152774810791016
0,DUPLICATED_STORY,geometry-shadow,236,STORY_B,STORY,0,0.6974839568138123
0,DUPLICATED_STORY,geometry-shadow,237,STORY_A,STORY,0,0.3783233165740967
0,DUPLICATED_STORY,geometry-shadow,238,STORY_A,STORY,0,0.1863764524459839
0,DUPLICATED_STORY,geometry-shadow,239,STORY_A,STORY,0,1.1051207780838013
0,DUPLICATED_STORY,geometry-shadow,240,STORY_A,STORY,1,-1.1196961402893066
0,DUPLICATED_STORY,geometry-shadow,241,STORY_A,STORY,1,-0.1448948979377746
0,DUPLICATED_STORY,geometry-shadow,242,STORY_B,STORY,0,0.8511427640914917
0,DUPLICATED_STORY,geometry-shadow,243,STORY_B,STORY,1,-0.0458730459213256
0,DUPLICATED_STORY,geometry-shadow,244,STORY_B,STORY,1,-0.7905624508857727
0,DUPLICATED_STORY,geometry-shadow,245,STORY_A,STORY,1,-0.0416580438613891
0,DUPLICATED_STORY,geometry-shadow,246,STORY_B,STORY,1,-0.8527236580848694
0,DUPLICATED_STORY,geometry-shadow,247,STORY_A,STORY,1,-0.9298090934753418
0,DUPLICATED_STORY,geometry-shadow,248,STORY_B,STORY,1,-1.111549973487854
0,DUPLICATED_STORY,geometry-shadow,249,STORY_B,STORY,0,0.7739760875701904
0,DUPLICATED_STORY,geometry-shadow,250,STORY_A,STORY,0,0.3523503541946411
0,DUPLICATED_STORY,geometry-shadow,251,STORY_A,STORY,1,-0.0957406759262085
0,DUPLICATED_STORY,geometry-shadow,252,STORY_A,STORY,0,0.3728511929512024
0,DUPLICATED_STORY,geometry-shadow,253,STORY_A,STORY,0,0.7941487431526184
0,DUPLICATED_STORY,geometry-shadow,254,STORY_B,STORY,1,-0.4038371443748474
0,DUPLICATED_STORY,geometry-shadow,255,STORY_B,STORY,1,-0.9101383686065674
0,DUPLICATED_STORY,geometry-shadow,256,STORY_B,STORY,1,-0.1287853717803955
0,STORY_ARITHMETIC,capacity-shadow,1,STORY_A,STORY,0,
0,STORY_ARITHMETIC,capacity-shadow,2,ARITHMETIC,ARITHMETIC,0,
0,STORY_ARITHMETIC,capacity-shadow,3,STORY_A,STORY,1,
0,STORY_ARITHMETIC,capacity-shadow,4,STORY_A,STORY,0,
0,STORY_ARITHMETIC,capacity-shadow,5,STORY_A,STORY,1,
0,STORY_ARITHMETIC,capacity-shadow,6,ARITHMETIC,ARITHMETIC,1,
0,STORY_ARITHMETIC,capacity-shadow,7,ARITHMETIC,ARITHMETIC,0,
0,STORY_ARITHMETIC,capacity-shadow,8,ARITHMETIC,ARITHMETIC,1,
0,STORY_ARITHMETIC,capacity-shadow,9,ARITHMETIC,ARITHMETIC,0,
0,STORY_ARITHMETIC,capacity-shadow,10,STORY_A,STORY,0,
0,STORY_ARITHMETIC,capacity-shadow,11,ARITHMETIC,ARITHMETIC,1,
0,STORY_ARITHMETIC,capacity-shadow,12,ARITHMETIC,ARITHMETIC,0,
0,STORY_ARITHMETIC,capacity-shadow,13,STORY_A,STORY,1,
0,STORY_ARITHMETIC,capacity-shadow,14,ARITHMETIC,ARITHMETIC,1,
0,STORY_ARITHMETIC,capacity-shadow,15,STORY_A,STORY,0,
0,STORY_ARITHMETIC,capacity-shadow,16,STORY_A,STORY,1,
0,STORY_ARITHMETIC,capacity-shadow,17,ARITHMETIC,ARITHMETIC,0,
0,STORY_ARITHMETIC,capacity-shadow,18,STORY_A,STORY,0,
0,STORY_ARITHMETIC,capacity-shadow,19,ARITHMETIC,ARITHMETIC,1,
0,STORY_ARITHMETIC,capacity-shadow,20,STORY_A,STORY,1,
0,STORY_ARITHMETIC,capacity-shadow,21,ARITHMETIC,ARITHMETIC,0,
0,STORY_ARITHMETIC,capacity-shadow,22,ARITHMETIC,ARITHMETIC,1,
0,STORY_ARITHMETIC,capacity-shadow,23,STORY_A,STORY,0,
0,STORY_ARITHMETIC,capacity-shadow,24,ARITHMETIC,ARITHMETIC,0,
0,STORY_ARITHMETIC,capacity-shadow,25,ARITHMETIC,ARITHMETIC,1,
0,STORY_ARITHMETIC,capacity-shadow,26,STORY_A,STORY,1,
0,STORY_ARITHMETIC,capacity-shadow,27,ARITHMETIC,ARITHMETIC,0,
0,STORY_ARITHMETIC,capacity-shadow,28,ARITHMETIC,ARITHMETIC,1,
0,STORY_ARITHMETIC,capacity-shadow,29,STORY_A,STORY,0,
0,STORY_ARITHMETIC,capacity-shadow,30,ARITHMETIC,ARITHMETIC,0,
0,STORY_ARITHMETIC,capacity-shadow,31,ARITHMETIC,ARITHMETIC,1,
0,STORY_ARITHMETIC,capacity-shadow,32,STORY_A,STORY,1,
0,STORY_ARITHMETIC,capacity-shadow,33,ARITHMETIC,ARITHMETIC,0,
0,STORY_ARITHMETIC,capacity-shadow,34,STORY_A,STORY,0,
0,STORY_ARITHMETIC,capacity-shadow,35,ARITHMETIC,ARITHMETIC,1,
0,STORY_ARITHMETIC,capacity-shadow,36,STORY_A,STORY,1,
0,STORY_ARITHMETIC,capacity-shadow,37,STORY_A,STORY,0,
0,STORY_ARITHMETIC,capacity-shadow,38,STORY_A,STORY,1,
0,STORY_ARITHMETIC,capacity-shadow,39,ARITHMETIC,ARITHMETIC,0,
0,STORY_ARITHMETIC,capacity-shadow,40,STORY_A,STORY,0,
0,STORY_ARITHMETIC,capacity-shadow,41,STORY_A,STORY,1,
0,STORY_ARITHMETIC,capacity-shadow,42,STORY_A,STORY,0,
0,STORY_ARITHMETIC,capacity-shadow,43,ARITHMETIC,ARITHMETIC,1,
0,STORY_ARITHMETIC,capacity-shadow,44,STORY_A,STORY,1,
0,STORY_ARITHMETIC,capacity-shadow,45,STORY_A,STORY,0,
0,STORY_ARITHMETIC,capacity-shadow,46,ARITHMETIC,ARITHMETIC,0,
0,STORY_ARITHMETIC,capacity-shadow,47,ARITHMETIC,ARITHMETIC,1,
0,STORY_ARITHMETIC,capacity-shadow,48,STORY_A,STORY,1,
0,STORY_ARITHMETIC,capacity-shadow,49,ARITHMETIC,ARITHMETIC,0,
0,STORY_ARITHMETIC,capacity-shadow,50,ARITHMETIC,ARITHMETIC,1,
0,STORY_ARITHMETIC,capacity-shadow,51,STORY_A,STORY,0,
0,STORY_ARITHMETIC,capacity-shadow,52,ARITHMETIC,ARITHMETIC,0,
0,STORY_ARITHMETIC,capacity-shadow,53,STORY_A,STORY,1,
0,STORY_ARITHMETIC,capacity-shadow,54,STORY_A,STORY,0,
0,STORY_ARITHMETIC,capacity-shadow,55,ARITHMETIC,ARITHMETIC,1,
0,STORY_ARITHMETIC,capacity-shadow,56,STORY_A,STORY,1,
0,STORY_ARITHMETIC,capacity-shadow,57,STORY_A,STORY,0,
0,STORY_ARITHMETIC,capacity-shadow,58,ARITHMETIC,ARITHMETIC,0,
0,STORY_ARITHMETIC,capacity-shadow,59,ARITHMETIC,ARITHMETIC,1,
0,STORY_ARITHMETIC,capacity-shadow,60,ARITHMETIC,ARITHMETIC,0,
0,STORY_ARITHMETIC,capacity-shadow,61,ARITHMETIC,ARITHMETIC,1,
0,STORY_ARITHMETIC,capacity-shadow,62,ARITHMETIC,ARITHMETIC,0,
0,STORY_ARITHMETIC,capacity-shadow,63,STORY_A,STORY,1,
0,STORY_ARITHMETIC,capacity-shadow,64,ARITHMETIC,ARITHMETIC,1,
0,STORY_ARITHMETIC,capacity-shadow,65,STORY_A,STORY,0,
0,STORY_ARITHMETIC,capacity-shadow,66,STORY_A,STORY,1,
0,STORY_ARITHMETIC,capacity-shadow,67,STORY_A,STORY,0,
0,STORY_ARITHMETIC,capacity-shadow,68,ARITHMETIC,ARITHMETIC,0,
0,STORY_ARITHMETIC,capacity-shadow,69,ARITHMETIC,ARITHMETIC,1,
0,STORY_ARITHMETIC,capacity-shadow,70,STORY_A,STORY,1,
0,STORY_ARITHMETIC,capacity-shadow,71,STORY_A,STORY,0,
0,STORY_ARITHMETIC,capacity-shadow,72,STORY_A,STORY,1,
0,STORY_ARITHMETIC,capacity-shadow,73,ARITHMETIC,ARITHMETIC,0,
0,STORY_ARITHMETIC,capacity-shadow,74,STORY_A,STORY,0,
0,STORY_ARITHMETIC,capacity-shadow,75,ARITHMETIC,ARITHMETIC,1,
0,STORY_ARITHMETIC,capacity-shadow,76,ARITHMETIC,ARITHMETIC,0,
0,STORY_ARITHMETIC,capacity-shadow,77,ARITHMETIC,ARITHMETIC,1,
0,STORY_ARITHMETIC,capacity-shadow,78,ARITHMETIC,ARITHMETIC,0,
0,STORY_ARITHMETIC,capacity-shadow,79,STORY_A,STORY,1,
0,STORY_ARITHMETIC,capacity-shadow,80,STORY_A,STORY,0,
0,STORY_ARITHMETIC,capacity-shadow,81,STORY_A,STORY,1,
0,STORY_ARITHMETIC,capacity-shadow,82,ARITHMETIC,ARITHMETIC,1,
0,STORY_ARITHMETIC,capacity-shadow,83,ARITHMETIC,ARITHMETIC,0,
0,STORY_ARITHMETIC,capacity-shadow,84,ARITHMETIC,ARITHMETIC,1,
0,STORY_ARITHMETIC,capacity-shadow,85,STORY_A,STORY,0,
0,STORY_ARITHMETIC,capacity-shadow,86,ARITHMETIC,ARITHMETIC,0,
0,STORY_ARITHMETIC,capacity-shadow,87,ARITHMETIC,ARITHMETIC,1,
0,STORY_ARITHMETIC,capacity-shadow,88,ARITHMETIC,ARITHMETIC,0,
0,STORY_ARITHMETIC,capacity-shadow,89,ARITHMETIC,ARITHMETIC,1,
0,STORY_ARITHMETIC,capacity-shadow,90,STORY_A,STORY,1,
0,STORY_ARITHMETIC,capacity-shadow,91,STORY_A,STORY,0,
0,STORY_ARITHMETIC,capacity-shadow,92,ARITHMETIC,ARITHMETIC,0,
0,STORY_ARITHMETIC,capacity-shadow,93,STORY_A,STORY,1,
0,STORY_ARITHMETIC,capacity-shadow,94,STORY_A,STORY,0,
0,STORY_ARITHMETIC,capacity-shadow,95,STORY_A,STORY,1,
0,STORY_ARITHMETIC,capacity-shadow,96,STORY_A,STORY,0,
0,STORY_ARITHMETIC,capacity-shadow,97,ARITHMETIC,ARITHMETIC,1,
0,STORY_ARITHMETIC,capacity-shadow,98,STORY_A,STORY,1,
0,STORY_ARITHMETIC,capacity-shadow,99,STORY_A,STORY,0,
0,STORY_ARITHMETIC,capacity-shadow,100,ARITHMETIC,ARITHMETIC,0,
0,STORY_ARITHMETIC,capacity-shadow,101,STORY_A,STORY,1,
0,STORY_ARITHMETIC,capacity-shadow,102,STORY_A,STORY,0,
0,STORY_ARITHMETIC,capacity-shadow,103,STORY_A,STORY,1,
0,STORY_ARITHMETIC,capacity-shadow,104,ARITHMETIC,ARITHMETIC,1,
0,STORY_ARITHMETIC,capacity-shadow,105,ARITHMETIC,ARITHMETIC,0,
0,STORY_ARITHMETIC,capacity-shadow,106,STORY_A,STORY,0,
0,STORY_ARITHMETIC,capacity-shadow,107,STORY_A,STORY,1,
0,STORY_ARITHMETIC,capacity-shadow,108,ARITHMETIC,ARITHMETIC,1,
0,STORY_ARITHMETIC,capacity-shadow,109,ARITHMETIC,ARITHMETIC,0,
0,STORY_ARITHMETIC,capacity-shadow,110,STORY_A,STORY,0,
0,STORY_ARITHMETIC,capacity-shadow,111,STORY_A,STORY,1,
0,STORY_ARITHMETIC,capacity-shadow,112,STORY_A,STORY,0,
0,STORY_ARITHMETIC,capacity-shadow,113,ARITHMETIC,ARITHMETIC,1,
0,STORY_ARITHMETIC,capacity-shadow,114,ARITHMETIC,ARITHMETIC,0,
0,STORY_ARITHMETIC,capacity-shadow,115,ARITHMETIC,ARITHMETIC,1,
0,STORY_ARITHMETIC,capacity-shadow,116,ARITHMETIC,ARITHMETIC,0,
0,STORY_ARITHMETIC,capacity-shadow,117,ARITHMETIC,ARITHMETIC,1,
0,STORY_ARITHMETIC,capacity-shadow,118,STORY_A,STORY,1,
0,STORY_ARITHMETIC,capacity-shadow,119,STORY_A,STORY,0,
0,STORY_ARITHMETIC,capacity-shadow,120,ARITHMETIC,ARITHMETIC,0,
0,STORY_ARITHMETIC,capacity-shadow,121,ARITHMETIC,ARITHMETIC,1,
0,STORY_ARITHMETIC,capacity-shadow,122,ARITHMETIC,ARITHMETIC,0,
0,STORY_ARITHMETIC,capacity-shadow,123,ARITHMETIC,ARITHMETIC,1,
0,STORY_ARITHMETIC,capacity-shadow,124,STORY_A,STORY,1,
0,STORY_ARITHMETIC,capacity-shadow,125,ARITHMETIC,ARITHMETIC,0,
0,STORY_ARITHMETIC,capacity-shadow,126,STORY_A,STORY,0,
0,STORY_ARITHMETIC,capacity-shadow,127,STORY_A,STORY,1,
0,STORY_ARITHMETIC,capacity-shadow,128,ARITHMETIC,ARITHMETIC,1,
0,STORY_ARITHMETIC,capacity-shadow,129,STORY_A,STORY,0,
0,STORY_ARITHMETIC,capacity-shadow,130,ARITHMETIC,ARITHMETIC,0,
0,STORY_ARITHMETIC,capacity-shadow,131,ARITHMETIC,ARITHMETIC,1,
0,STORY_ARITHMETIC,capacity-shadow,132,STORY_A,STORY,1,
0,STORY_ARITHMETIC,capacity-shadow,133,STORY_A,STORY,0,
0,STORY_ARITHMETIC,capacity-shadow,134,ARITHMETIC,ARITHMETIC,0,
0,STORY_ARITHMETIC,capacity-shadow,135,ARITHMETIC,ARITHMETIC,1,
0,STORY_ARITHMETIC,capacity-shadow,136,STORY_A,STORY,1,
0,STORY_ARITHMETIC,capacity-shadow,137,ARITHMETIC,ARITHMETIC,0,
0,STORY_ARITHMETIC,capacity-shadow,138,STORY_A,STORY,0,
0,STORY_ARITHMETIC,capacity-shadow,139,ARITHMETIC,ARITHMETIC,1,
0,STORY_ARITHMETIC,capacity-shadow,140,ARITHMETIC,ARITHMETIC,0,
0,STORY_ARITHMETIC,capacity-shadow,141,STORY_A,STORY,1,
0,STORY_ARITHMETIC,capacity-shadow,142,STORY_A,STORY,0,
0,STORY_ARITHMETIC,capacity-shadow,143,STORY_A,STORY,1,
0,STORY_ARITHMETIC,capacity-shadow,144,STORY_A,STORY,0,
0,STORY_ARITHMETIC,capacity-shadow,145,STORY_A,STORY,1,
0,STORY_ARITHMETIC,capacity-shadow,146,ARITHMETIC,ARITHMETIC,1,
0,STORY_ARITHMETIC,capacity-shadow,147,STORY_A,STORY,0,
0,STORY_ARITHMETIC,capacity-shadow,148,STORY_A,STORY,1,
0,STORY_ARITHMETIC,capacity-shadow,149,ARITHMETIC,ARITHMETIC,0,
0,STORY_ARITHMETIC,capacity-shadow,150,STORY_A,STORY,0,
0,STORY_ARITHMETIC,capacity-shadow,151,STORY_A,STORY,1,
0,STORY_ARITHMETIC,capacity-shadow,152,ARITHMETIC,ARITHMETIC,1,
0,STORY_ARITHMETIC,capacity-shadow,153,ARITHMETIC,ARITHMETIC,0,
0,STORY_ARITHMETIC,capacity-shadow,154,STORY_A,STORY,0,
0,STORY_ARITHMETIC,capacity-shadow,155,ARITHMETIC,ARITHMETIC,1,
0,STORY_ARITHMETIC,capacity-shadow,156,ARITHMETIC,ARITHMETIC,0,
0,STORY_ARITHMETIC,capacity-shadow,157,ARITHMETIC,ARITHMETIC,1,
0,STORY_ARITHMETIC,capacity-shadow,158,STORY_A,STORY,1,
0,STORY_ARITHMETIC,capacity-shadow,159,ARITHMETIC,ARITHMETIC,0,
0,STORY_ARITHMETIC,capacity-shadow,160,STORY_A,STORY,0,
0,STORY_ARITHMETIC,capacity-shadow,161,STORY_A,STORY,1,
0,STORY_ARITHMETIC,capacity-shadow,162,ARITHMETIC,ARITHMETIC,1,
0,STORY_ARITHMETIC,capacity-shadow,163,ARITHMETIC,ARITHMETIC,0,
0,STORY_ARITHMETIC,capacity-shadow,164,STORY_A,STORY,0,
0,STORY_ARITHMETIC,capacity-shadow,165,STORY_A,STORY,1,
0,STORY_ARITHMETIC,capacity-shadow,166,ARITHMETIC,ARITHMETIC,1,
0,STORY_ARITHMETIC,capacity-shadow,167,ARITHMETIC,ARITHMETIC,0,
0,STORY_ARITHMETIC,capacity-shadow,168,STORY_A,STORY,0,
0,STORY_ARITHMETIC,capacity-shadow,169,ARITHMETIC,ARITHMETIC,1,
0,STORY_ARITHMETIC,capacity-shadow,170,STORY_A,STORY,1,
0,STORY_ARITHMETIC,capacity-shadow,171,ARITHMETIC,ARITHMETIC,0,
0,STORY_ARITHMETIC,capacity-shadow,172,STORY_A,STORY,0,
0,STORY_ARITHMETIC,capacity-shadow,173,STORY_A,STORY,1,
0,STORY_ARITHMETIC,capacity-shadow,174,ARITHMETIC,ARITHMETIC,1,
0,STORY_ARITHMETIC,capacity-shadow,175,ARITHMETIC,ARITHMETIC,0,
0,STORY_ARITHMETIC,capacity-shadow,176,STORY_A,STORY,0,
0,STORY_ARITHMETIC,capacity-shadow,177,ARITHMETIC,ARITHMETIC,1,
0,STORY_ARITHMETIC,capacity-shadow,178,ARITHMETIC,ARITHMETIC,0,
0,STORY_ARITHMETIC,capacity-shadow,179,STORY_A,STORY,1,
0,STORY_ARITHMETIC,capacity-shadow,180,STORY_A,STORY,0,
0,STORY_ARITHMETIC,capacity-shadow,181,STORY_A,STORY,1,
0,STORY_ARITHMETIC,capacity-shadow,182,ARITHMETIC,ARITHMETIC,1,
0,STORY_ARITHMETIC,capacity-shadow,183,STORY_A,STORY,0,
0,STORY_ARITHMETIC,capacity-shadow,184,STORY_A,STORY,1,
0,STORY_ARITHMETIC,capacity-shadow,185,STORY_A,STORY,0,
0,STORY_ARITHMETIC,capacity-shadow,186,STORY_A,STORY,1,
0,STORY_ARITHMETIC,capacity-shadow,187,ARITHMETIC,ARITHMETIC,0,
0,STORY_ARITHMETIC,capacity-shadow,188,ARITHMETIC,ARITHMETIC,1,
0,STORY_ARITHMETIC,capacity-shadow,189,ARITHMETIC,ARITHMETIC,0,
0,STORY_ARITHMETIC,capacity-shadow,190,ARITHMETIC,ARITHMETIC,1,
0,STORY_ARITHMETIC,capacity-shadow,191,STORY_A,STORY,0,
0,STORY_ARITHMETIC,capacity-shadow,192,ARITHMETIC,ARITHMETIC,0,
0,STORY_ARITHMETIC,capacity-shadow,193,ARITHMETIC,ARITHMETIC,1,
0,STORY_ARITHMETIC,capacity-shadow,194,STORY_A,STORY,1,
0,STORY_ARITHMETIC,capacity-shadow,195,ARITHMETIC,ARITHMETIC,0,
0,STORY_ARITHMETIC,capacity-shadow,196,STORY_A,STORY,0,
0,STORY_ARITHMETIC,capacity-shadow,197,STORY_A,STORY,1,
0,STORY_ARITHMETIC,capacity-shadow,198,STORY_A,STORY,0,
0,STORY_ARITHMETIC,capacity-shadow,199,STORY_A,STORY,1,
0,STORY_ARITHMETIC,capacity-shadow,200,ARITHMETIC,ARITHMETIC,1,
0,STORY_ARITHMETIC,capacity-shadow,201,ARITHMETIC,ARITHMETIC,0,
0,STORY_ARITHMETIC,capacity-shadow,202,ARITHMETIC,ARITHMETIC,1,
0,STORY_ARITHMETIC,capacity-shadow,203,ARITHMETIC,ARITHMETIC,0,
0,STORY_ARITHMETIC,capacity-shadow,204,ARITHMETIC,ARITHMETIC,1,
0,STORY_ARITHMETIC,capacity-shadow,205,STORY_A,STORY,0,
0,STORY_ARITHMETIC,capacity-shadow,206,ARITHMETIC,ARITHMETIC,0,
0,STORY_ARITHMETIC,capacity-shadow,207,ARITHMETIC,ARITHMETIC,1,
0,STORY_ARITHMETIC,capacity-shadow,208,ARITHMETIC,ARITHMETIC,0,
0,STORY_ARITHMETIC,capacity-shadow,209,STORY_A,STORY,1,
0,STORY_ARITHMETIC,capacity-shadow,210,ARITHMETIC,ARITHMETIC,1,
0,STORY_ARITHMETIC,capacity-shadow,211,ARITHMETIC,ARITHMETIC,0,
0,STORY_ARITHMETIC,capacity-shadow,212,STORY_A,STORY,0,
0,STORY_ARITHMETIC,capacity-shadow,213,STORY_A,STORY,1,
0,STORY_ARITHMETIC,capacity-shadow,214,STORY_A,STORY,0,
0,STORY_ARITHMETIC,capacity-shadow,215,STORY_A,STORY,1,
0,STORY_ARITHMETIC,capacity-shadow,216,ARITHMETIC,ARITHMETIC,1,
0,STORY_ARITHMETIC,capacity-shadow,217,ARITHMETIC,ARITHMETIC,0,
0,STORY_ARITHMETIC,capacity-shadow,218,STORY_A,STORY,0,
0,STORY_ARITHMETIC,capacity-shadow,219,STORY_A,STORY,1,
0,STORY_ARITHMETIC,capacity-shadow,220,ARITHMETIC,ARITHMETIC,1,
0,STORY_ARITHMETIC,capacity-shadow,221,ARITHMETIC,ARITHMETIC,0,
0,STORY_ARITHMETIC,capacity-shadow,222,STORY_A,STORY,0,
0,STORY_ARITHMETIC,capacity-shadow,223,STORY_A,STORY,1,
0,STORY_ARITHMETIC,capacity-shadow,224,ARITHMETIC,ARITHMETIC,1,
0,STORY_ARITHMETIC,capacity-shadow,225,ARITHMETIC,ARITHMETIC,0,
0,STORY_ARITHMETIC,capacity-shadow,226,STORY_A,STORY,0,
0,STORY_ARITHMETIC,capacity-shadow,227,STORY_A,STORY,1,
0,STORY_ARITHMETIC,capacity-shadow,228,STORY_A,STORY,0,
0,STORY_ARITHMETIC,capacity-shadow,229,STORY_A,STORY,1,
0,STORY_ARITHMETIC,capacity-shadow,230,ARITHMETIC,ARITHMETIC,1,
0,STORY_ARITHMETIC,capacity-shadow,231,STORY_A,STORY,0,
0,STORY_ARITHMETIC,capacity-shadow,232,ARITHMETIC,ARITHMETIC,0,
0,STORY_ARITHMETIC,capacity-shadow,233,STORY_A,STORY,1,
0,STORY_ARITHMETIC,capacity-shadow,234,ARITHMETIC,ARITHMETIC,1,
0,STORY_ARITHMETIC,capacity-shadow,235,STORY_A,STORY,0,
0,STORY_ARITHMETIC,capacity-shadow,236,STORY_A,STORY,1,
0,STORY_ARITHMETIC,capacity-shadow,237,STORY_A,STORY,0,
0,STORY_ARITHMETIC,capacity-shadow,238,ARITHMETIC,ARITHMETIC,0,
0,STORY_ARITHMETIC,capacity-shadow,239,ARITHMETIC,ARITHMETIC,1,
0,STORY_ARITHMETIC,capacity-shadow,240,ARITHMETIC,ARITHMETIC,0,
0,STORY_ARITHMETIC,capacity-shadow,241,ARITHMETIC,ARITHMETIC,1,
0,STORY_ARITHMETIC,capacity-shadow,242,STORY_A,STORY,1,
0,STORY_ARITHMETIC,capacity-shadow,243,STORY_A,STORY,0,
0,STORY_ARITHMETIC,capacity-shadow,244,STORY_A,STORY,1,
0,STORY_ARITHMETIC,capacity-shadow,245,ARITHMETIC,ARITHMETIC,0,
0,STORY_ARITHMETIC,capacity-shadow,246,STORY_A,STORY,0,
0,STORY_ARITHMETIC,capacity-shadow,247,STORY_A,STORY,1,
0,STORY_ARITHMETIC,capacity-shadow,248,STORY_A,STORY,0,
0,STORY_ARITHMETIC,capacity-shadow,249,ARITHMETIC,ARITHMETIC,1,
0,STORY_ARITHMETIC,capacity-shadow,250,ARITHMETIC,ARITHMETIC,0,
0,STORY_ARITHMETIC,capacity-shadow,251,ARITHMETIC,ARITHMETIC,1,
0,STORY_ARITHMETIC,capacity-shadow,252,STORY_A,STORY,1,
0,STORY_ARITHMETIC,capacity-shadow,253,ARITHMETIC,ARITHMETIC,0,
0,STORY_ARITHMETIC,capacity-shadow,254,STORY_A,STORY,0,
0,STORY_ARITHMETIC,capacity-shadow,255,ARITHMETIC,ARITHMETIC,1,
0,STORY_ARITHMETIC,capacity-shadow,256,STORY_A,STORY,1,
0,STORY_ARITHMETIC,geometry-shadow,1,STORY_A,STORY,1,-2.280560255050659
0,STORY_ARITHMETIC,geometry-shadow,2,ARITHMETIC,ARITHMETIC,0,1.3121092319488523
0,STORY_ARITHMETIC,geometry-shadow,3,STORY_A,STORY,1,-1.6069600582122805
0,STORY_ARITHMETIC,geometry-shadow,4,STORY_A,STORY,1,-0.3728674650192261
0,STORY_ARITHMETIC,geometry-shadow,5,STORY_A,STORY,1,-0.812384307384491
0,STORY_ARITHMETIC,geometry-shadow,6,ARITHMETIC,ARITHMETIC,0,1.3091915845870972
0,STORY_ARITHMETIC,geometry-shadow,7,ARITHMETIC,ARITHMETIC,0,1.311040997505188
0,STORY_ARITHMETIC,geometry-shadow,8,ARITHMETIC,ARITHMETIC,0,1.312909483909607
0,STORY_ARITHMETIC,geometry-shadow,9,ARITHMETIC,ARITHMETIC,0,1.3159619569778442
0,STORY_ARITHMETIC,geometry-shadow,10,STORY_A,STORY,1,-1.128808617591858
0,STORY_ARITHMETIC,geometry-shadow,11,ARITHMETIC,ARITHMETIC,0,1.3188722133636477
0,STORY_ARITHMETIC,geometry-shadow,12,ARITHMETIC,ARITHMETIC,0,1.3168400526046753
0,STORY_ARITHMETIC,geometry-shadow,13,STORY_A,STORY,1,-1.668670415878296
0,STORY_ARITHMETIC,geometry-shadow,14,ARITHMETIC,ARITHMETIC,0,1.320978760719299
0,STORY_ARITHMETIC,geometry-shadow,15,STORY_A,STORY,1,-0.9441152811050416
0,STORY_ARITHMETIC,geometry-shadow,16,STORY_A,STORY,1,-1.5030155181884766
0,STORY_ARITHMETIC,geometry-shadow,17,ARITHMETIC,ARITHMETIC,0,1.319604516029358
0,STORY_ARITHMETIC,geometry-shadow,18,STORY_A,STORY,0,0.7833371162414551
0,STORY_ARITHMETIC,geometry-shadow,19,ARITHMETIC,ARITHMETIC,0,1.3175785541534424
0,STORY_ARITHMETIC,geometry-shadow,20,STORY_A,STORY,1,-1.84807288646698
0,STORY_ARITHMETIC,geometry-shadow,21,ARITHMETIC,ARITHMETIC,0,1.3112692832946775
0,STORY_ARITHMETIC,geometry-shadow,22,ARITHMETIC,ARITHMETIC,0,1.3159964084625244
0,STORY_ARITHMETIC,geometry-shadow,23,STORY_A,STORY,1,-1.6786775588989258
0,STORY_ARITHMETIC,geometry-shadow,24,ARITHMETIC,ARITHMETIC,0,1.3041551113128662
0,STORY_ARITHMETIC,geometry-shadow,25,ARITHMETIC,ARITHMETIC,0,1.313323736190796
0,STORY_ARITHMETIC,geometry-shadow,26,STORY_A,STORY,0,0.3750612139701843
0,STORY_ARITHMETIC,geometry-shadow,27,ARITHMETIC,ARITHMETIC,0,1.3266648054122925
0,STORY_ARITHMETIC,geometry-shadow,28,ARITHMETIC,ARITHMETIC,0,1.3187459707260132
0,STORY_ARITHMETIC,geometry-shadow,29,STORY_A,STORY,1,-0.6404709219932556
0,STORY_ARITHMETIC,geometry-shadow,30,ARITHMETIC,ARITHMETIC,0,1.317888259887695
0,STORY_ARITHMETIC,geometry-shadow,31,ARITHMETIC,ARITHMETIC,0,1.318499207496643
0,STORY_ARITHMETIC,geometry-shadow,32,STORY_A,STORY,0,0.4781891703605652
0,STORY_ARITHMETIC,geometry-shadow,33,ARITHMETIC,ARITHMETIC,0,1.3179467916488647
0,STORY_ARITHMETIC,geometry-shadow,34,STORY_A,STORY,1,-0.8845566511154175
0,STORY_ARITHMETIC,geometry-shadow,35,ARITHMETIC,ARITHMETIC,0,1.3114107847213743
0,STORY_ARITHMETIC,geometry-shadow,36,STORY_A,STORY,1,-1.2490578889846802
0,STORY_ARITHMETIC,geometry-shadow,37,STORY_A,STORY,0,0.2626063823699951
0,STORY_ARITHMETIC,geometry-shadow,38,STORY_A,STORY,1,-1.2097378969192505
0,STORY_ARITHMETIC,geometry-shadow,39,ARITHMETIC,ARITHMETIC,0,1.3133615255355835
0,STORY_ARITHMETIC,geometry-shadow,40,STORY_A,STORY,0,0.2027487158775329
0,STORY_ARITHMETIC,geometry-shadow,41,STORY_A,STORY,1,-1.7859947681427002
0,STORY_ARITHMETIC,geometry-shadow,42,STORY_A,STORY,1,-1.7238001823425293
0,STORY_ARITHMETIC,geometry-shadow,43,ARITHMETIC,ARITHMETIC,0,1.306960940361023
0,STORY_ARITHMETIC,geometry-shadow,44,STORY_A,STORY,0,0.7517411708831787
0,STORY_ARITHMETIC,geometry-shadow,45,STORY_A,STORY,1,-1.6697235107421875
0,STORY_ARITHMETIC,geometry-shadow,46,ARITHMETIC,ARITHMETIC,0,1.288983702659607
0,STORY_ARITHMETIC,geometry-shadow,47,ARITHMETIC,ARITHMETIC,0,1.325106143951416
0,STORY_ARITHMETIC,geometry-shadow,48,STORY_A,STORY,1,-0.7114865183830261
0,STORY_ARITHMETIC,geometry-shadow,49,ARITHMETIC,ARITHMETIC,0,1.3198179006576538
0,STORY_ARITHMETIC,geometry-shadow,50,ARITHMETIC,ARITHMETIC,0,1.32004714012146
0,STORY_ARITHMETIC,geometry-shadow,51,STORY_A,STORY,1,-1.4104617834091189
0,STORY_ARITHMETIC,geometry-shadow,52,ARITHMETIC,ARITHMETIC,0,1.3181599378585815
0,STORY_ARITHMETIC,geometry-shadow,53,STORY_A,STORY,1,-1.0582478046417236
0,STORY_ARITHMETIC,geometry-shadow,54,STORY_A,STORY,1,-1.0940759181976318
0,STORY_ARITHMETIC,geometry-shadow,55,ARITHMETIC,ARITHMETIC,0,1.32140052318573
0,STORY_ARITHMETIC,geometry-shadow,56,STORY_A,STORY,1,-0.1168597936630249
0,STORY_ARITHMETIC,geometry-shadow,57,STORY_A,STORY,0,0.4802570939064026
0,STORY_ARITHMETIC,geometry-shadow,58,ARITHMETIC,ARITHMETIC,0,1.303998351097107
0,STORY_ARITHMETIC,geometry-shadow,59,ARITHMETIC,ARITHMETIC,0,1.3117791414260864
0,STORY_ARITHMETIC,geometry-shadow,60,ARITHMETIC,ARITHMETIC,0,1.3143866062164309
0,STORY_ARITHMETIC,geometry-shadow,61,ARITHMETIC,ARITHMETIC,0,1.316865086555481
0,STORY_ARITHMETIC,geometry-shadow,62,ARITHMETIC,ARITHMETIC,0,1.3157504796981812
0,STORY_ARITHMETIC,geometry-shadow,63,STORY_A,STORY,1,-1.3807172775268557
0,STORY_ARITHMETIC,geometry-shadow,64,ARITHMETIC,ARITHMETIC,0,1.3111528158187866
0,STORY_ARITHMETIC,geometry-shadow,65,STORY_A,STORY,1,-0.3668721914291382
0,STORY_ARITHMETIC,geometry-shadow,66,STORY_A,STORY,1,-1.8119916915893557
0,STORY_ARITHMETIC,geometry-shadow,67,STORY_A,STORY,1,-0.3252676725387573
0,STORY_ARITHMETIC,geometry-shadow,68,ARITHMETIC,ARITHMETIC,0,1.3103748559951782
0,STORY_ARITHMETIC,geometry-shadow,69,ARITHMETIC,ARITHMETIC,0,1.3105775117874146
0,STORY_ARITHMETIC,geometry-shadow,70,STORY_A,STORY,1,-0.2662566900253296
0,STORY_ARITHMETIC,geometry-shadow,71,STORY_A,STORY,0,0.4430685043334961
0,STORY_ARITHMETIC,geometry-shadow,72,STORY_A,STORY,0,0.3234996795654297
0,STORY_ARITHMETIC,geometry-shadow,73,ARITHMETIC,ARITHMETIC,0,1.3160803318023682
0,STORY_ARITHMETIC,geometry-shadow,74,STORY_A,STORY,1,-1.6402757167816162
0,STORY_ARITHMETIC,geometry-shadow,75,ARITHMETIC,ARITHMETIC,0,1.317258596420288
0,STORY_ARITHMETIC,geometry-shadow,76,ARITHMETIC,ARITHMETIC,0,1.303582787513733
0,STORY_ARITHMETIC,geometry-shadow,77,ARITHMETIC,ARITHMETIC,0,1.311662673950195
0,STORY_ARITHMETIC,geometry-shadow,78,ARITHMETIC,ARITHMETIC,0,1.3053654432296753
0,STORY_ARITHMETIC,geometry-shadow,79,STORY_A,STORY,1,-1.3152530193328855
0,STORY_ARITHMETIC,geometry-shadow,80,STORY_A,STORY,0,0.2437050342559814
0,STORY_ARITHMETIC,geometry-shadow,81,STORY_A,STORY,1,-1.6596238613128662
0,STORY_ARITHMETIC,geometry-shadow,82,ARITHMETIC,ARITHMETIC,0,1.3154749870300293
0,STORY_ARITHMETIC,geometry-shadow,83,ARITHMETIC,ARITHMETIC,0,1.3048293590545654
0,STORY_ARITHMETIC,geometry-shadow,84,ARITHMETIC,ARITHMETIC,0,1.3090782165527344
0,STORY_ARITHMETIC,geometry-shadow,85,STORY_A,STORY,1,-1.7409389019012451
0,STORY_ARITHMETIC,geometry-shadow,86,ARITHMETIC,ARITHMETIC,0,1.3054001331329346
0,STORY_ARITHMETIC,geometry-shadow,87,ARITHMETIC,ARITHMETIC,0,1.3140887022018433
0,STORY_ARITHMETIC,geometry-shadow,88,ARITHMETIC,ARITHMETIC,0,1.3201611042022705
0,STORY_ARITHMETIC,geometry-shadow,89,ARITHMETIC,ARITHMETIC,0,1.3051873445510864
0,STORY_ARITHMETIC,geometry-shadow,90,STORY_A,STORY,1,-1.6773192882537842
0,STORY_ARITHMETIC,geometry-shadow,91,STORY_A,STORY,1,-1.2731257677078247
0,STORY_ARITHMETIC,geometry-shadow,92,ARITHMETIC,ARITHMETIC,0,1.318434238433838
0,STORY_ARITHMETIC,geometry-shadow,93,STORY_A,STORY,1,-1.8770387172698972
0,STORY_ARITHMETIC,geometry-shadow,94,STORY_A,STORY,0,0.0679761171340942
0,STORY_ARITHMETIC,geometry-shadow,95,STORY_A,STORY,1,-0.8938635587692261
0,STORY_ARITHMETIC,geometry-shadow,96,STORY_A,STORY,1,-1.6564972400665283
0,STORY_ARITHMETIC,geometry-shadow,97,ARITHMETIC,ARITHMETIC,0,1.3130537271499634
0,STORY_ARITHMETIC,geometry-shadow,98,STORY_A,STORY,0,0.1966400146484375
0,STORY_ARITHMETIC,geometry-shadow,99,STORY_A,STORY,0,0.4830054044723511
0,STORY_ARITHMETIC,geometry-shadow,100,ARITHMETIC,ARITHMETIC,0,1.3166619539260864
0,STORY_ARITHMETIC,geometry-shadow,101,STORY_A,STORY,1,-1.9081499576568604
0,STORY_ARITHMETIC,geometry-shadow,102,STORY_A,STORY,1,-1.653681755065918
0,STORY_ARITHMETIC,geometry-shadow,103,STORY_A,STORY,1,-2.0617966651916504
0,STORY_ARITHMETIC,geometry-shadow,104,ARITHMETIC,ARITHMETIC,0,1.3119969367980957
0,STORY_ARITHMETIC,geometry-shadow,105,ARITHMETIC,ARITHMETIC,0,1.3109532594680786
0,STORY_ARITHMETIC,geometry-shadow,106,STORY_A,STORY,1,-2.319828748703003
0,STORY_ARITHMETIC,geometry-shadow,107,STORY_A,STORY,0,0.5913069844245911
0,STORY_ARITHMETIC,geometry-shadow,108,ARITHMETIC,ARITHMETIC,0,1.3121215105056765
0,STORY_ARITHMETIC,geometry-shadow,109,ARITHMETIC,ARITHMETIC,0,1.3097493648529053
0,STORY_ARITHMETIC,geometry-shadow,110,STORY_A,STORY,1,-1.3958826065063477
0,STORY_ARITHMETIC,geometry-shadow,111,STORY_A,STORY,1,-1.5592457056045532
0,STORY_ARITHMETIC,geometry-shadow,112,STORY_A,STORY,1,-2.08621883392334
0,STORY_ARITHMETIC,geometry-shadow,113,ARITHMETIC,ARITHMETIC,0,1.29402494430542
0,STORY_ARITHMETIC,geometry-shadow,114,ARITHMETIC,ARITHMETIC,0,1.3254051208496094
0,STORY_ARITHMETIC,geometry-shadow,115,ARITHMETIC,ARITHMETIC,0,1.3150501251220703
0,STORY_ARITHMETIC,geometry-shadow,116,ARITHMETIC,ARITHMETIC,0,1.3102163076400757
0,STORY_ARITHMETIC,geometry-shadow,117,ARITHMETIC,ARITHMETIC,0,1.3136026859283447
0,STORY_ARITHMETIC,geometry-shadow,118,STORY_A,STORY,1,-1.288015604019165
0,STORY_ARITHMETIC,geometry-shadow,119,STORY_A,STORY,1,-0.5635069608688354
0,STORY_ARITHMETIC,geometry-shadow,120,ARITHMETIC,ARITHMETIC,0,1.3206095695495603
0,STORY_ARITHMETIC,geometry-shadow,121,ARITHMETIC,ARITHMETIC,0,1.3081984519958496
0,STORY_ARITHMETIC,geometry-shadow,122,ARITHMETIC,ARITHMETIC,0,1.307595133781433
0,STORY_ARITHMETIC,geometry-shadow,123,ARITHMETIC,ARITHMETIC,0,1.3187936544418335
0,STORY_ARITHMETIC,geometry-shadow,124,STORY_A,STORY,0,0.7525256872177124
0,STORY_ARITHMETIC,geometry-shadow,125,ARITHMETIC,ARITHMETIC,0,1.3147976398468018
0,STORY_ARITHMETIC,geometry-shadow,126,STORY_A,STORY,1,-1.1017827987670898
0,STORY_ARITHMETIC,geometry-shadow,127,STORY_A,STORY,1,-0.0622045993804931
0,STORY_ARITHMETIC,geometry-shadow,128,ARITHMETIC,ARITHMETIC,0,1.3113949298858645
0,STORY_ARITHMETIC,geometry-shadow,129,STORY_A,STORY,1,-0.401013970375061
0,STORY_ARITHMETIC,geometry-shadow,130,ARITHMETIC,ARITHMETIC,0,1.306975483894348
0,STORY_ARITHMETIC,geometry-shadow,131,ARITHMETIC,ARITHMETIC,0,1.3218820095062256
0,STORY_ARITHMETIC,geometry-shadow,132,STORY_A,STORY,0,0.1808290481567382
0,STORY_ARITHMETIC,geometry-shadow,133,STORY_A,STORY,1,-2.1238999366760254
0,STORY_ARITHMETIC,geometry-shadow,134,ARITHMETIC,ARITHMETIC,0,1.3157334327697754
0,STORY_ARITHMETIC,geometry-shadow,135,ARITHMETIC,ARITHMETIC,0,1.3054488897323608
0,STORY_ARITHMETIC,geometry-shadow,136,STORY_A,STORY,1,-0.2305103540420532
0,STORY_ARITHMETIC,geometry-shadow,137,ARITHMETIC,ARITHMETIC,0,1.3214761018753052
0,STORY_ARITHMETIC,geometry-shadow,138,STORY_A,STORY,0,0.2634927630424499
0,STORY_ARITHMETIC,geometry-shadow,139,ARITHMETIC,ARITHMETIC,0,1.3082009553909302
0,STORY_ARITHMETIC,geometry-shadow,140,ARITHMETIC,ARITHMETIC,0,1.312698245048523
0,STORY_ARITHMETIC,geometry-shadow,141,STORY_A,STORY,1,-2.130136489868164
0,STORY_ARITHMETIC,geometry-shadow,142,STORY_A,STORY,1,-1.1243937015533447
0,STORY_ARITHMETIC,geometry-shadow,143,STORY_A,STORY,1,-1.0711709260940552
0,STORY_ARITHMETIC,geometry-shadow,144,STORY_A,STORY,1,-1.17495858669281
0,STORY_ARITHMETIC,geometry-shadow,145,STORY_A,STORY,1,-0.1484872102737426
0,STORY_ARITHMETIC,geometry-shadow,146,ARITHMETIC,ARITHMETIC,0,1.302181601524353
0,STORY_ARITHMETIC,geometry-shadow,147,STORY_A,STORY,1,-0.521181583404541
0,STORY_ARITHMETIC,geometry-shadow,148,STORY_A,STORY,1,-1.277155518531799
0,STORY_ARITHMETIC,geometry-shadow,149,ARITHMETIC,ARITHMETIC,0,1.3139320611953735
0,STORY_ARITHMETIC,geometry-shadow,150,STORY_A,STORY,1,-1.9328856468200684
0,STORY_ARITHMETIC,geometry-shadow,151,STORY_A,STORY,0,0.3759326338768005
0,STORY_ARITHMETIC,geometry-shadow,152,ARITHMETIC,ARITHMETIC,0,1.31113862991333
0,STORY_ARITHMETIC,geometry-shadow,153,ARITHMETIC,ARITHMETIC,0,1.3155806064605713
0,STORY_ARITHMETIC,geometry-shadow,154,STORY_A,STORY,0,0.2410763502120971
0,STORY_ARITHMETIC,geometry-shadow,155,ARITHMETIC,ARITHMETIC,0,1.3159021139144895
0,STORY_ARITHMETIC,geometry-shadow,156,ARITHMETIC,ARITHMETIC,0,1.3198466300964355
0,STORY_ARITHMETIC,geometry-shadow,157,ARITHMETIC,ARITHMETIC,0,1.315889835357666
0,STORY_ARITHMETIC,geometry-shadow,158,STORY_A,STORY,1,-0.7417726516723633
0,STORY_ARITHMETIC,geometry-shadow,159,ARITHMETIC,ARITHMETIC,0,1.3011194467544556
0,STORY_ARITHMETIC,geometry-shadow,160,STORY_A,STORY,1,-2.0106430053710938
0,STORY_ARITHMETIC,geometry-shadow,161,STORY_A,STORY,1,-1.3461260795593262
0,STORY_ARITHMETIC,geometry-shadow,162,ARITHMETIC,ARITHMETIC,0,1.3085219860076904
0,STORY_ARITHMETIC,geometry-shadow,163,ARITHMETIC,ARITHMETIC,0,1.314031958580017
0,STORY_ARITHMETIC,geometry-shadow,164,STORY_A,STORY,0,0.4945252537727356
0,STORY_ARITHMETIC,geometry-shadow,165,STORY_A,STORY,1,-0.3078341484069824
0,STORY_ARITHMETIC,geometry-shadow,166,ARITHMETIC,ARITHMETIC,0,1.3126206398010254
0,STORY_ARITHMETIC,geometry-shadow,167,ARITHMETIC,ARITHMETIC,0,1.30401873588562
0,STORY_ARITHMETIC,geometry-shadow,168,STORY_A,STORY,1,-0.3906358480453491
0,STORY_ARITHMETIC,geometry-shadow,169,ARITHMETIC,ARITHMETIC,0,1.3173463344573977
0,STORY_ARITHMETIC,geometry-shadow,170,STORY_A,STORY,1,-1.4897127151489258
0,STORY_ARITHMETIC,geometry-shadow,171,ARITHMETIC,ARITHMETIC,0,1.315769910812378
0,STORY_ARITHMETIC,geometry-shadow,172,STORY_A,STORY,0,0.4652937054634094
0,STORY_ARITHMETIC,geometry-shadow,173,STORY_A,STORY,1,-2.167566299438477
0,STORY_ARITHMETIC,geometry-shadow,174,ARITHMETIC,ARITHMETIC,0,1.3134024143218994
0,STORY_ARITHMETIC,geometry-shadow,175,ARITHMETIC,ARITHMETIC,0,1.3176939487457275
0,STORY_ARITHMETIC,geometry-shadow,176,STORY_A,STORY,0,0.5140427350997925
0,STORY_ARITHMETIC,geometry-shadow,177,ARITHMETIC,ARITHMETIC,0,1.3101527690887451
0,STORY_ARITHMETIC,geometry-shadow,178,ARITHMETIC,ARITHMETIC,0,1.302353858947754
0,STORY_ARITHMETIC,geometry-shadow,179,STORY_A,STORY,1,-1.970661282539368
0,STORY_ARITHMETIC,geometry-shadow,180,STORY_A,STORY,1,-1.0387728214263916
0,STORY_ARITHMETIC,geometry-shadow,181,STORY_A,STORY,0,0.1799110174179077
0,STORY_ARITHMETIC,geometry-shadow,182,ARITHMETIC,ARITHMETIC,0,1.3054221868515017
0,STORY_ARITHMETIC,geometry-shadow,183,STORY_A,STORY,1,-1.0770668983459473
0,STORY_ARITHMETIC,geometry-shadow,184,STORY_A,STORY,0,0.6574575901031494
0,STORY_ARITHMETIC,geometry-shadow,185,STORY_A,STORY,0,0.4567227959632873
0,STORY_ARITHMETIC,geometry-shadow,186,STORY_A,STORY,0,0.7448146939277649
0,STORY_ARITHMETIC,geometry-shadow,187,ARITHMETIC,ARITHMETIC,0,1.3184950351715088
0,STORY_ARITHMETIC,geometry-shadow,188,ARITHMETIC,ARITHMETIC,0,1.3166784048080444
0,STORY_ARITHMETIC,geometry-shadow,189,ARITHMETIC,ARITHMETIC,0,1.3157014846801758
0,STORY_ARITHMETIC,geometry-shadow,190,ARITHMETIC,ARITHMETIC,0,1.3279240131378174
0,STORY_ARITHMETIC,geometry-shadow,191,STORY_A,STORY,1,-0.5293208360671997
0,STORY_ARITHMETIC,geometry-shadow,192,ARITHMETIC,ARITHMETIC,0,1.3100671768188477
0,STORY_ARITHMETIC,geometry-shadow,193,ARITHMETIC,ARITHMETIC,0,1.310413837432861
0,STORY_ARITHMETIC,geometry-shadow,194,STORY_A,STORY,0,0.0585465431213378
0,STORY_ARITHMETIC,geometry-shadow,195,ARITHMETIC,ARITHMETIC,0,1.313083291053772
0,STORY_ARITHMETIC,geometry-shadow,196,STORY_A,STORY,1,-1.3914185762405396
0,STORY_ARITHMETIC,geometry-shadow,197,STORY_A,STORY,1,-2.303856611251831
0,STORY_ARITHMETIC,geometry-shadow,198,STORY_A,STORY,1,-2.2614986896514893
0,STORY_ARITHMETIC,geometry-shadow,199,STORY_A,STORY,1,-1.944656014442444
0,STORY_ARITHMETIC,geometry-shadow,200,ARITHMETIC,ARITHMETIC,0,1.3098416328430176
0,STORY_ARITHMETIC,geometry-shadow,201,ARITHMETIC,ARITHMETIC,0,1.3170267343521118
0,STORY_ARITHMETIC,geometry-shadow,202,ARITHMETIC,ARITHMETIC,0,1.3072534799575806
0,STORY_ARITHMETIC,geometry-shadow,203,ARITHMETIC,ARITHMETIC,0,1.310576319694519
0,STORY_ARITHMETIC,geometry-shadow,204,ARITHMETIC,ARITHMETIC,0,1.3100799322128296
0,STORY_ARITHMETIC,geometry-shadow,205,STORY_A,STORY,1,-1.7079596519470217
0,STORY_ARITHMETIC,geometry-shadow,206,ARITHMETIC,ARITHMETIC,0,1.3097469806671145
0,STORY_ARITHMETIC,geometry-shadow,207,ARITHMETIC,ARITHMETIC,0,1.314998984336853
0,STORY_ARITHMETIC,geometry-shadow,208,ARITHMETIC,ARITHMETIC,0,1.323456048965454
0,STORY_ARITHMETIC,geometry-shadow,209,STORY_A,STORY,1,-0.8619073629379272
0,STORY_ARITHMETIC,geometry-shadow,210,ARITHMETIC,ARITHMETIC,0,1.3171947002410889
0,STORY_ARITHMETIC,geometry-shadow,211,ARITHMETIC,ARITHMETIC,0,1.3157939910888672
0,STORY_ARITHMETIC,geometry-shadow,212,STORY_A,STORY,1,-0.1089018583297729
0,STORY_ARITHMETIC,geometry-shadow,213,STORY_A,STORY,1,-0.2054085731506347
0,STORY_ARITHMETIC,geometry-shadow,214,STORY_A,STORY,1,-0.1781733036041259
0,STORY_ARITHMETIC,geometry-shadow,215,STORY_A,STORY,0,0.3914526700973511
0,STORY_ARITHMETIC,geometry-shadow,216,ARITHMETIC,ARITHMETIC,0,1.3116830587387085
0,STORY_ARITHMETIC,geometry-shadow,217,ARITHMETIC,ARITHMETIC,0,1.31221342086792
0,STORY_ARITHMETIC,geometry-shadow,218,STORY_A,STORY,1,-0.7595871686935425
0,STORY_ARITHMETIC,geometry-shadow,219,STORY_A,STORY,1,-0.8021190166473389
0,STORY_ARITHMETIC,geometry-shadow,220,ARITHMETIC,ARITHMETIC,0,1.3077484369277954
0,STORY_ARITHMETIC,geometry-shadow,221,ARITHMETIC,ARITHMETIC,0,1.3133996725082395
0,STORY_ARITHMETIC,geometry-shadow,222,STORY_A,STORY,0,0.7173610329627991
0,STORY_ARITHMETIC,geometry-shadow,223,STORY_A,STORY,1,-0.4560346603393554
0,STORY_ARITHMETIC,geometry-shadow,224,ARITHMETIC,ARITHMETIC,0,1.3099182844161987
0,STORY_ARITHMETIC,geometry-shadow,225,ARITHMETIC,ARITHMETIC,0,1.3147358894348145
0,STORY_ARITHMETIC,geometry-shadow,226,STORY_A,STORY,1,-0.2088569402694702
0,STORY_ARITHMETIC,geometry-shadow,227,STORY_A,STORY,1,-0.8007091283798218
0,STORY_ARITHMETIC,geometry-shadow,228,STORY_A,STORY,1,-2.177162408828736
0,STORY_ARITHMETIC,geometry-shadow,229,STORY_A,STORY,0,0.6034144759178162
0,STORY_ARITHMETIC,geometry-shadow,230,ARITHMETIC,ARITHMETIC,0,1.310135006904602
0,STORY_ARITHMETIC,geometry-shadow,231,STORY_A,STORY,1,-2.2394790649414062
0,STORY_ARITHMETIC,geometry-shadow,232,ARITHMETIC,ARITHMETIC,0,1.3160803318023682
0,STORY_ARITHMETIC,geometry-shadow,233,STORY_A,STORY,0,0.0525482892990112
0,STORY_ARITHMETIC,geometry-shadow,234,ARITHMETIC,ARITHMETIC,0,1.3028618097305298
0,STORY_ARITHMETIC,geometry-shadow,235,STORY_A,STORY,1,-0.5106359720230103
0,STORY_ARITHMETIC,geometry-shadow,236,STORY_A,STORY,1,-1.0475094318389893
0,STORY_ARITHMETIC,geometry-shadow,237,STORY_A,STORY,1,-0.4610580205917358
0,STORY_ARITHMETIC,geometry-shadow,238,ARITHMETIC,ARITHMETIC,0,1.3182293176651
0,STORY_ARITHMETIC,geometry-shadow,239,ARITHMETIC,ARITHMETIC,0,1.3240036964416504
0,STORY_ARITHMETIC,geometry-shadow,240,ARITHMETIC,ARITHMETIC,0,1.3204898834228516
0,STORY_ARITHMETIC,geometry-shadow,241,ARITHMETIC,ARITHMETIC,0,1.3162299394607544
0,STORY_ARITHMETIC,geometry-shadow,242,STORY_A,STORY,1,-1.6802740097045898
0,STORY_ARITHMETIC,geometry-shadow,243,STORY_A,STORY,1,-2.099433422088623
0,STORY_ARITHMETIC,geometry-shadow,244,STORY_A,STORY,1,-0.2094902992248535
0,STORY_ARITHMETIC,geometry-shadow,245,ARITHMETIC,ARITHMETIC,0,1.3131773471832275
0,STORY_ARITHMETIC,geometry-shadow,246,STORY_A,STORY,1,-1.675013780593872
0,STORY_ARITHMETIC,geometry-shadow,247,STORY_A,STORY,0,0.5066215991973877
0,STORY_ARITHMETIC,geometry-shadow,248,STORY_A,STORY,1,-0.18836510181427
0,STORY_ARITHMETIC,geometry-shadow,249,ARITHMETIC,ARITHMETIC,0,1.3137909173965454
0,STORY_ARITHMETIC,geometry-shadow,250,ARITHMETIC,ARITHMETIC,0,1.3170232772827148
0,STORY_ARITHMETIC,geometry-shadow,251,ARITHMETIC,ARITHMETIC,0,1.3126238584518433
0,STORY_ARITHMETIC,geometry-shadow,252,STORY_A,STORY,0,0.2109509706497192
0,STORY_ARITHMETIC,geometry-shadow,253,ARITHMETIC,ARITHMETIC,0,1.3088297843933103
0,STORY_ARITHMETIC,geometry-shadow,254,STORY_A,STORY,1,-0.6957906484603882
0,STORY_ARITHMETIC,geometry-shadow,255,ARITHMETIC,ARITHMETIC,0,1.3158351182937622
0,STORY_ARITHMETIC,geometry-shadow,256,STORY_A,STORY,1,-1.385797381401062
0,WEAK_ARITHMETIC,capacity-shadow,1,STORY_A,STORY,0,
0,WEAK_ARITHMETIC,capacity-shadow,2,STORY_A,STORY,1,
0,WEAK_ARITHMETIC,capacity-shadow,3,STORY_A,STORY,0,
0,WEAK_ARITHMETIC,capacity-shadow,4,STORY_A,STORY,1,
0,WEAK_ARITHMETIC,capacity-shadow,5,STORY_A,STORY,0,
0,WEAK_ARITHMETIC,capacity-shadow,6,STORY_A,STORY,1,
0,WEAK_ARITHMETIC,capacity-shadow,7,STORY_A,STORY,0,
0,WEAK_ARITHMETIC,capacity-shadow,8,ARITHMETIC,ARITHMETIC,0,
0,WEAK_ARITHMETIC,capacity-shadow,9,STORY_A,STORY,1,
0,WEAK_ARITHMETIC,capacity-shadow,10,STORY_A,STORY,0,
0,WEAK_ARITHMETIC,capacity-shadow,11,STORY_A,STORY,1,
0,WEAK_ARITHMETIC,capacity-shadow,12,STORY_A,STORY,0,
0,WEAK_ARITHMETIC,capacity-shadow,13,STORY_A,STORY,1,
0,WEAK_ARITHMETIC,capacity-shadow,14,STORY_A,STORY,0,
0,WEAK_ARITHMETIC,capacity-shadow,15,STORY_A,STORY,1,
0,WEAK_ARITHMETIC,capacity-shadow,16,STORY_A,STORY,0,
0,WEAK_ARITHMETIC,capacity-shadow,17,STORY_A,STORY,1,
0,WEAK_ARITHMETIC,capacity-shadow,18,STORY_A,STORY,0,
0,WEAK_ARITHMETIC,capacity-shadow,19,STORY_A,STORY,1,
0,WEAK_ARITHMETIC,capacity-shadow,20,STORY_A,STORY,0,
0,WEAK_ARITHMETIC,capacity-shadow,21,STORY_A,STORY,1,
0,WEAK_ARITHMETIC,capacity-shadow,22,STORY_A,STORY,0,
0,WEAK_ARITHMETIC,capacity-shadow,23,STORY_A,STORY,1,
0,WEAK_ARITHMETIC,capacity-shadow,24,STORY_A,STORY,0,
0,WEAK_ARITHMETIC,capacity-shadow,25,ARITHMETIC,ARITHMETIC,1,
0,WEAK_ARITHMETIC,capacity-shadow,26,STORY_A,STORY,1,
0,WEAK_ARITHMETIC,capacity-shadow,27,ARITHMETIC,ARITHMETIC,0,
0,WEAK_ARITHMETIC,capacity-shadow,28,STORY_A,STORY,0,
0,WEAK_ARITHMETIC,capacity-shadow,29,STORY_A,STORY,1,
0,WEAK_ARITHMETIC,capacity-shadow,30,STORY_A,STORY,0,
0,WEAK_ARITHMETIC,capacity-shadow,31,STORY_A,STORY,1,
0,WEAK_ARITHMETIC,capacity-shadow,32,STORY_A,STORY,0,
0,WEAK_ARITHMETIC,capacity-shadow,33,STORY_A,STORY,1,
0,WEAK_ARITHMETIC,capacity-shadow,34,STORY_A,STORY,0,
0,WEAK_ARITHMETIC,capacity-shadow,35,STORY_A,STORY,1,
0,WEAK_ARITHMETIC,capacity-shadow,36,STORY_A,STORY,0,
0,WEAK_ARITHMETIC,capacity-shadow,37,ARITHMETIC,ARITHMETIC,1,
0,WEAK_ARITHMETIC,capacity-shadow,38,STORY_A,STORY,1,
0,WEAK_ARITHMETIC,capacity-shadow,39,STORY_A,STORY,0,
0,WEAK_ARITHMETIC,capacity-shadow,40,STORY_A,STORY,1,
0,WEAK_ARITHMETIC,capacity-shadow,41,STORY_A,STORY,0,
0,WEAK_ARITHMETIC,capacity-shadow,42,STORY_A,STORY,1,
0,WEAK_ARITHMETIC,capacity-shadow,43,STORY_A,STORY,0,
0,WEAK_ARITHMETIC,capacity-shadow,44,ARITHMETIC,ARITHMETIC,0,
0,WEAK_ARITHMETIC,capacity-shadow,45,STORY_A,STORY,1,
0,WEAK_ARITHMETIC,capacity-shadow,46,STORY_A,STORY,0,
0,WEAK_ARITHMETIC,capacity-shadow,47,STORY_A,STORY,1,
0,WEAK_ARITHMETIC,capacity-shadow,48,STORY_A,STORY,0,
0,WEAK_ARITHMETIC,capacity-shadow,49,STORY_A,STORY,1,
0,WEAK_ARITHMETIC,capacity-shadow,50,STORY_A,STORY,0,
0,WEAK_ARITHMETIC,capacity-shadow,51,STORY_A,STORY,1,
0,WEAK_ARITHMETIC,capacity-shadow,52,ARITHMETIC,ARITHMETIC,1,
0,WEAK_ARITHMETIC,capacity-shadow,53,STORY_A,STORY,0,
0,WEAK_ARITHMETIC,capacity-shadow,54,STORY_A,STORY,1,
0,WEAK_ARITHMETIC,capacity-shadow,55,STORY_A,STORY,0,
0,WEAK_ARITHMETIC,capacity-shadow,56,STORY_A,STORY,1,
0,WEAK_ARITHMETIC,capacity-shadow,57,STORY_A,STORY,0,
0,WEAK_ARITHMETIC,capacity-shadow,58,STORY_A,STORY,1,
0,WEAK_ARITHMETIC,capacity-shadow,59,STORY_A,STORY,0,
0,WEAK_ARITHMETIC,capacity-shadow,60,ARITHMETIC,ARITHMETIC,0,
0,WEAK_ARITHMETIC,capacity-shadow,61,STORY_A,STORY,1,
0,WEAK_ARITHMETIC,capacity-shadow,62,ARITHMETIC,ARITHMETIC,1,
0,WEAK_ARITHMETIC,capacity-shadow,63,STORY_A,STORY,0,
0,WEAK_ARITHMETIC,capacity-shadow,64,STORY_A,STORY,1,
0,WEAK_ARITHMETIC,capacity-shadow,65,STORY_A,STORY,0,
0,WEAK_ARITHMETIC,capacity-shadow,66,STORY_A,STORY,1,
0,WEAK_ARITHMETIC,capacity-shadow,67,STORY_A,STORY,0,
0,WEAK_ARITHMETIC,capacity-shadow,68,STORY_A,STORY,1,
0,WEAK_ARITHMETIC,capacity-shadow,69,STORY_A,STORY,0,
0,WEAK_ARITHMETIC,capacity-shadow,70,STORY_A,STORY,1,
0,WEAK_ARITHMETIC,capacity-shadow,71,STORY_A,STORY,0,
0,WEAK_ARITHMETIC,capacity-shadow,72,STORY_A,STORY,1,
0,WEAK_ARITHMETIC,capacity-shadow,73,STORY_A,STORY,0,
0,WEAK_ARITHMETIC,capacity-shadow,74,ARITHMETIC,ARITHMETIC,0,
0,WEAK_ARITHMETIC,capacity-shadow,75,STORY_A,STORY,1,
0,WEAK_ARITHMETIC,capacity-shadow,76,STORY_A,STORY,0,
0,WEAK_ARITHMETIC,capacity-shadow,77,STORY_A,STORY,1,
0,WEAK_ARITHMETIC,capacity-shadow,78,STORY_A,STORY,0,
0,WEAK_ARITHMETIC,capacity-shadow,79,STORY_A,STORY,1,
0,WEAK_ARITHMETIC,capacity-shadow,80,STORY_A,STORY,0,
0,WEAK_ARITHMETIC,capacity-shadow,81,STORY_A,STORY,1,
0,WEAK_ARITHMETIC,capacity-shadow,82,STORY_A,STORY,0,
0,WEAK_ARITHMETIC,capacity-shadow,83,STORY_A,STORY,1,
0,WEAK_ARITHMETIC,capacity-shadow,84,STORY_A,STORY,0,
0,WEAK_ARITHMETIC,capacity-shadow,85,STORY_A,STORY,1,
0,WEAK_ARITHMETIC,capacity-shadow,86,STORY_A,STORY,0,
0,WEAK_ARITHMETIC,capacity-shadow,87,STORY_A,STORY,1,
0,WEAK_ARITHMETIC,capacity-shadow,88,STORY_A,STORY,0,
0,WEAK_ARITHMETIC,capacity-shadow,89,STORY_A,STORY,1,
0,WEAK_ARITHMETIC,capacity-shadow,90,STORY_A,STORY,0,
0,WEAK_ARITHMETIC,capacity-shadow,91,STORY_A,STORY,1,
0,WEAK_ARITHMETIC,capacity-shadow,92,STORY_A,STORY,0,
0,WEAK_ARITHMETIC,capacity-shadow,93,ARITHMETIC,ARITHMETIC,1,
0,WEAK_ARITHMETIC,capacity-shadow,94,STORY_A,STORY,1,
0,WEAK_ARITHMETIC,capacity-shadow,95,STORY_A,STORY,0,
0,WEAK_ARITHMETIC,capacity-shadow,96,STORY_A,STORY,1,
0,WEAK_ARITHMETIC,capacity-shadow,97,STORY_A,STORY,0,
0,WEAK_ARITHMETIC,capacity-shadow,98,STORY_A,STORY,1,
0,WEAK_ARITHMETIC,capacity-shadow,99,STORY_A,STORY,0,
0,WEAK_ARITHMETIC,capacity-shadow,100,STORY_A,STORY,1,
0,WEAK_ARITHMETIC,capacity-shadow,101,STORY_A,STORY,0,
0,WEAK_ARITHMETIC,capacity-shadow,102,STORY_A,STORY,1,
0,WEAK_ARITHMETIC,capacity-shadow,103,STORY_A,STORY,0,
0,WEAK_ARITHMETIC,capacity-shadow,104,STORY_A,STORY,1,
0,WEAK_ARITHMETIC,capacity-shadow,105,STORY_A,STORY,0,
0,WEAK_ARITHMETIC,capacity-shadow,106,STORY_A,STORY,1,
0,WEAK_ARITHMETIC,capacity-shadow,107,STORY_A,STORY,0,
0,WEAK_ARITHMETIC,capacity-shadow,108,STORY_A,STORY,1,
0,WEAK_ARITHMETIC,capacity-shadow,109,STORY_A,STORY,0,
0,WEAK_ARITHMETIC,capacity-shadow,110,STORY_A,STORY,1,
0,WEAK_ARITHMETIC,capacity-shadow,111,STORY_A,STORY,0,
0,WEAK_ARITHMETIC,capacity-shadow,112,STORY_A,STORY,1,
0,WEAK_ARITHMETIC,capacity-shadow,113,STORY_A,STORY,0,
0,WEAK_ARITHMETIC,capacity-shadow,114,STORY_A,STORY,1,
0,WEAK_ARITHMETIC,capacity-shadow,115,STORY_A,STORY,0,
0,WEAK_ARITHMETIC,capacity-shadow,116,STORY_A,STORY,1,
0,WEAK_ARITHMETIC,capacity-shadow,117,STORY_A,STORY,0,
0,WEAK_ARITHMETIC,capacity-shadow,118,STORY_A,STORY,1,
0,WEAK_ARITHMETIC,capacity-shadow,119,STORY_A,STORY,0,
0,WEAK_ARITHMETIC,capacity-shadow,120,STORY_A,STORY,1,
0,WEAK_ARITHMETIC,capacity-shadow,121,STORY_A,STORY,0,
0,WEAK_ARITHMETIC,capacity-shadow,122,STORY_A,STORY,1,
0,WEAK_ARITHMETIC,capacity-shadow,123,ARITHMETIC,ARITHMETIC,0,
0,WEAK_ARITHMETIC,capacity-shadow,124,STORY_A,STORY,0,
0,WEAK_ARITHMETIC,capacity-shadow,125,STORY_A,STORY,1,
0,WEAK_ARITHMETIC,capacity-shadow,126,STORY_A,STORY,0,
0,WEAK_ARITHMETIC,capacity-shadow,127,ARITHMETIC,ARITHMETIC,1,
0,WEAK_ARITHMETIC,capacity-shadow,128,STORY_A,STORY,1,
0,WEAK_ARITHMETIC,capacity-shadow,129,STORY_A,STORY,0,
0,WEAK_ARITHMETIC,capacity-shadow,130,STORY_A,STORY,1,
0,WEAK_ARITHMETIC,capacity-shadow,131,STORY_A,STORY,0,
0,WEAK_ARITHMETIC,capacity-shadow,132,STORY_A,STORY,1,
0,WEAK_ARITHMETIC,capacity-shadow,133,STORY_A,STORY,0,
0,WEAK_ARITHMETIC,capacity-shadow,134,STORY_A,STORY,1,
0,WEAK_ARITHMETIC,capacity-shadow,135,ARITHMETIC,ARITHMETIC,0,
0,WEAK_ARITHMETIC,capacity-shadow,136,STORY_A,STORY,0,
0,WEAK_ARITHMETIC,capacity-shadow,137,STORY_A,STORY,1,
0,WEAK_ARITHMETIC,capacity-shadow,138,STORY_A,STORY,0,
0,WEAK_ARITHMETIC,capacity-shadow,139,ARITHMETIC,ARITHMETIC,1,
0,WEAK_ARITHMETIC,capacity-shadow,140,ARITHMETIC,ARITHMETIC,0,
0,WEAK_ARITHMETIC,capacity-shadow,141,STORY_A,STORY,1,
0,WEAK_ARITHMETIC,capacity-shadow,142,STORY_A,STORY,0,
0,WEAK_ARITHMETIC,capacity-shadow,143,STORY_A,STORY,1,
0,WEAK_ARITHMETIC,capacity-shadow,144,STORY_A,STORY,0,
0,WEAK_ARITHMETIC,capacity-shadow,145,STORY_A,STORY,1,
0,WEAK_ARITHMETIC,capacity-shadow,146,STORY_A,STORY,0,
0,WEAK_ARITHMETIC,capacity-shadow,147,ARITHMETIC,ARITHMETIC,1,
0,WEAK_ARITHMETIC,capacity-shadow,148,STORY_A,STORY,1,
0,WEAK_ARITHMETIC,capacity-shadow,149,STORY_A,STORY,0,
0,WEAK_ARITHMETIC,capacity-shadow,150,STORY_A,STORY,1,
0,WEAK_ARITHMETIC,capacity-shadow,151,STORY_A,STORY,0,
0,WEAK_ARITHMETIC,capacity-shadow,152,STORY_A,STORY,1,
0,WEAK_ARITHMETIC,capacity-shadow,153,STORY_A,STORY,0,
0,WEAK_ARITHMETIC,capacity-shadow,154,STORY_A,STORY,1,
0,WEAK_ARITHMETIC,capacity-shadow,155,STORY_A,STORY,0,
0,WEAK_ARITHMETIC,capacity-shadow,156,STORY_A,STORY,1,
0,WEAK_ARITHMETIC,capacity-shadow,157,STORY_A,STORY,0,
0,WEAK_ARITHMETIC,capacity-shadow,158,STORY_A,STORY,1,
0,WEAK_ARITHMETIC,capacity-shadow,159,STORY_A,STORY,0,
0,WEAK_ARITHMETIC,capacity-shadow,160,STORY_A,STORY,1,
0,WEAK_ARITHMETIC,capacity-shadow,161,STORY_A,STORY,0,
0,WEAK_ARITHMETIC,capacity-shadow,162,STORY_A,STORY,1,
0,WEAK_ARITHMETIC,capacity-shadow,163,STORY_A,STORY,0,
0,WEAK_ARITHMETIC,capacity-shadow,164,ARITHMETIC,ARITHMETIC,0,
0,WEAK_ARITHMETIC,capacity-shadow,165,STORY_A,STORY,1,
0,WEAK_ARITHMETIC,capacity-shadow,166,STORY_A,STORY,0,
0,WEAK_ARITHMETIC,capacity-shadow,167,STORY_A,STORY,1,
0,WEAK_ARITHMETIC,capacity-shadow,168,STORY_A,STORY,0,
0,WEAK_ARITHMETIC,capacity-shadow,169,STORY_A,STORY,1,
0,WEAK_ARITHMETIC,capacity-shadow,170,STORY_A,STORY,0,
0,WEAK_ARITHMETIC,capacity-shadow,171,STORY_A,STORY,1,
0,WEAK_ARITHMETIC,capacity-shadow,172,STORY_A,STORY,0,
0,WEAK_ARITHMETIC,capacity-shadow,173,STORY_A,STORY,1,
0,WEAK_ARITHMETIC,capacity-shadow,174,STORY_A,STORY,0,
0,WEAK_ARITHMETIC,capacity-shadow,175,STORY_A,STORY,1,
0,WEAK_ARITHMETIC,capacity-shadow,176,STORY_A,STORY,0,
0,WEAK_ARITHMETIC,capacity-shadow,177,STORY_A,STORY,1,
0,WEAK_ARITHMETIC,capacity-shadow,178,ARITHMETIC,ARITHMETIC,1,
0,WEAK_ARITHMETIC,capacity-shadow,179,STORY_A,STORY,0,
0,WEAK_ARITHMETIC,capacity-shadow,180,STORY_A,STORY,1,
0,WEAK_ARITHMETIC,capacity-shadow,181,STORY_A,STORY,0,
0,WEAK_ARITHMETIC,capacity-shadow,182,STORY_A,STORY,1,
0,WEAK_ARITHMETIC,capacity-shadow,183,ARITHMETIC,ARITHMETIC,0,
0,WEAK_ARITHMETIC,capacity-shadow,184,STORY_A,STORY,0,
0,WEAK_ARITHMETIC,capacity-shadow,185,STORY_A,STORY,1,
0,WEAK_ARITHMETIC,capacity-shadow,186,STORY_A,STORY,0,
0,WEAK_ARITHMETIC,capacity-shadow,187,STORY_A,STORY,1,
0,WEAK_ARITHMETIC,capacity-shadow,188,STORY_A,STORY,0,
0,WEAK_ARITHMETIC,capacity-shadow,189,STORY_A,STORY,1,
0,WEAK_ARITHMETIC,capacity-shadow,190,STORY_A,STORY,0,
0,WEAK_ARITHMETIC,capacity-shadow,191,STORY_A,STORY,1,
0,WEAK_ARITHMETIC,capacity-shadow,192,STORY_A,STORY,0,
0,WEAK_ARITHMETIC,capacity-shadow,193,STORY_A,STORY,1,
0,WEAK_ARITHMETIC,capacity-shadow,194,STORY_A,STORY,0,
0,WEAK_ARITHMETIC,capacity-shadow,195,STORY_A,STORY,1,
0,WEAK_ARITHMETIC,capacity-shadow,196,STORY_A,STORY,0,
0,WEAK_ARITHMETIC,capacity-shadow,197,STORY_A,STORY,1,
0,WEAK_ARITHMETIC,capacity-shadow,198,STORY_A,STORY,0,
0,WEAK_ARITHMETIC,capacity-shadow,199,ARITHMETIC,ARITHMETIC,1,
0,WEAK_ARITHMETIC,capacity-shadow,200,STORY_A,STORY,1,
0,WEAK_ARITHMETIC,capacity-shadow,201,STORY_A,STORY,0,
0,WEAK_ARITHMETIC,capacity-shadow,202,STORY_A,STORY,1,
0,WEAK_ARITHMETIC,capacity-shadow,203,ARITHMETIC,ARITHMETIC,0,
0,WEAK_ARITHMETIC,capacity-shadow,204,STORY_A,STORY,0,
0,WEAK_ARITHMETIC,capacity-shadow,205,STORY_A,STORY,1,
0,WEAK_ARITHMETIC,capacity-shadow,206,STORY_A,STORY,0,
0,WEAK_ARITHMETIC,capacity-shadow,207,STORY_A,STORY,1,
0,WEAK_ARITHMETIC,capacity-shadow,208,STORY_A,STORY,0,
0,WEAK_ARITHMETIC,capacity-shadow,209,STORY_A,STORY,1,
0,WEAK_ARITHMETIC,capacity-shadow,210,STORY_A,STORY,0,
0,WEAK_ARITHMETIC,capacity-shadow,211,STORY_A,STORY,1,
0,WEAK_ARITHMETIC,capacity-shadow,212,STORY_A,STORY,0,
0,WEAK_ARITHMETIC,capacity-shadow,213,STORY_A,STORY,1,
0,WEAK_ARITHMETIC,capacity-shadow,214,STORY_A,STORY,0,
0,WEAK_ARITHMETIC,capacity-shadow,215,STORY_A,STORY,1,
0,WEAK_ARITHMETIC,capacity-shadow,216,STORY_A,STORY,0,
0,WEAK_ARITHMETIC,capacity-shadow,217,STORY_A,STORY,1,
0,WEAK_ARITHMETIC,capacity-shadow,218,STORY_A,STORY,0,
0,WEAK_ARITHMETIC,capacity-shadow,219,STORY_A,STORY,1,
0,WEAK_ARITHMETIC,capacity-shadow,220,STORY_A,STORY,0,
0,WEAK_ARITHMETIC,capacity-shadow,221,STORY_A,STORY,1,
0,WEAK_ARITHMETIC,capacity-shadow,222,STORY_A,STORY,0,
0,WEAK_ARITHMETIC,capacity-shadow,223,STORY_A,STORY,1,
0,WEAK_ARITHMETIC,capacity-shadow,224,STORY_A,STORY,0,
0,WEAK_ARITHMETIC,capacity-shadow,225,STORY_A,STORY,1,
0,WEAK_ARITHMETIC,capacity-shadow,226,STORY_A,STORY,0,
0,WEAK_ARITHMETIC,capacity-shadow,227,STORY_A,STORY,1,
0,WEAK_ARITHMETIC,capacity-shadow,228,ARITHMETIC,ARITHMETIC,1,
0,WEAK_ARITHMETIC,capacity-shadow,229,STORY_A,STORY,0,
0,WEAK_ARITHMETIC,capacity-shadow,230,STORY_A,STORY,1,
0,WEAK_ARITHMETIC,capacity-shadow,231,STORY_A,STORY,0,
0,WEAK_ARITHMETIC,capacity-shadow,232,STORY_A,STORY,1,
0,WEAK_ARITHMETIC,capacity-shadow,233,STORY_A,STORY,0,
0,WEAK_ARITHMETIC,capacity-shadow,234,STORY_A,STORY,1,
0,WEAK_ARITHMETIC,capacity-shadow,235,STORY_A,STORY,0,
0,WEAK_ARITHMETIC,capacity-shadow,236,STORY_A,STORY,1,
0,WEAK_ARITHMETIC,capacity-shadow,237,STORY_A,STORY,0,
0,WEAK_ARITHMETIC,capacity-shadow,238,ARITHMETIC,ARITHMETIC,0,
0,WEAK_ARITHMETIC,capacity-shadow,239,STORY_A,STORY,1,
0,WEAK_ARITHMETIC,capacity-shadow,240,STORY_A,STORY,0,
0,WEAK_ARITHMETIC,capacity-shadow,241,ARITHMETIC,ARITHMETIC,1,
0,WEAK_ARITHMETIC,capacity-shadow,242,STORY_A,STORY,1,
0,WEAK_ARITHMETIC,capacity-shadow,243,ARITHMETIC,ARITHMETIC,0,
0,WEAK_ARITHMETIC,capacity-shadow,244,STORY_A,STORY,0,
0,WEAK_ARITHMETIC,capacity-shadow,245,STORY_A,STORY,1,
0,WEAK_ARITHMETIC,capacity-shadow,246,ARITHMETIC,ARITHMETIC,1,
0,WEAK_ARITHMETIC,capacity-shadow,247,STORY_A,STORY,0,
0,WEAK_ARITHMETIC,capacity-shadow,248,STORY_A,STORY,1,
0,WEAK_ARITHMETIC,capacity-shadow,249,STORY_A,STORY,0,
0,WEAK_ARITHMETIC,capacity-shadow,250,STORY_A,STORY,1,
0,WEAK_ARITHMETIC,capacity-shadow,251,STORY_A,STORY,0,
0,WEAK_ARITHMETIC,capacity-shadow,252,STORY_A,STORY,1,
0,WEAK_ARITHMETIC,capacity-shadow,253,STORY_A,STORY,0,
0,WEAK_ARITHMETIC,capacity-shadow,254,STORY_A,STORY,1,
0,WEAK_ARITHMETIC,capacity-shadow,255,STORY_A,STORY,0,
0,WEAK_ARITHMETIC,capacity-shadow,256,STORY_A,STORY,1,
0,WEAK_ARITHMETIC,geometry-shadow,1,STORY_A,STORY,1,-1.3558051586151123
0,WEAK_ARITHMETIC,geometry-shadow,2,STORY_A,STORY,1,-0.2601518630981445
0,WEAK_ARITHMETIC,geometry-shadow,3,STORY_A,STORY,0,1.005112886428833
0,WEAK_ARITHMETIC,geometry-shadow,4,STORY_A,STORY,1,-1.6064085960388184
0,WEAK_ARITHMETIC,geometry-shadow,5,STORY_A,STORY,0,0.4923486709594726
0,WEAK_ARITHMETIC,geometry-shadow,6,STORY_A,STORY,0,0.968652367591858
0,WEAK_ARITHMETIC,geometry-shadow,7,STORY_A,STORY,1,-0.8032918572425842
0,WEAK_ARITHMETIC,geometry-shadow,8,ARITHMETIC,ARITHMETIC,0,1.3854472637176514
0,WEAK_ARITHMETIC,geometry-shadow,9,STORY_A,STORY,1,-0.4470573663711548
0,WEAK_ARITHMETIC,geometry-shadow,10,STORY_A,STORY,0,0.3940172791481018
0,WEAK_ARITHMETIC,geometry-shadow,11,STORY_A,STORY,1,-1.1147898435592651
0,WEAK_ARITHMETIC,geometry-shadow,12,STORY_A,STORY,0,1.1954400539398191
0,WEAK_ARITHMETIC,geometry-shadow,13,STORY_A,STORY,1,-0.9221534729003906
0,WEAK_ARITHMETIC,geometry-shadow,14,STORY_A,STORY,1,-1.21541428565979
0,WEAK_ARITHMETIC,geometry-shadow,15,STORY_A,STORY,0,0.0421679019927978
0,WEAK_ARITHMETIC,geometry-shadow,16,STORY_A,STORY,0,0.2226682901382446
0,WEAK_ARITHMETIC,geometry-shadow,17,STORY_A,STORY,1,-0.3467655181884765
0,WEAK_ARITHMETIC,geometry-shadow,18,STORY_A,STORY,1,-1.0195116996765137
0,WEAK_ARITHMETIC,geometry-shadow,19,STORY_A,STORY,0,0.6662496328353882
0,WEAK_ARITHMETIC,geometry-shadow,20,STORY_A,STORY,1,-0.7877118587493896
0,WEAK_ARITHMETIC,geometry-shadow,21,STORY_A,STORY,0,0.2831101417541504
0,WEAK_ARITHMETIC,geometry-shadow,22,STORY_A,STORY,1,-0.3934435844421386
0,WEAK_ARITHMETIC,geometry-shadow,23,STORY_A,STORY,0,1.2205662727355957
0,WEAK_ARITHMETIC,geometry-shadow,24,STORY_A,STORY,1,-1.3848878145217896
0,WEAK_ARITHMETIC,geometry-shadow,25,ARITHMETIC,ARITHMETIC,0,1.3810293674468994
0,WEAK_ARITHMETIC,geometry-shadow,26,STORY_A,STORY,1,-0.2432440519332885
0,WEAK_ARITHMETIC,geometry-shadow,27,ARITHMETIC,ARITHMETIC,0,1.425262451171875
0,WEAK_ARITHMETIC,geometry-shadow,28,STORY_A,STORY,0,0.1277062892913818
0,WEAK_ARITHMETIC,geometry-shadow,29,STORY_A,STORY,1,-0.0320378541946411
0,WEAK_ARITHMETIC,geometry-shadow,30,STORY_A,STORY,1,-0.4370969533920288
0,WEAK_ARITHMETIC,geometry-shadow,31,STORY_A,STORY,1,-0.8120794892311096
0,WEAK_ARITHMETIC,geometry-shadow,32,STORY_A,STORY,0,1.403485655784607
0,WEAK_ARITHMETIC,geometry-shadow,33,STORY_A,STORY,1,-0.7766512632369995
0,WEAK_ARITHMETIC,geometry-shadow,34,STORY_A,STORY,1,-0.6734877824783325
0,WEAK_ARITHMETIC,geometry-shadow,35,STORY_A,STORY,1,-0.7634353637695312
0,WEAK_ARITHMETIC,geometry-shadow,36,STORY_A,STORY,0,1.0643954277038574
0,WEAK_ARITHMETIC,geometry-shadow,37,ARITHMETIC,ARITHMETIC,0,1.397580862045288
0,WEAK_ARITHMETIC,geometry-shadow,38,STORY_A,STORY,0,1.2959716320037842
0,WEAK_ARITHMETIC,geometry-shadow,39,STORY_A,STORY,1,-0.8323346376419067
0,WEAK_ARITHMETIC,geometry-shadow,40,STORY_A,STORY,0,0.8339142799377441
0,WEAK_ARITHMETIC,geometry-shadow,41,STORY_A,STORY,0,0.0677883625030517
0,WEAK_ARITHMETIC,geometry-shadow,42,STORY_A,STORY,1,-0.6207770705223083
0,WEAK_ARITHMETIC,geometry-shadow,43,STORY_A,STORY,0,0.9117038249969482
0,WEAK_ARITHMETIC,geometry-shadow,44,ARITHMETIC,ARITHMETIC,0,1.3628923892974854
0,WEAK_ARITHMETIC,geometry-shadow,45,STORY_A,STORY,1,-0.0080690383911132
0,WEAK_ARITHMETIC,geometry-shadow,46,STORY_A,STORY,0,1.4316723346710205
0,WEAK_ARITHMETIC,geometry-shadow,47,STORY_A,STORY,0,1.2421884536743164
0,WEAK_ARITHMETIC,geometry-shadow,48,STORY_A,STORY,0,0.0439726114273071
0,WEAK_ARITHMETIC,geometry-shadow,49,STORY_A,STORY,0,0.6901501417160034
0,WEAK_ARITHMETIC,geometry-shadow,50,STORY_A,STORY,0,0.2061911821365356
0,WEAK_ARITHMETIC,geometry-shadow,51,STORY_A,STORY,1,-0.8200401067733765
0,WEAK_ARITHMETIC,geometry-shadow,52,ARITHMETIC,ARITHMETIC,0,1.3658692836761477
0,WEAK_ARITHMETIC,geometry-shadow,53,STORY_A,STORY,0,0.2313852310180664
0,WEAK_ARITHMETIC,geometry-shadow,54,STORY_A,STORY,0,0.3087198734283447
0,WEAK_ARITHMETIC,geometry-shadow,55,STORY_A,STORY,0,0.144519567489624
0,WEAK_ARITHMETIC,geometry-shadow,56,STORY_A,STORY,1,-1.092859983444214
0,WEAK_ARITHMETIC,geometry-shadow,57,STORY_A,STORY,0,1.123067855834961
0,WEAK_ARITHMETIC,geometry-shadow,58,STORY_A,STORY,1,-0.7477502822875977
0,WEAK_ARITHMETIC,geometry-shadow,59,STORY_A,STORY,1,-1.3812315464019775
0,WEAK_ARITHMETIC,geometry-shadow,60,ARITHMETIC,ARITHMETIC,0,1.4033385515213013
0,WEAK_ARITHMETIC,geometry-shadow,61,STORY_A,STORY,1,-0.3660694360733032
0,WEAK_ARITHMETIC,geometry-shadow,62,ARITHMETIC,ARITHMETIC,0,1.3798305988311768
0,WEAK_ARITHMETIC,geometry-shadow,63,STORY_A,STORY,1,-1.1112208366394043
0,WEAK_ARITHMETIC,geometry-shadow,64,STORY_A,STORY,1,-0.1562107801437378
0,WEAK_ARITHMETIC,geometry-shadow,65,STORY_A,STORY,1,-0.1833096742630005
0,WEAK_ARITHMETIC,geometry-shadow,66,STORY_A,STORY,1,-0.2965419292449951
0,WEAK_ARITHMETIC,geometry-shadow,67,STORY_A,STORY,1,-0.57969731092453
0,WEAK_ARITHMETIC,geometry-shadow,68,STORY_A,STORY,0,0.8409165740013123
0,WEAK_ARITHMETIC,geometry-shadow,69,STORY_A,STORY,0,0.3075785636901855
0,WEAK_ARITHMETIC,geometry-shadow,70,STORY_A,STORY,1,-1.4227558374404907
0,WEAK_ARITHMETIC,geometry-shadow,71,STORY_A,STORY,1,-1.1148240566253662
0,WEAK_ARITHMETIC,geometry-shadow,72,STORY_A,STORY,0,0.1704919338226318
0,WEAK_ARITHMETIC,geometry-shadow,73,STORY_A,STORY,1,-1.2223880290985107
0,WEAK_ARITHMETIC,geometry-shadow,74,ARITHMETIC,ARITHMETIC,0,1.3858036994934082
0,WEAK_ARITHMETIC,geometry-shadow,75,STORY_A,STORY,0,0.0302674770355224
0,WEAK_ARITHMETIC,geometry-shadow,76,STORY_A,STORY,0,1.3700330257415771
0,WEAK_ARITHMETIC,geometry-shadow,77,STORY_A,STORY,1,-1.0326672792434692
0,WEAK_ARITHMETIC,geometry-shadow,78,STORY_A,STORY,0,0.5025233030319214
0,WEAK_ARITHMETIC,geometry-shadow,79,STORY_A,STORY,1,-1.5119497776031494
0,WEAK_ARITHMETIC,geometry-shadow,80,STORY_A,STORY,0,0.9832673668861388
0,WEAK_ARITHMETIC,geometry-shadow,81,STORY_A,STORY,0,1.304953694343567
0,WEAK_ARITHMETIC,geometry-shadow,82,STORY_A,STORY,1,-1.3855113983154297
0,WEAK_ARITHMETIC,geometry-shadow,83,STORY_A,STORY,0,0.905672252178192
0,WEAK_ARITHMETIC,geometry-shadow,84,STORY_A,STORY,0,0.4467255473136902
0,WEAK_ARITHMETIC,geometry-shadow,85,STORY_A,STORY,0,0.0576593875885009
0,WEAK_ARITHMETIC,geometry-shadow,86,STORY_A,STORY,0,1.0682802200317385
0,WEAK_ARITHMETIC,geometry-shadow,87,STORY_A,STORY,1,-1.123335599899292
0,WEAK_ARITHMETIC,geometry-shadow,88,STORY_A,STORY,1,-0.416796326637268
0,WEAK_ARITHMETIC,geometry-shadow,89,STORY_A,STORY,0,0.3308416604995727
0,WEAK_ARITHMETIC,geometry-shadow,90,STORY_A,STORY,1,-0.8830671310424805
0,WEAK_ARITHMETIC,geometry-shadow,91,STORY_A,STORY,1,-0.3448992967605591
0,WEAK_ARITHMETIC,geometry-shadow,92,STORY_A,STORY,1,-0.3195445537567138
0,WEAK_ARITHMETIC,geometry-shadow,93,ARITHMETIC,ARITHMETIC,0,1.4239723682403564
0,WEAK_ARITHMETIC,geometry-shadow,94,STORY_A,STORY,1,-0.9204773902893066
0,WEAK_ARITHMETIC,geometry-shadow,95,STORY_A,STORY,0,0.0314638614654541
0,WEAK_ARITHMETIC,geometry-shadow,96,STORY_A,STORY,1,-1.303713321685791
0,WEAK_ARITHMETIC,geometry-shadow,97,STORY_A,STORY,0,0.5298361778259277
0,WEAK_ARITHMETIC,geometry-shadow,98,STORY_A,STORY,0,0.6776292324066162
0,WEAK_ARITHMETIC,geometry-shadow,99,STORY_A,STORY,0,1.0575270652770996
0,WEAK_ARITHMETIC,geometry-shadow,100,STORY_A,STORY,0,0.4920527935028076
0,WEAK_ARITHMETIC,geometry-shadow,101,STORY_A,STORY,1,-0.8813306093215942
0,WEAK_ARITHMETIC,geometry-shadow,102,STORY_A,STORY,0,1.183237075805664
0,WEAK_ARITHMETIC,geometry-shadow,103,STORY_A,STORY,1,-0.7611079216003418
0,WEAK_ARITHMETIC,geometry-shadow,104,STORY_A,STORY,0,0.4850335717201233
0,WEAK_ARITHMETIC,geometry-shadow,105,STORY_A,STORY,1,-0.978975236415863
0,WEAK_ARITHMETIC,geometry-shadow,106,STORY_A,STORY,0,0.9378460049629213
0,WEAK_ARITHMETIC,geometry-shadow,107,STORY_A,STORY,1,-0.8923504948616028
0,WEAK_ARITHMETIC,geometry-shadow,108,STORY_A,STORY,0,0.4419592618942261
0,WEAK_ARITHMETIC,geometry-shadow,109,STORY_A,STORY,1,-0.0626205205917358
0,WEAK_ARITHMETIC,geometry-shadow,110,STORY_A,STORY,0,0.1953028440475464
0,WEAK_ARITHMETIC,geometry-shadow,111,STORY_A,STORY,0,0.9234718084335328
0,WEAK_ARITHMETIC,geometry-shadow,112,STORY_A,STORY,0,0.2386057376861572
0,WEAK_ARITHMETIC,geometry-shadow,113,STORY_A,STORY,0,0.4633252620697021
0,WEAK_ARITHMETIC,geometry-shadow,114,STORY_A,STORY,1,-1.3608262538909912
0,WEAK_ARITHMETIC,geometry-shadow,115,STORY_A,STORY,0,0.3032866716384887
0,WEAK_ARITHMETIC,geometry-shadow,116,STORY_A,STORY,0,0.5287336111068726
0,WEAK_ARITHMETIC,geometry-shadow,117,STORY_A,STORY,0,1.0876039266586304
0,WEAK_ARITHMETIC,geometry-shadow,118,STORY_A,STORY,0,1.239212989807129
0,WEAK_ARITHMETIC,geometry-shadow,119,STORY_A,STORY,1,-0.771679699420929
0,WEAK_ARITHMETIC,geometry-shadow,120,STORY_A,STORY,1,-0.128893494606018
0,WEAK_ARITHMETIC,geometry-shadow,121,STORY_A,STORY,0,0.6550748944282532
0,WEAK_ARITHMETIC,geometry-shadow,122,STORY_A,STORY,0,0.1680414676666259
0,WEAK_ARITHMETIC,geometry-shadow,123,ARITHMETIC,ARITHMETIC,0,1.3555347919464111
0,WEAK_ARITHMETIC,geometry-shadow,124,STORY_A,STORY,0,0.0823327302932739
0,WEAK_ARITHMETIC,geometry-shadow,125,STORY_A,STORY,1,-0.4201303720474243
0,WEAK_ARITHMETIC,geometry-shadow,126,STORY_A,STORY,1,-0.5414875149726868
0,WEAK_ARITHMETIC,geometry-shadow,127,ARITHMETIC,ARITHMETIC,0,1.408466339111328
0,WEAK_ARITHMETIC,geometry-shadow,128,STORY_A,STORY,0,0.8219311237335205
0,WEAK_ARITHMETIC,geometry-shadow,129,STORY_A,STORY,1,-0.2844996452331543
0,WEAK_ARITHMETIC,geometry-shadow,130,STORY_A,STORY,1,-0.6668399572372437
0,WEAK_ARITHMETIC,geometry-shadow,131,STORY_A,STORY,0,1.191249966621399
0,WEAK_ARITHMETIC,geometry-shadow,132,STORY_A,STORY,0,0.2406342029571533
0,WEAK_ARITHMETIC,geometry-shadow,133,STORY_A,STORY,0,0.8224577903747559
0,WEAK_ARITHMETIC,geometry-shadow,134,STORY_A,STORY,1,-0.6548247933387756
0,WEAK_ARITHMETIC,geometry-shadow,135,ARITHMETIC,ARITHMETIC,0,1.4136542081832886
0,WEAK_ARITHMETIC,geometry-shadow,136,STORY_A,STORY,0,0.3695307374000549
0,WEAK_ARITHMETIC,geometry-shadow,137,STORY_A,STORY,0,1.1310796737670898
0,WEAK_ARITHMETIC,geometry-shadow,138,STORY_A,STORY,0,0.501721978187561
0,WEAK_ARITHMETIC,geometry-shadow,139,ARITHMETIC,ARITHMETIC,0,1.3623756170272827
0,WEAK_ARITHMETIC,geometry-shadow,140,ARITHMETIC,ARITHMETIC,0,1.3813782930374146
0,WEAK_ARITHMETIC,geometry-shadow,141,STORY_A,STORY,1,-0.9126995205879213
0,WEAK_ARITHMETIC,geometry-shadow,142,STORY_A,STORY,1,-0.8213188648223877
0,WEAK_ARITHMETIC,geometry-shadow,143,STORY_A,STORY,0,0.6202194690704346
0,WEAK_ARITHMETIC,geometry-shadow,144,STORY_A,STORY,1,-1.140088438987732
0,WEAK_ARITHMETIC,geometry-shadow,145,STORY_A,STORY,1,-1.0807751417160034
0,WEAK_ARITHMETIC,geometry-shadow,146,STORY_A,STORY,1,-1.0329158306121826
0,WEAK_ARITHMETIC,geometry-shadow,147,ARITHMETIC,ARITHMETIC,0,1.384987711906433
0,WEAK_ARITHMETIC,geometry-shadow,148,STORY_A,STORY,0,1.0551856756210327
0,WEAK_ARITHMETIC,geometry-shadow,149,STORY_A,STORY,1,-0.2829703092575073
0,WEAK_ARITHMETIC,geometry-shadow,150,STORY_A,STORY,1,-0.2625311613082886
0,WEAK_ARITHMETIC,geometry-shadow,151,STORY_A,STORY,0,0.0508782863616943
0,WEAK_ARITHMETIC,geometry-shadow,152,STORY_A,STORY,0,0.6201263666152954
0,WEAK_ARITHMETIC,geometry-shadow,153,STORY_A,STORY,1,-0.0598235130310058
0,WEAK_ARITHMETIC,geometry-shadow,154,STORY_A,STORY,1,-1.321366548538208
0,WEAK_ARITHMETIC,geometry-shadow,155,STORY_A,STORY,0,1.421704649925232
0,WEAK_ARITHMETIC,geometry-shadow,156,STORY_A,STORY,0,1.2196999788284302
0,WEAK_ARITHMETIC,geometry-shadow,157,STORY_A,STORY,1,-1.3641879558563232
0,WEAK_ARITHMETIC,geometry-shadow,158,STORY_A,STORY,1,-0.1823631525039672
0,WEAK_ARITHMETIC,geometry-shadow,159,STORY_A,STORY,0,0.5091053247451782
0,WEAK_ARITHMETIC,geometry-shadow,160,STORY_A,STORY,0,0.8388522863388062
0,WEAK_ARITHMETIC,geometry-shadow,161,STORY_A,STORY,1,-0.5318295955657959
0,WEAK_ARITHMETIC,geometry-shadow,162,STORY_A,STORY,1,-0.9227259755134584
0,WEAK_ARITHMETIC,geometry-shadow,163,STORY_A,STORY,1,-0.839581310749054
0,WEAK_ARITHMETIC,geometry-shadow,164,ARITHMETIC,ARITHMETIC,0,1.3876855373382568
0,WEAK_ARITHMETIC,geometry-shadow,165,STORY_A,STORY,0,0.1778421401977539
0,WEAK_ARITHMETIC,geometry-shadow,166,STORY_A,STORY,1,-0.4525419473648071
0,WEAK_ARITHMETIC,geometry-shadow,167,STORY_A,STORY,1,-1.2792129516601562
0,WEAK_ARITHMETIC,geometry-shadow,168,STORY_A,STORY,1,-0.880543053150177
0,WEAK_ARITHMETIC,geometry-shadow,169,STORY_A,STORY,1,-1.4011458158493042
0,WEAK_ARITHMETIC,geometry-shadow,170,STORY_A,STORY,0,0.5823400020599365
0,WEAK_ARITHMETIC,geometry-shadow,171,STORY_A,STORY,1,-0.9288951754570008
0,WEAK_ARITHMETIC,geometry-shadow,172,STORY_A,STORY,1,-1.0547206401824951
0,WEAK_ARITHMETIC,geometry-shadow,173,STORY_A,STORY,1,-1.311503529548645
0,WEAK_ARITHMETIC,geometry-shadow,174,STORY_A,STORY,1,-1.197052001953125
0,WEAK_ARITHMETIC,geometry-shadow,175,STORY_A,STORY,0,0.8471371531486511
0,WEAK_ARITHMETIC,geometry-shadow,176,STORY_A,STORY,0,0.3327481746673584
0,WEAK_ARITHMETIC,geometry-shadow,177,STORY_A,STORY,0,0.628998339176178
0,WEAK_ARITHMETIC,geometry-shadow,178,ARITHMETIC,ARITHMETIC,0,1.353459358215332
0,WEAK_ARITHMETIC,geometry-shadow,179,STORY_A,STORY,1,-1.20635986328125
0,WEAK_ARITHMETIC,geometry-shadow,180,STORY_A,STORY,0,1.3653223514556885
0,WEAK_ARITHMETIC,geometry-shadow,181,STORY_A,STORY,0,0.5511159896850586
0,WEAK_ARITHMETIC,geometry-shadow,182,STORY_A,STORY,0,0.1090394258499145
0,WEAK_ARITHMETIC,geometry-shadow,183,ARITHMETIC,ARITHMETIC,0,1.3809274435043335
0,WEAK_ARITHMETIC,geometry-shadow,184,STORY_A,STORY,1,-0.6562950015068054
0,WEAK_ARITHMETIC,geometry-shadow,185,STORY_A,STORY,1,-0.8483344316482544
0,WEAK_ARITHMETIC,geometry-shadow,186,STORY_A,STORY,1,-1.1520051956176758
0,WEAK_ARITHMETIC,geometry-shadow,187,STORY_A,STORY,0,0.5622598528862
0,WEAK_ARITHMETIC,geometry-shadow,188,STORY_A,STORY,1,-0.7385025024414062
0,WEAK_ARITHMETIC,geometry-shadow,189,STORY_A,STORY,0,0.7944503426551819
0,WEAK_ARITHMETIC,geometry-shadow,190,STORY_A,STORY,1,-1.2517989873886108
0,WEAK_ARITHMETIC,geometry-shadow,191,STORY_A,STORY,0,0.8984156250953674
0,WEAK_ARITHMETIC,geometry-shadow,192,STORY_A,STORY,1,-1.4574311971664429
0,WEAK_ARITHMETIC,geometry-shadow,193,STORY_A,STORY,1,-0.5882433652877808
0,WEAK_ARITHMETIC,geometry-shadow,194,STORY_A,STORY,0,0.3638156652450561
0,WEAK_ARITHMETIC,geometry-shadow,195,STORY_A,STORY,1,-1.1273295879364014
0,WEAK_ARITHMETIC,geometry-shadow,196,STORY_A,STORY,0,0.0925867557525634
0,WEAK_ARITHMETIC,geometry-shadow,197,STORY_A,STORY,1,-1.1577491760253906
0,WEAK_ARITHMETIC,geometry-shadow,198,STORY_A,STORY,0,1.0740506649017334
0,WEAK_ARITHMETIC,geometry-shadow,199,ARITHMETIC,ARITHMETIC,0,1.3758162260055542
0,WEAK_ARITHMETIC,geometry-shadow,200,STORY_A,STORY,1,-0.0271141529083251
0,WEAK_ARITHMETIC,geometry-shadow,201,STORY_A,STORY,0,0.7977845072746277
0,WEAK_ARITHMETIC,geometry-shadow,202,STORY_A,STORY,0,0.8377671241760254
0,WEAK_ARITHMETIC,geometry-shadow,203,ARITHMETIC,ARITHMETIC,0,1.406238317489624
0,WEAK_ARITHMETIC,geometry-shadow,204,STORY_A,STORY,0,1.2485849857330322
0,WEAK_ARITHMETIC,geometry-shadow,205,STORY_A,STORY,1,-1.4660303592681885
0,WEAK_ARITHMETIC,geometry-shadow,206,STORY_A,STORY,1,-0.1560277938842773
0,WEAK_ARITHMETIC,geometry-shadow,207,STORY_A,STORY,0,0.1850218772888183
0,WEAK_ARITHMETIC,geometry-shadow,208,STORY_A,STORY,1,-0.8696830868721008
0,WEAK_ARITHMETIC,geometry-shadow,209,STORY_A,STORY,1,-0.3501476049423218
0,WEAK_ARITHMETIC,geometry-shadow,210,STORY_A,STORY,0,0.58347487449646
0,WEAK_ARITHMETIC,geometry-shadow,211,STORY_A,STORY,1,-0.5650710463523865
0,WEAK_ARITHMETIC,geometry-shadow,212,STORY_A,STORY,1,-0.7880725264549255
0,WEAK_ARITHMETIC,geometry-shadow,213,STORY_A,STORY,1,-1.1596834659576416
0,WEAK_ARITHMETIC,geometry-shadow,214,STORY_A,STORY,1,-0.8597772121429443
0,WEAK_ARITHMETIC,geometry-shadow,215,STORY_A,STORY,1,-0.8318895101547241
0,WEAK_ARITHMETIC,geometry-shadow,216,STORY_A,STORY,0,0.5057279467582703
0,WEAK_ARITHMETIC,geometry-shadow,217,STORY_A,STORY,1,-1.135456681251526
0,WEAK_ARITHMETIC,geometry-shadow,218,STORY_A,STORY,0,0.3805774450302124
0,WEAK_ARITHMETIC,geometry-shadow,219,STORY_A,STORY,0,0.0954506397247314
0,WEAK_ARITHMETIC,geometry-shadow,220,STORY_A,STORY,1,-0.1043815612792968
0,WEAK_ARITHMETIC,geometry-shadow,221,STORY_A,STORY,1,-1.5556635856628418
0,WEAK_ARITHMETIC,geometry-shadow,222,STORY_A,STORY,1,-1.0781946182250977
0,WEAK_ARITHMETIC,geometry-shadow,223,STORY_A,STORY,0,1.2074116468429563
0,WEAK_ARITHMETIC,geometry-shadow,224,STORY_A,STORY,1,-0.0869722366333007
0,WEAK_ARITHMETIC,geometry-shadow,225,STORY_A,STORY,0,0.1495845317840576
0,WEAK_ARITHMETIC,geometry-shadow,226,STORY_A,STORY,1,-1.3908214569091797
0,WEAK_ARITHMETIC,geometry-shadow,227,STORY_A,STORY,0,1.0209112167358398
0,WEAK_ARITHMETIC,geometry-shadow,228,ARITHMETIC,ARITHMETIC,0,1.3915903568267822
0,WEAK_ARITHMETIC,geometry-shadow,229,STORY_A,STORY,1,-0.8451271653175354
0,WEAK_ARITHMETIC,geometry-shadow,230,STORY_A,STORY,0,1.2051242589950562
0,WEAK_ARITHMETIC,geometry-shadow,231,STORY_A,STORY,1,-0.9883254766464232
0,WEAK_ARITHMETIC,geometry-shadow,232,STORY_A,STORY,1,-1.2103140354156494
0,WEAK_ARITHMETIC,geometry-shadow,233,STORY_A,STORY,0,1.402766227722168
0,WEAK_ARITHMETIC,geometry-shadow,234,STORY_A,STORY,0,1.22127366065979
0,WEAK_ARITHMETIC,geometry-shadow,235,STORY_A,STORY,0,0.5209189653396606
0,WEAK_ARITHMETIC,geometry-shadow,236,STORY_A,STORY,1,-1.4591310024261477
0,WEAK_ARITHMETIC,geometry-shadow,237,STORY_A,STORY,1,-0.8090530633926392
0,WEAK_ARITHMETIC,geometry-shadow,238,ARITHMETIC,ARITHMETIC,0,1.3685083389282229
0,WEAK_ARITHMETIC,geometry-shadow,239,STORY_A,STORY,0,1.3931012153625488
0,WEAK_ARITHMETIC,geometry-shadow,240,STORY_A,STORY,1,-1.4468507766723633
0,WEAK_ARITHMETIC,geometry-shadow,241,ARITHMETIC,ARITHMETIC,0,1.366577386856079
0,WEAK_ARITHMETIC,geometry-shadow,242,STORY_A,STORY,1,-0.7890811562538147
0,WEAK_ARITHMETIC,geometry-shadow,243,ARITHMETIC,ARITHMETIC,0,1.3528831005096436
0,WEAK_ARITHMETIC,geometry-shadow,244,STORY_A,STORY,0,1.1305606365203855
0,WEAK_ARITHMETIC,geometry-shadow,245,STORY_A,STORY,1,-0.8769152760505676
0,WEAK_ARITHMETIC,geometry-shadow,246,ARITHMETIC,ARITHMETIC,0,1.3917917013168335
0,WEAK_ARITHMETIC,geometry-shadow,247,STORY_A,STORY,0,1.2029683589935305
0,WEAK_ARITHMETIC,geometry-shadow,248,STORY_A,STORY,0,1.3163316249847412
0,WEAK_ARITHMETIC,geometry-shadow,249,STORY_A,STORY,1,-1.0557361841201782
0,WEAK_ARITHMETIC,geometry-shadow,250,STORY_A,STORY,0,0.7452312111854553
0,WEAK_ARITHMETIC,geometry-shadow,251,STORY_A,STORY,1,-0.2451976537704467
0,WEAK_ARITHMETIC,geometry-shadow,252,STORY_A,STORY,0,0.2802881002426147
0,WEAK_ARITHMETIC,geometry-shadow,253,STORY_A,STORY,0,1.4226274490356443
0,WEAK_ARITHMETIC,geometry-shadow,254,STORY_A,STORY,0,0.661948025226593
0,WEAK_ARITHMETIC,geometry-shadow,255,STORY_A,STORY,1,-1.2175500392913818
0,WEAK_ARITHMETIC,geometry-shadow,256,STORY_A,STORY,1,-0.0771492719650268
1,STORY_ONLY,capacity-shadow,1,STORY_A,STORY,1,
1,STORY_ONLY,capacity-shadow,2,STORY_A,STORY,0,
1,STORY_ONLY,capacity-shadow,3,STORY_A,STORY,1,
1,STORY_ONLY,capacity-shadow,4,STORY_A,STORY,0,
1,STORY_ONLY,capacity-shadow,5,STORY_A,STORY,1,
1,STORY_ONLY,capacity-shadow,6,STORY_A,STORY,0,
1,STORY_ONLY,capacity-shadow,7,STORY_A,STORY,1,
1,STORY_ONLY,capacity-shadow,8,STORY_A,STORY,0,
1,STORY_ONLY,capacity-shadow,9,STORY_A,STORY,1,
1,STORY_ONLY,capacity-shadow,10,STORY_A,STORY,0,
1,STORY_ONLY,capacity-shadow,11,STORY_A,STORY,1,
1,STORY_ONLY,capacity-shadow,12,STORY_A,STORY,0,
1,STORY_ONLY,capacity-shadow,13,STORY_A,STORY,1,
1,STORY_ONLY,capacity-shadow,14,STORY_A,STORY,0,
1,STORY_ONLY,capacity-shadow,15,STORY_A,STORY,1,
1,STORY_ONLY,capacity-shadow,16,STORY_A,STORY,0,
1,STORY_ONLY,capacity-shadow,17,STORY_A,STORY,1,
1,STORY_ONLY,capacity-shadow,18,STORY_A,STORY,0,
1,STORY_ONLY,capacity-shadow,19,STORY_A,STORY,1,
1,STORY_ONLY,capacity-shadow,20,STORY_A,STORY,0,
1,STORY_ONLY,capacity-shadow,21,STORY_A,STORY,1,
1,STORY_ONLY,capacity-shadow,22,STORY_A,STORY,0,
1,STORY_ONLY,capacity-shadow,23,STORY_A,STORY,1,
1,STORY_ONLY,capacity-shadow,24,STORY_A,STORY,0,
1,STORY_ONLY,capacity-shadow,25,STORY_A,STORY,1,
1,STORY_ONLY,capacity-shadow,26,STORY_A,STORY,0,
1,STORY_ONLY,capacity-shadow,27,STORY_A,STORY,1,
1,STORY_ONLY,capacity-shadow,28,STORY_A,STORY,0,
1,STORY_ONLY,capacity-shadow,29,STORY_A,STORY,1,
1,STORY_ONLY,capacity-shadow,30,STORY_A,STORY,0,
1,STORY_ONLY,capacity-shadow,31,STORY_A,STORY,1,
1,STORY_ONLY,capacity-shadow,32,STORY_A,STORY,0,
1,STORY_ONLY,capacity-shadow,33,STORY_A,STORY,1,
1,STORY_ONLY,capacity-shadow,34,STORY_A,STORY,0,
1,STORY_ONLY,capacity-shadow,35,STORY_A,STORY,1,
1,STORY_ONLY,capacity-shadow,36,STORY_A,STORY,0,
1,STORY_ONLY,capacity-shadow,37,STORY_A,STORY,1,
1,STORY_ONLY,capacity-shadow,38,STORY_A,STORY,0,
1,STORY_ONLY,capacity-shadow,39,STORY_A,STORY,1,
1,STORY_ONLY,capacity-shadow,40,STORY_A,STORY,0,
1,STORY_ONLY,capacity-shadow,41,STORY_A,STORY,1,
1,STORY_ONLY,capacity-shadow,42,STORY_A,STORY,0,
1,STORY_ONLY,capacity-shadow,43,STORY_A,STORY,1,
1,STORY_ONLY,capacity-shadow,44,STORY_A,STORY,0,
1,STORY_ONLY,capacity-shadow,45,STORY_A,STORY,1,
1,STORY_ONLY,capacity-shadow,46,STORY_A,STORY,0,
1,STORY_ONLY,capacity-shadow,47,STORY_A,STORY,1,
1,STORY_ONLY,capacity-shadow,48,STORY_A,STORY,0,
1,STORY_ONLY,capacity-shadow,49,STORY_A,STORY,1,
1,STORY_ONLY,capacity-shadow,50,STORY_A,STORY,0,
1,STORY_ONLY,capacity-shadow,51,STORY_A,STORY,1,
1,STORY_ONLY,capacity-shadow,52,STORY_A,STORY,0,
1,STORY_ONLY,capacity-shadow,53,STORY_A,STORY,1,
1,STORY_ONLY,capacity-shadow,54,STORY_A,STORY,0,
1,STORY_ONLY,capacity-shadow,55,STORY_A,STORY,1,
1,STORY_ONLY,capacity-shadow,56,STORY_A,STORY,0,
1,STORY_ONLY,capacity-shadow,57,STORY_A,STORY,1,
1,STORY_ONLY,capacity-shadow,58,STORY_A,STORY,0,
1,STORY_ONLY,capacity-shadow,59,STORY_A,STORY,1,
1,STORY_ONLY,capacity-shadow,60,STORY_A,STORY,0,
1,STORY_ONLY,capacity-shadow,61,STORY_A,STORY,1,
1,STORY_ONLY,capacity-shadow,62,STORY_A,STORY,0,
1,STORY_ONLY,capacity-shadow,63,STORY_A,STORY,1,
1,STORY_ONLY,capacity-shadow,64,STORY_A,STORY,0,
1,STORY_ONLY,capacity-shadow,65,STORY_A,STORY,1,
1,STORY_ONLY,capacity-shadow,66,STORY_A,STORY,0,
1,STORY_ONLY,capacity-shadow,67,STORY_A,STORY,1,
1,STORY_ONLY,capacity-shadow,68,STORY_A,STORY,0,
1,STORY_ONLY,capacity-shadow,69,STORY_A,STORY,1,
1,STORY_ONLY,capacity-shadow,70,STORY_A,STORY,0,
1,STORY_ONLY,capacity-shadow,71,STORY_A,STORY,1,
1,STORY_ONLY,capacity-shadow,72,STORY_A,STORY,0,
1,STORY_ONLY,capacity-shadow,73,STORY_A,STORY,1,
1,STORY_ONLY,capacity-shadow,74,STORY_A,STORY,0,
1,STORY_ONLY,capacity-shadow,75,STORY_A,STORY,1,
1,STORY_ONLY,capacity-shadow,76,STORY_A,STORY,0,
1,STORY_ONLY,capacity-shadow,77,STORY_A,STORY,1,
1,STORY_ONLY,capacity-shadow,78,STORY_A,STORY,0,
1,STORY_ONLY,capacity-shadow,79,STORY_A,STORY,1,
1,STORY_ONLY,capacity-shadow,80,STORY_A,STORY,0,
1,STORY_ONLY,capacity-shadow,81,STORY_A,STORY,1,
1,STORY_ONLY,capacity-shadow,82,STORY_A,STORY,0,
1,STORY_ONLY,capacity-shadow,83,STORY_A,STORY,1,
1,STORY_ONLY,capacity-shadow,84,STORY_A,STORY,0,
1,STORY_ONLY,capacity-shadow,85,STORY_A,STORY,1,
1,STORY_ONLY,capacity-shadow,86,STORY_A,STORY,0,
1,STORY_ONLY,capacity-shadow,87,STORY_A,STORY,1,
1,STORY_ONLY,capacity-shadow,88,STORY_A,STORY,0,
1,STORY_ONLY,capacity-shadow,89,STORY_A,STORY,1,
1,STORY_ONLY,capacity-shadow,90,STORY_A,STORY,0,
1,STORY_ONLY,capacity-shadow,91,STORY_A,STORY,1,
1,STORY_ONLY,capacity-shadow,92,STORY_A,STORY,0,
1,STORY_ONLY,capacity-shadow,93,STORY_A,STORY,1,
1,STORY_ONLY,capacity-shadow,94,STORY_A,STORY,0,
1,STORY_ONLY,capacity-shadow,95,STORY_A,STORY,1,
1,STORY_ONLY,capacity-shadow,96,STORY_A,STORY,0,
1,STORY_ONLY,capacity-shadow,97,STORY_A,STORY,1,
1,STORY_ONLY,capacity-shadow,98,STORY_A,STORY,0,
1,STORY_ONLY,capacity-shadow,99,STORY_A,STORY,1,
1,STORY_ONLY,capacity-shadow,100,STORY_A,STORY,0,
1,STORY_ONLY,capacity-shadow,101,STORY_A,STORY,1,
1,STORY_ONLY,capacity-shadow,102,STORY_A,STORY,0,
1,STORY_ONLY,capacity-shadow,103,STORY_A,STORY,1,
1,STORY_ONLY,capacity-shadow,104,STORY_A,STORY,0,
1,STORY_ONLY,capacity-shadow,105,STORY_A,STORY,1,
1,STORY_ONLY,capacity-shadow,106,STORY_A,STORY,0,
1,STORY_ONLY,capacity-shadow,107,STORY_A,STORY,1,
1,STORY_ONLY,capacity-shadow,108,STORY_A,STORY,0,
1,STORY_ONLY,capacity-shadow,109,STORY_A,STORY,1,
1,STORY_ONLY,capacity-shadow,110,STORY_A,STORY,0,
1,STORY_ONLY,capacity-shadow,111,STORY_A,STORY,1,
1,STORY_ONLY,capacity-shadow,112,STORY_A,STORY,0,
1,STORY_ONLY,capacity-shadow,113,STORY_A,STORY,1,
1,STORY_ONLY,capacity-shadow,114,STORY_A,STORY,0,
1,STORY_ONLY,capacity-shadow,115,STORY_A,STORY,1,
1,STORY_ONLY,capacity-shadow,116,STORY_A,STORY,0,
1,STORY_ONLY,capacity-shadow,117,STORY_A,STORY,1,
1,STORY_ONLY,capacity-shadow,118,STORY_A,STORY,0,
1,STORY_ONLY,capacity-shadow,119,STORY_A,STORY,1,
1,STORY_ONLY,capacity-shadow,120,STORY_A,STORY,0,
1,STORY_ONLY,capacity-shadow,121,STORY_A,STORY,1,
1,STORY_ONLY,capacity-shadow,122,STORY_A,STORY,0,
1,STORY_ONLY,capacity-shadow,123,STORY_A,STORY,1,
1,STORY_ONLY,capacity-shadow,124,STORY_A,STORY,0,
1,STORY_ONLY,capacity-shadow,125,STORY_A,STORY,1,
1,STORY_ONLY,capacity-shadow,126,STORY_A,STORY,0,
1,STORY_ONLY,capacity-shadow,127,STORY_A,STORY,1,
1,STORY_ONLY,capacity-shadow,128,STORY_A,STORY,0,
1,STORY_ONLY,capacity-shadow,129,STORY_A,STORY,1,
1,STORY_ONLY,capacity-shadow,130,STORY_A,STORY,0,
1,STORY_ONLY,capacity-shadow,131,STORY_A,STORY,1,
1,STORY_ONLY,capacity-shadow,132,STORY_A,STORY,0,
1,STORY_ONLY,capacity-shadow,133,STORY_A,STORY,1,
1,STORY_ONLY,capacity-shadow,134,STORY_A,STORY,0,
1,STORY_ONLY,capacity-shadow,135,STORY_A,STORY,1,
1,STORY_ONLY,capacity-shadow,136,STORY_A,STORY,0,
1,STORY_ONLY,capacity-shadow,137,STORY_A,STORY,1,
1,STORY_ONLY,capacity-shadow,138,STORY_A,STORY,0,
1,STORY_ONLY,capacity-shadow,139,STORY_A,STORY,1,
1,STORY_ONLY,capacity-shadow,140,STORY_A,STORY,0,
1,STORY_ONLY,capacity-shadow,141,STORY_A,STORY,1,
1,STORY_ONLY,capacity-shadow,142,STORY_A,STORY,0,
1,STORY_ONLY,capacity-shadow,143,STORY_A,STORY,1,
1,STORY_ONLY,capacity-shadow,144,STORY_A,STORY,0,
1,STORY_ONLY,capacity-shadow,145,STORY_A,STORY,1,
1,STORY_ONLY,capacity-shadow,146,STORY_A,STORY,0,
1,STORY_ONLY,capacity-shadow,147,STORY_A,STORY,1,
1,STORY_ONLY,capacity-shadow,148,STORY_A,STORY,0,
1,STORY_ONLY,capacity-shadow,149,STORY_A,STORY,1,
1,STORY_ONLY,capacity-shadow,150,STORY_A,STORY,0,
1,STORY_ONLY,capacity-shadow,151,STORY_A,STORY,1,
1,STORY_ONLY,capacity-shadow,152,STORY_A,STORY,0,
1,STORY_ONLY,capacity-shadow,153,STORY_A,STORY,1,
1,STORY_ONLY,capacity-shadow,154,STORY_A,STORY,0,
1,STORY_ONLY,capacity-shadow,155,STORY_A,STORY,1,
1,STORY_ONLY,capacity-shadow,156,STORY_A,STORY,0,
1,STORY_ONLY,capacity-shadow,157,STORY_A,STORY,1,
1,STORY_ONLY,capacity-shadow,158,STORY_A,STORY,0,
1,STORY_ONLY,capacity-shadow,159,STORY_A,STORY,1,
1,STORY_ONLY,capacity-shadow,160,STORY_A,STORY,0,
1,STORY_ONLY,capacity-shadow,161,STORY_A,STORY,1,
1,STORY_ONLY,capacity-shadow,162,STORY_A,STORY,0,
1,STORY_ONLY,capacity-shadow,163,STORY_A,STORY,1,
1,STORY_ONLY,capacity-shadow,164,STORY_A,STORY,0,
1,STORY_ONLY,capacity-shadow,165,STORY_A,STORY,1,
1,STORY_ONLY,capacity-shadow,166,STORY_A,STORY,0,
1,STORY_ONLY,capacity-shadow,167,STORY_A,STORY,1,
1,STORY_ONLY,capacity-shadow,168,STORY_A,STORY,0,
1,STORY_ONLY,capacity-shadow,169,STORY_A,STORY,1,
1,STORY_ONLY,capacity-shadow,170,STORY_A,STORY,0,
1,STORY_ONLY,capacity-shadow,171,STORY_A,STORY,1,
1,STORY_ONLY,capacity-shadow,172,STORY_A,STORY,0,
1,STORY_ONLY,capacity-shadow,173,STORY_A,STORY,1,
1,STORY_ONLY,capacity-shadow,174,STORY_A,STORY,0,
1,STORY_ONLY,capacity-shadow,175,STORY_A,STORY,1,
1,STORY_ONLY,capacity-shadow,176,STORY_A,STORY,0,
1,STORY_ONLY,capacity-shadow,177,STORY_A,STORY,1,
1,STORY_ONLY,capacity-shadow,178,STORY_A,STORY,0,
1,STORY_ONLY,capacity-shadow,179,STORY_A,STORY,1,
1,STORY_ONLY,capacity-shadow,180,STORY_A,STORY,0,
1,STORY_ONLY,capacity-shadow,181,STORY_A,STORY,1,
1,STORY_ONLY,capacity-shadow,182,STORY_A,STORY,0,
1,STORY_ONLY,capacity-shadow,183,STORY_A,STORY,1,
1,STORY_ONLY,capacity-shadow,184,STORY_A,STORY,0,
1,STORY_ONLY,capacity-shadow,185,STORY_A,STORY,1,
1,STORY_ONLY,capacity-shadow,186,STORY_A,STORY,0,
1,STORY_ONLY,capacity-shadow,187,STORY_A,STORY,1,
1,STORY_ONLY,capacity-shadow,188,STORY_A,STORY,0,
1,STORY_ONLY,capacity-shadow,189,STORY_A,STORY,1,
1,STORY_ONLY,capacity-shadow,190,STORY_A,STORY,0,
1,STORY_ONLY,capacity-shadow,191,STORY_A,STORY,1,
1,STORY_ONLY,capacity-shadow,192,STORY_A,STORY,0,
1,STORY_ONLY,capacity-shadow,193,STORY_A,STORY,1,
1,STORY_ONLY,capacity-shadow,194,STORY_A,STORY,0,
1,STORY_ONLY,capacity-shadow,195,STORY_A,STORY,1,
1,STORY_ONLY,capacity-shadow,196,STORY_A,STORY,0,
1,STORY_ONLY,capacity-shadow,197,STORY_A,STORY,1,
1,STORY_ONLY,capacity-shadow,198,STORY_A,STORY,0,
1,STORY_ONLY,capacity-shadow,199,STORY_A,STORY,1,
1,STORY_ONLY,capacity-shadow,200,STORY_A,STORY,0,
1,STORY_ONLY,capacity-shadow,201,STORY_A,STORY,1,
1,STORY_ONLY,capacity-shadow,202,STORY_A,STORY,0,
1,STORY_ONLY,capacity-shadow,203,STORY_A,STORY,1,
1,STORY_ONLY,capacity-shadow,204,STORY_A,STORY,0,
1,STORY_ONLY,capacity-shadow,205,STORY_A,STORY,1,
1,STORY_ONLY,capacity-shadow,206,STORY_A,STORY,0,
1,STORY_ONLY,capacity-shadow,207,STORY_A,STORY,1,
1,STORY_ONLY,capacity-shadow,208,STORY_A,STORY,0,
1,STORY_ONLY,capacity-shadow,209,STORY_A,STORY,1,
1,STORY_ONLY,capacity-shadow,210,STORY_A,STORY,0,
1,STORY_ONLY,capacity-shadow,211,STORY_A,STORY,1,
1,STORY_ONLY,capacity-shadow,212,STORY_A,STORY,0,
1,STORY_ONLY,capacity-shadow,213,STORY_A,STORY,1,
1,STORY_ONLY,capacity-shadow,214,STORY_A,STORY,0,
1,STORY_ONLY,capacity-shadow,215,STORY_A,STORY,1,
1,STORY_ONLY,capacity-shadow,216,STORY_A,STORY,0,
1,STORY_ONLY,capacity-shadow,217,STORY_A,STORY,1,
1,STORY_ONLY,capacity-shadow,218,STORY_A,STORY,0,
1,STORY_ONLY,capacity-shadow,219,STORY_A,STORY,1,
1,STORY_ONLY,capacity-shadow,220,STORY_A,STORY,0,
1,STORY_ONLY,capacity-shadow,221,STORY_A,STORY,1,
1,STORY_ONLY,capacity-shadow,222,STORY_A,STORY,0,
1,STORY_ONLY,capacity-shadow,223,STORY_A,STORY,1,
1,STORY_ONLY,capacity-shadow,224,STORY_A,STORY,0,
1,STORY_ONLY,capacity-shadow,225,STORY_A,STORY,1,
1,STORY_ONLY,capacity-shadow,226,STORY_A,STORY,0,
1,STORY_ONLY,capacity-shadow,227,STORY_A,STORY,1,
1,STORY_ONLY,capacity-shadow,228,STORY_A,STORY,0,
1,STORY_ONLY,capacity-shadow,229,STORY_A,STORY,1,
1,STORY_ONLY,capacity-shadow,230,STORY_A,STORY,0,
1,STORY_ONLY,capacity-shadow,231,STORY_A,STORY,1,
1,STORY_ONLY,capacity-shadow,232,STORY_A,STORY,0,
1,STORY_ONLY,capacity-shadow,233,STORY_A,STORY,1,
1,STORY_ONLY,capacity-shadow,234,STORY_A,STORY,0,
1,STORY_ONLY,capacity-shadow,235,STORY_A,STORY,1,
1,STORY_ONLY,capacity-shadow,236,STORY_A,STORY,0,
1,STORY_ONLY,capacity-shadow,237,STORY_A,STORY,1,
1,STORY_ONLY,capacity-shadow,238,STORY_A,STORY,0,
1,STORY_ONLY,capacity-shadow,239,STORY_A,STORY,1,
1,STORY_ONLY,capacity-shadow,240,STORY_A,STORY,0,
1,STORY_ONLY,capacity-shadow,241,STORY_A,STORY,1,
1,STORY_ONLY,capacity-shadow,242,STORY_A,STORY,0,
1,STORY_ONLY,capacity-shadow,243,STORY_A,STORY,1,
1,STORY_ONLY,capacity-shadow,244,STORY_A,STORY,0,
1,STORY_ONLY,capacity-shadow,245,STORY_A,STORY,1,
1,STORY_ONLY,capacity-shadow,246,STORY_A,STORY,0,
1,STORY_ONLY,capacity-shadow,247,STORY_A,STORY,1,
1,STORY_ONLY,capacity-shadow,248,STORY_A,STORY,0,
1,STORY_ONLY,capacity-shadow,249,STORY_A,STORY,1,
1,STORY_ONLY,capacity-shadow,250,STORY_A,STORY,0,
1,STORY_ONLY,capacity-shadow,251,STORY_A,STORY,1,
1,STORY_ONLY,capacity-shadow,252,STORY_A,STORY,0,
1,STORY_ONLY,capacity-shadow,253,STORY_A,STORY,1,
1,STORY_ONLY,capacity-shadow,254,STORY_A,STORY,0,
1,STORY_ONLY,capacity-shadow,255,STORY_A,STORY,1,
1,STORY_ONLY,capacity-shadow,256,STORY_A,STORY,0,
1,STORY_ONLY,geometry-shadow,1,STORY_A,STORY,0,0.6476595401763916
1,STORY_ONLY,geometry-shadow,2,STORY_A,STORY,0,0.8528245687484741
1,STORY_ONLY,geometry-shadow,3,STORY_A,STORY,1,-0.1417856216430664
1,STORY_ONLY,geometry-shadow,4,STORY_A,STORY,0,0.7520538568496704
1,STORY_ONLY,geometry-shadow,5,STORY_A,STORY,1,-0.7077429294586182
1,STORY_ONLY,geometry-shadow,6,STORY_A,STORY,1,-0.0980143547058105
1,STORY_ONLY,geometry-shadow,7,STORY_A,STORY,1,-0.7250131964683533
1,STORY_ONLY,geometry-shadow,8,STORY_A,STORY,0,0.3904927968978882
1,STORY_ONLY,geometry-shadow,9,STORY_A,STORY,0,0.0156582593917846
1,STORY_ONLY,geometry-shadow,10,STORY_A,STORY,1,-0.0575623512268066
1,STORY_ONLY,geometry-shadow,11,STORY_A,STORY,1,-0.598415732383728
1,STORY_ONLY,geometry-shadow,12,STORY_A,STORY,1,-0.9871560335159302
1,STORY_ONLY,geometry-shadow,13,STORY_A,STORY,1,-0.0198841094970703
1,STORY_ONLY,geometry-shadow,14,STORY_A,STORY,1,-0.591867208480835
1,STORY_ONLY,geometry-shadow,15,STORY_A,STORY,1,-0.5041623115539551
1,STORY_ONLY,geometry-shadow,16,STORY_A,STORY,0,0.6116214394569397
1,STORY_ONLY,geometry-shadow,17,STORY_A,STORY,0,0.2766578793525696
1,STORY_ONLY,geometry-shadow,18,STORY_A,STORY,1,-0.8620750308036804
1,STORY_ONLY,geometry-shadow,19,STORY_A,STORY,1,-0.9208490252494812
1,STORY_ONLY,geometry-shadow,20,STORY_A,STORY,1,-1.1650055646896362
1,STORY_ONLY,geometry-shadow,21,STORY_A,STORY,1,-0.3245931267738342
1,STORY_ONLY,geometry-shadow,22,STORY_A,STORY,1,-1.0084373950958252
1,STORY_ONLY,geometry-shadow,23,STORY_A,STORY,0,0.3579921126365661
1,STORY_ONLY,geometry-shadow,24,STORY_A,STORY,0,0.402950644493103
1,STORY_ONLY,geometry-shadow,25,STORY_A,STORY,1,-0.3697383403778076
1,STORY_ONLY,geometry-shadow,26,STORY_A,STORY,1,-0.2484986782073974
1,STORY_ONLY,geometry-shadow,27,STORY_A,STORY,0,0.6692721247673035
1,STORY_ONLY,geometry-shadow,28,STORY_A,STORY,1,-0.3349250555038452
1,STORY_ONLY,geometry-shadow,29,STORY_A,STORY,0,0.4472244381904602
1,STORY_ONLY,geometry-shadow,30,STORY_A,STORY,0,0.1786470413208007
1,STORY_ONLY,geometry-shadow,31,STORY_A,STORY,1,-0.6832141280174255
1,STORY_ONLY,geometry-shadow,32,STORY_A,STORY,0,0.1474324464797973
1,STORY_ONLY,geometry-shadow,33,STORY_A,STORY,1,-1.0092887878417969
1,STORY_ONLY,geometry-shadow,34,STORY_A,STORY,0,0.4682443737983703
1,STORY_ONLY,geometry-shadow,35,STORY_A,STORY,1,-0.7022584676742554
1,STORY_ONLY,geometry-shadow,36,STORY_A,STORY,0,0.7951479554176331
1,STORY_ONLY,geometry-shadow,37,STORY_A,STORY,1,-0.7363218665122986
1,STORY_ONLY,geometry-shadow,38,STORY_A,STORY,1,-0.2729767560958862
1,STORY_ONLY,geometry-shadow,39,STORY_A,STORY,1,-0.3288043737411499
1,STORY_ONLY,geometry-shadow,40,STORY_A,STORY,0,0.4146431684494018
1,STORY_ONLY,geometry-shadow,41,STORY_A,STORY,0,0.2664393782615661
1,STORY_ONLY,geometry-shadow,42,STORY_A,STORY,1,-0.3690453171730041
1,STORY_ONLY,geometry-shadow,43,STORY_A,STORY,1,-0.4103182554244995
1,STORY_ONLY,geometry-shadow,44,STORY_A,STORY,0,0.6824954748153687
1,STORY_ONLY,geometry-shadow,45,STORY_A,STORY,0,1.0096337795257568
1,STORY_ONLY,geometry-shadow,46,STORY_A,STORY,0,0.2921416163444519
1,STORY_ONLY,geometry-shadow,47,STORY_A,STORY,0,0.036865234375
1,STORY_ONLY,geometry-shadow,48,STORY_A,STORY,1,-0.5692371726036072
1,STORY_ONLY,geometry-shadow,49,STORY_A,STORY,0,0.6414153575897217
1,STORY_ONLY,geometry-shadow,50,STORY_A,STORY,1,-0.3258478045463562
1,STORY_ONLY,geometry-shadow,51,STORY_A,STORY,0,0.5862510204315186
1,STORY_ONLY,geometry-shadow,52,STORY_A,STORY,1,-0.342343807220459
1,STORY_ONLY,geometry-shadow,53,STORY_A,STORY,0,0.1239082217216491
1,STORY_ONLY,geometry-shadow,54,STORY_A,STORY,0,0.0958274602890014
1,STORY_ONLY,geometry-shadow,55,STORY_A,STORY,0,0.9035053253173828
1,STORY_ONLY,geometry-shadow,56,STORY_A,STORY,0,0.2605440616607666
1,STORY_ONLY,geometry-shadow,57,STORY_A,STORY,1,-0.7849151492118835
1,STORY_ONLY,geometry-shadow,58,STORY_A,STORY,1,-0.4299871325492859
1,STORY_ONLY,geometry-shadow,59,STORY_A,STORY,0,0.7076761722564697
1,STORY_ONLY,geometry-shadow,60,STORY_A,STORY,1,-1.1847907304763794
1,STORY_ONLY,geometry-shadow,61,STORY_A,STORY,0,0.2603378295898437
1,STORY_ONLY,geometry-shadow,62,STORY_A,STORY,0,0.6556881666183472
1,STORY_ONLY,geometry-shadow,63,STORY_A,STORY,0,0.3642197847366333
1,STORY_ONLY,geometry-shadow,64,STORY_A,STORY,1,-0.5379496812820435
1,STORY_ONLY,geometry-shadow,65,STORY_A,STORY,1,-1.029245376586914
1,STORY_ONLY,geometry-shadow,66,STORY_A,STORY,1,-1.2010045051574707
1,STORY_ONLY,geometry-shadow,67,STORY_A,STORY,0,0.6460347175598145
1,STORY_ONLY,geometry-shadow,68,STORY_A,STORY,0,0.7080344557762146
1,STORY_ONLY,geometry-shadow,69,STORY_A,STORY,0,0.4419164657592773
1,STORY_ONLY,geometry-shadow,70,STORY_A,STORY,1,-0.9382936358451844
1,STORY_ONLY,geometry-shadow,71,STORY_A,STORY,0,0.1172906756401062
1,STORY_ONLY,geometry-shadow,72,STORY_A,STORY,1,-0.5154874324798584
1,STORY_ONLY,geometry-shadow,73,STORY_A,STORY,1,-0.6546164751052856
1,STORY_ONLY,geometry-shadow,74,STORY_A,STORY,0,0.4336742758750915
1,STORY_ONLY,geometry-shadow,75,STORY_A,STORY,1,-0.1231321096420288
1,STORY_ONLY,geometry-shadow,76,STORY_A,STORY,1,-0.9128175973892212
1,STORY_ONLY,geometry-shadow,77,STORY_A,STORY,0,0.0171602964401245
1,STORY_ONLY,geometry-shadow,78,STORY_A,STORY,1,-0.6340755224227905
1,STORY_ONLY,geometry-shadow,79,STORY_A,STORY,0,0.2931088805198669
1,STORY_ONLY,geometry-shadow,80,STORY_A,STORY,0,0.4097509980201721
1,STORY_ONLY,geometry-shadow,81,STORY_A,STORY,0,0.0110580921173095
1,STORY_ONLY,geometry-shadow,82,STORY_A,STORY,1,-0.3591694831848144
1,STORY_ONLY,geometry-shadow,83,STORY_A,STORY,1,-0.4425005316734314
1,STORY_ONLY,geometry-shadow,84,STORY_A,STORY,0,0.5531128644943237
1,STORY_ONLY,geometry-shadow,85,STORY_A,STORY,0,0.6743327975273132
1,STORY_ONLY,geometry-shadow,86,STORY_A,STORY,1,-0.1558814048767089
1,STORY_ONLY,geometry-shadow,87,STORY_A,STORY,1,-0.7880712151527405
1,STORY_ONLY,geometry-shadow,88,STORY_A,STORY,1,-1.0372869968414309
1,STORY_ONLY,geometry-shadow,89,STORY_A,STORY,0,0.0538643598556518
1,STORY_ONLY,geometry-shadow,90,STORY_A,STORY,1,-0.3816332817077636
1,STORY_ONLY,geometry-shadow,91,STORY_A,STORY,0,0.2578244209289551
1,STORY_ONLY,geometry-shadow,92,STORY_A,STORY,0,0.1475139856338501
1,STORY_ONLY,geometry-shadow,93,STORY_A,STORY,1,-0.2989537715911865
1,STORY_ONLY,geometry-shadow,94,STORY_A,STORY,1,-0.6094048023223877
1,STORY_ONLY,geometry-shadow,95,STORY_A,STORY,1,-0.131779134273529
1,STORY_ONLY,geometry-shadow,96,STORY_A,STORY,1,-1.0922201871871948
1,STORY_ONLY,geometry-shadow,97,STORY_A,STORY,1,-0.922469973564148
1,STORY_ONLY,geometry-shadow,98,STORY_A,STORY,1,-1.1509003639221191
1,STORY_ONLY,geometry-shadow,99,STORY_A,STORY,0,0.6461269855499268
1,STORY_ONLY,geometry-shadow,100,STORY_A,STORY,1,-0.8791640996932983
1,STORY_ONLY,geometry-shadow,101,STORY_A,STORY,1,-0.728955864906311
1,STORY_ONLY,geometry-shadow,102,STORY_A,STORY,0,0.1442091464996338
1,STORY_ONLY,geometry-shadow,103,STORY_A,STORY,0,0.3383544087409973
1,STORY_ONLY,geometry-shadow,104,STORY_A,STORY,1,-1.2503273487091064
1,STORY_ONLY,geometry-shadow,105,STORY_A,STORY,1,-0.9844683408737184
1,STORY_ONLY,geometry-shadow,106,STORY_A,STORY,0,0.4548508524894714
1,STORY_ONLY,geometry-shadow,107,STORY_A,STORY,1,-0.8419516086578369
1,STORY_ONLY,geometry-shadow,108,STORY_A,STORY,0,0.8915793895721436
1,STORY_ONLY,geometry-shadow,109,STORY_A,STORY,1,-0.7540440559387207
1,STORY_ONLY,geometry-shadow,110,STORY_A,STORY,1,-0.2285888195037841
1,STORY_ONLY,geometry-shadow,111,STORY_A,STORY,1,-0.60078364610672
1,STORY_ONLY,geometry-shadow,112,STORY_A,STORY,0,0.8978320360183716
1,STORY_ONLY,geometry-shadow,113,STORY_A,STORY,0,0.6417117118835449
1,STORY_ONLY,geometry-shadow,114,STORY_A,STORY,0,0.366266667842865
1,STORY_ONLY,geometry-shadow,115,STORY_A,STORY,0,0.1659218072891235
1,STORY_ONLY,geometry-shadow,116,STORY_A,STORY,0,0.5987881422042847
1,STORY_ONLY,geometry-shadow,117,STORY_A,STORY,1,-0.1186243295669555
1,STORY_ONLY,geometry-shadow,118,STORY_A,STORY,1,-0.2212523221969604
1,STORY_ONLY,geometry-shadow,119,STORY_A,STORY,1,-0.299054741859436
1,STORY_ONLY,geometry-shadow,120,STORY_A,STORY,1,-1.3838354349136353
1,STORY_ONLY,geometry-shadow,121,STORY_A,STORY,1,-0.6049842834472656
1,STORY_ONLY,geometry-shadow,122,STORY_A,STORY,1,-0.2804597020149231
1,STORY_ONLY,geometry-shadow,123,STORY_A,STORY,1,-1.0200960636138916
1,STORY_ONLY,geometry-shadow,124,STORY_A,STORY,0,0.6521941423416138
1,STORY_ONLY,geometry-shadow,125,STORY_A,STORY,0,0.382488489151001
1,STORY_ONLY,geometry-shadow,126,STORY_A,STORY,0,0.6125145554542542
1,STORY_ONLY,geometry-shadow,127,STORY_A,STORY,0,0.6326397061347961
1,STORY_ONLY,geometry-shadow,128,STORY_A,STORY,0,1.0958714485168457
1,STORY_ONLY,geometry-shadow,129,STORY_A,STORY,1,-0.7247632741928101
1,STORY_ONLY,geometry-shadow,130,STORY_A,STORY,0,0.3192892670631408
1,STORY_ONLY,geometry-shadow,131,STORY_A,STORY,0,0.4194556474685669
1,STORY_ONLY,geometry-shadow,132,STORY_A,STORY,0,0.7350283265113831
1,STORY_ONLY,geometry-shadow,133,STORY_A,STORY,1,-1.0048882961273191
1,STORY_ONLY,geometry-shadow,134,STORY_A,STORY,0,0.1319419145584106
1,STORY_ONLY,geometry-shadow,135,STORY_A,STORY,1,-0.8708307147026062
1,STORY_ONLY,geometry-shadow,136,STORY_A,STORY,0,0.0810335278511047
1,STORY_ONLY,geometry-shadow,137,STORY_A,STORY,1,-0.4786563515663147
1,STORY_ONLY,geometry-shadow,138,STORY_A,STORY,1,-0.2264484167098999
1,STORY_ONLY,geometry-shadow,139,STORY_A,STORY,1,-0.0002243518829345
1,STORY_ONLY,geometry-shadow,140,STORY_A,STORY,0,0.0788257122039794
1,STORY_ONLY,geometry-shadow,141,STORY_A,STORY,0,0.3042079210281372
1,STORY_ONLY,geometry-shadow,142,STORY_A,STORY,0,0.5584189891815186
1,STORY_ONLY,geometry-shadow,143,STORY_A,STORY,1,-0.8934156894683838
1,STORY_ONLY,geometry-shadow,144,STORY_A,STORY,0,0.5958456993103027
1,STORY_ONLY,geometry-shadow,145,STORY_A,STORY,0,0.4366180896759033
1,STORY_ONLY,geometry-shadow,146,STORY_A,STORY,1,-0.0820405483245849
1,STORY_ONLY,geometry-shadow,147,STORY_A,STORY,1,-0.8398227691650391
1,STORY_ONLY,geometry-shadow,148,STORY_A,STORY,1,-0.0419716835021972
1,STORY_ONLY,geometry-shadow,149,STORY_A,STORY,1,-0.3703620433807373
1,STORY_ONLY,geometry-shadow,150,STORY_A,STORY,1,-0.3173842430114746
1,STORY_ONLY,geometry-shadow,151,STORY_A,STORY,1,-0.3288655877113342
1,STORY_ONLY,geometry-shadow,152,STORY_A,STORY,1,-0.9043118357658386
1,STORY_ONLY,geometry-shadow,153,STORY_A,STORY,1,-0.6047546863555908
1,STORY_ONLY,geometry-shadow,154,STORY_A,STORY,0,0.0665526390075683
1,STORY_ONLY,geometry-shadow,155,STORY_A,STORY,1,-0.2665994167327881
1,STORY_ONLY,geometry-shadow,156,STORY_A,STORY,1,-0.9391717910766602
1,STORY_ONLY,geometry-shadow,157,STORY_A,STORY,1,-0.803061306476593
1,STORY_ONLY,geometry-shadow,158,STORY_A,STORY,1,-0.9348835945129396
1,STORY_ONLY,geometry-shadow,159,STORY_A,STORY,1,-0.0183490514755249
1,STORY_ONLY,geometry-shadow,160,STORY_A,STORY,0,0.0194875001907348
1,STORY_ONLY,geometry-shadow,161,STORY_A,STORY,0,0.2936901450157165
1,STORY_ONLY,geometry-shadow,162,STORY_A,STORY,1,-0.9565337896347046
1,STORY_ONLY,geometry-shadow,163,STORY_A,STORY,1,-0.9754133224487304
1,STORY_ONLY,geometry-shadow,164,STORY_A,STORY,0,0.4659616351127624
1,STORY_ONLY,geometry-shadow,165,STORY_A,STORY,1,-1.046647310256958
1,STORY_ONLY,geometry-shadow,166,STORY_A,STORY,0,0.8212897777557373
1,STORY_ONLY,geometry-shadow,167,STORY_A,STORY,0,0.1020865440368652
1,STORY_ONLY,geometry-shadow,168,STORY_A,STORY,1,-0.107136845588684
1,STORY_ONLY,geometry-shadow,169,STORY_A,STORY,0,0.7112128734588623
1,STORY_ONLY,geometry-shadow,170,STORY_A,STORY,0,0.3394098877906799
1,STORY_ONLY,geometry-shadow,171,STORY_A,STORY,1,-0.6938210129737854
1,STORY_ONLY,geometry-shadow,172,STORY_A,STORY,0,0.1987475752830505
1,STORY_ONLY,geometry-shadow,173,STORY_A,STORY,1,-0.4303363561630249
1,STORY_ONLY,geometry-shadow,174,STORY_A,STORY,1,-0.4830406308174133
1,STORY_ONLY,geometry-shadow,175,STORY_A,STORY,1,-0.1982624530792236
1,STORY_ONLY,geometry-shadow,176,STORY_A,STORY,1,-0.306535005569458
1,STORY_ONLY,geometry-shadow,177,STORY_A,STORY,0,0.5418413877487183
1,STORY_ONLY,geometry-shadow,178,STORY_A,STORY,0,0.4080603122711181
1,STORY_ONLY,geometry-shadow,179,STORY_A,STORY,1,-0.6431301236152649
1,STORY_ONLY,geometry-shadow,180,STORY_A,STORY,0,0.0337651968002319
1,STORY_ONLY,geometry-shadow,181,STORY_A,STORY,1,-0.3598504662513733
1,STORY_ONLY,geometry-shadow,182,STORY_A,STORY,1,-0.201650321483612
1,STORY_ONLY,geometry-shadow,183,STORY_A,STORY,0,0.3326693177223205
1,STORY_ONLY,geometry-shadow,184,STORY_A,STORY,1,-0.6299022436141968
1,STORY_ONLY,geometry-shadow,185,STORY_A,STORY,0,0.6222356557846069
1,STORY_ONLY,geometry-shadow,186,STORY_A,STORY,1,-1.1113831996917725
1,STORY_ONLY,geometry-shadow,187,STORY_A,STORY,1,-0.5309434533119202
1,STORY_ONLY,geometry-shadow,188,STORY_A,STORY,1,-0.0930688381195068
1,STORY_ONLY,geometry-shadow,189,STORY_A,STORY,1,-0.0426379442214965
1,STORY_ONLY,geometry-shadow,190,STORY_A,STORY,1,-0.2484456896781921
1,STORY_ONLY,geometry-shadow,191,STORY_A,STORY,0,0.4450875520706177
1,STORY_ONLY,geometry-shadow,192,STORY_A,STORY,1,-0.4584801197052002
1,STORY_ONLY,geometry-shadow,193,STORY_A,STORY,0,0.1914290189743042
1,STORY_ONLY,geometry-shadow,194,STORY_A,STORY,1,-0.9646085500717164
1,STORY_ONLY,geometry-shadow,195,STORY_A,STORY,1,-1.0792059898376465
1,STORY_ONLY,geometry-shadow,196,STORY_A,STORY,0,0.3782943487167358
1,STORY_ONLY,geometry-shadow,197,STORY_A,STORY,1,-0.2256314754486084
1,STORY_ONLY,geometry-shadow,198,STORY_A,STORY,0,0.3880730271339416
1,STORY_ONLY,geometry-shadow,199,STORY_A,STORY,1,-0.3675334453582763
1,STORY_ONLY,geometry-shadow,200,STORY_A,STORY,0,0.1452795267105102
1,STORY_ONLY,geometry-shadow,201,STORY_A,STORY,1,-0.2713246345520019
1,STORY_ONLY,geometry-shadow,202,STORY_A,STORY,0,0.6575182676315308
1,STORY_ONLY,geometry-shadow,203,STORY_A,STORY,1,-0.9873905777931212
1,STORY_ONLY,geometry-shadow,204,STORY_A,STORY,0,0.1224919557571411
1,STORY_ONLY,geometry-shadow,205,STORY_A,STORY,1,-0.7842151522636414
1,STORY_ONLY,geometry-shadow,206,STORY_A,STORY,0,0.0251338481903076
1,STORY_ONLY,geometry-shadow,207,STORY_A,STORY,0,0.6341943740844727
1,STORY_ONLY,geometry-shadow,208,STORY_A,STORY,0,0.7585843205451965
1,STORY_ONLY,geometry-shadow,209,STORY_A,STORY,1,-0.2666529417037964
1,STORY_ONLY,geometry-shadow,210,STORY_A,STORY,1,-0.3989234566688537
1,STORY_ONLY,geometry-shadow,211,STORY_A,STORY,0,0.7081128358840942
1,STORY_ONLY,geometry-shadow,212,STORY_A,STORY,1,-1.0631557703018188
1,STORY_ONLY,geometry-shadow,213,STORY_A,STORY,0,0.6327111124992371
1,STORY_ONLY,geometry-shadow,214,STORY_A,STORY,0,0.6315054893493652
1,STORY_ONLY,geometry-shadow,215,STORY_A,STORY,0,0.3982454538345337
1,STORY_ONLY,geometry-shadow,216,STORY_A,STORY,1,-0.7261866927146912
1,STORY_ONLY,geometry-shadow,217,STORY_A,STORY,1,-1.0006788969039917
1,STORY_ONLY,geometry-shadow,218,STORY_A,STORY,1,-0.5739247798919678
1,STORY_ONLY,geometry-shadow,219,STORY_A,STORY,0,0.0251223444938659
1,STORY_ONLY,geometry-shadow,220,STORY_A,STORY,0,0.1048842668533325
1,STORY_ONLY,geometry-shadow,221,STORY_A,STORY,0,0.1938933134078979
1,STORY_ONLY,geometry-shadow,222,STORY_A,STORY,1,-0.9667177796363832
1,STORY_ONLY,geometry-shadow,223,STORY_A,STORY,1,-0.6163707375526428
1,STORY_ONLY,geometry-shadow,224,STORY_A,STORY,1,-0.3006999492645263
1,STORY_ONLY,geometry-shadow,225,STORY_A,STORY,0,0.5910587906837463
1,STORY_ONLY,geometry-shadow,226,STORY_A,STORY,0,0.747888445854187
1,STORY_ONLY,geometry-shadow,227,STORY_A,STORY,0,0.7610934972763062
1,STORY_ONLY,geometry-shadow,228,STORY_A,STORY,1,-0.0987230539321899
1,STORY_ONLY,geometry-shadow,229,STORY_A,STORY,0,0.3040804266929626
1,STORY_ONLY,geometry-shadow,230,STORY_A,STORY,1,-0.3981422781944275
1,STORY_ONLY,geometry-shadow,231,STORY_A,STORY,0,0.2107230424880981
1,STORY_ONLY,geometry-shadow,232,STORY_A,STORY,1,-0.0975213050842285
1,STORY_ONLY,geometry-shadow,233,STORY_A,STORY,0,1.04049813747406
1,STORY_ONLY,geometry-shadow,234,STORY_A,STORY,0,0.1179338693618774
1,STORY_ONLY,geometry-shadow,235,STORY_A,STORY,0,0.1275478601455688
1,STORY_ONLY,geometry-shadow,236,STORY_A,STORY,1,-0.7056707143783569
1,STORY_ONLY,geometry-shadow,237,STORY_A,STORY,1,-0.1958718299865722
1,STORY_ONLY,geometry-shadow,238,STORY_A,STORY,1,-0.8023446798324585
1,STORY_ONLY,geometry-shadow,239,STORY_A,STORY,1,-0.5594775080680847
1,STORY_ONLY,geometry-shadow,240,STORY_A,STORY,1,-0.5327534675598145
1,STORY_ONLY,geometry-shadow,241,STORY_A,STORY,1,-1.2843003273010254
1,STORY_ONLY,geometry-shadow,242,STORY_A,STORY,0,0.2001166343688964
1,STORY_ONLY,geometry-shadow,243,STORY_A,STORY,1,-0.1302030086517334
1,STORY_ONLY,geometry-shadow,244,STORY_A,STORY,1,-1.150137424468994
1,STORY_ONLY,geometry-shadow,245,STORY_A,STORY,1,-0.8324466943740845
1,STORY_ONLY,geometry-shadow,246,STORY_A,STORY,0,0.1920300722122192
1,STORY_ONLY,geometry-shadow,247,STORY_A,STORY,1,-0.224337100982666
1,STORY_ONLY,geometry-shadow,248,STORY_A,STORY,1,-1.2588858604431152
1,STORY_ONLY,geometry-shadow,249,STORY_A,STORY,0,0.4046671986579895
1,STORY_ONLY,geometry-shadow,250,STORY_A,STORY,1,-0.7734523415565491
1,STORY_ONLY,geometry-shadow,251,STORY_A,STORY,0,0.7501746416091919
1,STORY_ONLY,geometry-shadow,252,STORY_A,STORY,1,-0.5344923734664917
1,STORY_ONLY,geometry-shadow,253,STORY_A,STORY,1,-0.3341959714889526
1,STORY_ONLY,geometry-shadow,254,STORY_A,STORY,1,-1.3266935348510742
1,STORY_ONLY,geometry-shadow,255,STORY_A,STORY,0,0.710818886756897
1,STORY_ONLY,geometry-shadow,256,STORY_A,STORY,1,-0.9701420664787292
1,DUPLICATED_STORY,capacity-shadow,1,STORY_B,STORY,1,
1,DUPLICATED_STORY,capacity-shadow,2,STORY_A,STORY,1,
1,DUPLICATED_STORY,capacity-shadow,3,STORY_B,STORY,0,
1,DUPLICATED_STORY,capacity-shadow,4,STORY_A,STORY,0,
1,DUPLICATED_STORY,capacity-shadow,5,STORY_A,STORY,1,
1,DUPLICATED_STORY,capacity-shadow,6,STORY_A,STORY,0,
1,DUPLICATED_STORY,capacity-shadow,7,STORY_A,STORY,1,
1,DUPLICATED_STORY,capacity-shadow,8,STORY_A,STORY,0,
1,DUPLICATED_STORY,capacity-shadow,9,STORY_A,STORY,1,
1,DUPLICATED_STORY,capacity-shadow,10,STORY_B,STORY,1,
1,DUPLICATED_STORY,capacity-shadow,11,STORY_A,STORY,0,
1,DUPLICATED_STORY,capacity-shadow,12,STORY_B,STORY,0,
1,DUPLICATED_STORY,capacity-shadow,13,STORY_A,STORY,1,
1,DUPLICATED_STORY,capacity-shadow,14,STORY_A,STORY,0,
1,DUPLICATED_STORY,capacity-shadow,15,STORY_B,STORY,1,
1,DUPLICATED_STORY,capacity-shadow,16,STORY_B,STORY,0,
1,DUPLICATED_STORY,capacity-shadow,17,STORY_A,STORY,1,
1,DUPLICATED_STORY,capacity-shadow,18,STORY_A,STORY,0,
1,DUPLICATED_STORY,capacity-shadow,19,STORY_A,STORY,1,
1,DUPLICATED_STORY,capacity-shadow,20,STORY_B,STORY,1,
1,DUPLICATED_STORY,capacity-shadow,21,STORY_B,STORY,0,
1,DUPLICATED_STORY,capacity-shadow,22,STORY_B,STORY,1,
1,DUPLICATED_STORY,capacity-shadow,23,STORY_A,STORY,0,
1,DUPLICATED_STORY,capacity-shadow,24,STORY_B,STORY,0,
1,DUPLICATED_STORY,capacity-shadow,25,STORY_A,STORY,1,
1,DUPLICATED_STORY,capacity-shadow,26,STORY_B,STORY,1,
1,DUPLICATED_STORY,capacity-shadow,27,STORY_A,STORY,0,
1,DUPLICATED_STORY,capacity-shadow,28,STORY_B,STORY,0,
1,DUPLICATED_STORY,capacity-shadow,29,STORY_A,STORY,1,
1,DUPLICATED_STORY,capacity-shadow,30,STORY_B,STORY,1,
1,DUPLICATED_STORY,capacity-shadow,31,STORY_A,STORY,0,
1,DUPLICATED_STORY,capacity-shadow,32,STORY_A,STORY,1,
1,DUPLICATED_STORY,capacity-shadow,33,STORY_B,STORY,0,
1,DUPLICATED_STORY,capacity-shadow,34,STORY_B,STORY,1,
1,DUPLICATED_STORY,capacity-shadow,35,STORY_A,STORY,0,
1,DUPLICATED_STORY,capacity-shadow,36,STORY_B,STORY,0,
1,DUPLICATED_STORY,capacity-shadow,37,STORY_B,STORY,1,
1,DUPLICATED_STORY,capacity-shadow,38,STORY_B,STORY,0,
1,DUPLICATED_STORY,capacity-shadow,39,STORY_B,STORY,1,
1,DUPLICATED_STORY,capacity-shadow,40,STORY_A,STORY,1,
1,DUPLICATED_STORY,capacity-shadow,41,STORY_A,STORY,0,
1,DUPLICATED_STORY,capacity-shadow,42,STORY_A,STORY,1,
1,DUPLICATED_STORY,capacity-shadow,43,STORY_B,STORY,0,
1,DUPLICATED_STORY,capacity-shadow,44,STORY_B,STORY,1,
1,DUPLICATED_STORY,capacity-shadow,45,STORY_B,STORY,0,
1,DUPLICATED_STORY,capacity-shadow,46,STORY_A,STORY,0,
1,DUPLICATED_STORY,capacity-shadow,47,STORY_B,STORY,1,
1,DUPLICATED_STORY,capacity-shadow,48,STORY_A,STORY,1,
1,DUPLICATED_STORY,capacity-shadow,49,STORY_A,STORY,0,
1,DUPLICATED_STORY,capacity-shadow,50,STORY_B,STORY,0,
1,DUPLICATED_STORY,capacity-shadow,51,STORY_A,STORY,1,
1,DUPLICATED_STORY,capacity-shadow,52,STORY_B,STORY,1,
1,DUPLICATED_STORY,capacity-shadow,53,STORY_A,STORY,0,
1,DUPLICATED_STORY,capacity-shadow,54,STORY_A,STORY,1,
1,DUPLICATED_STORY,capacity-shadow,55,STORY_B,STORY,0,
1,DUPLICATED_STORY,capacity-shadow,56,STORY_A,STORY,0,
1,DUPLICATED_STORY,capacity-shadow,57,STORY_B,STORY,1,
1,DUPLICATED_STORY,capacity-shadow,58,STORY_B,STORY,0,
1,DUPLICATED_STORY,capacity-shadow,59,STORY_A,STORY,1,
1,DUPLICATED_STORY,capacity-shadow,60,STORY_B,STORY,1,
1,DUPLICATED_STORY,capacity-shadow,61,STORY_A,STORY,0,
1,DUPLICATED_STORY,capacity-shadow,62,STORY_B,STORY,0,
1,DUPLICATED_STORY,capacity-shadow,63,STORY_B,STORY,1,
1,DUPLICATED_STORY,capacity-shadow,64,STORY_B,STORY,0,
1,DUPLICATED_STORY,capacity-shadow,65,STORY_A,STORY,1,
1,DUPLICATED_STORY,capacity-shadow,66,STORY_B,STORY,1,
1,DUPLICATED_STORY,capacity-shadow,67,STORY_B,STORY,0,
1,DUPLICATED_STORY,capacity-shadow,68,STORY_A,STORY,0,
1,DUPLICATED_STORY,capacity-shadow,69,STORY_A,STORY,1,
1,DUPLICATED_STORY,capacity-shadow,70,STORY_B,STORY,1,
1,DUPLICATED_STORY,capacity-shadow,71,STORY_B,STORY,0,
1,DUPLICATED_STORY,capacity-shadow,72,STORY_A,STORY,0,
1,DUPLICATED_STORY,capacity-shadow,73,STORY_B,STORY,1,
1,DUPLICATED_STORY,capacity-shadow,74,STORY_A,STORY,1,
1,DUPLICATED_STORY,capacity-shadow,75,STORY_B,STORY,0,
1,DUPLICATED_STORY,capacity-shadow,76,STORY_B,STORY,1,
1,DUPLICATED_STORY,capacity-shadow,77,STORY_B,STORY,0,
1,DUPLICATED_STORY,capacity-shadow,78,STORY_B,STORY,1,
1,DUPLICATED_STORY,capacity-shadow,79,STORY_A,STORY,0,
1,DUPLICATED_STORY,capacity-shadow,80,STORY_A,STORY,1,
1,DUPLICATED_STORY,capacity-shadow,81,STORY_A,STORY,0,
1,DUPLICATED_STORY,capacity-shadow,82,STORY_A,STORY,1,
1,DUPLICATED_STORY,capacity-shadow,83,STORY_B,STORY,0,
1,DUPLICATED_STORY,capacity-shadow,84,STORY_B,STORY,1,
1,DUPLICATED_STORY,capacity-shadow,85,STORY_B,STORY,0,
1,DUPLICATED_STORY,capacity-shadow,86,STORY_A,STORY,0,
1,DUPLICATED_STORY,capacity-shadow,87,STORY_A,STORY,1,
1,DUPLICATED_STORY,capacity-shadow,88,STORY_A,STORY,0,
1,DUPLICATED_STORY,capacity-shadow,89,STORY_A,STORY,1,
1,DUPLICATED_STORY,capacity-shadow,90,STORY_B,STORY,1,
1,DUPLICATED_STORY,capacity-shadow,91,STORY_A,STORY,0,
1,DUPLICATED_STORY,capacity-shadow,92,STORY_B,STORY,0,
1,DUPLICATED_STORY,capacity-shadow,93,STORY_B,STORY,1,
1,DUPLICATED_STORY,capacity-shadow,94,STORY_B,STORY,0,
1,DUPLICATED_STORY,capacity-shadow,95,STORY_A,STORY,1,
1,DUPLICATED_STORY,capacity-shadow,96,STORY_B,STORY,1,
1,DUPLICATED_STORY,capacity-shadow,97,STORY_B,STORY,0,
1,DUPLICATED_STORY,capacity-shadow,98,STORY_B,STORY,1,
1,DUPLICATED_STORY,capacity-shadow,99,STORY_A,STORY,0,
1,DUPLICATED_STORY,capacity-shadow,100,STORY_B,STORY,0,
1,DUPLICATED_STORY,capacity-shadow,101,STORY_A,STORY,1,
1,DUPLICATED_STORY,capacity-shadow,102,STORY_A,STORY,0,
1,DUPLICATED_STORY,capacity-shadow,103,STORY_B,STORY,1,
1,DUPLICATED_STORY,capacity-shadow,104,STORY_A,STORY,1,
1,DUPLICATED_STORY,capacity-shadow,105,STORY_B,STORY,0,
1,DUPLICATED_STORY,capacity-shadow,106,STORY_B,STORY,1,
1,DUPLICATED_STORY,capacity-shadow,107,STORY_A,STORY,0,
1,DUPLICATED_STORY,capacity-shadow,108,STORY_B,STORY,0,
1,DUPLICATED_STORY,capacity-shadow,109,STORY_B,STORY,1,
1,DUPLICATED_STORY,capacity-shadow,110,STORY_A,STORY,1,
1,DUPLICATED_STORY,capacity-shadow,111,STORY_A,STORY,0,
1,DUPLICATED_STORY,capacity-shadow,112,STORY_B,STORY,0,
1,DUPLICATED_STORY,capacity-shadow,113,STORY_B,STORY,1,
1,DUPLICATED_STORY,capacity-shadow,114,STORY_A,STORY,1,
1,DUPLICATED_STORY,capacity-shadow,115,STORY_A,STORY,0,
1,DUPLICATED_STORY,capacity-shadow,116,STORY_A,STORY,1,
1,DUPLICATED_STORY,capacity-shadow,117,STORY_B,STORY,0,
1,DUPLICATED_STORY,capacity-shadow,118,STORY_B,STORY,1,
1,DUPLICATED_STORY,capacity-shadow,119,STORY_A,STORY,0,
1,DUPLICATED_STORY,capacity-shadow,120,STORY_B,STORY,0,
1,DUPLICATED_STORY,capacity-shadow,121,STORY_B,STORY,1,
1,DUPLICATED_STORY,capacity-shadow,122,STORY_B,STORY,0,
1,DUPLICATED_STORY,capacity-shadow,123,STORY_A,STORY,1,
1,DUPLICATED_STORY,capacity-shadow,124,STORY_A,STORY,0,
1,DUPLICATED_STORY,capacity-shadow,125,STORY_B,STORY,1,
1,DUPLICATED_STORY,capacity-shadow,126,STORY_A,STORY,1,
1,DUPLICATED_STORY,capacity-shadow,127,STORY_B,STORY,0,
1,DUPLICATED_STORY,capacity-shadow,128,STORY_A,STORY,0,
1,DUPLICATED_STORY,capacity-shadow,129,STORY_B,STORY,1,
1,DUPLICATED_STORY,capacity-shadow,130,STORY_A,STORY,1,
1,DUPLICATED_STORY,capacity-shadow,131,STORY_A,STORY,0,
1,DUPLICATED_STORY,capacity-shadow,132,STORY_A,STORY,1,
1,DUPLICATED_STORY,capacity-shadow,133,STORY_A,STORY,0,
1,DUPLICATED_STORY,capacity-shadow,134,STORY_A,STORY,1,
1,DUPLICATED_STORY,capacity-shadow,135,STORY_A,STORY,0,
1,DUPLICATED_STORY,capacity-shadow,136,STORY_A,STORY,1,
1,DUPLICATED_STORY,capacity-shadow,137,STORY_B,STORY,0,
1,DUPLICATED_STORY,capacity-shadow,138,STORY_A,STORY,0,
1,DUPLICATED_STORY,capacity-shadow,139,STORY_A,STORY,1,
1,DUPLICATED_STORY,capacity-shadow,140,STORY_B,STORY,1,
1,DUPLICATED_STORY,capacity-shadow,141,STORY_A,STORY,0,
1,DUPLICATED_STORY,capacity-shadow,142,STORY_A,STORY,1,
1,DUPLICATED_STORY,capacity-shadow,143,STORY_B,STORY,0,
1,DUPLICATED_STORY,capacity-shadow,144,STORY_A,STORY,0,
1,DUPLICATED_STORY,capacity-shadow,145,STORY_A,STORY,1,
1,DUPLICATED_STORY,capacity-shadow,146,STORY_B,STORY,1,
1,DUPLICATED_STORY,capacity-shadow,147,STORY_A,STORY,0,
1,DUPLICATED_STORY,capacity-shadow,148,STORY_B,STORY,0,
1,DUPLICATED_STORY,capacity-shadow,149,STORY_A,STORY,1,
1,DUPLICATED_STORY,capacity-shadow,150,STORY_B,STORY,1,
1,DUPLICATED_STORY,capacity-shadow,151,STORY_B,STORY,0,
1,DUPLICATED_STORY,capacity-shadow,152,STORY_B,STORY,1,
1,DUPLICATED_STORY,capacity-shadow,153,STORY_A,STORY,0,
1,DUPLICATED_STORY,capacity-shadow,154,STORY_B,STORY,0,
1,DUPLICATED_STORY,capacity-shadow,155,STORY_A,STORY,1,
1,DUPLICATED_STORY,capacity-shadow,156,STORY_B,STORY,1,
1,DUPLICATED_STORY,capacity-shadow,157,STORY_A,STORY,0,
1,DUPLICATED_STORY,capacity-shadow,158,STORY_B,STORY,0,
1,DUPLICATED_STORY,capacity-shadow,159,STORY_A,STORY,1,
1,DUPLICATED_STORY,capacity-shadow,160,STORY_B,STORY,1,
1,DUPLICATED_STORY,capacity-shadow,161,STORY_B,STORY,0,
1,DUPLICATED_STORY,capacity-shadow,162,STORY_A,STORY,0,
1,DUPLICATED_STORY,capacity-shadow,163,STORY_A,STORY,1,
1,DUPLICATED_STORY,capacity-shadow,164,STORY_B,STORY,1,
1,DUPLICATED_STORY,capacity-shadow,165,STORY_A,STORY,0,
1,DUPLICATED_STORY,capacity-shadow,166,STORY_A,STORY,1,
1,DUPLICATED_STORY,capacity-shadow,167,STORY_A,STORY,0,
1,DUPLICATED_STORY,capacity-shadow,168,STORY_A,STORY,1,
1,DUPLICATED_STORY,capacity-shadow,169,STORY_B,STORY,0,
1,DUPLICATED_STORY,capacity-shadow,170,STORY_A,STORY,0,
1,DUPLICATED_STORY,capacity-shadow,171,STORY_A,STORY,1,
1,DUPLICATED_STORY,capacity-shadow,172,STORY_A,STORY,0,
1,DUPLICATED_STORY,capacity-shadow,173,STORY_A,STORY,1,
1,DUPLICATED_STORY,capacity-shadow,174,STORY_A,STORY,0,
1,DUPLICATED_STORY,capacity-shadow,175,STORY_A,STORY,1,
1,DUPLICATED_STORY,capacity-shadow,176,STORY_B,STORY,1,
1,DUPLICATED_STORY,capacity-shadow,177,STORY_B,STORY,0,
1,DUPLICATED_STORY,capacity-shadow,178,STORY_A,STORY,0,
1,DUPLICATED_STORY,capacity-shadow,179,STORY_B,STORY,1,
1,DUPLICATED_STORY,capacity-shadow,180,STORY_B,STORY,0,
1,DUPLICATED_STORY,capacity-shadow,181,STORY_A,STORY,1,
1,DUPLICATED_STORY,capacity-shadow,182,STORY_A,STORY,0,
1,DUPLICATED_STORY,capacity-shadow,183,STORY_A,STORY,1,
1,DUPLICATED_STORY,capacity-shadow,184,STORY_A,STORY,0,
1,DUPLICATED_STORY,capacity-shadow,185,STORY_A,STORY,1,
1,DUPLICATED_STORY,capacity-shadow,186,STORY_B,STORY,1,
1,DUPLICATED_STORY,capacity-shadow,187,STORY_B,STORY,0,
1,DUPLICATED_STORY,capacity-shadow,188,STORY_A,STORY,0,
1,DUPLICATED_STORY,capacity-shadow,189,STORY_A,STORY,1,
1,DUPLICATED_STORY,capacity-shadow,190,STORY_A,STORY,0,
1,DUPLICATED_STORY,capacity-shadow,191,STORY_A,STORY,1,
1,DUPLICATED_STORY,capacity-shadow,192,STORY_A,STORY,0,
1,DUPLICATED_STORY,capacity-shadow,193,STORY_B,STORY,1,
1,DUPLICATED_STORY,capacity-shadow,194,STORY_A,STORY,1,
1,DUPLICATED_STORY,capacity-shadow,195,STORY_A,STORY,0,
1,DUPLICATED_STORY,capacity-shadow,196,STORY_B,STORY,0,
1,DUPLICATED_STORY,capacity-shadow,197,STORY_A,STORY,1,
1,DUPLICATED_STORY,capacity-shadow,198,STORY_A,STORY,0,
1,DUPLICATED_STORY,capacity-shadow,199,STORY_A,STORY,1,
1,DUPLICATED_STORY,capacity-shadow,200,STORY_B,STORY,1,
1,DUPLICATED_STORY,capacity-shadow,201,STORY_B,STORY,0,
1,DUPLICATED_STORY,capacity-shadow,202,STORY_B,STORY,1,
1,DUPLICATED_STORY,capacity-shadow,203,STORY_A,STORY,0,
1,DUPLICATED_STORY,capacity-shadow,204,STORY_B,STORY,0,
1,DUPLICATED_STORY,capacity-shadow,205,STORY_B,STORY,1,
1,DUPLICATED_STORY,capacity-shadow,206,STORY_B,STORY,0,
1,DUPLICATED_STORY,capacity-shadow,207,STORY_B,STORY,1,
1,DUPLICATED_STORY,capacity-shadow,208,STORY_A,STORY,1,
1,DUPLICATED_STORY,capacity-shadow,209,STORY_B,STORY,0,
1,DUPLICATED_STORY,capacity-shadow,210,STORY_B,STORY,1,
1,DUPLICATED_STORY,capacity-shadow,211,STORY_B,STORY,0,
1,DUPLICATED_STORY,capacity-shadow,212,STORY_B,STORY,1,
1,DUPLICATED_STORY,capacity-shadow,213,STORY_B,STORY,0,
1,DUPLICATED_STORY,capacity-shadow,214,STORY_A,STORY,0,
1,DUPLICATED_STORY,capacity-shadow,215,STORY_B,STORY,1,
1,DUPLICATED_STORY,capacity-shadow,216,STORY_B,STORY,0,
1,DUPLICATED_STORY,capacity-shadow,217,STORY_A,STORY,1,
1,DUPLICATED_STORY,capacity-shadow,218,STORY_B,STORY,1,
1,DUPLICATED_STORY,capacity-shadow,219,STORY_A,STORY,0,
1,DUPLICATED_STORY,capacity-shadow,220,STORY_B,STORY,0,
1,DUPLICATED_STORY,capacity-shadow,221,STORY_B,STORY,1,
1,DUPLICATED_STORY,capacity-shadow,222,STORY_A,STORY,1,
1,DUPLICATED_STORY,capacity-shadow,223,STORY_A,STORY,0,
1,DUPLICATED_STORY,capacity-shadow,224,STORY_B,STORY,0,
1,DUPLICATED_STORY,capacity-shadow,225,STORY_B,STORY,1,
1,DUPLICATED_STORY,capacity-shadow,226,STORY_A,STORY,1,
1,DUPLICATED_STORY,capacity-shadow,227,STORY_B,STORY,0,
1,DUPLICATED_STORY,capacity-shadow,228,STORY_B,STORY,1,
1,DUPLICATED_STORY,capacity-shadow,229,STORY_B,STORY,0,
1,DUPLICATED_STORY,capacity-shadow,230,STORY_B,STORY,1,
1,DUPLICATED_STORY,capacity-shadow,231,STORY_A,STORY,0,
1,DUPLICATED_STORY,capacity-shadow,232,STORY_A,STORY,1,
1,DUPLICATED_STORY,capacity-shadow,233,STORY_B,STORY,0,
1,DUPLICATED_STORY,capacity-shadow,234,STORY_A,STORY,0,
1,DUPLICATED_STORY,capacity-shadow,235,STORY_A,STORY,1,
1,DUPLICATED_STORY,capacity-shadow,236,STORY_B,STORY,1,
1,DUPLICATED_STORY,capacity-shadow,237,STORY_B,STORY,0,
1,DUPLICATED_STORY,capacity-shadow,238,STORY_B,STORY,1,
1,DUPLICATED_STORY,capacity-shadow,239,STORY_A,STORY,0,
1,DUPLICATED_STORY,capacity-shadow,240,STORY_A,STORY,1,
1,DUPLICATED_STORY,capacity-shadow,241,STORY_B,STORY,0,
1,DUPLICATED_STORY,capacity-shadow,242,STORY_A,STORY,0,
1,DUPLICATED_STORY,capacity-shadow,243,STORY_A,STORY,1,
1,DUPLICATED_STORY,capacity-shadow,244,STORY_A,STORY,0,
1,DUPLICATED_STORY,capacity-shadow,245,STORY_B,STORY,1,
1,DUPLICATED_STORY,capacity-shadow,246,STORY_B,STORY,0,
1,DUPLICATED_STORY,capacity-shadow,247,STORY_B,STORY,1,
1,DUPLICATED_STORY,capacity-shadow,248,STORY_B,STORY,0,
1,DUPLICATED_STORY,capacity-shadow,249,STORY_A,STORY,1,
1,DUPLICATED_STORY,capacity-shadow,250,STORY_B,STORY,1,
1,DUPLICATED_STORY,capacity-shadow,251,STORY_A,STORY,0,
1,DUPLICATED_STORY,capacity-shadow,252,STORY_B,STORY,0,
1,DUPLICATED_STORY,capacity-shadow,253,STORY_B,STORY,1,
1,DUPLICATED_STORY,capacity-shadow,254,STORY_B,STORY,0,
1,DUPLICATED_STORY,capacity-shadow,255,STORY_B,STORY,1,
1,DUPLICATED_STORY,capacity-shadow,256,STORY_B,STORY,0,
1,DUPLICATED_STORY,geometry-shadow,1,STORY_B,STORY,0,0.4800124764442444
1,DUPLICATED_STORY,geometry-shadow,2,STORY_A,STORY,1,-0.2511190176010132
1,DUPLICATED_STORY,geometry-shadow,3,STORY_B,STORY,1,-0.5624485611915588
1,DUPLICATED_STORY,geometry-shadow,4,STORY_A,STORY,0,0.9931679964065552
1,DUPLICATED_STORY,geometry-shadow,5,STORY_A,STORY,0,0.3727782964706421
1,DUPLICATED_STORY,geometry-shadow,6,STORY_A,STORY,1,-0.1782088279724121
1,DUPLICATED_STORY,geometry-shadow,7,STORY_A,STORY,0,0.5371005535125732
1,DUPLICATED_STORY,geometry-shadow,8,STORY_A,STORY,1,-1.0085457563400269
1,DUPLICATED_STORY,geometry-shadow,9,STORY_A,STORY,1,-0.1820250749588012
1,DUPLICATED_STORY,geometry-shadow,10,STORY_B,STORY,1,-0.4319384098052978
1,DUPLICATED_STORY,geometry-shadow,11,STORY_A,STORY,0,0.5641924738883972
1,DUPLICATED_STORY,geometry-shadow,12,STORY_B,STORY,1,-0.3836195468902588
1,DUPLICATED_STORY,geometry-shadow,13,STORY_A,STORY,1,-0.7508394122123718
1,DUPLICATED_STORY,geometry-shadow,14,STORY_A,STORY,1,-0.1590555906295776
1,DUPLICATED_STORY,geometry-shadow,15,STORY_B,STORY,1,-0.9441345930099488
1,DUPLICATED_STORY,geometry-shadow,16,STORY_B,STORY,0,0.7869186997413635
1,DUPLICATED_STORY,geometry-shadow,17,STORY_A,STORY,0,0.6380961537361145
1,DUPLICATED_STORY,geometry-shadow,18,STORY_A,STORY,1,-0.1786565780639648
1,DUPLICATED_STORY,geometry-shadow,19,STORY_A,STORY,1,-0.3775250911712646
1,DUPLICATED_STORY,geometry-shadow,20,STORY_B,STORY,0,0.150687575340271
1,DUPLICATED_STORY,geometry-shadow,21,STORY_B,STORY,0,0.4959750175476074
1,DUPLICATED_STORY,geometry-shadow,22,STORY_B,STORY,0,1.2009217739105225
1,DUPLICATED_STORY,geometry-shadow,23,STORY_A,STORY,0,0.2105605602264404
1,DUPLICATED_STORY,geometry-shadow,24,STORY_B,STORY,0,0.5708763003349304
1,DUPLICATED_STORY,geometry-shadow,25,STORY_A,STORY,1,-0.7208516597747803
1,DUPLICATED_STORY,geometry-shadow,26,STORY_B,STORY,1,-0.3458857536315918
1,DUPLICATED_STORY,geometry-shadow,27,STORY_A,STORY,0,0.6567859053611755
1,DUPLICATED_STORY,geometry-shadow,28,STORY_B,STORY,0,1.017661213874817
1,DUPLICATED_STORY,geometry-shadow,29,STORY_A,STORY,0,0.9262728095054626
1,DUPLICATED_STORY,geometry-shadow,30,STORY_B,STORY,0,0.1181783676147461
1,DUPLICATED_STORY,geometry-shadow,31,STORY_A,STORY,1,-0.0993450880050659
1,DUPLICATED_STORY,geometry-shadow,32,STORY_A,STORY,1,-0.840928316116333
1,DUPLICATED_STORY,geometry-shadow,33,STORY_B,STORY,0,0.1723726987838745
1,DUPLICATED_STORY,geometry-shadow,34,STORY_B,STORY,1,-1.0014660358428955
1,DUPLICATED_STORY,geometry-shadow,35,STORY_A,STORY,0,0.2888994216918945
1,DUPLICATED_STORY,geometry-shadow,36,STORY_B,STORY,0,0.5209767818450928
1,DUPLICATED_STORY,geometry-shadow,37,STORY_B,STORY,1,-0.2635368108749389
1,DUPLICATED_STORY,geometry-shadow,38,STORY_B,STORY,0,1.0849003791809082
1,DUPLICATED_STORY,geometry-shadow,39,STORY_B,STORY,1,-0.0753217935562133
1,DUPLICATED_STORY,geometry-shadow,40,STORY_A,STORY,1,-0.2232431173324585
1,DUPLICATED_STORY,geometry-shadow,41,STORY_A,STORY,1,-0.0807013511657714
1,DUPLICATED_STORY,geometry-shadow,42,STORY_A,STORY,1,-0.2718794345855713
1,DUPLICATED_STORY,geometry-shadow,43,STORY_B,STORY,1,-0.1277096271514892
1,DUPLICATED_STORY,geometry-shadow,44,STORY_B,STORY,1,-0.3969016075134277
1,DUPLICATED_STORY,geometry-shadow,45,STORY_B,STORY,0,0.590568482875824
1,DUPLICATED_STORY,geometry-shadow,46,STORY_A,STORY,1,-0.3330768346786499
1,DUPLICATED_STORY,geometry-shadow,47,STORY_B,STORY,1,-0.3268197178840637
1,DUPLICATED_STORY,geometry-shadow,48,STORY_A,STORY,1,-1.0617997646331787
1,DUPLICATED_STORY,geometry-shadow,49,STORY_A,STORY,1,-0.7272312045097351
1,DUPLICATED_STORY,geometry-shadow,50,STORY_B,STORY,1,-0.6931570768356323
1,DUPLICATED_STORY,geometry-shadow,51,STORY_A,STORY,1,-0.0609786510467529
1,DUPLICATED_STORY,geometry-shadow,52,STORY_B,STORY,0,0.4955546855926513
1,DUPLICATED_STORY,geometry-shadow,53,STORY_A,STORY,0,0.962300419807434
1,DUPLICATED_STORY,geometry-shadow,54,STORY_A,STORY,0,0.3473629355430603
1,DUPLICATED_STORY,geometry-shadow,55,STORY_B,STORY,1,-0.5170750617980957
1,DUPLICATED_STORY,geometry-shadow,56,STORY_A,STORY,0,0.4316236972808838
1,DUPLICATED_STORY,geometry-shadow,57,STORY_B,STORY,1,-0.2281135320663452
1,DUPLICATED_STORY,geometry-shadow,58,STORY_B,STORY,0,0.8258830904960632
1,DUPLICATED_STORY,geometry-shadow,59,STORY_A,STORY,0,0.3440819978713989
1,DUPLICATED_STORY,geometry-shadow,60,STORY_B,STORY,0,1.1454288959503174
1,DUPLICATED_STORY,geometry-shadow,61,STORY_A,STORY,0,0.3643584251403808
1,DUPLICATED_STORY,geometry-shadow,62,STORY_B,STORY,1,-1.1110295057296753
1,DUPLICATED_STORY,geometry-shadow,63,STORY_B,STORY,0,0.4111895561218261
1,DUPLICATED_STORY,geometry-shadow,64,STORY_B,STORY,0,1.0631951093673706
1,DUPLICATED_STORY,geometry-shadow,65,STORY_A,STORY,0,0.4953969120979309
1,DUPLICATED_STORY,geometry-shadow,66,STORY_B,STORY,1,-0.4460947513580322
1,DUPLICATED_STORY,geometry-shadow,67,STORY_B,STORY,0,1.1599048376083374
1,DUPLICATED_STORY,geometry-shadow,68,STORY_A,STORY,1,-0.887700080871582
1,DUPLICATED_STORY,geometry-shadow,69,STORY_A,STORY,0,0.8872202038764954
1,DUPLICATED_STORY,geometry-shadow,70,STORY_B,STORY,0,0.4878756999969482
1,DUPLICATED_STORY,geometry-shadow,71,STORY_B,STORY,1,-0.4869298338890075
1,DUPLICATED_STORY,geometry-shadow,72,STORY_A,STORY,1,-0.2898732423782348
1,DUPLICATED_STORY,geometry-shadow,73,STORY_B,STORY,1,-0.2226612567901611
1,DUPLICATED_STORY,geometry-shadow,74,STORY_A,STORY,1,-0.0873991250991821
1,DUPLICATED_STORY,geometry-shadow,75,STORY_B,STORY,1,-0.8705639243125916
1,DUPLICATED_STORY,geometry-shadow,76,STORY_B,STORY,0,0.3926372528076172
1,DUPLICATED_STORY,geometry-shadow,77,STORY_B,STORY,0,0.298866868019104
1,DUPLICATED_STORY,geometry-shadow,78,STORY_B,STORY,0,0.8045527935028076
1,DUPLICATED_STORY,geometry-shadow,79,STORY_A,STORY,0,0.1690583229064941
1,DUPLICATED_STORY,geometry-shadow,80,STORY_A,STORY,1,-0.3544133901596069
1,DUPLICATED_STORY,geometry-shadow,81,STORY_A,STORY,1,-1.236286163330078
1,DUPLICATED_STORY,geometry-shadow,82,STORY_A,STORY,1,-0.0636945962905883
1,DUPLICATED_STORY,geometry-shadow,83,STORY_B,STORY,1,-0.66837477684021
1,DUPLICATED_STORY,geometry-shadow,84,STORY_B,STORY,0,0.4130587577819824
1,DUPLICATED_STORY,geometry-shadow,85,STORY_B,STORY,0,0.124785304069519
1,DUPLICATED_STORY,geometry-shadow,86,STORY_A,STORY,1,-0.2146281003952026
1,DUPLICATED_STORY,geometry-shadow,87,STORY_A,STORY,1,-0.1501743793487548
1,DUPLICATED_STORY,geometry-shadow,88,STORY_A,STORY,1,-0.5619441270828247
1,DUPLICATED_STORY,geometry-shadow,89,STORY_A,STORY,0,0.240238070487976
1,DUPLICATED_STORY,geometry-shadow,90,STORY_B,STORY,1,-0.7192344665527344
1,DUPLICATED_STORY,geometry-shadow,91,STORY_A,STORY,0,0.7397871017456055
1,DUPLICATED_STORY,geometry-shadow,92,STORY_B,STORY,0,0.843339204788208
1,DUPLICATED_STORY,geometry-shadow,93,STORY_B,STORY,1,-0.4298833012580871
1,DUPLICATED_STORY,geometry-shadow,94,STORY_B,STORY,1,-0.39607834815979
1,DUPLICATED_STORY,geometry-shadow,95,STORY_A,STORY,1,-0.1590321063995361
1,DUPLICATED_STORY,geometry-shadow,96,STORY_B,STORY,1,-0.342008113861084
1,DUPLICATED_STORY,geometry-shadow,97,STORY_B,STORY,1,-0.7465230226516724
1,DUPLICATED_STORY,geometry-shadow,98,STORY_B,STORY,1,-0.3395055532455444
1,DUPLICATED_STORY,geometry-shadow,99,STORY_A,STORY,1,-0.0134397745132446
1,DUPLICATED_STORY,geometry-shadow,100,STORY_B,STORY,0,1.1403110027313232
1,DUPLICATED_STORY,geometry-shadow,101,STORY_A,STORY,0,0.3912386894226074
1,DUPLICATED_STORY,geometry-shadow,102,STORY_A,STORY,0,0.7354958057403564
1,DUPLICATED_STORY,geometry-shadow,103,STORY_B,STORY,1,-0.4546315670013428
1,DUPLICATED_STORY,geometry-shadow,104,STORY_A,STORY,0,0.4065887928009033
1,DUPLICATED_STORY,geometry-shadow,105,STORY_B,STORY,1,-0.3316086530685425
1,DUPLICATED_STORY,geometry-shadow,106,STORY_B,STORY,1,-0.1156436204910278
1,DUPLICATED_STORY,geometry-shadow,107,STORY_A,STORY,1,-0.5927760601043701
1,DUPLICATED_STORY,geometry-shadow,108,STORY_B,STORY,1,-1.0068600177764893
1,DUPLICATED_STORY,geometry-shadow,109,STORY_B,STORY,1,-1.0933339595794678
1,DUPLICATED_STORY,geometry-shadow,110,STORY_A,STORY,1,-0.91095232963562
1,DUPLICATED_STORY,geometry-shadow,111,STORY_A,STORY,1,-0.2370918989181518
1,DUPLICATED_STORY,geometry-shadow,112,STORY_B,STORY,1,-0.4748781323432922
1,DUPLICATED_STORY,geometry-shadow,113,STORY_B,STORY,0,0.8006526231765747
1,DUPLICATED_STORY,geometry-shadow,114,STORY_A,STORY,0,0.563207745552063
1,DUPLICATED_STORY,geometry-shadow,115,STORY_A,STORY,1,-0.0441449880599975
1,DUPLICATED_STORY,geometry-shadow,116,STORY_A,STORY,0,0.7816653847694397
1,DUPLICATED_STORY,geometry-shadow,117,STORY_B,STORY,0,0.7505813837051392
1,DUPLICATED_STORY,geometry-shadow,118,STORY_B,STORY,1,-1.1332285404205322
1,DUPLICATED_STORY,geometry-shadow,119,STORY_A,STORY,1,-0.8890050649642944
1,DUPLICATED_STORY,geometry-shadow,120,STORY_B,STORY,0,0.7112970352172852
1,DUPLICATED_STORY,geometry-shadow,121,STORY_B,STORY,1,-0.9819319248199464
1,DUPLICATED_STORY,geometry-shadow,122,STORY_B,STORY,0,0.1737523078918457
1,DUPLICATED_STORY,geometry-shadow,123,STORY_A,STORY,1,-0.8752138018608093
1,DUPLICATED_STORY,geometry-shadow,124,STORY_A,STORY,0,0.7238779664039612
1,DUPLICATED_STORY,geometry-shadow,125,STORY_B,STORY,1,-0.2448940277099609
1,DUPLICATED_STORY,geometry-shadow,126,STORY_A,STORY,0,1.203909158706665
1,DUPLICATED_STORY,geometry-shadow,127,STORY_B,STORY,1,-0.1942489147186279
1,DUPLICATED_STORY,geometry-shadow,128,STORY_A,STORY,0,0.5767711997032166
1,DUPLICATED_STORY,geometry-shadow,129,STORY_B,STORY,0,0.3359886407852173
1,DUPLICATED_STORY,geometry-shadow,130,STORY_A,STORY,1,-0.0278959274291992
1,DUPLICATED_STORY,geometry-shadow,131,STORY_A,STORY,0,0.4020367264747619
1,DUPLICATED_STORY,geometry-shadow,132,STORY_A,STORY,0,0.3790159225463867
1,DUPLICATED_STORY,geometry-shadow,133,STORY_A,STORY,0,0.7335660457611084
1,DUPLICATED_STORY,geometry-shadow,134,STORY_A,STORY,0,0.0499920845031738
1,DUPLICATED_STORY,geometry-shadow,135,STORY_A,STORY,1,-0.438946783542633
1,DUPLICATED_STORY,geometry-shadow,136,STORY_A,STORY,0,1.130442500114441
1,DUPLICATED_STORY,geometry-shadow,137,STORY_B,STORY,0,0.1427003145217895
1,DUPLICATED_STORY,geometry-shadow,138,STORY_A,STORY,1,-0.3331629037857055
1,DUPLICATED_STORY,geometry-shadow,139,STORY_A,STORY,1,-0.9039915204048156
1,DUPLICATED_STORY,geometry-shadow,140,STORY_B,STORY,0,0.3340482115745544
1,DUPLICATED_STORY,geometry-shadow,141,STORY_A,STORY,0,0.2753623723983764
1,DUPLICATED_STORY,geometry-shadow,142,STORY_A,STORY,0,0.0800065994262695
1,DUPLICATED_STORY,geometry-shadow,143,STORY_B,STORY,0,0.2366489171981811
1,DUPLICATED_STORY,geometry-shadow,144,STORY_A,STORY,1,-0.3099652528762817
1,DUPLICATED_STORY,geometry-shadow,145,STORY_A,STORY,0,0.5905005931854248
1,DUPLICATED_STORY,geometry-shadow,146,STORY_B,STORY,0,0.0257694721221923
1,DUPLICATED_STORY,geometry-shadow,147,STORY_A,STORY,0,0.1790425777435302
1,DUPLICATED_STORY,geometry-shadow,148,STORY_B,STORY,0,0.684615969657898
1,DUPLICATED_STORY,geometry-shadow,149,STORY_A,STORY,0,0.7669342756271362
1,DUPLICATED_STORY,geometry-shadow,150,STORY_B,STORY,1,-0.1570872068405151
1,DUPLICATED_STORY,geometry-shadow,151,STORY_B,STORY,1,-0.3704880475997925
1,DUPLICATED_STORY,geometry-shadow,152,STORY_B,STORY,1,-0.9623904824256896
1,DUPLICATED_STORY,geometry-shadow,153,STORY_A,STORY,0,0.7003675699234009
1,DUPLICATED_STORY,geometry-shadow,154,STORY_B,STORY,1,-0.502562940120697
1,DUPLICATED_STORY,geometry-shadow,155,STORY_A,STORY,1,-0.2717368602752685
1,DUPLICATED_STORY,geometry-shadow,156,STORY_B,STORY,1,-0.0457004308700561
1,DUPLICATED_STORY,geometry-shadow,157,STORY_A,STORY,0,1.1853160858154297
1,DUPLICATED_STORY,geometry-shadow,158,STORY_B,STORY,0,0.2351022958755493
1,DUPLICATED_STORY,geometry-shadow,159,STORY_A,STORY,0,0.955016016960144
1,DUPLICATED_STORY,geometry-shadow,160,STORY_B,STORY,0,0.3435938358306885
1,DUPLICATED_STORY,geometry-shadow,161,STORY_B,STORY,1,-0.2881035804748535
1,DUPLICATED_STORY,geometry-shadow,162,STORY_A,STORY,0,0.5411209464073181
1,DUPLICATED_STORY,geometry-shadow,163,STORY_A,STORY,0,0.2222652435302734
1,DUPLICATED_STORY,geometry-shadow,164,STORY_B,STORY,0,0.8310960531234741
1,DUPLICATED_STORY,geometry-shadow,165,STORY_A,STORY,0,0.9807393550872804
1,DUPLICATED_STORY,geometry-shadow,166,STORY_A,STORY,0,1.246239185333252
1,DUPLICATED_STORY,geometry-shadow,167,STORY_A,STORY,0,0.1215976476669311
1,DUPLICATED_STORY,geometry-shadow,168,STORY_A,STORY,1,-0.8968666195869446
1,DUPLICATED_STORY,geometry-shadow,169,STORY_B,STORY,0,0.4988996982574463
1,DUPLICATED_STORY,geometry-shadow,170,STORY_A,STORY,1,-0.8762669563293457
1,DUPLICATED_STORY,geometry-shadow,171,STORY_A,STORY,0,0.8220211267471313
1,DUPLICATED_STORY,geometry-shadow,172,STORY_A,STORY,0,0.6945576667785645
1,DUPLICATED_STORY,geometry-shadow,173,STORY_A,STORY,0,0.0997025966644287
1,DUPLICATED_STORY,geometry-shadow,174,STORY_A,STORY,0,0.4412875771522522
1,DUPLICATED_STORY,geometry-shadow,175,STORY_A,STORY,0,0.1012136936187744
1,DUPLICATED_STORY,geometry-shadow,176,STORY_B,STORY,0,0.2913597822189331
1,DUPLICATED_STORY,geometry-shadow,177,STORY_B,STORY,1,-0.6152650117874146
1,DUPLICATED_STORY,geometry-shadow,178,STORY_A,STORY,0,0.1696460247039795
1,DUPLICATED_STORY,geometry-shadow,179,STORY_B,STORY,0,0.1474210023880005
1,DUPLICATED_STORY,geometry-shadow,180,STORY_B,STORY,0,0.0872771739959716
1,DUPLICATED_STORY,geometry-shadow,181,STORY_A,STORY,0,0.0166226625442504
1,DUPLICATED_STORY,geometry-shadow,182,STORY_A,STORY,1,-0.0645622014999389
1,DUPLICATED_STORY,geometry-shadow,183,STORY_A,STORY,0,0.9829511046409608
1,DUPLICATED_STORY,geometry-shadow,184,STORY_A,STORY,0,0.306706428527832
1,DUPLICATED_STORY,geometry-shadow,185,STORY_A,STORY,0,0.6782641410827637
1,DUPLICATED_STORY,geometry-shadow,186,STORY_B,STORY,0,1.0370182991027832
1,DUPLICATED_STORY,geometry-shadow,187,STORY_B,STORY,0,0.7552194595336914
1,DUPLICATED_STORY,geometry-shadow,188,STORY_A,STORY,0,0.7315794825553894
1,DUPLICATED_STORY,geometry-shadow,189,STORY_A,STORY,0,0.0766975879669189
1,DUPLICATED_STORY,geometry-shadow,190,STORY_A,STORY,1,-0.5329958200454712
1,DUPLICATED_STORY,geometry-shadow,191,STORY_A,STORY,0,0.6824778914451599
1,DUPLICATED_STORY,geometry-shadow,192,STORY_A,STORY,0,0.9050564169883728
1,DUPLICATED_STORY,geometry-shadow,193,STORY_B,STORY,1,-0.5134019255638123
1,DUPLICATED_STORY,geometry-shadow,194,STORY_A,STORY,1,-0.5544321537017822
1,DUPLICATED_STORY,geometry-shadow,195,STORY_A,STORY,1,-0.2178679704666137
1,DUPLICATED_STORY,geometry-shadow,196,STORY_B,STORY,0,0.8226290345191956
1,DUPLICATED_STORY,geometry-shadow,197,STORY_A,STORY,1,-0.3138242363929748
1,DUPLICATED_STORY,geometry-shadow,198,STORY_A,STORY,0,0.8794214725494385
1,DUPLICATED_STORY,geometry-shadow,199,STORY_A,STORY,1,-0.8247957229614258
1,DUPLICATED_STORY,geometry-shadow,200,STORY_B,STORY,1,-0.1018904447555542
1,DUPLICATED_STORY,geometry-shadow,201,STORY_B,STORY,0,0.0918787717819213
1,DUPLICATED_STORY,geometry-shadow,202,STORY_B,STORY,1,-0.2798231244087219
1,DUPLICATED_STORY,geometry-shadow,203,STORY_A,STORY,0,0.7063531875610352
1,DUPLICATED_STORY,geometry-shadow,204,STORY_B,STORY,0,0.4536404609680176
1,DUPLICATED_STORY,geometry-shadow,205,STORY_B,STORY,1,-0.6632563471794128
1,DUPLICATED_STORY,geometry-shadow,206,STORY_B,STORY,1,-0.4757248163223266
1,DUPLICATED_STORY,geometry-shadow,207,STORY_B,STORY,1,-0.5288658738136292
1,DUPLICATED_STORY,geometry-shadow,208,STORY_A,STORY,0,0.3541374802589416
1,DUPLICATED_STORY,geometry-shadow,209,STORY_B,STORY,1,-0.2592388987541199
1,DUPLICATED_STORY,geometry-shadow,210,STORY_B,STORY,1,-0.3238500952720642
1,DUPLICATED_STORY,geometry-shadow,211,STORY_B,STORY,1,-0.7704253196716309
1,DUPLICATED_STORY,geometry-shadow,212,STORY_B,STORY,0,1.0139973163604736
1,DUPLICATED_STORY,geometry-shadow,213,STORY_B,STORY,0,1.101806640625
1,DUPLICATED_STORY,geometry-shadow,214,STORY_A,STORY,1,-0.7287321090698242
1,DUPLICATED_STORY,geometry-shadow,215,STORY_B,STORY,0,0.7822790741920471
1,DUPLICATED_STORY,geometry-shadow,216,STORY_B,STORY,0,1.2095701694488523
1,DUPLICATED_STORY,geometry-shadow,217,STORY_A,STORY,0,1.0512714385986328
1,DUPLICATED_STORY,geometry-shadow,218,STORY_B,STORY,0,0.1934891939163208
1,DUPLICATED_STORY,geometry-shadow,219,STORY_A,STORY,1,-0.0186389684677124
1,DUPLICATED_STORY,geometry-shadow,220,STORY_B,STORY,0,0.130028486251831
1,DUPLICATED_STORY,geometry-shadow,221,STORY_B,STORY,1,-0.7225508689880371
1,DUPLICATED_STORY,geometry-shadow,222,STORY_A,STORY,1,-1.0477707386016846
1,DUPLICATED_STORY,geometry-shadow,223,STORY_A,STORY,0,1.1030066013336182
1,DUPLICATED_STORY,geometry-shadow,224,STORY_B,STORY,1,-0.2409045696258545
1,DUPLICATED_STORY,geometry-shadow,225,STORY_B,STORY,1,-0.7704333066940308
1,DUPLICATED_STORY,geometry-shadow,226,STORY_A,STORY,0,1.1155037879943848
1,DUPLICATED_STORY,geometry-shadow,227,STORY_B,STORY,0,0.8616747260093689
1,DUPLICATED_STORY,geometry-shadow,228,STORY_B,STORY,0,0.3551345467567444
1,DUPLICATED_STORY,geometry-shadow,229,STORY_B,STORY,1,-0.7290877103805542
1,DUPLICATED_STORY,geometry-shadow,230,STORY_B,STORY,1,-0.1365350484848022
1,DUPLICATED_STORY,geometry-shadow,231,STORY_A,STORY,0,0.7819926738739014
1,DUPLICATED_STORY,geometry-shadow,232,STORY_A,STORY,1,-0.9992462992668152
1,DUPLICATED_STORY,geometry-shadow,233,STORY_B,STORY,0,0.9517568349838256
1,DUPLICATED_STORY,geometry-shadow,234,STORY_A,STORY,0,0.9019284248352052
1,DUPLICATED_STORY,geometry-shadow,235,STORY_A,STORY,1,-0.8375471830368042
1,DUPLICATED_STORY,geometry-shadow,236,STORY_B,STORY,0,0.2319017648696899
1,DUPLICATED_STORY,geometry-shadow,237,STORY_B,STORY,0,0.7416931390762329
1,DUPLICATED_STORY,geometry-shadow,238,STORY_B,STORY,0,0.9749941229820251
1,DUPLICATED_STORY,geometry-shadow,239,STORY_A,STORY,0,0.0576907396316528
1,DUPLICATED_STORY,geometry-shadow,240,STORY_A,STORY,0,0.0347728729248046
1,DUPLICATED_STORY,geometry-shadow,241,STORY_B,STORY,0,0.4452747106552124
1,DUPLICATED_STORY,geometry-shadow,242,STORY_A,STORY,0,0.5665257573127747
1,DUPLICATED_STORY,geometry-shadow,243,STORY_A,STORY,0,0.1069395542144775
1,DUPLICATED_STORY,geometry-shadow,244,STORY_A,STORY,1,-0.2506154775619507
1,DUPLICATED_STORY,geometry-shadow,245,STORY_B,STORY,1,-0.7779010534286499
1,DUPLICATED_STORY,geometry-shadow,246,STORY_B,STORY,0,0.5785684585571289
1,DUPLICATED_STORY,geometry-shadow,247,STORY_B,STORY,1,-1.0499333143234253
1,DUPLICATED_STORY,geometry-shadow,248,STORY_B,STORY,1,-0.6097756028175354
1,DUPLICATED_STORY,geometry-shadow,249,STORY_A,STORY,0,0.9652919173240662
1,DUPLICATED_STORY,geometry-shadow,250,STORY_B,STORY,0,0.06498384475708
1,DUPLICATED_STORY,geometry-shadow,251,STORY_A,STORY,0,0.2217023372650146
1,DUPLICATED_STORY,geometry-shadow,252,STORY_B,STORY,0,0.4167802333831787
1,DUPLICATED_STORY,geometry-shadow,253,STORY_B,STORY,0,0.024847388267517
1,DUPLICATED_STORY,geometry-shadow,254,STORY_B,STORY,0,0.160603642463684
1,DUPLICATED_STORY,geometry-shadow,255,STORY_B,STORY,0,0.5203847289085388
1,DUPLICATED_STORY,geometry-shadow,256,STORY_B,STORY,0,0.2109231948852539
1,STORY_ARITHMETIC,capacity-shadow,1,ARITHMETIC,ARITHMETIC,1,
1,STORY_ARITHMETIC,capacity-shadow,2,ARITHMETIC,ARITHMETIC,0,
1,STORY_ARITHMETIC,capacity-shadow,3,STORY_A,STORY,1,
1,STORY_ARITHMETIC,capacity-shadow,4,ARITHMETIC,ARITHMETIC,1,
1,STORY_ARITHMETIC,capacity-shadow,5,ARITHMETIC,ARITHMETIC,0,
1,STORY_ARITHMETIC,capacity-shadow,6,STORY_A,STORY,0,
1,STORY_ARITHMETIC,capacity-shadow,7,STORY_A,STORY,1,
1,STORY_ARITHMETIC,capacity-shadow,8,STORY_A,STORY,0,
1,STORY_ARITHMETIC,capacity-shadow,9,ARITHMETIC,ARITHMETIC,1,
1,STORY_ARITHMETIC,capacity-shadow,10,ARITHMETIC,ARITHMETIC,0,
1,STORY_ARITHMETIC,capacity-shadow,11,ARITHMETIC,ARITHMETIC,1,
1,STORY_ARITHMETIC,capacity-shadow,12,ARITHMETIC,ARITHMETIC,0,
1,STORY_ARITHMETIC,capacity-shadow,13,ARITHMETIC,ARITHMETIC,1,
1,STORY_ARITHMETIC,capacity-shadow,14,STORY_A,STORY,1,
1,STORY_ARITHMETIC,capacity-shadow,15,STORY_A,STORY,0,
1,STORY_ARITHMETIC,capacity-shadow,16,ARITHMETIC,ARITHMETIC,0,
1,STORY_ARITHMETIC,capacity-shadow,17,ARITHMETIC,ARITHMETIC,1,
1,STORY_ARITHMETIC,capacity-shadow,18,STORY_A,STORY,1,
1,STORY_ARITHMETIC,capacity-shadow,19,ARITHMETIC,ARITHMETIC,0,
1,STORY_ARITHMETIC,capacity-shadow,20,ARITHMETIC,ARITHMETIC,1,
1,STORY_ARITHMETIC,capacity-shadow,21,ARITHMETIC,ARITHMETIC,0,
1,STORY_ARITHMETIC,capacity-shadow,22,ARITHMETIC,ARITHMETIC,1,
1,STORY_ARITHMETIC,capacity-shadow,23,ARITHMETIC,ARITHMETIC,0,
1,STORY_ARITHMETIC,capacity-shadow,24,ARITHMETIC,ARITHMETIC,1,
1,STORY_ARITHMETIC,capacity-shadow,25,STORY_A,STORY,0,
1,STORY_ARITHMETIC,capacity-shadow,26,ARITHMETIC,ARITHMETIC,0,
1,STORY_ARITHMETIC,capacity-shadow,27,ARITHMETIC,ARITHMETIC,1,
1,STORY_ARITHMETIC,capacity-shadow,28,STORY_A,STORY,1,
1,STORY_ARITHMETIC,capacity-shadow,29,ARITHMETIC,ARITHMETIC,0,
1,STORY_ARITHMETIC,capacity-shadow,30,STORY_A,STORY,0,
1,STORY_ARITHMETIC,capacity-shadow,31,ARITHMETIC,ARITHMETIC,1,
1,STORY_ARITHMETIC,capacity-shadow,32,ARITHMETIC,ARITHMETIC,0,
1,STORY_ARITHMETIC,capacity-shadow,33,ARITHMETIC,ARITHMETIC,1,
1,STORY_ARITHMETIC,capacity-shadow,34,STORY_A,STORY,1,
1,STORY_ARITHMETIC,capacity-shadow,35,STORY_A,STORY,0,
1,STORY_ARITHMETIC,capacity-shadow,36,STORY_A,STORY,1,
1,STORY_ARITHMETIC,capacity-shadow,37,STORY_A,STORY,0,
1,STORY_ARITHMETIC,capacity-shadow,38,ARITHMETIC,ARITHMETIC,0,
1,STORY_ARITHMETIC,capacity-shadow,39,STORY_A,STORY,1,
1,STORY_ARITHMETIC,capacity-shadow,40,ARITHMETIC,ARITHMETIC,1,
1,STORY_ARITHMETIC,capacity-shadow,41,STORY_A,STORY,0,
1,STORY_ARITHMETIC,capacity-shadow,42,ARITHMETIC,ARITHMETIC,0,
1,STORY_ARITHMETIC,capacity-shadow,43,STORY_A,STORY,1,
1,STORY_ARITHMETIC,capacity-shadow,44,STORY_A,STORY,0,
1,STORY_ARITHMETIC,capacity-shadow,45,STORY_A,STORY,1,
1,STORY_ARITHMETIC,capacity-shadow,46,STORY_A,STORY,0,
1,STORY_ARITHMETIC,capacity-shadow,47,STORY_A,STORY,1,
1,STORY_ARITHMETIC,capacity-shadow,48,STORY_A,STORY,0,
1,STORY_ARITHMETIC,capacity-shadow,49,ARITHMETIC,ARITHMETIC,1,
1,STORY_ARITHMETIC,capacity-shadow,50,STORY_A,STORY,1,
1,STORY_ARITHMETIC,capacity-shadow,51,ARITHMETIC,ARITHMETIC,0,
1,STORY_ARITHMETIC,capacity-shadow,52,ARITHMETIC,ARITHMETIC,1,
1,STORY_ARITHMETIC,capacity-shadow,53,ARITHMETIC,ARITHMETIC,0,
1,STORY_ARITHMETIC,capacity-shadow,54,ARITHMETIC,ARITHMETIC,1,
1,STORY_ARITHMETIC,capacity-shadow,55,STORY_A,STORY,0,
1,STORY_ARITHMETIC,capacity-shadow,56,ARITHMETIC,ARITHMETIC,0,
1,STORY_ARITHMETIC,capacity-shadow,57,STORY_A,STORY,1,
1,STORY_ARITHMETIC,capacity-shadow,58,STORY_A,STORY,0,
1,STORY_ARITHMETIC,capacity-shadow,59,ARITHMETIC,ARITHMETIC,1,
1,STORY_ARITHMETIC,capacity-shadow,60,ARITHMETIC,ARITHMETIC,0,
1,STORY_ARITHMETIC,capacity-shadow,61,STORY_A,STORY,1,
1,STORY_ARITHMETIC,capacity-shadow,62,STORY_A,STORY,0,
1,STORY_ARITHMETIC,capacity-shadow,63,ARITHMETIC,ARITHMETIC,1,
1,STORY_ARITHMETIC,capacity-shadow,64,STORY_A,STORY,1,
1,STORY_ARITHMETIC,capacity-shadow,65,STORY_A,STORY,0,
1,STORY_ARITHMETIC,capacity-shadow,66,STORY_A,STORY,1,
1,STORY_ARITHMETIC,capacity-shadow,67,ARITHMETIC,ARITHMETIC,0,
1,STORY_ARITHMETIC,capacity-shadow,68,ARITHMETIC,ARITHMETIC,1,
1,STORY_ARITHMETIC,capacity-shadow,69,STORY_A,STORY,0,
1,STORY_ARITHMETIC,capacity-shadow,70,STORY_A,STORY,1,
1,STORY_ARITHMETIC,capacity-shadow,71,ARITHMETIC,ARITHMETIC,0,
1,STORY_ARITHMETIC,capacity-shadow,72,STORY_A,STORY,0,
1,STORY_ARITHMETIC,capacity-shadow,73,ARITHMETIC,ARITHMETIC,1,
1,STORY_ARITHMETIC,capacity-shadow,74,ARITHMETIC,ARITHMETIC,0,
1,STORY_ARITHMETIC,capacity-shadow,75,STORY_A,STORY,1,
1,STORY_ARITHMETIC,capacity-shadow,76,STORY_A,STORY,0,
1,STORY_ARITHMETIC,capacity-shadow,77,STORY_A,STORY,1,
1,STORY_ARITHMETIC,capacity-shadow,78,ARITHMETIC,ARITHMETIC,1,
1,STORY_ARITHMETIC,capacity-shadow,79,STORY_A,STORY,0,
1,STORY_ARITHMETIC,capacity-shadow,80,ARITHMETIC,ARITHMETIC,0,
1,STORY_ARITHMETIC,capacity-shadow,81,ARITHMETIC,ARITHMETIC,1,
1,STORY_ARITHMETIC,capacity-shadow,82,STORY_A,STORY,1,
1,STORY_ARITHMETIC,capacity-shadow,83,ARITHMETIC,ARITHMETIC,0,
1,STORY_ARITHMETIC,capacity-shadow,84,ARITHMETIC,ARITHMETIC,1,
1,STORY_ARITHMETIC,capacity-shadow,85,ARITHMETIC,ARITHMETIC,0,
1,STORY_ARITHMETIC,capacity-shadow,86,STORY_A,STORY,0,
1,STORY_ARITHMETIC,capacity-shadow,87,ARITHMETIC,ARITHMETIC,1,
1,STORY_ARITHMETIC,capacity-shadow,88,ARITHMETIC,ARITHMETIC,0,
1,STORY_ARITHMETIC,capacity-shadow,89,STORY_A,STORY,1,
1,STORY_ARITHMETIC,capacity-shadow,90,STORY_A,STORY,0,
1,STORY_ARITHMETIC,capacity-shadow,91,STORY_A,STORY,1,
1,STORY_ARITHMETIC,capacity-shadow,92,STORY_A,STORY,0,
1,STORY_ARITHMETIC,capacity-shadow,93,STORY_A,STORY,1,
1,STORY_ARITHMETIC,capacity-shadow,94,STORY_A,STORY,0,
1,STORY_ARITHMETIC,capacity-shadow,95,STORY_A,STORY,1,
1,STORY_ARITHMETIC,capacity-shadow,96,ARITHMETIC,ARITHMETIC,1,
1,STORY_ARITHMETIC,capacity-shadow,97,STORY_A,STORY,0,
1,STORY_ARITHMETIC,capacity-shadow,98,STORY_A,STORY,1,
1,STORY_ARITHMETIC,capacity-shadow,99,ARITHMETIC,ARITHMETIC,0,
1,STORY_ARITHMETIC,capacity-shadow,100,STORY_A,STORY,0,
1,STORY_ARITHMETIC,capacity-shadow,101,ARITHMETIC,ARITHMETIC,1,
1,STORY_ARITHMETIC,capacity-shadow,102,STORY_A,STORY,1,
1,STORY_ARITHMETIC,capacity-shadow,103,STORY_A,STORY,0,
1,STORY_ARITHMETIC,capacity-shadow,104,STORY_A,STORY,1,
1,STORY_ARITHMETIC,capacity-shadow,105,ARITHMETIC,ARITHMETIC,0,
1,STORY_ARITHMETIC,capacity-shadow,106,STORY_A,STORY,0,
1,STORY_ARITHMETIC,capacity-shadow,107,STORY_A,STORY,1,
1,STORY_ARITHMETIC,capacity-shadow,108,ARITHMETIC,ARITHMETIC,1,
1,STORY_ARITHMETIC,capacity-shadow,109,STORY_A,STORY,0,
1,STORY_ARITHMETIC,capacity-shadow,110,STORY_A,STORY,1,
1,STORY_ARITHMETIC,capacity-shadow,111,STORY_A,STORY,0,
1,STORY_ARITHMETIC,capacity-shadow,112,STORY_A,STORY,1,
1,STORY_ARITHMETIC,capacity-shadow,113,STORY_A,STORY,0,
1,STORY_ARITHMETIC,capacity-shadow,114,ARITHMETIC,ARITHMETIC,0,
1,STORY_ARITHMETIC,capacity-shadow,115,ARITHMETIC,ARITHMETIC,1,
1,STORY_ARITHMETIC,capacity-shadow,116,ARITHMETIC,ARITHMETIC,0,
1,STORY_ARITHMETIC,capacity-shadow,117,ARITHMETIC,ARITHMETIC,1,
1,STORY_ARITHMETIC,capacity-shadow,118,ARITHMETIC,ARITHMETIC,0,
1,STORY_ARITHMETIC,capacity-shadow,119,STORY_A,STORY,1,
1,STORY_ARITHMETIC,capacity-shadow,120,ARITHMETIC,ARITHMETIC,1,
1,STORY_ARITHMETIC,capacity-shadow,121,ARITHMETIC,ARITHMETIC,0,
1,STORY_ARITHMETIC,capacity-shadow,122,STORY_A,STORY,0,
1,STORY_ARITHMETIC,capacity-shadow,123,STORY_A,STORY,1,
1,STORY_ARITHMETIC,capacity-shadow,124,STORY_A,STORY,0,
1,STORY_ARITHMETIC,capacity-shadow,125,STORY_A,STORY,1,
1,STORY_ARITHMETIC,capacity-shadow,126,ARITHMETIC,ARITHMETIC,1,
1,STORY_ARITHMETIC,capacity-shadow,127,STORY_A,STORY,0,
1,STORY_ARITHMETIC,capacity-shadow,128,STORY_A,STORY,1,
1,STORY_ARITHMETIC,capacity-shadow,129,ARITHMETIC,ARITHMETIC,0,
1,STORY_ARITHMETIC,capacity-shadow,130,ARITHMETIC,ARITHMETIC,1,
1,STORY_ARITHMETIC,capacity-shadow,131,STORY_A,STORY,0,
1,STORY_ARITHMETIC,capacity-shadow,132,STORY_A,STORY,1,
1,STORY_ARITHMETIC,capacity-shadow,133,STORY_A,STORY,0,
1,STORY_ARITHMETIC,capacity-shadow,134,STORY_A,STORY,1,
1,STORY_ARITHMETIC,capacity-shadow,135,ARITHMETIC,ARITHMETIC,0,
1,STORY_ARITHMETIC,capacity-shadow,136,STORY_A,STORY,0,
1,STORY_ARITHMETIC,capacity-shadow,137,STORY_A,STORY,1,
1,STORY_ARITHMETIC,capacity-shadow,138,STORY_A,STORY,0,
1,STORY_ARITHMETIC,capacity-shadow,139,STORY_A,STORY,1,
1,STORY_ARITHMETIC,capacity-shadow,140,ARITHMETIC,ARITHMETIC,1,
1,STORY_ARITHMETIC,capacity-shadow,141,ARITHMETIC,ARITHMETIC,0,
1,STORY_ARITHMETIC,capacity-shadow,142,ARITHMETIC,ARITHMETIC,1,
1,STORY_ARITHMETIC,capacity-shadow,143,ARITHMETIC,ARITHMETIC,0,
1,STORY_ARITHMETIC,capacity-shadow,144,STORY_A,STORY,0,
1,STORY_ARITHMETIC,capacity-shadow,145,ARITHMETIC,ARITHMETIC,1,
1,STORY_ARITHMETIC,capacity-shadow,146,STORY_A,STORY,1,
1,STORY_ARITHMETIC,capacity-shadow,147,STORY_A,STORY,0,
1,STORY_ARITHMETIC,capacity-shadow,148,ARITHMETIC,ARITHMETIC,0,
1,STORY_ARITHMETIC,capacity-shadow,149,STORY_A,STORY,1,
1,STORY_ARITHMETIC,capacity-shadow,150,ARITHMETIC,ARITHMETIC,1,
1,STORY_ARITHMETIC,capacity-shadow,151,ARITHMETIC,ARITHMETIC,0,
1,STORY_ARITHMETIC,capacity-shadow,152,ARITHMETIC,ARITHMETIC,1,
1,STORY_ARITHMETIC,capacity-shadow,153,STORY_A,STORY,0,
1,STORY_ARITHMETIC,capacity-shadow,154,ARITHMETIC,ARITHMETIC,0,
1,STORY_ARITHMETIC,capacity-shadow,155,ARITHMETIC,ARITHMETIC,1,
1,STORY_ARITHMETIC,capacity-shadow,156,ARITHMETIC,ARITHMETIC,0,
1,STORY_ARITHMETIC,capacity-shadow,157,STORY_A,STORY,1,
1,STORY_ARITHMETIC,capacity-shadow,158,ARITHMETIC,ARITHMETIC,1,
1,STORY_ARITHMETIC,capacity-shadow,159,ARITHMETIC,ARITHMETIC,0,
1,STORY_ARITHMETIC,capacity-shadow,160,STORY_A,STORY,0,
1,STORY_ARITHMETIC,capacity-shadow,161,STORY_A,STORY,1,
1,STORY_ARITHMETIC,capacity-shadow,162,STORY_A,STORY,0,
1,STORY_ARITHMETIC,capacity-shadow,163,ARITHMETIC,ARITHMETIC,1,
1,STORY_ARITHMETIC,capacity-shadow,164,ARITHMETIC,ARITHMETIC,0,
1,STORY_ARITHMETIC,capacity-shadow,165,STORY_A,STORY,1,
1,STORY_ARITHMETIC,capacity-shadow,166,STORY_A,STORY,0,
1,STORY_ARITHMETIC,capacity-shadow,167,STORY_A,STORY,1,
1,STORY_ARITHMETIC,capacity-shadow,168,STORY_A,STORY,0,
1,STORY_ARITHMETIC,capacity-shadow,169,STORY_A,STORY,1,
1,STORY_ARITHMETIC,capacity-shadow,170,STORY_A,STORY,0,
1,STORY_ARITHMETIC,capacity-shadow,171,ARITHMETIC,ARITHMETIC,1,
1,STORY_ARITHMETIC,capacity-shadow,172,STORY_A,STORY,1,
1,STORY_ARITHMETIC,capacity-shadow,173,STORY_A,STORY,0,
1,STORY_ARITHMETIC,capacity-shadow,174,ARITHMETIC,ARITHMETIC,0,
1,STORY_ARITHMETIC,capacity-shadow,175,STORY_A,STORY,1,
1,STORY_ARITHMETIC,capacity-shadow,176,STORY_A,STORY,0,
1,STORY_ARITHMETIC,capacity-shadow,177,ARITHMETIC,ARITHMETIC,1,
1,STORY_ARITHMETIC,capacity-shadow,178,ARITHMETIC,ARITHMETIC,0,
1,STORY_ARITHMETIC,capacity-shadow,179,ARITHMETIC,ARITHMETIC,1,
1,STORY_ARITHMETIC,capacity-shadow,180,ARITHMETIC,ARITHMETIC,0,
1,STORY_ARITHMETIC,capacity-shadow,181,ARITHMETIC,ARITHMETIC,1,
1,STORY_ARITHMETIC,capacity-shadow,182,ARITHMETIC,ARITHMETIC,0,
1,STORY_ARITHMETIC,capacity-shadow,183,STORY_A,STORY,1,
1,STORY_ARITHMETIC,capacity-shadow,184,ARITHMETIC,ARITHMETIC,1,
1,STORY_ARITHMETIC,capacity-shadow,185,STORY_A,STORY,0,
1,STORY_ARITHMETIC,capacity-shadow,186,STORY_A,STORY,1,
1,STORY_ARITHMETIC,capacity-shadow,187,STORY_A,STORY,0,
1,STORY_ARITHMETIC,capacity-shadow,188,ARITHMETIC,ARITHMETIC,0,
1,STORY_ARITHMETIC,capacity-shadow,189,ARITHMETIC,ARITHMETIC,1,
1,STORY_ARITHMETIC,capacity-shadow,190,STORY_A,STORY,1,
1,STORY_ARITHMETIC,capacity-shadow,191,ARITHMETIC,ARITHMETIC,0,
1,STORY_ARITHMETIC,capacity-shadow,192,STORY_A,STORY,0,
1,STORY_ARITHMETIC,capacity-shadow,193,STORY_A,STORY,1,
1,STORY_ARITHMETIC,capacity-shadow,194,STORY_A,STORY,0,
1,STORY_ARITHMETIC,capacity-shadow,195,ARITHMETIC,ARITHMETIC,1,
1,STORY_ARITHMETIC,capacity-shadow,196,ARITHMETIC,ARITHMETIC,0,
1,STORY_ARITHMETIC,capacity-shadow,197,ARITHMETIC,ARITHMETIC,1,
1,STORY_ARITHMETIC,capacity-shadow,198,ARITHMETIC,ARITHMETIC,0,
1,STORY_ARITHMETIC,capacity-shadow,199,ARITHMETIC,ARITHMETIC,1,
1,STORY_ARITHMETIC,capacity-shadow,200,ARITHMETIC,ARITHMETIC,0,
1,STORY_ARITHMETIC,capacity-shadow,201,ARITHMETIC,ARITHMETIC,1,
1,STORY_ARITHMETIC,capacity-shadow,202,STORY_A,STORY,1,
1,STORY_ARITHMETIC,capacity-shadow,203,ARITHMETIC,ARITHMETIC,0,
1,STORY_ARITHMETIC,capacity-shadow,204,ARITHMETIC,ARITHMETIC,1,
1,STORY_ARITHMETIC,capacity-shadow,205,ARITHMETIC,ARITHMETIC,0,
1,STORY_ARITHMETIC,capacity-shadow,206,ARITHMETIC,ARITHMETIC,1,
1,STORY_ARITHMETIC,capacity-shadow,207,STORY_A,STORY,0,
1,STORY_ARITHMETIC,capacity-shadow,208,ARITHMETIC,ARITHMETIC,0,
1,STORY_ARITHMETIC,capacity-shadow,209,STORY_A,STORY,1,
1,STORY_ARITHMETIC,capacity-shadow,210,ARITHMETIC,ARITHMETIC,1,
1,STORY_ARITHMETIC,capacity-shadow,211,STORY_A,STORY,0,
1,STORY_ARITHMETIC,capacity-shadow,212,STORY_A,STORY,1,
1,STORY_ARITHMETIC,capacity-shadow,213,STORY_A,STORY,0,
1,STORY_ARITHMETIC,capacity-shadow,214,ARITHMETIC,ARITHMETIC,0,
1,STORY_ARITHMETIC,capacity-shadow,215,STORY_A,STORY,1,
1,STORY_ARITHMETIC,capacity-shadow,216,ARITHMETIC,ARITHMETIC,1,
1,STORY_ARITHMETIC,capacity-shadow,217,ARITHMETIC,ARITHMETIC,0,
1,STORY_ARITHMETIC,capacity-shadow,218,STORY_A,STORY,0,
1,STORY_ARITHMETIC,capacity-shadow,219,STORY_A,STORY,1,
1,STORY_ARITHMETIC,capacity-shadow,220,STORY_A,STORY,0,
1,STORY_ARITHMETIC,capacity-shadow,221,STORY_A,STORY,1,
1,STORY_ARITHMETIC,capacity-shadow,222,ARITHMETIC,ARITHMETIC,1,
1,STORY_ARITHMETIC,capacity-shadow,223,ARITHMETIC,ARITHMETIC,0,
1,STORY_ARITHMETIC,capacity-shadow,224,ARITHMETIC,ARITHMETIC,1,
1,STORY_ARITHMETIC,capacity-shadow,225,STORY_A,STORY,0,
1,STORY_ARITHMETIC,capacity-shadow,226,ARITHMETIC,ARITHMETIC,0,
1,STORY_ARITHMETIC,capacity-shadow,227,STORY_A,STORY,1,
1,STORY_ARITHMETIC,capacity-shadow,228,ARITHMETIC,ARITHMETIC,1,
1,STORY_ARITHMETIC,capacity-shadow,229,STORY_A,STORY,0,
1,STORY_ARITHMETIC,capacity-shadow,230,STORY_A,STORY,1,
1,STORY_ARITHMETIC,capacity-shadow,231,STORY_A,STORY,0,
1,STORY_ARITHMETIC,capacity-shadow,232,ARITHMETIC,ARITHMETIC,0,
1,STORY_ARITHMETIC,capacity-shadow,233,ARITHMETIC,ARITHMETIC,1,
1,STORY_ARITHMETIC,capacity-shadow,234,ARITHMETIC,ARITHMETIC,0,
1,STORY_ARITHMETIC,capacity-shadow,235,ARITHMETIC,ARITHMETIC,1,
1,STORY_ARITHMETIC,capacity-shadow,236,ARITHMETIC,ARITHMETIC,0,
1,STORY_ARITHMETIC,capacity-shadow,237,STORY_A,STORY,1,
1,STORY_ARITHMETIC,capacity-shadow,238,ARITHMETIC,ARITHMETIC,1,
1,STORY_ARITHMETIC,capacity-shadow,239,ARITHMETIC,ARITHMETIC,0,
1,STORY_ARITHMETIC,capacity-shadow,240,ARITHMETIC,ARITHMETIC,1,
1,STORY_ARITHMETIC,capacity-shadow,241,ARITHMETIC,ARITHMETIC,0,
1,STORY_ARITHMETIC,capacity-shadow,242,STORY_A,STORY,0,
1,STORY_ARITHMETIC,capacity-shadow,243,ARITHMETIC,ARITHMETIC,1,
1,STORY_ARITHMETIC,capacity-shadow,244,STORY_A,STORY,1,
1,STORY_ARITHMETIC,capacity-shadow,245,STORY_A,STORY,0,
1,STORY_ARITHMETIC,capacity-shadow,246,STORY_A,STORY,1,
1,STORY_ARITHMETIC,capacity-shadow,247,ARITHMETIC,ARITHMETIC,0,
1,STORY_ARITHMETIC,capacity-shadow,248,ARITHMETIC,ARITHMETIC,1,
1,STORY_ARITHMETIC,capacity-shadow,249,ARITHMETIC,ARITHMETIC,0,
1,STORY_ARITHMETIC,capacity-shadow,250,STORY_A,STORY,0,
1,STORY_ARITHMETIC,capacity-shadow,251,ARITHMETIC,ARITHMETIC,1,
1,STORY_ARITHMETIC,capacity-shadow,252,STORY_A,STORY,1,
1,STORY_ARITHMETIC,capacity-shadow,253,ARITHMETIC,ARITHMETIC,0,
1,STORY_ARITHMETIC,capacity-shadow,254,STORY_A,STORY,0,
1,STORY_ARITHMETIC,capacity-shadow,255,STORY_A,STORY,1,
1,STORY_ARITHMETIC,capacity-shadow,256,STORY_A,STORY,0,
1,STORY_ARITHMETIC,geometry-shadow,1,ARITHMETIC,ARITHMETIC,1,-1.2686173915863037
1,STORY_ARITHMETIC,geometry-shadow,2,ARITHMETIC,ARITHMETIC,1,-1.265347242355347
1,STORY_ARITHMETIC,geometry-shadow,3,STORY_A,STORY,1,-0.2228091955184936
1,STORY_ARITHMETIC,geometry-shadow,4,ARITHMETIC,ARITHMETIC,1,-1.2675482034683228
1,STORY_ARITHMETIC,geometry-shadow,5,ARITHMETIC,ARITHMETIC,1,-1.259711980819702
1,STORY_ARITHMETIC,geometry-shadow,6,STORY_A,STORY,0,0.4298334121704101
1,STORY_ARITHMETIC,geometry-shadow,7,STORY_A,STORY,0,1.5779845714569092
1,STORY_ARITHMETIC,geometry-shadow,8,STORY_A,STORY,0,1.474742412567139
1,STORY_ARITHMETIC,geometry-shadow,9,ARITHMETIC,ARITHMETIC,1,-1.2586066722869873
1,STORY_ARITHMETIC,geometry-shadow,10,ARITHMETIC,ARITHMETIC,1,-1.260908603668213
1,STORY_ARITHMETIC,geometry-shadow,11,ARITHMETIC,ARITHMETIC,1,-1.2497215270996094
1,STORY_ARITHMETIC,geometry-shadow,12,ARITHMETIC,ARITHMETIC,1,-1.257326364517212
1,STORY_ARITHMETIC,geometry-shadow,13,ARITHMETIC,ARITHMETIC,1,-1.2617138624191284
1,STORY_ARITHMETIC,geometry-shadow,14,STORY_A,STORY,0,1.3625744581222534
1,STORY_ARITHMETIC,geometry-shadow,15,STORY_A,STORY,1,-0.8606188297271729
1,STORY_ARITHMETIC,geometry-shadow,16,ARITHMETIC,ARITHMETIC,1,-1.2625309228897097
1,STORY_ARITHMETIC,geometry-shadow,17,ARITHMETIC,ARITHMETIC,1,-1.2686907052993774
1,STORY_ARITHMETIC,geometry-shadow,18,STORY_A,STORY,0,1.7872750759124756
1,STORY_ARITHMETIC,geometry-shadow,19,ARITHMETIC,ARITHMETIC,1,-1.266291260719299
1,STORY_ARITHMETIC,geometry-shadow,20,ARITHMETIC,ARITHMETIC,1,-1.2587100267410278
1,STORY_ARITHMETIC,geometry-shadow,21,ARITHMETIC,ARITHMETIC,1,-1.2495276927947998
1,STORY_ARITHMETIC,geometry-shadow,22,ARITHMETIC,ARITHMETIC,1,-1.2538864612579346
1,STORY_ARITHMETIC,geometry-shadow,23,ARITHMETIC,ARITHMETIC,1,-1.2594057321548462
1,STORY_ARITHMETIC,geometry-shadow,24,ARITHMETIC,ARITHMETIC,1,-1.2594072818756104
1,STORY_ARITHMETIC,geometry-shadow,25,STORY_A,STORY,0,0.5278483629226685
1,STORY_ARITHMETIC,geometry-shadow,26,ARITHMETIC,ARITHMETIC,1,-1.258173584938049
1,STORY_ARITHMETIC,geometry-shadow,27,ARITHMETIC,ARITHMETIC,1,-1.270979642868042
1,STORY_ARITHMETIC,geometry-shadow,28,STORY_A,STORY,0,2.148165702819824
1,STORY_ARITHMETIC,geometry-shadow,29,ARITHMETIC,ARITHMETIC,1,-1.2571862936019895
1,STORY_ARITHMETIC,geometry-shadow,30,STORY_A,STORY,0,2.3307998180389404
1,STORY_ARITHMETIC,geometry-shadow,31,ARITHMETIC,ARITHMETIC,1,-1.2456246614456177
1,STORY_ARITHMETIC,geometry-shadow,32,ARITHMETIC,ARITHMETIC,1,-1.2604262828826904
1,STORY_ARITHMETIC,geometry-shadow,33,ARITHMETIC,ARITHMETIC,1,-1.2563555240631104
1,STORY_ARITHMETIC,geometry-shadow,34,STORY_A,STORY,0,1.2618918418884275
1,STORY_ARITHMETIC,geometry-shadow,35,STORY_A,STORY,0,1.2777913808822632
1,STORY_ARITHMETIC,geometry-shadow,36,STORY_A,STORY,1,-0.5396347045898438
1,STORY_ARITHMETIC,geometry-shadow,37,STORY_A,STORY,0,0.8795472383499146
1,STORY_ARITHMETIC,geometry-shadow,38,ARITHMETIC,ARITHMETIC,1,-1.2681859731674194
1,STORY_ARITHMETIC,geometry-shadow,39,STORY_A,STORY,0,0.7519410848617554
1,STORY_ARITHMETIC,geometry-shadow,40,ARITHMETIC,ARITHMETIC,1,-1.2689424753189087
1,STORY_ARITHMETIC,geometry-shadow,41,STORY_A,STORY,0,0.0375641584396362
1,STORY_ARITHMETIC,geometry-shadow,42,ARITHMETIC,ARITHMETIC,1,-1.2683851718902588
1,STORY_ARITHMETIC,geometry-shadow,43,STORY_A,STORY,0,1.7561912536621094
1,STORY_ARITHMETIC,geometry-shadow,44,STORY_A,STORY,0,0.8654459714889526
1,STORY_ARITHMETIC,geometry-shadow,45,STORY_A,STORY,0,1.1590358018875122
1,STORY_ARITHMETIC,geometry-shadow,46,STORY_A,STORY,0,1.250715255737305
1,STORY_ARITHMETIC,geometry-shadow,47,STORY_A,STORY,0,1.4683388471603394
1,STORY_ARITHMETIC,geometry-shadow,48,STORY_A,STORY,1,-0.3824586272239685
1,STORY_ARITHMETIC,geometry-shadow,49,ARITHMETIC,ARITHMETIC,1,-1.2590913772583008
1,STORY_ARITHMETIC,geometry-shadow,50,STORY_A,STORY,0,0.4657571911811828
1,STORY_ARITHMETIC,geometry-shadow,51,ARITHMETIC,ARITHMETIC,1,-1.2463045120239258
1,STORY_ARITHMETIC,geometry-shadow,52,ARITHMETIC,ARITHMETIC,1,-1.2609010934829712
1,STORY_ARITHMETIC,geometry-shadow,53,ARITHMETIC,ARITHMETIC,1,-1.254935383796692
1,STORY_ARITHMETIC,geometry-shadow,54,ARITHMETIC,ARITHMETIC,1,-1.2596654891967771
1,STORY_ARITHMETIC,geometry-shadow,55,STORY_A,STORY,0,0.2428127527236938
1,STORY_ARITHMETIC,geometry-shadow,56,ARITHMETIC,ARITHMETIC,1,-1.2606412172317505
1,STORY_ARITHMETIC,geometry-shadow,57,STORY_A,STORY,1,-0.2923678159713745
1,STORY_ARITHMETIC,geometry-shadow,58,STORY_A,STORY,0,0.9917889833450316
1,STORY_ARITHMETIC,geometry-shadow,59,ARITHMETIC,ARITHMETIC,1,-1.266029953956604
1,STORY_ARITHMETIC,geometry-shadow,60,ARITHMETIC,ARITHMETIC,1,-1.2619938850402832
1,STORY_ARITHMETIC,geometry-shadow,61,STORY_A,STORY,0,1.6640069484710691
1,STORY_ARITHMETIC,geometry-shadow,62,STORY_A,STORY,0,1.640160322189331
1,STORY_ARITHMETIC,geometry-shadow,63,ARITHMETIC,ARITHMETIC,1,-1.2599802017211914
1,STORY_ARITHMETIC,geometry-shadow,64,STORY_A,STORY,0,1.4896515607833862
1,STORY_ARITHMETIC,geometry-shadow,65,STORY_A,STORY,1,-0.4089966416358948
1,STORY_ARITHMETIC,geometry-shadow,66,STORY_A,STORY,0,1.5936816930770874
1,STORY_ARITHMETIC,geometry-shadow,67,ARITHMETIC,ARITHMETIC,1,-1.2630733251571655
1,STORY_ARITHMETIC,geometry-shadow,68,ARITHMETIC,ARITHMETIC,1,-1.2485597133636477
1,STORY_ARITHMETIC,geometry-shadow,69,STORY_A,STORY,0,0.2946404218673706
1,STORY_ARITHMETIC,geometry-shadow,70,STORY_A,STORY,0,0.8485195636749268
1,STORY_ARITHMETIC,geometry-shadow,71,ARITHMETIC,ARITHMETIC,1,-1.253962516784668
1,STORY_ARITHMETIC,geometry-shadow,72,STORY_A,STORY,0,2.305678367614746
1,STORY_ARITHMETIC,geometry-shadow,73,ARITHMETIC,ARITHMETIC,1,-1.257905125617981
1,STORY_ARITHMETIC,geometry-shadow,74,ARITHMETIC,ARITHMETIC,1,-1.256738543510437
1,STORY_ARITHMETIC,geometry-shadow,75,STORY_A,STORY,1,-0.1192945837974548
1,STORY_ARITHMETIC,geometry-shadow,76,STORY_A,STORY,0,1.146207332611084
1,STORY_ARITHMETIC,geometry-shadow,77,STORY_A,STORY,0,0.4541963338851928
1,STORY_ARITHMETIC,geometry-shadow,78,ARITHMETIC,ARITHMETIC,1,-1.2629693746566772
1,STORY_ARITHMETIC,geometry-shadow,79,STORY_A,STORY,0,1.5868077278137207
1,STORY_ARITHMETIC,geometry-shadow,80,ARITHMETIC,ARITHMETIC,1,-1.2674009799957275
1,STORY_ARITHMETIC,geometry-shadow,81,ARITHMETIC,ARITHMETIC,1,-1.2703659534454346
1,STORY_ARITHMETIC,geometry-shadow,82,STORY_A,STORY,0,0.8228758573532104
1,STORY_ARITHMETIC,geometry-shadow,83,ARITHMETIC,ARITHMETIC,1,-1.253279685974121
1,STORY_ARITHMETIC,geometry-shadow,84,ARITHMETIC,ARITHMETIC,1,-1.2649121284484863
1,STORY_ARITHMETIC,geometry-shadow,85,ARITHMETIC,ARITHMETIC,1,-1.257835030555725
1,STORY_ARITHMETIC,geometry-shadow,86,STORY_A,STORY,0,1.4047682285308838
1,STORY_ARITHMETIC,geometry-shadow,87,ARITHMETIC,ARITHMETIC,1,-1.2622355222702026
1,STORY_ARITHMETIC,geometry-shadow,88,ARITHMETIC,ARITHMETIC,1,-1.2635825872421265
1,STORY_ARITHMETIC,geometry-shadow,89,STORY_A,STORY,1,-0.294657289981842
1,STORY_ARITHMETIC,geometry-shadow,90,STORY_A,STORY,0,1.1025471687316897
1,STORY_ARITHMETIC,geometry-shadow,91,STORY_A,STORY,0,1.335823655128479
1,STORY_ARITHMETIC,geometry-shadow,92,STORY_A,STORY,0,0.5790780782699585
1,STORY_ARITHMETIC,geometry-shadow,93,STORY_A,STORY,0,0.4494035243988037
1,STORY_ARITHMETIC,geometry-shadow,94,STORY_A,STORY,0,2.107900381088257
1,STORY_ARITHMETIC,geometry-shadow,95,STORY_A,STORY,1,-0.6354444622993469
1,STORY_ARITHMETIC,geometry-shadow,96,ARITHMETIC,ARITHMETIC,1,-1.2605869770050049
1,STORY_ARITHMETIC,geometry-shadow,97,STORY_A,STORY,0,0.3343517780303955
1,STORY_ARITHMETIC,geometry-shadow,98,STORY_A,STORY,1,-0.6474072337150574
1,STORY_ARITHMETIC,geometry-shadow,99,ARITHMETIC,ARITHMETIC,1,-1.2617517709732056
1,STORY_ARITHMETIC,geometry-shadow,100,STORY_A,STORY,1,-0.6336042284965515
1,STORY_ARITHMETIC,geometry-shadow,101,ARITHMETIC,ARITHMETIC,1,-1.262392520904541
1,STORY_ARITHMETIC,geometry-shadow,102,STORY_A,STORY,0,1.1318330764770508
1,STORY_ARITHMETIC,geometry-shadow,103,STORY_A,STORY,0,0.477683424949646
1,STORY_ARITHMETIC,geometry-shadow,104,STORY_A,STORY,0,1.0149173736572266
1,STORY_ARITHMETIC,geometry-shadow,105,ARITHMETIC,ARITHMETIC,1,-1.2515860795974731
1,STORY_ARITHMETIC,geometry-shadow,106,STORY_A,STORY,0,0.0121546983718872
1,STORY_ARITHMETIC,geometry-shadow,107,STORY_A,STORY,0,1.4442236423492432
1,STORY_ARITHMETIC,geometry-shadow,108,ARITHMETIC,ARITHMETIC,1,-1.262720227241516
1,STORY_ARITHMETIC,geometry-shadow,109,STORY_A,STORY,0,1.226603388786316
1,STORY_ARITHMETIC,geometry-shadow,110,STORY_A,STORY,0,0.7079044580459595
1,STORY_ARITHMETIC,geometry-shadow,111,STORY_A,STORY,0,1.178003430366516
1,STORY_ARITHMETIC,geometry-shadow,112,STORY_A,STORY,1,-0.3264812231063843
1,STORY_ARITHMETIC,geometry-shadow,113,STORY_A,STORY,0,0.2941627502441406
1,STORY_ARITHMETIC,geometry-shadow,114,ARITHMETIC,ARITHMETIC,1,-1.2556005716323853
1,STORY_ARITHMETIC,geometry-shadow,115,ARITHMETIC,ARITHMETIC,1,-1.2624629735946655
1,STORY_ARITHMETIC,geometry-shadow,116,ARITHMETIC,ARITHMETIC,1,-1.2636655569076538
1,STORY_ARITHMETIC,geometry-shadow,117,ARITHMETIC,ARITHMETIC,1,-1.2521569728851318
1,STORY_ARITHMETIC,geometry-shadow,118,ARITHMETIC,ARITHMETIC,1,-1.2673981189727783
1,STORY_ARITHMETIC,geometry-shadow,119,STORY_A,STORY,0,0.1312980651855468
1,STORY_ARITHMETIC,geometry-shadow,120,ARITHMETIC,ARITHMETIC,1,-1.2534682750701904
1,STORY_ARITHMETIC,geometry-shadow,121,ARITHMETIC,ARITHMETIC,1,-1.2543692588806152
1,STORY_ARITHMETIC,geometry-shadow,122,STORY_A,STORY,0,0.4570716619491577
1,STORY_ARITHMETIC,geometry-shadow,123,STORY_A,STORY,0,0.8836981654167175
1,STORY_ARITHMETIC,geometry-shadow,124,STORY_A,STORY,0,0.9579177498817444
1,STORY_ARITHMETIC,geometry-shadow,125,STORY_A,STORY,0,1.6781628131866455
1,STORY_ARITHMETIC,geometry-shadow,126,ARITHMETIC,ARITHMETIC,1,-1.2546119689941406
1,STORY_ARITHMETIC,geometry-shadow,127,STORY_A,STORY,1,-0.6960176229476929
1,STORY_ARITHMETIC,geometry-shadow,128,STORY_A,STORY,0,1.462499499320984
1,STORY_ARITHMETIC,geometry-shadow,129,ARITHMETIC,ARITHMETIC,1,-1.254989743232727
1,STORY_ARITHMETIC,geometry-shadow,130,ARITHMETIC,ARITHMETIC,1,-1.2456183433532717
1,STORY_ARITHMETIC,geometry-shadow,131,STORY_A,STORY,0,1.8038136959075928
1,STORY_ARITHMETIC,geometry-shadow,132,STORY_A,STORY,0,0.4867339134216308
1,STORY_ARITHMETIC,geometry-shadow,133,STORY_A,STORY,1,-0.3987139463424682
1,STORY_ARITHMETIC,geometry-shadow,134,STORY_A,STORY,0,2.1855721473693848
1,STORY_ARITHMETIC,geometry-shadow,135,ARITHMETIC,ARITHMETIC,1,-1.2717578411102295
1,STORY_ARITHMETIC,geometry-shadow,136,STORY_A,STORY,0,0.1966462135314941
1,STORY_ARITHMETIC,geometry-shadow,137,STORY_A,STORY,1,-0.1774975061416626
1,STORY_ARITHMETIC,geometry-shadow,138,STORY_A,STORY,1,-0.2150642871856689
1,STORY_ARITHMETIC,geometry-shadow,139,STORY_A,STORY,0,1.1210870742797852
1,STORY_ARITHMETIC,geometry-shadow,140,ARITHMETIC,ARITHMETIC,1,-1.2544063329696655
1,STORY_ARITHMETIC,geometry-shadow,141,ARITHMETIC,ARITHMETIC,1,-1.2620874643325806
1,STORY_ARITHMETIC,geometry-shadow,142,ARITHMETIC,ARITHMETIC,1,-1.2644506692886353
1,STORY_ARITHMETIC,geometry-shadow,143,ARITHMETIC,ARITHMETIC,1,-1.2584482431411743
1,STORY_ARITHMETIC,geometry-shadow,144,STORY_A,STORY,0,1.4398791790008545
1,STORY_ARITHMETIC,geometry-shadow,145,ARITHMETIC,ARITHMETIC,1,-1.2640833854675293
1,STORY_ARITHMETIC,geometry-shadow,146,STORY_A,STORY,0,0.8970873355865479
1,STORY_ARITHMETIC,geometry-shadow,147,STORY_A,STORY,0,2.0462071895599365
1,STORY_ARITHMETIC,geometry-shadow,148,ARITHMETIC,ARITHMETIC,1,-1.2651721239089966
1,STORY_ARITHMETIC,geometry-shadow,149,STORY_A,STORY,0,1.340068817138672
1,STORY_ARITHMETIC,geometry-shadow,150,ARITHMETIC,ARITHMETIC,1,-1.2511440515518188
1,STORY_ARITHMETIC,geometry-shadow,151,ARITHMETIC,ARITHMETIC,1,-1.2561917304992676
1,STORY_ARITHMETIC,geometry-shadow,152,ARITHMETIC,ARITHMETIC,1,-1.2616298198699951
1,STORY_ARITHMETIC,geometry-shadow,153,STORY_A,STORY,0,2.506781816482544
1,STORY_ARITHMETIC,geometry-shadow,154,ARITHMETIC,ARITHMETIC,1,-1.259872555732727
1,STORY_ARITHMETIC,geometry-shadow,155,ARITHMETIC,ARITHMETIC,1,-1.265422821044922
1,STORY_ARITHMETIC,geometry-shadow,156,ARITHMETIC,ARITHMETIC,1,-1.263471603393555
1,STORY_ARITHMETIC,geometry-shadow,157,STORY_A,STORY,0,0.8875418305397034
1,STORY_ARITHMETIC,geometry-shadow,158,ARITHMETIC,ARITHMETIC,1,-1.263990879058838
1,STORY_ARITHMETIC,geometry-shadow,159,ARITHMETIC,ARITHMETIC,1,-1.2518459558486938
1,STORY_ARITHMETIC,geometry-shadow,160,STORY_A,STORY,1,-0.1410942077636718
1,STORY_ARITHMETIC,geometry-shadow,161,STORY_A,STORY,1,-0.2799115180969238
1,STORY_ARITHMETIC,geometry-shadow,162,STORY_A,STORY,0,1.6544568538665771
1,STORY_ARITHMETIC,geometry-shadow,163,ARITHMETIC,ARITHMETIC,1,-1.2597286701202393
1,STORY_ARITHMETIC,geometry-shadow,164,ARITHMETIC,ARITHMETIC,1,-1.257742404937744
1,STORY_ARITHMETIC,geometry-shadow,165,STORY_A,STORY,1,-0.1896623373031616
1,STORY_ARITHMETIC,geometry-shadow,166,STORY_A,STORY,1,-0.596920907497406
1,STORY_ARITHMETIC,geometry-shadow,167,STORY_A,STORY,0,1.4390363693237305
1,STORY_ARITHMETIC,geometry-shadow,168,STORY_A,STORY,0,1.0364346504211426
1,STORY_ARITHMETIC,geometry-shadow,169,STORY_A,STORY,1,-0.5379023551940918
1,STORY_ARITHMETIC,geometry-shadow,170,STORY_A,STORY,0,1.4473817348480225
1,STORY_ARITHMETIC,geometry-shadow,171,ARITHMETIC,ARITHMETIC,1,-1.241154670715332
1,STORY_ARITHMETIC,geometry-shadow,172,STORY_A,STORY,0,1.678354263305664
1,STORY_ARITHMETIC,geometry-shadow,173,STORY_A,STORY,0,1.0303544998168943
1,STORY_ARITHMETIC,geometry-shadow,174,ARITHMETIC,ARITHMETIC,1,-1.267879605293274
1,STORY_ARITHMETIC,geometry-shadow,175,STORY_A,STORY,0,1.5208957195281982
1,STORY_ARITHMETIC,geometry-shadow,176,STORY_A,STORY,1,-0.7146396636962891
1,STORY_ARITHMETIC,geometry-shadow,177,ARITHMETIC,ARITHMETIC,1,-1.2654062509536743
1,STORY_ARITHMETIC,geometry-shadow,178,ARITHMETIC,ARITHMETIC,1,-1.2590742111206057
1,STORY_ARITHMETIC,geometry-shadow,179,ARITHMETIC,ARITHMETIC,1,-1.2599471807479858
1,STORY_ARITHMETIC,geometry-shadow,180,ARITHMETIC,ARITHMETIC,1,-1.2652033567428589
1,STORY_ARITHMETIC,geometry-shadow,181,ARITHMETIC,ARITHMETIC,1,-1.2524631023406982
1,STORY_ARITHMETIC,geometry-shadow,182,ARITHMETIC,ARITHMETIC,1,-1.2682920694351196
1,STORY_ARITHMETIC,geometry-shadow,183,STORY_A,STORY,0,0.5420409440994263
1,STORY_ARITHMETIC,geometry-shadow,184,ARITHMETIC,ARITHMETIC,1,-1.2591838836669922
1,STORY_ARITHMETIC,geometry-shadow,185,STORY_A,STORY,0,0.455446720123291
1,STORY_ARITHMETIC,geometry-shadow,186,STORY_A,STORY,0,0.5292689800262451
1,STORY_ARITHMETIC,geometry-shadow,187,STORY_A,STORY,0,0.0285871028900146
1,STORY_ARITHMETIC,geometry-shadow,188,ARITHMETIC,ARITHMETIC,1,-1.2537899017333984
1,STORY_ARITHMETIC,geometry-shadow,189,ARITHMETIC,ARITHMETIC,1,-1.2543967962265017
1,STORY_ARITHMETIC,geometry-shadow,190,STORY_A,STORY,0,0.4228537082672119
1,STORY_ARITHMETIC,geometry-shadow,191,ARITHMETIC,ARITHMETIC,1,-1.2516967058181765
1,STORY_ARITHMETIC,geometry-shadow,192,STORY_A,STORY,0,0.7997190952301025
1,STORY_ARITHMETIC,geometry-shadow,193,STORY_A,STORY,0,2.123173713684082
1,STORY_ARITHMETIC,geometry-shadow,194,STORY_A,STORY,0,1.925466537475586
1,STORY_ARITHMETIC,geometry-shadow,195,ARITHMETIC,ARITHMETIC,1,-1.259169340133667
1,STORY_ARITHMETIC,geometry-shadow,196,ARITHMETIC,ARITHMETIC,1,-1.2677191495895386
1,STORY_ARITHMETIC,geometry-shadow,197,ARITHMETIC,ARITHMETIC,1,-1.2512478828430176
1,STORY_ARITHMETIC,geometry-shadow,198,ARITHMETIC,ARITHMETIC,1,-1.264573335647583
1,STORY_ARITHMETIC,geometry-shadow,199,ARITHMETIC,ARITHMETIC,1,-1.2629717588424685
1,STORY_ARITHMETIC,geometry-shadow,200,ARITHMETIC,ARITHMETIC,1,-1.2483638525009155
1,STORY_ARITHMETIC,geometry-shadow,201,ARITHMETIC,ARITHMETIC,1,-1.258825182914734
1,STORY_ARITHMETIC,geometry-shadow,202,STORY_A,STORY,0,0.3234690427780151
1,STORY_ARITHMETIC,geometry-shadow,203,ARITHMETIC,ARITHMETIC,1,-1.267841339111328
1,STORY_ARITHMETIC,geometry-shadow,204,ARITHMETIC,ARITHMETIC,1,-1.251914620399475
1,STORY_ARITHMETIC,geometry-shadow,205,ARITHMETIC,ARITHMETIC,1,-1.2494287490844729
1,STORY_ARITHMETIC,geometry-shadow,206,ARITHMETIC,ARITHMETIC,1,-1.2543258666992188
1,STORY_ARITHMETIC,geometry-shadow,207,STORY_A,STORY,0,0.5610959529876709
1,STORY_ARITHMETIC,geometry-shadow,208,ARITHMETIC,ARITHMETIC,1,-1.2607885599136353
1,STORY_ARITHMETIC,geometry-shadow,209,STORY_A,STORY,1,-0.0702043771743774
1,STORY_ARITHMETIC,geometry-shadow,210,ARITHMETIC,ARITHMETIC,1,-1.2646496295928955
1,STORY_ARITHMETIC,geometry-shadow,211,STORY_A,STORY,0,0.2041689157485962
1,STORY_ARITHMETIC,geometry-shadow,212,STORY_A,STORY,0,0.504844069480896
1,STORY_ARITHMETIC,geometry-shadow,213,STORY_A,STORY,0,2.1802315711975098
1,STORY_ARITHMETIC,geometry-shadow,214,ARITHMETIC,ARITHMETIC,1,-1.259220004081726
1,STORY_ARITHMETIC,geometry-shadow,215,STORY_A,STORY,0,1.4789786338806152
1,STORY_ARITHMETIC,geometry-shadow,216,ARITHMETIC,ARITHMETIC,1,-1.2584577798843384
1,STORY_ARITHMETIC,geometry-shadow,217,ARITHMETIC,ARITHMETIC,1,-1.2637300491333008
1,STORY_ARITHMETIC,geometry-shadow,218,STORY_A,STORY,0,1.3920156955718994
1,STORY_ARITHMETIC,geometry-shadow,219,STORY_A,STORY,1,-0.2477390170097351
1,STORY_ARITHMETIC,geometry-shadow,220,STORY_A,STORY,1,-0.2654792070388794
1,STORY_ARITHMETIC,geometry-shadow,221,STORY_A,STORY,0,1.7414419651031494
1,STORY_ARITHMETIC,geometry-shadow,222,ARITHMETIC,ARITHMETIC,1,-1.2622250318527222
1,STORY_ARITHMETIC,geometry-shadow,223,ARITHMETIC,ARITHMETIC,1,-1.2546886205673218
1,STORY_ARITHMETIC,geometry-shadow,224,ARITHMETIC,ARITHMETIC,1,-1.2589495182037354
1,STORY_ARITHMETIC,geometry-shadow,225,STORY_A,STORY,0,0.7026610374450684
1,STORY_ARITHMETIC,geometry-shadow,226,ARITHMETIC,ARITHMETIC,1,-1.26187002658844
1,STORY_ARITHMETIC,geometry-shadow,227,STORY_A,STORY,0,1.3809815645217896
1,STORY_ARITHMETIC,geometry-shadow,228,ARITHMETIC,ARITHMETIC,1,-1.2588891983032229
1,STORY_ARITHMETIC,geometry-shadow,229,STORY_A,STORY,0,1.608636736869812
1,STORY_ARITHMETIC,geometry-shadow,230,STORY_A,STORY,0,1.2496895790100098
1,STORY_ARITHMETIC,geometry-shadow,231,STORY_A,STORY,0,0.6602298021316528
1,STORY_ARITHMETIC,geometry-shadow,232,ARITHMETIC,ARITHMETIC,1,-1.2665176391601562
1,STORY_ARITHMETIC,geometry-shadow,233,ARITHMETIC,ARITHMETIC,1,-1.2677040100097656
1,STORY_ARITHMETIC,geometry-shadow,234,ARITHMETIC,ARITHMETIC,1,-1.268272876739502
1,STORY_ARITHMETIC,geometry-shadow,235,ARITHMETIC,ARITHMETIC,1,-1.2651010751724243
1,STORY_ARITHMETIC,geometry-shadow,236,ARITHMETIC,ARITHMETIC,1,-1.2523047924041748
1,STORY_ARITHMETIC,geometry-shadow,237,STORY_A,STORY,1,-0.4227005839347839
1,STORY_ARITHMETIC,geometry-shadow,238,ARITHMETIC,ARITHMETIC,1,-1.260947346687317
1,STORY_ARITHMETIC,geometry-shadow,239,ARITHMETIC,ARITHMETIC,1,-1.2654109001159668
1,STORY_ARITHMETIC,geometry-shadow,240,ARITHMETIC,ARITHMETIC,1,-1.2568941116333008
1,STORY_ARITHMETIC,geometry-shadow,241,ARITHMETIC,ARITHMETIC,1,-1.2579565048217771
1,STORY_ARITHMETIC,geometry-shadow,242,STORY_A,STORY,1,-0.0983307361602783
1,STORY_ARITHMETIC,geometry-shadow,243,ARITHMETIC,ARITHMETIC,1,-1.2625404596328735
1,STORY_ARITHMETIC,geometry-shadow,244,STORY_A,STORY,1,-0.3616202473640442
1,STORY_ARITHMETIC,geometry-shadow,245,STORY_A,STORY,1,-0.284636914730072
1,STORY_ARITHMETIC,geometry-shadow,246,STORY_A,STORY,0,0.1313884258270263
1,STORY_ARITHMETIC,geometry-shadow,247,ARITHMETIC,ARITHMETIC,1,-1.253677248954773
1,STORY_ARITHMETIC,geometry-shadow,248,ARITHMETIC,ARITHMETIC,1,-1.2429213523864746
1,STORY_ARITHMETIC,geometry-shadow,249,ARITHMETIC,ARITHMETIC,1,-1.2617214918136597
1,STORY_ARITHMETIC,geometry-shadow,250,STORY_A,STORY,1,-0.3904336094856262
1,STORY_ARITHMETIC,geometry-shadow,251,ARITHMETIC,ARITHMETIC,1,-1.2532387971878052
1,STORY_ARITHMETIC,geometry-shadow,252,STORY_A,STORY,1,-0.4280844330787658
1,STORY_ARITHMETIC,geometry-shadow,253,ARITHMETIC,ARITHMETIC,1,-1.2531461715698242
1,STORY_ARITHMETIC,geometry-shadow,254,STORY_A,STORY,0,1.1660523414611816
1,STORY_ARITHMETIC,geometry-shadow,255,STORY_A,STORY,0,1.4190000295639038
1,STORY_ARITHMETIC,geometry-shadow,256,STORY_A,STORY,1,-0.2486364841461181
1,WEAK_ARITHMETIC,capacity-shadow,1,ARITHMETIC,ARITHMETIC,1,
1,WEAK_ARITHMETIC,capacity-shadow,2,STORY_A,STORY,1,
1,WEAK_ARITHMETIC,capacity-shadow,3,STORY_A,STORY,0,
1,WEAK_ARITHMETIC,capacity-shadow,4,STORY_A,STORY,1,
1,WEAK_ARITHMETIC,capacity-shadow,5,STORY_A,STORY,0,
1,WEAK_ARITHMETIC,capacity-shadow,6,STORY_A,STORY,1,
1,WEAK_ARITHMETIC,capacity-shadow,7,STORY_A,STORY,0,
1,WEAK_ARITHMETIC,capacity-shadow,8,STORY_A,STORY,1,
1,WEAK_ARITHMETIC,capacity-shadow,9,STORY_A,STORY,0,
1,WEAK_ARITHMETIC,capacity-shadow,10,STORY_A,STORY,1,
1,WEAK_ARITHMETIC,capacity-shadow,11,STORY_A,STORY,0,
1,WEAK_ARITHMETIC,capacity-shadow,12,STORY_A,STORY,1,
1,WEAK_ARITHMETIC,capacity-shadow,13,STORY_A,STORY,0,
1,WEAK_ARITHMETIC,capacity-shadow,14,STORY_A,STORY,1,
1,WEAK_ARITHMETIC,capacity-shadow,15,STORY_A,STORY,0,
1,WEAK_ARITHMETIC,capacity-shadow,16,STORY_A,STORY,1,
1,WEAK_ARITHMETIC,capacity-shadow,17,STORY_A,STORY,0,
1,WEAK_ARITHMETIC,capacity-shadow,18,STORY_A,STORY,1,
1,WEAK_ARITHMETIC,capacity-shadow,19,STORY_A,STORY,0,
1,WEAK_ARITHMETIC,capacity-shadow,20,STORY_A,STORY,1,
1,WEAK_ARITHMETIC,capacity-shadow,21,STORY_A,STORY,0,
1,WEAK_ARITHMETIC,capacity-shadow,22,STORY_A,STORY,1,
1,WEAK_ARITHMETIC,capacity-shadow,23,STORY_A,STORY,0,
1,WEAK_ARITHMETIC,capacity-shadow,24,STORY_A,STORY,1,
1,WEAK_ARITHMETIC,capacity-shadow,25,STORY_A,STORY,0,
1,WEAK_ARITHMETIC,capacity-shadow,26,ARITHMETIC,ARITHMETIC,0,
1,WEAK_ARITHMETIC,capacity-shadow,27,ARITHMETIC,ARITHMETIC,1,
1,WEAK_ARITHMETIC,capacity-shadow,28,STORY_A,STORY,1,
1,WEAK_ARITHMETIC,capacity-shadow,29,STORY_A,STORY,0,
1,WEAK_ARITHMETIC,capacity-shadow,30,STORY_A,STORY,1,
1,WEAK_ARITHMETIC,capacity-shadow,31,STORY_A,STORY,0,
1,WEAK_ARITHMETIC,capacity-shadow,32,STORY_A,STORY,1,
1,WEAK_ARITHMETIC,capacity-shadow,33,STORY_A,STORY,0,
1,WEAK_ARITHMETIC,capacity-shadow,34,STORY_A,STORY,1,
1,WEAK_ARITHMETIC,capacity-shadow,35,STORY_A,STORY,0,
1,WEAK_ARITHMETIC,capacity-shadow,36,STORY_A,STORY,1,
1,WEAK_ARITHMETIC,capacity-shadow,37,STORY_A,STORY,0,
1,WEAK_ARITHMETIC,capacity-shadow,38,STORY_A,STORY,1,
1,WEAK_ARITHMETIC,capacity-shadow,39,STORY_A,STORY,0,
1,WEAK_ARITHMETIC,capacity-shadow,40,STORY_A,STORY,1,
1,WEAK_ARITHMETIC,capacity-shadow,41,STORY_A,STORY,0,
1,WEAK_ARITHMETIC,capacity-shadow,42,STORY_A,STORY,1,
1,WEAK_ARITHMETIC,capacity-shadow,43,STORY_A,STORY,0,
1,WEAK_ARITHMETIC,capacity-shadow,44,STORY_A,STORY,1,
1,WEAK_ARITHMETIC,capacity-shadow,45,STORY_A,STORY,0,
1,WEAK_ARITHMETIC,capacity-shadow,46,STORY_A,STORY,1,
1,WEAK_ARITHMETIC,capacity-shadow,47,STORY_A,STORY,0,
1,WEAK_ARITHMETIC,capacity-shadow,48,STORY_A,STORY,1,
1,WEAK_ARITHMETIC,capacity-shadow,49,STORY_A,STORY,0,
1,WEAK_ARITHMETIC,capacity-shadow,50,STORY_A,STORY,1,
1,WEAK_ARITHMETIC,capacity-shadow,51,STORY_A,STORY,0,
1,WEAK_ARITHMETIC,capacity-shadow,52,STORY_A,STORY,1,
1,WEAK_ARITHMETIC,capacity-shadow,53,STORY_A,STORY,0,
1,WEAK_ARITHMETIC,capacity-shadow,54,ARITHMETIC,ARITHMETIC,0,
1,WEAK_ARITHMETIC,capacity-shadow,55,STORY_A,STORY,1,
1,WEAK_ARITHMETIC,capacity-shadow,56,STORY_A,STORY,0,
1,WEAK_ARITHMETIC,capacity-shadow,57,STORY_A,STORY,1,
1,WEAK_ARITHMETIC,capacity-shadow,58,STORY_A,STORY,0,
1,WEAK_ARITHMETIC,capacity-shadow,59,STORY_A,STORY,1,
1,WEAK_ARITHMETIC,capacity-shadow,60,STORY_A,STORY,0,
1,WEAK_ARITHMETIC,capacity-shadow,61,STORY_A,STORY,1,
1,WEAK_ARITHMETIC,capacity-shadow,62,STORY_A,STORY,0,
1,WEAK_ARITHMETIC,capacity-shadow,63,STORY_A,STORY,1,
1,WEAK_ARITHMETIC,capacity-shadow,64,STORY_A,STORY,0,
1,WEAK_ARITHMETIC,capacity-shadow,65,STORY_A,STORY,1,
1,WEAK_ARITHMETIC,capacity-shadow,66,STORY_A,STORY,0,
1,WEAK_ARITHMETIC,capacity-shadow,67,STORY_A,STORY,1,
1,WEAK_ARITHMETIC,capacity-shadow,68,STORY_A,STORY,0,
1,WEAK_ARITHMETIC,capacity-shadow,69,ARITHMETIC,ARITHMETIC,1,
1,WEAK_ARITHMETIC,capacity-shadow,70,STORY_A,STORY,1,
1,WEAK_ARITHMETIC,capacity-shadow,71,STORY_A,STORY,0,
1,WEAK_ARITHMETIC,capacity-shadow,72,STORY_A,STORY,1,
1,WEAK_ARITHMETIC,capacity-shadow,73,STORY_A,STORY,0,
1,WEAK_ARITHMETIC,capacity-shadow,74,STORY_A,STORY,1,
1,WEAK_ARITHMETIC,capacity-shadow,75,STORY_A,STORY,0,
1,WEAK_ARITHMETIC,capacity-shadow,76,STORY_A,STORY,1,
1,WEAK_ARITHMETIC,capacity-shadow,77,STORY_A,STORY,0,
1,WEAK_ARITHMETIC,capacity-shadow,78,STORY_A,STORY,1,
1,WEAK_ARITHMETIC,capacity-shadow,79,STORY_A,STORY,0,
1,WEAK_ARITHMETIC,capacity-shadow,80,STORY_A,STORY,1,
1,WEAK_ARITHMETIC,capacity-shadow,81,STORY_A,STORY,0,
1,WEAK_ARITHMETIC,capacity-shadow,82,ARITHMETIC,ARITHMETIC,0,
1,WEAK_ARITHMETIC,capacity-shadow,83,STORY_A,STORY,1,
1,WEAK_ARITHMETIC,capacity-shadow,84,STORY_A,STORY,0,
1,WEAK_ARITHMETIC,capacity-shadow,85,STORY_A,STORY,1,
1,WEAK_ARITHMETIC,capacity-shadow,86,STORY_A,STORY,0,
1,WEAK_ARITHMETIC,capacity-shadow,87,STORY_A,STORY,1,
1,WEAK_ARITHMETIC,capacity-shadow,88,STORY_A,STORY,0,
1,WEAK_ARITHMETIC,capacity-shadow,89,STORY_A,STORY,1,
1,WEAK_ARITHMETIC,capacity-shadow,90,STORY_A,STORY,0,
1,WEAK_ARITHMETIC,capacity-shadow,91,STORY_A,STORY,1,
1,WEAK_ARITHMETIC,capacity-shadow,92,ARITHMETIC,ARITHMETIC,1,
1,WEAK_ARITHMETIC,capacity-shadow,93,STORY_A,STORY,0,
1,WEAK_ARITHMETIC,capacity-shadow,94,STORY_A,STORY,1,
1,WEAK_ARITHMETIC,capacity-shadow,95,STORY_A,STORY,0,
1,WEAK_ARITHMETIC,capacity-shadow,96,ARITHMETIC,ARITHMETIC,0,
1,WEAK_ARITHMETIC,capacity-shadow,97,ARITHMETIC,ARITHMETIC,1,
1,WEAK_ARITHMETIC,capacity-shadow,98,STORY_A,STORY,1,
1,WEAK_ARITHMETIC,capacity-shadow,99,STORY_A,STORY,0,
1,WEAK_ARITHMETIC,capacity-shadow,100,STORY_A,STORY,1,
1,WEAK_ARITHMETIC,capacity-shadow,101,STORY_A,STORY,0,
1,WEAK_ARITHMETIC,capacity-shadow,102,STORY_A,STORY,1,
1,WEAK_ARITHMETIC,capacity-shadow,103,STORY_A,STORY,0,
1,WEAK_ARITHMETIC,capacity-shadow,104,STORY_A,STORY,1,
1,WEAK_ARITHMETIC,capacity-shadow,105,STORY_A,STORY,0,
1,WEAK_ARITHMETIC,capacity-shadow,106,STORY_A,STORY,1,
1,WEAK_ARITHMETIC,capacity-shadow,107,STORY_A,STORY,0,
1,WEAK_ARITHMETIC,capacity-shadow,108,STORY_A,STORY,1,
1,WEAK_ARITHMETIC,capacity-shadow,109,STORY_A,STORY,0,
1,WEAK_ARITHMETIC,capacity-shadow,110,STORY_A,STORY,1,
1,WEAK_ARITHMETIC,capacity-shadow,111,STORY_A,STORY,0,
1,WEAK_ARITHMETIC,capacity-shadow,112,STORY_A,STORY,1,
1,WEAK_ARITHMETIC,capacity-shadow,113,STORY_A,STORY,0,
1,WEAK_ARITHMETIC,capacity-shadow,114,STORY_A,STORY,1,
1,WEAK_ARITHMETIC,capacity-shadow,115,ARITHMETIC,ARITHMETIC,0,
1,WEAK_ARITHMETIC,capacity-shadow,116,STORY_A,STORY,0,
1,WEAK_ARITHMETIC,capacity-shadow,117,STORY_A,STORY,1,
1,WEAK_ARITHMETIC,capacity-shadow,118,STORY_A,STORY,0,
1,WEAK_ARITHMETIC,capacity-shadow,119,STORY_A,STORY,1,
1,WEAK_ARITHMETIC,capacity-shadow,120,STORY_A,STORY,0,
1,WEAK_ARITHMETIC,capacity-shadow,121,STORY_A,STORY,1,
1,WEAK_ARITHMETIC,capacity-shadow,122,STORY_A,STORY,0,
1,WEAK_ARITHMETIC,capacity-shadow,123,ARITHMETIC,ARITHMETIC,1,
1,WEAK_ARITHMETIC,capacity-shadow,124,STORY_A,STORY,1,
1,WEAK_ARITHMETIC,capacity-shadow,125,STORY_A,STORY,0,
1,WEAK_ARITHMETIC,capacity-shadow,126,STORY_A,STORY,1,
1,WEAK_ARITHMETIC,capacity-shadow,127,STORY_A,STORY,0,
1,WEAK_ARITHMETIC,capacity-shadow,128,STORY_A,STORY,1,
1,WEAK_ARITHMETIC,capacity-shadow,129,STORY_A,STORY,0,
1,WEAK_ARITHMETIC,capacity-shadow,130,STORY_A,STORY,1,
1,WEAK_ARITHMETIC,capacity-shadow,131,STORY_A,STORY,0,
1,WEAK_ARITHMETIC,capacity-shadow,132,ARITHMETIC,ARITHMETIC,0,
1,WEAK_ARITHMETIC,capacity-shadow,133,STORY_A,STORY,1,
1,WEAK_ARITHMETIC,capacity-shadow,134,STORY_A,STORY,0,
1,WEAK_ARITHMETIC,capacity-shadow,135,STORY_A,STORY,1,
1,WEAK_ARITHMETIC,capacity-shadow,136,STORY_A,STORY,0,
1,WEAK_ARITHMETIC,capacity-shadow,137,STORY_A,STORY,1,
1,WEAK_ARITHMETIC,capacity-shadow,138,STORY_A,STORY,0,
1,WEAK_ARITHMETIC,capacity-shadow,139,STORY_A,STORY,1,
1,WEAK_ARITHMETIC,capacity-shadow,140,STORY_A,STORY,0,
1,WEAK_ARITHMETIC,capacity-shadow,141,STORY_A,STORY,1,
1,WEAK_ARITHMETIC,capacity-shadow,142,STORY_A,STORY,0,
1,WEAK_ARITHMETIC,capacity-shadow,143,STORY_A,STORY,1,
1,WEAK_ARITHMETIC,capacity-shadow,144,STORY_A,STORY,0,
1,WEAK_ARITHMETIC,capacity-shadow,145,ARITHMETIC,ARITHMETIC,1,
1,WEAK_ARITHMETIC,capacity-shadow,146,STORY_A,STORY,1,
1,WEAK_ARITHMETIC,capacity-shadow,147,ARITHMETIC,ARITHMETIC,0,
1,WEAK_ARITHMETIC,capacity-shadow,148,STORY_A,STORY,0,
1,WEAK_ARITHMETIC,capacity-shadow,149,STORY_A,STORY,1,
1,WEAK_ARITHMETIC,capacity-shadow,150,STORY_A,STORY,0,
1,WEAK_ARITHMETIC,capacity-shadow,151,STORY_A,STORY,1,
1,WEAK_ARITHMETIC,capacity-shadow,152,ARITHMETIC,ARITHMETIC,1,
1,WEAK_ARITHMETIC,capacity-shadow,153,ARITHMETIC,ARITHMETIC,0,
1,WEAK_ARITHMETIC,capacity-shadow,154,STORY_A,STORY,0,
1,WEAK_ARITHMETIC,capacity-shadow,155,STORY_A,STORY,1,
1,WEAK_ARITHMETIC,capacity-shadow,156,STORY_A,STORY,0,
1,WEAK_ARITHMETIC,capacity-shadow,157,STORY_A,STORY,1,
1,WEAK_ARITHMETIC,capacity-shadow,158,ARITHMETIC,ARITHMETIC,1,
1,WEAK_ARITHMETIC,capacity-shadow,159,STORY_A,STORY,0,
1,WEAK_ARITHMETIC,capacity-shadow,160,STORY_A,STORY,1,
1,WEAK_ARITHMETIC,capacity-shadow,161,STORY_A,STORY,0,
1,WEAK_ARITHMETIC,capacity-shadow,162,STORY_A,STORY,1,
1,WEAK_ARITHMETIC,capacity-shadow,163,STORY_A,STORY,0,
1,WEAK_ARITHMETIC,capacity-shadow,164,STORY_A,STORY,1,
1,WEAK_ARITHMETIC,capacity-shadow,165,STORY_A,STORY,0,
1,WEAK_ARITHMETIC,capacity-shadow,166,STORY_A,STORY,1,
1,WEAK_ARITHMETIC,capacity-shadow,167,STORY_A,STORY,0,
1,WEAK_ARITHMETIC,capacity-shadow,168,STORY_A,STORY,1,
1,WEAK_ARITHMETIC,capacity-shadow,169,STORY_A,STORY,0,
1,WEAK_ARITHMETIC,capacity-shadow,170,STORY_A,STORY,1,
1,WEAK_ARITHMETIC,capacity-shadow,171,STORY_A,STORY,0,
1,WEAK_ARITHMETIC,capacity-shadow,172,STORY_A,STORY,1,
1,WEAK_ARITHMETIC,capacity-shadow,173,STORY_A,STORY,0,
1,WEAK_ARITHMETIC,capacity-shadow,174,STORY_A,STORY,1,
1,WEAK_ARITHMETIC,capacity-shadow,175,STORY_A,STORY,0,
1,WEAK_ARITHMETIC,capacity-shadow,176,STORY_A,STORY,1,
1,WEAK_ARITHMETIC,capacity-shadow,177,STORY_A,STORY,0,
1,WEAK_ARITHMETIC,capacity-shadow,178,STORY_A,STORY,1,
1,WEAK_ARITHMETIC,capacity-shadow,179,STORY_A,STORY,0,
1,WEAK_ARITHMETIC,capacity-shadow,180,ARITHMETIC,ARITHMETIC,0,
1,WEAK_ARITHMETIC,capacity-shadow,181,STORY_A,STORY,1,
1,WEAK_ARITHMETIC,capacity-shadow,182,STORY_A,STORY,0,
1,WEAK_ARITHMETIC,capacity-shadow,183,STORY_A,STORY,1,
1,WEAK_ARITHMETIC,capacity-shadow,184,STORY_A,STORY,0,
1,WEAK_ARITHMETIC,capacity-shadow,185,STORY_A,STORY,1,
1,WEAK_ARITHMETIC,capacity-shadow,186,ARITHMETIC,ARITHMETIC,1,
1,WEAK_ARITHMETIC,capacity-shadow,187,STORY_A,STORY,0,
1,WEAK_ARITHMETIC,capacity-shadow,188,STORY_A,STORY,1,
1,WEAK_ARITHMETIC,capacity-shadow,189,STORY_A,STORY,0,
1,WEAK_ARITHMETIC,capacity-shadow,190,STORY_A,STORY,1,
1,WEAK_ARITHMETIC,capacity-shadow,191,STORY_A,STORY,0,
1,WEAK_ARITHMETIC,capacity-shadow,192,STORY_A,STORY,1,
1,WEAK_ARITHMETIC,capacity-shadow,193,STORY_A,STORY,0,
1,WEAK_ARITHMETIC,capacity-shadow,194,STORY_A,STORY,1,
1,WEAK_ARITHMETIC,capacity-shadow,195,STORY_A,STORY,0,
1,WEAK_ARITHMETIC,capacity-shadow,196,STORY_A,STORY,1,
1,WEAK_ARITHMETIC,capacity-shadow,197,STORY_A,STORY,0,
1,WEAK_ARITHMETIC,capacity-shadow,198,STORY_A,STORY,1,
1,WEAK_ARITHMETIC,capacity-shadow,199,ARITHMETIC,ARITHMETIC,0,
1,WEAK_ARITHMETIC,capacity-shadow,200,ARITHMETIC,ARITHMETIC,1,
1,WEAK_ARITHMETIC,capacity-shadow,201,STORY_A,STORY,0,
1,WEAK_ARITHMETIC,capacity-shadow,202,STORY_A,STORY,1,
1,WEAK_ARITHMETIC,capacity-shadow,203,STORY_A,STORY,0,
1,WEAK_ARITHMETIC,capacity-shadow,204,STORY_A,STORY,1,
1,WEAK_ARITHMETIC,capacity-shadow,205,STORY_A,STORY,0,
1,WEAK_ARITHMETIC,capacity-shadow,206,ARITHMETIC,ARITHMETIC,0,
1,WEAK_ARITHMETIC,capacity-shadow,207,STORY_A,STORY,1,
1,WEAK_ARITHMETIC,capacity-shadow,208,STORY_A,STORY,0,
1,WEAK_ARITHMETIC,capacity-shadow,209,STORY_A,STORY,1,
1,WEAK_ARITHMETIC,capacity-shadow,210,STORY_A,STORY,0,
1,WEAK_ARITHMETIC,capacity-shadow,211,STORY_A,STORY,1,
1,WEAK_ARITHMETIC,capacity-shadow,212,STORY_A,STORY,0,
1,WEAK_ARITHMETIC,capacity-shadow,213,STORY_A,STORY,1,
1,WEAK_ARITHMETIC,capacity-shadow,214,STORY_A,STORY,0,
1,WEAK_ARITHMETIC,capacity-shadow,215,STORY_A,STORY,1,
1,WEAK_ARITHMETIC,capacity-shadow,216,STORY_A,STORY,0,
1,WEAK_ARITHMETIC,capacity-shadow,217,STORY_A,STORY,1,
1,WEAK_ARITHMETIC,capacity-shadow,218,STORY_A,STORY,0,
1,WEAK_ARITHMETIC,capacity-shadow,219,STORY_A,STORY,1,
1,WEAK_ARITHMETIC,capacity-shadow,220,STORY_A,STORY,0,
1,WEAK_ARITHMETIC,capacity-shadow,221,STORY_A,STORY,1,
1,WEAK_ARITHMETIC,capacity-shadow,222,ARITHMETIC,ARITHMETIC,1,
1,WEAK_ARITHMETIC,capacity-shadow,223,STORY_A,STORY,0,
1,WEAK_ARITHMETIC,capacity-shadow,224,STORY_A,STORY,1,
1,WEAK_ARITHMETIC,capacity-shadow,225,STORY_A,STORY,0,
1,WEAK_ARITHMETIC,capacity-shadow,226,STORY_A,STORY,1,
1,WEAK_ARITHMETIC,capacity-shadow,227,STORY_A,STORY,0,
1,WEAK_ARITHMETIC,capacity-shadow,228,STORY_A,STORY,1,
1,WEAK_ARITHMETIC,capacity-shadow,229,STORY_A,STORY,0,
1,WEAK_ARITHMETIC,capacity-shadow,230,STORY_A,STORY,1,
1,WEAK_ARITHMETIC,capacity-shadow,231,STORY_A,STORY,0,
1,WEAK_ARITHMETIC,capacity-shadow,232,STORY_A,STORY,1,
1,WEAK_ARITHMETIC,capacity-shadow,233,STORY_A,STORY,0,
1,WEAK_ARITHMETIC,capacity-shadow,234,STORY_A,STORY,1,
1,WEAK_ARITHMETIC,capacity-shadow,235,STORY_A,STORY,0,
1,WEAK_ARITHMETIC,capacity-shadow,236,STORY_A,STORY,1,
1,WEAK_ARITHMETIC,capacity-shadow,237,STORY_A,STORY,0,
1,WEAK_ARITHMETIC,capacity-shadow,238,ARITHMETIC,ARITHMETIC,0,
1,WEAK_ARITHMETIC,capacity-shadow,239,STORY_A,STORY,1,
1,WEAK_ARITHMETIC,capacity-shadow,240,STORY_A,STORY,0,
1,WEAK_ARITHMETIC,capacity-shadow,241,STORY_A,STORY,1,
1,WEAK_ARITHMETIC,capacity-shadow,242,STORY_A,STORY,0,
1,WEAK_ARITHMETIC,capacity-shadow,243,STORY_A,STORY,1,
1,WEAK_ARITHMETIC,capacity-shadow,244,STORY_A,STORY,0,
1,WEAK_ARITHMETIC,capacity-shadow,245,STORY_A,STORY,1,
1,WEAK_ARITHMETIC,capacity-shadow,246,STORY_A,STORY,0,
1,WEAK_ARITHMETIC,capacity-shadow,247,STORY_A,STORY,1,
1,WEAK_ARITHMETIC,capacity-shadow,248,STORY_A,STORY,0,
1,WEAK_ARITHMETIC,capacity-shadow,249,STORY_A,STORY,1,
1,WEAK_ARITHMETIC,capacity-shadow,250,STORY_A,STORY,0,
1,WEAK_ARITHMETIC,capacity-shadow,251,STORY_A,STORY,1,
1,WEAK_ARITHMETIC,capacity-shadow,252,STORY_A,STORY,0,
1,WEAK_ARITHMETIC,capacity-shadow,253,ARITHMETIC,ARITHMETIC,1,
1,WEAK_ARITHMETIC,capacity-shadow,254,ARITHMETIC,ARITHMETIC,0,
1,WEAK_ARITHMETIC,capacity-shadow,255,STORY_A,STORY,1,
1,WEAK_ARITHMETIC,capacity-shadow,256,STORY_A,STORY,0,
1,WEAK_ARITHMETIC,geometry-shadow,1,ARITHMETIC,ARITHMETIC,1,-1.3821102380752563
1,WEAK_ARITHMETIC,geometry-shadow,2,STORY_A,STORY,1,-0.8233355283737183
1,WEAK_ARITHMETIC,geometry-shadow,3,STORY_A,STORY,0,0.7026450037956238
1,WEAK_ARITHMETIC,geometry-shadow,4,STORY_A,STORY,1,-0.1402254104614257
1,WEAK_ARITHMETIC,geometry-shadow,5,STORY_A,STORY,0,0.7584114074707031
1,WEAK_ARITHMETIC,geometry-shadow,6,STORY_A,STORY,1,-0.2447223663330078
1,WEAK_ARITHMETIC,geometry-shadow,7,STORY_A,STORY,0,1.1233558654785156
1,WEAK_ARITHMETIC,geometry-shadow,8,STORY_A,STORY,0,0.2841404676437378
1,WEAK_ARITHMETIC,geometry-shadow,9,STORY_A,STORY,0,0.0865213871002197
1,WEAK_ARITHMETIC,geometry-shadow,10,STORY_A,STORY,0,0.4095290899276733
1,WEAK_ARITHMETIC,geometry-shadow,11,STORY_A,STORY,1,-0.9462399482727052
1,WEAK_ARITHMETIC,geometry-shadow,12,STORY_A,STORY,1,-0.1919677257537841
1,WEAK_ARITHMETIC,geometry-shadow,13,STORY_A,STORY,1,-0.6526907086372375
1,WEAK_ARITHMETIC,geometry-shadow,14,STORY_A,STORY,1,-0.9202154874801636
1,WEAK_ARITHMETIC,geometry-shadow,15,STORY_A,STORY,0,0.3472702503204345
1,WEAK_ARITHMETIC,geometry-shadow,16,STORY_A,STORY,1,-0.2171036005020141
1,WEAK_ARITHMETIC,geometry-shadow,17,STORY_A,STORY,0,0.3089882135391235
1,WEAK_ARITHMETIC,geometry-shadow,18,STORY_A,STORY,0,1.005599021911621
1,WEAK_ARITHMETIC,geometry-shadow,19,STORY_A,STORY,1,-1.0179651975631714
1,WEAK_ARITHMETIC,geometry-shadow,20,STORY_A,STORY,1,-0.1425187587738037
1,WEAK_ARITHMETIC,geometry-shadow,21,STORY_A,STORY,0,1.0249626636505127
1,WEAK_ARITHMETIC,geometry-shadow,22,STORY_A,STORY,0,0.4922607541084289
1,WEAK_ARITHMETIC,geometry-shadow,23,STORY_A,STORY,0,0.431787371635437
1,WEAK_ARITHMETIC,geometry-shadow,24,STORY_A,STORY,0,0.8741089701652527
1,WEAK_ARITHMETIC,geometry-shadow,25,STORY_A,STORY,1,-0.0691943168640136
1,WEAK_ARITHMETIC,geometry-shadow,26,ARITHMETIC,ARITHMETIC,1,-1.3382248878479004
1,WEAK_ARITHMETIC,geometry-shadow,27,ARITHMETIC,ARITHMETIC,1,-1.368781566619873
1,WEAK_ARITHMETIC,geometry-shadow,28,STORY_A,STORY,1,-0.907538890838623
1,WEAK_ARITHMETIC,geometry-shadow,29,STORY_A,STORY,0,0.9787048101425172
1,WEAK_ARITHMETIC,geometry-shadow,30,STORY_A,STORY,0,0.7341199517250061
1,WEAK_ARITHMETIC,geometry-shadow,31,STORY_A,STORY,0,0.1963758468627929
1,WEAK_ARITHMETIC,geometry-shadow,32,STORY_A,STORY,1,-0.2760027647018432
1,WEAK_ARITHMETIC,geometry-shadow,33,STORY_A,STORY,1,-0.6097853183746338
1,WEAK_ARITHMETIC,geometry-shadow,34,STORY_A,STORY,1,-0.8005180954933167
1,WEAK_ARITHMETIC,geometry-shadow,35,STORY_A,STORY,1,-0.3370737433433532
1,WEAK_ARITHMETIC,geometry-shadow,36,STORY_A,STORY,0,1.2282981872558594
1,WEAK_ARITHMETIC,geometry-shadow,37,STORY_A,STORY,1,-0.1413567066192627
1,WEAK_ARITHMETIC,geometry-shadow,38,STORY_A,STORY,0,0.0727162361145019
1,WEAK_ARITHMETIC,geometry-shadow,39,STORY_A,STORY,1,-0.1003046035766601
1,WEAK_ARITHMETIC,geometry-shadow,40,STORY_A,STORY,0,0.2773122787475586
1,WEAK_ARITHMETIC,geometry-shadow,41,STORY_A,STORY,0,0.6607435941696167
1,WEAK_ARITHMETIC,geometry-shadow,42,STORY_A,STORY,0,0.373252272605896
1,WEAK_ARITHMETIC,geometry-shadow,43,STORY_A,STORY,1,-1.039205551147461
1,WEAK_ARITHMETIC,geometry-shadow,44,STORY_A,STORY,0,1.2033641338348389
1,WEAK_ARITHMETIC,geometry-shadow,45,STORY_A,STORY,0,0.3073948621749878
1,WEAK_ARITHMETIC,geometry-shadow,46,STORY_A,STORY,0,0.0740180015563964
1,WEAK_ARITHMETIC,geometry-shadow,47,STORY_A,STORY,1,-0.0499181747436523
1,WEAK_ARITHMETIC,geometry-shadow,48,STORY_A,STORY,1,-0.4055290818214416
1,WEAK_ARITHMETIC,geometry-shadow,49,STORY_A,STORY,1,-1.216327667236328
1,WEAK_ARITHMETIC,geometry-shadow,50,STORY_A,STORY,1,-0.1374067068099975
1,WEAK_ARITHMETIC,geometry-shadow,51,STORY_A,STORY,0,0.5435280799865723
1,WEAK_ARITHMETIC,geometry-shadow,52,STORY_A,STORY,1,-0.5860462188720703
1,WEAK_ARITHMETIC,geometry-shadow,53,STORY_A,STORY,1,-0.3075259923934936
1,WEAK_ARITHMETIC,geometry-shadow,54,ARITHMETIC,ARITHMETIC,1,-1.3610289096832275
1,WEAK_ARITHMETIC,geometry-shadow,55,STORY_A,STORY,0,0.959838092327118
1,WEAK_ARITHMETIC,geometry-shadow,56,STORY_A,STORY,0,0.7904682755470276
1,WEAK_ARITHMETIC,geometry-shadow,57,STORY_A,STORY,0,0.7536333799362183
1,WEAK_ARITHMETIC,geometry-shadow,58,STORY_A,STORY,1,-1.004213571548462
1,WEAK_ARITHMETIC,geometry-shadow,59,STORY_A,STORY,1,-1.0939443111419678
1,WEAK_ARITHMETIC,geometry-shadow,60,STORY_A,STORY,1,-0.0283402204513549
1,WEAK_ARITHMETIC,geometry-shadow,61,STORY_A,STORY,0,1.6486492156982422
1,WEAK_ARITHMETIC,geometry-shadow,62,STORY_A,STORY,0,0.5120350122451782
1,WEAK_ARITHMETIC,geometry-shadow,63,STORY_A,STORY,1,-0.1225713491439819
1,WEAK_ARITHMETIC,geometry-shadow,64,STORY_A,STORY,1,-0.4940516948699951
1,WEAK_ARITHMETIC,geometry-shadow,65,STORY_A,STORY,0,0.3998477458953857
1,WEAK_ARITHMETIC,geometry-shadow,66,STORY_A,STORY,1,-0.3341467380523681
1,WEAK_ARITHMETIC,geometry-shadow,67,STORY_A,STORY,0,0.791259765625
1,WEAK_ARITHMETIC,geometry-shadow,68,STORY_A,STORY,0,0.2065308094024658
1,WEAK_ARITHMETIC,geometry-shadow,69,ARITHMETIC,ARITHMETIC,1,-1.3740885257720947
1,WEAK_ARITHMETIC,geometry-shadow,70,STORY_A,STORY,0,0.3759357333183288
1,WEAK_ARITHMETIC,geometry-shadow,71,STORY_A,STORY,0,1.277538537979126
1,WEAK_ARITHMETIC,geometry-shadow,72,STORY_A,STORY,1,-0.0357619524002075
1,WEAK_ARITHMETIC,geometry-shadow,73,STORY_A,STORY,0,0.8759986162185669
1,WEAK_ARITHMETIC,geometry-shadow,74,STORY_A,STORY,1,-0.2591384649276733
1,WEAK_ARITHMETIC,geometry-shadow,75,STORY_A,STORY,0,1.0334179401397705
1,WEAK_ARITHMETIC,geometry-shadow,76,STORY_A,STORY,1,-0.6809523105621338
1,WEAK_ARITHMETIC,geometry-shadow,77,STORY_A,STORY,0,0.1640104055404663
1,WEAK_ARITHMETIC,geometry-shadow,78,STORY_A,STORY,0,0.836531400680542
1,WEAK_ARITHMETIC,geometry-shadow,79,STORY_A,STORY,1,-1.1553761959075928
1,WEAK_ARITHMETIC,geometry-shadow,80,STORY_A,STORY,0,0.722442090511322
1,WEAK_ARITHMETIC,geometry-shadow,81,STORY_A,STORY,0,1.0378847122192385
1,WEAK_ARITHMETIC,geometry-shadow,82,ARITHMETIC,ARITHMETIC,1,-1.3642559051513672
1,WEAK_ARITHMETIC,geometry-shadow,83,STORY_A,STORY,1,-0.233492374420166
1,WEAK_ARITHMETIC,geometry-shadow,84,STORY_A,STORY,1,-0.2933180332183838
1,WEAK_ARITHMETIC,geometry-shadow,85,STORY_A,STORY,1,-1.0458914041519165
1,WEAK_ARITHMETIC,geometry-shadow,86,STORY_A,STORY,0,0.8406179547309875
1,WEAK_ARITHMETIC,geometry-shadow,87,STORY_A,STORY,0,0.8533521890640259
1,WEAK_ARITHMETIC,geometry-shadow,88,STORY_A,STORY,1,-0.9662825465202332
1,WEAK_ARITHMETIC,geometry-shadow,89,STORY_A,STORY,1,-0.6183388233184814
1,WEAK_ARITHMETIC,geometry-shadow,90,STORY_A,STORY,1,-0.1290645599365234
1,WEAK_ARITHMETIC,geometry-shadow,91,STORY_A,STORY,0,1.364559769630432
1,WEAK_ARITHMETIC,geometry-shadow,92,ARITHMETIC,ARITHMETIC,1,-1.3808529376983645
1,WEAK_ARITHMETIC,geometry-shadow,93,STORY_A,STORY,1,-0.8804958462715149
1,WEAK_ARITHMETIC,geometry-shadow,94,STORY_A,STORY,0,0.2665706872940063
1,WEAK_ARITHMETIC,geometry-shadow,95,STORY_A,STORY,1,-0.3998117446899414
1,WEAK_ARITHMETIC,geometry-shadow,96,ARITHMETIC,ARITHMETIC,1,-1.3741153478622437
1,WEAK_ARITHMETIC,geometry-shadow,97,ARITHMETIC,ARITHMETIC,1,-1.3702199459075928
1,WEAK_ARITHMETIC,geometry-shadow,98,STORY_A,STORY,0,0.785030722618103
1,WEAK_ARITHMETIC,geometry-shadow,99,STORY_A,STORY,0,0.002528429031372
1,WEAK_ARITHMETIC,geometry-shadow,100,STORY_A,STORY,1,-0.9228056073188782
1,WEAK_ARITHMETIC,geometry-shadow,101,STORY_A,STORY,1,-0.1778346300125122
1,WEAK_ARITHMETIC,geometry-shadow,102,STORY_A,STORY,0,0.9214115142822266
1,WEAK_ARITHMETIC,geometry-shadow,103,STORY_A,STORY,1,-0.4777276515960693
1,WEAK_ARITHMETIC,geometry-shadow,104,STORY_A,STORY,1,-0.2639196515083313
1,WEAK_ARITHMETIC,geometry-shadow,105,STORY_A,STORY,1,-0.8946220874786377
1,WEAK_ARITHMETIC,geometry-shadow,106,STORY_A,STORY,1,-0.6277230381965637
1,WEAK_ARITHMETIC,geometry-shadow,107,STORY_A,STORY,0,0.2659097909927368
1,WEAK_ARITHMETIC,geometry-shadow,108,STORY_A,STORY,0,1.116105556488037
1,WEAK_ARITHMETIC,geometry-shadow,109,STORY_A,STORY,0,0.0211765766143798
1,WEAK_ARITHMETIC,geometry-shadow,110,STORY_A,STORY,0,1.2573071718215942
1,WEAK_ARITHMETIC,geometry-shadow,111,STORY_A,STORY,1,-0.1032840013504028
1,WEAK_ARITHMETIC,geometry-shadow,112,STORY_A,STORY,0,0.7854080200195312
1,WEAK_ARITHMETIC,geometry-shadow,113,STORY_A,STORY,1,-1.0671451091766355
1,WEAK_ARITHMETIC,geometry-shadow,114,STORY_A,STORY,0,0.816199779510498
1,WEAK_ARITHMETIC,geometry-shadow,115,ARITHMETIC,ARITHMETIC,1,-1.3823246955871582
1,WEAK_ARITHMETIC,geometry-shadow,116,STORY_A,STORY,1,-0.3703063726425171
1,WEAK_ARITHMETIC,geometry-shadow,117,STORY_A,STORY,1,-0.5715614557266235
1,WEAK_ARITHMETIC,geometry-shadow,118,STORY_A,STORY,1,-0.6668171882629395
1,WEAK_ARITHMETIC,geometry-shadow,119,STORY_A,STORY,1,-0.8405495882034302
1,WEAK_ARITHMETIC,geometry-shadow,120,STORY_A,STORY,1,-0.899928867816925
1,WEAK_ARITHMETIC,geometry-shadow,121,STORY_A,STORY,0,0.5406404733657837
1,WEAK_ARITHMETIC,geometry-shadow,122,STORY_A,STORY,0,0.9093903303146362
1,WEAK_ARITHMETIC,geometry-shadow,123,ARITHMETIC,ARITHMETIC,1,-1.3678237199783323
1,WEAK_ARITHMETIC,geometry-shadow,124,STORY_A,STORY,0,1.0979418754577637
1,WEAK_ARITHMETIC,geometry-shadow,125,STORY_A,STORY,0,0.5611592531204224
1,WEAK_ARITHMETIC,geometry-shadow,126,STORY_A,STORY,1,-0.3113957047462463
1,WEAK_ARITHMETIC,geometry-shadow,127,STORY_A,STORY,0,0.570172905921936
1,WEAK_ARITHMETIC,geometry-shadow,128,STORY_A,STORY,1,-0.9717209339141846
1,WEAK_ARITHMETIC,geometry-shadow,129,STORY_A,STORY,0,0.8226236701011658
1,WEAK_ARITHMETIC,geometry-shadow,130,STORY_A,STORY,0,0.1602137088775634
1,WEAK_ARITHMETIC,geometry-shadow,131,STORY_A,STORY,0,1.3313076496124268
1,WEAK_ARITHMETIC,geometry-shadow,132,ARITHMETIC,ARITHMETIC,1,-1.3518033027648926
1,WEAK_ARITHMETIC,geometry-shadow,133,STORY_A,STORY,1,-1.0053677558898926
1,WEAK_ARITHMETIC,geometry-shadow,134,STORY_A,STORY,0,1.2121708393096924
1,WEAK_ARITHMETIC,geometry-shadow,135,STORY_A,STORY,1,-1.1347625255584717
1,WEAK_ARITHMETIC,geometry-shadow,136,STORY_A,STORY,0,0.0114181041717529
1,WEAK_ARITHMETIC,geometry-shadow,137,STORY_A,STORY,1,-0.267604112625122
1,WEAK_ARITHMETIC,geometry-shadow,138,STORY_A,STORY,0,1.1866073608398438
1,WEAK_ARITHMETIC,geometry-shadow,139,STORY_A,STORY,0,0.081782579421997
1,WEAK_ARITHMETIC,geometry-shadow,140,STORY_A,STORY,1,-0.9953382015228271
1,WEAK_ARITHMETIC,geometry-shadow,141,STORY_A,STORY,1,-0.3913789987564087
1,WEAK_ARITHMETIC,geometry-shadow,142,STORY_A,STORY,0,1.1310505867004397
1,WEAK_ARITHMETIC,geometry-shadow,143,STORY_A,STORY,0,0.3161298036575317
1,WEAK_ARITHMETIC,geometry-shadow,144,STORY_A,STORY,1,-0.9320083856582642
1,WEAK_ARITHMETIC,geometry-shadow,145,ARITHMETIC,ARITHMETIC,1,-1.3790991306304932
1,WEAK_ARITHMETIC,geometry-shadow,146,STORY_A,STORY,0,0.0908610820770263
1,WEAK_ARITHMETIC,geometry-shadow,147,ARITHMETIC,ARITHMETIC,1,-1.367354154586792
1,WEAK_ARITHMETIC,geometry-shadow,148,STORY_A,STORY,1,-0.8990764617919922
1,WEAK_ARITHMETIC,geometry-shadow,149,STORY_A,STORY,0,0.016019582748413
1,WEAK_ARITHMETIC,geometry-shadow,150,STORY_A,STORY,1,-0.6127200126647949
1,WEAK_ARITHMETIC,geometry-shadow,151,STORY_A,STORY,0,1.1035823822021484
1,WEAK_ARITHMETIC,geometry-shadow,152,ARITHMETIC,ARITHMETIC,1,-1.356555700302124
1,WEAK_ARITHMETIC,geometry-shadow,153,ARITHMETIC,ARITHMETIC,1,-1.384487867355347
1,WEAK_ARITHMETIC,geometry-shadow,154,STORY_A,STORY,0,1.6018484830856323
1,WEAK_ARITHMETIC,geometry-shadow,155,STORY_A,STORY,1,-0.6733689904212952
1,WEAK_ARITHMETIC,geometry-shadow,156,STORY_A,STORY,1,-0.715927004814148
1,WEAK_ARITHMETIC,geometry-shadow,157,STORY_A,STORY,0,0.7759578824043274
1,WEAK_ARITHMETIC,geometry-shadow,158,ARITHMETIC,ARITHMETIC,1,-1.3737163543701172
1,WEAK_ARITHMETIC,geometry-shadow,159,STORY_A,STORY,0,0.6382726430892944
1,WEAK_ARITHMETIC,geometry-shadow,160,STORY_A,STORY,0,1.156123399734497
1,WEAK_ARITHMETIC,geometry-shadow,161,STORY_A,STORY,0,1.0178334712982178
1,WEAK_ARITHMETIC,geometry-shadow,162,STORY_A,STORY,1,-0.6592105627059937
1,WEAK_ARITHMETIC,geometry-shadow,163,STORY_A,STORY,0,0.914981245994568
1,WEAK_ARITHMETIC,geometry-shadow,164,STORY_A,STORY,0,0.6429678201675415
1,WEAK_ARITHMETIC,geometry-shadow,165,STORY_A,STORY,0,0.1131587028503418
1,WEAK_ARITHMETIC,geometry-shadow,166,STORY_A,STORY,1,-0.990959882736206
1,WEAK_ARITHMETIC,geometry-shadow,167,STORY_A,STORY,0,0.416797399520874
1,WEAK_ARITHMETIC,geometry-shadow,168,STORY_A,STORY,0,1.0499029159545898
1,WEAK_ARITHMETIC,geometry-shadow,169,STORY_A,STORY,1,-0.5332651138305664
1,WEAK_ARITHMETIC,geometry-shadow,170,STORY_A,STORY,1,-0.7072069644927979
1,WEAK_ARITHMETIC,geometry-shadow,171,STORY_A,STORY,1,-0.3942008018493652
1,WEAK_ARITHMETIC,geometry-shadow,172,STORY_A,STORY,0,0.0937825441360473
1,WEAK_ARITHMETIC,geometry-shadow,173,STORY_A,STORY,0,1.2573652267456057
1,WEAK_ARITHMETIC,geometry-shadow,174,STORY_A,STORY,0,0.3567894697189331
1,WEAK_ARITHMETIC,geometry-shadow,175,STORY_A,STORY,0,0.7099866271018982
1,WEAK_ARITHMETIC,geometry-shadow,176,STORY_A,STORY,0,1.1662801504135132
1,WEAK_ARITHMETIC,geometry-shadow,177,STORY_A,STORY,1,-0.9307737350463868
1,WEAK_ARITHMETIC,geometry-shadow,178,STORY_A,STORY,1,-0.0162192583084106
1,WEAK_ARITHMETIC,geometry-shadow,179,STORY_A,STORY,1,-0.9497926235198976
1,WEAK_ARITHMETIC,geometry-shadow,180,ARITHMETIC,ARITHMETIC,1,-1.3608556985855105
1,WEAK_ARITHMETIC,geometry-shadow,181,STORY_A,STORY,0,1.15534508228302
1,WEAK_ARITHMETIC,geometry-shadow,182,STORY_A,STORY,0,0.4563548564910888
1,WEAK_ARITHMETIC,geometry-shadow,183,STORY_A,STORY,0,0.2195966243743896
1,WEAK_ARITHMETIC,geometry-shadow,184,STORY_A,STORY,1,-0.5427427291870117
1,WEAK_ARITHMETIC,geometry-shadow,185,STORY_A,STORY,0,1.1086002588272097
1,WEAK_ARITHMETIC,geometry-shadow,186,ARITHMETIC,ARITHMETIC,1,-1.342064619064331
1,WEAK_ARITHMETIC,geometry-shadow,187,STORY_A,STORY,1,-0.0118474960327148
1,WEAK_ARITHMETIC,geometry-shadow,188,STORY_A,STORY,0,0.9240270853042604
1,WEAK_ARITHMETIC,geometry-shadow,189,STORY_A,STORY,1,-0.3603279590606689
1,WEAK_ARITHMETIC,geometry-shadow,190,STORY_A,STORY,0,1.048232078552246
1,WEAK_ARITHMETIC,geometry-shadow,191,STORY_A,STORY,0,1.3717705011367798
1,WEAK_ARITHMETIC,geometry-shadow,192,STORY_A,STORY,1,-1.111708402633667
1,WEAK_ARITHMETIC,geometry-shadow,193,STORY_A,STORY,1,-0.2233661413192749
1,WEAK_ARITHMETIC,geometry-shadow,194,STORY_A,STORY,0,0.4085259437561035
1,WEAK_ARITHMETIC,geometry-shadow,195,STORY_A,STORY,1,-0.7958410978317261
1,WEAK_ARITHMETIC,geometry-shadow,196,STORY_A,STORY,1,-0.2996308803558349
1,WEAK_ARITHMETIC,geometry-shadow,197,STORY_A,STORY,0,1.555822491645813
1,WEAK_ARITHMETIC,geometry-shadow,198,STORY_A,STORY,0,0.5826653242111206
1,WEAK_ARITHMETIC,geometry-shadow,199,ARITHMETIC,ARITHMETIC,1,-1.3568840026855469
1,WEAK_ARITHMETIC,geometry-shadow,200,ARITHMETIC,ARITHMETIC,1,-1.384656310081482
1,WEAK_ARITHMETIC,geometry-shadow,201,STORY_A,STORY,0,0.9737622141838074
1,WEAK_ARITHMETIC,geometry-shadow,202,STORY_A,STORY,1,-0.0733371973037719
1,WEAK_ARITHMETIC,geometry-shadow,203,STORY_A,STORY,1,-0.2925006151199341
1,WEAK_ARITHMETIC,geometry-shadow,204,STORY_A,STORY,1,-0.0271859169006347
1,WEAK_ARITHMETIC,geometry-shadow,205,STORY_A,STORY,1,-0.310420274734497
1,WEAK_ARITHMETIC,geometry-shadow,206,ARITHMETIC,ARITHMETIC,1,-1.349435329437256
1,WEAK_ARITHMETIC,geometry-shadow,207,STORY_A,STORY,0,0.2652265429496765
1,WEAK_ARITHMETIC,geometry-shadow,208,STORY_A,STORY,0,0.3405611515045166
1,WEAK_ARITHMETIC,geometry-shadow,209,STORY_A,STORY,1,-0.0744270086288452
1,WEAK_ARITHMETIC,geometry-shadow,210,STORY_A,STORY,1,-1.0864722728729248
1,WEAK_ARITHMETIC,geometry-shadow,211,STORY_A,STORY,1,-0.7314951419830322
1,WEAK_ARITHMETIC,geometry-shadow,212,STORY_A,STORY,0,1.165245532989502
1,WEAK_ARITHMETIC,geometry-shadow,213,STORY_A,STORY,1,-0.8935151696205139
1,WEAK_ARITHMETIC,geometry-shadow,214,STORY_A,STORY,0,0.1691170930862426
1,WEAK_ARITHMETIC,geometry-shadow,215,STORY_A,STORY,1,-0.8009087443351746
1,WEAK_ARITHMETIC,geometry-shadow,216,STORY_A,STORY,0,0.4609225392341614
1,WEAK_ARITHMETIC,geometry-shadow,217,STORY_A,STORY,1,-0.9353367686271667
1,WEAK_ARITHMETIC,geometry-shadow,218,STORY_A,STORY,0,0.8841824531555176
1,WEAK_ARITHMETIC,geometry-shadow,219,STORY_A,STORY,0,0.142899751663208
1,WEAK_ARITHMETIC,geometry-shadow,220,STORY_A,STORY,1,-0.0988374948501586
1,WEAK_ARITHMETIC,geometry-shadow,221,STORY_A,STORY,0,1.033203125
1,WEAK_ARITHMETIC,geometry-shadow,222,ARITHMETIC,ARITHMETIC,1,-1.3588274717330933
1,WEAK_ARITHMETIC,geometry-shadow,223,STORY_A,STORY,1,-0.467036485671997
1,WEAK_ARITHMETIC,geometry-shadow,224,STORY_A,STORY,1,-0.9475451707839966
1,WEAK_ARITHMETIC,geometry-shadow,225,STORY_A,STORY,0,0.3161529302597046
1,WEAK_ARITHMETIC,geometry-shadow,226,STORY_A,STORY,1,-0.5158228874206543
1,WEAK_ARITHMETIC,geometry-shadow,227,STORY_A,STORY,0,0.4359740018844604
1,WEAK_ARITHMETIC,geometry-shadow,228,STORY_A,STORY,1,-1.0693095922470093
1,WEAK_ARITHMETIC,geometry-shadow,229,STORY_A,STORY,0,1.564810037612915
1,WEAK_ARITHMETIC,geometry-shadow,230,STORY_A,STORY,0,0.294232964515686
1,WEAK_ARITHMETIC,geometry-shadow,231,STORY_A,STORY,1,-0.0080516338348388
1,WEAK_ARITHMETIC,geometry-shadow,232,STORY_A,STORY,1,-0.6890833377838135
1,WEAK_ARITHMETIC,geometry-shadow,233,STORY_A,STORY,1,-0.7719484567642212
1,WEAK_ARITHMETIC,geometry-shadow,234,STORY_A,STORY,0,1.4029171466827393
1,WEAK_ARITHMETIC,geometry-shadow,235,STORY_A,STORY,1,-0.2895973920822143
1,WEAK_ARITHMETIC,geometry-shadow,236,STORY_A,STORY,0,1.5292900800704956
1,WEAK_ARITHMETIC,geometry-shadow,237,STORY_A,STORY,0,0.4727580547332763
1,WEAK_ARITHMETIC,geometry-shadow,238,ARITHMETIC,ARITHMETIC,1,-1.3779786825180054
1,WEAK_ARITHMETIC,geometry-shadow,239,STORY_A,STORY,0,1.0411850214004517
1,WEAK_ARITHMETIC,geometry-shadow,240,STORY_A,STORY,1,-0.8359966278076172
1,WEAK_ARITHMETIC,geometry-shadow,241,STORY_A,STORY,0,1.1434730291366575
1,WEAK_ARITHMETIC,geometry-shadow,242,STORY_A,STORY,0,1.0199034214019775
1,WEAK_ARITHMETIC,geometry-shadow,243,STORY_A,STORY,1,-0.2390356063842773
1,WEAK_ARITHMETIC,geometry-shadow,244,STORY_A,STORY,1,-0.1165028810501098
1,WEAK_ARITHMETIC,geometry-shadow,245,STORY_A,STORY,0,1.270861029624939
1,WEAK_ARITHMETIC,geometry-shadow,246,STORY_A,STORY,1,-0.6133856773376465
1,WEAK_ARITHMETIC,geometry-shadow,247,STORY_A,STORY,0,0.3111903667449951
1,WEAK_ARITHMETIC,geometry-shadow,248,STORY_A,STORY,0,0.0414891242980957
1,WEAK_ARITHMETIC,geometry-shadow,249,STORY_A,STORY,1,-1.0315966606140137
1,WEAK_ARITHMETIC,geometry-shadow,250,STORY_A,STORY,1,-0.4474539160728454
1,WEAK_ARITHMETIC,geometry-shadow,251,STORY_A,STORY,1,-0.0774494409561157
1,WEAK_ARITHMETIC,geometry-shadow,252,STORY_A,STORY,1,-0.8412371873855591
1,WEAK_ARITHMETIC,geometry-shadow,253,ARITHMETIC,ARITHMETIC,1,-1.336142659187317
1,WEAK_ARITHMETIC,geometry-shadow,254,ARITHMETIC,ARITHMETIC,1,-1.347399353981018
1,WEAK_ARITHMETIC,geometry-shadow,255,STORY_A,STORY,1,-1.1242568492889404
1,WEAK_ARITHMETIC,geometry-shadow,256,STORY_A,STORY,0,0.2661052942276001
2,STORY_ONLY,capacity-shadow,1,STORY_A,STORY,0,
2,STORY_ONLY,capacity-shadow,2,STORY_A,STORY,1,
2,STORY_ONLY,capacity-shadow,3,STORY_A,STORY,0,
2,STORY_ONLY,capacity-shadow,4,STORY_A,STORY,1,
2,STORY_ONLY,capacity-shadow,5,STORY_A,STORY,0,
2,STORY_ONLY,capacity-shadow,6,STORY_A,STORY,1,
2,STORY_ONLY,capacity-shadow,7,STORY_A,STORY,0,
2,STORY_ONLY,capacity-shadow,8,STORY_A,STORY,1,
2,STORY_ONLY,capacity-shadow,9,STORY_A,STORY,0,
2,STORY_ONLY,capacity-shadow,10,STORY_A,STORY,1,
2,STORY_ONLY,capacity-shadow,11,STORY_A,STORY,0,
2,STORY_ONLY,capacity-shadow,12,STORY_A,STORY,1,
2,STORY_ONLY,capacity-shadow,13,STORY_A,STORY,0,
2,STORY_ONLY,capacity-shadow,14,STORY_A,STORY,1,
2,STORY_ONLY,capacity-shadow,15,STORY_A,STORY,0,
2,STORY_ONLY,capacity-shadow,16,STORY_A,STORY,1,
2,STORY_ONLY,capacity-shadow,17,STORY_A,STORY,0,
2,STORY_ONLY,capacity-shadow,18,STORY_A,STORY,1,
2,STORY_ONLY,capacity-shadow,19,STORY_A,STORY,0,
2,STORY_ONLY,capacity-shadow,20,STORY_A,STORY,1,
2,STORY_ONLY,capacity-shadow,21,STORY_A,STORY,0,
2,STORY_ONLY,capacity-shadow,22,STORY_A,STORY,1,
2,STORY_ONLY,capacity-shadow,23,STORY_A,STORY,0,
2,STORY_ONLY,capacity-shadow,24,STORY_A,STORY,1,
2,STORY_ONLY,capacity-shadow,25,STORY_A,STORY,0,
2,STORY_ONLY,capacity-shadow,26,STORY_A,STORY,1,
2,STORY_ONLY,capacity-shadow,27,STORY_A,STORY,0,
2,STORY_ONLY,capacity-shadow,28,STORY_A,STORY,1,
2,STORY_ONLY,capacity-shadow,29,STORY_A,STORY,0,
2,STORY_ONLY,capacity-shadow,30,STORY_A,STORY,1,
2,STORY_ONLY,capacity-shadow,31,STORY_A,STORY,0,
2,STORY_ONLY,capacity-shadow,32,STORY_A,STORY,1,
2,STORY_ONLY,capacity-shadow,33,STORY_A,STORY,0,
2,STORY_ONLY,capacity-shadow,34,STORY_A,STORY,1,
2,STORY_ONLY,capacity-shadow,35,STORY_A,STORY,0,
2,STORY_ONLY,capacity-shadow,36,STORY_A,STORY,1,
2,STORY_ONLY,capacity-shadow,37,STORY_A,STORY,0,
2,STORY_ONLY,capacity-shadow,38,STORY_A,STORY,1,
2,STORY_ONLY,capacity-shadow,39,STORY_A,STORY,0,
2,STORY_ONLY,capacity-shadow,40,STORY_A,STORY,1,
2,STORY_ONLY,capacity-shadow,41,STORY_A,STORY,0,
2,STORY_ONLY,capacity-shadow,42,STORY_A,STORY,1,
2,STORY_ONLY,capacity-shadow,43,STORY_A,STORY,0,
2,STORY_ONLY,capacity-shadow,44,STORY_A,STORY,1,
2,STORY_ONLY,capacity-shadow,45,STORY_A,STORY,0,
2,STORY_ONLY,capacity-shadow,46,STORY_A,STORY,1,
2,STORY_ONLY,capacity-shadow,47,STORY_A,STORY,0,
2,STORY_ONLY,capacity-shadow,48,STORY_A,STORY,1,
2,STORY_ONLY,capacity-shadow,49,STORY_A,STORY,0,
2,STORY_ONLY,capacity-shadow,50,STORY_A,STORY,1,
2,STORY_ONLY,capacity-shadow,51,STORY_A,STORY,0,
2,STORY_ONLY,capacity-shadow,52,STORY_A,STORY,1,
2,STORY_ONLY,capacity-shadow,53,STORY_A,STORY,0,
2,STORY_ONLY,capacity-shadow,54,STORY_A,STORY,1,
2,STORY_ONLY,capacity-shadow,55,STORY_A,STORY,0,
2,STORY_ONLY,capacity-shadow,56,STORY_A,STORY,1,
2,STORY_ONLY,capacity-shadow,57,STORY_A,STORY,0,
2,STORY_ONLY,capacity-shadow,58,STORY_A,STORY,1,
2,STORY_ONLY,capacity-shadow,59,STORY_A,STORY,0,
2,STORY_ONLY,capacity-shadow,60,STORY_A,STORY,1,
2,STORY_ONLY,capacity-shadow,61,STORY_A,STORY,0,
2,STORY_ONLY,capacity-shadow,62,STORY_A,STORY,1,
2,STORY_ONLY,capacity-shadow,63,STORY_A,STORY,0,
2,STORY_ONLY,capacity-shadow,64,STORY_A,STORY,1,
2,STORY_ONLY,capacity-shadow,65,STORY_A,STORY,0,
2,STORY_ONLY,capacity-shadow,66,STORY_A,STORY,1,
2,STORY_ONLY,capacity-shadow,67,STORY_A,STORY,0,
2,STORY_ONLY,capacity-shadow,68,STORY_A,STORY,1,
2,STORY_ONLY,capacity-shadow,69,STORY_A,STORY,0,
2,STORY_ONLY,capacity-shadow,70,STORY_A,STORY,1,
2,STORY_ONLY,capacity-shadow,71,STORY_A,STORY,0,
2,STORY_ONLY,capacity-shadow,72,STORY_A,STORY,1,
2,STORY_ONLY,capacity-shadow,73,STORY_A,STORY,0,
2,STORY_ONLY,capacity-shadow,74,STORY_A,STORY,1,
2,STORY_ONLY,capacity-shadow,75,STORY_A,STORY,0,
2,STORY_ONLY,capacity-shadow,76,STORY_A,STORY,1,
2,STORY_ONLY,capacity-shadow,77,STORY_A,STORY,0,
2,STORY_ONLY,capacity-shadow,78,STORY_A,STORY,1,
2,STORY_ONLY,capacity-shadow,79,STORY_A,STORY,0,
2,STORY_ONLY,capacity-shadow,80,STORY_A,STORY,1,
2,STORY_ONLY,capacity-shadow,81,STORY_A,STORY,0,
2,STORY_ONLY,capacity-shadow,82,STORY_A,STORY,1,
2,STORY_ONLY,capacity-shadow,83,STORY_A,STORY,0,
2,STORY_ONLY,capacity-shadow,84,STORY_A,STORY,1,
2,STORY_ONLY,capacity-shadow,85,STORY_A,STORY,0,
2,STORY_ONLY,capacity-shadow,86,STORY_A,STORY,1,
2,STORY_ONLY,capacity-shadow,87,STORY_A,STORY,0,
2,STORY_ONLY,capacity-shadow,88,STORY_A,STORY,1,
2,STORY_ONLY,capacity-shadow,89,STORY_A,STORY,0,
2,STORY_ONLY,capacity-shadow,90,STORY_A,STORY,1,
2,STORY_ONLY,capacity-shadow,91,STORY_A,STORY,0,
2,STORY_ONLY,capacity-shadow,92,STORY_A,STORY,1,
2,STORY_ONLY,capacity-shadow,93,STORY_A,STORY,0,
2,STORY_ONLY,capacity-shadow,94,STORY_A,STORY,1,
2,STORY_ONLY,capacity-shadow,95,STORY_A,STORY,0,
2,STORY_ONLY,capacity-shadow,96,STORY_A,STORY,1,
2,STORY_ONLY,capacity-shadow,97,STORY_A,STORY,0,
2,STORY_ONLY,capacity-shadow,98,STORY_A,STORY,1,
2,STORY_ONLY,capacity-shadow,99,STORY_A,STORY,0,
2,STORY_ONLY,capacity-shadow,100,STORY_A,STORY,1,
2,STORY_ONLY,capacity-shadow,101,STORY_A,STORY,0,
2,STORY_ONLY,capacity-shadow,102,STORY_A,STORY,1,
2,STORY_ONLY,capacity-shadow,103,STORY_A,STORY,0,
2,STORY_ONLY,capacity-shadow,104,STORY_A,STORY,1,
2,STORY_ONLY,capacity-shadow,105,STORY_A,STORY,0,
2,STORY_ONLY,capacity-shadow,106,STORY_A,STORY,1,
2,STORY_ONLY,capacity-shadow,107,STORY_A,STORY,0,
2,STORY_ONLY,capacity-shadow,108,STORY_A,STORY,1,
2,STORY_ONLY,capacity-shadow,109,STORY_A,STORY,0,
2,STORY_ONLY,capacity-shadow,110,STORY_A,STORY,1,
2,STORY_ONLY,capacity-shadow,111,STORY_A,STORY,0,
2,STORY_ONLY,capacity-shadow,112,STORY_A,STORY,1,
2,STORY_ONLY,capacity-shadow,113,STORY_A,STORY,0,
2,STORY_ONLY,capacity-shadow,114,STORY_A,STORY,1,
2,STORY_ONLY,capacity-shadow,115,STORY_A,STORY,0,
2,STORY_ONLY,capacity-shadow,116,STORY_A,STORY,1,
2,STORY_ONLY,capacity-shadow,117,STORY_A,STORY,0,
2,STORY_ONLY,capacity-shadow,118,STORY_A,STORY,1,
2,STORY_ONLY,capacity-shadow,119,STORY_A,STORY,0,
2,STORY_ONLY,capacity-shadow,120,STORY_A,STORY,1,
2,STORY_ONLY,capacity-shadow,121,STORY_A,STORY,0,
2,STORY_ONLY,capacity-shadow,122,STORY_A,STORY,1,
2,STORY_ONLY,capacity-shadow,123,STORY_A,STORY,0,
2,STORY_ONLY,capacity-shadow,124,STORY_A,STORY,1,
2,STORY_ONLY,capacity-shadow,125,STORY_A,STORY,0,
2,STORY_ONLY,capacity-shadow,126,STORY_A,STORY,1,
2,STORY_ONLY,capacity-shadow,127,STORY_A,STORY,0,
2,STORY_ONLY,capacity-shadow,128,STORY_A,STORY,1,
2,STORY_ONLY,capacity-shadow,129,STORY_A,STORY,0,
2,STORY_ONLY,capacity-shadow,130,STORY_A,STORY,1,
2,STORY_ONLY,capacity-shadow,131,STORY_A,STORY,0,
2,STORY_ONLY,capacity-shadow,132,STORY_A,STORY,1,
2,STORY_ONLY,capacity-shadow,133,STORY_A,STORY,0,
2,STORY_ONLY,capacity-shadow,134,STORY_A,STORY,1,
2,STORY_ONLY,capacity-shadow,135,STORY_A,STORY,0,
2,STORY_ONLY,capacity-shadow,136,STORY_A,STORY,1,
2,STORY_ONLY,capacity-shadow,137,STORY_A,STORY,0,
2,STORY_ONLY,capacity-shadow,138,STORY_A,STORY,1,
2,STORY_ONLY,capacity-shadow,139,STORY_A,STORY,0,
2,STORY_ONLY,capacity-shadow,140,STORY_A,STORY,1,
2,STORY_ONLY,capacity-shadow,141,STORY_A,STORY,0,
2,STORY_ONLY,capacity-shadow,142,STORY_A,STORY,1,
2,STORY_ONLY,capacity-shadow,143,STORY_A,STORY,0,
2,STORY_ONLY,capacity-shadow,144,STORY_A,STORY,1,
2,STORY_ONLY,capacity-shadow,145,STORY_A,STORY,0,
2,STORY_ONLY,capacity-shadow,146,STORY_A,STORY,1,
2,STORY_ONLY,capacity-shadow,147,STORY_A,STORY,0,
2,STORY_ONLY,capacity-shadow,148,STORY_A,STORY,1,
2,STORY_ONLY,capacity-shadow,149,STORY_A,STORY,0,
2,STORY_ONLY,capacity-shadow,150,STORY_A,STORY,1,
2,STORY_ONLY,capacity-shadow,151,STORY_A,STORY,0,
2,STORY_ONLY,capacity-shadow,152,STORY_A,STORY,1,
2,STORY_ONLY,capacity-shadow,153,STORY_A,STORY,0,
2,STORY_ONLY,capacity-shadow,154,STORY_A,STORY,1,
2,STORY_ONLY,capacity-shadow,155,STORY_A,STORY,0,
2,STORY_ONLY,capacity-shadow,156,STORY_A,STORY,1,
2,STORY_ONLY,capacity-shadow,157,STORY_A,STORY,0,
2,STORY_ONLY,capacity-shadow,158,STORY_A,STORY,1,
2,STORY_ONLY,capacity-shadow,159,STORY_A,STORY,0,
2,STORY_ONLY,capacity-shadow,160,STORY_A,STORY,1,
2,STORY_ONLY,capacity-shadow,161,STORY_A,STORY,0,
2,STORY_ONLY,capacity-shadow,162,STORY_A,STORY,1,
2,STORY_ONLY,capacity-shadow,163,STORY_A,STORY,0,
2,STORY_ONLY,capacity-shadow,164,STORY_A,STORY,1,
2,STORY_ONLY,capacity-shadow,165,STORY_A,STORY,0,
2,STORY_ONLY,capacity-shadow,166,STORY_A,STORY,1,
2,STORY_ONLY,capacity-shadow,167,STORY_A,STORY,0,
2,STORY_ONLY,capacity-shadow,168,STORY_A,STORY,1,
2,STORY_ONLY,capacity-shadow,169,STORY_A,STORY,0,
2,STORY_ONLY,capacity-shadow,170,STORY_A,STORY,1,
2,STORY_ONLY,capacity-shadow,171,STORY_A,STORY,0,
2,STORY_ONLY,capacity-shadow,172,STORY_A,STORY,1,
2,STORY_ONLY,capacity-shadow,173,STORY_A,STORY,0,
2,STORY_ONLY,capacity-shadow,174,STORY_A,STORY,1,
2,STORY_ONLY,capacity-shadow,175,STORY_A,STORY,0,
2,STORY_ONLY,capacity-shadow,176,STORY_A,STORY,1,
2,STORY_ONLY,capacity-shadow,177,STORY_A,STORY,0,
2,STORY_ONLY,capacity-shadow,178,STORY_A,STORY,1,
2,STORY_ONLY,capacity-shadow,179,STORY_A,STORY,0,
2,STORY_ONLY,capacity-shadow,180,STORY_A,STORY,1,
2,STORY_ONLY,capacity-shadow,181,STORY_A,STORY,0,
2,STORY_ONLY,capacity-shadow,182,STORY_A,STORY,1,
2,STORY_ONLY,capacity-shadow,183,STORY_A,STORY,0,
2,STORY_ONLY,capacity-shadow,184,STORY_A,STORY,1,
2,STORY_ONLY,capacity-shadow,185,STORY_A,STORY,0,
2,STORY_ONLY,capacity-shadow,186,STORY_A,STORY,1,
2,STORY_ONLY,capacity-shadow,187,STORY_A,STORY,0,
2,STORY_ONLY,capacity-shadow,188,STORY_A,STORY,1,
2,STORY_ONLY,capacity-shadow,189,STORY_A,STORY,0,
2,STORY_ONLY,capacity-shadow,190,STORY_A,STORY,1,
2,STORY_ONLY,capacity-shadow,191,STORY_A,STORY,0,
2,STORY_ONLY,capacity-shadow,192,STORY_A,STORY,1,
2,STORY_ONLY,capacity-shadow,193,STORY_A,STORY,0,
2,STORY_ONLY,capacity-shadow,194,STORY_A,STORY,1,
2,STORY_ONLY,capacity-shadow,195,STORY_A,STORY,0,
2,STORY_ONLY,capacity-shadow,196,STORY_A,STORY,1,
2,STORY_ONLY,capacity-shadow,197,STORY_A,STORY,0,
2,STORY_ONLY,capacity-shadow,198,STORY_A,STORY,1,
2,STORY_ONLY,capacity-shadow,199,STORY_A,STORY,0,
2,STORY_ONLY,capacity-shadow,200,STORY_A,STORY,1,
2,STORY_ONLY,capacity-shadow,201,STORY_A,STORY,0,
2,STORY_ONLY,capacity-shadow,202,STORY_A,STORY,1,
2,STORY_ONLY,capacity-shadow,203,STORY_A,STORY,0,
2,STORY_ONLY,capacity-shadow,204,STORY_A,STORY,1,
2,STORY_ONLY,capacity-shadow,205,STORY_A,STORY,0,
2,STORY_ONLY,capacity-shadow,206,STORY_A,STORY,1,
2,STORY_ONLY,capacity-shadow,207,STORY_A,STORY,0,
2,STORY_ONLY,capacity-shadow,208,STORY_A,STORY,1,
2,STORY_ONLY,capacity-shadow,209,STORY_A,STORY,0,
2,STORY_ONLY,capacity-shadow,210,STORY_A,STORY,1,
2,STORY_ONLY,capacity-shadow,211,STORY_A,STORY,0,
2,STORY_ONLY,capacity-shadow,212,STORY_A,STORY,1,
2,STORY_ONLY,capacity-shadow,213,STORY_A,STORY,0,
2,STORY_ONLY,capacity-shadow,214,STORY_A,STORY,1,
2,STORY_ONLY,capacity-shadow,215,STORY_A,STORY,0,
2,STORY_ONLY,capacity-shadow,216,STORY_A,STORY,1,
2,STORY_ONLY,capacity-shadow,217,STORY_A,STORY,0,
2,STORY_ONLY,capacity-shadow,218,STORY_A,STORY,1,
2,STORY_ONLY,capacity-shadow,219,STORY_A,STORY,0,
2,STORY_ONLY,capacity-shadow,220,STORY_A,STORY,1,
2,STORY_ONLY,capacity-shadow,221,STORY_A,STORY,0,
2,STORY_ONLY,capacity-shadow,222,STORY_A,STORY,1,
2,STORY_ONLY,capacity-shadow,223,STORY_A,STORY,0,
2,STORY_ONLY,capacity-shadow,224,STORY_A,STORY,1,
2,STORY_ONLY,capacity-shadow,225,STORY_A,STORY,0,
2,STORY_ONLY,capacity-shadow,226,STORY_A,STORY,1,
2,STORY_ONLY,capacity-shadow,227,STORY_A,STORY,0,
2,STORY_ONLY,capacity-shadow,228,STORY_A,STORY,1,
2,STORY_ONLY,capacity-shadow,229,STORY_A,STORY,0,
2,STORY_ONLY,capacity-shadow,230,STORY_A,STORY,1,
2,STORY_ONLY,capacity-shadow,231,STORY_A,STORY,0,
2,STORY_ONLY,capacity-shadow,232,STORY_A,STORY,1,
2,STORY_ONLY,capacity-shadow,233,STORY_A,STORY,0,
2,STORY_ONLY,capacity-shadow,234,STORY_A,STORY,1,
2,STORY_ONLY,capacity-shadow,235,STORY_A,STORY,0,
2,STORY_ONLY,capacity-shadow,236,STORY_A,STORY,1,
2,STORY_ONLY,capacity-shadow,237,STORY_A,STORY,0,
2,STORY_ONLY,capacity-shadow,238,STORY_A,STORY,1,
2,STORY_ONLY,capacity-shadow,239,STORY_A,STORY,0,
2,STORY_ONLY,capacity-shadow,240,STORY_A,STORY,1,
2,STORY_ONLY,capacity-shadow,241,STORY_A,STORY,0,
2,STORY_ONLY,capacity-shadow,242,STORY_A,STORY,1,
2,STORY_ONLY,capacity-shadow,243,STORY_A,STORY,0,
2,STORY_ONLY,capacity-shadow,244,STORY_A,STORY,1,
2,STORY_ONLY,capacity-shadow,245,STORY_A,STORY,0,
2,STORY_ONLY,capacity-shadow,246,STORY_A,STORY,1,
2,STORY_ONLY,capacity-shadow,247,STORY_A,STORY,0,
2,STORY_ONLY,capacity-shadow,248,STORY_A,STORY,1,
2,STORY_ONLY,capacity-shadow,249,STORY_A,STORY,0,
2,STORY_ONLY,capacity-shadow,250,STORY_A,STORY,1,
2,STORY_ONLY,capacity-shadow,251,STORY_A,STORY,0,
2,STORY_ONLY,capacity-shadow,252,STORY_A,STORY,1,
2,STORY_ONLY,capacity-shadow,253,STORY_A,STORY,0,
2,STORY_ONLY,capacity-shadow,254,STORY_A,STORY,1,
2,STORY_ONLY,capacity-shadow,255,STORY_A,STORY,0,
2,STORY_ONLY,capacity-shadow,256,STORY_A,STORY,1,
2,STORY_ONLY,geometry-shadow,1,STORY_A,STORY,1,-0.139682650566101
2,STORY_ONLY,geometry-shadow,2,STORY_A,STORY,0,1.1277467012405396
2,STORY_ONLY,geometry-shadow,3,STORY_A,STORY,0,1.2450741529464722
2,STORY_ONLY,geometry-shadow,4,STORY_A,STORY,1,-0.8940783739089966
2,STORY_ONLY,geometry-shadow,5,STORY_A,STORY,1,-1.0535467863082886
2,STORY_ONLY,geometry-shadow,6,STORY_A,STORY,1,-0.2378661632537841
2,STORY_ONLY,geometry-shadow,7,STORY_A,STORY,0,1.159893274307251
2,STORY_ONLY,geometry-shadow,8,STORY_A,STORY,1,-0.6576335430145264
2,STORY_ONLY,geometry-shadow,9,STORY_A,STORY,0,0.0794339179992675
2,STORY_ONLY,geometry-shadow,10,STORY_A,STORY,1,-1.0343600511550903
2,STORY_ONLY,geometry-shadow,11,STORY_A,STORY,0,0.2536145448684692
2,STORY_ONLY,geometry-shadow,12,STORY_A,STORY,0,0.6915186047554016
2,STORY_ONLY,geometry-shadow,13,STORY_A,STORY,0,0.7235535979270935
2,STORY_ONLY,geometry-shadow,14,STORY_A,STORY,1,-1.3625853061676023
2,STORY_ONLY,geometry-shadow,15,STORY_A,STORY,0,0.8535573482513428
2,STORY_ONLY,geometry-shadow,16,STORY_A,STORY,1,-0.3475557565689087
2,STORY_ONLY,geometry-shadow,17,STORY_A,STORY,1,-0.8101105093955994
2,STORY_ONLY,geometry-shadow,18,STORY_A,STORY,1,-0.1392822265625
2,STORY_ONLY,geometry-shadow,19,STORY_A,STORY,0,0.3501365780830383
2,STORY_ONLY,geometry-shadow,20,STORY_A,STORY,1,-0.6474602222442627
2,STORY_ONLY,geometry-shadow,21,STORY_A,STORY,1,-0.7973921298980713
2,STORY_ONLY,geometry-shadow,22,STORY_A,STORY,0,0.6110674142837524
2,STORY_ONLY,geometry-shadow,23,STORY_A,STORY,1,-0.7945549488067627
2,STORY_ONLY,geometry-shadow,24,STORY_A,STORY,0,0.1954079270362854
2,STORY_ONLY,geometry-shadow,25,STORY_A,STORY,0,0.345270037651062
2,STORY_ONLY,geometry-shadow,26,STORY_A,STORY,0,0.3673040866851806
2,STORY_ONLY,geometry-shadow,27,STORY_A,STORY,0,0.2526557445526123
2,STORY_ONLY,geometry-shadow,28,STORY_A,STORY,0,0.036676287651062
2,STORY_ONLY,geometry-shadow,29,STORY_A,STORY,1,-0.4604997634887695
2,STORY_ONLY,geometry-shadow,30,STORY_A,STORY,0,0.9820303916931152
2,STORY_ONLY,geometry-shadow,31,STORY_A,STORY,0,0.7634438872337341
2,STORY_ONLY,geometry-shadow,32,STORY_A,STORY,1,-1.1161187887191772
2,STORY_ONLY,geometry-shadow,33,STORY_A,STORY,0,0.5998907089233398
2,STORY_ONLY,geometry-shadow,34,STORY_A,STORY,0,0.2263080477714538
2,STORY_ONLY,geometry-shadow,35,STORY_A,STORY,0,0.3788535594940185
2,STORY_ONLY,geometry-shadow,36,STORY_A,STORY,0,0.1271591186523437
2,STORY_ONLY,geometry-shadow,37,STORY_A,STORY,1,-0.4339383840560913
2,STORY_ONLY,geometry-shadow,38,STORY_A,STORY,1,-0.1794604063034057
2,STORY_ONLY,geometry-shadow,39,STORY_A,STORY,0,0.237312376499176
2,STORY_ONLY,geometry-shadow,40,STORY_A,STORY,1,-0.7694624662399292
2,STORY_ONLY,geometry-shadow,41,STORY_A,STORY,1,-0.8634167313575745
2,STORY_ONLY,geometry-shadow,42,STORY_A,STORY,0,0.3892785906791687
2,STORY_ONLY,geometry-shadow,43,STORY_A,STORY,1,-0.7406511306762695
2,STORY_ONLY,geometry-shadow,44,STORY_A,STORY,0,0.1610825657844543
2,STORY_ONLY,geometry-shadow,45,STORY_A,STORY,1,-0.786595344543457
2,STORY_ONLY,geometry-shadow,46,STORY_A,STORY,0,1.0184032917022705
2,STORY_ONLY,geometry-shadow,47,STORY_A,STORY,0,1.182014226913452
2,STORY_ONLY,geometry-shadow,48,STORY_A,STORY,0,1.3355354070663452
2,STORY_ONLY,geometry-shadow,49,STORY_A,STORY,0,1.058402180671692
2,STORY_ONLY,geometry-shadow,50,STORY_A,STORY,0,0.9051936268806458
2,STORY_ONLY,geometry-shadow,51,STORY_A,STORY,1,-0.4694547653198242
2,STORY_ONLY,geometry-shadow,52,STORY_A,STORY,0,0.2967294454574585
2,STORY_ONLY,geometry-shadow,53,STORY_A,STORY,0,0.0182453393936157
2,STORY_ONLY,geometry-shadow,54,STORY_A,STORY,1,-0.616233229637146
2,STORY_ONLY,geometry-shadow,55,STORY_A,STORY,0,0.6138707399368286
2,STORY_ONLY,geometry-shadow,56,STORY_A,STORY,1,-0.3312292098999023
2,STORY_ONLY,geometry-shadow,57,STORY_A,STORY,1,-0.6246487498283386
2,STORY_ONLY,geometry-shadow,58,STORY_A,STORY,1,-0.9880688190460204
2,STORY_ONLY,geometry-shadow,59,STORY_A,STORY,1,-0.7104901671409607
2,STORY_ONLY,geometry-shadow,60,STORY_A,STORY,0,0.3930039405822754
2,STORY_ONLY,geometry-shadow,61,STORY_A,STORY,0,0.1104259490966796
2,STORY_ONLY,geometry-shadow,62,STORY_A,STORY,1,-0.3154380917549133
2,STORY_ONLY,geometry-shadow,63,STORY_A,STORY,1,-0.1752064228057861
2,STORY_ONLY,geometry-shadow,64,STORY_A,STORY,0,0.3494551181793213
2,STORY_ONLY,geometry-shadow,65,STORY_A,STORY,0,1.03386390209198
2,STORY_ONLY,geometry-shadow,66,STORY_A,STORY,1,-0.5396207571029663
2,STORY_ONLY,geometry-shadow,67,STORY_A,STORY,0,0.2082485556602478
2,STORY_ONLY,geometry-shadow,68,STORY_A,STORY,0,0.7914477586746216
2,STORY_ONLY,geometry-shadow,69,STORY_A,STORY,1,-0.4674063324928283
2,STORY_ONLY,geometry-shadow,70,STORY_A,STORY,1,-0.2715732455253601
2,STORY_ONLY,geometry-shadow,71,STORY_A,STORY,0,0.0190078020095825
2,STORY_ONLY,geometry-shadow,72,STORY_A,STORY,1,-0.3675894737243652
2,STORY_ONLY,geometry-shadow,73,STORY_A,STORY,1,-0.6302407383918762
2,STORY_ONLY,geometry-shadow,74,STORY_A,STORY,1,-1.1083160638809204
2,STORY_ONLY,geometry-shadow,75,STORY_A,STORY,0,0.7285267114639282
2,STORY_ONLY,geometry-shadow,76,STORY_A,STORY,0,1.0361852645874023
2,STORY_ONLY,geometry-shadow,77,STORY_A,STORY,0,0.2115209102630615
2,STORY_ONLY,geometry-shadow,78,STORY_A,STORY,0,0.5650409460067749
2,STORY_ONLY,geometry-shadow,79,STORY_A,STORY,1,-0.7687848806381226
2,STORY_ONLY,geometry-shadow,80,STORY_A,STORY,0,0.1196309328079223
2,STORY_ONLY,geometry-shadow,81,STORY_A,STORY,0,0.6219769716262817
2,STORY_ONLY,geometry-shadow,82,STORY_A,STORY,0,0.7883419990539551
2,STORY_ONLY,geometry-shadow,83,STORY_A,STORY,1,-0.8143916726112366
2,STORY_ONLY,geometry-shadow,84,STORY_A,STORY,0,0.2883541584014892
2,STORY_ONLY,geometry-shadow,85,STORY_A,STORY,1,-0.7362916469573975
2,STORY_ONLY,geometry-shadow,86,STORY_A,STORY,0,0.923092484474182
2,STORY_ONLY,geometry-shadow,87,STORY_A,STORY,1,-1.0697600841522217
2,STORY_ONLY,geometry-shadow,88,STORY_A,STORY,0,0.0783014297485351
2,STORY_ONLY,geometry-shadow,89,STORY_A,STORY,0,0.9730998873710632
2,STORY_ONLY,geometry-shadow,90,STORY_A,STORY,1,-0.4091484546661377
2,STORY_ONLY,geometry-shadow,91,STORY_A,STORY,1,-0.5771660804748535
2,STORY_ONLY,geometry-shadow,92,STORY_A,STORY,1,-1.15685772895813
2,STORY_ONLY,geometry-shadow,93,STORY_A,STORY,0,0.3626459240913391
2,STORY_ONLY,geometry-shadow,94,STORY_A,STORY,0,0.8122242093086243
2,STORY_ONLY,geometry-shadow,95,STORY_A,STORY,1,-0.3800573348999023
2,STORY_ONLY,geometry-shadow,96,STORY_A,STORY,1,-0.0136743783950805
2,STORY_ONLY,geometry-shadow,97,STORY_A,STORY,0,1.0365145206451416
2,STORY_ONLY,geometry-shadow,98,STORY_A,STORY,0,0.1425478458404541
2,STORY_ONLY,geometry-shadow,99,STORY_A,STORY,0,0.7995791435241699
2,STORY_ONLY,geometry-shadow,100,STORY_A,STORY,1,-0.2666276693344116
2,STORY_ONLY,geometry-shadow,101,STORY_A,STORY,0,0.488364577293396
2,STORY_ONLY,geometry-shadow,102,STORY_A,STORY,0,0.8342793583869934
2,STORY_ONLY,geometry-shadow,103,STORY_A,STORY,0,0.6902640461921692
2,STORY_ONLY,geometry-shadow,104,STORY_A,STORY,0,0.577001690864563
2,STORY_ONLY,geometry-shadow,105,STORY_A,STORY,0,0.4637975096702575
2,STORY_ONLY,geometry-shadow,106,STORY_A,STORY,0,0.6480114459991455
2,STORY_ONLY,geometry-shadow,107,STORY_A,STORY,0,0.6418056488037109
2,STORY_ONLY,geometry-shadow,108,STORY_A,STORY,1,-0.3782252669334411
2,STORY_ONLY,geometry-shadow,109,STORY_A,STORY,0,0.2051529884338379
2,STORY_ONLY,geometry-shadow,110,STORY_A,STORY,0,1.172720193862915
2,STORY_ONLY,geometry-shadow,111,STORY_A,STORY,0,0.9531950354576112
2,STORY_ONLY,geometry-shadow,112,STORY_A,STORY,0,0.9180057644844056
2,STORY_ONLY,geometry-shadow,113,STORY_A,STORY,1,-0.6912539005279541
2,STORY_ONLY,geometry-shadow,114,STORY_A,STORY,1,-1.0998369455337524
2,STORY_ONLY,geometry-shadow,115,STORY_A,STORY,0,0.3417239189147949
2,STORY_ONLY,geometry-shadow,116,STORY_A,STORY,0,0.3505721092224121
2,STORY_ONLY,geometry-shadow,117,STORY_A,STORY,1,-0.9281376600265504
2,STORY_ONLY,geometry-shadow,118,STORY_A,STORY,1,-1.1292730569839478
2,STORY_ONLY,geometry-shadow,119,STORY_A,STORY,1,-0.5255573391914368
2,STORY_ONLY,geometry-shadow,120,STORY_A,STORY,0,0.0049250125885009
2,STORY_ONLY,geometry-shadow,121,STORY_A,STORY,0,0.0421342849731445
2,STORY_ONLY,geometry-shadow,122,STORY_A,STORY,1,-0.984896957874298
2,STORY_ONLY,geometry-shadow,123,STORY_A,STORY,0,0.4602978229522705
2,STORY_ONLY,geometry-shadow,124,STORY_A,STORY,0,0.7811002731323242
2,STORY_ONLY,geometry-shadow,125,STORY_A,STORY,0,1.1000878810882568
2,STORY_ONLY,geometry-shadow,126,STORY_A,STORY,0,0.4538091421127319
2,STORY_ONLY,geometry-shadow,127,STORY_A,STORY,1,-0.5254087448120117
2,STORY_ONLY,geometry-shadow,128,STORY_A,STORY,0,0.538316547870636
2,STORY_ONLY,geometry-shadow,129,STORY_A,STORY,1,-0.0277551412582397
2,STORY_ONLY,geometry-shadow,130,STORY_A,STORY,1,-0.4003568887710571
2,STORY_ONLY,geometry-shadow,131,STORY_A,STORY,0,0.6828089952468872
2,STORY_ONLY,geometry-shadow,132,STORY_A,STORY,1,-0.3074411153793335
2,STORY_ONLY,geometry-shadow,133,STORY_A,STORY,0,0.1809487342834472
2,STORY_ONLY,geometry-shadow,134,STORY_A,STORY,1,-1.0872972011566162
2,STORY_ONLY,geometry-shadow,135,STORY_A,STORY,0,0.3246817588806152
2,STORY_ONLY,geometry-shadow,136,STORY_A,STORY,0,0.1452966928482055
2,STORY_ONLY,geometry-shadow,137,STORY_A,STORY,0,0.317707359790802
2,STORY_ONLY,geometry-shadow,138,STORY_A,STORY,0,0.2477319240570068
2,STORY_ONLY,geometry-shadow,139,STORY_A,STORY,1,-1.3781827688217163
2,STORY_ONLY,geometry-shadow,140,STORY_A,STORY,1,-0.8128695487976074
2,STORY_ONLY,geometry-shadow,141,STORY_A,STORY,1,-1.2324655055999756
2,STORY_ONLY,geometry-shadow,142,STORY_A,STORY,1,-0.0774248838424682
2,STORY_ONLY,geometry-shadow,143,STORY_A,STORY,0,0.7551042437553406
2,STORY_ONLY,geometry-shadow,144,STORY_A,STORY,1,-1.2476959228515625
2,STORY_ONLY,geometry-shadow,145,STORY_A,STORY,0,0.7683323621749878
2,STORY_ONLY,geometry-shadow,146,STORY_A,STORY,0,0.8764543533325195
2,STORY_ONLY,geometry-shadow,147,STORY_A,STORY,1,-1.315981388092041
2,STORY_ONLY,geometry-shadow,148,STORY_A,STORY,1,-1.2463057041168213
2,STORY_ONLY,geometry-shadow,149,STORY_A,STORY,0,0.200732409954071
2,STORY_ONLY,geometry-shadow,150,STORY_A,STORY,0,0.6963294744491577
2,STORY_ONLY,geometry-shadow,151,STORY_A,STORY,0,0.7662609219551086
2,STORY_ONLY,geometry-shadow,152,STORY_A,STORY,0,0.3983705043792724
2,STORY_ONLY,geometry-shadow,153,STORY_A,STORY,1,-1.0213595628738403
2,STORY_ONLY,geometry-shadow,154,STORY_A,STORY,1,-0.7174204587936401
2,STORY_ONLY,geometry-shadow,155,STORY_A,STORY,0,0.5545005798339844
2,STORY_ONLY,geometry-shadow,156,STORY_A,STORY,0,1.2735648155212402
2,STORY_ONLY,geometry-shadow,157,STORY_A,STORY,0,0.0036435723304748
2,STORY_ONLY,geometry-shadow,158,STORY_A,STORY,0,0.2200064659118652
2,STORY_ONLY,geometry-shadow,159,STORY_A,STORY,0,0.6047906875610352
2,STORY_ONLY,geometry-shadow,160,STORY_A,STORY,0,0.4532471895217895
2,STORY_ONLY,geometry-shadow,161,STORY_A,STORY,0,0.5767091512680054
2,STORY_ONLY,geometry-shadow,162,STORY_A,STORY,0,0.6381857991218567
2,STORY_ONLY,geometry-shadow,163,STORY_A,STORY,1,-1.2890788316726685
2,STORY_ONLY,geometry-shadow,164,STORY_A,STORY,1,-0.9955620765686036
2,STORY_ONLY,geometry-shadow,165,STORY_A,STORY,0,0.6408838033676147
2,STORY_ONLY,geometry-shadow,166,STORY_A,STORY,0,0.6695953607559204
2,STORY_ONLY,geometry-shadow,167,STORY_A,STORY,0,0.902048110961914
2,STORY_ONLY,geometry-shadow,168,STORY_A,STORY,1,-0.467909574508667
2,STORY_ONLY,geometry-shadow,169,STORY_A,STORY,1,-0.9586852192878724
2,STORY_ONLY,geometry-shadow,170,STORY_A,STORY,0,0.6776068806648254
2,STORY_ONLY,geometry-shadow,171,STORY_A,STORY,1,-1.1280841827392578
2,STORY_ONLY,geometry-shadow,172,STORY_A,STORY,1,-0.7219740748405457
2,STORY_ONLY,geometry-shadow,173,STORY_A,STORY,0,0.2770866751670837
2,STORY_ONLY,geometry-shadow,174,STORY_A,STORY,0,0.7757339477539062
2,STORY_ONLY,geometry-shadow,175,STORY_A,STORY,0,0.2146973609924316
2,STORY_ONLY,geometry-shadow,176,STORY_A,STORY,1,-0.8261056542396545
2,STORY_ONLY,geometry-shadow,177,STORY_A,STORY,0,0.7107868194580078
2,STORY_ONLY,geometry-shadow,178,STORY_A,STORY,1,-0.3479955792427063
2,STORY_ONLY,geometry-shadow,179,STORY_A,STORY,0,0.9925427436828612
2,STORY_ONLY,geometry-shadow,180,STORY_A,STORY,0,0.5207605361938477
2,STORY_ONLY,geometry-shadow,181,STORY_A,STORY,1,-0.2916293144226074
2,STORY_ONLY,geometry-shadow,182,STORY_A,STORY,0,0.7419031858444214
2,STORY_ONLY,geometry-shadow,183,STORY_A,STORY,1,-0.2078789472579956
2,STORY_ONLY,geometry-shadow,184,STORY_A,STORY,0,0.4916228055953979
2,STORY_ONLY,geometry-shadow,185,STORY_A,STORY,1,-0.659950852394104
2,STORY_ONLY,geometry-shadow,186,STORY_A,STORY,0,1.09442400932312
2,STORY_ONLY,geometry-shadow,187,STORY_A,STORY,1,-1.0440313816070557
2,STORY_ONLY,geometry-shadow,188,STORY_A,STORY,1,-0.5123268365859985
2,STORY_ONLY,geometry-shadow,189,STORY_A,STORY,1,-1.0693213939666748
2,STORY_ONLY,geometry-shadow,190,STORY_A,STORY,0,0.6020858287811279
2,STORY_ONLY,geometry-shadow,191,STORY_A,STORY,1,-0.2972452640533447
2,STORY_ONLY,geometry-shadow,192,STORY_A,STORY,0,0.3506845235824585
2,STORY_ONLY,geometry-shadow,193,STORY_A,STORY,0,0.2070343494415283
2,STORY_ONLY,geometry-shadow,194,STORY_A,STORY,1,-0.4854543209075928
2,STORY_ONLY,geometry-shadow,195,STORY_A,STORY,1,-1.0981295108795166
2,STORY_ONLY,geometry-shadow,196,STORY_A,STORY,0,0.3378978371620178
2,STORY_ONLY,geometry-shadow,197,STORY_A,STORY,0,0.0799640417098999
2,STORY_ONLY,geometry-shadow,198,STORY_A,STORY,1,-1.151256442070007
2,STORY_ONLY,geometry-shadow,199,STORY_A,STORY,1,-0.6122282147407532
2,STORY_ONLY,geometry-shadow,200,STORY_A,STORY,1,-0.7856206893920898
2,STORY_ONLY,geometry-shadow,201,STORY_A,STORY,0,0.427872896194458
2,STORY_ONLY,geometry-shadow,202,STORY_A,STORY,1,-0.5347524285316467
2,STORY_ONLY,geometry-shadow,203,STORY_A,STORY,1,-0.6764781475067139
2,STORY_ONLY,geometry-shadow,204,STORY_A,STORY,1,-0.2534463405609131
2,STORY_ONLY,geometry-shadow,205,STORY_A,STORY,1,-1.2466169595718384
2,STORY_ONLY,geometry-shadow,206,STORY_A,STORY,1,-0.1528503894805908
2,STORY_ONLY,geometry-shadow,207,STORY_A,STORY,0,0.6790062785148621
2,STORY_ONLY,geometry-shadow,208,STORY_A,STORY,1,-0.223513126373291
2,STORY_ONLY,geometry-shadow,209,STORY_A,STORY,1,-0.7417213916778564
2,STORY_ONLY,geometry-shadow,210,STORY_A,STORY,1,-1.1724939346313477
2,STORY_ONLY,geometry-shadow,211,STORY_A,STORY,0,1.0374996662139893
2,STORY_ONLY,geometry-shadow,212,STORY_A,STORY,1,-0.878316342830658
2,STORY_ONLY,geometry-shadow,213,STORY_A,STORY,0,0.4014458060264587
2,STORY_ONLY,geometry-shadow,214,STORY_A,STORY,1,-0.7025735378265381
2,STORY_ONLY,geometry-shadow,215,STORY_A,STORY,1,-1.013667345046997
2,STORY_ONLY,geometry-shadow,216,STORY_A,STORY,1,-0.999267041683197
2,STORY_ONLY,geometry-shadow,217,STORY_A,STORY,1,-0.624241828918457
2,STORY_ONLY,geometry-shadow,218,STORY_A,STORY,0,0.882290244102478
2,STORY_ONLY,geometry-shadow,219,STORY_A,STORY,0,0.1590970754623413
2,STORY_ONLY,geometry-shadow,220,STORY_A,STORY,0,0.4908667802810669
2,STORY_ONLY,geometry-shadow,221,STORY_A,STORY,1,-1.2145745754241943
2,STORY_ONLY,geometry-shadow,222,STORY_A,STORY,0,0.2133902907371521
2,STORY_ONLY,geometry-shadow,223,STORY_A,STORY,0,0.703097939491272
2,STORY_ONLY,geometry-shadow,224,STORY_A,STORY,0,0.2836741209030151
2,STORY_ONLY,geometry-shadow,225,STORY_A,STORY,0,0.4773589372634887
2,STORY_ONLY,geometry-shadow,226,STORY_A,STORY,0,0.7130249738693237
2,STORY_ONLY,geometry-shadow,227,STORY_A,STORY,0,0.5453809499740601
2,STORY_ONLY,geometry-shadow,228,STORY_A,STORY,0,0.8665273189544678
2,STORY_ONLY,geometry-shadow,229,STORY_A,STORY,1,-0.1491467952728271
2,STORY_ONLY,geometry-shadow,230,STORY_A,STORY,1,-1.101816177368164
2,STORY_ONLY,geometry-shadow,231,STORY_A,STORY,1,-1.2848052978515625
2,STORY_ONLY,geometry-shadow,232,STORY_A,STORY,1,-0.0492770671844482
2,STORY_ONLY,geometry-shadow,233,STORY_A,STORY,0,1.104419231414795
2,STORY_ONLY,geometry-shadow,234,STORY_A,STORY,1,-0.7560403347015381
2,STORY_ONLY,geometry-shadow,235,STORY_A,STORY,0,0.2630957365036011
2,STORY_ONLY,geometry-shadow,236,STORY_A,STORY,1,-0.3412967920303345
2,STORY_ONLY,geometry-shadow,237,STORY_A,STORY,1,-1.2856404781341553
2,STORY_ONLY,geometry-shadow,238,STORY_A,STORY,0,0.0009781122207641
2,STORY_ONLY,geometry-shadow,239,STORY_A,STORY,1,-0.1794798970222473
2,STORY_ONLY,geometry-shadow,240,STORY_A,STORY,1,-1.1997634172439575
2,STORY_ONLY,geometry-shadow,241,STORY_A,STORY,1,-0.5688503384590149
2,STORY_ONLY,geometry-shadow,242,STORY_A,STORY,1,-1.0072530508041382
2,STORY_ONLY,geometry-shadow,243,STORY_A,STORY,1,-0.7793370485305786
2,STORY_ONLY,geometry-shadow,244,STORY_A,STORY,1,-0.8168309330940247
2,STORY_ONLY,geometry-shadow,245,STORY_A,STORY,0,0.8391018509864807
2,STORY_ONLY,geometry-shadow,246,STORY_A,STORY,0,1.129810452461243
2,STORY_ONLY,geometry-shadow,247,STORY_A,STORY,0,0.667630672454834
2,STORY_ONLY,geometry-shadow,248,STORY_A,STORY,0,0.7360135316848755
2,STORY_ONLY,geometry-shadow,249,STORY_A,STORY,1,-1.3173279762268066
2,STORY_ONLY,geometry-shadow,250,STORY_A,STORY,0,0.0849474668502807
2,STORY_ONLY,geometry-shadow,251,STORY_A,STORY,0,0.8097565174102783
2,STORY_ONLY,geometry-shadow,252,STORY_A,STORY,0,0.5679765939712524
2,STORY_ONLY,geometry-shadow,253,STORY_A,STORY,0,0.4222867488861084
2,STORY_ONLY,geometry-shadow,254,STORY_A,STORY,1,-1.1956579685211182
2,STORY_ONLY,geometry-shadow,255,STORY_A,STORY,1,-0.6382591128349304
2,STORY_ONLY,geometry-shadow,256,STORY_A,STORY,0,0.4519868493080139
2,DUPLICATED_STORY,capacity-shadow,1,STORY_B,STORY,0,
2,DUPLICATED_STORY,capacity-shadow,2,STORY_A,STORY,0,
2,DUPLICATED_STORY,capacity-shadow,3,STORY_B,STORY,1,
2,DUPLICATED_STORY,capacity-shadow,4,STORY_B,STORY,0,
2,DUPLICATED_STORY,capacity-shadow,5,STORY_A,STORY,1,
2,DUPLICATED_STORY,capacity-shadow,6,STORY_B,STORY,1,
2,DUPLICATED_STORY,capacity-shadow,7,STORY_A,STORY,0,
2,DUPLICATED_STORY,capacity-shadow,8,STORY_A,STORY,1,
2,DUPLICATED_STORY,capacity-shadow,9,STORY_B,STORY,0,
2,DUPLICATED_STORY,capacity-shadow,10,STORY_B,STORY,1,
2,DUPLICATED_STORY,capacity-shadow,11,STORY_B,STORY,0,
2,DUPLICATED_STORY,capacity-shadow,12,STORY_B,STORY,1,
2,DUPLICATED_STORY,capacity-shadow,13,STORY_A,STORY,0,
2,DUPLICATED_STORY,capacity-shadow,14,STORY_A,STORY,1,
2,DUPLICATED_STORY,capacity-shadow,15,STORY_A,STORY,0,
2,DUPLICATED_STORY,capacity-shadow,16,STORY_A,STORY,1,
2,DUPLICATED_STORY,capacity-shadow,17,STORY_A,STORY,0,
2,DUPLICATED_STORY,capacity-shadow,18,STORY_B,STORY,0,
2,DUPLICATED_STORY,capacity-shadow,19,STORY_B,STORY,1,
2,DUPLICATED_STORY,capacity-shadow,20,STORY_A,STORY,1,
2,DUPLICATED_STORY,capacity-shadow,21,STORY_A,STORY,0,
2,DUPLICATED_STORY,capacity-shadow,22,STORY_B,STORY,0,
2,DUPLICATED_STORY,capacity-shadow,23,STORY_B,STORY,1,
2,DUPLICATED_STORY,capacity-shadow,24,STORY_A,STORY,1,
2,DUPLICATED_STORY,capacity-shadow,25,STORY_B,STORY,0,
2,DUPLICATED_STORY,capacity-shadow,26,STORY_A,STORY,0,
2,DUPLICATED_STORY,capacity-shadow,27,STORY_B,STORY,1,
2,DUPLICATED_STORY,capacity-shadow,28,STORY_B,STORY,0,
2,DUPLICATED_STORY,capacity-shadow,29,STORY_B,STORY,1,
2,DUPLICATED_STORY,capacity-shadow,30,STORY_B,STORY,0,
2,DUPLICATED_STORY,capacity-shadow,31,STORY_B,STORY,1,
2,DUPLICATED_STORY,capacity-shadow,32,STORY_A,STORY,1,
2,DUPLICATED_STORY,capacity-shadow,33,STORY_B,STORY,0,
2,DUPLICATED_STORY,capacity-shadow,34,STORY_B,STORY,1,
2,DUPLICATED_STORY,capacity-shadow,35,STORY_B,STORY,0,
2,DUPLICATED_STORY,capacity-shadow,36,STORY_B,STORY,1,
2,DUPLICATED_STORY,capacity-shadow,37,STORY_B,STORY,0,
2,DUPLICATED_STORY,capacity-shadow,38,STORY_B,STORY,1,
2,DUPLICATED_STORY,capacity-shadow,39,STORY_B,STORY,0,
2,DUPLICATED_STORY,capacity-shadow,40,STORY_B,STORY,1,
2,DUPLICATED_STORY,capacity-shadow,41,STORY_A,STORY,0,
2,DUPLICATED_STORY,capacity-shadow,42,STORY_B,STORY,0,
2,DUPLICATED_STORY,capacity-shadow,43,STORY_A,STORY,1,
2,DUPLICATED_STORY,capacity-shadow,44,STORY_B,STORY,1,
2,DUPLICATED_STORY,capacity-shadow,45,STORY_B,STORY,0,
2,DUPLICATED_STORY,capacity-shadow,46,STORY_A,STORY,0,
2,DUPLICATED_STORY,capacity-shadow,47,STORY_B,STORY,1,
2,DUPLICATED_STORY,capacity-shadow,48,STORY_A,STORY,1,
2,DUPLICATED_STORY,capacity-shadow,49,STORY_B,STORY,0,
2,DUPLICATED_STORY,capacity-shadow,50,STORY_B,STORY,1,
2,DUPLICATED_STORY,capacity-shadow,51,STORY_B,STORY,0,
2,DUPLICATED_STORY,capacity-shadow,52,STORY_B,STORY,1,
2,DUPLICATED_STORY,capacity-shadow,53,STORY_A,STORY,0,
2,DUPLICATED_STORY,capacity-shadow,54,STORY_B,STORY,0,
2,DUPLICATED_STORY,capacity-shadow,55,STORY_B,STORY,1,
2,DUPLICATED_STORY,capacity-shadow,56,STORY_A,STORY,1,
2,DUPLICATED_STORY,capacity-shadow,57,STORY_B,STORY,0,
2,DUPLICATED_STORY,capacity-shadow,58,STORY_A,STORY,0,
2,DUPLICATED_STORY,capacity-shadow,59,STORY_A,STORY,1,
2,DUPLICATED_STORY,capacity-shadow,60,STORY_B,STORY,1,
2,DUPLICATED_STORY,capacity-shadow,61,STORY_A,STORY,0,
2,DUPLICATED_STORY,capacity-shadow,62,STORY_B,STORY,0,
2,DUPLICATED_STORY,capacity-shadow,63,STORY_A,STORY,1,
2,DUPLICATED_STORY,capacity-shadow,64,STORY_A,STORY,0,
2,DUPLICATED_STORY,capacity-shadow,65,STORY_A,STORY,1,
2,DUPLICATED_STORY,capacity-shadow,66,STORY_B,STORY,1,
2,DUPLICATED_STORY,capacity-shadow,67,STORY_A,STORY,0,
2,DUPLICATED_STORY,capacity-shadow,68,STORY_B,STORY,0,
2,DUPLICATED_STORY,capacity-shadow,69,STORY_A,STORY,1,
2,DUPLICATED_STORY,capacity-shadow,70,STORY_B,STORY,1,
2,DUPLICATED_STORY,capacity-shadow,71,STORY_A,STORY,0,
2,DUPLICATED_STORY,capacity-shadow,72,STORY_B,STORY,0,
2,DUPLICATED_STORY,capacity-shadow,73,STORY_A,STORY,1,
2,DUPLICATED_STORY,capacity-shadow,74,STORY_B,STORY,1,
2,DUPLICATED_STORY,capacity-shadow,75,STORY_A,STORY,0,
2,DUPLICATED_STORY,capacity-shadow,76,STORY_A,STORY,1,
2,DUPLICATED_STORY,capacity-shadow,77,STORY_A,STORY,0,
2,DUPLICATED_STORY,capacity-shadow,78,STORY_A,STORY,1,
2,DUPLICATED_STORY,capacity-shadow,79,STORY_B,STORY,0,
2,DUPLICATED_STORY,capacity-shadow,80,STORY_A,STORY,0,
2,DUPLICATED_STORY,capacity-shadow,81,STORY_A,STORY,1,
2,DUPLICATED_STORY,capacity-shadow,82,STORY_B,STORY,1,
2,DUPLICATED_STORY,capacity-shadow,83,STORY_B,STORY,0,
2,DUPLICATED_STORY,capacity-shadow,84,STORY_A,STORY,0,
2,DUPLICATED_STORY,capacity-shadow,85,STORY_A,STORY,1,
2,DUPLICATED_STORY,capacity-shadow,86,STORY_A,STORY,0,
2,DUPLICATED_STORY,capacity-shadow,87,STORY_B,STORY,1,
2,DUPLICATED_STORY,capacity-shadow,88,STORY_A,STORY,1,
2,DUPLICATED_STORY,capacity-shadow,89,STORY_A,STORY,0,
2,DUPLICATED_STORY,capacity-shadow,90,STORY_A,STORY,1,
2,DUPLICATED_STORY,capacity-shadow,91,STORY_B,STORY,0,
2,DUPLICATED_STORY,capacity-shadow,92,STORY_B,STORY,1,
2,DUPLICATED_STORY,capacity-shadow,93,STORY_A,STORY,0,
2,DUPLICATED_STORY,capacity-shadow,94,STORY_B,STORY,0,
2,DUPLICATED_STORY,capacity-shadow,95,STORY_B,STORY,1,
2,DUPLICATED_STORY,capacity-shadow,96,STORY_A,STORY,1,
2,DUPLICATED_STORY,capacity-shadow,97,STORY_B,STORY,0,
2,DUPLICATED_STORY,capacity-shadow,98,STORY_B,STORY,1,
2,DUPLICATED_STORY,capacity-shadow,99,STORY_A,STORY,0,
2,DUPLICATED_STORY,capacity-shadow,100,STORY_B,STORY,0,
2,DUPLICATED_STORY,capacity-shadow,101,STORY_A,STORY,1,
2,DUPLICATED_STORY,capacity-shadow,102,STORY_B,STORY,1,
2,DUPLICATED_STORY,capacity-shadow,103,STORY_A,STORY,0,
2,DUPLICATED_STORY,capacity-shadow,104,STORY_B,STORY,0,
2,DUPLICATED_STORY,capacity-shadow,105,STORY_A,STORY,1,
2,DUPLICATED_STORY,capacity-shadow,106,STORY_A,STORY,0,
2,DUPLICATED_STORY,capacity-shadow,107,STORY_B,STORY,1,
2,DUPLICATED_STORY,capacity-shadow,108,STORY_A,STORY,1,
2,DUPLICATED_STORY,capacity-shadow,109,STORY_A,STORY,0,
2,DUPLICATED_STORY,capacity-shadow,110,STORY_B,STORY,0,
2,DUPLICATED_STORY,capacity-shadow,111,STORY_A,STORY,1,
2,DUPLICATED_STORY,capacity-shadow,112,STORY_B,STORY,1,
2,DUPLICATED_STORY,capacity-shadow,113,STORY_A,STORY,0,
2,DUPLICATED_STORY,capacity-shadow,114,STORY_B,STORY,0,
2,DUPLICATED_STORY,capacity-shadow,115,STORY_B,STORY,1,
2,DUPLICATED_STORY,capacity-shadow,116,STORY_A,STORY,1,
2,DUPLICATED_STORY,capacity-shadow,117,STORY_A,STORY,0,
2,DUPLICATED_STORY,capacity-shadow,118,STORY_A,STORY,1,
2,DUPLICATED_STORY,capacity-shadow,119,STORY_B,STORY,0,
2,DUPLICATED_STORY,capacity-shadow,120,STORY_A,STORY,0,
2,DUPLICATED_STORY,capacity-shadow,121,STORY_A,STORY,1,
2,DUPLICATED_STORY,capacity-shadow,122,STORY_B,STORY,1,
2,DUPLICATED_STORY,capacity-shadow,123,STORY_B,STORY,0,
2,DUPLICATED_STORY,capacity-shadow,124,STORY_B,STORY,1,
2,DUPLICATED_STORY,capacity-shadow,125,STORY_A,STORY,0,
2,DUPLICATED_STORY,capacity-shadow,126,STORY_B,STORY,0,
2,DUPLICATED_STORY,capacity-shadow,127,STORY_B,STORY,1,
2,DUPLICATED_STORY,capacity-shadow,128,STORY_B,STORY,0,
2,DUPLICATED_STORY,capacity-shadow,129,STORY_A,STORY,1,
2,DUPLICATED_STORY,capacity-shadow,130,STORY_A,STORY,0,
2,DUPLICATED_STORY,capacity-shadow,131,STORY_A,STORY,1,
2,DUPLICATED_STORY,capacity-shadow,132,STORY_B,STORY,1,
2,DUPLICATED_STORY,capacity-shadow,133,STORY_B,STORY,0,
2,DUPLICATED_STORY,capacity-shadow,134,STORY_B,STORY,1,
2,DUPLICATED_STORY,capacity-shadow,135,STORY_B,STORY,0,
2,DUPLICATED_STORY,capacity-shadow,136,STORY_B,STORY,1,
2,DUPLICATED_STORY,capacity-shadow,137,STORY_A,STORY,0,
2,DUPLICATED_STORY,capacity-shadow,138,STORY_B,STORY,0,
2,DUPLICATED_STORY,capacity-shadow,139,STORY_B,STORY,1,
2,DUPLICATED_STORY,capacity-shadow,140,STORY_A,STORY,1,
2,DUPLICATED_STORY,capacity-shadow,141,STORY_B,STORY,0,
2,DUPLICATED_STORY,capacity-shadow,142,STORY_B,STORY,1,
2,DUPLICATED_STORY,capacity-shadow,143,STORY_A,STORY,0,
2,DUPLICATED_STORY,capacity-shadow,144,STORY_A,STORY,1,
2,DUPLICATED_STORY,capacity-shadow,145,STORY_B,STORY,0,
2,DUPLICATED_STORY,capacity-shadow,146,STORY_B,STORY,1,
2,DUPLICATED_STORY,capacity-shadow,147,STORY_B,STORY,0,
2,DUPLICATED_STORY,capacity-shadow,148,STORY_A,STORY,0,
2,DUPLICATED_STORY,capacity-shadow,149,STORY_A,STORY,1,
2,DUPLICATED_STORY,capacity-shadow,150,STORY_B,STORY,1,
2,DUPLICATED_STORY,capacity-shadow,151,STORY_B,STORY,0,
2,DUPLICATED_STORY,capacity-shadow,152,STORY_A,STORY,0,
2,DUPLICATED_STORY,capacity-shadow,153,STORY_A,STORY,1,
2,DUPLICATED_STORY,capacity-shadow,154,STORY_B,STORY,1,
2,DUPLICATED_STORY,capacity-shadow,155,STORY_A,STORY,0,
2,DUPLICATED_STORY,capacity-shadow,156,STORY_A,STORY,1,
2,DUPLICATED_STORY,capacity-shadow,157,STORY_B,STORY,0,
2,DUPLICATED_STORY,capacity-shadow,158,STORY_B,STORY,1,
2,DUPLICATED_STORY,capacity-shadow,159,STORY_A,STORY,0,
2,DUPLICATED_STORY,capacity-shadow,160,STORY_A,STORY,1,
2,DUPLICATED_STORY,capacity-shadow,161,STORY_A,STORY,0,
2,DUPLICATED_STORY,capacity-shadow,162,STORY_B,STORY,0,
2,DUPLICATED_STORY,capacity-shadow,163,STORY_B,STORY,1,
2,DUPLICATED_STORY,capacity-shadow,164,STORY_B,STORY,0,
2,DUPLICATED_STORY,capacity-shadow,165,STORY_A,STORY,1,
2,DUPLICATED_STORY,capacity-shadow,166,STORY_A,STORY,0,
2,DUPLICATED_STORY,capacity-shadow,167,STORY_A,STORY,1,
2,DUPLICATED_STORY,capacity-shadow,168,STORY_A,STORY,0,
2,DUPLICATED_STORY,capacity-shadow,169,STORY_A,STORY,1,
2,DUPLICATED_STORY,capacity-shadow,170,STORY_A,STORY,0,
2,DUPLICATED_STORY,capacity-shadow,171,STORY_A,STORY,1,
2,DUPLICATED_STORY,capacity-shadow,172,STORY_A,STORY,0,
2,DUPLICATED_STORY,capacity-shadow,173,STORY_A,STORY,1,
2,DUPLICATED_STORY,capacity-shadow,174,STORY_B,STORY,1,
2,DUPLICATED_STORY,capacity-shadow,175,STORY_B,STORY,0,
2,DUPLICATED_STORY,capacity-shadow,176,STORY_A,STORY,0,
2,DUPLICATED_STORY,capacity-shadow,177,STORY_B,STORY,1,
2,DUPLICATED_STORY,capacity-shadow,178,STORY_B,STORY,0,
2,DUPLICATED_STORY,capacity-shadow,179,STORY_B,STORY,1,
2,DUPLICATED_STORY,capacity-shadow,180,STORY_B,STORY,0,
2,DUPLICATED_STORY,capacity-shadow,181,STORY_A,STORY,1,
2,DUPLICATED_STORY,capacity-shadow,182,STORY_A,STORY,0,
2,DUPLICATED_STORY,capacity-shadow,183,STORY_A,STORY,1,
2,DUPLICATED_STORY,capacity-shadow,184,STORY_B,STORY,1,
2,DUPLICATED_STORY,capacity-shadow,185,STORY_A,STORY,0,
2,DUPLICATED_STORY,capacity-shadow,186,STORY_B,STORY,0,
2,DUPLICATED_STORY,capacity-shadow,187,STORY_A,STORY,1,
2,DUPLICATED_STORY,capacity-shadow,188,STORY_A,STORY,0,
2,DUPLICATED_STORY,capacity-shadow,189,STORY_B,STORY,1,
2,DUPLICATED_STORY,capacity-shadow,190,STORY_B,STORY,0,
2,DUPLICATED_STORY,capacity-shadow,191,STORY_B,STORY,1,
2,DUPLICATED_STORY,capacity-shadow,192,STORY_B,STORY,0,
2,DUPLICATED_STORY,capacity-shadow,193,STORY_A,STORY,1,
2,DUPLICATED_STORY,capacity-shadow,194,STORY_B,STORY,1,
2,DUPLICATED_STORY,capacity-shadow,195,STORY_A,STORY,0,
2,DUPLICATED_STORY,capacity-shadow,196,STORY_B,STORY,0,
2,DUPLICATED_STORY,capacity-shadow,197,STORY_B,STORY,1,
2,DUPLICATED_STORY,capacity-shadow,198,STORY_A,STORY,1,
2,DUPLICATED_STORY,capacity-shadow,199,STORY_B,STORY,0,
2,DUPLICATED_STORY,capacity-shadow,200,STORY_B,STORY,1,
2,DUPLICATED_STORY,capacity-shadow,201,STORY_A,STORY,0,
2,DUPLICATED_STORY,capacity-shadow,202,STORY_A,STORY,1,
2,DUPLICATED_STORY,capacity-shadow,203,STORY_B,STORY,0,
2,DUPLICATED_STORY,capacity-shadow,204,STORY_A,STORY,0,
2,DUPLICATED_STORY,capacity-shadow,205,STORY_A,STORY,1,
2,DUPLICATED_STORY,capacity-shadow,206,STORY_B,STORY,1,
2,DUPLICATED_STORY,capacity-shadow,207,STORY_A,STORY,0,
2,DUPLICATED_STORY,capacity-shadow,208,STORY_A,STORY,1,
2,DUPLICATED_STORY,capacity-shadow,209,STORY_B,STORY,0,
2,DUPLICATED_STORY,capacity-shadow,210,STORY_A,STORY,0,
2,DUPLICATED_STORY,capacity-shadow,211,STORY_B,STORY,1,
2,DUPLICATED_STORY,capacity-shadow,212,STORY_A,STORY,1,
2,DUPLICATED_STORY,capacity-shadow,213,STORY_A,STORY,0,
2,DUPLICATED_STORY,capacity-shadow,214,STORY_B,STORY,0,
2,DUPLICATED_STORY,capacity-shadow,215,STORY_A,STORY,1,
2,DUPLICATED_STORY,capacity-shadow,216,STORY_B,STORY,1,
2,DUPLICATED_STORY,capacity-shadow,217,STORY_A,STORY,0,
2,DUPLICATED_STORY,capacity-shadow,218,STORY_A,STORY,1,
2,DUPLICATED_STORY,capacity-shadow,219,STORY_B,STORY,0,
2,DUPLICATED_STORY,capacity-shadow,220,STORY_B,STORY,1,
2,DUPLICATED_STORY,capacity-shadow,221,STORY_A,STORY,0,
2,DUPLICATED_STORY,capacity-shadow,222,STORY_B,STORY,0,
2,DUPLICATED_STORY,capacity-shadow,223,STORY_A,STORY,1,
2,DUPLICATED_STORY,capacity-shadow,224,STORY_A,STORY,0,
2,DUPLICATED_STORY,capacity-shadow,225,STORY_A,STORY,1,
2,DUPLICATED_STORY,capacity-shadow,226,STORY_A,STORY,0,
2,DUPLICATED_STORY,capacity-shadow,227,STORY_A,STORY,1,
2,DUPLICATED_STORY,capacity-shadow,228,STORY_A,STORY,0,
2,DUPLICATED_STORY,capacity-shadow,229,STORY_B,STORY,1,
2,DUPLICATED_STORY,capacity-shadow,230,STORY_A,STORY,1,
2,DUPLICATED_STORY,capacity-shadow,231,STORY_A,STORY,0,
2,DUPLICATED_STORY,capacity-shadow,232,STORY_B,STORY,0,
2,DUPLICATED_STORY,capacity-shadow,233,STORY_A,STORY,1,
2,DUPLICATED_STORY,capacity-shadow,234,STORY_B,STORY,1,
2,DUPLICATED_STORY,capacity-shadow,235,STORY_A,STORY,0,
2,DUPLICATED_STORY,capacity-shadow,236,STORY_A,STORY,1,
2,DUPLICATED_STORY,capacity-shadow,237,STORY_B,STORY,0,
2,DUPLICATED_STORY,capacity-shadow,238,STORY_A,STORY,0,
2,DUPLICATED_STORY,capacity-shadow,239,STORY_A,STORY,1,
2,DUPLICATED_STORY,capacity-shadow,240,STORY_A,STORY,0,
2,DUPLICATED_STORY,capacity-shadow,241,STORY_B,STORY,1,
2,DUPLICATED_STORY,capacity-shadow,242,STORY_B,STORY,0,
2,DUPLICATED_STORY,capacity-shadow,243,STORY_A,STORY,1,
2,DUPLICATED_STORY,capacity-shadow,244,STORY_B,STORY,1,
2,DUPLICATED_STORY,capacity-shadow,245,STORY_B,STORY,0,
2,DUPLICATED_STORY,capacity-shadow,246,STORY_A,STORY,0,
2,DUPLICATED_STORY,capacity-shadow,247,STORY_A,STORY,1,
2,DUPLICATED_STORY,capacity-shadow,248,STORY_B,STORY,1,
2,DUPLICATED_STORY,capacity-shadow,249,STORY_B,STORY,0,
2,DUPLICATED_STORY,capacity-shadow,250,STORY_A,STORY,0,
2,DUPLICATED_STORY,capacity-shadow,251,STORY_A,STORY,1,
2,DUPLICATED_STORY,capacity-shadow,252,STORY_A,STORY,0,
2,DUPLICATED_STORY,capacity-shadow,253,STORY_B,STORY,1,
2,DUPLICATED_STORY,capacity-shadow,254,STORY_A,STORY,1,
2,DUPLICATED_STORY,capacity-shadow,255,STORY_B,STORY,0,
2,DUPLICATED_STORY,capacity-shadow,256,STORY_B,STORY,1,
2,DUPLICATED_STORY,geometry-shadow,1,STORY_B,STORY,0,0.2185534238815307
2,DUPLICATED_STORY,geometry-shadow,2,STORY_A,STORY,0,1.1419200897216797
2,DUPLICATED_STORY,geometry-shadow,3,STORY_B,STORY,1,-0.32309490442276
2,DUPLICATED_STORY,geometry-shadow,4,STORY_B,STORY,1,-0.6652792692184448
2,DUPLICATED_STORY,geometry-shadow,5,STORY_A,STORY,0,1.1655123233795166
2,DUPLICATED_STORY,geometry-shadow,6,STORY_B,STORY,0,0.4311436414718628
2,DUPLICATED_STORY,geometry-shadow,7,STORY_A,STORY,1,-0.4002331495285034
2,DUPLICATED_STORY,geometry-shadow,8,STORY_A,STORY,1,-0.4534842371940613
2,DUPLICATED_STORY,geometry-shadow,9,STORY_B,STORY,0,0.2102092504501342
2,DUPLICATED_STORY,geometry-shadow,10,STORY_B,STORY,0,0.6370895504951477
2,DUPLICATED_STORY,geometry-shadow,11,STORY_B,STORY,0,1.2067594528198242
2,DUPLICATED_STORY,geometry-shadow,12,STORY_B,STORY,1,-0.8822072148323059
2,DUPLICATED_STORY,geometry-shadow,13,STORY_A,STORY,0,0.8517841696739197
2,DUPLICATED_STORY,geometry-shadow,14,STORY_A,STORY,1,-0.8452094793319702
2,DUPLICATED_STORY,geometry-shadow,15,STORY_A,STORY,0,0.1532661914825439
2,DUPLICATED_STORY,geometry-shadow,16,STORY_A,STORY,0,0.7802157402038574
2,DUPLICATED_STORY,geometry-shadow,17,STORY_A,STORY,1,-0.8702475428581238
2,DUPLICATED_STORY,geometry-shadow,18,STORY_B,STORY,1,-0.2752125859260559
2,DUPLICATED_STORY,geometry-shadow,19,STORY_B,STORY,0,1.4409433603286743
2,DUPLICATED_STORY,geometry-shadow,20,STORY_A,STORY,1,-0.4790281057357788
2,DUPLICATED_STORY,geometry-shadow,21,STORY_A,STORY,0,0.8703465461730957
2,DUPLICATED_STORY,geometry-shadow,22,STORY_B,STORY,0,0.5264090895652771
2,DUPLICATED_STORY,geometry-shadow,23,STORY_B,STORY,1,-0.5545860528945923
2,DUPLICATED_STORY,geometry-shadow,24,STORY_A,STORY,1,-0.3742424249649048
2,DUPLICATED_STORY,geometry-shadow,25,STORY_B,STORY,0,0.3891691565513611
2,DUPLICATED_STORY,geometry-shadow,26,STORY_A,STORY,1,-0.2795056104660034
2,DUPLICATED_STORY,geometry-shadow,27,STORY_B,STORY,0,1.0699918270111084
2,DUPLICATED_STORY,geometry-shadow,28,STORY_B,STORY,1,-0.999832272529602
2,DUPLICATED_STORY,geometry-shadow,29,STORY_B,STORY,1,-0.8295177221298218
2,DUPLICATED_STORY,geometry-shadow,30,STORY_B,STORY,1,-0.930853009223938
2,DUPLICATED_STORY,geometry-shadow,31,STORY_B,STORY,1,-1.171356201171875
2,DUPLICATED_STORY,geometry-shadow,32,STORY_A,STORY,1,-0.0222781896591186
2,DUPLICATED_STORY,geometry-shadow,33,STORY_B,STORY,1,-1.1421868801116943
2,DUPLICATED_STORY,geometry-shadow,34,STORY_B,STORY,1,-0.8786882162094116
2,DUPLICATED_STORY,geometry-shadow,35,STORY_B,STORY,1,-0.464134931564331
2,DUPLICATED_STORY,geometry-shadow,36,STORY_B,STORY,0,0.1844843029975891
2,DUPLICATED_STORY,geometry-shadow,37,STORY_B,STORY,0,0.6912334561347961
2,DUPLICATED_STORY,geometry-shadow,38,STORY_B,STORY,1,-0.0929255485534668
2,DUPLICATED_STORY,geometry-shadow,39,STORY_B,STORY,1,-1.097416639328003
2,DUPLICATED_STORY,geometry-shadow,40,STORY_B,STORY,1,-1.0213077068328855
2,DUPLICATED_STORY,geometry-shadow,41,STORY_A,STORY,1,-0.1207343339920044
2,DUPLICATED_STORY,geometry-shadow,42,STORY_B,STORY,0,1.1372538805007937
2,DUPLICATED_STORY,geometry-shadow,43,STORY_A,STORY,0,0.0883733034133911
2,DUPLICATED_STORY,geometry-shadow,44,STORY_B,STORY,1,-0.2200621366500854
2,DUPLICATED_STORY,geometry-shadow,45,STORY_B,STORY,0,0.4220633506774902
2,DUPLICATED_STORY,geometry-shadow,46,STORY_A,STORY,1,-0.4372543096542358
2,DUPLICATED_STORY,geometry-shadow,47,STORY_B,STORY,1,-1.179774284362793
2,DUPLICATED_STORY,geometry-shadow,48,STORY_A,STORY,1,-0.885960042476654
2,DUPLICATED_STORY,geometry-shadow,49,STORY_B,STORY,0,0.0385324954986572
2,DUPLICATED_STORY,geometry-shadow,50,STORY_B,STORY,0,0.6500259637832642
2,DUPLICATED_STORY,geometry-shadow,51,STORY_B,STORY,1,-0.1185928583145141
2,DUPLICATED_STORY,geometry-shadow,52,STORY_B,STORY,0,0.0231605768203735
2,DUPLICATED_STORY,geometry-shadow,53,STORY_A,STORY,0,1.514969825744629
2,DUPLICATED_STORY,geometry-shadow,54,STORY_B,STORY,0,1.2204594612121582
2,DUPLICATED_STORY,geometry-shadow,55,STORY_B,STORY,0,0.5352377891540527
2,DUPLICATED_STORY,geometry-shadow,56,STORY_A,STORY,0,0.7473934888839722
2,DUPLICATED_STORY,geometry-shadow,57,STORY_B,STORY,0,0.9419512152671814
2,DUPLICATED_STORY,geometry-shadow,58,STORY_A,STORY,1,-1.1715023517608645
2,DUPLICATED_STORY,geometry-shadow,59,STORY_A,STORY,1,-0.792060136795044
2,DUPLICATED_STORY,geometry-shadow,60,STORY_B,STORY,1,-0.9768081903457642
2,DUPLICATED_STORY,geometry-shadow,61,STORY_A,STORY,1,-0.3597525954246521
2,DUPLICATED_STORY,geometry-shadow,62,STORY_B,STORY,1,-0.0776581764221191
2,DUPLICATED_STORY,geometry-shadow,63,STORY_A,STORY,1,-1.0448795557022097
2,DUPLICATED_STORY,geometry-shadow,64,STORY_A,STORY,0,0.8191011548042297
2,DUPLICATED_STORY,geometry-shadow,65,STORY_A,STORY,0,0.5752026438713074
2,DUPLICATED_STORY,geometry-shadow,66,STORY_B,STORY,0,0.7141832709312439
2,DUPLICATED_STORY,geometry-shadow,67,STORY_A,STORY,0,0.6232349276542664
2,DUPLICATED_STORY,geometry-shadow,68,STORY_B,STORY,0,1.1246733665466309
2,DUPLICATED_STORY,geometry-shadow,69,STORY_A,STORY,1,-0.1110877990722656
2,DUPLICATED_STORY,geometry-shadow,70,STORY_B,STORY,1,-1.0247395038604736
2,DUPLICATED_STORY,geometry-shadow,71,STORY_A,STORY,0,0.086177110671997
2,DUPLICATED_STORY,geometry-shadow,72,STORY_B,STORY,0,0.8404643535614014
2,DUPLICATED_STORY,geometry-shadow,73,STORY_A,STORY,0,0.9945976138114928
2,DUPLICATED_STORY,geometry-shadow,74,STORY_B,STORY,0,1.1648142337799072
2,DUPLICATED_STORY,geometry-shadow,75,STORY_A,STORY,1,-0.0127061605453491
2,DUPLICATED_STORY,geometry-shadow,76,STORY_A,STORY,0,0.8126276135444641
2,DUPLICATED_STORY,geometry-shadow,77,STORY_A,STORY,1,-0.9167503714561462
2,DUPLICATED_STORY,geometry-shadow,78,STORY_A,STORY,1,-0.935516119003296
2,DUPLICATED_STORY,geometry-shadow,79,STORY_B,STORY,1,-1.0150192975997925
2,DUPLICATED_STORY,geometry-shadow,80,STORY_A,STORY,1,-1.0271610021591189
2,DUPLICATED_STORY,geometry-shadow,81,STORY_A,STORY,1,-0.5913756489753723
2,DUPLICATED_STORY,geometry-shadow,82,STORY_B,STORY,1,-0.386874794960022
2,DUPLICATED_STORY,geometry-shadow,83,STORY_B,STORY,1,-0.9509822130203248
2,DUPLICATED_STORY,geometry-shadow,84,STORY_A,STORY,0,1.4160528182983398
2,DUPLICATED_STORY,geometry-shadow,85,STORY_A,STORY,0,1.3206660747528076
2,DUPLICATED_STORY,geometry-shadow,86,STORY_A,STORY,1,-0.3705370426177978
2,DUPLICATED_STORY,geometry-shadow,87,STORY_B,STORY,0,1.2565367221832275
2,DUPLICATED_STORY,geometry-shadow,88,STORY_A,STORY,1,-0.0889005064964294
2,DUPLICATED_STORY,geometry-shadow,89,STORY_A,STORY,0,0.3202197551727295
2,DUPLICATED_STORY,geometry-shadow,90,STORY_A,STORY,1,-0.4619297981262207
2,DUPLICATED_STORY,geometry-shadow,91,STORY_B,STORY,0,0.9309250712394714
2,DUPLICATED_STORY,geometry-shadow,92,STORY_B,STORY,0,0.8189961314201355
2,DUPLICATED_STORY,geometry-shadow,93,STORY_A,STORY,1,-0.6604384779930115
2,DUPLICATED_STORY,geometry-shadow,94,STORY_B,STORY,0,0.1369841694831848
2,DUPLICATED_STORY,geometry-shadow,95,STORY_B,STORY,1,-1.3128188848495483
2,DUPLICATED_STORY,geometry-shadow,96,STORY_A,STORY,0,0.9718542098999025
2,DUPLICATED_STORY,geometry-shadow,97,STORY_B,STORY,0,0.9703540802001952
2,DUPLICATED_STORY,geometry-shadow,98,STORY_B,STORY,0,1.3798434734344482
2,DUPLICATED_STORY,geometry-shadow,99,STORY_A,STORY,1,-0.9452940225601196
2,DUPLICATED_STORY,geometry-shadow,100,STORY_B,STORY,0,0.0380076169967651
2,DUPLICATED_STORY,geometry-shadow,101,STORY_A,STORY,0,0.1401634216308593
2,DUPLICATED_STORY,geometry-shadow,102,STORY_B,STORY,1,-0.3976731300354004
2,DUPLICATED_STORY,geometry-shadow,103,STORY_A,STORY,1,-0.9072624444961548
2,DUPLICATED_STORY,geometry-shadow,104,STORY_B,STORY,1,-0.2641198635101318
2,DUPLICATED_STORY,geometry-shadow,105,STORY_A,STORY,1,-0.5311181545257568
2,DUPLICATED_STORY,geometry-shadow,106,STORY_A,STORY,1,-0.0845074653625488
2,DUPLICATED_STORY,geometry-shadow,107,STORY_B,STORY,0,0.2486440539360046
2,DUPLICATED_STORY,geometry-shadow,108,STORY_A,STORY,0,0.8161323666572571
2,DUPLICATED_STORY,geometry-shadow,109,STORY_A,STORY,0,0.7495141625404358
2,DUPLICATED_STORY,geometry-shadow,110,STORY_B,STORY,0,0.1577481031417846
2,DUPLICATED_STORY,geometry-shadow,111,STORY_A,STORY,0,0.5210037231445312
2,DUPLICATED_STORY,geometry-shadow,112,STORY_B,STORY,1,-0.6446400880813599
2,DUPLICATED_STORY,geometry-shadow,113,STORY_A,STORY,0,0.1579537391662597
2,DUPLICATED_STORY,geometry-shadow,114,STORY_B,STORY,0,0.912008821964264
2,DUPLICATED_STORY,geometry-shadow,115,STORY_B,STORY,0,0.4163447618484497
2,DUPLICATED_STORY,geometry-shadow,116,STORY_A,STORY,0,0.9100735783576964
2,DUPLICATED_STORY,geometry-shadow,117,STORY_A,STORY,1,-0.1510405540466308
2,DUPLICATED_STORY,geometry-shadow,118,STORY_A,STORY,0,1.1577754020690918
2,DUPLICATED_STORY,geometry-shadow,119,STORY_B,STORY,1,-0.7299098372459412
2,DUPLICATED_STORY,geometry-shadow,120,STORY_A,STORY,0,0.3830746412277221
2,DUPLICATED_STORY,geometry-shadow,121,STORY_A,STORY,1,-0.1965423822402954
2,DUPLICATED_STORY,geometry-shadow,122,STORY_B,STORY,0,1.2066594362258911
2,DUPLICATED_STORY,geometry-shadow,123,STORY_B,STORY,0,0.0860843658447265
2,DUPLICATED_STORY,geometry-shadow,124,STORY_B,STORY,1,-0.7987364530563354
2,DUPLICATED_STORY,geometry-shadow,125,STORY_A,STORY,1,-0.1245251893997192
2,DUPLICATED_STORY,geometry-shadow,126,STORY_B,STORY,1,-0.5916796922683716
2,DUPLICATED_STORY,geometry-shadow,127,STORY_B,STORY,1,-0.8513737916946411
2,DUPLICATED_STORY,geometry-shadow,128,STORY_B,STORY,0,0.9942514896392822
2,DUPLICATED_STORY,geometry-shadow,129,STORY_A,STORY,1,-0.6293785572052002
2,DUPLICATED_STORY,geometry-shadow,130,STORY_A,STORY,0,0.9535479545593262
2,DUPLICATED_STORY,geometry-shadow,131,STORY_A,STORY,0,0.7830862998962402
2,DUPLICATED_STORY,geometry-shadow,132,STORY_B,STORY,0,1.358335256576538
2,DUPLICATED_STORY,geometry-shadow,133,STORY_B,STORY,1,-1.001491904258728
2,DUPLICATED_STORY,geometry-shadow,134,STORY_B,STORY,1,-0.2179145812988281
2,DUPLICATED_STORY,geometry-shadow,135,STORY_B,STORY,0,0.3266547918319702
2,DUPLICATED_STORY,geometry-shadow,136,STORY_B,STORY,0,0.7241414189338684
2,DUPLICATED_STORY,geometry-shadow,137,STORY_A,STORY,0,0.5442959070205688
2,DUPLICATED_STORY,geometry-shadow,138,STORY_B,STORY,1,-0.7755229473114014
2,DUPLICATED_STORY,geometry-shadow,139,STORY_B,STORY,1,-0.5512105226516724
2,DUPLICATED_STORY,geometry-shadow,140,STORY_A,STORY,1,-0.9270678758621216
2,DUPLICATED_STORY,geometry-shadow,141,STORY_B,STORY,1,-1.0143263339996338
2,DUPLICATED_STORY,geometry-shadow,142,STORY_B,STORY,1,-0.3419390916824341
2,DUPLICATED_STORY,geometry-shadow,143,STORY_A,STORY,0,0.0651798248291015
2,DUPLICATED_STORY,geometry-shadow,144,STORY_A,STORY,0,0.6198285818099976
2,DUPLICATED_STORY,geometry-shadow,145,STORY_B,STORY,1,-1.0377349853515625
2,DUPLICATED_STORY,geometry-shadow,146,STORY_B,STORY,0,0.964594841003418
2,DUPLICATED_STORY,geometry-shadow,147,STORY_B,STORY,0,1.1927145719528198
2,DUPLICATED_STORY,geometry-shadow,148,STORY_A,STORY,0,0.4912380576133728
2,DUPLICATED_STORY,geometry-shadow,149,STORY_A,STORY,0,0.1334166526794433
2,DUPLICATED_STORY,geometry-shadow,150,STORY_B,STORY,1,-0.4230780005455017
2,DUPLICATED_STORY,geometry-shadow,151,STORY_B,STORY,1,-0.7694432735443115
2,DUPLICATED_STORY,geometry-shadow,152,STORY_A,STORY,0,0.0619164705276489
2,DUPLICATED_STORY,geometry-shadow,153,STORY_A,STORY,0,1.1990509033203125
2,DUPLICATED_STORY,geometry-shadow,154,STORY_B,STORY,0,1.285797119140625
2,DUPLICATED_STORY,geometry-shadow,155,STORY_A,STORY,1,-1.0187007188796997
2,DUPLICATED_STORY,geometry-shadow,156,STORY_A,STORY,0,0.5490314960479736
2,DUPLICATED_STORY,geometry-shadow,157,STORY_B,STORY,0,1.287125587463379
2,DUPLICATED_STORY,geometry-shadow,158,STORY_B,STORY,0,0.8688877820968628
2,DUPLICATED_STORY,geometry-shadow,159,STORY_A,STORY,1,-1.0589087009429932
2,DUPLICATED_STORY,geometry-shadow,160,STORY_A,STORY,1,-0.6155663728713989
2,DUPLICATED_STORY,geometry-shadow,161,STORY_A,STORY,1,-0.3433865904808044
2,DUPLICATED_STORY,geometry-shadow,162,STORY_B,STORY,1,-0.1335978507995605
2,DUPLICATED_STORY,geometry-shadow,163,STORY_B,STORY,0,0.0958276987075805
2,DUPLICATED_STORY,geometry-shadow,164,STORY_B,STORY,0,0.4173755645751953
2,DUPLICATED_STORY,geometry-shadow,165,STORY_A,STORY,0,0.7859817743301392
2,DUPLICATED_STORY,geometry-shadow,166,STORY_A,STORY,1,-0.0360244512557983
2,DUPLICATED_STORY,geometry-shadow,167,STORY_A,STORY,1,-0.2232590317726135
2,DUPLICATED_STORY,geometry-shadow,168,STORY_A,STORY,0,0.2136281728744506
2,DUPLICATED_STORY,geometry-shadow,169,STORY_A,STORY,0,0.7580362558364868
2,DUPLICATED_STORY,geometry-shadow,170,STORY_A,STORY,0,0.8800386190414429
2,DUPLICATED_STORY,geometry-shadow,171,STORY_A,STORY,1,-0.5251801013946533
2,DUPLICATED_STORY,geometry-shadow,172,STORY_A,STORY,1,-0.2449110746383667
2,DUPLICATED_STORY,geometry-shadow,173,STORY_A,STORY,1,-0.3021389245986938
2,DUPLICATED_STORY,geometry-shadow,174,STORY_B,STORY,1,-1.3538532257080078
2,DUPLICATED_STORY,geometry-shadow,175,STORY_B,STORY,0,0.7078855633735657
2,DUPLICATED_STORY,geometry-shadow,176,STORY_A,STORY,1,-0.5185861587524414
2,DUPLICATED_STORY,geometry-shadow,177,STORY_B,STORY,1,-0.9639150500297546
2,DUPLICATED_STORY,geometry-shadow,178,STORY_B,STORY,1,-0.0536891222000122
2,DUPLICATED_STORY,geometry-shadow,179,STORY_B,STORY,0,0.4994238615036011
2,DUPLICATED_STORY,geometry-shadow,180,STORY_B,STORY,1,-0.6049617528915405
2,DUPLICATED_STORY,geometry-shadow,181,STORY_A,STORY,0,1.0252236127853394
2,DUPLICATED_STORY,geometry-shadow,182,STORY_A,STORY,1,-1.067870855331421
2,DUPLICATED_STORY,geometry-shadow,183,STORY_A,STORY,0,0.272385835647583
2,DUPLICATED_STORY,geometry-shadow,184,STORY_B,STORY,0,0.432514488697052
2,DUPLICATED_STORY,geometry-shadow,185,STORY_A,STORY,1,-0.2827277183532715
2,DUPLICATED_STORY,geometry-shadow,186,STORY_B,STORY,0,0.3245309591293335
2,DUPLICATED_STORY,geometry-shadow,187,STORY_A,STORY,0,1.278437614440918
2,DUPLICATED_STORY,geometry-shadow,188,STORY_A,STORY,1,-0.565733790397644
2,DUPLICATED_STORY,geometry-shadow,189,STORY_B,STORY,0,1.2159221172332764
2,DUPLICATED_STORY,geometry-shadow,190,STORY_B,STORY,1,-0.8331893086433411
2,DUPLICATED_STORY,geometry-shadow,191,STORY_B,STORY,0,0.7493798732757568
2,DUPLICATED_STORY,geometry-shadow,192,STORY_B,STORY,0,0.3033415675163269
2,DUPLICATED_STORY,geometry-shadow,193,STORY_A,STORY,0,0.984799325466156
2,DUPLICATED_STORY,geometry-shadow,194,STORY_B,STORY,1,-0.2457826137542724
2,DUPLICATED_STORY,geometry-shadow,195,STORY_A,STORY,1,-0.7654293179512024
2,DUPLICATED_STORY,geometry-shadow,196,STORY_B,STORY,1,-0.2645457983016968
2,DUPLICATED_STORY,geometry-shadow,197,STORY_B,STORY,0,0.5470191836357117
2,DUPLICATED_STORY,geometry-shadow,198,STORY_A,STORY,1,-0.2132264375686645
2,DUPLICATED_STORY,geometry-shadow,199,STORY_B,STORY,0,0.3651503324508667
2,DUPLICATED_STORY,geometry-shadow,200,STORY_B,STORY,0,0.7691394090652466
2,DUPLICATED_STORY,geometry-shadow,201,STORY_A,STORY,1,-1.1261916160583496
2,DUPLICATED_STORY,geometry-shadow,202,STORY_A,STORY,1,-0.1858052015304565
2,DUPLICATED_STORY,geometry-shadow,203,STORY_B,STORY,0,1.06601881980896
2,DUPLICATED_STORY,geometry-shadow,204,STORY_A,STORY,1,-0.5123013257980347
2,DUPLICATED_STORY,geometry-shadow,205,STORY_A,STORY,0,1.2529628276824951
2,DUPLICATED_STORY,geometry-shadow,206,STORY_B,STORY,0,0.0772403478622436
2,DUPLICATED_STORY,geometry-shadow,207,STORY_A,STORY,0,0.0808199644088745
2,DUPLICATED_STORY,geometry-shadow,208,STORY_A,STORY,1,-0.1632934808731079
2,DUPLICATED_STORY,geometry-shadow,209,STORY_B,STORY,0,0.8967811465263367
2,DUPLICATED_STORY,geometry-shadow,210,STORY_A,STORY,0,1.227902054786682
2,DUPLICATED_STORY,geometry-shadow,211,STORY_B,STORY,1,-1.2002720832824707
2,DUPLICATED_STORY,geometry-shadow,212,STORY_A,STORY,1,-0.6129015684127808
2,DUPLICATED_STORY,geometry-shadow,213,STORY_A,STORY,1,-0.7575169205665588
2,DUPLICATED_STORY,geometry-shadow,214,STORY_B,STORY,0,0.4071748256683349
2,DUPLICATED_STORY,geometry-shadow,215,STORY_A,STORY,0,1.169612169265747
2,DUPLICATED_STORY,geometry-shadow,216,STORY_B,STORY,1,-0.7335256934165955
2,DUPLICATED_STORY,geometry-shadow,217,STORY_A,STORY,1,-0.1622931957244873
2,DUPLICATED_STORY,geometry-shadow,218,STORY_A,STORY,0,0.0488605499267578
2,DUPLICATED_STORY,geometry-shadow,219,STORY_B,STORY,1,-0.2332289218902588
2,DUPLICATED_STORY,geometry-shadow,220,STORY_B,STORY,0,0.1456812620162964
2,DUPLICATED_STORY,geometry-shadow,221,STORY_A,STORY,0,0.7877748012542725
2,DUPLICATED_STORY,geometry-shadow,222,STORY_B,STORY,1,-0.3891749382019043
2,DUPLICATED_STORY,geometry-shadow,223,STORY_A,STORY,1,-0.0024683475494384
2,DUPLICATED_STORY,geometry-shadow,224,STORY_A,STORY,0,0.7908161878585815
2,DUPLICATED_STORY,geometry-shadow,225,STORY_A,STORY,0,0.7053658962249756
2,DUPLICATED_STORY,geometry-shadow,226,STORY_A,STORY,1,-1.131608009338379
2,DUPLICATED_STORY,geometry-shadow,227,STORY_A,STORY,1,-0.2244250774383545
2,DUPLICATED_STORY,geometry-shadow,228,STORY_A,STORY,1,-0.9115602374076844
2,DUPLICATED_STORY,geometry-shadow,229,STORY_B,STORY,1,-0.6785944104194641
2,DUPLICATED_STORY,geometry-shadow,230,STORY_A,STORY,0,1.2914667129516602
2,DUPLICATED_STORY,geometry-shadow,231,STORY_A,STORY,1,-0.1774677038192749
2,DUPLICATED_STORY,geometry-shadow,232,STORY_B,STORY,0,0.7048384547233582
2,DUPLICATED_STORY,geometry-shadow,233,STORY_A,STORY,0,0.7004171013832092
2,DUPLICATED_STORY,geometry-shadow,234,STORY_B,STORY,0,1.2660222053527832
2,DUPLICATED_STORY,geometry-shadow,235,STORY_A,STORY,0,0.0282076597213745
2,DUPLICATED_STORY,geometry-shadow,236,STORY_A,STORY,0,1.0295151472091677
2,DUPLICATED_STORY,geometry-shadow,237,STORY_B,STORY,0,0.484624981880188
2,DUPLICATED_STORY,geometry-shadow,238,STORY_A,STORY,0,1.0474987030029297
2,DUPLICATED_STORY,geometry-shadow,239,STORY_A,STORY,0,0.1853229999542236
2,DUPLICATED_STORY,geometry-shadow,240,STORY_A,STORY,1,-0.4662549495697021
2,DUPLICATED_STORY,geometry-shadow,241,STORY_B,STORY,1,-1.1587259769439695
2,DUPLICATED_STORY,geometry-shadow,242,STORY_B,STORY,1,-0.8849596977233887
2,DUPLICATED_STORY,geometry-shadow,243,STORY_A,STORY,1,-1.1931827068328855
2,DUPLICATED_STORY,geometry-shadow,244,STORY_B,STORY,1,-0.4843543171882629
2,DUPLICATED_STORY,geometry-shadow,245,STORY_B,STORY,1,-0.2230414748191833
2,DUPLICATED_STORY,geometry-shadow,246,STORY_A,STORY,1,-0.8984613418579102
2,DUPLICATED_STORY,geometry-shadow,247,STORY_A,STORY,0,0.0657271146774292
2,DUPLICATED_STORY,geometry-shadow,248,STORY_B,STORY,1,-1.2264559268951416
2,DUPLICATED_STORY,geometry-shadow,249,STORY_B,STORY,0,0.9406961798667908
2,DUPLICATED_STORY,geometry-shadow,250,STORY_A,STORY,1,-0.7066303491592407
2,DUPLICATED_STORY,geometry-shadow,251,STORY_A,STORY,1,-0.4901806116104126
2,DUPLICATED_STORY,geometry-shadow,252,STORY_A,STORY,0,1.1358399391174316
2,DUPLICATED_STORY,geometry-shadow,253,STORY_B,STORY,1,-0.1605567932128906
2,DUPLICATED_STORY,geometry-shadow,254,STORY_A,STORY,0,1.248212218284607
2,DUPLICATED_STORY,geometry-shadow,255,STORY_B,STORY,1,-0.0446979999542236
2,DUPLICATED_STORY,geometry-shadow,256,STORY_B,STORY,1,-0.5849411487579346
2,STORY_ARITHMETIC,capacity-shadow,1,ARITHMETIC,ARITHMETIC,0,
2,STORY_ARITHMETIC,capacity-shadow,2,ARITHMETIC,ARITHMETIC,1,
2,STORY_ARITHMETIC,capacity-shadow,3,STORY_A,STORY,0,
2,STORY_ARITHMETIC,capacity-shadow,4,ARITHMETIC,ARITHMETIC,0,
2,STORY_ARITHMETIC,capacity-shadow,5,ARITHMETIC,ARITHMETIC,1,
2,STORY_ARITHMETIC,capacity-shadow,6,STORY_A,STORY,1,
2,STORY_ARITHMETIC,capacity-shadow,7,STORY_A,STORY,0,
2,STORY_ARITHMETIC,capacity-shadow,8,STORY_A,STORY,1,
2,STORY_ARITHMETIC,capacity-shadow,9,STORY_A,STORY,0,
2,STORY_ARITHMETIC,capacity-shadow,10,STORY_A,STORY,1,
2,STORY_ARITHMETIC,capacity-shadow,11,STORY_A,STORY,0,
2,STORY_ARITHMETIC,capacity-shadow,12,STORY_A,STORY,1,
2,STORY_ARITHMETIC,capacity-shadow,13,STORY_A,STORY,0,
2,STORY_ARITHMETIC,capacity-shadow,14,STORY_A,STORY,1,
2,STORY_ARITHMETIC,capacity-shadow,15,STORY_A,STORY,0,
2,STORY_ARITHMETIC,capacity-shadow,16,STORY_A,STORY,1,
2,STORY_ARITHMETIC,capacity-shadow,17,ARITHMETIC,ARITHMETIC,0,
2,STORY_ARITHMETIC,capacity-shadow,18,ARITHMETIC,ARITHMETIC,1,
2,STORY_ARITHMETIC,capacity-shadow,19,STORY_A,STORY,0,
2,STORY_ARITHMETIC,capacity-shadow,20,STORY_A,STORY,1,
2,STORY_ARITHMETIC,capacity-shadow,21,ARITHMETIC,ARITHMETIC,0,
2,STORY_ARITHMETIC,capacity-shadow,22,STORY_A,STORY,0,
2,STORY_ARITHMETIC,capacity-shadow,23,ARITHMETIC,ARITHMETIC,1,
2,STORY_ARITHMETIC,capacity-shadow,24,ARITHMETIC,ARITHMETIC,0,
2,STORY_ARITHMETIC,capacity-shadow,25,ARITHMETIC,ARITHMETIC,1,
2,STORY_ARITHMETIC,capacity-shadow,26,STORY_A,STORY,1,
2,STORY_ARITHMETIC,capacity-shadow,27,ARITHMETIC,ARITHMETIC,0,
2,STORY_ARITHMETIC,capacity-shadow,28,ARITHMETIC,ARITHMETIC,1,
2,STORY_ARITHMETIC,capacity-shadow,29,STORY_A,STORY,0,
2,STORY_ARITHMETIC,capacity-shadow,30,STORY_A,STORY,1,
2,STORY_ARITHMETIC,capacity-shadow,31,STORY_A,STORY,0,
2,STORY_ARITHMETIC,capacity-shadow,32,ARITHMETIC,ARITHMETIC,0,
2,STORY_ARITHMETIC,capacity-shadow,33,STORY_A,STORY,1,
2,STORY_ARITHMETIC,capacity-shadow,34,ARITHMETIC,ARITHMETIC,1,
2,STORY_ARITHMETIC,capacity-shadow,35,STORY_A,STORY,0,
2,STORY_ARITHMETIC,capacity-shadow,36,STORY_A,STORY,1,
2,STORY_ARITHMETIC,capacity-shadow,37,STORY_A,STORY,0,
2,STORY_ARITHMETIC,capacity-shadow,38,STORY_A,STORY,1,
2,STORY_ARITHMETIC,capacity-shadow,39,STORY_A,STORY,0,
2,STORY_ARITHMETIC,capacity-shadow,40,STORY_A,STORY,1,
2,STORY_ARITHMETIC,capacity-shadow,41,STORY_A,STORY,0,
2,STORY_ARITHMETIC,capacity-shadow,42,STORY_A,STORY,1,
2,STORY_ARITHMETIC,capacity-shadow,43,STORY_A,STORY,0,
2,STORY_ARITHMETIC,capacity-shadow,44,STORY_A,STORY,1,
2,STORY_ARITHMETIC,capacity-shadow,45,STORY_A,STORY,0,
2,STORY_ARITHMETIC,capacity-shadow,46,ARITHMETIC,ARITHMETIC,0,
2,STORY_ARITHMETIC,capacity-shadow,47,ARITHMETIC,ARITHMETIC,1,
2,STORY_ARITHMETIC,capacity-shadow,48,STORY_A,STORY,1,
2,STORY_ARITHMETIC,capacity-shadow,49,ARITHMETIC,ARITHMETIC,0,
2,STORY_ARITHMETIC,capacity-shadow,50,STORY_A,STORY,0,
2,STORY_ARITHMETIC,capacity-shadow,51,STORY_A,STORY,1,
2,STORY_ARITHMETIC,capacity-shadow,52,STORY_A,STORY,0,
2,STORY_ARITHMETIC,capacity-shadow,53,ARITHMETIC,ARITHMETIC,1,
2,STORY_ARITHMETIC,capacity-shadow,54,ARITHMETIC,ARITHMETIC,0,
2,STORY_ARITHMETIC,capacity-shadow,55,STORY_A,STORY,1,
2,STORY_ARITHMETIC,capacity-shadow,56,STORY_A,STORY,0,
2,STORY_ARITHMETIC,capacity-shadow,57,ARITHMETIC,ARITHMETIC,1,
2,STORY_ARITHMETIC,capacity-shadow,58,STORY_A,STORY,1,
2,STORY_ARITHMETIC,capacity-shadow,59,ARITHMETIC,ARITHMETIC,0,
2,STORY_ARITHMETIC,capacity-shadow,60,STORY_A,STORY,0,
2,STORY_ARITHMETIC,capacity-shadow,61,STORY_A,STORY,1,
2,STORY_ARITHMETIC,capacity-shadow,62,ARITHMETIC,ARITHMETIC,1,
2,STORY_ARITHMETIC,capacity-shadow,63,ARITHMETIC,ARITHMETIC,0,
2,STORY_ARITHMETIC,capacity-shadow,64,STORY_A,STORY,0,
2,STORY_ARITHMETIC,capacity-shadow,65,STORY_A,STORY,1,
2,STORY_ARITHMETIC,capacity-shadow,66,ARITHMETIC,ARITHMETIC,1,
2,STORY_ARITHMETIC,capacity-shadow,67,STORY_A,STORY,0,
2,STORY_ARITHMETIC,capacity-shadow,68,ARITHMETIC,ARITHMETIC,0,
2,STORY_ARITHMETIC,capacity-shadow,69,ARITHMETIC,ARITHMETIC,1,
2,STORY_ARITHMETIC,capacity-shadow,70,ARITHMETIC,ARITHMETIC,0,
2,STORY_ARITHMETIC,capacity-shadow,71,ARITHMETIC,ARITHMETIC,1,
2,STORY_ARITHMETIC,capacity-shadow,72,STORY_A,STORY,1,
2,STORY_ARITHMETIC,capacity-shadow,73,STORY_A,STORY,0,
2,STORY_ARITHMETIC,capacity-shadow,74,ARITHMETIC,ARITHMETIC,0,
2,STORY_ARITHMETIC,capacity-shadow,75,ARITHMETIC,ARITHMETIC,1,
2,STORY_ARITHMETIC,capacity-shadow,76,ARITHMETIC,ARITHMETIC,0,
2,STORY_ARITHMETIC,capacity-shadow,77,ARITHMETIC,ARITHMETIC,1,
2,STORY_ARITHMETIC,capacity-shadow,78,STORY_A,STORY,1,
2,STORY_ARITHMETIC,capacity-shadow,79,ARITHMETIC,ARITHMETIC,0,
2,STORY_ARITHMETIC,capacity-shadow,80,ARITHMETIC,ARITHMETIC,1,
2,STORY_ARITHMETIC,capacity-shadow,81,STORY_A,STORY,0,
2,STORY_ARITHMETIC,capacity-shadow,82,ARITHMETIC,ARITHMETIC,0,
2,STORY_ARITHMETIC,capacity-shadow,83,ARITHMETIC,ARITHMETIC,1,
2,STORY_ARITHMETIC,capacity-shadow,84,ARITHMETIC,ARITHMETIC,0,
2,STORY_ARITHMETIC,capacity-shadow,85,STORY_A,STORY,1,
2,STORY_ARITHMETIC,capacity-shadow,86,ARITHMETIC,ARITHMETIC,1,
2,STORY_ARITHMETIC,capacity-shadow,87,ARITHMETIC,ARITHMETIC,0,
2,STORY_ARITHMETIC,capacity-shadow,88,STORY_A,STORY,0,
2,STORY_ARITHMETIC,capacity-shadow,89,STORY_A,STORY,1,
2,STORY_ARITHMETIC,capacity-shadow,90,ARITHMETIC,ARITHMETIC,1,
2,STORY_ARITHMETIC,capacity-shadow,91,ARITHMETIC,ARITHMETIC,0,
2,STORY_ARITHMETIC,capacity-shadow,92,STORY_A,STORY,0,
2,STORY_ARITHMETIC,capacity-shadow,93,STORY_A,STORY,1,
2,STORY_ARITHMETIC,capacity-shadow,94,STORY_A,STORY,0,
2,STORY_ARITHMETIC,capacity-shadow,95,ARITHMETIC,ARITHMETIC,1,
2,STORY_ARITHMETIC,capacity-shadow,96,STORY_A,STORY,1,
2,STORY_ARITHMETIC,capacity-shadow,97,ARITHMETIC,ARITHMETIC,0,
2,STORY_ARITHMETIC,capacity-shadow,98,STORY_A,STORY,0,
2,STORY_ARITHMETIC,capacity-shadow,99,ARITHMETIC,ARITHMETIC,1,
2,STORY_ARITHMETIC,capacity-shadow,100,ARITHMETIC,ARITHMETIC,0,
2,STORY_ARITHMETIC,capacity-shadow,101,STORY_A,STORY,1,
2,STORY_ARITHMETIC,capacity-shadow,102,STORY_A,STORY,0,
2,STORY_ARITHMETIC,capacity-shadow,103,STORY_A,STORY,1,
2,STORY_ARITHMETIC,capacity-shadow,104,ARITHMETIC,ARITHMETIC,1,
2,STORY_ARITHMETIC,capacity-shadow,105,ARITHMETIC,ARITHMETIC,0,
2,STORY_ARITHMETIC,capacity-shadow,106,ARITHMETIC,ARITHMETIC,1,
2,STORY_ARITHMETIC,capacity-shadow,107,ARITHMETIC,ARITHMETIC,0,
2,STORY_ARITHMETIC,capacity-shadow,108,ARITHMETIC,ARITHMETIC,1,
2,STORY_ARITHMETIC,capacity-shadow,109,ARITHMETIC,ARITHMETIC,0,
2,STORY_ARITHMETIC,capacity-shadow,110,ARITHMETIC,ARITHMETIC,1,
2,STORY_ARITHMETIC,capacity-shadow,111,STORY_A,STORY,0,
2,STORY_ARITHMETIC,capacity-shadow,112,ARITHMETIC,ARITHMETIC,0,
2,STORY_ARITHMETIC,capacity-shadow,113,ARITHMETIC,ARITHMETIC,1,
2,STORY_ARITHMETIC,capacity-shadow,114,STORY_A,STORY,1,
2,STORY_ARITHMETIC,capacity-shadow,115,ARITHMETIC,ARITHMETIC,0,
2,STORY_ARITHMETIC,capacity-shadow,116,ARITHMETIC,ARITHMETIC,1,
2,STORY_ARITHMETIC,capacity-shadow,117,STORY_A,STORY,0,
2,STORY_ARITHMETIC,capacity-shadow,118,ARITHMETIC,ARITHMETIC,0,
2,STORY_ARITHMETIC,capacity-shadow,119,STORY_A,STORY,1,
2,STORY_ARITHMETIC,capacity-shadow,120,ARITHMETIC,ARITHMETIC,1,
2,STORY_ARITHMETIC,capacity-shadow,121,STORY_A,STORY,0,
2,STORY_ARITHMETIC,capacity-shadow,122,ARITHMETIC,ARITHMETIC,0,
2,STORY_ARITHMETIC,capacity-shadow,123,STORY_A,STORY,1,
2,STORY_ARITHMETIC,capacity-shadow,124,STORY_A,STORY,0,
2,STORY_ARITHMETIC,capacity-shadow,125,ARITHMETIC,ARITHMETIC,1,
2,STORY_ARITHMETIC,capacity-shadow,126,STORY_A,STORY,1,
2,STORY_ARITHMETIC,capacity-shadow,127,STORY_A,STORY,0,
2,STORY_ARITHMETIC,capacity-shadow,128,ARITHMETIC,ARITHMETIC,0,
2,STORY_ARITHMETIC,capacity-shadow,129,STORY_A,STORY,1,
2,STORY_ARITHMETIC,capacity-shadow,130,STORY_A,STORY,0,
2,STORY_ARITHMETIC,capacity-shadow,131,STORY_A,STORY,1,
2,STORY_ARITHMETIC,capacity-shadow,132,ARITHMETIC,ARITHMETIC,1,
2,STORY_ARITHMETIC,capacity-shadow,133,STORY_A,STORY,0,
2,STORY_ARITHMETIC,capacity-shadow,134,ARITHMETIC,ARITHMETIC,0,
2,STORY_ARITHMETIC,capacity-shadow,135,ARITHMETIC,ARITHMETIC,1,
2,STORY_ARITHMETIC,capacity-shadow,136,STORY_A,STORY,1,
2,STORY_ARITHMETIC,capacity-shadow,137,ARITHMETIC,ARITHMETIC,0,
2,STORY_ARITHMETIC,capacity-shadow,138,STORY_A,STORY,0,
2,STORY_ARITHMETIC,capacity-shadow,139,ARITHMETIC,ARITHMETIC,1,
2,STORY_ARITHMETIC,capacity-shadow,140,STORY_A,STORY,1,
2,STORY_ARITHMETIC,capacity-shadow,141,STORY_A,STORY,0,
2,STORY_ARITHMETIC,capacity-shadow,142,STORY_A,STORY,1,
2,STORY_ARITHMETIC,capacity-shadow,143,ARITHMETIC,ARITHMETIC,0,
2,STORY_ARITHMETIC,capacity-shadow,144,ARITHMETIC,ARITHMETIC,1,
2,STORY_ARITHMETIC,capacity-shadow,145,ARITHMETIC,ARITHMETIC,0,
2,STORY_ARITHMETIC,capacity-shadow,146,STORY_A,STORY,0,
2,STORY_ARITHMETIC,capacity-shadow,147,ARITHMETIC,ARITHMETIC,1,
2,STORY_ARITHMETIC,capacity-shadow,148,ARITHMETIC,ARITHMETIC,0,
2,STORY_ARITHMETIC,capacity-shadow,149,STORY_A,STORY,1,
2,STORY_ARITHMETIC,capacity-shadow,150,STORY_A,STORY,0,
2,STORY_ARITHMETIC,capacity-shadow,151,ARITHMETIC,ARITHMETIC,1,
2,STORY_ARITHMETIC,capacity-shadow,152,STORY_A,STORY,1,
2,STORY_ARITHMETIC,capacity-shadow,153,STORY_A,STORY,0,
2,STORY_ARITHMETIC,capacity-shadow,154,STORY_A,STORY,1,
2,STORY_ARITHMETIC,capacity-shadow,155,ARITHMETIC,ARITHMETIC,0,
2,STORY_ARITHMETIC,capacity-shadow,156,STORY_A,STORY,0,
2,STORY_ARITHMETIC,capacity-shadow,157,ARITHMETIC,ARITHMETIC,1,
2,STORY_ARITHMETIC,capacity-shadow,158,ARITHMETIC,ARITHMETIC,0,
2,STORY_ARITHMETIC,capacity-shadow,159,STORY_A,STORY,1,
2,STORY_ARITHMETIC,capacity-shadow,160,ARITHMETIC,ARITHMETIC,1,
2,STORY_ARITHMETIC,capacity-shadow,161,STORY_A,STORY,0,
2,STORY_ARITHMETIC,capacity-shadow,162,STORY_A,STORY,1,
2,STORY_ARITHMETIC,capacity-shadow,163,ARITHMETIC,ARITHMETIC,0,
2,STORY_ARITHMETIC,capacity-shadow,164,STORY_A,STORY,0,
2,STORY_ARITHMETIC,capacity-shadow,165,ARITHMETIC,ARITHMETIC,1,
2,STORY_ARITHMETIC,capacity-shadow,166,ARITHMETIC,ARITHMETIC,0,
2,STORY_ARITHMETIC,capacity-shadow,167,STORY_A,STORY,1,
2,STORY_ARITHMETIC,capacity-shadow,168,ARITHMETIC,ARITHMETIC,1,
2,STORY_ARITHMETIC,capacity-shadow,169,ARITHMETIC,ARITHMETIC,0,
2,STORY_ARITHMETIC,capacity-shadow,170,ARITHMETIC,ARITHMETIC,1,
2,STORY_ARITHMETIC,capacity-shadow,171,STORY_A,STORY,0,
2,STORY_ARITHMETIC,capacity-shadow,172,STORY_A,STORY,1,
2,STORY_ARITHMETIC,capacity-shadow,173,STORY_A,STORY,0,
2,STORY_ARITHMETIC,capacity-shadow,174,ARITHMETIC,ARITHMETIC,0,
2,STORY_ARITHMETIC,capacity-shadow,175,ARITHMETIC,ARITHMETIC,1,
2,STORY_ARITHMETIC,capacity-shadow,176,ARITHMETIC,ARITHMETIC,0,
2,STORY_ARITHMETIC,capacity-shadow,177,ARITHMETIC,ARITHMETIC,1,
2,STORY_ARITHMETIC,capacity-shadow,178,STORY_A,STORY,1,
2,STORY_ARITHMETIC,capacity-shadow,179,ARITHMETIC,ARITHMETIC,0,
2,STORY_ARITHMETIC,capacity-shadow,180,ARITHMETIC,ARITHMETIC,1,
2,STORY_ARITHMETIC,capacity-shadow,181,STORY_A,STORY,0,
2,STORY_ARITHMETIC,capacity-shadow,182,ARITHMETIC,ARITHMETIC,0,
2,STORY_ARITHMETIC,capacity-shadow,183,STORY_A,STORY,1,
2,STORY_ARITHMETIC,capacity-shadow,184,ARITHMETIC,ARITHMETIC,1,
2,STORY_ARITHMETIC,capacity-shadow,185,ARITHMETIC,ARITHMETIC,0,
2,STORY_ARITHMETIC,capacity-shadow,186,ARITHMETIC,ARITHMETIC,1,
2,STORY_ARITHMETIC,capacity-shadow,187,ARITHMETIC,ARITHMETIC,0,
2,STORY_ARITHMETIC,capacity-shadow,188,ARITHMETIC,ARITHMETIC,1,
2,STORY_ARITHMETIC,capacity-shadow,189,STORY_A,STORY,0,
2,STORY_ARITHMETIC,capacity-shadow,190,STORY_A,STORY,1,
2,STORY_ARITHMETIC,capacity-shadow,191,STORY_A,STORY,0,
2,STORY_ARITHMETIC,capacity-shadow,192,ARITHMETIC,ARITHMETIC,0,
2,STORY_ARITHMETIC,capacity-shadow,193,STORY_A,STORY,1,
2,STORY_ARITHMETIC,capacity-shadow,194,ARITHMETIC,ARITHMETIC,1,
2,STORY_ARITHMETIC,capacity-shadow,195,STORY_A,STORY,0,
2,STORY_ARITHMETIC,capacity-shadow,196,ARITHMETIC,ARITHMETIC,0,
2,STORY_ARITHMETIC,capacity-shadow,197,ARITHMETIC,ARITHMETIC,1,
2,STORY_ARITHMETIC,capacity-shadow,198,STORY_A,STORY,1,
2,STORY_ARITHMETIC,capacity-shadow,199,ARITHMETIC,ARITHMETIC,0,
2,STORY_ARITHMETIC,capacity-shadow,200,STORY_A,STORY,0,
2,STORY_ARITHMETIC,capacity-shadow,201,ARITHMETIC,ARITHMETIC,1,
2,STORY_ARITHMETIC,capacity-shadow,202,ARITHMETIC,ARITHMETIC,0,
2,STORY_ARITHMETIC,capacity-shadow,203,STORY_A,STORY,1,
2,STORY_ARITHMETIC,capacity-shadow,204,ARITHMETIC,ARITHMETIC,1,
2,STORY_ARITHMETIC,capacity-shadow,205,STORY_A,STORY,0,
2,STORY_ARITHMETIC,capacity-shadow,206,ARITHMETIC,ARITHMETIC,0,
2,STORY_ARITHMETIC,capacity-shadow,207,ARITHMETIC,ARITHMETIC,1,
2,STORY_ARITHMETIC,capacity-shadow,208,ARITHMETIC,ARITHMETIC,0,
2,STORY_ARITHMETIC,capacity-shadow,209,ARITHMETIC,ARITHMETIC,1,
2,STORY_ARITHMETIC,capacity-shadow,210,ARITHMETIC,ARITHMETIC,0,
2,STORY_ARITHMETIC,capacity-shadow,211,ARITHMETIC,ARITHMETIC,1,
2,STORY_ARITHMETIC,capacity-shadow,212,STORY_A,STORY,1,
2,STORY_ARITHMETIC,capacity-shadow,213,ARITHMETIC,ARITHMETIC,0,
2,STORY_ARITHMETIC,capacity-shadow,214,ARITHMETIC,ARITHMETIC,1,
2,STORY_ARITHMETIC,capacity-shadow,215,ARITHMETIC,ARITHMETIC,0,
2,STORY_ARITHMETIC,capacity-shadow,216,STORY_A,STORY,0,
2,STORY_ARITHMETIC,capacity-shadow,217,STORY_A,STORY,1,
2,STORY_ARITHMETIC,capacity-shadow,218,STORY_A,STORY,0,
2,STORY_ARITHMETIC,capacity-shadow,219,STORY_A,STORY,1,
2,STORY_ARITHMETIC,capacity-shadow,220,ARITHMETIC,ARITHMETIC,1,
2,STORY_ARITHMETIC,capacity-shadow,221,STORY_A,STORY,0,
2,STORY_ARITHMETIC,capacity-shadow,222,ARITHMETIC,ARITHMETIC,0,
2,STORY_ARITHMETIC,capacity-shadow,223,STORY_A,STORY,1,
2,STORY_ARITHMETIC,capacity-shadow,224,ARITHMETIC,ARITHMETIC,1,
2,STORY_ARITHMETIC,capacity-shadow,225,ARITHMETIC,ARITHMETIC,0,
2,STORY_ARITHMETIC,capacity-shadow,226,STORY_A,STORY,0,
2,STORY_ARITHMETIC,capacity-shadow,227,ARITHMETIC,ARITHMETIC,1,
2,STORY_ARITHMETIC,capacity-shadow,228,STORY_A,STORY,1,
2,STORY_ARITHMETIC,capacity-shadow,229,STORY_A,STORY,0,
2,STORY_ARITHMETIC,capacity-shadow,230,STORY_A,STORY,1,
2,STORY_ARITHMETIC,capacity-shadow,231,ARITHMETIC,ARITHMETIC,0,
2,STORY_ARITHMETIC,capacity-shadow,232,STORY_A,STORY,0,
2,STORY_ARITHMETIC,capacity-shadow,233,ARITHMETIC,ARITHMETIC,1,
2,STORY_ARITHMETIC,capacity-shadow,234,STORY_A,STORY,1,
2,STORY_ARITHMETIC,capacity-shadow,235,STORY_A,STORY,0,
2,STORY_ARITHMETIC,capacity-shadow,236,STORY_A,STORY,1,
2,STORY_ARITHMETIC,capacity-shadow,237,STORY_A,STORY,0,
2,STORY_ARITHMETIC,capacity-shadow,238,ARITHMETIC,ARITHMETIC,0,
2,STORY_ARITHMETIC,capacity-shadow,239,STORY_A,STORY,1,
2,STORY_ARITHMETIC,capacity-shadow,240,STORY_A,STORY,0,
2,STORY_ARITHMETIC,capacity-shadow,241,ARITHMETIC,ARITHMETIC,1,
2,STORY_ARITHMETIC,capacity-shadow,242,ARITHMETIC,ARITHMETIC,0,
2,STORY_ARITHMETIC,capacity-shadow,243,ARITHMETIC,ARITHMETIC,1,
2,STORY_ARITHMETIC,capacity-shadow,244,ARITHMETIC,ARITHMETIC,0,
2,STORY_ARITHMETIC,capacity-shadow,245,STORY_A,STORY,1,
2,STORY_ARITHMETIC,capacity-shadow,246,STORY_A,STORY,0,
2,STORY_ARITHMETIC,capacity-shadow,247,ARITHMETIC,ARITHMETIC,1,
2,STORY_ARITHMETIC,capacity-shadow,248,STORY_A,STORY,1,
2,STORY_ARITHMETIC,capacity-shadow,249,STORY_A,STORY,0,
2,STORY_ARITHMETIC,capacity-shadow,250,ARITHMETIC,ARITHMETIC,0,
2,STORY_ARITHMETIC,capacity-shadow,251,ARITHMETIC,ARITHMETIC,1,
2,STORY_ARITHMETIC,capacity-shadow,252,STORY_A,STORY,1,
2,STORY_ARITHMETIC,capacity-shadow,253,STORY_A,STORY,0,
2,STORY_ARITHMETIC,capacity-shadow,254,ARITHMETIC,ARITHMETIC,0,
2,STORY_ARITHMETIC,capacity-shadow,255,ARITHMETIC,ARITHMETIC,1,
2,STORY_ARITHMETIC,capacity-shadow,256,STORY_A,STORY,1,
2,STORY_ARITHMETIC,geometry-shadow,1,ARITHMETIC,ARITHMETIC,1,-0.9385421872138976
2,STORY_ARITHMETIC,geometry-shadow,2,ARITHMETIC,ARITHMETIC,1,-0.9278188347816468
2,STORY_ARITHMETIC,geometry-shadow,3,STORY_A,STORY,0,1.3738501071929932
2,STORY_ARITHMETIC,geometry-shadow,4,ARITHMETIC,ARITHMETIC,1,-0.9431803822517396
2,STORY_ARITHMETIC,geometry-shadow,5,ARITHMETIC,ARITHMETIC,1,-0.9417418837547302
2,STORY_ARITHMETIC,geometry-shadow,6,STORY_A,STORY,0,0.6359596252441406
2,STORY_ARITHMETIC,geometry-shadow,7,STORY_A,STORY,0,0.4740599393844604
2,STORY_ARITHMETIC,geometry-shadow,8,STORY_A,STORY,0,0.7511439323425293
2,STORY_ARITHMETIC,geometry-shadow,9,STORY_A,STORY,0,1.607741117477417
2,STORY_ARITHMETIC,geometry-shadow,10,STORY_A,STORY,0,1.8000425100326538
2,STORY_ARITHMETIC,geometry-shadow,11,STORY_A,STORY,0,1.0041035413742063
2,STORY_ARITHMETIC,geometry-shadow,12,STORY_A,STORY,0,0.0145592093467712
2,STORY_ARITHMETIC,geometry-shadow,13,STORY_A,STORY,0,1.6466524600982666
2,STORY_ARITHMETIC,geometry-shadow,14,STORY_A,STORY,1,-0.2732782959938049
2,STORY_ARITHMETIC,geometry-shadow,15,STORY_A,STORY,1,-0.2259260416030883
2,STORY_ARITHMETIC,geometry-shadow,16,STORY_A,STORY,0,0.7377933263778687
2,STORY_ARITHMETIC,geometry-shadow,17,ARITHMETIC,ARITHMETIC,1,-0.940607726573944
2,STORY_ARITHMETIC,geometry-shadow,18,ARITHMETIC,ARITHMETIC,1,-0.9460607171058656
2,STORY_ARITHMETIC,geometry-shadow,19,STORY_A,STORY,0,0.9366150498390198
2,STORY_ARITHMETIC,geometry-shadow,20,STORY_A,STORY,0,1.018407106399536
2,STORY_ARITHMETIC,geometry-shadow,21,ARITHMETIC,ARITHMETIC,1,-0.9386019706726074
2,STORY_ARITHMETIC,geometry-shadow,22,STORY_A,STORY,0,0.3967472314834595
2,STORY_ARITHMETIC,geometry-shadow,23,ARITHMETIC,ARITHMETIC,1,-0.9382962584495544
2,STORY_ARITHMETIC,geometry-shadow,24,ARITHMETIC,ARITHMETIC,1,-0.9414212703704834
2,STORY_ARITHMETIC,geometry-shadow,25,ARITHMETIC,ARITHMETIC,1,-0.9358069896697998
2,STORY_ARITHMETIC,geometry-shadow,26,STORY_A,STORY,0,0.6640452146530151
2,STORY_ARITHMETIC,geometry-shadow,27,ARITHMETIC,ARITHMETIC,1,-0.9374284148216248
2,STORY_ARITHMETIC,geometry-shadow,28,ARITHMETIC,ARITHMETIC,1,-0.9365296363830566
2,STORY_ARITHMETIC,geometry-shadow,29,STORY_A,STORY,0,1.4745346307754517
2,STORY_ARITHMETIC,geometry-shadow,30,STORY_A,STORY,0,0.709132194519043
2,STORY_ARITHMETIC,geometry-shadow,31,STORY_A,STORY,0,1.212226629257202
2,STORY_ARITHMETIC,geometry-shadow,32,ARITHMETIC,ARITHMETIC,1,-0.9407337307929992
2,STORY_ARITHMETIC,geometry-shadow,33,STORY_A,STORY,0,0.1937775611877441
2,STORY_ARITHMETIC,geometry-shadow,34,ARITHMETIC,ARITHMETIC,1,-0.9339087009429932
2,STORY_ARITHMETIC,geometry-shadow,35,STORY_A,STORY,1,-0.3327875733375549
2,STORY_ARITHMETIC,geometry-shadow,36,STORY_A,STORY,0,1.1428518295288086
2,STORY_ARITHMETIC,geometry-shadow,37,STORY_A,STORY,0,1.866315245628357
2,STORY_ARITHMETIC,geometry-shadow,38,STORY_A,STORY,0,1.045826435089111
2,STORY_ARITHMETIC,geometry-shadow,39,STORY_A,STORY,0,1.7694140672683716
2,STORY_ARITHMETIC,geometry-shadow,40,STORY_A,STORY,0,0.8307574987411499
2,STORY_ARITHMETIC,geometry-shadow,41,STORY_A,STORY,0,0.5656070709228516
2,STORY_ARITHMETIC,geometry-shadow,42,STORY_A,STORY,0,0.5797979235649109
2,STORY_ARITHMETIC,geometry-shadow,43,STORY_A,STORY,0,1.328170895576477
2,STORY_ARITHMETIC,geometry-shadow,44,STORY_A,STORY,1,-0.1335735321044922
2,STORY_ARITHMETIC,geometry-shadow,45,STORY_A,STORY,0,1.094448447227478
2,STORY_ARITHMETIC,geometry-shadow,46,ARITHMETIC,ARITHMETIC,1,-0.9379540085792542
2,STORY_ARITHMETIC,geometry-shadow,47,ARITHMETIC,ARITHMETIC,1,-0.9414783716201782
2,STORY_ARITHMETIC,geometry-shadow,48,STORY_A,STORY,0,1.251927137374878
2,STORY_ARITHMETIC,geometry-shadow,49,ARITHMETIC,ARITHMETIC,1,-0.936534583568573
2,STORY_ARITHMETIC,geometry-shadow,50,STORY_A,STORY,0,1.43317973613739
2,STORY_ARITHMETIC,geometry-shadow,51,STORY_A,STORY,1,-0.165948748588562
2,STORY_ARITHMETIC,geometry-shadow,52,STORY_A,STORY,0,0.8667609691619873
2,STORY_ARITHMETIC,geometry-shadow,53,ARITHMETIC,ARITHMETIC,1,-0.9383100867271424
2,STORY_ARITHMETIC,geometry-shadow,54,ARITHMETIC,ARITHMETIC,1,-0.9328461289405824
2,STORY_ARITHMETIC,geometry-shadow,55,STORY_A,STORY,0,1.5917078256607056
2,STORY_ARITHMETIC,geometry-shadow,56,STORY_A,STORY,0,0.9418447017669678
2,STORY_ARITHMETIC,geometry-shadow,57,ARITHMETIC,ARITHMETIC,1,-0.9393324255943298
2,STORY_ARITHMETIC,geometry-shadow,58,STORY_A,STORY,0,1.3083772659301758
2,STORY_ARITHMETIC,geometry-shadow,59,ARITHMETIC,ARITHMETIC,1,-0.9408485889434814
2,STORY_ARITHMETIC,geometry-shadow,60,STORY_A,STORY,0,1.5441757440567017
2,STORY_ARITHMETIC,geometry-shadow,61,STORY_A,STORY,0,0.5924214124679565
2,STORY_ARITHMETIC,geometry-shadow,62,ARITHMETIC,ARITHMETIC,1,-0.9350844621658324
2,STORY_ARITHMETIC,geometry-shadow,63,ARITHMETIC,ARITHMETIC,1,-0.9424634575843812
2,STORY_ARITHMETIC,geometry-shadow,64,STORY_A,STORY,0,1.0943198204040527
2,STORY_ARITHMETIC,geometry-shadow,65,STORY_A,STORY,0,0.4352785348892212
2,STORY_ARITHMETIC,geometry-shadow,66,ARITHMETIC,ARITHMETIC,1,-0.9377962350845336
2,STORY_ARITHMETIC,geometry-shadow,67,STORY_A,STORY,0,0.7353469133377075
2,STORY_ARITHMETIC,geometry-shadow,68,ARITHMETIC,ARITHMETIC,1,-0.9395533204078674
2,STORY_ARITHMETIC,geometry-shadow,69,ARITHMETIC,ARITHMETIC,1,-0.9345887303352356
2,STORY_ARITHMETIC,geometry-shadow,70,ARITHMETIC,ARITHMETIC,1,-0.9418616890907288
2,STORY_ARITHMETIC,geometry-shadow,71,ARITHMETIC,ARITHMETIC,1,-0.9309484362602234
2,STORY_ARITHMETIC,geometry-shadow,72,STORY_A,STORY,0,1.4663316011428833
2,STORY_ARITHMETIC,geometry-shadow,73,STORY_A,STORY,1,-0.0478079319000244
2,STORY_ARITHMETIC,geometry-shadow,74,ARITHMETIC,ARITHMETIC,1,-0.9430949687957764
2,STORY_ARITHMETIC,geometry-shadow,75,ARITHMETIC,ARITHMETIC,1,-0.9408314824104308
2,STORY_ARITHMETIC,geometry-shadow,76,ARITHMETIC,ARITHMETIC,1,-0.9410831332206726
2,STORY_ARITHMETIC,geometry-shadow,77,ARITHMETIC,ARITHMETIC,1,-0.9404847621917723
2,STORY_ARITHMETIC,geometry-shadow,78,STORY_A,STORY,0,0.2125964164733886
2,STORY_ARITHMETIC,geometry-shadow,79,ARITHMETIC,ARITHMETIC,1,-0.9429890513420104
2,STORY_ARITHMETIC,geometry-shadow,80,ARITHMETIC,ARITHMETIC,1,-0.9380189180374146
2,STORY_ARITHMETIC,geometry-shadow,81,STORY_A,STORY,0,0.6917780637741089
2,STORY_ARITHMETIC,geometry-shadow,82,ARITHMETIC,ARITHMETIC,1,-0.9392728805541992
2,STORY_ARITHMETIC,geometry-shadow,83,ARITHMETIC,ARITHMETIC,1,-0.9482914805412292
2,STORY_ARITHMETIC,geometry-shadow,84,ARITHMETIC,ARITHMETIC,1,-0.941561222076416
2,STORY_ARITHMETIC,geometry-shadow,85,STORY_A,STORY,0,1.413156032562256
2,STORY_ARITHMETIC,geometry-shadow,86,ARITHMETIC,ARITHMETIC,1,-0.9411205053329468
2,STORY_ARITHMETIC,geometry-shadow,87,ARITHMETIC,ARITHMETIC,1,-0.946133553981781
2,STORY_ARITHMETIC,geometry-shadow,88,STORY_A,STORY,0,1.5773102045059204
2,STORY_ARITHMETIC,geometry-shadow,89,STORY_A,STORY,0,1.5376315116882324
2,STORY_ARITHMETIC,geometry-shadow,90,ARITHMETIC,ARITHMETIC,1,-0.9361111521720886
2,STORY_ARITHMETIC,geometry-shadow,91,ARITHMETIC,ARITHMETIC,1,-0.9395107626914978
2,STORY_ARITHMETIC,geometry-shadow,92,STORY_A,STORY,0,1.1972471475601196
2,STORY_ARITHMETIC,geometry-shadow,93,STORY_A,STORY,0,0.7903634309768677
2,STORY_ARITHMETIC,geometry-shadow,94,STORY_A,STORY,0,0.4836258888244629
2,STORY_ARITHMETIC,geometry-shadow,95,ARITHMETIC,ARITHMETIC,1,-0.9412777423858644
2,STORY_ARITHMETIC,geometry-shadow,96,STORY_A,STORY,0,1.9385027885437007
2,STORY_ARITHMETIC,geometry-shadow,97,ARITHMETIC,ARITHMETIC,1,-0.9442331790924072
2,STORY_ARITHMETIC,geometry-shadow,98,STORY_A,STORY,0,0.9080041646957396
2,STORY_ARITHMETIC,geometry-shadow,99,ARITHMETIC,ARITHMETIC,1,-0.9436049461364746
2,STORY_ARITHMETIC,geometry-shadow,100,ARITHMETIC,ARITHMETIC,1,-0.9403163194656372
2,STORY_ARITHMETIC,geometry-shadow,101,STORY_A,STORY,0,0.2630321383476257
2,STORY_ARITHMETIC,geometry-shadow,102,STORY_A,STORY,0,0.4339559078216553
2,STORY_ARITHMETIC,geometry-shadow,103,STORY_A,STORY,0,1.4401333332061768
2,STORY_ARITHMETIC,geometry-shadow,104,ARITHMETIC,ARITHMETIC,1,-0.944525182247162
2,STORY_ARITHMETIC,geometry-shadow,105,ARITHMETIC,ARITHMETIC,1,-0.9380701184272766
2,STORY_ARITHMETIC,geometry-shadow,106,ARITHMETIC,ARITHMETIC,1,-0.9397539496421814
2,STORY_ARITHMETIC,geometry-shadow,107,ARITHMETIC,ARITHMETIC,1,-0.9400232434272766
2,STORY_ARITHMETIC,geometry-shadow,108,ARITHMETIC,ARITHMETIC,1,-0.9398329257965088
2,STORY_ARITHMETIC,geometry-shadow,109,ARITHMETIC,ARITHMETIC,1,-0.93876051902771
2,STORY_ARITHMETIC,geometry-shadow,110,ARITHMETIC,ARITHMETIC,1,-0.9325551986694336
2,STORY_ARITHMETIC,geometry-shadow,111,STORY_A,STORY,0,0.6431940197944641
2,STORY_ARITHMETIC,geometry-shadow,112,ARITHMETIC,ARITHMETIC,1,-0.9382628202438354
2,STORY_ARITHMETIC,geometry-shadow,113,ARITHMETIC,ARITHMETIC,1,-0.9408880472183228
2,STORY_ARITHMETIC,geometry-shadow,114,STORY_A,STORY,0,0.4882724285125732
2,STORY_ARITHMETIC,geometry-shadow,115,ARITHMETIC,ARITHMETIC,1,-0.9371176958084106
2,STORY_ARITHMETIC,geometry-shadow,116,ARITHMETIC,ARITHMETIC,1,-0.938606321811676
2,STORY_ARITHMETIC,geometry-shadow,117,STORY_A,STORY,1,-0.3048678636550903
2,STORY_ARITHMETIC,geometry-shadow,118,ARITHMETIC,ARITHMETIC,1,-0.9428449869155884
2,STORY_ARITHMETIC,geometry-shadow,119,STORY_A,STORY,0,1.77308988571167
2,STORY_ARITHMETIC,geometry-shadow,120,ARITHMETIC,ARITHMETIC,1,-0.9387232661247252
2,STORY_ARITHMETIC,geometry-shadow,121,STORY_A,STORY,0,1.312997817993164
2,STORY_ARITHMETIC,geometry-shadow,122,ARITHMETIC,ARITHMETIC,1,-0.9402143955230712
2,STORY_ARITHMETIC,geometry-shadow,123,STORY_A,STORY,0,0.9090760350227356
2,STORY_ARITHMETIC,geometry-shadow,124,STORY_A,STORY,0,0.0772101879119873
2,STORY_ARITHMETIC,geometry-shadow,125,ARITHMETIC,ARITHMETIC,1,-0.9380016326904296
2,STORY_ARITHMETIC,geometry-shadow,126,STORY_A,STORY,0,0.752437949180603
2,STORY_ARITHMETIC,geometry-shadow,127,STORY_A,STORY,0,1.2503918409347534
2,STORY_ARITHMETIC,geometry-shadow,128,ARITHMETIC,ARITHMETIC,1,-0.9404547214508056
2,STORY_ARITHMETIC,geometry-shadow,129,STORY_A,STORY,0,1.5629518032073977
2,STORY_ARITHMETIC,geometry-shadow,130,STORY_A,STORY,0,0.149868905544281
2,STORY_ARITHMETIC,geometry-shadow,131,STORY_A,STORY,0,0.670533299446106
2,STORY_ARITHMETIC,geometry-shadow,132,ARITHMETIC,ARITHMETIC,1,-0.9454824924468994
2,STORY_ARITHMETIC,geometry-shadow,133,STORY_A,STORY,0,0.6116799116134644
2,STORY_ARITHMETIC,geometry-shadow,134,ARITHMETIC,ARITHMETIC,1,-0.9317575693130492
2,STORY_ARITHMETIC,geometry-shadow,135,ARITHMETIC,ARITHMETIC,1,-0.9391910433769226
2,STORY_ARITHMETIC,geometry-shadow,136,STORY_A,STORY,0,1.4310522079467771
2,STORY_ARITHMETIC,geometry-shadow,137,ARITHMETIC,ARITHMETIC,1,-0.936590313911438
2,STORY_ARITHMETIC,geometry-shadow,138,STORY_A,STORY,0,1.4438759088516235
2,STORY_ARITHMETIC,geometry-shadow,139,ARITHMETIC,ARITHMETIC,1,-0.9403033256530762
2,STORY_ARITHMETIC,geometry-shadow,140,STORY_A,STORY,0,0.1627617478370666
2,STORY_ARITHMETIC,geometry-shadow,141,STORY_A,STORY,0,0.972617506980896
2,STORY_ARITHMETIC,geometry-shadow,142,STORY_A,STORY,1,-0.2082871198654174
2,STORY_ARITHMETIC,geometry-shadow,143,ARITHMETIC,ARITHMETIC,1,-0.9411382675170898
2,STORY_ARITHMETIC,geometry-shadow,144,ARITHMETIC,ARITHMETIC,1,-0.941311776638031
2,STORY_ARITHMETIC,geometry-shadow,145,ARITHMETIC,ARITHMETIC,1,-0.941630244255066
2,STORY_ARITHMETIC,geometry-shadow,146,STORY_A,STORY,0,1.7292810678482056
2,STORY_ARITHMETIC,geometry-shadow,147,ARITHMETIC,ARITHMETIC,1,-0.9419137835502625
2,STORY_ARITHMETIC,geometry-shadow,148,ARITHMETIC,ARITHMETIC,1,-0.9423530101776124
2,STORY_ARITHMETIC,geometry-shadow,149,STORY_A,STORY,0,0.7158936858177185
2,STORY_ARITHMETIC,geometry-shadow,150,STORY_A,STORY,0,0.4354610443115234
2,STORY_ARITHMETIC,geometry-shadow,151,ARITHMETIC,ARITHMETIC,1,-0.9327206015586852
2,STORY_ARITHMETIC,geometry-shadow,152,STORY_A,STORY,0,0.3146465420722961
2,STORY_ARITHMETIC,geometry-shadow,153,STORY_A,STORY,0,0.652569055557251
2,STORY_ARITHMETIC,geometry-shadow,154,STORY_A,STORY,1,-0.103528618812561
2,STORY_ARITHMETIC,geometry-shadow,155,ARITHMETIC,ARITHMETIC,1,-0.9379653930664062
2,STORY_ARITHMETIC,geometry-shadow,156,STORY_A,STORY,0,1.3994762897491455
2,STORY_ARITHMETIC,geometry-shadow,157,ARITHMETIC,ARITHMETIC,1,-0.9425110816955566
2,STORY_ARITHMETIC,geometry-shadow,158,ARITHMETIC,ARITHMETIC,1,-0.9448702931404114
2,STORY_ARITHMETIC,geometry-shadow,159,STORY_A,STORY,1,-0.1001985073089599
2,STORY_ARITHMETIC,geometry-shadow,160,ARITHMETIC,ARITHMETIC,1,-0.928930163383484
2,STORY_ARITHMETIC,geometry-shadow,161,STORY_A,STORY,0,0.4558250904083252
2,STORY_ARITHMETIC,geometry-shadow,162,STORY_A,STORY,1,-0.1340991258621215
2,STORY_ARITHMETIC,geometry-shadow,163,ARITHMETIC,ARITHMETIC,1,-0.9403089284896852
2,STORY_ARITHMETIC,geometry-shadow,164,STORY_A,STORY,0,1.0223623514175415
2,STORY_ARITHMETIC,geometry-shadow,165,ARITHMETIC,ARITHMETIC,1,-0.937320351600647
2,STORY_ARITHMETIC,geometry-shadow,166,ARITHMETIC,ARITHMETIC,1,-0.9362653493881226
2,STORY_ARITHMETIC,geometry-shadow,167,STORY_A,STORY,0,1.224223494529724
2,STORY_ARITHMETIC,geometry-shadow,168,ARITHMETIC,ARITHMETIC,1,-0.93515944480896
2,STORY_ARITHMETIC,geometry-shadow,169,ARITHMETIC,ARITHMETIC,1,-0.942097544670105
2,STORY_ARITHMETIC,geometry-shadow,170,ARITHMETIC,ARITHMETIC,1,-0.9394923448562622
2,STORY_ARITHMETIC,geometry-shadow,171,STORY_A,STORY,0,1.9617695808410645
2,STORY_ARITHMETIC,geometry-shadow,172,STORY_A,STORY,1,-0.1308124661445617
2,STORY_ARITHMETIC,geometry-shadow,173,STORY_A,STORY,0,1.0100407600402832
2,STORY_ARITHMETIC,geometry-shadow,174,ARITHMETIC,ARITHMETIC,1,-0.9342748522758484
2,STORY_ARITHMETIC,geometry-shadow,175,ARITHMETIC,ARITHMETIC,1,-0.945730984210968
2,STORY_ARITHMETIC,geometry-shadow,176,ARITHMETIC,ARITHMETIC,1,-0.937295377254486
2,STORY_ARITHMETIC,geometry-shadow,177,ARITHMETIC,ARITHMETIC,1,-0.9414759278297424
2,STORY_ARITHMETIC,geometry-shadow,178,STORY_A,STORY,0,1.4777344465255735
2,STORY_ARITHMETIC,geometry-shadow,179,ARITHMETIC,ARITHMETIC,1,-0.9438357949256896
2,STORY_ARITHMETIC,geometry-shadow,180,ARITHMETIC,ARITHMETIC,1,-0.94025057554245
2,STORY_ARITHMETIC,geometry-shadow,181,STORY_A,STORY,0,1.347264051437378
2,STORY_ARITHMETIC,geometry-shadow,182,ARITHMETIC,ARITHMETIC,1,-0.9334052205085754
2,STORY_ARITHMETIC,geometry-shadow,183,STORY_A,STORY,0,0.3215303421020508
2,STORY_ARITHMETIC,geometry-shadow,184,ARITHMETIC,ARITHMETIC,1,-0.939782738685608
2,STORY_ARITHMETIC,geometry-shadow,185,ARITHMETIC,ARITHMETIC,1,-0.937597632408142
2,STORY_ARITHMETIC,geometry-shadow,186,ARITHMETIC,ARITHMETIC,1,-0.9364954829216005
2,STORY_ARITHMETIC,geometry-shadow,187,ARITHMETIC,ARITHMETIC,1,-0.939413607120514
2,STORY_ARITHMETIC,geometry-shadow,188,ARITHMETIC,ARITHMETIC,1,-0.94379061460495
2,STORY_ARITHMETIC,geometry-shadow,189,STORY_A,STORY,0,0.7856146097183228
2,STORY_ARITHMETIC,geometry-shadow,190,STORY_A,STORY,0,0.7824024558067322
2,STORY_ARITHMETIC,geometry-shadow,191,STORY_A,STORY,0,0.6322733163833618
2,STORY_ARITHMETIC,geometry-shadow,192,ARITHMETIC,ARITHMETIC,1,-0.9342103600502014
2,STORY_ARITHMETIC,geometry-shadow,193,STORY_A,STORY,0,0.3290094137191772
2,STORY_ARITHMETIC,geometry-shadow,194,ARITHMETIC,ARITHMETIC,1,-0.9434510469436646
2,STORY_ARITHMETIC,geometry-shadow,195,STORY_A,STORY,0,0.5556240677833557
2,STORY_ARITHMETIC,geometry-shadow,196,ARITHMETIC,ARITHMETIC,1,-0.9354969263076782
2,STORY_ARITHMETIC,geometry-shadow,197,ARITHMETIC,ARITHMETIC,1,-0.9281467199325562
2,STORY_ARITHMETIC,geometry-shadow,198,STORY_A,STORY,0,0.9272230863571168
2,STORY_ARITHMETIC,geometry-shadow,199,ARITHMETIC,ARITHMETIC,1,-0.9338167905807496
2,STORY_ARITHMETIC,geometry-shadow,200,STORY_A,STORY,0,0.9117414951324464
2,STORY_ARITHMETIC,geometry-shadow,201,ARITHMETIC,ARITHMETIC,1,-0.9419032335281372
2,STORY_ARITHMETIC,geometry-shadow,202,ARITHMETIC,ARITHMETIC,1,-0.9413267970085144
2,STORY_ARITHMETIC,geometry-shadow,203,STORY_A,STORY,0,1.0843650102615356
2,STORY_ARITHMETIC,geometry-shadow,204,ARITHMETIC,ARITHMETIC,1,-0.9361664652824402
2,STORY_ARITHMETIC,geometry-shadow,205,STORY_A,STORY,0,1.8476591110229488
2,STORY_ARITHMETIC,geometry-shadow,206,ARITHMETIC,ARITHMETIC,1,-0.9311390519142152
2,STORY_ARITHMETIC,geometry-shadow,207,ARITHMETIC,ARITHMETIC,1,-0.9393545389175416
2,STORY_ARITHMETIC,geometry-shadow,208,ARITHMETIC,ARITHMETIC,1,-0.9372512698173524
2,STORY_ARITHMETIC,geometry-shadow,209,ARITHMETIC,ARITHMETIC,1,-0.9467772841453552
2,STORY_ARITHMETIC,geometry-shadow,210,ARITHMETIC,ARITHMETIC,1,-0.9411875605583192
2,STORY_ARITHMETIC,geometry-shadow,211,ARITHMETIC,ARITHMETIC,1,-0.9395486116409302
2,STORY_ARITHMETIC,geometry-shadow,212,STORY_A,STORY,0,0.6577531099319458
2,STORY_ARITHMETIC,geometry-shadow,213,ARITHMETIC,ARITHMETIC,1,-0.939251184463501
2,STORY_ARITHMETIC,geometry-shadow,214,ARITHMETIC,ARITHMETIC,1,-0.9261851906776428
2,STORY_ARITHMETIC,geometry-shadow,215,ARITHMETIC,ARITHMETIC,1,-0.9411514401435852
2,STORY_ARITHMETIC,geometry-shadow,216,STORY_A,STORY,0,0.044604480266571
2,STORY_ARITHMETIC,geometry-shadow,217,STORY_A,STORY,0,0.9705023765563964
2,STORY_ARITHMETIC,geometry-shadow,218,STORY_A,STORY,0,0.8790222406387329
2,STORY_ARITHMETIC,geometry-shadow,219,STORY_A,STORY,0,0.6219525337219238
2,STORY_ARITHMETIC,geometry-shadow,220,ARITHMETIC,ARITHMETIC,1,-0.9393668174743652
2,STORY_ARITHMETIC,geometry-shadow,221,STORY_A,STORY,0,0.4728248119354248
2,STORY_ARITHMETIC,geometry-shadow,222,ARITHMETIC,ARITHMETIC,1,-0.9333541393280028
2,STORY_ARITHMETIC,geometry-shadow,223,STORY_A,STORY,0,0.3279242515563965
2,STORY_ARITHMETIC,geometry-shadow,224,ARITHMETIC,ARITHMETIC,1,-0.940787434577942
2,STORY_ARITHMETIC,geometry-shadow,225,ARITHMETIC,ARITHMETIC,1,-0.9379906058311462
2,STORY_ARITHMETIC,geometry-shadow,226,STORY_A,STORY,0,0.1028534770011901
2,STORY_ARITHMETIC,geometry-shadow,227,ARITHMETIC,ARITHMETIC,1,-0.9284932613372804
2,STORY_ARITHMETIC,geometry-shadow,228,STORY_A,STORY,0,1.602690815925598
2,STORY_ARITHMETIC,geometry-shadow,229,STORY_A,STORY,0,1.4122356176376345
2,STORY_ARITHMETIC,geometry-shadow,230,STORY_A,STORY,1,-0.2849693894386291
2,STORY_ARITHMETIC,geometry-shadow,231,ARITHMETIC,ARITHMETIC,1,-0.9383220672607422
2,STORY_ARITHMETIC,geometry-shadow,232,STORY_A,STORY,0,1.1224571466445925
2,STORY_ARITHMETIC,geometry-shadow,233,ARITHMETIC,ARITHMETIC,1,-0.9411077499389648
2,STORY_ARITHMETIC,geometry-shadow,234,STORY_A,STORY,1,-0.0864741802215576
2,STORY_ARITHMETIC,geometry-shadow,235,STORY_A,STORY,0,0.5791000127792358
2,STORY_ARITHMETIC,geometry-shadow,236,STORY_A,STORY,0,0.5222060680389404
2,STORY_ARITHMETIC,geometry-shadow,237,STORY_A,STORY,0,1.051053524017334
2,STORY_ARITHMETIC,geometry-shadow,238,ARITHMETIC,ARITHMETIC,1,-0.9385270476341248
2,STORY_ARITHMETIC,geometry-shadow,239,STORY_A,STORY,0,0.8902579545974731
2,STORY_ARITHMETIC,geometry-shadow,240,STORY_A,STORY,0,0.3016813993453979
2,STORY_ARITHMETIC,geometry-shadow,241,ARITHMETIC,ARITHMETIC,1,-0.9372414946556092
2,STORY_ARITHMETIC,geometry-shadow,242,ARITHMETIC,ARITHMETIC,1,-0.9427756667137146
2,STORY_ARITHMETIC,geometry-shadow,243,ARITHMETIC,ARITHMETIC,1,-0.9445290565490724
2,STORY_ARITHMETIC,geometry-shadow,244,ARITHMETIC,ARITHMETIC,1,-0.9432055354118348
2,STORY_ARITHMETIC,geometry-shadow,245,STORY_A,STORY,1,-0.0144631266593933
2,STORY_ARITHMETIC,geometry-shadow,246,STORY_A,STORY,0,0.4415284395217895
2,STORY_ARITHMETIC,geometry-shadow,247,ARITHMETIC,ARITHMETIC,1,-0.9411700367927552
2,STORY_ARITHMETIC,geometry-shadow,248,STORY_A,STORY,0,0.4666359424591064
2,STORY_ARITHMETIC,geometry-shadow,249,STORY_A,STORY,0,0.1243401169776916
2,STORY_ARITHMETIC,geometry-shadow,250,ARITHMETIC,ARITHMETIC,1,-0.9381592273712158
2,STORY_ARITHMETIC,geometry-shadow,251,ARITHMETIC,ARITHMETIC,1,-0.94060879945755
2,STORY_ARITHMETIC,geometry-shadow,252,STORY_A,STORY,0,0.988151490688324
2,STORY_ARITHMETIC,geometry-shadow,253,STORY_A,STORY,0,1.932399034500122
2,STORY_ARITHMETIC,geometry-shadow,254,ARITHMETIC,ARITHMETIC,1,-0.9324300289154052
2,STORY_ARITHMETIC,geometry-shadow,255,ARITHMETIC,ARITHMETIC,1,-0.9464894533157348
2,STORY_ARITHMETIC,geometry-shadow,256,STORY_A,STORY,0,1.1779992580413818
2,WEAK_ARITHMETIC,capacity-shadow,1,STORY_A,STORY,0,
2,WEAK_ARITHMETIC,capacity-shadow,2,STORY_A,STORY,1,
2,WEAK_ARITHMETIC,capacity-shadow,3,STORY_A,STORY,0,
2,WEAK_ARITHMETIC,capacity-shadow,4,STORY_A,STORY,1,
2,WEAK_ARITHMETIC,capacity-shadow,5,STORY_A,STORY,0,
2,WEAK_ARITHMETIC,capacity-shadow,6,ARITHMETIC,ARITHMETIC,0,
2,WEAK_ARITHMETIC,capacity-shadow,7,STORY_A,STORY,1,
2,WEAK_ARITHMETIC,capacity-shadow,8,ARITHMETIC,ARITHMETIC,1,
2,WEAK_ARITHMETIC,capacity-shadow,9,STORY_A,STORY,0,
2,WEAK_ARITHMETIC,capacity-shadow,10,STORY_A,STORY,1,
2,WEAK_ARITHMETIC,capacity-shadow,11,ARITHMETIC,ARITHMETIC,0,
2,WEAK_ARITHMETIC,capacity-shadow,12,STORY_A,STORY,0,
2,WEAK_ARITHMETIC,capacity-shadow,13,STORY_A,STORY,1,
2,WEAK_ARITHMETIC,capacity-shadow,14,STORY_A,STORY,0,
2,WEAK_ARITHMETIC,capacity-shadow,15,STORY_A,STORY,1,
2,WEAK_ARITHMETIC,capacity-shadow,16,STORY_A,STORY,0,
2,WEAK_ARITHMETIC,capacity-shadow,17,STORY_A,STORY,1,
2,WEAK_ARITHMETIC,capacity-shadow,18,STORY_A,STORY,0,
2,WEAK_ARITHMETIC,capacity-shadow,19,ARITHMETIC,ARITHMETIC,1,
2,WEAK_ARITHMETIC,capacity-shadow,20,STORY_A,STORY,1,
2,WEAK_ARITHMETIC,capacity-shadow,21,STORY_A,STORY,0,
2,WEAK_ARITHMETIC,capacity-shadow,22,STORY_A,STORY,1,
2,WEAK_ARITHMETIC,capacity-shadow,23,STORY_A,STORY,0,
2,WEAK_ARITHMETIC,capacity-shadow,24,STORY_A,STORY,1,
2,WEAK_ARITHMETIC,capacity-shadow,25,ARITHMETIC,ARITHMETIC,0,
2,WEAK_ARITHMETIC,capacity-shadow,26,STORY_A,STORY,0,
2,WEAK_ARITHMETIC,capacity-shadow,27,STORY_A,STORY,1,
2,WEAK_ARITHMETIC,capacity-shadow,28,STORY_A,STORY,0,
2,WEAK_ARITHMETIC,capacity-shadow,29,STORY_A,STORY,1,
2,WEAK_ARITHMETIC,capacity-shadow,30,STORY_A,STORY,0,
2,WEAK_ARITHMETIC,capacity-shadow,31,STORY_A,STORY,1,
2,WEAK_ARITHMETIC,capacity-shadow,32,STORY_A,STORY,0,
2,WEAK_ARITHMETIC,capacity-shadow,33,STORY_A,STORY,1,
2,WEAK_ARITHMETIC,capacity-shadow,34,STORY_A,STORY,0,
2,WEAK_ARITHMETIC,capacity-shadow,35,ARITHMETIC,ARITHMETIC,1,
2,WEAK_ARITHMETIC,capacity-shadow,36,ARITHMETIC,ARITHMETIC,0,
2,WEAK_ARITHMETIC,capacity-shadow,37,STORY_A,STORY,1,
2,WEAK_ARITHMETIC,capacity-shadow,38,STORY_A,STORY,0,
2,WEAK_ARITHMETIC,capacity-shadow,39,STORY_A,STORY,1,
2,WEAK_ARITHMETIC,capacity-shadow,40,STORY_A,STORY,0,
2,WEAK_ARITHMETIC,capacity-shadow,41,STORY_A,STORY,1,
2,WEAK_ARITHMETIC,capacity-shadow,42,STORY_A,STORY,0,
2,WEAK_ARITHMETIC,capacity-shadow,43,STORY_A,STORY,1,
2,WEAK_ARITHMETIC,capacity-shadow,44,STORY_A,STORY,0,
2,WEAK_ARITHMETIC,capacity-shadow,45,STORY_A,STORY,1,
2,WEAK_ARITHMETIC,capacity-shadow,46,STORY_A,STORY,0,
2,WEAK_ARITHMETIC,capacity-shadow,47,STORY_A,STORY,1,
2,WEAK_ARITHMETIC,capacity-shadow,48,STORY_A,STORY,0,
2,WEAK_ARITHMETIC,capacity-shadow,49,STORY_A,STORY,1,
2,WEAK_ARITHMETIC,capacity-shadow,50,STORY_A,STORY,0,
2,WEAK_ARITHMETIC,capacity-shadow,51,ARITHMETIC,ARITHMETIC,1,
2,WEAK_ARITHMETIC,capacity-shadow,52,STORY_A,STORY,1,
2,WEAK_ARITHMETIC,capacity-shadow,53,STORY_A,STORY,0,
2,WEAK_ARITHMETIC,capacity-shadow,54,STORY_A,STORY,1,
2,WEAK_ARITHMETIC,capacity-shadow,55,STORY_A,STORY,0,
2,WEAK_ARITHMETIC,capacity-shadow,56,STORY_A,STORY,1,
2,WEAK_ARITHMETIC,capacity-shadow,57,STORY_A,STORY,0,
2,WEAK_ARITHMETIC,capacity-shadow,58,STORY_A,STORY,1,
2,WEAK_ARITHMETIC,capacity-shadow,59,STORY_A,STORY,0,
2,WEAK_ARITHMETIC,capacity-shadow,60,ARITHMETIC,ARITHMETIC,0,
2,WEAK_ARITHMETIC,capacity-shadow,61,STORY_A,STORY,1,
2,WEAK_ARITHMETIC,capacity-shadow,62,STORY_A,STORY,0,
2,WEAK_ARITHMETIC,capacity-shadow,63,STORY_A,STORY,1,
2,WEAK_ARITHMETIC,capacity-shadow,64,STORY_A,STORY,0,
2,WEAK_ARITHMETIC,capacity-shadow,65,STORY_A,STORY,1,
2,WEAK_ARITHMETIC,capacity-shadow,66,STORY_A,STORY,0,
2,WEAK_ARITHMETIC,capacity-shadow,67,STORY_A,STORY,1,
2,WEAK_ARITHMETIC,capacity-shadow,68,STORY_A,STORY,0,
2,WEAK_ARITHMETIC,capacity-shadow,69,STORY_A,STORY,1,
2,WEAK_ARITHMETIC,capacity-shadow,70,STORY_A,STORY,0,
2,WEAK_ARITHMETIC,capacity-shadow,71,STORY_A,STORY,1,
2,WEAK_ARITHMETIC,capacity-shadow,72,ARITHMETIC,ARITHMETIC,1,
2,WEAK_ARITHMETIC,capacity-shadow,73,STORY_A,STORY,0,
2,WEAK_ARITHMETIC,capacity-shadow,74,STORY_A,STORY,1,
2,WEAK_ARITHMETIC,capacity-shadow,75,STORY_A,STORY,0,
2,WEAK_ARITHMETIC,capacity-shadow,76,STORY_A,STORY,1,
2,WEAK_ARITHMETIC,capacity-shadow,77,STORY_A,STORY,0,
2,WEAK_ARITHMETIC,capacity-shadow,78,STORY_A,STORY,1,
2,WEAK_ARITHMETIC,capacity-shadow,79,STORY_A,STORY,0,
2,WEAK_ARITHMETIC,capacity-shadow,80,STORY_A,STORY,1,
2,WEAK_ARITHMETIC,capacity-shadow,81,STORY_A,STORY,0,
2,WEAK_ARITHMETIC,capacity-shadow,82,STORY_A,STORY,1,
2,WEAK_ARITHMETIC,capacity-shadow,83,STORY_A,STORY,0,
2,WEAK_ARITHMETIC,capacity-shadow,84,STORY_A,STORY,1,
2,WEAK_ARITHMETIC,capacity-shadow,85,STORY_A,STORY,0,
2,WEAK_ARITHMETIC,capacity-shadow,86,ARITHMETIC,ARITHMETIC,0,
2,WEAK_ARITHMETIC,capacity-shadow,87,STORY_A,STORY,1,
2,WEAK_ARITHMETIC,capacity-shadow,88,STORY_A,STORY,0,
2,WEAK_ARITHMETIC,capacity-shadow,89,STORY_A,STORY,1,
2,WEAK_ARITHMETIC,capacity-shadow,90,STORY_A,STORY,0,
2,WEAK_ARITHMETIC,capacity-shadow,91,STORY_A,STORY,1,
2,WEAK_ARITHMETIC,capacity-shadow,92,STORY_A,STORY,0,
2,WEAK_ARITHMETIC,capacity-shadow,93,STORY_A,STORY,1,
2,WEAK_ARITHMETIC,capacity-shadow,94,STORY_A,STORY,0,
2,WEAK_ARITHMETIC,capacity-shadow,95,STORY_A,STORY,1,
2,WEAK_ARITHMETIC,capacity-shadow,96,STORY_A,STORY,0,
2,WEAK_ARITHMETIC,capacity-shadow,97,STORY_A,STORY,1,
2,WEAK_ARITHMETIC,capacity-shadow,98,STORY_A,STORY,0,
2,WEAK_ARITHMETIC,capacity-shadow,99,STORY_A,STORY,1,
2,WEAK_ARITHMETIC,capacity-shadow,100,STORY_A,STORY,0,
2,WEAK_ARITHMETIC,capacity-shadow,101,STORY_A,STORY,1,
2,WEAK_ARITHMETIC,capacity-shadow,102,STORY_A,STORY,0,
2,WEAK_ARITHMETIC,capacity-shadow,103,STORY_A,STORY,1,
2,WEAK_ARITHMETIC,capacity-shadow,104,STORY_A,STORY,0,
2,WEAK_ARITHMETIC,capacity-shadow,105,STORY_A,STORY,1,
2,WEAK_ARITHMETIC,capacity-shadow,106,STORY_A,STORY,0,
2,WEAK_ARITHMETIC,capacity-shadow,107,ARITHMETIC,ARITHMETIC,1,
2,WEAK_ARITHMETIC,capacity-shadow,108,STORY_A,STORY,1,
2,WEAK_ARITHMETIC,capacity-shadow,109,STORY_A,STORY,0,
2,WEAK_ARITHMETIC,capacity-shadow,110,STORY_A,STORY,1,
2,WEAK_ARITHMETIC,capacity-shadow,111,ARITHMETIC,ARITHMETIC,0,
2,WEAK_ARITHMETIC,capacity-shadow,112,STORY_A,STORY,0,
2,WEAK_ARITHMETIC,capacity-shadow,113,STORY_A,STORY,1,
2,WEAK_ARITHMETIC,capacity-shadow,114,STORY_A,STORY,0,
2,WEAK_ARITHMETIC,capacity-shadow,115,STORY_A,STORY,1,
2,WEAK_ARITHMETIC,capacity-shadow,116,STORY_A,STORY,0,
2,WEAK_ARITHMETIC,capacity-shadow,117,STORY_A,STORY,1,
2,WEAK_ARITHMETIC,capacity-shadow,118,STORY_A,STORY,0,
2,WEAK_ARITHMETIC,capacity-shadow,119,STORY_A,STORY,1,
2,WEAK_ARITHMETIC,capacity-shadow,120,ARITHMETIC,ARITHMETIC,1,
2,WEAK_ARITHMETIC,capacity-shadow,121,STORY_A,STORY,0,
2,WEAK_ARITHMETIC,capacity-shadow,122,STORY_A,STORY,1,
2,WEAK_ARITHMETIC,capacity-shadow,123,STORY_A,STORY,0,
2,WEAK_ARITHMETIC,capacity-shadow,124,STORY_A,STORY,1,
2,WEAK_ARITHMETIC,capacity-shadow,125,STORY_A,STORY,0,
2,WEAK_ARITHMETIC,capacity-shadow,126,STORY_A,STORY,1,
2,WEAK_ARITHMETIC,capacity-shadow,127,STORY_A,STORY,0,
2,WEAK_ARITHMETIC,capacity-shadow,128,STORY_A,STORY,1,
2,WEAK_ARITHMETIC,capacity-shadow,129,STORY_A,STORY,0,
2,WEAK_ARITHMETIC,capacity-shadow,130,STORY_A,STORY,1,
2,WEAK_ARITHMETIC,capacity-shadow,131,STORY_A,STORY,0,
2,WEAK_ARITHMETIC,capacity-shadow,132,STORY_A,STORY,1,
2,WEAK_ARITHMETIC,capacity-shadow,133,STORY_A,STORY,0,
2,WEAK_ARITHMETIC,capacity-shadow,134,STORY_A,STORY,1,
2,WEAK_ARITHMETIC,capacity-shadow,135,STORY_A,STORY,0,
2,WEAK_ARITHMETIC,capacity-shadow,136,STORY_A,STORY,1,
2,WEAK_ARITHMETIC,capacity-shadow,137,STORY_A,STORY,0,
2,WEAK_ARITHMETIC,capacity-shadow,138,STORY_A,STORY,1,
2,WEAK_ARITHMETIC,capacity-shadow,139,STORY_A,STORY,0,
2,WEAK_ARITHMETIC,capacity-shadow,140,STORY_A,STORY,1,
2,WEAK_ARITHMETIC,capacity-shadow,141,STORY_A,STORY,0,
2,WEAK_ARITHMETIC,capacity-shadow,142,STORY_A,STORY,1,
2,WEAK_ARITHMETIC,capacity-shadow,143,STORY_A,STORY,0,
2,WEAK_ARITHMETIC,capacity-shadow,144,STORY_A,STORY,1,
2,WEAK_ARITHMETIC,capacity-shadow,145,STORY_A,STORY,0,
2,WEAK_ARITHMETIC,capacity-shadow,146,STORY_A,STORY,1,
2,WEAK_ARITHMETIC,capacity-shadow,147,STORY_A,STORY,0,
2,WEAK_ARITHMETIC,capacity-shadow,148,STORY_A,STORY,1,
2,WEAK_ARITHMETIC,capacity-shadow,149,STORY_A,STORY,0,
2,WEAK_ARITHMETIC,capacity-shadow,150,STORY_A,STORY,1,
2,WEAK_ARITHMETIC,capacity-shadow,151,STORY_A,STORY,0,
2,WEAK_ARITHMETIC,capacity-shadow,152,STORY_A,STORY,1,
2,WEAK_ARITHMETIC,capacity-shadow,153,STORY_A,STORY,0,
2,WEAK_ARITHMETIC,capacity-shadow,154,STORY_A,STORY,1,
2,WEAK_ARITHMETIC,capacity-shadow,155,STORY_A,STORY,0,
2,WEAK_ARITHMETIC,capacity-shadow,156,STORY_A,STORY,1,
2,WEAK_ARITHMETIC,capacity-shadow,157,STORY_A,STORY,0,
2,WEAK_ARITHMETIC,capacity-shadow,158,STORY_A,STORY,1,
2,WEAK_ARITHMETIC,capacity-shadow,159,ARITHMETIC,ARITHMETIC,0,
2,WEAK_ARITHMETIC,capacity-shadow,160,ARITHMETIC,ARITHMETIC,1,
2,WEAK_ARITHMETIC,capacity-shadow,161,STORY_A,STORY,0,
2,WEAK_ARITHMETIC,capacity-shadow,162,STORY_A,STORY,1,
2,WEAK_ARITHMETIC,capacity-shadow,163,STORY_A,STORY,0,
2,WEAK_ARITHMETIC,capacity-shadow,164,STORY_A,STORY,1,
2,WEAK_ARITHMETIC,capacity-shadow,165,STORY_A,STORY,0,
2,WEAK_ARITHMETIC,capacity-shadow,166,STORY_A,STORY,1,
2,WEAK_ARITHMETIC,capacity-shadow,167,STORY_A,STORY,0,
2,WEAK_ARITHMETIC,capacity-shadow,168,STORY_A,STORY,1,
2,WEAK_ARITHMETIC,capacity-shadow,169,STORY_A,STORY,0,
2,WEAK_ARITHMETIC,capacity-shadow,170,ARITHMETIC,ARITHMETIC,0,
2,WEAK_ARITHMETIC,capacity-shadow,171,STORY_A,STORY,1,
2,WEAK_ARITHMETIC,capacity-shadow,172,STORY_A,STORY,0,
2,WEAK_ARITHMETIC,capacity-shadow,173,STORY_A,STORY,1,
2,WEAK_ARITHMETIC,capacity-shadow,174,ARITHMETIC,ARITHMETIC,1,
2,WEAK_ARITHMETIC,capacity-shadow,175,STORY_A,STORY,0,
2,WEAK_ARITHMETIC,capacity-shadow,176,STORY_A,STORY,1,
2,WEAK_ARITHMETIC,capacity-shadow,177,STORY_A,STORY,0,
2,WEAK_ARITHMETIC,capacity-shadow,178,STORY_A,STORY,1,
2,WEAK_ARITHMETIC,capacity-shadow,179,STORY_A,STORY,0,
2,WEAK_ARITHMETIC,capacity-shadow,180,STORY_A,STORY,1,
2,WEAK_ARITHMETIC,capacity-shadow,181,STORY_A,STORY,0,
2,WEAK_ARITHMETIC,capacity-shadow,182,STORY_A,STORY,1,
2,WEAK_ARITHMETIC,capacity-shadow,183,STORY_A,STORY,0,
2,WEAK_ARITHMETIC,capacity-shadow,184,STORY_A,STORY,1,
2,WEAK_ARITHMETIC,capacity-shadow,185,STORY_A,STORY,0,
2,WEAK_ARITHMETIC,capacity-shadow,186,STORY_A,STORY,1,
2,WEAK_ARITHMETIC,capacity-shadow,187,STORY_A,STORY,0,
2,WEAK_ARITHMETIC,capacity-shadow,188,STORY_A,STORY,1,
2,WEAK_ARITHMETIC,capacity-shadow,189,STORY_A,STORY,0,
2,WEAK_ARITHMETIC,capacity-shadow,190,STORY_A,STORY,1,
2,WEAK_ARITHMETIC,capacity-shadow,191,ARITHMETIC,ARITHMETIC,0,
2,WEAK_ARITHMETIC,capacity-shadow,192,STORY_A,STORY,0,
2,WEAK_ARITHMETIC,capacity-shadow,193,STORY_A,STORY,1,
2,WEAK_ARITHMETIC,capacity-shadow,194,STORY_A,STORY,0,
2,WEAK_ARITHMETIC,capacity-shadow,195,ARITHMETIC,ARITHMETIC,1,
2,WEAK_ARITHMETIC,capacity-shadow,196,STORY_A,STORY,1,
2,WEAK_ARITHMETIC,capacity-shadow,197,STORY_A,STORY,0,
2,WEAK_ARITHMETIC,capacity-shadow,198,STORY_A,STORY,1,
2,WEAK_ARITHMETIC,capacity-shadow,199,STORY_A,STORY,0,
2,WEAK_ARITHMETIC,capacity-shadow,200,STORY_A,STORY,1,
2,WEAK_ARITHMETIC,capacity-shadow,201,STORY_A,STORY,0,
2,WEAK_ARITHMETIC,capacity-shadow,202,STORY_A,STORY,1,
2,WEAK_ARITHMETIC,capacity-shadow,203,STORY_A,STORY,0,
2,WEAK_ARITHMETIC,capacity-shadow,204,STORY_A,STORY,1,
2,WEAK_ARITHMETIC,capacity-shadow,205,STORY_A,STORY,0,
2,WEAK_ARITHMETIC,capacity-shadow,206,STORY_A,STORY,1,
2,WEAK_ARITHMETIC,capacity-shadow,207,STORY_A,STORY,0,
2,WEAK_ARITHMETIC,capacity-shadow,208,STORY_A,STORY,1,
2,WEAK_ARITHMETIC,capacity-shadow,209,STORY_A,STORY,0,
2,WEAK_ARITHMETIC,capacity-shadow,210,STORY_A,STORY,1,
2,WEAK_ARITHMETIC,capacity-shadow,211,STORY_A,STORY,0,
2,WEAK_ARITHMETIC,capacity-shadow,212,ARITHMETIC,ARITHMETIC,0,
2,WEAK_ARITHMETIC,capacity-shadow,213,STORY_A,STORY,1,
2,WEAK_ARITHMETIC,capacity-shadow,214,STORY_A,STORY,0,
2,WEAK_ARITHMETIC,capacity-shadow,215,STORY_A,STORY,1,
2,WEAK_ARITHMETIC,capacity-shadow,216,STORY_A,STORY,0,
2,WEAK_ARITHMETIC,capacity-shadow,217,STORY_A,STORY,1,
2,WEAK_ARITHMETIC,capacity-shadow,218,STORY_A,STORY,0,
2,WEAK_ARITHMETIC,capacity-shadow,219,STORY_A,STORY,1,
2,WEAK_ARITHMETIC,capacity-shadow,220,STORY_A,STORY,0,
2,WEAK_ARITHMETIC,capacity-shadow,221,STORY_A,STORY,1,
2,WEAK_ARITHMETIC,capacity-shadow,222,STORY_A,STORY,0,
2,WEAK_ARITHMETIC,capacity-shadow,223,STORY_A,STORY,1,
2,WEAK_ARITHMETIC,capacity-shadow,224,STORY_A,STORY,0,
2,WEAK_ARITHMETIC,capacity-shadow,225,STORY_A,STORY,1,
2,WEAK_ARITHMETIC,capacity-shadow,226,STORY_A,STORY,0,
2,WEAK_ARITHMETIC,capacity-shadow,227,STORY_A,STORY,1,
2,WEAK_ARITHMETIC,capacity-shadow,228,STORY_A,STORY,0,
2,WEAK_ARITHMETIC,capacity-shadow,229,STORY_A,STORY,1,
2,WEAK_ARITHMETIC,capacity-shadow,230,STORY_A,STORY,0,
2,WEAK_ARITHMETIC,capacity-shadow,231,ARITHMETIC,ARITHMETIC,1,
2,WEAK_ARITHMETIC,capacity-shadow,232,ARITHMETIC,ARITHMETIC,0,
2,WEAK_ARITHMETIC,capacity-shadow,233,STORY_A,STORY,1,
2,WEAK_ARITHMETIC,capacity-shadow,234,STORY_A,STORY,0,
2,WEAK_ARITHMETIC,capacity-shadow,235,STORY_A,STORY,1,
2,WEAK_ARITHMETIC,capacity-shadow,236,STORY_A,STORY,0,
2,WEAK_ARITHMETIC,capacity-shadow,237,STORY_A,STORY,1,
2,WEAK_ARITHMETIC,capacity-shadow,238,STORY_A,STORY,0,
2,WEAK_ARITHMETIC,capacity-shadow,239,STORY_A,STORY,1,
2,WEAK_ARITHMETIC,capacity-shadow,240,STORY_A,STORY,0,
2,WEAK_ARITHMETIC,capacity-shadow,241,STORY_A,STORY,1,
2,WEAK_ARITHMETIC,capacity-shadow,242,STORY_A,STORY,0,
2,WEAK_ARITHMETIC,capacity-shadow,243,STORY_A,STORY,1,
2,WEAK_ARITHMETIC,capacity-shadow,244,STORY_A,STORY,0,
2,WEAK_ARITHMETIC,capacity-shadow,245,STORY_A,STORY,1,
2,WEAK_ARITHMETIC,capacity-shadow,246,ARITHMETIC,ARITHMETIC,1,
2,WEAK_ARITHMETIC,capacity-shadow,247,STORY_A,STORY,0,
2,WEAK_ARITHMETIC,capacity-shadow,248,STORY_A,STORY,1,
2,WEAK_ARITHMETIC,capacity-shadow,249,ARITHMETIC,ARITHMETIC,0,
2,WEAK_ARITHMETIC,capacity-shadow,250,STORY_A,STORY,0,
2,WEAK_ARITHMETIC,capacity-shadow,251,ARITHMETIC,ARITHMETIC,1,
2,WEAK_ARITHMETIC,capacity-shadow,252,STORY_A,STORY,1,
2,WEAK_ARITHMETIC,capacity-shadow,253,STORY_A,STORY,0,
2,WEAK_ARITHMETIC,capacity-shadow,254,STORY_A,STORY,1,
2,WEAK_ARITHMETIC,capacity-shadow,255,STORY_A,STORY,0,
2,WEAK_ARITHMETIC,capacity-shadow,256,STORY_A,STORY,1,
2,WEAK_ARITHMETIC,geometry-shadow,1,STORY_A,STORY,0,1.2767359018325806
2,WEAK_ARITHMETIC,geometry-shadow,2,STORY_A,STORY,1,-1.011203408241272
2,WEAK_ARITHMETIC,geometry-shadow,3,STORY_A,STORY,1,-1.2520995140075684
2,WEAK_ARITHMETIC,geometry-shadow,4,STORY_A,STORY,0,1.1004562377929688
2,WEAK_ARITHMETIC,geometry-shadow,5,STORY_A,STORY,0,1.4742668867111206
2,WEAK_ARITHMETIC,geometry-shadow,6,ARITHMETIC,ARITHMETIC,1,-1.4204251766204834
2,WEAK_ARITHMETIC,geometry-shadow,7,STORY_A,STORY,0,0.6451289057731628
2,WEAK_ARITHMETIC,geometry-shadow,8,ARITHMETIC,ARITHMETIC,1,-1.313443899154663
2,WEAK_ARITHMETIC,geometry-shadow,9,STORY_A,STORY,1,-0.4779385328292846
2,WEAK_ARITHMETIC,geometry-shadow,10,STORY_A,STORY,1,-0.619968831539154
2,WEAK_ARITHMETIC,geometry-shadow,11,ARITHMETIC,ARITHMETIC,1,-1.324541449546814
2,WEAK_ARITHMETIC,geometry-shadow,12,STORY_A,STORY,1,-1.380337119102478
2,WEAK_ARITHMETIC,geometry-shadow,13,STORY_A,STORY,1,-1.3059531450271606
2,WEAK_ARITHMETIC,geometry-shadow,14,STORY_A,STORY,0,1.421494483947754
2,WEAK_ARITHMETIC,geometry-shadow,15,STORY_A,STORY,1,-0.4879758358001709
2,WEAK_ARITHMETIC,geometry-shadow,16,STORY_A,STORY,1,-1.1391911506652832
2,WEAK_ARITHMETIC,geometry-shadow,17,STORY_A,STORY,1,-0.2394218444824218
2,WEAK_ARITHMETIC,geometry-shadow,18,STORY_A,STORY,1,-1.2891658544540403
2,WEAK_ARITHMETIC,geometry-shadow,19,ARITHMETIC,ARITHMETIC,1,-1.3590166568756104
2,WEAK_ARITHMETIC,geometry-shadow,20,STORY_A,STORY,1,-0.2759530544281006
2,WEAK_ARITHMETIC,geometry-shadow,21,STORY_A,STORY,1,-0.003791332244873
2,WEAK_ARITHMETIC,geometry-shadow,22,STORY_A,STORY,1,-1.3821556568145752
2,WEAK_ARITHMETIC,geometry-shadow,23,STORY_A,STORY,0,0.8191633224487305
2,WEAK_ARITHMETIC,geometry-shadow,24,STORY_A,STORY,0,0.036432147026062
2,WEAK_ARITHMETIC,geometry-shadow,25,ARITHMETIC,ARITHMETIC,1,-1.2809758186340332
2,WEAK_ARITHMETIC,geometry-shadow,26,STORY_A,STORY,0,1.2835984230041504
2,WEAK_ARITHMETIC,geometry-shadow,27,STORY_A,STORY,0,1.398256540298462
2,WEAK_ARITHMETIC,geometry-shadow,28,STORY_A,STORY,0,0.6384133100509644
2,WEAK_ARITHMETIC,geometry-shadow,29,STORY_A,STORY,1,-0.7058944702148438
2,WEAK_ARITHMETIC,geometry-shadow,30,STORY_A,STORY,1,-0.3902324438095093
2,WEAK_ARITHMETIC,geometry-shadow,31,STORY_A,STORY,1,-0.6293936967849731
2,WEAK_ARITHMETIC,geometry-shadow,32,STORY_A,STORY,1,-0.6181585192680359
2,WEAK_ARITHMETIC,geometry-shadow,33,STORY_A,STORY,1,-1.3947734832763672
2,WEAK_ARITHMETIC,geometry-shadow,34,STORY_A,STORY,1,-0.8220091462135315
2,WEAK_ARITHMETIC,geometry-shadow,35,ARITHMETIC,ARITHMETIC,1,-1.2858262062072754
2,WEAK_ARITHMETIC,geometry-shadow,36,ARITHMETIC,ARITHMETIC,1,-1.4182566404342651
2,WEAK_ARITHMETIC,geometry-shadow,37,STORY_A,STORY,1,-0.2535710334777832
2,WEAK_ARITHMETIC,geometry-shadow,38,STORY_A,STORY,0,1.621012806892395
2,WEAK_ARITHMETIC,geometry-shadow,39,STORY_A,STORY,0,1.0596036911010742
2,WEAK_ARITHMETIC,geometry-shadow,40,STORY_A,STORY,0,1.5124661922454834
2,WEAK_ARITHMETIC,geometry-shadow,41,STORY_A,STORY,0,1.694921612739563
2,WEAK_ARITHMETIC,geometry-shadow,42,STORY_A,STORY,1,-1.094544529914856
2,WEAK_ARITHMETIC,geometry-shadow,43,STORY_A,STORY,0,0.9629083871841432
2,WEAK_ARITHMETIC,geometry-shadow,44,STORY_A,STORY,1,-0.2238715887069702
2,WEAK_ARITHMETIC,geometry-shadow,45,STORY_A,STORY,0,1.4277305603027344
2,WEAK_ARITHMETIC,geometry-shadow,46,STORY_A,STORY,0,1.1129066944122314
2,WEAK_ARITHMETIC,geometry-shadow,47,STORY_A,STORY,1,-0.2321399450302124
2,WEAK_ARITHMETIC,geometry-shadow,48,STORY_A,STORY,0,1.3816217184066772
2,WEAK_ARITHMETIC,geometry-shadow,49,STORY_A,STORY,0,0.2710392475128174
2,WEAK_ARITHMETIC,geometry-shadow,50,STORY_A,STORY,1,-0.7222684621810913
2,WEAK_ARITHMETIC,geometry-shadow,51,ARITHMETIC,ARITHMETIC,1,-1.3459105491638184
2,WEAK_ARITHMETIC,geometry-shadow,52,STORY_A,STORY,0,0.7123522758483887
2,WEAK_ARITHMETIC,geometry-shadow,53,STORY_A,STORY,0,0.5428101420402527
2,WEAK_ARITHMETIC,geometry-shadow,54,STORY_A,STORY,1,-1.307908535003662
2,WEAK_ARITHMETIC,geometry-shadow,55,STORY_A,STORY,0,0.376230239868164
2,WEAK_ARITHMETIC,geometry-shadow,56,STORY_A,STORY,0,0.2712020874023437
2,WEAK_ARITHMETIC,geometry-shadow,57,STORY_A,STORY,0,0.0277116298675537
2,WEAK_ARITHMETIC,geometry-shadow,58,STORY_A,STORY,1,-1.3051412105560305
2,WEAK_ARITHMETIC,geometry-shadow,59,STORY_A,STORY,0,0.7863903045654297
2,WEAK_ARITHMETIC,geometry-shadow,60,ARITHMETIC,ARITHMETIC,1,-1.351712942123413
2,WEAK_ARITHMETIC,geometry-shadow,61,STORY_A,STORY,0,0.3867073059082031
2,WEAK_ARITHMETIC,geometry-shadow,62,STORY_A,STORY,1,-1.1620759963989258
2,WEAK_ARITHMETIC,geometry-shadow,63,STORY_A,STORY,0,0.1192409992218017
2,WEAK_ARITHMETIC,geometry-shadow,64,STORY_A,STORY,1,-1.1292674541473389
2,WEAK_ARITHMETIC,geometry-shadow,65,STORY_A,STORY,0,1.0573734045028689
2,WEAK_ARITHMETIC,geometry-shadow,66,STORY_A,STORY,0,0.0346276760101318
2,WEAK_ARITHMETIC,geometry-shadow,67,STORY_A,STORY,0,1.2135484218597412
2,WEAK_ARITHMETIC,geometry-shadow,68,STORY_A,STORY,1,-1.036186456680298
2,WEAK_ARITHMETIC,geometry-shadow,69,STORY_A,STORY,1,-0.1523666381835937
2,WEAK_ARITHMETIC,geometry-shadow,70,STORY_A,STORY,0,0.7996499538421631
2,WEAK_ARITHMETIC,geometry-shadow,71,STORY_A,STORY,1,-1.520678162574768
2,WEAK_ARITHMETIC,geometry-shadow,72,ARITHMETIC,ARITHMETIC,1,-1.3692998886108398
2,WEAK_ARITHMETIC,geometry-shadow,73,STORY_A,STORY,0,0.5801692605018616
2,WEAK_ARITHMETIC,geometry-shadow,74,STORY_A,STORY,0,1.2794092893600464
2,WEAK_ARITHMETIC,geometry-shadow,75,STORY_A,STORY,1,-1.0163832902908323
2,WEAK_ARITHMETIC,geometry-shadow,76,STORY_A,STORY,1,-0.8466750383377075
2,WEAK_ARITHMETIC,geometry-shadow,77,STORY_A,STORY,0,1.3673546314239502
2,WEAK_ARITHMETIC,geometry-shadow,78,STORY_A,STORY,0,1.1187556982040403
2,WEAK_ARITHMETIC,geometry-shadow,79,STORY_A,STORY,0,1.870970129966736
2,WEAK_ARITHMETIC,geometry-shadow,80,STORY_A,STORY,0,1.4938969612121582
2,WEAK_ARITHMETIC,geometry-shadow,81,STORY_A,STORY,1,-1.4003074169158936
2,WEAK_ARITHMETIC,geometry-shadow,82,STORY_A,STORY,0,0.1808518171310424
2,WEAK_ARITHMETIC,geometry-shadow,83,STORY_A,STORY,0,1.58245587348938
2,WEAK_ARITHMETIC,geometry-shadow,84,STORY_A,STORY,0,1.1352789402008057
2,WEAK_ARITHMETIC,geometry-shadow,85,STORY_A,STORY,1,-0.1002850532531738
2,WEAK_ARITHMETIC,geometry-shadow,86,ARITHMETIC,ARITHMETIC,1,-1.3367774486541748
2,WEAK_ARITHMETIC,geometry-shadow,87,STORY_A,STORY,1,-0.9643622636795044
2,WEAK_ARITHMETIC,geometry-shadow,88,STORY_A,STORY,1,-1.2182018756866455
2,WEAK_ARITHMETIC,geometry-shadow,89,STORY_A,STORY,0,0.0700747966766357
2,WEAK_ARITHMETIC,geometry-shadow,90,STORY_A,STORY,0,0.6335289478302002
2,WEAK_ARITHMETIC,geometry-shadow,91,STORY_A,STORY,1,-0.4731000065803528
2,WEAK_ARITHMETIC,geometry-shadow,92,STORY_A,STORY,0,1.1752617359161377
2,WEAK_ARITHMETIC,geometry-shadow,93,STORY_A,STORY,1,-0.0179197788238525
2,WEAK_ARITHMETIC,geometry-shadow,94,STORY_A,STORY,0,0.6651345491409302
2,WEAK_ARITHMETIC,geometry-shadow,95,STORY_A,STORY,1,-1.4088817834854126
2,WEAK_ARITHMETIC,geometry-shadow,96,STORY_A,STORY,1,-0.9613975286483764
2,WEAK_ARITHMETIC,geometry-shadow,97,STORY_A,STORY,0,1.0740984678268433
2,WEAK_ARITHMETIC,geometry-shadow,98,STORY_A,STORY,1,-0.7912998199462891
2,WEAK_ARITHMETIC,geometry-shadow,99,STORY_A,STORY,0,0.3567427396774292
2,WEAK_ARITHMETIC,geometry-shadow,100,STORY_A,STORY,1,-0.9618030190467834
2,WEAK_ARITHMETIC,geometry-shadow,101,STORY_A,STORY,1,-0.2787065505981445
2,WEAK_ARITHMETIC,geometry-shadow,102,STORY_A,STORY,1,-0.7709684371948242
2,WEAK_ARITHMETIC,geometry-shadow,103,STORY_A,STORY,1,-0.3357892036437988
2,WEAK_ARITHMETIC,geometry-shadow,104,STORY_A,STORY,0,1.4393901824951172
2,WEAK_ARITHMETIC,geometry-shadow,105,STORY_A,STORY,1,-1.2732210159301758
2,WEAK_ARITHMETIC,geometry-shadow,106,STORY_A,STORY,0,0.5111011862754822
2,WEAK_ARITHMETIC,geometry-shadow,107,ARITHMETIC,ARITHMETIC,1,-1.3239060640335083
2,WEAK_ARITHMETIC,geometry-shadow,108,STORY_A,STORY,1,-1.275547981262207
2,WEAK_ARITHMETIC,geometry-shadow,109,STORY_A,STORY,1,-0.1212623119354248
2,WEAK_ARITHMETIC,geometry-shadow,110,STORY_A,STORY,1,-0.4320964217185974
2,WEAK_ARITHMETIC,geometry-shadow,111,ARITHMETIC,ARITHMETIC,1,-1.3635237216949463
2,WEAK_ARITHMETIC,geometry-shadow,112,STORY_A,STORY,1,-0.6061945557594299
2,WEAK_ARITHMETIC,geometry-shadow,113,STORY_A,STORY,1,-0.998492419719696
2,WEAK_ARITHMETIC,geometry-shadow,114,STORY_A,STORY,1,-0.962177872657776
2,WEAK_ARITHMETIC,geometry-shadow,115,STORY_A,STORY,0,0.3669109344482422
2,WEAK_ARITHMETIC,geometry-shadow,116,STORY_A,STORY,0,1.3316835165023804
2,WEAK_ARITHMETIC,geometry-shadow,117,STORY_A,STORY,1,-0.9746596217155457
2,WEAK_ARITHMETIC,geometry-shadow,118,STORY_A,STORY,0,1.2022571563720703
2,WEAK_ARITHMETIC,geometry-shadow,119,STORY_A,STORY,0,1.1638388633728027
2,WEAK_ARITHMETIC,geometry-shadow,120,ARITHMETIC,ARITHMETIC,1,-1.281767725944519
2,WEAK_ARITHMETIC,geometry-shadow,121,STORY_A,STORY,1,-0.0653020143508911
2,WEAK_ARITHMETIC,geometry-shadow,122,STORY_A,STORY,1,-0.2070951461791992
2,WEAK_ARITHMETIC,geometry-shadow,123,STORY_A,STORY,0,0.5769979953765869
2,WEAK_ARITHMETIC,geometry-shadow,124,STORY_A,STORY,1,-0.194219708442688
2,WEAK_ARITHMETIC,geometry-shadow,125,STORY_A,STORY,1,-0.0273466110229492
2,WEAK_ARITHMETIC,geometry-shadow,126,STORY_A,STORY,0,1.564697504043579
2,WEAK_ARITHMETIC,geometry-shadow,127,STORY_A,STORY,0,1.3116183280944824
2,WEAK_ARITHMETIC,geometry-shadow,128,STORY_A,STORY,0,0.9947251081466676
2,WEAK_ARITHMETIC,geometry-shadow,129,STORY_A,STORY,1,-0.2203681468963623
2,WEAK_ARITHMETIC,geometry-shadow,130,STORY_A,STORY,0,1.6071144342422483
2,WEAK_ARITHMETIC,geometry-shadow,131,STORY_A,STORY,1,-0.1456255912780761
2,WEAK_ARITHMETIC,geometry-shadow,132,STORY_A,STORY,0,0.3166680335998535
2,WEAK_ARITHMETIC,geometry-shadow,133,STORY_A,STORY,1,-0.242725133895874
2,WEAK_ARITHMETIC,geometry-shadow,134,STORY_A,STORY,0,1.4386956691741943
2,WEAK_ARITHMETIC,geometry-shadow,135,STORY_A,STORY,1,-1.2868804931640625
2,WEAK_ARITHMETIC,geometry-shadow,136,STORY_A,STORY,0,1.0785952806472778
2,WEAK_ARITHMETIC,geometry-shadow,137,STORY_A,STORY,0,1.2167637348175049
2,WEAK_ARITHMETIC,geometry-shadow,138,STORY_A,STORY,1,-0.3524490594863891
2,WEAK_ARITHMETIC,geometry-shadow,139,STORY_A,STORY,1,-0.8067615628242493
2,WEAK_ARITHMETIC,geometry-shadow,140,STORY_A,STORY,0,1.499265193939209
2,WEAK_ARITHMETIC,geometry-shadow,141,STORY_A,STORY,1,-0.1800620555877685
2,WEAK_ARITHMETIC,geometry-shadow,142,STORY_A,STORY,1,-0.3607920408248901
2,WEAK_ARITHMETIC,geometry-shadow,143,STORY_A,STORY,0,0.1536341905593872
2,WEAK_ARITHMETIC,geometry-shadow,144,STORY_A,STORY,1,-0.7579917907714844
2,WEAK_ARITHMETIC,geometry-shadow,145,STORY_A,STORY,0,0.1424218416213989
2,WEAK_ARITHMETIC,geometry-shadow,146,STORY_A,STORY,1,-0.4199364185333252
2,WEAK_ARITHMETIC,geometry-shadow,147,STORY_A,STORY,1,-1.0568382740020752
2,WEAK_ARITHMETIC,geometry-shadow,148,STORY_A,STORY,0,0.049861192703247
2,WEAK_ARITHMETIC,geometry-shadow,149,STORY_A,STORY,0,0.3417742252349853
2,WEAK_ARITHMETIC,geometry-shadow,150,STORY_A,STORY,0,0.1153918504714965
2,WEAK_ARITHMETIC,geometry-shadow,151,STORY_A,STORY,1,-0.0592991113662719
2,WEAK_ARITHMETIC,geometry-shadow,152,STORY_A,STORY,1,-0.9479158520698548
2,WEAK_ARITHMETIC,geometry-shadow,153,STORY_A,STORY,0,0.1412855386734008
2,WEAK_ARITHMETIC,geometry-shadow,154,STORY_A,STORY,0,1.8653595447540283
2,WEAK_ARITHMETIC,geometry-shadow,155,STORY_A,STORY,0,0.0222928524017334
2,WEAK_ARITHMETIC,geometry-shadow,156,STORY_A,STORY,0,0.6594727039337158
2,WEAK_ARITHMETIC,geometry-shadow,157,STORY_A,STORY,0,1.5844695568084717
2,WEAK_ARITHMETIC,geometry-shadow,158,STORY_A,STORY,1,-0.9215495586395264
2,WEAK_ARITHMETIC,geometry-shadow,159,ARITHMETIC,ARITHMETIC,1,-1.3616880178451538
2,WEAK_ARITHMETIC,geometry-shadow,160,ARITHMETIC,ARITHMETIC,1,-1.339255452156067
2,WEAK_ARITHMETIC,geometry-shadow,161,STORY_A,STORY,0,0.4750632047653198
2,WEAK_ARITHMETIC,geometry-shadow,162,STORY_A,STORY,0,0.3716741800308227
2,WEAK_ARITHMETIC,geometry-shadow,163,STORY_A,STORY,1,-0.871764063835144
2,WEAK_ARITHMETIC,geometry-shadow,164,STORY_A,STORY,0,0.2927722930908203
2,WEAK_ARITHMETIC,geometry-shadow,165,STORY_A,STORY,1,-1.0542244911193848
2,WEAK_ARITHMETIC,geometry-shadow,166,STORY_A,STORY,0,1.3996877670288086
2,WEAK_ARITHMETIC,geometry-shadow,167,STORY_A,STORY,1,-0.5437192320823669
2,WEAK_ARITHMETIC,geometry-shadow,168,STORY_A,STORY,1,-0.5075200200080872
2,WEAK_ARITHMETIC,geometry-shadow,169,STORY_A,STORY,0,0.2961893081665039
2,WEAK_ARITHMETIC,geometry-shadow,170,ARITHMETIC,ARITHMETIC,1,-1.3399510383605957
2,WEAK_ARITHMETIC,geometry-shadow,171,STORY_A,STORY,1,-0.2319815158843994
2,WEAK_ARITHMETIC,geometry-shadow,172,STORY_A,STORY,1,-0.7363429069519043
2,WEAK_ARITHMETIC,geometry-shadow,173,STORY_A,STORY,0,1.377289056777954
2,WEAK_ARITHMETIC,geometry-shadow,174,ARITHMETIC,ARITHMETIC,1,-1.311959981918335
2,WEAK_ARITHMETIC,geometry-shadow,175,STORY_A,STORY,0,0.1951709985733032
2,WEAK_ARITHMETIC,geometry-shadow,176,STORY_A,STORY,0,0.1282422542572021
2,WEAK_ARITHMETIC,geometry-shadow,177,STORY_A,STORY,0,0.2488014698028564
2,WEAK_ARITHMETIC,geometry-shadow,178,STORY_A,STORY,0,1.6207518577575684
2,WEAK_ARITHMETIC,geometry-shadow,179,STORY_A,STORY,1,-0.1365926265716552
2,WEAK_ARITHMETIC,geometry-shadow,180,STORY_A,STORY,0,1.243860960006714
2,WEAK_ARITHMETIC,geometry-shadow,181,STORY_A,STORY,1,-1.2946507930755615
2,WEAK_ARITHMETIC,geometry-shadow,182,STORY_A,STORY,0,1.2030457258224487
2,WEAK_ARITHMETIC,geometry-shadow,183,STORY_A,STORY,0,1.6231921911239624
2,WEAK_ARITHMETIC,geometry-shadow,184,STORY_A,STORY,0,0.0056632757186889
2,WEAK_ARITHMETIC,geometry-shadow,185,STORY_A,STORY,1,-0.4906047582626343
2,WEAK_ARITHMETIC,geometry-shadow,186,STORY_A,STORY,0,1.4032496213912964
2,WEAK_ARITHMETIC,geometry-shadow,187,STORY_A,STORY,0,1.2846765518188477
2,WEAK_ARITHMETIC,geometry-shadow,188,STORY_A,STORY,1,-0.9741202592849731
2,WEAK_ARITHMETIC,geometry-shadow,189,STORY_A,STORY,0,0.740539014339447
2,WEAK_ARITHMETIC,geometry-shadow,190,STORY_A,STORY,0,1.0310299396514893
2,WEAK_ARITHMETIC,geometry-shadow,191,ARITHMETIC,ARITHMETIC,1,-1.3125182390213013
2,WEAK_ARITHMETIC,geometry-shadow,192,STORY_A,STORY,1,-1.0103576183319092
2,WEAK_ARITHMETIC,geometry-shadow,193,STORY_A,STORY,0,0.3276413679122925
2,WEAK_ARITHMETIC,geometry-shadow,194,STORY_A,STORY,0,0.2787507772445678
2,WEAK_ARITHMETIC,geometry-shadow,195,ARITHMETIC,ARITHMETIC,1,-1.3480406999588013
2,WEAK_ARITHMETIC,geometry-shadow,196,STORY_A,STORY,0,1.1076239347457886
2,WEAK_ARITHMETIC,geometry-shadow,197,STORY_A,STORY,0,1.5995979309082031
2,WEAK_ARITHMETIC,geometry-shadow,198,STORY_A,STORY,1,-1.2083184719085691
2,WEAK_ARITHMETIC,geometry-shadow,199,STORY_A,STORY,0,0.7637037038803101
2,WEAK_ARITHMETIC,geometry-shadow,200,STORY_A,STORY,1,-0.3164776563644409
2,WEAK_ARITHMETIC,geometry-shadow,201,STORY_A,STORY,1,-0.5442327260971069
2,WEAK_ARITHMETIC,geometry-shadow,202,STORY_A,STORY,1,-0.3642089366912842
2,WEAK_ARITHMETIC,geometry-shadow,203,STORY_A,STORY,1,-0.0724308490753173
2,WEAK_ARITHMETIC,geometry-shadow,204,STORY_A,STORY,0,1.7399461269378662
2,WEAK_ARITHMETIC,geometry-shadow,205,STORY_A,STORY,0,0.4382002353668213
2,WEAK_ARITHMETIC,geometry-shadow,206,STORY_A,STORY,0,1.639920711517334
2,WEAK_ARITHMETIC,geometry-shadow,207,STORY_A,STORY,1,-0.9076429605484008
2,WEAK_ARITHMETIC,geometry-shadow,208,STORY_A,STORY,0,1.3946115970611572
2,WEAK_ARITHMETIC,geometry-shadow,209,STORY_A,STORY,1,-1.143868327140808
2,WEAK_ARITHMETIC,geometry-shadow,210,STORY_A,STORY,1,-0.1565057039260864
2,WEAK_ARITHMETIC,geometry-shadow,211,STORY_A,STORY,0,0.1695578098297119
2,WEAK_ARITHMETIC,geometry-shadow,212,ARITHMETIC,ARITHMETIC,1,-1.3588944673538208
2,WEAK_ARITHMETIC,geometry-shadow,213,STORY_A,STORY,1,-0.653270959854126
2,WEAK_ARITHMETIC,geometry-shadow,214,STORY_A,STORY,0,0.5830881595611572
2,WEAK_ARITHMETIC,geometry-shadow,215,STORY_A,STORY,0,1.7163254022598269
2,WEAK_ARITHMETIC,geometry-shadow,216,STORY_A,STORY,1,-0.4437611103057861
2,WEAK_ARITHMETIC,geometry-shadow,217,STORY_A,STORY,0,0.7093338966369629
2,WEAK_ARITHMETIC,geometry-shadow,218,STORY_A,STORY,0,0.529528021812439
2,WEAK_ARITHMETIC,geometry-shadow,219,STORY_A,STORY,0,0.1322572231292724
2,WEAK_ARITHMETIC,geometry-shadow,220,STORY_A,STORY,1,-1.3492891788482666
2,WEAK_ARITHMETIC,geometry-shadow,221,STORY_A,STORY,0,1.3104770183563232
2,WEAK_ARITHMETIC,geometry-shadow,222,STORY_A,STORY,0,0.6668388843536377
2,WEAK_ARITHMETIC,geometry-shadow,223,STORY_A,STORY,0,1.19842529296875
2,WEAK_ARITHMETIC,geometry-shadow,224,STORY_A,STORY,0,0.5677778720855713
2,WEAK_ARITHMETIC,geometry-shadow,225,STORY_A,STORY,0,1.6306332349777222
2,WEAK_ARITHMETIC,geometry-shadow,226,STORY_A,STORY,1,-0.1291556358337402
2,WEAK_ARITHMETIC,geometry-shadow,227,STORY_A,STORY,0,0.1281273365020752
2,WEAK_ARITHMETIC,geometry-shadow,228,STORY_A,STORY,1,-0.6227625012397766
2,WEAK_ARITHMETIC,geometry-shadow,229,STORY_A,STORY,0,0.1048049926757812
2,WEAK_ARITHMETIC,geometry-shadow,230,STORY_A,STORY,0,1.1097723245620728
2,WEAK_ARITHMETIC,geometry-shadow,231,ARITHMETIC,ARITHMETIC,1,-1.3239660263061523
2,WEAK_ARITHMETIC,geometry-shadow,232,ARITHMETIC,ARITHMETIC,1,-1.3485888242721558
2,WEAK_ARITHMETIC,geometry-shadow,233,STORY_A,STORY,0,0.0076454877853393
2,WEAK_ARITHMETIC,geometry-shadow,234,STORY_A,STORY,0,0.9222639203071594
2,WEAK_ARITHMETIC,geometry-shadow,235,STORY_A,STORY,1,-0.6337882876396179
2,WEAK_ARITHMETIC,geometry-shadow,236,STORY_A,STORY,1,-1.0136264562606812
2,WEAK_ARITHMETIC,geometry-shadow,237,STORY_A,STORY,1,-0.9515426754951476
2,WEAK_ARITHMETIC,geometry-shadow,238,STORY_A,STORY,1,-0.3687984347343445
2,WEAK_ARITHMETIC,geometry-shadow,239,STORY_A,STORY,0,0.8568778038024902
2,WEAK_ARITHMETIC,geometry-shadow,240,STORY_A,STORY,1,-0.0934361219406127
2,WEAK_ARITHMETIC,geometry-shadow,241,STORY_A,STORY,0,0.2701756954193115
2,WEAK_ARITHMETIC,geometry-shadow,242,STORY_A,STORY,0,1.644748568534851
2,WEAK_ARITHMETIC,geometry-shadow,243,STORY_A,STORY,0,0.1595034599304199
2,WEAK_ARITHMETIC,geometry-shadow,244,STORY_A,STORY,1,-1.3504960536956787
2,WEAK_ARITHMETIC,geometry-shadow,245,STORY_A,STORY,0,0.2348618507385254
2,WEAK_ARITHMETIC,geometry-shadow,246,ARITHMETIC,ARITHMETIC,1,-1.250954031944275
2,WEAK_ARITHMETIC,geometry-shadow,247,STORY_A,STORY,0,0.2777756452560425
2,WEAK_ARITHMETIC,geometry-shadow,248,STORY_A,STORY,1,-0.536389946937561
2,WEAK_ARITHMETIC,geometry-shadow,249,ARITHMETIC,ARITHMETIC,1,-1.3220291137695312
2,WEAK_ARITHMETIC,geometry-shadow,250,STORY_A,STORY,1,-1.0022752285003662
2,WEAK_ARITHMETIC,geometry-shadow,251,ARITHMETIC,ARITHMETIC,1,-1.3027737140655518
2,WEAK_ARITHMETIC,geometry-shadow,252,STORY_A,STORY,1,-1.2309831380844116
2,WEAK_ARITHMETIC,geometry-shadow,253,STORY_A,STORY,1,-0.2375228404998779
2,WEAK_ARITHMETIC,geometry-shadow,254,STORY_A,STORY,1,-1.1043928861618042
2,WEAK_ARITHMETIC,geometry-shadow,255,STORY_A,STORY,0,0.5248935222625732
2,WEAK_ARITHMETIC,geometry-shadow,256,STORY_A,STORY,0,0.5828108787536621
